timestamp,symbol,spot,gflip,strike,oi_call,oi_put,iv,T
2026-09-08 09:04:15,SPX,7718.6,7709.02,7720.0,1489,1154,0.1364,0.00079
2026-09-08 09:04:15,SPX,7718.6,7709.02,7715.0,1475,1449,0.1384,0.00079
2026-09-08 09:04:15,SPX,7718.6,7709.02,7725.0,1966,1527,0.1355,0.00079
2026-09-08 09:04:15,SPX,7718.6,7709.02,7710.0,1381,1326,0.1406,0.00079
2026-09-08 09:04:15,SPX,7718.6,7709.02,7730.0,1078,886,0.1354,0.00079
2026-09-08 09:04:15,SPX,7718.6,7709.02,7705.0,464,887,0.1436,0.00079
2026-09-08 09:04:15,SPX,7718.6,7709.02,7735.0,796,261,0.1359,0.00079
2026-09-08 09:04:15,SPX,7718.6,7709.02,7700.0,2792,4391,0.1464,0.00079
2026-09-08 09:04:15,SPX,7718.6,7709.02,7740.0,1856,572,0.1377,0.00079
2026-09-08 09:04:15,SPX,7718.6,7709.02,7695.0,2214,818,0.1507,0.00079
2026-09-08 09:04:15,SPX,7718.6,7709.02,7745.0,1601,455,0.1405,0.00079
2026-09-08 09:04:15,SPX,7718.6,7709.02,7690.0,470,1436,0.1549,0.00079
2026-09-08 09:04:15,SPX,7718.6,7709.02,7750.0,4911,2071,0.1441,0.00079
2026-09-08 09:04:15,SPX,7718.6,7709.02,7685.0,302,2088,0.159,0.00079
2026-09-08 09:04:15,SPX,7718.6,7709.02,7755.0,1773,629,0.1477,0.00079
2026-09-08 09:04:15,SPX,7718.6,7709.02,7680.0,831,2687,0.1642,0.00079
2026-09-08 09:04:15,SPX,7718.6,7709.02,7760.0,1784,154,0.1512,0.00079
2026-09-08 09:04:15,SPX,7718.6,7709.02,7675.0,958,2779,0.1687,0.00079
2026-09-08 09:04:15,SPX,7718.6,7709.02,7765.0,2092,170,0.1548,0.00079
2026-09-08 09:04:15,SPX,7718.6,7709.02,7670.0,475,2825,0.1727,0.00079
2026-09-08 09:04:15,SPX,7718.6,7709.02,7770.0,1714,241,0.1587,0.00079
2026-09-08 09:04:15,SPX,7718.6,7709.02,7665.0,198,1068,0.1769,0.00079
2026-09-08 09:04:15,SPX,7718.6,7709.02,7775.0,2940,238,0.1631,0.00079
2026-09-08 09:04:15,SPX,7718.6,7709.02,7660.0,185,1236,0.1814,0.00079
2026-09-08 09:04:15,SPX,7718.6,7709.02,7780.0,3052,207,0.168,0.00079
2026-09-08 09:04:15,SPX,7718.6,7709.02,7655.0,82,1287,0.1859,0.00079
2026-09-08 09:04:15,SPX,7718.6,7709.02,7785.0,4210,45,0.1733,0.00079
2026-09-08 09:04:15,SPX,7718.6,7709.02,7650.0,663,5409,0.1895,0.00079
2026-09-08 09:04:15,SPX,7718.6,7709.02,7790.0,3393,79,0.1791,0.00079
2026-09-08 09:04:15,SPX,7718.6,7709.02,7645.0,149,844,0.1941,0.00079
2026-09-08 09:04:15,SPX,7718.6,7709.02,7795.0,2397,33,0.1849,0.00079
2026-09-08 09:04:15,SPX,7718.6,7709.02,7640.0,123,1861,0.1996,0.00079
2026-09-08 09:04:15,SPX,7718.6,7709.02,7800.0,7554,1032,0.1908,0.00079
2026-09-08 09:04:15,SPX,7718.6,7709.02,7635.0,148,1738,0.2061,0.00079
2026-09-08 09:04:15,SPX,7718.6,7709.02,7805.0,3147,21,0.1967,0.00079
2026-09-08 09:04:15,SPX,7718.6,7709.02,7630.0,191,2694,0.2102,0.00079
2026-09-08 09:04:15,SPX,7718.6,7709.02,7810.0,2796,64,0.2026,0.00079
2026-09-08 09:04:15,SPX,7718.6,7709.02,7625.0,863,2202,0.2139,0.00079
2026-09-08 09:04:15,SPX,7718.6,7709.02,7815.0,3071,19,0.2083,0.00079
2026-09-08 09:04:15,SPX,7718.6,7709.02,7620.0,173,2611,0.2178,0.00079
2026-09-08 09:04:15,SPX,7718.6,7709.02,7820.0,1326,88,0.2138,0.00079
2026-09-08 09:04:15,SPX,7718.6,7709.02,7615.0,76,2178,0.2234,0.00079
2026-09-08 09:04:15,SPX,7718.6,7709.02,7825.0,1208,39,0.219,0.00079
2026-09-08 09:04:15,SPX,7718.6,7709.02,7610.0,59,1434,0.2293,0.00079
2026-09-08 09:04:15,SPX,7718.6,7709.02,7830.0,1777,51,0.2241,0.00079
2026-09-08 09:04:15,SPX,7718.6,7709.02,7605.0,79,1226,0.2357,0.00079
2026-09-08 09:04:15,SPX,7718.6,7709.02,7835.0,1149,3,0.2288,0.00079
2026-09-08 09:04:15,SPX,7718.6,7709.02,7600.0,773,3225,0.2424,0.00079
2026-09-08 09:04:15,SPX,7718.6,7709.02,7840.0,1197,17,0.2331,0.00079
2026-09-08 09:04:15,SPX,7718.6,7709.02,7595.0,30,1339,0.2492,0.00079
2026-09-08 09:04:15,SPX,7718.6,7709.02,7720.0,528,464,0.1133,0.003528
2026-09-08 09:04:15,SPX,7718.6,7709.02,7715.0,612,262,0.1141,0.003528
2026-09-08 09:04:15,SPX,7718.6,7709.02,7725.0,787,546,0.112,0.003528
2026-09-08 09:04:15,SPX,7718.6,7709.02,7710.0,401,341,0.1151,0.003528
2026-09-08 09:04:15,SPX,7718.6,7709.02,7730.0,688,272,0.1113,0.003528
2026-09-08 09:04:15,SPX,7718.6,7709.02,7705.0,229,513,0.1163,0.003528
2026-09-08 09:04:15,SPX,7718.6,7709.02,7735.0,417,105,0.1102,0.003528
2026-09-08 09:04:15,SPX,7718.6,7709.02,7700.0,2097,1886,0.1187,0.003528
2026-09-08 09:04:15,SPX,7718.6,7709.02,7740.0,382,187,0.1093,0.003528
2026-09-08 09:04:15,SPX,7718.6,7709.02,7695.0,905,3352,0.12,0.003528
2026-09-08 09:04:15,SPX,7718.6,7709.02,7745.0,349,168,0.1084,0.003528
2026-09-08 09:04:15,SPX,7718.6,7709.02,7690.0,226,362,0.1215,0.003528
2026-09-08 09:04:15,SPX,7718.6,7709.02,7750.0,2060,978,0.1077,0.003528
2026-09-08 09:04:15,SPX,7718.6,7709.02,7685.0,111,206,0.123,0.003528
2026-09-08 09:04:15,SPX,7718.6,7709.02,7755.0,667,260,0.1075,0.003528
2026-09-08 09:04:15,SPX,7718.6,7709.02,7680.0,112,814,0.1249,0.003528
2026-09-08 09:04:15,SPX,7718.6,7709.02,7760.0,1227,102,0.1077,0.003528
2026-09-08 09:04:15,SPX,7718.6,7709.02,7675.0,395,3776,0.1265,0.003528
2026-09-08 09:04:15,SPX,7718.6,7709.02,7765.0,1349,38,0.1082,0.003528
2026-09-08 09:04:15,SPX,7718.6,7709.02,7670.0,337,706,0.1296,0.003528
2026-09-08 09:04:15,SPX,7718.6,7709.02,7770.0,474,71,0.1088,0.003528
2026-09-08 09:04:15,SPX,7718.6,7709.02,7665.0,92,408,0.1315,0.003528
2026-09-08 09:04:15,SPX,7718.6,7709.02,7775.0,1782,104,0.1095,0.003528
2026-09-08 09:04:15,SPX,7718.6,7709.02,7660.0,86,866,0.1328,0.003528
2026-09-08 09:04:15,SPX,7718.6,7709.02,7780.0,4143,62,0.1102,0.003528
2026-09-08 09:04:15,SPX,7718.6,7709.02,7655.0,58,442,0.1345,0.003528
2026-09-08 09:04:15,SPX,7718.6,7709.02,7785.0,789,20,0.1108,0.003528
2026-09-08 09:04:15,SPX,7718.6,7709.02,7650.0,1237,1218,0.1369,0.003528
2026-09-08 09:04:15,SPX,7718.6,7709.02,7790.0,535,23,0.1115,0.003528
2026-09-08 09:04:15,SPX,7718.6,7709.02,7645.0,55,480,0.1396,0.003528
2026-09-08 09:04:15,SPX,7718.6,7709.02,7795.0,3116,25,0.1122,0.003528
2026-09-08 09:04:15,SPX,7718.6,7709.02,7640.0,128,413,0.1418,0.003528
2026-09-08 09:04:15,SPX,7718.6,7709.02,7800.0,3280,88,0.1131,0.003528
2026-09-08 09:04:15,SPX,7718.6,7709.02,7635.0,80,291,0.1434,0.003528
2026-09-08 09:04:15,SPX,7718.6,7709.02,7805.0,644,9,0.1141,0.003528
2026-09-08 09:04:15,SPX,7718.6,7709.02,7630.0,52,324,0.1447,0.003528
2026-09-08 09:04:15,SPX,7718.6,7709.02,7810.0,2736,36,0.1153,0.003528
2026-09-08 09:04:15,SPX,7718.6,7709.02,7625.0,1357,2570,0.1465,0.003528
2026-09-08 09:04:15,SPX,7718.6,7709.02,7815.0,1624,10,0.1167,0.003528
2026-09-08 09:04:15,SPX,7718.6,7709.02,7620.0,83,1484,0.1494,0.003528
2026-09-08 09:04:15,SPX,7718.6,7709.02,7820.0,866,15,0.1183,0.003528
2026-09-08 09:04:15,SPX,7718.6,7709.02,7615.0,20,230,0.1523,0.003528
2026-09-08 09:04:15,SPX,7718.6,7709.02,7825.0,23222,14,0.1202,0.003528
2026-09-08 09:04:15,SPX,7718.6,7709.02,7610.0,32,346,0.1543,0.003528
2026-09-08 09:04:15,SPX,7718.6,7709.02,7830.0,1392,8,0.1223,0.003528
2026-09-08 09:04:15,SPX,7718.6,7709.02,7605.0,40,240,0.1567,0.003528
2026-09-08 09:04:15,SPX,7718.6,7709.02,7835.0,548,0,0.1246,0.003528
2026-09-08 09:04:15,SPX,7718.6,7709.02,7600.0,1122,3145,0.1583,0.003528
2026-09-08 09:04:15,SPX,7718.6,7709.02,7840.0,885,15,0.1271,0.003528
2026-09-08 09:04:15,SPX,7718.6,7709.02,7595.0,26,322,0.1594,0.003528
2026-09-08 09:04:15,SPX,7718.6,7709.02,7720.0,210,294,0.1148,0.006266
2026-09-08 09:04:15,SPX,7718.6,7709.02,7715.0,127,1504,0.1156,0.006266
2026-09-08 09:04:15,SPX,7718.6,7709.02,7725.0,893,660,0.1141,0.006266
2026-09-08 09:04:15,SPX,7718.6,7709.02,7710.0,288,863,0.1166,0.006266
2026-09-08 09:04:15,SPX,7718.6,7709.02,7730.0,757,145,0.1134,0.006266
2026-09-08 09:04:15,SPX,7718.6,7709.02,7705.0,197,161,0.1175,0.006266
2026-09-08 09:04:15,SPX,7718.6,7709.02,7735.0,160,146,0.1124,0.006266
2026-09-08 09:04:15,SPX,7718.6,7709.02,7700.0,945,1810,0.1185,0.006266
2026-09-08 09:04:15,SPX,7718.6,7709.02,7740.0,1482,1463,0.1113,0.006266
2026-09-08 09:04:15,SPX,7718.6,7709.02,7695.0,67,179,0.1197,0.006266
2026-09-08 09:04:15,SPX,7718.6,7709.02,7745.0,196,120,0.1103,0.006266
2026-09-08 09:04:15,SPX,7718.6,7709.02,7690.0,105,258,0.1208,0.006266
2026-09-08 09:04:15,SPX,7718.6,7709.02,7750.0,2811,679,0.1095,0.006266
2026-09-08 09:04:15,SPX,7718.6,7709.02,7685.0,122,715,0.1222,0.006266
2026-09-08 09:04:15,SPX,7718.6,7709.02,7755.0,979,102,0.1089,0.006266
2026-09-08 09:04:15,SPX,7718.6,7709.02,7680.0,98,605,0.1236,0.006266
2026-09-08 09:04:15,SPX,7718.6,7709.02,7760.0,720,120,0.1086,0.006266
2026-09-08 09:04:15,SPX,7718.6,7709.02,7675.0,368,1333,0.1253,0.006266
2026-09-08 09:04:15,SPX,7718.6,7709.02,7765.0,1654,81,0.1085,0.006266
2026-09-08 09:04:15,SPX,7718.6,7709.02,7670.0,104,341,0.1269,0.006266
2026-09-08 09:04:15,SPX,7718.6,7709.02,7770.0,436,66,0.1084,0.006266
2026-09-08 09:04:15,SPX,7718.6,7709.02,7665.0,55,482,0.1286,0.006266
2026-09-08 09:04:15,SPX,7718.6,7709.02,7775.0,1820,82,0.1085,0.006266
2026-09-08 09:04:15,SPX,7718.6,7709.02,7660.0,105,543,0.1301,0.006266
2026-09-08 09:04:15,SPX,7718.6,7709.02,7780.0,857,33,0.1084,0.006266
2026-09-08 09:04:15,SPX,7718.6,7709.02,7655.0,78,221,0.1313,0.006266
2026-09-08 09:04:15,SPX,7718.6,7709.02,7785.0,605,6,0.1084,0.006266
2026-09-08 09:04:15,SPX,7718.6,7709.02,7650.0,146,777,0.1323,0.006266
2026-09-08 09:04:15,SPX,7718.6,7709.02,7790.0,428,19,0.1084,0.006266
2026-09-08 09:04:15,SPX,7718.6,7709.02,7645.0,34,137,0.1336,0.006266
2026-09-08 09:04:15,SPX,7718.6,7709.02,7795.0,366,4,0.1083,0.006266
2026-09-08 09:04:15,SPX,7718.6,7709.02,7640.0,48,222,0.1354,0.006266
2026-09-08 09:04:15,SPX,7718.6,7709.02,7800.0,1384,554,0.1083,0.006266
2026-09-08 09:04:15,SPX,7718.6,7709.02,7635.0,98,249,0.1374,0.006266
2026-09-08 09:04:15,SPX,7718.6,7709.02,7805.0,342,0,0.1085,0.006266
2026-09-08 09:04:15,SPX,7718.6,7709.02,7630.0,30,462,0.1393,0.006266
2026-09-08 09:04:15,SPX,7718.6,7709.02,7810.0,674,7,0.1087,0.006266
2026-09-08 09:04:15,SPX,7718.6,7709.02,7625.0,38,198,0.1404,0.006266
2026-09-08 09:04:15,SPX,7718.6,7709.02,7815.0,215,13,0.1091,0.006266
2026-09-08 09:04:15,SPX,7718.6,7709.02,7620.0,37,861,0.1414,0.006266
2026-09-08 09:04:15,SPX,7718.6,7709.02,7820.0,1975,8,0.1097,0.006266
2026-09-08 09:04:15,SPX,7718.6,7709.02,7615.0,17,289,0.1433,0.006266
2026-09-08 09:04:15,SPX,7718.6,7709.02,7825.0,2247,16,0.1105,0.006266
2026-09-08 09:04:15,SPX,7718.6,7709.02,7610.0,101,1087,0.1453,0.006266
2026-09-08 09:04:15,SPX,7718.6,7709.02,7830.0,352,0,0.1114,0.006266
2026-09-08 09:04:15,SPX,7718.6,7709.02,7605.0,43,184,0.1469,0.006266
2026-09-08 09:04:15,SPX,7718.6,7709.02,7835.0,572,4,0.1125,0.006266
2026-09-08 09:04:15,SPX,7718.6,7709.02,7600.0,311,3709,0.1483,0.006266
2026-09-08 09:04:15,SPX,7718.6,7709.02,7840.0,540,1,0.1137,0.006266
2026-09-08 09:04:15,SPX,7718.6,7709.02,7595.0,23,1378,0.1495,0.006266
2026-09-08 09:32:00,SPX,7710.54,7709.99,7710.0,1381,1326,0.1401,0.000738
2026-09-08 09:32:00,SPX,7710.54,7709.99,7715.0,1475,1449,0.138,0.000738
2026-09-08 09:32:00,SPX,7710.54,7709.99,7705.0,464,887,0.1428,0.000738
2026-09-08 09:32:00,SPX,7710.54,7709.99,7720.0,1489,1154,0.1369,0.000738
2026-09-08 09:32:00,SPX,7710.54,7709.99,7700.0,2792,4391,0.1464,0.000738
2026-09-08 09:32:00,SPX,7710.54,7709.99,7725.0,1966,1527,0.1361,0.000738
2026-09-08 09:32:00,SPX,7710.54,7709.99,7695.0,2214,818,0.1501,0.000738
2026-09-08 09:32:00,SPX,7710.54,7709.99,7730.0,1078,886,0.1355,0.000738
2026-09-08 09:32:00,SPX,7710.54,7709.99,7690.0,470,1436,0.1524,0.000738
2026-09-08 09:32:00,SPX,7710.54,7709.99,7735.0,796,261,0.1359,0.000738
2026-09-08 09:32:00,SPX,7710.54,7709.99,7685.0,302,2088,0.1576,0.000738
2026-09-08 09:32:00,SPX,7710.54,7709.99,7740.0,1856,572,0.1374,0.000738
2026-09-08 09:32:00,SPX,7710.54,7709.99,7680.0,831,2687,0.1636,0.000738
2026-09-08 09:32:00,SPX,7710.54,7709.99,7745.0,1601,455,0.14,0.000738
2026-09-08 09:32:00,SPX,7710.54,7709.99,7675.0,958,2779,0.1684,0.000738
2026-09-08 09:32:00,SPX,7710.54,7709.99,7750.0,4911,2071,0.1434,0.000738
2026-09-08 09:32:00,SPX,7710.54,7709.99,7670.0,475,2825,0.1738,0.000738
2026-09-08 09:32:00,SPX,7710.54,7709.99,7755.0,1773,629,0.1472,0.000738
2026-09-08 09:32:00,SPX,7710.54,7709.99,7665.0,198,1068,0.1766,0.000738
2026-09-08 09:32:00,SPX,7710.54,7709.99,7760.0,1784,154,0.1514,0.000738
2026-09-08 09:32:00,SPX,7710.54,7709.99,7660.0,185,1236,0.1806,0.000738
2026-09-08 09:32:00,SPX,7710.54,7709.99,7765.0,2092,170,0.1559,0.000738
2026-09-08 09:32:00,SPX,7710.54,7709.99,7655.0,82,1287,0.1892,0.000738
2026-09-08 09:32:00,SPX,7710.54,7709.99,7770.0,1714,241,0.1604,0.000738
2026-09-08 09:32:00,SPX,7710.54,7709.99,7650.0,663,5409,0.1912,0.000738
2026-09-08 09:32:00,SPX,7710.54,7709.99,7775.0,2940,238,0.1648,0.000738
2026-09-08 09:32:00,SPX,7710.54,7709.99,7645.0,149,844,0.1962,0.000738
2026-09-08 09:32:00,SPX,7710.54,7709.99,7780.0,3052,207,0.1692,0.000738
2026-09-08 09:32:00,SPX,7710.54,7709.99,7640.0,123,1861,0.2048,0.000738
2026-09-08 09:32:00,SPX,7710.54,7709.99,7785.0,4210,45,0.1738,0.000738
2026-09-08 09:32:00,SPX,7710.54,7709.99,7635.0,148,1738,0.2102,0.000738
2026-09-08 09:32:00,SPX,7710.54,7709.99,7790.0,3393,79,0.1788,0.000738
2026-09-08 09:32:00,SPX,7710.54,7709.99,7630.0,191,2694,0.2153,0.000738
2026-09-08 09:32:00,SPX,7710.54,7709.99,7795.0,2397,33,0.1842,0.000738
2026-09-08 09:32:00,SPX,7710.54,7709.99,7625.0,863,2202,0.2191,0.000738
2026-09-08 09:32:00,SPX,7710.54,7709.99,7800.0,7554,1032,0.19,0.000738
2026-09-08 09:32:00,SPX,7710.54,7709.99,7620.0,173,2611,0.2233,0.000738
2026-09-08 09:32:00,SPX,7710.54,7709.99,7805.0,3147,21,0.1962,0.000738
2026-09-08 09:32:00,SPX,7710.54,7709.99,7615.0,76,2178,0.2296,0.000738
2026-09-08 09:32:00,SPX,7710.54,7709.99,7810.0,2796,64,0.2025,0.000738
2026-09-08 09:32:00,SPX,7710.54,7709.99,7610.0,59,1434,0.2372,0.000738
2026-09-08 09:32:00,SPX,7710.54,7709.99,7815.0,3071,19,0.209,0.000738
2026-09-08 09:32:00,SPX,7710.54,7709.99,7605.0,79,1226,0.2449,0.000738
2026-09-08 09:32:00,SPX,7710.54,7709.99,7820.0,1326,88,0.2154,0.000738
2026-09-08 09:32:00,SPX,7710.54,7709.99,7600.0,773,3225,0.2522,0.000738
2026-09-08 09:32:00,SPX,7710.54,7709.99,7825.0,1208,39,0.2217,0.000738
2026-09-08 09:32:00,SPX,7710.54,7709.99,7595.0,30,1339,0.2588,0.000738
2026-09-08 09:32:00,SPX,7710.54,7709.99,7830.0,1777,51,0.2277,0.000738
2026-09-08 09:32:00,SPX,7710.54,7709.99,7590.0,75,943,0.2648,0.000738
2026-09-08 09:32:00,SPX,7710.54,7709.99,7835.0,1149,3,0.2335,0.000738
2026-09-08 09:32:00,SPX,7710.54,7709.99,7710.0,401,341,0.1138,0.003476
2026-09-08 09:32:00,SPX,7710.54,7709.99,7715.0,612,262,0.1125,0.003476
2026-09-08 09:32:00,SPX,7710.54,7709.99,7705.0,229,513,0.1148,0.003476
2026-09-08 09:32:00,SPX,7710.54,7709.99,7720.0,528,464,0.1113,0.003476
2026-09-08 09:32:00,SPX,7710.54,7709.99,7700.0,2097,1886,0.1162,0.003476
2026-09-08 09:32:00,SPX,7710.54,7709.99,7725.0,787,546,0.1105,0.003476
2026-09-08 09:32:00,SPX,7710.54,7709.99,7695.0,905,3352,0.1178,0.003476
2026-09-08 09:32:00,SPX,7710.54,7709.99,7730.0,688,272,0.1099,0.003476
2026-09-08 09:32:00,SPX,7710.54,7709.99,7690.0,226,362,0.1196,0.003476
2026-09-08 09:32:00,SPX,7710.54,7709.99,7735.0,417,105,0.1091,0.003476
2026-09-08 09:32:00,SPX,7710.54,7709.99,7685.0,111,206,0.1213,0.003476
2026-09-08 09:32:00,SPX,7710.54,7709.99,7740.0,382,187,0.1082,0.003476
2026-09-08 09:32:00,SPX,7710.54,7709.99,7680.0,112,814,0.1233,0.003476
2026-09-08 09:32:00,SPX,7710.54,7709.99,7745.0,349,168,0.1074,0.003476
2026-09-08 09:32:00,SPX,7710.54,7709.99,7675.0,395,3776,0.1255,0.003476
2026-09-08 09:32:00,SPX,7710.54,7709.99,7750.0,2060,978,0.1068,0.003476
2026-09-08 09:32:00,SPX,7710.54,7709.99,7670.0,337,706,0.1279,0.003476
2026-09-08 09:32:00,SPX,7710.54,7709.99,7755.0,667,260,0.1064,0.003476
2026-09-08 09:32:00,SPX,7710.54,7709.99,7665.0,92,408,0.1299,0.003476
2026-09-08 09:32:00,SPX,7710.54,7709.99,7760.0,1227,102,0.1062,0.003476
2026-09-08 09:32:00,SPX,7710.54,7709.99,7660.0,86,866,0.1306,0.003476
2026-09-08 09:32:00,SPX,7710.54,7709.99,7765.0,1349,38,0.1063,0.003476
2026-09-08 09:32:00,SPX,7710.54,7709.99,7655.0,58,442,0.1313,0.003476
2026-09-08 09:32:00,SPX,7710.54,7709.99,7770.0,474,71,0.1067,0.003476
2026-09-08 09:32:00,SPX,7710.54,7709.99,7650.0,1237,1218,0.1327,0.003476
2026-09-08 09:32:00,SPX,7710.54,7709.99,7775.0,1782,104,0.1075,0.003476
2026-09-08 09:32:00,SPX,7710.54,7709.99,7645.0,55,480,0.1349,0.003476
2026-09-08 09:32:00,SPX,7710.54,7709.99,7780.0,4143,62,0.1085,0.003476
2026-09-08 09:32:00,SPX,7710.54,7709.99,7640.0,128,413,0.1375,0.003476
2026-09-08 09:32:00,SPX,7710.54,7709.99,7785.0,789,20,0.1095,0.003476
2026-09-08 09:32:00,SPX,7710.54,7709.99,7635.0,80,291,0.14,0.003476
2026-09-08 09:32:00,SPX,7710.54,7709.99,7790.0,535,23,0.1105,0.003476
2026-09-08 09:32:00,SPX,7710.54,7709.99,7630.0,52,324,0.142,0.003476
2026-09-08 09:32:00,SPX,7710.54,7709.99,7795.0,3116,25,0.1114,0.003476
2026-09-08 09:32:00,SPX,7710.54,7709.99,7625.0,1357,2570,0.144,0.003476
2026-09-08 09:32:00,SPX,7710.54,7709.99,7800.0,3280,88,0.1124,0.003476
2026-09-08 09:32:00,SPX,7710.54,7709.99,7620.0,83,1484,0.1467,0.003476
2026-09-08 09:32:00,SPX,7710.54,7709.99,7805.0,644,9,0.1134,0.003476
2026-09-08 09:32:00,SPX,7710.54,7709.99,7615.0,20,230,0.1499,0.003476
2026-09-08 09:32:00,SPX,7710.54,7709.99,7810.0,2736,36,0.1146,0.003476
2026-09-08 09:32:00,SPX,7710.54,7709.99,7610.0,32,346,0.1525,0.003476
2026-09-08 09:32:00,SPX,7710.54,7709.99,7815.0,1624,10,0.1159,0.003476
2026-09-08 09:32:00,SPX,7710.54,7709.99,7605.0,40,240,0.1542,0.003476
2026-09-08 09:32:00,SPX,7710.54,7709.99,7820.0,866,15,0.1174,0.003476
2026-09-08 09:32:00,SPX,7710.54,7709.99,7600.0,1122,3145,0.1554,0.003476
2026-09-08 09:32:00,SPX,7710.54,7709.99,7825.0,23222,14,0.1191,0.003476
2026-09-08 09:32:00,SPX,7710.54,7709.99,7595.0,26,322,0.1572,0.003476
2026-09-08 09:32:00,SPX,7710.54,7709.99,7830.0,1392,8,0.121,0.003476
2026-09-08 09:32:00,SPX,7710.54,7709.99,7590.0,44,286,0.1599,0.003476
2026-09-08 09:32:00,SPX,7710.54,7709.99,7835.0,548,0,0.1232,0.003476
2026-09-08 09:32:00,SPX,7710.54,7709.99,7710.0,288,863,0.1155,0.006213
2026-09-08 09:32:00,SPX,7710.54,7709.99,7715.0,127,1504,0.1143,0.006213
2026-09-08 09:32:00,SPX,7710.54,7709.99,7705.0,197,161,0.1166,0.006213
2026-09-08 09:32:00,SPX,7710.54,7709.99,7720.0,210,294,0.1129,0.006213
2026-09-08 09:32:00,SPX,7710.54,7709.99,7700.0,945,1810,0.1176,0.006213
2026-09-08 09:32:00,SPX,7710.54,7709.99,7725.0,893,660,0.1116,0.006213
2026-09-08 09:32:00,SPX,7710.54,7709.99,7695.0,67,179,0.1187,0.006213
2026-09-08 09:32:00,SPX,7710.54,7709.99,7730.0,757,145,0.1105,0.006213
2026-09-08 09:32:00,SPX,7710.54,7709.99,7690.0,105,258,0.1199,0.006213
2026-09-08 09:32:00,SPX,7710.54,7709.99,7735.0,160,146,0.1096,0.006213
2026-09-08 09:32:00,SPX,7710.54,7709.99,7685.0,122,715,0.1209,0.006213
2026-09-08 09:32:00,SPX,7710.54,7709.99,7740.0,1482,1463,0.1089,0.006213
2026-09-08 09:32:00,SPX,7710.54,7709.99,7680.0,98,605,0.1218,0.006213
2026-09-08 09:32:00,SPX,7710.54,7709.99,7745.0,196,120,0.1085,0.006213
2026-09-08 09:32:00,SPX,7710.54,7709.99,7675.0,368,1333,0.1231,0.006213
2026-09-08 09:32:00,SPX,7710.54,7709.99,7750.0,2811,679,0.1082,0.006213
2026-09-08 09:32:00,SPX,7710.54,7709.99,7670.0,104,341,0.1248,0.006213
2026-09-08 09:32:00,SPX,7710.54,7709.99,7755.0,979,102,0.1079,0.006213
2026-09-08 09:32:00,SPX,7710.54,7709.99,7665.0,55,482,0.1262,0.006213
2026-09-08 09:32:00,SPX,7710.54,7709.99,7760.0,720,120,0.1077,0.006213
2026-09-08 09:32:00,SPX,7710.54,7709.99,7660.0,105,543,0.1278,0.006213
2026-09-08 09:32:00,SPX,7710.54,7709.99,7765.0,1654,81,0.1074,0.006213
2026-09-08 09:32:00,SPX,7710.54,7709.99,7655.0,78,221,0.1297,0.006213
2026-09-08 09:32:00,SPX,7710.54,7709.99,7770.0,436,66,0.1071,0.006213
2026-09-08 09:32:00,SPX,7710.54,7709.99,7650.0,146,777,0.1313,0.006213
2026-09-08 09:32:00,SPX,7710.54,7709.99,7775.0,1820,82,0.1067,0.006213
2026-09-08 09:32:00,SPX,7710.54,7709.99,7645.0,34,137,0.1322,0.006213
2026-09-08 09:32:00,SPX,7710.54,7709.99,7780.0,857,33,0.1064,0.006213
2026-09-08 09:32:00,SPX,7710.54,7709.99,7640.0,48,222,0.1336,0.006213
2026-09-08 09:32:00,SPX,7710.54,7709.99,7785.0,605,6,0.1061,0.006213
2026-09-08 09:32:00,SPX,7710.54,7709.99,7635.0,98,249,0.1352,0.006213
2026-09-08 09:32:00,SPX,7710.54,7709.99,7790.0,428,19,0.1059,0.006213
2026-09-08 09:32:00,SPX,7710.54,7709.99,7630.0,30,462,0.1368,0.006213
2026-09-08 09:32:00,SPX,7710.54,7709.99,7795.0,366,4,0.1058,0.006213
2026-09-08 09:32:00,SPX,7710.54,7709.99,7625.0,38,198,0.1385,0.006213
2026-09-08 09:32:00,SPX,7710.54,7709.99,7800.0,1384,554,0.1057,0.006213
2026-09-08 09:32:00,SPX,7710.54,7709.99,7620.0,37,861,0.1401,0.006213
2026-09-08 09:32:00,SPX,7710.54,7709.99,7805.0,342,0,0.1058,0.006213
2026-09-08 09:32:00,SPX,7710.54,7709.99,7615.0,17,289,0.1413,0.006213
2026-09-08 09:32:00,SPX,7710.54,7709.99,7810.0,674,7,0.1061,0.006213
2026-09-08 09:32:00,SPX,7710.54,7709.99,7610.0,101,1087,0.1425,0.006213
2026-09-08 09:32:00,SPX,7710.54,7709.99,7815.0,215,13,0.1066,0.006213
2026-09-08 09:32:00,SPX,7710.54,7709.99,7605.0,43,184,0.1436,0.006213
2026-09-08 09:32:00,SPX,7710.54,7709.99,7820.0,1975,8,0.1073,0.006213
2026-09-08 09:32:00,SPX,7710.54,7709.99,7600.0,311,3709,0.145,0.006213
2026-09-08 09:32:00,SPX,7710.54,7709.99,7825.0,2247,16,0.1081,0.006213
2026-09-08 09:32:00,SPX,7710.54,7709.99,7595.0,23,1378,0.1465,0.006213
2026-09-08 09:32:00,SPX,7710.54,7709.99,7830.0,352,0,0.1092,0.006213
2026-09-08 09:32:00,SPX,7710.54,7709.99,7590.0,14,1073,0.1482,0.006213
2026-09-08 09:32:00,SPX,7710.54,7709.99,7835.0,572,4,0.1104,0.006213
2026-09-08 10:02:24,SPX,7689.83,7712.01,7690.0,470,1436,0.1307,0.00068
2026-09-08 10:02:24,SPX,7689.83,7712.01,7685.0,302,2088,0.1335,0.00068
2026-09-08 10:02:24,SPX,7689.83,7712.01,7695.0,2214,818,0.1279,0.00068
2026-09-08 10:02:24,SPX,7689.83,7712.01,7680.0,831,2687,0.1365,0.00068
2026-09-08 10:02:24,SPX,7689.83,7712.01,7700.0,2792,4391,0.126,0.00068
2026-09-08 10:02:24,SPX,7689.83,7712.01,7675.0,958,2779,0.1412,0.00068
2026-09-08 10:02:24,SPX,7689.83,7712.01,7705.0,464,887,0.1247,0.00068
2026-09-08 10:02:24,SPX,7689.83,7712.01,7670.0,475,2825,0.1453,0.00068
2026-09-08 10:02:24,SPX,7689.83,7712.01,7710.0,1381,1326,0.1247,0.00068
2026-09-08 10:02:24,SPX,7689.83,7712.01,7665.0,198,1068,0.1498,0.00068
2026-09-08 10:02:24,SPX,7689.83,7712.01,7715.0,1475,1449,0.1255,0.00068
2026-09-08 10:02:24,SPX,7689.83,7712.01,7660.0,185,1236,0.1544,0.00068
2026-09-08 10:02:24,SPX,7689.83,7712.01,7720.0,1489,1154,0.1282,0.00068
2026-09-08 10:02:24,SPX,7689.83,7712.01,7655.0,82,1287,0.1588,0.00068
2026-09-08 10:02:24,SPX,7689.83,7712.01,7725.0,1966,1527,0.131,0.00068
2026-09-08 10:02:24,SPX,7689.83,7712.01,7650.0,663,5409,0.1645,0.00068
2026-09-08 10:02:24,SPX,7689.83,7712.01,7645.0,149,844,0.1692,0.00068
2026-09-08 10:02:24,SPX,7689.83,7712.01,7735.0,0,261,0.14,0.00068
2026-09-08 10:02:24,SPX,7689.83,7712.01,7640.0,123,1861,0.175,0.00068
2026-09-08 10:02:24,SPX,7689.83,7712.01,7635.0,148,1738,0.1776,0.00068
2026-09-08 10:02:24,SPX,7689.83,7712.01,7745.0,1601,455,0.1532,0.00068
2026-09-08 10:02:24,SPX,7689.83,7712.01,7630.0,191,2694,0.1833,0.00068
2026-09-08 10:02:24,SPX,7689.83,7712.01,7750.0,4911,2071,0.1601,0.00068
2026-09-08 10:02:24,SPX,7689.83,7712.01,7625.0,863,2202,0.1924,0.00068
2026-09-08 10:02:24,SPX,7689.83,7712.01,7755.0,1773,629,0.1668,0.00068
2026-09-08 10:02:24,SPX,7689.83,7712.01,7620.0,173,2611,0.1946,0.00068
2026-09-08 10:02:24,SPX,7689.83,7712.01,7760.0,1784,154,0.1733,0.00068
2026-09-08 10:02:24,SPX,7689.83,7712.01,7615.0,76,2178,0.2019,0.00068
2026-09-08 10:02:24,SPX,7689.83,7712.01,7765.0,2092,170,0.1797,0.00068
2026-09-08 10:02:24,SPX,7689.83,7712.01,7610.0,59,1434,0.2121,0.00068
2026-09-08 10:02:24,SPX,7689.83,7712.01,7770.0,1714,241,0.186,0.00068
2026-09-08 10:02:24,SPX,7689.83,7712.01,7605.0,79,1226,0.2159,0.00068
2026-09-08 10:02:24,SPX,7689.83,7712.01,7775.0,2940,238,0.1924,0.00068
2026-09-08 10:02:24,SPX,7689.83,7712.01,7600.0,773,3225,0.2218,0.00068
2026-09-08 10:02:24,SPX,7689.83,7712.01,7780.0,3052,207,0.1987,0.00068
2026-09-08 10:02:24,SPX,7689.83,7712.01,7595.0,30,1339,0.2279,0.00068
2026-09-08 10:02:24,SPX,7689.83,7712.01,7785.0,4210,45,0.2052,0.00068
2026-09-08 10:02:24,SPX,7689.83,7712.01,7590.0,75,943,0.2337,0.00068
2026-09-08 10:02:24,SPX,7689.83,7712.01,7790.0,3393,79,0.2117,0.00068
2026-09-08 10:02:24,SPX,7689.83,7712.01,7585.0,39,1980,0.2408,0.00068
2026-09-08 10:02:24,SPX,7689.83,7712.01,7795.0,2397,33,0.2183,0.00068
2026-09-08 10:02:24,SPX,7689.83,7712.01,7580.0,86,867,0.2485,0.00068
2026-09-08 10:02:24,SPX,7689.83,7712.01,7800.0,7554,1032,0.2249,0.00068
2026-09-08 10:02:24,SPX,7689.83,7712.01,7575.0,125,4734,0.2568,0.00068
2026-09-08 10:02:24,SPX,7689.83,7712.01,7805.0,3147,21,0.2318,0.00068
2026-09-08 10:02:24,SPX,7689.83,7712.01,7570.0,22,912,0.2656,0.00068
2026-09-08 10:02:24,SPX,7689.83,7712.01,7810.0,2796,64,0.2391,0.00068
2026-09-08 10:02:24,SPX,7689.83,7712.01,7565.0,13,4238,0.2741,0.00068
2026-09-08 10:02:24,SPX,7689.83,7712.01,7690.0,226,362,0.1129,0.003418
2026-09-08 10:02:24,SPX,7689.83,7712.01,7685.0,111,206,0.1147,0.003418
2026-09-08 10:02:24,SPX,7689.83,7712.01,7695.0,905,3352,0.111,0.003418
2026-09-08 10:02:24,SPX,7689.83,7712.01,7680.0,112,814,0.1164,0.003418
2026-09-08 10:02:24,SPX,7689.83,7712.01,7700.0,2097,1886,0.1091,0.003418
2026-09-08 10:02:24,SPX,7689.83,7712.01,7675.0,395,3776,0.1182,0.003418
2026-09-08 10:02:24,SPX,7689.83,7712.01,7705.0,229,513,0.1075,0.003418
2026-09-08 10:02:24,SPX,7689.83,7712.01,7670.0,337,706,0.1198,0.003418
2026-09-08 10:02:24,SPX,7689.83,7712.01,7710.0,401,341,0.1064,0.003418
2026-09-08 10:02:24,SPX,7689.83,7712.01,7665.0,92,408,0.1216,0.003418
2026-09-08 10:02:24,SPX,7689.83,7712.01,7715.0,612,262,0.1056,0.003418
2026-09-08 10:02:24,SPX,7689.83,7712.01,7660.0,86,866,0.1237,0.003418
2026-09-08 10:02:24,SPX,7689.83,7712.01,7720.0,528,464,0.105,0.003418
2026-09-08 10:02:24,SPX,7689.83,7712.01,7655.0,58,442,0.1258,0.003418
2026-09-08 10:02:24,SPX,7689.83,7712.01,7725.0,787,546,0.1045,0.003418
2026-09-08 10:02:24,SPX,7689.83,7712.01,7650.0,1237,1218,0.1271,0.003418
2026-09-08 10:02:24,SPX,7689.83,7712.01,7730.0,688,272,0.104,0.003418
2026-09-08 10:02:24,SPX,7689.83,7712.01,7645.0,55,480,0.1302,0.003418
2026-09-08 10:02:24,SPX,7689.83,7712.01,7735.0,417,105,0.1037,0.003418
2026-09-08 10:02:24,SPX,7689.83,7712.01,7640.0,128,413,0.1308,0.003418
2026-09-08 10:02:24,SPX,7689.83,7712.01,7740.0,382,187,0.1036,0.003418
2026-09-08 10:02:24,SPX,7689.83,7712.01,7635.0,80,291,0.1328,0.003418
2026-09-08 10:02:24,SPX,7689.83,7712.01,7745.0,349,168,0.1037,0.003418
2026-09-08 10:02:24,SPX,7689.83,7712.01,7630.0,52,324,0.1359,0.003418
2026-09-08 10:02:24,SPX,7689.83,7712.01,7750.0,2060,978,0.1041,0.003418
2026-09-08 10:02:24,SPX,7689.83,7712.01,7625.0,1357,2570,0.1384,0.003418
2026-09-08 10:02:24,SPX,7689.83,7712.01,7755.0,667,260,0.1047,0.003418
2026-09-08 10:02:24,SPX,7689.83,7712.01,7620.0,83,1484,0.1403,0.003418
2026-09-08 10:02:24,SPX,7689.83,7712.01,7760.0,1227,102,0.1055,0.003418
2026-09-08 10:02:24,SPX,7689.83,7712.01,7615.0,20,230,0.1408,0.003418
2026-09-08 10:02:24,SPX,7689.83,7712.01,7765.0,1349,38,0.1067,0.003418
2026-09-08 10:02:24,SPX,7689.83,7712.01,7610.0,32,346,0.1428,0.003418
2026-09-08 10:02:24,SPX,7689.83,7712.01,7770.0,474,71,0.1082,0.003418
2026-09-08 10:02:24,SPX,7689.83,7712.01,7605.0,40,240,0.1452,0.003418
2026-09-08 10:02:24,SPX,7689.83,7712.01,7775.0,1782,104,0.1099,0.003418
2026-09-08 10:02:24,SPX,7689.83,7712.01,7600.0,1122,3145,0.1474,0.003418
2026-09-08 10:02:24,SPX,7689.83,7712.01,7780.0,4143,62,0.1119,0.003418
2026-09-08 10:02:24,SPX,7689.83,7712.01,7595.0,26,322,0.149,0.003418
2026-09-08 10:02:24,SPX,7689.83,7712.01,7785.0,789,20,0.114,0.003418
2026-09-08 10:02:24,SPX,7689.83,7712.01,7590.0,44,286,0.1514,0.003418
2026-09-08 10:02:24,SPX,7689.83,7712.01,7790.0,535,23,0.1163,0.003418
2026-09-08 10:02:24,SPX,7689.83,7712.01,7585.0,4,184,0.1538,0.003418
2026-09-08 10:02:24,SPX,7689.83,7712.01,7795.0,3116,25,0.1187,0.003418
2026-09-08 10:02:24,SPX,7689.83,7712.01,7580.0,6,526,0.1565,0.003418
2026-09-08 10:02:24,SPX,7689.83,7712.01,7800.0,3280,88,0.1212,0.003418
2026-09-08 10:02:24,SPX,7689.83,7712.01,7575.0,172,2591,0.1594,0.003418
2026-09-08 10:02:24,SPX,7689.83,7712.01,7805.0,644,9,0.1237,0.003418
2026-09-08 10:02:24,SPX,7689.83,7712.01,7570.0,8,297,0.1619,0.003418
2026-09-08 10:02:24,SPX,7689.83,7712.01,7810.0,2736,36,0.1263,0.003418
2026-09-08 10:02:24,SPX,7689.83,7712.01,7565.0,8,224,0.1636,0.003418
2026-09-08 10:02:24,SPX,7689.83,7712.01,7690.0,105,258,0.1142,0.006156
2026-09-08 10:02:24,SPX,7689.83,7712.01,7685.0,122,715,0.1155,0.006156
2026-09-08 10:02:24,SPX,7689.83,7712.01,7695.0,67,179,0.1133,0.006156
2026-09-08 10:02:24,SPX,7689.83,7712.01,7680.0,98,605,0.1166,0.006156
2026-09-08 10:02:24,SPX,7689.83,7712.01,7700.0,945,1810,0.1123,0.006156
2026-09-08 10:02:24,SPX,7689.83,7712.01,7675.0,368,1333,0.1178,0.006156
2026-09-08 10:02:24,SPX,7689.83,7712.01,7705.0,197,161,0.1113,0.006156
2026-09-08 10:02:24,SPX,7689.83,7712.01,7670.0,104,341,0.119,0.006156
2026-09-08 10:02:24,SPX,7689.83,7712.01,7710.0,288,863,0.1102,0.006156
2026-09-08 10:02:24,SPX,7689.83,7712.01,7665.0,55,482,0.1204,0.006156
2026-09-08 10:02:24,SPX,7689.83,7712.01,7715.0,127,1504,0.109,0.006156
2026-09-08 10:02:24,SPX,7689.83,7712.01,7660.0,105,543,0.1217,0.006156
2026-09-08 10:02:24,SPX,7689.83,7712.01,7720.0,210,294,0.1079,0.006156
2026-09-08 10:02:24,SPX,7689.83,7712.01,7655.0,78,221,0.1233,0.006156
2026-09-08 10:02:24,SPX,7689.83,7712.01,7725.0,893,660,0.1068,0.006156
2026-09-08 10:02:24,SPX,7689.83,7712.01,7650.0,146,777,0.1245,0.006156
2026-09-08 10:02:24,SPX,7689.83,7712.01,7730.0,757,145,0.1059,0.006156
2026-09-08 10:02:24,SPX,7689.83,7712.01,7645.0,34,137,0.1261,0.006156
2026-09-08 10:02:24,SPX,7689.83,7712.01,7735.0,160,146,0.1052,0.006156
2026-09-08 10:02:24,SPX,7689.83,7712.01,7640.0,0,222,0.1277,0.006156
2026-09-08 10:02:24,SPX,7689.83,7712.01,7740.0,1482,1463,0.1049,0.006156
2026-09-08 10:02:24,SPX,7689.83,7712.01,7635.0,98,249,0.1294,0.006156
2026-09-08 10:02:24,SPX,7689.83,7712.01,7745.0,196,120,0.1046,0.006156
2026-09-08 10:02:24,SPX,7689.83,7712.01,7630.0,30,462,0.1312,0.006156
2026-09-08 10:02:24,SPX,7689.83,7712.01,7750.0,2811,679,0.1045,0.006156
2026-09-08 10:02:24,SPX,7689.83,7712.01,7625.0,38,198,0.1326,0.006156
2026-09-08 10:02:24,SPX,7689.83,7712.01,7755.0,979,102,0.1045,0.006156
2026-09-08 10:02:24,SPX,7689.83,7712.01,7620.0,37,861,0.1336,0.006156
2026-09-08 10:02:24,SPX,7689.83,7712.01,7760.0,720,120,0.1044,0.006156
2026-09-08 10:02:24,SPX,7689.83,7712.01,7615.0,17,289,0.1349,0.006156
2026-09-08 10:02:24,SPX,7689.83,7712.01,7765.0,1654,81,0.1044,0.006156
2026-09-08 10:02:24,SPX,7689.83,7712.01,7610.0,101,1087,0.1369,0.006156
2026-09-08 10:02:24,SPX,7689.83,7712.01,7770.0,436,66,0.1044,0.006156
2026-09-08 10:02:24,SPX,7689.83,7712.01,7605.0,43,184,0.1392,0.006156
2026-09-08 10:02:24,SPX,7689.83,7712.01,7775.0,1820,82,0.1045,0.006156
2026-09-08 10:02:24,SPX,7689.83,7712.01,7600.0,311,3709,0.1412,0.006156
2026-09-08 10:02:24,SPX,7689.83,7712.01,7780.0,857,33,0.1047,0.006156
2026-09-08 10:02:24,SPX,7689.83,7712.01,7595.0,23,1378,0.1425,0.006156
2026-09-08 10:02:24,SPX,7689.83,7712.01,7785.0,605,6,0.105,0.006156
2026-09-08 10:02:24,SPX,7689.83,7712.01,7590.0,14,1073,0.1436,0.006156
2026-09-08 10:02:24,SPX,7689.83,7712.01,7790.0,428,19,0.1055,0.006156
2026-09-08 10:02:24,SPX,7689.83,7712.01,7585.0,93,170,0.1453,0.006156
2026-09-08 10:02:24,SPX,7689.83,7712.01,7795.0,366,4,0.1061,0.006156
2026-09-08 10:02:24,SPX,7689.83,7712.01,7580.0,4,342,0.1471,0.006156
2026-09-08 10:02:24,SPX,7689.83,7712.01,7800.0,1384,554,0.1069,0.006156
2026-09-08 10:02:24,SPX,7689.83,7712.01,7575.0,46,309,0.1486,0.006156
2026-09-08 10:02:24,SPX,7689.83,7712.01,7805.0,342,0,0.1078,0.006156
2026-09-08 10:02:24,SPX,7689.83,7712.01,7570.0,2,431,0.1499,0.006156
2026-09-08 10:02:24,SPX,7689.83,7712.01,7810.0,674,7,0.109,0.006156
2026-09-08 10:02:24,SPX,7689.83,7712.01,7565.0,33,206,0.1513,0.006156
2026-09-08 10:32:48,SPX,7680.27,7709.81,7680.0,831,2687,0.1257,0.000622
2026-09-08 10:32:48,SPX,7680.27,7709.81,7685.0,302,2088,0.1232,0.000622
2026-09-08 10:32:48,SPX,7680.27,7709.81,7675.0,958,2779,0.1282,0.000622
2026-09-08 10:32:48,SPX,7680.27,7709.81,7690.0,470,1436,0.1213,0.000622
2026-09-08 10:32:48,SPX,7680.27,7709.81,7670.0,475,2825,0.1313,0.000622
2026-09-08 10:32:48,SPX,7680.27,7709.81,7695.0,2214,818,0.1199,0.000622
2026-09-08 10:32:48,SPX,7680.27,7709.81,7665.0,198,1068,0.1358,0.000622
2026-09-08 10:32:48,SPX,7680.27,7709.81,7700.0,2792,4391,0.121,0.000622
2026-09-08 10:32:48,SPX,7680.27,7709.81,7660.0,185,1236,0.14,0.000622
2026-09-08 10:32:48,SPX,7680.27,7709.81,7705.0,464,887,0.1229,0.000622
2026-09-08 10:32:48,SPX,7680.27,7709.81,7655.0,82,1287,0.1432,0.000622
2026-09-08 10:32:48,SPX,7680.27,7709.81,7710.0,1381,1326,0.126,0.000622
2026-09-08 10:32:48,SPX,7680.27,7709.81,7650.0,663,5409,0.1485,0.000622
2026-09-08 10:32:48,SPX,7680.27,7709.81,7715.0,1475,1449,0.1303,0.000622
2026-09-08 10:32:48,SPX,7680.27,7709.81,7645.0,149,844,0.1534,0.000622
2026-09-08 10:32:48,SPX,7680.27,7709.81,7640.0,123,1861,0.1584,0.000622
2026-09-08 10:32:48,SPX,7680.27,7709.81,7635.0,148,1738,0.1637,0.000622
2026-09-08 10:32:48,SPX,7680.27,7709.81,7730.0,1078,886,0.1476,0.000622
2026-09-08 10:32:48,SPX,7680.27,7709.81,7630.0,191,2694,0.1693,0.000622
2026-09-08 10:32:48,SPX,7680.27,7709.81,7735.0,796,261,0.1538,0.000622
2026-09-08 10:32:48,SPX,7680.27,7709.81,7625.0,863,2202,0.1731,0.000622
2026-09-08 10:32:48,SPX,7680.27,7709.81,7740.0,1856,572,0.1613,0.000622
2026-09-08 10:32:48,SPX,7680.27,7709.81,7620.0,173,2611,0.1822,0.000622
2026-09-08 10:32:48,SPX,7680.27,7709.81,7745.0,1601,455,0.1699,0.000622
2026-09-08 10:32:48,SPX,7680.27,7709.81,7615.0,76,2178,0.1864,0.000622
2026-09-08 10:32:48,SPX,7680.27,7709.81,7750.0,4911,2071,0.1785,0.000622
2026-09-08 10:32:48,SPX,7680.27,7709.81,7610.0,59,1434,0.1954,0.000622
2026-09-08 10:32:48,SPX,7680.27,7709.81,7755.0,1773,629,0.1865,0.000622
2026-09-08 10:32:48,SPX,7680.27,7709.81,7605.0,79,1226,0.2027,0.000622
2026-09-08 10:32:48,SPX,7680.27,7709.81,7760.0,1784,154,0.1937,0.000622
2026-09-08 10:32:48,SPX,7680.27,7709.81,7600.0,773,3225,0.2112,0.000622
2026-09-08 10:32:48,SPX,7680.27,7709.81,7765.0,2092,170,0.2005,0.000622
2026-09-08 10:32:48,SPX,7680.27,7709.81,7595.0,30,1339,0.2163,0.000622
2026-09-08 10:32:48,SPX,7680.27,7709.81,7770.0,1714,241,0.207,0.000622
2026-09-08 10:32:48,SPX,7680.27,7709.81,7590.0,75,943,0.222,0.000622
2026-09-08 10:32:48,SPX,7680.27,7709.81,7775.0,2940,238,0.2136,0.000622
2026-09-08 10:32:48,SPX,7680.27,7709.81,7585.0,39,1980,0.2276,0.000622
2026-09-08 10:32:48,SPX,7680.27,7709.81,7780.0,3052,207,0.2206,0.000622
2026-09-08 10:32:48,SPX,7680.27,7709.81,7580.0,86,867,0.2356,0.000622
2026-09-08 10:32:48,SPX,7680.27,7709.81,7785.0,4210,45,0.2279,0.000622
2026-09-08 10:32:48,SPX,7680.27,7709.81,7575.0,125,4734,0.2459,0.000622
2026-09-08 10:32:48,SPX,7680.27,7709.81,7790.0,3393,79,0.2355,0.000622
2026-09-08 10:32:48,SPX,7680.27,7709.81,7570.0,22,912,0.2562,0.000622
2026-09-08 10:32:48,SPX,7680.27,7709.81,7795.0,2397,33,0.2432,0.000622
2026-09-08 10:32:48,SPX,7680.27,7709.81,7565.0,13,4238,0.2659,0.000622
2026-09-08 10:32:48,SPX,7680.27,7709.81,7800.0,7554,1032,0.2508,0.000622
2026-09-08 10:32:48,SPX,7680.27,7709.81,7560.0,13,1897,0.2747,0.000622
2026-09-08 10:32:48,SPX,7680.27,7709.81,7805.0,3147,21,0.2585,0.000622
2026-09-08 10:32:48,SPX,7680.27,7709.81,7680.0,112,814,0.1128,0.00336
2026-09-08 10:32:48,SPX,7680.27,7709.81,7685.0,111,206,0.1113,0.00336
2026-09-08 10:32:48,SPX,7680.27,7709.81,7675.0,395,3776,0.1143,0.00336
2026-09-08 10:32:48,SPX,7680.27,7709.81,7690.0,226,362,0.1098,0.00336
2026-09-08 10:32:48,SPX,7680.27,7709.81,7670.0,337,706,0.1158,0.00336
2026-09-08 10:32:48,SPX,7680.27,7709.81,7695.0,905,3352,0.1083,0.00336
2026-09-08 10:32:48,SPX,7680.27,7709.81,7665.0,92,408,0.1175,0.00336
2026-09-08 10:32:48,SPX,7680.27,7709.81,7700.0,2097,1886,0.1072,0.00336
2026-09-08 10:32:48,SPX,7680.27,7709.81,7660.0,86,866,0.1189,0.00336
2026-09-08 10:32:48,SPX,7680.27,7709.81,7705.0,229,513,0.1061,0.00336
2026-09-08 10:32:48,SPX,7680.27,7709.81,7655.0,58,442,0.1208,0.00336
2026-09-08 10:32:48,SPX,7680.27,7709.81,7710.0,401,341,0.1051,0.00336
2026-09-08 10:32:48,SPX,7680.27,7709.81,7650.0,1237,1218,0.1229,0.00336
2026-09-08 10:32:48,SPX,7680.27,7709.81,7715.0,612,262,0.104,0.00336
2026-09-08 10:32:48,SPX,7680.27,7709.81,7645.0,55,480,0.1243,0.00336
2026-09-08 10:32:48,SPX,7680.27,7709.81,7720.0,528,464,0.103,0.00336
2026-09-08 10:32:48,SPX,7680.27,7709.81,7640.0,128,413,0.1273,0.00336
2026-09-08 10:32:48,SPX,7680.27,7709.81,7725.0,787,546,0.1024,0.00336
2026-09-08 10:32:48,SPX,7680.27,7709.81,7635.0,80,291,0.1289,0.00336
2026-09-08 10:32:48,SPX,7680.27,7709.81,7730.0,688,272,0.1025,0.00336
2026-09-08 10:32:48,SPX,7680.27,7709.81,7630.0,52,324,0.1308,0.00336
2026-09-08 10:32:48,SPX,7680.27,7709.81,7740.0,382,0,0.1029,0.00336
2026-09-08 10:32:48,SPX,7680.27,7709.81,7620.0,83,1484,0.1354,0.00336
2026-09-08 10:32:48,SPX,7680.27,7709.81,7745.0,349,168,0.1036,0.00336
2026-09-08 10:32:48,SPX,7680.27,7709.81,7615.0,20,230,0.1379,0.00336
2026-09-08 10:32:48,SPX,7680.27,7709.81,7750.0,2060,978,0.1047,0.00336
2026-09-08 10:32:48,SPX,7680.27,7709.81,7610.0,32,346,0.1387,0.00336
2026-09-08 10:32:48,SPX,7680.27,7709.81,7755.0,667,260,0.1059,0.00336
2026-09-08 10:32:48,SPX,7680.27,7709.81,7605.0,40,240,0.1402,0.00336
2026-09-08 10:32:48,SPX,7680.27,7709.81,7760.0,1227,102,0.1072,0.00336
2026-09-08 10:32:48,SPX,7680.27,7709.81,7600.0,1122,3145,0.1428,0.00336
2026-09-08 10:32:48,SPX,7680.27,7709.81,7765.0,1349,38,0.1086,0.00336
2026-09-08 10:32:48,SPX,7680.27,7709.81,7595.0,26,322,0.1444,0.00336
2026-09-08 10:32:48,SPX,7680.27,7709.81,7770.0,474,71,0.1101,0.00336
2026-09-08 10:32:48,SPX,7680.27,7709.81,7590.0,44,286,0.147,0.00336
2026-09-08 10:32:48,SPX,7680.27,7709.81,7775.0,1782,104,0.1117,0.00336
2026-09-08 10:32:48,SPX,7680.27,7709.81,7585.0,4,184,0.149,0.00336
2026-09-08 10:32:48,SPX,7680.27,7709.81,7780.0,4143,62,0.1134,0.00336
2026-09-08 10:32:48,SPX,7680.27,7709.81,7580.0,6,526,0.1517,0.00336
2026-09-08 10:32:48,SPX,7680.27,7709.81,7785.0,789,20,0.1152,0.00336
2026-09-08 10:32:48,SPX,7680.27,7709.81,7575.0,172,2591,0.1546,0.00336
2026-09-08 10:32:48,SPX,7680.27,7709.81,7790.0,535,23,0.1173,0.00336
2026-09-08 10:32:48,SPX,7680.27,7709.81,7570.0,8,297,0.1572,0.00336
2026-09-08 10:32:48,SPX,7680.27,7709.81,7795.0,3116,25,0.1195,0.00336
2026-09-08 10:32:48,SPX,7680.27,7709.81,7565.0,8,224,0.1592,0.00336
2026-09-08 10:32:48,SPX,7680.27,7709.81,7800.0,3280,88,0.1218,0.00336
2026-09-08 10:32:48,SPX,7680.27,7709.81,7560.0,11,440,0.1607,0.00336
2026-09-08 10:32:48,SPX,7680.27,7709.81,7805.0,644,9,0.1241,0.00336
2026-09-08 10:32:48,SPX,7680.27,7709.81,7680.0,98,605,0.1147,0.006098
2026-09-08 10:32:48,SPX,7680.27,7709.81,7685.0,122,715,0.1138,0.006098
2026-09-08 10:32:48,SPX,7680.27,7709.81,7675.0,368,1333,0.1158,0.006098
2026-09-08 10:32:48,SPX,7680.27,7709.81,7690.0,105,258,0.1127,0.006098
2026-09-08 10:32:48,SPX,7680.27,7709.81,7670.0,104,341,0.1171,0.006098
2026-09-08 10:32:48,SPX,7680.27,7709.81,7695.0,67,179,0.1114,0.006098
2026-09-08 10:32:48,SPX,7680.27,7709.81,7665.0,55,482,0.1183,0.006098
2026-09-08 10:32:48,SPX,7680.27,7709.81,7700.0,945,1810,0.11,0.006098
2026-09-08 10:32:48,SPX,7680.27,7709.81,7660.0,105,543,0.1194,0.006098
2026-09-08 10:32:48,SPX,7680.27,7709.81,7705.0,197,161,0.1088,0.006098
2026-09-08 10:32:48,SPX,7680.27,7709.81,7655.0,78,221,0.1211,0.006098
2026-09-08 10:32:48,SPX,7680.27,7709.81,7710.0,288,863,0.1077,0.006098
2026-09-08 10:32:48,SPX,7680.27,7709.81,7650.0,146,777,0.1222,0.006098
2026-09-08 10:32:48,SPX,7680.27,7709.81,7715.0,127,1504,0.1068,0.006098
2026-09-08 10:32:48,SPX,7680.27,7709.81,7645.0,34,137,0.124,0.006098
2026-09-08 10:32:48,SPX,7680.27,7709.81,7720.0,210,294,0.1061,0.006098
2026-09-08 10:32:48,SPX,7680.27,7709.81,7640.0,48,222,0.1256,0.006098
2026-09-08 10:32:48,SPX,7680.27,7709.81,7725.0,893,660,0.1055,0.006098
2026-09-08 10:32:48,SPX,7680.27,7709.81,7635.0,98,249,0.1274,0.006098
2026-09-08 10:32:48,SPX,7680.27,7709.81,7730.0,757,145,0.105,0.006098
2026-09-08 10:32:48,SPX,7680.27,7709.81,7630.0,30,462,0.1288,0.006098
2026-09-08 10:32:48,SPX,7680.27,7709.81,7735.0,160,146,0.1046,0.006098
2026-09-08 10:32:48,SPX,7680.27,7709.81,7625.0,38,198,0.1299,0.006098
2026-09-08 10:32:48,SPX,7680.27,7709.81,7740.0,1482,1463,0.1041,0.006098
2026-09-08 10:32:48,SPX,7680.27,7709.81,7620.0,37,861,0.1313,0.006098
2026-09-08 10:32:48,SPX,7680.27,7709.81,7745.0,196,120,0.1036,0.006098
2026-09-08 10:32:48,SPX,7680.27,7709.81,7615.0,17,289,0.1332,0.006098
2026-09-08 10:32:48,SPX,7680.27,7709.81,7750.0,2811,679,0.1032,0.006098
2026-09-08 10:32:48,SPX,7680.27,7709.81,7610.0,101,1087,0.1352,0.006098
2026-09-08 10:32:48,SPX,7680.27,7709.81,7755.0,979,102,0.1028,0.006098
2026-09-08 10:32:48,SPX,7680.27,7709.81,7605.0,43,184,0.1368,0.006098
2026-09-08 10:32:48,SPX,7680.27,7709.81,7760.0,720,120,0.1025,0.006098
2026-09-08 10:32:48,SPX,7680.27,7709.81,7600.0,311,3709,0.1383,0.006098
2026-09-08 10:32:48,SPX,7680.27,7709.81,7765.0,1654,81,0.1023,0.006098
2026-09-08 10:32:48,SPX,7680.27,7709.81,7595.0,23,1378,0.1399,0.006098
2026-09-08 10:32:48,SPX,7680.27,7709.81,7770.0,436,66,0.1023,0.006098
2026-09-08 10:32:48,SPX,7680.27,7709.81,7590.0,14,1073,0.1412,0.006098
2026-09-08 10:32:48,SPX,7680.27,7709.81,7775.0,1820,82,0.1024,0.006098
2026-09-08 10:32:48,SPX,7680.27,7709.81,7585.0,93,170,0.1423,0.006098
2026-09-08 10:32:48,SPX,7680.27,7709.81,7780.0,857,33,0.1027,0.006098
2026-09-08 10:32:48,SPX,7680.27,7709.81,7580.0,4,342,0.1443,0.006098
2026-09-08 10:32:48,SPX,7680.27,7709.81,7785.0,605,6,0.1032,0.006098
2026-09-08 10:32:48,SPX,7680.27,7709.81,7575.0,46,309,0.1464,0.006098
2026-09-08 10:32:48,SPX,7680.27,7709.81,7790.0,428,19,0.1039,0.006098
2026-09-08 10:32:48,SPX,7680.27,7709.81,7570.0,2,431,0.1483,0.006098
2026-09-08 10:32:48,SPX,7680.27,7709.81,7795.0,366,4,0.1048,0.006098
2026-09-08 10:32:48,SPX,7680.27,7709.81,7565.0,33,206,0.1498,0.006098
2026-09-08 10:32:48,SPX,7680.27,7709.81,7800.0,1384,554,0.1058,0.006098
2026-09-08 10:32:48,SPX,7680.27,7709.81,7560.0,38,326,0.1514,0.006098
2026-09-08 10:32:48,SPX,7680.27,7709.81,7805.0,342,0,0.1069,0.006098
2026-09-08 11:03:16,SPX,7691.87,7709.44,7690.0,470,1436,0.1143,0.000564
2026-09-08 11:03:16,SPX,7691.87,7709.44,7695.0,2214,818,0.1131,0.000564
2026-09-08 11:03:16,SPX,7691.87,7709.44,7685.0,302,2088,0.1167,0.000564
2026-09-08 11:03:16,SPX,7691.87,7709.44,7700.0,2792,4391,0.1115,0.000564
2026-09-08 11:03:16,SPX,7691.87,7709.44,7680.0,831,2687,0.1198,0.000564
2026-09-08 11:03:16,SPX,7691.87,7709.44,7705.0,464,887,0.1122,0.000564
2026-09-08 11:03:16,SPX,7691.87,7709.44,7675.0,958,2779,0.1244,0.000564
2026-09-08 11:03:16,SPX,7691.87,7709.44,7710.0,1381,1326,0.1144,0.000564
2026-09-08 11:03:16,SPX,7691.87,7709.44,7670.0,475,2825,0.1284,0.000564
2026-09-08 11:03:16,SPX,7691.87,7709.44,7715.0,1475,1449,0.1164,0.000564
2026-09-08 11:03:16,SPX,7691.87,7709.44,7665.0,198,1068,0.1323,0.000564
2026-09-08 11:03:16,SPX,7691.87,7709.44,7720.0,1489,1154,0.1206,0.000564
2026-09-08 11:03:16,SPX,7691.87,7709.44,7660.0,185,1236,0.1373,0.000564
2026-09-08 11:03:16,SPX,7691.87,7709.44,7725.0,1966,1527,0.1256,0.000564
2026-09-08 11:03:16,SPX,7691.87,7709.44,7655.0,82,1287,0.1423,0.000564
2026-09-08 11:03:16,SPX,7691.87,7709.44,7730.0,1078,886,0.1318,0.000564
2026-09-08 11:03:16,SPX,7691.87,7709.44,7650.0,663,5409,0.148,0.000564
2026-09-08 11:03:16,SPX,7691.87,7709.44,7735.0,796,261,0.1385,0.000564
2026-09-08 11:03:16,SPX,7691.87,7709.44,7645.0,149,844,0.1541,0.000564
2026-09-08 11:03:16,SPX,7691.87,7709.44,7740.0,1856,572,0.1461,0.000564
2026-09-08 11:03:16,SPX,7691.87,7709.44,7640.0,123,1861,0.1575,0.000564
2026-09-08 11:03:16,SPX,7691.87,7709.44,7745.0,1601,455,0.1543,0.000564
2026-09-08 11:03:16,SPX,7691.87,7709.44,7635.0,148,1738,0.1693,0.000564
2026-09-08 11:03:16,SPX,7691.87,7709.44,7750.0,4911,2071,0.1624,0.000564
2026-09-08 11:03:16,SPX,7691.87,7709.44,7630.0,191,2694,0.1698,0.000564
2026-09-08 11:03:16,SPX,7691.87,7709.44,7755.0,1773,629,0.1694,0.000564
2026-09-08 11:03:16,SPX,7691.87,7709.44,7625.0,863,2202,0.185,0.000564
2026-09-08 11:03:16,SPX,7691.87,7709.44,7760.0,1784,154,0.1758,0.000564
2026-09-08 11:03:16,SPX,7691.87,7709.44,7620.0,173,2611,0.1891,0.000564
2026-09-08 11:03:16,SPX,7691.87,7709.44,7765.0,2092,170,0.1824,0.000564
2026-09-08 11:03:16,SPX,7691.87,7709.44,7615.0,76,2178,0.1963,0.000564
2026-09-08 11:03:16,SPX,7691.87,7709.44,7770.0,1714,241,0.1894,0.000564
2026-09-08 11:03:16,SPX,7691.87,7709.44,7610.0,59,1434,0.2033,0.000564
2026-09-08 11:03:16,SPX,7691.87,7709.44,7775.0,2940,238,0.1967,0.000564
2026-09-08 11:03:16,SPX,7691.87,7709.44,7605.0,79,1226,0.2134,0.000564
2026-09-08 11:03:16,SPX,7691.87,7709.44,7780.0,3052,207,0.2044,0.000564
2026-09-08 11:03:16,SPX,7691.87,7709.44,7600.0,773,3225,0.224,0.000564
2026-09-08 11:03:16,SPX,7691.87,7709.44,7785.0,4210,45,0.2124,0.000564
2026-09-08 11:03:16,SPX,7691.87,7709.44,7595.0,30,1339,0.233,0.000564
2026-09-08 11:03:16,SPX,7691.87,7709.44,7790.0,3393,79,0.2206,0.000564
2026-09-08 11:03:16,SPX,7691.87,7709.44,7590.0,75,943,0.241,0.000564
2026-09-08 11:03:16,SPX,7691.87,7709.44,7795.0,2397,33,0.2289,0.000564
2026-09-08 11:03:16,SPX,7691.87,7709.44,7585.0,39,1980,0.2487,0.000564
2026-09-08 11:03:16,SPX,7691.87,7709.44,7800.0,7554,1032,0.2377,0.000564
2026-09-08 11:03:16,SPX,7691.87,7709.44,7580.0,86,867,0.2566,0.000564
2026-09-08 11:03:16,SPX,7691.87,7709.44,7805.0,3147,21,0.2471,0.000564
2026-09-08 11:03:16,SPX,7691.87,7709.44,7575.0,125,4734,0.2647,0.000564
2026-09-08 11:03:16,SPX,7691.87,7709.44,7810.0,2796,64,0.2565,0.000564
2026-09-08 11:03:16,SPX,7691.87,7709.44,7570.0,22,912,0.273,0.000564
2026-09-08 11:03:16,SPX,7691.87,7709.44,7815.0,3071,19,0.2659,0.000564
2026-09-08 11:03:16,SPX,7691.87,7709.44,7690.0,226,362,0.1067,0.003302
2026-09-08 11:03:16,SPX,7691.87,7709.44,7695.0,905,3352,0.1051,0.003302
2026-09-08 11:03:16,SPX,7691.87,7709.44,7685.0,111,206,0.1084,0.003302
2026-09-08 11:03:16,SPX,7691.87,7709.44,7700.0,2097,1886,0.1038,0.003302
2026-09-08 11:03:16,SPX,7691.87,7709.44,7680.0,112,814,0.1101,0.003302
2026-09-08 11:03:16,SPX,7691.87,7709.44,7705.0,229,513,0.1025,0.003302
2026-09-08 11:03:16,SPX,7691.87,7709.44,7675.0,395,3776,0.1119,0.003302
2026-09-08 11:03:16,SPX,7691.87,7709.44,7710.0,401,341,0.1015,0.003302
2026-09-08 11:03:16,SPX,7691.87,7709.44,7670.0,337,706,0.1138,0.003302
2026-09-08 11:03:16,SPX,7691.87,7709.44,7715.0,612,262,0.1004,0.003302
2026-09-08 11:03:16,SPX,7691.87,7709.44,7665.0,92,408,0.1156,0.003302
2026-09-08 11:03:16,SPX,7691.87,7709.44,7720.0,528,464,0.0996,0.003302
2026-09-08 11:03:16,SPX,7691.87,7709.44,7660.0,86,866,0.1174,0.003302
2026-09-08 11:03:16,SPX,7691.87,7709.44,7725.0,787,546,0.0987,0.003302
2026-09-08 11:03:16,SPX,7691.87,7709.44,7655.0,58,442,0.1192,0.003302
2026-09-08 11:03:16,SPX,7691.87,7709.44,7730.0,688,272,0.0979,0.003302
2026-09-08 11:03:16,SPX,7691.87,7709.44,7650.0,1237,1218,0.1204,0.003302
2026-09-08 11:03:16,SPX,7691.87,7709.44,7735.0,417,105,0.0977,0.003302
2026-09-08 11:03:16,SPX,7691.87,7709.44,7645.0,55,480,0.1229,0.003302
2026-09-08 11:03:16,SPX,7691.87,7709.44,7740.0,382,187,0.0983,0.003302
2026-09-08 11:03:16,SPX,7691.87,7709.44,7640.0,128,413,0.1248,0.003302
2026-09-08 11:03:16,SPX,7691.87,7709.44,7745.0,349,168,0.0988,0.003302
2026-09-08 11:03:16,SPX,7691.87,7709.44,7635.0,0,291,0.128,0.003302
2026-09-08 11:03:16,SPX,7691.87,7709.44,7750.0,2060,978,0.0995,0.003302
2026-09-08 11:03:16,SPX,7691.87,7709.44,7630.0,52,324,0.1297,0.003302
2026-09-08 11:03:16,SPX,7691.87,7709.44,7755.0,667,260,0.1004,0.003302
2026-09-08 11:03:16,SPX,7691.87,7709.44,7625.0,1357,2570,0.1319,0.003302
2026-09-08 11:03:16,SPX,7691.87,7709.44,7760.0,1227,102,0.1014,0.003302
2026-09-08 11:03:16,SPX,7691.87,7709.44,7620.0,83,1484,0.1325,0.003302
2026-09-08 11:03:16,SPX,7691.87,7709.44,7765.0,1349,38,0.1028,0.003302
2026-09-08 11:03:16,SPX,7691.87,7709.44,7615.0,20,230,0.1347,0.003302
2026-09-08 11:03:16,SPX,7691.87,7709.44,7770.0,474,71,0.1046,0.003302
2026-09-08 11:03:16,SPX,7691.87,7709.44,7610.0,32,346,0.1378,0.003302
2026-09-08 11:03:16,SPX,7691.87,7709.44,7775.0,1782,104,0.1065,0.003302
2026-09-08 11:03:16,SPX,7691.87,7709.44,7605.0,40,240,0.1382,0.003302
2026-09-08 11:03:16,SPX,7691.87,7709.44,7780.0,4143,62,0.1085,0.003302
2026-09-08 11:03:16,SPX,7691.87,7709.44,7600.0,1122,3145,0.1409,0.003302
2026-09-08 11:03:16,SPX,7691.87,7709.44,7785.0,789,20,0.1106,0.003302
2026-09-08 11:03:16,SPX,7691.87,7709.44,7595.0,26,322,0.1433,0.003302
2026-09-08 11:03:16,SPX,7691.87,7709.44,7790.0,535,23,0.1127,0.003302
2026-09-08 11:03:16,SPX,7691.87,7709.44,7590.0,44,286,0.1459,0.003302
2026-09-08 11:03:16,SPX,7691.87,7709.44,7795.0,3116,25,0.1149,0.003302
2026-09-08 11:03:16,SPX,7691.87,7709.44,7585.0,4,184,0.1483,0.003302
2026-09-08 11:03:16,SPX,7691.87,7709.44,7800.0,3280,88,0.1172,0.003302
2026-09-08 11:03:16,SPX,7691.87,7709.44,7580.0,6,526,0.151,0.003302
2026-09-08 11:03:16,SPX,7691.87,7709.44,7805.0,644,9,0.1196,0.003302
2026-09-08 11:03:16,SPX,7691.87,7709.44,7575.0,172,2591,0.1531,0.003302
2026-09-08 11:03:16,SPX,7691.87,7709.44,7810.0,2736,36,0.122,0.003302
2026-09-08 11:03:16,SPX,7691.87,7709.44,7570.0,8,297,0.1547,0.003302
2026-09-08 11:03:16,SPX,7691.87,7709.44,7815.0,1624,10,0.1244,0.003302
2026-09-08 11:03:16,SPX,7691.87,7709.44,7690.0,105,258,0.1106,0.00604
2026-09-08 11:03:16,SPX,7691.87,7709.44,7695.0,67,179,0.1095,0.00604
2026-09-08 11:03:16,SPX,7691.87,7709.44,7685.0,122,715,0.1117,0.00604
2026-09-08 11:03:16,SPX,7691.87,7709.44,7700.0,945,1810,0.1082,0.00604
2026-09-08 11:03:16,SPX,7691.87,7709.44,7680.0,98,605,0.1127,0.00604
2026-09-08 11:03:16,SPX,7691.87,7709.44,7705.0,197,161,0.1071,0.00604
2026-09-08 11:03:16,SPX,7691.87,7709.44,7675.0,368,1333,0.1139,0.00604
2026-09-08 11:03:16,SPX,7691.87,7709.44,7710.0,288,863,0.106,0.00604
2026-09-08 11:03:16,SPX,7691.87,7709.44,7670.0,104,341,0.1151,0.00604
2026-09-08 11:03:16,SPX,7691.87,7709.44,7715.0,127,1504,0.1047,0.00604
2026-09-08 11:03:16,SPX,7691.87,7709.44,7665.0,55,482,0.1163,0.00604
2026-09-08 11:03:16,SPX,7691.87,7709.44,7660.0,0,543,0.15,0.00604
2026-09-08 11:03:16,SPX,7691.87,7709.44,7730.0,757,145,0.1023,0.00604
2026-09-08 11:03:16,SPX,7691.87,7709.44,7650.0,0,777,0.1208,0.00604
2026-09-08 11:03:16,SPX,7691.87,7709.44,7735.0,0,146,0.1019,0.00604
2026-09-08 11:03:16,SPX,7691.87,7709.44,7645.0,0,137,0.1226,0.00604
2026-09-08 11:03:16,SPX,7691.87,7709.44,7640.0,48,222,0.1246,0.00604
2026-09-08 11:03:16,SPX,7691.87,7709.44,7745.0,196,120,0.1012,0.00604
2026-09-08 11:03:16,SPX,7691.87,7709.44,7635.0,98,249,0.1263,0.00604
2026-09-08 11:03:16,SPX,7691.87,7709.44,7750.0,2811,679,0.1009,0.00604
2026-09-08 11:03:16,SPX,7691.87,7709.44,7630.0,30,462,0.1274,0.00604
2026-09-08 11:03:16,SPX,7691.87,7709.44,7755.0,979,102,0.1005,0.00604
2026-09-08 11:03:16,SPX,7691.87,7709.44,7625.0,38,198,0.1286,0.00604
2026-09-08 11:03:16,SPX,7691.87,7709.44,7760.0,720,120,0.1001,0.00604
2026-09-08 11:03:16,SPX,7691.87,7709.44,7620.0,37,861,0.1302,0.00604
2026-09-08 11:03:16,SPX,7691.87,7709.44,7765.0,1654,81,0.0998,0.00604
2026-09-08 11:03:16,SPX,7691.87,7709.44,7615.0,17,289,0.1323,0.00604
2026-09-08 11:03:16,SPX,7691.87,7709.44,7770.0,436,66,0.0996,0.00604
2026-09-08 11:03:16,SPX,7691.87,7709.44,7610.0,101,1087,0.1343,0.00604
2026-09-08 11:03:16,SPX,7691.87,7709.44,7775.0,1820,82,0.0995,0.00604
2026-09-08 11:03:16,SPX,7691.87,7709.44,7605.0,43,184,0.1359,0.00604
2026-09-08 11:03:16,SPX,7691.87,7709.44,7780.0,857,33,0.0997,0.00604
2026-09-08 11:03:16,SPX,7691.87,7709.44,7600.0,311,3709,0.137,0.00604
2026-09-08 11:03:16,SPX,7691.87,7709.44,7785.0,605,6,0.1,0.00604
2026-09-08 11:03:16,SPX,7691.87,7709.44,7595.0,23,1378,0.1382,0.00604
2026-09-08 11:03:16,SPX,7691.87,7709.44,7790.0,428,19,0.1005,0.00604
2026-09-08 11:03:16,SPX,7691.87,7709.44,7590.0,14,1073,0.1403,0.00604
2026-09-08 11:03:16,SPX,7691.87,7709.44,7795.0,366,4,0.1012,0.00604
2026-09-08 11:03:16,SPX,7691.87,7709.44,7585.0,93,170,0.1422,0.00604
2026-09-08 11:03:16,SPX,7691.87,7709.44,7800.0,1384,554,0.1021,0.00604
2026-09-08 11:03:16,SPX,7691.87,7709.44,7580.0,4,342,0.1438,0.00604
2026-09-08 11:03:16,SPX,7691.87,7709.44,7805.0,342,0,0.1032,0.00604
2026-09-08 11:03:16,SPX,7691.87,7709.44,7575.0,46,309,0.1454,0.00604
2026-09-08 11:03:16,SPX,7691.87,7709.44,7810.0,674,7,0.1044,0.00604
2026-09-08 11:03:16,SPX,7691.87,7709.44,7570.0,0,431,0.1468,0.00604
2026-09-08 11:03:16,SPX,7691.87,7709.44,7815.0,215,13,0.1058,0.00604
2026-09-08 11:33:39,SPX,7693.52,7709.53,7695.0,2214,818,0.1116,0.000506
2026-09-08 11:33:39,SPX,7693.52,7709.53,7690.0,470,1436,0.1135,0.000506
2026-09-08 11:33:39,SPX,7693.52,7709.53,7700.0,2792,4391,0.111,0.000506
2026-09-08 11:33:39,SPX,7693.52,7709.53,7685.0,302,2088,0.1166,0.000506
2026-09-08 11:33:39,SPX,7693.52,7709.53,7705.0,464,887,0.11,0.000506
2026-09-08 11:33:39,SPX,7693.52,7709.53,7680.0,831,2687,0.1188,0.000506
2026-09-08 11:33:39,SPX,7693.52,7709.53,7710.0,1381,1326,0.1117,0.000506
2026-09-08 11:33:39,SPX,7693.52,7709.53,7675.0,958,2779,0.1242,0.000506
2026-09-08 11:33:39,SPX,7693.52,7709.53,7715.0,1475,1449,0.114,0.000506
2026-09-08 11:33:39,SPX,7693.52,7709.53,7670.0,475,2825,0.1284,0.000506
2026-09-08 11:33:39,SPX,7693.52,7709.53,7720.0,1489,1154,0.1181,0.000506
2026-09-08 11:33:39,SPX,7693.52,7709.53,7665.0,198,1068,0.1329,0.000506
2026-09-08 11:33:39,SPX,7693.52,7709.53,7725.0,1966,1527,0.1226,0.000506
2026-09-08 11:33:39,SPX,7693.52,7709.53,7660.0,185,1236,0.1382,0.000506
2026-09-08 11:33:39,SPX,7693.52,7709.53,7730.0,1078,886,0.128,0.000506
2026-09-08 11:33:39,SPX,7693.52,7709.53,7655.0,82,1287,0.1444,0.000506
2026-09-08 11:33:39,SPX,7693.52,7709.53,7735.0,796,261,0.1356,0.000506
2026-09-08 11:33:39,SPX,7693.52,7709.53,7650.0,663,5409,0.1508,0.000506
2026-09-08 11:33:39,SPX,7693.52,7709.53,7740.0,1856,572,0.1445,0.000506
2026-09-08 11:33:39,SPX,7693.52,7709.53,7645.0,149,844,0.1554,0.000506
2026-09-08 11:33:39,SPX,7693.52,7709.53,7745.0,1601,455,0.1531,0.000506
2026-09-08 11:33:39,SPX,7693.52,7709.53,7640.0,123,1861,0.1665,0.000506
2026-09-08 11:33:39,SPX,7693.52,7709.53,7750.0,4911,2071,0.1604,0.000506
2026-09-08 11:33:39,SPX,7693.52,7709.53,7635.0,148,1738,0.1707,0.000506
2026-09-08 11:33:39,SPX,7693.52,7709.53,7755.0,1773,629,0.1666,0.000506
2026-09-08 11:33:39,SPX,7693.52,7709.53,7630.0,191,2694,0.1827,0.000506
2026-09-08 11:33:39,SPX,7693.52,7709.53,7760.0,1784,154,0.1731,0.000506
2026-09-08 11:33:39,SPX,7693.52,7709.53,7625.0,863,2202,0.1884,0.000506
2026-09-08 11:33:39,SPX,7693.52,7709.53,7765.0,2092,170,0.1803,0.000506
2026-09-08 11:33:39,SPX,7693.52,7709.53,7620.0,173,2611,0.195,0.000506
2026-09-08 11:33:39,SPX,7693.52,7709.53,7770.0,1714,241,0.1882,0.000506
2026-09-08 11:33:39,SPX,7693.52,7709.53,7615.0,76,2178,0.2061,0.000506
2026-09-08 11:33:39,SPX,7693.52,7709.53,7775.0,2940,238,0.1966,0.000506
2026-09-08 11:33:39,SPX,7693.52,7709.53,7610.0,59,1434,0.2178,0.000506
2026-09-08 11:33:39,SPX,7693.52,7709.53,7780.0,3052,207,0.2056,0.000506
2026-09-08 11:33:39,SPX,7693.52,7709.53,7605.0,79,1226,0.2277,0.000506
2026-09-08 11:33:39,SPX,7693.52,7709.53,7785.0,4210,45,0.2152,0.000506
2026-09-08 11:33:39,SPX,7693.52,7709.53,7600.0,773,3225,0.2367,0.000506
2026-09-08 11:33:39,SPX,7693.52,7709.53,7790.0,3393,79,0.2251,0.000506
2026-09-08 11:33:39,SPX,7693.52,7709.53,7595.0,30,1339,0.2455,0.000506
2026-09-08 11:33:39,SPX,7693.52,7709.53,7795.0,2397,33,0.2354,0.000506
2026-09-08 11:33:39,SPX,7693.52,7709.53,7590.0,75,943,0.2544,0.000506
2026-09-08 11:33:39,SPX,7693.52,7709.53,7800.0,7554,1032,0.2458,0.000506
2026-09-08 11:33:39,SPX,7693.52,7709.53,7585.0,39,1980,0.2633,0.000506
2026-09-08 11:33:39,SPX,7693.52,7709.53,7805.0,3147,21,0.2562,0.000506
2026-09-08 11:33:39,SPX,7693.52,7709.53,7580.0,86,867,0.2721,0.000506
2026-09-08 11:33:39,SPX,7693.52,7709.53,7810.0,2796,64,0.2666,0.000506
2026-09-08 11:33:39,SPX,7693.52,7709.53,7575.0,125,4734,0.2809,0.000506
2026-09-08 11:33:39,SPX,7693.52,7709.53,7815.0,3071,19,0.2767,0.000506
2026-09-08 11:33:39,SPX,7693.52,7709.53,7570.0,22,912,0.2898,0.000506
2026-09-08 11:33:39,SPX,7693.52,7709.53,7695.0,905,3352,0.1064,0.003244
2026-09-08 11:33:39,SPX,7693.52,7709.53,7690.0,226,362,0.108,0.003244
2026-09-08 11:33:39,SPX,7693.52,7709.53,7700.0,2097,1886,0.105,0.003244
2026-09-08 11:33:39,SPX,7693.52,7709.53,7685.0,111,206,0.1093,0.003244
2026-09-08 11:33:39,SPX,7693.52,7709.53,7705.0,229,513,0.1037,0.003244
2026-09-08 11:33:39,SPX,7693.52,7709.53,7680.0,112,814,0.111,0.003244
2026-09-08 11:33:39,SPX,7693.52,7709.53,7710.0,401,341,0.1027,0.003244
2026-09-08 11:33:39,SPX,7693.52,7709.53,7675.0,395,3776,0.113,0.003244
2026-09-08 11:33:39,SPX,7693.52,7709.53,7715.0,612,262,0.1017,0.003244
2026-09-08 11:33:39,SPX,7693.52,7709.53,7670.0,337,706,0.1147,0.003244
2026-09-08 11:33:39,SPX,7693.52,7709.53,7720.0,528,464,0.1008,0.003244
2026-09-08 11:33:39,SPX,7693.52,7709.53,7665.0,92,408,0.1165,0.003244
2026-09-08 11:33:39,SPX,7693.52,7709.53,7725.0,787,546,0.0998,0.003244
2026-09-08 11:33:39,SPX,7693.52,7709.53,7660.0,86,866,0.1184,0.003244
2026-09-08 11:33:39,SPX,7693.52,7709.53,7730.0,688,272,0.0992,0.003244
2026-09-08 11:33:39,SPX,7693.52,7709.53,7655.0,58,442,0.1214,0.003244
2026-09-08 11:33:39,SPX,7693.52,7709.53,7735.0,417,105,0.0993,0.003244
2026-09-08 11:33:39,SPX,7693.52,7709.53,7650.0,1237,1218,0.1232,0.003244
2026-09-08 11:33:39,SPX,7693.52,7709.53,7740.0,382,187,0.0992,0.003244
2026-09-08 11:33:39,SPX,7693.52,7709.53,7645.0,55,480,0.1243,0.003244
2026-09-08 11:33:39,SPX,7693.52,7709.53,7745.0,349,168,0.0995,0.003244
2026-09-08 11:33:39,SPX,7693.52,7709.53,7640.0,128,413,0.1276,0.003244
2026-09-08 11:33:39,SPX,7693.52,7709.53,7750.0,2060,978,0.1003,0.003244
2026-09-08 11:33:39,SPX,7693.52,7709.53,7635.0,80,291,0.1275,0.003244
2026-09-08 11:33:39,SPX,7693.52,7709.53,7755.0,667,260,0.1014,0.003244
2026-09-08 11:33:39,SPX,7693.52,7709.53,7630.0,52,324,0.1294,0.003244
2026-09-08 11:33:39,SPX,7693.52,7709.53,7760.0,1227,102,0.1027,0.003244
2026-09-08 11:33:39,SPX,7693.52,7709.53,7625.0,1357,2570,0.1328,0.003244
2026-09-08 11:33:39,SPX,7693.52,7709.53,7765.0,1349,38,0.104,0.003244
2026-09-08 11:33:39,SPX,7693.52,7709.53,7620.0,83,1484,0.1347,0.003244
2026-09-08 11:33:39,SPX,7693.52,7709.53,7770.0,474,71,0.1054,0.003244
2026-09-08 11:33:39,SPX,7693.52,7709.53,7615.0,20,230,0.1366,0.003244
2026-09-08 11:33:39,SPX,7693.52,7709.53,7775.0,1782,104,0.1069,0.003244
2026-09-08 11:33:39,SPX,7693.52,7709.53,7610.0,32,346,0.1379,0.003244
2026-09-08 11:33:39,SPX,7693.52,7709.53,7780.0,4143,62,0.1086,0.003244
2026-09-08 11:33:39,SPX,7693.52,7709.53,7605.0,40,240,0.1403,0.003244
2026-09-08 11:33:39,SPX,7693.52,7709.53,7785.0,789,20,0.1103,0.003244
2026-09-08 11:33:39,SPX,7693.52,7709.53,7600.0,1122,3145,0.1433,0.003244
2026-09-08 11:33:39,SPX,7693.52,7709.53,7790.0,535,23,0.1122,0.003244
2026-09-08 11:33:39,SPX,7693.52,7709.53,7595.0,26,322,0.1438,0.003244
2026-09-08 11:33:39,SPX,7693.52,7709.53,7795.0,3116,25,0.1142,0.003244
2026-09-08 11:33:39,SPX,7693.52,7709.53,7590.0,44,286,0.1468,0.003244
2026-09-08 11:33:39,SPX,7693.52,7709.53,7800.0,3280,88,0.1163,0.003244
2026-09-08 11:33:39,SPX,7693.52,7709.53,7585.0,4,184,0.1494,0.003244
2026-09-08 11:33:39,SPX,7693.52,7709.53,7805.0,644,9,0.1185,0.003244
2026-09-08 11:33:39,SPX,7693.52,7709.53,7580.0,6,526,0.1516,0.003244
2026-09-08 11:33:39,SPX,7693.52,7709.53,7810.0,2736,36,0.1208,0.003244
2026-09-08 11:33:39,SPX,7693.52,7709.53,7575.0,172,2591,0.1538,0.003244
2026-09-08 11:33:39,SPX,7693.52,7709.53,7815.0,1624,10,0.1232,0.003244
2026-09-08 11:33:39,SPX,7693.52,7709.53,7570.0,8,297,0.1558,0.003244
2026-09-08 11:33:39,SPX,7693.52,7709.53,7695.0,67,179,0.1092,0.005982
2026-09-08 11:33:39,SPX,7693.52,7709.53,7690.0,105,258,0.1104,0.005982
2026-09-08 11:33:39,SPX,7693.52,7709.53,7700.0,945,1810,0.1084,0.005982
2026-09-08 11:33:39,SPX,7693.52,7709.53,7685.0,122,715,0.1112,0.005982
2026-09-08 11:33:39,SPX,7693.52,7709.53,7705.0,197,161,0.1073,0.005982
2026-09-08 11:33:39,SPX,7693.52,7709.53,7680.0,98,605,0.1128,0.005982
2026-09-08 11:33:39,SPX,7693.52,7709.53,7710.0,288,863,0.1062,0.005982
2026-09-08 11:33:39,SPX,7693.52,7709.53,7675.0,368,1333,0.1141,0.005982
2026-09-08 11:33:39,SPX,7693.52,7709.53,7715.0,127,1504,0.1053,0.005982
2026-09-08 11:33:39,SPX,7693.52,7709.53,7670.0,104,341,0.1158,0.005982
2026-09-08 11:33:39,SPX,7693.52,7709.53,7720.0,210,294,0.1043,0.005982
2026-09-08 11:33:39,SPX,7693.52,7709.53,7665.0,55,482,0.1174,0.005982
2026-09-08 11:33:39,SPX,7693.52,7709.53,7725.0,893,660,0.1034,0.005982
2026-09-08 11:33:39,SPX,7693.52,7709.53,7660.0,105,543,0.1191,0.005982
2026-09-08 11:33:39,SPX,7693.52,7709.53,7730.0,757,145,0.1024,0.005982
2026-09-08 11:33:39,SPX,7693.52,7709.53,7655.0,78,221,0.1201,0.005982
2026-09-08 11:33:39,SPX,7693.52,7709.53,7735.0,160,146,0.1014,0.005982
2026-09-08 11:33:39,SPX,7693.52,7709.53,7650.0,146,777,0.1209,0.005982
2026-09-08 11:33:39,SPX,7693.52,7709.53,7740.0,1482,1463,0.1007,0.005982
2026-09-08 11:33:39,SPX,7693.52,7709.53,7645.0,34,137,0.1224,0.005982
2026-09-08 11:33:39,SPX,7693.52,7709.53,7745.0,196,120,0.1003,0.005982
2026-09-08 11:33:39,SPX,7693.52,7709.53,7640.0,48,222,0.1244,0.005982
2026-09-08 11:33:39,SPX,7693.52,7709.53,7750.0,2811,679,0.1002,0.005982
2026-09-08 11:33:39,SPX,7693.52,7709.53,7635.0,98,249,0.1264,0.005982
2026-09-08 11:33:39,SPX,7693.52,7709.53,7755.0,979,102,0.1001,0.005982
2026-09-08 11:33:39,SPX,7693.52,7709.53,7630.0,30,462,0.1278,0.005982
2026-09-08 11:33:39,SPX,7693.52,7709.53,7760.0,720,120,0.1001,0.005982
2026-09-08 11:33:39,SPX,7693.52,7709.53,7625.0,38,198,0.1291,0.005982
2026-09-08 11:33:39,SPX,7693.52,7709.53,7765.0,1654,81,0.1001,0.005982
2026-09-08 11:33:39,SPX,7693.52,7709.53,7620.0,37,861,0.1307,0.005982
2026-09-08 11:33:39,SPX,7693.52,7709.53,7770.0,436,66,0.1002,0.005982
2026-09-08 11:33:39,SPX,7693.52,7709.53,7615.0,17,289,0.1322,0.005982
2026-09-08 11:33:39,SPX,7693.52,7709.53,7775.0,1820,82,0.1003,0.005982
2026-09-08 11:33:39,SPX,7693.52,7709.53,7610.0,101,1087,0.133,0.005982
2026-09-08 11:33:39,SPX,7693.52,7709.53,7780.0,857,33,0.1003,0.005982
2026-09-08 11:33:39,SPX,7693.52,7709.53,7605.0,43,184,0.1348,0.005982
2026-09-08 11:33:39,SPX,7693.52,7709.53,7785.0,605,6,0.1005,0.005982
2026-09-08 11:33:39,SPX,7693.52,7709.53,7600.0,311,3709,0.1367,0.005982
2026-09-08 11:33:39,SPX,7693.52,7709.53,7790.0,428,19,0.1008,0.005982
2026-09-08 11:33:39,SPX,7693.52,7709.53,7595.0,23,1378,0.1389,0.005982
2026-09-08 11:33:39,SPX,7693.52,7709.53,7795.0,366,4,0.1012,0.005982
2026-09-08 11:33:39,SPX,7693.52,7709.53,7590.0,14,1073,0.1406,0.005982
2026-09-08 11:33:39,SPX,7693.52,7709.53,7800.0,1384,554,0.1018,0.005982
2026-09-08 11:33:39,SPX,7693.52,7709.53,7585.0,93,170,0.1422,0.005982
2026-09-08 11:33:39,SPX,7693.52,7709.53,7805.0,342,0,0.1026,0.005982
2026-09-08 11:33:39,SPX,7693.52,7709.53,7580.0,4,342,0.1435,0.005982
2026-09-08 11:33:39,SPX,7693.52,7709.53,7810.0,674,7,0.1036,0.005982
2026-09-08 11:33:39,SPX,7693.52,7709.53,7575.0,46,309,0.1449,0.005982
2026-09-08 11:33:39,SPX,7693.52,7709.53,7815.0,215,13,0.1047,0.005982
2026-09-08 11:33:39,SPX,7693.52,7709.53,7570.0,2,431,0.1463,0.005982
2026-09-08 12:04:03,SPX,7688.99,7708.5,7690.0,470,1436,0.1041,0.000449
2026-09-08 12:04:03,SPX,7688.99,7708.5,7685.0,302,2088,0.1062,0.000449
2026-09-08 12:04:03,SPX,7688.99,7708.5,7695.0,2214,818,0.103,0.000449
2026-09-08 12:04:03,SPX,7688.99,7708.5,7680.0,831,2687,0.1099,0.000449
2026-09-08 12:04:03,SPX,7688.99,7708.5,7700.0,2792,4391,0.1034,0.000449
2026-09-08 12:04:03,SPX,7688.99,7708.5,7675.0,958,2779,0.1145,0.000449
2026-09-08 12:04:03,SPX,7688.99,7708.5,7705.0,464,887,0.1056,0.000449
2026-09-08 12:04:03,SPX,7688.99,7708.5,7670.0,475,2825,0.1189,0.000449
2026-09-08 12:04:03,SPX,7688.99,7708.5,7710.0,1381,1326,0.1095,0.000449
2026-09-08 12:04:03,SPX,7688.99,7708.5,7665.0,198,1068,0.1239,0.000449
2026-09-08 12:04:03,SPX,7688.99,7708.5,7715.0,1475,1449,0.1149,0.000449
2026-09-08 12:04:03,SPX,7688.99,7708.5,7660.0,185,1236,0.1294,0.000449
2026-09-08 12:04:03,SPX,7688.99,7708.5,7720.0,1489,1154,0.1222,0.000449
2026-09-08 12:04:03,SPX,7688.99,7708.5,7655.0,82,1287,0.1367,0.000449
2026-09-08 12:04:03,SPX,7688.99,7708.5,7725.0,1966,1527,0.1312,0.000449
2026-09-08 12:04:03,SPX,7688.99,7708.5,7650.0,663,5409,0.1426,0.000449
2026-09-08 12:04:03,SPX,7688.99,7708.5,7730.0,1078,886,0.1406,0.000449
2026-09-08 12:04:03,SPX,7688.99,7708.5,7645.0,149,844,0.1521,0.000449
2026-09-08 12:04:03,SPX,7688.99,7708.5,7735.0,796,261,0.1493,0.000449
2026-09-08 12:04:03,SPX,7688.99,7708.5,7640.0,123,1861,0.1559,0.000449
2026-09-08 12:04:03,SPX,7688.99,7708.5,7740.0,1856,572,0.1561,0.000449
2026-09-08 12:04:03,SPX,7688.99,7708.5,7635.0,148,1738,0.1682,0.000449
2026-09-08 12:04:03,SPX,7688.99,7708.5,7745.0,1601,455,0.1627,0.000449
2026-09-08 12:04:03,SPX,7688.99,7708.5,7630.0,191,2694,0.1745,0.000449
2026-09-08 12:04:03,SPX,7688.99,7708.5,7750.0,4911,2071,0.1701,0.000449
2026-09-08 12:04:03,SPX,7688.99,7708.5,7625.0,863,2202,0.1861,0.000449
2026-09-08 12:04:03,SPX,7688.99,7708.5,7755.0,1773,629,0.1777,0.000449
2026-09-08 12:04:03,SPX,7688.99,7708.5,7620.0,173,2611,0.1936,0.000449
2026-09-08 12:04:03,SPX,7688.99,7708.5,7760.0,1784,154,0.1878,0.000449
2026-09-08 12:04:03,SPX,7688.99,7708.5,7615.0,76,2178,0.204,0.000449
2026-09-08 12:04:03,SPX,7688.99,7708.5,7765.0,2092,170,0.1984,0.000449
2026-09-08 12:04:03,SPX,7688.99,7708.5,7610.0,59,1434,0.2158,0.000449
2026-09-08 12:04:03,SPX,7688.99,7708.5,7770.0,1714,241,0.2092,0.000449
2026-09-08 12:04:03,SPX,7688.99,7708.5,7605.0,79,1226,0.2267,0.000449
2026-09-08 12:04:03,SPX,7688.99,7708.5,7775.0,2940,238,0.22,0.000449
2026-09-08 12:04:03,SPX,7688.99,7708.5,7600.0,773,3225,0.2369,0.000449
2026-09-08 12:04:03,SPX,7688.99,7708.5,7780.0,3052,207,0.2307,0.000449
2026-09-08 12:04:03,SPX,7688.99,7708.5,7595.0,30,1339,0.2469,0.000449
2026-09-08 12:04:03,SPX,7688.99,7708.5,7785.0,4210,45,0.2412,0.000449
2026-09-08 12:04:03,SPX,7688.99,7708.5,7590.0,75,943,0.2565,0.000449
2026-09-08 12:04:03,SPX,7688.99,7708.5,7790.0,3393,79,0.2513,0.000449
2026-09-08 12:04:03,SPX,7688.99,7708.5,7585.0,39,1980,0.2658,0.000449
2026-09-08 12:04:03,SPX,7688.99,7708.5,7795.0,2397,33,0.261,0.000449
2026-09-08 12:04:03,SPX,7688.99,7708.5,7580.0,86,867,0.2749,0.000449
2026-09-08 12:04:03,SPX,7688.99,7708.5,7800.0,7554,1032,0.27,0.000449
2026-09-08 12:04:03,SPX,7688.99,7708.5,7575.0,125,4734,0.2843,0.000449
2026-09-08 12:04:03,SPX,7688.99,7708.5,7805.0,3147,21,0.2782,0.000449
2026-09-08 12:04:03,SPX,7688.99,7708.5,7570.0,22,912,0.294,0.000449
2026-09-08 12:04:03,SPX,7688.99,7708.5,7810.0,2796,64,0.2856,0.000449
2026-09-08 12:04:03,SPX,7688.99,7708.5,7565.0,13,4238,0.3041,0.000449
2026-09-08 12:04:03,SPX,7688.99,7708.5,7690.0,226,362,0.1038,0.003186
2026-09-08 12:04:03,SPX,7688.99,7708.5,7685.0,111,206,0.1053,0.003186
2026-09-08 12:04:03,SPX,7688.99,7708.5,7695.0,905,3352,0.1023,0.003186
2026-09-08 12:04:03,SPX,7688.99,7708.5,7680.0,112,814,0.1067,0.003186
2026-09-08 12:04:03,SPX,7688.99,7708.5,7700.0,2097,1886,0.1011,0.003186
2026-09-08 12:04:03,SPX,7688.99,7708.5,7675.0,395,3776,0.1086,0.003186
2026-09-08 12:04:03,SPX,7688.99,7708.5,7705.0,229,513,0.0997,0.003186
2026-09-08 12:04:03,SPX,7688.99,7708.5,7670.0,337,706,0.1101,0.003186
2026-09-08 12:04:03,SPX,7688.99,7708.5,7710.0,401,341,0.0988,0.003186
2026-09-08 12:04:03,SPX,7688.99,7708.5,7665.0,92,408,0.1129,0.003186
2026-09-08 12:04:03,SPX,7688.99,7708.5,7715.0,612,262,0.098,0.003186
2026-09-08 12:04:03,SPX,7688.99,7708.5,7660.0,86,866,0.1137,0.003186
2026-09-08 12:04:03,SPX,7688.99,7708.5,7720.0,528,464,0.097,0.003186
2026-09-08 12:04:03,SPX,7688.99,7708.5,7655.0,58,442,0.1167,0.003186
2026-09-08 12:04:03,SPX,7688.99,7708.5,7725.0,787,546,0.0964,0.003186
2026-09-08 12:04:03,SPX,7688.99,7708.5,7650.0,1237,1218,0.1178,0.003186
2026-09-08 12:04:03,SPX,7688.99,7708.5,7730.0,688,272,0.0961,0.003186
2026-09-08 12:04:03,SPX,7688.99,7708.5,7645.0,55,480,0.1195,0.003186
2026-09-08 12:04:03,SPX,7688.99,7708.5,7735.0,417,105,0.0962,0.003186
2026-09-08 12:04:03,SPX,7688.99,7708.5,7640.0,128,413,0.1211,0.003186
2026-09-08 12:04:03,SPX,7688.99,7708.5,7740.0,382,187,0.0966,0.003186
2026-09-08 12:04:03,SPX,7688.99,7708.5,7635.0,80,291,0.1231,0.003186
2026-09-08 12:04:03,SPX,7688.99,7708.5,7745.0,349,168,0.0973,0.003186
2026-09-08 12:04:03,SPX,7688.99,7708.5,7630.0,52,324,0.1247,0.003186
2026-09-08 12:04:03,SPX,7688.99,7708.5,7750.0,2060,978,0.0984,0.003186
2026-09-08 12:04:03,SPX,7688.99,7708.5,7625.0,1357,2570,0.128,0.003186
2026-09-08 12:04:03,SPX,7688.99,7708.5,7755.0,667,260,0.0999,0.003186
2026-09-08 12:04:03,SPX,7688.99,7708.5,7620.0,83,1484,0.1296,0.003186
2026-09-08 12:04:03,SPX,7688.99,7708.5,7760.0,1227,102,0.1016,0.003186
2026-09-08 12:04:03,SPX,7688.99,7708.5,7615.0,20,230,0.1316,0.003186
2026-09-08 12:04:03,SPX,7688.99,7708.5,7765.0,1349,38,0.1035,0.003186
2026-09-08 12:04:03,SPX,7688.99,7708.5,7610.0,32,346,0.1327,0.003186
2026-09-08 12:04:03,SPX,7688.99,7708.5,7770.0,474,71,0.1054,0.003186
2026-09-08 12:04:03,SPX,7688.99,7708.5,7605.0,40,240,0.1344,0.003186
2026-09-08 12:04:03,SPX,7688.99,7708.5,7775.0,1782,104,0.1074,0.003186
2026-09-08 12:04:03,SPX,7688.99,7708.5,7600.0,1122,3145,0.1362,0.003186
2026-09-08 12:04:03,SPX,7688.99,7708.5,7780.0,4143,62,0.1095,0.003186
2026-09-08 12:04:03,SPX,7688.99,7708.5,7595.0,26,322,0.1393,0.003186
2026-09-08 12:04:03,SPX,7688.99,7708.5,7785.0,789,20,0.1117,0.003186
2026-09-08 12:04:03,SPX,7688.99,7708.5,7590.0,44,286,0.1416,0.003186
2026-09-08 12:04:03,SPX,7688.99,7708.5,7790.0,535,23,0.114,0.003186
2026-09-08 12:04:03,SPX,7688.99,7708.5,7585.0,4,184,0.1441,0.003186
2026-09-08 12:04:03,SPX,7688.99,7708.5,7795.0,3116,25,0.1165,0.003186
2026-09-08 12:04:03,SPX,7688.99,7708.5,7580.0,6,526,0.1463,0.003186
2026-09-08 12:04:03,SPX,7688.99,7708.5,7800.0,3280,88,0.1192,0.003186
2026-09-08 12:04:03,SPX,7688.99,7708.5,7575.0,172,2591,0.1484,0.003186
2026-09-08 12:04:03,SPX,7688.99,7708.5,7805.0,644,9,0.1221,0.003186
2026-09-08 12:04:03,SPX,7688.99,7708.5,7570.0,8,297,0.1502,0.003186
2026-09-08 12:04:03,SPX,7688.99,7708.5,7810.0,2736,36,0.1252,0.003186
2026-09-08 12:04:03,SPX,7688.99,7708.5,7565.0,8,224,0.152,0.003186
2026-09-08 12:04:03,SPX,7688.99,7708.5,7690.0,105,258,0.1081,0.005924
2026-09-08 12:04:03,SPX,7688.99,7708.5,7685.0,122,715,0.1093,0.005924
2026-09-08 12:04:03,SPX,7688.99,7708.5,7695.0,67,179,0.1071,0.005924
2026-09-08 12:04:03,SPX,7688.99,7708.5,7680.0,98,605,0.1104,0.005924
2026-09-08 12:04:03,SPX,7688.99,7708.5,7700.0,945,1810,0.1063,0.005924
2026-09-08 12:04:03,SPX,7688.99,7708.5,7675.0,368,1333,0.1118,0.005924
2026-09-08 12:04:03,SPX,7688.99,7708.5,7705.0,197,161,0.1054,0.005924
2026-09-08 12:04:03,SPX,7688.99,7708.5,7670.0,104,341,0.1131,0.005924
2026-09-08 12:04:03,SPX,7688.99,7708.5,7710.0,288,863,0.1043,0.005924
2026-09-08 12:04:03,SPX,7688.99,7708.5,7665.0,55,482,0.1149,0.005924
2026-09-08 12:04:03,SPX,7688.99,7708.5,7715.0,127,1504,0.1032,0.005924
2026-09-08 12:04:03,SPX,7688.99,7708.5,7660.0,105,543,0.1164,0.005924
2026-09-08 12:04:03,SPX,7688.99,7708.5,7720.0,210,294,0.102,0.005924
2026-09-08 12:04:03,SPX,7688.99,7708.5,7655.0,78,221,0.1177,0.005924
2026-09-08 12:04:03,SPX,7688.99,7708.5,7725.0,893,660,0.101,0.005924
2026-09-08 12:04:03,SPX,7688.99,7708.5,7650.0,146,777,0.119,0.005924
2026-09-08 12:04:03,SPX,7688.99,7708.5,7730.0,757,145,0.1003,0.005924
2026-09-08 12:04:03,SPX,7688.99,7708.5,7645.0,34,137,0.1202,0.005924
2026-09-08 12:04:03,SPX,7688.99,7708.5,7735.0,160,146,0.0998,0.005924
2026-09-08 12:04:03,SPX,7688.99,7708.5,7640.0,48,222,0.1215,0.005924
2026-09-08 12:04:03,SPX,7688.99,7708.5,7740.0,1482,1463,0.0994,0.005924
2026-09-08 12:04:03,SPX,7688.99,7708.5,7635.0,98,249,0.1228,0.005924
2026-09-08 12:04:03,SPX,7688.99,7708.5,7745.0,196,120,0.0992,0.005924
2026-09-08 12:04:03,SPX,7688.99,7708.5,7630.0,30,462,0.1242,0.005924
2026-09-08 12:04:03,SPX,7688.99,7708.5,7750.0,2811,679,0.099,0.005924
2026-09-08 12:04:03,SPX,7688.99,7708.5,7625.0,38,198,0.1258,0.005924
2026-09-08 12:04:03,SPX,7688.99,7708.5,7755.0,979,102,0.0989,0.005924
2026-09-08 12:04:03,SPX,7688.99,7708.5,7620.0,37,861,0.1276,0.005924
2026-09-08 12:04:03,SPX,7688.99,7708.5,7760.0,720,120,0.0988,0.005924
2026-09-08 12:04:03,SPX,7688.99,7708.5,7615.0,17,289,0.1293,0.005924
2026-09-08 12:04:03,SPX,7688.99,7708.5,7765.0,1654,81,0.0987,0.005924
2026-09-08 12:04:03,SPX,7688.99,7708.5,7610.0,101,1087,0.1308,0.005924
2026-09-08 12:04:03,SPX,7688.99,7708.5,7770.0,436,66,0.0986,0.005924
2026-09-08 12:04:03,SPX,7688.99,7708.5,7605.0,43,184,0.1321,0.005924
2026-09-08 12:04:03,SPX,7688.99,7708.5,7775.0,1820,82,0.0986,0.005924
2026-09-08 12:04:03,SPX,7688.99,7708.5,7600.0,311,3709,0.1331,0.005924
2026-09-08 12:04:03,SPX,7688.99,7708.5,7780.0,857,33,0.0988,0.005924
2026-09-08 12:04:03,SPX,7688.99,7708.5,7595.0,23,1378,0.1344,0.005924
2026-09-08 12:04:03,SPX,7688.99,7708.5,7785.0,605,6,0.0992,0.005924
2026-09-08 12:04:03,SPX,7688.99,7708.5,7590.0,14,1073,0.1368,0.005924
2026-09-08 12:04:03,SPX,7688.99,7708.5,7790.0,428,19,0.0997,0.005924
2026-09-08 12:04:03,SPX,7688.99,7708.5,7585.0,93,170,0.1389,0.005924
2026-09-08 12:04:03,SPX,7688.99,7708.5,7795.0,366,4,0.1005,0.005924
2026-09-08 12:04:03,SPX,7688.99,7708.5,7580.0,4,342,0.1406,0.005924
2026-09-08 12:04:03,SPX,7688.99,7708.5,7800.0,1384,554,0.1014,0.005924
2026-09-08 12:04:03,SPX,7688.99,7708.5,7575.0,46,309,0.1422,0.005924
2026-09-08 12:04:03,SPX,7688.99,7708.5,7805.0,342,0,0.1026,0.005924
2026-09-08 12:04:03,SPX,7688.99,7708.5,7570.0,2,431,0.1436,0.005924
2026-09-08 12:04:03,SPX,7688.99,7708.5,7810.0,674,7,0.1039,0.005924
2026-09-08 12:04:03,SPX,7688.99,7708.5,7565.0,33,206,0.1448,0.005924
2026-09-08 12:34:26,SPX,7686.86,7707.95,7685.0,302,2088,0.1052,0.000391
2026-09-08 12:34:26,SPX,7686.86,7707.95,7690.0,470,1436,0.1037,0.000391
2026-09-08 12:34:26,SPX,7686.86,7707.95,7680.0,831,2687,0.1079,0.000391
2026-09-08 12:34:26,SPX,7686.86,7707.95,7695.0,2214,818,0.1026,0.000391
2026-09-08 12:34:26,SPX,7686.86,7707.95,7675.0,958,2779,0.1128,0.000391
2026-09-08 12:34:26,SPX,7686.86,7707.95,7700.0,2792,4391,0.1046,0.000391
2026-09-08 12:34:26,SPX,7686.86,7707.95,7670.0,475,2825,0.118,0.000391
2026-09-08 12:34:26,SPX,7686.86,7707.95,7705.0,464,887,0.108,0.000391
2026-09-08 12:34:26,SPX,7686.86,7707.95,7665.0,198,1068,0.1233,0.000391
2026-09-08 12:34:26,SPX,7686.86,7707.95,7710.0,1381,1326,0.1133,0.000391
2026-09-08 12:34:26,SPX,7686.86,7707.95,7660.0,185,1236,0.1284,0.000391
2026-09-08 12:34:26,SPX,7686.86,7707.95,7715.0,1475,1449,0.12,0.000391
2026-09-08 12:34:26,SPX,7686.86,7707.95,7655.0,82,1287,0.1366,0.000391
2026-09-08 12:34:26,SPX,7686.86,7707.95,7720.0,1489,1154,0.129,0.000391
2026-09-08 12:34:26,SPX,7686.86,7707.95,7650.0,663,5409,0.1433,0.000391
2026-09-08 12:34:26,SPX,7686.86,7707.95,7725.0,1966,1527,0.1396,0.000391
2026-09-08 12:34:26,SPX,7686.86,7707.95,7645.0,149,844,0.1522,0.000391
2026-09-08 12:34:26,SPX,7686.86,7707.95,7730.0,1078,0,0.1494,0.000391
2026-09-08 12:34:26,SPX,7686.86,7707.95,7640.0,123,1861,0.1602,0.000391
2026-09-08 12:34:26,SPX,7686.86,7707.95,7735.0,796,261,0.1576,0.000391
2026-09-08 12:34:26,SPX,7686.86,7707.95,7635.0,148,1738,0.1688,0.000391
2026-09-08 12:34:26,SPX,7686.86,7707.95,7740.0,0,572,0.1656,0.000391
2026-09-08 12:34:26,SPX,7686.86,7707.95,7630.0,191,2694,0.18,0.000391
2026-09-08 12:34:26,SPX,7686.86,7707.95,7745.0,1601,455,0.1743,0.000391
2026-09-08 12:34:26,SPX,7686.86,7707.95,7625.0,863,2202,0.1916,0.000391
2026-09-08 12:34:26,SPX,7686.86,7707.95,7750.0,4911,2071,0.1839,0.000391
2026-09-08 12:34:26,SPX,7686.86,7707.95,7620.0,173,2611,0.2046,0.000391
2026-09-08 12:34:26,SPX,7686.86,7707.95,7755.0,1773,629,0.1943,0.000391
2026-09-08 12:34:26,SPX,7686.86,7707.95,7615.0,76,2178,0.2174,0.000391
2026-09-08 12:34:26,SPX,7686.86,7707.95,7760.0,1784,154,0.2055,0.000391
2026-09-08 12:34:26,SPX,7686.86,7707.95,7610.0,59,1434,0.228,0.000391
2026-09-08 12:34:26,SPX,7686.86,7707.95,7765.0,2092,170,0.2171,0.000391
2026-09-08 12:34:26,SPX,7686.86,7707.95,7605.0,79,1226,0.2366,0.000391
2026-09-08 12:34:26,SPX,7686.86,7707.95,7770.0,1714,241,0.2289,0.000391
2026-09-08 12:34:26,SPX,7686.86,7707.95,7600.0,773,3225,0.2446,0.000391
2026-09-08 12:34:26,SPX,7686.86,7707.95,7775.0,2940,238,0.2406,0.000391
2026-09-08 12:34:26,SPX,7686.86,7707.95,7595.0,30,1339,0.2534,0.000391
2026-09-08 12:34:26,SPX,7686.86,7707.95,7780.0,3052,207,0.2523,0.000391
2026-09-08 12:34:26,SPX,7686.86,7707.95,7590.0,75,943,0.2633,0.000391
2026-09-08 12:34:26,SPX,7686.86,7707.95,7785.0,4210,45,0.264,0.000391
2026-09-08 12:34:26,SPX,7686.86,7707.95,7585.0,39,1980,0.2742,0.000391
2026-09-08 12:34:26,SPX,7686.86,7707.95,7790.0,3393,79,0.2757,0.000391
2026-09-08 12:34:26,SPX,7686.86,7707.95,7580.0,86,867,0.2857,0.000391
2026-09-08 12:34:26,SPX,7686.86,7707.95,7795.0,2397,33,0.287,0.000391
2026-09-08 12:34:26,SPX,7686.86,7707.95,7575.0,125,4734,0.2976,0.000391
2026-09-08 12:34:26,SPX,7686.86,7707.95,7800.0,7554,1032,0.2978,0.000391
2026-09-08 12:34:26,SPX,7686.86,7707.95,7570.0,22,912,0.3096,0.000391
2026-09-08 12:34:26,SPX,7686.86,7707.95,7805.0,3147,21,0.3077,0.000391
2026-09-08 12:34:26,SPX,7686.86,7707.95,7565.0,13,4238,0.3214,0.000391
2026-09-08 12:34:26,SPX,7686.86,7707.95,7810.0,2796,64,0.3164,0.000391
2026-09-08 12:34:26,SPX,7686.86,7707.95,7685.0,111,206,0.105,0.003129
2026-09-08 12:34:26,SPX,7686.86,7707.95,7690.0,226,362,0.103,0.003129
2026-09-08 12:34:26,SPX,7686.86,7707.95,7680.0,112,814,0.107,0.003129
2026-09-08 12:34:26,SPX,7686.86,7707.95,7695.0,905,3352,0.1011,0.003129
2026-09-08 12:34:26,SPX,7686.86,7707.95,7675.0,395,3776,0.1083,0.003129
2026-09-08 12:34:26,SPX,7686.86,7707.95,7700.0,2097,1886,0.0997,0.003129
2026-09-08 12:34:26,SPX,7686.86,7707.95,7670.0,337,706,0.1101,0.003129
2026-09-08 12:34:26,SPX,7686.86,7707.95,7705.0,229,513,0.0988,0.003129
2026-09-08 12:34:26,SPX,7686.86,7707.95,7665.0,92,408,0.1115,0.003129
2026-09-08 12:34:26,SPX,7686.86,7707.95,7710.0,401,341,0.0981,0.003129
2026-09-08 12:34:26,SPX,7686.86,7707.95,7660.0,86,866,0.1131,0.003129
2026-09-08 12:34:26,SPX,7686.86,7707.95,7715.0,612,262,0.0976,0.003129
2026-09-08 12:34:26,SPX,7686.86,7707.95,7655.0,58,442,0.1152,0.003129
2026-09-08 12:34:26,SPX,7686.86,7707.95,7720.0,528,464,0.0972,0.003129
2026-09-08 12:34:26,SPX,7686.86,7707.95,7650.0,1237,1218,0.117,0.003129
2026-09-08 12:34:26,SPX,7686.86,7707.95,7725.0,787,546,0.0969,0.003129
2026-09-08 12:34:26,SPX,7686.86,7707.95,7645.0,55,480,0.1183,0.003129
2026-09-08 12:34:26,SPX,7686.86,7707.95,7730.0,688,272,0.0966,0.003129
2026-09-08 12:34:26,SPX,7686.86,7707.95,7640.0,128,413,0.1197,0.003129
2026-09-08 12:34:26,SPX,7686.86,7707.95,7735.0,417,105,0.0966,0.003129
2026-09-08 12:34:26,SPX,7686.86,7707.95,7635.0,80,291,0.1213,0.003129
2026-09-08 12:34:26,SPX,7686.86,7707.95,7740.0,382,187,0.0968,0.003129
2026-09-08 12:34:26,SPX,7686.86,7707.95,7630.0,52,324,0.1227,0.003129
2026-09-08 12:34:26,SPX,7686.86,7707.95,7745.0,349,168,0.0973,0.003129
2026-09-08 12:34:26,SPX,7686.86,7707.95,7625.0,1357,2570,0.1246,0.003129
2026-09-08 12:34:26,SPX,7686.86,7707.95,7750.0,2060,978,0.0981,0.003129
2026-09-08 12:34:26,SPX,7686.86,7707.95,7620.0,83,1484,0.128,0.003129
2026-09-08 12:34:26,SPX,7686.86,7707.95,7755.0,667,260,0.0993,0.003129
2026-09-08 12:34:26,SPX,7686.86,7707.95,7615.0,20,230,0.1293,0.003129
2026-09-08 12:34:26,SPX,7686.86,7707.95,7760.0,1227,102,0.1008,0.003129
2026-09-08 12:34:26,SPX,7686.86,7707.95,7610.0,32,346,0.1321,0.003129
2026-09-08 12:34:26,SPX,7686.86,7707.95,7765.0,1349,38,0.1026,0.003129
2026-09-08 12:34:26,SPX,7686.86,7707.95,7605.0,40,240,0.1331,0.003129
2026-09-08 12:34:26,SPX,7686.86,7707.95,7770.0,474,71,0.1048,0.003129
2026-09-08 12:34:26,SPX,7686.86,7707.95,7600.0,1122,3145,0.135,0.003129
2026-09-08 12:34:26,SPX,7686.86,7707.95,7775.0,1782,104,0.1072,0.003129
2026-09-08 12:34:26,SPX,7686.86,7707.95,7595.0,26,322,0.1366,0.003129
2026-09-08 12:34:26,SPX,7686.86,7707.95,7780.0,4143,62,0.1098,0.003129
2026-09-08 12:34:26,SPX,7686.86,7707.95,7590.0,44,286,0.139,0.003129
2026-09-08 12:34:26,SPX,7686.86,7707.95,7785.0,789,20,0.1126,0.003129
2026-09-08 12:34:26,SPX,7686.86,7707.95,7585.0,4,184,0.1419,0.003129
2026-09-08 12:34:26,SPX,7686.86,7707.95,7790.0,535,23,0.1155,0.003129
2026-09-08 12:34:26,SPX,7686.86,7707.95,7580.0,6,526,0.1454,0.003129
2026-09-08 12:34:26,SPX,7686.86,7707.95,7795.0,3116,25,0.1185,0.003129
2026-09-08 12:34:26,SPX,7686.86,7707.95,7575.0,172,2591,0.1482,0.003129
2026-09-08 12:34:26,SPX,7686.86,7707.95,7800.0,3280,88,0.1216,0.003129
2026-09-08 12:34:26,SPX,7686.86,7707.95,7570.0,8,297,0.1499,0.003129
2026-09-08 12:34:26,SPX,7686.86,7707.95,7805.0,644,9,0.1247,0.003129
2026-09-08 12:34:26,SPX,7686.86,7707.95,7565.0,8,224,0.1517,0.003129
2026-09-08 12:34:26,SPX,7686.86,7707.95,7810.0,2736,36,0.1278,0.003129
2026-09-08 12:34:26,SPX,7686.86,7707.95,7685.0,122,715,0.1081,0.005867
2026-09-08 12:34:26,SPX,7686.86,7707.95,7690.0,105,258,0.1071,0.005867
2026-09-08 12:34:26,SPX,7686.86,7707.95,7680.0,98,605,0.1091,0.005867
2026-09-08 12:34:26,SPX,7686.86,7707.95,7695.0,67,179,0.106,0.005867
2026-09-08 12:34:26,SPX,7686.86,7707.95,7675.0,368,1333,0.1103,0.005867
2026-09-08 12:34:26,SPX,7686.86,7707.95,7700.0,945,1810,0.105,0.005867
2026-09-08 12:34:26,SPX,7686.86,7707.95,7670.0,104,341,0.1116,0.005867
2026-09-08 12:34:26,SPX,7686.86,7707.95,7705.0,197,161,0.1041,0.005867
2026-09-08 12:34:26,SPX,7686.86,7707.95,7665.0,55,482,0.1132,0.005867
2026-09-08 12:34:26,SPX,7686.86,7707.95,7710.0,288,863,0.103,0.005867
2026-09-08 12:34:26,SPX,7686.86,7707.95,7660.0,105,543,0.1149,0.005867
2026-09-08 12:34:26,SPX,7686.86,7707.95,7715.0,127,1504,0.1019,0.005867
2026-09-08 12:34:26,SPX,7686.86,7707.95,7655.0,78,221,0.1162,0.005867
2026-09-08 12:34:26,SPX,7686.86,7707.95,7720.0,210,294,0.1008,0.005867
2026-09-08 12:34:26,SPX,7686.86,7707.95,7650.0,146,777,0.1173,0.005867
2026-09-08 12:34:26,SPX,7686.86,7707.95,7725.0,893,660,0.1,0.005867
2026-09-08 12:34:26,SPX,7686.86,7707.95,7645.0,34,137,0.1183,0.005867
2026-09-08 12:34:26,SPX,7686.86,7707.95,7730.0,757,145,0.0992,0.005867
2026-09-08 12:34:26,SPX,7686.86,7707.95,7640.0,48,222,0.1197,0.005867
2026-09-08 12:34:26,SPX,7686.86,7707.95,7735.0,160,146,0.0987,0.005867
2026-09-08 12:34:26,SPX,7686.86,7707.95,7635.0,98,249,0.1212,0.005867
2026-09-08 12:34:26,SPX,7686.86,7707.95,7740.0,1482,1463,0.0984,0.005867
2026-09-08 12:34:26,SPX,7686.86,7707.95,7630.0,30,462,0.1227,0.005867
2026-09-08 12:34:26,SPX,7686.86,7707.95,7745.0,196,120,0.0981,0.005867
2026-09-08 12:34:26,SPX,7686.86,7707.95,7625.0,38,198,0.1241,0.005867
2026-09-08 12:34:26,SPX,7686.86,7707.95,7750.0,2811,679,0.0979,0.005867
2026-09-08 12:34:26,SPX,7686.86,7707.95,7620.0,37,861,0.1255,0.005867
2026-09-08 12:34:26,SPX,7686.86,7707.95,7755.0,979,102,0.0978,0.005867
2026-09-08 12:34:26,SPX,7686.86,7707.95,7615.0,17,289,0.127,0.005867
2026-09-08 12:34:26,SPX,7686.86,7707.95,7760.0,720,120,0.0976,0.005867
2026-09-08 12:34:26,SPX,7686.86,7707.95,7610.0,101,1087,0.1289,0.005867
2026-09-08 12:34:26,SPX,7686.86,7707.95,7765.0,1654,81,0.0975,0.005867
2026-09-08 12:34:26,SPX,7686.86,7707.95,7605.0,43,184,0.131,0.005867
2026-09-08 12:34:26,SPX,7686.86,7707.95,7770.0,436,66,0.0975,0.005867
2026-09-08 12:34:26,SPX,7686.86,7707.95,7600.0,311,3709,0.1322,0.005867
2026-09-08 12:34:26,SPX,7686.86,7707.95,7775.0,1820,82,0.0976,0.005867
2026-09-08 12:34:26,SPX,7686.86,7707.95,7595.0,23,1378,0.133,0.005867
2026-09-08 12:34:26,SPX,7686.86,7707.95,7780.0,857,33,0.0979,0.005867
2026-09-08 12:34:26,SPX,7686.86,7707.95,7590.0,14,1073,0.1345,0.005867
2026-09-08 12:34:26,SPX,7686.86,7707.95,7785.0,605,6,0.0983,0.005867
2026-09-08 12:34:26,SPX,7686.86,7707.95,7585.0,93,170,0.1364,0.005867
2026-09-08 12:34:26,SPX,7686.86,7707.95,7790.0,428,19,0.099,0.005867
2026-09-08 12:34:26,SPX,7686.86,7707.95,7580.0,4,342,0.1379,0.005867
2026-09-08 12:34:26,SPX,7686.86,7707.95,7795.0,366,4,0.0998,0.005867
2026-09-08 12:34:26,SPX,7686.86,7707.95,7575.0,46,309,0.1397,0.005867
2026-09-08 12:34:26,SPX,7686.86,7707.95,7800.0,1384,554,0.1009,0.005867
2026-09-08 12:34:26,SPX,7686.86,7707.95,7570.0,2,431,0.1417,0.005867
2026-09-08 12:34:26,SPX,7686.86,7707.95,7805.0,342,0,0.1023,0.005867
2026-09-08 12:34:26,SPX,7686.86,7707.95,7565.0,33,206,0.1436,0.005867
2026-09-08 12:34:26,SPX,7686.86,7707.95,7810.0,674,7,0.1038,0.005867
2026-09-08 13:04:52,SPX,7693.26,7707.96,7695.0,2214,818,0.112,0.000333
2026-09-08 13:04:52,SPX,7693.26,7707.96,7690.0,470,1436,0.1131,0.000333
2026-09-08 13:04:52,SPX,7693.26,7707.96,7700.0,2792,4391,0.1122,0.000333
2026-09-08 13:04:52,SPX,7693.26,7707.96,7685.0,302,2088,0.115,0.000333
2026-09-08 13:04:52,SPX,7693.26,7707.96,7705.0,464,887,0.1149,0.000333
2026-09-08 13:04:52,SPX,7693.26,7707.96,7680.0,831,2687,0.1193,0.000333
2026-09-08 13:04:52,SPX,7693.26,7707.96,7710.0,1381,1326,0.1183,0.000333
2026-09-08 13:04:52,SPX,7693.26,7707.96,7675.0,958,2779,0.1232,0.000333
2026-09-08 13:04:52,SPX,7693.26,7707.96,7715.0,1475,1449,0.125,0.000333
2026-09-08 13:04:52,SPX,7693.26,7707.96,7670.0,475,2825,0.1285,0.000333
2026-09-08 13:04:52,SPX,7693.26,7707.96,7720.0,1489,1154,0.1334,0.000333
2026-09-08 13:04:52,SPX,7693.26,7707.96,7665.0,198,1068,0.1345,0.000333
2026-09-08 13:04:52,SPX,7693.26,7707.96,7725.0,1966,1527,0.1414,0.000333
2026-09-08 13:04:52,SPX,7693.26,7707.96,7660.0,185,1236,0.1423,0.000333
2026-09-08 13:04:52,SPX,7693.26,7707.96,7730.0,1078,886,0.15,0.000333
2026-09-08 13:04:52,SPX,7693.26,7707.96,7655.0,82,1287,0.1497,0.000333
2026-09-08 13:04:52,SPX,7693.26,7707.96,7735.0,796,261,0.1607,0.000333
2026-09-08 13:04:52,SPX,7693.26,7707.96,7650.0,663,5409,0.1636,0.000333
2026-09-08 13:04:52,SPX,7693.26,7707.96,7740.0,1856,572,0.1729,0.000333
2026-09-08 13:04:52,SPX,7693.26,7707.96,7645.0,149,844,0.1689,0.000333
2026-09-08 13:04:52,SPX,7693.26,7707.96,7745.0,1601,455,0.1842,0.000333
2026-09-08 13:04:52,SPX,7693.26,7707.96,7640.0,123,1861,0.1816,0.000333
2026-09-08 13:04:52,SPX,7693.26,7707.96,7750.0,4911,2071,0.1935,0.000333
2026-09-08 13:04:52,SPX,7693.26,7707.96,7635.0,148,1738,0.1909,0.000333
2026-09-08 13:04:52,SPX,7693.26,7707.96,7755.0,1773,629,0.2019,0.000333
2026-09-08 13:04:52,SPX,7693.26,7707.96,7630.0,191,2694,0.2052,0.000333
2026-09-08 13:04:52,SPX,7693.26,7707.96,7760.0,1784,154,0.2107,0.000333
2026-09-08 13:04:52,SPX,7693.26,7707.96,7625.0,863,2202,0.217,0.000333
2026-09-08 13:04:52,SPX,7693.26,7707.96,7765.0,2092,170,0.2206,0.000333
2026-09-08 13:04:52,SPX,7693.26,7707.96,7620.0,173,2611,0.2319,0.000333
2026-09-08 13:04:52,SPX,7693.26,7707.96,7770.0,1714,241,0.2317,0.000333
2026-09-08 13:04:52,SPX,7693.26,7707.96,7615.0,76,2178,0.2464,0.000333
2026-09-08 13:04:52,SPX,7693.26,7707.96,7775.0,2940,238,0.2435,0.000333
2026-09-08 13:04:52,SPX,7693.26,7707.96,7610.0,59,1434,0.2593,0.000333
2026-09-08 13:04:52,SPX,7693.26,7707.96,7780.0,3052,207,0.2558,0.000333
2026-09-08 13:04:52,SPX,7693.26,7707.96,7605.0,79,1226,0.2707,0.000333
2026-09-08 13:04:52,SPX,7693.26,7707.96,7785.0,4210,45,0.2682,0.000333
2026-09-08 13:04:52,SPX,7693.26,7707.96,7600.0,773,3225,0.2811,0.000333
2026-09-08 13:04:52,SPX,7693.26,7707.96,7790.0,3393,79,0.2805,0.000333
2026-09-08 13:04:52,SPX,7693.26,7707.96,7595.0,30,1339,0.2911,0.000333
2026-09-08 13:04:52,SPX,7693.26,7707.96,7795.0,2397,33,0.2921,0.000333
2026-09-08 13:04:52,SPX,7693.26,7707.96,7590.0,75,943,0.3014,0.000333
2026-09-08 13:04:52,SPX,7693.26,7707.96,7800.0,7554,1032,0.3029,0.000333
2026-09-08 13:04:52,SPX,7693.26,7707.96,7585.0,39,1980,0.3122,0.000333
2026-09-08 13:04:52,SPX,7693.26,7707.96,7805.0,3147,21,0.3127,0.000333
2026-09-08 13:04:52,SPX,7693.26,7707.96,7580.0,86,867,0.3235,0.000333
2026-09-08 13:04:52,SPX,7693.26,7707.96,7810.0,2796,64,0.3215,0.000333
2026-09-08 13:04:52,SPX,7693.26,7707.96,7575.0,125,4734,0.3354,0.000333
2026-09-08 13:04:52,SPX,7693.26,7707.96,7815.0,3071,19,0.3293,0.000333
2026-09-08 13:04:52,SPX,7693.26,7707.96,7570.0,22,912,0.3475,0.000333
2026-09-08 13:04:52,SPX,7693.26,7707.96,7695.0,905,3352,0.1019,0.003071
2026-09-08 13:04:52,SPX,7693.26,7707.96,7690.0,226,0,0.1037,0.003071
2026-09-08 13:04:52,SPX,7693.26,7707.96,7700.0,0,1886,0.1004,0.003071
2026-09-08 13:04:52,SPX,7693.26,7707.96,7720.0,0,464,0.096,0.003071
2026-09-08 13:04:52,SPX,7693.26,7707.96,7665.0,92,408,0.1113,0.003071
2026-09-08 13:04:52,SPX,7693.26,7707.96,7725.0,787,546,0.0958,0.003071
2026-09-08 13:04:52,SPX,7693.26,7707.96,7660.0,86,866,0.1141,0.003071
2026-09-08 13:04:52,SPX,7693.26,7707.96,7730.0,688,272,0.0957,0.003071
2026-09-08 13:04:52,SPX,7693.26,7707.96,7655.0,58,442,0.1153,0.003071
2026-09-08 13:04:52,SPX,7693.26,7707.96,7735.0,417,105,0.0958,0.003071
2026-09-08 13:04:52,SPX,7693.26,7707.96,7650.0,1237,1218,0.1168,0.003071
2026-09-08 13:04:52,SPX,7693.26,7707.96,7740.0,382,187,0.0962,0.003071
2026-09-08 13:04:52,SPX,7693.26,7707.96,7645.0,55,480,0.1187,0.003071
2026-09-08 13:04:52,SPX,7693.26,7707.96,7745.0,349,168,0.0968,0.003071
2026-09-08 13:04:52,SPX,7693.26,7707.96,7640.0,128,413,0.1203,0.003071
2026-09-08 13:04:52,SPX,7693.26,7707.96,7750.0,2060,978,0.0976,0.003071
2026-09-08 13:04:52,SPX,7693.26,7707.96,7635.0,80,291,0.1217,0.003071
2026-09-08 13:04:52,SPX,7693.26,7707.96,7755.0,667,260,0.0987,0.003071
2026-09-08 13:04:52,SPX,7693.26,7707.96,7630.0,52,324,0.1231,0.003071
2026-09-08 13:04:52,SPX,7693.26,7707.96,7760.0,1227,102,0.1,0.003071
2026-09-08 13:04:52,SPX,7693.26,7707.96,7625.0,1357,2570,0.126,0.003071
2026-09-08 13:04:52,SPX,7693.26,7707.96,7765.0,1349,38,0.1017,0.003071
2026-09-08 13:04:52,SPX,7693.26,7707.96,7620.0,83,1484,0.1281,0.003071
2026-09-08 13:04:52,SPX,7693.26,7707.96,7770.0,474,71,0.1037,0.003071
2026-09-08 13:04:52,SPX,7693.26,7707.96,7615.0,20,230,0.1305,0.003071
2026-09-08 13:04:52,SPX,7693.26,7707.96,7775.0,1782,104,0.1059,0.003071
2026-09-08 13:04:52,SPX,7693.26,7707.96,7610.0,32,346,0.1311,0.003071
2026-09-08 13:04:52,SPX,7693.26,7707.96,7780.0,4143,62,0.1084,0.003071
2026-09-08 13:04:52,SPX,7693.26,7707.96,7605.0,40,240,0.1323,0.003071
2026-09-08 13:04:52,SPX,7693.26,7707.96,7785.0,789,20,0.1111,0.003071
2026-09-08 13:04:52,SPX,7693.26,7707.96,7600.0,1122,3145,0.135,0.003071
2026-09-08 13:04:52,SPX,7693.26,7707.96,7790.0,535,23,0.1139,0.003071
2026-09-08 13:04:52,SPX,7693.26,7707.96,7595.0,26,322,0.1379,0.003071
2026-09-08 13:04:52,SPX,7693.26,7707.96,7795.0,3116,25,0.1168,0.003071
2026-09-08 13:04:52,SPX,7693.26,7707.96,7590.0,44,286,0.141,0.003071
2026-09-08 13:04:52,SPX,7693.26,7707.96,7800.0,3280,88,0.1199,0.003071
2026-09-08 13:04:52,SPX,7693.26,7707.96,7585.0,4,184,0.1429,0.003071
2026-09-08 13:04:52,SPX,7693.26,7707.96,7805.0,644,9,0.1229,0.003071
2026-09-08 13:04:52,SPX,7693.26,7707.96,7580.0,6,526,0.145,0.003071
2026-09-08 13:04:52,SPX,7693.26,7707.96,7815.0,1624,0,0.1291,0.003071
2026-09-08 13:04:52,SPX,7693.26,7707.96,7570.0,8,297,0.149,0.003071
2026-09-08 13:04:52,SPX,7693.26,7707.96,7695.0,67,179,0.1062,0.005809
2026-09-08 13:04:52,SPX,7693.26,7707.96,7690.0,105,258,0.1071,0.005809
2026-09-08 13:04:52,SPX,7693.26,7707.96,7700.0,945,1810,0.1051,0.005809
2026-09-08 13:04:52,SPX,7693.26,7707.96,7685.0,122,715,0.1083,0.005809
2026-09-08 13:04:52,SPX,7693.26,7707.96,7705.0,197,161,0.104,0.005809
2026-09-08 13:04:52,SPX,7693.26,7707.96,7680.0,98,605,0.1096,0.005809
2026-09-08 13:04:52,SPX,7693.26,7707.96,7710.0,288,863,0.1032,0.005809
2026-09-08 13:04:52,SPX,7693.26,7707.96,7675.0,368,1333,0.1106,0.005809
2026-09-08 13:04:52,SPX,7693.26,7707.96,7715.0,127,1504,0.1023,0.005809
2026-09-08 13:04:52,SPX,7693.26,7707.96,7670.0,104,341,0.1119,0.005809
2026-09-08 13:04:52,SPX,7693.26,7707.96,7720.0,210,294,0.1014,0.005809
2026-09-08 13:04:52,SPX,7693.26,7707.96,7665.0,55,482,0.1133,0.005809
2026-09-08 13:04:52,SPX,7693.26,7707.96,7725.0,893,660,0.1004,0.005809
2026-09-08 13:04:52,SPX,7693.26,7707.96,7660.0,105,543,0.115,0.005809
2026-09-08 13:04:52,SPX,7693.26,7707.96,7730.0,757,145,0.0994,0.005809
2026-09-08 13:04:52,SPX,7693.26,7707.96,7655.0,78,221,0.1165,0.005809
2026-09-08 13:04:52,SPX,7693.26,7707.96,7735.0,160,146,0.0986,0.005809
2026-09-08 13:04:52,SPX,7693.26,7707.96,7650.0,146,777,0.1179,0.005809
2026-09-08 13:04:52,SPX,7693.26,7707.96,7740.0,1482,1463,0.0981,0.005809
2026-09-08 13:04:52,SPX,7693.26,7707.96,7645.0,34,137,0.1189,0.005809
2026-09-08 13:04:52,SPX,7693.26,7707.96,7745.0,196,120,0.098,0.005809
2026-09-08 13:04:52,SPX,7693.26,7707.96,7640.0,48,222,0.12,0.005809
2026-09-08 13:04:52,SPX,7693.26,7707.96,7750.0,2811,679,0.0979,0.005809
2026-09-08 13:04:52,SPX,7693.26,7707.96,7635.0,98,249,0.1214,0.005809
2026-09-08 13:04:52,SPX,7693.26,7707.96,7755.0,979,102,0.0979,0.005809
2026-09-08 13:04:52,SPX,7693.26,7707.96,7630.0,30,462,0.1232,0.005809
2026-09-08 13:04:52,SPX,7693.26,7707.96,7760.0,720,120,0.098,0.005809
2026-09-08 13:04:52,SPX,7693.26,7707.96,7625.0,38,198,0.1248,0.005809
2026-09-08 13:04:52,SPX,7693.26,7707.96,7765.0,1654,81,0.098,0.005809
2026-09-08 13:04:52,SPX,7693.26,7707.96,7620.0,37,861,0.1264,0.005809
2026-09-08 13:04:52,SPX,7693.26,7707.96,7770.0,436,66,0.0981,0.005809
2026-09-08 13:04:52,SPX,7693.26,7707.96,7615.0,17,289,0.128,0.005809
2026-09-08 13:04:52,SPX,7693.26,7707.96,7775.0,1820,82,0.0983,0.005809
2026-09-08 13:04:52,SPX,7693.26,7707.96,7610.0,101,1087,0.1293,0.005809
2026-09-08 13:04:52,SPX,7693.26,7707.96,7780.0,857,33,0.0985,0.005809
2026-09-08 13:04:52,SPX,7693.26,7707.96,7605.0,43,184,0.1303,0.005809
2026-09-08 13:04:52,SPX,7693.26,7707.96,7785.0,605,6,0.0989,0.005809
2026-09-08 13:04:52,SPX,7693.26,7707.96,7600.0,311,3709,0.1316,0.005809
2026-09-08 13:04:52,SPX,7693.26,7707.96,7790.0,428,19,0.0995,0.005809
2026-09-08 13:04:52,SPX,7693.26,7707.96,7595.0,23,1378,0.1329,0.005809
2026-09-08 13:04:52,SPX,7693.26,7707.96,7795.0,366,4,0.1002,0.005809
2026-09-08 13:04:52,SPX,7693.26,7707.96,7590.0,14,1073,0.1353,0.005809
2026-09-08 13:04:52,SPX,7693.26,7707.96,7800.0,1384,554,0.1012,0.005809
2026-09-08 13:04:52,SPX,7693.26,7707.96,7585.0,93,170,0.1372,0.005809
2026-09-08 13:04:52,SPX,7693.26,7707.96,7805.0,342,0,0.1023,0.005809
2026-09-08 13:04:52,SPX,7693.26,7707.96,7580.0,4,342,0.1389,0.005809
2026-09-08 13:04:52,SPX,7693.26,7707.96,7810.0,674,7,0.1036,0.005809
2026-09-08 13:04:52,SPX,7693.26,7707.96,7575.0,46,309,0.1406,0.005809
2026-09-08 13:04:52,SPX,7693.26,7707.96,7815.0,215,13,0.1051,0.005809
2026-09-08 13:04:52,SPX,7693.26,7707.96,7570.0,2,431,0.1421,0.005809
2026-09-08 13:35:16,SPX,7692.19,7707.78,7690.0,470,1436,0.0976,0.000275
2026-09-08 13:35:16,SPX,7692.19,7707.78,7695.0,2214,818,0.0979,0.000275
2026-09-08 13:35:16,SPX,7692.19,7707.78,7685.0,302,2088,0.1008,0.000275
2026-09-08 13:35:16,SPX,7692.19,7707.78,7700.0,2792,4391,0.0987,0.000275
2026-09-08 13:35:16,SPX,7692.19,7707.78,7680.0,831,2687,0.1057,0.000275
2026-09-08 13:35:16,SPX,7692.19,7707.78,7705.0,464,887,0.1017,0.000275
2026-09-08 13:35:16,SPX,7692.19,7707.78,7675.0,958,2779,0.1126,0.000275
2026-09-08 13:35:16,SPX,7692.19,7707.78,7710.0,1381,1326,0.1096,0.000275
2026-09-08 13:35:16,SPX,7692.19,7707.78,7670.0,475,2825,0.1195,0.000275
2026-09-08 13:35:16,SPX,7692.19,7707.78,7715.0,1475,1449,0.1203,0.000275
2026-09-08 13:35:16,SPX,7692.19,7707.78,7665.0,198,1068,0.1289,0.000275
2026-09-08 13:35:16,SPX,7692.19,7707.78,7720.0,1489,1154,0.1301,0.000275
2026-09-08 13:35:16,SPX,7692.19,7707.78,7660.0,185,1236,0.1392,0.000275
2026-09-08 13:35:16,SPX,7692.19,7707.78,7725.0,1966,1527,0.1408,0.000275
2026-09-08 13:35:16,SPX,7692.19,7707.78,7655.0,82,1287,0.1506,0.000275
2026-09-08 13:35:16,SPX,7692.19,7707.78,7730.0,1078,886,0.1523,0.000275
2026-09-08 13:35:16,SPX,7692.19,7707.78,7650.0,663,5409,0.1596,0.000275
2026-09-08 13:35:16,SPX,7692.19,7707.78,7735.0,796,261,0.1637,0.000275
2026-09-08 13:35:16,SPX,7692.19,7707.78,7645.0,149,844,0.1706,0.000275
2026-09-08 13:35:16,SPX,7692.19,7707.78,7740.0,1856,572,0.1749,0.000275
2026-09-08 13:35:16,SPX,7692.19,7707.78,7640.0,123,1861,0.1823,0.000275
2026-09-08 13:35:16,SPX,7692.19,7707.78,7745.0,1601,455,0.1864,0.000275
2026-09-08 13:35:16,SPX,7692.19,7707.78,7635.0,148,1738,0.1985,0.000275
2026-09-08 13:35:16,SPX,7692.19,7707.78,7750.0,4911,2071,0.199,0.000275
2026-09-08 13:35:16,SPX,7692.19,7707.78,7630.0,191,2694,0.2183,0.000275
2026-09-08 13:35:16,SPX,7692.19,7707.78,7755.0,1773,629,0.2123,0.000275
2026-09-08 13:35:16,SPX,7692.19,7707.78,7625.0,863,2202,0.2372,0.000275
2026-09-08 13:35:16,SPX,7692.19,7707.78,7760.0,1784,154,0.2262,0.000275
2026-09-08 13:35:16,SPX,7692.19,7707.78,7620.0,173,2611,0.2527,0.000275
2026-09-08 13:35:16,SPX,7692.19,7707.78,7765.0,2092,170,0.2405,0.000275
2026-09-08 13:35:16,SPX,7692.19,7707.78,7615.0,76,2178,0.265,0.000275
2026-09-08 13:35:16,SPX,7692.19,7707.78,7770.0,1714,241,0.2547,0.000275
2026-09-08 13:35:16,SPX,7692.19,7707.78,7610.0,59,1434,0.275,0.000275
2026-09-08 13:35:16,SPX,7692.19,7707.78,7775.0,2940,238,0.2686,0.000275
2026-09-08 13:35:16,SPX,7692.19,7707.78,7605.0,79,1226,0.2843,0.000275
2026-09-08 13:35:16,SPX,7692.19,7707.78,7780.0,3052,207,0.2819,0.000275
2026-09-08 13:35:16,SPX,7692.19,7707.78,7600.0,773,3225,0.2942,0.000275
2026-09-08 13:35:16,SPX,7692.19,7707.78,7785.0,4210,45,0.2942,0.000275
2026-09-08 13:35:16,SPX,7692.19,7707.78,7595.0,30,1339,0.3055,0.000275
2026-09-08 13:35:16,SPX,7692.19,7707.78,7790.0,3393,79,0.3049,0.000275
2026-09-08 13:35:16,SPX,7692.19,7707.78,7590.0,75,943,0.3184,0.000275
2026-09-08 13:35:16,SPX,7692.19,7707.78,7795.0,2397,33,0.3144,0.000275
2026-09-08 13:35:16,SPX,7692.19,7707.78,7585.0,39,1980,0.3327,0.000275
2026-09-08 13:35:16,SPX,7692.19,7707.78,7800.0,7554,1032,0.3227,0.000275
2026-09-08 13:35:16,SPX,7692.19,7707.78,7580.0,0,867,0.3478,0.000275
2026-09-08 13:35:16,SPX,7692.19,7707.78,7805.0,3147,21,0.3297,0.000275
2026-09-08 13:35:16,SPX,7692.19,7707.78,7575.0,125,4734,0.3633,0.000275
2026-09-08 13:35:16,SPX,7692.19,7707.78,7810.0,2796,64,0.3357,0.000275
2026-09-08 13:35:16,SPX,7692.19,7707.78,7570.0,22,912,0.379,0.000275
2026-09-08 13:35:16,SPX,7692.19,7707.78,7815.0,3071,19,0.3407,0.000275
2026-09-08 13:35:16,SPX,7692.19,7707.78,7690.0,226,362,0.1012,0.003013
2026-09-08 13:35:16,SPX,7692.19,7707.78,7695.0,905,3352,0.0996,0.003013
2026-09-08 13:35:16,SPX,7692.19,7707.78,7685.0,111,206,0.1028,0.003013
2026-09-08 13:35:16,SPX,7692.19,7707.78,7700.0,2097,1886,0.0981,0.003013
2026-09-08 13:35:16,SPX,7692.19,7707.78,7680.0,112,814,0.1044,0.003013
2026-09-08 13:35:16,SPX,7692.19,7707.78,7705.0,229,513,0.0967,0.003013
2026-09-08 13:35:16,SPX,7692.19,7707.78,7675.0,395,3776,0.1062,0.003013
2026-09-08 13:35:16,SPX,7692.19,7707.78,7710.0,401,341,0.0957,0.003013
2026-09-08 13:35:16,SPX,7692.19,7707.78,7670.0,337,706,0.1078,0.003013
2026-09-08 13:35:16,SPX,7692.19,7707.78,7715.0,612,262,0.095,0.003013
2026-09-08 13:35:16,SPX,7692.19,7707.78,7665.0,92,408,0.1097,0.003013
2026-09-08 13:35:16,SPX,7692.19,7707.78,7720.0,528,464,0.0946,0.003013
2026-09-08 13:35:16,SPX,7692.19,7707.78,7660.0,86,866,0.1113,0.003013
2026-09-08 13:35:16,SPX,7692.19,7707.78,7725.0,787,546,0.0944,0.003013
2026-09-08 13:35:16,SPX,7692.19,7707.78,7655.0,58,442,0.1133,0.003013
2026-09-08 13:35:16,SPX,7692.19,7707.78,7730.0,688,272,0.0944,0.003013
2026-09-08 13:35:16,SPX,7692.19,7707.78,7650.0,1237,1218,0.115,0.003013
2026-09-08 13:35:16,SPX,7692.19,7707.78,7735.0,417,105,0.0945,0.003013
2026-09-08 13:35:16,SPX,7692.19,7707.78,7645.0,55,480,0.1162,0.003013
2026-09-08 13:35:16,SPX,7692.19,7707.78,7740.0,382,187,0.0949,0.003013
2026-09-08 13:35:16,SPX,7692.19,7707.78,7640.0,128,413,0.1194,0.003013
2026-09-08 13:35:16,SPX,7692.19,7707.78,7745.0,349,168,0.0955,0.003013
2026-09-08 13:35:16,SPX,7692.19,7707.78,7635.0,80,291,0.1196,0.003013
2026-09-08 13:35:16,SPX,7692.19,7707.78,7750.0,2060,978,0.0964,0.003013
2026-09-08 13:35:16,SPX,7692.19,7707.78,7630.0,52,324,0.1219,0.003013
2026-09-08 13:35:16,SPX,7692.19,7707.78,7755.0,667,260,0.0976,0.003013
2026-09-08 13:35:16,SPX,7692.19,7707.78,7625.0,1357,2570,0.1248,0.003013
2026-09-08 13:35:16,SPX,7692.19,7707.78,7760.0,1227,102,0.0992,0.003013
2026-09-08 13:35:16,SPX,7692.19,7707.78,7620.0,83,1484,0.1267,0.003013
2026-09-08 13:35:16,SPX,7692.19,7707.78,7765.0,1349,38,0.1012,0.003013
2026-09-08 13:35:16,SPX,7692.19,7707.78,7615.0,20,230,0.1292,0.003013
2026-09-08 13:35:16,SPX,7692.19,7707.78,7770.0,474,71,0.1036,0.003013
2026-09-08 13:35:16,SPX,7692.19,7707.78,7610.0,32,346,0.1296,0.003013
2026-09-08 13:35:16,SPX,7692.19,7707.78,7775.0,1782,104,0.1062,0.003013
2026-09-08 13:35:16,SPX,7692.19,7707.78,7605.0,40,240,0.1315,0.003013
2026-09-08 13:35:16,SPX,7692.19,7707.78,7780.0,4143,62,0.109,0.003013
2026-09-08 13:35:16,SPX,7692.19,7707.78,7600.0,1122,3145,0.1337,0.003013
2026-09-08 13:35:16,SPX,7692.19,7707.78,7785.0,789,20,0.112,0.003013
2026-09-08 13:35:16,SPX,7692.19,7707.78,7595.0,26,322,0.136,0.003013
2026-09-08 13:35:16,SPX,7692.19,7707.78,7790.0,535,23,0.1152,0.003013
2026-09-08 13:35:16,SPX,7692.19,7707.78,7590.0,44,286,0.1382,0.003013
2026-09-08 13:35:16,SPX,7692.19,7707.78,7795.0,3116,25,0.1184,0.003013
2026-09-08 13:35:16,SPX,7692.19,7707.78,7585.0,4,184,0.1414,0.003013
2026-09-08 13:35:16,SPX,7692.19,7707.78,7800.0,3280,88,0.1216,0.003013
2026-09-08 13:35:16,SPX,7692.19,7707.78,7580.0,6,526,0.1442,0.003013
2026-09-08 13:35:16,SPX,7692.19,7707.78,7805.0,644,9,0.1249,0.003013
2026-09-08 13:35:16,SPX,7692.19,7707.78,7575.0,172,2591,0.147,0.003013
2026-09-08 13:35:16,SPX,7692.19,7707.78,7810.0,2736,36,0.1281,0.003013
2026-09-08 13:35:16,SPX,7692.19,7707.78,7570.0,8,297,0.1492,0.003013
2026-09-08 13:35:16,SPX,7692.19,7707.78,7815.0,1624,10,0.1313,0.003013
2026-09-08 13:35:16,SPX,7692.19,7707.78,7690.0,105,258,0.1061,0.005751
2026-09-08 13:35:16,SPX,7692.19,7707.78,7695.0,67,179,0.1049,0.005751
2026-09-08 13:35:16,SPX,7692.19,7707.78,7685.0,122,715,0.1071,0.005751
2026-09-08 13:35:16,SPX,7692.19,7707.78,7700.0,945,1810,0.1039,0.005751
2026-09-08 13:35:16,SPX,7692.19,7707.78,7680.0,98,605,0.1082,0.005751
2026-09-08 13:35:16,SPX,7692.19,7707.78,7705.0,197,161,0.103,0.005751
2026-09-08 13:35:16,SPX,7692.19,7707.78,7675.0,368,1333,0.1093,0.005751
2026-09-08 13:35:16,SPX,7692.19,7707.78,7710.0,288,863,0.1023,0.005751
2026-09-08 13:35:16,SPX,7692.19,7707.78,7670.0,104,341,0.1106,0.005751
2026-09-08 13:35:16,SPX,7692.19,7707.78,7715.0,127,1504,0.1015,0.005751
2026-09-08 13:35:16,SPX,7692.19,7707.78,7665.0,55,482,0.1122,0.005751
2026-09-08 13:35:16,SPX,7692.19,7707.78,7720.0,210,294,0.1005,0.005751
2026-09-08 13:35:16,SPX,7692.19,7707.78,7660.0,105,543,0.114,0.005751
2026-09-08 13:35:16,SPX,7692.19,7707.78,7725.0,893,660,0.0994,0.005751
2026-09-08 13:35:16,SPX,7692.19,7707.78,7655.0,78,221,0.1158,0.005751
2026-09-08 13:35:16,SPX,7692.19,7707.78,7730.0,757,145,0.0985,0.005751
2026-09-08 13:35:16,SPX,7692.19,7707.78,7650.0,146,777,0.1173,0.005751
2026-09-08 13:35:16,SPX,7692.19,7707.78,7735.0,160,146,0.0978,0.005751
2026-09-08 13:35:16,SPX,7692.19,7707.78,7645.0,34,137,0.1183,0.005751
2026-09-08 13:35:16,SPX,7692.19,7707.78,7740.0,1482,1463,0.0973,0.005751
2026-09-08 13:35:16,SPX,7692.19,7707.78,7640.0,48,222,0.1193,0.005751
2026-09-08 13:35:16,SPX,7692.19,7707.78,7745.0,196,120,0.0971,0.005751
2026-09-08 13:35:16,SPX,7692.19,7707.78,7635.0,98,249,0.1206,0.005751
2026-09-08 13:35:16,SPX,7692.19,7707.78,7750.0,2811,679,0.097,0.005751
2026-09-08 13:35:16,SPX,7692.19,7707.78,7630.0,30,462,0.1221,0.005751
2026-09-08 13:35:16,SPX,7692.19,7707.78,7755.0,979,102,0.097,0.005751
2026-09-08 13:35:16,SPX,7692.19,7707.78,7625.0,38,198,0.1237,0.005751
2026-09-08 13:35:16,SPX,7692.19,7707.78,7760.0,720,120,0.0971,0.005751
2026-09-08 13:35:16,SPX,7692.19,7707.78,7620.0,37,861,0.1251,0.005751
2026-09-08 13:35:16,SPX,7692.19,7707.78,7765.0,1654,81,0.0972,0.005751
2026-09-08 13:35:16,SPX,7692.19,7707.78,7615.0,17,289,0.1266,0.005751
2026-09-08 13:35:16,SPX,7692.19,7707.78,7770.0,436,66,0.0973,0.005751
2026-09-08 13:35:16,SPX,7692.19,7707.78,7610.0,101,1087,0.1282,0.005751
2026-09-08 13:35:16,SPX,7692.19,7707.78,7775.0,1820,82,0.0976,0.005751
2026-09-08 13:35:16,SPX,7692.19,7707.78,7605.0,43,184,0.13,0.005751
2026-09-08 13:35:16,SPX,7692.19,7707.78,7780.0,857,33,0.0979,0.005751
2026-09-08 13:35:16,SPX,7692.19,7707.78,7600.0,311,3709,0.1317,0.005751
2026-09-08 13:35:16,SPX,7692.19,7707.78,7785.0,605,6,0.0984,0.005751
2026-09-08 13:35:16,SPX,7692.19,7707.78,7595.0,23,1378,0.1328,0.005751
2026-09-08 13:35:16,SPX,7692.19,7707.78,7790.0,428,19,0.099,0.005751
2026-09-08 13:35:16,SPX,7692.19,7707.78,7590.0,14,1073,0.1341,0.005751
2026-09-08 13:35:16,SPX,7692.19,7707.78,7795.0,366,4,0.0998,0.005751
2026-09-08 13:35:16,SPX,7692.19,7707.78,7585.0,93,170,0.1361,0.005751
2026-09-08 13:35:16,SPX,7692.19,7707.78,7800.0,1384,554,0.1008,0.005751
2026-09-08 13:35:16,SPX,7692.19,7707.78,7580.0,4,342,0.1381,0.005751
2026-09-08 13:35:16,SPX,7692.19,7707.78,7805.0,342,0,0.1021,0.005751
2026-09-08 13:35:16,SPX,7692.19,7707.78,7575.0,46,309,0.1398,0.005751
2026-09-08 13:35:16,SPX,7692.19,7707.78,7810.0,674,7,0.1035,0.005751
2026-09-08 13:35:16,SPX,7692.19,7707.78,7570.0,2,431,0.1413,0.005751
2026-09-08 13:35:16,SPX,7692.19,7707.78,7815.0,215,13,0.1051,0.005751
2026-09-08 14:05:41,SPX,7691.4,7708.35,7690.0,470,1436,0.0927,0.000217
2026-09-08 14:05:41,SPX,7691.4,7708.35,7695.0,2214,818,0.0936,0.000217
2026-09-08 14:05:41,SPX,7691.4,7708.35,7685.0,302,2088,0.0962,0.000217
2026-09-08 14:05:41,SPX,7691.4,7708.35,7700.0,2792,4391,0.0959,0.000217
2026-09-08 14:05:41,SPX,7691.4,7708.35,7680.0,831,2687,0.1019,0.000217
2026-09-08 14:05:41,SPX,7691.4,7708.35,7705.0,464,887,0.1043,0.000217
2026-09-08 14:05:41,SPX,7691.4,7708.35,7675.0,958,2779,0.1108,0.000217
2026-09-08 14:05:41,SPX,7691.4,7708.35,7710.0,1381,1326,0.1148,0.000217
2026-09-08 14:05:41,SPX,7691.4,7708.35,7670.0,475,2825,0.1212,0.000217
2026-09-08 14:05:41,SPX,7691.4,7708.35,7715.0,1475,1449,0.128,0.000217
2026-09-08 14:05:41,SPX,7691.4,7708.35,7665.0,198,1068,0.1343,0.000217
2026-09-08 14:05:41,SPX,7691.4,7708.35,7720.0,1489,1154,0.1437,0.000217
2026-09-08 14:05:41,SPX,7691.4,7708.35,7660.0,185,1236,0.1449,0.000217
2026-09-08 14:05:41,SPX,7691.4,7708.35,7725.0,1966,1527,0.1585,0.000217
2026-09-08 14:05:41,SPX,7691.4,7708.35,7655.0,82,1287,0.1562,0.000217
2026-09-08 14:05:41,SPX,7691.4,7708.35,7730.0,1078,886,0.1728,0.000217
2026-09-08 14:05:41,SPX,7691.4,7708.35,7650.0,663,5409,0.1746,0.000217
2026-09-08 14:05:41,SPX,7691.4,7708.35,7735.0,796,261,0.1876,0.000217
2026-09-08 14:05:41,SPX,7691.4,7708.35,7645.0,149,844,0.1926,0.000217
2026-09-08 14:05:41,SPX,7691.4,7708.35,7740.0,1856,572,0.2014,0.000217
2026-09-08 14:05:41,SPX,7691.4,7708.35,7640.0,123,1861,0.2089,0.000217
2026-09-08 14:05:41,SPX,7691.4,7708.35,7745.0,1601,455,0.2138,0.000217
2026-09-08 14:05:41,SPX,7691.4,7708.35,7635.0,148,1738,0.2243,0.000217
2026-09-08 14:05:41,SPX,7691.4,7708.35,7750.0,4911,2071,0.2267,0.000217
2026-09-08 14:05:41,SPX,7691.4,7708.35,7630.0,191,2694,0.2411,0.000217
2026-09-08 14:05:41,SPX,7691.4,7708.35,7755.0,1773,629,0.2418,0.000217
2026-09-08 14:05:41,SPX,7691.4,7708.35,7625.0,863,2202,0.2554,0.000217
2026-09-08 14:05:41,SPX,7691.4,7708.35,7760.0,1784,154,0.2584,0.000217
2026-09-08 14:05:41,SPX,7691.4,7708.35,7620.0,173,2611,0.2662,0.000217
2026-09-08 14:05:41,SPX,7691.4,7708.35,7765.0,2092,170,0.2753,0.000217
2026-09-08 14:05:41,SPX,7691.4,7708.35,7615.0,76,2178,0.2766,0.000217
2026-09-08 14:05:41,SPX,7691.4,7708.35,7770.0,1714,241,0.2916,0.000217
2026-09-08 14:05:41,SPX,7691.4,7708.35,7610.0,59,1434,0.2893,0.000217
2026-09-08 14:05:41,SPX,7691.4,7708.35,7775.0,2940,238,0.3069,0.000217
2026-09-08 14:05:41,SPX,7691.4,7708.35,7605.0,79,1226,0.3045,0.000217
2026-09-08 14:05:41,SPX,7691.4,7708.35,7780.0,3052,207,0.3211,0.000217
2026-09-08 14:05:41,SPX,7691.4,7708.35,7600.0,773,3225,0.3216,0.000217
2026-09-08 14:05:41,SPX,7691.4,7708.35,7785.0,4210,45,0.3338,0.000217
2026-09-08 14:05:41,SPX,7691.4,7708.35,7595.0,30,1339,0.3396,0.000217
2026-09-08 14:05:41,SPX,7691.4,7708.35,7790.0,3393,79,0.3449,0.000217
2026-09-08 14:05:41,SPX,7691.4,7708.35,7590.0,75,943,0.3575,0.000217
2026-09-08 14:05:41,SPX,7691.4,7708.35,7795.0,2397,33,0.3545,0.000217
2026-09-08 14:05:41,SPX,7691.4,7708.35,7585.0,39,1980,0.3749,0.000217
2026-09-08 14:05:41,SPX,7691.4,7708.35,7800.0,7554,1032,0.3625,0.000217
2026-09-08 14:05:41,SPX,7691.4,7708.35,7580.0,86,867,0.3918,0.000217
2026-09-08 14:05:41,SPX,7691.4,7708.35,7805.0,3147,21,0.3691,0.000217
2026-09-08 14:05:41,SPX,7691.4,7708.35,7575.0,125,4734,0.408,0.000217
2026-09-08 14:05:41,SPX,7691.4,7708.35,7810.0,2796,64,0.3743,0.000217
2026-09-08 14:05:41,SPX,7691.4,7708.35,7570.0,22,912,0.4238,0.000217
2026-09-08 14:05:41,SPX,7691.4,7708.35,7815.0,3071,19,0.378,0.000217
2026-09-08 14:05:41,SPX,7691.4,7708.35,7690.0,226,362,0.0998,0.002955
2026-09-08 14:05:41,SPX,7691.4,7708.35,7695.0,905,3352,0.098,0.002955
2026-09-08 14:05:41,SPX,7691.4,7708.35,7685.0,111,206,0.1016,0.002955
2026-09-08 14:05:41,SPX,7691.4,7708.35,7700.0,2097,1886,0.0964,0.002955
2026-09-08 14:05:41,SPX,7691.4,7708.35,7680.0,112,814,0.1033,0.002955
2026-09-08 14:05:41,SPX,7691.4,7708.35,7705.0,229,513,0.0954,0.002955
2026-09-08 14:05:41,SPX,7691.4,7708.35,7675.0,395,3776,0.1049,0.002955
2026-09-08 14:05:41,SPX,7691.4,7708.35,7710.0,401,341,0.0947,0.002955
2026-09-08 14:05:41,SPX,7691.4,7708.35,7670.0,337,706,0.1065,0.002955
2026-09-08 14:05:41,SPX,7691.4,7708.35,7715.0,612,262,0.0942,0.002955
2026-09-08 14:05:41,SPX,7691.4,7708.35,7665.0,92,408,0.1083,0.002955
2026-09-08 14:05:41,SPX,7691.4,7708.35,7720.0,528,464,0.0936,0.002955
2026-09-08 14:05:41,SPX,7691.4,7708.35,7660.0,86,866,0.1104,0.002955
2026-09-08 14:05:41,SPX,7691.4,7708.35,7725.0,787,546,0.093,0.002955
2026-09-08 14:05:41,SPX,7691.4,7708.35,7655.0,58,442,0.1119,0.002955
2026-09-08 14:05:41,SPX,7691.4,7708.35,7730.0,688,272,0.0925,0.002955
2026-09-08 14:05:41,SPX,7691.4,7708.35,7650.0,1237,1218,0.1134,0.002955
2026-09-08 14:05:41,SPX,7691.4,7708.35,7735.0,417,105,0.0924,0.002955
2026-09-08 14:05:41,SPX,7691.4,7708.35,7645.0,55,480,0.1146,0.002955
2026-09-08 14:05:41,SPX,7691.4,7708.35,7740.0,382,187,0.0927,0.002955
2026-09-08 14:05:41,SPX,7691.4,7708.35,7640.0,128,413,0.1174,0.002955
2026-09-08 14:05:41,SPX,7691.4,7708.35,7745.0,349,168,0.0934,0.002955
2026-09-08 14:05:41,SPX,7691.4,7708.35,7635.0,80,291,0.1185,0.002955
2026-09-08 14:05:41,SPX,7691.4,7708.35,7750.0,2060,978,0.0947,0.002955
2026-09-08 14:05:41,SPX,7691.4,7708.35,7630.0,52,324,0.1199,0.002955
2026-09-08 14:05:41,SPX,7691.4,7708.35,7755.0,667,260,0.0964,0.002955
2026-09-08 14:05:41,SPX,7691.4,7708.35,7625.0,1357,2570,0.1227,0.002955
2026-09-08 14:05:41,SPX,7691.4,7708.35,7760.0,1227,102,0.0985,0.002955
2026-09-08 14:05:41,SPX,7691.4,7708.35,7620.0,83,1484,0.1244,0.002955
2026-09-08 14:05:41,SPX,7691.4,7708.35,7765.0,1349,38,0.1009,0.002955
2026-09-08 14:05:41,SPX,7691.4,7708.35,7615.0,20,230,0.1263,0.002955
2026-09-08 14:05:41,SPX,7691.4,7708.35,7770.0,474,71,0.1036,0.002955
2026-09-08 14:05:41,SPX,7691.4,7708.35,7610.0,32,346,0.127,0.002955
2026-09-08 14:05:41,SPX,7691.4,7708.35,7775.0,1782,104,0.1065,0.002955
2026-09-08 14:05:41,SPX,7691.4,7708.35,7605.0,40,240,0.1291,0.002955
2026-09-08 14:05:41,SPX,7691.4,7708.35,7780.0,4143,62,0.1096,0.002955
2026-09-08 14:05:41,SPX,7691.4,7708.35,7600.0,1122,3145,0.1336,0.002955
2026-09-08 14:05:41,SPX,7691.4,7708.35,7785.0,789,20,0.1128,0.002955
2026-09-08 14:05:41,SPX,7691.4,7708.35,7595.0,26,322,0.1338,0.002955
2026-09-08 14:05:41,SPX,7691.4,7708.35,7790.0,535,23,0.116,0.002955
2026-09-08 14:05:41,SPX,7691.4,7708.35,7590.0,44,286,0.1374,0.002955
2026-09-08 14:05:41,SPX,7691.4,7708.35,7795.0,3116,25,0.1193,0.002955
2026-09-08 14:05:41,SPX,7691.4,7708.35,7585.0,4,184,0.1417,0.002955
2026-09-08 14:05:41,SPX,7691.4,7708.35,7800.0,3280,88,0.1226,0.002955
2026-09-08 14:05:41,SPX,7691.4,7708.35,7580.0,6,526,0.1437,0.002955
2026-09-08 14:05:41,SPX,7691.4,7708.35,7805.0,644,9,0.1259,0.002955
2026-09-08 14:05:41,SPX,7691.4,7708.35,7575.0,172,2591,0.1455,0.002955
2026-09-08 14:05:41,SPX,7691.4,7708.35,7810.0,2736,36,0.1292,0.002955
2026-09-08 14:05:41,SPX,7691.4,7708.35,7570.0,8,297,0.1476,0.002955
2026-09-08 14:05:41,SPX,7691.4,7708.35,7815.0,1624,10,0.1324,0.002955
2026-09-08 14:05:41,SPX,7691.4,7708.35,7690.0,105,258,0.105,0.005693
2026-09-08 14:05:41,SPX,7691.4,7708.35,7695.0,67,179,0.1041,0.005693
2026-09-08 14:05:41,SPX,7691.4,7708.35,7685.0,122,715,0.1062,0.005693
2026-09-08 14:05:41,SPX,7691.4,7708.35,7700.0,945,1810,0.1031,0.005693
2026-09-08 14:05:41,SPX,7691.4,7708.35,7680.0,98,605,0.1075,0.005693
2026-09-08 14:05:41,SPX,7691.4,7708.35,7705.0,197,161,0.102,0.005693
2026-09-08 14:05:41,SPX,7691.4,7708.35,7675.0,368,1333,0.1088,0.005693
2026-09-08 14:05:41,SPX,7691.4,7708.35,7710.0,288,863,0.1013,0.005693
2026-09-08 14:05:41,SPX,7691.4,7708.35,7670.0,104,341,0.11,0.005693
2026-09-08 14:05:41,SPX,7691.4,7708.35,7715.0,127,1504,0.1002,0.005693
2026-09-08 14:05:41,SPX,7691.4,7708.35,7665.0,55,482,0.1114,0.005693
2026-09-08 14:05:41,SPX,7691.4,7708.35,7720.0,210,294,0.099,0.005693
2026-09-08 14:05:41,SPX,7691.4,7708.35,7660.0,105,543,0.1126,0.005693
2026-09-08 14:05:41,SPX,7691.4,7708.35,7725.0,893,660,0.098,0.005693
2026-09-08 14:05:41,SPX,7691.4,7708.35,7655.0,78,221,0.1144,0.005693
2026-09-08 14:05:41,SPX,7691.4,7708.35,7730.0,757,145,0.0972,0.005693
2026-09-08 14:05:41,SPX,7691.4,7708.35,7650.0,146,777,0.1159,0.005693
2026-09-08 14:05:41,SPX,7691.4,7708.35,7735.0,160,146,0.0965,0.005693
2026-09-08 14:05:41,SPX,7691.4,7708.35,7645.0,34,137,0.1175,0.005693
2026-09-08 14:05:41,SPX,7691.4,7708.35,7740.0,1482,1463,0.0961,0.005693
2026-09-08 14:05:41,SPX,7691.4,7708.35,7640.0,48,222,0.1184,0.005693
2026-09-08 14:05:41,SPX,7691.4,7708.35,7745.0,196,120,0.0958,0.005693
2026-09-08 14:05:41,SPX,7691.4,7708.35,7635.0,98,249,0.1194,0.005693
2026-09-08 14:05:41,SPX,7691.4,7708.35,7750.0,2811,679,0.0958,0.005693
2026-09-08 14:05:41,SPX,7691.4,7708.35,7630.0,30,462,0.1208,0.005693
2026-09-08 14:05:41,SPX,7691.4,7708.35,7780.0,0,33,0.0967,0.005693
2026-09-08 14:05:41,SPX,7691.4,7708.35,7600.0,311,3709,0.1301,0.005693
2026-09-08 14:05:41,SPX,7691.4,7708.35,7785.0,605,6,0.0972,0.005693
2026-09-08 14:05:41,SPX,7691.4,7708.35,7595.0,23,1378,0.132,0.005693
2026-09-08 14:05:41,SPX,7691.4,7708.35,7790.0,428,19,0.0979,0.005693
2026-09-08 14:05:41,SPX,7691.4,7708.35,7590.0,14,1073,0.1335,0.005693
2026-09-08 14:05:41,SPX,7691.4,7708.35,7795.0,366,4,0.0989,0.005693
2026-09-08 14:05:41,SPX,7691.4,7708.35,7585.0,93,170,0.1347,0.005693
2026-09-08 14:05:41,SPX,7691.4,7708.35,7800.0,1384,554,0.1,0.005693
2026-09-08 14:05:41,SPX,7691.4,7708.35,7580.0,4,342,0.1367,0.005693
2026-09-08 14:05:41,SPX,7691.4,7708.35,7805.0,342,0,0.1014,0.005693
2026-09-08 14:05:41,SPX,7691.4,7708.35,7575.0,46,309,0.1387,0.005693
2026-09-08 14:05:41,SPX,7691.4,7708.35,7810.0,674,7,0.1029,0.005693
2026-09-08 14:05:41,SPX,7691.4,7708.35,7570.0,2,431,0.1403,0.005693
2026-09-08 14:05:41,SPX,7691.4,7708.35,7815.0,215,13,0.1047,0.005693
2026-09-08 14:36:06,SPX,7690.06,7707.27,7690.0,470,1436,0.1004,0.000159
2026-09-08 14:36:06,SPX,7690.06,7707.27,7695.0,2214,818,0.0994,0.000159
2026-09-08 14:36:06,SPX,7690.06,7707.27,7685.0,302,2088,0.1061,0.000159
2026-09-08 14:36:06,SPX,7690.06,7707.27,7700.0,2792,4391,0.1028,0.000159
2026-09-08 14:36:06,SPX,7690.06,7707.27,7680.0,831,2687,0.1147,0.000159
2026-09-08 14:36:06,SPX,7690.06,7707.27,7705.0,464,887,0.1111,0.000159
2026-09-08 14:36:06,SPX,7690.06,7707.27,7675.0,958,2779,0.1244,0.000159
2026-09-08 14:36:06,SPX,7690.06,7707.27,7710.0,1381,1326,0.1232,0.000159
2026-09-08 14:36:06,SPX,7690.06,7707.27,7670.0,475,2825,0.1381,0.000159
2026-09-08 14:36:06,SPX,7690.06,7707.27,7715.0,1475,1449,0.1415,0.000159
2026-09-08 14:36:06,SPX,7690.06,7707.27,7665.0,198,1068,0.1514,0.000159
2026-09-08 14:36:06,SPX,7690.06,7707.27,7720.0,1489,1154,0.16,0.000159
2026-09-08 14:36:06,SPX,7690.06,7707.27,7660.0,185,1236,0.1647,0.000159
2026-09-08 14:36:06,SPX,7690.06,7707.27,7725.0,1966,1527,0.1781,0.000159
2026-09-08 14:36:06,SPX,7690.06,7707.27,7655.0,82,1287,0.1858,0.000159
2026-09-08 14:36:06,SPX,7690.06,7707.27,7730.0,1078,886,0.1951,0.000159
2026-09-08 14:36:06,SPX,7690.06,7707.27,7650.0,663,5409,0.1993,0.000159
2026-09-08 14:36:06,SPX,7690.06,7707.27,7735.0,796,261,0.2112,0.000159
2026-09-08 14:36:06,SPX,7690.06,7707.27,7645.0,149,844,0.2201,0.000159
2026-09-08 14:36:06,SPX,7690.06,7707.27,7740.0,1856,572,0.2271,0.000159
2026-09-08 14:36:06,SPX,7690.06,7707.27,7640.0,123,1861,0.2411,0.000159
2026-09-08 14:36:06,SPX,7690.06,7707.27,7745.0,1601,455,0.2437,0.000159
2026-09-08 14:36:06,SPX,7690.06,7707.27,7635.0,148,1738,0.2619,0.000159
2026-09-08 14:36:06,SPX,7690.06,7707.27,7750.0,4911,2071,0.2617,0.000159
2026-09-08 14:36:06,SPX,7690.06,7707.27,7630.0,191,2694,0.2808,0.000159
2026-09-08 14:36:06,SPX,7690.06,7707.27,7755.0,1773,629,0.2809,0.000159
2026-09-08 14:36:06,SPX,7690.06,7707.27,7625.0,863,2202,0.2947,0.000159
2026-09-08 14:36:06,SPX,7690.06,7707.27,7760.0,1784,154,0.3006,0.000159
2026-09-08 14:36:06,SPX,7690.06,7707.27,7620.0,173,2611,0.3065,0.000159
2026-09-08 14:36:06,SPX,7690.06,7707.27,7765.0,2092,170,0.3199,0.000159
2026-09-08 14:36:06,SPX,7690.06,7707.27,7615.0,76,2178,0.3193,0.000159
2026-09-08 14:36:06,SPX,7690.06,7707.27,7770.0,1714,241,0.3371,0.000159
2026-09-08 14:36:06,SPX,7690.06,7707.27,7610.0,59,1434,0.3346,0.000159
2026-09-08 14:36:06,SPX,7690.06,7707.27,7775.0,2940,238,0.3517,0.000159
2026-09-08 14:36:06,SPX,7690.06,7707.27,7605.0,79,1226,0.3524,0.000159
2026-09-08 14:36:06,SPX,7690.06,7707.27,7780.0,3052,207,0.3645,0.000159
2026-09-08 14:36:06,SPX,7690.06,7707.27,7600.0,773,3225,0.3721,0.000159
2026-09-08 14:36:06,SPX,7690.06,7707.27,7785.0,4210,45,0.3764,0.000159
2026-09-08 14:36:06,SPX,7690.06,7707.27,7595.0,30,1339,0.3932,0.000159
2026-09-08 14:36:06,SPX,7690.06,7707.27,7790.0,3393,79,0.3885,0.000159
2026-09-08 14:36:06,SPX,7690.06,7707.27,7590.0,75,943,0.4147,0.000159
2026-09-08 14:36:06,SPX,7690.06,7707.27,7795.0,2397,33,0.3999,0.000159
2026-09-08 14:36:06,SPX,7690.06,7707.27,7585.0,39,1980,0.4358,0.000159
2026-09-08 14:36:06,SPX,7690.06,7707.27,7800.0,7554,1032,0.4086,0.000159
2026-09-08 14:36:06,SPX,7690.06,7707.27,7580.0,86,867,0.4563,0.000159
2026-09-08 14:36:06,SPX,7690.06,7707.27,7805.0,3147,21,0.4131,0.000159
2026-09-08 14:36:06,SPX,7690.06,7707.27,7575.0,125,4734,0.4761,0.000159
2026-09-08 14:36:06,SPX,7690.06,7707.27,7810.0,2796,64,0.4156,0.000159
2026-09-08 14:36:06,SPX,7690.06,7707.27,7570.0,22,912,0.4953,0.000159
2026-09-08 14:36:06,SPX,7690.06,7707.27,7815.0,3071,19,0.4166,0.000159
2026-09-08 14:36:06,SPX,7690.06,7707.27,7690.0,226,362,0.1016,0.002897
2026-09-08 14:36:06,SPX,7690.06,7707.27,7695.0,905,3352,0.0999,0.002897
2026-09-08 14:36:06,SPX,7690.06,7707.27,7685.0,111,206,0.1031,0.002897
2026-09-08 14:36:06,SPX,7690.06,7707.27,7700.0,2097,1886,0.0982,0.002897
2026-09-08 14:36:06,SPX,7690.06,7707.27,7680.0,112,814,0.1048,0.002897
2026-09-08 14:36:06,SPX,7690.06,7707.27,7705.0,229,513,0.0968,0.002897
2026-09-08 14:36:06,SPX,7690.06,7707.27,7675.0,395,3776,0.1064,0.002897
2026-09-08 14:36:06,SPX,7690.06,7707.27,7710.0,401,341,0.0958,0.002897
2026-09-08 14:36:06,SPX,7690.06,7707.27,7670.0,337,706,0.1081,0.002897
2026-09-08 14:36:06,SPX,7690.06,7707.27,7715.0,612,262,0.0953,0.002897
2026-09-08 14:36:06,SPX,7690.06,7707.27,7665.0,92,408,0.1099,0.002897
2026-09-08 14:36:06,SPX,7690.06,7707.27,7720.0,528,464,0.0949,0.002897
2026-09-08 14:36:06,SPX,7690.06,7707.27,7660.0,86,866,0.1113,0.002897
2026-09-08 14:36:06,SPX,7690.06,7707.27,7725.0,787,546,0.0945,0.002897
2026-09-08 14:36:06,SPX,7690.06,7707.27,7655.0,58,442,0.1127,0.002897
2026-09-08 14:36:06,SPX,7690.06,7707.27,7730.0,688,272,0.0943,0.002897
2026-09-08 14:36:06,SPX,7690.06,7707.27,7650.0,1237,1218,0.1141,0.002897
2026-09-08 14:36:06,SPX,7690.06,7707.27,7735.0,417,105,0.0943,0.002897
2026-09-08 14:36:06,SPX,7690.06,7707.27,7645.0,55,480,0.1171,0.002897
2026-09-08 14:36:06,SPX,7690.06,7707.27,7740.0,382,187,0.0945,0.002897
2026-09-08 14:36:06,SPX,7690.06,7707.27,7640.0,128,413,0.1166,0.002897
2026-09-08 14:36:06,SPX,7690.06,7707.27,7745.0,349,168,0.095,0.002897
2026-09-08 14:36:06,SPX,7690.06,7707.27,7635.0,80,291,0.1189,0.002897
2026-09-08 14:36:06,SPX,7690.06,7707.27,7750.0,2060,978,0.0961,0.002897
2026-09-08 14:36:06,SPX,7690.06,7707.27,7630.0,52,324,0.1205,0.002897
2026-09-08 14:36:06,SPX,7690.06,7707.27,7755.0,667,260,0.0976,0.002897
2026-09-08 14:36:06,SPX,7690.06,7707.27,7625.0,1357,2570,0.1226,0.002897
2026-09-08 14:36:06,SPX,7690.06,7707.27,7760.0,1227,102,0.0995,0.002897
2026-09-08 14:36:06,SPX,7690.06,7707.27,7620.0,83,1484,0.1253,0.002897
2026-09-08 14:36:06,SPX,7690.06,7707.27,7765.0,1349,38,0.1019,0.002897
2026-09-08 14:36:06,SPX,7690.06,7707.27,7615.0,20,230,0.1257,0.002897
2026-09-08 14:36:06,SPX,7690.06,7707.27,7770.0,474,71,0.1046,0.002897
2026-09-08 14:36:06,SPX,7690.06,7707.27,7610.0,32,346,0.1278,0.002897
2026-09-08 14:36:06,SPX,7690.06,7707.27,7775.0,1782,104,0.1076,0.002897
2026-09-08 14:36:06,SPX,7690.06,7707.27,7605.0,40,240,0.1308,0.002897
2026-09-08 14:36:06,SPX,7690.06,7707.27,7780.0,4143,62,0.1107,0.002897
2026-09-08 14:36:06,SPX,7690.06,7707.27,7600.0,1122,3145,0.132,0.002897
2026-09-08 14:36:06,SPX,7690.06,7707.27,7785.0,789,20,0.1141,0.002897
2026-09-08 14:36:06,SPX,7690.06,7707.27,7595.0,26,322,0.1347,0.002897
2026-09-08 14:36:06,SPX,7690.06,7707.27,7790.0,535,23,0.1175,0.002897
2026-09-08 14:36:06,SPX,7690.06,7707.27,7590.0,44,286,0.1386,0.002897
2026-09-08 14:36:06,SPX,7690.06,7707.27,7795.0,3116,25,0.121,0.002897
2026-09-08 14:36:06,SPX,7690.06,7707.27,7585.0,4,184,0.1416,0.002897
2026-09-08 14:36:06,SPX,7690.06,7707.27,7800.0,3280,88,0.1245,0.002897
2026-09-08 14:36:06,SPX,7690.06,7707.27,7580.0,6,526,0.1433,0.002897
2026-09-08 14:36:06,SPX,7690.06,7707.27,7805.0,644,9,0.128,0.002897
2026-09-08 14:36:06,SPX,7690.06,7707.27,7575.0,172,2591,0.1475,0.002897
2026-09-08 14:36:06,SPX,7690.06,7707.27,7810.0,2736,36,0.1315,0.002897
2026-09-08 14:36:06,SPX,7690.06,7707.27,7570.0,8,297,0.151,0.002897
2026-09-08 14:36:06,SPX,7690.06,7707.27,7815.0,1624,10,0.1349,0.002897
2026-09-08 14:36:06,SPX,7690.06,7707.27,7690.0,105,258,0.1063,0.005635
2026-09-08 14:36:06,SPX,7690.06,7707.27,7695.0,67,179,0.1051,0.005635
2026-09-08 14:36:06,SPX,7690.06,7707.27,7685.0,122,715,0.1075,0.005635
2026-09-08 14:36:06,SPX,7690.06,7707.27,7700.0,945,1810,0.1041,0.005635
2026-09-08 14:36:06,SPX,7690.06,7707.27,7680.0,98,605,0.1088,0.005635
2026-09-08 14:36:06,SPX,7690.06,7707.27,7705.0,197,161,0.1032,0.005635
2026-09-08 14:36:06,SPX,7690.06,7707.27,7675.0,368,1333,0.1098,0.005635
2026-09-08 14:36:06,SPX,7690.06,7707.27,7710.0,288,863,0.1025,0.005635
2026-09-08 14:36:06,SPX,7690.06,7707.27,7670.0,104,341,0.1111,0.005635
2026-09-08 14:36:06,SPX,7690.06,7707.27,7715.0,127,1504,0.1018,0.005635
2026-09-08 14:36:06,SPX,7690.06,7707.27,7665.0,55,482,0.1127,0.005635
2026-09-08 14:36:06,SPX,7690.06,7707.27,7720.0,210,294,0.101,0.005635
2026-09-08 14:36:06,SPX,7690.06,7707.27,7660.0,105,543,0.1146,0.005635
2026-09-08 14:36:06,SPX,7690.06,7707.27,7725.0,893,660,0.0999,0.005635
2026-09-08 14:36:06,SPX,7690.06,7707.27,7655.0,78,221,0.116,0.005635
2026-09-08 14:36:06,SPX,7690.06,7707.27,7730.0,757,145,0.0989,0.005635
2026-09-08 14:36:06,SPX,7690.06,7707.27,7650.0,146,777,0.1166,0.005635
2026-09-08 14:36:06,SPX,7690.06,7707.27,7735.0,160,146,0.0981,0.005635
2026-09-08 14:36:06,SPX,7690.06,7707.27,7645.0,34,137,0.1178,0.005635
2026-09-08 14:36:06,SPX,7690.06,7707.27,7740.0,1482,1463,0.0975,0.005635
2026-09-08 14:36:06,SPX,7690.06,7707.27,7640.0,48,222,0.1194,0.005635
2026-09-08 14:36:06,SPX,7690.06,7707.27,7745.0,196,120,0.0972,0.005635
2026-09-08 14:36:06,SPX,7690.06,7707.27,7635.0,98,249,0.1209,0.005635
2026-09-08 14:36:06,SPX,7690.06,7707.27,7750.0,2811,679,0.097,0.005635
2026-09-08 14:36:06,SPX,7690.06,7707.27,7755.0,979,102,0.097,0.005635
2026-09-08 14:36:06,SPX,7690.06,7707.27,7625.0,38,198,0.1234,0.005635
2026-09-08 14:36:06,SPX,7690.06,7707.27,7760.0,720,120,0.097,0.005635
2026-09-08 14:36:06,SPX,7690.06,7707.27,7620.0,37,861,0.1249,0.005635
2026-09-08 14:36:06,SPX,7690.06,7707.27,7765.0,1654,81,0.0971,0.005635
2026-09-08 14:36:06,SPX,7690.06,7707.27,7615.0,17,289,0.1267,0.005635
2026-09-08 14:36:06,SPX,7690.06,7707.27,7770.0,436,66,0.0972,0.005635
2026-09-08 14:36:06,SPX,7690.06,7707.27,7610.0,101,1087,0.1284,0.005635
2026-09-08 14:36:06,SPX,7690.06,7707.27,7775.0,1820,82,0.0975,0.005635
2026-09-08 14:36:06,SPX,7690.06,7707.27,7605.0,43,184,0.1297,0.005635
2026-09-08 14:36:06,SPX,7690.06,7707.27,7780.0,857,33,0.0979,0.005635
2026-09-08 14:36:06,SPX,7690.06,7707.27,7600.0,311,3709,0.1306,0.005635
2026-09-08 14:36:06,SPX,7690.06,7707.27,7785.0,605,6,0.0983,0.005635
2026-09-08 14:36:06,SPX,7690.06,7707.27,7595.0,23,1378,0.1324,0.005635
2026-09-08 14:36:06,SPX,7690.06,7707.27,7790.0,428,19,0.0989,0.005635
2026-09-08 14:36:06,SPX,7690.06,7707.27,7590.0,14,1073,0.1335,0.005635
2026-09-08 14:36:06,SPX,7690.06,7707.27,7795.0,366,4,0.0997,0.005635
2026-09-08 14:36:06,SPX,7690.06,7707.27,7585.0,93,170,0.1356,0.005635
2026-09-08 14:36:06,SPX,7690.06,7707.27,7800.0,1384,554,0.1008,0.005635
2026-09-08 14:36:06,SPX,7690.06,7707.27,7580.0,4,342,0.1374,0.005635
2026-09-08 14:36:06,SPX,7690.06,7707.27,7805.0,342,0,0.102,0.005635
2026-09-08 14:36:06,SPX,7690.06,7707.27,7575.0,46,309,0.1393,0.005635
2026-09-08 14:36:06,SPX,7690.06,7707.27,7810.0,674,7,0.1034,0.005635
2026-09-08 14:36:06,SPX,7690.06,7707.27,7570.0,2,431,0.1412,0.005635
2026-09-08 14:36:06,SPX,7690.06,7707.27,7815.0,215,13,0.105,0.005635
2026-09-08 15:06:34,SPX,7681.69,7707.54,7680.0,831,2687,0.1437,0.000102
2026-09-08 15:06:34,SPX,7681.69,7707.54,7685.0,302,2088,0.1376,0.000102
2026-09-08 15:06:34,SPX,7681.69,7707.54,7675.0,958,2779,0.1525,0.000102
2026-09-08 15:06:34,SPX,7681.69,7707.54,7690.0,470,1436,0.1355,0.000102
2026-09-08 15:06:34,SPX,7681.69,7707.54,7670.0,475,2825,0.1634,0.000102
2026-09-08 15:06:34,SPX,7681.69,7707.54,7695.0,2214,818,0.1382,0.000102
2026-09-08 15:06:34,SPX,7681.69,7707.54,7665.0,198,1068,0.1758,0.000102
2026-09-08 15:06:34,SPX,7681.69,7707.54,7700.0,2792,4391,0.1495,0.000102
2026-09-08 15:06:34,SPX,7681.69,7707.54,7660.0,185,1236,0.1889,0.000102
2026-09-08 15:06:34,SPX,7681.69,7707.54,7705.0,464,887,0.1674,0.000102
2026-09-08 15:06:34,SPX,7681.69,7707.54,7655.0,82,1287,0.1999,0.000102
2026-09-08 15:06:34,SPX,7681.69,7707.54,7710.0,1381,1326,0.1868,0.000102
2026-09-08 15:06:34,SPX,7681.69,7707.54,7650.0,663,5409,0.2133,0.000102
2026-09-08 15:06:34,SPX,7681.69,7707.54,7715.0,1475,1449,0.2062,0.000102
2026-09-08 15:06:34,SPX,7681.69,7707.54,7645.0,149,844,0.2303,0.000102
2026-09-08 15:06:34,SPX,7681.69,7707.54,7720.0,1489,1154,0.2262,0.000102
2026-09-08 15:06:34,SPX,7681.69,7707.54,7640.0,123,1861,0.2511,0.000102
2026-09-08 15:06:34,SPX,7681.69,7707.54,7725.0,1966,1527,0.2466,0.000102
2026-09-08 15:06:34,SPX,7681.69,7707.54,7635.0,148,1738,0.2722,0.000102
2026-09-08 15:06:34,SPX,7681.69,7707.54,7730.0,1078,886,0.2657,0.000102
2026-09-08 15:06:34,SPX,7681.69,7707.54,7630.0,191,2694,0.2918,0.000102
2026-09-08 15:06:34,SPX,7681.69,7707.54,7735.0,796,261,0.2838,0.000102
2026-09-08 15:06:34,SPX,7681.69,7707.54,7625.0,863,2202,0.3106,0.000102
2026-09-08 15:06:34,SPX,7681.69,7707.54,7740.0,1856,572,0.3028,0.000102
2026-09-08 15:06:34,SPX,7681.69,7707.54,7620.0,173,2611,0.333,0.000102
2026-09-08 15:06:34,SPX,7681.69,7707.54,7745.0,1601,455,0.3235,0.000102
2026-09-08 15:06:34,SPX,7681.69,7707.54,7615.0,76,2178,0.3556,0.000102
2026-09-08 15:06:34,SPX,7681.69,7707.54,7750.0,4911,2071,0.3456,0.000102
2026-09-08 15:06:34,SPX,7681.69,7707.54,7610.0,59,1434,0.3781,0.000102
2026-09-08 15:06:34,SPX,7681.69,7707.54,7755.0,1773,629,0.3674,0.000102
2026-09-08 15:06:34,SPX,7681.69,7707.54,7605.0,79,1226,0.3982,0.000102
2026-09-08 15:06:34,SPX,7681.69,7707.54,7760.0,1784,154,0.3882,0.000102
2026-09-08 15:06:34,SPX,7681.69,7707.54,7600.0,773,3225,0.4166,0.000102
2026-09-08 15:06:34,SPX,7681.69,7707.54,7765.0,2092,170,0.4075,0.000102
2026-09-08 15:06:34,SPX,7681.69,7707.54,7595.0,30,1339,0.4343,0.000102
2026-09-08 15:06:34,SPX,7681.69,7707.54,7770.0,1714,241,0.424,0.000102
2026-09-08 15:06:34,SPX,7681.69,7707.54,7590.0,75,943,0.4511,0.000102
2026-09-08 15:06:34,SPX,7681.69,7707.54,7775.0,2940,238,0.4375,0.000102
2026-09-08 15:06:34,SPX,7681.69,7707.54,7585.0,39,1980,0.4662,0.000102
2026-09-08 15:06:34,SPX,7681.69,7707.54,7780.0,3052,207,0.4476,0.000102
2026-09-08 15:06:34,SPX,7681.69,7707.54,7580.0,86,867,0.4805,0.000102
2026-09-08 15:06:34,SPX,7681.69,7707.54,7785.0,4210,45,0.4572,0.000102
2026-09-08 15:06:34,SPX,7681.69,7707.54,7575.0,125,4734,0.4943,0.000102
2026-09-08 15:06:34,SPX,7681.69,7707.54,7790.0,3393,79,0.4697,0.000102
2026-09-08 15:06:34,SPX,7681.69,7707.54,7570.0,22,912,0.5074,0.000102
2026-09-08 15:06:34,SPX,7681.69,7707.54,7795.0,2397,33,0.4807,0.000102
2026-09-08 15:06:34,SPX,7681.69,7707.54,7565.0,13,4238,0.5197,0.000102
2026-09-08 15:06:34,SPX,7681.69,7707.54,7800.0,7554,1032,0.4842,0.000102
2026-09-08 15:06:34,SPX,7681.69,7707.54,7560.0,13,1897,0.5316,0.000102
2026-09-08 15:06:34,SPX,7681.69,7707.54,7805.0,3147,21,0.4841,0.000102
2026-09-08 15:06:34,SPX,7681.69,7707.54,7680.0,112,814,0.1081,0.002839
2026-09-08 15:06:34,SPX,7681.69,7707.54,7685.0,111,206,0.1062,0.002839
2026-09-08 15:06:34,SPX,7681.69,7707.54,7675.0,395,3776,0.1098,0.002839
2026-09-08 15:06:34,SPX,7681.69,7707.54,7690.0,226,362,0.1042,0.002839
2026-09-08 15:06:34,SPX,7681.69,7707.54,7670.0,337,706,0.112,0.002839
2026-09-08 15:06:34,SPX,7681.69,7707.54,7695.0,905,3352,0.1024,0.002839
2026-09-08 15:06:34,SPX,7681.69,7707.54,7665.0,92,408,0.1138,0.002839
2026-09-08 15:06:34,SPX,7681.69,7707.54,7700.0,2097,1886,0.1009,0.002839
2026-09-08 15:06:34,SPX,7681.69,7707.54,7660.0,86,866,0.1155,0.002839
2026-09-08 15:06:34,SPX,7681.69,7707.54,7705.0,229,513,0.0991,0.002839
2026-09-08 15:06:34,SPX,7681.69,7707.54,7655.0,58,442,0.1174,0.002839
2026-09-08 15:06:34,SPX,7681.69,7707.54,7710.0,401,341,0.0978,0.002839
2026-09-08 15:06:34,SPX,7681.69,7707.54,7650.0,1237,1218,0.1188,0.002839
2026-09-08 15:06:34,SPX,7681.69,7707.54,7715.0,612,262,0.0967,0.002839
2026-09-08 15:06:34,SPX,7681.69,7707.54,7645.0,55,480,0.121,0.002839
2026-09-08 15:06:34,SPX,7681.69,7707.54,7720.0,528,464,0.0957,0.002839
2026-09-08 15:06:34,SPX,7681.69,7707.54,7640.0,128,413,0.1236,0.002839
2026-09-08 15:06:34,SPX,7681.69,7707.54,7725.0,787,546,0.0948,0.002839
2026-09-08 15:06:34,SPX,7681.69,7707.54,7635.0,80,291,0.1245,0.002839
2026-09-08 15:06:34,SPX,7681.69,7707.54,7730.0,688,272,0.0944,0.002839
2026-09-08 15:06:34,SPX,7681.69,7707.54,7630.0,52,324,0.1267,0.002839
2026-09-08 15:06:34,SPX,7681.69,7707.54,7735.0,417,105,0.0941,0.002839
2026-09-08 15:06:34,SPX,7681.69,7707.54,7625.0,1357,2570,0.1303,0.002839
2026-09-08 15:06:34,SPX,7681.69,7707.54,7740.0,382,187,0.0946,0.002839
2026-09-08 15:06:34,SPX,7681.69,7707.54,7620.0,83,1484,0.1317,0.002839
2026-09-08 15:06:34,SPX,7681.69,7707.54,7745.0,349,168,0.0957,0.002839
2026-09-08 15:06:34,SPX,7681.69,7707.54,7615.0,20,230,0.1328,0.002839
2026-09-08 15:06:34,SPX,7681.69,7707.54,7750.0,2060,978,0.0971,0.002839
2026-09-08 15:06:34,SPX,7681.69,7707.54,7610.0,32,346,0.1347,0.002839
2026-09-08 15:06:34,SPX,7681.69,7707.54,7755.0,667,260,0.0987,0.002839
2026-09-08 15:06:34,SPX,7681.69,7707.54,7605.0,40,240,0.137,0.002839
2026-09-08 15:06:34,SPX,7681.69,7707.54,7760.0,1227,102,0.1005,0.002839
2026-09-08 15:06:34,SPX,7681.69,7707.54,7600.0,1122,3145,0.1408,0.002839
2026-09-08 15:06:34,SPX,7681.69,7707.54,7765.0,1349,38,0.1023,0.002839
2026-09-08 15:06:34,SPX,7681.69,7707.54,7595.0,26,322,0.1412,0.002839
2026-09-08 15:06:34,SPX,7681.69,7707.54,7770.0,474,71,0.1042,0.002839
2026-09-08 15:06:34,SPX,7681.69,7707.54,7590.0,44,286,0.1443,0.002839
2026-09-08 15:06:34,SPX,7681.69,7707.54,7775.0,1782,104,0.1063,0.002839
2026-09-08 15:06:34,SPX,7681.69,7707.54,7585.0,4,184,0.1477,0.002839
2026-09-08 15:06:34,SPX,7681.69,7707.54,7780.0,4143,62,0.1085,0.002839
2026-09-08 15:06:34,SPX,7681.69,7707.54,7580.0,6,526,0.1506,0.002839
2026-09-08 15:06:34,SPX,7681.69,7707.54,7785.0,789,20,0.111,0.002839
2026-09-08 15:06:34,SPX,7681.69,7707.54,7575.0,172,2591,0.1539,0.002839
2026-09-08 15:06:34,SPX,7681.69,7707.54,7790.0,535,23,0.1137,0.002839
2026-09-08 15:06:34,SPX,7681.69,7707.54,7570.0,8,297,0.156,0.002839
2026-09-08 15:06:34,SPX,7681.69,7707.54,7795.0,3116,25,0.1167,0.002839
2026-09-08 15:06:34,SPX,7681.69,7707.54,7565.0,8,224,0.1581,0.002839
2026-09-08 15:06:34,SPX,7681.69,7707.54,7800.0,3280,88,0.1198,0.002839
2026-09-08 15:06:34,SPX,7681.69,7707.54,7560.0,11,440,0.1607,0.002839
2026-09-08 15:06:34,SPX,7681.69,7707.54,7805.0,644,9,0.1232,0.002839
2026-09-08 15:06:34,SPX,7681.69,7707.54,7680.0,98,605,0.1116,0.005577
2026-09-08 15:06:34,SPX,7681.69,7707.54,7685.0,122,715,0.1105,0.005577
2026-09-08 15:06:34,SPX,7681.69,7707.54,7675.0,368,1333,0.1131,0.005577
2026-09-08 15:06:34,SPX,7681.69,7707.54,7690.0,105,258,0.109,0.005577
2026-09-08 15:06:34,SPX,7681.69,7707.54,7670.0,104,341,0.1149,0.005577
2026-09-08 15:06:34,SPX,7681.69,7707.54,7695.0,67,179,0.1077,0.005577
2026-09-08 15:06:34,SPX,7681.69,7707.54,7665.0,55,482,0.117,0.005577
2026-09-08 15:06:34,SPX,7681.69,7707.54,7700.0,945,1810,0.1065,0.005577
2026-09-08 15:06:34,SPX,7681.69,7707.54,7660.0,105,543,0.1185,0.005577
2026-09-08 15:06:34,SPX,7681.69,7707.54,7705.0,197,161,0.1054,0.005577
2026-09-08 15:06:34,SPX,7681.69,7707.54,7655.0,78,221,0.1196,0.005577
2026-09-08 15:06:34,SPX,7681.69,7707.54,7710.0,288,863,0.1041,0.005577
2026-09-08 15:06:34,SPX,7681.69,7707.54,7650.0,146,777,0.1208,0.005577
2026-09-08 15:06:34,SPX,7681.69,7707.54,7715.0,127,1504,0.1027,0.005577
2026-09-08 15:06:34,SPX,7681.69,7707.54,7645.0,34,137,0.1224,0.005577
2026-09-08 15:06:34,SPX,7681.69,7707.54,7720.0,210,294,0.1014,0.005577
2026-09-08 15:06:34,SPX,7681.69,7707.54,7640.0,48,222,0.1242,0.005577
2026-09-08 15:06:34,SPX,7681.69,7707.54,7725.0,893,660,0.1003,0.005577
2026-09-08 15:06:34,SPX,7681.69,7707.54,7635.0,98,249,0.1258,0.005577
2026-09-08 15:06:34,SPX,7681.69,7707.54,7730.0,757,145,0.0995,0.005577
2026-09-08 15:06:34,SPX,7681.69,7707.54,7630.0,30,462,0.1271,0.005577
2026-09-08 15:06:34,SPX,7681.69,7707.54,7735.0,160,146,0.099,0.005577
2026-09-08 15:06:34,SPX,7681.69,7707.54,7625.0,38,198,0.1283,0.005577
2026-09-08 15:06:34,SPX,7681.69,7707.54,7740.0,1482,1463,0.0985,0.005577
2026-09-08 15:06:34,SPX,7681.69,7707.54,7620.0,37,861,0.1297,0.005577
2026-09-08 15:06:34,SPX,7681.69,7707.54,7745.0,196,120,0.0979,0.005577
2026-09-08 15:06:34,SPX,7681.69,7707.54,7615.0,17,289,0.1317,0.005577
2026-09-08 15:06:34,SPX,7681.69,7707.54,7750.0,2811,679,0.0973,0.005577
2026-09-08 15:06:34,SPX,7681.69,7707.54,7610.0,101,1087,0.1341,0.005577
2026-09-08 15:06:34,SPX,7681.69,7707.54,7755.0,979,102,0.0966,0.005577
2026-09-08 15:06:34,SPX,7681.69,7707.54,7605.0,43,184,0.1356,0.005577
2026-09-08 15:06:34,SPX,7681.69,7707.54,7760.0,720,120,0.096,0.005577
2026-09-08 15:06:34,SPX,7681.69,7707.54,7600.0,311,3709,0.1363,0.005577
2026-09-08 15:06:34,SPX,7681.69,7707.54,7765.0,1654,81,0.0954,0.005577
2026-09-08 15:06:34,SPX,7681.69,7707.54,7595.0,23,1378,0.138,0.005577
2026-09-08 15:06:34,SPX,7681.69,7707.54,7770.0,436,66,0.095,0.005577
2026-09-08 15:06:34,SPX,7681.69,7707.54,7590.0,14,1073,0.1401,0.005577
2026-09-08 15:06:34,SPX,7681.69,7707.54,7775.0,1820,82,0.0948,0.005577
2026-09-08 15:06:34,SPX,7681.69,7707.54,7585.0,93,170,0.142,0.005577
2026-09-08 15:06:34,SPX,7681.69,7707.54,7780.0,857,33,0.0948,0.005577
2026-09-08 15:06:34,SPX,7681.69,7707.54,7580.0,4,342,0.1441,0.005577
2026-09-08 15:06:34,SPX,7681.69,7707.54,7785.0,605,6,0.0952,0.005577
2026-09-08 15:06:34,SPX,7681.69,7707.54,7575.0,46,309,0.1463,0.005577
2026-09-08 15:06:34,SPX,7681.69,7707.54,7790.0,428,19,0.0958,0.005577
2026-09-08 15:06:34,SPX,7681.69,7707.54,7570.0,2,431,0.1481,0.005577
2026-09-08 15:06:34,SPX,7681.69,7707.54,7795.0,366,4,0.0967,0.005577
2026-09-08 15:06:34,SPX,7681.69,7707.54,7565.0,33,206,0.1495,0.005577
2026-09-08 15:06:34,SPX,7681.69,7707.54,7800.0,1384,554,0.0978,0.005577
2026-09-08 15:06:34,SPX,7681.69,7707.54,7560.0,38,326,0.1508,0.005577
2026-09-08 15:06:34,SPX,7681.69,7707.54,7805.0,342,0,0.0992,0.005577
2026-09-08 15:36:59,SPX,7684.14,7711.08,7685.0,302,2088,0.1533,4.4e-05
2026-09-08 15:36:59,SPX,7684.14,7711.08,7680.0,831,2687,0.1601,4.4e-05
2026-09-08 15:36:59,SPX,7684.14,7711.08,7690.0,470,1436,0.1481,4.4e-05
2026-09-08 15:36:59,SPX,7684.14,7711.08,7675.0,958,2779,0.1694,4.4e-05
2026-09-08 15:36:59,SPX,7684.14,7711.08,7695.0,2214,818,0.1524,4.4e-05
2026-09-08 15:36:59,SPX,7684.14,7711.08,7670.0,475,2825,0.1835,4.4e-05
2026-09-08 15:36:59,SPX,7684.14,7711.08,7700.0,2792,4391,0.1606,4.4e-05
2026-09-08 15:36:59,SPX,7684.14,7711.08,7665.0,198,1068,0.2021,4.4e-05
2026-09-08 15:36:59,SPX,7684.14,7711.08,7705.0,464,887,0.1769,4.4e-05
2026-09-08 15:36:59,SPX,7684.14,7711.08,7660.0,185,1236,0.219,4.4e-05
2026-09-08 15:36:59,SPX,7684.14,7711.08,7710.0,1381,1326,0.1988,4.4e-05
2026-09-08 15:36:59,SPX,7684.14,7711.08,7655.0,82,1287,0.2551,4.4e-05
2026-09-08 15:36:59,SPX,7684.14,7711.08,7715.0,1475,1449,0.2297,4.4e-05
2026-09-08 15:36:59,SPX,7684.14,7711.08,7650.0,663,5409,0.2945,4.4e-05
2026-09-08 15:36:59,SPX,7684.14,7711.08,7720.0,1489,1154,0.2511,4.4e-05
2026-09-08 15:36:59,SPX,7684.14,7711.08,7645.0,149,844,0.3326,4.4e-05
2026-09-08 15:36:59,SPX,7684.14,7711.08,7725.0,1966,1527,0.274,4.4e-05
2026-09-08 15:36:59,SPX,7684.14,7711.08,7640.0,123,1861,0.3688,4.4e-05
2026-09-08 15:36:59,SPX,7684.14,7711.08,7730.0,1078,886,0.3001,4.4e-05
2026-09-08 15:36:59,SPX,7684.14,7711.08,7635.0,148,1738,0.4008,4.4e-05
2026-09-08 15:36:59,SPX,7684.14,7711.08,7735.0,796,261,0.324,4.4e-05
2026-09-08 15:36:59,SPX,7684.14,7711.08,7630.0,191,2694,0.4291,4.4e-05
2026-09-08 15:36:59,SPX,7684.14,7711.08,7740.0,1856,572,0.3467,4.4e-05
2026-09-08 15:36:59,SPX,7684.14,7711.08,7625.0,863,2202,0.4541,4.4e-05
2026-09-08 15:36:59,SPX,7684.14,7711.08,7745.0,1601,455,0.3682,4.4e-05
2026-09-08 15:36:59,SPX,7684.14,7711.08,7620.0,173,2611,0.4772,4.4e-05
2026-09-08 15:36:59,SPX,7684.14,7711.08,7750.0,4911,2071,0.3883,4.4e-05
2026-09-08 15:36:59,SPX,7684.14,7711.08,7615.0,76,2178,0.4966,4.4e-05
2026-09-08 15:36:59,SPX,7684.14,7711.08,7755.0,1773,629,0.4065,4.4e-05
2026-09-08 15:36:59,SPX,7684.14,7711.08,7610.0,59,1434,0.5121,4.4e-05
2026-09-08 15:36:59,SPX,7684.14,7711.08,7760.0,1784,154,0.4227,4.4e-05
2026-09-08 15:36:59,SPX,7684.14,7711.08,7605.0,79,1226,0.5232,4.4e-05
2026-09-08 15:36:59,SPX,7684.14,7711.08,7765.0,2092,170,0.4369,4.4e-05
2026-09-08 15:36:59,SPX,7684.14,7711.08,7600.0,773,3225,0.5308,4.4e-05
2026-09-08 15:36:59,SPX,7684.14,7711.08,7770.0,1714,241,0.4481,4.4e-05
2026-09-08 15:36:59,SPX,7684.14,7711.08,7595.0,30,1339,0.5357,4.4e-05
2026-09-08 15:36:59,SPX,7684.14,7711.08,7775.0,2940,238,0.4567,4.4e-05
2026-09-08 15:36:59,SPX,7684.14,7711.08,7590.0,75,943,0.5384,4.4e-05
2026-09-08 15:36:59,SPX,7684.14,7711.08,7780.0,3052,207,0.4632,4.4e-05
2026-09-08 15:36:59,SPX,7684.14,7711.08,7585.0,39,1980,0.5395,4.4e-05
2026-09-08 15:36:59,SPX,7684.14,7711.08,7785.0,4210,45,0.4689,4.4e-05
2026-09-08 15:36:59,SPX,7684.14,7711.08,7580.0,86,867,0.5399,4.4e-05
2026-09-08 15:36:59,SPX,7684.14,7711.08,7790.0,3393,79,0.4748,4.4e-05
2026-09-08 15:36:59,SPX,7684.14,7711.08,7575.0,125,4734,0.54,4.4e-05
2026-09-08 15:36:59,SPX,7684.14,7711.08,7795.0,2397,33,0.4799,4.4e-05
2026-09-08 15:36:59,SPX,7684.14,7711.08,7570.0,22,912,0.5402,4.4e-05
2026-09-08 15:36:59,SPX,7684.14,7711.08,7800.0,7554,1032,0.482,4.4e-05
2026-09-08 15:36:59,SPX,7684.14,7711.08,7565.0,13,4238,0.5409,4.4e-05
2026-09-08 15:36:59,SPX,7684.14,7711.08,7805.0,3147,21,0.4825,4.4e-05
2026-09-08 15:36:59,SPX,7684.14,7711.08,7560.0,13,1897,0.5425,4.4e-05
2026-09-08 15:36:59,SPX,7684.14,7711.08,7685.0,111,206,0.1034,0.002782
2026-09-08 15:36:59,SPX,7684.14,7711.08,7680.0,112,814,0.1053,0.002782
2026-09-08 15:36:59,SPX,7684.14,7711.08,7690.0,226,362,0.1013,0.002782
2026-09-08 15:36:59,SPX,7684.14,7711.08,7675.0,395,3776,0.1072,0.002782
2026-09-08 15:36:59,SPX,7684.14,7711.08,7695.0,905,3352,0.0995,0.002782
2026-09-08 15:36:59,SPX,7684.14,7711.08,7670.0,337,706,0.1093,0.002782
2026-09-08 15:36:59,SPX,7684.14,7711.08,7700.0,2097,1886,0.0977,0.002782
2026-09-08 15:36:59,SPX,7684.14,7711.08,7665.0,92,408,0.1112,0.002782
2026-09-08 15:36:59,SPX,7684.14,7711.08,7705.0,229,513,0.0958,0.002782
2026-09-08 15:36:59,SPX,7684.14,7711.08,7660.0,86,866,0.1128,0.002782
2026-09-08 15:36:59,SPX,7684.14,7711.08,7710.0,401,341,0.0941,0.002782
2026-09-08 15:36:59,SPX,7684.14,7711.08,7655.0,58,442,0.1147,0.002782
2026-09-08 15:36:59,SPX,7684.14,7711.08,7715.0,612,262,0.0929,0.002782
2026-09-08 15:36:59,SPX,7684.14,7711.08,7650.0,1237,1218,0.1162,0.002782
2026-09-08 15:36:59,SPX,7684.14,7711.08,7720.0,528,464,0.0917,0.002782
2026-09-08 15:36:59,SPX,7684.14,7711.08,7645.0,55,480,0.1197,0.002782
2026-09-08 15:36:59,SPX,7684.14,7711.08,7725.0,787,546,0.0912,0.002782
2026-09-08 15:36:59,SPX,7684.14,7711.08,7640.0,128,413,0.1203,0.002782
2026-09-08 15:36:59,SPX,7684.14,7711.08,7730.0,688,272,0.0912,0.002782
2026-09-08 15:36:59,SPX,7684.14,7711.08,7635.0,80,291,0.1221,0.002782
2026-09-08 15:36:59,SPX,7684.14,7711.08,7735.0,417,105,0.0915,0.002782
2026-09-08 15:36:59,SPX,7684.14,7711.08,7630.0,52,324,0.1246,0.002782
2026-09-08 15:36:59,SPX,7684.14,7711.08,7740.0,382,187,0.0921,0.002782
2026-09-08 15:36:59,SPX,7684.14,7711.08,7625.0,1357,2570,0.1283,0.002782
2026-09-08 15:36:59,SPX,7684.14,7711.08,7745.0,349,168,0.0929,0.002782
2026-09-08 15:36:59,SPX,7684.14,7711.08,7620.0,83,1484,0.1297,0.002782
2026-09-08 15:36:59,SPX,7684.14,7711.08,7750.0,2060,978,0.0955,0.002782
2026-09-08 15:36:59,SPX,7684.14,7711.08,7615.0,20,230,0.1323,0.002782
2026-09-08 15:36:59,SPX,7684.14,7711.08,7755.0,667,260,0.0949,0.002782
2026-09-08 15:36:59,SPX,7684.14,7711.08,7610.0,32,346,0.1344,0.002782
2026-09-08 15:36:59,SPX,7684.14,7711.08,7760.0,1227,102,0.0962,0.002782
2026-09-08 15:36:59,SPX,7684.14,7711.08,7605.0,40,240,0.1375,0.002782
2026-09-08 15:36:59,SPX,7684.14,7711.08,7765.0,1349,38,0.0979,0.002782
2026-09-08 15:36:59,SPX,7684.14,7711.08,7600.0,1122,3145,0.1401,0.002782
2026-09-08 15:36:59,SPX,7684.14,7711.08,7770.0,474,71,0.0999,0.002782
2026-09-08 15:36:59,SPX,7684.14,7711.08,7595.0,26,322,0.1427,0.002782
2026-09-08 15:36:59,SPX,7684.14,7711.08,7775.0,1782,104,0.105,0.002782
2026-09-08 15:36:59,SPX,7684.14,7711.08,7590.0,44,286,0.1464,0.002782
2026-09-08 15:36:59,SPX,7684.14,7711.08,7780.0,4143,62,0.1049,0.002782
2026-09-08 15:36:59,SPX,7684.14,7711.08,7585.0,4,184,0.1505,0.002782
2026-09-08 15:36:59,SPX,7684.14,7711.08,7785.0,789,20,0.1078,0.002782
2026-09-08 15:36:59,SPX,7684.14,7711.08,7580.0,6,526,0.1539,0.002782
2026-09-08 15:36:59,SPX,7684.14,7711.08,7790.0,535,23,0.1109,0.002782
2026-09-08 15:36:59,SPX,7684.14,7711.08,7575.0,172,2591,0.1562,0.002782
2026-09-08 15:36:59,SPX,7684.14,7711.08,7795.0,3116,25,0.1143,0.002782
2026-09-08 15:36:59,SPX,7684.14,7711.08,7570.0,8,297,0.1589,0.002782
2026-09-08 15:36:59,SPX,7684.14,7711.08,7800.0,3280,88,0.1195,0.002782
2026-09-08 15:36:59,SPX,7684.14,7711.08,7565.0,8,224,0.1614,0.002782
2026-09-08 15:36:59,SPX,7684.14,7711.08,7805.0,644,9,0.1213,0.002782
2026-09-08 15:36:59,SPX,7684.14,7711.08,7560.0,0,440,0.1643,0.002782
2026-09-08 15:36:59,SPX,7684.14,7711.08,7685.0,122,715,0.1091,0.005519
2026-09-08 15:36:59,SPX,7684.14,7711.08,7680.0,98,605,0.1105,0.005519
2026-09-08 15:36:59,SPX,7684.14,7711.08,7690.0,105,258,0.1079,0.005519
2026-09-08 15:36:59,SPX,7684.14,7711.08,7675.0,368,1333,0.1116,0.005519
2026-09-08 15:36:59,SPX,7684.14,7711.08,7695.0,67,179,0.1067,0.005519
2026-09-08 15:36:59,SPX,7684.14,7711.08,7670.0,104,341,0.113,0.005519
2026-09-08 15:36:59,SPX,7684.14,7711.08,7700.0,945,1810,0.1054,0.005519
2026-09-08 15:36:59,SPX,7684.14,7711.08,7665.0,55,482,0.1152,0.005519
2026-09-08 15:36:59,SPX,7684.14,7711.08,7705.0,197,161,0.1041,0.005519
2026-09-08 15:36:59,SPX,7684.14,7711.08,7660.0,105,543,0.1169,0.005519
2026-09-08 15:36:59,SPX,7684.14,7711.08,7710.0,288,863,0.1027,0.005519
2026-09-08 15:36:59,SPX,7684.14,7711.08,7655.0,78,221,0.118,0.005519
2026-09-08 15:36:59,SPX,7684.14,7711.08,7715.0,127,1504,0.1012,0.005519
2026-09-08 15:36:59,SPX,7684.14,7711.08,7650.0,146,777,0.1193,0.005519
2026-09-08 15:36:59,SPX,7684.14,7711.08,7720.0,210,294,0.1001,0.005519
2026-09-08 15:36:59,SPX,7684.14,7711.08,7645.0,34,137,0.1208,0.005519
2026-09-08 15:36:59,SPX,7684.14,7711.08,7725.0,893,660,0.0994,0.005519
2026-09-08 15:36:59,SPX,7684.14,7711.08,7640.0,48,222,0.1225,0.005519
2026-09-08 15:36:59,SPX,7684.14,7711.08,7730.0,757,145,0.0989,0.005519
2026-09-08 15:36:59,SPX,7684.14,7711.08,7635.0,98,249,0.1242,0.005519
2026-09-08 15:36:59,SPX,7684.14,7711.08,7735.0,160,146,0.0986,0.005519
2026-09-08 15:36:59,SPX,7684.14,7711.08,7630.0,30,462,0.1259,0.005519
2026-09-08 15:36:59,SPX,7684.14,7711.08,7740.0,1482,1463,0.0982,0.005519
2026-09-08 15:36:59,SPX,7684.14,7711.08,7625.0,38,198,0.1276,0.005519
2026-09-08 15:36:59,SPX,7684.14,7711.08,7745.0,196,120,0.0977,0.005519
2026-09-08 15:36:59,SPX,7684.14,7711.08,7620.0,37,861,0.1294,0.005519
2026-09-08 15:36:59,SPX,7684.14,7711.08,7750.0,2811,679,0.0971,0.005519
2026-09-08 15:36:59,SPX,7684.14,7711.08,7615.0,17,289,0.1312,0.005519
2026-09-08 15:36:59,SPX,7684.14,7711.08,7755.0,979,102,0.0965,0.005519
2026-09-08 15:36:59,SPX,7684.14,7711.08,7610.0,101,1087,0.1323,0.005519
2026-09-08 15:36:59,SPX,7684.14,7711.08,7760.0,720,120,0.096,0.005519
2026-09-08 15:36:59,SPX,7684.14,7711.08,7605.0,43,184,0.1337,0.005519
2026-09-08 15:36:59,SPX,7684.14,7711.08,7765.0,1654,81,0.0955,0.005519
2026-09-08 15:36:59,SPX,7684.14,7711.08,7600.0,311,3709,0.1353,0.005519
2026-09-08 15:36:59,SPX,7684.14,7711.08,7770.0,436,66,0.0953,0.005519
2026-09-08 15:36:59,SPX,7684.14,7711.08,7595.0,23,1378,0.1375,0.005519
2026-09-08 15:36:59,SPX,7684.14,7711.08,7775.0,1820,82,0.0953,0.005519
2026-09-08 15:36:59,SPX,7684.14,7711.08,7590.0,14,1073,0.1393,0.005519
2026-09-08 15:36:59,SPX,7684.14,7711.08,7780.0,857,33,0.0956,0.005519
2026-09-08 15:36:59,SPX,7684.14,7711.08,7585.0,93,170,0.1414,0.005519
2026-09-08 15:36:59,SPX,7684.14,7711.08,7785.0,605,6,0.0962,0.005519
2026-09-08 15:36:59,SPX,7684.14,7711.08,7580.0,4,342,0.1437,0.005519
2026-09-08 15:36:59,SPX,7684.14,7711.08,7790.0,428,19,0.0971,0.005519
2026-09-08 15:36:59,SPX,7684.14,7711.08,7575.0,46,309,0.1458,0.005519
2026-09-08 15:36:59,SPX,7684.14,7711.08,7795.0,366,4,0.0982,0.005519
2026-09-08 15:36:59,SPX,7684.14,7711.08,7570.0,2,431,0.1476,0.005519
2026-09-08 15:36:59,SPX,7684.14,7711.08,7800.0,1384,554,0.0996,0.005519
2026-09-08 15:36:59,SPX,7684.14,7711.08,7565.0,33,206,0.1493,0.005519
2026-09-08 15:36:59,SPX,7684.14,7711.08,7805.0,342,0,0.1011,0.005519
2026-09-08 15:36:59,SPX,7684.14,7711.08,7560.0,0,326,0.1511,0.005519
