timestamp,symbol,spot,gflip,strike,oi_call,oi_put,iv,T
2026-08-12 09:32:02,SPX,7763.58,7723.83,7765.0,1106,440,0.1925,0.000738
2026-08-12 09:32:02,SPX,7763.58,7723.83,7760.0,1773,955,0.1944,0.000738
2026-08-12 09:32:02,SPX,7763.58,7723.83,7770.0,1311,332,0.191,0.000738
2026-08-12 09:32:02,SPX,7763.58,7723.83,7755.0,1121,677,0.1958,0.000738
2026-08-12 09:32:02,SPX,7763.58,7723.83,7775.0,2519,395,0.1899,0.000738
2026-08-12 09:32:02,SPX,7763.58,7723.83,7750.0,1953,1266,0.1982,0.000738
2026-08-12 09:32:02,SPX,7763.58,7723.83,7780.0,3351,214,0.188,0.000738
2026-08-12 09:32:02,SPX,7763.58,7723.83,7745.0,1087,633,0.2004,0.000738
2026-08-12 09:32:02,SPX,7763.58,7723.83,7785.0,2268,109,0.1866,0.000738
2026-08-12 09:32:02,SPX,7763.58,7723.83,7740.0,919,676,0.2015,0.000738
2026-08-12 09:32:02,SPX,7763.58,7723.83,7790.0,1362,291,0.1862,0.000738
2026-08-12 09:32:02,SPX,7763.58,7723.83,7735.0,1049,882,0.2031,0.000738
2026-08-12 09:32:02,SPX,7763.58,7723.83,7795.0,1083,47,0.1851,0.000738
2026-08-12 09:32:02,SPX,7763.58,7723.83,7730.0,1059,1629,0.2062,0.000738
2026-08-12 09:32:02,SPX,7763.58,7723.83,7800.0,6256,513,0.1845,0.000738
2026-08-12 09:32:02,SPX,7763.58,7723.83,7725.0,1615,2330,0.2089,0.000738
2026-08-12 09:32:02,SPX,7763.58,7723.83,7805.0,1015,67,0.1837,0.000738
2026-08-12 09:32:02,SPX,7763.58,7723.83,7720.0,551,1062,0.2116,0.000738
2026-08-12 09:32:02,SPX,7763.58,7723.83,7810.0,7197,25,0.1831,0.000738
2026-08-12 09:32:02,SPX,7763.58,7723.83,7715.0,284,776,0.2159,0.000738
2026-08-12 09:32:02,SPX,7763.58,7723.83,7815.0,1098,22,0.1835,0.000738
2026-08-12 09:32:02,SPX,7763.58,7723.83,7710.0,333,1261,0.2184,0.000738
2026-08-12 09:32:02,SPX,7763.58,7723.83,7820.0,4265,36,0.1844,0.000738
2026-08-12 09:32:02,SPX,7763.58,7723.83,7705.0,102,772,0.2221,0.000738
2026-08-12 09:32:02,SPX,7763.58,7723.83,7825.0,2215,21,0.186,0.000738
2026-08-12 09:32:02,SPX,7763.58,7723.83,7700.0,1143,4286,0.2255,0.000738
2026-08-12 09:32:02,SPX,7763.58,7723.83,7830.0,1247,75,0.1881,0.000738
2026-08-12 09:32:02,SPX,7763.58,7723.83,7695.0,170,1271,0.2283,0.000738
2026-08-12 09:32:02,SPX,7763.58,7723.83,7835.0,837,25,0.1904,0.000738
2026-08-12 09:32:02,SPX,7763.58,7723.83,7690.0,207,2891,0.2317,0.000738
2026-08-12 09:32:02,SPX,7763.58,7723.83,7840.0,2578,7,0.1929,0.000738
2026-08-12 09:32:02,SPX,7763.58,7723.83,7685.0,66,1433,0.2357,0.000738
2026-08-12 09:32:02,SPX,7763.58,7723.83,7845.0,898,62,0.1961,0.000738
2026-08-12 09:32:02,SPX,7763.58,7723.83,7680.0,187,1331,0.2397,0.000738
2026-08-12 09:32:02,SPX,7763.58,7723.83,7850.0,5638,107,0.2,0.000738
2026-08-12 09:32:02,SPX,7763.58,7723.83,7675.0,934,3985,0.2441,0.000738
2026-08-12 09:32:02,SPX,7763.58,7723.83,7855.0,1352,33,0.2045,0.000738
2026-08-12 09:32:02,SPX,7763.58,7723.83,7670.0,374,2792,0.2487,0.000738
2026-08-12 09:32:02,SPX,7763.58,7723.83,7860.0,1358,11,0.2093,0.000738
2026-08-12 09:32:02,SPX,7763.58,7723.83,7665.0,194,1042,0.2531,0.000738
2026-08-12 09:32:02,SPX,7763.58,7723.83,7865.0,944,4,0.2145,0.000738
2026-08-12 09:32:02,SPX,7763.58,7723.83,7660.0,369,1624,0.2574,0.000738
2026-08-12 09:32:02,SPX,7763.58,7723.83,7870.0,908,15,0.217,0.000738
2026-08-12 09:32:02,SPX,7763.58,7723.83,7655.0,162,968,0.2615,0.000738
2026-08-12 09:32:02,SPX,7763.58,7723.83,7875.0,1429,217,0.2225,0.000738
2026-08-12 09:32:02,SPX,7763.58,7723.83,7650.0,1239,7403,0.2658,0.000738
2026-08-12 09:32:02,SPX,7763.58,7723.83,7880.0,1116,9,0.2287,0.000738
2026-08-12 09:32:02,SPX,7763.58,7723.83,7645.0,85,3253,0.27,0.000738
2026-08-12 09:32:02,SPX,7763.58,7723.83,7885.0,815,7,0.2348,0.000738
2026-08-12 09:32:02,SPX,7763.58,7723.83,7640.0,178,2301,0.2743,0.000738
2026-08-12 09:32:02,SPX,7763.58,7723.83,7765.0,417,148,0.1344,0.003475
2026-08-12 09:32:02,SPX,7763.58,7723.83,7760.0,847,274,0.1351,0.003475
2026-08-12 09:32:02,SPX,7763.58,7723.83,7770.0,375,107,0.1344,0.003475
2026-08-12 09:32:02,SPX,7763.58,7723.83,7755.0,301,191,0.1353,0.003475
2026-08-12 09:32:02,SPX,7763.58,7723.83,7775.0,663,87,0.1337,0.003475
2026-08-12 09:32:02,SPX,7763.58,7723.83,7750.0,1116,874,0.1359,0.003475
2026-08-12 09:32:02,SPX,7763.58,7723.83,7780.0,286,67,0.1315,0.003475
2026-08-12 09:32:02,SPX,7763.58,7723.83,7745.0,216,233,0.1373,0.003475
2026-08-12 09:32:02,SPX,7763.58,7723.83,7785.0,255,43,0.1315,0.003475
2026-08-12 09:32:02,SPX,7763.58,7723.83,7740.0,562,242,0.1387,0.003475
2026-08-12 09:32:02,SPX,7763.58,7723.83,7790.0,320,101,0.1316,0.003475
2026-08-12 09:32:02,SPX,7763.58,7723.83,7735.0,256,387,0.1394,0.003475
2026-08-12 09:32:02,SPX,7763.58,7723.83,7795.0,287,15,0.1318,0.003475
2026-08-12 09:32:02,SPX,7763.58,7723.83,7730.0,155,384,0.1401,0.003475
2026-08-12 09:32:02,SPX,7763.58,7723.83,7800.0,1572,467,0.1316,0.003475
2026-08-12 09:32:02,SPX,7763.58,7723.83,7725.0,568,604,0.1415,0.003475
2026-08-12 09:32:02,SPX,7763.58,7723.83,7805.0,223,25,0.1312,0.003475
2026-08-12 09:32:02,SPX,7763.58,7723.83,7720.0,267,438,0.1423,0.003475
2026-08-12 09:32:02,SPX,7763.58,7723.83,7810.0,1068,30,0.1305,0.003475
2026-08-12 09:32:02,SPX,7763.58,7723.83,7715.0,134,174,0.1439,0.003475
2026-08-12 09:32:02,SPX,7763.58,7723.83,7815.0,414,31,0.1296,0.003475
2026-08-12 09:32:02,SPX,7763.58,7723.83,7710.0,190,212,0.1451,0.003475
2026-08-12 09:32:02,SPX,7763.58,7723.83,7820.0,1829,3,0.1289,0.003475
2026-08-12 09:32:02,SPX,7763.58,7723.83,7705.0,79,337,0.1481,0.003475
2026-08-12 09:32:02,SPX,7763.58,7723.83,7825.0,829,84,0.1285,0.003475
2026-08-12 09:32:02,SPX,7763.58,7723.83,7700.0,813,796,0.1499,0.003475
2026-08-12 09:32:02,SPX,7763.58,7723.83,7830.0,927,21,0.1283,0.003475
2026-08-12 09:32:02,SPX,7763.58,7723.83,7695.0,184,171,0.1506,0.003475
2026-08-12 09:32:02,SPX,7763.58,7723.83,7835.0,305,10,0.1284,0.003475
2026-08-12 09:32:02,SPX,7763.58,7723.83,7690.0,131,209,0.1524,0.003475
2026-08-12 09:32:02,SPX,7763.58,7723.83,7840.0,293,9,0.1288,0.003475
2026-08-12 09:32:02,SPX,7763.58,7723.83,7685.0,22,342,0.1529,0.003475
2026-08-12 09:32:02,SPX,7763.58,7723.83,7845.0,224,1,0.1294,0.003475
2026-08-12 09:32:02,SPX,7763.58,7723.83,7680.0,474,329,0.1546,0.003475
2026-08-12 09:32:02,SPX,7763.58,7723.83,7850.0,953,2,0.13,0.003475
2026-08-12 09:32:02,SPX,7763.58,7723.83,7675.0,616,464,0.1567,0.003475
2026-08-12 09:32:02,SPX,7763.58,7723.83,7855.0,201,2,0.1306,0.003475
2026-08-12 09:32:02,SPX,7763.58,7723.83,7670.0,355,475,0.1577,0.003475
2026-08-12 09:32:02,SPX,7763.58,7723.83,7860.0,429,3,0.1312,0.003475
2026-08-12 09:32:02,SPX,7763.58,7723.83,7665.0,58,164,0.1583,0.003475
2026-08-12 09:32:02,SPX,7763.58,7723.83,7865.0,325,0,0.1317,0.003475
2026-08-12 09:32:02,SPX,7763.58,7723.83,7660.0,378,1549,0.16,0.003475
2026-08-12 09:32:02,SPX,7763.58,7723.83,7870.0,347,26,0.1323,0.003475
2026-08-12 09:32:02,SPX,7763.58,7723.83,7655.0,14,252,0.1622,0.003475
2026-08-12 09:32:02,SPX,7763.58,7723.83,7875.0,1822,0,0.1329,0.003475
2026-08-12 09:32:02,SPX,7763.58,7723.83,7650.0,268,727,0.164,0.003475
2026-08-12 09:32:02,SPX,7763.58,7723.83,7880.0,526,23,0.1337,0.003475
2026-08-12 09:32:02,SPX,7763.58,7723.83,7645.0,29,269,0.1656,0.003475
2026-08-12 09:32:02,SPX,7763.58,7723.83,7885.0,699,0,0.1347,0.003475
2026-08-12 09:32:02,SPX,7763.58,7723.83,7640.0,231,365,0.1672,0.003475
2026-08-12 09:32:02,SPX,7763.58,7723.83,7765.0,373,419,0.1247,0.006213
2026-08-12 09:32:02,SPX,7763.58,7723.83,7760.0,1189,728,0.1254,0.006213
2026-08-12 09:32:02,SPX,7763.58,7723.83,7770.0,942,430,0.1247,0.006213
2026-08-12 09:32:02,SPX,7763.58,7723.83,7755.0,1771,483,0.1265,0.006213
2026-08-12 09:32:02,SPX,7763.58,7723.83,7775.0,2259,514,0.1241,0.006213
2026-08-12 09:32:02,SPX,7763.58,7723.83,7750.0,5226,3108,0.1265,0.006213
2026-08-12 09:32:02,SPX,7763.58,7723.83,7780.0,1362,103,0.1235,0.006213
2026-08-12 09:32:02,SPX,7763.58,7723.83,7745.0,2248,2193,0.1273,0.006213
2026-08-12 09:32:02,SPX,7763.58,7723.83,7785.0,589,76,0.1227,0.006213
2026-08-12 09:32:02,SPX,7763.58,7723.83,7740.0,878,878,0.1282,0.006213
2026-08-12 09:32:02,SPX,7763.58,7723.83,7790.0,867,152,0.1226,0.006213
2026-08-12 09:32:02,SPX,7763.58,7723.83,7735.0,612,488,0.1287,0.006213
2026-08-12 09:32:02,SPX,7763.58,7723.83,7795.0,631,54,0.1218,0.006213
2026-08-12 09:32:02,SPX,7763.58,7723.83,7730.0,918,701,0.1299,0.006213
2026-08-12 09:32:02,SPX,7763.58,7723.83,7800.0,6379,446,0.1215,0.006213
2026-08-12 09:32:02,SPX,7763.58,7723.83,7725.0,2747,2415,0.1302,0.006213
2026-08-12 09:32:02,SPX,7763.58,7723.83,7805.0,557,21,0.1216,0.006213
2026-08-12 09:32:02,SPX,7763.58,7723.83,7720.0,595,816,0.1312,0.006213
2026-08-12 09:32:02,SPX,7763.58,7723.83,7810.0,2375,95,0.1216,0.006213
2026-08-12 09:32:02,SPX,7763.58,7723.83,7715.0,226,523,0.1322,0.006213
2026-08-12 09:32:02,SPX,7763.58,7723.83,7815.0,484,19,0.1216,0.006213
2026-08-12 09:32:02,SPX,7763.58,7723.83,7710.0,1000,1068,0.1333,0.006213
2026-08-12 09:32:02,SPX,7763.58,7723.83,7820.0,1818,80,0.1214,0.006213
2026-08-12 09:32:02,SPX,7763.58,7723.83,7705.0,162,754,0.134,0.006213
2026-08-12 09:32:02,SPX,7763.58,7723.83,7825.0,2450,32,0.121,0.006213
2026-08-12 09:32:02,SPX,7763.58,7723.83,7700.0,3212,4667,0.1321,0.006213
2026-08-12 09:32:02,SPX,7763.58,7723.83,7830.0,2991,31,0.118,0.006213
2026-08-12 09:32:02,SPX,7763.58,7723.83,7695.0,198,607,0.133,0.006213
2026-08-12 09:32:02,SPX,7763.58,7723.83,7835.0,933,9,0.118,0.006213
2026-08-12 09:32:02,SPX,7763.58,7723.83,7690.0,435,850,0.1339,0.006213
2026-08-12 09:32:02,SPX,7763.58,7723.83,7840.0,1946,31,0.1182,0.006213
2026-08-12 09:32:02,SPX,7763.58,7723.83,7685.0,177,638,0.1351,0.006213
2026-08-12 09:32:02,SPX,7763.58,7723.83,7845.0,1720,51,0.1185,0.006213
2026-08-12 09:32:02,SPX,7763.58,7723.83,7680.0,637,905,0.1369,0.006213
2026-08-12 09:32:02,SPX,7763.58,7723.83,7850.0,5091,70,0.1189,0.006213
2026-08-12 09:32:02,SPX,7763.58,7723.83,7675.0,1223,3392,0.1383,0.006213
2026-08-12 09:32:02,SPX,7763.58,7723.83,7855.0,666,8,0.1193,0.006213
2026-08-12 09:32:02,SPX,7763.58,7723.83,7670.0,493,982,0.1387,0.006213
2026-08-12 09:32:02,SPX,7763.58,7723.83,7860.0,1991,18,0.1198,0.006213
2026-08-12 09:32:02,SPX,7763.58,7723.83,7665.0,68,1152,0.1394,0.006213
2026-08-12 09:32:02,SPX,7763.58,7723.83,7865.0,695,1,0.1202,0.006213
2026-08-12 09:32:02,SPX,7763.58,7723.83,7660.0,369,1076,0.1406,0.006213
2026-08-12 09:32:02,SPX,7763.58,7723.83,7870.0,1864,13,0.1206,0.006213
2026-08-12 09:32:02,SPX,7763.58,7723.83,7655.0,190,481,0.1426,0.006213
2026-08-12 09:32:02,SPX,7763.58,7723.83,7875.0,2080,17,0.121,0.006213
2026-08-12 09:32:02,SPX,7763.58,7723.83,7650.0,2424,2597,0.1441,0.006213
2026-08-12 09:32:02,SPX,7763.58,7723.83,7880.0,2671,1,0.1214,0.006213
2026-08-12 09:32:02,SPX,7763.58,7723.83,7645.0,115,964,0.1447,0.006213
2026-08-12 09:32:02,SPX,7763.58,7723.83,7885.0,810,3,0.122,0.006213
2026-08-12 09:32:02,SPX,7763.58,7723.83,7640.0,941,2908,0.145,0.006213
2026-08-12 10:02:14,SPX,7748.09,7728.31,7750.0,1953,1266,0.1668,0.00068
2026-08-12 10:02:14,SPX,7748.09,7728.31,7745.0,1087,633,0.1686,0.00068
2026-08-12 10:02:14,SPX,7748.09,7728.31,7755.0,1121,677,0.1647,0.00068
2026-08-12 10:02:14,SPX,7748.09,7728.31,7740.0,919,676,0.1716,0.00068
2026-08-12 10:02:14,SPX,7748.09,7728.31,7760.0,1773,955,0.164,0.00068
2026-08-12 10:02:14,SPX,7748.09,7728.31,7735.0,1049,882,0.1734,0.00068
2026-08-12 10:02:14,SPX,7748.09,7728.31,7765.0,1106,440,0.1626,0.00068
2026-08-12 10:02:14,SPX,7748.09,7728.31,7730.0,1059,1629,0.1772,0.00068
2026-08-12 10:02:14,SPX,7748.09,7728.31,7770.0,1311,332,0.1628,0.00068
2026-08-12 10:02:14,SPX,7748.09,7728.31,7725.0,1615,2330,0.18,0.00068
2026-08-12 10:02:14,SPX,7748.09,7728.31,7775.0,2519,395,0.1624,0.00068
2026-08-12 10:02:14,SPX,7748.09,7728.31,7720.0,551,1062,0.183,0.00068
2026-08-12 10:02:14,SPX,7748.09,7728.31,7780.0,3351,214,0.1621,0.00068
2026-08-12 10:02:14,SPX,7748.09,7728.31,7715.0,284,776,0.1862,0.00068
2026-08-12 10:02:14,SPX,7748.09,7728.31,7785.0,2268,109,0.1628,0.00068
2026-08-12 10:02:14,SPX,7748.09,7728.31,7710.0,333,1261,0.1902,0.00068
2026-08-12 10:02:14,SPX,7748.09,7728.31,7790.0,1362,291,0.1644,0.00068
2026-08-12 10:02:14,SPX,7748.09,7728.31,7705.0,102,772,0.1921,0.00068
2026-08-12 10:02:14,SPX,7748.09,7728.31,7795.0,1083,47,0.1663,0.00068
2026-08-12 10:02:14,SPX,7748.09,7728.31,7700.0,1143,4286,0.1959,0.00068
2026-08-12 10:02:14,SPX,7748.09,7728.31,7800.0,6256,513,0.1674,0.00068
2026-08-12 10:02:14,SPX,7748.09,7728.31,7695.0,170,1271,0.1995,0.00068
2026-08-12 10:02:14,SPX,7748.09,7728.31,7805.0,1015,67,0.1699,0.00068
2026-08-12 10:02:14,SPX,7748.09,7728.31,7690.0,207,2891,0.2028,0.00068
2026-08-12 10:02:14,SPX,7748.09,7728.31,7810.0,7197,25,0.174,0.00068
2026-08-12 10:02:14,SPX,7748.09,7728.31,7685.0,66,1433,0.2062,0.00068
2026-08-12 10:02:14,SPX,7748.09,7728.31,7815.0,1098,22,0.179,0.00068
2026-08-12 10:02:14,SPX,7748.09,7728.31,7680.0,187,1331,0.2113,0.00068
2026-08-12 10:02:14,SPX,7748.09,7728.31,7820.0,4265,36,0.184,0.00068
2026-08-12 10:02:14,SPX,7748.09,7728.31,7675.0,934,3985,0.2156,0.00068
2026-08-12 10:02:14,SPX,7748.09,7728.31,7825.0,2215,21,0.1888,0.00068
2026-08-12 10:02:14,SPX,7748.09,7728.31,7670.0,374,2792,0.2195,0.00068
2026-08-12 10:02:14,SPX,7748.09,7728.31,7830.0,1247,75,0.194,0.00068
2026-08-12 10:02:14,SPX,7748.09,7728.31,7665.0,194,1042,0.2228,0.00068
2026-08-12 10:02:14,SPX,7748.09,7728.31,7835.0,837,25,0.1993,0.00068
2026-08-12 10:02:14,SPX,7748.09,7728.31,7660.0,369,1624,0.2261,0.00068
2026-08-12 10:02:14,SPX,7748.09,7728.31,7840.0,2578,7,0.2051,0.00068
2026-08-12 10:02:14,SPX,7748.09,7728.31,7655.0,162,968,0.2296,0.00068
2026-08-12 10:02:14,SPX,7748.09,7728.31,7845.0,898,62,0.2113,0.00068
2026-08-12 10:02:14,SPX,7748.09,7728.31,7650.0,1239,7403,0.2346,0.00068
2026-08-12 10:02:14,SPX,7748.09,7728.31,7850.0,5638,107,0.2178,0.00068
2026-08-12 10:02:14,SPX,7748.09,7728.31,7645.0,85,3253,0.2411,0.00068
2026-08-12 10:02:14,SPX,7748.09,7728.31,7855.0,1352,33,0.2243,0.00068
2026-08-12 10:02:14,SPX,7748.09,7728.31,7640.0,178,2301,0.2482,0.00068
2026-08-12 10:02:14,SPX,7748.09,7728.31,7860.0,1358,11,0.2311,0.00068
2026-08-12 10:02:14,SPX,7748.09,7728.31,7635.0,128,1169,0.2554,0.00068
2026-08-12 10:02:14,SPX,7748.09,7728.31,7865.0,944,4,0.2379,0.00068
2026-08-12 10:02:14,SPX,7748.09,7728.31,7630.0,331,3045,0.2624,0.00068
2026-08-12 10:02:14,SPX,7748.09,7728.31,7870.0,908,15,0.2449,0.00068
2026-08-12 10:02:14,SPX,7748.09,7728.31,7625.0,301,2986,0.2691,0.00068
2026-08-12 10:02:14,SPX,7748.09,7728.31,7750.0,1116,874,0.1228,0.003418
2026-08-12 10:02:14,SPX,7748.09,7728.31,7745.0,216,233,0.1235,0.003418
2026-08-12 10:02:14,SPX,7748.09,7728.31,7755.0,301,191,0.1219,0.003418
2026-08-12 10:02:14,SPX,7748.09,7728.31,7740.0,562,242,0.1245,0.003418
2026-08-12 10:02:14,SPX,7748.09,7728.31,7760.0,847,274,0.1212,0.003418
2026-08-12 10:02:14,SPX,7748.09,7728.31,7735.0,256,387,0.126,0.003418
2026-08-12 10:02:14,SPX,7748.09,7728.31,7765.0,417,148,0.1211,0.003418
2026-08-12 10:02:14,SPX,7748.09,7728.31,7730.0,155,384,0.1266,0.003418
2026-08-12 10:02:14,SPX,7748.09,7728.31,7770.0,375,107,0.1211,0.003418
2026-08-12 10:02:14,SPX,7748.09,7728.31,7725.0,568,604,0.127,0.003418
2026-08-12 10:02:14,SPX,7748.09,7728.31,7775.0,663,87,0.1204,0.003418
2026-08-12 10:02:14,SPX,7748.09,7728.31,7720.0,267,438,0.1276,0.003418
2026-08-12 10:02:14,SPX,7748.09,7728.31,7780.0,286,67,0.1192,0.003418
2026-08-12 10:02:14,SPX,7748.09,7728.31,7715.0,134,174,0.1285,0.003418
2026-08-12 10:02:14,SPX,7748.09,7728.31,7785.0,255,43,0.1195,0.003418
2026-08-12 10:02:14,SPX,7748.09,7728.31,7710.0,190,212,0.1298,0.003418
2026-08-12 10:02:14,SPX,7748.09,7728.31,7790.0,320,101,0.1195,0.003418
2026-08-12 10:02:14,SPX,7748.09,7728.31,7705.0,79,337,0.1309,0.003418
2026-08-12 10:02:14,SPX,7748.09,7728.31,7795.0,287,15,0.12,0.003418
2026-08-12 10:02:14,SPX,7748.09,7728.31,7700.0,813,796,0.132,0.003418
2026-08-12 10:02:14,SPX,7748.09,7728.31,7800.0,1572,467,0.1207,0.003418
2026-08-12 10:02:14,SPX,7748.09,7728.31,7695.0,184,171,0.1337,0.003418
2026-08-12 10:02:14,SPX,7748.09,7728.31,7805.0,223,25,0.1204,0.003418
2026-08-12 10:02:14,SPX,7748.09,7728.31,7690.0,0,209,0.1347,0.003418
2026-08-12 10:02:14,SPX,7748.09,7728.31,7810.0,1068,30,0.1201,0.003418
2026-08-12 10:02:14,SPX,7748.09,7728.31,7685.0,22,342,0.1362,0.003418
2026-08-12 10:02:14,SPX,7748.09,7728.31,7815.0,414,31,0.1199,0.003418
2026-08-12 10:02:14,SPX,7748.09,7728.31,7680.0,474,329,0.1378,0.003418
2026-08-12 10:02:14,SPX,7748.09,7728.31,7820.0,1829,3,0.1199,0.003418
2026-08-12 10:02:14,SPX,7748.09,7728.31,7675.0,616,464,0.1399,0.003418
2026-08-12 10:02:14,SPX,7748.09,7728.31,7825.0,829,84,0.1202,0.003418
2026-08-12 10:02:14,SPX,7748.09,7728.31,7670.0,355,475,0.1407,0.003418
2026-08-12 10:02:14,SPX,7748.09,7728.31,7830.0,927,21,0.121,0.003418
2026-08-12 10:02:14,SPX,7748.09,7728.31,7665.0,58,164,0.141,0.003418
2026-08-12 10:02:14,SPX,7748.09,7728.31,7835.0,305,10,0.1221,0.003418
2026-08-12 10:02:14,SPX,7748.09,7728.31,7660.0,378,1549,0.142,0.003418
2026-08-12 10:02:14,SPX,7748.09,7728.31,7840.0,293,9,0.1233,0.003418
2026-08-12 10:02:14,SPX,7748.09,7728.31,7655.0,14,252,0.1436,0.003418
2026-08-12 10:02:14,SPX,7748.09,7728.31,7845.0,224,1,0.1244,0.003418
2026-08-12 10:02:14,SPX,7748.09,7728.31,7650.0,268,727,0.1446,0.003418
2026-08-12 10:02:14,SPX,7748.09,7728.31,7850.0,953,2,0.1255,0.003418
2026-08-12 10:02:14,SPX,7748.09,7728.31,7645.0,29,269,0.1459,0.003418
2026-08-12 10:02:14,SPX,7748.09,7728.31,7855.0,201,2,0.1267,0.003418
2026-08-12 10:02:14,SPX,7748.09,7728.31,7640.0,231,365,0.1476,0.003418
2026-08-12 10:02:14,SPX,7748.09,7728.31,7860.0,429,3,0.1279,0.003418
2026-08-12 10:02:14,SPX,7748.09,7728.31,7635.0,43,113,0.1488,0.003418
2026-08-12 10:02:14,SPX,7748.09,7728.31,7865.0,325,0,0.1294,0.003418
2026-08-12 10:02:14,SPX,7748.09,7728.31,7630.0,107,270,0.1508,0.003418
2026-08-12 10:02:14,SPX,7748.09,7728.31,7870.0,347,26,0.1311,0.003418
2026-08-12 10:02:14,SPX,7748.09,7728.31,7625.0,134,498,0.153,0.003418
2026-08-12 10:02:14,SPX,7748.09,7728.31,7750.0,5226,3108,0.1168,0.006156
2026-08-12 10:02:14,SPX,7748.09,7728.31,7745.0,2248,2193,0.1171,0.006156
2026-08-12 10:02:14,SPX,7748.09,7728.31,7755.0,1771,483,0.1163,0.006156
2026-08-12 10:02:14,SPX,7748.09,7728.31,7740.0,878,878,0.1181,0.006156
2026-08-12 10:02:14,SPX,7748.09,7728.31,7760.0,1189,728,0.1156,0.006156
2026-08-12 10:02:14,SPX,7748.09,7728.31,7735.0,612,488,0.1186,0.006156
2026-08-12 10:02:14,SPX,7748.09,7728.31,7765.0,373,419,0.1151,0.006156
2026-08-12 10:02:14,SPX,7748.09,7728.31,7730.0,918,701,0.1196,0.006156
2026-08-12 10:02:14,SPX,7748.09,7728.31,7770.0,942,430,0.1145,0.006156
2026-08-12 10:02:14,SPX,7748.09,7728.31,7725.0,2747,2415,0.1198,0.006156
2026-08-12 10:02:14,SPX,7748.09,7728.31,7775.0,2259,514,0.1142,0.006156
2026-08-12 10:02:14,SPX,7748.09,7728.31,7720.0,595,816,0.1206,0.006156
2026-08-12 10:02:14,SPX,7748.09,7728.31,7780.0,1362,103,0.1141,0.006156
2026-08-12 10:02:14,SPX,7748.09,7728.31,7715.0,226,523,0.1214,0.006156
2026-08-12 10:02:14,SPX,7748.09,7728.31,7785.0,589,76,0.1138,0.006156
2026-08-12 10:02:14,SPX,7748.09,7728.31,7710.0,1000,1068,0.1231,0.006156
2026-08-12 10:02:14,SPX,7748.09,7728.31,7790.0,867,152,0.1134,0.006156
2026-08-12 10:02:14,SPX,7748.09,7728.31,7705.0,162,754,0.1238,0.006156
2026-08-12 10:02:14,SPX,7748.09,7728.31,7795.0,631,54,0.1133,0.006156
2026-08-12 10:02:14,SPX,7748.09,7728.31,7700.0,3212,4667,0.1238,0.006156
2026-08-12 10:02:14,SPX,7748.09,7728.31,7800.0,6379,446,0.1135,0.006156
2026-08-12 10:02:14,SPX,7748.09,7728.31,7695.0,198,607,0.1245,0.006156
2026-08-12 10:02:14,SPX,7748.09,7728.31,7805.0,557,21,0.1136,0.006156
2026-08-12 10:02:14,SPX,7748.09,7728.31,7690.0,435,850,0.1265,0.006156
2026-08-12 10:02:14,SPX,7748.09,7728.31,7810.0,2375,95,0.1137,0.006156
2026-08-12 10:02:14,SPX,7748.09,7728.31,7685.0,177,638,0.1274,0.006156
2026-08-12 10:02:14,SPX,7748.09,7728.31,7815.0,484,19,0.1138,0.006156
2026-08-12 10:02:14,SPX,7748.09,7728.31,7680.0,637,905,0.1275,0.006156
2026-08-12 10:02:14,SPX,7748.09,7728.31,7820.0,1818,80,0.1137,0.006156
2026-08-12 10:02:14,SPX,7748.09,7728.31,7675.0,1223,3392,0.1287,0.006156
2026-08-12 10:02:14,SPX,7748.09,7728.31,7825.0,2450,32,0.1136,0.006156
2026-08-12 10:02:14,SPX,7748.09,7728.31,7670.0,493,982,0.1297,0.006156
2026-08-12 10:02:14,SPX,7748.09,7728.31,7830.0,2991,31,0.1135,0.006156
2026-08-12 10:02:14,SPX,7748.09,7728.31,7665.0,68,1152,0.1307,0.006156
2026-08-12 10:02:14,SPX,7748.09,7728.31,7835.0,933,9,0.1136,0.006156
2026-08-12 10:02:14,SPX,7748.09,7728.31,7660.0,369,1076,0.1329,0.006156
2026-08-12 10:02:14,SPX,7748.09,7728.31,7840.0,1946,31,0.1139,0.006156
2026-08-12 10:02:14,SPX,7748.09,7728.31,7655.0,190,481,0.1327,0.006156
2026-08-12 10:02:14,SPX,7748.09,7728.31,7845.0,1720,51,0.1144,0.006156
2026-08-12 10:02:14,SPX,7748.09,7728.31,7650.0,2424,2597,0.1342,0.006156
2026-08-12 10:02:14,SPX,7748.09,7728.31,7850.0,5091,70,0.115,0.006156
2026-08-12 10:02:14,SPX,7748.09,7728.31,7645.0,115,964,0.1363,0.006156
2026-08-12 10:02:14,SPX,7748.09,7728.31,7855.0,666,8,0.1156,0.006156
2026-08-12 10:02:14,SPX,7748.09,7728.31,7640.0,941,2908,0.1369,0.006156
2026-08-12 10:02:14,SPX,7748.09,7728.31,7860.0,1991,18,0.1162,0.006156
2026-08-12 10:02:14,SPX,7748.09,7728.31,7635.0,212,991,0.1385,0.006156
2026-08-12 10:02:14,SPX,7748.09,7728.31,7865.0,695,1,0.1169,0.006156
2026-08-12 10:02:14,SPX,7748.09,7728.31,7630.0,327,508,0.1397,0.006156
2026-08-12 10:02:14,SPX,7748.09,7728.31,7870.0,1864,13,0.1175,0.006156
2026-08-12 10:02:14,SPX,7748.09,7728.31,7625.0,1631,3549,0.1406,0.006156
2026-08-12 10:32:26,SPX,7746.07,7731.29,7745.0,1087,633,0.1507,0.000623
2026-08-12 10:32:26,SPX,7746.07,7731.29,7750.0,1953,1266,0.1482,0.000623
2026-08-12 10:32:26,SPX,7746.07,7731.29,7740.0,919,676,0.1236,0.000623
2026-08-12 10:32:26,SPX,7746.07,7731.29,7755.0,0,677,0.1462,0.000623
2026-08-12 10:32:26,SPX,7746.07,7731.29,7760.0,1773,955,0.1449,0.000623
2026-08-12 10:32:26,SPX,7746.07,7731.29,7730.0,1059,1629,0.1593,0.000623
2026-08-12 10:32:26,SPX,7746.07,7731.29,7765.0,1106,440,0.1436,0.000623
2026-08-12 10:32:26,SPX,7746.07,7731.29,7725.0,1615,2330,0.1625,0.000623
2026-08-12 10:32:26,SPX,7746.07,7731.29,7770.0,1311,332,0.143,0.000623
2026-08-12 10:32:26,SPX,7746.07,7731.29,7720.0,551,1062,0.1659,0.000623
2026-08-12 10:32:26,SPX,7746.07,7731.29,7775.0,2519,395,0.1431,0.000623
2026-08-12 10:32:26,SPX,7746.07,7731.29,7715.0,284,776,0.1703,0.000623
2026-08-12 10:32:26,SPX,7746.07,7731.29,7780.0,3351,214,0.1428,0.000623
2026-08-12 10:32:26,SPX,7746.07,7731.29,7710.0,333,1261,0.173,0.000623
2026-08-12 10:32:26,SPX,7746.07,7731.29,7785.0,2268,109,0.144,0.000623
2026-08-12 10:32:26,SPX,7746.07,7731.29,7705.0,102,772,0.1782,0.000623
2026-08-12 10:32:26,SPX,7746.07,7731.29,7790.0,1362,291,0.1452,0.000623
2026-08-12 10:32:26,SPX,7746.07,7731.29,7700.0,1143,4286,0.1806,0.000623
2026-08-12 10:32:26,SPX,7746.07,7731.29,7795.0,1083,47,0.1469,0.000623
2026-08-12 10:32:26,SPX,7746.07,7731.29,7695.0,170,1271,0.185,0.000623
2026-08-12 10:32:26,SPX,7746.07,7731.29,7800.0,6256,513,0.1506,0.000623
2026-08-12 10:32:26,SPX,7746.07,7731.29,7690.0,207,2891,0.192,0.000623
2026-08-12 10:32:26,SPX,7746.07,7731.29,7805.0,1015,67,0.1551,0.000623
2026-08-12 10:32:26,SPX,7746.07,7731.29,7685.0,66,1433,0.1964,0.000623
2026-08-12 10:32:26,SPX,7746.07,7731.29,7810.0,7197,25,0.1599,0.000623
2026-08-12 10:32:26,SPX,7746.07,7731.29,7680.0,187,1331,0.1981,0.000623
2026-08-12 10:32:26,SPX,7746.07,7731.29,7815.0,1098,22,0.165,0.000623
2026-08-12 10:32:26,SPX,7746.07,7731.29,7675.0,934,3985,0.202,0.000623
2026-08-12 10:32:26,SPX,7746.07,7731.29,7820.0,4265,36,0.1703,0.000623
2026-08-12 10:32:26,SPX,7746.07,7731.29,7670.0,374,2792,0.2082,0.000623
2026-08-12 10:32:26,SPX,7746.07,7731.29,7825.0,2215,21,0.1759,0.000623
2026-08-12 10:32:26,SPX,7746.07,7731.29,7665.0,194,1042,0.2159,0.000623
2026-08-12 10:32:26,SPX,7746.07,7731.29,7830.0,1247,75,0.1819,0.000623
2026-08-12 10:32:26,SPX,7746.07,7731.29,7660.0,369,1624,0.2232,0.000623
2026-08-12 10:32:26,SPX,7746.07,7731.29,7835.0,837,25,0.1884,0.000623
2026-08-12 10:32:26,SPX,7746.07,7731.29,7655.0,162,968,0.2298,0.000623
2026-08-12 10:32:26,SPX,7746.07,7731.29,7840.0,2578,7,0.1954,0.000623
2026-08-12 10:32:26,SPX,7746.07,7731.29,7650.0,1239,7403,0.2359,0.000623
2026-08-12 10:32:26,SPX,7746.07,7731.29,7845.0,898,62,0.2026,0.000623
2026-08-12 10:32:26,SPX,7746.07,7731.29,7645.0,85,3253,0.2424,0.000623
2026-08-12 10:32:26,SPX,7746.07,7731.29,7850.0,5638,107,0.21,0.000623
2026-08-12 10:32:26,SPX,7746.07,7731.29,7640.0,178,2301,0.2495,0.000623
2026-08-12 10:32:26,SPX,7746.07,7731.29,7855.0,1352,33,0.2175,0.000623
2026-08-12 10:32:26,SPX,7746.07,7731.29,7635.0,128,1169,0.2565,0.000623
2026-08-12 10:32:26,SPX,7746.07,7731.29,7860.0,1358,11,0.2251,0.000623
2026-08-12 10:32:26,SPX,7746.07,7731.29,7630.0,331,3045,0.2628,0.000623
2026-08-12 10:32:26,SPX,7746.07,7731.29,7865.0,944,4,0.2329,0.000623
2026-08-12 10:32:26,SPX,7746.07,7731.29,7625.0,301,2986,0.269,0.000623
2026-08-12 10:32:26,SPX,7746.07,7731.29,7870.0,908,15,0.2411,0.000623
2026-08-12 10:32:26,SPX,7746.07,7731.29,7745.0,216,233,0.1211,0.003361
2026-08-12 10:32:26,SPX,7746.07,7731.29,7750.0,1116,874,0.1202,0.003361
2026-08-12 10:32:26,SPX,7746.07,7731.29,7740.0,562,242,0.1225,0.003361
2026-08-12 10:32:26,SPX,7746.07,7731.29,7755.0,301,191,0.1198,0.003361
2026-08-12 10:32:26,SPX,7746.07,7731.29,7735.0,256,387,0.1239,0.003361
2026-08-12 10:32:26,SPX,7746.07,7731.29,7760.0,847,274,0.1192,0.003361
2026-08-12 10:32:26,SPX,7746.07,7731.29,7730.0,155,384,0.125,0.003361
2026-08-12 10:32:26,SPX,7746.07,7731.29,7765.0,417,148,0.1186,0.003361
2026-08-12 10:32:26,SPX,7746.07,7731.29,7725.0,568,604,0.1252,0.003361
2026-08-12 10:32:26,SPX,7746.07,7731.29,7770.0,375,107,0.1183,0.003361
2026-08-12 10:32:26,SPX,7746.07,7731.29,7720.0,267,438,0.1268,0.003361
2026-08-12 10:32:26,SPX,7746.07,7731.29,7775.0,663,87,0.1186,0.003361
2026-08-12 10:32:26,SPX,7746.07,7731.29,7715.0,134,174,0.129,0.003361
2026-08-12 10:32:26,SPX,7746.07,7731.29,7780.0,286,67,0.1185,0.003361
2026-08-12 10:32:26,SPX,7746.07,7731.29,7710.0,190,212,0.1299,0.003361
2026-08-12 10:32:26,SPX,7746.07,7731.29,7785.0,255,43,0.1182,0.003361
2026-08-12 10:32:26,SPX,7746.07,7731.29,7705.0,79,337,0.1307,0.003361
2026-08-12 10:32:26,SPX,7746.07,7731.29,7790.0,320,101,0.1183,0.003361
2026-08-12 10:32:26,SPX,7746.07,7731.29,7700.0,813,796,0.1317,0.003361
2026-08-12 10:32:26,SPX,7746.07,7731.29,7795.0,287,15,0.1179,0.003361
2026-08-12 10:32:26,SPX,7746.07,7731.29,7695.0,184,171,0.133,0.003361
2026-08-12 10:32:26,SPX,7746.07,7731.29,7800.0,1572,467,0.1173,0.003361
2026-08-12 10:32:26,SPX,7746.07,7731.29,7690.0,131,209,0.136,0.003361
2026-08-12 10:32:26,SPX,7746.07,7731.29,7805.0,223,25,0.117,0.003361
2026-08-12 10:32:26,SPX,7746.07,7731.29,7685.0,22,342,0.138,0.003361
2026-08-12 10:32:26,SPX,7746.07,7731.29,7810.0,1068,30,0.1173,0.003361
2026-08-12 10:32:26,SPX,7746.07,7731.29,7680.0,474,329,0.1393,0.003361
2026-08-12 10:32:26,SPX,7746.07,7731.29,7815.0,414,31,0.1179,0.003361
2026-08-12 10:32:26,SPX,7746.07,7731.29,7675.0,616,464,0.1405,0.003361
2026-08-12 10:32:26,SPX,7746.07,7731.29,7820.0,1829,3,0.1186,0.003361
2026-08-12 10:32:26,SPX,7746.07,7731.29,7670.0,355,475,0.1415,0.003361
2026-08-12 10:32:26,SPX,7746.07,7731.29,7825.0,829,84,0.1193,0.003361
2026-08-12 10:32:26,SPX,7746.07,7731.29,7665.0,58,164,0.1427,0.003361
2026-08-12 10:32:26,SPX,7746.07,7731.29,7830.0,927,21,0.1199,0.003361
2026-08-12 10:32:26,SPX,7746.07,7731.29,7660.0,378,1549,0.1443,0.003361
2026-08-12 10:32:26,SPX,7746.07,7731.29,7835.0,305,10,0.1205,0.003361
2026-08-12 10:32:26,SPX,7746.07,7731.29,7655.0,14,252,0.1463,0.003361
2026-08-12 10:32:26,SPX,7746.07,7731.29,7840.0,293,9,0.121,0.003361
2026-08-12 10:32:26,SPX,7746.07,7731.29,7650.0,268,727,0.1484,0.003361
2026-08-12 10:32:26,SPX,7746.07,7731.29,7845.0,224,1,0.1216,0.003361
2026-08-12 10:32:26,SPX,7746.07,7731.29,7645.0,29,269,0.1505,0.003361
2026-08-12 10:32:26,SPX,7746.07,7731.29,7850.0,953,2,0.1224,0.003361
2026-08-12 10:32:26,SPX,7746.07,7731.29,7640.0,231,365,0.1522,0.003361
2026-08-12 10:32:26,SPX,7746.07,7731.29,7855.0,201,2,0.1235,0.003361
2026-08-12 10:32:26,SPX,7746.07,7731.29,7635.0,43,113,0.1539,0.003361
2026-08-12 10:32:26,SPX,7746.07,7731.29,7860.0,429,3,0.125,0.003361
2026-08-12 10:32:26,SPX,7746.07,7731.29,7630.0,107,270,0.1564,0.003361
2026-08-12 10:32:26,SPX,7746.07,7731.29,7625.0,134,498,0.1584,0.003361
2026-08-12 10:32:26,SPX,7746.07,7731.29,7870.0,347,26,0.1289,0.003361
2026-08-12 10:32:26,SPX,7746.07,7731.29,7745.0,2248,2193,0.117,0.006098
2026-08-12 10:32:26,SPX,7746.07,7731.29,7750.0,5226,3108,0.116,0.006098
2026-08-12 10:32:26,SPX,7746.07,7731.29,7740.0,878,878,0.1177,0.006098
2026-08-12 10:32:26,SPX,7746.07,7731.29,7755.0,1771,483,0.1158,0.006098
2026-08-12 10:32:26,SPX,7746.07,7731.29,7735.0,612,488,0.1181,0.006098
2026-08-12 10:32:26,SPX,7746.07,7731.29,7760.0,1189,728,0.1152,0.006098
2026-08-12 10:32:26,SPX,7746.07,7731.29,7730.0,918,701,0.119,0.006098
2026-08-12 10:32:26,SPX,7746.07,7731.29,7765.0,373,419,0.1145,0.006098
2026-08-12 10:32:26,SPX,7746.07,7731.29,7725.0,2747,2415,0.1201,0.006098
2026-08-12 10:32:26,SPX,7746.07,7731.29,7770.0,942,430,0.114,0.006098
2026-08-12 10:32:26,SPX,7746.07,7731.29,7720.0,595,816,0.1215,0.006098
2026-08-12 10:32:26,SPX,7746.07,7731.29,7775.0,2259,514,0.1134,0.006098
2026-08-12 10:32:26,SPX,7746.07,7731.29,7715.0,226,523,0.1214,0.006098
2026-08-12 10:32:26,SPX,7746.07,7731.29,7780.0,1362,103,0.1134,0.006098
2026-08-12 10:32:26,SPX,7746.07,7731.29,7710.0,1000,1068,0.1224,0.006098
2026-08-12 10:32:26,SPX,7746.07,7731.29,7785.0,589,76,0.1129,0.006098
2026-08-12 10:32:26,SPX,7746.07,7731.29,7705.0,162,754,0.1232,0.006098
2026-08-12 10:32:26,SPX,7746.07,7731.29,7790.0,867,152,0.1127,0.006098
2026-08-12 10:32:26,SPX,7746.07,7731.29,7700.0,3212,4667,0.1243,0.006098
2026-08-12 10:32:26,SPX,7746.07,7731.29,7795.0,631,54,0.1128,0.006098
2026-08-12 10:32:26,SPX,7746.07,7731.29,7695.0,198,607,0.1255,0.006098
2026-08-12 10:32:26,SPX,7746.07,7731.29,7800.0,6379,446,0.1131,0.006098
2026-08-12 10:32:26,SPX,7746.07,7731.29,7690.0,435,850,0.1262,0.006098
2026-08-12 10:32:26,SPX,7746.07,7731.29,7805.0,557,21,0.1133,0.006098
2026-08-12 10:32:26,SPX,7746.07,7731.29,7685.0,177,638,0.1281,0.006098
2026-08-12 10:32:26,SPX,7746.07,7731.29,7810.0,2375,95,0.1134,0.006098
2026-08-12 10:32:26,SPX,7746.07,7731.29,7680.0,637,905,0.1286,0.006098
2026-08-12 10:32:26,SPX,7746.07,7731.29,7815.0,484,19,0.1131,0.006098
2026-08-12 10:32:26,SPX,7746.07,7731.29,7675.0,1223,3392,0.1298,0.006098
2026-08-12 10:32:26,SPX,7746.07,7731.29,7820.0,1818,80,0.1128,0.006098
2026-08-12 10:32:26,SPX,7746.07,7731.29,7670.0,493,982,0.1311,0.006098
2026-08-12 10:32:26,SPX,7746.07,7731.29,7825.0,2450,32,0.1126,0.006098
2026-08-12 10:32:26,SPX,7746.07,7731.29,7665.0,68,1152,0.1322,0.006098
2026-08-12 10:32:26,SPX,7746.07,7731.29,7830.0,2991,31,0.1127,0.006098
2026-08-12 10:32:26,SPX,7746.07,7731.29,7660.0,369,1076,0.1335,0.006098
2026-08-12 10:32:26,SPX,7746.07,7731.29,7835.0,933,9,0.1129,0.006098
2026-08-12 10:32:26,SPX,7746.07,7731.29,7655.0,190,481,0.1346,0.006098
2026-08-12 10:32:26,SPX,7746.07,7731.29,7840.0,1946,31,0.1134,0.006098
2026-08-12 10:32:26,SPX,7746.07,7731.29,7650.0,2424,2597,0.1362,0.006098
2026-08-12 10:32:26,SPX,7746.07,7731.29,7845.0,1720,51,0.114,0.006098
2026-08-12 10:32:26,SPX,7746.07,7731.29,7645.0,115,964,0.1381,0.006098
2026-08-12 10:32:26,SPX,7746.07,7731.29,7850.0,5091,70,0.1147,0.006098
2026-08-12 10:32:26,SPX,7746.07,7731.29,7640.0,941,2908,0.1401,0.006098
2026-08-12 10:32:26,SPX,7746.07,7731.29,7855.0,666,8,0.1155,0.006098
2026-08-12 10:32:26,SPX,7746.07,7731.29,7635.0,212,991,0.1413,0.006098
2026-08-12 10:32:26,SPX,7746.07,7731.29,7860.0,1991,18,0.1161,0.006098
2026-08-12 10:32:26,SPX,7746.07,7731.29,7630.0,327,508,0.1422,0.006098
2026-08-12 10:32:26,SPX,7746.07,7731.29,7865.0,695,1,0.1167,0.006098
2026-08-12 10:32:26,SPX,7746.07,7731.29,7625.0,1631,3549,0.1439,0.006098
2026-08-12 10:32:26,SPX,7746.07,7731.29,7870.0,1864,13,0.1173,0.006098
2026-08-12 11:02:38,SPX,7743.81,7731.07,7745.0,1087,633,0.1345,0.000565
2026-08-12 11:02:38,SPX,7743.81,7731.07,7740.0,919,676,0.1374,0.000565
2026-08-12 11:02:38,SPX,7743.81,7731.07,7750.0,1953,1266,0.1322,0.000565
2026-08-12 11:02:38,SPX,7743.81,7731.07,7735.0,1049,882,0.1402,0.000565
2026-08-12 11:02:38,SPX,7743.81,7731.07,7755.0,1121,677,0.1304,0.000565
2026-08-12 11:02:38,SPX,7743.81,7731.07,7730.0,1059,1629,0.144,0.000565
2026-08-12 11:02:38,SPX,7743.81,7731.07,7760.0,1773,955,0.1293,0.000565
2026-08-12 11:02:38,SPX,7743.81,7731.07,7725.0,1615,2330,0.1466,0.000565
2026-08-12 11:02:38,SPX,7743.81,7731.07,7765.0,1106,440,0.1284,0.000565
2026-08-12 11:02:38,SPX,7743.81,7731.07,7720.0,551,1062,0.1513,0.000565
2026-08-12 11:02:38,SPX,7743.81,7731.07,7770.0,1311,332,0.1286,0.000565
2026-08-12 11:02:38,SPX,7743.81,7731.07,7715.0,284,776,0.156,0.000565
2026-08-12 11:02:38,SPX,7743.81,7731.07,7775.0,2519,395,0.1296,0.000565
2026-08-12 11:02:38,SPX,7743.81,7731.07,7710.0,333,1261,0.1599,0.000565
2026-08-12 11:02:38,SPX,7743.81,7731.07,7780.0,3351,214,0.1319,0.000565
2026-08-12 11:02:38,SPX,7743.81,7731.07,7705.0,102,772,0.164,0.000565
2026-08-12 11:02:38,SPX,7743.81,7731.07,7785.0,2268,109,0.1361,0.000565
2026-08-12 11:02:38,SPX,7743.81,7731.07,7700.0,1143,4286,0.1706,0.000565
2026-08-12 11:02:38,SPX,7743.81,7731.07,7790.0,1362,291,0.1408,0.000565
2026-08-12 11:02:38,SPX,7743.81,7731.07,7695.0,170,1271,0.1752,0.000565
2026-08-12 11:02:38,SPX,7743.81,7731.07,7795.0,1083,47,0.1452,0.000565
2026-08-12 11:02:38,SPX,7743.81,7731.07,7690.0,207,2891,0.1827,0.000565
2026-08-12 11:02:38,SPX,7743.81,7731.07,7800.0,6256,513,0.1497,0.000565
2026-08-12 11:02:38,SPX,7743.81,7731.07,7685.0,66,1433,0.1869,0.000565
2026-08-12 11:02:38,SPX,7743.81,7731.07,7805.0,1015,67,0.1548,0.000565
2026-08-12 11:02:38,SPX,7743.81,7731.07,7680.0,187,1331,0.1902,0.000565
2026-08-12 11:02:38,SPX,7743.81,7731.07,7810.0,7197,25,0.16,0.000565
2026-08-12 11:02:38,SPX,7743.81,7731.07,7675.0,934,3985,0.1962,0.000565
2026-08-12 11:02:38,SPX,7743.81,7731.07,7815.0,1098,22,0.1662,0.000565
2026-08-12 11:02:38,SPX,7743.81,7731.07,7670.0,374,2792,0.2032,0.000565
2026-08-12 11:02:38,SPX,7743.81,7731.07,7820.0,4265,36,0.1735,0.000565
2026-08-12 11:02:38,SPX,7743.81,7731.07,7665.0,194,1042,0.211,0.000565
2026-08-12 11:02:38,SPX,7743.81,7731.07,7825.0,2215,21,0.1817,0.000565
2026-08-12 11:02:38,SPX,7743.81,7731.07,7660.0,369,1624,0.2192,0.000565
2026-08-12 11:02:38,SPX,7743.81,7731.07,7830.0,1247,75,0.1907,0.000565
2026-08-12 11:02:38,SPX,7743.81,7731.07,7655.0,162,968,0.2271,0.000565
2026-08-12 11:02:38,SPX,7743.81,7731.07,7835.0,837,25,0.1999,0.000565
2026-08-12 11:02:38,SPX,7743.81,7731.07,7650.0,1239,7403,0.2341,0.000565
2026-08-12 11:02:38,SPX,7743.81,7731.07,7840.0,2578,7,0.2094,0.000565
2026-08-12 11:02:38,SPX,7743.81,7731.07,7645.0,85,3253,0.2406,0.000565
2026-08-12 11:02:38,SPX,7743.81,7731.07,7845.0,898,62,0.219,0.000565
2026-08-12 11:02:38,SPX,7743.81,7731.07,7640.0,178,2301,0.2469,0.000565
2026-08-12 11:02:38,SPX,7743.81,7731.07,7850.0,5638,107,0.2286,0.000565
2026-08-12 11:02:38,SPX,7743.81,7731.07,7635.0,128,1169,0.2533,0.000565
2026-08-12 11:02:38,SPX,7743.81,7731.07,7855.0,1352,33,0.2379,0.000565
2026-08-12 11:02:38,SPX,7743.81,7731.07,7630.0,331,3045,0.2601,0.000565
2026-08-12 11:02:38,SPX,7743.81,7731.07,7860.0,1358,11,0.2471,0.000565
2026-08-12 11:02:38,SPX,7743.81,7731.07,7625.0,301,2986,0.2675,0.000565
2026-08-12 11:02:38,SPX,7743.81,7731.07,7865.0,944,4,0.2558,0.000565
2026-08-12 11:02:38,SPX,7743.81,7731.07,7620.0,479,1789,0.2757,0.000565
2026-08-12 11:02:38,SPX,7743.81,7731.07,7745.0,216,233,0.1162,0.003303
2026-08-12 11:02:38,SPX,7743.81,7731.07,7740.0,562,242,0.1172,0.003303
2026-08-12 11:02:38,SPX,7743.81,7731.07,7750.0,1116,874,0.1152,0.003303
2026-08-12 11:02:38,SPX,7743.81,7731.07,7735.0,256,387,0.1177,0.003303
2026-08-12 11:02:38,SPX,7743.81,7731.07,7755.0,301,191,0.1144,0.003303
2026-08-12 11:02:38,SPX,7743.81,7731.07,7730.0,155,384,0.1189,0.003303
2026-08-12 11:02:38,SPX,7743.81,7731.07,7760.0,847,274,0.1141,0.003303
2026-08-12 11:02:38,SPX,7743.81,7731.07,7725.0,568,604,0.1202,0.003303
2026-08-12 11:02:38,SPX,7743.81,7731.07,7765.0,417,148,0.1137,0.003303
2026-08-12 11:02:38,SPX,7743.81,7731.07,7720.0,267,438,0.1213,0.003303
2026-08-12 11:02:38,SPX,7743.81,7731.07,7770.0,375,107,0.1136,0.003303
2026-08-12 11:02:38,SPX,7743.81,7731.07,7715.0,134,174,0.1235,0.003303
2026-08-12 11:02:38,SPX,7743.81,7731.07,7775.0,663,87,0.1136,0.003303
2026-08-12 11:02:38,SPX,7743.81,7731.07,7710.0,190,212,0.125,0.003303
2026-08-12 11:02:38,SPX,7743.81,7731.07,7780.0,286,67,0.1133,0.003303
2026-08-12 11:02:38,SPX,7743.81,7731.07,7705.0,79,337,0.1263,0.003303
2026-08-12 11:02:38,SPX,7743.81,7731.07,7785.0,255,43,0.1133,0.003303
2026-08-12 11:02:38,SPX,7743.81,7731.07,7700.0,813,796,0.1269,0.003303
2026-08-12 11:02:38,SPX,7743.81,7731.07,7790.0,320,101,0.1136,0.003303
2026-08-12 11:02:38,SPX,7743.81,7731.07,7695.0,184,171,0.1283,0.003303
2026-08-12 11:02:38,SPX,7743.81,7731.07,7795.0,287,15,0.1136,0.003303
2026-08-12 11:02:38,SPX,7743.81,7731.07,7690.0,131,209,0.13,0.003303
2026-08-12 11:02:38,SPX,7743.81,7731.07,7800.0,1572,467,0.1133,0.003303
2026-08-12 11:02:38,SPX,7743.81,7731.07,7685.0,22,342,0.1319,0.003303
2026-08-12 11:02:38,SPX,7743.81,7731.07,7805.0,223,25,0.1132,0.003303
2026-08-12 11:02:38,SPX,7743.81,7731.07,7680.0,474,329,0.1341,0.003303
2026-08-12 11:02:38,SPX,7743.81,7731.07,7810.0,1068,30,0.1141,0.003303
2026-08-12 11:02:38,SPX,7743.81,7731.07,7675.0,616,464,0.1355,0.003303
2026-08-12 11:02:38,SPX,7743.81,7731.07,7815.0,414,31,0.115,0.003303
2026-08-12 11:02:38,SPX,7743.81,7731.07,7670.0,355,475,0.1364,0.003303
2026-08-12 11:02:38,SPX,7743.81,7731.07,7820.0,1829,3,0.1162,0.003303
2026-08-12 11:02:38,SPX,7743.81,7731.07,7665.0,58,164,0.1377,0.003303
2026-08-12 11:02:38,SPX,7743.81,7731.07,7825.0,829,84,0.1173,0.003303
2026-08-12 11:02:38,SPX,7743.81,7731.07,7660.0,378,1549,0.1397,0.003303
2026-08-12 11:02:38,SPX,7743.81,7731.07,7830.0,927,21,0.1184,0.003303
2026-08-12 11:02:38,SPX,7743.81,7731.07,7655.0,14,252,0.1416,0.003303
2026-08-12 11:02:38,SPX,7743.81,7731.07,7835.0,305,10,0.1194,0.003303
2026-08-12 11:02:38,SPX,7743.81,7731.07,7650.0,268,727,0.1432,0.003303
2026-08-12 11:02:38,SPX,7743.81,7731.07,7840.0,293,9,0.1205,0.003303
2026-08-12 11:02:38,SPX,7743.81,7731.07,7645.0,29,269,0.1446,0.003303
2026-08-12 11:02:38,SPX,7743.81,7731.07,7845.0,224,1,0.1217,0.003303
2026-08-12 11:02:38,SPX,7743.81,7731.07,7640.0,231,365,0.147,0.003303
2026-08-12 11:02:38,SPX,7743.81,7731.07,7850.0,953,2,0.1232,0.003303
2026-08-12 11:02:38,SPX,7743.81,7731.07,7635.0,43,113,0.1494,0.003303
2026-08-12 11:02:38,SPX,7743.81,7731.07,7855.0,201,2,0.1249,0.003303
2026-08-12 11:02:38,SPX,7743.81,7731.07,7630.0,107,270,0.1507,0.003303
2026-08-12 11:02:38,SPX,7743.81,7731.07,7860.0,429,3,0.127,0.003303
2026-08-12 11:02:38,SPX,7743.81,7731.07,7625.0,134,498,0.1534,0.003303
2026-08-12 11:02:38,SPX,7743.81,7731.07,7865.0,325,0,0.1293,0.003303
2026-08-12 11:02:38,SPX,7743.81,7731.07,7620.0,296,452,0.1556,0.003303
2026-08-12 11:02:38,SPX,7743.81,7731.07,7745.0,2248,2193,0.1153,0.006041
2026-08-12 11:02:38,SPX,7743.81,7731.07,7740.0,878,878,0.116,0.006041
2026-08-12 11:02:38,SPX,7743.81,7731.07,7750.0,5226,3108,0.1147,0.006041
2026-08-12 11:02:38,SPX,7743.81,7731.07,7735.0,612,488,0.1167,0.006041
2026-08-12 11:02:38,SPX,7743.81,7731.07,7755.0,1771,483,0.1141,0.006041
2026-08-12 11:02:38,SPX,7743.81,7731.07,7730.0,918,701,0.1174,0.006041
2026-08-12 11:02:38,SPX,7743.81,7731.07,7760.0,1189,728,0.1135,0.006041
2026-08-12 11:02:38,SPX,7743.81,7731.07,7725.0,2747,2415,0.1184,0.006041
2026-08-12 11:02:38,SPX,7743.81,7731.07,7765.0,373,419,0.1129,0.006041
2026-08-12 11:02:38,SPX,7743.81,7731.07,7720.0,595,816,0.1188,0.006041
2026-08-12 11:02:38,SPX,7743.81,7731.07,7770.0,942,430,0.1123,0.006041
2026-08-12 11:02:38,SPX,7743.81,7731.07,7715.0,226,523,0.12,0.006041
2026-08-12 11:02:38,SPX,7743.81,7731.07,7775.0,2259,514,0.112,0.006041
2026-08-12 11:02:38,SPX,7743.81,7731.07,7710.0,1000,1068,0.121,0.006041
2026-08-12 11:02:38,SPX,7743.81,7731.07,7780.0,1362,103,0.1118,0.006041
2026-08-12 11:02:38,SPX,7743.81,7731.07,7705.0,162,754,0.122,0.006041
2026-08-12 11:02:38,SPX,7743.81,7731.07,7785.0,589,76,0.1115,0.006041
2026-08-12 11:02:38,SPX,7743.81,7731.07,7700.0,3212,4667,0.1229,0.006041
2026-08-12 11:02:38,SPX,7743.81,7731.07,7790.0,867,152,0.1116,0.006041
2026-08-12 11:02:38,SPX,7743.81,7731.07,7695.0,198,607,0.1239,0.006041
2026-08-12 11:02:38,SPX,7743.81,7731.07,7795.0,631,54,0.1119,0.006041
2026-08-12 11:02:38,SPX,7743.81,7731.07,7690.0,435,850,0.1252,0.006041
2026-08-12 11:02:38,SPX,7743.81,7731.07,7800.0,6379,446,0.112,0.006041
2026-08-12 11:02:38,SPX,7743.81,7731.07,7685.0,177,638,0.1258,0.006041
2026-08-12 11:02:38,SPX,7743.81,7731.07,7805.0,557,21,0.1117,0.006041
2026-08-12 11:02:38,SPX,7743.81,7731.07,7680.0,637,905,0.1273,0.006041
2026-08-12 11:02:38,SPX,7743.81,7731.07,7810.0,2375,95,0.1113,0.006041
2026-08-12 11:02:38,SPX,7743.81,7731.07,7675.0,1223,3392,0.1292,0.006041
2026-08-12 11:02:38,SPX,7743.81,7731.07,7815.0,484,19,0.111,0.006041
2026-08-12 11:02:38,SPX,7743.81,7731.07,7670.0,493,982,0.1297,0.006041
2026-08-12 11:02:38,SPX,7743.81,7731.07,7820.0,1818,80,0.111,0.006041
2026-08-12 11:02:38,SPX,7743.81,7731.07,7665.0,68,1152,0.1308,0.006041
2026-08-12 11:02:38,SPX,7743.81,7731.07,7825.0,2450,32,0.1113,0.006041
2026-08-12 11:02:38,SPX,7743.81,7731.07,7660.0,369,1076,0.133,0.006041
2026-08-12 11:02:38,SPX,7743.81,7731.07,7830.0,2991,31,0.1119,0.006041
2026-08-12 11:02:38,SPX,7743.81,7731.07,7655.0,190,481,0.1339,0.006041
2026-08-12 11:02:38,SPX,7743.81,7731.07,7835.0,933,9,0.1127,0.006041
2026-08-12 11:02:38,SPX,7743.81,7731.07,7650.0,2424,2597,0.1349,0.006041
2026-08-12 11:02:38,SPX,7743.81,7731.07,7840.0,1946,31,0.1135,0.006041
2026-08-12 11:02:38,SPX,7743.81,7731.07,7645.0,115,964,0.1363,0.006041
2026-08-12 11:02:38,SPX,7743.81,7731.07,7845.0,1720,51,0.1143,0.006041
2026-08-12 11:02:38,SPX,7743.81,7731.07,7640.0,941,2908,0.1373,0.006041
2026-08-12 11:02:38,SPX,7743.81,7731.07,7850.0,5091,70,0.1151,0.006041
2026-08-12 11:02:38,SPX,7743.81,7731.07,7635.0,212,991,0.1391,0.006041
2026-08-12 11:02:38,SPX,7743.81,7731.07,7855.0,666,8,0.1158,0.006041
2026-08-12 11:02:38,SPX,7743.81,7731.07,7630.0,327,508,0.1405,0.006041
2026-08-12 11:02:38,SPX,7743.81,7731.07,7860.0,1991,18,0.1165,0.006041
2026-08-12 11:02:38,SPX,7743.81,7731.07,7625.0,1631,3549,0.1426,0.006041
2026-08-12 11:02:38,SPX,7743.81,7731.07,7865.0,695,1,0.1172,0.006041
2026-08-12 11:02:38,SPX,7743.81,7731.07,7620.0,879,1524,0.1444,0.006041
2026-08-12 11:32:50,SPX,7744.37,7731.41,7745.0,1087,633,0.1234,0.000508
2026-08-12 11:32:50,SPX,7744.37,7731.41,7740.0,919,676,0.1267,0.000508
2026-08-12 11:32:50,SPX,7744.37,7731.41,7750.0,1953,1266,0.1217,0.000508
2026-08-12 11:32:50,SPX,7744.37,7731.41,7735.0,1049,882,0.1282,0.000508
2026-08-12 11:32:50,SPX,7744.37,7731.41,7755.0,1121,677,0.1206,0.000508
2026-08-12 11:32:50,SPX,7744.37,7731.41,7730.0,1059,1629,0.1327,0.000508
2026-08-12 11:32:50,SPX,7744.37,7731.41,7760.0,1773,955,0.1206,0.000508
2026-08-12 11:32:50,SPX,7744.37,7731.41,7725.0,1615,2330,0.1371,0.000508
2026-08-12 11:32:50,SPX,7744.37,7731.41,7765.0,1106,440,0.1215,0.000508
2026-08-12 11:32:50,SPX,7744.37,7731.41,7720.0,551,1062,0.1412,0.000508
2026-08-12 11:32:50,SPX,7744.37,7731.41,7770.0,1311,332,0.1236,0.000508
2026-08-12 11:32:50,SPX,7744.37,7731.41,7715.0,284,776,0.1457,0.000508
2026-08-12 11:32:50,SPX,7744.37,7731.41,7775.0,2519,395,0.1271,0.000508
2026-08-12 11:32:50,SPX,7744.37,7731.41,7710.0,333,1261,0.152,0.000508
2026-08-12 11:32:50,SPX,7744.37,7731.41,7780.0,3351,214,0.1311,0.000508
2026-08-12 11:32:50,SPX,7744.37,7731.41,7705.0,102,772,0.1553,0.000508
2026-08-12 11:32:50,SPX,7744.37,7731.41,7785.0,2268,109,0.1372,0.000508
2026-08-12 11:32:50,SPX,7744.37,7731.41,7700.0,1143,4286,0.1636,0.000508
2026-08-12 11:32:50,SPX,7744.37,7731.41,7790.0,1362,291,0.1431,0.000508
2026-08-12 11:32:50,SPX,7744.37,7731.41,7695.0,170,1271,0.1676,0.000508
2026-08-12 11:32:50,SPX,7744.37,7731.41,7795.0,1083,47,0.1482,0.000508
2026-08-12 11:32:50,SPX,7744.37,7731.41,7690.0,207,2891,0.1769,0.000508
2026-08-12 11:32:50,SPX,7744.37,7731.41,7800.0,6256,513,0.153,0.000508
2026-08-12 11:32:50,SPX,7744.37,7731.41,7685.0,66,1433,0.18,0.000508
2026-08-12 11:32:50,SPX,7744.37,7731.41,7805.0,1015,67,0.158,0.000508
2026-08-12 11:32:50,SPX,7744.37,7731.41,7680.0,187,1331,0.1854,0.000508
2026-08-12 11:32:50,SPX,7744.37,7731.41,7810.0,7197,25,0.1642,0.000508
2026-08-12 11:32:50,SPX,7744.37,7731.41,7675.0,934,3985,0.1927,0.000508
2026-08-12 11:32:50,SPX,7744.37,7731.41,7815.0,1098,22,0.172,0.000508
2026-08-12 11:32:50,SPX,7744.37,7731.41,7670.0,374,2792,0.2016,0.000508
2026-08-12 11:32:50,SPX,7744.37,7731.41,7820.0,4265,36,0.1812,0.000508
2026-08-12 11:32:50,SPX,7744.37,7731.41,7665.0,194,1042,0.2117,0.000508
2026-08-12 11:32:50,SPX,7744.37,7731.41,7825.0,2215,21,0.1912,0.000508
2026-08-12 11:32:50,SPX,7744.37,7731.41,7660.0,369,1624,0.2215,0.000508
2026-08-12 11:32:50,SPX,7744.37,7731.41,7830.0,1247,75,0.2015,0.000508
2026-08-12 11:32:50,SPX,7744.37,7731.41,7655.0,162,968,0.2302,0.000508
2026-08-12 11:32:50,SPX,7744.37,7731.41,7835.0,837,25,0.2117,0.000508
2026-08-12 11:32:50,SPX,7744.37,7731.41,7650.0,1239,7403,0.238,0.000508
2026-08-12 11:32:50,SPX,7744.37,7731.41,7840.0,2578,7,0.2218,0.000508
2026-08-12 11:32:50,SPX,7744.37,7731.41,7645.0,85,3253,0.2454,0.000508
2026-08-12 11:32:50,SPX,7744.37,7731.41,7845.0,898,62,0.2319,0.000508
2026-08-12 11:32:50,SPX,7744.37,7731.41,7640.0,178,2301,0.253,0.000508
2026-08-12 11:32:50,SPX,7744.37,7731.41,7850.0,5638,107,0.2421,0.000508
2026-08-12 11:32:50,SPX,7744.37,7731.41,7635.0,128,1169,0.2611,0.000508
2026-08-12 11:32:50,SPX,7744.37,7731.41,7855.0,1352,33,0.2523,0.000508
2026-08-12 11:32:50,SPX,7744.37,7731.41,7630.0,331,3045,0.2698,0.000508
2026-08-12 11:32:50,SPX,7744.37,7731.41,7860.0,1358,11,0.2624,0.000508
2026-08-12 11:32:50,SPX,7744.37,7731.41,7625.0,301,2986,0.279,0.000508
2026-08-12 11:32:50,SPX,7744.37,7731.41,7865.0,944,4,0.2719,0.000508
2026-08-12 11:32:50,SPX,7744.37,7731.41,7620.0,479,1789,0.2888,0.000508
2026-08-12 11:32:50,SPX,7744.37,7731.41,7745.0,216,233,0.1142,0.003246
2026-08-12 11:32:50,SPX,7744.37,7731.41,7740.0,562,242,0.1153,0.003246
2026-08-12 11:32:50,SPX,7744.37,7731.41,7750.0,1116,874,0.1134,0.003246
2026-08-12 11:32:50,SPX,7744.37,7731.41,7735.0,256,387,0.116,0.003246
2026-08-12 11:32:50,SPX,7744.37,7731.41,7755.0,301,191,0.1128,0.003246
2026-08-12 11:32:50,SPX,7744.37,7731.41,7730.0,155,384,0.1172,0.003246
2026-08-12 11:32:50,SPX,7744.37,7731.41,7760.0,847,274,0.1123,0.003246
2026-08-12 11:32:50,SPX,7744.37,7731.41,7725.0,568,604,0.1183,0.003246
2026-08-12 11:32:50,SPX,7744.37,7731.41,7765.0,417,148,0.112,0.003246
2026-08-12 11:32:50,SPX,7744.37,7731.41,7720.0,267,438,0.1195,0.003246
2026-08-12 11:32:50,SPX,7744.37,7731.41,7770.0,375,107,0.1119,0.003246
2026-08-12 11:32:50,SPX,7744.37,7731.41,7715.0,134,174,0.1216,0.003246
2026-08-12 11:32:50,SPX,7744.37,7731.41,7775.0,663,87,0.1119,0.003246
2026-08-12 11:32:50,SPX,7744.37,7731.41,7710.0,190,212,0.123,0.003246
2026-08-12 11:32:50,SPX,7744.37,7731.41,7780.0,286,67,0.1113,0.003246
2026-08-12 11:32:50,SPX,7744.37,7731.41,7705.0,79,337,0.1246,0.003246
2026-08-12 11:32:50,SPX,7744.37,7731.41,7785.0,255,43,0.111,0.003246
2026-08-12 11:32:50,SPX,7744.37,7731.41,7700.0,813,796,0.1259,0.003246
2026-08-12 11:32:50,SPX,7744.37,7731.41,7790.0,320,101,0.1107,0.003246
2026-08-12 11:32:50,SPX,7744.37,7731.41,7695.0,184,171,0.1268,0.003246
2026-08-12 11:32:50,SPX,7744.37,7731.41,7795.0,287,15,0.1105,0.003246
2026-08-12 11:32:50,SPX,7744.37,7731.41,7690.0,131,209,0.1282,0.003246
2026-08-12 11:32:50,SPX,7744.37,7731.41,7800.0,1572,467,0.1108,0.003246
2026-08-12 11:32:50,SPX,7744.37,7731.41,7685.0,22,342,0.1305,0.003246
2026-08-12 11:32:50,SPX,7744.37,7731.41,7805.0,223,25,0.1117,0.003246
2026-08-12 11:32:50,SPX,7744.37,7731.41,7680.0,474,329,0.1327,0.003246
2026-08-12 11:32:50,SPX,7744.37,7731.41,7810.0,1068,30,0.1127,0.003246
2026-08-12 11:32:50,SPX,7744.37,7731.41,7675.0,616,464,0.134,0.003246
2026-08-12 11:32:50,SPX,7744.37,7731.41,7815.0,414,31,0.1135,0.003246
2026-08-12 11:32:50,SPX,7744.37,7731.41,7670.0,355,475,0.1347,0.003246
2026-08-12 11:32:50,SPX,7744.37,7731.41,7820.0,1829,3,0.1145,0.003246
2026-08-12 11:32:50,SPX,7744.37,7731.41,7665.0,58,164,0.1363,0.003246
2026-08-12 11:32:50,SPX,7744.37,7731.41,7825.0,829,84,0.1154,0.003246
2026-08-12 11:32:50,SPX,7744.37,7731.41,7660.0,378,1549,0.1386,0.003246
2026-08-12 11:32:50,SPX,7744.37,7731.41,7830.0,927,21,0.1163,0.003246
2026-08-12 11:32:50,SPX,7744.37,7731.41,7655.0,14,252,0.1408,0.003246
2026-08-12 11:32:50,SPX,7744.37,7731.41,7835.0,305,10,0.1173,0.003246
2026-08-12 11:32:50,SPX,7744.37,7731.41,7650.0,268,727,0.1422,0.003246
2026-08-12 11:32:50,SPX,7744.37,7731.41,7840.0,293,9,0.1185,0.003246
2026-08-12 11:32:50,SPX,7744.37,7731.41,7645.0,29,269,0.1434,0.003246
2026-08-12 11:32:50,SPX,7744.37,7731.41,7845.0,224,1,0.1199,0.003246
2026-08-12 11:32:50,SPX,7744.37,7731.41,7640.0,231,365,0.1456,0.003246
2026-08-12 11:32:50,SPX,7744.37,7731.41,7850.0,953,2,0.1217,0.003246
2026-08-12 11:32:50,SPX,7744.37,7731.41,7635.0,43,113,0.1485,0.003246
2026-08-12 11:32:50,SPX,7744.37,7731.41,7855.0,201,2,0.1237,0.003246
2026-08-12 11:32:50,SPX,7744.37,7731.41,7630.0,107,270,0.1503,0.003246
2026-08-12 11:32:50,SPX,7744.37,7731.41,7860.0,429,3,0.126,0.003246
2026-08-12 11:32:50,SPX,7744.37,7731.41,7625.0,134,498,0.1516,0.003246
2026-08-12 11:32:50,SPX,7744.37,7731.41,7865.0,325,0,0.1286,0.003246
2026-08-12 11:32:50,SPX,7744.37,7731.41,7620.0,296,452,0.155,0.003246
2026-08-12 11:32:50,SPX,7744.37,7731.41,7745.0,2248,2193,0.1134,0.005984
2026-08-12 11:32:50,SPX,7744.37,7731.41,7740.0,878,878,0.1141,0.005984
2026-08-12 11:32:50,SPX,7744.37,7731.41,7750.0,5226,3108,0.1129,0.005984
2026-08-12 11:32:50,SPX,7744.37,7731.41,7735.0,612,488,0.115,0.005984
2026-08-12 11:32:50,SPX,7744.37,7731.41,7755.0,1771,483,0.1122,0.005984
2026-08-12 11:32:50,SPX,7744.37,7731.41,7730.0,918,701,0.1158,0.005984
2026-08-12 11:32:50,SPX,7744.37,7731.41,7760.0,1189,728,0.1117,0.005984
2026-08-12 11:32:50,SPX,7744.37,7731.41,7725.0,2747,2415,0.1165,0.005984
2026-08-12 11:32:50,SPX,7744.37,7731.41,7765.0,373,419,0.111,0.005984
2026-08-12 11:32:50,SPX,7744.37,7731.41,7720.0,595,816,0.1176,0.005984
2026-08-12 11:32:50,SPX,7744.37,7731.41,7770.0,942,430,0.1106,0.005984
2026-08-12 11:32:50,SPX,7744.37,7731.41,7715.0,226,523,0.1182,0.005984
2026-08-12 11:32:50,SPX,7744.37,7731.41,7775.0,2259,514,0.1099,0.005984
2026-08-12 11:32:50,SPX,7744.37,7731.41,7710.0,1000,1068,0.1189,0.005984
2026-08-12 11:32:50,SPX,7744.37,7731.41,7780.0,1362,103,0.1095,0.005984
2026-08-12 11:32:50,SPX,7744.37,7731.41,7705.0,162,754,0.1202,0.005984
2026-08-12 11:32:50,SPX,7744.37,7731.41,7785.0,589,76,0.1094,0.005984
2026-08-12 11:32:50,SPX,7744.37,7731.41,7700.0,3212,4667,0.1218,0.005984
2026-08-12 11:32:50,SPX,7744.37,7731.41,7790.0,867,152,0.1094,0.005984
2026-08-12 11:32:50,SPX,7744.37,7731.41,7695.0,198,607,0.1224,0.005984
2026-08-12 11:32:50,SPX,7744.37,7731.41,7795.0,631,54,0.1094,0.005984
2026-08-12 11:32:50,SPX,7744.37,7731.41,7690.0,435,850,0.1231,0.005984
2026-08-12 11:32:50,SPX,7744.37,7731.41,7800.0,6379,446,0.1096,0.005984
2026-08-12 11:32:50,SPX,7744.37,7731.41,7685.0,177,638,0.1243,0.005984
2026-08-12 11:32:50,SPX,7744.37,7731.41,7805.0,557,21,0.1098,0.005984
2026-08-12 11:32:50,SPX,7744.37,7731.41,7680.0,637,905,0.1258,0.005984
2026-08-12 11:32:50,SPX,7744.37,7731.41,7810.0,2375,95,0.1099,0.005984
2026-08-12 11:32:50,SPX,7744.37,7731.41,7675.0,1223,3392,0.1267,0.005984
2026-08-12 11:32:50,SPX,7744.37,7731.41,7815.0,484,19,0.1099,0.005984
2026-08-12 11:32:50,SPX,7744.37,7731.41,7670.0,493,982,0.1282,0.005984
2026-08-12 11:32:50,SPX,7744.37,7731.41,7820.0,1818,80,0.1098,0.005984
2026-08-12 11:32:50,SPX,7744.37,7731.41,7665.0,68,1152,0.1292,0.005984
2026-08-12 11:32:50,SPX,7744.37,7731.41,7825.0,2450,32,0.1096,0.005984
2026-08-12 11:32:50,SPX,7744.37,7731.41,7660.0,369,1076,0.1306,0.005984
2026-08-12 11:32:50,SPX,7744.37,7731.41,7830.0,2991,31,0.1097,0.005984
2026-08-12 11:32:50,SPX,7744.37,7731.41,7655.0,190,481,0.1316,0.005984
2026-08-12 11:32:50,SPX,7744.37,7731.41,7835.0,933,9,0.1102,0.005984
2026-08-12 11:32:50,SPX,7744.37,7731.41,7650.0,2424,2597,0.1332,0.005984
2026-08-12 11:32:50,SPX,7744.37,7731.41,7840.0,1946,31,0.111,0.005984
2026-08-12 11:32:50,SPX,7744.37,7731.41,7645.0,115,964,0.1345,0.005984
2026-08-12 11:32:50,SPX,7744.37,7731.41,7845.0,1720,51,0.1119,0.005984
2026-08-12 11:32:50,SPX,7744.37,7731.41,7640.0,941,2908,0.1362,0.005984
2026-08-12 11:32:50,SPX,7744.37,7731.41,7850.0,5091,70,0.1128,0.005984
2026-08-12 11:32:50,SPX,7744.37,7731.41,7635.0,212,991,0.1387,0.005984
2026-08-12 11:32:50,SPX,7744.37,7731.41,7855.0,666,0,0.1137,0.005984
2026-08-12 11:32:50,SPX,7744.37,7731.41,7630.0,0,508,0.141,0.005984
2026-08-12 11:32:50,SPX,7744.37,7731.41,7860.0,1991,18,0.1144,0.005984
2026-08-12 11:32:50,SPX,7744.37,7731.41,7625.0,1631,3549,0.1422,0.005984
2026-08-12 11:32:50,SPX,7744.37,7731.41,7865.0,695,1,0.1152,0.005984
2026-08-12 11:32:50,SPX,7744.37,7731.41,7620.0,879,1524,0.1428,0.005984
2026-08-12 12:03:03,SPX,7746.26,7731.44,7745.0,1087,633,0.1106,0.00045
2026-08-12 12:03:03,SPX,7746.26,7731.44,7750.0,1953,1266,0.1097,0.00045
2026-08-12 12:03:03,SPX,7746.26,7731.44,7740.0,919,676,0.1125,0.00045
2026-08-12 12:03:03,SPX,7746.26,7731.44,7755.0,1121,677,0.1077,0.00045
2026-08-12 12:03:03,SPX,7746.26,7731.44,7735.0,1049,882,0.1169,0.00045
2026-08-12 12:03:03,SPX,7746.26,7731.44,7760.0,1773,955,0.1095,0.00045
2026-08-12 12:03:03,SPX,7746.26,7731.44,7730.0,1059,1629,0.1215,0.00045
2026-08-12 12:03:03,SPX,7746.26,7731.44,7765.0,1106,440,0.1122,0.00045
2026-08-12 12:03:03,SPX,7746.26,7731.44,7725.0,1615,2330,0.1264,0.00045
2026-08-12 12:03:03,SPX,7746.26,7731.44,7770.0,1311,332,0.1163,0.00045
2026-08-12 12:03:03,SPX,7746.26,7731.44,7720.0,551,1062,0.1318,0.00045
2026-08-12 12:03:03,SPX,7746.26,7731.44,7775.0,2519,395,0.1214,0.00045
2026-08-12 12:03:03,SPX,7746.26,7731.44,7715.0,284,776,0.1374,0.00045
2026-08-12 12:03:03,SPX,7746.26,7731.44,7780.0,3351,214,0.1286,0.00045
2026-08-12 12:03:03,SPX,7746.26,7731.44,7710.0,333,1261,0.1448,0.00045
2026-08-12 12:03:03,SPX,7746.26,7731.44,7785.0,2268,109,0.1379,0.00045
2026-08-12 12:03:03,SPX,7746.26,7731.44,7705.0,102,772,0.1492,0.00045
2026-08-12 12:03:03,SPX,7746.26,7731.44,7790.0,1362,291,0.1471,0.00045
2026-08-12 12:03:03,SPX,7746.26,7731.44,7700.0,1143,4286,0.1577,0.00045
2026-08-12 12:03:03,SPX,7746.26,7731.44,7795.0,1083,47,0.1549,0.00045
2026-08-12 12:03:03,SPX,7746.26,7731.44,7695.0,170,1271,0.1638,0.00045
2026-08-12 12:03:03,SPX,7746.26,7731.44,7800.0,6256,513,0.1616,0.00045
2026-08-12 12:03:03,SPX,7746.26,7731.44,7690.0,207,2891,0.1767,0.00045
2026-08-12 12:03:03,SPX,7746.26,7731.44,7805.0,1015,67,0.1685,0.00045
2026-08-12 12:03:03,SPX,7746.26,7731.44,7685.0,66,1433,0.1803,0.00045
2026-08-12 12:03:03,SPX,7746.26,7731.44,7810.0,7197,25,0.1763,0.00045
2026-08-12 12:03:03,SPX,7746.26,7731.44,7680.0,187,1331,0.1867,0.00045
2026-08-12 12:03:03,SPX,7746.26,7731.44,7815.0,1098,22,0.185,0.00045
2026-08-12 12:03:03,SPX,7746.26,7731.44,7675.0,934,3985,0.1956,0.00045
2026-08-12 12:03:03,SPX,7746.26,7731.44,7820.0,4265,36,0.1946,0.00045
2026-08-12 12:03:03,SPX,7746.26,7731.44,7670.0,374,2792,0.207,0.00045
2026-08-12 12:03:03,SPX,7746.26,7731.44,7825.0,2215,21,0.2048,0.00045
2026-08-12 12:03:03,SPX,7746.26,7731.44,7665.0,194,1042,0.219,0.00045
2026-08-12 12:03:03,SPX,7746.26,7731.44,7830.0,1247,75,0.2154,0.00045
2026-08-12 12:03:03,SPX,7746.26,7731.44,7660.0,369,1624,0.2294,0.00045
2026-08-12 12:03:03,SPX,7746.26,7731.44,7835.0,837,25,0.2261,0.00045
2026-08-12 12:03:03,SPX,7746.26,7731.44,7655.0,162,968,0.2381,0.00045
2026-08-12 12:03:03,SPX,7746.26,7731.44,7840.0,2578,7,0.2368,0.00045
2026-08-12 12:03:03,SPX,7746.26,7731.44,7650.0,1239,7403,0.2463,0.00045
2026-08-12 12:03:03,SPX,7746.26,7731.44,7845.0,898,62,0.2475,0.00045
2026-08-12 12:03:03,SPX,7746.26,7731.44,7645.0,85,3253,0.2548,0.00045
2026-08-12 12:03:03,SPX,7746.26,7731.44,7850.0,5638,107,0.2582,0.00045
2026-08-12 12:03:03,SPX,7746.26,7731.44,7640.0,178,2301,0.2638,0.00045
2026-08-12 12:03:03,SPX,7746.26,7731.44,7855.0,1352,33,0.269,0.00045
2026-08-12 12:03:03,SPX,7746.26,7731.44,7635.0,128,1169,0.2733,0.00045
2026-08-12 12:03:03,SPX,7746.26,7731.44,7860.0,1358,11,0.2795,0.00045
2026-08-12 12:03:03,SPX,7746.26,7731.44,7630.0,331,3045,0.2829,0.00045
2026-08-12 12:03:03,SPX,7746.26,7731.44,7865.0,944,4,0.2891,0.00045
2026-08-12 12:03:03,SPX,7746.26,7731.44,7625.0,301,2986,0.2927,0.00045
2026-08-12 12:03:03,SPX,7746.26,7731.44,7870.0,908,15,0.2976,0.00045
2026-08-12 12:03:03,SPX,7746.26,7731.44,7745.0,216,233,0.1121,0.003188
2026-08-12 12:03:03,SPX,7746.26,7731.44,7750.0,1116,874,0.1113,0.003188
2026-08-12 12:03:03,SPX,7746.26,7731.44,7740.0,562,242,0.1131,0.003188
2026-08-12 12:03:03,SPX,7746.26,7731.44,7755.0,301,191,0.1106,0.003188
2026-08-12 12:03:03,SPX,7746.26,7731.44,7735.0,256,387,0.1141,0.003188
2026-08-12 12:03:03,SPX,7746.26,7731.44,7760.0,847,274,0.1098,0.003188
2026-08-12 12:03:03,SPX,7746.26,7731.44,7730.0,155,384,0.1159,0.003188
2026-08-12 12:03:03,SPX,7746.26,7731.44,7765.0,417,148,0.1092,0.003188
2026-08-12 12:03:03,SPX,7746.26,7731.44,7725.0,568,604,0.1165,0.003188
2026-08-12 12:03:03,SPX,7746.26,7731.44,7770.0,375,107,0.1089,0.003188
2026-08-12 12:03:03,SPX,7746.26,7731.44,7720.0,267,438,0.1178,0.003188
2026-08-12 12:03:03,SPX,7746.26,7731.44,7775.0,663,87,0.109,0.003188
2026-08-12 12:03:03,SPX,7746.26,7731.44,7715.0,134,174,0.1199,0.003188
2026-08-12 12:03:03,SPX,7746.26,7731.44,7780.0,286,67,0.1091,0.003188
2026-08-12 12:03:03,SPX,7746.26,7731.44,7710.0,190,212,0.1213,0.003188
2026-08-12 12:03:03,SPX,7746.26,7731.44,7785.0,255,43,0.1091,0.003188
2026-08-12 12:03:03,SPX,7746.26,7731.44,7705.0,79,337,0.1219,0.003188
2026-08-12 12:03:03,SPX,7746.26,7731.44,7790.0,320,101,0.1097,0.003188
2026-08-12 12:03:03,SPX,7746.26,7731.44,7700.0,813,796,0.1248,0.003188
2026-08-12 12:03:03,SPX,7746.26,7731.44,7795.0,287,15,0.1094,0.003188
2026-08-12 12:03:03,SPX,7746.26,7731.44,7695.0,184,171,0.1253,0.003188
2026-08-12 12:03:03,SPX,7746.26,7731.44,7800.0,1572,467,0.1097,0.003188
2026-08-12 12:03:03,SPX,7746.26,7731.44,7690.0,131,209,0.1275,0.003188
2026-08-12 12:03:03,SPX,7746.26,7731.44,7805.0,223,25,0.11,0.003188
2026-08-12 12:03:03,SPX,7746.26,7731.44,7685.0,22,342,0.1291,0.003188
2026-08-12 12:03:03,SPX,7746.26,7731.44,7810.0,1068,30,0.1103,0.003188
2026-08-12 12:03:03,SPX,7746.26,7731.44,7680.0,474,329,0.1311,0.003188
2026-08-12 12:03:03,SPX,7746.26,7731.44,7815.0,414,31,0.111,0.003188
2026-08-12 12:03:03,SPX,7746.26,7731.44,7675.0,616,464,0.1331,0.003188
2026-08-12 12:03:03,SPX,7746.26,7731.44,7820.0,1829,3,0.1124,0.003188
2026-08-12 12:03:03,SPX,7746.26,7731.44,7670.0,355,475,0.1343,0.003188
2026-08-12 12:03:03,SPX,7746.26,7731.44,7825.0,829,84,0.114,0.003188
2026-08-12 12:03:03,SPX,7746.26,7731.44,7665.0,58,164,0.1357,0.003188
2026-08-12 12:03:03,SPX,7746.26,7731.44,7830.0,927,21,0.1157,0.003188
2026-08-12 12:03:03,SPX,7746.26,7731.44,7660.0,378,1549,0.1375,0.003188
2026-08-12 12:03:03,SPX,7746.26,7731.44,7835.0,305,10,0.1174,0.003188
2026-08-12 12:03:03,SPX,7746.26,7731.44,7655.0,14,252,0.1395,0.003188
2026-08-12 12:03:03,SPX,7746.26,7731.44,7840.0,293,9,0.119,0.003188
2026-08-12 12:03:03,SPX,7746.26,7731.44,7650.0,268,727,0.1416,0.003188
2026-08-12 12:03:03,SPX,7746.26,7731.44,7845.0,224,1,0.1206,0.003188
2026-08-12 12:03:03,SPX,7746.26,7731.44,7645.0,29,269,0.1442,0.003188
2026-08-12 12:03:03,SPX,7746.26,7731.44,7850.0,953,2,0.1224,0.003188
2026-08-12 12:03:03,SPX,7746.26,7731.44,7640.0,231,365,0.1466,0.003188
2026-08-12 12:03:03,SPX,7746.26,7731.44,7855.0,201,2,0.1243,0.003188
2026-08-12 12:03:03,SPX,7746.26,7731.44,7635.0,43,113,0.1476,0.003188
2026-08-12 12:03:03,SPX,7746.26,7731.44,7860.0,429,3,0.1264,0.003188
2026-08-12 12:03:03,SPX,7746.26,7731.44,7630.0,107,270,0.1506,0.003188
2026-08-12 12:03:03,SPX,7746.26,7731.44,7865.0,325,0,0.1287,0.003188
2026-08-12 12:03:03,SPX,7746.26,7731.44,7625.0,134,498,0.1535,0.003188
2026-08-12 12:03:03,SPX,7746.26,7731.44,7870.0,347,26,0.1313,0.003188
2026-08-12 12:03:03,SPX,7746.26,7731.44,7745.0,2248,2193,0.112,0.005926
2026-08-12 12:03:03,SPX,7746.26,7731.44,7750.0,5226,3108,0.1113,0.005926
2026-08-12 12:03:03,SPX,7746.26,7731.44,7740.0,878,878,0.1126,0.005926
2026-08-12 12:03:03,SPX,7746.26,7731.44,7755.0,1771,483,0.1107,0.005926
2026-08-12 12:03:03,SPX,7746.26,7731.44,7735.0,612,488,0.1134,0.005926
2026-08-12 12:03:03,SPX,7746.26,7731.44,7760.0,1189,728,0.1099,0.005926
2026-08-12 12:03:03,SPX,7746.26,7731.44,7730.0,918,701,0.1144,0.005926
2026-08-12 12:03:03,SPX,7746.26,7731.44,7765.0,373,419,0.1093,0.005926
2026-08-12 12:03:03,SPX,7746.26,7731.44,7725.0,2747,2415,0.1151,0.005926
2026-08-12 12:03:03,SPX,7746.26,7731.44,7770.0,942,430,0.1089,0.005926
2026-08-12 12:03:03,SPX,7746.26,7731.44,7720.0,595,816,0.1166,0.005926
2026-08-12 12:03:03,SPX,7746.26,7731.44,7775.0,2259,514,0.1083,0.005926
2026-08-12 12:03:03,SPX,7746.26,7731.44,7715.0,226,523,0.1168,0.005926
2026-08-12 12:03:03,SPX,7746.26,7731.44,7780.0,1362,103,0.108,0.005926
2026-08-12 12:03:03,SPX,7746.26,7731.44,7710.0,1000,1068,0.1176,0.005926
2026-08-12 12:03:03,SPX,7746.26,7731.44,7785.0,589,76,0.1079,0.005926
2026-08-12 12:03:03,SPX,7746.26,7731.44,7705.0,162,754,0.1189,0.005926
2026-08-12 12:03:03,SPX,7746.26,7731.44,7790.0,867,152,0.1079,0.005926
2026-08-12 12:03:03,SPX,7746.26,7731.44,7700.0,3212,4667,0.1197,0.005926
2026-08-12 12:03:03,SPX,7746.26,7731.44,7795.0,631,54,0.108,0.005926
2026-08-12 12:03:03,SPX,7746.26,7731.44,7695.0,198,607,0.1214,0.005926
2026-08-12 12:03:03,SPX,7746.26,7731.44,7800.0,6379,446,0.1078,0.005926
2026-08-12 12:03:03,SPX,7746.26,7731.44,7690.0,435,850,0.1221,0.005926
2026-08-12 12:03:03,SPX,7746.26,7731.44,7805.0,557,21,0.108,0.005926
2026-08-12 12:03:03,SPX,7746.26,7731.44,7685.0,177,638,0.1232,0.005926
2026-08-12 12:03:03,SPX,7746.26,7731.44,7810.0,2375,95,0.1082,0.005926
2026-08-12 12:03:03,SPX,7746.26,7731.44,7680.0,637,905,0.1251,0.005926
2026-08-12 12:03:03,SPX,7746.26,7731.44,7815.0,484,19,0.1082,0.005926
2026-08-12 12:03:03,SPX,7746.26,7731.44,7675.0,1223,3392,0.1259,0.005926
2026-08-12 12:03:03,SPX,7746.26,7731.44,7820.0,1818,80,0.1081,0.005926
2026-08-12 12:03:03,SPX,7746.26,7731.44,7670.0,493,982,0.127,0.005926
2026-08-12 12:03:03,SPX,7746.26,7731.44,7825.0,2450,32,0.1083,0.005926
2026-08-12 12:03:03,SPX,7746.26,7731.44,7665.0,68,1152,0.128,0.005926
2026-08-12 12:03:03,SPX,7746.26,7731.44,7830.0,2991,31,0.1088,0.005926
2026-08-12 12:03:03,SPX,7746.26,7731.44,7660.0,369,1076,0.1299,0.005926
2026-08-12 12:03:03,SPX,7746.26,7731.44,7835.0,933,9,0.1094,0.005926
2026-08-12 12:03:03,SPX,7746.26,7731.44,7655.0,190,481,0.1308,0.005926
2026-08-12 12:03:03,SPX,7746.26,7731.44,7840.0,1946,31,0.1102,0.005926
2026-08-12 12:03:03,SPX,7746.26,7731.44,7650.0,2424,2597,0.133,0.005926
2026-08-12 12:03:03,SPX,7746.26,7731.44,7845.0,1720,51,0.1111,0.005926
2026-08-12 12:03:03,SPX,7746.26,7731.44,7645.0,115,964,0.1342,0.005926
2026-08-12 12:03:03,SPX,7746.26,7731.44,7850.0,5091,70,0.1119,0.005926
2026-08-12 12:03:03,SPX,7746.26,7731.44,7640.0,941,2908,0.1361,0.005926
2026-08-12 12:03:03,SPX,7746.26,7731.44,7855.0,666,8,0.1127,0.005926
2026-08-12 12:03:03,SPX,7746.26,7731.44,7635.0,212,991,0.1381,0.005926
2026-08-12 12:03:03,SPX,7746.26,7731.44,7860.0,1991,18,0.1135,0.005926
2026-08-12 12:03:03,SPX,7746.26,7731.44,7630.0,327,508,0.14,0.005926
2026-08-12 12:03:03,SPX,7746.26,7731.44,7865.0,695,1,0.1143,0.005926
2026-08-12 12:03:03,SPX,7746.26,7731.44,7625.0,1631,3549,0.1414,0.005926
2026-08-12 12:03:03,SPX,7746.26,7731.44,7870.0,1864,13,0.1152,0.005926
2026-08-12 12:33:15,SPX,7745.64,7731.41,7745.0,1087,633,0.1073,0.000393
2026-08-12 12:33:15,SPX,7745.64,7731.41,7750.0,1953,1266,0.1057,0.000393
2026-08-12 12:33:15,SPX,7745.64,7731.41,7740.0,919,676,0.1101,0.000393
2026-08-12 12:33:15,SPX,7745.64,7731.41,7755.0,1121,677,0.1056,0.000393
2026-08-12 12:33:15,SPX,7745.64,7731.41,7735.0,1049,882,0.1145,0.000393
2026-08-12 12:33:15,SPX,7745.64,7731.41,7760.0,1773,955,0.1078,0.000393
2026-08-12 12:33:15,SPX,7745.64,7731.41,7730.0,1059,1629,0.1192,0.000393
2026-08-12 12:33:15,SPX,7745.64,7731.41,7765.0,1106,440,0.111,0.000393
2026-08-12 12:33:15,SPX,7745.64,7731.41,7725.0,1615,2330,0.1246,0.000393
2026-08-12 12:33:15,SPX,7745.64,7731.41,7770.0,1311,332,0.1156,0.000393
2026-08-12 12:33:15,SPX,7745.64,7731.41,7720.0,551,1062,0.1305,0.000393
2026-08-12 12:33:15,SPX,7745.64,7731.41,7775.0,2519,395,0.1231,0.000393
2026-08-12 12:33:15,SPX,7745.64,7731.41,7715.0,284,776,0.1365,0.000393
2026-08-12 12:33:15,SPX,7745.64,7731.41,7780.0,3351,214,0.1336,0.000393
2026-08-12 12:33:15,SPX,7745.64,7731.41,7710.0,333,1261,0.1425,0.000393
2026-08-12 12:33:15,SPX,7745.64,7731.41,7785.0,2268,109,0.1444,0.000393
2026-08-12 12:33:15,SPX,7745.64,7731.41,7705.0,102,772,0.1527,0.000393
2026-08-12 12:33:15,SPX,7745.64,7731.41,7790.0,1362,291,0.1545,0.000393
2026-08-12 12:33:15,SPX,7745.64,7731.41,7700.0,1143,4286,0.158,0.000393
2026-08-12 12:33:15,SPX,7745.64,7731.41,7795.0,1083,47,0.1648,0.000393
2026-08-12 12:33:15,SPX,7745.64,7731.41,7695.0,170,1271,0.1673,0.000393
2026-08-12 12:33:15,SPX,7745.64,7731.41,7800.0,6256,513,0.176,0.000393
2026-08-12 12:33:15,SPX,7745.64,7731.41,7690.0,207,2891,0.1786,0.000393
2026-08-12 12:33:15,SPX,7745.64,7731.41,7805.0,1015,67,0.1862,0.000393
2026-08-12 12:33:15,SPX,7745.64,7731.41,7685.0,66,1433,0.1915,0.000393
2026-08-12 12:33:15,SPX,7745.64,7731.41,7810.0,7197,25,0.1953,0.000393
2026-08-12 12:33:15,SPX,7745.64,7731.41,7680.0,187,1331,0.201,0.000393
2026-08-12 12:33:15,SPX,7745.64,7731.41,7815.0,1098,22,0.2039,0.000393
2026-08-12 12:33:15,SPX,7745.64,7731.41,7675.0,934,3985,0.2088,0.000393
2026-08-12 12:33:15,SPX,7745.64,7731.41,7820.0,4265,36,0.212,0.000393
2026-08-12 12:33:15,SPX,7745.64,7731.41,7670.0,374,2792,0.2167,0.000393
2026-08-12 12:33:15,SPX,7745.64,7731.41,7825.0,2215,21,0.2208,0.000393
2026-08-12 12:33:15,SPX,7745.64,7731.41,7665.0,194,1042,0.2252,0.000393
2026-08-12 12:33:15,SPX,7745.64,7731.41,7830.0,1247,75,0.2305,0.000393
2026-08-12 12:33:15,SPX,7745.64,7731.41,7660.0,369,1624,0.2347,0.000393
2026-08-12 12:33:15,SPX,7745.64,7731.41,7835.0,837,25,0.2407,0.000393
2026-08-12 12:33:15,SPX,7745.64,7731.41,7655.0,162,968,0.2451,0.000393
2026-08-12 12:33:15,SPX,7745.64,7731.41,7840.0,2578,7,0.2511,0.000393
2026-08-12 12:33:15,SPX,7745.64,7731.41,7650.0,1239,7403,0.2563,0.000393
2026-08-12 12:33:15,SPX,7745.64,7731.41,7845.0,898,62,0.2617,0.000393
2026-08-12 12:33:15,SPX,7745.64,7731.41,7645.0,85,3253,0.268,0.000393
2026-08-12 12:33:15,SPX,7745.64,7731.41,7850.0,5638,107,0.2726,0.000393
2026-08-12 12:33:15,SPX,7745.64,7731.41,7640.0,178,2301,0.2799,0.000393
2026-08-12 12:33:15,SPX,7745.64,7731.41,7855.0,1352,33,0.2837,0.000393
2026-08-12 12:33:15,SPX,7745.64,7731.41,7635.0,128,1169,0.2917,0.000393
2026-08-12 12:33:15,SPX,7745.64,7731.41,7860.0,1358,11,0.2949,0.000393
2026-08-12 12:33:15,SPX,7745.64,7731.41,7630.0,331,3045,0.3033,0.000393
2026-08-12 12:33:15,SPX,7745.64,7731.41,7865.0,944,4,0.3059,0.000393
2026-08-12 12:33:15,SPX,7745.64,7731.41,7625.0,301,2986,0.3147,0.000393
2026-08-12 12:33:15,SPX,7745.64,7731.41,7870.0,908,15,0.3164,0.000393
2026-08-12 12:33:15,SPX,7745.64,7731.41,7745.0,216,233,0.112,0.003131
2026-08-12 12:33:15,SPX,7745.64,7731.41,7750.0,1116,874,0.1109,0.003131
2026-08-12 12:33:15,SPX,7745.64,7731.41,7740.0,562,242,0.1125,0.003131
2026-08-12 12:33:15,SPX,7745.64,7731.41,7755.0,301,191,0.1103,0.003131
2026-08-12 12:33:15,SPX,7745.64,7731.41,7735.0,256,387,0.1135,0.003131
2026-08-12 12:33:15,SPX,7745.64,7731.41,7760.0,847,274,0.1098,0.003131
2026-08-12 12:33:15,SPX,7745.64,7731.41,7730.0,155,384,0.1147,0.003131
2026-08-12 12:33:15,SPX,7745.64,7731.41,7765.0,417,148,0.1093,0.003131
2026-08-12 12:33:15,SPX,7745.64,7731.41,7725.0,568,604,0.1159,0.003131
2026-08-12 12:33:15,SPX,7745.64,7731.41,7770.0,375,107,0.1092,0.003131
2026-08-12 12:33:15,SPX,7745.64,7731.41,7720.0,267,438,0.118,0.003131
2026-08-12 12:33:15,SPX,7745.64,7731.41,7775.0,663,87,0.1092,0.003131
2026-08-12 12:33:15,SPX,7745.64,7731.41,7715.0,134,174,0.1197,0.003131
2026-08-12 12:33:15,SPX,7745.64,7731.41,7780.0,286,67,0.1096,0.003131
2026-08-12 12:33:15,SPX,7745.64,7731.41,7710.0,190,212,0.1199,0.003131
2026-08-12 12:33:15,SPX,7745.64,7731.41,7785.0,255,43,0.1097,0.003131
2026-08-12 12:33:15,SPX,7745.64,7731.41,7705.0,79,337,0.1219,0.003131
2026-08-12 12:33:15,SPX,7745.64,7731.41,7790.0,320,101,0.1104,0.003131
2026-08-12 12:33:15,SPX,7745.64,7731.41,7700.0,813,796,0.1232,0.003131
2026-08-12 12:33:15,SPX,7745.64,7731.41,7795.0,287,15,0.111,0.003131
2026-08-12 12:33:15,SPX,7745.64,7731.41,7695.0,184,171,0.1249,0.003131
2026-08-12 12:33:15,SPX,7745.64,7731.41,7800.0,1572,467,0.1113,0.003131
2026-08-12 12:33:15,SPX,7745.64,7731.41,7690.0,131,209,0.1272,0.003131
2026-08-12 12:33:15,SPX,7745.64,7731.41,7805.0,223,25,0.1117,0.003131
2026-08-12 12:33:15,SPX,7745.64,7731.41,7685.0,22,342,0.1297,0.003131
2026-08-12 12:33:15,SPX,7745.64,7731.41,7810.0,1068,30,0.1124,0.003131
2026-08-12 12:33:15,SPX,7745.64,7731.41,7680.0,474,329,0.131,0.003131
2026-08-12 12:33:15,SPX,7745.64,7731.41,7815.0,414,31,0.1136,0.003131
2026-08-12 12:33:15,SPX,7745.64,7731.41,7675.0,616,464,0.132,0.003131
2026-08-12 12:33:15,SPX,7745.64,7731.41,7820.0,1829,3,0.115,0.003131
2026-08-12 12:33:15,SPX,7745.64,7731.41,7670.0,355,475,0.1337,0.003131
2026-08-12 12:33:15,SPX,7745.64,7731.41,7825.0,829,84,0.1167,0.003131
2026-08-12 12:33:15,SPX,7745.64,7731.41,7665.0,58,164,0.1355,0.003131
2026-08-12 12:33:15,SPX,7745.64,7731.41,7830.0,927,21,0.1185,0.003131
2026-08-12 12:33:15,SPX,7745.64,7731.41,7660.0,378,1549,0.1372,0.003131
2026-08-12 12:33:15,SPX,7745.64,7731.41,7835.0,305,10,0.1203,0.003131
2026-08-12 12:33:15,SPX,7745.64,7731.41,7655.0,14,252,0.1389,0.003131
2026-08-12 12:33:15,SPX,7745.64,7731.41,7840.0,293,9,0.122,0.003131
2026-08-12 12:33:15,SPX,7745.64,7731.41,7650.0,268,727,0.1412,0.003131
2026-08-12 12:33:15,SPX,7745.64,7731.41,7845.0,224,1,0.1237,0.003131
2026-08-12 12:33:15,SPX,7745.64,7731.41,7645.0,29,269,0.1444,0.003131
2026-08-12 12:33:15,SPX,7745.64,7731.41,7850.0,953,2,0.1256,0.003131
2026-08-12 12:33:15,SPX,7745.64,7731.41,7640.0,231,365,0.1467,0.003131
2026-08-12 12:33:15,SPX,7745.64,7731.41,7855.0,201,2,0.1277,0.003131
2026-08-12 12:33:15,SPX,7745.64,7731.41,7635.0,43,113,0.1477,0.003131
2026-08-12 12:33:15,SPX,7745.64,7731.41,7860.0,429,3,0.13,0.003131
2026-08-12 12:33:15,SPX,7745.64,7731.41,7630.0,107,270,0.1503,0.003131
2026-08-12 12:33:15,SPX,7745.64,7731.41,7865.0,325,0,0.1325,0.003131
2026-08-12 12:33:15,SPX,7745.64,7731.41,7625.0,134,498,0.1532,0.003131
2026-08-12 12:33:15,SPX,7745.64,7731.41,7870.0,347,26,0.1353,0.003131
2026-08-12 12:33:15,SPX,7745.64,7731.41,7745.0,2248,2193,0.1122,0.005869
2026-08-12 12:33:15,SPX,7745.64,7731.41,7750.0,5226,3108,0.1115,0.005869
2026-08-12 12:33:15,SPX,7745.64,7731.41,7740.0,878,878,0.1128,0.005869
2026-08-12 12:33:15,SPX,7745.64,7731.41,7755.0,1771,483,0.1105,0.005869
2026-08-12 12:33:15,SPX,7745.64,7731.41,7735.0,612,488,0.1136,0.005869
2026-08-12 12:33:15,SPX,7745.64,7731.41,7760.0,1189,728,0.1102,0.005869
2026-08-12 12:33:15,SPX,7745.64,7731.41,7730.0,918,701,0.1146,0.005869
2026-08-12 12:33:15,SPX,7745.64,7731.41,7765.0,373,419,0.1096,0.005869
2026-08-12 12:33:15,SPX,7745.64,7731.41,7725.0,2747,2415,0.1155,0.005869
2026-08-12 12:33:15,SPX,7745.64,7731.41,7770.0,942,430,0.1092,0.005869
2026-08-12 12:33:15,SPX,7745.64,7731.41,7720.0,595,816,0.1165,0.005869
2026-08-12 12:33:15,SPX,7745.64,7731.41,7775.0,2259,514,0.1087,0.005869
2026-08-12 12:33:15,SPX,7745.64,7731.41,7715.0,226,523,0.1169,0.005869
2026-08-12 12:33:15,SPX,7745.64,7731.41,7780.0,1362,103,0.1083,0.005869
2026-08-12 12:33:15,SPX,7745.64,7731.41,7710.0,1000,1068,0.1181,0.005869
2026-08-12 12:33:15,SPX,7745.64,7731.41,7785.0,589,76,0.1084,0.005869
2026-08-12 12:33:15,SPX,7745.64,7731.41,7705.0,162,754,0.1192,0.005869
2026-08-12 12:33:15,SPX,7745.64,7731.41,7790.0,867,152,0.1083,0.005869
2026-08-12 12:33:15,SPX,7745.64,7731.41,7700.0,3212,4667,0.1199,0.005869
2026-08-12 12:33:15,SPX,7745.64,7731.41,7795.0,631,54,0.1084,0.005869
2026-08-12 12:33:15,SPX,7745.64,7731.41,7695.0,198,607,0.1217,0.005869
2026-08-12 12:33:15,SPX,7745.64,7731.41,7800.0,6379,446,0.1087,0.005869
2026-08-12 12:33:15,SPX,7745.64,7731.41,7690.0,435,850,0.1232,0.005869
2026-08-12 12:33:15,SPX,7745.64,7731.41,7805.0,557,21,0.1089,0.005869
2026-08-12 12:33:15,SPX,7745.64,7731.41,7685.0,177,638,0.1241,0.005869
2026-08-12 12:33:15,SPX,7745.64,7731.41,7810.0,2375,95,0.1091,0.005869
2026-08-12 12:33:15,SPX,7745.64,7731.41,7680.0,637,905,0.1247,0.005869
2026-08-12 12:33:15,SPX,7745.64,7731.41,7815.0,484,19,0.1092,0.005869
2026-08-12 12:33:15,SPX,7745.64,7731.41,7675.0,1223,3392,0.1268,0.005869
2026-08-12 12:33:15,SPX,7745.64,7731.41,7820.0,1818,80,0.1093,0.005869
2026-08-12 12:33:15,SPX,7745.64,7731.41,7670.0,493,982,0.1278,0.005869
2026-08-12 12:33:15,SPX,7745.64,7731.41,7825.0,2450,32,0.1096,0.005869
2026-08-12 12:33:15,SPX,7745.64,7731.41,7665.0,68,1152,0.1294,0.005869
2026-08-12 12:33:15,SPX,7745.64,7731.41,7830.0,2991,31,0.1101,0.005869
2026-08-12 12:33:15,SPX,7745.64,7731.41,7660.0,369,1076,0.1306,0.005869
2026-08-12 12:33:15,SPX,7745.64,7731.41,7835.0,933,9,0.1108,0.005869
2026-08-12 12:33:15,SPX,7745.64,7731.41,7655.0,190,481,0.1325,0.005869
2026-08-12 12:33:15,SPX,7745.64,7731.41,7840.0,1946,31,0.1118,0.005869
2026-08-12 12:33:15,SPX,7745.64,7731.41,7650.0,2424,2597,0.1346,0.005869
2026-08-12 12:33:15,SPX,7745.64,7731.41,7845.0,1720,51,0.1128,0.005869
2026-08-12 12:33:15,SPX,7745.64,7731.41,7645.0,115,964,0.1364,0.005869
2026-08-12 12:33:15,SPX,7745.64,7731.41,7850.0,5091,70,0.1139,0.005869
2026-08-12 12:33:15,SPX,7745.64,7731.41,7640.0,941,2908,0.1374,0.005869
2026-08-12 12:33:15,SPX,7745.64,7731.41,7855.0,666,8,0.1149,0.005869
2026-08-12 12:33:15,SPX,7745.64,7731.41,7635.0,212,991,0.1385,0.005869
2026-08-12 12:33:15,SPX,7745.64,7731.41,7860.0,1991,18,0.1159,0.005869
2026-08-12 12:33:15,SPX,7745.64,7731.41,7630.0,327,508,0.1402,0.005869
2026-08-12 12:33:15,SPX,7745.64,7731.41,7865.0,695,1,0.1169,0.005869
2026-08-12 12:33:15,SPX,7745.64,7731.41,7625.0,1631,3549,0.1425,0.005869
2026-08-12 12:33:15,SPX,7745.64,7731.41,7870.0,1864,13,0.1179,0.005869
2026-08-12 13:03:28,SPX,7752.9,7732.15,7755.0,1121,677,0.1072,0.000336
2026-08-12 13:03:28,SPX,7752.9,7732.15,7750.0,1953,1266,0.1079,0.000336
2026-08-12 13:03:28,SPX,7752.9,7732.15,7760.0,1773,955,0.1085,0.000336
2026-08-12 13:03:28,SPX,7752.9,7732.15,7745.0,1087,633,0.1102,0.000336
2026-08-12 13:03:28,SPX,7752.9,7732.15,7765.0,1106,440,0.1115,0.000336
2026-08-12 13:03:28,SPX,7752.9,7732.15,7740.0,919,676,0.1157,0.000336
2026-08-12 13:03:28,SPX,7752.9,7732.15,7770.0,1311,332,0.1171,0.000336
2026-08-12 13:03:28,SPX,7752.9,7732.15,7735.0,1049,882,0.1219,0.000336
2026-08-12 13:03:28,SPX,7752.9,7732.15,7775.0,2519,395,0.1243,0.000336
2026-08-12 13:03:28,SPX,7752.9,7732.15,7730.0,1059,1629,0.1282,0.000336
2026-08-12 13:03:28,SPX,7752.9,7732.15,7780.0,3351,214,0.1336,0.000336
2026-08-12 13:03:28,SPX,7752.9,7732.15,7725.0,1615,2330,0.1353,0.000336
2026-08-12 13:03:28,SPX,7752.9,7732.15,7785.0,2268,109,0.144,0.000336
2026-08-12 13:03:28,SPX,7752.9,7732.15,7720.0,551,1062,0.1443,0.000336
2026-08-12 13:03:28,SPX,7752.9,7732.15,7790.0,1362,291,0.1538,0.000336
2026-08-12 13:03:28,SPX,7752.9,7732.15,7715.0,284,776,0.153,0.000336
2026-08-12 13:03:28,SPX,7752.9,7732.15,7795.0,1083,47,0.1648,0.000336
2026-08-12 13:03:28,SPX,7752.9,7732.15,7710.0,333,1261,0.1619,0.000336
2026-08-12 13:03:28,SPX,7752.9,7732.15,7800.0,6256,513,0.1773,0.000336
2026-08-12 13:03:28,SPX,7752.9,7732.15,7705.0,102,772,0.1691,0.000336
2026-08-12 13:03:28,SPX,7752.9,7732.15,7805.0,1015,67,0.1895,0.000336
2026-08-12 13:03:28,SPX,7752.9,7732.15,7700.0,1143,4286,0.1823,0.000336
2026-08-12 13:03:28,SPX,7752.9,7732.15,7810.0,7197,25,0.1992,0.000336
2026-08-12 13:03:28,SPX,7752.9,7732.15,7695.0,170,1271,0.1944,0.000336
2026-08-12 13:03:28,SPX,7752.9,7732.15,7815.0,1098,22,0.2077,0.000336
2026-08-12 13:03:28,SPX,7752.9,7732.15,7690.0,207,2891,0.2063,0.000336
2026-08-12 13:03:28,SPX,7752.9,7732.15,7820.0,4265,36,0.2161,0.000336
2026-08-12 13:03:28,SPX,7752.9,7732.15,7685.0,66,1433,0.2172,0.000336
2026-08-12 13:03:28,SPX,7752.9,7732.15,7825.0,2215,21,0.2246,0.000336
2026-08-12 13:03:28,SPX,7752.9,7732.15,7680.0,187,1331,0.2291,0.000336
2026-08-12 13:03:28,SPX,7752.9,7732.15,7830.0,1247,75,0.2339,0.000336
2026-08-12 13:03:28,SPX,7752.9,7732.15,7675.0,934,3985,0.2405,0.000336
2026-08-12 13:03:28,SPX,7752.9,7732.15,7835.0,837,25,0.2444,0.000336
2026-08-12 13:03:28,SPX,7752.9,7732.15,7670.0,374,2792,0.2511,0.000336
2026-08-12 13:03:28,SPX,7752.9,7732.15,7840.0,2578,7,0.2559,0.000336
2026-08-12 13:03:28,SPX,7752.9,7732.15,7665.0,194,1042,0.2614,0.000336
2026-08-12 13:03:28,SPX,7752.9,7732.15,7845.0,898,62,0.2679,0.000336
2026-08-12 13:03:28,SPX,7752.9,7732.15,7660.0,369,1624,0.2722,0.000336
2026-08-12 13:03:28,SPX,7752.9,7732.15,7850.0,5638,107,0.28,0.000336
2026-08-12 13:03:28,SPX,7752.9,7732.15,7655.0,162,968,0.2835,0.000336
2026-08-12 13:03:28,SPX,7752.9,7732.15,7855.0,1352,33,0.2923,0.000336
2026-08-12 13:03:28,SPX,7752.9,7732.15,7650.0,1239,7403,0.2954,0.000336
2026-08-12 13:03:28,SPX,7752.9,7732.15,7860.0,1358,11,0.3048,0.000336
2026-08-12 13:03:28,SPX,7752.9,7732.15,7645.0,85,3253,0.3076,0.000336
2026-08-12 13:03:28,SPX,7752.9,7732.15,7865.0,944,4,0.3174,0.000336
2026-08-12 13:03:28,SPX,7752.9,7732.15,7640.0,178,2301,0.3201,0.000336
2026-08-12 13:03:28,SPX,7752.9,7732.15,7870.0,908,15,0.3301,0.000336
2026-08-12 13:03:28,SPX,7752.9,7732.15,7635.0,128,1169,0.3327,0.000336
2026-08-12 13:03:28,SPX,7752.9,7732.15,7875.0,1429,217,0.3424,0.000336
2026-08-12 13:03:28,SPX,7752.9,7732.15,7630.0,331,3045,0.3454,0.000336
2026-08-12 13:03:28,SPX,7752.9,7732.15,7755.0,301,191,0.1106,0.003073
2026-08-12 13:03:28,SPX,7752.9,7732.15,7750.0,1116,874,0.1122,0.003073
2026-08-12 13:03:28,SPX,7752.9,7732.15,7760.0,847,274,0.11,0.003073
2026-08-12 13:03:28,SPX,7752.9,7732.15,7745.0,216,233,0.1118,0.003073
2026-08-12 13:03:28,SPX,7752.9,7732.15,7765.0,417,148,0.1095,0.003073
2026-08-12 13:03:28,SPX,7752.9,7732.15,7740.0,562,242,0.113,0.003073
2026-08-12 13:03:28,SPX,7752.9,7732.15,7770.0,375,107,0.1095,0.003073
2026-08-12 13:03:28,SPX,7752.9,7732.15,7735.0,256,387,0.1147,0.003073
2026-08-12 13:03:28,SPX,7752.9,7732.15,7775.0,663,87,0.1096,0.003073
2026-08-12 13:03:28,SPX,7752.9,7732.15,7730.0,155,384,0.1156,0.003073
2026-08-12 13:03:28,SPX,7752.9,7732.15,7780.0,286,67,0.1097,0.003073
2026-08-12 13:03:28,SPX,7752.9,7732.15,7725.0,568,604,0.1171,0.003073
2026-08-12 13:03:28,SPX,7752.9,7732.15,7785.0,255,43,0.11,0.003073
2026-08-12 13:03:28,SPX,7752.9,7732.15,7720.0,267,438,0.117,0.003073
2026-08-12 13:03:28,SPX,7752.9,7732.15,7790.0,320,101,0.1104,0.003073
2026-08-12 13:03:28,SPX,7752.9,7732.15,7715.0,134,174,0.1194,0.003073
2026-08-12 13:03:28,SPX,7752.9,7732.15,7795.0,287,15,0.1106,0.003073
2026-08-12 13:03:28,SPX,7752.9,7732.15,7710.0,190,212,0.1202,0.003073
2026-08-12 13:03:28,SPX,7752.9,7732.15,7800.0,1572,467,0.1113,0.003073
2026-08-12 13:03:28,SPX,7752.9,7732.15,7705.0,79,337,0.1216,0.003073
2026-08-12 13:03:28,SPX,7752.9,7732.15,7805.0,223,25,0.1116,0.003073
2026-08-12 13:03:28,SPX,7752.9,7732.15,7700.0,813,796,0.1232,0.003073
2026-08-12 13:03:28,SPX,7752.9,7732.15,7810.0,1068,30,0.112,0.003073
2026-08-12 13:03:28,SPX,7752.9,7732.15,7695.0,184,171,0.1249,0.003073
2026-08-12 13:03:28,SPX,7752.9,7732.15,7815.0,414,31,0.1127,0.003073
2026-08-12 13:03:28,SPX,7752.9,7732.15,7690.0,131,209,0.1263,0.003073
2026-08-12 13:03:28,SPX,7752.9,7732.15,7820.0,1829,3,0.1138,0.003073
2026-08-12 13:03:28,SPX,7752.9,7732.15,7685.0,22,342,0.1287,0.003073
2026-08-12 13:03:28,SPX,7752.9,7732.15,7825.0,829,84,0.1154,0.003073
2026-08-12 13:03:28,SPX,7752.9,7732.15,7680.0,474,329,0.1312,0.003073
2026-08-12 13:03:28,SPX,7752.9,7732.15,7830.0,927,21,0.1172,0.003073
2026-08-12 13:03:28,SPX,7752.9,7732.15,7675.0,616,464,0.1328,0.003073
2026-08-12 13:03:28,SPX,7752.9,7732.15,7835.0,305,10,0.1191,0.003073
2026-08-12 13:03:28,SPX,7752.9,7732.15,7670.0,355,475,0.1342,0.003073
2026-08-12 13:03:28,SPX,7752.9,7732.15,7840.0,293,9,0.1209,0.003073
2026-08-12 13:03:28,SPX,7752.9,7732.15,7665.0,58,164,0.1357,0.003073
2026-08-12 13:03:28,SPX,7752.9,7732.15,7845.0,224,1,0.1227,0.003073
2026-08-12 13:03:28,SPX,7752.9,7732.15,7660.0,378,1549,0.1376,0.003073
2026-08-12 13:03:28,SPX,7752.9,7732.15,7850.0,953,2,0.1244,0.003073
2026-08-12 13:03:28,SPX,7752.9,7732.15,7655.0,14,252,0.1395,0.003073
2026-08-12 13:03:28,SPX,7752.9,7732.15,7855.0,201,2,0.1263,0.003073
2026-08-12 13:03:28,SPX,7752.9,7732.15,7650.0,268,727,0.1417,0.003073
2026-08-12 13:03:28,SPX,7752.9,7732.15,7860.0,429,3,0.1283,0.003073
2026-08-12 13:03:28,SPX,7752.9,7732.15,7645.0,29,269,0.1442,0.003073
2026-08-12 13:03:28,SPX,7752.9,7732.15,7865.0,325,0,0.1306,0.003073
2026-08-12 13:03:28,SPX,7752.9,7732.15,7640.0,231,365,0.1476,0.003073
2026-08-12 13:03:28,SPX,7752.9,7732.15,7870.0,347,26,0.1331,0.003073
2026-08-12 13:03:28,SPX,7752.9,7732.15,7635.0,43,113,0.1505,0.003073
2026-08-12 13:03:28,SPX,7752.9,7732.15,7875.0,1822,0,0.1358,0.003073
2026-08-12 13:03:28,SPX,7752.9,7732.15,7630.0,107,270,0.1516,0.003073
2026-08-12 13:03:28,SPX,7752.9,7732.15,7755.0,1771,483,0.1119,0.005811
2026-08-12 13:03:28,SPX,7752.9,7732.15,7750.0,5226,3108,0.112,0.005811
2026-08-12 13:03:28,SPX,7752.9,7732.15,7760.0,1189,728,0.1112,0.005811
2026-08-12 13:03:28,SPX,7752.9,7732.15,7745.0,2248,2193,0.113,0.005811
2026-08-12 13:03:28,SPX,7752.9,7732.15,7765.0,373,419,0.1107,0.005811
2026-08-12 13:03:28,SPX,7752.9,7732.15,7740.0,878,878,0.1137,0.005811
2026-08-12 13:03:28,SPX,7752.9,7732.15,7770.0,942,430,0.1102,0.005811
2026-08-12 13:03:28,SPX,7752.9,7732.15,7735.0,612,488,0.1142,0.005811
2026-08-12 13:03:28,SPX,7752.9,7732.15,7775.0,2259,514,0.1099,0.005811
2026-08-12 13:03:28,SPX,7752.9,7732.15,7730.0,918,701,0.1151,0.005811
2026-08-12 13:03:28,SPX,7752.9,7732.15,7780.0,1362,103,0.1096,0.005811
2026-08-12 13:03:28,SPX,7752.9,7732.15,7725.0,2747,2415,0.1158,0.005811
2026-08-12 13:03:28,SPX,7752.9,7732.15,7785.0,589,76,0.1095,0.005811
2026-08-12 13:03:28,SPX,7752.9,7732.15,7720.0,595,816,0.1169,0.005811
2026-08-12 13:03:28,SPX,7752.9,7732.15,7790.0,867,152,0.1094,0.005811
2026-08-12 13:03:28,SPX,7752.9,7732.15,7715.0,226,523,0.1178,0.005811
2026-08-12 13:03:28,SPX,7752.9,7732.15,7795.0,631,54,0.1094,0.005811
2026-08-12 13:03:28,SPX,7752.9,7732.15,7710.0,1000,1068,0.1186,0.005811
2026-08-12 13:03:28,SPX,7752.9,7732.15,7800.0,6379,446,0.1095,0.005811
2026-08-12 13:03:28,SPX,7752.9,7732.15,7705.0,162,754,0.1198,0.005811
2026-08-12 13:03:28,SPX,7752.9,7732.15,7805.0,557,21,0.1098,0.005811
2026-08-12 13:03:28,SPX,7752.9,7732.15,7700.0,3212,4667,0.121,0.005811
2026-08-12 13:03:28,SPX,7752.9,7732.15,7810.0,2375,95,0.1098,0.005811
2026-08-12 13:03:28,SPX,7752.9,7732.15,7695.0,198,607,0.123,0.005811
2026-08-12 13:03:28,SPX,7752.9,7732.15,7815.0,484,19,0.1096,0.005811
2026-08-12 13:03:28,SPX,7752.9,7732.15,7690.0,435,850,0.1233,0.005811
2026-08-12 13:03:28,SPX,7752.9,7732.15,7820.0,1818,80,0.1096,0.005811
2026-08-12 13:03:28,SPX,7752.9,7732.15,7685.0,177,638,0.1245,0.005811
2026-08-12 13:03:28,SPX,7752.9,7732.15,7825.0,2450,32,0.1099,0.005811
2026-08-12 13:03:28,SPX,7752.9,7732.15,7680.0,637,905,0.1256,0.005811
2026-08-12 13:03:28,SPX,7752.9,7732.15,7830.0,2991,31,0.1104,0.005811
2026-08-12 13:03:28,SPX,7752.9,7732.15,7675.0,1223,3392,0.1278,0.005811
2026-08-12 13:03:28,SPX,7752.9,7732.15,7835.0,933,9,0.1112,0.005811
2026-08-12 13:03:28,SPX,7752.9,7732.15,7670.0,493,982,0.1283,0.005811
2026-08-12 13:03:28,SPX,7752.9,7732.15,7840.0,1946,31,0.1121,0.005811
2026-08-12 13:03:28,SPX,7752.9,7732.15,7665.0,68,1152,0.1303,0.005811
2026-08-12 13:03:28,SPX,7752.9,7732.15,7845.0,1720,51,0.1129,0.005811
2026-08-12 13:03:28,SPX,7752.9,7732.15,7660.0,369,1076,0.1318,0.005811
2026-08-12 13:03:28,SPX,7752.9,7732.15,7850.0,5091,70,0.1137,0.005811
2026-08-12 13:03:28,SPX,7752.9,7732.15,7655.0,190,481,0.133,0.005811
2026-08-12 13:03:28,SPX,7752.9,7732.15,7855.0,666,8,0.1145,0.005811
2026-08-12 13:03:28,SPX,7752.9,7732.15,7650.0,2424,2597,0.134,0.005811
2026-08-12 13:03:28,SPX,7752.9,7732.15,7860.0,1991,18,0.1153,0.005811
2026-08-12 13:03:28,SPX,7752.9,7732.15,7645.0,115,964,0.1357,0.005811
2026-08-12 13:03:28,SPX,7752.9,7732.15,7865.0,695,1,0.1161,0.005811
2026-08-12 13:03:28,SPX,7752.9,7732.15,7640.0,941,2908,0.1379,0.005811
2026-08-12 13:03:28,SPX,7752.9,7732.15,7870.0,1864,13,0.1169,0.005811
2026-08-12 13:03:28,SPX,7752.9,7732.15,7635.0,212,991,0.1395,0.005811
2026-08-12 13:03:28,SPX,7752.9,7732.15,7875.0,2080,17,0.1179,0.005811
2026-08-12 13:03:28,SPX,7752.9,7732.15,7630.0,327,508,0.1417,0.005811
2026-08-12 13:33:40,SPX,7752.2,7732.82,7750.0,1953,1266,0.1004,0.000278
2026-08-12 13:33:40,SPX,7752.2,7732.82,7755.0,1121,677,0.1003,0.000278
2026-08-12 13:33:40,SPX,7752.2,7732.82,7745.0,1087,633,0.1031,0.000278
2026-08-12 13:33:40,SPX,7752.2,7732.82,7760.0,1773,955,0.1019,0.000278
2026-08-12 13:33:40,SPX,7752.2,7732.82,7740.0,919,676,0.1073,0.000278
2026-08-12 13:33:40,SPX,7752.2,7732.82,7765.0,1106,440,0.1071,0.000278
2026-08-12 13:33:40,SPX,7752.2,7732.82,7735.0,1049,882,0.1128,0.000278
2026-08-12 13:33:40,SPX,7752.2,7732.82,7770.0,1311,332,0.1137,0.000278
2026-08-12 13:33:40,SPX,7752.2,7732.82,7730.0,1059,1629,0.1207,0.000278
2026-08-12 13:33:40,SPX,7752.2,7732.82,7775.0,2519,395,0.1241,0.000278
2026-08-12 13:33:40,SPX,7752.2,7732.82,7725.0,1615,2330,0.1303,0.000278
2026-08-12 13:33:40,SPX,7752.2,7732.82,7780.0,3351,214,0.1363,0.000278
2026-08-12 13:33:40,SPX,7752.2,7732.82,7720.0,551,1062,0.1393,0.000278
2026-08-12 13:33:40,SPX,7752.2,7732.82,7785.0,2268,109,0.1478,0.000278
2026-08-12 13:33:40,SPX,7752.2,7732.82,7715.0,284,776,0.1484,0.000278
2026-08-12 13:33:40,SPX,7752.2,7732.82,7790.0,1362,291,0.1598,0.000278
2026-08-12 13:33:40,SPX,7752.2,7732.82,7710.0,333,1261,0.1612,0.000278
2026-08-12 13:33:40,SPX,7752.2,7732.82,7795.0,1083,47,0.171,0.000278
2026-08-12 13:33:40,SPX,7752.2,7732.82,7705.0,102,772,0.1765,0.000278
2026-08-12 13:33:40,SPX,7752.2,7732.82,7800.0,6256,513,0.1808,0.000278
2026-08-12 13:33:40,SPX,7752.2,7732.82,7700.0,1143,4286,0.1877,0.000278
2026-08-12 13:33:40,SPX,7752.2,7732.82,7805.0,1015,67,0.1911,0.000278
2026-08-12 13:33:40,SPX,7752.2,7732.82,7695.0,170,1271,0.1998,0.000278
2026-08-12 13:33:40,SPX,7752.2,7732.82,7810.0,7197,25,0.2021,0.000278
2026-08-12 13:33:40,SPX,7752.2,7732.82,7690.0,207,2891,0.2146,0.000278
2026-08-12 13:33:40,SPX,7752.2,7732.82,7815.0,1098,22,0.2143,0.000278
2026-08-12 13:33:40,SPX,7752.2,7732.82,7685.0,66,1433,0.2294,0.000278
2026-08-12 13:33:40,SPX,7752.2,7732.82,7820.0,4265,36,0.2275,0.000278
2026-08-12 13:33:40,SPX,7752.2,7732.82,7680.0,187,1331,0.242,0.000278
2026-08-12 13:33:40,SPX,7752.2,7732.82,7825.0,2215,21,0.2412,0.000278
2026-08-12 13:33:40,SPX,7752.2,7732.82,7675.0,934,3985,0.2533,0.000278
2026-08-12 13:33:40,SPX,7752.2,7732.82,7830.0,1247,75,0.2551,0.000278
2026-08-12 13:33:40,SPX,7752.2,7732.82,7670.0,374,2792,0.2647,0.000278
2026-08-12 13:33:40,SPX,7752.2,7732.82,7835.0,837,25,0.2689,0.000278
2026-08-12 13:33:40,SPX,7752.2,7732.82,7665.0,194,1042,0.2768,0.000278
2026-08-12 13:33:40,SPX,7752.2,7732.82,7840.0,2578,7,0.2825,0.000278
2026-08-12 13:33:40,SPX,7752.2,7732.82,7660.0,369,1624,0.2898,0.000278
2026-08-12 13:33:40,SPX,7752.2,7732.82,7845.0,898,62,0.2958,0.000278
2026-08-12 13:33:40,SPX,7752.2,7732.82,7655.0,162,968,0.3035,0.000278
2026-08-12 13:33:40,SPX,7752.2,7732.82,7850.0,5638,107,0.3085,0.000278
2026-08-12 13:33:40,SPX,7752.2,7732.82,7650.0,1239,7403,0.3176,0.000278
2026-08-12 13:33:40,SPX,7752.2,7732.82,7855.0,1352,33,0.3204,0.000278
2026-08-12 13:33:40,SPX,7752.2,7732.82,7645.0,85,3253,0.3319,0.000278
2026-08-12 13:33:40,SPX,7752.2,7732.82,7860.0,1358,11,0.3311,0.000278
2026-08-12 13:33:40,SPX,7752.2,7732.82,7640.0,178,2301,0.346,0.000278
2026-08-12 13:33:40,SPX,7752.2,7732.82,7865.0,944,4,0.3404,0.000278
2026-08-12 13:33:40,SPX,7752.2,7732.82,7635.0,128,1169,0.36,0.000278
2026-08-12 13:33:40,SPX,7752.2,7732.82,7870.0,908,15,0.3481,0.000278
2026-08-12 13:33:40,SPX,7752.2,7732.82,7630.0,331,3045,0.3738,0.000278
2026-08-12 13:33:40,SPX,7752.2,7732.82,7875.0,1429,217,0.3542,0.000278
2026-08-12 13:33:40,SPX,7752.2,7732.82,7750.0,1116,874,0.1095,0.003016
2026-08-12 13:33:40,SPX,7752.2,7732.82,7755.0,301,191,0.1089,0.003016
2026-08-12 13:33:40,SPX,7752.2,7732.82,7745.0,216,233,0.1105,0.003016
2026-08-12 13:33:40,SPX,7752.2,7732.82,7760.0,847,274,0.1084,0.003016
2026-08-12 13:33:40,SPX,7752.2,7732.82,7740.0,562,242,0.1116,0.003016
2026-08-12 13:33:40,SPX,7752.2,7732.82,7765.0,417,148,0.1078,0.003016
2026-08-12 13:33:40,SPX,7752.2,7732.82,7735.0,256,387,0.1123,0.003016
2026-08-12 13:33:40,SPX,7752.2,7732.82,7770.0,375,107,0.1077,0.003016
2026-08-12 13:33:40,SPX,7752.2,7732.82,7730.0,155,384,0.1138,0.003016
2026-08-12 13:33:40,SPX,7752.2,7732.82,7775.0,663,87,0.1076,0.003016
2026-08-12 13:33:40,SPX,7752.2,7732.82,7725.0,568,604,0.1154,0.003016
2026-08-12 13:33:40,SPX,7752.2,7732.82,7780.0,286,67,0.108,0.003016
2026-08-12 13:33:40,SPX,7752.2,7732.82,7720.0,267,438,0.1168,0.003016
2026-08-12 13:33:40,SPX,7752.2,7732.82,7785.0,255,43,0.1081,0.003016
2026-08-12 13:33:40,SPX,7752.2,7732.82,7715.0,134,174,0.118,0.003016
2026-08-12 13:33:40,SPX,7752.2,7732.82,7790.0,320,101,0.1083,0.003016
2026-08-12 13:33:40,SPX,7752.2,7732.82,7710.0,190,212,0.1197,0.003016
2026-08-12 13:33:40,SPX,7752.2,7732.82,7795.0,287,15,0.1082,0.003016
2026-08-12 13:33:40,SPX,7752.2,7732.82,7705.0,79,337,0.1208,0.003016
2026-08-12 13:33:40,SPX,7752.2,7732.82,7800.0,1572,467,0.1084,0.003016
2026-08-12 13:33:40,SPX,7752.2,7732.82,7700.0,813,796,0.1223,0.003016
2026-08-12 13:33:40,SPX,7752.2,7732.82,7805.0,223,25,0.109,0.003016
2026-08-12 13:33:40,SPX,7752.2,7732.82,7695.0,184,171,0.1236,0.003016
2026-08-12 13:33:40,SPX,7752.2,7732.82,7810.0,1068,30,0.1103,0.003016
2026-08-12 13:33:40,SPX,7752.2,7732.82,7690.0,131,209,0.1263,0.003016
2026-08-12 13:33:40,SPX,7752.2,7732.82,7815.0,414,31,0.1118,0.003016
2026-08-12 13:33:40,SPX,7752.2,7732.82,7685.0,22,342,0.1271,0.003016
2026-08-12 13:33:40,SPX,7752.2,7732.82,7820.0,1829,3,0.1134,0.003016
2026-08-12 13:33:40,SPX,7752.2,7732.82,7680.0,474,329,0.1286,0.003016
2026-08-12 13:33:40,SPX,7752.2,7732.82,7825.0,829,84,0.1149,0.003016
2026-08-12 13:33:40,SPX,7752.2,7732.82,7675.0,616,464,0.1311,0.003016
2026-08-12 13:33:40,SPX,7752.2,7732.82,7830.0,927,21,0.1164,0.003016
2026-08-12 13:33:40,SPX,7752.2,7732.82,7670.0,355,475,0.1333,0.003016
2026-08-12 13:33:40,SPX,7752.2,7732.82,7835.0,305,10,0.118,0.003016
2026-08-12 13:33:40,SPX,7752.2,7732.82,7665.0,58,164,0.1351,0.003016
2026-08-12 13:33:40,SPX,7752.2,7732.82,7840.0,293,9,0.1196,0.003016
2026-08-12 13:33:40,SPX,7752.2,7732.82,7660.0,378,1549,0.1361,0.003016
2026-08-12 13:33:40,SPX,7752.2,7732.82,7845.0,224,1,0.1214,0.003016
2026-08-12 13:33:40,SPX,7752.2,7732.82,7655.0,14,252,0.1385,0.003016
2026-08-12 13:33:40,SPX,7752.2,7732.82,7850.0,953,2,0.1235,0.003016
2026-08-12 13:33:40,SPX,7752.2,7732.82,7650.0,268,727,0.1418,0.003016
2026-08-12 13:33:40,SPX,7752.2,7732.82,7855.0,201,2,0.1259,0.003016
2026-08-12 13:33:40,SPX,7752.2,7732.82,7645.0,29,269,0.1437,0.003016
2026-08-12 13:33:40,SPX,7752.2,7732.82,7860.0,429,3,0.1285,0.003016
2026-08-12 13:33:40,SPX,7752.2,7732.82,7640.0,231,365,0.1473,0.003016
2026-08-12 13:33:40,SPX,7752.2,7732.82,7865.0,325,0,0.1314,0.003016
2026-08-12 13:33:40,SPX,7752.2,7732.82,7635.0,43,113,0.1488,0.003016
2026-08-12 13:33:40,SPX,7752.2,7732.82,7870.0,347,26,0.1345,0.003016
2026-08-12 13:33:40,SPX,7752.2,7732.82,7630.0,107,270,0.1508,0.003016
2026-08-12 13:33:40,SPX,7752.2,7732.82,7875.0,1822,0,0.1377,0.003016
2026-08-12 13:33:40,SPX,7752.2,7732.82,7750.0,5226,3108,0.1112,0.005754
2026-08-12 13:33:40,SPX,7752.2,7732.82,7755.0,1771,483,0.1104,0.005754
2026-08-12 13:33:40,SPX,7752.2,7732.82,7745.0,2248,2193,0.1115,0.005754
2026-08-12 13:33:40,SPX,7752.2,7732.82,7760.0,1189,728,0.1099,0.005754
2026-08-12 13:33:40,SPX,7752.2,7732.82,7740.0,878,878,0.1122,0.005754
2026-08-12 13:33:40,SPX,7752.2,7732.82,7765.0,373,419,0.1092,0.005754
2026-08-12 13:33:40,SPX,7752.2,7732.82,7735.0,612,488,0.1132,0.005754
2026-08-12 13:33:40,SPX,7752.2,7732.82,7770.0,942,430,0.1087,0.005754
2026-08-12 13:33:40,SPX,7752.2,7732.82,7730.0,918,701,0.1146,0.005754
2026-08-12 13:33:40,SPX,7752.2,7732.82,7775.0,2259,514,0.1084,0.005754
2026-08-12 13:33:40,SPX,7752.2,7732.82,7725.0,2747,2415,0.1149,0.005754
2026-08-12 13:33:40,SPX,7752.2,7732.82,7780.0,1362,103,0.1082,0.005754
2026-08-12 13:33:40,SPX,7752.2,7732.82,7720.0,595,816,0.1159,0.005754
2026-08-12 13:33:40,SPX,7752.2,7732.82,7785.0,589,76,0.1079,0.005754
2026-08-12 13:33:40,SPX,7752.2,7732.82,7715.0,226,523,0.1171,0.005754
2026-08-12 13:33:40,SPX,7752.2,7732.82,7790.0,867,152,0.1079,0.005754
2026-08-12 13:33:40,SPX,7752.2,7732.82,7710.0,1000,1068,0.1177,0.005754
2026-08-12 13:33:40,SPX,7752.2,7732.82,7795.0,631,54,0.108,0.005754
2026-08-12 13:33:40,SPX,7752.2,7732.82,7705.0,162,754,0.1187,0.005754
2026-08-12 13:33:40,SPX,7752.2,7732.82,7800.0,6379,446,0.1084,0.005754
2026-08-12 13:33:40,SPX,7752.2,7732.82,7700.0,3212,4667,0.1204,0.005754
2026-08-12 13:33:40,SPX,7752.2,7732.82,7805.0,557,21,0.1085,0.005754
2026-08-12 13:33:40,SPX,7752.2,7732.82,7695.0,198,607,0.1211,0.005754
2026-08-12 13:33:40,SPX,7752.2,7732.82,7810.0,2375,95,0.1085,0.005754
2026-08-12 13:33:40,SPX,7752.2,7732.82,7690.0,435,850,0.1222,0.005754
2026-08-12 13:33:40,SPX,7752.2,7732.82,7815.0,484,19,0.1084,0.005754
2026-08-12 13:33:40,SPX,7752.2,7732.82,7685.0,177,638,0.1234,0.005754
2026-08-12 13:33:40,SPX,7752.2,7732.82,7820.0,1818,80,0.1084,0.005754
2026-08-12 13:33:40,SPX,7752.2,7732.82,7680.0,637,905,0.1249,0.005754
2026-08-12 13:33:40,SPX,7752.2,7732.82,7825.0,2450,32,0.1086,0.005754
2026-08-12 13:33:40,SPX,7752.2,7732.82,7675.0,1223,3392,0.1266,0.005754
2026-08-12 13:33:40,SPX,7752.2,7732.82,7830.0,2991,31,0.109,0.005754
2026-08-12 13:33:40,SPX,7752.2,7732.82,7670.0,493,982,0.1273,0.005754
2026-08-12 13:33:40,SPX,7752.2,7732.82,7835.0,933,9,0.1096,0.005754
2026-08-12 13:33:40,SPX,7752.2,7732.82,7665.0,68,1152,0.1291,0.005754
2026-08-12 13:33:40,SPX,7752.2,7732.82,7840.0,1946,31,0.1103,0.005754
2026-08-12 13:33:40,SPX,7752.2,7732.82,7660.0,369,1076,0.1308,0.005754
2026-08-12 13:33:40,SPX,7752.2,7732.82,7845.0,1720,51,0.111,0.005754
2026-08-12 13:33:40,SPX,7752.2,7732.82,7655.0,190,481,0.1327,0.005754
2026-08-12 13:33:40,SPX,7752.2,7732.82,7850.0,5091,70,0.1119,0.005754
2026-08-12 13:33:40,SPX,7752.2,7732.82,7650.0,2424,2597,0.1345,0.005754
2026-08-12 13:33:40,SPX,7752.2,7732.82,7855.0,666,8,0.1129,0.005754
2026-08-12 13:33:40,SPX,7752.2,7732.82,7645.0,115,964,0.1361,0.005754
2026-08-12 13:33:40,SPX,7752.2,7732.82,7860.0,1991,18,0.1139,0.005754
2026-08-12 13:33:40,SPX,7752.2,7732.82,7640.0,941,2908,0.1373,0.005754
2026-08-12 13:33:40,SPX,7752.2,7732.82,7865.0,695,1,0.1149,0.005754
2026-08-12 13:33:40,SPX,7752.2,7732.82,7635.0,212,991,0.1387,0.005754
2026-08-12 13:33:40,SPX,7752.2,7732.82,7870.0,1864,13,0.1159,0.005754
2026-08-12 13:33:40,SPX,7752.2,7732.82,7630.0,327,508,0.1402,0.005754
2026-08-12 13:33:40,SPX,7752.2,7732.82,7875.0,2080,17,0.117,0.005754
2026-08-12 14:03:54,SPX,7751.08,7733.51,7750.0,1953,1266,0.0895,0.000221
2026-08-12 14:03:54,SPX,7751.08,7733.51,7755.0,1121,677,0.089,0.000221
2026-08-12 14:03:54,SPX,7751.08,7733.51,7745.0,1087,633,0.0928,0.000221
2026-08-12 14:03:54,SPX,7751.08,7733.51,7760.0,1773,955,0.0924,0.000221
2026-08-12 14:03:54,SPX,7751.08,7733.51,7740.0,919,676,0.0995,0.000221
2026-08-12 14:03:54,SPX,7751.08,7733.51,7765.0,1106,440,0.0995,0.000221
2026-08-12 14:03:54,SPX,7751.08,7733.51,7735.0,1049,882,0.1077,0.000221
2026-08-12 14:03:54,SPX,7751.08,7733.51,7770.0,1311,332,0.1096,0.000221
2026-08-12 14:03:54,SPX,7751.08,7733.51,7730.0,1059,1629,0.1199,0.000221
2026-08-12 14:03:54,SPX,7751.08,7733.51,7775.0,2519,395,0.1235,0.000221
2026-08-12 14:03:54,SPX,7751.08,7733.51,7725.0,1615,2330,0.1319,0.000221
2026-08-12 14:03:54,SPX,7751.08,7733.51,7780.0,3351,214,0.1383,0.000221
2026-08-12 14:03:54,SPX,7751.08,7733.51,7720.0,551,1062,0.1463,0.000221
2026-08-12 14:03:54,SPX,7751.08,7733.51,7785.0,2268,109,0.1522,0.000221
2026-08-12 14:03:54,SPX,7751.08,7733.51,7715.0,284,776,0.1577,0.000221
2026-08-12 14:03:54,SPX,7751.08,7733.51,7790.0,1362,291,0.1663,0.000221
2026-08-12 14:03:54,SPX,7751.08,7733.51,7710.0,333,1261,0.175,0.000221
2026-08-12 14:03:54,SPX,7751.08,7733.51,7795.0,1083,47,0.1796,0.000221
2026-08-12 14:03:54,SPX,7751.08,7733.51,7705.0,102,772,0.1895,0.000221
2026-08-12 14:03:54,SPX,7751.08,7733.51,7800.0,6256,513,0.1922,0.000221
2026-08-12 14:03:54,SPX,7751.08,7733.51,7700.0,1143,4286,0.2059,0.000221
2026-08-12 14:03:54,SPX,7751.08,7733.51,7805.0,1015,67,0.2057,0.000221
2026-08-12 14:03:54,SPX,7751.08,7733.51,7695.0,170,1271,0.2271,0.000221
2026-08-12 14:03:54,SPX,7751.08,7733.51,7810.0,7197,25,0.2203,0.000221
2026-08-12 14:03:54,SPX,7751.08,7733.51,7690.0,207,2891,0.2402,0.000221
2026-08-12 14:03:54,SPX,7751.08,7733.51,7815.0,1098,22,0.2357,0.000221
2026-08-12 14:03:54,SPX,7751.08,7733.51,7685.0,66,1433,0.2485,0.000221
2026-08-12 14:03:54,SPX,7751.08,7733.51,7820.0,4265,36,0.2515,0.000221
2026-08-12 14:03:54,SPX,7751.08,7733.51,7680.0,187,1331,0.2548,0.000221
2026-08-12 14:03:54,SPX,7751.08,7733.51,7825.0,2215,21,0.2671,0.000221
2026-08-12 14:03:54,SPX,7751.08,7733.51,7675.0,934,3985,0.2641,0.000221
2026-08-12 14:03:54,SPX,7751.08,7733.51,7830.0,1247,75,0.2824,0.000221
2026-08-12 14:03:54,SPX,7751.08,7733.51,7670.0,374,2792,0.2771,0.000221
2026-08-12 14:03:54,SPX,7751.08,7733.51,7835.0,837,25,0.2974,0.000221
2026-08-12 14:03:54,SPX,7751.08,7733.51,7665.0,194,1042,0.293,0.000221
2026-08-12 14:03:54,SPX,7751.08,7733.51,7840.0,2578,7,0.3121,0.000221
2026-08-12 14:03:54,SPX,7751.08,7733.51,7660.0,369,1624,0.3109,0.000221
2026-08-12 14:03:54,SPX,7751.08,7733.51,7845.0,898,62,0.3262,0.000221
2026-08-12 14:03:54,SPX,7751.08,7733.51,7655.0,162,968,0.33,0.000221
2026-08-12 14:03:54,SPX,7751.08,7733.51,7850.0,5638,107,0.339,0.000221
2026-08-12 14:03:54,SPX,7751.08,7733.51,7650.0,1239,7403,0.3494,0.000221
2026-08-12 14:03:54,SPX,7751.08,7733.51,7855.0,1352,33,0.35,0.000221
2026-08-12 14:03:54,SPX,7751.08,7733.51,7645.0,85,3253,0.3685,0.000221
2026-08-12 14:03:54,SPX,7751.08,7733.51,7860.0,1358,11,0.359,0.000221
2026-08-12 14:03:54,SPX,7751.08,7733.51,7640.0,178,2301,0.3868,0.000221
2026-08-12 14:03:54,SPX,7751.08,7733.51,7865.0,944,4,0.3661,0.000221
2026-08-12 14:03:54,SPX,7751.08,7733.51,7635.0,128,1169,0.4042,0.000221
2026-08-12 14:03:54,SPX,7751.08,7733.51,7870.0,908,15,0.3713,0.000221
2026-08-12 14:03:54,SPX,7751.08,7733.51,7630.0,331,3045,0.4207,0.000221
2026-08-12 14:03:54,SPX,7751.08,7733.51,7875.0,1429,217,0.3747,0.000221
2026-08-12 14:03:54,SPX,7751.08,7733.51,7750.0,1116,874,0.1073,0.002959
2026-08-12 14:03:54,SPX,7751.08,7733.51,7755.0,301,191,0.1067,0.002959
2026-08-12 14:03:54,SPX,7751.08,7733.51,7745.0,216,233,0.1081,0.002959
2026-08-12 14:03:54,SPX,7751.08,7733.51,7760.0,847,274,0.1059,0.002959
2026-08-12 14:03:54,SPX,7751.08,7733.51,7740.0,562,242,0.1087,0.002959
2026-08-12 14:03:54,SPX,7751.08,7733.51,7765.0,417,148,0.1055,0.002959
2026-08-12 14:03:54,SPX,7751.08,7733.51,7735.0,256,387,0.1108,0.002959
2026-08-12 14:03:54,SPX,7751.08,7733.51,7770.0,375,107,0.1055,0.002959
2026-08-12 14:03:54,SPX,7751.08,7733.51,7730.0,155,384,0.1117,0.002959
2026-08-12 14:03:54,SPX,7751.08,7733.51,7775.0,663,87,0.1051,0.002959
2026-08-12 14:03:54,SPX,7751.08,7733.51,7725.0,568,604,0.1128,0.002959
2026-08-12 14:03:54,SPX,7751.08,7733.51,7780.0,286,67,0.1052,0.002959
2026-08-12 14:03:54,SPX,7751.08,7733.51,7720.0,267,438,0.114,0.002959
2026-08-12 14:03:54,SPX,7751.08,7733.51,7785.0,255,43,0.1055,0.002959
2026-08-12 14:03:54,SPX,7751.08,7733.51,7715.0,134,174,0.1155,0.002959
2026-08-12 14:03:54,SPX,7751.08,7733.51,7790.0,320,101,0.106,0.002959
2026-08-12 14:03:54,SPX,7751.08,7733.51,7710.0,190,212,0.1184,0.002959
2026-08-12 14:03:54,SPX,7751.08,7733.51,7795.0,287,15,0.1062,0.002959
2026-08-12 14:03:54,SPX,7751.08,7733.51,7705.0,79,337,0.1195,0.002959
2026-08-12 14:03:54,SPX,7751.08,7733.51,7800.0,1572,467,0.1066,0.002959
2026-08-12 14:03:54,SPX,7751.08,7733.51,7700.0,813,796,0.1209,0.002959
2026-08-12 14:03:54,SPX,7751.08,7733.51,7805.0,223,25,0.1072,0.002959
2026-08-12 14:03:54,SPX,7751.08,7733.51,7695.0,184,171,0.1223,0.002959
2026-08-12 14:03:54,SPX,7751.08,7733.51,7810.0,1068,30,0.108,0.002959
2026-08-12 14:03:54,SPX,7751.08,7733.51,7690.0,131,209,0.125,0.002959
2026-08-12 14:03:54,SPX,7751.08,7733.51,7815.0,414,31,0.109,0.002959
2026-08-12 14:03:54,SPX,7751.08,7733.51,7685.0,22,342,0.1259,0.002959
2026-08-12 14:03:54,SPX,7751.08,7733.51,7820.0,1829,3,0.1105,0.002959
2026-08-12 14:03:54,SPX,7751.08,7733.51,7680.0,474,329,0.1277,0.002959
2026-08-12 14:03:54,SPX,7751.08,7733.51,7825.0,829,84,0.1125,0.002959
2026-08-12 14:03:54,SPX,7751.08,7733.51,7675.0,616,464,0.1304,0.002959
2026-08-12 14:03:54,SPX,7751.08,7733.51,7830.0,927,21,0.1145,0.002959
2026-08-12 14:03:54,SPX,7751.08,7733.51,7670.0,355,475,0.1326,0.002959
2026-08-12 14:03:54,SPX,7751.08,7733.51,7835.0,305,10,0.1165,0.002959
2026-08-12 14:03:54,SPX,7751.08,7733.51,7665.0,58,164,0.1349,0.002959
2026-08-12 14:03:54,SPX,7751.08,7733.51,7840.0,293,9,0.1184,0.002959
2026-08-12 14:03:54,SPX,7751.08,7733.51,7660.0,378,1549,0.136,0.002959
2026-08-12 14:03:54,SPX,7751.08,7733.51,7845.0,224,1,0.1203,0.002959
2026-08-12 14:03:54,SPX,7751.08,7733.51,7655.0,14,252,0.1383,0.002959
2026-08-12 14:03:54,SPX,7751.08,7733.51,7850.0,953,2,0.1223,0.002959
2026-08-12 14:03:54,SPX,7751.08,7733.51,7650.0,268,727,0.1417,0.002959
2026-08-12 14:03:54,SPX,7751.08,7733.51,7855.0,201,2,0.1245,0.002959
2026-08-12 14:03:54,SPX,7751.08,7733.51,7645.0,29,269,0.1435,0.002959
2026-08-12 14:03:54,SPX,7751.08,7733.51,7860.0,429,3,0.1269,0.002959
2026-08-12 14:03:54,SPX,7751.08,7733.51,7640.0,231,365,0.1469,0.002959
2026-08-12 14:03:54,SPX,7751.08,7733.51,7865.0,325,0,0.1295,0.002959
2026-08-12 14:03:54,SPX,7751.08,7733.51,7635.0,43,113,0.1492,0.002959
2026-08-12 14:03:54,SPX,7751.08,7733.51,7870.0,347,26,0.1322,0.002959
2026-08-12 14:03:54,SPX,7751.08,7733.51,7630.0,107,270,0.1513,0.002959
2026-08-12 14:03:54,SPX,7751.08,7733.51,7875.0,1822,0,0.1351,0.002959
2026-08-12 14:03:54,SPX,7751.08,7733.51,7750.0,5226,3108,0.1095,0.005696
2026-08-12 14:03:54,SPX,7751.08,7733.51,7755.0,1771,483,0.1089,0.005696
2026-08-12 14:03:54,SPX,7751.08,7733.51,7745.0,2248,2193,0.1106,0.005696
2026-08-12 14:03:54,SPX,7751.08,7733.51,7760.0,1189,728,0.1083,0.005696
2026-08-12 14:03:54,SPX,7751.08,7733.51,7740.0,878,878,0.111,0.005696
2026-08-12 14:03:54,SPX,7751.08,7733.51,7765.0,373,419,0.1076,0.005696
2026-08-12 14:03:54,SPX,7751.08,7733.51,7735.0,612,488,0.1119,0.005696
2026-08-12 14:03:54,SPX,7751.08,7733.51,7770.0,942,430,0.1072,0.005696
2026-08-12 14:03:54,SPX,7751.08,7733.51,7730.0,918,701,0.1127,0.005696
2026-08-12 14:03:54,SPX,7751.08,7733.51,7775.0,2259,514,0.1069,0.005696
2026-08-12 14:03:54,SPX,7751.08,7733.51,7725.0,2747,2415,0.1136,0.005696
2026-08-12 14:03:54,SPX,7751.08,7733.51,7780.0,1362,103,0.1064,0.005696
2026-08-12 14:03:54,SPX,7751.08,7733.51,7720.0,595,816,0.1147,0.005696
2026-08-12 14:03:54,SPX,7751.08,7733.51,7785.0,589,76,0.106,0.005696
2026-08-12 14:03:54,SPX,7751.08,7733.51,7715.0,226,523,0.116,0.005696
2026-08-12 14:03:54,SPX,7751.08,7733.51,7790.0,867,152,0.1058,0.005696
2026-08-12 14:03:54,SPX,7751.08,7733.51,7710.0,1000,1068,0.1165,0.005696
2026-08-12 14:03:54,SPX,7751.08,7733.51,7795.0,631,54,0.1057,0.005696
2026-08-12 14:03:54,SPX,7751.08,7733.51,7705.0,162,754,0.1184,0.005696
2026-08-12 14:03:54,SPX,7751.08,7733.51,7800.0,6379,446,0.1057,0.005696
2026-08-12 14:03:54,SPX,7751.08,7733.51,7700.0,3212,4667,0.1197,0.005696
2026-08-12 14:03:54,SPX,7751.08,7733.51,7805.0,557,21,0.1059,0.005696
2026-08-12 14:03:54,SPX,7751.08,7733.51,7695.0,198,607,0.1205,0.005696
2026-08-12 14:03:54,SPX,7751.08,7733.51,7810.0,2375,95,0.1065,0.005696
2026-08-12 14:03:54,SPX,7751.08,7733.51,7690.0,435,850,0.1216,0.005696
2026-08-12 14:03:54,SPX,7751.08,7733.51,7815.0,484,19,0.1067,0.005696
2026-08-12 14:03:54,SPX,7751.08,7733.51,7685.0,177,638,0.1228,0.005696
2026-08-12 14:03:54,SPX,7751.08,7733.51,7820.0,1818,80,0.1065,0.005696
2026-08-12 14:03:54,SPX,7751.08,7733.51,7680.0,637,905,0.1243,0.005696
2026-08-12 14:03:54,SPX,7751.08,7733.51,7825.0,2450,32,0.1065,0.005696
2026-08-12 14:03:54,SPX,7751.08,7733.51,7675.0,1223,3392,0.1254,0.005696
2026-08-12 14:03:54,SPX,7751.08,7733.51,7830.0,2991,31,0.1065,0.005696
2026-08-12 14:03:54,SPX,7751.08,7733.51,7670.0,493,982,0.1273,0.005696
2026-08-12 14:03:54,SPX,7751.08,7733.51,7835.0,933,9,0.1067,0.005696
2026-08-12 14:03:54,SPX,7751.08,7733.51,7665.0,68,1152,0.1295,0.005696
2026-08-12 14:03:54,SPX,7751.08,7733.51,7840.0,1946,31,0.1073,0.005696
2026-08-12 14:03:54,SPX,7751.08,7733.51,7660.0,369,1076,0.1311,0.005696
2026-08-12 14:03:54,SPX,7751.08,7733.51,7845.0,1720,51,0.108,0.005696
2026-08-12 14:03:54,SPX,7751.08,7733.51,7655.0,190,481,0.1325,0.005696
2026-08-12 14:03:54,SPX,7751.08,7733.51,7850.0,5091,70,0.1089,0.005696
2026-08-12 14:03:54,SPX,7751.08,7733.51,7650.0,2424,2597,0.1338,0.005696
2026-08-12 14:03:54,SPX,7751.08,7733.51,7855.0,666,8,0.1099,0.005696
2026-08-12 14:03:54,SPX,7751.08,7733.51,7645.0,115,964,0.1351,0.005696
2026-08-12 14:03:54,SPX,7751.08,7733.51,7860.0,1991,18,0.1108,0.005696
2026-08-12 14:03:54,SPX,7751.08,7733.51,7640.0,941,2908,0.1367,0.005696
2026-08-12 14:03:54,SPX,7751.08,7733.51,7865.0,695,1,0.1118,0.005696
2026-08-12 14:03:54,SPX,7751.08,7733.51,7635.0,212,991,0.1385,0.005696
2026-08-12 14:03:54,SPX,7751.08,7733.51,7870.0,1864,13,0.1127,0.005696
2026-08-12 14:03:54,SPX,7751.08,7733.51,7630.0,327,508,0.1405,0.005696
2026-08-12 14:03:54,SPX,7751.08,7733.51,7875.0,2080,17,0.1137,0.005696
2026-08-12 14:34:06,SPX,7756.63,7733.99,7755.0,1121,677,0.1017,0.000163
2026-08-12 14:34:06,SPX,7756.63,7733.99,7760.0,1773,955,0.1051,0.000163
2026-08-12 14:34:06,SPX,7756.63,7733.99,7750.0,1953,1266,0.1028,0.000163
2026-08-12 14:34:06,SPX,7756.63,7733.99,7765.0,1106,440,0.1109,0.000163
2026-08-12 14:34:06,SPX,7756.63,7733.99,7745.0,1087,633,0.1086,0.000163
2026-08-12 14:34:06,SPX,7756.63,7733.99,7770.0,1311,332,0.1214,0.000163
2026-08-12 14:34:06,SPX,7756.63,7733.99,7740.0,919,676,0.1174,0.000163
2026-08-12 14:34:06,SPX,7756.63,7733.99,7775.0,2519,395,0.1336,0.000163
2026-08-12 14:34:06,SPX,7756.63,7733.99,7735.0,1049,882,0.1299,0.000163
2026-08-12 14:34:06,SPX,7756.63,7733.99,7780.0,3351,214,0.1469,0.000163
2026-08-12 14:34:06,SPX,7756.63,7733.99,7730.0,1059,1629,0.1408,0.000163
2026-08-12 14:34:06,SPX,7756.63,7733.99,7785.0,2268,109,0.1615,0.000163
2026-08-12 14:34:06,SPX,7756.63,7733.99,7725.0,1615,2330,0.1607,0.000163
2026-08-12 14:34:06,SPX,7756.63,7733.99,7790.0,1362,291,0.178,0.000163
2026-08-12 14:34:06,SPX,7756.63,7733.99,7720.0,551,1062,0.1713,0.000163
2026-08-12 14:34:06,SPX,7756.63,7733.99,7795.0,1083,47,0.1932,0.000163
2026-08-12 14:34:06,SPX,7756.63,7733.99,7715.0,284,776,0.1956,0.000163
2026-08-12 14:34:06,SPX,7756.63,7733.99,7800.0,6256,513,0.2063,0.000163
2026-08-12 14:34:06,SPX,7756.63,7733.99,7710.0,333,1261,0.2221,0.000163
2026-08-12 14:34:06,SPX,7756.63,7733.99,7805.0,1015,67,0.2195,0.000163
2026-08-12 14:34:06,SPX,7756.63,7733.99,7705.0,102,772,0.2382,0.000163
2026-08-12 14:34:06,SPX,7756.63,7733.99,7810.0,7197,25,0.2346,0.000163
2026-08-12 14:34:06,SPX,7756.63,7733.99,7700.0,1143,4286,0.2509,0.000163
2026-08-12 14:34:06,SPX,7756.63,7733.99,7815.0,1098,22,0.2515,0.000163
2026-08-12 14:34:06,SPX,7756.63,7733.99,7695.0,170,1271,0.2583,0.000163
2026-08-12 14:34:06,SPX,7756.63,7733.99,7820.0,4265,36,0.2694,0.000163
2026-08-12 14:34:06,SPX,7756.63,7733.99,7690.0,207,2891,0.2686,0.000163
2026-08-12 14:34:06,SPX,7756.63,7733.99,7825.0,2215,21,0.2872,0.000163
2026-08-12 14:34:06,SPX,7756.63,7733.99,7685.0,66,1433,0.2837,0.000163
2026-08-12 14:34:06,SPX,7756.63,7733.99,7830.0,1247,75,0.3042,0.000163
2026-08-12 14:34:06,SPX,7756.63,7733.99,7680.0,187,1331,0.3024,0.000163
2026-08-12 14:34:06,SPX,7756.63,7733.99,7835.0,837,25,0.3195,0.000163
2026-08-12 14:34:06,SPX,7756.63,7733.99,7675.0,934,3985,0.3233,0.000163
2026-08-12 14:34:06,SPX,7756.63,7733.99,7840.0,2578,7,0.3328,0.000163
2026-08-12 14:34:06,SPX,7756.63,7733.99,7670.0,374,2792,0.3451,0.000163
2026-08-12 14:34:06,SPX,7756.63,7733.99,7845.0,898,62,0.3442,0.000163
2026-08-12 14:34:06,SPX,7756.63,7733.99,7665.0,194,1042,0.3669,0.000163
2026-08-12 14:34:06,SPX,7756.63,7733.99,7850.0,5638,107,0.3541,0.000163
2026-08-12 14:34:06,SPX,7756.63,7733.99,7660.0,369,1624,0.3878,0.000163
2026-08-12 14:34:06,SPX,7756.63,7733.99,7855.0,1352,33,0.3675,0.000163
2026-08-12 14:34:06,SPX,7756.63,7733.99,7655.0,162,968,0.4075,0.000163
2026-08-12 14:34:06,SPX,7756.63,7733.99,7860.0,1358,11,0.3741,0.000163
2026-08-12 14:34:06,SPX,7756.63,7733.99,7650.0,1239,7403,0.4261,0.000163
2026-08-12 14:34:06,SPX,7756.63,7733.99,7865.0,944,4,0.3787,0.000163
2026-08-12 14:34:06,SPX,7756.63,7733.99,7645.0,85,3253,0.4441,0.000163
2026-08-12 14:34:06,SPX,7756.63,7733.99,7870.0,908,15,0.3829,0.000163
2026-08-12 14:34:06,SPX,7756.63,7733.99,7640.0,178,2301,0.4614,0.000163
2026-08-12 14:34:06,SPX,7756.63,7733.99,7875.0,1429,217,0.3858,0.000163
2026-08-12 14:34:06,SPX,7756.63,7733.99,7635.0,128,1169,0.4781,0.000163
2026-08-12 14:34:06,SPX,7756.63,7733.99,7880.0,1116,9,0.3875,0.000163
2026-08-12 14:34:06,SPX,7756.63,7733.99,7755.0,301,191,0.1079,0.002901
2026-08-12 14:34:06,SPX,7756.63,7733.99,7760.0,847,274,0.1075,0.002901
2026-08-12 14:34:06,SPX,7756.63,7733.99,7750.0,1116,874,0.1086,0.002901
2026-08-12 14:34:06,SPX,7756.63,7733.99,7765.0,417,148,0.107,0.002901
2026-08-12 14:34:06,SPX,7756.63,7733.99,7745.0,216,233,0.1092,0.002901
2026-08-12 14:34:06,SPX,7756.63,7733.99,7770.0,375,107,0.1068,0.002901
2026-08-12 14:34:06,SPX,7756.63,7733.99,7740.0,562,242,0.1112,0.002901
2026-08-12 14:34:06,SPX,7756.63,7733.99,7775.0,663,87,0.1067,0.002901
2026-08-12 14:34:06,SPX,7756.63,7733.99,7735.0,256,387,0.1116,0.002901
2026-08-12 14:34:06,SPX,7756.63,7733.99,7780.0,286,67,0.1069,0.002901
2026-08-12 14:34:06,SPX,7756.63,7733.99,7730.0,155,384,0.1136,0.002901
2026-08-12 14:34:06,SPX,7756.63,7733.99,7785.0,255,43,0.1071,0.002901
2026-08-12 14:34:06,SPX,7756.63,7733.99,7725.0,568,604,0.1142,0.002901
2026-08-12 14:34:06,SPX,7756.63,7733.99,7790.0,320,101,0.1071,0.002901
2026-08-12 14:34:06,SPX,7756.63,7733.99,7720.0,267,438,0.1164,0.002901
2026-08-12 14:34:06,SPX,7756.63,7733.99,7795.0,287,15,0.1069,0.002901
2026-08-12 14:34:06,SPX,7756.63,7733.99,7715.0,134,174,0.1179,0.002901
2026-08-12 14:34:06,SPX,7756.63,7733.99,7800.0,1572,467,0.1069,0.002901
2026-08-12 14:34:06,SPX,7756.63,7733.99,7710.0,190,212,0.1204,0.002901
2026-08-12 14:34:06,SPX,7756.63,7733.99,7805.0,223,25,0.1075,0.002901
2026-08-12 14:34:06,SPX,7756.63,7733.99,7705.0,79,337,0.1206,0.002901
2026-08-12 14:34:06,SPX,7756.63,7733.99,7810.0,1068,30,0.1085,0.002901
2026-08-12 14:34:06,SPX,7756.63,7733.99,7700.0,813,796,0.123,0.002901
2026-08-12 14:34:06,SPX,7756.63,7733.99,7815.0,414,31,0.1097,0.002901
2026-08-12 14:34:06,SPX,7756.63,7733.99,7695.0,184,171,0.1252,0.002901
2026-08-12 14:34:06,SPX,7756.63,7733.99,7820.0,1829,3,0.1111,0.002901
2026-08-12 14:34:06,SPX,7756.63,7733.99,7690.0,131,209,0.1272,0.002901
2026-08-12 14:34:06,SPX,7756.63,7733.99,7825.0,829,84,0.1126,0.002901
2026-08-12 14:34:06,SPX,7756.63,7733.99,7685.0,22,342,0.1281,0.002901
2026-08-12 14:34:06,SPX,7756.63,7733.99,7830.0,927,21,0.114,0.002901
2026-08-12 14:34:06,SPX,7756.63,7733.99,7680.0,474,329,0.1297,0.002901
2026-08-12 14:34:06,SPX,7756.63,7733.99,7835.0,305,10,0.1153,0.002901
2026-08-12 14:34:06,SPX,7756.63,7733.99,7675.0,616,464,0.132,0.002901
2026-08-12 14:34:06,SPX,7756.63,7733.99,7840.0,293,9,0.1167,0.002901
2026-08-12 14:34:06,SPX,7756.63,7733.99,7670.0,355,475,0.1345,0.002901
2026-08-12 14:34:06,SPX,7756.63,7733.99,7845.0,224,1,0.1183,0.002901
2026-08-12 14:34:06,SPX,7756.63,7733.99,7665.0,58,164,0.1363,0.002901
2026-08-12 14:34:06,SPX,7756.63,7733.99,7850.0,953,2,0.1201,0.002901
2026-08-12 14:34:06,SPX,7756.63,7733.99,7660.0,378,1549,0.1377,0.002901
2026-08-12 14:34:06,SPX,7756.63,7733.99,7855.0,201,2,0.1221,0.002901
2026-08-12 14:34:06,SPX,7756.63,7733.99,7655.0,14,252,0.1397,0.002901
2026-08-12 14:34:06,SPX,7756.63,7733.99,7860.0,429,3,0.1244,0.002901
2026-08-12 14:34:06,SPX,7756.63,7733.99,7650.0,268,727,0.1429,0.002901
2026-08-12 14:34:06,SPX,7756.63,7733.99,7865.0,325,0,0.127,0.002901
2026-08-12 14:34:06,SPX,7756.63,7733.99,7645.0,29,269,0.1464,0.002901
2026-08-12 14:34:06,SPX,7756.63,7733.99,7870.0,347,26,0.1298,0.002901
2026-08-12 14:34:06,SPX,7756.63,7733.99,7640.0,0,365,0.1487,0.002901
2026-08-12 14:34:06,SPX,7756.63,7733.99,7875.0,1822,0,0.1328,0.002901
2026-08-12 14:34:06,SPX,7756.63,7733.99,7635.0,43,113,0.1517,0.002901
2026-08-12 14:34:06,SPX,7756.63,7733.99,7880.0,526,23,0.1359,0.002901
2026-08-12 14:34:06,SPX,7756.63,7733.99,7755.0,1771,483,0.1101,0.005639
2026-08-12 14:34:06,SPX,7756.63,7733.99,7760.0,1189,728,0.1093,0.005639
2026-08-12 14:34:06,SPX,7756.63,7733.99,7750.0,5226,3108,0.1105,0.005639
2026-08-12 14:34:06,SPX,7756.63,7733.99,7765.0,373,419,0.1087,0.005639
2026-08-12 14:34:06,SPX,7756.63,7733.99,7745.0,2248,2193,0.1113,0.005639
2026-08-12 14:34:06,SPX,7756.63,7733.99,7770.0,942,430,0.1083,0.005639
2026-08-12 14:34:06,SPX,7756.63,7733.99,7740.0,878,878,0.1123,0.005639
2026-08-12 14:34:06,SPX,7756.63,7733.99,7775.0,2259,514,0.1077,0.005639
2026-08-12 14:34:06,SPX,7756.63,7733.99,7735.0,612,488,0.113,0.005639
2026-08-12 14:34:06,SPX,7756.63,7733.99,7780.0,1362,103,0.1077,0.005639
2026-08-12 14:34:06,SPX,7756.63,7733.99,7730.0,918,701,0.114,0.005639
2026-08-12 14:34:06,SPX,7756.63,7733.99,7785.0,589,76,0.107,0.005639
2026-08-12 14:34:06,SPX,7756.63,7733.99,7725.0,2747,2415,0.1156,0.005639
2026-08-12 14:34:06,SPX,7756.63,7733.99,7790.0,867,152,0.107,0.005639
2026-08-12 14:34:06,SPX,7756.63,7733.99,7720.0,595,816,0.1157,0.005639
2026-08-12 14:34:06,SPX,7756.63,7733.99,7795.0,631,54,0.1068,0.005639
2026-08-12 14:34:06,SPX,7756.63,7733.99,7715.0,226,523,0.1169,0.005639
2026-08-12 14:34:06,SPX,7756.63,7733.99,7800.0,6379,446,0.1064,0.005639
2026-08-12 14:34:06,SPX,7756.63,7733.99,7710.0,1000,1068,0.1186,0.005639
2026-08-12 14:34:06,SPX,7756.63,7733.99,7805.0,557,21,0.1065,0.005639
2026-08-12 14:34:06,SPX,7756.63,7733.99,7705.0,162,754,0.1197,0.005639
2026-08-12 14:34:06,SPX,7756.63,7733.99,7810.0,2375,0,0.1067,0.005639
2026-08-12 14:34:06,SPX,7756.63,7733.99,7700.0,3212,4667,0.1201,0.005639
2026-08-12 14:34:06,SPX,7756.63,7733.99,7815.0,484,19,0.1069,0.005639
2026-08-12 14:34:06,SPX,7756.63,7733.99,7695.0,198,607,0.122,0.005639
2026-08-12 14:34:06,SPX,7756.63,7733.99,7820.0,1818,80,0.1073,0.005639
2026-08-12 14:34:06,SPX,7756.63,7733.99,7690.0,435,850,0.1231,0.005639
2026-08-12 14:34:06,SPX,7756.63,7733.99,7825.0,2450,32,0.1073,0.005639
2026-08-12 14:34:06,SPX,7756.63,7733.99,7685.0,177,638,0.1238,0.005639
2026-08-12 14:34:06,SPX,7756.63,7733.99,7830.0,2991,31,0.1077,0.005639
2026-08-12 14:34:06,SPX,7756.63,7733.99,7680.0,637,905,0.1257,0.005639
2026-08-12 14:34:06,SPX,7756.63,7733.99,7835.0,933,9,0.1079,0.005639
2026-08-12 14:34:06,SPX,7756.63,7733.99,7675.0,1223,3392,0.127,0.005639
2026-08-12 14:34:06,SPX,7756.63,7733.99,7840.0,1946,31,0.1079,0.005639
2026-08-12 14:34:06,SPX,7756.63,7733.99,7670.0,493,982,0.1283,0.005639
2026-08-12 14:34:06,SPX,7756.63,7733.99,7845.0,1720,51,0.1081,0.005639
2026-08-12 14:34:06,SPX,7756.63,7733.99,7665.0,68,1152,0.1304,0.005639
2026-08-12 14:34:06,SPX,7756.63,7733.99,7850.0,5091,70,0.1086,0.005639
2026-08-12 14:34:06,SPX,7756.63,7733.99,7660.0,369,1076,0.1321,0.005639
2026-08-12 14:34:06,SPX,7756.63,7733.99,7855.0,666,8,0.1093,0.005639
2026-08-12 14:34:06,SPX,7756.63,7733.99,7655.0,190,481,0.134,0.005639
2026-08-12 14:34:06,SPX,7756.63,7733.99,7860.0,1991,18,0.1103,0.005639
2026-08-12 14:34:06,SPX,7756.63,7733.99,7650.0,2424,2597,0.1357,0.005639
2026-08-12 14:34:06,SPX,7756.63,7733.99,7865.0,695,1,0.1113,0.005639
2026-08-12 14:34:06,SPX,7756.63,7733.99,7645.0,115,964,0.1371,0.005639
2026-08-12 14:34:06,SPX,7756.63,7733.99,7870.0,1864,13,0.1124,0.005639
2026-08-12 14:34:06,SPX,7756.63,7733.99,7640.0,941,2908,0.1385,0.005639
2026-08-12 14:34:06,SPX,7756.63,7733.99,7875.0,2080,17,0.1135,0.005639
2026-08-12 14:34:06,SPX,7756.63,7733.99,7635.0,212,991,0.1401,0.005639
2026-08-12 14:34:06,SPX,7756.63,7733.99,7880.0,2671,1,0.1145,0.005639
2026-08-12 15:04:19,SPX,7754.75,7732.99,7755.0,1121,677,0.1069,0.000106
2026-08-12 15:04:19,SPX,7754.75,7732.99,7750.0,1953,1266,0.1092,0.000106
2026-08-12 15:04:19,SPX,7754.75,7732.99,7760.0,1773,955,0.1085,0.000106
2026-08-12 15:04:19,SPX,7754.75,7732.99,7745.0,1087,633,0.1186,0.000106
2026-08-12 15:04:19,SPX,7754.75,7732.99,7765.0,1106,440,0.1152,0.000106
2026-08-12 15:04:19,SPX,7754.75,7732.99,7740.0,919,676,0.1335,0.000106
2026-08-12 15:04:19,SPX,7754.75,7732.99,7770.0,1311,332,0.1263,0.000106
2026-08-12 15:04:19,SPX,7754.75,7732.99,7735.0,1049,882,0.1499,0.000106
2026-08-12 15:04:19,SPX,7754.75,7732.99,7775.0,2519,395,0.142,0.000106
2026-08-12 15:04:19,SPX,7754.75,7732.99,7730.0,1059,1629,0.1696,0.000106
2026-08-12 15:04:19,SPX,7754.75,7732.99,7780.0,3351,214,0.1591,0.000106
2026-08-12 15:04:19,SPX,7754.75,7732.99,7725.0,1615,2330,0.1907,0.000106
2026-08-12 15:04:19,SPX,7754.75,7732.99,7785.0,2268,109,0.1788,0.000106
2026-08-12 15:04:19,SPX,7754.75,7732.99,7720.0,551,1062,0.2146,0.000106
2026-08-12 15:04:19,SPX,7754.75,7732.99,7790.0,1362,0,0.1972,0.000106
2026-08-12 15:04:19,SPX,7754.75,7732.99,7715.0,284,0,0.2356,0.000106
2026-08-12 15:04:19,SPX,7754.75,7732.99,7800.0,0,513,0.233,0.000106
2026-08-12 15:04:19,SPX,7754.75,7732.99,7705.0,102,772,0.2732,0.000106
2026-08-12 15:04:19,SPX,7754.75,7732.99,7805.0,1015,67,0.2515,0.000106
2026-08-12 15:04:19,SPX,7754.75,7732.99,7700.0,1143,4286,0.2953,0.000106
2026-08-12 15:04:19,SPX,7754.75,7732.99,7810.0,7197,25,0.2705,0.000106
2026-08-12 15:04:19,SPX,7754.75,7732.99,7695.0,170,1271,0.3173,0.000106
2026-08-12 15:04:19,SPX,7754.75,7732.99,7815.0,1098,22,0.2897,0.000106
2026-08-12 15:04:19,SPX,7754.75,7732.99,7690.0,207,2891,0.3389,0.000106
2026-08-12 15:04:19,SPX,7754.75,7732.99,7820.0,4265,36,0.3079,0.000106
2026-08-12 15:04:19,SPX,7754.75,7732.99,7685.0,66,1433,0.3602,0.000106
2026-08-12 15:04:19,SPX,7754.75,7732.99,7825.0,2215,21,0.3239,0.000106
2026-08-12 15:04:19,SPX,7754.75,7732.99,7680.0,187,1331,0.3808,0.000106
2026-08-12 15:04:19,SPX,7754.75,7732.99,7830.0,1247,75,0.3374,0.000106
2026-08-12 15:04:19,SPX,7754.75,7732.99,7675.0,934,3985,0.4004,0.000106
2026-08-12 15:04:19,SPX,7754.75,7732.99,7835.0,837,25,0.3487,0.000106
2026-08-12 15:04:19,SPX,7754.75,7732.99,7670.0,374,2792,0.4191,0.000106
2026-08-12 15:04:19,SPX,7754.75,7732.99,7840.0,2578,7,0.3578,0.000106
2026-08-12 15:04:19,SPX,7754.75,7732.99,7665.0,194,1042,0.4366,0.000106
2026-08-12 15:04:19,SPX,7754.75,7732.99,7845.0,898,62,0.3654,0.000106
2026-08-12 15:04:19,SPX,7754.75,7732.99,7660.0,369,1624,0.4524,0.000106
2026-08-12 15:04:19,SPX,7754.75,7732.99,7850.0,5638,107,0.3717,0.000106
2026-08-12 15:04:19,SPX,7754.75,7732.99,7655.0,162,968,0.4659,0.000106
2026-08-12 15:04:19,SPX,7754.75,7732.99,7855.0,1352,33,0.3779,0.000106
2026-08-12 15:04:19,SPX,7754.75,7732.99,7650.0,1239,7403,0.4777,0.000106
2026-08-12 15:04:19,SPX,7754.75,7732.99,7860.0,1358,11,0.3821,0.000106
2026-08-12 15:04:19,SPX,7754.75,7732.99,7645.0,85,3253,0.488,0.000106
2026-08-12 15:04:19,SPX,7754.75,7732.99,7865.0,944,4,0.3854,0.000106
2026-08-12 15:04:19,SPX,7754.75,7732.99,7640.0,178,2301,0.4966,0.000106
2026-08-12 15:04:19,SPX,7754.75,7732.99,7870.0,908,15,0.388,0.000106
2026-08-12 15:04:19,SPX,7754.75,7732.99,7635.0,128,1169,0.5036,0.000106
2026-08-12 15:04:19,SPX,7754.75,7732.99,7875.0,1429,217,0.3899,0.000106
2026-08-12 15:04:19,SPX,7754.75,7732.99,7630.0,331,3045,0.5086,0.000106
2026-08-12 15:04:19,SPX,7754.75,7732.99,7755.0,301,191,0.1071,0.002844
2026-08-12 15:04:19,SPX,7754.75,7732.99,7750.0,1116,874,0.1078,0.002844
2026-08-12 15:04:19,SPX,7754.75,7732.99,7760.0,847,274,0.1064,0.002844
2026-08-12 15:04:19,SPX,7754.75,7732.99,7745.0,216,233,0.1089,0.002844
2026-08-12 15:04:19,SPX,7754.75,7732.99,7765.0,417,148,0.1059,0.002844
2026-08-12 15:04:19,SPX,7754.75,7732.99,7740.0,562,242,0.1098,0.002844
2026-08-12 15:04:19,SPX,7754.75,7732.99,7770.0,375,107,0.1055,0.002844
2026-08-12 15:04:19,SPX,7754.75,7732.99,7735.0,256,387,0.111,0.002844
2026-08-12 15:04:19,SPX,7754.75,7732.99,7775.0,663,87,0.1052,0.002844
2026-08-12 15:04:19,SPX,7754.75,7732.99,7730.0,155,384,0.1121,0.002844
2026-08-12 15:04:19,SPX,7754.75,7732.99,7780.0,286,67,0.1052,0.002844
2026-08-12 15:04:19,SPX,7754.75,7732.99,7725.0,568,604,0.1141,0.002844
2026-08-12 15:04:19,SPX,7754.75,7732.99,7785.0,255,43,0.105,0.002844
2026-08-12 15:04:19,SPX,7754.75,7732.99,7720.0,267,438,0.1155,0.002844
2026-08-12 15:04:19,SPX,7754.75,7732.99,7790.0,320,101,0.1051,0.002844
2026-08-12 15:04:19,SPX,7754.75,7732.99,7715.0,134,174,0.1162,0.002844
2026-08-12 15:04:19,SPX,7754.75,7732.99,7795.0,287,15,0.1047,0.002844
2026-08-12 15:04:19,SPX,7754.75,7732.99,7710.0,190,212,0.1174,0.002844
2026-08-12 15:04:19,SPX,7754.75,7732.99,7800.0,1572,467,0.1047,0.002844
2026-08-12 15:04:19,SPX,7754.75,7732.99,7705.0,79,337,0.1196,0.002844
2026-08-12 15:04:19,SPX,7754.75,7732.99,7805.0,223,25,0.1052,0.002844
2026-08-12 15:04:19,SPX,7754.75,7732.99,7700.0,813,796,0.1218,0.002844
2026-08-12 15:04:19,SPX,7754.75,7732.99,7810.0,1068,30,0.106,0.002844
2026-08-12 15:04:19,SPX,7754.75,7732.99,7695.0,184,171,0.1234,0.002844
2026-08-12 15:04:19,SPX,7754.75,7732.99,7815.0,414,31,0.1071,0.002844
2026-08-12 15:04:19,SPX,7754.75,7732.99,7690.0,131,209,0.1253,0.002844
2026-08-12 15:04:19,SPX,7754.75,7732.99,7820.0,1829,3,0.1086,0.002844
2026-08-12 15:04:19,SPX,7754.75,7732.99,7685.0,22,342,0.1267,0.002844
2026-08-12 15:04:19,SPX,7754.75,7732.99,7825.0,829,84,0.1102,0.002844
2026-08-12 15:04:19,SPX,7754.75,7732.99,7680.0,474,329,0.1282,0.002844
2026-08-12 15:04:19,SPX,7754.75,7732.99,7830.0,927,21,0.1116,0.002844
2026-08-12 15:04:19,SPX,7754.75,7732.99,7675.0,616,464,0.1306,0.002844
2026-08-12 15:04:19,SPX,7754.75,7732.99,7835.0,305,10,0.113,0.002844
2026-08-12 15:04:19,SPX,7754.75,7732.99,7670.0,355,475,0.1331,0.002844
2026-08-12 15:04:19,SPX,7754.75,7732.99,7840.0,293,9,0.1143,0.002844
2026-08-12 15:04:19,SPX,7754.75,7732.99,7665.0,58,164,0.1347,0.002844
2026-08-12 15:04:19,SPX,7754.75,7732.99,7845.0,224,1,0.1157,0.002844
2026-08-12 15:04:19,SPX,7754.75,7732.99,7660.0,378,1549,0.1363,0.002844
2026-08-12 15:04:19,SPX,7754.75,7732.99,7850.0,953,2,0.1174,0.002844
2026-08-12 15:04:19,SPX,7754.75,7732.99,7655.0,14,252,0.139,0.002844
2026-08-12 15:04:19,SPX,7754.75,7732.99,7855.0,201,2,0.1193,0.002844
2026-08-12 15:04:19,SPX,7754.75,7732.99,7650.0,268,727,0.1426,0.002844
2026-08-12 15:04:19,SPX,7754.75,7732.99,7860.0,429,3,0.1215,0.002844
2026-08-12 15:04:19,SPX,7754.75,7732.99,7645.0,29,269,0.1452,0.002844
2026-08-12 15:04:19,SPX,7754.75,7732.99,7865.0,325,0,0.1241,0.002844
2026-08-12 15:04:19,SPX,7754.75,7732.99,7640.0,231,365,0.147,0.002844
2026-08-12 15:04:19,SPX,7754.75,7732.99,7870.0,347,26,0.1271,0.002844
2026-08-12 15:04:19,SPX,7754.75,7732.99,7635.0,43,113,0.1497,0.002844
2026-08-12 15:04:19,SPX,7754.75,7732.99,7875.0,1822,0,0.1302,0.002844
2026-08-12 15:04:19,SPX,7754.75,7732.99,7630.0,107,270,0.1509,0.002844
2026-08-12 15:04:19,SPX,7754.75,7732.99,7755.0,1771,483,0.1091,0.005582
2026-08-12 15:04:19,SPX,7754.75,7732.99,7750.0,5226,3108,0.1101,0.005582
2026-08-12 15:04:19,SPX,7754.75,7732.99,7760.0,1189,728,0.1081,0.005582
2026-08-12 15:04:19,SPX,7754.75,7732.99,7745.0,2248,2193,0.1108,0.005582
2026-08-12 15:04:19,SPX,7754.75,7732.99,7765.0,373,419,0.1073,0.005582
2026-08-12 15:04:19,SPX,7754.75,7732.99,7740.0,878,878,0.1112,0.005582
2026-08-12 15:04:19,SPX,7754.75,7732.99,7770.0,942,430,0.1069,0.005582
2026-08-12 15:04:19,SPX,7754.75,7732.99,7735.0,612,488,0.1118,0.005582
2026-08-12 15:04:19,SPX,7754.75,7732.99,7775.0,2259,514,0.1063,0.005582
2026-08-12 15:04:19,SPX,7754.75,7732.99,7730.0,918,701,0.1129,0.005582
2026-08-12 15:04:19,SPX,7754.75,7732.99,7780.0,1362,103,0.1059,0.005582
2026-08-12 15:04:19,SPX,7754.75,7732.99,7725.0,2747,2415,0.1142,0.005582
2026-08-12 15:04:19,SPX,7754.75,7732.99,7785.0,589,76,0.1053,0.005582
2026-08-12 15:04:19,SPX,7754.75,7732.99,7720.0,595,816,0.1155,0.005582
2026-08-12 15:04:19,SPX,7754.75,7732.99,7790.0,867,152,0.1051,0.005582
2026-08-12 15:04:19,SPX,7754.75,7732.99,7715.0,226,523,0.1165,0.005582
2026-08-12 15:04:19,SPX,7754.75,7732.99,7795.0,631,54,0.1045,0.005582
2026-08-12 15:04:19,SPX,7754.75,7732.99,7710.0,1000,1068,0.1173,0.005582
2026-08-12 15:04:19,SPX,7754.75,7732.99,7800.0,6379,446,0.1044,0.005582
2026-08-12 15:04:19,SPX,7754.75,7732.99,7705.0,162,754,0.118,0.005582
2026-08-12 15:04:19,SPX,7754.75,7732.99,7805.0,557,21,0.104,0.005582
2026-08-12 15:04:19,SPX,7754.75,7732.99,7700.0,3212,4667,0.1191,0.005582
2026-08-12 15:04:19,SPX,7754.75,7732.99,7810.0,2375,95,0.104,0.005582
2026-08-12 15:04:19,SPX,7754.75,7732.99,7695.0,198,607,0.1205,0.005582
2026-08-12 15:04:19,SPX,7754.75,7732.99,7815.0,484,19,0.1041,0.005582
2026-08-12 15:04:19,SPX,7754.75,7732.99,7690.0,435,850,0.122,0.005582
2026-08-12 15:04:19,SPX,7754.75,7732.99,7820.0,1818,80,0.105,0.005582
2026-08-12 15:04:19,SPX,7754.75,7732.99,7685.0,177,638,0.1239,0.005582
2026-08-12 15:04:19,SPX,7754.75,7732.99,7825.0,2450,32,0.1054,0.005582
2026-08-12 15:04:19,SPX,7754.75,7732.99,7680.0,637,905,0.1257,0.005582
2026-08-12 15:04:19,SPX,7754.75,7732.99,7830.0,2991,31,0.1056,0.005582
2026-08-12 15:04:19,SPX,7754.75,7732.99,7675.0,1223,3392,0.1265,0.005582
2026-08-12 15:04:19,SPX,7754.75,7732.99,7835.0,933,9,0.1056,0.005582
2026-08-12 15:04:19,SPX,7754.75,7732.99,7670.0,493,982,0.1274,0.005582
2026-08-12 15:04:19,SPX,7754.75,7732.99,7840.0,1946,31,0.1055,0.005582
2026-08-12 15:04:19,SPX,7754.75,7732.99,7665.0,68,1152,0.1291,0.005582
2026-08-12 15:04:19,SPX,7754.75,7732.99,7845.0,1720,51,0.1057,0.005582
2026-08-12 15:04:19,SPX,7754.75,7732.99,7660.0,369,1076,0.1314,0.005582
2026-08-12 15:04:19,SPX,7754.75,7732.99,7850.0,5091,70,0.1064,0.005582
2026-08-12 15:04:19,SPX,7754.75,7732.99,7655.0,190,481,0.1327,0.005582
2026-08-12 15:04:19,SPX,7754.75,7732.99,7855.0,666,8,0.1072,0.005582
2026-08-12 15:04:19,SPX,7754.75,7732.99,7650.0,2424,2597,0.1342,0.005582
2026-08-12 15:04:19,SPX,7754.75,7732.99,7860.0,1991,18,0.1082,0.005582
2026-08-12 15:04:19,SPX,7754.75,7732.99,7645.0,115,964,0.1355,0.005582
2026-08-12 15:04:19,SPX,7754.75,7732.99,7865.0,695,1,0.1092,0.005582
2026-08-12 15:04:19,SPX,7754.75,7732.99,7640.0,941,2908,0.137,0.005582
2026-08-12 15:04:19,SPX,7754.75,7732.99,7870.0,1864,13,0.1101,0.005582
2026-08-12 15:04:19,SPX,7754.75,7732.99,7635.0,212,991,0.1391,0.005582
2026-08-12 15:04:19,SPX,7754.75,7732.99,7875.0,2080,17,0.1109,0.005582
2026-08-12 15:04:19,SPX,7754.75,7732.99,7630.0,327,508,0.1415,0.005582
2026-08-12 15:34:32,SPX,7750.64,7733.57,7750.0,1953,1266,0.1239,4.8e-05
2026-08-12 15:34:32,SPX,7750.64,7733.57,7755.0,1121,677,0.1221,4.8e-05
2026-08-12 15:34:32,SPX,7750.64,7733.57,7745.0,1087,633,0.1352,4.8e-05
2026-08-12 15:34:32,SPX,7750.64,7733.57,7760.0,1773,955,0.127,4.8e-05
2026-08-12 15:34:32,SPX,7750.64,7733.57,7740.0,919,676,0.154,4.8e-05
2026-08-12 15:34:32,SPX,7750.64,7733.57,7765.0,1106,440,0.1412,4.8e-05
2026-08-12 15:34:32,SPX,7750.64,7733.57,7735.0,1049,882,0.1787,4.8e-05
2026-08-12 15:34:32,SPX,7750.64,7733.57,7770.0,1311,332,0.159,4.8e-05
2026-08-12 15:34:32,SPX,7750.64,7733.57,7730.0,1059,1629,0.2097,4.8e-05
2026-08-12 15:34:32,SPX,7750.64,7733.57,7775.0,2519,395,0.1789,4.8e-05
2026-08-12 15:34:32,SPX,7750.64,7733.57,7725.0,1615,2330,0.2393,4.8e-05
2026-08-12 15:34:32,SPX,7750.64,7733.57,7780.0,3351,214,0.1984,4.8e-05
2026-08-12 15:34:32,SPX,7750.64,7733.57,7720.0,551,1062,0.2701,4.8e-05
2026-08-12 15:34:32,SPX,7750.64,7733.57,7785.0,2268,109,0.2171,4.8e-05
2026-08-12 15:34:32,SPX,7750.64,7733.57,7715.0,284,776,0.3018,4.8e-05
2026-08-12 15:34:32,SPX,7750.64,7733.57,7790.0,1362,291,0.2347,4.8e-05
2026-08-12 15:34:32,SPX,7750.64,7733.57,7710.0,333,1261,0.3334,4.8e-05
2026-08-12 15:34:32,SPX,7750.64,7733.57,7795.0,1083,47,0.2531,4.8e-05
2026-08-12 15:34:32,SPX,7750.64,7733.57,7705.0,102,772,0.3657,4.8e-05
2026-08-12 15:34:32,SPX,7750.64,7733.57,7800.0,6256,513,0.2727,4.8e-05
2026-08-12 15:34:32,SPX,7750.64,7733.57,7700.0,1143,4286,0.3976,4.8e-05
2026-08-12 15:34:32,SPX,7750.64,7733.57,7805.0,1015,67,0.292,4.8e-05
2026-08-12 15:34:32,SPX,7750.64,7733.57,7695.0,170,1271,0.4266,4.8e-05
2026-08-12 15:34:32,SPX,7750.64,7733.57,7810.0,7197,25,0.3107,4.8e-05
2026-08-12 15:34:32,SPX,7750.64,7733.57,7690.0,207,2891,0.4516,4.8e-05
2026-08-12 15:34:32,SPX,7750.64,7733.57,7815.0,1098,22,0.3283,4.8e-05
2026-08-12 15:34:32,SPX,7750.64,7733.57,7685.0,66,1433,0.4719,4.8e-05
2026-08-12 15:34:32,SPX,7750.64,7733.57,7820.0,4265,36,0.3436,4.8e-05
2026-08-12 15:34:32,SPX,7750.64,7733.57,7680.0,187,1331,0.4872,4.8e-05
2026-08-12 15:34:32,SPX,7750.64,7733.57,7825.0,2215,21,0.3551,4.8e-05
2026-08-12 15:34:32,SPX,7750.64,7733.57,7675.0,934,3985,0.4979,4.8e-05
2026-08-12 15:34:32,SPX,7750.64,7733.57,7830.0,1247,75,0.364,4.8e-05
2026-08-12 15:34:32,SPX,7750.64,7733.57,7670.0,374,2792,0.5067,4.8e-05
2026-08-12 15:34:32,SPX,7750.64,7733.57,7835.0,837,25,0.3709,4.8e-05
2026-08-12 15:34:32,SPX,7750.64,7733.57,7665.0,194,1042,0.5171,4.8e-05
2026-08-12 15:34:32,SPX,7750.64,7733.57,7840.0,2578,7,0.3761,4.8e-05
2026-08-12 15:34:32,SPX,7750.64,7733.57,7660.0,369,1624,0.5246,4.8e-05
2026-08-12 15:34:32,SPX,7750.64,7733.57,7845.0,898,62,0.38,4.8e-05
2026-08-12 15:34:32,SPX,7750.64,7733.57,7655.0,162,968,0.5259,4.8e-05
2026-08-12 15:34:32,SPX,7750.64,7733.57,7850.0,5638,107,0.383,4.8e-05
2026-08-12 15:34:32,SPX,7750.64,7733.57,7650.0,1239,7403,0.532,4.8e-05
2026-08-12 15:34:32,SPX,7750.64,7733.57,7855.0,1352,33,0.3855,4.8e-05
2026-08-12 15:34:32,SPX,7750.64,7733.57,7645.0,85,3253,0.529,4.8e-05
2026-08-12 15:34:32,SPX,7750.64,7733.57,7860.0,1358,11,0.387,4.8e-05
2026-08-12 15:34:32,SPX,7750.64,7733.57,7640.0,178,2301,0.5242,4.8e-05
2026-08-12 15:34:32,SPX,7750.64,7733.57,7865.0,944,4,0.3879,4.8e-05
2026-08-12 15:34:32,SPX,7750.64,7733.57,7635.0,128,1169,0.5184,4.8e-05
2026-08-12 15:34:32,SPX,7750.64,7733.57,7870.0,908,15,0.3883,4.8e-05
2026-08-12 15:34:32,SPX,7750.64,7733.57,7630.0,331,3045,0.5123,4.8e-05
2026-08-12 15:34:32,SPX,7750.64,7733.57,7875.0,1429,217,0.3883,4.8e-05
2026-08-12 15:34:32,SPX,7750.64,7733.57,7750.0,1116,874,0.1063,0.002786
2026-08-12 15:34:32,SPX,7750.64,7733.57,7755.0,301,191,0.1052,0.002786
2026-08-12 15:34:32,SPX,7750.64,7733.57,7745.0,216,233,0.1068,0.002786
2026-08-12 15:34:32,SPX,7750.64,7733.57,7760.0,847,274,0.1047,0.002786
2026-08-12 15:34:32,SPX,7750.64,7733.57,7740.0,562,242,0.1079,0.002786
2026-08-12 15:34:32,SPX,7750.64,7733.57,7765.0,417,148,0.1038,0.002786
2026-08-12 15:34:32,SPX,7750.64,7733.57,7735.0,256,387,0.1093,0.002786
2026-08-12 15:34:32,SPX,7750.64,7733.57,7770.0,375,107,0.1032,0.002786
2026-08-12 15:34:32,SPX,7750.64,7733.57,7730.0,155,384,0.1104,0.002786
2026-08-12 15:34:32,SPX,7750.64,7733.57,7775.0,663,87,0.1029,0.002786
2026-08-12 15:34:32,SPX,7750.64,7733.57,7725.0,568,604,0.1123,0.002786
2026-08-12 15:34:32,SPX,7750.64,7733.57,7780.0,286,67,0.1026,0.002786
2026-08-12 15:34:32,SPX,7750.64,7733.57,7720.0,267,438,0.1126,0.002786
2026-08-12 15:34:32,SPX,7750.64,7733.57,7785.0,255,43,0.1023,0.002786
2026-08-12 15:34:32,SPX,7750.64,7733.57,7715.0,134,174,0.1144,0.002786
2026-08-12 15:34:32,SPX,7750.64,7733.57,7790.0,320,101,0.102,0.002786
2026-08-12 15:34:32,SPX,7750.64,7733.57,7710.0,190,212,0.1164,0.002786
2026-08-12 15:34:32,SPX,7750.64,7733.57,7795.0,287,15,0.1014,0.002786
2026-08-12 15:34:32,SPX,7750.64,7733.57,7705.0,79,337,0.1177,0.002786
2026-08-12 15:34:32,SPX,7750.64,7733.57,7800.0,1572,467,0.101,0.002786
2026-08-12 15:34:32,SPX,7750.64,7733.57,7700.0,813,796,0.1184,0.002786
2026-08-12 15:34:32,SPX,7750.64,7733.57,7805.0,223,25,0.1007,0.002786
2026-08-12 15:34:32,SPX,7750.64,7733.57,7695.0,184,171,0.1201,0.002786
2026-08-12 15:34:32,SPX,7750.64,7733.57,7810.0,1068,30,0.101,0.002786
2026-08-12 15:34:32,SPX,7750.64,7733.57,7690.0,131,209,0.1227,0.002786
2026-08-12 15:34:32,SPX,7750.64,7733.57,7815.0,414,31,0.1018,0.002786
2026-08-12 15:34:32,SPX,7750.64,7733.57,7685.0,22,342,0.1252,0.002786
2026-08-12 15:34:32,SPX,7750.64,7733.57,7820.0,1829,3,0.1029,0.002786
2026-08-12 15:34:32,SPX,7750.64,7733.57,7680.0,474,329,0.1273,0.002786
2026-08-12 15:34:32,SPX,7750.64,7733.57,7825.0,829,84,0.1042,0.002786
2026-08-12 15:34:32,SPX,7750.64,7733.57,7675.0,616,464,0.1286,0.002786
2026-08-12 15:34:32,SPX,7750.64,7733.57,7830.0,927,21,0.1054,0.002786
2026-08-12 15:34:32,SPX,7750.64,7733.57,7670.0,355,475,0.1306,0.002786
2026-08-12 15:34:32,SPX,7750.64,7733.57,7835.0,305,10,0.1067,0.002786
2026-08-12 15:34:32,SPX,7750.64,7733.57,7665.0,58,164,0.1328,0.002786
2026-08-12 15:34:32,SPX,7750.64,7733.57,7840.0,293,9,0.108,0.002786
2026-08-12 15:34:32,SPX,7750.64,7733.57,7660.0,378,1549,0.1349,0.002786
2026-08-12 15:34:32,SPX,7750.64,7733.57,7845.0,224,1,0.1097,0.002786
2026-08-12 15:34:32,SPX,7750.64,7733.57,7655.0,14,252,0.1376,0.002786
2026-08-12 15:34:32,SPX,7750.64,7733.57,7850.0,953,2,0.1117,0.002786
2026-08-12 15:34:32,SPX,7750.64,7733.57,7650.0,268,727,0.1412,0.002786
2026-08-12 15:34:32,SPX,7750.64,7733.57,7855.0,201,2,0.1141,0.002786
2026-08-12 15:34:32,SPX,7750.64,7733.57,7645.0,29,269,0.1437,0.002786
2026-08-12 15:34:32,SPX,7750.64,7733.57,7860.0,429,3,0.1169,0.002786
2026-08-12 15:34:32,SPX,7750.64,7733.57,7640.0,231,365,0.1464,0.002786
2026-08-12 15:34:32,SPX,7750.64,7733.57,7865.0,325,0,0.12,0.002786
2026-08-12 15:34:32,SPX,7750.64,7733.57,7635.0,43,113,0.1484,0.002786
2026-08-12 15:34:32,SPX,7750.64,7733.57,7870.0,347,26,0.1233,0.002786
2026-08-12 15:34:32,SPX,7750.64,7733.57,7630.0,107,270,0.1498,0.002786
2026-08-12 15:34:32,SPX,7750.64,7733.57,7875.0,1822,0,0.1269,0.002786
2026-08-12 15:34:32,SPX,7750.64,7733.57,7750.0,5226,3108,0.1076,0.005524
2026-08-12 15:34:32,SPX,7750.64,7733.57,7755.0,1771,483,0.1066,0.005524
2026-08-12 15:34:32,SPX,7750.64,7733.57,7745.0,2248,2193,0.1084,0.005524
2026-08-12 15:34:32,SPX,7750.64,7733.57,7760.0,1189,728,0.1055,0.005524
2026-08-12 15:34:32,SPX,7750.64,7733.57,7740.0,878,878,0.1088,0.005524
2026-08-12 15:34:32,SPX,7750.64,7733.57,7765.0,373,419,0.105,0.005524
2026-08-12 15:34:32,SPX,7750.64,7733.57,7735.0,612,488,0.1095,0.005524
2026-08-12 15:34:32,SPX,7750.64,7733.57,7770.0,942,430,0.1049,0.005524
2026-08-12 15:34:32,SPX,7750.64,7733.57,7730.0,918,701,0.1106,0.005524
2026-08-12 15:34:32,SPX,7750.64,7733.57,7775.0,2259,514,0.1044,0.005524
2026-08-12 15:34:32,SPX,7750.64,7733.57,7725.0,2747,2415,0.1118,0.005524
2026-08-12 15:34:32,SPX,7750.64,7733.57,7780.0,1362,103,0.1036,0.005524
2026-08-12 15:34:32,SPX,7750.64,7733.57,7720.0,595,816,0.1125,0.005524
2026-08-12 15:34:32,SPX,7750.64,7733.57,7785.0,589,76,0.1029,0.005524
2026-08-12 15:34:32,SPX,7750.64,7733.57,7715.0,226,523,0.113,0.005524
2026-08-12 15:34:32,SPX,7750.64,7733.57,7790.0,867,152,0.1029,0.005524
2026-08-12 15:34:32,SPX,7750.64,7733.57,7710.0,1000,1068,0.1141,0.005524
2026-08-12 15:34:32,SPX,7750.64,7733.57,7795.0,631,54,0.1021,0.005524
2026-08-12 15:34:32,SPX,7750.64,7733.57,7705.0,162,754,0.1155,0.005524
2026-08-12 15:34:32,SPX,7750.64,7733.57,7800.0,6379,446,0.1022,0.005524
2026-08-12 15:34:32,SPX,7750.64,7733.57,7700.0,3212,4667,0.1169,0.005524
2026-08-12 15:34:32,SPX,7750.64,7733.57,7805.0,557,21,0.1017,0.005524
2026-08-12 15:34:32,SPX,7750.64,7733.57,7695.0,198,607,0.1181,0.005524
2026-08-12 15:34:32,SPX,7750.64,7733.57,7810.0,2375,95,0.1016,0.005524
2026-08-12 15:34:32,SPX,7750.64,7733.57,7690.0,435,850,0.119,0.005524
2026-08-12 15:34:32,SPX,7750.64,7733.57,7815.0,484,19,0.1015,0.005524
2026-08-12 15:34:32,SPX,7750.64,7733.57,7685.0,177,638,0.1199,0.005524
2026-08-12 15:34:32,SPX,7750.64,7733.57,7820.0,1818,80,0.1022,0.005524
2026-08-12 15:34:32,SPX,7750.64,7733.57,7680.0,637,905,0.1209,0.005524
2026-08-12 15:34:32,SPX,7750.64,7733.57,7825.0,2450,32,0.1023,0.005524
2026-08-12 15:34:32,SPX,7750.64,7733.57,7675.0,1223,3392,0.1225,0.005524
2026-08-12 15:34:32,SPX,7750.64,7733.57,7830.0,2991,31,0.1024,0.005524
2026-08-12 15:34:32,SPX,7750.64,7733.57,7670.0,493,982,0.1243,0.005524
2026-08-12 15:34:32,SPX,7750.64,7733.57,7835.0,933,9,0.1026,0.005524
2026-08-12 15:34:32,SPX,7750.64,7733.57,7665.0,68,1152,0.1261,0.005524
2026-08-12 15:34:32,SPX,7750.64,7733.57,7840.0,1946,31,0.1031,0.005524
2026-08-12 15:34:32,SPX,7750.64,7733.57,7660.0,369,1076,0.1278,0.005524
2026-08-12 15:34:32,SPX,7750.64,7733.57,7845.0,1720,51,0.1033,0.005524
2026-08-12 15:34:32,SPX,7750.64,7733.57,7655.0,190,481,0.1293,0.005524
2026-08-12 15:34:32,SPX,7750.64,7733.57,7850.0,5091,70,0.1035,0.005524
2026-08-12 15:34:32,SPX,7750.64,7733.57,7650.0,2424,2597,0.1308,0.005524
2026-08-12 15:34:32,SPX,7750.64,7733.57,7855.0,666,8,0.104,0.005524
2026-08-12 15:34:32,SPX,7750.64,7733.57,7645.0,115,964,0.1325,0.005524
2026-08-12 15:34:32,SPX,7750.64,7733.57,7860.0,1991,18,0.1049,0.005524
2026-08-12 15:34:32,SPX,7750.64,7733.57,7640.0,941,2908,0.1346,0.005524
2026-08-12 15:34:32,SPX,7750.64,7733.57,7865.0,695,1,0.1062,0.005524
2026-08-12 15:34:32,SPX,7750.64,7733.57,7875.0,2080,17,0.1088,0.005524
