timestamp,symbol,spot,gflip,strike,oi_call,oi_put,iv,T
2026-09-17 09:07:53,SPX,7551.81,7617.41,7550.0,2212,1562,0.2687,0.000784
2026-09-17 09:07:53,SPX,7551.81,7617.41,7555.0,1328,578,0.2641,0.000784
2026-09-17 09:07:53,SPX,7551.81,7617.41,7545.0,490,658,0.2733,0.000784
2026-09-17 09:07:53,SPX,7551.81,7617.41,7560.0,752,714,0.2593,0.000784
2026-09-17 09:07:53,SPX,7551.81,7617.41,7540.0,345,1146,0.2785,0.000784
2026-09-17 09:07:53,SPX,7551.81,7617.41,7565.0,477,398,0.2532,0.000784
2026-09-17 09:07:53,SPX,7551.81,7617.41,7535.0,277,719,0.2847,0.000784
2026-09-17 09:07:53,SPX,7551.81,7617.41,7570.0,659,801,0.2458,0.000784
2026-09-17 09:07:53,SPX,7551.81,7617.41,7530.0,316,791,0.2914,0.000784
2026-09-17 09:07:53,SPX,7551.81,7617.41,7575.0,1221,787,0.2406,0.000784
2026-09-17 09:07:53,SPX,7551.81,7617.41,7525.0,625,1441,0.2984,0.000784
2026-09-17 09:07:53,SPX,7551.81,7617.41,7580.0,1067,943,0.2337,0.000784
2026-09-17 09:07:53,SPX,7551.81,7617.41,7520.0,462,1558,0.3052,0.000784
2026-09-17 09:07:53,SPX,7551.81,7617.41,7585.0,527,518,0.2281,0.000784
2026-09-17 09:07:53,SPX,7551.81,7617.41,7515.0,109,667,0.3117,0.000784
2026-09-17 09:07:53,SPX,7551.81,7617.41,7590.0,1601,689,0.2226,0.000784
2026-09-17 09:07:53,SPX,7551.81,7617.41,7510.0,175,3312,0.3179,0.000784
2026-09-17 09:07:53,SPX,7551.81,7617.41,7595.0,647,673,0.2163,0.000784
2026-09-17 09:07:53,SPX,7551.81,7617.41,7505.0,100,596,0.3239,0.000784
2026-09-17 09:07:53,SPX,7551.81,7617.41,7600.0,3732,984,0.2101,0.000784
2026-09-17 09:07:53,SPX,7551.81,7617.41,7500.0,527,4190,0.3301,0.000784
2026-09-17 09:07:53,SPX,7551.81,7617.41,7605.0,1093,394,0.2051,0.000784
2026-09-17 09:07:53,SPX,7551.81,7617.41,7495.0,36,1579,0.3362,0.000784
2026-09-17 09:07:53,SPX,7551.81,7617.41,7610.0,3018,969,0.2009,0.000784
2026-09-17 09:07:53,SPX,7551.81,7617.41,7490.0,25,1973,0.3421,0.000784
2026-09-17 09:07:53,SPX,7551.81,7617.41,7615.0,1780,186,0.1947,0.000784
2026-09-17 09:07:53,SPX,7551.81,7617.41,7485.0,40,934,0.3479,0.000784
2026-09-17 09:07:53,SPX,7551.81,7617.41,7620.0,1365,332,0.1891,0.000784
2026-09-17 09:07:53,SPX,7551.81,7617.41,7480.0,78,966,0.3536,0.000784
2026-09-17 09:07:53,SPX,7551.81,7617.41,7625.0,1787,684,0.1837,0.000784
2026-09-17 09:07:53,SPX,7551.81,7617.41,7475.0,41,1278,0.3595,0.000784
2026-09-17 09:07:53,SPX,7551.81,7617.41,7630.0,1077,398,0.1781,0.000784
2026-09-17 09:07:53,SPX,7551.81,7617.41,7470.0,43,2274,0.3654,0.000784
2026-09-17 09:07:53,SPX,7551.81,7617.41,7635.0,1046,196,0.1734,0.000784
2026-09-17 09:07:53,SPX,7551.81,7617.41,7465.0,33,849,0.3715,0.000784
2026-09-17 09:07:53,SPX,7551.81,7617.41,7640.0,1208,301,0.1698,0.000784
2026-09-17 09:07:53,SPX,7551.81,7617.41,7460.0,9,1351,0.3776,0.000784
2026-09-17 09:07:53,SPX,7551.81,7617.41,7645.0,1269,222,0.1662,0.000784
2026-09-17 09:07:53,SPX,7551.81,7617.41,7455.0,26,1050,0.384,0.000784
2026-09-17 09:07:53,SPX,7551.81,7617.41,7650.0,2554,3382,0.1625,0.000784
2026-09-17 09:07:53,SPX,7551.81,7617.41,7450.0,414,3621,0.3904,0.000784
2026-09-17 09:07:53,SPX,7551.81,7617.41,7655.0,1613,198,0.1596,0.000784
2026-09-17 09:07:53,SPX,7551.81,7617.41,7445.0,22,956,0.397,0.000784
2026-09-17 09:07:53,SPX,7551.81,7617.41,7660.0,1495,291,0.157,0.000784
2026-09-17 09:07:53,SPX,7551.81,7617.41,7440.0,26,1224,0.4037,0.000784
2026-09-17 09:07:53,SPX,7551.81,7617.41,7665.0,1161,155,0.1562,0.000784
2026-09-17 09:07:53,SPX,7551.81,7617.41,7435.0,13,972,0.4105,0.000784
2026-09-17 09:07:53,SPX,7551.81,7617.41,7670.0,2846,466,0.1554,0.000784
2026-09-17 09:07:53,SPX,7551.81,7617.41,7430.0,3,1149,0.4174,0.000784
2026-09-17 09:07:53,SPX,7551.81,7617.41,7675.0,5237,3864,0.1553,0.000784
2026-09-17 09:07:53,SPX,7551.81,7617.41,7425.0,34,4728,0.4243,0.000784
2026-09-17 09:07:53,SPX,7551.81,7617.41,7680.0,1335,352,0.1559,0.000784
2026-09-17 09:07:53,SPX,7551.81,7617.41,7420.0,28,2734,0.4312,0.000784
2026-09-17 09:07:53,SPX,7551.81,7617.41,7685.0,1208,211,0.1569,0.000784
2026-09-17 09:07:53,SPX,7551.81,7617.41,7415.0,12,1524,0.4381,0.000784
2026-09-17 09:07:53,SPX,7551.81,7617.41,7690.0,1710,388,0.1584,0.000784
2026-09-17 09:07:53,SPX,7551.81,7617.41,7410.0,14,1498,0.445,0.000784
2026-09-17 09:07:53,SPX,7551.81,7617.41,7695.0,729,211,0.1604,0.000784
2026-09-17 09:07:53,SPX,7551.81,7617.41,7405.0,10,673,0.4518,0.000784
2026-09-17 09:07:53,SPX,7551.81,7617.41,7700.0,5946,566,0.1629,0.000784
2026-09-17 09:07:53,SPX,7551.81,7617.41,7400.0,32,2856,0.4586,0.000784
2026-09-17 09:07:53,SPX,7551.81,7617.41,7705.0,1033,167,0.1659,0.000784
2026-09-17 09:07:53,SPX,7551.81,7617.41,7395.0,1,713,0.4653,0.000784
2026-09-17 09:07:53,SPX,7551.81,7617.41,7710.0,1264,130,0.1694,0.000784
2026-09-17 09:07:53,SPX,7551.81,7617.41,7390.0,6,1922,0.472,0.000784
2026-09-17 09:07:53,SPX,7551.81,7617.41,7715.0,976,167,0.1734,0.000784
2026-09-17 09:07:53,SPX,7551.81,7617.41,7385.0,2,535,0.4786,0.000784
2026-09-17 09:07:53,SPX,7551.81,7617.41,7720.0,938,314,0.178,0.000784
2026-09-17 09:07:53,SPX,7551.81,7617.41,7380.0,45,1805,0.4851,0.000784
2026-09-17 09:07:53,SPX,7551.81,7617.41,7725.0,3333,149,0.1829,0.000784
2026-09-17 09:07:53,SPX,7551.81,7617.41,7375.0,5,3023,0.4916,0.000784
2026-09-17 09:07:53,SPX,7551.81,7617.41,7730.0,2689,77,0.1881,0.000784
2026-09-17 09:07:53,SPX,7551.81,7617.41,7370.0,34,1229,0.4981,0.000784
2026-09-17 09:07:53,SPX,7551.81,7617.41,7735.0,564,44,0.1936,0.000784
2026-09-17 09:07:53,SPX,7551.81,7617.41,7365.0,10,502,0.5045,0.000784
2026-09-17 09:07:53,SPX,7551.81,7617.41,7740.0,903,171,0.1991,0.000784
2026-09-17 09:07:53,SPX,7551.81,7617.41,7360.0,13,561,0.5109,0.000784
2026-09-17 09:07:53,SPX,7551.81,7617.41,7745.0,393,42,0.2047,0.000784
2026-09-17 09:07:53,SPX,7551.81,7617.41,7355.0,1,602,0.5174,0.000784
2026-09-17 09:07:53,SPX,7551.81,7617.41,7750.0,1471,201,0.2102,0.000784
2026-09-17 09:07:53,SPX,7551.81,7617.41,7350.0,41,8433,0.5238,0.000784
2026-09-17 09:07:53,SPX,7551.81,7617.41,7755.0,379,51,0.2157,0.000784
2026-09-17 09:07:53,SPX,7551.81,7617.41,7345.0,0,701,0.5303,0.000784
2026-09-17 09:07:53,SPX,7551.81,7617.41,7760.0,855,100,0.2209,0.000784
2026-09-17 09:07:53,SPX,7551.81,7617.41,7340.0,0,981,0.5368,0.000784
2026-09-17 09:07:53,SPX,7551.81,7617.41,7765.0,450,56,0.226,0.000784
2026-09-17 09:07:53,SPX,7551.81,7617.41,7335.0,0,2392,0.5434,0.000784
2026-09-17 09:07:53,SPX,7551.81,7617.41,7770.0,1513,62,0.2308,0.000784
2026-09-17 09:07:53,SPX,7551.81,7617.41,7330.0,3,910,0.55,0.000784
2026-09-17 09:07:53,SPX,7551.81,7617.41,7775.0,1138,57,0.2354,0.000784
2026-09-17 09:07:53,SPX,7551.81,7617.41,7325.0,0,8468,0.5567,0.000784
2026-09-17 09:07:53,SPX,7551.81,7617.41,7780.0,2356,39,0.2396,0.000784
2026-09-17 09:07:53,SPX,7551.81,7617.41,7320.0,2,836,0.5634,0.000784
2026-09-17 09:07:53,SPX,7551.81,7617.41,7785.0,1822,29,0.2434,0.000784
2026-09-17 09:07:53,SPX,7551.81,7617.41,7315.0,3,416,0.5702,0.000784
2026-09-17 09:07:53,SPX,7551.81,7617.41,7790.0,3260,36,0.2468,0.000784
2026-09-17 09:07:53,SPX,7551.81,7617.41,7310.0,1,397,0.577,0.000784
2026-09-17 09:07:53,SPX,7551.81,7617.41,7795.0,6829,11,0.2498,0.000784
2026-09-17 09:07:53,SPX,7551.81,7617.41,7305.0,5,705,0.5839,0.000784
2026-09-17 09:07:53,SPX,7551.81,7617.41,7800.0,9270,103,0.2525,0.000784
2026-09-17 09:07:53,SPX,7551.81,7617.41,7550.0,2789,8543,0.1971,0.003521
2026-09-17 09:07:53,SPX,7551.81,7617.41,7555.0,176,587,0.195,0.003521
2026-09-17 09:07:53,SPX,7551.81,7617.41,7545.0,1977,2390,0.2005,0.003521
2026-09-17 09:07:53,SPX,7551.81,7617.41,7560.0,348,801,0.1911,0.003521
2026-09-17 09:07:53,SPX,7551.81,7617.41,7540.0,145,1172,0.2023,0.003521
2026-09-17 09:07:53,SPX,7551.81,7617.41,7565.0,675,575,0.1895,0.003521
2026-09-17 09:07:53,SPX,7551.81,7617.41,7535.0,226,1111,0.2036,0.003521
2026-09-17 09:07:53,SPX,7551.81,7617.41,7570.0,535,1083,0.186,0.003521
2026-09-17 09:07:53,SPX,7551.81,7617.41,7530.0,184,1152,0.2064,0.003521
2026-09-17 09:07:53,SPX,7551.81,7617.41,7575.0,701,2374,0.1834,0.003521
2026-09-17 09:07:53,SPX,7551.81,7617.41,7525.0,232,1122,0.2097,0.003521
2026-09-17 09:07:53,SPX,7551.81,7617.41,7580.0,953,946,0.1805,0.003521
2026-09-17 09:07:53,SPX,7551.81,7617.41,7520.0,140,1349,0.2128,0.003521
2026-09-17 09:07:53,SPX,7551.81,7617.41,7585.0,447,574,0.178,0.003521
2026-09-17 09:07:53,SPX,7551.81,7617.41,7515.0,143,841,0.2166,0.003521
2026-09-17 09:07:53,SPX,7551.81,7617.41,7590.0,549,1030,0.1756,0.003521
2026-09-17 09:07:53,SPX,7551.81,7617.41,7510.0,154,970,0.2188,0.003521
2026-09-17 09:07:53,SPX,7551.81,7617.41,7595.0,323,725,0.1729,0.003521
2026-09-17 09:07:53,SPX,7551.81,7617.41,7505.0,96,679,0.2196,0.003521
2026-09-17 09:07:53,SPX,7551.81,7617.41,7600.0,4785,5804,0.1704,0.003521
2026-09-17 09:07:53,SPX,7551.81,7617.41,7500.0,891,3885,0.2223,0.003521
2026-09-17 09:07:53,SPX,7551.81,7617.41,7605.0,795,2812,0.1675,0.003521
2026-09-17 09:07:53,SPX,7551.81,7617.41,7495.0,647,1987,0.2265,0.003521
2026-09-17 09:07:53,SPX,7551.81,7617.41,7610.0,907,956,0.1657,0.003521
2026-09-17 09:07:53,SPX,7551.81,7617.41,7490.0,71,1004,0.2271,0.003521
2026-09-17 09:07:53,SPX,7551.81,7617.41,7615.0,1057,2408,0.1643,0.003521
2026-09-17 09:07:53,SPX,7551.81,7617.41,7485.0,68,463,0.2288,0.003521
2026-09-17 09:07:53,SPX,7551.81,7617.41,7620.0,785,554,0.1616,0.003521
2026-09-17 09:07:53,SPX,7551.81,7617.41,7480.0,112,1181,0.2319,0.003521
2026-09-17 09:07:53,SPX,7551.81,7617.41,7625.0,1767,4635,0.1582,0.003521
2026-09-17 09:07:53,SPX,7551.81,7617.41,7475.0,333,1738,0.2347,0.003521
2026-09-17 09:07:53,SPX,7551.81,7617.41,7630.0,642,3316,0.1561,0.003521
2026-09-17 09:07:53,SPX,7551.81,7617.41,7470.0,97,1130,0.2384,0.003521
2026-09-17 09:07:53,SPX,7551.81,7617.41,7635.0,911,1251,0.1537,0.003521
2026-09-17 09:07:53,SPX,7551.81,7617.41,7465.0,31,1706,0.2404,0.003521
2026-09-17 09:07:53,SPX,7551.81,7617.41,7640.0,782,1233,0.1517,0.003521
2026-09-17 09:07:53,SPX,7551.81,7617.41,7460.0,102,1027,0.2417,0.003521
2026-09-17 09:07:53,SPX,7551.81,7617.41,7645.0,508,452,0.1495,0.003521
2026-09-17 09:07:53,SPX,7551.81,7617.41,7455.0,70,572,0.2436,0.003521
2026-09-17 09:07:53,SPX,7551.81,7617.41,7650.0,6295,6150,0.1477,0.003521
2026-09-17 09:07:53,SPX,7551.81,7617.41,7450.0,344,3283,0.2456,0.003521
2026-09-17 09:07:53,SPX,7551.81,7617.41,7655.0,727,3309,0.1461,0.003521
2026-09-17 09:07:53,SPX,7551.81,7617.41,7445.0,70,760,0.2493,0.003521
2026-09-17 09:07:53,SPX,7551.81,7617.41,7660.0,2473,3154,0.1443,0.003521
2026-09-17 09:07:53,SPX,7551.81,7617.41,7440.0,79,1483,0.2514,0.003521
2026-09-17 09:07:53,SPX,7551.81,7617.41,7665.0,841,392,0.1427,0.003521
2026-09-17 09:07:53,SPX,7551.81,7617.41,7435.0,20,1659,0.2544,0.003521
2026-09-17 09:07:53,SPX,7551.81,7617.41,7670.0,1463,660,0.1412,0.003521
2026-09-17 09:07:53,SPX,7551.81,7617.41,7430.0,152,978,0.2574,0.003521
2026-09-17 09:07:53,SPX,7551.81,7617.41,7675.0,5592,3236,0.1399,0.003521
2026-09-17 09:07:53,SPX,7551.81,7617.41,7425.0,449,2516,0.2599,0.003521
2026-09-17 09:07:53,SPX,7551.81,7617.41,7680.0,3781,614,0.1389,0.003521
2026-09-17 09:07:53,SPX,7551.81,7617.41,7420.0,97,757,0.2637,0.003521
2026-09-17 09:07:53,SPX,7551.81,7617.41,7685.0,1113,385,0.1378,0.003521
2026-09-17 09:07:53,SPX,7551.81,7617.41,7415.0,55,792,0.2675,0.003521
2026-09-17 09:07:53,SPX,7551.81,7617.41,7690.0,1091,1619,0.137,0.003521
2026-09-17 09:07:53,SPX,7551.81,7617.41,7410.0,269,1274,0.2708,0.003521
2026-09-17 09:07:53,SPX,7551.81,7617.41,7695.0,1758,611,0.1364,0.003521
2026-09-17 09:07:53,SPX,7551.81,7617.41,7405.0,158,891,0.2735,0.003521
2026-09-17 09:07:53,SPX,7551.81,7617.41,7700.0,10448,5604,0.1359,0.003521
2026-09-17 09:07:53,SPX,7551.81,7617.41,7400.0,1057,6101,0.2758,0.003521
2026-09-17 09:07:53,SPX,7551.81,7617.41,7705.0,3410,676,0.1358,0.003521
2026-09-17 09:07:53,SPX,7551.81,7617.41,7395.0,30,2413,0.2779,0.003521
2026-09-17 09:07:53,SPX,7551.81,7617.41,7710.0,774,393,0.1354,0.003521
2026-09-17 09:07:53,SPX,7551.81,7617.41,7390.0,33,1245,0.2801,0.003521
2026-09-17 09:07:53,SPX,7551.81,7617.41,7715.0,1516,365,0.1353,0.003521
2026-09-17 09:07:53,SPX,7551.81,7617.41,7385.0,78,943,0.2824,0.003521
2026-09-17 09:07:53,SPX,7551.81,7617.41,7720.0,732,1172,0.1353,0.003521
2026-09-17 09:07:53,SPX,7551.81,7617.41,7380.0,68,1279,0.285,0.003521
2026-09-17 09:07:53,SPX,7551.81,7617.41,7725.0,3288,1225,0.1354,0.003521
2026-09-17 09:07:53,SPX,7551.81,7617.41,7375.0,138,1774,0.2878,0.003521
2026-09-17 09:07:53,SPX,7551.81,7617.41,7730.0,776,460,0.1357,0.003521
2026-09-17 09:07:53,SPX,7551.81,7617.41,7370.0,96,843,0.2908,0.003521
2026-09-17 09:07:53,SPX,7551.81,7617.41,7735.0,974,665,0.1359,0.003521
2026-09-17 09:07:53,SPX,7551.81,7617.41,7365.0,77,371,0.2939,0.003521
2026-09-17 09:07:53,SPX,7551.81,7617.41,7740.0,1661,425,0.1359,0.003521
2026-09-17 09:07:53,SPX,7551.81,7617.41,7360.0,37,1759,0.2972,0.003521
2026-09-17 09:07:53,SPX,7551.81,7617.41,7745.0,941,179,0.1362,0.003521
2026-09-17 09:07:53,SPX,7551.81,7617.41,7355.0,51,435,0.3006,0.003521
2026-09-17 09:07:53,SPX,7551.81,7617.41,7750.0,3182,1431,0.1371,0.003521
2026-09-17 09:07:53,SPX,7551.81,7617.41,7350.0,117,3737,0.3042,0.003521
2026-09-17 09:07:53,SPX,7551.81,7617.41,7755.0,1730,147,0.1386,0.003521
2026-09-17 09:07:53,SPX,7551.81,7617.41,7345.0,181,563,0.3079,0.003521
2026-09-17 09:07:53,SPX,7551.81,7617.41,7760.0,2092,87,0.1403,0.003521
2026-09-17 09:07:53,SPX,7551.81,7617.41,7340.0,40,1079,0.3116,0.003521
2026-09-17 09:07:53,SPX,7551.81,7617.41,7765.0,1300,221,0.1421,0.003521
2026-09-17 09:07:53,SPX,7551.81,7617.41,7335.0,11,634,0.3154,0.003521
2026-09-17 09:07:53,SPX,7551.81,7617.41,7770.0,986,242,0.144,0.003521
2026-09-17 09:07:53,SPX,7551.81,7617.41,7330.0,55,2019,0.3191,0.003521
2026-09-17 09:07:53,SPX,7551.81,7617.41,7775.0,2208,479,0.1459,0.003521
2026-09-17 09:07:53,SPX,7551.81,7617.41,7325.0,305,2287,0.3228,0.003521
2026-09-17 09:07:53,SPX,7551.81,7617.41,7780.0,1650,246,0.1479,0.003521
2026-09-17 09:07:53,SPX,7551.81,7617.41,7320.0,97,2344,0.3265,0.003521
2026-09-17 09:07:53,SPX,7551.81,7617.41,7785.0,1661,259,0.1498,0.003521
2026-09-17 09:07:53,SPX,7551.81,7617.41,7315.0,23,1089,0.3301,0.003521
2026-09-17 09:07:53,SPX,7551.81,7617.41,7790.0,1693,179,0.1518,0.003521
2026-09-17 09:07:53,SPX,7551.81,7617.41,7310.0,25,1057,0.3337,0.003521
2026-09-17 09:07:53,SPX,7551.81,7617.41,7795.0,1028,146,0.1538,0.003521
2026-09-17 09:07:53,SPX,7551.81,7617.41,7305.0,13,506,0.3372,0.003521
2026-09-17 09:07:53,SPX,7551.81,7617.41,7800.0,5655,695,0.1559,0.003521
2026-09-17 09:07:53,SPX,7551.81,7617.41,7550.0,167,702,0.1336,0.011735
2026-09-17 09:07:53,SPX,7551.81,7617.41,7555.0,31,220,0.1324,0.011735
2026-09-17 09:07:53,SPX,7551.81,7617.41,7545.0,22,120,0.1349,0.011735
2026-09-17 09:07:53,SPX,7551.81,7617.41,7560.0,190,383,0.1311,0.011735
2026-09-17 09:07:53,SPX,7551.81,7617.41,7540.0,69,158,0.1362,0.011735
2026-09-17 09:07:53,SPX,7551.81,7617.41,7565.0,48,129,0.1298,0.011735
2026-09-17 09:07:53,SPX,7551.81,7617.41,7535.0,74,135,0.1376,0.011735
2026-09-17 09:07:53,SPX,7551.81,7617.41,7570.0,69,233,0.1285,0.011735
2026-09-17 09:07:53,SPX,7551.81,7617.41,7530.0,49,244,0.1391,0.011735
2026-09-17 09:07:53,SPX,7551.81,7617.41,7575.0,95,494,0.1269,0.011735
2026-09-17 09:07:53,SPX,7551.81,7617.41,7525.0,62,339,0.1407,0.011735
2026-09-17 09:07:53,SPX,7551.81,7617.41,7580.0,120,343,0.1252,0.011735
2026-09-17 09:07:53,SPX,7551.81,7617.41,7520.0,33,651,0.1423,0.011735
2026-09-17 09:07:53,SPX,7551.81,7617.41,7585.0,473,207,0.1236,0.011735
2026-09-17 09:07:53,SPX,7551.81,7617.41,7515.0,44,105,0.1439,0.011735
2026-09-17 09:07:53,SPX,7551.81,7617.41,7590.0,120,369,0.122,0.011735
2026-09-17 09:07:53,SPX,7551.81,7617.41,7510.0,25,320,0.1455,0.011735
2026-09-17 09:07:53,SPX,7551.81,7617.41,7595.0,78,265,0.1206,0.011735
2026-09-17 09:07:53,SPX,7551.81,7617.41,7505.0,16,126,0.1471,0.011735
2026-09-17 09:07:53,SPX,7551.81,7617.41,7600.0,460,900,0.1191,0.011735
2026-09-17 09:07:53,SPX,7551.81,7617.41,7500.0,31,1972,0.1487,0.011735
2026-09-17 09:07:53,SPX,7551.81,7617.41,7605.0,163,132,0.1178,0.011735
2026-09-17 09:07:53,SPX,7551.81,7617.41,7495.0,13,410,0.1502,0.011735
2026-09-17 09:07:53,SPX,7551.81,7617.41,7610.0,164,259,0.1166,0.011735
2026-09-17 09:07:53,SPX,7551.81,7617.41,7490.0,11,298,0.1517,0.011735
2026-09-17 09:07:53,SPX,7551.81,7617.41,7615.0,179,186,0.1154,0.011735
2026-09-17 09:07:53,SPX,7551.81,7617.41,7485.0,5,157,0.1532,0.011735
2026-09-17 09:07:53,SPX,7551.81,7617.41,7620.0,196,163,0.1145,0.011735
2026-09-17 09:07:53,SPX,7551.81,7617.41,7480.0,7,215,0.1546,0.011735
2026-09-17 09:07:53,SPX,7551.81,7617.41,7625.0,170,445,0.1128,0.011735
2026-09-17 09:07:53,SPX,7551.81,7617.41,7475.0,94,661,0.156,0.011735
2026-09-17 09:07:53,SPX,7551.81,7617.41,7630.0,276,417,0.1115,0.011735
2026-09-17 09:07:53,SPX,7551.81,7617.41,7470.0,10,250,0.1574,0.011735
2026-09-17 09:07:53,SPX,7551.81,7617.41,7635.0,204,390,0.1104,0.011735
2026-09-17 09:07:53,SPX,7551.81,7617.41,7465.0,1,160,0.1587,0.011735
2026-09-17 09:07:53,SPX,7551.81,7617.41,7640.0,281,264,0.1093,0.011735
2026-09-17 09:07:53,SPX,7551.81,7617.41,7460.0,22,213,0.1601,0.011735
2026-09-17 09:07:53,SPX,7551.81,7617.41,7645.0,221,49,0.1082,0.011735
2026-09-17 09:07:53,SPX,7551.81,7617.41,7455.0,3,78,0.1614,0.011735
2026-09-17 09:07:53,SPX,7551.81,7617.41,7650.0,664,713,0.1072,0.011735
2026-09-17 09:07:53,SPX,7551.81,7617.41,7450.0,26,647,0.1628,0.011735
2026-09-17 09:07:53,SPX,7551.81,7617.41,7655.0,219,59,0.1063,0.011735
2026-09-17 09:07:53,SPX,7551.81,7617.41,7445.0,10,79,0.1641,0.011735
2026-09-17 09:07:53,SPX,7551.81,7617.41,7660.0,379,188,0.1054,0.011735
2026-09-17 09:07:53,SPX,7551.81,7617.41,7440.0,2,152,0.1655,0.011735
2026-09-17 09:07:53,SPX,7551.81,7617.41,7665.0,211,87,0.1045,0.011735
2026-09-17 09:07:53,SPX,7551.81,7617.41,7435.0,1,105,0.1669,0.011735
2026-09-17 09:07:53,SPX,7551.81,7617.41,7670.0,466,207,0.1036,0.011735
2026-09-17 09:07:53,SPX,7551.81,7617.41,7430.0,4,427,0.1683,0.011735
2026-09-17 09:07:53,SPX,7551.81,7617.41,7675.0,375,667,0.1027,0.011735
2026-09-17 09:07:53,SPX,7551.81,7617.41,7425.0,9,893,0.1697,0.011735
2026-09-17 09:07:53,SPX,7551.81,7617.41,7680.0,314,108,0.1018,0.011735
2026-09-17 09:07:53,SPX,7551.81,7617.41,7420.0,4,210,0.1711,0.011735
2026-09-17 09:07:53,SPX,7551.81,7617.41,7685.0,247,50,0.1008,0.011735
2026-09-17 09:07:53,SPX,7551.81,7617.41,7415.0,0,154,0.1726,0.011735
2026-09-17 09:07:53,SPX,7551.81,7617.41,7690.0,390,170,0.0997,0.011735
2026-09-17 09:07:53,SPX,7551.81,7617.41,7410.0,1,188,0.174,0.011735
2026-09-17 09:07:53,SPX,7551.81,7617.41,7695.0,318,61,0.0986,0.011735
2026-09-17 09:07:53,SPX,7551.81,7617.41,7405.0,1,206,0.1755,0.011735
2026-09-17 09:07:53,SPX,7551.81,7617.41,7700.0,4505,3404,0.0977,0.011735
2026-09-17 09:07:53,SPX,7551.81,7617.41,7400.0,5,792,0.177,0.011735
2026-09-17 09:07:53,SPX,7551.81,7617.41,7705.0,364,52,0.0969,0.011735
2026-09-17 09:07:53,SPX,7551.81,7617.41,7395.0,1,181,0.1785,0.011735
2026-09-17 09:07:53,SPX,7551.81,7617.41,7710.0,688,127,0.0963,0.011735
2026-09-17 09:07:53,SPX,7551.81,7617.41,7390.0,0,208,0.18,0.011735
2026-09-17 09:07:53,SPX,7551.81,7617.41,7715.0,442,26,0.0958,0.011735
2026-09-17 09:07:53,SPX,7551.81,7617.41,7385.0,2,182,0.1815,0.011735
2026-09-17 09:07:53,SPX,7551.81,7617.41,7720.0,461,172,0.0954,0.011735
2026-09-17 09:07:53,SPX,7551.81,7617.41,7380.0,3,446,0.1831,0.011735
2026-09-17 09:07:53,SPX,7551.81,7617.41,7725.0,1113,399,0.0951,0.011735
2026-09-17 09:07:53,SPX,7551.81,7617.41,7375.0,1,369,0.1846,0.011735
2026-09-17 09:07:53,SPX,7551.81,7617.41,7730.0,577,164,0.0948,0.011735
2026-09-17 09:07:53,SPX,7551.81,7617.41,7370.0,1,334,0.1862,0.011735
2026-09-17 09:07:53,SPX,7551.81,7617.41,7735.0,622,30,0.0945,0.011735
2026-09-17 09:07:53,SPX,7551.81,7617.41,7365.0,0,89,0.1878,0.011735
2026-09-17 09:07:53,SPX,7551.81,7617.41,7740.0,809,205,0.0942,0.011735
2026-09-17 09:07:53,SPX,7551.81,7617.41,7360.0,3,6114,0.1894,0.011735
2026-09-17 09:07:53,SPX,7551.81,7617.41,7745.0,323,31,0.0939,0.011735
2026-09-17 09:07:53,SPX,7551.81,7617.41,7355.0,0,256,0.191,0.011735
2026-09-17 09:07:53,SPX,7551.81,7617.41,7750.0,1461,338,0.0935,0.011735
2026-09-17 09:07:53,SPX,7551.81,7617.41,7350.0,2,6635,0.1926,0.011735
2026-09-17 09:07:53,SPX,7551.81,7617.41,7755.0,260,7,0.0932,0.011735
2026-09-17 09:07:53,SPX,7551.81,7617.41,7345.0,0,118,0.1943,0.011735
2026-09-17 09:07:53,SPX,7551.81,7617.41,7760.0,543,93,0.093,0.011735
2026-09-17 09:07:53,SPX,7551.81,7617.41,7340.0,0,342,0.1959,0.011735
2026-09-17 09:07:53,SPX,7551.81,7617.41,7765.0,495,2,0.0928,0.011735
2026-09-17 09:07:53,SPX,7551.81,7617.41,7335.0,0,132,0.1976,0.011735
2026-09-17 09:07:53,SPX,7551.81,7617.41,7770.0,424,30,0.0926,0.011735
2026-09-17 09:07:53,SPX,7551.81,7617.41,7330.0,0,358,0.1992,0.011735
2026-09-17 09:07:53,SPX,7551.81,7617.41,7775.0,1335,142,0.0926,0.011735
2026-09-17 09:07:53,SPX,7551.81,7617.41,7325.0,1,344,0.2009,0.011735
2026-09-17 09:07:53,SPX,7551.81,7617.41,7780.0,551,27,0.0927,0.011735
2026-09-17 09:07:53,SPX,7551.81,7617.41,7320.0,2,162,0.2025,0.011735
2026-09-17 09:07:53,SPX,7551.81,7617.41,7785.0,347,0,0.0929,0.011735
2026-09-17 09:07:53,SPX,7551.81,7617.41,7315.0,0,95,0.2042,0.011735
2026-09-17 09:07:53,SPX,7551.81,7617.41,7790.0,487,77,0.0933,0.011735
2026-09-17 09:07:53,SPX,7551.81,7617.41,7310.0,0,197,0.2059,0.011735
2026-09-17 09:07:53,SPX,7551.81,7617.41,7795.0,624,0,0.0937,0.011735
2026-09-17 09:07:53,SPX,7551.81,7617.41,7305.0,0,104,0.2076,0.011735
2026-09-17 09:07:53,SPX,7551.81,7617.41,7800.0,1775,478,0.0943,0.011735
2026-09-17 09:33:00,SPX,7641.09,7619.78,7640.0,1208,301,0.1639,0.000736
2026-09-17 09:33:00,SPX,7641.09,7619.78,7645.0,1269,222,0.1604,0.000736
2026-09-17 09:33:00,SPX,7641.09,7619.78,7635.0,1046,196,0.1687,0.000736
2026-09-17 09:33:00,SPX,7641.09,7619.78,7650.0,2554,0,0.15,0.000736
2026-09-17 09:33:00,SPX,7641.09,7619.78,7630.0,0,398,0.1731,0.000736
2026-09-17 09:33:00,SPX,7641.09,7619.78,7655.0,1613,198,0.1533,0.000736
2026-09-17 09:33:00,SPX,7641.09,7619.78,7625.0,1787,0,0.15,0.000736
2026-09-17 09:33:00,SPX,7641.09,7619.78,7665.0,1161,0,0.1253,0.000736
2026-09-17 09:33:00,SPX,7641.09,7619.78,7670.0,0,466,0.1284,0.000736
2026-09-17 09:33:00,SPX,7641.09,7619.78,7610.0,0,969,0.2064,0.000736
2026-09-17 09:33:00,SPX,7641.09,7619.78,7605.0,1093,394,0.1979,0.000736
2026-09-17 09:33:00,SPX,7641.09,7619.78,7680.0,1335,352,0.148,0.000736
2026-09-17 09:33:00,SPX,7641.09,7619.78,7600.0,3732,984,0.2022,0.000736
2026-09-17 09:33:00,SPX,7641.09,7619.78,7685.0,1208,211,0.1491,0.000736
2026-09-17 09:33:00,SPX,7641.09,7619.78,7595.0,647,673,0.2078,0.000736
2026-09-17 09:33:00,SPX,7641.09,7619.78,7690.0,1710,388,0.151,0.000736
2026-09-17 09:33:00,SPX,7641.09,7619.78,7590.0,1601,689,0.2126,0.000736
2026-09-17 09:33:00,SPX,7641.09,7619.78,7695.0,729,211,0.1534,0.000736
2026-09-17 09:33:00,SPX,7641.09,7619.78,7585.0,527,518,0.2138,0.000736
2026-09-17 09:33:00,SPX,7641.09,7619.78,7700.0,5946,566,0.1564,0.000736
2026-09-17 09:33:00,SPX,7641.09,7619.78,7580.0,1067,943,0.2228,0.000736
2026-09-17 09:33:00,SPX,7641.09,7619.78,7705.0,1033,167,0.16,0.000736
2026-09-17 09:33:00,SPX,7641.09,7619.78,7575.0,1221,787,0.2291,0.000736
2026-09-17 09:33:00,SPX,7641.09,7619.78,7710.0,1264,130,0.1644,0.000736
2026-09-17 09:33:00,SPX,7641.09,7619.78,7570.0,659,801,0.2331,0.000736
2026-09-17 09:33:00,SPX,7641.09,7619.78,7715.0,976,167,0.1694,0.000736
2026-09-17 09:33:00,SPX,7641.09,7619.78,7565.0,477,398,0.2357,0.000736
2026-09-17 09:33:00,SPX,7641.09,7619.78,7720.0,938,314,0.1748,0.000736
2026-09-17 09:33:00,SPX,7641.09,7619.78,7560.0,752,714,0.2439,0.000736
2026-09-17 09:33:00,SPX,7641.09,7619.78,7725.0,3333,149,0.1806,0.000736
2026-09-17 09:33:00,SPX,7641.09,7619.78,7555.0,1328,578,0.2474,0.000736
2026-09-17 09:33:00,SPX,7641.09,7619.78,7730.0,2689,77,0.1866,0.000736
2026-09-17 09:33:00,SPX,7641.09,7619.78,7550.0,2212,1562,0.2524,0.000736
2026-09-17 09:33:00,SPX,7641.09,7619.78,7735.0,564,44,0.1927,0.000736
2026-09-17 09:33:00,SPX,7641.09,7619.78,7545.0,490,658,0.2607,0.000736
2026-09-17 09:33:00,SPX,7641.09,7619.78,7740.0,903,171,0.1988,0.000736
2026-09-17 09:33:00,SPX,7641.09,7619.78,7540.0,345,1146,0.2683,0.000736
2026-09-17 09:33:00,SPX,7641.09,7619.78,7745.0,393,42,0.2048,0.000736
2026-09-17 09:33:00,SPX,7641.09,7619.78,7535.0,277,719,0.2718,0.000736
2026-09-17 09:33:00,SPX,7641.09,7619.78,7750.0,1471,201,0.2108,0.000736
2026-09-17 09:33:00,SPX,7641.09,7619.78,7530.0,316,791,0.2771,0.000736
2026-09-17 09:33:00,SPX,7641.09,7619.78,7755.0,379,51,0.2169,0.000736
2026-09-17 09:33:00,SPX,7641.09,7619.78,7525.0,625,1441,0.2816,0.000736
2026-09-17 09:33:00,SPX,7641.09,7619.78,7760.0,855,100,0.2229,0.000736
2026-09-17 09:33:00,SPX,7641.09,7619.78,7520.0,462,1558,0.2861,0.000736
2026-09-17 09:33:00,SPX,7641.09,7619.78,7765.0,450,56,0.2288,0.000736
2026-09-17 09:33:00,SPX,7641.09,7619.78,7515.0,109,667,0.2922,0.000736
2026-09-17 09:33:00,SPX,7641.09,7619.78,7770.0,1513,62,0.2344,0.000736
2026-09-17 09:33:00,SPX,7641.09,7619.78,7510.0,175,3312,0.2997,0.000736
2026-09-17 09:33:00,SPX,7641.09,7619.78,7775.0,1138,57,0.2395,0.000736
2026-09-17 09:33:00,SPX,7641.09,7619.78,7505.0,100,596,0.3075,0.000736
2026-09-17 09:33:00,SPX,7641.09,7619.78,7780.0,2356,39,0.2441,0.000736
2026-09-17 09:33:00,SPX,7641.09,7619.78,7500.0,527,4190,0.3151,0.000736
2026-09-17 09:33:00,SPX,7641.09,7619.78,7785.0,1822,29,0.2481,0.000736
2026-09-17 09:33:00,SPX,7641.09,7619.78,7495.0,36,1579,0.3223,0.000736
2026-09-17 09:33:00,SPX,7641.09,7619.78,7790.0,3260,36,0.2513,0.000736
2026-09-17 09:33:00,SPX,7641.09,7619.78,7490.0,25,1973,0.3292,0.000736
2026-09-17 09:33:00,SPX,7641.09,7619.78,7795.0,6829,11,0.2539,0.000736
2026-09-17 09:33:00,SPX,7641.09,7619.78,7485.0,40,934,0.3357,0.000736
2026-09-17 09:33:00,SPX,7641.09,7619.78,7800.0,9270,103,0.2559,0.000736
2026-09-17 09:33:00,SPX,7641.09,7619.78,7480.0,78,966,0.3419,0.000736
2026-09-17 09:33:00,SPX,7641.09,7619.78,7805.0,2220,11,0.2575,0.000736
2026-09-17 09:33:00,SPX,7641.09,7619.78,7475.0,41,1278,0.3479,0.000736
2026-09-17 09:33:00,SPX,7641.09,7619.78,7810.0,706,4,0.2586,0.000736
2026-09-17 09:33:00,SPX,7641.09,7619.78,7470.0,43,2274,0.3537,0.000736
2026-09-17 09:33:00,SPX,7641.09,7619.78,7815.0,922,2,0.2593,0.000736
2026-09-17 09:33:00,SPX,7641.09,7619.78,7465.0,33,849,0.3595,0.000736
2026-09-17 09:33:00,SPX,7641.09,7619.78,7820.0,421,16,0.2597,0.000736
2026-09-17 09:33:00,SPX,7641.09,7619.78,7460.0,9,1351,0.3654,0.000736
2026-09-17 09:33:00,SPX,7641.09,7619.78,7825.0,1073,73,0.2597,0.000736
2026-09-17 09:33:00,SPX,7641.09,7619.78,7455.0,0,1050,0.3714,0.000736
2026-09-17 09:33:00,SPX,7641.09,7619.78,7830.0,794,3,0.2594,0.000736
2026-09-17 09:33:00,SPX,7641.09,7619.78,7450.0,414,3621,0.3775,0.000736
2026-09-17 09:33:00,SPX,7641.09,7619.78,7835.0,516,0,0.259,0.000736
2026-09-17 09:33:00,SPX,7641.09,7619.78,7445.0,22,956,0.3836,0.000736
2026-09-17 09:33:00,SPX,7641.09,7619.78,7840.0,509,23,0.2583,0.000736
2026-09-17 09:33:00,SPX,7641.09,7619.78,7440.0,26,1224,0.3898,0.000736
2026-09-17 09:33:00,SPX,7641.09,7619.78,7845.0,439,0,0.2574,0.000736
2026-09-17 09:33:00,SPX,7641.09,7619.78,7435.0,13,972,0.3961,0.000736
2026-09-17 09:33:00,SPX,7641.09,7619.78,7850.0,631,53,0.2563,0.000736
2026-09-17 09:33:00,SPX,7641.09,7619.78,7430.0,3,1149,0.4027,0.000736
2026-09-17 09:33:00,SPX,7641.09,7619.78,7855.0,452,1,0.2551,0.000736
2026-09-17 09:33:00,SPX,7641.09,7619.78,7425.0,34,4728,0.4094,0.000736
2026-09-17 09:33:00,SPX,7641.09,7619.78,7860.0,288,0,0.2538,0.000736
2026-09-17 09:33:00,SPX,7641.09,7619.78,7420.0,28,2734,0.4163,0.000736
2026-09-17 09:33:00,SPX,7641.09,7619.78,7865.0,198,0,0.2523,0.000736
2026-09-17 09:33:00,SPX,7641.09,7619.78,7415.0,12,1524,0.4234,0.000736
2026-09-17 09:33:00,SPX,7641.09,7619.78,7870.0,3187,2,0.2508,0.000736
2026-09-17 09:33:00,SPX,7641.09,7619.78,7410.0,14,1498,0.4306,0.000736
2026-09-17 09:33:00,SPX,7641.09,7619.78,7875.0,681,10,0.2491,0.000736
2026-09-17 09:33:00,SPX,7641.09,7619.78,7405.0,10,673,0.4379,0.000736
2026-09-17 09:33:00,SPX,7641.09,7619.78,7880.0,1369,3,0.2474,0.000736
2026-09-17 09:33:00,SPX,7641.09,7619.78,7400.0,32,2856,0.4453,0.000736
2026-09-17 09:33:00,SPX,7641.09,7619.78,7885.0,7177,7,0.2456,0.000736
2026-09-17 09:33:00,SPX,7641.09,7619.78,7395.0,1,713,0.4527,0.000736
2026-09-17 09:33:00,SPX,7641.09,7619.78,7890.0,3264,0,0.2438,0.000736
2026-09-17 09:33:00,SPX,7641.09,7619.78,7640.0,782,1233,0.1486,0.003474
2026-09-17 09:33:00,SPX,7641.09,7619.78,7645.0,508,452,0.147,0.003474
2026-09-17 09:33:00,SPX,7641.09,7619.78,7635.0,911,1251,0.1504,0.003474
2026-09-17 09:33:00,SPX,7641.09,7619.78,7650.0,6295,6150,0.1454,0.003474
2026-09-17 09:33:00,SPX,7641.09,7619.78,7630.0,642,3316,0.1536,0.003474
2026-09-17 09:33:00,SPX,7641.09,7619.78,7655.0,727,3309,0.144,0.003474
2026-09-17 09:33:00,SPX,7641.09,7619.78,7625.0,1767,4635,0.1555,0.003474
2026-09-17 09:33:00,SPX,7641.09,7619.78,7660.0,2473,3154,0.1422,0.003474
2026-09-17 09:33:00,SPX,7641.09,7619.78,7620.0,785,554,0.1569,0.003474
2026-09-17 09:33:00,SPX,7641.09,7619.78,7665.0,841,392,0.1408,0.003474
2026-09-17 09:33:00,SPX,7641.09,7619.78,7615.0,1057,2408,0.1591,0.003474
2026-09-17 09:33:00,SPX,7641.09,7619.78,7670.0,1463,660,0.1391,0.003474
2026-09-17 09:33:00,SPX,7641.09,7619.78,7610.0,907,956,0.1628,0.003474
2026-09-17 09:33:00,SPX,7641.09,7619.78,7675.0,5592,3236,0.1372,0.003474
2026-09-17 09:33:00,SPX,7641.09,7619.78,7605.0,795,2812,0.1646,0.003474
2026-09-17 09:33:00,SPX,7641.09,7619.78,7680.0,3781,614,0.1355,0.003474
2026-09-17 09:33:00,SPX,7641.09,7619.78,7600.0,4785,5804,0.1657,0.003474
2026-09-17 09:33:00,SPX,7641.09,7619.78,7685.0,1113,385,0.1341,0.003474
2026-09-17 09:33:00,SPX,7641.09,7619.78,7595.0,323,725,0.1681,0.003474
2026-09-17 09:33:00,SPX,7641.09,7619.78,7690.0,1091,1619,0.1331,0.003474
2026-09-17 09:33:00,SPX,7641.09,7619.78,7590.0,549,1030,0.1704,0.003474
2026-09-17 09:33:00,SPX,7641.09,7619.78,7695.0,1758,611,0.1324,0.003474
2026-09-17 09:33:00,SPX,7641.09,7619.78,7585.0,447,574,0.1729,0.003474
2026-09-17 09:33:00,SPX,7641.09,7619.78,7700.0,10448,5604,0.1321,0.003474
2026-09-17 09:33:00,SPX,7641.09,7619.78,7580.0,953,946,0.1758,0.003474
2026-09-17 09:33:00,SPX,7641.09,7619.78,7705.0,3410,676,0.132,0.003474
2026-09-17 09:33:00,SPX,7641.09,7619.78,7575.0,701,2374,0.1782,0.003474
2026-09-17 09:33:00,SPX,7641.09,7619.78,7710.0,774,393,0.1323,0.003474
2026-09-17 09:33:00,SPX,7641.09,7619.78,7570.0,535,1083,0.181,0.003474
2026-09-17 09:33:00,SPX,7641.09,7619.78,7715.0,1516,365,0.1327,0.003474
2026-09-17 09:33:00,SPX,7641.09,7619.78,7565.0,675,575,0.1836,0.003474
2026-09-17 09:33:00,SPX,7641.09,7619.78,7720.0,732,1172,0.1331,0.003474
2026-09-17 09:33:00,SPX,7641.09,7619.78,7560.0,348,801,0.1866,0.003474
2026-09-17 09:33:00,SPX,7641.09,7619.78,7725.0,3288,1225,0.1336,0.003474
2026-09-17 09:33:00,SPX,7641.09,7619.78,7555.0,176,587,0.1906,0.003474
2026-09-17 09:33:00,SPX,7641.09,7619.78,7730.0,776,460,0.1342,0.003474
2026-09-17 09:33:00,SPX,7641.09,7619.78,7550.0,2789,8543,0.191,0.003474
2026-09-17 09:33:00,SPX,7641.09,7619.78,7735.0,974,665,0.1347,0.003474
2026-09-17 09:33:00,SPX,7641.09,7619.78,7545.0,1977,2390,0.1957,0.003474
2026-09-17 09:33:00,SPX,7641.09,7619.78,7740.0,1661,425,0.1354,0.003474
2026-09-17 09:33:00,SPX,7641.09,7619.78,7540.0,145,1172,0.1959,0.003474
2026-09-17 09:33:00,SPX,7641.09,7619.78,7745.0,941,179,0.1361,0.003474
2026-09-17 09:33:00,SPX,7641.09,7619.78,7535.0,226,1111,0.2,0.003474
2026-09-17 09:33:00,SPX,7641.09,7619.78,7750.0,3182,1431,0.137,0.003474
2026-09-17 09:33:00,SPX,7641.09,7619.78,7530.0,184,1152,0.2014,0.003474
2026-09-17 09:33:00,SPX,7641.09,7619.78,7755.0,1730,147,0.1381,0.003474
2026-09-17 09:33:00,SPX,7641.09,7619.78,7525.0,232,1122,0.203,0.003474
2026-09-17 09:33:00,SPX,7641.09,7619.78,7760.0,2092,87,0.1394,0.003474
2026-09-17 09:33:00,SPX,7641.09,7619.78,7520.0,140,1349,0.205,0.003474
2026-09-17 09:33:00,SPX,7641.09,7619.78,7765.0,1300,221,0.1409,0.003474
2026-09-17 09:33:00,SPX,7641.09,7619.78,7515.0,143,841,0.209,0.003474
2026-09-17 09:33:00,SPX,7641.09,7619.78,7770.0,986,242,0.1426,0.003474
2026-09-17 09:33:00,SPX,7641.09,7619.78,7510.0,154,970,0.2125,0.003474
2026-09-17 09:33:00,SPX,7641.09,7619.78,7775.0,2208,479,0.1445,0.003474
2026-09-17 09:33:00,SPX,7641.09,7619.78,7505.0,96,679,0.2123,0.003474
2026-09-17 09:33:00,SPX,7641.09,7619.78,7780.0,1650,246,0.1466,0.003474
2026-09-17 09:33:00,SPX,7641.09,7619.78,7500.0,891,3885,0.2146,0.003474
2026-09-17 09:33:00,SPX,7641.09,7619.78,7785.0,1661,259,0.1488,0.003474
2026-09-17 09:33:00,SPX,7641.09,7619.78,7495.0,647,1987,0.2193,0.003474
2026-09-17 09:33:00,SPX,7641.09,7619.78,7790.0,1693,179,0.1513,0.003474
2026-09-17 09:33:00,SPX,7641.09,7619.78,7490.0,71,1004,0.2201,0.003474
2026-09-17 09:33:00,SPX,7641.09,7619.78,7795.0,1028,146,0.1539,0.003474
2026-09-17 09:33:00,SPX,7641.09,7619.78,7485.0,68,463,0.2211,0.003474
2026-09-17 09:33:00,SPX,7641.09,7619.78,7800.0,5655,695,0.1566,0.003474
2026-09-17 09:33:00,SPX,7641.09,7619.78,7480.0,112,1181,0.224,0.003474
2026-09-17 09:33:00,SPX,7641.09,7619.78,7805.0,1216,62,0.1594,0.003474
2026-09-17 09:33:00,SPX,7641.09,7619.78,7475.0,333,1738,0.2286,0.003474
2026-09-17 09:33:00,SPX,7641.09,7619.78,7810.0,1544,79,0.1624,0.003474
2026-09-17 09:33:00,SPX,7641.09,7619.78,7470.0,97,1130,0.2297,0.003474
2026-09-17 09:33:00,SPX,7641.09,7619.78,7815.0,1984,47,0.1654,0.003474
2026-09-17 09:33:00,SPX,7641.09,7619.78,7465.0,31,1706,0.2314,0.003474
2026-09-17 09:33:00,SPX,7641.09,7619.78,7820.0,3089,77,0.1684,0.003474
2026-09-17 09:33:00,SPX,7641.09,7619.78,7460.0,102,1027,0.2322,0.003474
2026-09-17 09:33:00,SPX,7641.09,7619.78,7825.0,2721,123,0.1716,0.003474
2026-09-17 09:33:00,SPX,7641.09,7619.78,7455.0,70,572,0.2363,0.003474
2026-09-17 09:33:00,SPX,7641.09,7619.78,7830.0,1165,77,0.1747,0.003474
2026-09-17 09:33:00,SPX,7641.09,7619.78,7450.0,344,3283,0.2366,0.003474
2026-09-17 09:33:00,SPX,7641.09,7619.78,7835.0,679,18,0.1779,0.003474
2026-09-17 09:33:00,SPX,7641.09,7619.78,7445.0,70,760,0.2384,0.003474
2026-09-17 09:33:00,SPX,7641.09,7619.78,7840.0,1822,57,0.1811,0.003474
2026-09-17 09:33:00,SPX,7641.09,7619.78,7440.0,79,1483,0.2417,0.003474
2026-09-17 09:33:00,SPX,7641.09,7619.78,7845.0,566,35,0.1843,0.003474
2026-09-17 09:33:00,SPX,7641.09,7619.78,7435.0,20,1659,0.2453,0.003474
2026-09-17 09:33:00,SPX,7641.09,7619.78,7850.0,3812,60,0.1875,0.003474
2026-09-17 09:33:00,SPX,7641.09,7619.78,7430.0,152,978,0.2492,0.003474
2026-09-17 09:33:00,SPX,7641.09,7619.78,7855.0,716,27,0.1907,0.003474
2026-09-17 09:33:00,SPX,7641.09,7619.78,7425.0,449,2516,0.2531,0.003474
2026-09-17 09:33:00,SPX,7641.09,7619.78,7860.0,861,19,0.1939,0.003474
2026-09-17 09:33:00,SPX,7641.09,7619.78,7420.0,97,757,0.2568,0.003474
2026-09-17 09:33:00,SPX,7641.09,7619.78,7865.0,634,11,0.197,0.003474
2026-09-17 09:33:00,SPX,7641.09,7619.78,7415.0,55,792,0.2599,0.003474
2026-09-17 09:33:00,SPX,7641.09,7619.78,7870.0,855,21,0.2001,0.003474
2026-09-17 09:33:00,SPX,7641.09,7619.78,7410.0,269,1274,0.2624,0.003474
2026-09-17 09:33:00,SPX,7641.09,7619.78,7875.0,1924,71,0.2032,0.003474
2026-09-17 09:33:00,SPX,7641.09,7619.78,7405.0,158,891,0.2644,0.003474
2026-09-17 09:33:00,SPX,7641.09,7619.78,7880.0,706,54,0.2063,0.003474
2026-09-17 09:33:00,SPX,7641.09,7619.78,7400.0,1057,6101,0.2663,0.003474
2026-09-17 09:33:00,SPX,7641.09,7619.78,7885.0,650,18,0.2094,0.003474
2026-09-17 09:33:00,SPX,7641.09,7619.78,7395.0,30,2413,0.2682,0.003474
2026-09-17 09:33:00,SPX,7641.09,7619.78,7890.0,2712,33,0.2124,0.003474
2026-09-17 09:33:00,SPX,7641.09,7619.78,7640.0,281,264,0.1078,0.011687
2026-09-17 09:33:00,SPX,7641.09,7619.78,7645.0,221,49,0.1067,0.011687
2026-09-17 09:33:00,SPX,7641.09,7619.78,7635.0,204,390,0.1087,0.011687
2026-09-17 09:33:00,SPX,7641.09,7619.78,7650.0,664,713,0.1057,0.011687
2026-09-17 09:33:00,SPX,7641.09,7619.78,7630.0,276,417,0.1098,0.011687
2026-09-17 09:33:00,SPX,7641.09,7619.78,7655.0,219,59,0.1046,0.011687
2026-09-17 09:33:00,SPX,7641.09,7619.78,7625.0,170,445,0.1109,0.011687
2026-09-17 09:33:00,SPX,7641.09,7619.78,7660.0,379,188,0.1034,0.011687
2026-09-17 09:33:00,SPX,7641.09,7619.78,7620.0,196,163,0.1119,0.011687
2026-09-17 09:33:00,SPX,7641.09,7619.78,7665.0,211,87,0.1021,0.011687
2026-09-17 09:33:00,SPX,7641.09,7619.78,7615.0,179,186,0.113,0.011687
2026-09-17 09:33:00,SPX,7641.09,7619.78,7670.0,466,207,0.1009,0.011687
2026-09-17 09:33:00,SPX,7641.09,7619.78,7610.0,164,259,0.1139,0.011687
2026-09-17 09:33:00,SPX,7641.09,7619.78,7675.0,375,667,0.0997,0.011687
2026-09-17 09:33:00,SPX,7641.09,7619.78,7605.0,163,132,0.1153,0.011687
2026-09-17 09:33:00,SPX,7641.09,7619.78,7680.0,314,108,0.0986,0.011687
2026-09-17 09:33:00,SPX,7641.09,7619.78,7600.0,460,900,0.1166,0.011687
2026-09-17 09:33:00,SPX,7641.09,7619.78,7685.0,247,50,0.0977,0.011687
2026-09-17 09:33:00,SPX,7641.09,7619.78,7595.0,78,265,0.1182,0.011687
2026-09-17 09:33:00,SPX,7641.09,7619.78,7690.0,390,170,0.0969,0.011687
2026-09-17 09:33:00,SPX,7641.09,7619.78,7590.0,120,369,0.1198,0.011687
2026-09-17 09:33:00,SPX,7641.09,7619.78,7695.0,318,61,0.0962,0.011687
2026-09-17 09:33:00,SPX,7641.09,7619.78,7585.0,473,207,0.1213,0.011687
2026-09-17 09:33:00,SPX,7641.09,7619.78,7700.0,4505,3404,0.0957,0.011687
2026-09-17 09:33:00,SPX,7641.09,7619.78,7580.0,120,343,0.1229,0.011687
2026-09-17 09:33:00,SPX,7641.09,7619.78,7705.0,364,52,0.0953,0.011687
2026-09-17 09:33:00,SPX,7641.09,7619.78,7575.0,95,494,0.1243,0.011687
2026-09-17 09:33:00,SPX,7641.09,7619.78,7710.0,688,127,0.095,0.011687
2026-09-17 09:33:00,SPX,7641.09,7619.78,7570.0,69,233,0.1258,0.011687
2026-09-17 09:33:00,SPX,7641.09,7619.78,7715.0,442,26,0.0946,0.011687
2026-09-17 09:33:00,SPX,7641.09,7619.78,7565.0,48,129,0.1271,0.011687
2026-09-17 09:33:00,SPX,7641.09,7619.78,7720.0,461,172,0.0943,0.011687
2026-09-17 09:33:00,SPX,7641.09,7619.78,7560.0,190,383,0.1281,0.011687
2026-09-17 09:33:00,SPX,7641.09,7619.78,7725.0,1113,399,0.0939,0.011687
2026-09-17 09:33:00,SPX,7641.09,7619.78,7555.0,31,220,0.1291,0.011687
2026-09-17 09:33:00,SPX,7641.09,7619.78,7730.0,577,164,0.0935,0.011687
2026-09-17 09:33:00,SPX,7641.09,7619.78,7550.0,167,702,0.1302,0.011687
2026-09-17 09:33:00,SPX,7641.09,7619.78,7735.0,622,30,0.0931,0.011687
2026-09-17 09:33:00,SPX,7641.09,7619.78,7545.0,22,120,0.1314,0.011687
2026-09-17 09:33:00,SPX,7641.09,7619.78,7740.0,809,205,0.0927,0.011687
2026-09-17 09:33:00,SPX,7641.09,7619.78,7540.0,69,158,0.1327,0.011687
2026-09-17 09:33:00,SPX,7641.09,7619.78,7745.0,323,31,0.0923,0.011687
2026-09-17 09:33:00,SPX,7641.09,7619.78,7535.0,74,135,0.1341,0.011687
2026-09-17 09:33:00,SPX,7641.09,7619.78,7750.0,1461,338,0.0919,0.011687
2026-09-17 09:33:00,SPX,7641.09,7619.78,7530.0,49,244,0.1357,0.011687
2026-09-17 09:33:00,SPX,7641.09,7619.78,7755.0,260,7,0.0916,0.011687
2026-09-17 09:33:00,SPX,7641.09,7619.78,7525.0,62,339,0.1374,0.011687
2026-09-17 09:33:00,SPX,7641.09,7619.78,7760.0,543,93,0.0914,0.011687
2026-09-17 09:33:00,SPX,7641.09,7619.78,7520.0,33,651,0.1391,0.011687
2026-09-17 09:33:00,SPX,7641.09,7619.78,7765.0,495,2,0.0913,0.011687
2026-09-17 09:33:00,SPX,7641.09,7619.78,7515.0,44,105,0.1378,0.011687
2026-09-17 09:33:00,SPX,7641.09,7619.78,7770.0,424,30,0.0911,0.011687
2026-09-17 09:33:00,SPX,7641.09,7619.78,7510.0,25,320,0.1391,0.011687
2026-09-17 09:33:00,SPX,7641.09,7619.78,7775.0,1335,142,0.0914,0.011687
2026-09-17 09:33:00,SPX,7641.09,7619.78,7505.0,16,126,0.1403,0.011687
2026-09-17 09:33:00,SPX,7641.09,7619.78,7780.0,551,27,0.0917,0.011687
2026-09-17 09:33:00,SPX,7641.09,7619.78,7500.0,31,1972,0.1417,0.011687
2026-09-17 09:33:00,SPX,7641.09,7619.78,7785.0,347,0,0.0922,0.011687
2026-09-17 09:33:00,SPX,7641.09,7619.78,7495.0,13,410,0.143,0.011687
2026-09-17 09:33:00,SPX,7641.09,7619.78,7790.0,487,77,0.0928,0.011687
2026-09-17 09:33:00,SPX,7641.09,7619.78,7490.0,11,298,0.1445,0.011687
2026-09-17 09:33:00,SPX,7641.09,7619.78,7795.0,624,0,0.0936,0.011687
2026-09-17 09:33:00,SPX,7641.09,7619.78,7485.0,5,157,0.1459,0.011687
2026-09-17 09:33:00,SPX,7641.09,7619.78,7800.0,1775,478,0.0945,0.011687
2026-09-17 09:33:00,SPX,7641.09,7619.78,7480.0,7,215,0.1474,0.011687
2026-09-17 09:33:00,SPX,7641.09,7619.78,7805.0,517,0,0.0955,0.011687
2026-09-17 09:33:00,SPX,7641.09,7619.78,7475.0,94,661,0.1488,0.011687
2026-09-17 09:33:00,SPX,7641.09,7619.78,7810.0,640,5,0.0966,0.011687
2026-09-17 09:33:00,SPX,7641.09,7619.78,7470.0,10,250,0.1503,0.011687
2026-09-17 09:33:00,SPX,7641.09,7619.78,7815.0,559,0,0.0978,0.011687
2026-09-17 09:33:00,SPX,7641.09,7619.78,7465.0,1,160,0.1517,0.011687
2026-09-17 09:33:00,SPX,7641.09,7619.78,7820.0,663,13,0.0991,0.011687
2026-09-17 09:33:00,SPX,7641.09,7619.78,7460.0,22,213,0.1531,0.011687
2026-09-17 09:33:00,SPX,7641.09,7619.78,7825.0,573,11,0.1005,0.011687
2026-09-17 09:33:00,SPX,7641.09,7619.78,7455.0,3,78,0.1545,0.011687
2026-09-17 09:33:00,SPX,7641.09,7619.78,7830.0,484,0,0.102,0.011687
2026-09-17 09:33:00,SPX,7641.09,7619.78,7450.0,26,647,0.1559,0.011687
2026-09-17 09:33:00,SPX,7641.09,7619.78,7835.0,114,0,0.1035,0.011687
2026-09-17 09:33:00,SPX,7641.09,7619.78,7445.0,10,79,0.1572,0.011687
2026-09-17 09:33:00,SPX,7641.09,7619.78,7840.0,601,2,0.1051,0.011687
2026-09-17 09:33:00,SPX,7641.09,7619.78,7440.0,2,152,0.1585,0.011687
2026-09-17 09:33:00,SPX,7641.09,7619.78,7845.0,198,0,0.1067,0.011687
2026-09-17 09:33:00,SPX,7641.09,7619.78,7435.0,1,105,0.1598,0.011687
2026-09-17 09:33:00,SPX,7641.09,7619.78,7850.0,1181,13,0.1084,0.011687
2026-09-17 09:33:00,SPX,7641.09,7619.78,7430.0,4,427,0.1611,0.011687
2026-09-17 09:33:00,SPX,7641.09,7619.78,7425.0,9,893,0.1625,0.011687
2026-09-17 09:33:00,SPX,7641.09,7619.78,7860.0,602,0,0.1118,0.011687
2026-09-17 09:33:00,SPX,7641.09,7619.78,7420.0,4,210,0.1638,0.011687
2026-09-17 09:33:00,SPX,7641.09,7619.78,7415.0,0,154,0.1651,0.011687
2026-09-17 09:33:00,SPX,7641.09,7619.78,7870.0,627,0,0.1152,0.011687
2026-09-17 09:33:00,SPX,7641.09,7619.78,7410.0,1,188,0.1664,0.011687
2026-09-17 09:33:00,SPX,7641.09,7619.78,7875.0,1290,1,0.1169,0.011687
2026-09-17 09:33:00,SPX,7641.09,7619.78,7405.0,1,206,0.1678,0.011687
2026-09-17 09:33:00,SPX,7641.09,7619.78,7880.0,639,0,0.1186,0.011687
2026-09-17 09:33:00,SPX,7641.09,7619.78,7400.0,5,792,0.1691,0.011687
2026-09-17 09:33:00,SPX,7641.09,7619.78,7395.0,1,181,0.1705,0.011687
2026-09-17 09:33:00,SPX,7641.09,7619.78,7890.0,476,0,0.1219,0.011687
2026-09-17 10:03:22,SPX,7615.69,7604.88,7615.0,1780,186,0.1629,0.000678
2026-09-17 10:03:22,SPX,7615.69,7604.88,7620.0,1365,332,0.1592,0.000678
2026-09-17 10:03:22,SPX,7615.69,7604.88,7610.0,3018,969,0.1656,0.000678
2026-09-17 10:03:22,SPX,7615.69,7604.88,7625.0,1787,684,0.1563,0.000678
2026-09-17 10:03:22,SPX,7615.69,7604.88,7605.0,1093,394,0.1714,0.000678
2026-09-17 10:03:22,SPX,7615.69,7604.88,7630.0,1077,398,0.156,0.000678
2026-09-17 10:03:22,SPX,7615.69,7604.88,7600.0,3732,984,0.1713,0.000678
2026-09-17 10:03:22,SPX,7615.69,7604.88,7635.0,1046,196,0.1558,0.000678
2026-09-17 10:03:22,SPX,7615.69,7604.88,7595.0,647,673,0.1755,0.000678
2026-09-17 10:03:22,SPX,7615.69,7604.88,7640.0,1208,301,0.1548,0.000678
2026-09-17 10:03:22,SPX,7615.69,7604.88,7590.0,1601,689,0.1789,0.000678
2026-09-17 10:03:22,SPX,7615.69,7604.88,7645.0,1269,222,0.1508,0.000678
2026-09-17 10:03:22,SPX,7615.69,7604.88,7585.0,527,518,0.1857,0.000678
2026-09-17 10:03:22,SPX,7615.69,7604.88,7650.0,2554,3382,0.1547,0.000678
2026-09-17 10:03:22,SPX,7615.69,7604.88,7580.0,1067,943,0.1904,0.000678
2026-09-17 10:03:22,SPX,7615.69,7604.88,7655.0,1613,198,0.1577,0.000678
2026-09-17 10:03:22,SPX,7615.69,7604.88,7575.0,1221,787,0.1955,0.000678
2026-09-17 10:03:22,SPX,7615.69,7604.88,7660.0,1495,291,0.1572,0.000678
2026-09-17 10:03:22,SPX,7615.69,7604.88,7570.0,659,801,0.2041,0.000678
2026-09-17 10:03:22,SPX,7615.69,7604.88,7665.0,1161,155,0.164,0.000678
2026-09-17 10:03:22,SPX,7615.69,7604.88,7565.0,477,398,0.2016,0.000678
2026-09-17 10:03:22,SPX,7615.69,7604.88,7670.0,2846,466,0.168,0.000678
2026-09-17 10:03:22,SPX,7615.69,7604.88,7560.0,752,714,0.2087,0.000678
2026-09-17 10:03:22,SPX,7615.69,7604.88,7675.0,5237,3864,0.1688,0.000678
2026-09-17 10:03:22,SPX,7615.69,7604.88,7555.0,1328,578,0.223,0.000678
2026-09-17 10:03:22,SPX,7615.69,7604.88,7680.0,1335,352,0.1762,0.000678
2026-09-17 10:03:22,SPX,7615.69,7604.88,7550.0,2212,1562,0.2186,0.000678
2026-09-17 10:03:22,SPX,7615.69,7604.88,7685.0,1208,211,0.1833,0.000678
2026-09-17 10:03:22,SPX,7615.69,7604.88,7545.0,490,658,0.2258,0.000678
2026-09-17 10:03:22,SPX,7615.69,7604.88,7690.0,1710,388,0.1872,0.000678
2026-09-17 10:03:22,SPX,7615.69,7604.88,7540.0,345,1146,0.2306,0.000678
2026-09-17 10:03:22,SPX,7615.69,7604.88,7695.0,729,211,0.1891,0.000678
2026-09-17 10:03:22,SPX,7615.69,7604.88,7535.0,277,719,0.2352,0.000678
2026-09-17 10:03:22,SPX,7615.69,7604.88,7700.0,5946,566,0.1994,0.000678
2026-09-17 10:03:22,SPX,7615.69,7604.88,7530.0,316,791,0.2413,0.000678
2026-09-17 10:03:22,SPX,7615.69,7604.88,7705.0,1033,167,0.1977,0.000678
2026-09-17 10:03:22,SPX,7615.69,7604.88,7525.0,625,1441,0.2448,0.000678
2026-09-17 10:03:22,SPX,7615.69,7604.88,7710.0,1264,130,0.2127,0.000678
2026-09-17 10:03:22,SPX,7615.69,7604.88,7520.0,462,1558,0.2558,0.000678
2026-09-17 10:03:22,SPX,7615.69,7604.88,7715.0,976,167,0.2179,0.000678
2026-09-17 10:03:22,SPX,7615.69,7604.88,7515.0,109,667,0.2575,0.000678
2026-09-17 10:03:22,SPX,7615.69,7604.88,7720.0,938,314,0.2227,0.000678
2026-09-17 10:03:22,SPX,7615.69,7604.88,7510.0,175,3312,0.2627,0.000678
2026-09-17 10:03:22,SPX,7615.69,7604.88,7725.0,3333,149,0.2275,0.000678
2026-09-17 10:03:22,SPX,7615.69,7604.88,7505.0,100,596,0.2676,0.000678
2026-09-17 10:03:22,SPX,7615.69,7604.88,7730.0,2689,77,0.2321,0.000678
2026-09-17 10:03:22,SPX,7615.69,7604.88,7500.0,527,4190,0.2745,0.000678
2026-09-17 10:03:22,SPX,7615.69,7604.88,7735.0,564,44,0.2371,0.000678
2026-09-17 10:03:22,SPX,7615.69,7604.88,7495.0,36,1579,0.2828,0.000678
2026-09-17 10:03:22,SPX,7615.69,7604.88,7740.0,903,171,0.2431,0.000678
2026-09-17 10:03:22,SPX,7615.69,7604.88,7490.0,25,1973,0.2889,0.000678
2026-09-17 10:03:22,SPX,7615.69,7604.88,7745.0,393,42,0.25,0.000678
2026-09-17 10:03:22,SPX,7615.69,7604.88,7485.0,40,934,0.2941,0.000678
2026-09-17 10:03:22,SPX,7615.69,7604.88,7750.0,1471,201,0.2571,0.000678
2026-09-17 10:03:22,SPX,7615.69,7604.88,7480.0,78,966,0.301,0.000678
2026-09-17 10:03:22,SPX,7615.69,7604.88,7755.0,379,51,0.2638,0.000678
2026-09-17 10:03:22,SPX,7615.69,7604.88,7475.0,41,1278,0.3102,0.000678
2026-09-17 10:03:22,SPX,7615.69,7604.88,7760.0,855,100,0.2697,0.000678
2026-09-17 10:03:22,SPX,7615.69,7604.88,7470.0,43,2274,0.3201,0.000678
2026-09-17 10:03:22,SPX,7615.69,7604.88,7765.0,450,56,0.2749,0.000678
2026-09-17 10:03:22,SPX,7615.69,7604.88,7465.0,33,849,0.3297,0.000678
2026-09-17 10:03:22,SPX,7615.69,7604.88,7770.0,1513,62,0.2791,0.000678
2026-09-17 10:03:22,SPX,7615.69,7604.88,7460.0,9,1351,0.3387,0.000678
2026-09-17 10:03:22,SPX,7615.69,7604.88,7775.0,1138,57,0.2824,0.000678
2026-09-17 10:03:22,SPX,7615.69,7604.88,7455.0,26,1050,0.347,0.000678
2026-09-17 10:03:22,SPX,7615.69,7604.88,7780.0,2356,39,0.2849,0.000678
2026-09-17 10:03:22,SPX,7615.69,7604.88,7450.0,414,3621,0.3547,0.000678
2026-09-17 10:03:22,SPX,7615.69,7604.88,7785.0,1822,29,0.2865,0.000678
2026-09-17 10:03:22,SPX,7615.69,7604.88,7445.0,22,956,0.362,0.000678
2026-09-17 10:03:22,SPX,7615.69,7604.88,7790.0,3260,36,0.2874,0.000678
2026-09-17 10:03:22,SPX,7615.69,7604.88,7440.0,26,1224,0.369,0.000678
2026-09-17 10:03:22,SPX,7615.69,7604.88,7795.0,6829,11,0.2878,0.000678
2026-09-17 10:03:22,SPX,7615.69,7604.88,7435.0,13,972,0.3759,0.000678
2026-09-17 10:03:22,SPX,7615.69,7604.88,7800.0,9270,103,0.2877,0.000678
2026-09-17 10:03:22,SPX,7615.69,7604.88,7430.0,3,1149,0.3827,0.000678
2026-09-17 10:03:22,SPX,7615.69,7604.88,7805.0,2220,11,0.2873,0.000678
2026-09-17 10:03:22,SPX,7615.69,7604.88,7425.0,34,4728,0.3895,0.000678
2026-09-17 10:03:22,SPX,7615.69,7604.88,7810.0,706,4,0.2866,0.000678
2026-09-17 10:03:22,SPX,7615.69,7604.88,7420.0,28,2734,0.3964,0.000678
2026-09-17 10:03:22,SPX,7615.69,7604.88,7815.0,922,2,0.2856,0.000678
2026-09-17 10:03:22,SPX,7615.69,7604.88,7415.0,12,1524,0.4034,0.000678
2026-09-17 10:03:22,SPX,7615.69,7604.88,7820.0,421,16,0.2845,0.000678
2026-09-17 10:03:22,SPX,7615.69,7604.88,7410.0,14,1498,0.4106,0.000678
2026-09-17 10:03:22,SPX,7615.69,7604.88,7825.0,1073,73,0.2832,0.000678
2026-09-17 10:03:22,SPX,7615.69,7604.88,7405.0,10,673,0.418,0.000678
2026-09-17 10:03:22,SPX,7615.69,7604.88,7830.0,794,3,0.2819,0.000678
2026-09-17 10:03:22,SPX,7615.69,7604.88,7400.0,32,2856,0.4256,0.000678
2026-09-17 10:03:22,SPX,7615.69,7604.88,7835.0,516,0,0.2803,0.000678
2026-09-17 10:03:22,SPX,7615.69,7604.88,7395.0,1,713,0.4333,0.000678
2026-09-17 10:03:22,SPX,7615.69,7604.88,7840.0,509,23,0.2787,0.000678
2026-09-17 10:03:22,SPX,7615.69,7604.88,7390.0,6,1922,0.4411,0.000678
2026-09-17 10:03:22,SPX,7615.69,7604.88,7845.0,439,0,0.2769,0.000678
2026-09-17 10:03:22,SPX,7615.69,7604.88,7385.0,2,535,0.449,0.000678
2026-09-17 10:03:22,SPX,7615.69,7604.88,7850.0,631,53,0.275,0.000678
2026-09-17 10:03:22,SPX,7615.69,7604.88,7380.0,45,1805,0.4569,0.000678
2026-09-17 10:03:22,SPX,7615.69,7604.88,7855.0,452,1,0.273,0.000678
2026-09-17 10:03:22,SPX,7615.69,7604.88,7375.0,5,3023,0.4649,0.000678
2026-09-17 10:03:22,SPX,7615.69,7604.88,7860.0,288,0,0.271,0.000678
2026-09-17 10:03:22,SPX,7615.69,7604.88,7370.0,34,1229,0.473,0.000678
2026-09-17 10:03:22,SPX,7615.69,7604.88,7865.0,198,0,0.2688,0.000678
2026-09-17 10:03:22,SPX,7615.69,7604.88,7615.0,1057,2408,0.1499,0.003416
2026-09-17 10:03:22,SPX,7615.69,7604.88,7620.0,785,554,0.1489,0.003416
2026-09-17 10:03:22,SPX,7615.69,7604.88,7610.0,907,956,0.1526,0.003416
2026-09-17 10:03:22,SPX,7615.69,7604.88,7625.0,1767,4635,0.1474,0.003416
2026-09-17 10:03:22,SPX,7615.69,7604.88,7605.0,795,2812,0.1552,0.003416
2026-09-17 10:03:22,SPX,7615.69,7604.88,7630.0,642,3316,0.1463,0.003416
2026-09-17 10:03:22,SPX,7615.69,7604.88,7600.0,4785,5804,0.1558,0.003416
2026-09-17 10:03:22,SPX,7615.69,7604.88,7635.0,911,1251,0.1438,0.003416
2026-09-17 10:03:22,SPX,7615.69,7604.88,7595.0,323,725,0.1579,0.003416
2026-09-17 10:03:22,SPX,7615.69,7604.88,7640.0,782,1233,0.1436,0.003416
2026-09-17 10:03:22,SPX,7615.69,7604.88,7590.0,549,1030,0.1614,0.003416
2026-09-17 10:03:22,SPX,7615.69,7604.88,7645.0,508,452,0.1421,0.003416
2026-09-17 10:03:22,SPX,7615.69,7604.88,7585.0,447,574,0.1633,0.003416
2026-09-17 10:03:22,SPX,7615.69,7604.88,7650.0,6295,6150,0.1416,0.003416
2026-09-17 10:03:22,SPX,7615.69,7604.88,7580.0,953,946,0.166,0.003416
2026-09-17 10:03:22,SPX,7615.69,7604.88,7655.0,727,3309,0.1402,0.003416
2026-09-17 10:03:22,SPX,7615.69,7604.88,7575.0,701,2374,0.1677,0.003416
2026-09-17 10:03:22,SPX,7615.69,7604.88,7660.0,2473,3154,0.1388,0.003416
2026-09-17 10:03:22,SPX,7615.69,7604.88,7570.0,535,1083,0.1698,0.003416
2026-09-17 10:03:22,SPX,7615.69,7604.88,7665.0,841,392,0.1377,0.003416
2026-09-17 10:03:22,SPX,7615.69,7604.88,7565.0,675,575,0.1735,0.003416
2026-09-17 10:03:22,SPX,7615.69,7604.88,7670.0,1463,660,0.138,0.003416
2026-09-17 10:03:22,SPX,7615.69,7604.88,7560.0,348,801,0.1761,0.003416
2026-09-17 10:03:22,SPX,7615.69,7604.88,7675.0,5592,3236,0.1378,0.003416
2026-09-17 10:03:22,SPX,7615.69,7604.88,7555.0,176,587,0.1789,0.003416
2026-09-17 10:03:22,SPX,7615.69,7604.88,7680.0,3781,614,0.1362,0.003416
2026-09-17 10:03:22,SPX,7615.69,7604.88,7550.0,2789,8543,0.1814,0.003416
2026-09-17 10:03:22,SPX,7615.69,7604.88,7685.0,1113,385,0.1361,0.003416
2026-09-17 10:03:22,SPX,7615.69,7604.88,7545.0,1977,2390,0.1833,0.003416
2026-09-17 10:03:22,SPX,7615.69,7604.88,7690.0,1091,1619,0.1365,0.003416
2026-09-17 10:03:22,SPX,7615.69,7604.88,7540.0,145,1172,0.1856,0.003416
2026-09-17 10:03:22,SPX,7615.69,7604.88,7695.0,1758,611,0.1367,0.003416
2026-09-17 10:03:22,SPX,7615.69,7604.88,7535.0,226,1111,0.1887,0.003416
2026-09-17 10:03:22,SPX,7615.69,7604.88,7700.0,10448,5604,0.1363,0.003416
2026-09-17 10:03:22,SPX,7615.69,7604.88,7530.0,184,1152,0.1911,0.003416
2026-09-17 10:03:22,SPX,7615.69,7604.88,7705.0,3410,676,0.136,0.003416
2026-09-17 10:03:22,SPX,7615.69,7604.88,7525.0,232,1122,0.194,0.003416
2026-09-17 10:03:22,SPX,7615.69,7604.88,7710.0,774,393,0.1371,0.003416
2026-09-17 10:03:22,SPX,7615.69,7604.88,7520.0,140,1349,0.1956,0.003416
2026-09-17 10:03:22,SPX,7615.69,7604.88,7715.0,1516,365,0.1366,0.003416
2026-09-17 10:03:22,SPX,7615.69,7604.88,7515.0,143,841,0.2,0.003416
2026-09-17 10:03:22,SPX,7615.69,7604.88,7720.0,732,1172,0.1378,0.003416
2026-09-17 10:03:22,SPX,7615.69,7604.88,7510.0,154,970,0.2012,0.003416
2026-09-17 10:03:22,SPX,7615.69,7604.88,7725.0,3288,1225,0.1392,0.003416
2026-09-17 10:03:22,SPX,7615.69,7604.88,7505.0,96,679,0.2035,0.003416
2026-09-17 10:03:22,SPX,7615.69,7604.88,7730.0,776,460,0.1402,0.003416
2026-09-17 10:03:22,SPX,7615.69,7604.88,7500.0,891,3885,0.206,0.003416
2026-09-17 10:03:22,SPX,7615.69,7604.88,7735.0,974,665,0.1411,0.003416
2026-09-17 10:03:22,SPX,7615.69,7604.88,7495.0,647,1987,0.2091,0.003416
2026-09-17 10:03:22,SPX,7615.69,7604.88,7740.0,1661,425,0.142,0.003416
2026-09-17 10:03:22,SPX,7615.69,7604.88,7490.0,71,1004,0.2123,0.003416
2026-09-17 10:03:22,SPX,7615.69,7604.88,7745.0,941,179,0.1431,0.003416
2026-09-17 10:03:22,SPX,7615.69,7604.88,7485.0,68,463,0.2157,0.003416
2026-09-17 10:03:22,SPX,7615.69,7604.88,7750.0,3182,1431,0.1446,0.003416
2026-09-17 10:03:22,SPX,7615.69,7604.88,7480.0,112,1181,0.2164,0.003416
2026-09-17 10:03:22,SPX,7615.69,7604.88,7755.0,1730,147,0.1466,0.003416
2026-09-17 10:03:22,SPX,7615.69,7604.88,7475.0,333,1738,0.2196,0.003416
2026-09-17 10:03:22,SPX,7615.69,7604.88,7760.0,2092,87,0.1491,0.003416
2026-09-17 10:03:22,SPX,7615.69,7604.88,7470.0,97,1130,0.2236,0.003416
2026-09-17 10:03:22,SPX,7615.69,7604.88,7765.0,1300,221,0.1519,0.003416
2026-09-17 10:03:22,SPX,7615.69,7604.88,7465.0,31,1706,0.2256,0.003416
2026-09-17 10:03:22,SPX,7615.69,7604.88,7770.0,986,242,0.1547,0.003416
2026-09-17 10:03:22,SPX,7615.69,7604.88,7460.0,102,1027,0.2294,0.003416
2026-09-17 10:03:22,SPX,7615.69,7604.88,7775.0,2208,479,0.1575,0.003416
2026-09-17 10:03:22,SPX,7615.69,7604.88,7455.0,70,572,0.2299,0.003416
2026-09-17 10:03:22,SPX,7615.69,7604.88,7780.0,1650,246,0.1602,0.003416
2026-09-17 10:03:22,SPX,7615.69,7604.88,7450.0,344,3283,0.2343,0.003416
2026-09-17 10:03:22,SPX,7615.69,7604.88,7785.0,1661,259,0.163,0.003416
2026-09-17 10:03:22,SPX,7615.69,7604.88,7445.0,70,760,0.2375,0.003416
2026-09-17 10:03:22,SPX,7615.69,7604.88,7790.0,1693,179,0.1661,0.003416
2026-09-17 10:03:22,SPX,7615.69,7604.88,7440.0,79,1483,0.2405,0.003416
2026-09-17 10:03:22,SPX,7615.69,7604.88,7795.0,1028,146,0.1694,0.003416
2026-09-17 10:03:22,SPX,7615.69,7604.88,7435.0,20,1659,0.2435,0.003416
2026-09-17 10:03:22,SPX,7615.69,7604.88,7800.0,5655,695,0.1728,0.003416
2026-09-17 10:03:22,SPX,7615.69,7604.88,7430.0,152,978,0.2462,0.003416
2026-09-17 10:03:22,SPX,7615.69,7604.88,7805.0,1216,62,0.1762,0.003416
2026-09-17 10:03:22,SPX,7615.69,7604.88,7425.0,449,2516,0.2488,0.003416
2026-09-17 10:03:22,SPX,7615.69,7604.88,7810.0,1544,79,0.1795,0.003416
2026-09-17 10:03:22,SPX,7615.69,7604.88,7420.0,97,757,0.2523,0.003416
2026-09-17 10:03:22,SPX,7615.69,7604.88,7815.0,1984,47,0.1827,0.003416
2026-09-17 10:03:22,SPX,7615.69,7604.88,7415.0,55,792,0.2545,0.003416
2026-09-17 10:03:22,SPX,7615.69,7604.88,7820.0,3089,77,0.1859,0.003416
2026-09-17 10:03:22,SPX,7615.69,7604.88,7410.0,269,1274,0.2571,0.003416
2026-09-17 10:03:22,SPX,7615.69,7604.88,7825.0,2721,123,0.1889,0.003416
2026-09-17 10:03:22,SPX,7615.69,7604.88,7405.0,158,891,0.2586,0.003416
2026-09-17 10:03:22,SPX,7615.69,7604.88,7830.0,1165,77,0.1918,0.003416
2026-09-17 10:03:22,SPX,7615.69,7604.88,7400.0,1057,6101,0.2618,0.003416
2026-09-17 10:03:22,SPX,7615.69,7604.88,7835.0,679,18,0.1947,0.003416
2026-09-17 10:03:22,SPX,7615.69,7604.88,7395.0,30,2413,0.2668,0.003416
2026-09-17 10:03:22,SPX,7615.69,7604.88,7840.0,1822,57,0.1975,0.003416
2026-09-17 10:03:22,SPX,7615.69,7604.88,7390.0,33,1245,0.2693,0.003416
2026-09-17 10:03:22,SPX,7615.69,7604.88,7845.0,566,35,0.2003,0.003416
2026-09-17 10:03:22,SPX,7615.69,7604.88,7385.0,78,943,0.2725,0.003416
2026-09-17 10:03:22,SPX,7615.69,7604.88,7850.0,3812,60,0.203,0.003416
2026-09-17 10:03:22,SPX,7615.69,7604.88,7380.0,68,1279,0.2764,0.003416
2026-09-17 10:03:22,SPX,7615.69,7604.88,7855.0,716,27,0.2058,0.003416
2026-09-17 10:03:22,SPX,7615.69,7604.88,7375.0,138,1774,0.2805,0.003416
2026-09-17 10:03:22,SPX,7615.69,7604.88,7860.0,861,19,0.2085,0.003416
2026-09-17 10:03:22,SPX,7615.69,7604.88,7370.0,96,843,0.2844,0.003416
2026-09-17 10:03:22,SPX,7615.69,7604.88,7865.0,634,11,0.2112,0.003416
2026-09-17 10:03:22,SPX,7615.69,7604.88,7615.0,179,186,0.1111,0.011629
2026-09-17 10:03:22,SPX,7615.69,7604.88,7620.0,196,163,0.11,0.011629
2026-09-17 10:03:22,SPX,7615.69,7604.88,7610.0,164,259,0.1127,0.011629
2026-09-17 10:03:22,SPX,7615.69,7604.88,7625.0,170,445,0.1092,0.011629
2026-09-17 10:03:22,SPX,7615.69,7604.88,7605.0,163,132,0.1129,0.011629
2026-09-17 10:03:22,SPX,7615.69,7604.88,7630.0,276,417,0.1084,0.011629
2026-09-17 10:03:22,SPX,7615.69,7604.88,7600.0,460,900,0.1146,0.011629
2026-09-17 10:03:22,SPX,7615.69,7604.88,7635.0,204,390,0.1067,0.011629
2026-09-17 10:03:22,SPX,7615.69,7604.88,7595.0,78,265,0.1156,0.011629
2026-09-17 10:03:22,SPX,7615.69,7604.88,7640.0,281,264,0.1053,0.011629
2026-09-17 10:03:22,SPX,7615.69,7604.88,7590.0,120,369,0.1173,0.011629
2026-09-17 10:03:22,SPX,7615.69,7604.88,7645.0,221,49,0.1051,0.011629
2026-09-17 10:03:22,SPX,7615.69,7604.88,7585.0,473,207,0.1177,0.011629
2026-09-17 10:03:22,SPX,7615.69,7604.88,7650.0,664,713,0.1046,0.011629
2026-09-17 10:03:22,SPX,7615.69,7604.88,7580.0,120,343,0.1195,0.011629
2026-09-17 10:03:22,SPX,7615.69,7604.88,7655.0,219,59,0.1029,0.011629
2026-09-17 10:03:22,SPX,7615.69,7604.88,7575.0,95,494,0.1216,0.011629
2026-09-17 10:03:22,SPX,7615.69,7604.88,7660.0,379,188,0.1023,0.011629
2026-09-17 10:03:22,SPX,7615.69,7604.88,7570.0,69,233,0.1225,0.011629
2026-09-17 10:03:22,SPX,7615.69,7604.88,7665.0,211,87,0.1012,0.011629
2026-09-17 10:03:22,SPX,7615.69,7604.88,7565.0,48,129,0.123,0.011629
2026-09-17 10:03:22,SPX,7615.69,7604.88,7670.0,466,207,0.1006,0.011629
2026-09-17 10:03:22,SPX,7615.69,7604.88,7560.0,190,383,0.1241,0.011629
2026-09-17 10:03:22,SPX,7615.69,7604.88,7675.0,375,667,0.1,0.011629
2026-09-17 10:03:22,SPX,7615.69,7604.88,7555.0,31,220,0.1258,0.011629
2026-09-17 10:03:22,SPX,7615.69,7604.88,7680.0,314,108,0.0993,0.011629
2026-09-17 10:03:22,SPX,7615.69,7604.88,7550.0,167,702,0.1281,0.011629
2026-09-17 10:03:22,SPX,7615.69,7604.88,7685.0,247,50,0.0985,0.011629
2026-09-17 10:03:22,SPX,7615.69,7604.88,7545.0,22,120,0.1296,0.011629
2026-09-17 10:03:22,SPX,7615.69,7604.88,7690.0,390,170,0.0979,0.011629
2026-09-17 10:03:22,SPX,7615.69,7604.88,7540.0,69,158,0.1312,0.011629
2026-09-17 10:03:22,SPX,7615.69,7604.88,7695.0,318,61,0.0974,0.011629
2026-09-17 10:03:22,SPX,7615.69,7604.88,7535.0,74,135,0.1327,0.011629
2026-09-17 10:03:22,SPX,7615.69,7604.88,7700.0,4505,3404,0.0969,0.011629
2026-09-17 10:03:22,SPX,7615.69,7604.88,7530.0,49,244,0.134,0.011629
2026-09-17 10:03:22,SPX,7615.69,7604.88,7705.0,364,52,0.0966,0.011629
2026-09-17 10:03:22,SPX,7615.69,7604.88,7525.0,62,339,0.1353,0.011629
2026-09-17 10:03:22,SPX,7615.69,7604.88,7710.0,688,127,0.0962,0.011629
2026-09-17 10:03:22,SPX,7615.69,7604.88,7520.0,33,651,0.1366,0.011629
2026-09-17 10:03:22,SPX,7615.69,7604.88,7715.0,442,26,0.0959,0.011629
2026-09-17 10:03:22,SPX,7615.69,7604.88,7515.0,44,105,0.1378,0.011629
2026-09-17 10:03:22,SPX,7615.69,7604.88,7720.0,461,172,0.0955,0.011629
2026-09-17 10:03:22,SPX,7615.69,7604.88,7510.0,25,320,0.139,0.011629
2026-09-17 10:03:22,SPX,7615.69,7604.88,7725.0,1113,399,0.0952,0.011629
2026-09-17 10:03:22,SPX,7615.69,7604.88,7505.0,16,126,0.1403,0.011629
2026-09-17 10:03:22,SPX,7615.69,7604.88,7730.0,577,164,0.0948,0.011629
2026-09-17 10:03:22,SPX,7615.69,7604.88,7500.0,31,1972,0.1417,0.011629
2026-09-17 10:03:22,SPX,7615.69,7604.88,7735.0,622,30,0.0945,0.011629
2026-09-17 10:03:22,SPX,7615.69,7604.88,7495.0,13,410,0.1432,0.011629
2026-09-17 10:03:22,SPX,7615.69,7604.88,7740.0,809,205,0.0942,0.011629
2026-09-17 10:03:22,SPX,7615.69,7604.88,7490.0,11,298,0.1447,0.011629
2026-09-17 10:03:22,SPX,7615.69,7604.88,7745.0,323,31,0.0941,0.011629
2026-09-17 10:03:22,SPX,7615.69,7604.88,7485.0,5,157,0.1462,0.011629
2026-09-17 10:03:22,SPX,7615.69,7604.88,7750.0,1461,338,0.094,0.011629
2026-09-17 10:03:22,SPX,7615.69,7604.88,7480.0,7,215,0.1478,0.011629
2026-09-17 10:03:22,SPX,7615.69,7604.88,7755.0,260,7,0.0941,0.011629
2026-09-17 10:03:22,SPX,7615.69,7604.88,7475.0,94,661,0.1494,0.011629
2026-09-17 10:03:22,SPX,7615.69,7604.88,7760.0,543,93,0.0943,0.011629
2026-09-17 10:03:22,SPX,7615.69,7604.88,7470.0,10,250,0.1509,0.011629
2026-09-17 10:03:22,SPX,7615.69,7604.88,7765.0,495,2,0.0946,0.011629
2026-09-17 10:03:22,SPX,7615.69,7604.88,7465.0,1,160,0.1524,0.011629
2026-09-17 10:03:22,SPX,7615.69,7604.88,7770.0,424,30,0.095,0.011629
2026-09-17 10:03:22,SPX,7615.69,7604.88,7460.0,22,213,0.154,0.011629
2026-09-17 10:03:22,SPX,7615.69,7604.88,7775.0,1335,142,0.0956,0.011629
2026-09-17 10:03:22,SPX,7615.69,7604.88,7455.0,3,78,0.1555,0.011629
2026-09-17 10:03:22,SPX,7615.69,7604.88,7780.0,551,27,0.0963,0.011629
2026-09-17 10:03:22,SPX,7615.69,7604.88,7450.0,26,647,0.1569,0.011629
2026-09-17 10:03:22,SPX,7615.69,7604.88,7785.0,347,0,0.0971,0.011629
2026-09-17 10:03:22,SPX,7615.69,7604.88,7445.0,10,79,0.1584,0.011629
2026-09-17 10:03:22,SPX,7615.69,7604.88,7790.0,487,77,0.0981,0.011629
2026-09-17 10:03:22,SPX,7615.69,7604.88,7440.0,2,152,0.1598,0.011629
2026-09-17 10:03:22,SPX,7615.69,7604.88,7795.0,624,0,0.0991,0.011629
2026-09-17 10:03:22,SPX,7615.69,7604.88,7435.0,1,105,0.1613,0.011629
2026-09-17 10:03:22,SPX,7615.69,7604.88,7800.0,1775,478,0.1003,0.011629
2026-09-17 10:03:22,SPX,7615.69,7604.88,7430.0,4,427,0.1627,0.011629
2026-09-17 10:03:22,SPX,7615.69,7604.88,7805.0,517,0,0.1016,0.011629
2026-09-17 10:03:22,SPX,7615.69,7604.88,7425.0,9,893,0.1642,0.011629
2026-09-17 10:03:22,SPX,7615.69,7604.88,7810.0,640,5,0.1029,0.011629
2026-09-17 10:03:22,SPX,7615.69,7604.88,7420.0,4,210,0.1656,0.011629
2026-09-17 10:03:22,SPX,7615.69,7604.88,7815.0,559,0,0.1043,0.011629
2026-09-17 10:03:22,SPX,7615.69,7604.88,7415.0,0,154,0.1671,0.011629
2026-09-17 10:03:22,SPX,7615.69,7604.88,7820.0,663,13,0.1057,0.011629
2026-09-17 10:03:22,SPX,7615.69,7604.88,7410.0,1,188,0.1685,0.011629
2026-09-17 10:03:22,SPX,7615.69,7604.88,7825.0,573,11,0.1072,0.011629
2026-09-17 10:03:22,SPX,7615.69,7604.88,7405.0,1,206,0.17,0.011629
2026-09-17 10:03:22,SPX,7615.69,7604.88,7830.0,484,0,0.1088,0.011629
2026-09-17 10:03:22,SPX,7615.69,7604.88,7400.0,5,792,0.1715,0.011629
2026-09-17 10:03:22,SPX,7615.69,7604.88,7835.0,114,0,0.1104,0.011629
2026-09-17 10:03:22,SPX,7615.69,7604.88,7395.0,1,181,0.173,0.011629
2026-09-17 10:03:22,SPX,7615.69,7604.88,7840.0,601,2,0.112,0.011629
2026-09-17 10:03:22,SPX,7615.69,7604.88,7390.0,0,208,0.1745,0.011629
2026-09-17 10:03:22,SPX,7615.69,7604.88,7845.0,198,0,0.1136,0.011629
2026-09-17 10:03:22,SPX,7615.69,7604.88,7385.0,2,182,0.176,0.011629
2026-09-17 10:03:22,SPX,7615.69,7604.88,7850.0,1181,13,0.1153,0.011629
2026-09-17 10:03:22,SPX,7615.69,7604.88,7380.0,3,446,0.1776,0.011629
2026-09-17 10:03:22,SPX,7615.69,7604.88,7375.0,1,369,0.1792,0.011629
2026-09-17 10:03:22,SPX,7615.69,7604.88,7860.0,602,0,0.1185,0.011629
2026-09-17 10:03:22,SPX,7615.69,7604.88,7370.0,1,334,0.1807,0.011629
2026-09-17 10:33:44,SPX,7628.49,7605.77,7630.0,1077,398,0.1445,0.00062
2026-09-17 10:33:44,SPX,7628.49,7605.77,7625.0,1787,684,0.1474,0.00062
2026-09-17 10:33:44,SPX,7628.49,7605.77,7635.0,1046,196,0.1421,0.00062
2026-09-17 10:33:44,SPX,7628.49,7605.77,7620.0,1365,332,0.1516,0.00062
2026-09-17 10:33:44,SPX,7628.49,7605.77,7640.0,1208,301,0.1401,0.00062
2026-09-17 10:33:44,SPX,7628.49,7605.77,7615.0,1780,186,0.1551,0.00062
2026-09-17 10:33:44,SPX,7628.49,7605.77,7645.0,1269,222,0.1384,0.00062
2026-09-17 10:33:44,SPX,7628.49,7605.77,7610.0,3018,969,0.1593,0.00062
2026-09-17 10:33:44,SPX,7628.49,7605.77,7650.0,2554,3382,0.1374,0.00062
2026-09-17 10:33:44,SPX,7628.49,7605.77,7605.0,1093,394,0.1643,0.00062
2026-09-17 10:33:44,SPX,7628.49,7605.77,7655.0,1613,198,0.1379,0.00062
2026-09-17 10:33:44,SPX,7628.49,7605.77,7600.0,3732,984,0.1682,0.00062
2026-09-17 10:33:44,SPX,7628.49,7605.77,7660.0,1495,291,0.1383,0.00062
2026-09-17 10:33:44,SPX,7628.49,7605.77,7595.0,647,673,0.1731,0.00062
2026-09-17 10:33:44,SPX,7628.49,7605.77,7665.0,1161,155,0.1395,0.00062
2026-09-17 10:33:44,SPX,7628.49,7605.77,7590.0,1601,689,0.1784,0.00062
2026-09-17 10:33:44,SPX,7628.49,7605.77,7670.0,2846,466,0.143,0.00062
2026-09-17 10:33:44,SPX,7628.49,7605.77,7585.0,527,518,0.1823,0.00062
2026-09-17 10:33:44,SPX,7628.49,7605.77,7675.0,5237,3864,0.1483,0.00062
2026-09-17 10:33:44,SPX,7628.49,7605.77,7580.0,1067,943,0.188,0.00062
2026-09-17 10:33:44,SPX,7628.49,7605.77,7680.0,1335,352,0.1536,0.00062
2026-09-17 10:33:44,SPX,7628.49,7605.77,7575.0,1221,787,0.1928,0.00062
2026-09-17 10:33:44,SPX,7628.49,7605.77,7685.0,1208,211,0.1585,0.00062
2026-09-17 10:33:44,SPX,7628.49,7605.77,7570.0,659,801,0.1998,0.00062
2026-09-17 10:33:44,SPX,7628.49,7605.77,7690.0,1710,388,0.1631,0.00062
2026-09-17 10:33:44,SPX,7628.49,7605.77,7565.0,477,398,0.2031,0.00062
2026-09-17 10:33:44,SPX,7628.49,7605.77,7695.0,729,211,0.168,0.00062
2026-09-17 10:33:44,SPX,7628.49,7605.77,7560.0,752,714,0.2098,0.00062
2026-09-17 10:33:44,SPX,7628.49,7605.77,7700.0,5946,566,0.1733,0.00062
2026-09-17 10:33:44,SPX,7628.49,7605.77,7555.0,1328,578,0.2204,0.00062
2026-09-17 10:33:44,SPX,7628.49,7605.77,7705.0,1033,167,0.1793,0.00062
2026-09-17 10:33:44,SPX,7628.49,7605.77,7550.0,2212,1562,0.2255,0.00062
2026-09-17 10:33:44,SPX,7628.49,7605.77,7710.0,1264,130,0.1859,0.00062
2026-09-17 10:33:44,SPX,7628.49,7605.77,7545.0,490,658,0.2336,0.00062
2026-09-17 10:33:44,SPX,7628.49,7605.77,7715.0,976,167,0.1929,0.00062
2026-09-17 10:33:44,SPX,7628.49,7605.77,7540.0,345,1146,0.2408,0.00062
2026-09-17 10:33:44,SPX,7628.49,7605.77,7720.0,938,314,0.2001,0.00062
2026-09-17 10:33:44,SPX,7628.49,7605.77,7535.0,277,719,0.2492,0.00062
2026-09-17 10:33:44,SPX,7628.49,7605.77,7725.0,3333,149,0.2076,0.00062
2026-09-17 10:33:44,SPX,7628.49,7605.77,7530.0,316,791,0.2586,0.00062
2026-09-17 10:33:44,SPX,7628.49,7605.77,7730.0,2689,77,0.2154,0.00062
2026-09-17 10:33:44,SPX,7628.49,7605.77,7525.0,625,1441,0.2646,0.00062
2026-09-17 10:33:44,SPX,7628.49,7605.77,7735.0,564,44,0.2236,0.00062
2026-09-17 10:33:44,SPX,7628.49,7605.77,7520.0,462,1558,0.2707,0.00062
2026-09-17 10:33:44,SPX,7628.49,7605.77,7740.0,903,171,0.2324,0.00062
2026-09-17 10:33:44,SPX,7628.49,7605.77,7515.0,109,667,0.2778,0.00062
2026-09-17 10:33:44,SPX,7628.49,7605.77,7745.0,393,42,0.2416,0.00062
2026-09-17 10:33:44,SPX,7628.49,7605.77,7510.0,175,3312,0.2861,0.00062
2026-09-17 10:33:44,SPX,7628.49,7605.77,7750.0,1471,201,0.251,0.00062
2026-09-17 10:33:44,SPX,7628.49,7605.77,7505.0,100,596,0.2958,0.00062
2026-09-17 10:33:44,SPX,7628.49,7605.77,7755.0,379,51,0.2601,0.00062
2026-09-17 10:33:44,SPX,7628.49,7605.77,7500.0,527,4190,0.3054,0.00062
2026-09-17 10:33:44,SPX,7628.49,7605.77,7760.0,855,100,0.2687,0.00062
2026-09-17 10:33:44,SPX,7628.49,7605.77,7495.0,36,1579,0.3142,0.00062
2026-09-17 10:33:44,SPX,7628.49,7605.77,7765.0,450,56,0.2765,0.00062
2026-09-17 10:33:44,SPX,7628.49,7605.77,7490.0,25,1973,0.3225,0.00062
2026-09-17 10:33:44,SPX,7628.49,7605.77,7770.0,1513,62,0.2834,0.00062
2026-09-17 10:33:44,SPX,7628.49,7605.77,7485.0,40,934,0.3306,0.00062
2026-09-17 10:33:44,SPX,7628.49,7605.77,7775.0,1138,57,0.2894,0.00062
2026-09-17 10:33:44,SPX,7628.49,7605.77,7480.0,78,966,0.3385,0.00062
2026-09-17 10:33:44,SPX,7628.49,7605.77,7780.0,2356,39,0.2943,0.00062
2026-09-17 10:33:44,SPX,7628.49,7605.77,7475.0,41,1278,0.3465,0.00062
2026-09-17 10:33:44,SPX,7628.49,7605.77,7785.0,1822,29,0.2981,0.00062
2026-09-17 10:33:44,SPX,7628.49,7605.77,7470.0,43,2274,0.3546,0.00062
2026-09-17 10:33:44,SPX,7628.49,7605.77,7790.0,3260,36,0.3009,0.00062
2026-09-17 10:33:44,SPX,7628.49,7605.77,7465.0,33,849,0.3629,0.00062
2026-09-17 10:33:44,SPX,7628.49,7605.77,7795.0,6829,11,0.3026,0.00062
2026-09-17 10:33:44,SPX,7628.49,7605.77,7460.0,9,1351,0.3711,0.00062
2026-09-17 10:33:44,SPX,7628.49,7605.77,7800.0,9270,103,0.3035,0.00062
2026-09-17 10:33:44,SPX,7628.49,7605.77,7455.0,26,0,0.3792,0.00062
2026-09-17 10:33:44,SPX,7628.49,7605.77,7805.0,0,11,0.3035,0.00062
2026-09-17 10:33:44,SPX,7628.49,7605.77,7450.0,414,3621,0.3872,0.00062
2026-09-17 10:33:44,SPX,7628.49,7605.77,7810.0,706,4,0.3029,0.00062
2026-09-17 10:33:44,SPX,7628.49,7605.77,7445.0,22,956,0.395,0.00062
2026-09-17 10:33:44,SPX,7628.49,7605.77,7815.0,922,2,0.3017,0.00062
2026-09-17 10:33:44,SPX,7628.49,7605.77,7440.0,26,1224,0.4026,0.00062
2026-09-17 10:33:44,SPX,7628.49,7605.77,7820.0,421,16,0.3002,0.00062
2026-09-17 10:33:44,SPX,7628.49,7605.77,7435.0,13,972,0.41,0.00062
2026-09-17 10:33:44,SPX,7628.49,7605.77,7825.0,1073,73,0.2983,0.00062
2026-09-17 10:33:44,SPX,7628.49,7605.77,7430.0,3,1149,0.4173,0.00062
2026-09-17 10:33:44,SPX,7628.49,7605.77,7830.0,794,3,0.2962,0.00062
2026-09-17 10:33:44,SPX,7628.49,7605.77,7425.0,34,4728,0.4247,0.00062
2026-09-17 10:33:44,SPX,7628.49,7605.77,7835.0,516,0,0.2941,0.00062
2026-09-17 10:33:44,SPX,7628.49,7605.77,7420.0,28,2734,0.4322,0.00062
2026-09-17 10:33:44,SPX,7628.49,7605.77,7840.0,509,23,0.2919,0.00062
2026-09-17 10:33:44,SPX,7628.49,7605.77,7415.0,12,1524,0.4399,0.00062
2026-09-17 10:33:44,SPX,7628.49,7605.77,7845.0,439,0,0.2898,0.00062
2026-09-17 10:33:44,SPX,7628.49,7605.77,7410.0,14,1498,0.4476,0.00062
2026-09-17 10:33:44,SPX,7628.49,7605.77,7850.0,631,53,0.2876,0.00062
2026-09-17 10:33:44,SPX,7628.49,7605.77,7405.0,10,673,0.4554,0.00062
2026-09-17 10:33:44,SPX,7628.49,7605.77,7855.0,452,1,0.2854,0.00062
2026-09-17 10:33:44,SPX,7628.49,7605.77,7400.0,32,2856,0.4632,0.00062
2026-09-17 10:33:44,SPX,7628.49,7605.77,7860.0,288,0,0.2831,0.00062
2026-09-17 10:33:44,SPX,7628.49,7605.77,7395.0,1,713,0.4712,0.00062
2026-09-17 10:33:44,SPX,7628.49,7605.77,7865.0,198,0,0.2809,0.00062
2026-09-17 10:33:44,SPX,7628.49,7605.77,7390.0,6,1922,0.4792,0.00062
2026-09-17 10:33:44,SPX,7628.49,7605.77,7870.0,3187,2,0.2786,0.00062
2026-09-17 10:33:44,SPX,7628.49,7605.77,7385.0,2,535,0.4873,0.00062
2026-09-17 10:33:44,SPX,7628.49,7605.77,7875.0,681,10,0.2763,0.00062
2026-09-17 10:33:44,SPX,7628.49,7605.77,7380.0,45,1805,0.4955,0.00062
2026-09-17 10:33:44,SPX,7628.49,7605.77,7630.0,642,3316,0.1448,0.003358
2026-09-17 10:33:44,SPX,7628.49,7605.77,7625.0,1767,4635,0.1469,0.003358
2026-09-17 10:33:44,SPX,7628.49,7605.77,7635.0,911,1251,0.143,0.003358
2026-09-17 10:33:44,SPX,7628.49,7605.77,7620.0,785,554,0.1488,0.003358
2026-09-17 10:33:44,SPX,7628.49,7605.77,7640.0,782,1233,0.1421,0.003358
2026-09-17 10:33:44,SPX,7628.49,7605.77,7615.0,1057,2408,0.1505,0.003358
2026-09-17 10:33:44,SPX,7628.49,7605.77,7645.0,508,452,0.14,0.003358
2026-09-17 10:33:44,SPX,7628.49,7605.77,7610.0,907,956,0.1526,0.003358
2026-09-17 10:33:44,SPX,7628.49,7605.77,7650.0,6295,6150,0.139,0.003358
2026-09-17 10:33:44,SPX,7628.49,7605.77,7605.0,795,2812,0.155,0.003358
2026-09-17 10:33:44,SPX,7628.49,7605.77,7655.0,727,3309,0.1381,0.003358
2026-09-17 10:33:44,SPX,7628.49,7605.77,7600.0,4785,5804,0.1568,0.003358
2026-09-17 10:33:44,SPX,7628.49,7605.77,7660.0,2473,3154,0.1367,0.003358
2026-09-17 10:33:44,SPX,7628.49,7605.77,7595.0,323,725,0.1598,0.003358
2026-09-17 10:33:44,SPX,7628.49,7605.77,7665.0,841,392,0.1363,0.003358
2026-09-17 10:33:44,SPX,7628.49,7605.77,7590.0,549,1030,0.1623,0.003358
2026-09-17 10:33:44,SPX,7628.49,7605.77,7670.0,1463,660,0.1355,0.003358
2026-09-17 10:33:44,SPX,7628.49,7605.77,7585.0,447,574,0.1647,0.003358
2026-09-17 10:33:44,SPX,7628.49,7605.77,7675.0,5592,0,0.1346,0.003358
2026-09-17 10:33:44,SPX,7628.49,7605.77,7580.0,0,946,0.1665,0.003358
2026-09-17 10:33:44,SPX,7628.49,7605.77,7680.0,3781,614,0.1345,0.003358
2026-09-17 10:33:44,SPX,7628.49,7605.77,7575.0,701,2374,0.1686,0.003358
2026-09-17 10:33:44,SPX,7628.49,7605.77,7685.0,1113,385,0.134,0.003358
2026-09-17 10:33:44,SPX,7628.49,7605.77,7570.0,535,1083,0.1721,0.003358
2026-09-17 10:33:44,SPX,7628.49,7605.77,7690.0,1091,1619,0.1344,0.003358
2026-09-17 10:33:44,SPX,7628.49,7605.77,7565.0,675,575,0.1749,0.003358
2026-09-17 10:33:44,SPX,7628.49,7605.77,7695.0,1758,611,0.1336,0.003358
2026-09-17 10:33:44,SPX,7628.49,7605.77,7560.0,348,801,0.1765,0.003358
2026-09-17 10:33:44,SPX,7628.49,7605.77,7700.0,10448,5604,0.1331,0.003358
2026-09-17 10:33:44,SPX,7628.49,7605.77,7555.0,176,587,0.1788,0.003358
2026-09-17 10:33:44,SPX,7628.49,7605.77,7705.0,3410,676,0.1329,0.003358
2026-09-17 10:33:44,SPX,7628.49,7605.77,7550.0,2789,8543,0.1817,0.003358
2026-09-17 10:33:44,SPX,7628.49,7605.77,7710.0,774,393,0.1331,0.003358
2026-09-17 10:33:44,SPX,7628.49,7605.77,7545.0,1977,2390,0.1843,0.003358
2026-09-17 10:33:44,SPX,7628.49,7605.77,7715.0,1516,365,0.1339,0.003358
2026-09-17 10:33:44,SPX,7628.49,7605.77,7540.0,145,1172,0.1874,0.003358
2026-09-17 10:33:44,SPX,7628.49,7605.77,7720.0,732,1172,0.1347,0.003358
2026-09-17 10:33:44,SPX,7628.49,7605.77,7535.0,226,1111,0.1896,0.003358
2026-09-17 10:33:44,SPX,7628.49,7605.77,7725.0,3288,1225,0.1353,0.003358
2026-09-17 10:33:44,SPX,7628.49,7605.77,7530.0,184,1152,0.1917,0.003358
2026-09-17 10:33:44,SPX,7628.49,7605.77,7730.0,776,460,0.1363,0.003358
2026-09-17 10:33:44,SPX,7628.49,7605.77,7525.0,232,1122,0.1939,0.003358
2026-09-17 10:33:44,SPX,7628.49,7605.77,7735.0,974,665,0.1376,0.003358
2026-09-17 10:33:44,SPX,7628.49,7605.77,7520.0,140,1349,0.1962,0.003358
2026-09-17 10:33:44,SPX,7628.49,7605.77,7740.0,1661,425,0.1391,0.003358
2026-09-17 10:33:44,SPX,7628.49,7605.77,7515.0,143,841,0.2011,0.003358
2026-09-17 10:33:44,SPX,7628.49,7605.77,7745.0,941,179,0.1403,0.003358
2026-09-17 10:33:44,SPX,7628.49,7605.77,7510.0,154,970,0.202,0.003358
2026-09-17 10:33:44,SPX,7628.49,7605.77,7750.0,3182,1431,0.1415,0.003358
2026-09-17 10:33:44,SPX,7628.49,7605.77,7505.0,96,679,0.205,0.003358
2026-09-17 10:33:44,SPX,7628.49,7605.77,7755.0,1730,147,0.1428,0.003358
2026-09-17 10:33:44,SPX,7628.49,7605.77,7500.0,891,3885,0.2083,0.003358
2026-09-17 10:33:44,SPX,7628.49,7605.77,7760.0,2092,87,0.1446,0.003358
2026-09-17 10:33:44,SPX,7628.49,7605.77,7495.0,647,1987,0.2108,0.003358
2026-09-17 10:33:44,SPX,7628.49,7605.77,7765.0,1300,221,0.1468,0.003358
2026-09-17 10:33:44,SPX,7628.49,7605.77,7490.0,71,1004,0.213,0.003358
2026-09-17 10:33:44,SPX,7628.49,7605.77,7770.0,986,242,0.1494,0.003358
2026-09-17 10:33:44,SPX,7628.49,7605.77,7485.0,68,463,0.2169,0.003358
2026-09-17 10:33:44,SPX,7628.49,7605.77,7775.0,2208,479,0.1522,0.003358
2026-09-17 10:33:44,SPX,7628.49,7605.77,7480.0,112,1181,0.2199,0.003358
2026-09-17 10:33:44,SPX,7628.49,7605.77,7780.0,1650,246,0.1552,0.003358
2026-09-17 10:33:44,SPX,7628.49,7605.77,7475.0,333,1738,0.2215,0.003358
2026-09-17 10:33:44,SPX,7628.49,7605.77,7785.0,1661,259,0.1582,0.003358
2026-09-17 10:33:44,SPX,7628.49,7605.77,7470.0,97,1130,0.2243,0.003358
2026-09-17 10:33:44,SPX,7628.49,7605.77,7790.0,1693,179,0.1613,0.003358
2026-09-17 10:33:44,SPX,7628.49,7605.77,7465.0,31,1706,0.2293,0.003358
2026-09-17 10:33:44,SPX,7628.49,7605.77,7795.0,1028,146,0.1644,0.003358
2026-09-17 10:33:44,SPX,7628.49,7605.77,7460.0,102,1027,0.2314,0.003358
2026-09-17 10:33:44,SPX,7628.49,7605.77,7800.0,5655,695,0.1676,0.003358
2026-09-17 10:33:44,SPX,7628.49,7605.77,7455.0,70,572,0.2332,0.003358
2026-09-17 10:33:44,SPX,7628.49,7605.77,7805.0,1216,62,0.1707,0.003358
2026-09-17 10:33:44,SPX,7628.49,7605.77,7450.0,344,3283,0.2371,0.003358
2026-09-17 10:33:44,SPX,7628.49,7605.77,7810.0,1544,79,0.1738,0.003358
2026-09-17 10:33:44,SPX,7628.49,7605.77,7445.0,70,760,0.2411,0.003358
2026-09-17 10:33:44,SPX,7628.49,7605.77,7815.0,1984,47,0.1769,0.003358
2026-09-17 10:33:44,SPX,7628.49,7605.77,7440.0,79,1483,0.2415,0.003358
2026-09-17 10:33:44,SPX,7628.49,7605.77,7820.0,3089,77,0.1812,0.003358
2026-09-17 10:33:44,SPX,7628.49,7605.77,7435.0,20,1659,0.2451,0.003358
2026-09-17 10:33:44,SPX,7628.49,7605.77,7825.0,2721,123,0.1844,0.003358
2026-09-17 10:33:44,SPX,7628.49,7605.77,7430.0,152,978,0.2486,0.003358
2026-09-17 10:33:44,SPX,7628.49,7605.77,7830.0,1165,77,0.1876,0.003358
2026-09-17 10:33:44,SPX,7628.49,7605.77,7425.0,449,2516,0.2513,0.003358
2026-09-17 10:33:44,SPX,7628.49,7605.77,7835.0,679,18,0.1906,0.003358
2026-09-17 10:33:44,SPX,7628.49,7605.77,7420.0,97,757,0.2528,0.003358
2026-09-17 10:33:44,SPX,7628.49,7605.77,7840.0,1822,57,0.1936,0.003358
2026-09-17 10:33:44,SPX,7628.49,7605.77,7415.0,55,792,0.2555,0.003358
2026-09-17 10:33:44,SPX,7628.49,7605.77,7845.0,566,35,0.1965,0.003358
2026-09-17 10:33:44,SPX,7628.49,7605.77,7410.0,269,1274,0.2585,0.003358
2026-09-17 10:33:44,SPX,7628.49,7605.77,7850.0,3812,60,0.1993,0.003358
2026-09-17 10:33:44,SPX,7628.49,7605.77,7405.0,158,891,0.2636,0.003358
2026-09-17 10:33:44,SPX,7628.49,7605.77,7855.0,716,27,0.2022,0.003358
2026-09-17 10:33:44,SPX,7628.49,7605.77,7400.0,1057,6101,0.2662,0.003358
2026-09-17 10:33:44,SPX,7628.49,7605.77,7860.0,861,19,0.205,0.003358
2026-09-17 10:33:44,SPX,7628.49,7605.77,7395.0,30,2413,0.2694,0.003358
2026-09-17 10:33:44,SPX,7628.49,7605.77,7865.0,634,11,0.2078,0.003358
2026-09-17 10:33:44,SPX,7628.49,7605.77,7390.0,33,1245,0.2738,0.003358
2026-09-17 10:33:44,SPX,7628.49,7605.77,7870.0,855,21,0.2107,0.003358
2026-09-17 10:33:44,SPX,7628.49,7605.77,7385.0,78,943,0.2782,0.003358
2026-09-17 10:33:44,SPX,7628.49,7605.77,7875.0,1924,71,0.2137,0.003358
2026-09-17 10:33:44,SPX,7628.49,7605.77,7380.0,68,1279,0.2823,0.003358
2026-09-17 10:33:44,SPX,7628.49,7605.77,7630.0,276,417,0.1056,0.011572
2026-09-17 10:33:44,SPX,7628.49,7605.77,7625.0,170,445,0.1066,0.011572
2026-09-17 10:33:44,SPX,7628.49,7605.77,7635.0,204,390,0.1045,0.011572
2026-09-17 10:33:44,SPX,7628.49,7605.77,7620.0,196,163,0.108,0.011572
2026-09-17 10:33:44,SPX,7628.49,7605.77,7640.0,281,264,0.1034,0.011572
2026-09-17 10:33:44,SPX,7628.49,7605.77,7615.0,179,186,0.1087,0.011572
2026-09-17 10:33:44,SPX,7628.49,7605.77,7645.0,221,49,0.1026,0.011572
2026-09-17 10:33:44,SPX,7628.49,7605.77,7610.0,164,259,0.1101,0.011572
2026-09-17 10:33:44,SPX,7628.49,7605.77,7650.0,664,713,0.1016,0.011572
2026-09-17 10:33:44,SPX,7628.49,7605.77,7605.0,163,132,0.1111,0.011572
2026-09-17 10:33:44,SPX,7628.49,7605.77,7655.0,219,59,0.1008,0.011572
2026-09-17 10:33:44,SPX,7628.49,7605.77,7600.0,460,900,0.113,0.011572
2026-09-17 10:33:44,SPX,7628.49,7605.77,7660.0,379,188,0.1002,0.011572
2026-09-17 10:33:44,SPX,7628.49,7605.77,7595.0,78,265,0.1137,0.011572
2026-09-17 10:33:44,SPX,7628.49,7605.77,7665.0,211,87,0.0995,0.011572
2026-09-17 10:33:44,SPX,7628.49,7605.77,7590.0,120,369,0.115,0.011572
2026-09-17 10:33:44,SPX,7628.49,7605.77,7670.0,466,207,0.0988,0.011572
2026-09-17 10:33:44,SPX,7628.49,7605.77,7585.0,473,207,0.1164,0.011572
2026-09-17 10:33:44,SPX,7628.49,7605.77,7675.0,375,667,0.0981,0.011572
2026-09-17 10:33:44,SPX,7628.49,7605.77,7580.0,120,343,0.1175,0.011572
2026-09-17 10:33:44,SPX,7628.49,7605.77,7680.0,314,108,0.0972,0.011572
2026-09-17 10:33:44,SPX,7628.49,7605.77,7575.0,95,494,0.1187,0.011572
2026-09-17 10:33:44,SPX,7628.49,7605.77,7685.0,247,50,0.0962,0.011572
2026-09-17 10:33:44,SPX,7628.49,7605.77,7570.0,69,233,0.12,0.011572
2026-09-17 10:33:44,SPX,7628.49,7605.77,7690.0,390,170,0.0954,0.011572
2026-09-17 10:33:44,SPX,7628.49,7605.77,7565.0,48,129,0.1213,0.011572
2026-09-17 10:33:44,SPX,7628.49,7605.77,7695.0,318,61,0.0948,0.011572
2026-09-17 10:33:44,SPX,7628.49,7605.77,7560.0,190,383,0.1227,0.011572
2026-09-17 10:33:44,SPX,7628.49,7605.77,7700.0,4505,3404,0.0944,0.011572
2026-09-17 10:33:44,SPX,7628.49,7605.77,7555.0,31,220,0.1243,0.011572
2026-09-17 10:33:44,SPX,7628.49,7605.77,7705.0,364,52,0.094,0.011572
2026-09-17 10:33:44,SPX,7628.49,7605.77,7550.0,167,702,0.1258,0.011572
2026-09-17 10:33:44,SPX,7628.49,7605.77,7710.0,688,127,0.0937,0.011572
2026-09-17 10:33:44,SPX,7628.49,7605.77,7545.0,22,120,0.1274,0.011572
2026-09-17 10:33:44,SPX,7628.49,7605.77,7715.0,442,26,0.0933,0.011572
2026-09-17 10:33:44,SPX,7628.49,7605.77,7540.0,69,158,0.1289,0.011572
2026-09-17 10:33:44,SPX,7628.49,7605.77,7720.0,461,172,0.093,0.011572
2026-09-17 10:33:44,SPX,7628.49,7605.77,7535.0,74,135,0.1303,0.011572
2026-09-17 10:33:44,SPX,7628.49,7605.77,7725.0,1113,399,0.0927,0.011572
2026-09-17 10:33:44,SPX,7628.49,7605.77,7530.0,49,244,0.1317,0.011572
2026-09-17 10:33:44,SPX,7628.49,7605.77,7730.0,577,164,0.0925,0.011572
2026-09-17 10:33:44,SPX,7628.49,7605.77,7525.0,62,339,0.1329,0.011572
2026-09-17 10:33:44,SPX,7628.49,7605.77,7735.0,622,30,0.0923,0.011572
2026-09-17 10:33:44,SPX,7628.49,7605.77,7520.0,33,651,0.1342,0.011572
2026-09-17 10:33:44,SPX,7628.49,7605.77,7740.0,809,205,0.0921,0.011572
2026-09-17 10:33:44,SPX,7628.49,7605.77,7515.0,44,105,0.1355,0.011572
2026-09-17 10:33:44,SPX,7628.49,7605.77,7745.0,323,31,0.092,0.011572
2026-09-17 10:33:44,SPX,7628.49,7605.77,7510.0,25,320,0.1369,0.011572
2026-09-17 10:33:44,SPX,7628.49,7605.77,7750.0,1461,338,0.0919,0.011572
2026-09-17 10:33:44,SPX,7628.49,7605.77,7505.0,16,126,0.1383,0.011572
2026-09-17 10:33:44,SPX,7628.49,7605.77,7755.0,260,7,0.0918,0.011572
2026-09-17 10:33:44,SPX,7628.49,7605.77,7500.0,31,1972,0.1397,0.011572
2026-09-17 10:33:44,SPX,7628.49,7605.77,7760.0,543,93,0.0919,0.011572
2026-09-17 10:33:44,SPX,7628.49,7605.77,7495.0,13,410,0.1412,0.011572
2026-09-17 10:33:44,SPX,7628.49,7605.77,7765.0,495,2,0.092,0.011572
2026-09-17 10:33:44,SPX,7628.49,7605.77,7490.0,11,298,0.1426,0.011572
2026-09-17 10:33:44,SPX,7628.49,7605.77,7770.0,424,30,0.0923,0.011572
2026-09-17 10:33:44,SPX,7628.49,7605.77,7485.0,5,157,0.1441,0.011572
2026-09-17 10:33:44,SPX,7628.49,7605.77,7775.0,1335,142,0.0927,0.011572
2026-09-17 10:33:44,SPX,7628.49,7605.77,7480.0,7,215,0.1457,0.011572
2026-09-17 10:33:44,SPX,7628.49,7605.77,7780.0,551,27,0.0932,0.011572
2026-09-17 10:33:44,SPX,7628.49,7605.77,7475.0,94,661,0.1472,0.011572
2026-09-17 10:33:44,SPX,7628.49,7605.77,7785.0,347,0,0.0938,0.011572
2026-09-17 10:33:44,SPX,7628.49,7605.77,7470.0,10,250,0.1487,0.011572
2026-09-17 10:33:44,SPX,7628.49,7605.77,7790.0,487,77,0.0946,0.011572
2026-09-17 10:33:44,SPX,7628.49,7605.77,7465.0,1,160,0.1502,0.011572
2026-09-17 10:33:44,SPX,7628.49,7605.77,7795.0,624,0,0.0955,0.011572
2026-09-17 10:33:44,SPX,7628.49,7605.77,7460.0,22,213,0.1517,0.011572
2026-09-17 10:33:44,SPX,7628.49,7605.77,7800.0,1775,478,0.0965,0.011572
2026-09-17 10:33:44,SPX,7628.49,7605.77,7455.0,3,78,0.1532,0.011572
2026-09-17 10:33:44,SPX,7628.49,7605.77,7805.0,517,0,0.0976,0.011572
2026-09-17 10:33:44,SPX,7628.49,7605.77,7450.0,26,647,0.1547,0.011572
2026-09-17 10:33:44,SPX,7628.49,7605.77,7810.0,640,5,0.0988,0.011572
2026-09-17 10:33:44,SPX,7628.49,7605.77,7445.0,10,79,0.1562,0.011572
2026-09-17 10:33:44,SPX,7628.49,7605.77,7815.0,559,0,0.1001,0.011572
2026-09-17 10:33:44,SPX,7628.49,7605.77,7440.0,2,152,0.1576,0.011572
2026-09-17 10:33:44,SPX,7628.49,7605.77,7820.0,663,13,0.1015,0.011572
2026-09-17 10:33:44,SPX,7628.49,7605.77,7435.0,1,105,0.1591,0.011572
2026-09-17 10:33:44,SPX,7628.49,7605.77,7825.0,573,11,0.1029,0.011572
2026-09-17 10:33:44,SPX,7628.49,7605.77,7430.0,4,427,0.1606,0.011572
2026-09-17 10:33:44,SPX,7628.49,7605.77,7830.0,484,0,0.1044,0.011572
2026-09-17 10:33:44,SPX,7628.49,7605.77,7425.0,9,893,0.1621,0.011572
2026-09-17 10:33:44,SPX,7628.49,7605.77,7835.0,114,0,0.1059,0.011572
2026-09-17 10:33:44,SPX,7628.49,7605.77,7420.0,4,210,0.1637,0.011572
2026-09-17 10:33:44,SPX,7628.49,7605.77,7840.0,601,2,0.1075,0.011572
2026-09-17 10:33:44,SPX,7628.49,7605.77,7415.0,0,154,0.1652,0.011572
2026-09-17 10:33:44,SPX,7628.49,7605.77,7845.0,198,0,0.1092,0.011572
2026-09-17 10:33:44,SPX,7628.49,7605.77,7410.0,1,188,0.1667,0.011572
2026-09-17 10:33:44,SPX,7628.49,7605.77,7850.0,1181,13,0.1108,0.011572
2026-09-17 10:33:44,SPX,7628.49,7605.77,7405.0,1,206,0.1683,0.011572
2026-09-17 10:33:44,SPX,7628.49,7605.77,7400.0,5,792,0.1699,0.011572
2026-09-17 10:33:44,SPX,7628.49,7605.77,7860.0,602,0,0.1141,0.011572
2026-09-17 10:33:44,SPX,7628.49,7605.77,7395.0,1,181,0.1715,0.011572
2026-09-17 10:33:44,SPX,7628.49,7605.77,7390.0,0,208,0.1731,0.011572
2026-09-17 10:33:44,SPX,7628.49,7605.77,7870.0,627,0,0.1175,0.011572
2026-09-17 10:33:44,SPX,7628.49,7605.77,7385.0,2,182,0.1747,0.011572
2026-09-17 10:33:44,SPX,7628.49,7605.77,7875.0,1290,1,0.1191,0.011572
2026-09-17 10:33:44,SPX,7628.49,7605.77,7380.0,3,446,0.1763,0.011572
2026-09-17 11:04:07,SPX,7618.28,7604.2,7620.0,1365,332,0.141,0.000563
2026-09-17 11:04:07,SPX,7618.28,7604.2,7615.0,1780,186,0.1454,0.000563
2026-09-17 11:04:07,SPX,7618.28,7604.2,7625.0,1787,684,0.1376,0.000563
2026-09-17 11:04:07,SPX,7618.28,7604.2,7610.0,3018,969,0.1497,0.000563
2026-09-17 11:04:07,SPX,7618.28,7604.2,7630.0,1077,398,0.1352,0.000563
2026-09-17 11:04:07,SPX,7618.28,7604.2,7605.0,1093,394,0.1551,0.000563
2026-09-17 11:04:07,SPX,7618.28,7604.2,7635.0,1046,196,0.1335,0.000563
2026-09-17 11:04:07,SPX,7618.28,7604.2,7600.0,3732,984,0.161,0.000563
2026-09-17 11:04:07,SPX,7618.28,7604.2,7640.0,1208,301,0.133,0.000563
2026-09-17 11:04:07,SPX,7618.28,7604.2,7595.0,647,673,0.1657,0.000563
2026-09-17 11:04:07,SPX,7618.28,7604.2,7645.0,1269,222,0.1329,0.000563
2026-09-17 11:04:07,SPX,7618.28,7604.2,7590.0,1601,689,0.1716,0.000563
2026-09-17 11:04:07,SPX,7618.28,7604.2,7650.0,2554,3382,0.1339,0.000563
2026-09-17 11:04:07,SPX,7618.28,7604.2,7585.0,527,518,0.178,0.000563
2026-09-17 11:04:07,SPX,7618.28,7604.2,7655.0,1613,198,0.1368,0.000563
2026-09-17 11:04:07,SPX,7618.28,7604.2,7580.0,1067,943,0.183,0.000563
2026-09-17 11:04:07,SPX,7618.28,7604.2,7660.0,1495,291,0.1405,0.000563
2026-09-17 11:04:07,SPX,7618.28,7604.2,7575.0,1221,787,0.1897,0.000563
2026-09-17 11:04:07,SPX,7618.28,7604.2,7665.0,1161,155,0.1452,0.000563
2026-09-17 11:04:07,SPX,7618.28,7604.2,7570.0,659,801,0.1957,0.000563
2026-09-17 11:04:07,SPX,7618.28,7604.2,7670.0,2846,466,0.1499,0.000563
2026-09-17 11:04:07,SPX,7618.28,7604.2,7565.0,477,398,0.2042,0.000563
2026-09-17 11:04:07,SPX,7618.28,7604.2,7675.0,5237,3864,0.155,0.000563
2026-09-17 11:04:07,SPX,7618.28,7604.2,7560.0,752,714,0.2084,0.000563
2026-09-17 11:04:07,SPX,7618.28,7604.2,7680.0,1335,352,0.1607,0.000563
2026-09-17 11:04:07,SPX,7618.28,7604.2,7555.0,1328,578,0.2153,0.000563
2026-09-17 11:04:07,SPX,7618.28,7604.2,7685.0,1208,211,0.1704,0.000563
2026-09-17 11:04:07,SPX,7618.28,7604.2,7550.0,2212,1562,0.2247,0.000563
2026-09-17 11:04:07,SPX,7618.28,7604.2,7690.0,1710,388,0.1779,0.000563
2026-09-17 11:04:07,SPX,7618.28,7604.2,7545.0,490,658,0.231,0.000563
2026-09-17 11:04:07,SPX,7618.28,7604.2,7695.0,729,211,0.1857,0.000563
2026-09-17 11:04:07,SPX,7618.28,7604.2,7540.0,345,1146,0.2377,0.000563
2026-09-17 11:04:07,SPX,7618.28,7604.2,7700.0,5946,566,0.1938,0.000563
2026-09-17 11:04:07,SPX,7618.28,7604.2,7535.0,277,719,0.2467,0.000563
2026-09-17 11:04:07,SPX,7618.28,7604.2,7705.0,1033,167,0.2021,0.000563
2026-09-17 11:04:07,SPX,7618.28,7604.2,7530.0,316,791,0.2553,0.000563
2026-09-17 11:04:07,SPX,7618.28,7604.2,7710.0,1264,130,0.2104,0.000563
2026-09-17 11:04:07,SPX,7618.28,7604.2,7525.0,625,1441,0.2632,0.000563
2026-09-17 11:04:07,SPX,7618.28,7604.2,7715.0,976,167,0.2189,0.000563
2026-09-17 11:04:07,SPX,7618.28,7604.2,7520.0,462,1558,0.2703,0.000563
2026-09-17 11:04:07,SPX,7618.28,7604.2,7720.0,938,314,0.2276,0.000563
2026-09-17 11:04:07,SPX,7618.28,7604.2,7515.0,109,667,0.2767,0.000563
2026-09-17 11:04:07,SPX,7618.28,7604.2,7725.0,3333,149,0.2366,0.000563
2026-09-17 11:04:07,SPX,7618.28,7604.2,7510.0,175,3312,0.2835,0.000563
2026-09-17 11:04:07,SPX,7618.28,7604.2,7730.0,2689,77,0.2457,0.000563
2026-09-17 11:04:07,SPX,7618.28,7604.2,7505.0,100,596,0.2906,0.000563
2026-09-17 11:04:07,SPX,7618.28,7604.2,7735.0,564,44,0.2545,0.000563
2026-09-17 11:04:07,SPX,7618.28,7604.2,7500.0,527,4190,0.2989,0.000563
2026-09-17 11:04:07,SPX,7618.28,7604.2,7740.0,903,171,0.2628,0.000563
2026-09-17 11:04:07,SPX,7618.28,7604.2,7495.0,36,1579,0.3083,0.000563
2026-09-17 11:04:07,SPX,7618.28,7604.2,7745.0,393,42,0.2704,0.000563
2026-09-17 11:04:07,SPX,7618.28,7604.2,7490.0,25,1973,0.3174,0.000563
2026-09-17 11:04:07,SPX,7618.28,7604.2,7750.0,1471,201,0.2774,0.000563
2026-09-17 11:04:07,SPX,7618.28,7604.2,7485.0,40,934,0.3264,0.000563
2026-09-17 11:04:07,SPX,7618.28,7604.2,7755.0,379,51,0.2834,0.000563
2026-09-17 11:04:07,SPX,7618.28,7604.2,7480.0,78,966,0.3354,0.000563
2026-09-17 11:04:07,SPX,7618.28,7604.2,7760.0,855,100,0.2887,0.000563
2026-09-17 11:04:07,SPX,7618.28,7604.2,7475.0,41,1278,0.3443,0.000563
2026-09-17 11:04:07,SPX,7618.28,7604.2,7765.0,450,56,0.2931,0.000563
2026-09-17 11:04:07,SPX,7618.28,7604.2,7470.0,43,2274,0.3529,0.000563
2026-09-17 11:04:07,SPX,7618.28,7604.2,7770.0,1513,62,0.2966,0.000563
2026-09-17 11:04:07,SPX,7618.28,7604.2,7465.0,33,849,0.3616,0.000563
2026-09-17 11:04:07,SPX,7618.28,7604.2,7775.0,1138,57,0.2994,0.000563
2026-09-17 11:04:07,SPX,7618.28,7604.2,7460.0,9,1351,0.3702,0.000563
2026-09-17 11:04:07,SPX,7618.28,7604.2,7780.0,2356,39,0.3013,0.000563
2026-09-17 11:04:07,SPX,7618.28,7604.2,7455.0,26,1050,0.379,0.000563
2026-09-17 11:04:07,SPX,7618.28,7604.2,7785.0,1822,29,0.3026,0.000563
2026-09-17 11:04:07,SPX,7618.28,7604.2,7450.0,414,3621,0.3879,0.000563
2026-09-17 11:04:07,SPX,7618.28,7604.2,7790.0,3260,36,0.3032,0.000563
2026-09-17 11:04:07,SPX,7618.28,7604.2,7445.0,22,956,0.3967,0.000563
2026-09-17 11:04:07,SPX,7618.28,7604.2,7795.0,6829,11,0.3033,0.000563
2026-09-17 11:04:07,SPX,7618.28,7604.2,7440.0,26,1224,0.4055,0.000563
2026-09-17 11:04:07,SPX,7618.28,7604.2,7800.0,9270,103,0.303,0.000563
2026-09-17 11:04:07,SPX,7618.28,7604.2,7435.0,13,972,0.414,0.000563
2026-09-17 11:04:07,SPX,7618.28,7604.2,7805.0,2220,11,0.3023,0.000563
2026-09-17 11:04:07,SPX,7618.28,7604.2,7430.0,3,1149,0.4223,0.000563
2026-09-17 11:04:07,SPX,7618.28,7604.2,7810.0,706,4,0.3014,0.000563
2026-09-17 11:04:07,SPX,7618.28,7604.2,7425.0,34,4728,0.4303,0.000563
2026-09-17 11:04:07,SPX,7618.28,7604.2,7815.0,922,2,0.3003,0.000563
2026-09-17 11:04:07,SPX,7618.28,7604.2,7420.0,28,2734,0.438,0.000563
2026-09-17 11:04:07,SPX,7618.28,7604.2,7820.0,421,16,0.2989,0.000563
2026-09-17 11:04:07,SPX,7618.28,7604.2,7415.0,12,1524,0.4456,0.000563
2026-09-17 11:04:07,SPX,7618.28,7604.2,7825.0,1073,73,0.2976,0.000563
2026-09-17 11:04:07,SPX,7618.28,7604.2,7410.0,14,1498,0.4532,0.000563
2026-09-17 11:04:07,SPX,7618.28,7604.2,7830.0,794,0,0.2961,0.000563
2026-09-17 11:04:07,SPX,7618.28,7604.2,7405.0,10,673,0.4608,0.000563
2026-09-17 11:04:07,SPX,7618.28,7604.2,7835.0,516,0,0.2944,0.000563
2026-09-17 11:04:07,SPX,7618.28,7604.2,7400.0,32,2856,0.4685,0.000563
2026-09-17 11:04:07,SPX,7618.28,7604.2,7840.0,509,23,0.2927,0.000563
2026-09-17 11:04:07,SPX,7618.28,7604.2,7395.0,1,713,0.4762,0.000563
2026-09-17 11:04:07,SPX,7618.28,7604.2,7845.0,439,0,0.2908,0.000563
2026-09-17 11:04:07,SPX,7618.28,7604.2,7390.0,6,1922,0.4841,0.000563
2026-09-17 11:04:07,SPX,7618.28,7604.2,7850.0,631,53,0.2888,0.000563
2026-09-17 11:04:07,SPX,7618.28,7604.2,7385.0,2,535,0.492,0.000563
2026-09-17 11:04:07,SPX,7618.28,7604.2,7855.0,452,1,0.2868,0.000563
2026-09-17 11:04:07,SPX,7618.28,7604.2,7380.0,45,1805,0.5002,0.000563
2026-09-17 11:04:07,SPX,7618.28,7604.2,7860.0,288,0,0.2847,0.000563
2026-09-17 11:04:07,SPX,7618.28,7604.2,7375.0,5,3023,0.5085,0.000563
2026-09-17 11:04:07,SPX,7618.28,7604.2,7865.0,198,0,0.2826,0.000563
2026-09-17 11:04:07,SPX,7618.28,7604.2,7370.0,0,1229,0.517,0.000563
2026-09-17 11:04:07,SPX,7618.28,7604.2,7620.0,785,554,0.1462,0.0033
2026-09-17 11:04:07,SPX,7618.28,7604.2,7615.0,1057,2408,0.148,0.0033
2026-09-17 11:04:07,SPX,7618.28,7604.2,7625.0,1767,4635,0.1441,0.0033
2026-09-17 11:04:07,SPX,7618.28,7604.2,7610.0,907,956,0.1502,0.0033
2026-09-17 11:04:07,SPX,7618.28,7604.2,7630.0,642,3316,0.1429,0.0033
2026-09-17 11:04:07,SPX,7618.28,7604.2,7605.0,795,2812,0.1525,0.0033
2026-09-17 11:04:07,SPX,7618.28,7604.2,7635.0,911,1251,0.1406,0.0033
2026-09-17 11:04:07,SPX,7618.28,7604.2,7600.0,4785,5804,0.1541,0.0033
2026-09-17 11:04:07,SPX,7618.28,7604.2,7640.0,782,1233,0.1397,0.0033
2026-09-17 11:04:07,SPX,7618.28,7604.2,7595.0,323,725,0.1569,0.0033
2026-09-17 11:04:07,SPX,7618.28,7604.2,7645.0,508,452,0.1388,0.0033
2026-09-17 11:04:07,SPX,7618.28,7604.2,7590.0,549,1030,0.1599,0.0033
2026-09-17 11:04:07,SPX,7618.28,7604.2,7650.0,6295,6150,0.1384,0.0033
2026-09-17 11:04:07,SPX,7618.28,7604.2,7585.0,447,574,0.1618,0.0033
2026-09-17 11:04:07,SPX,7618.28,7604.2,7655.0,727,3309,0.138,0.0033
2026-09-17 11:04:07,SPX,7618.28,7604.2,7580.0,953,946,0.1638,0.0033
2026-09-17 11:04:07,SPX,7618.28,7604.2,7660.0,2473,3154,0.1368,0.0033
2026-09-17 11:04:07,SPX,7618.28,7604.2,7575.0,701,2374,0.1666,0.0033
2026-09-17 11:04:07,SPX,7618.28,7604.2,7665.0,841,392,0.1356,0.0033
2026-09-17 11:04:07,SPX,7618.28,7604.2,7570.0,535,1083,0.1684,0.0033
2026-09-17 11:04:07,SPX,7618.28,7604.2,7670.0,1463,660,0.1361,0.0033
2026-09-17 11:04:07,SPX,7618.28,7604.2,7565.0,675,575,0.1715,0.0033
2026-09-17 11:04:07,SPX,7618.28,7604.2,7675.0,5592,3236,0.1357,0.0033
2026-09-17 11:04:07,SPX,7618.28,7604.2,7560.0,348,801,0.1747,0.0033
2026-09-17 11:04:07,SPX,7618.28,7604.2,7680.0,3781,614,0.1347,0.0033
2026-09-17 11:04:07,SPX,7618.28,7604.2,7555.0,176,587,0.1775,0.0033
2026-09-17 11:04:07,SPX,7618.28,7604.2,7685.0,1113,385,0.1356,0.0033
2026-09-17 11:04:07,SPX,7618.28,7604.2,7550.0,2789,8543,0.1799,0.0033
2026-09-17 11:04:07,SPX,7618.28,7604.2,7690.0,1091,1619,0.1364,0.0033
2026-09-17 11:04:07,SPX,7618.28,7604.2,7545.0,1977,2390,0.1824,0.0033
2026-09-17 11:04:07,SPX,7618.28,7604.2,7695.0,1758,611,0.1355,0.0033
2026-09-17 11:04:07,SPX,7618.28,7604.2,7540.0,145,1172,0.1857,0.0033
2026-09-17 11:04:07,SPX,7618.28,7604.2,7700.0,10448,5604,0.1361,0.0033
2026-09-17 11:04:07,SPX,7618.28,7604.2,7535.0,226,1111,0.1892,0.0033
2026-09-17 11:04:07,SPX,7618.28,7604.2,7705.0,3410,676,0.1368,0.0033
2026-09-17 11:04:07,SPX,7618.28,7604.2,7530.0,184,1152,0.1918,0.0033
2026-09-17 11:04:07,SPX,7618.28,7604.2,7710.0,774,393,0.1376,0.0033
2026-09-17 11:04:07,SPX,7618.28,7604.2,7525.0,232,1122,0.1926,0.0033
2026-09-17 11:04:07,SPX,7618.28,7604.2,7715.0,1516,365,0.1389,0.0033
2026-09-17 11:04:07,SPX,7618.28,7604.2,7520.0,140,1349,0.1973,0.0033
2026-09-17 11:04:07,SPX,7618.28,7604.2,7720.0,732,1172,0.1399,0.0033
2026-09-17 11:04:07,SPX,7618.28,7604.2,7515.0,143,841,0.1995,0.0033
2026-09-17 11:04:07,SPX,7618.28,7604.2,7725.0,3288,1225,0.1409,0.0033
2026-09-17 11:04:07,SPX,7618.28,7604.2,7510.0,154,970,0.2018,0.0033
2026-09-17 11:04:07,SPX,7618.28,7604.2,7730.0,776,460,0.142,0.0033
2026-09-17 11:04:07,SPX,7618.28,7604.2,7505.0,96,679,0.204,0.0033
2026-09-17 11:04:07,SPX,7618.28,7604.2,7735.0,974,665,0.1431,0.0033
2026-09-17 11:04:07,SPX,7618.28,7604.2,7500.0,891,3885,0.2067,0.0033
2026-09-17 11:04:07,SPX,7618.28,7604.2,7740.0,1661,425,0.1446,0.0033
2026-09-17 11:04:07,SPX,7618.28,7604.2,7495.0,647,1987,0.2104,0.0033
2026-09-17 11:04:07,SPX,7618.28,7604.2,7745.0,941,179,0.1465,0.0033
2026-09-17 11:04:07,SPX,7618.28,7604.2,7490.0,71,1004,0.2146,0.0033
2026-09-17 11:04:07,SPX,7618.28,7604.2,7750.0,3182,0,0.1487,0.0033
2026-09-17 11:04:07,SPX,7618.28,7604.2,7485.0,68,463,0.2153,0.0033
2026-09-17 11:04:07,SPX,7618.28,7604.2,7755.0,1730,0,0.1511,0.0033
2026-09-17 11:04:07,SPX,7618.28,7604.2,7480.0,112,1181,0.2179,0.0033
2026-09-17 11:04:07,SPX,7618.28,7604.2,7760.0,2092,87,0.1536,0.0033
2026-09-17 11:04:07,SPX,7618.28,7604.2,7475.0,333,1738,0.222,0.0033
2026-09-17 11:04:07,SPX,7618.28,7604.2,7765.0,1300,0,0.1564,0.0033
2026-09-17 11:04:07,SPX,7618.28,7604.2,7470.0,97,1130,0.2249,0.0033
2026-09-17 11:04:07,SPX,7618.28,7604.2,7770.0,986,242,0.1595,0.0033
2026-09-17 11:04:07,SPX,7618.28,7604.2,7465.0,31,1706,0.2262,0.0033
2026-09-17 11:04:07,SPX,7618.28,7604.2,7775.0,2208,479,0.1627,0.0033
2026-09-17 11:04:07,SPX,7618.28,7604.2,7460.0,102,1027,0.2303,0.0033
2026-09-17 11:04:07,SPX,7618.28,7604.2,7780.0,1650,246,0.1661,0.0033
2026-09-17 11:04:07,SPX,7618.28,7604.2,7455.0,70,572,0.2345,0.0033
2026-09-17 11:04:07,SPX,7618.28,7604.2,7785.0,1661,259,0.1694,0.0033
2026-09-17 11:04:07,SPX,7618.28,7604.2,7450.0,344,3283,0.2369,0.0033
2026-09-17 11:04:07,SPX,7618.28,7604.2,7790.0,1693,179,0.1728,0.0033
2026-09-17 11:04:07,SPX,7618.28,7604.2,7445.0,70,760,0.24,0.0033
2026-09-17 11:04:07,SPX,7618.28,7604.2,7795.0,1028,146,0.1761,0.0033
2026-09-17 11:04:07,SPX,7618.28,7604.2,7440.0,79,1483,0.242,0.0033
2026-09-17 11:04:07,SPX,7618.28,7604.2,7800.0,5655,695,0.1793,0.0033
2026-09-17 11:04:07,SPX,7618.28,7604.2,7435.0,20,1659,0.2436,0.0033
2026-09-17 11:04:07,SPX,7618.28,7604.2,7805.0,1216,62,0.1824,0.0033
2026-09-17 11:04:07,SPX,7618.28,7604.2,7430.0,152,978,0.2488,0.0033
2026-09-17 11:04:07,SPX,7618.28,7604.2,7810.0,1544,79,0.1854,0.0033
2026-09-17 11:04:07,SPX,7618.28,7604.2,7425.0,449,2516,0.252,0.0033
2026-09-17 11:04:07,SPX,7618.28,7604.2,7815.0,1984,47,0.1883,0.0033
2026-09-17 11:04:07,SPX,7618.28,7604.2,7420.0,97,757,0.2551,0.0033
2026-09-17 11:04:07,SPX,7618.28,7604.2,7820.0,3089,77,0.1912,0.0033
2026-09-17 11:04:07,SPX,7618.28,7604.2,7415.0,55,792,0.2574,0.0033
2026-09-17 11:04:07,SPX,7618.28,7604.2,7825.0,2721,123,0.194,0.0033
2026-09-17 11:04:07,SPX,7618.28,7604.2,7410.0,269,1274,0.2608,0.0033
2026-09-17 11:04:07,SPX,7618.28,7604.2,7830.0,1165,77,0.1968,0.0033
2026-09-17 11:04:07,SPX,7618.28,7604.2,7405.0,158,891,0.2638,0.0033
2026-09-17 11:04:07,SPX,7618.28,7604.2,7835.0,679,18,0.1996,0.0033
2026-09-17 11:04:07,SPX,7618.28,7604.2,7400.0,1057,6101,0.2667,0.0033
2026-09-17 11:04:07,SPX,7618.28,7604.2,7840.0,1822,57,0.2024,0.0033
2026-09-17 11:04:07,SPX,7618.28,7604.2,7395.0,30,2413,0.2695,0.0033
2026-09-17 11:04:07,SPX,7618.28,7604.2,7845.0,566,35,0.2051,0.0033
2026-09-17 11:04:07,SPX,7618.28,7604.2,7390.0,33,1245,0.2723,0.0033
2026-09-17 11:04:07,SPX,7618.28,7604.2,7850.0,3812,60,0.2079,0.0033
2026-09-17 11:04:07,SPX,7618.28,7604.2,7385.0,78,943,0.2756,0.0033
2026-09-17 11:04:07,SPX,7618.28,7604.2,7855.0,716,27,0.2108,0.0033
2026-09-17 11:04:07,SPX,7618.28,7604.2,7380.0,68,1279,0.2792,0.0033
2026-09-17 11:04:07,SPX,7618.28,7604.2,7860.0,861,19,0.2137,0.0033
2026-09-17 11:04:07,SPX,7618.28,7604.2,7375.0,138,1774,0.283,0.0033
2026-09-17 11:04:07,SPX,7618.28,7604.2,7865.0,634,11,0.2167,0.0033
2026-09-17 11:04:07,SPX,7618.28,7604.2,7370.0,96,843,0.287,0.0033
2026-09-17 11:04:07,SPX,7618.28,7604.2,7620.0,196,163,0.1078,0.011514
2026-09-17 11:04:07,SPX,7618.28,7604.2,7615.0,179,186,0.1087,0.011514
2026-09-17 11:04:07,SPX,7618.28,7604.2,7625.0,170,445,0.1067,0.011514
2026-09-17 11:04:07,SPX,7618.28,7604.2,7610.0,164,259,0.1098,0.011514
2026-09-17 11:04:07,SPX,7618.28,7604.2,7630.0,276,417,0.1052,0.011514
2026-09-17 11:04:07,SPX,7618.28,7604.2,7605.0,163,132,0.1111,0.011514
2026-09-17 11:04:07,SPX,7618.28,7604.2,7635.0,204,390,0.1043,0.011514
2026-09-17 11:04:07,SPX,7618.28,7604.2,7600.0,460,900,0.1127,0.011514
2026-09-17 11:04:07,SPX,7618.28,7604.2,7640.0,281,264,0.1034,0.011514
2026-09-17 11:04:07,SPX,7618.28,7604.2,7595.0,78,265,0.1136,0.011514
2026-09-17 11:04:07,SPX,7618.28,7604.2,7645.0,221,49,0.1026,0.011514
2026-09-17 11:04:07,SPX,7618.28,7604.2,7590.0,120,369,0.1149,0.011514
2026-09-17 11:04:07,SPX,7618.28,7604.2,7650.0,664,713,0.1019,0.011514
2026-09-17 11:04:07,SPX,7618.28,7604.2,7585.0,473,207,0.1162,0.011514
2026-09-17 11:04:07,SPX,7618.28,7604.2,7655.0,219,59,0.1011,0.011514
2026-09-17 11:04:07,SPX,7618.28,7604.2,7580.0,120,343,0.1176,0.011514
2026-09-17 11:04:07,SPX,7618.28,7604.2,7660.0,379,188,0.1002,0.011514
2026-09-17 11:04:07,SPX,7618.28,7604.2,7575.0,95,494,0.1187,0.011514
2026-09-17 11:04:07,SPX,7618.28,7604.2,7665.0,211,87,0.0993,0.011514
2026-09-17 11:04:07,SPX,7618.28,7604.2,7570.0,69,233,0.1199,0.011514
2026-09-17 11:04:07,SPX,7618.28,7604.2,7670.0,466,207,0.0985,0.011514
2026-09-17 11:04:07,SPX,7618.28,7604.2,7565.0,48,129,0.1213,0.011514
2026-09-17 11:04:07,SPX,7618.28,7604.2,7675.0,375,667,0.0978,0.011514
2026-09-17 11:04:07,SPX,7618.28,7604.2,7560.0,190,383,0.1228,0.011514
2026-09-17 11:04:07,SPX,7618.28,7604.2,7680.0,314,108,0.0972,0.011514
2026-09-17 11:04:07,SPX,7618.28,7604.2,7555.0,31,220,0.1243,0.011514
2026-09-17 11:04:07,SPX,7618.28,7604.2,7685.0,247,50,0.0967,0.011514
2026-09-17 11:04:07,SPX,7618.28,7604.2,7550.0,167,702,0.126,0.011514
2026-09-17 11:04:07,SPX,7618.28,7604.2,7690.0,390,170,0.0963,0.011514
2026-09-17 11:04:07,SPX,7618.28,7604.2,7545.0,22,120,0.1277,0.011514
2026-09-17 11:04:07,SPX,7618.28,7604.2,7695.0,318,61,0.096,0.011514
2026-09-17 11:04:07,SPX,7618.28,7604.2,7540.0,69,158,0.1291,0.011514
2026-09-17 11:04:07,SPX,7618.28,7604.2,7700.0,4505,3404,0.0957,0.011514
2026-09-17 11:04:07,SPX,7618.28,7604.2,7535.0,74,135,0.1305,0.011514
2026-09-17 11:04:07,SPX,7618.28,7604.2,7705.0,364,52,0.0954,0.011514
2026-09-17 11:04:07,SPX,7618.28,7604.2,7530.0,49,244,0.1318,0.011514
2026-09-17 11:04:07,SPX,7618.28,7604.2,7710.0,688,127,0.0951,0.011514
2026-09-17 11:04:07,SPX,7618.28,7604.2,7525.0,62,339,0.1331,0.011514
2026-09-17 11:04:07,SPX,7618.28,7604.2,7715.0,442,26,0.0948,0.011514
2026-09-17 11:04:07,SPX,7618.28,7604.2,7520.0,33,651,0.1344,0.011514
2026-09-17 11:04:07,SPX,7618.28,7604.2,7720.0,461,172,0.0946,0.011514
2026-09-17 11:04:07,SPX,7618.28,7604.2,7515.0,44,105,0.1357,0.011514
2026-09-17 11:04:07,SPX,7618.28,7604.2,7725.0,1113,399,0.0943,0.011514
2026-09-17 11:04:07,SPX,7618.28,7604.2,7510.0,25,320,0.1372,0.011514
2026-09-17 11:04:07,SPX,7618.28,7604.2,7730.0,577,164,0.0941,0.011514
2026-09-17 11:04:07,SPX,7618.28,7604.2,7505.0,16,126,0.1387,0.011514
2026-09-17 11:04:07,SPX,7618.28,7604.2,7735.0,622,30,0.0939,0.011514
2026-09-17 11:04:07,SPX,7618.28,7604.2,7500.0,31,1972,0.1403,0.011514
2026-09-17 11:04:07,SPX,7618.28,7604.2,7740.0,809,205,0.0938,0.011514
2026-09-17 11:04:07,SPX,7618.28,7604.2,7495.0,13,410,0.1419,0.011514
2026-09-17 11:04:07,SPX,7618.28,7604.2,7745.0,323,31,0.0938,0.011514
2026-09-17 11:04:07,SPX,7618.28,7604.2,7490.0,11,298,0.1435,0.011514
2026-09-17 11:04:07,SPX,7618.28,7604.2,7750.0,1461,338,0.0939,0.011514
2026-09-17 11:04:07,SPX,7618.28,7604.2,7485.0,5,157,0.1451,0.011514
2026-09-17 11:04:07,SPX,7618.28,7604.2,7755.0,260,7,0.0941,0.011514
2026-09-17 11:04:07,SPX,7618.28,7604.2,7480.0,7,215,0.1468,0.011514
2026-09-17 11:04:07,SPX,7618.28,7604.2,7760.0,543,93,0.0945,0.011514
2026-09-17 11:04:07,SPX,7618.28,7604.2,7475.0,94,661,0.1484,0.011514
2026-09-17 11:04:07,SPX,7618.28,7604.2,7765.0,495,2,0.0949,0.011514
2026-09-17 11:04:07,SPX,7618.28,7604.2,7470.0,10,250,0.15,0.011514
2026-09-17 11:04:07,SPX,7618.28,7604.2,7770.0,424,30,0.0955,0.011514
2026-09-17 11:04:07,SPX,7618.28,7604.2,7465.0,1,160,0.1515,0.011514
2026-09-17 11:04:07,SPX,7618.28,7604.2,7775.0,1335,142,0.0962,0.011514
2026-09-17 11:04:07,SPX,7618.28,7604.2,7460.0,22,213,0.153,0.011514
2026-09-17 11:04:07,SPX,7618.28,7604.2,7780.0,551,27,0.097,0.011514
2026-09-17 11:04:07,SPX,7618.28,7604.2,7455.0,3,78,0.1545,0.011514
2026-09-17 11:04:07,SPX,7618.28,7604.2,7785.0,347,0,0.0979,0.011514
2026-09-17 11:04:07,SPX,7618.28,7604.2,7450.0,26,647,0.156,0.011514
2026-09-17 11:04:07,SPX,7618.28,7604.2,7790.0,487,77,0.0989,0.011514
2026-09-17 11:04:07,SPX,7618.28,7604.2,7445.0,10,79,0.1575,0.011514
2026-09-17 11:04:07,SPX,7618.28,7604.2,7795.0,624,0,0.1,0.011514
2026-09-17 11:04:07,SPX,7618.28,7604.2,7440.0,2,152,0.159,0.011514
2026-09-17 11:04:07,SPX,7618.28,7604.2,7800.0,1775,478,0.1011,0.011514
2026-09-17 11:04:07,SPX,7618.28,7604.2,7435.0,1,105,0.1604,0.011514
2026-09-17 11:04:07,SPX,7618.28,7604.2,7805.0,517,0,0.1024,0.011514
2026-09-17 11:04:07,SPX,7618.28,7604.2,7430.0,4,427,0.1619,0.011514
2026-09-17 11:04:07,SPX,7618.28,7604.2,7810.0,640,5,0.1037,0.011514
2026-09-17 11:04:07,SPX,7618.28,7604.2,7425.0,9,893,0.1634,0.011514
2026-09-17 11:04:07,SPX,7618.28,7604.2,7815.0,559,0,0.105,0.011514
2026-09-17 11:04:07,SPX,7618.28,7604.2,7420.0,4,210,0.1649,0.011514
2026-09-17 11:04:07,SPX,7618.28,7604.2,7820.0,663,13,0.1064,0.011514
2026-09-17 11:04:07,SPX,7618.28,7604.2,7415.0,0,154,0.1664,0.011514
2026-09-17 11:04:07,SPX,7618.28,7604.2,7825.0,573,11,0.1079,0.011514
2026-09-17 11:04:07,SPX,7618.28,7604.2,7410.0,1,188,0.1679,0.011514
2026-09-17 11:04:07,SPX,7618.28,7604.2,7830.0,484,0,0.1094,0.011514
2026-09-17 11:04:07,SPX,7618.28,7604.2,7405.0,1,206,0.1695,0.011514
2026-09-17 11:04:07,SPX,7618.28,7604.2,7835.0,114,0,0.1109,0.011514
2026-09-17 11:04:07,SPX,7618.28,7604.2,7400.0,5,792,0.171,0.011514
2026-09-17 11:04:07,SPX,7618.28,7604.2,7840.0,601,2,0.1124,0.011514
2026-09-17 11:04:07,SPX,7618.28,7604.2,7395.0,1,181,0.1726,0.011514
2026-09-17 11:04:07,SPX,7618.28,7604.2,7845.0,198,0,0.114,0.011514
2026-09-17 11:04:07,SPX,7618.28,7604.2,7390.0,0,208,0.1742,0.011514
2026-09-17 11:04:07,SPX,7618.28,7604.2,7850.0,1181,13,0.1155,0.011514
2026-09-17 11:04:07,SPX,7618.28,7604.2,7385.0,2,182,0.1758,0.011514
2026-09-17 11:04:07,SPX,7618.28,7604.2,7380.0,3,446,0.1774,0.011514
2026-09-17 11:04:07,SPX,7618.28,7604.2,7860.0,602,0,0.1186,0.011514
2026-09-17 11:04:07,SPX,7618.28,7604.2,7375.0,1,369,0.179,0.011514
2026-09-17 11:04:07,SPX,7618.28,7604.2,7370.0,1,334,0.1807,0.011514
2026-09-17 11:34:29,SPX,7628.27,7604.9,7630.0,1077,398,0.1221,0.000505
2026-09-17 11:34:29,SPX,7628.27,7604.9,7625.0,1787,684,0.1258,0.000505
2026-09-17 11:34:29,SPX,7628.27,7604.9,7635.0,1046,196,0.1201,0.000505
2026-09-17 11:34:29,SPX,7628.27,7604.9,7620.0,1365,332,0.1303,0.000505
2026-09-17 11:34:29,SPX,7628.27,7604.9,7640.0,1208,301,0.1178,0.000505
2026-09-17 11:34:29,SPX,7628.27,7604.9,7615.0,1780,186,0.1354,0.000505
2026-09-17 11:34:29,SPX,7628.27,7604.9,7645.0,1269,222,0.1179,0.000505
2026-09-17 11:34:29,SPX,7628.27,7604.9,7610.0,3018,969,0.1406,0.000505
2026-09-17 11:34:29,SPX,7628.27,7604.9,7650.0,2554,3382,0.1191,0.000505
2026-09-17 11:34:29,SPX,7628.27,7604.9,7605.0,1093,394,0.1478,0.000505
2026-09-17 11:34:29,SPX,7628.27,7604.9,7655.0,1613,198,0.1223,0.000505
2026-09-17 11:34:29,SPX,7628.27,7604.9,7600.0,3732,984,0.1539,0.000505
2026-09-17 11:34:29,SPX,7628.27,7604.9,7660.0,1495,291,0.1275,0.000505
2026-09-17 11:34:29,SPX,7628.27,7604.9,7595.0,647,673,0.1621,0.000505
2026-09-17 11:34:29,SPX,7628.27,7604.9,7665.0,1161,155,0.1332,0.000505
2026-09-17 11:34:29,SPX,7628.27,7604.9,7590.0,1601,689,0.1683,0.000505
2026-09-17 11:34:29,SPX,7628.27,7604.9,7670.0,2846,466,0.1392,0.000505
2026-09-17 11:34:29,SPX,7628.27,7604.9,7585.0,527,518,0.1745,0.000505
2026-09-17 11:34:29,SPX,7628.27,7604.9,7675.0,5237,3864,0.1458,0.000505
2026-09-17 11:34:29,SPX,7628.27,7604.9,7580.0,1067,943,0.1829,0.000505
2026-09-17 11:34:29,SPX,7628.27,7604.9,7680.0,1335,352,0.1526,0.000505
2026-09-17 11:34:29,SPX,7628.27,7604.9,7575.0,1221,787,0.19,0.000505
2026-09-17 11:34:29,SPX,7628.27,7604.9,7685.0,1208,211,0.1596,0.000505
2026-09-17 11:34:29,SPX,7628.27,7604.9,7570.0,659,801,0.1979,0.000505
2026-09-17 11:34:29,SPX,7628.27,7604.9,7690.0,1710,388,0.167,0.000505
2026-09-17 11:34:29,SPX,7628.27,7604.9,7565.0,477,398,0.2073,0.000505
2026-09-17 11:34:29,SPX,7628.27,7604.9,7695.0,729,211,0.1748,0.000505
2026-09-17 11:34:29,SPX,7628.27,7604.9,7560.0,752,714,0.2173,0.000505
2026-09-17 11:34:29,SPX,7628.27,7604.9,7700.0,5946,566,0.1829,0.000505
2026-09-17 11:34:29,SPX,7628.27,7604.9,7555.0,1328,578,0.2257,0.000505
2026-09-17 11:34:29,SPX,7628.27,7604.9,7705.0,1033,167,0.1913,0.000505
2026-09-17 11:34:29,SPX,7628.27,7604.9,7550.0,2212,1562,0.2348,0.000505
2026-09-17 11:34:29,SPX,7628.27,7604.9,7710.0,1264,130,0.2001,0.000505
2026-09-17 11:34:29,SPX,7628.27,7604.9,7545.0,490,658,0.2425,0.000505
2026-09-17 11:34:29,SPX,7628.27,7604.9,7715.0,976,167,0.2092,0.000505
2026-09-17 11:34:29,SPX,7628.27,7604.9,7540.0,345,1146,0.2511,0.000505
2026-09-17 11:34:29,SPX,7628.27,7604.9,7720.0,938,314,0.2187,0.000505
2026-09-17 11:34:29,SPX,7628.27,7604.9,7535.0,277,719,0.2587,0.000505
2026-09-17 11:34:29,SPX,7628.27,7604.9,7725.0,3333,149,0.2281,0.000505
2026-09-17 11:34:29,SPX,7628.27,7604.9,7530.0,316,791,0.2678,0.000505
2026-09-17 11:34:29,SPX,7628.27,7604.9,7730.0,2689,77,0.2373,0.000505
2026-09-17 11:34:29,SPX,7628.27,7604.9,7525.0,625,1441,0.2776,0.000505
2026-09-17 11:34:29,SPX,7628.27,7604.9,7735.0,564,44,0.2461,0.000505
2026-09-17 11:34:29,SPX,7628.27,7604.9,7520.0,462,1558,0.2867,0.000505
2026-09-17 11:34:29,SPX,7628.27,7604.9,7740.0,903,171,0.2543,0.000505
2026-09-17 11:34:29,SPX,7628.27,7604.9,7515.0,109,667,0.2962,0.000505
2026-09-17 11:34:29,SPX,7628.27,7604.9,7745.0,393,42,0.2618,0.000505
2026-09-17 11:34:29,SPX,7628.27,7604.9,7510.0,175,3312,0.3062,0.000505
2026-09-17 11:34:29,SPX,7628.27,7604.9,7750.0,1471,201,0.2688,0.000505
2026-09-17 11:34:29,SPX,7628.27,7604.9,7505.0,100,596,0.3161,0.000505
2026-09-17 11:34:29,SPX,7628.27,7604.9,7755.0,379,51,0.275,0.000505
2026-09-17 11:34:29,SPX,7628.27,7604.9,7500.0,527,4190,0.3255,0.000505
2026-09-17 11:34:29,SPX,7628.27,7604.9,7760.0,855,100,0.2805,0.000505
2026-09-17 11:34:29,SPX,7628.27,7604.9,7495.0,36,1579,0.3346,0.000505
2026-09-17 11:34:29,SPX,7628.27,7604.9,7765.0,450,56,0.2853,0.000505
2026-09-17 11:34:29,SPX,7628.27,7604.9,7490.0,25,1973,0.3437,0.000505
2026-09-17 11:34:29,SPX,7628.27,7604.9,7770.0,1513,62,0.2893,0.000505
2026-09-17 11:34:29,SPX,7628.27,7604.9,7485.0,40,934,0.3528,0.000505
2026-09-17 11:34:29,SPX,7628.27,7604.9,7775.0,1138,57,0.2926,0.000505
2026-09-17 11:34:29,SPX,7628.27,7604.9,7480.0,78,966,0.3618,0.000505
2026-09-17 11:34:29,SPX,7628.27,7604.9,7780.0,2356,39,0.2952,0.000505
2026-09-17 11:34:29,SPX,7628.27,7604.9,7475.0,41,1278,0.3707,0.000505
2026-09-17 11:34:29,SPX,7628.27,7604.9,7785.0,1822,29,0.2972,0.000505
2026-09-17 11:34:29,SPX,7628.27,7604.9,7470.0,43,2274,0.3792,0.000505
2026-09-17 11:34:29,SPX,7628.27,7604.9,7790.0,3260,36,0.2987,0.000505
2026-09-17 11:34:29,SPX,7628.27,7604.9,7465.0,33,849,0.3874,0.000505
2026-09-17 11:34:29,SPX,7628.27,7604.9,7795.0,6829,11,0.2996,0.000505
2026-09-17 11:34:29,SPX,7628.27,7604.9,7460.0,9,1351,0.3953,0.000505
2026-09-17 11:34:29,SPX,7628.27,7604.9,7800.0,9270,103,0.3001,0.000505
2026-09-17 11:34:29,SPX,7628.27,7604.9,7455.0,26,1050,0.4033,0.000505
2026-09-17 11:34:29,SPX,7628.27,7604.9,7805.0,2220,11,0.3002,0.000505
2026-09-17 11:34:29,SPX,7628.27,7604.9,7450.0,0,3621,0.4115,0.000505
2026-09-17 11:34:29,SPX,7628.27,7604.9,7810.0,706,4,0.3,0.000505
2026-09-17 11:34:29,SPX,7628.27,7604.9,7445.0,22,956,0.4198,0.000505
2026-09-17 11:34:29,SPX,7628.27,7604.9,7815.0,922,2,0.2995,0.000505
2026-09-17 11:34:29,SPX,7628.27,7604.9,7440.0,26,1224,0.4282,0.000505
2026-09-17 11:34:29,SPX,7628.27,7604.9,7820.0,421,16,0.2987,0.000505
2026-09-17 11:34:29,SPX,7628.27,7604.9,7435.0,13,972,0.4368,0.000505
2026-09-17 11:34:29,SPX,7628.27,7604.9,7825.0,1073,73,0.2977,0.000505
2026-09-17 11:34:29,SPX,7628.27,7604.9,7430.0,3,1149,0.4456,0.000505
2026-09-17 11:34:29,SPX,7628.27,7604.9,7830.0,794,3,0.2964,0.000505
2026-09-17 11:34:29,SPX,7628.27,7604.9,7425.0,34,4728,0.4545,0.000505
2026-09-17 11:34:29,SPX,7628.27,7604.9,7835.0,516,0,0.295,0.000505
2026-09-17 11:34:29,SPX,7628.27,7604.9,7420.0,28,2734,0.4636,0.000505
2026-09-17 11:34:29,SPX,7628.27,7604.9,7840.0,509,23,0.2935,0.000505
2026-09-17 11:34:29,SPX,7628.27,7604.9,7415.0,12,1524,0.4729,0.000505
2026-09-17 11:34:29,SPX,7628.27,7604.9,7845.0,439,0,0.2918,0.000505
2026-09-17 11:34:29,SPX,7628.27,7604.9,7410.0,14,1498,0.4824,0.000505
2026-09-17 11:34:29,SPX,7628.27,7604.9,7850.0,631,53,0.29,0.000505
2026-09-17 11:34:29,SPX,7628.27,7604.9,7405.0,10,673,0.4921,0.000505
2026-09-17 11:34:29,SPX,7628.27,7604.9,7855.0,452,1,0.2881,0.000505
2026-09-17 11:34:29,SPX,7628.27,7604.9,7400.0,32,2856,0.502,0.000505
2026-09-17 11:34:29,SPX,7628.27,7604.9,7860.0,288,0,0.2861,0.000505
2026-09-17 11:34:29,SPX,7628.27,7604.9,7395.0,1,713,0.5118,0.000505
2026-09-17 11:34:29,SPX,7628.27,7604.9,7865.0,198,0,0.2841,0.000505
2026-09-17 11:34:29,SPX,7628.27,7604.9,7390.0,6,1922,0.5214,0.000505
2026-09-17 11:34:29,SPX,7628.27,7604.9,7870.0,3187,2,0.282,0.000505
2026-09-17 11:34:29,SPX,7628.27,7604.9,7385.0,2,535,0.5309,0.000505
2026-09-17 11:34:29,SPX,7628.27,7604.9,7875.0,681,10,0.2799,0.000505
2026-09-17 11:34:29,SPX,7628.27,7604.9,7380.0,45,1805,0.5401,0.000505
2026-09-17 11:34:29,SPX,7628.27,7604.9,7630.0,642,3316,0.1405,0.003243
2026-09-17 11:34:29,SPX,7628.27,7604.9,7625.0,1767,4635,0.1423,0.003243
2026-09-17 11:34:29,SPX,7628.27,7604.9,7635.0,911,1251,0.1389,0.003243
2026-09-17 11:34:29,SPX,7628.27,7604.9,7620.0,785,554,0.1443,0.003243
2026-09-17 11:34:29,SPX,7628.27,7604.9,7640.0,782,1233,0.1376,0.003243
2026-09-17 11:34:29,SPX,7628.27,7604.9,7615.0,1057,2408,0.1464,0.003243
2026-09-17 11:34:29,SPX,7628.27,7604.9,7645.0,508,452,0.1358,0.003243
2026-09-17 11:34:29,SPX,7628.27,7604.9,7610.0,907,956,0.1493,0.003243
2026-09-17 11:34:29,SPX,7628.27,7604.9,7650.0,6295,6150,0.1349,0.003243
2026-09-17 11:34:29,SPX,7628.27,7604.9,7605.0,795,2812,0.1516,0.003243
2026-09-17 11:34:29,SPX,7628.27,7604.9,7655.0,727,3309,0.1348,0.003243
2026-09-17 11:34:29,SPX,7628.27,7604.9,7600.0,4785,5804,0.1531,0.003243
2026-09-17 11:34:29,SPX,7628.27,7604.9,7660.0,2473,3154,0.1327,0.003243
2026-09-17 11:34:29,SPX,7628.27,7604.9,7595.0,323,725,0.1553,0.003243
2026-09-17 11:34:29,SPX,7628.27,7604.9,7665.0,841,392,0.1326,0.003243
2026-09-17 11:34:29,SPX,7628.27,7604.9,7590.0,549,1030,0.1587,0.003243
2026-09-17 11:34:29,SPX,7628.27,7604.9,7670.0,1463,660,0.1327,0.003243
2026-09-17 11:34:29,SPX,7628.27,7604.9,7585.0,447,574,0.161,0.003243
2026-09-17 11:34:29,SPX,7628.27,7604.9,7675.0,5592,3236,0.1327,0.003243
2026-09-17 11:34:29,SPX,7628.27,7604.9,7580.0,953,946,0.1629,0.003243
2026-09-17 11:34:29,SPX,7628.27,7604.9,7680.0,3781,614,0.1321,0.003243
2026-09-17 11:34:29,SPX,7628.27,7604.9,7575.0,701,2374,0.1656,0.003243
2026-09-17 11:34:29,SPX,7628.27,7604.9,7685.0,1113,385,0.1308,0.003243
2026-09-17 11:34:29,SPX,7628.27,7604.9,7570.0,535,1083,0.1686,0.003243
2026-09-17 11:34:29,SPX,7628.27,7604.9,7690.0,1091,1619,0.1313,0.003243
2026-09-17 11:34:29,SPX,7628.27,7604.9,7565.0,675,575,0.171,0.003243
2026-09-17 11:34:29,SPX,7628.27,7604.9,7695.0,1758,611,0.1317,0.003243
2026-09-17 11:34:29,SPX,7628.27,7604.9,7560.0,348,801,0.1737,0.003243
2026-09-17 11:34:29,SPX,7628.27,7604.9,7700.0,10448,5604,0.1314,0.003243
2026-09-17 11:34:29,SPX,7628.27,7604.9,7555.0,176,587,0.1761,0.003243
2026-09-17 11:34:29,SPX,7628.27,7604.9,7705.0,3410,676,0.1315,0.003243
2026-09-17 11:34:29,SPX,7628.27,7604.9,7550.0,2789,8543,0.1788,0.003243
2026-09-17 11:34:29,SPX,7628.27,7604.9,7710.0,774,393,0.1327,0.003243
2026-09-17 11:34:29,SPX,7628.27,7604.9,7545.0,1977,2390,0.1822,0.003243
2026-09-17 11:34:29,SPX,7628.27,7604.9,7715.0,1516,365,0.1336,0.003243
2026-09-17 11:34:29,SPX,7628.27,7604.9,7540.0,145,1172,0.1857,0.003243
2026-09-17 11:34:29,SPX,7628.27,7604.9,7720.0,732,1172,0.1343,0.003243
2026-09-17 11:34:29,SPX,7628.27,7604.9,7535.0,226,1111,0.1871,0.003243
2026-09-17 11:34:29,SPX,7628.27,7604.9,7725.0,3288,1225,0.135,0.003243
2026-09-17 11:34:29,SPX,7628.27,7604.9,7530.0,184,1152,0.1916,0.003243
2026-09-17 11:34:29,SPX,7628.27,7604.9,7730.0,776,460,0.1356,0.003243
2026-09-17 11:34:29,SPX,7628.27,7604.9,7525.0,232,1122,0.1935,0.003243
2026-09-17 11:34:29,SPX,7628.27,7604.9,7735.0,974,665,0.1376,0.003243
2026-09-17 11:34:29,SPX,7628.27,7604.9,7520.0,140,1349,0.1974,0.003243
2026-09-17 11:34:29,SPX,7628.27,7604.9,7740.0,1661,425,0.1394,0.003243
2026-09-17 11:34:29,SPX,7628.27,7604.9,7515.0,143,841,0.199,0.003243
2026-09-17 11:34:29,SPX,7628.27,7604.9,7745.0,941,179,0.1414,0.003243
2026-09-17 11:34:29,SPX,7628.27,7604.9,7510.0,154,970,0.2021,0.003243
2026-09-17 11:34:29,SPX,7628.27,7604.9,7750.0,3182,1431,0.1435,0.003243
2026-09-17 11:34:29,SPX,7628.27,7604.9,7505.0,96,679,0.2051,0.003243
2026-09-17 11:34:29,SPX,7628.27,7604.9,7755.0,1730,147,0.1459,0.003243
2026-09-17 11:34:29,SPX,7628.27,7604.9,7500.0,891,3885,0.208,0.003243
2026-09-17 11:34:29,SPX,7628.27,7604.9,7760.0,2092,87,0.148,0.003243
2026-09-17 11:34:29,SPX,7628.27,7604.9,7495.0,647,1987,0.2124,0.003243
2026-09-17 11:34:29,SPX,7628.27,7604.9,7765.0,1300,221,0.15,0.003243
2026-09-17 11:34:29,SPX,7628.27,7604.9,7490.0,71,1004,0.214,0.003243
2026-09-17 11:34:29,SPX,7628.27,7604.9,7770.0,986,242,0.1522,0.003243
2026-09-17 11:34:29,SPX,7628.27,7604.9,7485.0,68,463,0.2172,0.003243
2026-09-17 11:34:29,SPX,7628.27,7604.9,7775.0,2208,479,0.1547,0.003243
2026-09-17 11:34:29,SPX,7628.27,7604.9,7480.0,112,1181,0.2209,0.003243
2026-09-17 11:34:29,SPX,7628.27,7604.9,7780.0,1650,246,0.1573,0.003243
2026-09-17 11:34:29,SPX,7628.27,7604.9,7475.0,333,1738,0.2235,0.003243
2026-09-17 11:34:29,SPX,7628.27,7604.9,7785.0,1661,259,0.1602,0.003243
2026-09-17 11:34:29,SPX,7628.27,7604.9,7470.0,97,1130,0.2261,0.003243
2026-09-17 11:34:29,SPX,7628.27,7604.9,7790.0,1693,179,0.1633,0.003243
2026-09-17 11:34:29,SPX,7628.27,7604.9,7465.0,31,1706,0.2303,0.003243
2026-09-17 11:34:29,SPX,7628.27,7604.9,7795.0,1028,146,0.1667,0.003243
2026-09-17 11:34:29,SPX,7628.27,7604.9,7460.0,102,1027,0.2332,0.003243
2026-09-17 11:34:29,SPX,7628.27,7604.9,7800.0,5655,695,0.1702,0.003243
2026-09-17 11:34:29,SPX,7628.27,7604.9,7455.0,70,572,0.238,0.003243
2026-09-17 11:34:29,SPX,7628.27,7604.9,7805.0,1216,62,0.1739,0.003243
2026-09-17 11:34:29,SPX,7628.27,7604.9,7450.0,344,3283,0.2402,0.003243
2026-09-17 11:34:29,SPX,7628.27,7604.9,7810.0,1544,79,0.1775,0.003243
2026-09-17 11:34:29,SPX,7628.27,7604.9,7445.0,70,760,0.243,0.003243
2026-09-17 11:34:29,SPX,7628.27,7604.9,7815.0,1984,47,0.181,0.003243
2026-09-17 11:34:29,SPX,7628.27,7604.9,7440.0,79,1483,0.2467,0.003243
2026-09-17 11:34:29,SPX,7628.27,7604.9,7820.0,3089,77,0.1843,0.003243
2026-09-17 11:34:29,SPX,7628.27,7604.9,7435.0,20,1659,0.25,0.003243
2026-09-17 11:34:29,SPX,7628.27,7604.9,7825.0,2721,123,0.1875,0.003243
2026-09-17 11:34:29,SPX,7628.27,7604.9,7430.0,152,978,0.2521,0.003243
2026-09-17 11:34:29,SPX,7628.27,7604.9,7830.0,1165,77,0.1905,0.003243
2026-09-17 11:34:29,SPX,7628.27,7604.9,7425.0,449,2516,0.2554,0.003243
2026-09-17 11:34:29,SPX,7628.27,7604.9,7835.0,679,18,0.1933,0.003243
2026-09-17 11:34:29,SPX,7628.27,7604.9,7420.0,97,757,0.2586,0.003243
2026-09-17 11:34:29,SPX,7628.27,7604.9,7840.0,1822,57,0.1961,0.003243
2026-09-17 11:34:29,SPX,7628.27,7604.9,7415.0,55,792,0.2616,0.003243
2026-09-17 11:34:29,SPX,7628.27,7604.9,7845.0,566,35,0.1988,0.003243
2026-09-17 11:34:29,SPX,7628.27,7604.9,7410.0,269,1274,0.2643,0.003243
2026-09-17 11:34:29,SPX,7628.27,7604.9,7850.0,3812,60,0.2014,0.003243
2026-09-17 11:34:29,SPX,7628.27,7604.9,7405.0,158,891,0.2673,0.003243
2026-09-17 11:34:29,SPX,7628.27,7604.9,7855.0,716,27,0.204,0.003243
2026-09-17 11:34:29,SPX,7628.27,7604.9,7400.0,1057,6101,0.2722,0.003243
2026-09-17 11:34:29,SPX,7628.27,7604.9,7860.0,861,19,0.2067,0.003243
2026-09-17 11:34:29,SPX,7628.27,7604.9,7395.0,30,2413,0.2756,0.003243
2026-09-17 11:34:29,SPX,7628.27,7604.9,7865.0,634,11,0.2093,0.003243
2026-09-17 11:34:29,SPX,7628.27,7604.9,7390.0,33,1245,0.2794,0.003243
2026-09-17 11:34:29,SPX,7628.27,7604.9,7870.0,855,21,0.212,0.003243
2026-09-17 11:34:29,SPX,7628.27,7604.9,7385.0,78,943,0.2834,0.003243
2026-09-17 11:34:29,SPX,7628.27,7604.9,7875.0,1924,71,0.2147,0.003243
2026-09-17 11:34:29,SPX,7628.27,7604.9,7380.0,68,1279,0.2874,0.003243
2026-09-17 11:34:29,SPX,7628.27,7604.9,7630.0,276,417,0.1038,0.011456
2026-09-17 11:34:29,SPX,7628.27,7604.9,7625.0,170,445,0.1049,0.011456
2026-09-17 11:34:29,SPX,7628.27,7604.9,7635.0,204,390,0.1027,0.011456
2026-09-17 11:34:29,SPX,7628.27,7604.9,7620.0,196,163,0.1063,0.011456
2026-09-17 11:34:29,SPX,7628.27,7604.9,7640.0,281,264,0.1017,0.011456
2026-09-17 11:34:29,SPX,7628.27,7604.9,7615.0,179,186,0.1071,0.011456
2026-09-17 11:34:29,SPX,7628.27,7604.9,7645.0,221,49,0.1007,0.011456
2026-09-17 11:34:29,SPX,7628.27,7604.9,7610.0,164,259,0.1084,0.011456
2026-09-17 11:34:29,SPX,7628.27,7604.9,7650.0,664,713,0.0999,0.011456
2026-09-17 11:34:29,SPX,7628.27,7604.9,7605.0,163,132,0.1098,0.011456
2026-09-17 11:34:29,SPX,7628.27,7604.9,7655.0,219,59,0.0991,0.011456
2026-09-17 11:34:29,SPX,7628.27,7604.9,7600.0,460,900,0.1114,0.011456
2026-09-17 11:34:29,SPX,7628.27,7604.9,7660.0,379,188,0.0984,0.011456
2026-09-17 11:34:29,SPX,7628.27,7604.9,7595.0,78,265,0.1123,0.011456
2026-09-17 11:34:29,SPX,7628.27,7604.9,7665.0,211,87,0.0977,0.011456
2026-09-17 11:34:29,SPX,7628.27,7604.9,7590.0,120,369,0.1137,0.011456
2026-09-17 11:34:29,SPX,7628.27,7604.9,7670.0,466,207,0.0969,0.011456
2026-09-17 11:34:29,SPX,7628.27,7604.9,7585.0,473,207,0.1151,0.011456
2026-09-17 11:34:29,SPX,7628.27,7604.9,7675.0,375,667,0.096,0.011456
2026-09-17 11:34:29,SPX,7628.27,7604.9,7580.0,120,343,0.1162,0.011456
2026-09-17 11:34:29,SPX,7628.27,7604.9,7680.0,314,108,0.0952,0.011456
2026-09-17 11:34:29,SPX,7628.27,7604.9,7575.0,95,494,0.1174,0.011456
2026-09-17 11:34:29,SPX,7628.27,7604.9,7685.0,247,50,0.0944,0.011456
2026-09-17 11:34:29,SPX,7628.27,7604.9,7570.0,69,233,0.1189,0.011456
2026-09-17 11:34:29,SPX,7628.27,7604.9,7690.0,390,170,0.0937,0.011456
2026-09-17 11:34:29,SPX,7628.27,7604.9,7565.0,48,129,0.1205,0.011456
2026-09-17 11:34:29,SPX,7628.27,7604.9,7695.0,318,61,0.0937,0.011456
2026-09-17 11:34:29,SPX,7628.27,7604.9,7560.0,190,383,0.1222,0.011456
2026-09-17 11:34:29,SPX,7628.27,7604.9,7700.0,4505,3404,0.0928,0.011456
2026-09-17 11:34:29,SPX,7628.27,7604.9,7555.0,31,220,0.1238,0.011456
2026-09-17 11:34:29,SPX,7628.27,7604.9,7705.0,364,52,0.0931,0.011456
2026-09-17 11:34:29,SPX,7628.27,7604.9,7550.0,167,702,0.1252,0.011456
2026-09-17 11:34:29,SPX,7628.27,7604.9,7710.0,688,127,0.0928,0.011456
2026-09-17 11:34:29,SPX,7628.27,7604.9,7545.0,22,120,0.1266,0.011456
2026-09-17 11:34:29,SPX,7628.27,7604.9,7715.0,442,26,0.0926,0.011456
2026-09-17 11:34:29,SPX,7628.27,7604.9,7540.0,69,158,0.128,0.011456
2026-09-17 11:34:29,SPX,7628.27,7604.9,7720.0,461,172,0.0923,0.011456
2026-09-17 11:34:29,SPX,7628.27,7604.9,7535.0,74,135,0.1295,0.011456
2026-09-17 11:34:29,SPX,7628.27,7604.9,7725.0,1113,399,0.0917,0.011456
2026-09-17 11:34:29,SPX,7628.27,7604.9,7530.0,49,244,0.1308,0.011456
2026-09-17 11:34:29,SPX,7628.27,7604.9,7730.0,577,164,0.0918,0.011456
2026-09-17 11:34:29,SPX,7628.27,7604.9,7525.0,62,339,0.1322,0.011456
2026-09-17 11:34:29,SPX,7628.27,7604.9,7735.0,622,30,0.0915,0.011456
2026-09-17 11:34:29,SPX,7628.27,7604.9,7520.0,33,651,0.1335,0.011456
2026-09-17 11:34:29,SPX,7628.27,7604.9,7740.0,809,205,0.0914,0.011456
2026-09-17 11:34:29,SPX,7628.27,7604.9,7515.0,44,105,0.1349,0.011456
2026-09-17 11:34:29,SPX,7628.27,7604.9,7745.0,323,31,0.0913,0.011456
2026-09-17 11:34:29,SPX,7628.27,7604.9,7510.0,25,320,0.1364,0.011456
2026-09-17 11:34:29,SPX,7628.27,7604.9,7750.0,1461,338,0.0911,0.011456
2026-09-17 11:34:29,SPX,7628.27,7604.9,7505.0,16,126,0.138,0.011456
2026-09-17 11:34:29,SPX,7628.27,7604.9,7755.0,260,7,0.0915,0.011456
2026-09-17 11:34:29,SPX,7628.27,7604.9,7500.0,31,1972,0.1396,0.011456
2026-09-17 11:34:29,SPX,7628.27,7604.9,7760.0,543,93,0.0917,0.011456
2026-09-17 11:34:29,SPX,7628.27,7604.9,7495.0,13,410,0.1412,0.011456
2026-09-17 11:34:29,SPX,7628.27,7604.9,7765.0,495,2,0.0921,0.011456
2026-09-17 11:34:29,SPX,7628.27,7604.9,7490.0,11,298,0.1429,0.011456
2026-09-17 11:34:29,SPX,7628.27,7604.9,7770.0,424,30,0.0926,0.011456
2026-09-17 11:34:29,SPX,7628.27,7604.9,7485.0,5,157,0.1445,0.011456
2026-09-17 11:34:29,SPX,7628.27,7604.9,7775.0,1335,142,0.0933,0.011456
2026-09-17 11:34:29,SPX,7628.27,7604.9,7480.0,7,215,0.1462,0.011456
2026-09-17 11:34:29,SPX,7628.27,7604.9,7780.0,551,27,0.094,0.011456
2026-09-17 11:34:29,SPX,7628.27,7604.9,7475.0,94,661,0.1478,0.011456
2026-09-17 11:34:29,SPX,7628.27,7604.9,7785.0,347,0,0.0949,0.011456
2026-09-17 11:34:29,SPX,7628.27,7604.9,7470.0,10,250,0.1493,0.011456
2026-09-17 11:34:29,SPX,7628.27,7604.9,7790.0,487,77,0.0959,0.011456
2026-09-17 11:34:29,SPX,7628.27,7604.9,7465.0,1,160,0.1509,0.011456
2026-09-17 11:34:29,SPX,7628.27,7604.9,7795.0,624,0,0.097,0.011456
2026-09-17 11:34:29,SPX,7628.27,7604.9,7460.0,22,213,0.1524,0.011456
2026-09-17 11:34:29,SPX,7628.27,7604.9,7800.0,1775,478,0.0982,0.011456
2026-09-17 11:34:29,SPX,7628.27,7604.9,7455.0,3,78,0.1539,0.011456
2026-09-17 11:34:29,SPX,7628.27,7604.9,7805.0,517,0,0.0994,0.011456
2026-09-17 11:34:29,SPX,7628.27,7604.9,7450.0,26,647,0.1555,0.011456
2026-09-17 11:34:29,SPX,7628.27,7604.9,7810.0,640,5,0.1007,0.011456
2026-09-17 11:34:29,SPX,7628.27,7604.9,7445.0,10,79,0.157,0.011456
2026-09-17 11:34:29,SPX,7628.27,7604.9,7815.0,559,0,0.1021,0.011456
2026-09-17 11:34:29,SPX,7628.27,7604.9,7440.0,2,152,0.1585,0.011456
2026-09-17 11:34:29,SPX,7628.27,7604.9,7820.0,663,13,0.1034,0.011456
2026-09-17 11:34:29,SPX,7628.27,7604.9,7435.0,1,105,0.16,0.011456
2026-09-17 11:34:29,SPX,7628.27,7604.9,7825.0,573,11,0.1048,0.011456
2026-09-17 11:34:29,SPX,7628.27,7604.9,7430.0,4,427,0.1616,0.011456
2026-09-17 11:34:29,SPX,7628.27,7604.9,7830.0,484,0,0.1063,0.011456
2026-09-17 11:34:29,SPX,7628.27,7604.9,7425.0,9,893,0.1632,0.011456
2026-09-17 11:34:29,SPX,7628.27,7604.9,7835.0,114,0,0.1077,0.011456
2026-09-17 11:34:29,SPX,7628.27,7604.9,7420.0,4,210,0.1647,0.011456
2026-09-17 11:34:29,SPX,7628.27,7604.9,7840.0,601,2,0.1092,0.011456
2026-09-17 11:34:29,SPX,7628.27,7604.9,7415.0,0,154,0.1663,0.011456
2026-09-17 11:34:29,SPX,7628.27,7604.9,7845.0,198,0,0.1107,0.011456
2026-09-17 11:34:29,SPX,7628.27,7604.9,7410.0,1,188,0.1679,0.011456
2026-09-17 11:34:29,SPX,7628.27,7604.9,7850.0,1181,13,0.1122,0.011456
2026-09-17 11:34:29,SPX,7628.27,7604.9,7405.0,1,206,0.1696,0.011456
2026-09-17 11:34:29,SPX,7628.27,7604.9,7400.0,5,792,0.1712,0.011456
2026-09-17 11:34:29,SPX,7628.27,7604.9,7860.0,602,0,0.1152,0.011456
2026-09-17 11:34:29,SPX,7628.27,7604.9,7395.0,1,181,0.1729,0.011456
2026-09-17 11:34:29,SPX,7628.27,7604.9,7390.0,0,208,0.1746,0.011456
2026-09-17 11:34:29,SPX,7628.27,7604.9,7870.0,627,0,0.1181,0.011456
2026-09-17 11:34:29,SPX,7628.27,7604.9,7385.0,2,0,0.1763,0.011456
2026-09-17 11:34:29,SPX,7628.27,7604.9,7875.0,1290,1,0.1195,0.011456
2026-09-17 11:34:29,SPX,7628.27,7604.9,7380.0,3,446,0.178,0.011456
2026-09-17 12:04:52,SPX,7636.08,7607.69,7635.0,1046,196,0.1173,0.000447
2026-09-17 12:04:52,SPX,7636.08,7607.69,7640.0,1208,301,0.1137,0.000447
2026-09-17 12:04:52,SPX,7636.08,7607.69,7630.0,1077,398,0.122,0.000447
2026-09-17 12:04:52,SPX,7636.08,7607.69,7645.0,1269,222,0.1119,0.000447
2026-09-17 12:04:52,SPX,7636.08,7607.69,7625.0,1787,684,0.1274,0.000447
2026-09-17 12:04:52,SPX,7636.08,7607.69,7650.0,2554,3382,0.1114,0.000447
2026-09-17 12:04:52,SPX,7636.08,7607.69,7620.0,1365,332,0.1358,0.000447
2026-09-17 12:04:52,SPX,7636.08,7607.69,7655.0,1613,198,0.1131,0.000447
2026-09-17 12:04:52,SPX,7636.08,7607.69,7615.0,1780,186,0.1423,0.000447
2026-09-17 12:04:52,SPX,7636.08,7607.69,7660.0,1495,291,0.1167,0.000447
2026-09-17 12:04:52,SPX,7636.08,7607.69,7610.0,3018,969,0.1509,0.000447
2026-09-17 12:04:52,SPX,7636.08,7607.69,7665.0,1161,155,0.1214,0.000447
2026-09-17 12:04:52,SPX,7636.08,7607.69,7605.0,1093,394,0.1598,0.000447
2026-09-17 12:04:52,SPX,7636.08,7607.69,7670.0,2846,466,0.1275,0.000447
2026-09-17 12:04:52,SPX,7636.08,7607.69,7600.0,3732,984,0.1691,0.000447
2026-09-17 12:04:52,SPX,7636.08,7607.69,7675.0,5237,3864,0.1342,0.000447
2026-09-17 12:04:52,SPX,7636.08,7607.69,7595.0,647,673,0.1778,0.000447
2026-09-17 12:04:52,SPX,7636.08,7607.69,7680.0,1335,352,0.1414,0.000447
2026-09-17 12:04:52,SPX,7636.08,7607.69,7590.0,1601,689,0.1849,0.000447
2026-09-17 12:04:52,SPX,7636.08,7607.69,7685.0,1208,211,0.1488,0.000447
2026-09-17 12:04:52,SPX,7636.08,7607.69,7585.0,527,518,0.1975,0.000447
2026-09-17 12:04:52,SPX,7636.08,7607.69,7690.0,1710,388,0.1564,0.000447
2026-09-17 12:04:52,SPX,7636.08,7607.69,7580.0,1067,943,0.2037,0.000447
2026-09-17 12:04:52,SPX,7636.08,7607.69,7695.0,729,211,0.1643,0.000447
2026-09-17 12:04:52,SPX,7636.08,7607.69,7575.0,1221,787,0.2143,0.000447
2026-09-17 12:04:52,SPX,7636.08,7607.69,7700.0,5946,566,0.1725,0.000447
2026-09-17 12:04:52,SPX,7636.08,7607.69,7570.0,659,801,0.2247,0.000447
2026-09-17 12:04:52,SPX,7636.08,7607.69,7705.0,1033,167,0.1811,0.000447
2026-09-17 12:04:52,SPX,7636.08,7607.69,7565.0,477,398,0.2324,0.000447
2026-09-17 12:04:52,SPX,7636.08,7607.69,7710.0,1264,130,0.1902,0.000447
2026-09-17 12:04:52,SPX,7636.08,7607.69,7560.0,752,714,0.2388,0.000447
2026-09-17 12:04:52,SPX,7636.08,7607.69,7715.0,976,167,0.1995,0.000447
2026-09-17 12:04:52,SPX,7636.08,7607.69,7555.0,1328,578,0.2472,0.000447
2026-09-17 12:04:52,SPX,7636.08,7607.69,7720.0,938,314,0.2089,0.000447
2026-09-17 12:04:52,SPX,7636.08,7607.69,7550.0,2212,1562,0.2584,0.000447
2026-09-17 12:04:52,SPX,7636.08,7607.69,7725.0,3333,149,0.2183,0.000447
2026-09-17 12:04:52,SPX,7636.08,7607.69,7545.0,490,658,0.2696,0.000447
2026-09-17 12:04:52,SPX,7636.08,7607.69,7730.0,2689,77,0.2274,0.000447
2026-09-17 12:04:52,SPX,7636.08,7607.69,7540.0,345,1146,0.2805,0.000447
2026-09-17 12:04:52,SPX,7636.08,7607.69,7735.0,564,44,0.2362,0.000447
2026-09-17 12:04:52,SPX,7636.08,7607.69,7535.0,277,719,0.2912,0.000447
2026-09-17 12:04:52,SPX,7636.08,7607.69,7740.0,903,171,0.2445,0.000447
2026-09-17 12:04:52,SPX,7636.08,7607.69,7530.0,316,791,0.3012,0.000447
2026-09-17 12:04:52,SPX,7636.08,7607.69,7745.0,393,42,0.2523,0.000447
2026-09-17 12:04:52,SPX,7636.08,7607.69,7525.0,625,1441,0.3109,0.000447
2026-09-17 12:04:52,SPX,7636.08,7607.69,7750.0,1471,201,0.2594,0.000447
2026-09-17 12:04:52,SPX,7636.08,7607.69,7520.0,462,1558,0.3207,0.000447
2026-09-17 12:04:52,SPX,7636.08,7607.69,7755.0,379,51,0.266,0.000447
2026-09-17 12:04:52,SPX,7636.08,7607.69,7515.0,109,667,0.3305,0.000447
2026-09-17 12:04:52,SPX,7636.08,7607.69,7760.0,855,100,0.2718,0.000447
2026-09-17 12:04:52,SPX,7636.08,7607.69,7510.0,175,3312,0.34,0.000447
2026-09-17 12:04:52,SPX,7636.08,7607.69,7765.0,450,56,0.277,0.000447
2026-09-17 12:04:52,SPX,7636.08,7607.69,7505.0,100,596,0.3488,0.000447
2026-09-17 12:04:52,SPX,7636.08,7607.69,7770.0,1513,62,0.2816,0.000447
2026-09-17 12:04:52,SPX,7636.08,7607.69,7500.0,527,4190,0.3576,0.000447
2026-09-17 12:04:52,SPX,7636.08,7607.69,7775.0,1138,57,0.2855,0.000447
2026-09-17 12:04:52,SPX,7636.08,7607.69,7495.0,36,1579,0.3669,0.000447
2026-09-17 12:04:52,SPX,7636.08,7607.69,7780.0,2356,39,0.2889,0.000447
2026-09-17 12:04:52,SPX,7636.08,7607.69,7490.0,25,1973,0.3771,0.000447
2026-09-17 12:04:52,SPX,7636.08,7607.69,7785.0,1822,29,0.2917,0.000447
2026-09-17 12:04:52,SPX,7636.08,7607.69,7485.0,40,934,0.3878,0.000447
2026-09-17 12:04:52,SPX,7636.08,7607.69,7790.0,3260,36,0.2939,0.000447
2026-09-17 12:04:52,SPX,7636.08,7607.69,7480.0,78,966,0.3988,0.000447
2026-09-17 12:04:52,SPX,7636.08,7607.69,7795.0,6829,11,0.2956,0.000447
2026-09-17 12:04:52,SPX,7636.08,7607.69,7475.0,41,1278,0.4098,0.000447
2026-09-17 12:04:52,SPX,7636.08,7607.69,7800.0,9270,103,0.2968,0.000447
2026-09-17 12:04:52,SPX,7636.08,7607.69,7470.0,43,2274,0.4203,0.000447
2026-09-17 12:04:52,SPX,7636.08,7607.69,7805.0,2220,11,0.2976,0.000447
2026-09-17 12:04:52,SPX,7636.08,7607.69,7465.0,33,849,0.4301,0.000447
2026-09-17 12:04:52,SPX,7636.08,7607.69,7810.0,706,4,0.298,0.000447
2026-09-17 12:04:52,SPX,7636.08,7607.69,7460.0,9,1351,0.4392,0.000447
2026-09-17 12:04:52,SPX,7636.08,7607.69,7815.0,922,2,0.298,0.000447
2026-09-17 12:04:52,SPX,7636.08,7607.69,7455.0,26,1050,0.4476,0.000447
2026-09-17 12:04:52,SPX,7636.08,7607.69,7820.0,421,16,0.2977,0.000447
2026-09-17 12:04:52,SPX,7636.08,7607.69,7450.0,414,3621,0.4556,0.000447
2026-09-17 12:04:52,SPX,7636.08,7607.69,7825.0,1073,73,0.2972,0.000447
2026-09-17 12:04:52,SPX,7636.08,7607.69,7445.0,22,956,0.4669,0.000447
2026-09-17 12:04:52,SPX,7636.08,7607.69,7830.0,794,3,0.2963,0.000447
2026-09-17 12:04:52,SPX,7636.08,7607.69,7440.0,26,1224,0.475,0.000447
2026-09-17 12:04:52,SPX,7636.08,7607.69,7835.0,516,0,0.2952,0.000447
2026-09-17 12:04:52,SPX,7636.08,7607.69,7435.0,13,972,0.4835,0.000447
2026-09-17 12:04:52,SPX,7636.08,7607.69,7840.0,509,23,0.2939,0.000447
2026-09-17 12:04:52,SPX,7636.08,7607.69,7430.0,3,1149,0.4924,0.000447
2026-09-17 12:04:52,SPX,7636.08,7607.69,7845.0,439,0,0.2924,0.000447
2026-09-17 12:04:52,SPX,7636.08,7607.69,7425.0,34,4728,0.5016,0.000447
2026-09-17 12:04:52,SPX,7636.08,7607.69,7850.0,631,53,0.2908,0.000447
2026-09-17 12:04:52,SPX,7636.08,7607.69,7420.0,28,2734,0.5111,0.000447
2026-09-17 12:04:52,SPX,7636.08,7607.69,7855.0,452,1,0.289,0.000447
2026-09-17 12:04:52,SPX,7636.08,7607.69,7415.0,12,1524,0.5209,0.000447
2026-09-17 12:04:52,SPX,7636.08,7607.69,7860.0,288,0,0.2872,0.000447
2026-09-17 12:04:52,SPX,7636.08,7607.69,7410.0,14,1498,0.5309,0.000447
2026-09-17 12:04:52,SPX,7636.08,7607.69,7865.0,198,0,0.2852,0.000447
2026-09-17 12:04:52,SPX,7636.08,7607.69,7405.0,10,673,0.5411,0.000447
2026-09-17 12:04:52,SPX,7636.08,7607.69,7870.0,3187,2,0.2832,0.000447
2026-09-17 12:04:52,SPX,7636.08,7607.69,7400.0,32,2856,0.5513,0.000447
2026-09-17 12:04:52,SPX,7636.08,7607.69,7875.0,681,10,0.2812,0.000447
2026-09-17 12:04:52,SPX,7636.08,7607.69,7395.0,1,713,0.5615,0.000447
2026-09-17 12:04:52,SPX,7636.08,7607.69,7880.0,1369,3,0.2791,0.000447
2026-09-17 12:04:52,SPX,7636.08,7607.69,7390.0,6,1922,0.5716,0.000447
2026-09-17 12:04:52,SPX,7636.08,7607.69,7885.0,7177,7,0.277,0.000447
2026-09-17 12:04:52,SPX,7636.08,7607.69,7635.0,911,1251,0.1379,0.003185
2026-09-17 12:04:52,SPX,7636.08,7607.69,7640.0,782,1233,0.1361,0.003185
2026-09-17 12:04:52,SPX,7636.08,7607.69,7630.0,642,3316,0.1398,0.003185
2026-09-17 12:04:52,SPX,7636.08,7607.69,7645.0,508,452,0.1343,0.003185
2026-09-17 12:04:52,SPX,7636.08,7607.69,7625.0,1767,4635,0.1421,0.003185
2026-09-17 12:04:52,SPX,7636.08,7607.69,7650.0,6295,6150,0.1331,0.003185
2026-09-17 12:04:52,SPX,7636.08,7607.69,7620.0,785,554,0.1438,0.003185
2026-09-17 12:04:52,SPX,7636.08,7607.69,7655.0,727,3309,0.1315,0.003185
2026-09-17 12:04:52,SPX,7636.08,7607.69,7615.0,1057,2408,0.1464,0.003185
2026-09-17 12:04:52,SPX,7636.08,7607.69,7660.0,2473,3154,0.1306,0.003185
2026-09-17 12:04:52,SPX,7636.08,7607.69,7610.0,907,956,0.1492,0.003185
2026-09-17 12:04:52,SPX,7636.08,7607.69,7665.0,841,392,0.1295,0.003185
2026-09-17 12:04:52,SPX,7636.08,7607.69,7605.0,795,2812,0.151,0.003185
2026-09-17 12:04:52,SPX,7636.08,7607.69,7670.0,1463,660,0.1294,0.003185
2026-09-17 12:04:52,SPX,7636.08,7607.69,7600.0,4785,5804,0.1537,0.003185
2026-09-17 12:04:52,SPX,7636.08,7607.69,7675.0,5592,3236,0.1281,0.003185
2026-09-17 12:04:52,SPX,7636.08,7607.69,7595.0,323,725,0.1568,0.003185
2026-09-17 12:04:52,SPX,7636.08,7607.69,7680.0,3781,614,0.1272,0.003185
2026-09-17 12:04:52,SPX,7636.08,7607.69,7590.0,549,1030,0.1596,0.003185
2026-09-17 12:04:52,SPX,7636.08,7607.69,7685.0,1113,385,0.1262,0.003185
2026-09-17 12:04:52,SPX,7636.08,7607.69,7585.0,447,574,0.1613,0.003185
2026-09-17 12:04:52,SPX,7636.08,7607.69,7690.0,1091,1619,0.1256,0.003185
2026-09-17 12:04:52,SPX,7636.08,7607.69,7580.0,953,946,0.164,0.003185
2026-09-17 12:04:52,SPX,7636.08,7607.69,7695.0,1758,611,0.1257,0.003185
2026-09-17 12:04:52,SPX,7636.08,7607.69,7575.0,701,2374,0.1664,0.003185
2026-09-17 12:04:52,SPX,7636.08,7607.69,7700.0,10448,5604,0.1258,0.003185
2026-09-17 12:04:52,SPX,7636.08,7607.69,7570.0,535,1083,0.1701,0.003185
2026-09-17 12:04:52,SPX,7636.08,7607.69,7705.0,3410,676,0.1259,0.003185
2026-09-17 12:04:52,SPX,7636.08,7607.69,7565.0,675,575,0.172,0.003185
2026-09-17 12:04:52,SPX,7636.08,7607.69,7710.0,774,393,0.126,0.003185
2026-09-17 12:04:52,SPX,7636.08,7607.69,7560.0,348,801,0.1748,0.003185
2026-09-17 12:04:52,SPX,7636.08,7607.69,7715.0,1516,365,0.126,0.003185
2026-09-17 12:04:52,SPX,7636.08,7607.69,7555.0,176,587,0.1781,0.003185
2026-09-17 12:04:52,SPX,7636.08,7607.69,7720.0,732,1172,0.1272,0.003185
2026-09-17 12:04:52,SPX,7636.08,7607.69,7550.0,2789,8543,0.181,0.003185
2026-09-17 12:04:52,SPX,7636.08,7607.69,7725.0,3288,1225,0.1281,0.003185
2026-09-17 12:04:52,SPX,7636.08,7607.69,7545.0,1977,2390,0.184,0.003185
2026-09-17 12:04:52,SPX,7636.08,7607.69,7730.0,776,460,0.1294,0.003185
2026-09-17 12:04:52,SPX,7636.08,7607.69,7540.0,145,1172,0.1862,0.003185
2026-09-17 12:04:52,SPX,7636.08,7607.69,7735.0,974,665,0.1315,0.003185
2026-09-17 12:04:52,SPX,7636.08,7607.69,7535.0,226,1111,0.1916,0.003185
2026-09-17 12:04:52,SPX,7636.08,7607.69,7740.0,1661,425,0.1331,0.003185
2026-09-17 12:04:52,SPX,7636.08,7607.69,7530.0,184,1152,0.1915,0.003185
2026-09-17 12:04:52,SPX,7636.08,7607.69,7745.0,941,179,0.1342,0.003185
2026-09-17 12:04:52,SPX,7636.08,7607.69,7525.0,232,1122,0.1966,0.003185
2026-09-17 12:04:52,SPX,7636.08,7607.69,7750.0,3182,1431,0.1354,0.003185
2026-09-17 12:04:52,SPX,7636.08,7607.69,7520.0,140,1349,0.1985,0.003185
2026-09-17 12:04:52,SPX,7636.08,7607.69,7755.0,1730,147,0.1369,0.003185
2026-09-17 12:04:52,SPX,7636.08,7607.69,7515.0,143,841,0.2016,0.003185
2026-09-17 12:04:52,SPX,7636.08,7607.69,7760.0,2092,87,0.1387,0.003185
2026-09-17 12:04:52,SPX,7636.08,7607.69,7510.0,154,970,0.2047,0.003185
2026-09-17 12:04:52,SPX,7636.08,7607.69,7765.0,1300,221,0.1409,0.003185
2026-09-17 12:04:52,SPX,7636.08,7607.69,7505.0,96,679,0.2079,0.003185
2026-09-17 12:04:52,SPX,7636.08,7607.69,7770.0,986,242,0.1433,0.003185
2026-09-17 12:04:52,SPX,7636.08,7607.69,7500.0,891,3885,0.212,0.003185
2026-09-17 12:04:52,SPX,7636.08,7607.69,7775.0,2208,479,0.1462,0.003185
2026-09-17 12:04:52,SPX,7636.08,7607.69,7495.0,647,1987,0.2141,0.003185
2026-09-17 12:04:52,SPX,7636.08,7607.69,7780.0,1650,246,0.1494,0.003185
2026-09-17 12:04:52,SPX,7636.08,7607.69,7490.0,71,1004,0.217,0.003185
2026-09-17 12:04:52,SPX,7636.08,7607.69,7785.0,1661,259,0.1527,0.003185
2026-09-17 12:04:52,SPX,7636.08,7607.69,7485.0,68,463,0.2215,0.003185
2026-09-17 12:04:52,SPX,7636.08,7607.69,7790.0,1693,179,0.1561,0.003185
2026-09-17 12:04:52,SPX,7636.08,7607.69,7480.0,112,1181,0.2236,0.003185
2026-09-17 12:04:52,SPX,7636.08,7607.69,7795.0,1028,146,0.1595,0.003185
2026-09-17 12:04:52,SPX,7636.08,7607.69,7475.0,333,1738,0.2259,0.003185
2026-09-17 12:04:52,SPX,7636.08,7607.69,7800.0,5655,695,0.1629,0.003185
2026-09-17 12:04:52,SPX,7636.08,7607.69,7470.0,97,1130,0.231,0.003185
2026-09-17 12:04:52,SPX,7636.08,7607.69,7805.0,1216,62,0.1662,0.003185
2026-09-17 12:04:52,SPX,7636.08,7607.69,7465.0,31,1706,0.2344,0.003185
2026-09-17 12:04:52,SPX,7636.08,7607.69,7810.0,1544,79,0.1695,0.003185
2026-09-17 12:04:52,SPX,7636.08,7607.69,7460.0,102,1027,0.238,0.003185
2026-09-17 12:04:52,SPX,7636.08,7607.69,7815.0,1984,47,0.1727,0.003185
2026-09-17 12:04:52,SPX,7636.08,7607.69,7455.0,70,572,0.2412,0.003185
2026-09-17 12:04:52,SPX,7636.08,7607.69,7820.0,3089,77,0.1758,0.003185
2026-09-17 12:04:52,SPX,7636.08,7607.69,7450.0,344,3283,0.2438,0.003185
2026-09-17 12:04:52,SPX,7636.08,7607.69,7825.0,2721,123,0.179,0.003185
2026-09-17 12:04:52,SPX,7636.08,7607.69,7445.0,70,760,0.2474,0.003185
2026-09-17 12:04:52,SPX,7636.08,7607.69,7830.0,1165,77,0.1821,0.003185
2026-09-17 12:04:52,SPX,7636.08,7607.69,7440.0,79,1483,0.2508,0.003185
2026-09-17 12:04:52,SPX,7636.08,7607.69,7835.0,679,18,0.1851,0.003185
2026-09-17 12:04:52,SPX,7636.08,7607.69,7435.0,20,1659,0.254,0.003185
2026-09-17 12:04:52,SPX,7636.08,7607.69,7840.0,1822,57,0.1882,0.003185
2026-09-17 12:04:52,SPX,7636.08,7607.69,7430.0,152,978,0.2572,0.003185
2026-09-17 12:04:52,SPX,7636.08,7607.69,7845.0,566,35,0.1912,0.003185
2026-09-17 12:04:52,SPX,7636.08,7607.69,7425.0,449,2516,0.2602,0.003185
2026-09-17 12:04:52,SPX,7636.08,7607.69,7850.0,3812,60,0.1943,0.003185
2026-09-17 12:04:52,SPX,7636.08,7607.69,7420.0,97,757,0.2628,0.003185
2026-09-17 12:04:52,SPX,7636.08,7607.69,7855.0,716,27,0.1972,0.003185
2026-09-17 12:04:52,SPX,7636.08,7607.69,7415.0,55,792,0.2659,0.003185
2026-09-17 12:04:52,SPX,7636.08,7607.69,7860.0,861,19,0.2002,0.003185
2026-09-17 12:04:52,SPX,7636.08,7607.69,7410.0,269,1274,0.2708,0.003185
2026-09-17 12:04:52,SPX,7636.08,7607.69,7865.0,634,11,0.2031,0.003185
2026-09-17 12:04:52,SPX,7636.08,7607.69,7405.0,158,891,0.2741,0.003185
2026-09-17 12:04:52,SPX,7636.08,7607.69,7870.0,855,21,0.2059,0.003185
2026-09-17 12:04:52,SPX,7636.08,7607.69,7400.0,1057,6101,0.2777,0.003185
2026-09-17 12:04:52,SPX,7636.08,7607.69,7875.0,1924,71,0.2087,0.003185
2026-09-17 12:04:52,SPX,7636.08,7607.69,7395.0,30,2413,0.2818,0.003185
2026-09-17 12:04:52,SPX,7636.08,7607.69,7880.0,706,54,0.2115,0.003185
2026-09-17 12:04:52,SPX,7636.08,7607.69,7390.0,33,1245,0.2858,0.003185
2026-09-17 12:04:52,SPX,7636.08,7607.69,7885.0,650,18,0.2142,0.003185
2026-09-17 12:04:52,SPX,7636.08,7607.69,7635.0,204,390,0.1004,0.011398
2026-09-17 12:04:52,SPX,7636.08,7607.69,7640.0,281,264,0.0993,0.011398
2026-09-17 12:04:52,SPX,7636.08,7607.69,7630.0,276,417,0.1015,0.011398
2026-09-17 12:04:52,SPX,7636.08,7607.69,7645.0,221,49,0.0983,0.011398
2026-09-17 12:04:52,SPX,7636.08,7607.69,7625.0,170,445,0.1029,0.011398
2026-09-17 12:04:52,SPX,7636.08,7607.69,7650.0,664,713,0.0973,0.011398
2026-09-17 12:04:52,SPX,7636.08,7607.69,7620.0,196,163,0.1043,0.011398
2026-09-17 12:04:52,SPX,7636.08,7607.69,7655.0,219,59,0.0964,0.011398
2026-09-17 12:04:52,SPX,7636.08,7607.69,7615.0,179,186,0.1052,0.011398
2026-09-17 12:04:52,SPX,7636.08,7607.69,7660.0,379,188,0.0956,0.011398
2026-09-17 12:04:52,SPX,7636.08,7607.69,7610.0,164,259,0.1066,0.011398
2026-09-17 12:04:52,SPX,7636.08,7607.69,7665.0,211,87,0.0948,0.011398
2026-09-17 12:04:52,SPX,7636.08,7607.69,7605.0,163,132,0.1083,0.011398
2026-09-17 12:04:52,SPX,7636.08,7607.69,7670.0,466,207,0.0939,0.011398
2026-09-17 12:04:52,SPX,7636.08,7607.69,7600.0,460,900,0.1093,0.011398
2026-09-17 12:04:52,SPX,7636.08,7607.69,7675.0,375,667,0.0931,0.011398
2026-09-17 12:04:52,SPX,7636.08,7607.69,7595.0,78,265,0.1108,0.011398
2026-09-17 12:04:52,SPX,7636.08,7607.69,7680.0,314,108,0.0923,0.011398
2026-09-17 12:04:52,SPX,7636.08,7607.69,7590.0,120,369,0.1122,0.011398
2026-09-17 12:04:52,SPX,7636.08,7607.69,7685.0,247,50,0.0915,0.011398
2026-09-17 12:04:52,SPX,7636.08,7607.69,7585.0,473,207,0.1135,0.011398
2026-09-17 12:04:52,SPX,7636.08,7607.69,7690.0,390,170,0.0906,0.011398
2026-09-17 12:04:52,SPX,7636.08,7607.69,7580.0,120,343,0.1147,0.011398
2026-09-17 12:04:52,SPX,7636.08,7607.69,7695.0,318,61,0.0898,0.011398
2026-09-17 12:04:52,SPX,7636.08,7607.69,7575.0,95,494,0.1164,0.011398
2026-09-17 12:04:52,SPX,7636.08,7607.69,7700.0,4505,3404,0.0892,0.011398
2026-09-17 12:04:52,SPX,7636.08,7607.69,7570.0,69,233,0.1182,0.011398
2026-09-17 12:04:52,SPX,7636.08,7607.69,7705.0,364,52,0.0887,0.011398
2026-09-17 12:04:52,SPX,7636.08,7607.69,7565.0,48,129,0.1199,0.011398
2026-09-17 12:04:52,SPX,7636.08,7607.69,7710.0,688,127,0.0884,0.011398
2026-09-17 12:04:52,SPX,7636.08,7607.69,7560.0,190,383,0.1214,0.011398
2026-09-17 12:04:52,SPX,7636.08,7607.69,7715.0,442,26,0.0881,0.011398
2026-09-17 12:04:52,SPX,7636.08,7607.69,7555.0,31,220,0.1228,0.011398
2026-09-17 12:04:52,SPX,7636.08,7607.69,7720.0,461,172,0.0878,0.011398
2026-09-17 12:04:52,SPX,7636.08,7607.69,7550.0,167,702,0.1241,0.011398
2026-09-17 12:04:52,SPX,7636.08,7607.69,7725.0,1113,399,0.0876,0.011398
2026-09-17 12:04:52,SPX,7636.08,7607.69,7545.0,22,120,0.1254,0.011398
2026-09-17 12:04:52,SPX,7636.08,7607.69,7730.0,577,164,0.0874,0.011398
2026-09-17 12:04:52,SPX,7636.08,7607.69,7540.0,69,158,0.1267,0.011398
2026-09-17 12:04:52,SPX,7636.08,7607.69,7735.0,622,30,0.0872,0.011398
2026-09-17 12:04:52,SPX,7636.08,7607.69,7535.0,74,135,0.1281,0.011398
2026-09-17 12:04:52,SPX,7636.08,7607.69,7740.0,809,205,0.087,0.011398
2026-09-17 12:04:52,SPX,7636.08,7607.69,7530.0,49,244,0.1297,0.011398
2026-09-17 12:04:52,SPX,7636.08,7607.69,7745.0,323,31,0.0869,0.011398
2026-09-17 12:04:52,SPX,7636.08,7607.69,7525.0,62,339,0.1313,0.011398
2026-09-17 12:04:52,SPX,7636.08,7607.69,7750.0,1461,338,0.0869,0.011398
2026-09-17 12:04:52,SPX,7636.08,7607.69,7520.0,33,651,0.133,0.011398
2026-09-17 12:04:52,SPX,7636.08,7607.69,7755.0,260,7,0.0869,0.011398
2026-09-17 12:04:52,SPX,7636.08,7607.69,7515.0,44,105,0.1346,0.011398
2026-09-17 12:04:52,SPX,7636.08,7607.69,7760.0,543,93,0.0871,0.011398
2026-09-17 12:04:52,SPX,7636.08,7607.69,7510.0,25,320,0.1363,0.011398
2026-09-17 12:04:52,SPX,7636.08,7607.69,7765.0,495,2,0.0874,0.011398
2026-09-17 12:04:52,SPX,7636.08,7607.69,7505.0,16,126,0.138,0.011398
2026-09-17 12:04:52,SPX,7636.08,7607.69,7770.0,424,30,0.0878,0.011398
2026-09-17 12:04:52,SPX,7636.08,7607.69,7500.0,31,1972,0.1397,0.011398
2026-09-17 12:04:52,SPX,7636.08,7607.69,7775.0,1335,142,0.0883,0.011398
2026-09-17 12:04:52,SPX,7636.08,7607.69,7495.0,13,410,0.1413,0.011398
2026-09-17 12:04:52,SPX,7636.08,7607.69,7780.0,551,27,0.089,0.011398
2026-09-17 12:04:52,SPX,7636.08,7607.69,7490.0,11,298,0.1429,0.011398
2026-09-17 12:04:52,SPX,7636.08,7607.69,7785.0,347,0,0.0898,0.011398
2026-09-17 12:04:52,SPX,7636.08,7607.69,7485.0,5,157,0.1445,0.011398
2026-09-17 12:04:52,SPX,7636.08,7607.69,7790.0,487,77,0.0908,0.011398
2026-09-17 12:04:52,SPX,7636.08,7607.69,7480.0,7,215,0.1461,0.011398
2026-09-17 12:04:52,SPX,7636.08,7607.69,7795.0,624,0,0.0919,0.011398
2026-09-17 12:04:52,SPX,7636.08,7607.69,7475.0,94,661,0.1476,0.011398
2026-09-17 12:04:52,SPX,7636.08,7607.69,7800.0,1775,478,0.093,0.011398
2026-09-17 12:04:52,SPX,7636.08,7607.69,7470.0,10,250,0.1492,0.011398
2026-09-17 12:04:52,SPX,7636.08,7607.69,7805.0,517,0,0.0943,0.011398
2026-09-17 12:04:52,SPX,7636.08,7607.69,7465.0,1,160,0.1507,0.011398
2026-09-17 12:04:52,SPX,7636.08,7607.69,7810.0,640,5,0.0957,0.011398
2026-09-17 12:04:52,SPX,7636.08,7607.69,7460.0,22,213,0.1523,0.011398
2026-09-17 12:04:52,SPX,7636.08,7607.69,7815.0,559,0,0.0971,0.011398
2026-09-17 12:04:52,SPX,7636.08,7607.69,7455.0,3,78,0.1538,0.011398
2026-09-17 12:04:52,SPX,7636.08,7607.69,7820.0,663,13,0.0985,0.011398
2026-09-17 12:04:52,SPX,7636.08,7607.69,7450.0,26,647,0.1554,0.011398
2026-09-17 12:04:52,SPX,7636.08,7607.69,7825.0,573,11,0.1,0.011398
2026-09-17 12:04:52,SPX,7636.08,7607.69,7445.0,10,79,0.157,0.011398
2026-09-17 12:04:52,SPX,7636.08,7607.69,7830.0,484,0,0.1016,0.011398
2026-09-17 12:04:52,SPX,7636.08,7607.69,7440.0,2,152,0.1586,0.011398
2026-09-17 12:04:52,SPX,7636.08,7607.69,7835.0,114,0,0.1032,0.011398
2026-09-17 12:04:52,SPX,7636.08,7607.69,7435.0,1,105,0.1602,0.011398
2026-09-17 12:04:52,SPX,7636.08,7607.69,7840.0,601,2,0.1047,0.011398
2026-09-17 12:04:52,SPX,7636.08,7607.69,7430.0,4,427,0.1619,0.011398
2026-09-17 12:04:52,SPX,7636.08,7607.69,7845.0,198,0,0.1063,0.011398
2026-09-17 12:04:52,SPX,7636.08,7607.69,7425.0,9,893,0.1635,0.011398
2026-09-17 12:04:52,SPX,7636.08,7607.69,7850.0,1181,13,0.108,0.011398
2026-09-17 12:04:52,SPX,7636.08,7607.69,7420.0,4,210,0.1652,0.011398
2026-09-17 12:04:52,SPX,7636.08,7607.69,7415.0,0,154,0.1669,0.011398
2026-09-17 12:04:52,SPX,7636.08,7607.69,7860.0,602,0,0.1112,0.011398
2026-09-17 12:04:52,SPX,7636.08,7607.69,7410.0,1,188,0.1686,0.011398
2026-09-17 12:04:52,SPX,7636.08,7607.69,7405.0,1,206,0.1703,0.011398
2026-09-17 12:04:52,SPX,7636.08,7607.69,7870.0,627,0,0.1145,0.011398
2026-09-17 12:04:52,SPX,7636.08,7607.69,7400.0,5,792,0.1721,0.011398
2026-09-17 12:04:52,SPX,7636.08,7607.69,7875.0,1290,1,0.1161,0.011398
2026-09-17 12:04:52,SPX,7636.08,7607.69,7395.0,1,181,0.1739,0.011398
2026-09-17 12:04:52,SPX,7636.08,7607.69,7880.0,639,0,0.1178,0.011398
2026-09-17 12:04:52,SPX,7636.08,7607.69,7390.0,0,208,0.1757,0.011398
2026-09-17 12:35:14,SPX,7633.0,7606.7,7635.0,1046,196,0.114,0.000389
2026-09-17 12:35:14,SPX,7633.0,7606.7,7630.0,1077,398,0.1183,0.000389
2026-09-17 12:35:14,SPX,7633.0,7606.7,7640.0,1208,301,0.1104,0.000389
2026-09-17 12:35:14,SPX,7633.0,7606.7,7625.0,1787,684,0.1247,0.000389
2026-09-17 12:35:14,SPX,7633.0,7606.7,7645.0,1269,222,0.1087,0.000389
2026-09-17 12:35:14,SPX,7633.0,7606.7,7620.0,1365,332,0.1319,0.000389
2026-09-17 12:35:14,SPX,7633.0,7606.7,7650.0,2554,3382,0.1089,0.000389
2026-09-17 12:35:14,SPX,7633.0,7606.7,7615.0,1780,186,0.1389,0.000389
2026-09-17 12:35:14,SPX,7633.0,7606.7,7655.0,1613,198,0.1117,0.000389
2026-09-17 12:35:14,SPX,7633.0,7606.7,7610.0,3018,969,0.1478,0.000389
2026-09-17 12:35:14,SPX,7633.0,7606.7,7660.0,1495,291,0.1169,0.000389
2026-09-17 12:35:14,SPX,7633.0,7606.7,7605.0,1093,394,0.1573,0.000389
2026-09-17 12:35:14,SPX,7633.0,7606.7,7665.0,1161,155,0.1231,0.000389
2026-09-17 12:35:14,SPX,7633.0,7606.7,7600.0,3732,984,0.1685,0.000389
2026-09-17 12:35:14,SPX,7633.0,7606.7,7670.0,2846,466,0.1303,0.000389
2026-09-17 12:35:14,SPX,7633.0,7606.7,7595.0,647,673,0.1782,0.000389
2026-09-17 12:35:14,SPX,7633.0,7606.7,7675.0,5237,3864,0.1389,0.000389
2026-09-17 12:35:14,SPX,7633.0,7606.7,7590.0,1601,689,0.186,0.000389
2026-09-17 12:35:14,SPX,7633.0,7606.7,7680.0,1335,352,0.1483,0.000389
2026-09-17 12:35:14,SPX,7633.0,7606.7,7585.0,527,518,0.1997,0.000389
2026-09-17 12:35:14,SPX,7633.0,7606.7,7685.0,1208,211,0.1578,0.000389
2026-09-17 12:35:14,SPX,7633.0,7606.7,7580.0,1067,943,0.207,0.000389
2026-09-17 12:35:14,SPX,7633.0,7606.7,7690.0,1710,388,0.1676,0.000389
2026-09-17 12:35:14,SPX,7633.0,7606.7,7575.0,1221,787,0.2202,0.000389
2026-09-17 12:35:14,SPX,7633.0,7606.7,7695.0,729,211,0.1776,0.000389
2026-09-17 12:35:14,SPX,7633.0,7606.7,7570.0,659,801,0.2314,0.000389
2026-09-17 12:35:14,SPX,7633.0,7606.7,7700.0,5946,566,0.188,0.000389
2026-09-17 12:35:14,SPX,7633.0,7606.7,7565.0,477,398,0.2425,0.000389
2026-09-17 12:35:14,SPX,7633.0,7606.7,7705.0,1033,167,0.1988,0.000389
2026-09-17 12:35:14,SPX,7633.0,7606.7,7560.0,752,714,0.2517,0.000389
2026-09-17 12:35:14,SPX,7633.0,7606.7,7710.0,1264,130,0.2097,0.000389
2026-09-17 12:35:14,SPX,7633.0,7606.7,7555.0,1328,578,0.2614,0.000389
2026-09-17 12:35:14,SPX,7633.0,7606.7,7715.0,976,167,0.2205,0.000389
2026-09-17 12:35:14,SPX,7633.0,7606.7,7550.0,2212,1562,0.27,0.000389
2026-09-17 12:35:14,SPX,7633.0,7606.7,7720.0,938,314,0.2309,0.000389
2026-09-17 12:35:14,SPX,7633.0,7606.7,7545.0,490,658,0.2814,0.000389
2026-09-17 12:35:14,SPX,7633.0,7606.7,7725.0,3333,149,0.2409,0.000389
2026-09-17 12:35:14,SPX,7633.0,7606.7,7540.0,345,1146,0.2929,0.000389
2026-09-17 12:35:14,SPX,7633.0,7606.7,7730.0,2689,77,0.2504,0.000389
2026-09-17 12:35:14,SPX,7633.0,7606.7,7535.0,277,719,0.3033,0.000389
2026-09-17 12:35:14,SPX,7633.0,7606.7,7735.0,564,44,0.2593,0.000389
2026-09-17 12:35:14,SPX,7633.0,7606.7,7530.0,316,791,0.3146,0.000389
2026-09-17 12:35:14,SPX,7633.0,7606.7,7740.0,903,171,0.2675,0.000389
2026-09-17 12:35:14,SPX,7633.0,7606.7,7525.0,625,1441,0.3263,0.000389
2026-09-17 12:35:14,SPX,7633.0,7606.7,7745.0,393,42,0.275,0.000389
2026-09-17 12:35:14,SPX,7633.0,7606.7,7520.0,462,1558,0.3376,0.000389
2026-09-17 12:35:14,SPX,7633.0,7606.7,7750.0,1471,201,0.2818,0.000389
2026-09-17 12:35:14,SPX,7633.0,7606.7,7515.0,109,667,0.3483,0.000389
2026-09-17 12:35:14,SPX,7633.0,7606.7,7755.0,379,51,0.2877,0.000389
2026-09-17 12:35:14,SPX,7633.0,7606.7,7510.0,175,3312,0.359,0.000389
2026-09-17 12:35:14,SPX,7633.0,7606.7,7760.0,855,100,0.2928,0.000389
2026-09-17 12:35:14,SPX,7633.0,7606.7,7505.0,100,596,0.3697,0.000389
2026-09-17 12:35:14,SPX,7633.0,7606.7,7765.0,450,56,0.2972,0.000389
2026-09-17 12:35:14,SPX,7633.0,7606.7,7500.0,527,4190,0.3805,0.000389
2026-09-17 12:35:14,SPX,7633.0,7606.7,7770.0,1513,62,0.3009,0.000389
2026-09-17 12:35:14,SPX,7633.0,7606.7,7495.0,36,1579,0.3913,0.000389
2026-09-17 12:35:14,SPX,7633.0,7606.7,7775.0,1138,57,0.3039,0.000389
2026-09-17 12:35:14,SPX,7633.0,7606.7,7490.0,25,1973,0.4018,0.000389
2026-09-17 12:35:14,SPX,7633.0,7606.7,7780.0,2356,39,0.3063,0.000389
2026-09-17 12:35:14,SPX,7633.0,7606.7,7485.0,40,934,0.412,0.000389
2026-09-17 12:35:14,SPX,7633.0,7606.7,7785.0,1822,29,0.3081,0.000389
2026-09-17 12:35:14,SPX,7633.0,7606.7,7480.0,78,966,0.4217,0.000389
2026-09-17 12:35:14,SPX,7633.0,7606.7,7790.0,3260,36,0.3093,0.000389
2026-09-17 12:35:14,SPX,7633.0,7606.7,7475.0,41,1278,0.4311,0.000389
2026-09-17 12:35:14,SPX,7633.0,7606.7,7795.0,6829,11,0.3101,0.000389
2026-09-17 12:35:14,SPX,7633.0,7606.7,7470.0,43,2274,0.4403,0.000389
2026-09-17 12:35:14,SPX,7633.0,7606.7,7800.0,9270,103,0.3104,0.000389
2026-09-17 12:35:14,SPX,7633.0,7606.7,7465.0,33,849,0.4496,0.000389
2026-09-17 12:35:14,SPX,7633.0,7606.7,7805.0,2220,0,0.3103,0.000389
2026-09-17 12:35:14,SPX,7633.0,7606.7,7460.0,0,1351,0.4589,0.000389
2026-09-17 12:35:14,SPX,7633.0,7606.7,7810.0,706,4,0.3099,0.000389
2026-09-17 12:35:14,SPX,7633.0,7606.7,7455.0,26,1050,0.4685,0.000389
2026-09-17 12:35:14,SPX,7633.0,7606.7,7815.0,922,2,0.3091,0.000389
2026-09-17 12:35:14,SPX,7633.0,7606.7,7450.0,414,3621,0.4781,0.000389
2026-09-17 12:35:14,SPX,7633.0,7606.7,7820.0,421,16,0.308,0.000389
2026-09-17 12:35:14,SPX,7633.0,7606.7,7445.0,22,956,0.488,0.000389
2026-09-17 12:35:14,SPX,7633.0,7606.7,7825.0,1073,73,0.3065,0.000389
2026-09-17 12:35:14,SPX,7633.0,7606.7,7440.0,26,1224,0.498,0.000389
2026-09-17 12:35:14,SPX,7633.0,7606.7,7830.0,794,3,0.3048,0.000389
2026-09-17 12:35:14,SPX,7633.0,7606.7,7435.0,13,972,0.5084,0.000389
2026-09-17 12:35:14,SPX,7633.0,7606.7,7835.0,516,0,0.303,0.000389
2026-09-17 12:35:14,SPX,7633.0,7606.7,7430.0,3,1149,0.519,0.000389
2026-09-17 12:35:14,SPX,7633.0,7606.7,7840.0,509,23,0.301,0.000389
2026-09-17 12:35:14,SPX,7633.0,7606.7,7425.0,34,4728,0.5299,0.000389
2026-09-17 12:35:14,SPX,7633.0,7606.7,7845.0,439,0,0.2988,0.000389
2026-09-17 12:35:14,SPX,7633.0,7606.7,7420.0,28,2734,0.5411,0.000389
2026-09-17 12:35:14,SPX,7633.0,7606.7,7850.0,631,53,0.2966,0.000389
2026-09-17 12:35:14,SPX,7633.0,7606.7,7415.0,12,1524,0.5524,0.000389
2026-09-17 12:35:14,SPX,7633.0,7606.7,7855.0,452,1,0.2943,0.000389
2026-09-17 12:35:14,SPX,7633.0,7606.7,7410.0,14,1498,0.5639,0.000389
2026-09-17 12:35:14,SPX,7633.0,7606.7,7860.0,288,0,0.292,0.000389
2026-09-17 12:35:14,SPX,7633.0,7606.7,7405.0,10,673,0.5754,0.000389
2026-09-17 12:35:14,SPX,7633.0,7606.7,7865.0,198,0,0.2896,0.000389
2026-09-17 12:35:14,SPX,7633.0,7606.7,7400.0,32,2856,0.587,0.000389
2026-09-17 12:35:14,SPX,7633.0,7606.7,7870.0,3187,2,0.2871,0.000389
2026-09-17 12:35:14,SPX,7633.0,7606.7,7395.0,1,713,0.5985,0.000389
2026-09-17 12:35:14,SPX,7633.0,7606.7,7875.0,681,10,0.2847,0.000389
2026-09-17 12:35:14,SPX,7633.0,7606.7,7390.0,6,1922,0.61,0.000389
2026-09-17 12:35:14,SPX,7633.0,7606.7,7880.0,1369,3,0.2822,0.000389
2026-09-17 12:35:14,SPX,7633.0,7606.7,7385.0,2,535,0.6215,0.000389
2026-09-17 12:35:14,SPX,7633.0,7606.7,7635.0,911,1251,0.1387,0.003127
2026-09-17 12:35:14,SPX,7633.0,7606.7,7630.0,642,3316,0.1405,0.003127
2026-09-17 12:35:14,SPX,7633.0,7606.7,7640.0,782,1233,0.137,0.003127
2026-09-17 12:35:14,SPX,7633.0,7606.7,7625.0,1767,4635,0.1428,0.003127
2026-09-17 12:35:14,SPX,7633.0,7606.7,7645.0,508,452,0.1349,0.003127
2026-09-17 12:35:14,SPX,7633.0,7606.7,7620.0,785,554,0.1452,0.003127
2026-09-17 12:35:14,SPX,7633.0,7606.7,7650.0,6295,6150,0.1334,0.003127
2026-09-17 12:35:14,SPX,7633.0,7606.7,7615.0,1057,2408,0.1478,0.003127
2026-09-17 12:35:14,SPX,7633.0,7606.7,7655.0,727,3309,0.132,0.003127
2026-09-17 12:35:14,SPX,7633.0,7606.7,7610.0,907,956,0.1494,0.003127
2026-09-17 12:35:14,SPX,7633.0,7606.7,7660.0,2473,3154,0.1303,0.003127
2026-09-17 12:35:14,SPX,7633.0,7606.7,7605.0,795,2812,0.1515,0.003127
2026-09-17 12:35:14,SPX,7633.0,7606.7,7665.0,841,392,0.1295,0.003127
2026-09-17 12:35:14,SPX,7633.0,7606.7,7600.0,4785,5804,0.1552,0.003127
2026-09-17 12:35:14,SPX,7633.0,7606.7,7670.0,1463,660,0.1293,0.003127
2026-09-17 12:35:14,SPX,7633.0,7606.7,7595.0,323,725,0.1582,0.003127
2026-09-17 12:35:14,SPX,7633.0,7606.7,7675.0,5592,3236,0.1273,0.003127
2026-09-17 12:35:14,SPX,7633.0,7606.7,7590.0,549,1030,0.1596,0.003127
2026-09-17 12:35:14,SPX,7633.0,7606.7,7680.0,3781,614,0.1266,0.003127
2026-09-17 12:35:14,SPX,7633.0,7606.7,7585.0,447,574,0.1617,0.003127
2026-09-17 12:35:14,SPX,7633.0,7606.7,7685.0,1113,385,0.1265,0.003127
2026-09-17 12:35:14,SPX,7633.0,7606.7,7580.0,953,946,0.1648,0.003127
2026-09-17 12:35:14,SPX,7633.0,7606.7,7690.0,1091,1619,0.1267,0.003127
2026-09-17 12:35:14,SPX,7633.0,7606.7,7575.0,701,2374,0.1674,0.003127
2026-09-17 12:35:14,SPX,7633.0,7606.7,7695.0,1758,611,0.1264,0.003127
2026-09-17 12:35:14,SPX,7633.0,7606.7,7570.0,535,1083,0.1703,0.003127
2026-09-17 12:35:14,SPX,7633.0,7606.7,7700.0,10448,5604,0.126,0.003127
2026-09-17 12:35:14,SPX,7633.0,7606.7,7565.0,675,575,0.1736,0.003127
2026-09-17 12:35:14,SPX,7633.0,7606.7,7705.0,3410,676,0.1255,0.003127
2026-09-17 12:35:14,SPX,7633.0,7606.7,7560.0,348,801,0.1766,0.003127
2026-09-17 12:35:14,SPX,7633.0,7606.7,7710.0,774,393,0.1248,0.003127
2026-09-17 12:35:14,SPX,7633.0,7606.7,7555.0,176,587,0.1792,0.003127
2026-09-17 12:35:14,SPX,7633.0,7606.7,7715.0,1516,365,0.1259,0.003127
2026-09-17 12:35:14,SPX,7633.0,7606.7,7550.0,2789,8543,0.1828,0.003127
2026-09-17 12:35:14,SPX,7633.0,7606.7,7720.0,732,1172,0.127,0.003127
2026-09-17 12:35:14,SPX,7633.0,7606.7,7545.0,1977,2390,0.1843,0.003127
2026-09-17 12:35:14,SPX,7633.0,7606.7,7725.0,3288,1225,0.128,0.003127
2026-09-17 12:35:14,SPX,7633.0,7606.7,7540.0,145,1172,0.189,0.003127
2026-09-17 12:35:14,SPX,7633.0,7606.7,7730.0,776,460,0.1293,0.003127
2026-09-17 12:35:14,SPX,7633.0,7606.7,7535.0,226,1111,0.1908,0.003127
2026-09-17 12:35:14,SPX,7633.0,7606.7,7735.0,974,665,0.1306,0.003127
2026-09-17 12:35:14,SPX,7633.0,7606.7,7530.0,184,1152,0.1949,0.003127
2026-09-17 12:35:14,SPX,7633.0,7606.7,7740.0,1661,425,0.1316,0.003127
2026-09-17 12:35:14,SPX,7633.0,7606.7,7525.0,232,1122,0.1966,0.003127
2026-09-17 12:35:14,SPX,7633.0,7606.7,7745.0,941,179,0.1328,0.003127
2026-09-17 12:35:14,SPX,7633.0,7606.7,7520.0,140,1349,0.1997,0.003127
2026-09-17 12:35:14,SPX,7633.0,7606.7,7750.0,3182,1431,0.1346,0.003127
2026-09-17 12:35:14,SPX,7633.0,7606.7,7515.0,143,841,0.2027,0.003127
2026-09-17 12:35:14,SPX,7633.0,7606.7,7755.0,1730,147,0.1368,0.003127
2026-09-17 12:35:14,SPX,7633.0,7606.7,7510.0,154,970,0.2056,0.003127
2026-09-17 12:35:14,SPX,7633.0,7606.7,7760.0,2092,87,0.1392,0.003127
2026-09-17 12:35:14,SPX,7633.0,7606.7,7505.0,96,679,0.2101,0.003127
2026-09-17 12:35:14,SPX,7633.0,7606.7,7765.0,1300,221,0.1416,0.003127
2026-09-17 12:35:14,SPX,7633.0,7606.7,7500.0,891,3885,0.2116,0.003127
2026-09-17 12:35:14,SPX,7633.0,7606.7,7770.0,986,242,0.1442,0.003127
2026-09-17 12:35:14,SPX,7633.0,7606.7,7495.0,647,1987,0.2148,0.003127
2026-09-17 12:35:14,SPX,7633.0,7606.7,7775.0,2208,479,0.1471,0.003127
2026-09-17 12:35:14,SPX,7633.0,7606.7,7490.0,71,1004,0.2197,0.003127
2026-09-17 12:35:14,SPX,7633.0,7606.7,7780.0,1650,246,0.1504,0.003127
2026-09-17 12:35:14,SPX,7633.0,7606.7,7485.0,68,463,0.2227,0.003127
2026-09-17 12:35:14,SPX,7633.0,7606.7,7785.0,1661,259,0.1538,0.003127
2026-09-17 12:35:14,SPX,7633.0,7606.7,7480.0,112,1181,0.2248,0.003127
2026-09-17 12:35:14,SPX,7633.0,7606.7,7790.0,1693,179,0.1574,0.003127
2026-09-17 12:35:14,SPX,7633.0,7606.7,7475.0,333,1738,0.2294,0.003127
2026-09-17 12:35:14,SPX,7633.0,7606.7,7795.0,1028,146,0.161,0.003127
2026-09-17 12:35:14,SPX,7633.0,7606.7,7470.0,97,1130,0.2339,0.003127
2026-09-17 12:35:14,SPX,7633.0,7606.7,7800.0,5655,695,0.1646,0.003127
2026-09-17 12:35:14,SPX,7633.0,7606.7,7465.0,31,1706,0.2369,0.003127
2026-09-17 12:35:14,SPX,7633.0,7606.7,7805.0,1216,62,0.168,0.003127
2026-09-17 12:35:14,SPX,7633.0,7606.7,7460.0,102,1027,0.24,0.003127
2026-09-17 12:35:14,SPX,7633.0,7606.7,7810.0,1544,79,0.1714,0.003127
2026-09-17 12:35:14,SPX,7633.0,7606.7,7455.0,70,572,0.2436,0.003127
2026-09-17 12:35:14,SPX,7633.0,7606.7,7815.0,1984,47,0.1746,0.003127
2026-09-17 12:35:14,SPX,7633.0,7606.7,7450.0,344,3283,0.2467,0.003127
2026-09-17 12:35:14,SPX,7633.0,7606.7,7820.0,3089,77,0.1776,0.003127
2026-09-17 12:35:14,SPX,7633.0,7606.7,7445.0,70,760,0.2507,0.003127
2026-09-17 12:35:14,SPX,7633.0,7606.7,7825.0,2721,123,0.1806,0.003127
2026-09-17 12:35:14,SPX,7633.0,7606.7,7440.0,79,1483,0.2529,0.003127
2026-09-17 12:35:14,SPX,7633.0,7606.7,7830.0,1165,77,0.1836,0.003127
2026-09-17 12:35:14,SPX,7633.0,7606.7,7435.0,20,1659,0.2563,0.003127
2026-09-17 12:35:14,SPX,7633.0,7606.7,7835.0,679,18,0.1865,0.003127
2026-09-17 12:35:14,SPX,7633.0,7606.7,7430.0,152,978,0.2591,0.003127
2026-09-17 12:35:14,SPX,7633.0,7606.7,7840.0,1822,57,0.1893,0.003127
2026-09-17 12:35:14,SPX,7633.0,7606.7,7425.0,449,2516,0.2619,0.003127
2026-09-17 12:35:14,SPX,7633.0,7606.7,7845.0,566,35,0.1921,0.003127
2026-09-17 12:35:14,SPX,7633.0,7606.7,7420.0,97,757,0.2683,0.003127
2026-09-17 12:35:14,SPX,7633.0,7606.7,7850.0,3812,60,0.1949,0.003127
2026-09-17 12:35:14,SPX,7633.0,7606.7,7415.0,55,792,0.2709,0.003127
2026-09-17 12:35:14,SPX,7633.0,7606.7,7855.0,716,27,0.1977,0.003127
2026-09-17 12:35:14,SPX,7633.0,7606.7,7410.0,269,1274,0.2735,0.003127
2026-09-17 12:35:14,SPX,7633.0,7606.7,7860.0,861,19,0.2005,0.003127
2026-09-17 12:35:14,SPX,7633.0,7606.7,7405.0,158,891,0.2768,0.003127
2026-09-17 12:35:14,SPX,7633.0,7606.7,7865.0,634,11,0.2033,0.003127
2026-09-17 12:35:14,SPX,7633.0,7606.7,7400.0,1057,6101,0.2815,0.003127
2026-09-17 12:35:14,SPX,7633.0,7606.7,7870.0,855,21,0.2061,0.003127
2026-09-17 12:35:14,SPX,7633.0,7606.7,7395.0,30,2413,0.2851,0.003127
2026-09-17 12:35:14,SPX,7633.0,7606.7,7875.0,1924,71,0.209,0.003127
2026-09-17 12:35:14,SPX,7633.0,7606.7,7390.0,33,1245,0.2892,0.003127
2026-09-17 12:35:14,SPX,7633.0,7606.7,7880.0,706,54,0.2119,0.003127
2026-09-17 12:35:14,SPX,7633.0,7606.7,7385.0,78,943,0.2938,0.003127
2026-09-17 12:35:14,SPX,7633.0,7606.7,7635.0,204,390,0.1001,0.011341
2026-09-17 12:35:14,SPX,7633.0,7606.7,7630.0,276,417,0.1013,0.011341
2026-09-17 12:35:14,SPX,7633.0,7606.7,7640.0,281,264,0.0991,0.011341
2026-09-17 12:35:14,SPX,7633.0,7606.7,7625.0,170,445,0.1029,0.011341
2026-09-17 12:35:14,SPX,7633.0,7606.7,7645.0,221,49,0.0978,0.011341
2026-09-17 12:35:14,SPX,7633.0,7606.7,7620.0,196,163,0.1039,0.011341
2026-09-17 12:35:14,SPX,7633.0,7606.7,7650.0,664,713,0.0968,0.011341
2026-09-17 12:35:14,SPX,7633.0,7606.7,7615.0,179,186,0.1054,0.011341
2026-09-17 12:35:14,SPX,7633.0,7606.7,7655.0,219,59,0.0958,0.011341
2026-09-17 12:35:14,SPX,7633.0,7606.7,7610.0,164,259,0.1066,0.011341
2026-09-17 12:35:14,SPX,7633.0,7606.7,7660.0,379,188,0.095,0.011341
2026-09-17 12:35:14,SPX,7633.0,7606.7,7605.0,163,132,0.1081,0.011341
2026-09-17 12:35:14,SPX,7633.0,7606.7,7665.0,211,87,0.0941,0.011341
2026-09-17 12:35:14,SPX,7633.0,7606.7,7600.0,460,900,0.1097,0.011341
2026-09-17 12:35:14,SPX,7633.0,7606.7,7670.0,466,207,0.0933,0.011341
2026-09-17 12:35:14,SPX,7633.0,7606.7,7595.0,78,265,0.1108,0.011341
2026-09-17 12:35:14,SPX,7633.0,7606.7,7675.0,375,667,0.0924,0.011341
2026-09-17 12:35:14,SPX,7633.0,7606.7,7590.0,120,369,0.1124,0.011341
2026-09-17 12:35:14,SPX,7633.0,7606.7,7680.0,314,108,0.0914,0.011341
2026-09-17 12:35:14,SPX,7633.0,7606.7,7585.0,473,207,0.1137,0.011341
2026-09-17 12:35:14,SPX,7633.0,7606.7,7685.0,247,50,0.0903,0.011341
2026-09-17 12:35:14,SPX,7633.0,7606.7,7580.0,120,343,0.1151,0.011341
2026-09-17 12:35:14,SPX,7633.0,7606.7,7690.0,390,170,0.0894,0.011341
2026-09-17 12:35:14,SPX,7633.0,7606.7,7575.0,95,494,0.1163,0.011341
2026-09-17 12:35:14,SPX,7633.0,7606.7,7695.0,318,61,0.0886,0.011341
2026-09-17 12:35:14,SPX,7633.0,7606.7,7570.0,69,233,0.1178,0.011341
2026-09-17 12:35:14,SPX,7633.0,7606.7,7700.0,4505,3404,0.0881,0.011341
2026-09-17 12:35:14,SPX,7633.0,7606.7,7565.0,48,129,0.1191,0.011341
2026-09-17 12:35:14,SPX,7633.0,7606.7,7705.0,364,52,0.0876,0.011341
2026-09-17 12:35:14,SPX,7633.0,7606.7,7560.0,190,383,0.1208,0.011341
2026-09-17 12:35:14,SPX,7633.0,7606.7,7710.0,688,127,0.0871,0.011341
2026-09-17 12:35:14,SPX,7633.0,7606.7,7555.0,31,220,0.1225,0.011341
2026-09-17 12:35:14,SPX,7633.0,7606.7,7715.0,442,26,0.0867,0.011341
2026-09-17 12:35:14,SPX,7633.0,7606.7,7550.0,167,702,0.1239,0.011341
2026-09-17 12:35:14,SPX,7633.0,7606.7,7720.0,461,172,0.0863,0.011341
2026-09-17 12:35:14,SPX,7633.0,7606.7,7545.0,22,120,0.1253,0.011341
2026-09-17 12:35:14,SPX,7633.0,7606.7,7725.0,1113,399,0.0859,0.011341
2026-09-17 12:35:14,SPX,7633.0,7606.7,7540.0,69,158,0.1267,0.011341
2026-09-17 12:35:14,SPX,7633.0,7606.7,7730.0,577,164,0.0856,0.011341
2026-09-17 12:35:14,SPX,7633.0,7606.7,7535.0,74,135,0.1279,0.011341
2026-09-17 12:35:14,SPX,7633.0,7606.7,7735.0,622,30,0.0853,0.011341
2026-09-17 12:35:14,SPX,7633.0,7606.7,7530.0,49,244,0.1293,0.011341
2026-09-17 12:35:14,SPX,7633.0,7606.7,7740.0,809,205,0.085,0.011341
2026-09-17 12:35:14,SPX,7633.0,7606.7,7525.0,62,339,0.1307,0.011341
2026-09-17 12:35:14,SPX,7633.0,7606.7,7745.0,323,31,0.0849,0.011341
2026-09-17 12:35:14,SPX,7633.0,7606.7,7520.0,33,651,0.1323,0.011341
2026-09-17 12:35:14,SPX,7633.0,7606.7,7750.0,1461,338,0.0849,0.011341
2026-09-17 12:35:14,SPX,7633.0,7606.7,7515.0,44,105,0.134,0.011341
2026-09-17 12:35:14,SPX,7633.0,7606.7,7755.0,260,7,0.085,0.011341
2026-09-17 12:35:14,SPX,7633.0,7606.7,7510.0,25,320,0.1358,0.011341
2026-09-17 12:35:14,SPX,7633.0,7606.7,7760.0,543,93,0.0853,0.011341
2026-09-17 12:35:14,SPX,7633.0,7606.7,7505.0,16,126,0.1375,0.011341
2026-09-17 12:35:14,SPX,7633.0,7606.7,7765.0,495,2,0.0857,0.011341
2026-09-17 12:35:14,SPX,7633.0,7606.7,7500.0,31,1972,0.1392,0.011341
2026-09-17 12:35:14,SPX,7633.0,7606.7,7770.0,424,30,0.0862,0.011341
2026-09-17 12:35:14,SPX,7633.0,7606.7,7495.0,13,410,0.1409,0.011341
2026-09-17 12:35:14,SPX,7633.0,7606.7,7775.0,1335,142,0.0868,0.011341
2026-09-17 12:35:14,SPX,7633.0,7606.7,7490.0,11,298,0.1426,0.011341
2026-09-17 12:35:14,SPX,7633.0,7606.7,7780.0,551,27,0.0876,0.011341
2026-09-17 12:35:14,SPX,7633.0,7606.7,7485.0,5,157,0.1442,0.011341
2026-09-17 12:35:14,SPX,7633.0,7606.7,7785.0,347,0,0.0886,0.011341
2026-09-17 12:35:14,SPX,7633.0,7606.7,7480.0,7,215,0.1458,0.011341
2026-09-17 12:35:14,SPX,7633.0,7606.7,7790.0,487,77,0.0896,0.011341
2026-09-17 12:35:14,SPX,7633.0,7606.7,7475.0,94,661,0.1474,0.011341
2026-09-17 12:35:14,SPX,7633.0,7606.7,7795.0,624,0,0.0908,0.011341
2026-09-17 12:35:14,SPX,7633.0,7606.7,7470.0,10,250,0.149,0.011341
2026-09-17 12:35:14,SPX,7633.0,7606.7,7800.0,1775,478,0.092,0.011341
2026-09-17 12:35:14,SPX,7633.0,7606.7,7465.0,1,160,0.1505,0.011341
2026-09-17 12:35:14,SPX,7633.0,7606.7,7805.0,517,0,0.0934,0.011341
2026-09-17 12:35:14,SPX,7633.0,7606.7,7460.0,22,213,0.1521,0.011341
2026-09-17 12:35:14,SPX,7633.0,7606.7,7810.0,640,5,0.0948,0.011341
2026-09-17 12:35:14,SPX,7633.0,7606.7,7455.0,3,78,0.1537,0.011341
2026-09-17 12:35:14,SPX,7633.0,7606.7,7815.0,559,0,0.0963,0.011341
2026-09-17 12:35:14,SPX,7633.0,7606.7,7450.0,26,647,0.1553,0.011341
2026-09-17 12:35:14,SPX,7633.0,7606.7,7820.0,663,13,0.0978,0.011341
2026-09-17 12:35:14,SPX,7633.0,7606.7,7445.0,10,79,0.1569,0.011341
2026-09-17 12:35:14,SPX,7633.0,7606.7,7825.0,573,11,0.0994,0.011341
2026-09-17 12:35:14,SPX,7633.0,7606.7,7440.0,2,152,0.1585,0.011341
2026-09-17 12:35:14,SPX,7633.0,7606.7,7830.0,484,0,0.101,0.011341
2026-09-17 12:35:14,SPX,7633.0,7606.7,7435.0,1,105,0.1601,0.011341
2026-09-17 12:35:14,SPX,7633.0,7606.7,7835.0,114,0,0.1027,0.011341
2026-09-17 12:35:14,SPX,7633.0,7606.7,7430.0,4,427,0.1618,0.011341
2026-09-17 12:35:14,SPX,7633.0,7606.7,7840.0,601,2,0.1044,0.011341
2026-09-17 12:35:14,SPX,7633.0,7606.7,7425.0,9,893,0.1635,0.011341
2026-09-17 12:35:14,SPX,7633.0,7606.7,7845.0,198,0,0.1061,0.011341
2026-09-17 12:35:14,SPX,7633.0,7606.7,7420.0,4,210,0.1652,0.011341
2026-09-17 12:35:14,SPX,7633.0,7606.7,7850.0,1181,13,0.1078,0.011341
2026-09-17 12:35:14,SPX,7633.0,7606.7,7415.0,0,154,0.1669,0.011341
2026-09-17 12:35:14,SPX,7633.0,7606.7,7410.0,1,188,0.1687,0.011341
2026-09-17 12:35:14,SPX,7633.0,7606.7,7860.0,602,0,0.1111,0.011341
2026-09-17 12:35:14,SPX,7633.0,7606.7,7405.0,1,206,0.1704,0.011341
2026-09-17 12:35:14,SPX,7633.0,7606.7,7400.0,5,792,0.1722,0.011341
2026-09-17 12:35:14,SPX,7633.0,7606.7,7870.0,627,0,0.1144,0.011341
2026-09-17 12:35:14,SPX,7633.0,7606.7,7395.0,1,181,0.1741,0.011341
2026-09-17 12:35:14,SPX,7633.0,7606.7,7875.0,1290,1,0.116,0.011341
2026-09-17 12:35:14,SPX,7633.0,7606.7,7390.0,0,208,0.1759,0.011341
2026-09-17 12:35:14,SPX,7633.0,7606.7,7880.0,639,0,0.1177,0.011341
2026-09-17 12:35:14,SPX,7633.0,7606.7,7385.0,2,182,0.1777,0.011341
2026-09-17 13:05:39,SPX,7635.52,7607.02,7635.0,1046,196,0.1188,0.000331
2026-09-17 13:05:39,SPX,7635.52,7607.02,7640.0,1208,301,0.1142,0.000331
2026-09-17 13:05:39,SPX,7635.52,7607.02,7630.0,1077,398,0.1245,0.000331
2026-09-17 13:05:39,SPX,7635.52,7607.02,7645.0,1269,222,0.1113,0.000331
2026-09-17 13:05:39,SPX,7635.52,7607.02,7625.0,1787,684,0.1319,0.000331
2026-09-17 13:05:39,SPX,7635.52,7607.02,7650.0,2554,3382,0.1098,0.000331
2026-09-17 13:05:39,SPX,7635.52,7607.02,7620.0,1365,332,0.1396,0.000331
2026-09-17 13:05:39,SPX,7635.52,7607.02,7655.0,1613,198,0.1118,0.000331
2026-09-17 13:05:39,SPX,7635.52,7607.02,7615.0,1780,186,0.148,0.000331
2026-09-17 13:05:39,SPX,7635.52,7607.02,7660.0,1495,291,0.1156,0.000331
2026-09-17 13:05:39,SPX,7635.52,7607.02,7610.0,3018,969,0.1582,0.000331
2026-09-17 13:05:39,SPX,7635.52,7607.02,7665.0,1161,155,0.1217,0.000331
2026-09-17 13:05:39,SPX,7635.52,7607.02,7605.0,1093,394,0.1683,0.000331
2026-09-17 13:05:39,SPX,7635.52,7607.02,7670.0,2846,466,0.1292,0.000331
2026-09-17 13:05:39,SPX,7635.52,7607.02,7600.0,3732,984,0.1783,0.000331
2026-09-17 13:05:39,SPX,7635.52,7607.02,7675.0,5237,3864,0.1377,0.000331
2026-09-17 13:05:39,SPX,7635.52,7607.02,7595.0,647,673,0.1901,0.000331
2026-09-17 13:05:39,SPX,7635.52,7607.02,7680.0,1335,352,0.1468,0.000331
2026-09-17 13:05:39,SPX,7635.52,7607.02,7590.0,1601,689,0.1966,0.000331
2026-09-17 13:05:39,SPX,7635.52,7607.02,7685.0,1208,211,0.1569,0.000331
2026-09-17 13:05:39,SPX,7635.52,7607.02,7585.0,527,518,0.2129,0.000331
2026-09-17 13:05:39,SPX,7635.52,7607.02,7690.0,1710,388,0.1682,0.000331
2026-09-17 13:05:39,SPX,7635.52,7607.02,7580.0,1067,943,0.2208,0.000331
2026-09-17 13:05:39,SPX,7635.52,7607.02,7695.0,729,211,0.1805,0.000331
2026-09-17 13:05:39,SPX,7635.52,7607.02,7575.0,1221,787,0.2351,0.000331
2026-09-17 13:05:39,SPX,7635.52,7607.02,7700.0,5946,566,0.1932,0.000331
2026-09-17 13:05:39,SPX,7635.52,7607.02,7570.0,659,801,0.2417,0.000331
2026-09-17 13:05:39,SPX,7635.52,7607.02,7705.0,1033,167,0.2059,0.000331
2026-09-17 13:05:39,SPX,7635.52,7607.02,7565.0,477,398,0.2535,0.000331
2026-09-17 13:05:39,SPX,7635.52,7607.02,7710.0,1264,130,0.2184,0.000331
2026-09-17 13:05:39,SPX,7635.52,7607.02,7560.0,752,714,0.2676,0.000331
2026-09-17 13:05:39,SPX,7635.52,7607.02,7715.0,976,167,0.2307,0.000331
2026-09-17 13:05:39,SPX,7635.52,7607.02,7555.0,1328,578,0.28,0.000331
2026-09-17 13:05:39,SPX,7635.52,7607.02,7720.0,938,314,0.2428,0.000331
2026-09-17 13:05:39,SPX,7635.52,7607.02,7550.0,2212,1562,0.292,0.000331
2026-09-17 13:05:39,SPX,7635.52,7607.02,7725.0,3333,149,0.2545,0.000331
2026-09-17 13:05:39,SPX,7635.52,7607.02,7545.0,490,658,0.304,0.000331
2026-09-17 13:05:39,SPX,7635.52,7607.02,7730.0,2689,77,0.2657,0.000331
2026-09-17 13:05:39,SPX,7635.52,7607.02,7540.0,345,1146,0.3156,0.000331
2026-09-17 13:05:39,SPX,7635.52,7607.02,7735.0,564,44,0.2762,0.000331
2026-09-17 13:05:39,SPX,7635.52,7607.02,7535.0,277,719,0.3267,0.000331
2026-09-17 13:05:39,SPX,7635.52,7607.02,7740.0,903,171,0.2859,0.000331
2026-09-17 13:05:39,SPX,7635.52,7607.02,7530.0,316,791,0.3377,0.000331
2026-09-17 13:05:39,SPX,7635.52,7607.02,7745.0,393,42,0.2947,0.000331
2026-09-17 13:05:39,SPX,7635.52,7607.02,7525.0,625,1441,0.3486,0.000331
2026-09-17 13:05:39,SPX,7635.52,7607.02,7750.0,1471,201,0.3026,0.000331
2026-09-17 13:05:39,SPX,7635.52,7607.02,7520.0,462,1558,0.3596,0.000331
2026-09-17 13:05:39,SPX,7635.52,7607.02,7755.0,379,51,0.3094,0.000331
2026-09-17 13:05:39,SPX,7635.52,7607.02,7515.0,109,667,0.3713,0.000331
2026-09-17 13:05:39,SPX,7635.52,7607.02,7760.0,855,100,0.3153,0.000331
2026-09-17 13:05:39,SPX,7635.52,7607.02,7510.0,175,3312,0.3844,0.000331
2026-09-17 13:05:39,SPX,7635.52,7607.02,7765.0,450,56,0.3202,0.000331
2026-09-17 13:05:39,SPX,7635.52,7607.02,7505.0,100,596,0.398,0.000331
2026-09-17 13:05:39,SPX,7635.52,7607.02,7770.0,1513,62,0.3243,0.000331
2026-09-17 13:05:39,SPX,7635.52,7607.02,7500.0,527,4190,0.4102,0.000331
2026-09-17 13:05:39,SPX,7635.52,7607.02,7775.0,1138,57,0.3275,0.000331
2026-09-17 13:05:39,SPX,7635.52,7607.02,7495.0,36,1579,0.4219,0.000331
2026-09-17 13:05:39,SPX,7635.52,7607.02,7780.0,2356,39,0.33,0.000331
2026-09-17 13:05:39,SPX,7635.52,7607.02,7490.0,25,1973,0.4335,0.000331
2026-09-17 13:05:39,SPX,7635.52,7607.02,7785.0,1822,29,0.3319,0.000331
2026-09-17 13:05:39,SPX,7635.52,7607.02,7485.0,40,934,0.4451,0.000331
2026-09-17 13:05:39,SPX,7635.52,7607.02,7790.0,3260,36,0.3331,0.000331
2026-09-17 13:05:39,SPX,7635.52,7607.02,7480.0,78,966,0.4567,0.000331
2026-09-17 13:05:39,SPX,7635.52,7607.02,7795.0,6829,11,0.3338,0.000331
2026-09-17 13:05:39,SPX,7635.52,7607.02,7475.0,41,1278,0.4684,0.000331
2026-09-17 13:05:39,SPX,7635.52,7607.02,7800.0,9270,103,0.334,0.000331
2026-09-17 13:05:39,SPX,7635.52,7607.02,7470.0,43,2274,0.48,0.000331
2026-09-17 13:05:39,SPX,7635.52,7607.02,7805.0,2220,11,0.3338,0.000331
2026-09-17 13:05:39,SPX,7635.52,7607.02,7465.0,33,849,0.4914,0.000331
2026-09-17 13:05:39,SPX,7635.52,7607.02,7810.0,706,4,0.3333,0.000331
2026-09-17 13:05:39,SPX,7635.52,7607.02,7460.0,9,1351,0.5024,0.000331
2026-09-17 13:05:39,SPX,7635.52,7607.02,7815.0,922,2,0.3324,0.000331
2026-09-17 13:05:39,SPX,7635.52,7607.02,7455.0,26,1050,0.5131,0.000331
2026-09-17 13:05:39,SPX,7635.52,7607.02,7820.0,421,16,0.3312,0.000331
2026-09-17 13:05:39,SPX,7635.52,7607.02,7450.0,414,3621,0.5235,0.000331
2026-09-17 13:05:39,SPX,7635.52,7607.02,7825.0,1073,73,0.3295,0.000331
2026-09-17 13:05:39,SPX,7635.52,7607.02,7445.0,22,956,0.5335,0.000331
2026-09-17 13:05:39,SPX,7635.52,7607.02,7830.0,794,3,0.3275,0.000331
2026-09-17 13:05:39,SPX,7635.52,7607.02,7440.0,26,1224,0.5434,0.000331
2026-09-17 13:05:39,SPX,7635.52,7607.02,7835.0,516,0,0.3253,0.000331
2026-09-17 13:05:39,SPX,7635.52,7607.02,7435.0,13,972,0.5532,0.000331
2026-09-17 13:05:39,SPX,7635.52,7607.02,7840.0,509,23,0.323,0.000331
2026-09-17 13:05:39,SPX,7635.52,7607.02,7430.0,3,1149,0.5629,0.000331
2026-09-17 13:05:39,SPX,7635.52,7607.02,7845.0,439,0,0.3206,0.000331
2026-09-17 13:05:39,SPX,7635.52,7607.02,7425.0,34,4728,0.5728,0.000331
2026-09-17 13:05:39,SPX,7635.52,7607.02,7850.0,631,53,0.318,0.000331
2026-09-17 13:05:39,SPX,7635.52,7607.02,7420.0,28,2734,0.5826,0.000331
2026-09-17 13:05:39,SPX,7635.52,7607.02,7855.0,452,1,0.3154,0.000331
2026-09-17 13:05:39,SPX,7635.52,7607.02,7415.0,12,1524,0.5925,0.000331
2026-09-17 13:05:39,SPX,7635.52,7607.02,7860.0,288,0,0.3127,0.000331
2026-09-17 13:05:39,SPX,7635.52,7607.02,7410.0,14,1498,0.6025,0.000331
2026-09-17 13:05:39,SPX,7635.52,7607.02,7865.0,198,0,0.31,0.000331
2026-09-17 13:05:39,SPX,7635.52,7607.02,7405.0,10,673,0.6125,0.000331
2026-09-17 13:05:39,SPX,7635.52,7607.02,7870.0,3187,2,0.3073,0.000331
2026-09-17 13:05:39,SPX,7635.52,7607.02,7400.0,32,2856,0.6222,0.000331
2026-09-17 13:05:39,SPX,7635.52,7607.02,7875.0,681,10,0.3045,0.000331
2026-09-17 13:05:39,SPX,7635.52,7607.02,7395.0,1,713,0.632,0.000331
2026-09-17 13:05:39,SPX,7635.52,7607.02,7880.0,1369,3,0.3017,0.000331
2026-09-17 13:05:39,SPX,7635.52,7607.02,7390.0,6,1922,0.6417,0.000331
2026-09-17 13:05:39,SPX,7635.52,7607.02,7885.0,7177,7,0.2989,0.000331
2026-09-17 13:05:39,SPX,7635.52,7607.02,7635.0,911,1251,0.1382,0.003069
2026-09-17 13:05:39,SPX,7635.52,7607.02,7640.0,782,1233,0.1366,0.003069
2026-09-17 13:05:39,SPX,7635.52,7607.02,7630.0,642,3316,0.1402,0.003069
2026-09-17 13:05:39,SPX,7635.52,7607.02,7645.0,508,452,0.1358,0.003069
2026-09-17 13:05:39,SPX,7635.52,7607.02,7625.0,1767,4635,0.1425,0.003069
2026-09-17 13:05:39,SPX,7635.52,7607.02,7650.0,6295,6150,0.1332,0.003069
2026-09-17 13:05:39,SPX,7635.52,7607.02,7620.0,785,554,0.1446,0.003069
2026-09-17 13:05:39,SPX,7635.52,7607.02,7655.0,727,3309,0.1318,0.003069
2026-09-17 13:05:39,SPX,7635.52,7607.02,7615.0,1057,2408,0.1475,0.003069
2026-09-17 13:05:39,SPX,7635.52,7607.02,7660.0,2473,3154,0.1299,0.003069
2026-09-17 13:05:39,SPX,7635.52,7607.02,7610.0,907,956,0.1492,0.003069
2026-09-17 13:05:39,SPX,7635.52,7607.02,7665.0,841,392,0.1292,0.003069
2026-09-17 13:05:39,SPX,7635.52,7607.02,7605.0,795,2812,0.1513,0.003069
2026-09-17 13:05:39,SPX,7635.52,7607.02,7670.0,1463,660,0.1289,0.003069
2026-09-17 13:05:39,SPX,7635.52,7607.02,7600.0,4785,5804,0.1534,0.003069
2026-09-17 13:05:39,SPX,7635.52,7607.02,7675.0,5592,3236,0.1282,0.003069
2026-09-17 13:05:39,SPX,7635.52,7607.02,7595.0,323,725,0.1563,0.003069
2026-09-17 13:05:39,SPX,7635.52,7607.02,7680.0,3781,614,0.127,0.003069
2026-09-17 13:05:39,SPX,7635.52,7607.02,7590.0,549,1030,0.1584,0.003069
2026-09-17 13:05:39,SPX,7635.52,7607.02,7685.0,1113,385,0.126,0.003069
2026-09-17 13:05:39,SPX,7635.52,7607.02,7585.0,447,574,0.1608,0.003069
2026-09-17 13:05:39,SPX,7635.52,7607.02,7690.0,1091,1619,0.125,0.003069
2026-09-17 13:05:39,SPX,7635.52,7607.02,7580.0,953,946,0.1633,0.003069
2026-09-17 13:05:39,SPX,7635.52,7607.02,7695.0,1758,611,0.1238,0.003069
2026-09-17 13:05:39,SPX,7635.52,7607.02,7575.0,701,2374,0.1662,0.003069
2026-09-17 13:05:39,SPX,7635.52,7607.02,7700.0,10448,5604,0.1238,0.003069
2026-09-17 13:05:39,SPX,7635.52,7607.02,7570.0,535,1083,0.1695,0.003069
2026-09-17 13:05:39,SPX,7635.52,7607.02,7705.0,3410,676,0.1235,0.003069
2026-09-17 13:05:39,SPX,7635.52,7607.02,7565.0,675,575,0.1725,0.003069
2026-09-17 13:05:39,SPX,7635.52,7607.02,7710.0,774,393,0.1238,0.003069
2026-09-17 13:05:39,SPX,7635.52,7607.02,7560.0,348,801,0.175,0.003069
2026-09-17 13:05:39,SPX,7635.52,7607.02,7715.0,1516,365,0.1243,0.003069
2026-09-17 13:05:39,SPX,7635.52,7607.02,7555.0,176,587,0.1782,0.003069
2026-09-17 13:05:39,SPX,7635.52,7607.02,7720.0,732,1172,0.1251,0.003069
2026-09-17 13:05:39,SPX,7635.52,7607.02,7550.0,2789,8543,0.1822,0.003069
2026-09-17 13:05:39,SPX,7635.52,7607.02,7725.0,3288,1225,0.1262,0.003069
2026-09-17 13:05:39,SPX,7635.52,7607.02,7545.0,1977,2390,0.1842,0.003069
2026-09-17 13:05:39,SPX,7635.52,7607.02,7730.0,776,460,0.1268,0.003069
2026-09-17 13:05:39,SPX,7635.52,7607.02,7540.0,145,1172,0.1874,0.003069
2026-09-17 13:05:39,SPX,7635.52,7607.02,7735.0,974,665,0.1278,0.003069
2026-09-17 13:05:39,SPX,7635.52,7607.02,7535.0,226,1111,0.1896,0.003069
2026-09-17 13:05:39,SPX,7635.52,7607.02,7740.0,1661,425,0.1292,0.003069
2026-09-17 13:05:39,SPX,7635.52,7607.02,7530.0,184,1152,0.1924,0.003069
2026-09-17 13:05:39,SPX,7635.52,7607.02,7745.0,941,179,0.1306,0.003069
2026-09-17 13:05:39,SPX,7635.52,7607.02,7525.0,232,1122,0.1949,0.003069
2026-09-17 13:05:39,SPX,7635.52,7607.02,7750.0,3182,1431,0.1318,0.003069
2026-09-17 13:05:39,SPX,7635.52,7607.02,7520.0,140,1349,0.1997,0.003069
2026-09-17 13:05:39,SPX,7635.52,7607.02,7755.0,1730,147,0.1332,0.003069
2026-09-17 13:05:39,SPX,7635.52,7607.02,7515.0,143,841,0.2025,0.003069
2026-09-17 13:05:39,SPX,7635.52,7607.02,7760.0,2092,87,0.135,0.003069
2026-09-17 13:05:39,SPX,7635.52,7607.02,7510.0,154,970,0.2043,0.003069
2026-09-17 13:05:39,SPX,7635.52,7607.02,7765.0,1300,221,0.1373,0.003069
2026-09-17 13:05:39,SPX,7635.52,7607.02,7505.0,96,679,0.2094,0.003069
2026-09-17 13:05:39,SPX,7635.52,7607.02,7770.0,986,242,0.1402,0.003069
2026-09-17 13:05:39,SPX,7635.52,7607.02,7500.0,891,3885,0.2114,0.003069
2026-09-17 13:05:39,SPX,7635.52,7607.02,7775.0,2208,479,0.1435,0.003069
2026-09-17 13:05:39,SPX,7635.52,7607.02,7495.0,647,1987,0.2142,0.003069
2026-09-17 13:05:39,SPX,7635.52,7607.02,7780.0,1650,246,0.147,0.003069
2026-09-17 13:05:39,SPX,7635.52,7607.02,7490.0,71,1004,0.2189,0.003069
2026-09-17 13:05:39,SPX,7635.52,7607.02,7785.0,1661,259,0.1507,0.003069
2026-09-17 13:05:39,SPX,7635.52,7607.02,7485.0,68,463,0.2224,0.003069
2026-09-17 13:05:39,SPX,7635.52,7607.02,7790.0,1693,179,0.1544,0.003069
2026-09-17 13:05:39,SPX,7635.52,7607.02,7480.0,112,1181,0.2257,0.003069
2026-09-17 13:05:39,SPX,7635.52,7607.02,7795.0,1028,146,0.158,0.003069
2026-09-17 13:05:39,SPX,7635.52,7607.02,7475.0,333,1738,0.2287,0.003069
2026-09-17 13:05:39,SPX,7635.52,7607.02,7800.0,5655,695,0.1616,0.003069
2026-09-17 13:05:39,SPX,7635.52,7607.02,7470.0,97,1130,0.2306,0.003069
2026-09-17 13:05:39,SPX,7635.52,7607.02,7805.0,1216,62,0.1651,0.003069
2026-09-17 13:05:39,SPX,7635.52,7607.02,7465.0,31,1706,0.2373,0.003069
2026-09-17 13:05:39,SPX,7635.52,7607.02,7810.0,1544,79,0.1685,0.003069
2026-09-17 13:05:39,SPX,7635.52,7607.02,7460.0,102,1027,0.2399,0.003069
2026-09-17 13:05:39,SPX,7635.52,7607.02,7815.0,1984,47,0.1717,0.003069
2026-09-17 13:05:39,SPX,7635.52,7607.02,7455.0,70,572,0.2422,0.003069
2026-09-17 13:05:39,SPX,7635.52,7607.02,7820.0,3089,77,0.1749,0.003069
2026-09-17 13:05:39,SPX,7635.52,7607.02,7450.0,344,3283,0.2458,0.003069
2026-09-17 13:05:39,SPX,7635.52,7607.02,7825.0,2721,123,0.1795,0.003069
2026-09-17 13:05:39,SPX,7635.52,7607.02,7445.0,70,760,0.2482,0.003069
2026-09-17 13:05:39,SPX,7635.52,7607.02,7830.0,1165,77,0.1825,0.003069
2026-09-17 13:05:39,SPX,7635.52,7607.02,7440.0,79,1483,0.2512,0.003069
2026-09-17 13:05:39,SPX,7635.52,7607.02,7835.0,679,18,0.1854,0.003069
2026-09-17 13:05:39,SPX,7635.52,7607.02,7435.0,20,1659,0.2572,0.003069
2026-09-17 13:05:39,SPX,7635.52,7607.02,7840.0,1822,57,0.1882,0.003069
2026-09-17 13:05:39,SPX,7635.52,7607.02,7430.0,152,978,0.26,0.003069
2026-09-17 13:05:39,SPX,7635.52,7607.02,7845.0,566,35,0.1908,0.003069
2026-09-17 13:05:39,SPX,7635.52,7607.02,7425.0,449,2516,0.2631,0.003069
2026-09-17 13:05:39,SPX,7635.52,7607.02,7850.0,3812,60,0.1933,0.003069
2026-09-17 13:05:39,SPX,7635.52,7607.02,7420.0,97,757,0.2671,0.003069
2026-09-17 13:05:39,SPX,7635.52,7607.02,7855.0,716,27,0.1959,0.003069
2026-09-17 13:05:39,SPX,7635.52,7607.02,7415.0,55,792,0.2718,0.003069
2026-09-17 13:05:39,SPX,7635.52,7607.02,7860.0,861,19,0.1984,0.003069
2026-09-17 13:05:39,SPX,7635.52,7607.02,7410.0,269,1274,0.2767,0.003069
2026-09-17 13:05:39,SPX,7635.52,7607.02,7865.0,634,11,0.2011,0.003069
2026-09-17 13:05:39,SPX,7635.52,7607.02,7405.0,158,891,0.2813,0.003069
2026-09-17 13:05:39,SPX,7635.52,7607.02,7870.0,855,21,0.2039,0.003069
2026-09-17 13:05:39,SPX,7635.52,7607.02,7400.0,1057,6101,0.2853,0.003069
2026-09-17 13:05:39,SPX,7635.52,7607.02,7875.0,1924,71,0.2069,0.003069
2026-09-17 13:05:39,SPX,7635.52,7607.02,7395.0,30,2413,0.2889,0.003069
2026-09-17 13:05:39,SPX,7635.52,7607.02,7880.0,706,54,0.2101,0.003069
2026-09-17 13:05:39,SPX,7635.52,7607.02,7390.0,33,1245,0.2922,0.003069
2026-09-17 13:05:39,SPX,7635.52,7607.02,7885.0,650,18,0.2135,0.003069
2026-09-17 13:05:39,SPX,7635.52,7607.02,7635.0,204,390,0.1001,0.011283
2026-09-17 13:05:39,SPX,7635.52,7607.02,7640.0,281,264,0.0991,0.011283
2026-09-17 13:05:39,SPX,7635.52,7607.02,7630.0,276,417,0.1018,0.011283
2026-09-17 13:05:39,SPX,7635.52,7607.02,7645.0,221,49,0.0979,0.011283
2026-09-17 13:05:39,SPX,7635.52,7607.02,7625.0,170,445,0.1029,0.011283
2026-09-17 13:05:39,SPX,7635.52,7607.02,7650.0,664,713,0.0969,0.011283
2026-09-17 13:05:39,SPX,7635.52,7607.02,7620.0,196,163,0.1038,0.011283
2026-09-17 13:05:39,SPX,7635.52,7607.02,7655.0,219,59,0.0958,0.011283
2026-09-17 13:05:39,SPX,7635.52,7607.02,7615.0,179,186,0.105,0.011283
2026-09-17 13:05:39,SPX,7635.52,7607.02,7660.0,379,188,0.0948,0.011283
2026-09-17 13:05:39,SPX,7635.52,7607.02,7610.0,164,259,0.1066,0.011283
2026-09-17 13:05:39,SPX,7635.52,7607.02,7665.0,211,87,0.094,0.011283
2026-09-17 13:05:39,SPX,7635.52,7607.02,7605.0,163,132,0.1077,0.011283
2026-09-17 13:05:39,SPX,7635.52,7607.02,7670.0,466,207,0.0934,0.011283
2026-09-17 13:05:39,SPX,7635.52,7607.02,7600.0,460,900,0.109,0.011283
2026-09-17 13:05:39,SPX,7635.52,7607.02,7675.0,375,667,0.0927,0.011283
2026-09-17 13:05:39,SPX,7635.52,7607.02,7595.0,78,265,0.1104,0.011283
2026-09-17 13:05:39,SPX,7635.52,7607.02,7680.0,314,108,0.0919,0.011283
2026-09-17 13:05:39,SPX,7635.52,7607.02,7590.0,120,369,0.1117,0.011283
2026-09-17 13:05:39,SPX,7635.52,7607.02,7685.0,247,50,0.0911,0.011283
2026-09-17 13:05:39,SPX,7635.52,7607.02,7585.0,473,207,0.1132,0.011283
2026-09-17 13:05:39,SPX,7635.52,7607.02,7690.0,390,170,0.0902,0.011283
2026-09-17 13:05:39,SPX,7635.52,7607.02,7580.0,120,343,0.1145,0.011283
2026-09-17 13:05:39,SPX,7635.52,7607.02,7695.0,318,61,0.0893,0.011283
2026-09-17 13:05:39,SPX,7635.52,7607.02,7575.0,95,494,0.1162,0.011283
2026-09-17 13:05:39,SPX,7635.52,7607.02,7700.0,4505,3404,0.0884,0.011283
2026-09-17 13:05:39,SPX,7635.52,7607.02,7570.0,69,233,0.1179,0.011283
2026-09-17 13:05:39,SPX,7635.52,7607.02,7705.0,364,52,0.0877,0.011283
2026-09-17 13:05:39,SPX,7635.52,7607.02,7565.0,48,129,0.1194,0.011283
2026-09-17 13:05:39,SPX,7635.52,7607.02,7710.0,688,127,0.0871,0.011283
2026-09-17 13:05:39,SPX,7635.52,7607.02,7560.0,190,383,0.1209,0.011283
2026-09-17 13:05:39,SPX,7635.52,7607.02,7715.0,442,26,0.0867,0.011283
2026-09-17 13:05:39,SPX,7635.52,7607.02,7555.0,31,220,0.1225,0.011283
2026-09-17 13:05:39,SPX,7635.52,7607.02,7720.0,461,172,0.0864,0.011283
2026-09-17 13:05:39,SPX,7635.52,7607.02,7550.0,167,702,0.1239,0.011283
2026-09-17 13:05:39,SPX,7635.52,7607.02,7725.0,1113,399,0.0861,0.011283
2026-09-17 13:05:39,SPX,7635.52,7607.02,7545.0,22,120,0.1252,0.011283
2026-09-17 13:05:39,SPX,7635.52,7607.02,7730.0,577,164,0.0859,0.011283
2026-09-17 13:05:39,SPX,7635.52,7607.02,7540.0,69,158,0.1264,0.011283
2026-09-17 13:05:39,SPX,7635.52,7607.02,7735.0,622,30,0.0856,0.011283
2026-09-17 13:05:39,SPX,7635.52,7607.02,7535.0,74,135,0.1278,0.011283
2026-09-17 13:05:39,SPX,7635.52,7607.02,7740.0,809,205,0.0854,0.011283
2026-09-17 13:05:39,SPX,7635.52,7607.02,7530.0,49,244,0.1292,0.011283
2026-09-17 13:05:39,SPX,7635.52,7607.02,7745.0,323,31,0.0852,0.011283
2026-09-17 13:05:39,SPX,7635.52,7607.02,7525.0,62,339,0.1308,0.011283
2026-09-17 13:05:39,SPX,7635.52,7607.02,7750.0,1461,338,0.085,0.011283
2026-09-17 13:05:39,SPX,7635.52,7607.02,7520.0,33,651,0.1325,0.011283
2026-09-17 13:05:39,SPX,7635.52,7607.02,7755.0,260,7,0.0849,0.011283
2026-09-17 13:05:39,SPX,7635.52,7607.02,7515.0,44,105,0.1341,0.011283
2026-09-17 13:05:39,SPX,7635.52,7607.02,7760.0,543,93,0.085,0.011283
2026-09-17 13:05:39,SPX,7635.52,7607.02,7510.0,25,320,0.1358,0.011283
2026-09-17 13:05:39,SPX,7635.52,7607.02,7765.0,495,2,0.0851,0.011283
2026-09-17 13:05:39,SPX,7635.52,7607.02,7505.0,16,126,0.1375,0.011283
2026-09-17 13:05:39,SPX,7635.52,7607.02,7770.0,424,30,0.0854,0.011283
2026-09-17 13:05:39,SPX,7635.52,7607.02,7500.0,31,1972,0.1392,0.011283
2026-09-17 13:05:39,SPX,7635.52,7607.02,7775.0,1335,142,0.0859,0.011283
2026-09-17 13:05:39,SPX,7635.52,7607.02,7495.0,13,410,0.1408,0.011283
2026-09-17 13:05:39,SPX,7635.52,7607.02,7780.0,551,27,0.0865,0.011283
2026-09-17 13:05:39,SPX,7635.52,7607.02,7490.0,11,298,0.1425,0.011283
2026-09-17 13:05:39,SPX,7635.52,7607.02,7785.0,347,0,0.0872,0.011283
2026-09-17 13:05:39,SPX,7635.52,7607.02,7485.0,5,157,0.1441,0.011283
2026-09-17 13:05:39,SPX,7635.52,7607.02,7790.0,487,77,0.0881,0.011283
2026-09-17 13:05:39,SPX,7635.52,7607.02,7480.0,7,215,0.1457,0.011283
2026-09-17 13:05:39,SPX,7635.52,7607.02,7795.0,624,0,0.0891,0.011283
2026-09-17 13:05:39,SPX,7635.52,7607.02,7475.0,94,661,0.1473,0.011283
2026-09-17 13:05:39,SPX,7635.52,7607.02,7800.0,1775,478,0.0903,0.011283
2026-09-17 13:05:39,SPX,7635.52,7607.02,7470.0,10,250,0.1489,0.011283
2026-09-17 13:05:39,SPX,7635.52,7607.02,7805.0,517,0,0.0916,0.011283
2026-09-17 13:05:39,SPX,7635.52,7607.02,7465.0,1,160,0.1504,0.011283
2026-09-17 13:05:39,SPX,7635.52,7607.02,7810.0,640,5,0.093,0.011283
2026-09-17 13:05:39,SPX,7635.52,7607.02,7460.0,22,213,0.152,0.011283
2026-09-17 13:05:39,SPX,7635.52,7607.02,7815.0,559,0,0.0944,0.011283
2026-09-17 13:05:39,SPX,7635.52,7607.02,7455.0,3,78,0.1536,0.011283
2026-09-17 13:05:39,SPX,7635.52,7607.02,7820.0,663,13,0.096,0.011283
2026-09-17 13:05:39,SPX,7635.52,7607.02,7450.0,26,647,0.1552,0.011283
2026-09-17 13:05:39,SPX,7635.52,7607.02,7825.0,573,11,0.0976,0.011283
2026-09-17 13:05:39,SPX,7635.52,7607.02,7445.0,10,79,0.1569,0.011283
2026-09-17 13:05:39,SPX,7635.52,7607.02,7830.0,484,0,0.0993,0.011283
2026-09-17 13:05:39,SPX,7635.52,7607.02,7440.0,2,152,0.1585,0.011283
2026-09-17 13:05:39,SPX,7635.52,7607.02,7835.0,114,0,0.101,0.011283
2026-09-17 13:05:39,SPX,7635.52,7607.02,7435.0,1,105,0.1602,0.011283
2026-09-17 13:05:39,SPX,7635.52,7607.02,7840.0,601,2,0.1027,0.011283
2026-09-17 13:05:39,SPX,7635.52,7607.02,7430.0,4,427,0.1618,0.011283
2026-09-17 13:05:39,SPX,7635.52,7607.02,7845.0,198,0,0.1045,0.011283
2026-09-17 13:05:39,SPX,7635.52,7607.02,7425.0,9,893,0.1635,0.011283
2026-09-17 13:05:39,SPX,7635.52,7607.02,7850.0,1181,13,0.1063,0.011283
2026-09-17 13:05:39,SPX,7635.52,7607.02,7420.0,4,210,0.1653,0.011283
2026-09-17 13:05:39,SPX,7635.52,7607.02,7415.0,0,154,0.167,0.011283
2026-09-17 13:05:39,SPX,7635.52,7607.02,7860.0,602,0,0.1099,0.011283
2026-09-17 13:05:39,SPX,7635.52,7607.02,7410.0,1,188,0.1688,0.011283
2026-09-17 13:05:39,SPX,7635.52,7607.02,7405.0,1,206,0.1706,0.011283
2026-09-17 13:05:39,SPX,7635.52,7607.02,7870.0,627,0,0.1134,0.011283
2026-09-17 13:05:39,SPX,7635.52,7607.02,7400.0,5,792,0.1724,0.011283
2026-09-17 13:05:39,SPX,7635.52,7607.02,7875.0,1290,1,0.1152,0.011283
2026-09-17 13:05:39,SPX,7635.52,7607.02,7395.0,1,181,0.1742,0.011283
2026-09-17 13:05:39,SPX,7635.52,7607.02,7880.0,639,0,0.1169,0.011283
2026-09-17 13:05:39,SPX,7635.52,7607.02,7390.0,0,208,0.176,0.011283
2026-09-17 13:36:02,SPX,7632.65,7604.82,7635.0,1046,196,0.105,0.000274
2026-09-17 13:36:02,SPX,7632.65,7604.82,7630.0,1077,398,0.1094,0.000274
2026-09-17 13:36:02,SPX,7632.65,7604.82,7640.0,1208,301,0.1028,0.000274
2026-09-17 13:36:02,SPX,7632.65,7604.82,7625.0,1787,684,0.1169,0.000274
2026-09-17 13:36:02,SPX,7632.65,7604.82,7645.0,1269,222,0.1028,0.000274
2026-09-17 13:36:02,SPX,7632.65,7604.82,7620.0,1365,332,0.1251,0.000274
2026-09-17 13:36:02,SPX,7632.65,7604.82,7650.0,2554,3382,0.1057,0.000274
2026-09-17 13:36:02,SPX,7632.65,7604.82,7615.0,1780,186,0.1346,0.000274
2026-09-17 13:36:02,SPX,7632.65,7604.82,7655.0,1613,198,0.1101,0.000274
2026-09-17 13:36:02,SPX,7632.65,7604.82,7610.0,3018,969,0.1456,0.000274
2026-09-17 13:36:02,SPX,7632.65,7604.82,7660.0,1495,291,0.1183,0.000274
2026-09-17 13:36:02,SPX,7632.65,7604.82,7605.0,1093,394,0.1579,0.000274
2026-09-17 13:36:02,SPX,7632.65,7604.82,7665.0,1161,155,0.129,0.000274
2026-09-17 13:36:02,SPX,7632.65,7604.82,7600.0,3732,984,0.1704,0.000274
2026-09-17 13:36:02,SPX,7632.65,7604.82,7670.0,2846,466,0.1412,0.000274
2026-09-17 13:36:02,SPX,7632.65,7604.82,7595.0,647,673,0.1842,0.000274
2026-09-17 13:36:02,SPX,7632.65,7604.82,7675.0,5237,3864,0.1545,0.000274
2026-09-17 13:36:02,SPX,7632.65,7604.82,7590.0,1601,689,0.1963,0.000274
2026-09-17 13:36:02,SPX,7632.65,7604.82,7680.0,1335,352,0.1679,0.000274
2026-09-17 13:36:02,SPX,7632.65,7604.82,7585.0,527,518,0.2113,0.000274
2026-09-17 13:36:02,SPX,7632.65,7604.82,7685.0,1208,211,0.1803,0.000274
2026-09-17 13:36:02,SPX,7632.65,7604.82,7580.0,1067,943,0.2214,0.000274
2026-09-17 13:36:02,SPX,7632.65,7604.82,7690.0,1710,388,0.1916,0.000274
2026-09-17 13:36:02,SPX,7632.65,7604.82,7575.0,1221,787,0.2359,0.000274
2026-09-17 13:36:02,SPX,7632.65,7604.82,7695.0,729,211,0.2029,0.000274
2026-09-17 13:36:02,SPX,7632.65,7604.82,7570.0,659,801,0.2494,0.000274
2026-09-17 13:36:02,SPX,7632.65,7604.82,7700.0,5946,566,0.2147,0.000274
2026-09-17 13:36:02,SPX,7632.65,7604.82,7565.0,477,398,0.2593,0.000274
2026-09-17 13:36:02,SPX,7632.65,7604.82,7705.0,1033,167,0.2272,0.000274
2026-09-17 13:36:02,SPX,7632.65,7604.82,7560.0,752,714,0.2704,0.000274
2026-09-17 13:36:02,SPX,7632.65,7604.82,7710.0,1264,130,0.2399,0.000274
2026-09-17 13:36:02,SPX,7632.65,7604.82,7555.0,1328,578,0.2831,0.000274
2026-09-17 13:36:02,SPX,7632.65,7604.82,7715.0,976,167,0.2526,0.000274
2026-09-17 13:36:02,SPX,7632.65,7604.82,7550.0,2212,1562,0.298,0.000274
2026-09-17 13:36:02,SPX,7632.65,7604.82,7720.0,938,314,0.2649,0.000274
2026-09-17 13:36:02,SPX,7632.65,7604.82,7545.0,490,658,0.3146,0.000274
2026-09-17 13:36:02,SPX,7632.65,7604.82,7725.0,3333,149,0.2765,0.000274
2026-09-17 13:36:02,SPX,7632.65,7604.82,7540.0,345,1146,0.3306,0.000274
2026-09-17 13:36:02,SPX,7632.65,7604.82,7730.0,2689,77,0.2873,0.000274
2026-09-17 13:36:02,SPX,7632.65,7604.82,7535.0,277,719,0.345,0.000274
2026-09-17 13:36:02,SPX,7632.65,7604.82,7735.0,564,44,0.2973,0.000274
2026-09-17 13:36:02,SPX,7632.65,7604.82,7530.0,316,791,0.3578,0.000274
2026-09-17 13:36:02,SPX,7632.65,7604.82,7740.0,903,171,0.3064,0.000274
2026-09-17 13:36:02,SPX,7632.65,7604.82,7525.0,625,1441,0.3694,0.000274
2026-09-17 13:36:02,SPX,7632.65,7604.82,7745.0,393,42,0.3147,0.000274
2026-09-17 13:36:02,SPX,7632.65,7604.82,7520.0,462,1558,0.3804,0.000274
2026-09-17 13:36:02,SPX,7632.65,7604.82,7750.0,1471,201,0.322,0.000274
2026-09-17 13:36:02,SPX,7632.65,7604.82,7515.0,109,667,0.3912,0.000274
2026-09-17 13:36:02,SPX,7632.65,7604.82,7755.0,379,51,0.3284,0.000274
2026-09-17 13:36:02,SPX,7632.65,7604.82,7510.0,175,3312,0.4023,0.000274
2026-09-17 13:36:02,SPX,7632.65,7604.82,7760.0,855,100,0.3338,0.000274
2026-09-17 13:36:02,SPX,7632.65,7604.82,7505.0,100,596,0.4137,0.000274
2026-09-17 13:36:02,SPX,7632.65,7604.82,7765.0,450,56,0.3384,0.000274
2026-09-17 13:36:02,SPX,7632.65,7604.82,7500.0,527,4190,0.4256,0.000274
2026-09-17 13:36:02,SPX,7632.65,7604.82,7770.0,1513,62,0.3422,0.000274
2026-09-17 13:36:02,SPX,7632.65,7604.82,7495.0,36,1579,0.4379,0.000274
2026-09-17 13:36:02,SPX,7632.65,7604.82,7775.0,1138,57,0.3451,0.000274
2026-09-17 13:36:02,SPX,7632.65,7604.82,7490.0,25,1973,0.4506,0.000274
2026-09-17 13:36:02,SPX,7632.65,7604.82,7780.0,2356,39,0.3474,0.000274
2026-09-17 13:36:02,SPX,7632.65,7604.82,7485.0,40,934,0.4635,0.000274
2026-09-17 13:36:02,SPX,7632.65,7604.82,7785.0,1822,29,0.349,0.000274
2026-09-17 13:36:02,SPX,7632.65,7604.82,7480.0,78,966,0.4767,0.000274
2026-09-17 13:36:02,SPX,7632.65,7604.82,7790.0,3260,36,0.35,0.000274
2026-09-17 13:36:02,SPX,7632.65,7604.82,7475.0,41,1278,0.4901,0.000274
2026-09-17 13:36:02,SPX,7632.65,7604.82,7795.0,6829,11,0.3505,0.000274
2026-09-17 13:36:02,SPX,7632.65,7604.82,7470.0,43,2274,0.5035,0.000274
2026-09-17 13:36:02,SPX,7632.65,7604.82,7800.0,9270,103,0.3504,0.000274
2026-09-17 13:36:02,SPX,7632.65,7604.82,7465.0,33,849,0.5169,0.000274
2026-09-17 13:36:02,SPX,7632.65,7604.82,7805.0,2220,11,0.35,0.000274
2026-09-17 13:36:02,SPX,7632.65,7604.82,7460.0,9,1351,0.5302,0.000274
2026-09-17 13:36:02,SPX,7632.65,7604.82,7810.0,706,4,0.3492,0.000274
2026-09-17 13:36:02,SPX,7632.65,7604.82,7455.0,26,1050,0.5436,0.000274
2026-09-17 13:36:02,SPX,7632.65,7604.82,7815.0,922,2,0.3481,0.000274
2026-09-17 13:36:02,SPX,7632.65,7604.82,7450.0,414,3621,0.5569,0.000274
2026-09-17 13:36:02,SPX,7632.65,7604.82,7820.0,421,16,0.3467,0.000274
2026-09-17 13:36:02,SPX,7632.65,7604.82,7445.0,22,956,0.5704,0.000274
2026-09-17 13:36:02,SPX,7632.65,7604.82,7825.0,1073,73,0.3448,0.000274
2026-09-17 13:36:02,SPX,7632.65,7604.82,7440.0,26,1224,0.5838,0.000274
2026-09-17 13:36:02,SPX,7632.65,7604.82,7830.0,794,3,0.3427,0.000274
2026-09-17 13:36:02,SPX,7632.65,7604.82,7435.0,13,972,0.5974,0.000274
2026-09-17 13:36:02,SPX,7632.65,7604.82,7835.0,516,0,0.3405,0.000274
2026-09-17 13:36:02,SPX,7632.65,7604.82,7430.0,3,1149,0.6111,0.000274
2026-09-17 13:36:02,SPX,7632.65,7604.82,7840.0,509,23,0.3381,0.000274
2026-09-17 13:36:02,SPX,7632.65,7604.82,7425.0,34,4728,0.6248,0.000274
2026-09-17 13:36:02,SPX,7632.65,7604.82,7845.0,439,0,0.3357,0.000274
2026-09-17 13:36:02,SPX,7632.65,7604.82,7420.0,28,2734,0.6386,0.000274
2026-09-17 13:36:02,SPX,7632.65,7604.82,7850.0,631,53,0.3331,0.000274
2026-09-17 13:36:02,SPX,7632.65,7604.82,7415.0,12,1524,0.6525,0.000274
2026-09-17 13:36:02,SPX,7632.65,7604.82,7855.0,452,1,0.3305,0.000274
2026-09-17 13:36:02,SPX,7632.65,7604.82,7410.0,14,1498,0.6664,0.000274
2026-09-17 13:36:02,SPX,7632.65,7604.82,7860.0,288,0,0.3279,0.000274
2026-09-17 13:36:02,SPX,7632.65,7604.82,7405.0,10,673,0.6803,0.000274
2026-09-17 13:36:02,SPX,7632.65,7604.82,7865.0,198,0,0.3252,0.000274
2026-09-17 13:36:02,SPX,7632.65,7604.82,7400.0,32,2856,0.6938,0.000274
2026-09-17 13:36:02,SPX,7632.65,7604.82,7870.0,3187,2,0.3225,0.000274
2026-09-17 13:36:02,SPX,7632.65,7604.82,7395.0,1,713,0.707,0.000274
2026-09-17 13:36:02,SPX,7632.65,7604.82,7875.0,681,10,0.3198,0.000274
2026-09-17 13:36:02,SPX,7632.65,7604.82,7390.0,6,1922,0.7198,0.000274
2026-09-17 13:36:02,SPX,7632.65,7604.82,7880.0,1369,3,0.317,0.000274
2026-09-17 13:36:02,SPX,7632.65,7604.82,7385.0,2,535,0.7321,0.000274
2026-09-17 13:36:02,SPX,7632.65,7604.82,7635.0,911,1251,0.1364,0.003012
2026-09-17 13:36:02,SPX,7632.65,7604.82,7630.0,642,3316,0.1384,0.003012
2026-09-17 13:36:02,SPX,7632.65,7604.82,7640.0,782,1233,0.1349,0.003012
2026-09-17 13:36:02,SPX,7632.65,7604.82,7625.0,1767,4635,0.1404,0.003012
2026-09-17 13:36:02,SPX,7632.65,7604.82,7645.0,508,452,0.1335,0.003012
2026-09-17 13:36:02,SPX,7632.65,7604.82,7620.0,785,554,0.142,0.003012
2026-09-17 13:36:02,SPX,7632.65,7604.82,7650.0,6295,6150,0.1318,0.003012
2026-09-17 13:36:02,SPX,7632.65,7604.82,7615.0,1057,2408,0.1445,0.003012
2026-09-17 13:36:02,SPX,7632.65,7604.82,7655.0,727,3309,0.1306,0.003012
2026-09-17 13:36:02,SPX,7632.65,7604.82,7610.0,907,956,0.1462,0.003012
2026-09-17 13:36:02,SPX,7632.65,7604.82,7660.0,2473,3154,0.1294,0.003012
2026-09-17 13:36:02,SPX,7632.65,7604.82,7605.0,795,2812,0.1489,0.003012
2026-09-17 13:36:02,SPX,7632.65,7604.82,7665.0,841,392,0.1287,0.003012
2026-09-17 13:36:02,SPX,7632.65,7604.82,7600.0,4785,5804,0.1523,0.003012
2026-09-17 13:36:02,SPX,7632.65,7604.82,7670.0,1463,660,0.1286,0.003012
2026-09-17 13:36:02,SPX,7632.65,7604.82,7595.0,323,725,0.1537,0.003012
2026-09-17 13:36:02,SPX,7632.65,7604.82,7675.0,5592,3236,0.1267,0.003012
2026-09-17 13:36:02,SPX,7632.65,7604.82,7590.0,549,1030,0.1556,0.003012
2026-09-17 13:36:02,SPX,7632.65,7604.82,7680.0,3781,614,0.1257,0.003012
2026-09-17 13:36:02,SPX,7632.65,7604.82,7585.0,447,574,0.1597,0.003012
2026-09-17 13:36:02,SPX,7632.65,7604.82,7685.0,1113,385,0.1256,0.003012
2026-09-17 13:36:02,SPX,7632.65,7604.82,7580.0,953,946,0.1623,0.003012
2026-09-17 13:36:02,SPX,7632.65,7604.82,7690.0,1091,1619,0.1261,0.003012
2026-09-17 13:36:02,SPX,7632.65,7604.82,7575.0,701,2374,0.1639,0.003012
2026-09-17 13:36:02,SPX,7632.65,7604.82,7695.0,1758,611,0.1247,0.003012
2026-09-17 13:36:02,SPX,7632.65,7604.82,7570.0,535,1083,0.1667,0.003012
2026-09-17 13:36:02,SPX,7632.65,7604.82,7700.0,10448,5604,0.1253,0.003012
2026-09-17 13:36:02,SPX,7632.65,7604.82,7565.0,675,575,0.1688,0.003012
2026-09-17 13:36:02,SPX,7632.65,7604.82,7705.0,3410,676,0.1244,0.003012
2026-09-17 13:36:02,SPX,7632.65,7604.82,7560.0,348,801,0.1716,0.003012
2026-09-17 13:36:02,SPX,7632.65,7604.82,7710.0,774,393,0.1252,0.003012
2026-09-17 13:36:02,SPX,7632.65,7604.82,7555.0,176,587,0.1748,0.003012
2026-09-17 13:36:02,SPX,7632.65,7604.82,7715.0,1516,365,0.1264,0.003012
2026-09-17 13:36:02,SPX,7632.65,7604.82,7550.0,2789,8543,0.1778,0.003012
2026-09-17 13:36:02,SPX,7632.65,7604.82,7720.0,732,1172,0.1272,0.003012
2026-09-17 13:36:02,SPX,7632.65,7604.82,7545.0,1977,2390,0.1803,0.003012
2026-09-17 13:36:02,SPX,7632.65,7604.82,7725.0,3288,1225,0.1284,0.003012
2026-09-17 13:36:02,SPX,7632.65,7604.82,7540.0,145,1172,0.1839,0.003012
2026-09-17 13:36:02,SPX,7632.65,7604.82,7730.0,776,460,0.1292,0.003012
2026-09-17 13:36:02,SPX,7632.65,7604.82,7535.0,226,1111,0.1858,0.003012
2026-09-17 13:36:02,SPX,7632.65,7604.82,7735.0,974,665,0.1304,0.003012
2026-09-17 13:36:02,SPX,7632.65,7604.82,7530.0,184,1152,0.1912,0.003012
2026-09-17 13:36:02,SPX,7632.65,7604.82,7740.0,1661,425,0.132,0.003012
2026-09-17 13:36:02,SPX,7632.65,7604.82,7525.0,232,1122,0.1918,0.003012
2026-09-17 13:36:02,SPX,7632.65,7604.82,7745.0,941,179,0.134,0.003012
2026-09-17 13:36:02,SPX,7632.65,7604.82,7520.0,140,1349,0.1975,0.003012
2026-09-17 13:36:02,SPX,7632.65,7604.82,7750.0,3182,1431,0.1365,0.003012
2026-09-17 13:36:02,SPX,7632.65,7604.82,7515.0,143,841,0.1991,0.003012
2026-09-17 13:36:02,SPX,7632.65,7604.82,7755.0,1730,147,0.1394,0.003012
2026-09-17 13:36:02,SPX,7632.65,7604.82,7510.0,154,970,0.2025,0.003012
2026-09-17 13:36:02,SPX,7632.65,7604.82,7760.0,2092,87,0.1424,0.003012
2026-09-17 13:36:02,SPX,7632.65,7604.82,7505.0,96,679,0.2053,0.003012
2026-09-17 13:36:02,SPX,7632.65,7604.82,7765.0,1300,221,0.1454,0.003012
2026-09-17 13:36:02,SPX,7632.65,7604.82,7500.0,891,3885,0.2092,0.003012
2026-09-17 13:36:02,SPX,7632.65,7604.82,7770.0,986,242,0.1482,0.003012
2026-09-17 13:36:02,SPX,7632.65,7604.82,7495.0,647,1987,0.2141,0.003012
2026-09-17 13:36:02,SPX,7632.65,7604.82,7775.0,2208,479,0.151,0.003012
2026-09-17 13:36:02,SPX,7632.65,7604.82,7490.0,71,1004,0.2158,0.003012
2026-09-17 13:36:02,SPX,7632.65,7604.82,7780.0,1650,246,0.1543,0.003012
2026-09-17 13:36:02,SPX,7632.65,7604.82,7485.0,68,463,0.2194,0.003012
2026-09-17 13:36:02,SPX,7632.65,7604.82,7785.0,1661,259,0.1579,0.003012
2026-09-17 13:36:02,SPX,7632.65,7604.82,7480.0,112,1181,0.224,0.003012
2026-09-17 13:36:02,SPX,7632.65,7604.82,7790.0,1693,179,0.1618,0.003012
2026-09-17 13:36:02,SPX,7632.65,7604.82,7475.0,333,1738,0.2267,0.003012
2026-09-17 13:36:02,SPX,7632.65,7604.82,7795.0,1028,146,0.1657,0.003012
2026-09-17 13:36:02,SPX,7632.65,7604.82,7470.0,97,1130,0.229,0.003012
2026-09-17 13:36:02,SPX,7632.65,7604.82,7800.0,5655,695,0.1695,0.003012
2026-09-17 13:36:02,SPX,7632.65,7604.82,7465.0,31,1706,0.234,0.003012
2026-09-17 13:36:02,SPX,7632.65,7604.82,7805.0,1216,62,0.1732,0.003012
2026-09-17 13:36:02,SPX,7632.65,7604.82,7460.0,102,1027,0.2388,0.003012
2026-09-17 13:36:02,SPX,7632.65,7604.82,7810.0,1544,79,0.1768,0.003012
2026-09-17 13:36:02,SPX,7632.65,7604.82,7455.0,70,572,0.2419,0.003012
2026-09-17 13:36:02,SPX,7632.65,7604.82,7815.0,1984,47,0.1802,0.003012
2026-09-17 13:36:02,SPX,7632.65,7604.82,7450.0,344,3283,0.2458,0.003012
2026-09-17 13:36:02,SPX,7632.65,7604.82,7820.0,3089,77,0.1835,0.003012
2026-09-17 13:36:02,SPX,7632.65,7604.82,7445.0,70,760,0.2498,0.003012
2026-09-17 13:36:02,SPX,7632.65,7604.82,7825.0,2721,123,0.1854,0.003012
2026-09-17 13:36:02,SPX,7632.65,7604.82,7440.0,79,1483,0.2533,0.003012
2026-09-17 13:36:02,SPX,7632.65,7604.82,7830.0,1165,77,0.1887,0.003012
2026-09-17 13:36:02,SPX,7632.65,7604.82,7435.0,20,1659,0.256,0.003012
2026-09-17 13:36:02,SPX,7632.65,7604.82,7835.0,679,18,0.1918,0.003012
2026-09-17 13:36:02,SPX,7632.65,7604.82,7430.0,152,978,0.2586,0.003012
2026-09-17 13:36:02,SPX,7632.65,7604.82,7840.0,1822,57,0.195,0.003012
2026-09-17 13:36:02,SPX,7632.65,7604.82,7425.0,449,2516,0.2651,0.003012
2026-09-17 13:36:02,SPX,7632.65,7604.82,7845.0,566,35,0.1981,0.003012
2026-09-17 13:36:02,SPX,7632.65,7604.82,7420.0,97,757,0.2674,0.003012
2026-09-17 13:36:02,SPX,7632.65,7604.82,7850.0,3812,60,0.2013,0.003012
2026-09-17 13:36:02,SPX,7632.65,7604.82,7415.0,55,792,0.27,0.003012
2026-09-17 13:36:02,SPX,7632.65,7604.82,7855.0,716,27,0.2044,0.003012
2026-09-17 13:36:02,SPX,7632.65,7604.82,7410.0,269,1274,0.2753,0.003012
2026-09-17 13:36:02,SPX,7632.65,7604.82,7860.0,861,19,0.2076,0.003012
2026-09-17 13:36:02,SPX,7632.65,7604.82,7405.0,158,891,0.2784,0.003012
2026-09-17 13:36:02,SPX,7632.65,7604.82,7865.0,634,11,0.2108,0.003012
2026-09-17 13:36:02,SPX,7632.65,7604.82,7400.0,1057,6101,0.283,0.003012
2026-09-17 13:36:02,SPX,7632.65,7604.82,7870.0,855,21,0.2139,0.003012
2026-09-17 13:36:02,SPX,7632.65,7604.82,7395.0,30,2413,0.2867,0.003012
2026-09-17 13:36:02,SPX,7632.65,7604.82,7875.0,1924,71,0.2169,0.003012
2026-09-17 13:36:02,SPX,7632.65,7604.82,7390.0,33,1245,0.2914,0.003012
2026-09-17 13:36:02,SPX,7632.65,7604.82,7880.0,706,54,0.2199,0.003012
2026-09-17 13:36:02,SPX,7632.65,7604.82,7385.0,78,943,0.2961,0.003012
2026-09-17 13:36:02,SPX,7632.65,7604.82,7635.0,204,390,0.0984,0.011225
2026-09-17 13:36:02,SPX,7632.65,7604.82,7630.0,276,417,0.0996,0.011225
2026-09-17 13:36:02,SPX,7632.65,7604.82,7640.0,281,264,0.0974,0.011225
2026-09-17 13:36:02,SPX,7632.65,7604.82,7625.0,170,445,0.101,0.011225
2026-09-17 13:36:02,SPX,7632.65,7604.82,7645.0,221,49,0.0963,0.011225
2026-09-17 13:36:02,SPX,7632.65,7604.82,7620.0,196,163,0.1021,0.011225
2026-09-17 13:36:02,SPX,7632.65,7604.82,7650.0,664,713,0.0952,0.011225
2026-09-17 13:36:02,SPX,7632.65,7604.82,7615.0,179,186,0.1037,0.011225
2026-09-17 13:36:02,SPX,7632.65,7604.82,7655.0,219,59,0.0943,0.011225
2026-09-17 13:36:02,SPX,7632.65,7604.82,7610.0,164,259,0.1046,0.011225
2026-09-17 13:36:02,SPX,7632.65,7604.82,7660.0,379,188,0.0934,0.011225
2026-09-17 13:36:02,SPX,7632.65,7604.82,7605.0,163,132,0.106,0.011225
2026-09-17 13:36:02,SPX,7632.65,7604.82,7665.0,211,87,0.0927,0.011225
2026-09-17 13:36:02,SPX,7632.65,7604.82,7600.0,0,900,0.15,0.011225
2026-09-17 13:36:02,SPX,7632.65,7604.82,7670.0,466,207,0.0919,0.011225
2026-09-17 13:36:02,SPX,7632.65,7604.82,7595.0,78,0,0.1088,0.011225
2026-09-17 13:36:02,SPX,7632.65,7604.82,7675.0,375,667,0.0913,0.011225
2026-09-17 13:36:02,SPX,7632.65,7604.82,7590.0,120,369,0.1099,0.011225
2026-09-17 13:36:02,SPX,7632.65,7604.82,7680.0,314,108,0.0905,0.011225
2026-09-17 13:36:02,SPX,7632.65,7604.82,7585.0,473,207,0.1115,0.011225
2026-09-17 13:36:02,SPX,7632.65,7604.82,7685.0,0,50,0.0897,0.011225
2026-09-17 13:36:02,SPX,7632.65,7604.82,7580.0,120,343,0.1128,0.011225
2026-09-17 13:36:02,SPX,7632.65,7604.82,7690.0,390,170,0.0888,0.011225
2026-09-17 13:36:02,SPX,7632.65,7604.82,7575.0,95,494,0.1143,0.011225
2026-09-17 13:36:02,SPX,7632.65,7604.82,7695.0,318,61,0.088,0.011225
2026-09-17 13:36:02,SPX,7632.65,7604.82,7570.0,69,233,0.1159,0.011225
2026-09-17 13:36:02,SPX,7632.65,7604.82,7700.0,4505,3404,0.0873,0.011225
2026-09-17 13:36:02,SPX,7632.65,7604.82,7565.0,48,129,0.1176,0.011225
2026-09-17 13:36:02,SPX,7632.65,7604.82,7705.0,364,52,0.15,0.011225
2026-09-17 13:36:02,SPX,7632.65,7604.82,7560.0,190,383,0.1193,0.011225
2026-09-17 13:36:02,SPX,7632.65,7604.82,7710.0,688,127,0.15,0.011225
2026-09-17 13:36:02,SPX,7632.65,7604.82,7555.0,31,220,0.1208,0.011225
2026-09-17 13:36:02,SPX,7632.65,7604.82,7715.0,442,26,0.0859,0.011225
2026-09-17 13:36:02,SPX,7632.65,7604.82,7550.0,167,702,0.1221,0.011225
2026-09-17 13:36:02,SPX,7632.65,7604.82,7720.0,461,172,0.15,0.011225
2026-09-17 13:36:02,SPX,7632.65,7604.82,7545.0,22,0,0.1234,0.011225
2026-09-17 13:36:02,SPX,7632.65,7604.82,7520.0,33,651,0.1307,0.011225
2026-09-17 13:36:02,SPX,7632.65,7604.82,7750.0,1461,338,0.0852,0.011225
2026-09-17 13:36:02,SPX,7632.65,7604.82,7515.0,44,105,0.1324,0.011225
2026-09-17 13:36:02,SPX,7632.65,7604.82,7755.0,260,7,0.0853,0.011225
2026-09-17 13:36:02,SPX,7632.65,7604.82,7510.0,25,320,0.1341,0.011225
2026-09-17 13:36:02,SPX,7632.65,7604.82,7760.0,543,93,0.0854,0.011225
2026-09-17 13:36:02,SPX,7632.65,7604.82,7505.0,16,126,0.1358,0.011225
2026-09-17 13:36:02,SPX,7632.65,7604.82,7765.0,495,2,0.0858,0.011225
2026-09-17 13:36:02,SPX,7632.65,7604.82,7500.0,31,1972,0.1375,0.011225
2026-09-17 13:36:02,SPX,7632.65,7604.82,7770.0,424,30,0.0862,0.011225
2026-09-17 13:36:02,SPX,7632.65,7604.82,7495.0,13,410,0.1392,0.011225
2026-09-17 13:36:02,SPX,7632.65,7604.82,7775.0,1335,142,0.0868,0.011225
2026-09-17 13:36:02,SPX,7632.65,7604.82,7490.0,11,298,0.1409,0.011225
2026-09-17 13:36:02,SPX,7632.65,7604.82,7780.0,551,27,0.0875,0.011225
2026-09-17 13:36:02,SPX,7632.65,7604.82,7485.0,5,157,0.1425,0.011225
2026-09-17 13:36:02,SPX,7632.65,7604.82,7785.0,347,0,0.0884,0.011225
2026-09-17 13:36:02,SPX,7632.65,7604.82,7480.0,7,215,0.1441,0.011225
2026-09-17 13:36:02,SPX,7632.65,7604.82,7790.0,487,77,0.0894,0.011225
2026-09-17 13:36:02,SPX,7632.65,7604.82,7475.0,94,661,0.1458,0.011225
2026-09-17 13:36:02,SPX,7632.65,7604.82,7795.0,624,0,0.0905,0.011225
2026-09-17 13:36:02,SPX,7632.65,7604.82,7470.0,10,250,0.1474,0.011225
2026-09-17 13:36:02,SPX,7632.65,7604.82,7800.0,1775,478,0.0918,0.011225
2026-09-17 13:36:02,SPX,7632.65,7604.82,7465.0,1,160,0.149,0.011225
2026-09-17 13:36:02,SPX,7632.65,7604.82,7805.0,517,0,0.0932,0.011225
2026-09-17 13:36:02,SPX,7632.65,7604.82,7460.0,22,213,0.1506,0.011225
2026-09-17 13:36:02,SPX,7632.65,7604.82,7810.0,640,5,0.0946,0.011225
2026-09-17 13:36:02,SPX,7632.65,7604.82,7455.0,3,78,0.1522,0.011225
2026-09-17 13:36:02,SPX,7632.65,7604.82,7815.0,559,0,0.0962,0.011225
2026-09-17 13:36:02,SPX,7632.65,7604.82,7450.0,26,647,0.1539,0.011225
2026-09-17 13:36:02,SPX,7632.65,7604.82,7820.0,663,13,0.0978,0.011225
2026-09-17 13:36:02,SPX,7632.65,7604.82,7445.0,10,79,0.1555,0.011225
2026-09-17 13:36:02,SPX,7632.65,7604.82,7825.0,573,11,0.0994,0.011225
2026-09-17 13:36:02,SPX,7632.65,7604.82,7440.0,2,152,0.1572,0.011225
2026-09-17 13:36:02,SPX,7632.65,7604.82,7830.0,484,0,0.1012,0.011225
2026-09-17 13:36:02,SPX,7632.65,7604.82,7435.0,1,105,0.1589,0.011225
2026-09-17 13:36:02,SPX,7632.65,7604.82,7835.0,114,0,0.1029,0.011225
2026-09-17 13:36:02,SPX,7632.65,7604.82,7430.0,4,427,0.1606,0.011225
2026-09-17 13:36:02,SPX,7632.65,7604.82,7840.0,601,2,0.1047,0.011225
2026-09-17 13:36:02,SPX,7632.65,7604.82,7425.0,9,893,0.1623,0.011225
2026-09-17 13:36:02,SPX,7632.65,7604.82,7845.0,198,0,0.1065,0.011225
2026-09-17 13:36:02,SPX,7632.65,7604.82,7420.0,4,210,0.164,0.011225
2026-09-17 13:36:02,SPX,7632.65,7604.82,7850.0,1181,13,0.1083,0.011225
2026-09-17 13:36:02,SPX,7632.65,7604.82,7415.0,0,154,0.1658,0.011225
2026-09-17 13:36:02,SPX,7632.65,7604.82,7410.0,0,188,0.1676,0.011225
2026-09-17 13:36:02,SPX,7632.65,7604.82,7405.0,1,206,0.1694,0.011225
2026-09-17 13:36:02,SPX,7632.65,7604.82,7400.0,5,792,0.1713,0.011225
2026-09-17 13:36:02,SPX,7632.65,7604.82,7870.0,627,0,0.1155,0.011225
2026-09-17 13:36:02,SPX,7632.65,7604.82,7395.0,0,181,0.1731,0.011225
2026-09-17 13:36:02,SPX,7632.65,7604.82,7875.0,1290,0,0.1173,0.011225
2026-09-17 13:36:02,SPX,7632.65,7604.82,7390.0,0,208,0.175,0.011225
2026-09-17 13:36:02,SPX,7632.65,7604.82,7880.0,639,0,0.1191,0.011225
2026-09-17 13:36:02,SPX,7632.65,7604.82,7385.0,2,182,0.1769,0.011225
2026-09-17 14:06:26,SPX,7638.48,7604.95,7640.0,1208,301,0.0997,0.000216
2026-09-17 14:06:26,SPX,7638.48,7604.95,7635.0,1046,196,0.1025,0.000216
2026-09-17 14:06:26,SPX,7638.48,7604.95,7645.0,1269,222,0.0991,0.000216
2026-09-17 14:06:26,SPX,7638.48,7604.95,7630.0,1077,398,0.1097,0.000216
2026-09-17 14:06:26,SPX,7638.48,7604.95,7650.0,2554,3382,0.1028,0.000216
2026-09-17 14:06:26,SPX,7638.48,7604.95,7625.0,1787,684,0.1177,0.000216
2026-09-17 14:06:26,SPX,7638.48,7604.95,7655.0,1613,198,0.1079,0.000216
2026-09-17 14:06:26,SPX,7638.48,7604.95,7620.0,1365,332,0.1286,0.000216
2026-09-17 14:06:26,SPX,7638.48,7604.95,7660.0,1495,291,0.1189,0.000216
2026-09-17 14:06:26,SPX,7638.48,7604.95,7615.0,1780,186,0.1422,0.000216
2026-09-17 14:06:26,SPX,7638.48,7604.95,7665.0,1161,155,0.133,0.000216
2026-09-17 14:06:26,SPX,7638.48,7604.95,7610.0,3018,969,0.155,0.000216
2026-09-17 14:06:26,SPX,7638.48,7604.95,7670.0,2846,466,0.1449,0.000216
2026-09-17 14:06:26,SPX,7638.48,7604.95,7605.0,1093,394,0.1709,0.000216
2026-09-17 14:06:26,SPX,7638.48,7604.95,7675.0,5237,3864,0.1565,0.000216
2026-09-17 14:06:26,SPX,7638.48,7604.95,7600.0,3732,984,0.1864,0.000216
2026-09-17 14:06:26,SPX,7638.48,7604.95,7680.0,1335,352,0.171,0.000216
2026-09-17 14:06:26,SPX,7638.48,7604.95,7595.0,647,673,0.2023,0.000216
2026-09-17 14:06:26,SPX,7638.48,7604.95,7685.0,1208,211,0.1875,0.000216
2026-09-17 14:06:26,SPX,7638.48,7604.95,7590.0,1601,689,0.2125,0.000216
2026-09-17 14:06:26,SPX,7638.48,7604.95,7690.0,1710,388,0.2031,0.000216
2026-09-17 14:06:26,SPX,7638.48,7604.95,7585.0,527,518,0.2368,0.000216
2026-09-17 14:06:26,SPX,7638.48,7604.95,7695.0,729,211,0.2174,0.000216
2026-09-17 14:06:26,SPX,7638.48,7604.95,7580.0,1067,943,0.243,0.000216
2026-09-17 14:06:26,SPX,7638.48,7604.95,7700.0,5946,566,0.231,0.000216
2026-09-17 14:06:26,SPX,7638.48,7604.95,7575.0,1221,787,0.2585,0.000216
2026-09-17 14:06:26,SPX,7638.48,7604.95,7705.0,1033,167,0.2449,0.000216
2026-09-17 14:06:26,SPX,7638.48,7604.95,7570.0,659,801,0.2743,0.000216
2026-09-17 14:06:26,SPX,7638.48,7604.95,7710.0,1264,130,0.2593,0.000216
2026-09-17 14:06:26,SPX,7638.48,7604.95,7565.0,477,398,0.2905,0.000216
2026-09-17 14:06:26,SPX,7638.48,7604.95,7715.0,976,167,0.2737,0.000216
2026-09-17 14:06:26,SPX,7638.48,7604.95,7560.0,752,714,0.3055,0.000216
2026-09-17 14:06:26,SPX,7638.48,7604.95,7720.0,938,314,0.2876,0.000216
2026-09-17 14:06:26,SPX,7638.48,7604.95,7555.0,1328,578,0.3225,0.000216
2026-09-17 14:06:26,SPX,7638.48,7604.95,7725.0,3333,149,0.3006,0.000216
2026-09-17 14:06:26,SPX,7638.48,7604.95,7550.0,2212,1562,0.3411,0.000216
2026-09-17 14:06:26,SPX,7638.48,7604.95,7730.0,2689,77,0.3124,0.000216
2026-09-17 14:06:26,SPX,7638.48,7604.95,7545.0,490,658,0.3588,0.000216
2026-09-17 14:06:26,SPX,7638.48,7604.95,7735.0,564,44,0.323,0.000216
2026-09-17 14:06:26,SPX,7638.48,7604.95,7540.0,345,1146,0.3741,0.000216
2026-09-17 14:06:26,SPX,7638.48,7604.95,7740.0,903,171,0.3324,0.000216
2026-09-17 14:06:26,SPX,7638.48,7604.95,7535.0,277,719,0.3875,0.000216
2026-09-17 14:06:26,SPX,7638.48,7604.95,7745.0,393,42,0.3405,0.000216
2026-09-17 14:06:26,SPX,7638.48,7604.95,7530.0,316,791,0.4002,0.000216
2026-09-17 14:06:26,SPX,7638.48,7604.95,7750.0,1471,201,0.3475,0.000216
2026-09-17 14:06:26,SPX,7638.48,7604.95,7525.0,625,1441,0.4129,0.000216
2026-09-17 14:06:26,SPX,7638.48,7604.95,7755.0,379,51,0.3533,0.000216
2026-09-17 14:06:26,SPX,7638.48,7604.95,7520.0,462,1558,0.4259,0.000216
2026-09-17 14:06:26,SPX,7638.48,7604.95,7760.0,855,100,0.358,0.000216
2026-09-17 14:06:26,SPX,7638.48,7604.95,7515.0,109,667,0.4394,0.000216
2026-09-17 14:06:26,SPX,7638.48,7604.95,7765.0,450,56,0.3617,0.000216
2026-09-17 14:06:26,SPX,7638.48,7604.95,7510.0,175,3312,0.4532,0.000216
2026-09-17 14:06:26,SPX,7638.48,7604.95,7770.0,1513,62,0.3646,0.000216
2026-09-17 14:06:26,SPX,7638.48,7604.95,7505.0,100,596,0.4673,0.000216
2026-09-17 14:06:26,SPX,7638.48,7604.95,7775.0,1138,57,0.3667,0.000216
2026-09-17 14:06:26,SPX,7638.48,7604.95,7500.0,527,4190,0.4818,0.000216
2026-09-17 14:06:26,SPX,7638.48,7604.95,7780.0,2356,39,0.3682,0.000216
2026-09-17 14:06:26,SPX,7638.48,7604.95,7495.0,36,1579,0.4965,0.000216
2026-09-17 14:06:26,SPX,7638.48,7604.95,7785.0,1822,29,0.369,0.000216
2026-09-17 14:06:26,SPX,7638.48,7604.95,7490.0,25,1973,0.5116,0.000216
2026-09-17 14:06:26,SPX,7638.48,7604.95,7790.0,3260,36,0.3693,0.000216
2026-09-17 14:06:26,SPX,7638.48,7604.95,7485.0,40,934,0.527,0.000216
2026-09-17 14:06:26,SPX,7638.48,7604.95,7795.0,6829,11,0.369,0.000216
2026-09-17 14:06:26,SPX,7638.48,7604.95,7480.0,78,966,0.5425,0.000216
2026-09-17 14:06:26,SPX,7638.48,7604.95,7800.0,9270,103,0.3684,0.000216
2026-09-17 14:06:26,SPX,7638.48,7604.95,7475.0,41,1278,0.5582,0.000216
2026-09-17 14:06:26,SPX,7638.48,7604.95,7805.0,2220,11,0.3674,0.000216
2026-09-17 14:06:26,SPX,7638.48,7604.95,7470.0,43,2274,0.5739,0.000216
2026-09-17 14:06:26,SPX,7638.48,7604.95,7810.0,706,4,0.3661,0.000216
2026-09-17 14:06:26,SPX,7638.48,7604.95,7465.0,33,849,0.5896,0.000216
2026-09-17 14:06:26,SPX,7638.48,7604.95,7815.0,922,2,0.3646,0.000216
2026-09-17 14:06:26,SPX,7638.48,7604.95,7460.0,9,1351,0.6052,0.000216
2026-09-17 14:06:26,SPX,7638.48,7604.95,7820.0,421,16,0.3627,0.000216
2026-09-17 14:06:26,SPX,7638.48,7604.95,7455.0,26,1050,0.6207,0.000216
2026-09-17 14:06:26,SPX,7638.48,7604.95,7825.0,1073,73,0.3604,0.000216
2026-09-17 14:06:26,SPX,7638.48,7604.95,7450.0,414,3621,0.636,0.000216
2026-09-17 14:06:26,SPX,7638.48,7604.95,7830.0,794,3,0.3578,0.000216
2026-09-17 14:06:26,SPX,7638.48,7604.95,7445.0,22,956,0.6513,0.000216
2026-09-17 14:06:26,SPX,7638.48,7604.95,7835.0,516,0,0.3552,0.000216
2026-09-17 14:06:26,SPX,7638.48,7604.95,7440.0,26,1224,0.6663,0.000216
2026-09-17 14:06:26,SPX,7638.48,7604.95,7840.0,509,23,0.3524,0.000216
2026-09-17 14:06:26,SPX,7638.48,7604.95,7435.0,13,972,0.6811,0.000216
2026-09-17 14:06:26,SPX,7638.48,7604.95,7845.0,439,0,0.3496,0.000216
2026-09-17 14:06:26,SPX,7638.48,7604.95,7430.0,3,1149,0.6956,0.000216
2026-09-17 14:06:26,SPX,7638.48,7604.95,7850.0,631,53,0.3467,0.000216
2026-09-17 14:06:26,SPX,7638.48,7604.95,7425.0,34,4728,0.7096,0.000216
2026-09-17 14:06:26,SPX,7638.48,7604.95,7855.0,452,1,0.3438,0.000216
2026-09-17 14:06:26,SPX,7638.48,7604.95,7420.0,28,2734,0.7232,0.000216
2026-09-17 14:06:26,SPX,7638.48,7604.95,7860.0,288,0,0.3408,0.000216
2026-09-17 14:06:26,SPX,7638.48,7604.95,7415.0,12,1524,0.7364,0.000216
2026-09-17 14:06:26,SPX,7638.48,7604.95,7865.0,198,0,0.3379,0.000216
2026-09-17 14:06:26,SPX,7638.48,7604.95,7410.0,14,1498,0.7488,0.000216
2026-09-17 14:06:26,SPX,7638.48,7604.95,7870.0,3187,2,0.3349,0.000216
2026-09-17 14:06:26,SPX,7638.48,7604.95,7405.0,10,673,0.7604,0.000216
2026-09-17 14:06:26,SPX,7638.48,7604.95,7875.0,681,10,0.332,0.000216
2026-09-17 14:06:26,SPX,7638.48,7604.95,7400.0,32,2856,0.7715,0.000216
2026-09-17 14:06:26,SPX,7638.48,7604.95,7880.0,1369,3,0.329,0.000216
2026-09-17 14:06:26,SPX,7638.48,7604.95,7395.0,1,713,0.782,0.000216
2026-09-17 14:06:26,SPX,7638.48,7604.95,7885.0,7177,7,0.326,0.000216
2026-09-17 14:06:26,SPX,7638.48,7604.95,7390.0,6,1922,0.792,0.000216
2026-09-17 14:06:26,SPX,7638.48,7604.95,7640.0,782,1233,0.1359,0.002954
2026-09-17 14:06:26,SPX,7638.48,7604.95,7635.0,911,1251,0.1378,0.002954
2026-09-17 14:06:26,SPX,7638.48,7604.95,7645.0,508,452,0.1338,0.002954
2026-09-17 14:06:26,SPX,7638.48,7604.95,7630.0,642,3316,0.1401,0.002954
2026-09-17 14:06:26,SPX,7638.48,7604.95,7650.0,6295,6150,0.1324,0.002954
2026-09-17 14:06:26,SPX,7638.48,7604.95,7625.0,1767,4635,0.1418,0.002954
2026-09-17 14:06:26,SPX,7638.48,7604.95,7655.0,727,3309,0.1321,0.002954
2026-09-17 14:06:26,SPX,7638.48,7604.95,7620.0,785,554,0.1436,0.002954
2026-09-17 14:06:26,SPX,7638.48,7604.95,7660.0,2473,3154,0.1298,0.002954
2026-09-17 14:06:26,SPX,7638.48,7604.95,7615.0,1057,2408,0.1464,0.002954
2026-09-17 14:06:26,SPX,7638.48,7604.95,7665.0,841,392,0.1286,0.002954
2026-09-17 14:06:26,SPX,7638.48,7604.95,7610.0,907,956,0.1489,0.002954
2026-09-17 14:06:26,SPX,7638.48,7604.95,7670.0,1463,660,0.1275,0.002954
2026-09-17 14:06:26,SPX,7638.48,7604.95,7605.0,795,2812,0.1499,0.002954
2026-09-17 14:06:26,SPX,7638.48,7604.95,7675.0,5592,3236,0.1266,0.002954
2026-09-17 14:06:26,SPX,7638.48,7604.95,7600.0,4785,5804,0.1526,0.002954
2026-09-17 14:06:26,SPX,7638.48,7604.95,7680.0,3781,614,0.1255,0.002954
2026-09-17 14:06:26,SPX,7638.48,7604.95,7595.0,323,725,0.1557,0.002954
2026-09-17 14:06:26,SPX,7638.48,7604.95,7685.0,1113,385,0.1254,0.002954
2026-09-17 14:06:26,SPX,7638.48,7604.95,7590.0,549,1030,0.1577,0.002954
2026-09-17 14:06:26,SPX,7638.48,7604.95,7690.0,1091,1619,0.1252,0.002954
2026-09-17 14:06:26,SPX,7638.48,7604.95,7585.0,447,574,0.1597,0.002954
2026-09-17 14:06:26,SPX,7638.48,7604.95,7695.0,1758,611,0.1233,0.002954
2026-09-17 14:06:26,SPX,7638.48,7604.95,7580.0,953,946,0.1629,0.002954
2026-09-17 14:06:26,SPX,7638.48,7604.95,7700.0,10448,5604,0.1237,0.002954
2026-09-17 14:06:26,SPX,7638.48,7604.95,7575.0,701,2374,0.1657,0.002954
2026-09-17 14:06:26,SPX,7638.48,7604.95,7705.0,3410,676,0.1239,0.002954
2026-09-17 14:06:26,SPX,7638.48,7604.95,7570.0,535,1083,0.1675,0.002954
2026-09-17 14:06:26,SPX,7638.48,7604.95,7710.0,774,393,0.1232,0.002954
2026-09-17 14:06:26,SPX,7638.48,7604.95,7565.0,675,575,0.1702,0.002954
2026-09-17 14:06:26,SPX,7638.48,7604.95,7715.0,1516,365,0.1248,0.002954
2026-09-17 14:06:26,SPX,7638.48,7604.95,7560.0,348,801,0.1733,0.002954
2026-09-17 14:06:26,SPX,7638.48,7604.95,7720.0,732,1172,0.1241,0.002954
2026-09-17 14:06:26,SPX,7638.48,7604.95,7555.0,176,587,0.1761,0.002954
2026-09-17 14:06:26,SPX,7638.48,7604.95,7725.0,3288,1225,0.1255,0.002954
2026-09-17 14:06:26,SPX,7638.48,7604.95,7550.0,2789,8543,0.1784,0.002954
2026-09-17 14:06:26,SPX,7638.48,7604.95,7730.0,776,460,0.127,0.002954
2026-09-17 14:06:26,SPX,7638.48,7604.95,7545.0,1977,2390,0.1818,0.002954
2026-09-17 14:06:26,SPX,7638.48,7604.95,7735.0,974,665,0.1285,0.002954
2026-09-17 14:06:26,SPX,7638.48,7604.95,7540.0,145,1172,0.1863,0.002954
2026-09-17 14:06:26,SPX,7638.48,7604.95,7740.0,1661,425,0.13,0.002954
2026-09-17 14:06:26,SPX,7638.48,7604.95,7535.0,226,1111,0.1871,0.002954
2026-09-17 14:06:26,SPX,7638.48,7604.95,7745.0,941,179,0.132,0.002954
2026-09-17 14:06:26,SPX,7638.48,7604.95,7530.0,184,1152,0.1921,0.002954
2026-09-17 14:06:26,SPX,7638.48,7604.95,7750.0,3182,1431,0.1337,0.002954
2026-09-17 14:06:26,SPX,7638.48,7604.95,7525.0,232,1122,0.1944,0.002954
2026-09-17 14:06:26,SPX,7638.48,7604.95,7755.0,1730,147,0.1354,0.002954
2026-09-17 14:06:26,SPX,7638.48,7604.95,7520.0,140,1349,0.1964,0.002954
2026-09-17 14:06:26,SPX,7638.48,7604.95,7760.0,2092,87,0.1371,0.002954
2026-09-17 14:06:26,SPX,7638.48,7604.95,7515.0,143,841,0.1988,0.002954
2026-09-17 14:06:26,SPX,7638.48,7604.95,7765.0,1300,221,0.1385,0.002954
2026-09-17 14:06:26,SPX,7638.48,7604.95,7510.0,154,970,0.2048,0.002954
2026-09-17 14:06:26,SPX,7638.48,7604.95,7770.0,986,242,0.1415,0.002954
2026-09-17 14:06:26,SPX,7638.48,7604.95,7505.0,96,679,0.206,0.002954
2026-09-17 14:06:26,SPX,7638.48,7604.95,7775.0,2208,479,0.1451,0.002954
2026-09-17 14:06:26,SPX,7638.48,7604.95,7500.0,891,3885,0.2117,0.002954
2026-09-17 14:06:26,SPX,7638.48,7604.95,7780.0,1650,246,0.149,0.002954
2026-09-17 14:06:26,SPX,7638.48,7604.95,7495.0,647,1987,0.2134,0.002954
2026-09-17 14:06:26,SPX,7638.48,7604.95,7785.0,1661,259,0.153,0.002954
2026-09-17 14:06:26,SPX,7638.48,7604.95,7490.0,71,1004,0.2165,0.002954
2026-09-17 14:06:26,SPX,7638.48,7604.95,7790.0,1693,179,0.1569,0.002954
2026-09-17 14:06:26,SPX,7638.48,7604.95,7485.0,68,463,0.2199,0.002954
2026-09-17 14:06:26,SPX,7638.48,7604.95,7795.0,1028,146,0.1607,0.002954
2026-09-17 14:06:26,SPX,7638.48,7604.95,7480.0,112,1181,0.225,0.002954
2026-09-17 14:06:26,SPX,7638.48,7604.95,7800.0,5655,695,0.1644,0.002954
2026-09-17 14:06:26,SPX,7638.48,7604.95,7475.0,333,1738,0.2284,0.002954
2026-09-17 14:06:26,SPX,7638.48,7604.95,7805.0,1216,62,0.168,0.002954
2026-09-17 14:06:26,SPX,7638.48,7604.95,7470.0,97,1130,0.2326,0.002954
2026-09-17 14:06:26,SPX,7638.48,7604.95,7810.0,1544,79,0.1714,0.002954
2026-09-17 14:06:26,SPX,7638.48,7604.95,7465.0,31,1706,0.2361,0.002954
2026-09-17 14:06:26,SPX,7638.48,7604.95,7815.0,1984,47,0.1748,0.002954
2026-09-17 14:06:26,SPX,7638.48,7604.95,7460.0,102,1027,0.2399,0.002954
2026-09-17 14:06:26,SPX,7638.48,7604.95,7820.0,3089,77,0.178,0.002954
2026-09-17 14:06:26,SPX,7638.48,7604.95,7455.0,70,572,0.2434,0.002954
2026-09-17 14:06:26,SPX,7638.48,7604.95,7825.0,2721,123,0.1812,0.002954
2026-09-17 14:06:26,SPX,7638.48,7604.95,7450.0,344,3283,0.2468,0.002954
2026-09-17 14:06:26,SPX,7638.48,7604.95,7830.0,1165,77,0.1843,0.002954
2026-09-17 14:06:26,SPX,7638.48,7604.95,7445.0,70,760,0.2497,0.002954
2026-09-17 14:06:26,SPX,7638.48,7604.95,7835.0,679,18,0.1873,0.002954
2026-09-17 14:06:26,SPX,7638.48,7604.95,7440.0,79,1483,0.2525,0.002954
2026-09-17 14:06:26,SPX,7638.48,7604.95,7840.0,1822,57,0.1904,0.002954
2026-09-17 14:06:26,SPX,7638.48,7604.95,7435.0,20,1659,0.2585,0.002954
2026-09-17 14:06:26,SPX,7638.48,7604.95,7845.0,566,35,0.1934,0.002954
2026-09-17 14:06:26,SPX,7638.48,7604.95,7430.0,152,978,0.2609,0.002954
2026-09-17 14:06:26,SPX,7638.48,7604.95,7850.0,3812,60,0.1965,0.002954
2026-09-17 14:06:26,SPX,7638.48,7604.95,7425.0,449,2516,0.2645,0.002954
2026-09-17 14:06:26,SPX,7638.48,7604.95,7855.0,716,27,0.1997,0.002954
2026-09-17 14:06:26,SPX,7638.48,7604.95,7420.0,97,757,0.2691,0.002954
2026-09-17 14:06:26,SPX,7638.48,7604.95,7860.0,861,19,0.2028,0.002954
2026-09-17 14:06:26,SPX,7638.48,7604.95,7415.0,55,792,0.2731,0.002954
2026-09-17 14:06:26,SPX,7638.48,7604.95,7865.0,634,11,0.206,0.002954
2026-09-17 14:06:26,SPX,7638.48,7604.95,7410.0,269,1274,0.278,0.002954
2026-09-17 14:06:26,SPX,7638.48,7604.95,7870.0,855,21,0.2093,0.002954
2026-09-17 14:06:26,SPX,7638.48,7604.95,7405.0,158,891,0.2834,0.002954
2026-09-17 14:06:26,SPX,7638.48,7604.95,7875.0,1924,71,0.2126,0.002954
2026-09-17 14:06:26,SPX,7638.48,7604.95,7400.0,1057,6101,0.2882,0.002954
2026-09-17 14:06:26,SPX,7638.48,7604.95,7880.0,706,54,0.2159,0.002954
2026-09-17 14:06:26,SPX,7638.48,7604.95,7395.0,30,2413,0.2921,0.002954
2026-09-17 14:06:26,SPX,7638.48,7604.95,7885.0,650,18,0.2193,0.002954
2026-09-17 14:06:26,SPX,7638.48,7604.95,7390.0,33,1245,0.296,0.002954
2026-09-17 14:06:26,SPX,7638.48,7604.95,7640.0,281,264,0.0976,0.011167
2026-09-17 14:06:26,SPX,7638.48,7604.95,7635.0,204,390,0.0989,0.011167
2026-09-17 14:06:26,SPX,7638.48,7604.95,7645.0,221,49,0.0966,0.011167
2026-09-17 14:06:26,SPX,7638.48,7604.95,7630.0,276,417,0.1001,0.011167
2026-09-17 14:06:26,SPX,7638.48,7604.95,7650.0,664,713,0.0954,0.011167
2026-09-17 14:06:26,SPX,7638.48,7604.95,7625.0,170,445,0.1012,0.011167
2026-09-17 14:06:26,SPX,7638.48,7604.95,7655.0,219,59,0.0943,0.011167
2026-09-17 14:06:26,SPX,7638.48,7604.95,7620.0,196,163,0.1025,0.011167
2026-09-17 14:06:26,SPX,7638.48,7604.95,7660.0,379,188,0.0933,0.011167
2026-09-17 14:06:26,SPX,7638.48,7604.95,7615.0,179,186,0.1037,0.011167
2026-09-17 14:06:26,SPX,7638.48,7604.95,7665.0,211,87,0.0924,0.011167
2026-09-17 14:06:26,SPX,7638.48,7604.95,7610.0,164,259,0.105,0.011167
2026-09-17 14:06:26,SPX,7638.48,7604.95,7670.0,466,207,0.0916,0.011167
2026-09-17 14:06:26,SPX,7638.48,7604.95,7605.0,163,132,0.1063,0.011167
2026-09-17 14:06:26,SPX,7638.48,7604.95,7675.0,375,667,0.0909,0.011167
2026-09-17 14:06:26,SPX,7638.48,7604.95,7600.0,460,900,0.1079,0.011167
2026-09-17 14:06:26,SPX,7638.48,7604.95,7680.0,314,108,0.0903,0.011167
2026-09-17 14:06:26,SPX,7638.48,7604.95,7595.0,78,265,0.1089,0.011167
2026-09-17 14:06:26,SPX,7638.48,7604.95,7685.0,247,50,0.0896,0.011167
2026-09-17 14:06:26,SPX,7638.48,7604.95,7590.0,120,369,0.1101,0.011167
2026-09-17 14:06:26,SPX,7638.48,7604.95,7690.0,390,170,0.0887,0.011167
2026-09-17 14:06:26,SPX,7638.48,7604.95,7585.0,473,207,0.1115,0.011167
2026-09-17 14:06:26,SPX,7638.48,7604.95,7695.0,318,61,0.0879,0.011167
2026-09-17 14:06:26,SPX,7638.48,7604.95,7580.0,120,343,0.113,0.011167
2026-09-17 14:06:26,SPX,7638.48,7604.95,7700.0,4505,3404,0.0871,0.011167
2026-09-17 14:06:26,SPX,7638.48,7604.95,7575.0,95,494,0.1146,0.011167
2026-09-17 14:06:26,SPX,7638.48,7604.95,7705.0,364,52,0.0863,0.011167
2026-09-17 14:06:26,SPX,7638.48,7604.95,7570.0,69,233,0.116,0.011167
2026-09-17 14:06:26,SPX,7638.48,7604.95,7710.0,688,127,0.0856,0.011167
2026-09-17 14:06:26,SPX,7638.48,7604.95,7565.0,48,129,0.1178,0.011167
2026-09-17 14:06:26,SPX,7638.48,7604.95,7715.0,442,26,0.0851,0.011167
2026-09-17 14:06:26,SPX,7638.48,7604.95,7560.0,190,383,0.1195,0.011167
2026-09-17 14:06:26,SPX,7638.48,7604.95,7720.0,461,172,0.0847,0.011167
2026-09-17 14:06:26,SPX,7638.48,7604.95,7555.0,31,220,0.1211,0.011167
2026-09-17 14:06:26,SPX,7638.48,7604.95,7725.0,1113,399,0.0844,0.011167
2026-09-17 14:06:26,SPX,7638.48,7604.95,7550.0,167,702,0.1225,0.011167
2026-09-17 14:06:26,SPX,7638.48,7604.95,7730.0,577,164,0.0842,0.011167
2026-09-17 14:06:26,SPX,7638.48,7604.95,7545.0,22,120,0.1237,0.011167
2026-09-17 14:06:26,SPX,7638.48,7604.95,7735.0,622,30,0.0839,0.011167
2026-09-17 14:06:26,SPX,7638.48,7604.95,7540.0,69,158,0.125,0.011167
2026-09-17 14:06:26,SPX,7638.48,7604.95,7740.0,809,205,0.0837,0.011167
2026-09-17 14:06:26,SPX,7638.48,7604.95,7535.0,74,135,0.1263,0.011167
2026-09-17 14:06:26,SPX,7638.48,7604.95,7745.0,323,31,0.0835,0.011167
2026-09-17 14:06:26,SPX,7638.48,7604.95,7530.0,49,244,0.1277,0.011167
2026-09-17 14:06:26,SPX,7638.48,7604.95,7750.0,1461,338,0.0833,0.011167
2026-09-17 14:06:26,SPX,7638.48,7604.95,7525.0,62,339,0.1293,0.011167
2026-09-17 14:06:26,SPX,7638.48,7604.95,7755.0,260,7,0.0832,0.011167
2026-09-17 14:06:26,SPX,7638.48,7604.95,7520.0,33,651,0.1309,0.011167
2026-09-17 14:06:26,SPX,7638.48,7604.95,7760.0,543,93,0.0832,0.011167
2026-09-17 14:06:26,SPX,7638.48,7604.95,7515.0,44,105,0.1325,0.011167
2026-09-17 14:06:26,SPX,7638.48,7604.95,7765.0,495,2,0.0833,0.011167
2026-09-17 14:06:26,SPX,7638.48,7604.95,7510.0,25,320,0.1342,0.011167
2026-09-17 14:06:26,SPX,7638.48,7604.95,7770.0,424,30,0.0836,0.011167
2026-09-17 14:06:26,SPX,7638.48,7604.95,7505.0,16,126,0.136,0.011167
2026-09-17 14:06:26,SPX,7638.48,7604.95,7775.0,1335,142,0.0841,0.011167
2026-09-17 14:06:26,SPX,7638.48,7604.95,7500.0,31,1972,0.1376,0.011167
2026-09-17 14:06:26,SPX,7638.48,7604.95,7780.0,551,27,0.0847,0.011167
2026-09-17 14:06:26,SPX,7638.48,7604.95,7495.0,13,410,0.1393,0.011167
2026-09-17 14:06:26,SPX,7638.48,7604.95,7785.0,347,0,0.0855,0.011167
2026-09-17 14:06:26,SPX,7638.48,7604.95,7490.0,11,298,0.1409,0.011167
2026-09-17 14:06:26,SPX,7638.48,7604.95,7790.0,487,77,0.0864,0.011167
2026-09-17 14:06:26,SPX,7638.48,7604.95,7485.0,5,157,0.1425,0.011167
2026-09-17 14:06:26,SPX,7638.48,7604.95,7795.0,624,0,0.0875,0.011167
2026-09-17 14:06:26,SPX,7638.48,7604.95,7480.0,7,215,0.1441,0.011167
2026-09-17 14:06:26,SPX,7638.48,7604.95,7800.0,1775,478,0.0887,0.011167
2026-09-17 14:06:26,SPX,7638.48,7604.95,7475.0,94,661,0.1457,0.011167
2026-09-17 14:06:26,SPX,7638.48,7604.95,7805.0,517,0,0.0901,0.011167
2026-09-17 14:06:26,SPX,7638.48,7604.95,7470.0,10,250,0.1473,0.011167
2026-09-17 14:06:26,SPX,7638.48,7604.95,7810.0,640,5,0.0915,0.011167
2026-09-17 14:06:26,SPX,7638.48,7604.95,7465.0,1,160,0.1489,0.011167
2026-09-17 14:06:26,SPX,7638.48,7604.95,7815.0,559,0,0.093,0.011167
2026-09-17 14:06:26,SPX,7638.48,7604.95,7460.0,22,213,0.1504,0.011167
2026-09-17 14:06:26,SPX,7638.48,7604.95,7820.0,663,13,0.0947,0.011167
2026-09-17 14:06:26,SPX,7638.48,7604.95,7455.0,3,78,0.152,0.011167
2026-09-17 14:06:26,SPX,7638.48,7604.95,7825.0,573,11,0.0963,0.011167
2026-09-17 14:06:26,SPX,7638.48,7604.95,7450.0,26,647,0.1536,0.011167
2026-09-17 14:06:26,SPX,7638.48,7604.95,7830.0,484,0,0.0981,0.011167
2026-09-17 14:06:26,SPX,7638.48,7604.95,7445.0,10,79,0.1553,0.011167
2026-09-17 14:06:26,SPX,7638.48,7604.95,7835.0,114,0,0.0998,0.011167
2026-09-17 14:06:26,SPX,7638.48,7604.95,7440.0,2,152,0.1569,0.011167
2026-09-17 14:06:26,SPX,7638.48,7604.95,7840.0,601,2,0.1016,0.011167
2026-09-17 14:06:26,SPX,7638.48,7604.95,7435.0,1,105,0.1586,0.011167
2026-09-17 14:06:26,SPX,7638.48,7604.95,7845.0,198,0,0.1034,0.011167
2026-09-17 14:06:26,SPX,7638.48,7604.95,7430.0,4,427,0.1603,0.011167
2026-09-17 14:06:26,SPX,7638.48,7604.95,7850.0,1181,13,0.1052,0.011167
2026-09-17 14:06:26,SPX,7638.48,7604.95,7425.0,9,893,0.162,0.011167
2026-09-17 14:06:26,SPX,7638.48,7604.95,7420.0,4,210,0.1638,0.011167
2026-09-17 14:06:26,SPX,7638.48,7604.95,7860.0,602,0,0.1088,0.011167
2026-09-17 14:06:26,SPX,7638.48,7604.95,7415.0,0,154,0.1656,0.011167
2026-09-17 14:06:26,SPX,7638.48,7604.95,7410.0,1,188,0.1674,0.011167
2026-09-17 14:06:26,SPX,7638.48,7604.95,7870.0,627,0,0.1124,0.011167
2026-09-17 14:06:26,SPX,7638.48,7604.95,7405.0,1,206,0.1692,0.011167
2026-09-17 14:06:26,SPX,7638.48,7604.95,7875.0,1290,1,0.1141,0.011167
2026-09-17 14:06:26,SPX,7638.48,7604.95,7400.0,5,792,0.1711,0.011167
2026-09-17 14:06:26,SPX,7638.48,7604.95,7880.0,639,0,0.1158,0.011167
2026-09-17 14:06:26,SPX,7638.48,7604.95,7395.0,1,181,0.173,0.011167
2026-09-17 14:06:26,SPX,7638.48,7604.95,7390.0,0,208,0.1749,0.011167
2026-09-17 14:36:50,SPX,7636.41,7603.57,7635.0,1046,196,0.1062,0.000158
2026-09-17 14:36:50,SPX,7636.41,7603.57,7640.0,1208,301,0.1031,0.000158
2026-09-17 14:36:50,SPX,7636.41,7603.57,7630.0,1077,398,0.1153,0.000158
2026-09-17 14:36:50,SPX,7636.41,7603.57,7645.0,1269,222,0.1048,0.000158
2026-09-17 14:36:50,SPX,7636.41,7603.57,7625.0,1787,684,0.1271,0.000158
2026-09-17 14:36:50,SPX,7636.41,7603.57,7650.0,2554,3382,0.1093,0.000158
2026-09-17 14:36:50,SPX,7636.41,7603.57,7620.0,1365,332,0.1413,0.000158
2026-09-17 14:36:50,SPX,7636.41,7603.57,7655.0,1613,198,0.1162,0.000158
2026-09-17 14:36:50,SPX,7636.41,7603.57,7615.0,1780,186,0.1575,0.000158
2026-09-17 14:36:50,SPX,7636.41,7603.57,7660.0,1495,291,0.1281,0.000158
2026-09-17 14:36:50,SPX,7636.41,7603.57,7610.0,3018,969,0.1752,0.000158
2026-09-17 14:36:50,SPX,7636.41,7603.57,7665.0,1161,155,0.1448,0.000158
2026-09-17 14:36:50,SPX,7636.41,7603.57,7605.0,1093,394,0.1925,0.000158
2026-09-17 14:36:50,SPX,7636.41,7603.57,7670.0,2846,466,0.1623,0.000158
2026-09-17 14:36:50,SPX,7636.41,7603.57,7600.0,3732,984,0.2093,0.000158
2026-09-17 14:36:50,SPX,7636.41,7603.57,7675.0,5237,3864,0.1787,0.000158
2026-09-17 14:36:50,SPX,7636.41,7603.57,7595.0,647,673,0.2268,0.000158
2026-09-17 14:36:50,SPX,7636.41,7603.57,7680.0,1335,352,0.1931,0.000158
2026-09-17 14:36:50,SPX,7636.41,7603.57,7590.0,1601,689,0.2519,0.000158
2026-09-17 14:36:50,SPX,7636.41,7603.57,7685.0,1208,211,0.2067,0.000158
2026-09-17 14:36:50,SPX,7636.41,7603.57,7585.0,527,518,0.2638,0.000158
2026-09-17 14:36:50,SPX,7636.41,7603.57,7690.0,1710,388,0.2216,0.000158
2026-09-17 14:36:50,SPX,7636.41,7603.57,7580.0,1067,943,0.2781,0.000158
2026-09-17 14:36:50,SPX,7636.41,7603.57,7695.0,729,211,0.2376,0.000158
2026-09-17 14:36:50,SPX,7636.41,7603.57,7575.0,1221,0,0.2984,0.000158
2026-09-17 14:36:50,SPX,7636.41,7603.57,7700.0,5946,566,0.2542,0.000158
2026-09-17 14:36:50,SPX,7636.41,7603.57,7570.0,659,801,0.3199,0.000158
2026-09-17 14:36:50,SPX,7636.41,7603.57,7705.0,1033,167,0.2708,0.000158
2026-09-17 14:36:50,SPX,7636.41,7603.57,7565.0,477,398,0.3373,0.000158
2026-09-17 14:36:50,SPX,7636.41,7603.57,7710.0,1264,130,0.2872,0.000158
2026-09-17 14:36:50,SPX,7636.41,7603.57,7560.0,752,714,0.353,0.000158
2026-09-17 14:36:50,SPX,7636.41,7603.57,7715.0,976,167,0.3028,0.000158
2026-09-17 14:36:50,SPX,7636.41,7603.57,7555.0,1328,578,0.3691,0.000158
2026-09-17 14:36:50,SPX,7636.41,7603.57,7720.0,938,314,0.3172,0.000158
2026-09-17 14:36:50,SPX,7636.41,7603.57,7550.0,2212,1562,0.385,0.000158
2026-09-17 14:36:50,SPX,7636.41,7603.57,7725.0,3333,149,0.3302,0.000158
2026-09-17 14:36:50,SPX,7636.41,7603.57,7545.0,490,658,0.4002,0.000158
2026-09-17 14:36:50,SPX,7636.41,7603.57,7730.0,2689,77,0.3418,0.000158
2026-09-17 14:36:50,SPX,7636.41,7603.57,7540.0,345,1146,0.4149,0.000158
2026-09-17 14:36:50,SPX,7636.41,7603.57,7735.0,564,44,0.3521,0.000158
2026-09-17 14:36:50,SPX,7636.41,7603.57,7535.0,277,719,0.4298,0.000158
2026-09-17 14:36:50,SPX,7636.41,7603.57,7740.0,903,171,0.3609,0.000158
2026-09-17 14:36:50,SPX,7636.41,7603.57,7530.0,316,791,0.4451,0.000158
2026-09-17 14:36:50,SPX,7636.41,7603.57,7745.0,393,42,0.3686,0.000158
2026-09-17 14:36:50,SPX,7636.41,7603.57,7525.0,625,1441,0.4614,0.000158
2026-09-17 14:36:50,SPX,7636.41,7603.57,7750.0,1471,201,0.375,0.000158
2026-09-17 14:36:50,SPX,7636.41,7603.57,7520.0,462,1558,0.4787,0.000158
2026-09-17 14:36:50,SPX,7636.41,7603.57,7755.0,379,51,0.38,0.000158
2026-09-17 14:36:50,SPX,7636.41,7603.57,7515.0,109,667,0.4968,0.000158
2026-09-17 14:36:50,SPX,7636.41,7603.57,7760.0,855,100,0.384,0.000158
2026-09-17 14:36:50,SPX,7636.41,7603.57,7510.0,175,3312,0.5156,0.000158
2026-09-17 14:36:50,SPX,7636.41,7603.57,7765.0,450,56,0.387,0.000158
2026-09-17 14:36:50,SPX,7636.41,7603.57,7505.0,100,596,0.5349,0.000158
2026-09-17 14:36:50,SPX,7636.41,7603.57,7770.0,1513,62,0.389,0.000158
2026-09-17 14:36:50,SPX,7636.41,7603.57,7500.0,527,4190,0.5543,0.000158
2026-09-17 14:36:50,SPX,7636.41,7603.57,7775.0,1138,57,0.3903,0.000158
2026-09-17 14:36:50,SPX,7636.41,7603.57,7495.0,36,1579,0.5738,0.000158
2026-09-17 14:36:50,SPX,7636.41,7603.57,7780.0,2356,39,0.3909,0.000158
2026-09-17 14:36:50,SPX,7636.41,7603.57,7490.0,25,1973,0.593,0.000158
2026-09-17 14:36:50,SPX,7636.41,7603.57,7785.0,1822,29,0.3908,0.000158
2026-09-17 14:36:50,SPX,7636.41,7603.57,7485.0,40,934,0.612,0.000158
2026-09-17 14:36:50,SPX,7636.41,7603.57,7795.0,0,11,0.3891,0.000158
2026-09-17 14:36:50,SPX,7636.41,7603.57,7800.0,9270,103,0.3876,0.000158
2026-09-17 14:36:50,SPX,7636.41,7603.57,7470.0,0,2274,0.6519,0.000158
2026-09-17 14:36:50,SPX,7636.41,7603.57,7805.0,2220,11,0.3857,0.000158
2026-09-17 14:36:50,SPX,7636.41,7603.57,7465.0,0,849,0.6847,0.000158
2026-09-17 14:36:50,SPX,7636.41,7603.57,7810.0,706,4,0.3836,0.000158
2026-09-17 14:36:50,SPX,7636.41,7603.57,7815.0,922,2,0.3814,0.000158
2026-09-17 14:36:50,SPX,7636.41,7603.57,7455.0,26,1050,0.7187,0.000158
2026-09-17 14:36:50,SPX,7636.41,7603.57,7820.0,421,16,0.3789,0.000158
2026-09-17 14:36:50,SPX,7636.41,7603.57,7450.0,414,3621,0.7344,0.000158
2026-09-17 14:36:50,SPX,7636.41,7603.57,7825.0,1073,73,0.3759,0.000158
2026-09-17 14:36:50,SPX,7636.41,7603.57,7445.0,22,956,0.7488,0.000158
2026-09-17 14:36:50,SPX,7636.41,7603.57,7830.0,794,3,0.3728,0.000158
2026-09-17 14:36:50,SPX,7636.41,7603.57,7440.0,26,1224,0.7625,0.000158
2026-09-17 14:36:50,SPX,7636.41,7603.57,7835.0,516,0,0.3697,0.000158
2026-09-17 14:36:50,SPX,7636.41,7603.57,7435.0,13,972,0.7755,0.000158
2026-09-17 14:36:50,SPX,7636.41,7603.57,7840.0,509,23,0.3665,0.000158
2026-09-17 14:36:50,SPX,7636.41,7603.57,7430.0,3,1149,0.7878,0.000158
2026-09-17 14:36:50,SPX,7636.41,7603.57,7845.0,439,0,0.3633,0.000158
2026-09-17 14:36:50,SPX,7636.41,7603.57,7425.0,34,4728,0.7992,0.000158
2026-09-17 14:36:50,SPX,7636.41,7603.57,7850.0,631,53,0.36,0.000158
2026-09-17 14:36:50,SPX,7636.41,7603.57,7420.0,28,2734,0.8098,0.000158
2026-09-17 14:36:50,SPX,7636.41,7603.57,7855.0,452,1,0.3568,0.000158
2026-09-17 14:36:50,SPX,7636.41,7603.57,7415.0,12,1524,0.8196,0.000158
2026-09-17 14:36:50,SPX,7636.41,7603.57,7860.0,288,0,0.3535,0.000158
2026-09-17 14:36:50,SPX,7636.41,7603.57,7410.0,14,1498,0.8284,0.000158
2026-09-17 14:36:50,SPX,7636.41,7603.57,7865.0,198,0,0.3503,0.000158
2026-09-17 14:36:50,SPX,7636.41,7603.57,7405.0,10,673,0.8363,0.000158
2026-09-17 14:36:50,SPX,7636.41,7603.57,7870.0,3187,2,0.347,0.000158
2026-09-17 14:36:50,SPX,7636.41,7603.57,7400.0,32,2856,0.8435,0.000158
2026-09-17 14:36:50,SPX,7636.41,7603.57,7875.0,681,10,0.3438,0.000158
2026-09-17 14:36:50,SPX,7636.41,7603.57,7395.0,1,713,0.8498,0.000158
2026-09-17 14:36:50,SPX,7636.41,7603.57,7880.0,1369,3,0.3405,0.000158
2026-09-17 14:36:50,SPX,7636.41,7603.57,7390.0,6,1922,0.8552,0.000158
2026-09-17 14:36:50,SPX,7636.41,7603.57,7885.0,7177,7,0.3373,0.000158
2026-09-17 14:36:50,SPX,7636.41,7603.57,7635.0,911,1251,0.137,0.002896
2026-09-17 14:36:50,SPX,7636.41,7603.57,7640.0,782,1233,0.1344,0.002896
2026-09-17 14:36:50,SPX,7636.41,7603.57,7630.0,642,3316,0.1395,0.002896
2026-09-17 14:36:50,SPX,7636.41,7603.57,7645.0,508,452,0.1325,0.002896
2026-09-17 14:36:50,SPX,7636.41,7603.57,7625.0,1767,4635,0.1407,0.002896
2026-09-17 14:36:50,SPX,7636.41,7603.57,7650.0,6295,6150,0.1308,0.002896
2026-09-17 14:36:50,SPX,7636.41,7603.57,7620.0,785,554,0.1435,0.002896
2026-09-17 14:36:50,SPX,7636.41,7603.57,7655.0,727,3309,0.1294,0.002896
2026-09-17 14:36:50,SPX,7636.41,7603.57,7615.0,1057,2408,0.1463,0.002896
2026-09-17 14:36:50,SPX,7636.41,7603.57,7660.0,2473,3154,0.1277,0.002896
2026-09-17 14:36:50,SPX,7636.41,7603.57,7610.0,907,956,0.1479,0.002896
2026-09-17 14:36:50,SPX,7636.41,7603.57,7665.0,841,392,0.1264,0.002896
2026-09-17 14:36:50,SPX,7636.41,7603.57,7605.0,795,2812,0.1499,0.002896
2026-09-17 14:36:50,SPX,7636.41,7603.57,7670.0,1463,660,0.1255,0.002896
2026-09-17 14:36:50,SPX,7636.41,7603.57,7600.0,4785,5804,0.1524,0.002896
2026-09-17 14:36:50,SPX,7636.41,7603.57,7675.0,5592,3236,0.1247,0.002896
2026-09-17 14:36:50,SPX,7636.41,7603.57,7595.0,323,725,0.155,0.002896
2026-09-17 14:36:50,SPX,7636.41,7603.57,7680.0,3781,614,0.1239,0.002896
2026-09-17 14:36:50,SPX,7636.41,7603.57,7590.0,549,1030,0.1577,0.002896
2026-09-17 14:36:50,SPX,7636.41,7603.57,7685.0,1113,385,0.1232,0.002896
2026-09-17 14:36:50,SPX,7636.41,7603.57,7585.0,447,574,0.1605,0.002896
2026-09-17 14:36:50,SPX,7636.41,7603.57,7690.0,1091,1619,0.1209,0.002896
2026-09-17 14:36:50,SPX,7636.41,7603.57,7580.0,953,946,0.1637,0.002896
2026-09-17 14:36:50,SPX,7636.41,7603.57,7695.0,1758,611,0.121,0.002896
2026-09-17 14:36:50,SPX,7636.41,7603.57,7575.0,701,2374,0.1664,0.002896
2026-09-17 14:36:50,SPX,7636.41,7603.57,7700.0,10448,5604,0.1217,0.002896
2026-09-17 14:36:50,SPX,7636.41,7603.57,7570.0,535,1083,0.1685,0.002896
2026-09-17 14:36:50,SPX,7636.41,7603.57,7705.0,3410,676,0.1205,0.002896
2026-09-17 14:36:50,SPX,7636.41,7603.57,7565.0,675,575,0.1721,0.002896
2026-09-17 14:36:50,SPX,7636.41,7603.57,7710.0,774,393,0.1207,0.002896
2026-09-17 14:36:50,SPX,7636.41,7603.57,7560.0,348,801,0.1742,0.002896
2026-09-17 14:36:50,SPX,7636.41,7603.57,7715.0,1516,365,0.1214,0.002896
2026-09-17 14:36:50,SPX,7636.41,7603.57,7555.0,176,587,0.178,0.002896
2026-09-17 14:36:50,SPX,7636.41,7603.57,7720.0,732,1172,0.1222,0.002896
2026-09-17 14:36:50,SPX,7636.41,7603.57,7550.0,2789,8543,0.1805,0.002896
2026-09-17 14:36:50,SPX,7636.41,7603.57,7725.0,3288,1225,0.1236,0.002896
2026-09-17 14:36:50,SPX,7636.41,7603.57,7545.0,1977,2390,0.184,0.002896
2026-09-17 14:36:50,SPX,7636.41,7603.57,7730.0,776,460,0.1245,0.002896
2026-09-17 14:36:50,SPX,7636.41,7603.57,7540.0,145,1172,0.1865,0.002896
2026-09-17 14:36:50,SPX,7636.41,7603.57,7735.0,974,665,0.1259,0.002896
2026-09-17 14:36:50,SPX,7636.41,7603.57,7535.0,226,1111,0.1902,0.002896
2026-09-17 14:36:50,SPX,7636.41,7603.57,7740.0,1661,425,0.1274,0.002896
2026-09-17 14:36:50,SPX,7636.41,7603.57,7530.0,184,1152,0.1924,0.002896
2026-09-17 14:36:50,SPX,7636.41,7603.57,7745.0,941,179,0.129,0.002896
2026-09-17 14:36:50,SPX,7636.41,7603.57,7525.0,232,1122,0.1947,0.002896
2026-09-17 14:36:50,SPX,7636.41,7603.57,7750.0,3182,1431,0.1309,0.002896
2026-09-17 14:36:50,SPX,7636.41,7603.57,7520.0,140,1349,0.1977,0.002896
2026-09-17 14:36:50,SPX,7636.41,7603.57,7755.0,1730,147,0.133,0.002896
2026-09-17 14:36:50,SPX,7636.41,7603.57,7515.0,143,841,0.2028,0.002896
2026-09-17 14:36:50,SPX,7636.41,7603.57,7760.0,2092,87,0.1355,0.002896
2026-09-17 14:36:50,SPX,7636.41,7603.57,7510.0,154,970,0.2052,0.002896
2026-09-17 14:36:50,SPX,7636.41,7603.57,7765.0,1300,221,0.1398,0.002896
2026-09-17 14:36:50,SPX,7636.41,7603.57,7505.0,96,679,0.2068,0.002896
2026-09-17 14:36:50,SPX,7636.41,7603.57,7770.0,986,242,0.1432,0.002896
2026-09-17 14:36:50,SPX,7636.41,7603.57,7500.0,891,3885,0.2103,0.002896
2026-09-17 14:36:50,SPX,7636.41,7603.57,7775.0,2208,479,0.1466,0.002896
2026-09-17 14:36:50,SPX,7636.41,7603.57,7495.0,647,1987,0.2132,0.002896
2026-09-17 14:36:50,SPX,7636.41,7603.57,7780.0,1650,246,0.1501,0.002896
2026-09-17 14:36:50,SPX,7636.41,7603.57,7490.0,71,1004,0.2186,0.002896
2026-09-17 14:36:50,SPX,7636.41,7603.57,7785.0,1661,259,0.1536,0.002896
2026-09-17 14:36:50,SPX,7636.41,7603.57,7485.0,68,463,0.2218,0.002896
2026-09-17 14:36:50,SPX,7636.41,7603.57,7790.0,1693,179,0.1571,0.002896
2026-09-17 14:36:50,SPX,7636.41,7603.57,7480.0,112,1181,0.2252,0.002896
2026-09-17 14:36:50,SPX,7636.41,7603.57,7795.0,1028,146,0.1605,0.002896
2026-09-17 14:36:50,SPX,7636.41,7603.57,7475.0,333,1738,0.2291,0.002896
2026-09-17 14:36:50,SPX,7636.41,7603.57,7800.0,5655,695,0.1639,0.002896
2026-09-17 14:36:50,SPX,7636.41,7603.57,7470.0,97,1130,0.2324,0.002896
2026-09-17 14:36:50,SPX,7636.41,7603.57,7805.0,1216,62,0.1673,0.002896
2026-09-17 14:36:50,SPX,7636.41,7603.57,7465.0,31,1706,0.2364,0.002896
2026-09-17 14:36:50,SPX,7636.41,7603.57,7810.0,1544,79,0.1706,0.002896
2026-09-17 14:36:50,SPX,7636.41,7603.57,7460.0,102,1027,0.2393,0.002896
2026-09-17 14:36:50,SPX,7636.41,7603.57,7815.0,1984,47,0.174,0.002896
2026-09-17 14:36:50,SPX,7636.41,7603.57,7455.0,70,572,0.2424,0.002896
2026-09-17 14:36:50,SPX,7636.41,7603.57,7820.0,3089,77,0.1774,0.002896
2026-09-17 14:36:50,SPX,7636.41,7603.57,7450.0,344,3283,0.2448,0.002896
2026-09-17 14:36:50,SPX,7636.41,7603.57,7825.0,2721,123,0.1808,0.002896
2026-09-17 14:36:50,SPX,7636.41,7603.57,7445.0,70,760,0.2518,0.002896
2026-09-17 14:36:50,SPX,7636.41,7603.57,7830.0,1165,77,0.1842,0.002896
2026-09-17 14:36:50,SPX,7636.41,7603.57,7440.0,79,1483,0.2552,0.002896
2026-09-17 14:36:50,SPX,7636.41,7603.57,7835.0,679,18,0.1875,0.002896
2026-09-17 14:36:50,SPX,7636.41,7603.57,7435.0,20,1659,0.2579,0.002896
2026-09-17 14:36:50,SPX,7636.41,7603.57,7840.0,1822,57,0.1907,0.002896
2026-09-17 14:36:50,SPX,7636.41,7603.57,7430.0,152,978,0.2603,0.002896
2026-09-17 14:36:50,SPX,7636.41,7603.57,7845.0,566,35,0.1939,0.002896
2026-09-17 14:36:50,SPX,7636.41,7603.57,7425.0,449,2516,0.2672,0.002896
2026-09-17 14:36:50,SPX,7636.41,7603.57,7850.0,3812,60,0.1972,0.002896
2026-09-17 14:36:50,SPX,7636.41,7603.57,7420.0,97,757,0.2689,0.002896
2026-09-17 14:36:50,SPX,7636.41,7603.57,7855.0,716,27,0.2004,0.002896
2026-09-17 14:36:50,SPX,7636.41,7603.57,7415.0,55,792,0.2714,0.002896
2026-09-17 14:36:50,SPX,7636.41,7603.57,7860.0,861,19,0.2037,0.002896
2026-09-17 14:36:50,SPX,7636.41,7603.57,7410.0,269,1274,0.2769,0.002896
2026-09-17 14:36:50,SPX,7636.41,7603.57,7865.0,634,11,0.2071,0.002896
2026-09-17 14:36:50,SPX,7636.41,7603.57,7405.0,158,891,0.2797,0.002896
2026-09-17 14:36:50,SPX,7636.41,7603.57,7870.0,855,21,0.2106,0.002896
2026-09-17 14:36:50,SPX,7636.41,7603.57,7400.0,1057,6101,0.2844,0.002896
2026-09-17 14:36:50,SPX,7636.41,7603.57,7875.0,1924,71,0.2141,0.002896
2026-09-17 14:36:50,SPX,7636.41,7603.57,7395.0,0,2413,0.2896,0.002896
2026-09-17 14:36:50,SPX,7636.41,7603.57,7880.0,706,54,0.2176,0.002896
2026-09-17 14:36:50,SPX,7636.41,7603.57,7390.0,33,1245,0.2943,0.002896
2026-09-17 14:36:50,SPX,7636.41,7603.57,7885.0,650,18,0.221,0.002896
2026-09-17 14:36:50,SPX,7636.41,7603.57,7635.0,204,390,0.0977,0.01111
2026-09-17 14:36:50,SPX,7636.41,7603.57,7640.0,281,264,0.0966,0.01111
2026-09-17 14:36:50,SPX,7636.41,7603.57,7630.0,276,417,0.0989,0.01111
2026-09-17 14:36:50,SPX,7636.41,7603.57,7645.0,221,49,0.0955,0.01111
2026-09-17 14:36:50,SPX,7636.41,7603.57,7625.0,170,445,0.1005,0.01111
2026-09-17 14:36:50,SPX,7636.41,7603.57,7650.0,664,713,0.0944,0.01111
2026-09-17 14:36:50,SPX,7636.41,7603.57,7620.0,196,163,0.1015,0.01111
2026-09-17 14:36:50,SPX,7636.41,7603.57,7655.0,219,59,0.0933,0.01111
2026-09-17 14:36:50,SPX,7636.41,7603.57,7615.0,179,186,0.1025,0.01111
2026-09-17 14:36:50,SPX,7636.41,7603.57,7660.0,379,188,0.0924,0.01111
2026-09-17 14:36:50,SPX,7636.41,7603.57,7610.0,164,259,0.1039,0.01111
2026-09-17 14:36:50,SPX,7636.41,7603.57,7665.0,211,87,0.0916,0.01111
2026-09-17 14:36:50,SPX,7636.41,7603.57,7605.0,163,132,0.1052,0.01111
2026-09-17 14:36:50,SPX,7636.41,7603.57,7670.0,466,207,0.0908,0.01111
2026-09-17 14:36:50,SPX,7636.41,7603.57,7600.0,460,900,0.1065,0.01111
2026-09-17 14:36:50,SPX,7636.41,7603.57,7675.0,375,667,0.09,0.01111
2026-09-17 14:36:50,SPX,7636.41,7603.57,7595.0,78,265,0.1079,0.01111
2026-09-17 14:36:50,SPX,7636.41,7603.57,7680.0,314,108,0.0891,0.01111
2026-09-17 14:36:50,SPX,7636.41,7603.57,7590.0,120,369,0.1096,0.01111
2026-09-17 14:36:50,SPX,7636.41,7603.57,7685.0,247,50,0.0881,0.01111
2026-09-17 14:36:50,SPX,7636.41,7603.57,7585.0,473,207,0.1108,0.01111
2026-09-17 14:36:50,SPX,7636.41,7603.57,7690.0,390,170,0.0872,0.01111
2026-09-17 14:36:50,SPX,7636.41,7603.57,7580.0,120,343,0.112,0.01111
2026-09-17 14:36:50,SPX,7636.41,7603.57,7695.0,318,61,0.0865,0.01111
2026-09-17 14:36:50,SPX,7636.41,7603.57,7575.0,95,494,0.1134,0.01111
2026-09-17 14:36:50,SPX,7636.41,7603.57,7700.0,4505,3404,0.0858,0.01111
2026-09-17 14:36:50,SPX,7636.41,7603.57,7570.0,69,233,0.115,0.01111
2026-09-17 14:36:50,SPX,7636.41,7603.57,7705.0,364,52,0.0853,0.01111
2026-09-17 14:36:50,SPX,7636.41,7603.57,7565.0,48,129,0.1167,0.01111
2026-09-17 14:36:50,SPX,7636.41,7603.57,7710.0,688,127,0.0848,0.01111
2026-09-17 14:36:50,SPX,7636.41,7603.57,7560.0,190,383,0.1184,0.01111
2026-09-17 14:36:50,SPX,7636.41,7603.57,7715.0,442,26,0.0844,0.01111
2026-09-17 14:36:50,SPX,7636.41,7603.57,7555.0,31,220,0.12,0.01111
2026-09-17 14:36:50,SPX,7636.41,7603.57,7720.0,461,172,0.0841,0.01111
2026-09-17 14:36:50,SPX,7636.41,7603.57,7550.0,167,702,0.1216,0.01111
2026-09-17 14:36:50,SPX,7636.41,7603.57,7725.0,1113,399,0.0837,0.01111
2026-09-17 14:36:50,SPX,7636.41,7603.57,7545.0,22,120,0.123,0.01111
2026-09-17 14:36:50,SPX,7636.41,7603.57,7730.0,577,164,0.0834,0.01111
2026-09-17 14:36:50,SPX,7636.41,7603.57,7540.0,69,158,0.1242,0.01111
2026-09-17 14:36:50,SPX,7636.41,7603.57,7735.0,622,30,0.083,0.01111
2026-09-17 14:36:50,SPX,7636.41,7603.57,7535.0,74,135,0.1255,0.01111
2026-09-17 14:36:50,SPX,7636.41,7603.57,7740.0,809,205,0.0828,0.01111
2026-09-17 14:36:50,SPX,7636.41,7603.57,7530.0,49,244,0.1268,0.01111
2026-09-17 14:36:50,SPX,7636.41,7603.57,7745.0,323,31,0.0826,0.01111
2026-09-17 14:36:50,SPX,7636.41,7603.57,7525.0,62,339,0.1282,0.01111
2026-09-17 14:36:50,SPX,7636.41,7603.57,7750.0,1461,338,0.0825,0.01111
2026-09-17 14:36:50,SPX,7636.41,7603.57,7520.0,33,651,0.1297,0.01111
2026-09-17 14:36:50,SPX,7636.41,7603.57,7755.0,260,7,0.0826,0.01111
2026-09-17 14:36:50,SPX,7636.41,7603.57,7515.0,44,105,0.1312,0.01111
2026-09-17 14:36:50,SPX,7636.41,7603.57,7760.0,543,93,0.0828,0.01111
2026-09-17 14:36:50,SPX,7636.41,7603.57,7510.0,25,320,0.1328,0.01111
2026-09-17 14:36:50,SPX,7636.41,7603.57,7765.0,495,2,0.0831,0.01111
2026-09-17 14:36:50,SPX,7636.41,7603.57,7505.0,16,126,0.1344,0.01111
2026-09-17 14:36:50,SPX,7636.41,7603.57,7770.0,424,30,0.0835,0.01111
2026-09-17 14:36:50,SPX,7636.41,7603.57,7500.0,31,1972,0.1361,0.01111
2026-09-17 14:36:50,SPX,7636.41,7603.57,7775.0,1335,142,0.0842,0.01111
2026-09-17 14:36:50,SPX,7636.41,7603.57,7495.0,13,410,0.1377,0.01111
2026-09-17 14:36:50,SPX,7636.41,7603.57,7780.0,551,27,0.0849,0.01111
2026-09-17 14:36:50,SPX,7636.41,7603.57,7490.0,11,298,0.1394,0.01111
2026-09-17 14:36:50,SPX,7636.41,7603.57,7785.0,347,0,0.0859,0.01111
2026-09-17 14:36:50,SPX,7636.41,7603.57,7485.0,5,157,0.141,0.01111
2026-09-17 14:36:50,SPX,7636.41,7603.57,7790.0,487,77,0.0869,0.01111
2026-09-17 14:36:50,SPX,7636.41,7603.57,7480.0,7,215,0.1426,0.01111
2026-09-17 14:36:50,SPX,7636.41,7603.57,7795.0,624,0,0.0881,0.01111
2026-09-17 14:36:50,SPX,7636.41,7603.57,7475.0,94,661,0.1441,0.01111
2026-09-17 14:36:50,SPX,7636.41,7603.57,7800.0,1775,478,0.0895,0.01111
2026-09-17 14:36:50,SPX,7636.41,7603.57,7470.0,10,250,0.1457,0.01111
2026-09-17 14:36:50,SPX,7636.41,7603.57,7805.0,517,0,0.0909,0.01111
2026-09-17 14:36:50,SPX,7636.41,7603.57,7465.0,1,160,0.1473,0.01111
2026-09-17 14:36:50,SPX,7636.41,7603.57,7810.0,640,5,0.0924,0.01111
2026-09-17 14:36:50,SPX,7636.41,7603.57,7460.0,22,213,0.1489,0.01111
2026-09-17 14:36:50,SPX,7636.41,7603.57,7815.0,559,0,0.094,0.01111
2026-09-17 14:36:50,SPX,7636.41,7603.57,7455.0,3,78,0.1505,0.01111
2026-09-17 14:36:50,SPX,7636.41,7603.57,7820.0,663,13,0.0957,0.01111
2026-09-17 14:36:50,SPX,7636.41,7603.57,7450.0,26,647,0.1521,0.01111
2026-09-17 14:36:50,SPX,7636.41,7603.57,7825.0,573,11,0.0974,0.01111
2026-09-17 14:36:50,SPX,7636.41,7603.57,7445.0,10,79,0.1537,0.01111
2026-09-17 14:36:50,SPX,7636.41,7603.57,7830.0,484,0,0.0991,0.01111
2026-09-17 14:36:50,SPX,7636.41,7603.57,7440.0,2,152,0.1554,0.01111
2026-09-17 14:36:50,SPX,7636.41,7603.57,7835.0,114,0,0.1009,0.01111
2026-09-17 14:36:50,SPX,7636.41,7603.57,7435.0,1,105,0.157,0.01111
2026-09-17 14:36:50,SPX,7636.41,7603.57,7840.0,601,2,0.1027,0.01111
2026-09-17 14:36:50,SPX,7636.41,7603.57,7430.0,4,427,0.1587,0.01111
2026-09-17 14:36:50,SPX,7636.41,7603.57,7845.0,198,0,0.1045,0.01111
2026-09-17 14:36:50,SPX,7636.41,7603.57,7425.0,9,893,0.1604,0.01111
2026-09-17 14:36:50,SPX,7636.41,7603.57,7850.0,1181,0,0.1063,0.01111
2026-09-17 14:36:50,SPX,7636.41,7603.57,7415.0,0,154,0.1639,0.01111
2026-09-17 14:36:50,SPX,7636.41,7603.57,7400.0,0,792,0.1693,0.01111
2026-09-17 14:36:50,SPX,7636.41,7603.57,7395.0,0,181,0.1711,0.01111
2026-09-17 14:36:50,SPX,7636.41,7603.57,7390.0,0,208,0.173,0.01111
2026-09-17 15:07:15,SPX,7640.67,7603.21,7640.0,1208,301,0.1131,0.0001
2026-09-17 15:07:15,SPX,7640.67,7603.21,7645.0,1269,222,0.1137,0.0001
2026-09-17 15:07:15,SPX,7640.67,7603.21,7635.0,1046,196,0.1162,0.0001
2026-09-17 15:07:15,SPX,7640.67,7603.21,7650.0,2554,3382,0.1206,0.0001
2026-09-17 15:07:15,SPX,7640.67,7603.21,7630.0,1077,398,0.125,0.0001
2026-09-17 15:07:15,SPX,7640.67,7603.21,7655.0,1613,198,0.1295,0.0001
2026-09-17 15:07:15,SPX,7640.67,7603.21,7625.0,1787,684,0.1389,0.0001
2026-09-17 15:07:15,SPX,7640.67,7603.21,7660.0,1495,291,0.1444,0.0001
2026-09-17 15:07:15,SPX,7640.67,7603.21,7620.0,1365,332,0.1581,0.0001
2026-09-17 15:07:15,SPX,7640.67,7603.21,7665.0,1161,155,0.166,0.0001
2026-09-17 15:07:15,SPX,7640.67,7603.21,7615.0,1780,186,0.179,0.0001
2026-09-17 15:07:15,SPX,7640.67,7603.21,7670.0,2846,466,0.1887,0.0001
2026-09-17 15:07:15,SPX,7640.67,7603.21,7610.0,3018,969,0.1975,0.0001
2026-09-17 15:07:15,SPX,7640.67,7603.21,7675.0,5237,3864,0.2104,0.0001
2026-09-17 15:07:15,SPX,7640.67,7603.21,7605.0,1093,394,0.224,0.0001
2026-09-17 15:07:15,SPX,7640.67,7603.21,7680.0,1335,352,0.2316,0.0001
2026-09-17 15:07:15,SPX,7640.67,7603.21,7600.0,3732,984,0.2481,0.0001
2026-09-17 15:07:15,SPX,7640.67,7603.21,7685.0,1208,211,0.2502,0.0001
2026-09-17 15:07:15,SPX,7640.67,7603.21,7595.0,647,673,0.2728,0.0001
2026-09-17 15:07:15,SPX,7640.67,7603.21,7690.0,1710,388,0.2695,0.0001
2026-09-17 15:07:15,SPX,7640.67,7603.21,7590.0,1601,689,0.2999,0.0001
2026-09-17 15:07:15,SPX,7640.67,7603.21,7695.0,729,211,0.2888,0.0001
2026-09-17 15:07:15,SPX,7640.67,7603.21,7585.0,527,518,0.3176,0.0001
2026-09-17 15:07:15,SPX,7640.67,7603.21,7700.0,5946,566,0.308,0.0001
2026-09-17 15:07:15,SPX,7640.67,7603.21,7580.0,1067,943,0.3345,0.0001
2026-09-17 15:07:15,SPX,7640.67,7603.21,7705.0,1033,167,0.3266,0.0001
2026-09-17 15:07:15,SPX,7640.67,7603.21,7575.0,1221,787,0.3516,0.0001
2026-09-17 15:07:15,SPX,7640.67,7603.21,7710.0,1264,130,0.344,0.0001
2026-09-17 15:07:15,SPX,7640.67,7603.21,7570.0,659,801,0.3682,0.0001
2026-09-17 15:07:15,SPX,7640.67,7603.21,7715.0,976,167,0.3594,0.0001
2026-09-17 15:07:15,SPX,7640.67,7603.21,7565.0,477,398,0.3839,0.0001
2026-09-17 15:07:15,SPX,7640.67,7603.21,7720.0,938,314,0.3727,0.0001
2026-09-17 15:07:15,SPX,7640.67,7603.21,7560.0,752,714,0.402,0.0001
2026-09-17 15:07:15,SPX,7640.67,7603.21,7725.0,3333,149,0.384,0.0001
2026-09-17 15:07:15,SPX,7640.67,7603.21,7555.0,1328,578,0.4232,0.0001
2026-09-17 15:07:15,SPX,7640.67,7603.21,7730.0,2689,77,0.3934,0.0001
2026-09-17 15:07:15,SPX,7640.67,7603.21,7550.0,2212,1562,0.4466,0.0001
2026-09-17 15:07:15,SPX,7640.67,7603.21,7735.0,564,44,0.401,0.0001
2026-09-17 15:07:15,SPX,7640.67,7603.21,7545.0,490,658,0.4715,0.0001
2026-09-17 15:07:15,SPX,7640.67,7603.21,7740.0,903,171,0.4071,0.0001
2026-09-17 15:07:15,SPX,7640.67,7603.21,7540.0,345,1146,0.4959,0.0001
2026-09-17 15:07:15,SPX,7640.67,7603.21,7745.0,393,42,0.4118,0.0001
2026-09-17 15:07:15,SPX,7640.67,7603.21,7535.0,277,719,0.52,0.0001
2026-09-17 15:07:15,SPX,7640.67,7603.21,7750.0,1471,201,0.4154,0.0001
2026-09-17 15:07:15,SPX,7640.67,7603.21,7530.0,316,791,0.5437,0.0001
2026-09-17 15:07:15,SPX,7640.67,7603.21,7755.0,379,51,0.4176,0.0001
2026-09-17 15:07:15,SPX,7640.67,7603.21,7525.0,625,1441,0.5666,0.0001
2026-09-17 15:07:15,SPX,7640.67,7603.21,7760.0,855,100,0.4188,0.0001
2026-09-17 15:07:15,SPX,7640.67,7603.21,7520.0,462,1558,0.5885,0.0001
2026-09-17 15:07:15,SPX,7640.67,7603.21,7765.0,450,56,0.4192,0.0001
2026-09-17 15:07:15,SPX,7640.67,7603.21,7515.0,109,667,0.6086,0.0001
2026-09-17 15:07:15,SPX,7640.67,7603.21,7770.0,1513,62,0.419,0.0001
2026-09-17 15:07:15,SPX,7640.67,7603.21,7510.0,175,3312,0.6275,0.0001
2026-09-17 15:07:15,SPX,7640.67,7603.21,7775.0,1138,57,0.4182,0.0001
2026-09-17 15:07:15,SPX,7640.67,7603.21,7505.0,100,596,0.6455,0.0001
2026-09-17 15:07:15,SPX,7640.67,7603.21,7780.0,2356,39,0.4169,0.0001
2026-09-17 15:07:15,SPX,7640.67,7603.21,7500.0,527,4190,0.6627,0.0001
2026-09-17 15:07:15,SPX,7640.67,7603.21,7785.0,1822,29,0.4154,0.0001
2026-09-17 15:07:15,SPX,7640.67,7603.21,7495.0,36,1579,0.6792,0.0001
2026-09-17 15:07:15,SPX,7640.67,7603.21,7790.0,3260,36,0.4135,0.0001
2026-09-17 15:07:15,SPX,7640.67,7603.21,7490.0,25,1973,0.695,0.0001
2026-09-17 15:07:15,SPX,7640.67,7603.21,7795.0,6829,11,0.4112,0.0001
2026-09-17 15:07:15,SPX,7640.67,7603.21,7485.0,40,934,0.7101,0.0001
2026-09-17 15:07:15,SPX,7640.67,7603.21,7800.0,9270,103,0.4089,0.0001
2026-09-17 15:07:15,SPX,7640.67,7603.21,7480.0,78,966,0.7236,0.0001
2026-09-17 15:07:15,SPX,7640.67,7603.21,7805.0,2220,11,0.4064,0.0001
2026-09-17 15:07:15,SPX,7640.67,7603.21,7475.0,41,1278,0.7363,0.0001
2026-09-17 15:07:15,SPX,7640.67,7603.21,7810.0,706,4,0.4038,0.0001
2026-09-17 15:07:15,SPX,7640.67,7603.21,7470.0,43,2274,0.7482,0.0001
2026-09-17 15:07:15,SPX,7640.67,7603.21,7815.0,922,2,0.4012,0.0001
2026-09-17 15:07:15,SPX,7640.67,7603.21,7465.0,33,849,0.7592,0.0001
2026-09-17 15:07:15,SPX,7640.67,7603.21,7820.0,421,16,0.3984,0.0001
2026-09-17 15:07:15,SPX,7640.67,7603.21,7460.0,9,1351,0.7691,0.0001
2026-09-17 15:07:15,SPX,7640.67,7603.21,7825.0,1073,73,0.395,0.0001
2026-09-17 15:07:15,SPX,7640.67,7603.21,7455.0,26,1050,0.7776,0.0001
2026-09-17 15:07:15,SPX,7640.67,7603.21,7830.0,794,3,0.3916,0.0001
2026-09-17 15:07:15,SPX,7640.67,7603.21,7450.0,414,3621,0.7848,0.0001
2026-09-17 15:07:15,SPX,7640.67,7603.21,7835.0,516,0,0.3882,0.0001
2026-09-17 15:07:15,SPX,7640.67,7603.21,7445.0,22,956,0.7913,0.0001
2026-09-17 15:07:15,SPX,7640.67,7603.21,7840.0,509,23,0.3847,0.0001
2026-09-17 15:07:15,SPX,7640.67,7603.21,7440.0,26,1224,0.7972,0.0001
2026-09-17 15:07:15,SPX,7640.67,7603.21,7845.0,439,0,0.3812,0.0001
2026-09-17 15:07:15,SPX,7640.67,7603.21,7435.0,13,972,0.8031,0.0001
2026-09-17 15:07:15,SPX,7640.67,7603.21,7850.0,631,53,0.3777,0.0001
2026-09-17 15:07:15,SPX,7640.67,7603.21,7430.0,3,1149,0.8097,0.0001
2026-09-17 15:07:15,SPX,7640.67,7603.21,7855.0,452,1,0.3742,0.0001
2026-09-17 15:07:15,SPX,7640.67,7603.21,7425.0,34,4728,0.8168,0.0001
2026-09-17 15:07:15,SPX,7640.67,7603.21,7860.0,288,0,0.3708,0.0001
2026-09-17 15:07:15,SPX,7640.67,7603.21,7420.0,28,2734,0.8231,0.0001
2026-09-17 15:07:15,SPX,7640.67,7603.21,7865.0,198,0,0.3673,0.0001
2026-09-17 15:07:15,SPX,7640.67,7603.21,7415.0,12,1524,0.8272,0.0001
2026-09-17 15:07:15,SPX,7640.67,7603.21,7870.0,3187,2,0.3638,0.0001
2026-09-17 15:07:15,SPX,7640.67,7603.21,7410.0,14,1498,0.8294,0.0001
2026-09-17 15:07:15,SPX,7640.67,7603.21,7875.0,681,10,0.3604,0.0001
2026-09-17 15:07:15,SPX,7640.67,7603.21,7405.0,10,673,0.83,0.0001
2026-09-17 15:07:15,SPX,7640.67,7603.21,7880.0,1369,3,0.3569,0.0001
2026-09-17 15:07:15,SPX,7640.67,7603.21,7400.0,32,2856,0.829,0.0001
2026-09-17 15:07:15,SPX,7640.67,7603.21,7885.0,7177,7,0.3535,0.0001
2026-09-17 15:07:15,SPX,7640.67,7603.21,7395.0,1,713,0.8269,0.0001
2026-09-17 15:07:15,SPX,7640.67,7603.21,7890.0,3264,0,0.3501,0.0001
2026-09-17 15:07:15,SPX,7640.67,7603.21,7640.0,782,1233,0.1361,0.002838
2026-09-17 15:07:15,SPX,7640.67,7603.21,7645.0,508,452,0.1351,0.002838
2026-09-17 15:07:15,SPX,7640.67,7603.21,7635.0,911,1251,0.1384,0.002838
2026-09-17 15:07:15,SPX,7640.67,7603.21,7650.0,6295,6150,0.1322,0.002838
2026-09-17 15:07:15,SPX,7640.67,7603.21,7630.0,642,3316,0.1416,0.002838
2026-09-17 15:07:15,SPX,7640.67,7603.21,7655.0,727,3309,0.131,0.002838
2026-09-17 15:07:15,SPX,7640.67,7603.21,7625.0,1767,4635,0.1444,0.002838
2026-09-17 15:07:15,SPX,7640.67,7603.21,7660.0,2473,3154,0.1299,0.002838
2026-09-17 15:07:15,SPX,7640.67,7603.21,7620.0,785,554,0.1464,0.002838
2026-09-17 15:07:15,SPX,7640.67,7603.21,7665.0,841,392,0.1284,0.002838
2026-09-17 15:07:15,SPX,7640.67,7603.21,7615.0,1057,2408,0.1483,0.002838
2026-09-17 15:07:15,SPX,7640.67,7603.21,7670.0,1463,660,0.1267,0.002838
2026-09-17 15:07:15,SPX,7640.67,7603.21,7610.0,907,956,0.1505,0.002838
2026-09-17 15:07:15,SPX,7640.67,7603.21,7675.0,5592,3236,0.1253,0.002838
2026-09-17 15:07:15,SPX,7640.67,7603.21,7605.0,795,2812,0.1529,0.002838
2026-09-17 15:07:15,SPX,7640.67,7603.21,7680.0,3781,614,0.1233,0.002838
2026-09-17 15:07:15,SPX,7640.67,7603.21,7600.0,4785,5804,0.1553,0.002838
2026-09-17 15:07:15,SPX,7640.67,7603.21,7685.0,1113,385,0.1225,0.002838
2026-09-17 15:07:15,SPX,7640.67,7603.21,7595.0,323,725,0.1585,0.002838
2026-09-17 15:07:15,SPX,7640.67,7603.21,7690.0,1091,1619,0.1221,0.002838
2026-09-17 15:07:15,SPX,7640.67,7603.21,7590.0,549,1030,0.1611,0.002838
2026-09-17 15:07:15,SPX,7640.67,7603.21,7695.0,1758,611,0.1203,0.002838
2026-09-17 15:07:15,SPX,7640.67,7603.21,7585.0,447,574,0.1639,0.002838
2026-09-17 15:07:15,SPX,7640.67,7603.21,7700.0,10448,5604,0.1197,0.002838
2026-09-17 15:07:15,SPX,7640.67,7603.21,7580.0,953,946,0.1661,0.002838
2026-09-17 15:07:15,SPX,7640.67,7603.21,7705.0,3410,676,0.1197,0.002838
2026-09-17 15:07:15,SPX,7640.67,7603.21,7575.0,701,2374,0.1699,0.002838
2026-09-17 15:07:15,SPX,7640.67,7603.21,7710.0,774,393,0.1196,0.002838
2026-09-17 15:07:15,SPX,7640.67,7603.21,7570.0,535,1083,0.1714,0.002838
2026-09-17 15:07:15,SPX,7640.67,7603.21,7715.0,1516,365,0.1202,0.002838
2026-09-17 15:07:15,SPX,7640.67,7603.21,7565.0,675,575,0.1746,0.002838
2026-09-17 15:07:15,SPX,7640.67,7603.21,7720.0,732,1172,0.1207,0.002838
2026-09-17 15:07:15,SPX,7640.67,7603.21,7560.0,348,801,0.1778,0.002838
2026-09-17 15:07:15,SPX,7640.67,7603.21,7725.0,3288,1225,0.1207,0.002838
2026-09-17 15:07:15,SPX,7640.67,7603.21,7555.0,176,587,0.1804,0.002838
2026-09-17 15:07:15,SPX,7640.67,7603.21,7730.0,776,460,0.1207,0.002838
2026-09-17 15:07:15,SPX,7640.67,7603.21,7550.0,2789,8543,0.1843,0.002838
2026-09-17 15:07:15,SPX,7640.67,7603.21,7735.0,974,665,0.1213,0.002838
2026-09-17 15:07:15,SPX,7640.67,7603.21,7545.0,1977,2390,0.188,0.002838
2026-09-17 15:07:15,SPX,7640.67,7603.21,7740.0,1661,425,0.1229,0.002838
2026-09-17 15:07:15,SPX,7640.67,7603.21,7540.0,145,1172,0.1892,0.002838
2026-09-17 15:07:15,SPX,7640.67,7603.21,7745.0,941,179,0.1252,0.002838
2026-09-17 15:07:15,SPX,7640.67,7603.21,7535.0,226,1111,0.1934,0.002838
2026-09-17 15:07:15,SPX,7640.67,7603.21,7750.0,3182,1431,0.1278,0.002838
2026-09-17 15:07:15,SPX,7640.67,7603.21,7530.0,184,1152,0.1955,0.002838
2026-09-17 15:07:15,SPX,7640.67,7603.21,7755.0,1730,147,0.1307,0.002838
2026-09-17 15:07:15,SPX,7640.67,7603.21,7525.0,232,1122,0.1994,0.002838
2026-09-17 15:07:15,SPX,7640.67,7603.21,7760.0,2092,87,0.1336,0.002838
2026-09-17 15:07:15,SPX,7640.67,7603.21,7520.0,140,1349,0.2013,0.002838
2026-09-17 15:07:15,SPX,7640.67,7603.21,7765.0,1300,221,0.1367,0.002838
2026-09-17 15:07:15,SPX,7640.67,7603.21,7515.0,143,841,0.2052,0.002838
2026-09-17 15:07:15,SPX,7640.67,7603.21,7770.0,986,242,0.1399,0.002838
2026-09-17 15:07:15,SPX,7640.67,7603.21,7510.0,154,970,0.2088,0.002838
2026-09-17 15:07:15,SPX,7640.67,7603.21,7775.0,2208,479,0.143,0.002838
2026-09-17 15:07:15,SPX,7640.67,7603.21,7505.0,96,679,0.2107,0.002838
2026-09-17 15:07:15,SPX,7640.67,7603.21,7780.0,1650,246,0.1462,0.002838
2026-09-17 15:07:15,SPX,7640.67,7603.21,7500.0,891,3885,0.2156,0.002838
2026-09-17 15:07:15,SPX,7640.67,7603.21,7785.0,1661,259,0.1493,0.002838
2026-09-17 15:07:15,SPX,7640.67,7603.21,7495.0,647,1987,0.218,0.002838
2026-09-17 15:07:15,SPX,7640.67,7603.21,7790.0,1693,179,0.1524,0.002838
2026-09-17 15:07:15,SPX,7640.67,7603.21,7490.0,71,1004,0.2227,0.002838
2026-09-17 15:07:15,SPX,7640.67,7603.21,7795.0,1028,146,0.1555,0.002838
2026-09-17 15:07:15,SPX,7640.67,7603.21,7485.0,68,463,0.2267,0.002838
2026-09-17 15:07:15,SPX,7640.67,7603.21,7800.0,5655,695,0.1585,0.002838
2026-09-17 15:07:15,SPX,7640.67,7603.21,7480.0,112,1181,0.2303,0.002838
2026-09-17 15:07:15,SPX,7640.67,7603.21,7805.0,1216,62,0.1615,0.002838
2026-09-17 15:07:15,SPX,7640.67,7603.21,7475.0,333,1738,0.2337,0.002838
2026-09-17 15:07:15,SPX,7640.67,7603.21,7810.0,1544,79,0.1645,0.002838
2026-09-17 15:07:15,SPX,7640.67,7603.21,7470.0,97,1130,0.2373,0.002838
2026-09-17 15:07:15,SPX,7640.67,7603.21,7815.0,1984,47,0.1675,0.002838
2026-09-17 15:07:15,SPX,7640.67,7603.21,7465.0,31,1706,0.2414,0.002838
2026-09-17 15:07:15,SPX,7640.67,7603.21,7820.0,3089,77,0.1705,0.002838
2026-09-17 15:07:15,SPX,7640.67,7603.21,7460.0,102,1027,0.2452,0.002838
2026-09-17 15:07:15,SPX,7640.67,7603.21,7825.0,2721,123,0.1736,0.002838
2026-09-17 15:07:15,SPX,7640.67,7603.21,7455.0,70,572,0.2487,0.002838
2026-09-17 15:07:15,SPX,7640.67,7603.21,7830.0,1165,77,0.1768,0.002838
2026-09-17 15:07:15,SPX,7640.67,7603.21,7450.0,344,3283,0.2523,0.002838
2026-09-17 15:07:15,SPX,7640.67,7603.21,7835.0,679,18,0.18,0.002838
2026-09-17 15:07:15,SPX,7640.67,7603.21,7445.0,70,760,0.2554,0.002838
2026-09-17 15:07:15,SPX,7640.67,7603.21,7840.0,1822,57,0.1834,0.002838
2026-09-17 15:07:15,SPX,7640.67,7603.21,7440.0,79,1483,0.2582,0.002838
2026-09-17 15:07:15,SPX,7640.67,7603.21,7845.0,566,35,0.1869,0.002838
2026-09-17 15:07:15,SPX,7640.67,7603.21,7435.0,20,1659,0.2613,0.002838
2026-09-17 15:07:15,SPX,7640.67,7603.21,7850.0,3812,60,0.1905,0.002838
2026-09-17 15:07:15,SPX,7640.67,7603.21,7430.0,152,978,0.2668,0.002838
2026-09-17 15:07:15,SPX,7640.67,7603.21,7855.0,716,27,0.1942,0.002838
2026-09-17 15:07:15,SPX,7640.67,7603.21,7425.0,449,2516,0.2705,0.002838
2026-09-17 15:07:15,SPX,7640.67,7603.21,7860.0,861,19,0.198,0.002838
2026-09-17 15:07:15,SPX,7640.67,7603.21,7420.0,97,757,0.2751,0.002838
2026-09-17 15:07:15,SPX,7640.67,7603.21,7865.0,634,11,0.2019,0.002838
2026-09-17 15:07:15,SPX,7640.67,7603.21,7415.0,55,792,0.2802,0.002838
2026-09-17 15:07:15,SPX,7640.67,7603.21,7870.0,855,21,0.2058,0.002838
2026-09-17 15:07:15,SPX,7640.67,7603.21,7410.0,269,1274,0.2852,0.002838
2026-09-17 15:07:15,SPX,7640.67,7603.21,7875.0,1924,71,0.2098,0.002838
2026-09-17 15:07:15,SPX,7640.67,7603.21,7405.0,158,891,0.2896,0.002838
2026-09-17 15:07:15,SPX,7640.67,7603.21,7880.0,706,54,0.2138,0.002838
2026-09-17 15:07:15,SPX,7640.67,7603.21,7400.0,1057,6101,0.293,0.002838
2026-09-17 15:07:15,SPX,7640.67,7603.21,7885.0,650,18,0.2178,0.002838
2026-09-17 15:07:15,SPX,7640.67,7603.21,7395.0,30,2413,0.2961,0.002838
2026-09-17 15:07:15,SPX,7640.67,7603.21,7890.0,2712,33,0.2218,0.002838
2026-09-17 15:07:15,SPX,7640.67,7603.21,7640.0,281,264,0.0966,0.011052
2026-09-17 15:07:15,SPX,7640.67,7603.21,7645.0,221,49,0.0955,0.011052
2026-09-17 15:07:15,SPX,7640.67,7603.21,7635.0,204,390,0.0979,0.011052
2026-09-17 15:07:15,SPX,7640.67,7603.21,7650.0,664,713,0.0944,0.011052
2026-09-17 15:07:15,SPX,7640.67,7603.21,7630.0,276,417,0.0991,0.011052
2026-09-17 15:07:15,SPX,7640.67,7603.21,7655.0,219,59,0.0933,0.011052
2026-09-17 15:07:15,SPX,7640.67,7603.21,7625.0,170,445,0.1004,0.011052
2026-09-17 15:07:15,SPX,7640.67,7603.21,7660.0,379,188,0.0924,0.011052
2026-09-17 15:07:15,SPX,7640.67,7603.21,7620.0,196,163,0.1018,0.011052
2026-09-17 15:07:15,SPX,7640.67,7603.21,7665.0,211,87,0.0915,0.011052
2026-09-17 15:07:15,SPX,7640.67,7603.21,7615.0,179,186,0.1031,0.011052
2026-09-17 15:07:15,SPX,7640.67,7603.21,7670.0,466,207,0.0907,0.011052
2026-09-17 15:07:15,SPX,7640.67,7603.21,7610.0,164,259,0.1045,0.011052
2026-09-17 15:07:15,SPX,7640.67,7603.21,7675.0,375,667,0.0898,0.011052
2026-09-17 15:07:15,SPX,7640.67,7603.21,7605.0,163,132,0.1059,0.011052
2026-09-17 15:07:15,SPX,7640.67,7603.21,7680.0,314,108,0.0889,0.011052
2026-09-17 15:07:15,SPX,7640.67,7603.21,7600.0,460,900,0.1075,0.011052
2026-09-17 15:07:15,SPX,7640.67,7603.21,7685.0,247,50,0.0878,0.011052
2026-09-17 15:07:15,SPX,7640.67,7603.21,7595.0,78,265,0.1084,0.011052
2026-09-17 15:07:15,SPX,7640.67,7603.21,7690.0,390,170,0.0867,0.011052
2026-09-17 15:07:15,SPX,7640.67,7603.21,7590.0,120,369,0.11,0.011052
2026-09-17 15:07:15,SPX,7640.67,7603.21,7695.0,318,61,0.0857,0.011052
2026-09-17 15:07:15,SPX,7640.67,7603.21,7585.0,473,207,0.1112,0.011052
2026-09-17 15:07:15,SPX,7640.67,7603.21,7700.0,4505,3404,0.085,0.011052
2026-09-17 15:07:15,SPX,7640.67,7603.21,7580.0,120,343,0.1126,0.011052
2026-09-17 15:07:15,SPX,7640.67,7603.21,7705.0,364,52,0.0844,0.011052
2026-09-17 15:07:15,SPX,7640.67,7603.21,7575.0,95,494,0.1142,0.011052
2026-09-17 15:07:15,SPX,7640.67,7603.21,7710.0,688,127,0.0839,0.011052
2026-09-17 15:07:15,SPX,7640.67,7603.21,7570.0,69,233,0.1156,0.011052
2026-09-17 15:07:15,SPX,7640.67,7603.21,7715.0,442,26,0.0834,0.011052
2026-09-17 15:07:15,SPX,7640.67,7603.21,7565.0,48,129,0.1172,0.011052
2026-09-17 15:07:15,SPX,7640.67,7603.21,7720.0,461,172,0.0829,0.011052
2026-09-17 15:07:15,SPX,7640.67,7603.21,7560.0,190,383,0.1189,0.011052
2026-09-17 15:07:15,SPX,7640.67,7603.21,7725.0,1113,399,0.0823,0.011052
2026-09-17 15:07:15,SPX,7640.67,7603.21,7555.0,31,220,0.1205,0.011052
2026-09-17 15:07:15,SPX,7640.67,7603.21,7730.0,577,164,0.0817,0.011052
2026-09-17 15:07:15,SPX,7640.67,7603.21,7550.0,167,702,0.1221,0.011052
2026-09-17 15:07:15,SPX,7640.67,7603.21,7735.0,622,30,0.0812,0.011052
2026-09-17 15:07:15,SPX,7640.67,7603.21,7545.0,22,120,0.1236,0.011052
2026-09-17 15:07:15,SPX,7640.67,7603.21,7740.0,809,205,0.0807,0.011052
2026-09-17 15:07:15,SPX,7640.67,7603.21,7540.0,69,158,0.1249,0.011052
2026-09-17 15:07:15,SPX,7640.67,7603.21,7745.0,323,31,0.0803,0.011052
2026-09-17 15:07:15,SPX,7640.67,7603.21,7535.0,74,135,0.1263,0.011052
2026-09-17 15:07:15,SPX,7640.67,7603.21,7750.0,1461,338,0.0799,0.011052
2026-09-17 15:07:15,SPX,7640.67,7603.21,7530.0,49,244,0.1276,0.011052
2026-09-17 15:07:15,SPX,7640.67,7603.21,7755.0,260,7,0.0797,0.011052
2026-09-17 15:07:15,SPX,7640.67,7603.21,7525.0,62,339,0.1291,0.011052
2026-09-17 15:07:15,SPX,7640.67,7603.21,7760.0,543,93,0.0796,0.011052
2026-09-17 15:07:15,SPX,7640.67,7603.21,7520.0,33,651,0.1307,0.011052
2026-09-17 15:07:15,SPX,7640.67,7603.21,7765.0,495,2,0.0798,0.011052
2026-09-17 15:07:15,SPX,7640.67,7603.21,7515.0,44,105,0.1323,0.011052
2026-09-17 15:07:15,SPX,7640.67,7603.21,7770.0,424,30,0.0801,0.011052
2026-09-17 15:07:15,SPX,7640.67,7603.21,7510.0,25,320,0.134,0.011052
2026-09-17 15:07:15,SPX,7640.67,7603.21,7775.0,1335,142,0.0807,0.011052
2026-09-17 15:07:15,SPX,7640.67,7603.21,7505.0,16,126,0.1357,0.011052
2026-09-17 15:07:15,SPX,7640.67,7603.21,7780.0,551,27,0.0815,0.011052
2026-09-17 15:07:15,SPX,7640.67,7603.21,7500.0,31,1972,0.1374,0.011052
2026-09-17 15:07:15,SPX,7640.67,7603.21,7785.0,347,0,0.0824,0.011052
2026-09-17 15:07:15,SPX,7640.67,7603.21,7495.0,13,410,0.1391,0.011052
2026-09-17 15:07:15,SPX,7640.67,7603.21,7790.0,487,77,0.0835,0.011052
2026-09-17 15:07:15,SPX,7640.67,7603.21,7490.0,11,298,0.1408,0.011052
2026-09-17 15:07:15,SPX,7640.67,7603.21,7795.0,624,0,0.0848,0.011052
2026-09-17 15:07:15,SPX,7640.67,7603.21,7485.0,5,157,0.1425,0.011052
2026-09-17 15:07:15,SPX,7640.67,7603.21,7800.0,1775,478,0.0861,0.011052
2026-09-17 15:07:15,SPX,7640.67,7603.21,7480.0,7,215,0.1441,0.011052
2026-09-17 15:07:15,SPX,7640.67,7603.21,7805.0,517,0,0.0876,0.011052
2026-09-17 15:07:15,SPX,7640.67,7603.21,7475.0,94,661,0.1458,0.011052
2026-09-17 15:07:15,SPX,7640.67,7603.21,7810.0,640,5,0.0891,0.011052
2026-09-17 15:07:15,SPX,7640.67,7603.21,7470.0,10,250,0.1474,0.011052
2026-09-17 15:07:15,SPX,7640.67,7603.21,7815.0,559,0,0.0907,0.011052
2026-09-17 15:07:15,SPX,7640.67,7603.21,7465.0,1,160,0.149,0.011052
2026-09-17 15:07:15,SPX,7640.67,7603.21,7820.0,663,13,0.0923,0.011052
2026-09-17 15:07:15,SPX,7640.67,7603.21,7460.0,22,213,0.1506,0.011052
2026-09-17 15:07:15,SPX,7640.67,7603.21,7825.0,573,11,0.094,0.011052
2026-09-17 15:07:15,SPX,7640.67,7603.21,7455.0,3,78,0.1522,0.011052
2026-09-17 15:07:15,SPX,7640.67,7603.21,7830.0,484,0,0.0958,0.011052
2026-09-17 15:07:15,SPX,7640.67,7603.21,7450.0,26,647,0.1544,0.011052
2026-09-17 15:07:15,SPX,7640.67,7603.21,7835.0,114,0,0.0975,0.011052
2026-09-17 15:07:15,SPX,7640.67,7603.21,7445.0,10,79,0.1561,0.011052
2026-09-17 15:07:15,SPX,7640.67,7603.21,7840.0,601,2,0.0993,0.011052
2026-09-17 15:07:15,SPX,7640.67,7603.21,7440.0,2,152,0.1577,0.011052
2026-09-17 15:07:15,SPX,7640.67,7603.21,7845.0,198,0,0.1011,0.011052
2026-09-17 15:07:15,SPX,7640.67,7603.21,7435.0,1,105,0.1594,0.011052
2026-09-17 15:07:15,SPX,7640.67,7603.21,7850.0,1181,13,0.103,0.011052
2026-09-17 15:07:15,SPX,7640.67,7603.21,7430.0,4,427,0.1611,0.011052
2026-09-17 15:07:15,SPX,7640.67,7603.21,7425.0,9,893,0.1628,0.011052
2026-09-17 15:07:15,SPX,7640.67,7603.21,7860.0,602,0,0.1066,0.011052
2026-09-17 15:07:15,SPX,7640.67,7603.21,7420.0,4,210,0.1646,0.011052
2026-09-17 15:07:15,SPX,7640.67,7603.21,7415.0,0,154,0.1663,0.011052
2026-09-17 15:07:15,SPX,7640.67,7603.21,7870.0,627,0,0.1101,0.011052
2026-09-17 15:07:15,SPX,7640.67,7603.21,7410.0,1,188,0.1681,0.011052
2026-09-17 15:07:15,SPX,7640.67,7603.21,7875.0,1290,1,0.1119,0.011052
2026-09-17 15:07:15,SPX,7640.67,7603.21,7405.0,1,206,0.1699,0.011052
2026-09-17 15:07:15,SPX,7640.67,7603.21,7880.0,639,0,0.1136,0.011052
2026-09-17 15:07:15,SPX,7640.67,7603.21,7400.0,5,792,0.1718,0.011052
2026-09-17 15:07:15,SPX,7640.67,7603.21,7395.0,1,181,0.1736,0.011052
2026-09-17 15:07:15,SPX,7640.67,7603.21,7890.0,476,0,0.1171,0.011052
2026-09-17 15:37:40,SPX,7640.16,7600.37,7640.0,1208,301,0.1304,4.2e-05
2026-09-17 15:37:40,SPX,7640.16,7600.37,7645.0,1269,222,0.1322,4.2e-05
2026-09-17 15:37:40,SPX,7640.16,7600.37,7635.0,1046,196,0.1352,4.2e-05
2026-09-17 15:37:40,SPX,7640.16,7600.37,7630.0,1077,398,0.1467,4.2e-05
2026-09-17 15:37:40,SPX,7640.16,7600.37,7655.0,1613,198,0.1585,4.2e-05
2026-09-17 15:37:40,SPX,7640.16,7600.37,7625.0,1787,684,0.1659,4.2e-05
2026-09-17 15:37:40,SPX,7640.16,7600.37,7660.0,1495,291,0.1849,4.2e-05
2026-09-17 15:37:40,SPX,7640.16,7600.37,7620.0,1365,332,0.1946,4.2e-05
2026-09-17 15:37:40,SPX,7640.16,7600.37,7665.0,1161,155,0.2143,4.2e-05
2026-09-17 15:37:40,SPX,7640.16,7600.37,7615.0,1780,186,0.2285,4.2e-05
2026-09-17 15:37:40,SPX,7640.16,7600.37,7670.0,2846,466,0.2422,4.2e-05
2026-09-17 15:37:40,SPX,7640.16,7600.37,7610.0,3018,969,0.2631,4.2e-05
2026-09-17 15:37:40,SPX,7640.16,7600.37,7675.0,5237,3864,0.2706,4.2e-05
2026-09-17 15:37:40,SPX,7640.16,7600.37,7605.0,1093,394,0.3029,4.2e-05
2026-09-17 15:37:40,SPX,7640.16,7600.37,7680.0,1335,352,0.3003,4.2e-05
2026-09-17 15:37:40,SPX,7640.16,7600.37,7600.0,3732,984,0.3377,4.2e-05
2026-09-17 15:37:40,SPX,7640.16,7600.37,7685.0,1208,211,0.3282,4.2e-05
2026-09-17 15:37:40,SPX,7640.16,7600.37,7595.0,647,673,0.3746,4.2e-05
2026-09-17 15:37:40,SPX,7640.16,7600.37,7690.0,1710,388,0.3537,4.2e-05
2026-09-17 15:37:40,SPX,7640.16,7600.37,7590.0,1601,689,0.4088,4.2e-05
2026-09-17 15:37:40,SPX,7640.16,7600.37,7695.0,729,211,0.3752,4.2e-05
2026-09-17 15:37:40,SPX,7640.16,7600.37,7585.0,527,518,0.4364,4.2e-05
2026-09-17 15:37:40,SPX,7640.16,7600.37,7700.0,5946,566,0.3927,4.2e-05
2026-09-17 15:37:40,SPX,7640.16,7600.37,7580.0,1067,943,0.4602,4.2e-05
2026-09-17 15:37:40,SPX,7640.16,7600.37,7705.0,1033,167,0.4062,4.2e-05
2026-09-17 15:37:40,SPX,7640.16,7600.37,7575.0,1221,787,0.4807,4.2e-05
2026-09-17 15:37:40,SPX,7640.16,7600.37,7710.0,1264,130,0.4166,4.2e-05
2026-09-17 15:37:40,SPX,7640.16,7600.37,7570.0,659,801,0.4973,4.2e-05
2026-09-17 15:37:40,SPX,7640.16,7600.37,7715.0,976,167,0.4236,4.2e-05
2026-09-17 15:37:40,SPX,7640.16,7600.37,7565.0,477,398,0.5096,4.2e-05
2026-09-17 15:37:40,SPX,7640.16,7600.37,7720.0,938,314,0.4283,4.2e-05
2026-09-17 15:37:40,SPX,7640.16,7600.37,7560.0,752,714,0.5206,4.2e-05
2026-09-17 15:37:40,SPX,7640.16,7600.37,7725.0,3333,149,0.4317,4.2e-05
2026-09-17 15:37:40,SPX,7640.16,7600.37,7555.0,1328,578,0.5329,4.2e-05
2026-09-17 15:37:40,SPX,7640.16,7600.37,7730.0,2689,77,0.4342,4.2e-05
2026-09-17 15:37:40,SPX,7640.16,7600.37,7550.0,2212,1562,0.5462,4.2e-05
2026-09-17 15:37:40,SPX,7640.16,7600.37,7735.0,564,44,0.4359,4.2e-05
2026-09-17 15:37:40,SPX,7640.16,7600.37,7545.0,490,658,0.5601,4.2e-05
2026-09-17 15:37:40,SPX,7640.16,7600.37,7740.0,903,171,0.437,4.2e-05
2026-09-17 15:37:40,SPX,7640.16,7600.37,7540.0,345,1146,0.5734,4.2e-05
2026-09-17 15:37:40,SPX,7640.16,7600.37,7745.0,393,42,0.4376,4.2e-05
2026-09-17 15:37:40,SPX,7640.16,7600.37,7535.0,277,719,0.5866,4.2e-05
2026-09-17 15:37:40,SPX,7640.16,7600.37,7750.0,1471,201,0.4378,4.2e-05
2026-09-17 15:37:40,SPX,7640.16,7600.37,7530.0,316,791,0.6,4.2e-05
2026-09-17 15:37:40,SPX,7640.16,7600.37,7755.0,379,51,0.4373,4.2e-05
2026-09-17 15:37:40,SPX,7640.16,7600.37,7525.0,625,1441,0.6131,4.2e-05
2026-09-17 15:37:40,SPX,7640.16,7600.37,7760.0,855,100,0.4364,4.2e-05
2026-09-17 15:37:40,SPX,7640.16,7600.37,7520.0,462,1558,0.6257,4.2e-05
2026-09-17 15:37:40,SPX,7640.16,7600.37,7765.0,450,56,0.4351,4.2e-05
2026-09-17 15:37:40,SPX,7640.16,7600.37,7515.0,109,667,0.6374,4.2e-05
2026-09-17 15:37:40,SPX,7640.16,7600.37,7770.0,1513,62,0.4336,4.2e-05
2026-09-17 15:37:40,SPX,7640.16,7600.37,7510.0,175,3312,0.6483,4.2e-05
2026-09-17 15:37:40,SPX,7640.16,7600.37,7775.0,1138,57,0.4318,4.2e-05
2026-09-17 15:37:40,SPX,7640.16,7600.37,7505.0,100,596,0.6585,4.2e-05
2026-09-17 15:37:40,SPX,7640.16,7600.37,7780.0,2356,39,0.4299,4.2e-05
2026-09-17 15:37:40,SPX,7640.16,7600.37,7500.0,527,4190,0.6681,4.2e-05
2026-09-17 15:37:40,SPX,7640.16,7600.37,7785.0,1822,29,0.4277,4.2e-05
2026-09-17 15:37:40,SPX,7640.16,7600.37,7495.0,36,1579,0.6771,4.2e-05
2026-09-17 15:37:40,SPX,7640.16,7600.37,7790.0,3260,36,0.4255,4.2e-05
2026-09-17 15:37:40,SPX,7640.16,7600.37,7490.0,25,1973,0.6856,4.2e-05
2026-09-17 15:37:40,SPX,7640.16,7600.37,7795.0,6829,11,0.423,4.2e-05
2026-09-17 15:37:40,SPX,7640.16,7600.37,7485.0,40,934,0.6933,4.2e-05
2026-09-17 15:37:40,SPX,7640.16,7600.37,7800.0,9270,103,0.4206,4.2e-05
2026-09-17 15:37:40,SPX,7640.16,7600.37,7480.0,78,966,0.701,4.2e-05
2026-09-17 15:37:40,SPX,7640.16,7600.37,7805.0,2220,11,0.418,4.2e-05
2026-09-17 15:37:40,SPX,7640.16,7600.37,7475.0,41,1278,0.7083,4.2e-05
2026-09-17 15:37:40,SPX,7640.16,7600.37,7810.0,706,4,0.4155,4.2e-05
2026-09-17 15:37:40,SPX,7640.16,7600.37,7470.0,43,2274,0.715,4.2e-05
2026-09-17 15:37:40,SPX,7640.16,7600.37,7815.0,922,2,0.413,4.2e-05
2026-09-17 15:37:40,SPX,7640.16,7600.37,7465.0,33,849,0.7208,4.2e-05
2026-09-17 15:37:40,SPX,7640.16,7600.37,7820.0,421,16,0.4103,4.2e-05
2026-09-17 15:37:40,SPX,7640.16,7600.37,7460.0,9,1351,0.7255,4.2e-05
2026-09-17 15:37:40,SPX,7640.16,7600.37,7825.0,1073,0,0.4071,4.2e-05
2026-09-17 15:37:40,SPX,7640.16,7600.37,7455.0,26,1050,0.729,4.2e-05
2026-09-17 15:37:40,SPX,7640.16,7600.37,7830.0,794,3,0.4039,4.2e-05
2026-09-17 15:37:40,SPX,7640.16,7600.37,7450.0,414,3621,0.7326,4.2e-05
2026-09-17 15:37:40,SPX,7640.16,7600.37,7835.0,516,0,0.4006,4.2e-05
2026-09-17 15:37:40,SPX,7640.16,7600.37,7445.0,22,956,0.7372,4.2e-05
2026-09-17 15:37:40,SPX,7640.16,7600.37,7840.0,509,23,0.3973,4.2e-05
2026-09-17 15:37:40,SPX,7640.16,7600.37,7440.0,26,1224,0.7414,4.2e-05
2026-09-17 15:37:40,SPX,7640.16,7600.37,7845.0,439,0,0.394,4.2e-05
2026-09-17 15:37:40,SPX,7640.16,7600.37,7435.0,13,972,0.7452,4.2e-05
2026-09-17 15:37:40,SPX,7640.16,7600.37,7850.0,631,53,0.3906,4.2e-05
2026-09-17 15:37:40,SPX,7640.16,7600.37,7430.0,3,1149,0.7492,4.2e-05
2026-09-17 15:37:40,SPX,7640.16,7600.37,7855.0,452,1,0.3873,4.2e-05
2026-09-17 15:37:40,SPX,7640.16,7600.37,7425.0,34,4728,0.7538,4.2e-05
2026-09-17 15:37:40,SPX,7640.16,7600.37,7860.0,288,0,0.3839,4.2e-05
2026-09-17 15:37:40,SPX,7640.16,7600.37,7420.0,28,2734,0.7577,4.2e-05
2026-09-17 15:37:40,SPX,7640.16,7600.37,7865.0,198,0,0.3805,4.2e-05
2026-09-17 15:37:40,SPX,7640.16,7600.37,7415.0,12,1524,0.7596,4.2e-05
2026-09-17 15:37:40,SPX,7640.16,7600.37,7870.0,3187,2,0.3771,4.2e-05
2026-09-17 15:37:40,SPX,7640.16,7600.37,7410.0,14,1498,0.7613,4.2e-05
2026-09-17 15:37:40,SPX,7640.16,7600.37,7875.0,681,10,0.3737,4.2e-05
2026-09-17 15:37:40,SPX,7640.16,7600.37,7405.0,10,673,0.7623,4.2e-05
2026-09-17 15:37:40,SPX,7640.16,7600.37,7880.0,1369,3,0.3703,4.2e-05
2026-09-17 15:37:40,SPX,7640.16,7600.37,7400.0,32,2856,0.762,4.2e-05
2026-09-17 15:37:40,SPX,7640.16,7600.37,7885.0,7177,7,0.3669,4.2e-05
2026-09-17 15:37:40,SPX,7640.16,7600.37,7395.0,1,713,0.7604,4.2e-05
2026-09-17 15:37:40,SPX,7640.16,7600.37,7890.0,3264,0,0.3635,4.2e-05
2026-09-17 15:37:40,SPX,7640.16,7600.37,7640.0,782,1233,0.1358,0.00278
2026-09-17 15:37:40,SPX,7640.16,7600.37,7645.0,508,452,0.1341,0.00278
2026-09-17 15:37:40,SPX,7640.16,7600.37,7635.0,911,1251,0.138,0.00278
2026-09-17 15:37:40,SPX,7640.16,7600.37,7650.0,6295,6150,0.1321,0.00278
2026-09-17 15:37:40,SPX,7640.16,7600.37,7630.0,642,3316,0.1408,0.00278
2026-09-17 15:37:40,SPX,7640.16,7600.37,7655.0,727,3309,0.1305,0.00278
2026-09-17 15:37:40,SPX,7640.16,7600.37,7625.0,1767,4635,0.1432,0.00278
2026-09-17 15:37:40,SPX,7640.16,7600.37,7660.0,2473,3154,0.1287,0.00278
2026-09-17 15:37:40,SPX,7640.16,7600.37,7620.0,785,554,0.1456,0.00278
2026-09-17 15:37:40,SPX,7640.16,7600.37,7665.0,841,392,0.1265,0.00278
2026-09-17 15:37:40,SPX,7640.16,7600.37,7615.0,1057,2408,0.1482,0.00278
2026-09-17 15:37:40,SPX,7640.16,7600.37,7670.0,1463,660,0.1251,0.00278
2026-09-17 15:37:40,SPX,7640.16,7600.37,7610.0,907,956,0.151,0.00278
2026-09-17 15:37:40,SPX,7640.16,7600.37,7675.0,5592,3236,0.1236,0.00278
2026-09-17 15:37:40,SPX,7640.16,7600.37,7605.0,795,2812,0.1537,0.00278
2026-09-17 15:37:40,SPX,7640.16,7600.37,7680.0,3781,614,0.1219,0.00278
2026-09-17 15:37:40,SPX,7640.16,7600.37,7600.0,4785,5804,0.1569,0.00278
2026-09-17 15:37:40,SPX,7640.16,7600.37,7685.0,1113,385,0.1204,0.00278
2026-09-17 15:37:40,SPX,7640.16,7600.37,7595.0,323,725,0.1586,0.00278
2026-09-17 15:37:40,SPX,7640.16,7600.37,7690.0,1091,1619,0.1194,0.00278
2026-09-17 15:37:40,SPX,7640.16,7600.37,7590.0,549,1030,0.1618,0.00278
2026-09-17 15:37:40,SPX,7640.16,7600.37,7695.0,1758,611,0.1185,0.00278
2026-09-17 15:37:40,SPX,7640.16,7600.37,7585.0,447,574,0.1645,0.00278
2026-09-17 15:37:40,SPX,7640.16,7600.37,7700.0,10448,5604,0.1179,0.00278
2026-09-17 15:37:40,SPX,7640.16,7600.37,7580.0,953,946,0.1674,0.00278
2026-09-17 15:37:40,SPX,7640.16,7600.37,7705.0,3410,676,0.1174,0.00278
2026-09-17 15:37:40,SPX,7640.16,7600.37,7575.0,701,2374,0.1699,0.00278
2026-09-17 15:37:40,SPX,7640.16,7600.37,7710.0,774,393,0.1169,0.00278
2026-09-17 15:37:40,SPX,7640.16,7600.37,7570.0,535,1083,0.1737,0.00278
2026-09-17 15:37:40,SPX,7640.16,7600.37,7715.0,1516,365,0.1168,0.00278
2026-09-17 15:37:40,SPX,7640.16,7600.37,7565.0,675,575,0.1767,0.00278
2026-09-17 15:37:40,SPX,7640.16,7600.37,7720.0,732,1172,0.1171,0.00278
2026-09-17 15:37:40,SPX,7640.16,7600.37,7560.0,348,801,0.1804,0.00278
2026-09-17 15:37:40,SPX,7640.16,7600.37,7725.0,3288,1225,0.1178,0.00278
2026-09-17 15:37:40,SPX,7640.16,7600.37,7555.0,176,587,0.1817,0.00278
2026-09-17 15:37:40,SPX,7640.16,7600.37,7730.0,776,460,0.1191,0.00278
2026-09-17 15:37:40,SPX,7640.16,7600.37,7550.0,2789,8543,0.1852,0.00278
2026-09-17 15:37:40,SPX,7640.16,7600.37,7735.0,974,665,0.1209,0.00278
2026-09-17 15:37:40,SPX,7640.16,7600.37,7545.0,1977,2390,0.1905,0.00278
2026-09-17 15:37:40,SPX,7640.16,7600.37,7740.0,1661,425,0.1231,0.00278
2026-09-17 15:37:40,SPX,7640.16,7600.37,7540.0,145,1172,0.1919,0.00278
2026-09-17 15:37:40,SPX,7640.16,7600.37,7745.0,941,179,0.1256,0.00278
2026-09-17 15:37:40,SPX,7640.16,7600.37,7535.0,226,1111,0.1955,0.00278
2026-09-17 15:37:40,SPX,7640.16,7600.37,7750.0,3182,1431,0.1281,0.00278
2026-09-17 15:37:40,SPX,7640.16,7600.37,7530.0,184,1152,0.1982,0.00278
2026-09-17 15:37:40,SPX,7640.16,7600.37,7755.0,1730,147,0.1307,0.00278
2026-09-17 15:37:40,SPX,7640.16,7600.37,7525.0,232,1122,0.2028,0.00278
2026-09-17 15:37:40,SPX,7640.16,7600.37,7760.0,2092,87,0.1334,0.00278
2026-09-17 15:37:40,SPX,7640.16,7600.37,7520.0,140,1349,0.205,0.00278
2026-09-17 15:37:40,SPX,7640.16,7600.37,7765.0,1300,221,0.1362,0.00278
2026-09-17 15:37:40,SPX,7640.16,7600.37,7515.0,143,841,0.2095,0.00278
2026-09-17 15:37:40,SPX,7640.16,7600.37,7770.0,986,242,0.1392,0.00278
2026-09-17 15:37:40,SPX,7640.16,7600.37,7510.0,154,970,0.2118,0.00278
2026-09-17 15:37:40,SPX,7640.16,7600.37,7775.0,2208,479,0.1422,0.00278
2026-09-17 15:37:40,SPX,7640.16,7600.37,7505.0,96,679,0.2167,0.00278
2026-09-17 15:37:40,SPX,7640.16,7600.37,7780.0,1650,246,0.1452,0.00278
2026-09-17 15:37:40,SPX,7640.16,7600.37,7500.0,891,3885,0.2186,0.00278
2026-09-17 15:37:40,SPX,7640.16,7600.37,7785.0,1661,259,0.1484,0.00278
2026-09-17 15:37:40,SPX,7640.16,7600.37,7495.0,647,1987,0.2245,0.00278
2026-09-17 15:37:40,SPX,7640.16,7600.37,7790.0,1693,179,0.1515,0.00278
2026-09-17 15:37:40,SPX,7640.16,7600.37,7490.0,71,1004,0.2256,0.00278
2026-09-17 15:37:40,SPX,7640.16,7600.37,7795.0,1028,146,0.1547,0.00278
2026-09-17 15:37:40,SPX,7640.16,7600.37,7485.0,68,463,0.2315,0.00278
2026-09-17 15:37:40,SPX,7640.16,7600.37,7800.0,5655,695,0.1578,0.00278
2026-09-17 15:37:40,SPX,7640.16,7600.37,7480.0,112,1181,0.2353,0.00278
2026-09-17 15:37:40,SPX,7640.16,7600.37,7805.0,1216,62,0.1611,0.00278
2026-09-17 15:37:40,SPX,7640.16,7600.37,7475.0,333,1738,0.2384,0.00278
2026-09-17 15:37:40,SPX,7640.16,7600.37,7810.0,1544,79,0.1643,0.00278
2026-09-17 15:37:40,SPX,7640.16,7600.37,7470.0,97,1130,0.2423,0.00278
2026-09-17 15:37:40,SPX,7640.16,7600.37,7815.0,1984,47,0.1676,0.00278
2026-09-17 15:37:40,SPX,7640.16,7600.37,7465.0,31,1706,0.2462,0.00278
2026-09-17 15:37:40,SPX,7640.16,7600.37,7820.0,3089,77,0.171,0.00278
2026-09-17 15:37:40,SPX,7640.16,7600.37,7460.0,102,1027,0.2498,0.00278
2026-09-17 15:37:40,SPX,7640.16,7600.37,7825.0,2721,123,0.1744,0.00278
2026-09-17 15:37:40,SPX,7640.16,7600.37,7455.0,70,572,0.2532,0.00278
2026-09-17 15:37:40,SPX,7640.16,7600.37,7830.0,1165,77,0.1778,0.00278
2026-09-17 15:37:40,SPX,7640.16,7600.37,7450.0,344,3283,0.2568,0.00278
2026-09-17 15:37:40,SPX,7640.16,7600.37,7835.0,679,18,0.1813,0.00278
2026-09-17 15:37:40,SPX,7640.16,7600.37,7445.0,70,760,0.26,0.00278
2026-09-17 15:37:40,SPX,7640.16,7600.37,7840.0,1822,57,0.1849,0.00278
2026-09-17 15:37:40,SPX,7640.16,7600.37,7440.0,79,1483,0.2639,0.00278
2026-09-17 15:37:40,SPX,7640.16,7600.37,7845.0,566,35,0.1886,0.00278
2026-09-17 15:37:40,SPX,7640.16,7600.37,7435.0,20,1659,0.2706,0.00278
2026-09-17 15:37:40,SPX,7640.16,7600.37,7850.0,3812,60,0.1923,0.00278
2026-09-17 15:37:40,SPX,7640.16,7600.37,7430.0,152,978,0.2726,0.00278
2026-09-17 15:37:40,SPX,7640.16,7600.37,7855.0,716,27,0.1961,0.00278
2026-09-17 15:37:40,SPX,7640.16,7600.37,7425.0,449,2516,0.2755,0.00278
2026-09-17 15:37:40,SPX,7640.16,7600.37,7860.0,861,19,0.2,0.00278
2026-09-17 15:37:40,SPX,7640.16,7600.37,7420.0,97,757,0.2812,0.00278
2026-09-17 15:37:40,SPX,7640.16,7600.37,7865.0,634,11,0.2039,0.00278
2026-09-17 15:37:40,SPX,7640.16,7600.37,7415.0,55,792,0.2844,0.00278
2026-09-17 15:37:40,SPX,7640.16,7600.37,7870.0,855,21,0.2079,0.00278
2026-09-17 15:37:40,SPX,7640.16,7600.37,7410.0,269,1274,0.2891,0.00278
2026-09-17 15:37:40,SPX,7640.16,7600.37,7875.0,1924,71,0.2119,0.00278
2026-09-17 15:37:40,SPX,7640.16,7600.37,7405.0,158,891,0.2937,0.00278
2026-09-17 15:37:40,SPX,7640.16,7600.37,7880.0,706,54,0.2159,0.00278
2026-09-17 15:37:40,SPX,7640.16,7600.37,7400.0,1057,6101,0.2988,0.00278
2026-09-17 15:37:40,SPX,7640.16,7600.37,7885.0,650,18,0.2199,0.00278
2026-09-17 15:37:40,SPX,7640.16,7600.37,7395.0,30,2413,0.304,0.00278
2026-09-17 15:37:40,SPX,7640.16,7600.37,7890.0,2712,33,0.2239,0.00278
2026-09-17 15:37:40,SPX,7640.16,7600.37,7640.0,281,264,0.096,0.010994
2026-09-17 15:37:40,SPX,7640.16,7600.37,7645.0,221,49,0.0951,0.010994
2026-09-17 15:37:40,SPX,7640.16,7600.37,7635.0,204,390,0.0972,0.010994
2026-09-17 15:37:40,SPX,7640.16,7600.37,7650.0,664,713,0.0943,0.010994
2026-09-17 15:37:40,SPX,7640.16,7600.37,7630.0,276,417,0.0983,0.010994
2026-09-17 15:37:40,SPX,7640.16,7600.37,7655.0,219,59,0.0929,0.010994
2026-09-17 15:37:40,SPX,7640.16,7600.37,7625.0,170,445,0.0996,0.010994
2026-09-17 15:37:40,SPX,7640.16,7600.37,7660.0,379,188,0.0916,0.010994
2026-09-17 15:37:40,SPX,7640.16,7600.37,7620.0,196,163,0.1009,0.010994
2026-09-17 15:37:40,SPX,7640.16,7600.37,7665.0,211,87,0.0906,0.010994
2026-09-17 15:37:40,SPX,7640.16,7600.37,7615.0,179,186,0.1022,0.010994
2026-09-17 15:37:40,SPX,7640.16,7600.37,7670.0,466,207,0.0898,0.010994
2026-09-17 15:37:40,SPX,7640.16,7600.37,7610.0,164,259,0.1036,0.010994
2026-09-17 15:37:40,SPX,7640.16,7600.37,7675.0,375,667,0.0889,0.010994
2026-09-17 15:37:40,SPX,7640.16,7600.37,7605.0,163,132,0.1049,0.010994
2026-09-17 15:37:40,SPX,7640.16,7600.37,7680.0,314,108,0.0879,0.010994
2026-09-17 15:37:40,SPX,7640.16,7600.37,7600.0,460,900,0.1063,0.010994
2026-09-17 15:37:40,SPX,7640.16,7600.37,7685.0,247,50,0.0868,0.010994
2026-09-17 15:37:40,SPX,7640.16,7600.37,7595.0,78,265,0.108,0.010994
2026-09-17 15:37:40,SPX,7640.16,7600.37,7690.0,390,170,0.0857,0.010994
2026-09-17 15:37:40,SPX,7640.16,7600.37,7590.0,120,369,0.1092,0.010994
2026-09-17 15:37:40,SPX,7640.16,7600.37,7695.0,318,61,0.0848,0.010994
2026-09-17 15:37:40,SPX,7640.16,7600.37,7585.0,473,207,0.1108,0.010994
2026-09-17 15:37:40,SPX,7640.16,7600.37,7700.0,4505,3404,0.0839,0.010994
2026-09-17 15:37:40,SPX,7640.16,7600.37,7580.0,120,343,0.1121,0.010994
2026-09-17 15:37:40,SPX,7640.16,7600.37,7705.0,364,52,0.0832,0.010994
2026-09-17 15:37:40,SPX,7640.16,7600.37,7575.0,95,494,0.1137,0.010994
2026-09-17 15:37:40,SPX,7640.16,7600.37,7710.0,688,127,0.0826,0.010994
2026-09-17 15:37:40,SPX,7640.16,7600.37,7570.0,69,233,0.1155,0.010994
2026-09-17 15:37:40,SPX,7640.16,7600.37,7715.0,442,26,0.082,0.010994
2026-09-17 15:37:40,SPX,7640.16,7600.37,7565.0,48,129,0.1172,0.010994
2026-09-17 15:37:40,SPX,7640.16,7600.37,7720.0,461,172,0.0815,0.010994
2026-09-17 15:37:40,SPX,7640.16,7600.37,7560.0,190,383,0.1186,0.010994
2026-09-17 15:37:40,SPX,7640.16,7600.37,7725.0,1113,399,0.0809,0.010994
2026-09-17 15:37:40,SPX,7640.16,7600.37,7555.0,31,220,0.1201,0.010994
2026-09-17 15:37:40,SPX,7640.16,7600.37,7730.0,577,164,0.0804,0.010994
2026-09-17 15:37:40,SPX,7640.16,7600.37,7550.0,167,702,0.1214,0.010994
2026-09-17 15:37:40,SPX,7640.16,7600.37,7735.0,622,30,0.0799,0.010994
2026-09-17 15:37:40,SPX,7640.16,7600.37,7545.0,22,120,0.1228,0.010994
2026-09-17 15:37:40,SPX,7640.16,7600.37,7740.0,809,205,0.0795,0.010994
2026-09-17 15:37:40,SPX,7640.16,7600.37,7540.0,69,158,0.1242,0.010994
2026-09-17 15:37:40,SPX,7640.16,7600.37,7745.0,323,31,0.0792,0.010994
2026-09-17 15:37:40,SPX,7640.16,7600.37,7535.0,74,135,0.1256,0.010994
2026-09-17 15:37:40,SPX,7640.16,7600.37,7750.0,1461,338,0.079,0.010994
2026-09-17 15:37:40,SPX,7640.16,7600.37,7530.0,49,244,0.1272,0.010994
2026-09-17 15:37:40,SPX,7640.16,7600.37,7755.0,260,7,0.0789,0.010994
2026-09-17 15:37:40,SPX,7640.16,7600.37,7525.0,62,339,0.1288,0.010994
2026-09-17 15:37:40,SPX,7640.16,7600.37,7760.0,543,93,0.0791,0.010994
2026-09-17 15:37:40,SPX,7640.16,7600.37,7520.0,33,651,0.1305,0.010994
2026-09-17 15:37:40,SPX,7640.16,7600.37,7765.0,495,2,0.0794,0.010994
2026-09-17 15:37:40,SPX,7640.16,7600.37,7515.0,44,105,0.1322,0.010994
2026-09-17 15:37:40,SPX,7640.16,7600.37,7770.0,424,30,0.0799,0.010994
2026-09-17 15:37:40,SPX,7640.16,7600.37,7510.0,25,320,0.1339,0.010994
2026-09-17 15:37:40,SPX,7640.16,7600.37,7775.0,1335,142,0.0806,0.010994
2026-09-17 15:37:40,SPX,7640.16,7600.37,7505.0,16,126,0.1357,0.010994
2026-09-17 15:37:40,SPX,7640.16,7600.37,7780.0,551,27,0.0814,0.010994
2026-09-17 15:37:40,SPX,7640.16,7600.37,7500.0,31,1972,0.1373,0.010994
2026-09-17 15:37:40,SPX,7640.16,7600.37,7785.0,347,0,0.0824,0.010994
2026-09-17 15:37:40,SPX,7640.16,7600.37,7495.0,13,410,0.139,0.010994
2026-09-17 15:37:40,SPX,7640.16,7600.37,7790.0,487,77,0.0836,0.010994
2026-09-17 15:37:40,SPX,7640.16,7600.37,7490.0,11,298,0.1406,0.010994
2026-09-17 15:37:40,SPX,7640.16,7600.37,7795.0,624,0,0.0849,0.010994
2026-09-17 15:37:40,SPX,7640.16,7600.37,7485.0,5,157,0.1422,0.010994
2026-09-17 15:37:40,SPX,7640.16,7600.37,7800.0,1775,478,0.0863,0.010994
2026-09-17 15:37:40,SPX,7640.16,7600.37,7480.0,7,215,0.1438,0.010994
2026-09-17 15:37:40,SPX,7640.16,7600.37,7805.0,517,0,0.0879,0.010994
2026-09-17 15:37:40,SPX,7640.16,7600.37,7475.0,94,661,0.1454,0.010994
2026-09-17 15:37:40,SPX,7640.16,7600.37,7810.0,640,5,0.0895,0.010994
2026-09-17 15:37:40,SPX,7640.16,7600.37,7470.0,10,250,0.1469,0.010994
2026-09-17 15:37:40,SPX,7640.16,7600.37,7815.0,559,0,0.0911,0.010994
2026-09-17 15:37:40,SPX,7640.16,7600.37,7465.0,1,160,0.1485,0.010994
2026-09-17 15:37:40,SPX,7640.16,7600.37,7820.0,663,13,0.0929,0.010994
2026-09-17 15:37:40,SPX,7640.16,7600.37,7460.0,22,213,0.1501,0.010994
2026-09-17 15:37:40,SPX,7640.16,7600.37,7825.0,573,11,0.0946,0.010994
2026-09-17 15:37:40,SPX,7640.16,7600.37,7455.0,3,78,0.1517,0.010994
2026-09-17 15:37:40,SPX,7640.16,7600.37,7830.0,484,0,0.0964,0.010994
2026-09-17 15:37:40,SPX,7640.16,7600.37,7450.0,26,647,0.1533,0.010994
2026-09-17 15:37:40,SPX,7640.16,7600.37,7835.0,114,0,0.0983,0.010994
2026-09-17 15:37:40,SPX,7640.16,7600.37,7445.0,10,79,0.1549,0.010994
2026-09-17 15:37:40,SPX,7640.16,7600.37,7840.0,601,2,0.1001,0.010994
2026-09-17 15:37:40,SPX,7640.16,7600.37,7440.0,2,152,0.1566,0.010994
2026-09-17 15:37:40,SPX,7640.16,7600.37,7845.0,198,0,0.1019,0.010994
2026-09-17 15:37:40,SPX,7640.16,7600.37,7435.0,1,105,0.1583,0.010994
2026-09-17 15:37:40,SPX,7640.16,7600.37,7850.0,1181,13,0.1038,0.010994
2026-09-17 15:37:40,SPX,7640.16,7600.37,7430.0,4,427,0.16,0.010994
2026-09-17 15:37:40,SPX,7640.16,7600.37,7425.0,9,893,0.1617,0.010994
2026-09-17 15:37:40,SPX,7640.16,7600.37,7860.0,602,0,0.1075,0.010994
2026-09-17 15:37:40,SPX,7640.16,7600.37,7420.0,4,210,0.1635,0.010994
2026-09-17 15:37:40,SPX,7640.16,7600.37,7415.0,0,154,0.1653,0.010994
2026-09-17 15:37:40,SPX,7640.16,7600.37,7870.0,627,0,0.1113,0.010994
2026-09-17 15:37:40,SPX,7640.16,7600.37,7410.0,1,188,0.1671,0.010994
2026-09-17 15:37:40,SPX,7640.16,7600.37,7875.0,1290,1,0.1131,0.010994
2026-09-17 15:37:40,SPX,7640.16,7600.37,7405.0,1,206,0.169,0.010994
2026-09-17 15:37:40,SPX,7640.16,7600.37,7880.0,639,0,0.1149,0.010994
2026-09-17 15:37:40,SPX,7640.16,7600.37,7400.0,5,792,0.1709,0.010994
2026-09-17 15:37:40,SPX,7640.16,7600.37,7395.0,1,181,0.1727,0.010994
2026-09-17 15:37:40,SPX,7640.16,7600.37,7890.0,476,0,0.1186,0.010994
