timestamp,symbol,spot,gflip,strike,oi_call,oi_put,iv,T
2026-09-22 09:31:49,SPX,7764.7,7720.72,7765.0,1982,1228,0.128,0.000738
2026-09-22 09:31:49,SPX,7764.7,7720.72,7760.0,2731,1718,0.1292,0.000738
2026-09-22 09:31:49,SPX,7764.7,7720.72,7770.0,2485,1128,0.1285,0.000738
2026-09-22 09:31:49,SPX,7764.7,7720.72,7755.0,3251,2583,0.1315,0.000738
2026-09-22 09:31:49,SPX,7764.7,7720.72,7775.0,2833,1241,0.1295,0.000738
2026-09-22 09:31:49,SPX,7764.7,7720.72,7750.0,3440,3037,0.133,0.000738
2026-09-22 09:31:49,SPX,7764.7,7720.72,7780.0,2649,445,0.1297,0.000738
2026-09-22 09:31:49,SPX,7764.7,7720.72,7745.0,1426,1328,0.1363,0.000738
2026-09-22 09:31:49,SPX,7764.7,7720.72,7785.0,3266,231,0.131,0.000738
2026-09-22 09:31:49,SPX,7764.7,7720.72,7740.0,1382,1226,0.1403,0.000738
2026-09-22 09:31:49,SPX,7764.7,7720.72,7790.0,1981,97,0.1309,0.000738
2026-09-22 09:31:49,SPX,7764.7,7720.72,7735.0,1062,3125,0.1442,0.000738
2026-09-22 09:31:49,SPX,7764.7,7720.72,7795.0,1650,55,0.1346,0.000738
2026-09-22 09:31:49,SPX,7764.7,7720.72,7730.0,1504,2214,0.1486,0.000738
2026-09-22 09:31:49,SPX,7764.7,7720.72,7800.0,5076,863,0.1364,0.000738
2026-09-22 09:31:49,SPX,7764.7,7720.72,7725.0,2035,2199,0.1527,0.000738
2026-09-22 09:31:49,SPX,7764.7,7720.72,7805.0,2183,35,0.1426,0.000738
2026-09-22 09:31:49,SPX,7764.7,7720.72,7720.0,1192,1487,0.1588,0.000738
2026-09-22 09:31:49,SPX,7764.7,7720.72,7810.0,5099,17,0.1451,0.000738
2026-09-22 09:31:49,SPX,7764.7,7720.72,7715.0,1313,2345,0.1635,0.000738
2026-09-22 09:31:49,SPX,7764.7,7720.72,7815.0,2498,23,0.1486,0.000738
2026-09-22 09:31:49,SPX,7764.7,7720.72,7710.0,979,1820,0.1665,0.000738
2026-09-22 09:31:49,SPX,7764.7,7720.72,7820.0,1870,49,0.1554,0.000738
2026-09-22 09:31:49,SPX,7764.7,7720.72,7705.0,704,1134,0.1736,0.000738
2026-09-22 09:31:49,SPX,7764.7,7720.72,7825.0,2626,52,0.1608,0.000738
2026-09-22 09:31:49,SPX,7764.7,7720.72,7700.0,2040,4059,0.1827,0.000738
2026-09-22 09:31:49,SPX,7764.7,7720.72,7830.0,4963,20,0.1665,0.000738
2026-09-22 09:31:49,SPX,7764.7,7720.72,7695.0,1439,1760,0.184,0.000738
2026-09-22 09:31:49,SPX,7764.7,7720.72,7835.0,1838,52,0.1729,0.000738
2026-09-22 09:31:49,SPX,7764.7,7720.72,7690.0,724,3112,0.1906,0.000738
2026-09-22 09:31:49,SPX,7764.7,7720.72,7840.0,3824,109,0.1792,0.000738
2026-09-22 09:31:49,SPX,7764.7,7720.72,7685.0,652,1629,0.2033,0.000738
2026-09-22 09:31:49,SPX,7764.7,7720.72,7845.0,10236,54,0.1852,0.000738
2026-09-22 09:31:49,SPX,7764.7,7720.72,7680.0,821,2619,0.207,0.000738
2026-09-22 09:31:49,SPX,7764.7,7720.72,7850.0,3139,31,0.1905,0.000738
2026-09-22 09:31:49,SPX,7764.7,7720.72,7675.0,2412,2710,0.211,0.000738
2026-09-22 09:31:49,SPX,7764.7,7720.72,7855.0,753,5,0.1954,0.000738
2026-09-22 09:31:49,SPX,7764.7,7720.72,7670.0,1117,2509,0.2199,0.000738
2026-09-22 09:31:49,SPX,7764.7,7720.72,7860.0,1311,3,0.2004,0.000738
2026-09-22 09:31:49,SPX,7764.7,7720.72,7665.0,430,1391,0.2287,0.000738
2026-09-22 09:31:49,SPX,7764.7,7720.72,7865.0,694,2,0.2057,0.000738
2026-09-22 09:31:49,SPX,7764.7,7720.72,7660.0,376,1218,0.2371,0.000738
2026-09-22 09:31:49,SPX,7764.7,7720.72,7870.0,1017,6,0.2114,0.000738
2026-09-22 09:31:49,SPX,7764.7,7720.72,7655.0,366,746,0.2456,0.000738
2026-09-22 09:31:49,SPX,7764.7,7720.72,7875.0,1282,9,0.2176,0.000738
2026-09-22 09:31:49,SPX,7764.7,7720.72,7650.0,2504,3021,0.2542,0.000738
2026-09-22 09:31:49,SPX,7764.7,7720.72,7880.0,1013,6,0.2243,0.000738
2026-09-22 09:31:49,SPX,7764.7,7720.72,7645.0,273,1904,0.2623,0.000738
2026-09-22 09:31:49,SPX,7764.7,7720.72,7640.0,947,2728,0.2694,0.000738
2026-09-22 09:31:49,SPX,7764.7,7720.72,7890.0,3186,16,0.2397,0.000738
2026-09-22 09:31:49,SPX,7764.7,7720.72,7635.0,208,570,0.276,0.000738
2026-09-22 09:31:49,SPX,7764.7,7720.72,7630.0,703,774,0.2823,0.000738
2026-09-22 09:31:49,SPX,7764.7,7720.72,7900.0,8066,17,0.2553,0.000738
2026-09-22 09:31:49,SPX,7764.7,7720.72,7625.0,592,1278,0.2888,0.000738
2026-09-22 09:31:49,SPX,7764.7,7720.72,7620.0,219,2535,0.2953,0.000738
2026-09-22 09:31:49,SPX,7764.7,7720.72,7910.0,1349,5,0.2686,0.000738
2026-09-22 09:31:49,SPX,7764.7,7720.72,7615.0,140,1964,0.3017,0.000738
2026-09-22 09:31:49,SPX,7764.7,7720.72,7610.0,140,761,0.3078,0.000738
2026-09-22 09:31:49,SPX,7764.7,7720.72,7920.0,815,1,0.2815,0.000738
2026-09-22 09:31:49,SPX,7764.7,7720.72,7605.0,136,340,0.3137,0.000738
2026-09-22 09:31:49,SPX,7764.7,7720.72,7925.0,797,5,0.2878,0.000738
2026-09-22 09:31:49,SPX,7764.7,7720.72,7600.0,372,2640,0.3198,0.000738
2026-09-22 09:31:49,SPX,7764.7,7720.72,7930.0,381,2,0.2948,0.000738
2026-09-22 09:31:49,SPX,7764.7,7720.72,7595.0,90,433,0.3262,0.000738
2026-09-22 09:31:49,SPX,7764.7,7720.72,7590.0,65,1102,0.3329,0.000738
2026-09-22 09:31:49,SPX,7764.7,7720.72,7940.0,394,0,0.3079,0.000738
2026-09-22 09:31:49,SPX,7764.7,7720.72,7585.0,227,3415,0.3399,0.000738
2026-09-22 09:31:49,SPX,7764.7,7720.72,7580.0,380,809,0.3473,0.000738
2026-09-22 09:31:49,SPX,7764.7,7720.72,7950.0,1020,7,0.3212,0.000738
2026-09-22 09:31:49,SPX,7764.7,7720.72,7575.0,60,2654,0.3549,0.000738
2026-09-22 09:31:49,SPX,7764.7,7720.72,7550.0,100,2792,0.3959,0.000738
2026-09-22 09:31:49,SPX,7764.7,7720.72,7545.0,30,407,0.4041,0.000738
2026-09-22 09:31:49,SPX,7764.7,7720.72,7540.0,47,617,0.4121,0.000738
2026-09-22 09:31:49,SPX,7764.7,7720.72,7535.0,23,259,0.4201,0.000738
2026-09-22 09:31:49,SPX,7764.7,7720.72,7530.0,21,508,0.428,0.000738
2026-09-22 09:31:49,SPX,7764.7,7720.72,8000.0,5045,0,0.3687,0.000738
2026-09-22 09:31:49,SPX,7764.7,7720.72,7525.0,57,807,0.436,0.000738
2026-09-22 09:31:49,SPX,7764.7,7720.72,7520.0,21,318,0.4441,0.000738
2026-09-22 09:31:49,SPX,7764.7,7720.72,7515.0,14,423,0.4522,0.000738
2026-09-22 09:31:49,SPX,7764.7,7720.72,7765.0,1175,462,0.1087,0.003476
2026-09-22 09:31:49,SPX,7764.7,7720.72,7760.0,1343,260,0.1089,0.003476
2026-09-22 09:31:49,SPX,7764.7,7720.72,7770.0,1547,428,0.1084,0.003476
2026-09-22 09:31:49,SPX,7764.7,7720.72,7755.0,687,204,0.1103,0.003476
2026-09-22 09:31:49,SPX,7764.7,7720.72,7775.0,2933,185,0.1085,0.003476
2026-09-22 09:31:49,SPX,7764.7,7720.72,7750.0,2249,2247,0.1111,0.003476
2026-09-22 09:31:49,SPX,7764.7,7720.72,7780.0,2384,152,0.1085,0.003476
2026-09-22 09:31:49,SPX,7764.7,7720.72,7745.0,1434,293,0.1115,0.003476
2026-09-22 09:31:49,SPX,7764.7,7720.72,7785.0,1581,160,0.1087,0.003476
2026-09-22 09:31:49,SPX,7764.7,7720.72,7740.0,482,371,0.1121,0.003476
2026-09-22 09:31:49,SPX,7764.7,7720.72,7790.0,2434,70,0.1088,0.003476
2026-09-22 09:31:49,SPX,7764.7,7720.72,7735.0,1239,228,0.1128,0.003476
2026-09-22 09:31:49,SPX,7764.7,7720.72,7795.0,1050,103,0.109,0.003476
2026-09-22 09:31:49,SPX,7764.7,7720.72,7730.0,813,625,0.1141,0.003476
2026-09-22 09:31:49,SPX,7764.7,7720.72,7800.0,2239,774,0.1098,0.003476
2026-09-22 09:31:49,SPX,7764.7,7720.72,7725.0,1367,564,0.1153,0.003476
2026-09-22 09:31:49,SPX,7764.7,7720.72,7805.0,678,108,0.1111,0.003476
2026-09-22 09:31:49,SPX,7764.7,7720.72,7720.0,679,709,0.1171,0.003476
2026-09-22 09:31:49,SPX,7764.7,7720.72,7810.0,883,9,0.1125,0.003476
2026-09-22 09:31:49,SPX,7764.7,7720.72,7715.0,452,393,0.1201,0.003476
2026-09-22 09:31:49,SPX,7764.7,7720.72,7815.0,758,9,0.1139,0.003476
2026-09-22 09:31:49,SPX,7764.7,7720.72,7710.0,425,329,0.1225,0.003476
2026-09-22 09:31:49,SPX,7764.7,7720.72,7820.0,823,15,0.1151,0.003476
2026-09-22 09:31:49,SPX,7764.7,7720.72,7705.0,251,173,0.1244,0.003476
2026-09-22 09:31:49,SPX,7764.7,7720.72,7825.0,676,6,0.1163,0.003476
2026-09-22 09:31:49,SPX,7764.7,7720.72,7700.0,655,1484,0.1272,0.003476
2026-09-22 09:31:49,SPX,7764.7,7720.72,7830.0,457,20,0.1173,0.003476
2026-09-22 09:31:49,SPX,7764.7,7720.72,7695.0,997,305,0.1306,0.003476
2026-09-22 09:31:49,SPX,7764.7,7720.72,7835.0,189,6,0.1184,0.003476
2026-09-22 09:31:49,SPX,7764.7,7720.72,7690.0,514,437,0.1332,0.003476
2026-09-22 09:31:49,SPX,7764.7,7720.72,7840.0,695,13,0.1195,0.003476
2026-09-22 09:31:49,SPX,7764.7,7720.72,7685.0,646,152,0.1355,0.003476
2026-09-22 09:31:49,SPX,7764.7,7720.72,7845.0,593,0,0.1208,0.003476
2026-09-22 09:31:49,SPX,7764.7,7720.72,7680.0,396,311,0.1381,0.003476
2026-09-22 09:31:49,SPX,7764.7,7720.72,7850.0,4935,13,0.1223,0.003476
2026-09-22 09:31:49,SPX,7764.7,7720.72,7675.0,293,990,0.1408,0.003476
2026-09-22 09:31:49,SPX,7764.7,7720.72,7855.0,178,0,0.1239,0.003476
2026-09-22 09:31:49,SPX,7764.7,7720.72,7670.0,979,549,0.1432,0.003476
2026-09-22 09:31:49,SPX,7764.7,7720.72,7860.0,492,1,0.1258,0.003476
2026-09-22 09:31:49,SPX,7764.7,7720.72,7665.0,482,267,0.1458,0.003476
2026-09-22 09:31:49,SPX,7764.7,7720.72,7865.0,447,0,0.1279,0.003476
2026-09-22 09:31:49,SPX,7764.7,7720.72,7660.0,237,319,0.1483,0.003476
2026-09-22 09:31:49,SPX,7764.7,7720.72,7870.0,699,1,0.1302,0.003476
2026-09-22 09:31:49,SPX,7764.7,7720.72,7655.0,919,230,0.1511,0.003476
2026-09-22 09:31:49,SPX,7764.7,7720.72,7875.0,786,6,0.1326,0.003476
2026-09-22 09:31:49,SPX,7764.7,7720.72,7650.0,807,864,0.1539,0.003476
2026-09-22 09:31:49,SPX,7764.7,7720.72,7880.0,906,1,0.1352,0.003476
2026-09-22 09:31:49,SPX,7764.7,7720.72,7645.0,566,304,0.1569,0.003476
2026-09-22 09:31:49,SPX,7764.7,7720.72,7640.0,195,605,0.1602,0.003476
2026-09-22 09:31:49,SPX,7764.7,7720.72,7890.0,516,0,0.1408,0.003476
2026-09-22 09:31:49,SPX,7764.7,7720.72,7635.0,418,782,0.1637,0.003476
2026-09-22 09:31:49,SPX,7764.7,7720.72,7630.0,505,555,0.1673,0.003476
2026-09-22 09:31:49,SPX,7764.7,7720.72,7900.0,1910,9,0.1466,0.003476
2026-09-22 09:31:49,SPX,7764.7,7720.72,7625.0,518,954,0.171,0.003476
2026-09-22 09:31:49,SPX,7764.7,7720.72,7620.0,148,460,0.1747,0.003476
2026-09-22 09:31:49,SPX,7764.7,7720.72,7910.0,660,1,0.1525,0.003476
2026-09-22 09:31:49,SPX,7764.7,7720.72,7615.0,113,599,0.1784,0.003476
2026-09-22 09:31:49,SPX,7764.7,7720.72,7610.0,143,1634,0.1821,0.003476
2026-09-22 09:31:49,SPX,7764.7,7720.72,7920.0,423,0,0.1583,0.003476
2026-09-22 09:31:49,SPX,7764.7,7720.72,7605.0,274,165,0.1856,0.003476
2026-09-22 09:31:49,SPX,7764.7,7720.72,7925.0,743,4,0.1612,0.003476
2026-09-22 09:31:49,SPX,7764.7,7720.72,7600.0,321,779,0.1891,0.003476
2026-09-22 09:31:49,SPX,7764.7,7720.72,7930.0,394,0,0.164,0.003476
2026-09-22 09:31:49,SPX,7764.7,7720.72,7595.0,85,238,0.1924,0.003476
2026-09-22 09:31:49,SPX,7764.7,7720.72,7590.0,98,205,0.1956,0.003476
2026-09-22 09:31:49,SPX,7764.7,7720.72,7940.0,93,0,0.1695,0.003476
2026-09-22 09:31:49,SPX,7764.7,7720.72,7585.0,88,1292,0.1987,0.003476
2026-09-22 09:31:49,SPX,7764.7,7720.72,7580.0,58,548,0.2018,0.003476
2026-09-22 09:31:49,SPX,7764.7,7720.72,7950.0,1159,0,0.1748,0.003476
2026-09-22 09:31:49,SPX,7764.7,7720.72,7575.0,83,1444,0.2048,0.003476
2026-09-22 09:31:49,SPX,7764.7,7720.72,7570.0,37,298,0.2079,0.003476
2026-09-22 09:31:49,SPX,7764.7,7720.72,7565.0,39,198,0.2109,0.003476
2026-09-22 09:31:49,SPX,7764.7,7720.72,7560.0,53,477,0.2141,0.003476
2026-09-22 09:31:49,SPX,7764.7,7720.72,7555.0,31,621,0.2173,0.003476
2026-09-22 09:31:49,SPX,7764.7,7720.72,7975.0,383,0,0.1881,0.003476
2026-09-22 09:31:49,SPX,7764.7,7720.72,7550.0,52,1978,0.2206,0.003476
2026-09-22 09:31:49,SPX,7764.7,7720.72,7545.0,21,720,0.2239,0.003476
2026-09-22 09:31:49,SPX,7764.7,7720.72,7540.0,53,534,0.2273,0.003476
2026-09-22 09:31:49,SPX,7764.7,7720.72,7535.0,37,410,0.2308,0.003476
2026-09-22 09:31:49,SPX,7764.7,7720.72,7530.0,50,220,0.2343,0.003476
2026-09-22 09:31:49,SPX,7764.7,7720.72,8000.0,3883,0,0.2021,0.003476
2026-09-22 09:31:49,SPX,7764.7,7720.72,7525.0,20,208,0.2379,0.003476
2026-09-22 09:31:49,SPX,7764.7,7720.72,7520.0,9,207,0.2415,0.003476
2026-09-22 09:31:49,SPX,7764.7,7720.72,7515.0,2,118,0.2452,0.003476
2026-09-22 09:31:49,SPX,7764.7,7720.72,7765.0,367,109,0.1086,0.006214
2026-09-22 09:31:49,SPX,7764.7,7720.72,7760.0,448,129,0.1089,0.006214
2026-09-22 09:31:49,SPX,7764.7,7720.72,7770.0,720,189,0.1083,0.006214
2026-09-22 09:31:49,SPX,7764.7,7720.72,7755.0,341,67,0.1093,0.006214
2026-09-22 09:31:49,SPX,7764.7,7720.72,7775.0,1819,99,0.1081,0.006214
2026-09-22 09:31:49,SPX,7764.7,7720.72,7750.0,824,249,0.1099,0.006214
2026-09-22 09:31:49,SPX,7764.7,7720.72,7780.0,1870,56,0.108,0.006214
2026-09-22 09:31:49,SPX,7764.7,7720.72,7745.0,369,91,0.1108,0.006214
2026-09-22 09:31:49,SPX,7764.7,7720.72,7785.0,506,20,0.108,0.006214
2026-09-22 09:31:49,SPX,7764.7,7720.72,7740.0,357,158,0.1118,0.006214
2026-09-22 09:31:49,SPX,7764.7,7720.72,7790.0,394,60,0.1082,0.006214
2026-09-22 09:31:49,SPX,7764.7,7720.72,7735.0,155,76,0.1129,0.006214
2026-09-22 09:31:49,SPX,7764.7,7720.72,7795.0,477,24,0.1084,0.006214
2026-09-22 09:31:49,SPX,7764.7,7720.72,7730.0,438,104,0.1142,0.006214
2026-09-22 09:31:49,SPX,7764.7,7720.72,7800.0,1415,334,0.1085,0.006214
2026-09-22 09:31:49,SPX,7764.7,7720.72,7725.0,264,285,0.1157,0.006214
2026-09-22 09:31:49,SPX,7764.7,7720.72,7805.0,658,15,0.1087,0.006214
2026-09-22 09:31:49,SPX,7764.7,7720.72,7720.0,1122,245,0.1173,0.006214
2026-09-22 09:31:49,SPX,7764.7,7720.72,7810.0,760,29,0.1089,0.006214
2026-09-22 09:31:49,SPX,7764.7,7720.72,7715.0,204,210,0.1191,0.006214
2026-09-22 09:31:49,SPX,7764.7,7720.72,7815.0,569,4,0.1091,0.006214
2026-09-22 09:31:49,SPX,7764.7,7720.72,7710.0,2167,568,0.1208,0.006214
2026-09-22 09:31:49,SPX,7764.7,7720.72,7820.0,738,6,0.1094,0.006214
2026-09-22 09:31:49,SPX,7764.7,7720.72,7705.0,167,162,0.1224,0.006214
2026-09-22 09:31:49,SPX,7764.7,7720.72,7825.0,973,15,0.1097,0.006214
2026-09-22 09:31:49,SPX,7764.7,7720.72,7700.0,1155,1234,0.1239,0.006214
2026-09-22 09:31:49,SPX,7764.7,7720.72,7830.0,1013,12,0.1101,0.006214
2026-09-22 09:31:49,SPX,7764.7,7720.72,7695.0,1053,99,0.1256,0.006214
2026-09-22 09:31:49,SPX,7764.7,7720.72,7835.0,277,0,0.1106,0.006214
2026-09-22 09:31:49,SPX,7764.7,7720.72,7690.0,278,208,0.1279,0.006214
2026-09-22 09:31:49,SPX,7764.7,7720.72,7840.0,683,12,0.1112,0.006214
2026-09-22 09:31:49,SPX,7764.7,7720.72,7685.0,2029,141,0.1304,0.006214
2026-09-22 09:31:49,SPX,7764.7,7720.72,7845.0,85,0,0.1119,0.006214
2026-09-22 09:31:49,SPX,7764.7,7720.72,7680.0,102,211,0.1326,0.006214
2026-09-22 09:31:49,SPX,7764.7,7720.72,7850.0,967,14,0.1127,0.006214
2026-09-22 09:31:49,SPX,7764.7,7720.72,7675.0,574,1425,0.1342,0.006214
2026-09-22 09:31:49,SPX,7764.7,7720.72,7855.0,226,0,0.1137,0.006214
2026-09-22 09:31:49,SPX,7764.7,7720.72,7670.0,168,200,0.1355,0.006214
2026-09-22 09:31:49,SPX,7764.7,7720.72,7860.0,763,1,0.1148,0.006214
2026-09-22 09:31:49,SPX,7764.7,7720.72,7665.0,102,2052,0.137,0.006214
2026-09-22 09:31:49,SPX,7764.7,7720.72,7865.0,235,0,0.116,0.006214
2026-09-22 09:31:49,SPX,7764.7,7720.72,7660.0,282,302,0.1387,0.006214
2026-09-22 09:31:49,SPX,7764.7,7720.72,7870.0,718,0,0.1174,0.006214
2026-09-22 09:31:49,SPX,7764.7,7720.72,7655.0,320,166,0.1407,0.006214
2026-09-22 09:31:49,SPX,7764.7,7720.72,7875.0,836,4,0.1188,0.006214
2026-09-22 09:31:49,SPX,7764.7,7720.72,7650.0,345,1352,0.1428,0.006214
2026-09-22 09:31:49,SPX,7764.7,7720.72,7880.0,535,10,0.1203,0.006214
2026-09-22 09:31:49,SPX,7764.7,7720.72,7645.0,569,176,0.145,0.006214
2026-09-22 09:31:49,SPX,7764.7,7720.72,7640.0,182,2151,0.1474,0.006214
2026-09-22 09:31:49,SPX,7764.7,7720.72,7890.0,602,0,0.1235,0.006214
2026-09-22 09:31:49,SPX,7764.7,7720.72,7635.0,91,209,0.1498,0.006214
2026-09-22 09:31:49,SPX,7764.7,7720.72,7630.0,84,377,0.1524,0.006214
2026-09-22 09:31:49,SPX,7764.7,7720.72,7900.0,565,36,0.1269,0.006214
2026-09-22 09:31:49,SPX,7764.7,7720.72,7625.0,133,403,0.1549,0.006214
2026-09-22 09:31:49,SPX,7764.7,7720.72,7620.0,84,285,0.1574,0.006214
2026-09-22 09:31:49,SPX,7764.7,7720.72,7910.0,252,0,0.1304,0.006214
2026-09-22 09:31:49,SPX,7764.7,7720.72,7615.0,258,145,0.1599,0.006214
2026-09-22 09:31:49,SPX,7764.7,7720.72,7610.0,247,1415,0.1624,0.006214
2026-09-22 09:31:49,SPX,7764.7,7720.72,7920.0,265,0,0.134,0.006214
2026-09-22 09:31:49,SPX,7764.7,7720.72,7605.0,74,170,0.1648,0.006214
2026-09-22 09:31:49,SPX,7764.7,7720.72,7925.0,331,0,0.1358,0.006214
2026-09-22 09:31:49,SPX,7764.7,7720.72,7600.0,147,950,0.1672,0.006214
2026-09-22 09:31:49,SPX,7764.7,7720.72,7930.0,214,0,0.1376,0.006214
2026-09-22 09:31:49,SPX,7764.7,7720.72,7595.0,474,143,0.1695,0.006214
2026-09-22 09:31:49,SPX,7764.7,7720.72,7590.0,105,248,0.1718,0.006214
2026-09-22 09:31:49,SPX,7764.7,7720.72,7940.0,132,0,0.1412,0.006214
2026-09-22 09:31:49,SPX,7764.7,7720.72,7585.0,55,1326,0.174,0.006214
2026-09-22 09:31:49,SPX,7764.7,7720.72,7580.0,38,298,0.1762,0.006214
2026-09-22 09:31:49,SPX,7764.7,7720.72,7950.0,396,2,0.1448,0.006214
2026-09-22 09:31:49,SPX,7764.7,7720.72,7575.0,39,752,0.1783,0.006214
2026-09-22 09:31:49,SPX,7764.7,7720.72,7570.0,22,185,0.1804,0.006214
2026-09-22 09:31:49,SPX,7764.7,7720.72,7565.0,23,199,0.1826,0.006214
2026-09-22 09:31:49,SPX,7764.7,7720.72,7560.0,47,233,0.1848,0.006214
2026-09-22 09:31:49,SPX,7764.7,7720.72,7555.0,15,332,0.187,0.006214
2026-09-22 09:31:49,SPX,7764.7,7720.72,7975.0,307,0,0.1545,0.006214
2026-09-22 09:31:49,SPX,7764.7,7720.72,7550.0,46,1142,0.1892,0.006214
2026-09-22 09:31:49,SPX,7764.7,7720.72,7545.0,10,326,0.1915,0.006214
2026-09-22 09:31:49,SPX,7764.7,7720.72,7540.0,23,527,0.1938,0.006214
2026-09-22 09:31:49,SPX,7764.7,7720.72,7535.0,14,101,0.1962,0.006214
2026-09-22 09:31:49,SPX,7764.7,7720.72,7530.0,33,328,0.1986,0.006214
2026-09-22 09:31:49,SPX,7764.7,7720.72,8000.0,400,1,0.1651,0.006214
2026-09-22 09:31:49,SPX,7764.7,7720.72,7525.0,19,744,0.2011,0.006214
2026-09-22 09:31:49,SPX,7764.7,7720.72,7520.0,118,295,0.2036,0.006214
2026-09-22 09:31:49,SPX,7764.7,7720.72,7515.0,19,438,0.2062,0.006214
2026-09-22 09:33:01,SPX,7773.12,7721.04,7775.0,2833,1241,0.1295,0.000736
2026-09-22 09:33:01,SPX,7773.12,7721.04,7770.0,2485,1128,0.1285,0.000736
2026-09-22 09:33:01,SPX,7773.12,7721.04,7780.0,2649,445,0.1297,0.000736
2026-09-22 09:33:01,SPX,7773.12,7721.04,7765.0,1982,1228,0.128,0.000736
2026-09-22 09:33:01,SPX,7773.12,7721.04,7785.0,3266,231,0.131,0.000736
2026-09-22 09:33:01,SPX,7773.12,7721.04,7760.0,2731,1718,0.1292,0.000736
2026-09-22 09:33:01,SPX,7773.12,7721.04,7790.0,1981,97,0.1309,0.000736
2026-09-22 09:33:01,SPX,7773.12,7721.04,7755.0,3251,2583,0.1315,0.000736
2026-09-22 09:33:01,SPX,7773.12,7721.04,7795.0,1650,55,0.1346,0.000736
2026-09-22 09:33:01,SPX,7773.12,7721.04,7750.0,3440,3037,0.133,0.000736
2026-09-22 09:33:01,SPX,7773.12,7721.04,7800.0,5076,863,0.1364,0.000736
2026-09-22 09:33:01,SPX,7773.12,7721.04,7745.0,1426,1328,0.1363,0.000736
2026-09-22 09:33:01,SPX,7773.12,7721.04,7805.0,2183,35,0.1426,0.000736
2026-09-22 09:33:01,SPX,7773.12,7721.04,7740.0,1382,1226,0.1403,0.000736
2026-09-22 09:33:01,SPX,7773.12,7721.04,7810.0,5099,17,0.1451,0.000736
2026-09-22 09:33:01,SPX,7773.12,7721.04,7735.0,1062,3125,0.1442,0.000736
2026-09-22 09:33:01,SPX,7773.12,7721.04,7815.0,2498,23,0.1486,0.000736
2026-09-22 09:33:01,SPX,7773.12,7721.04,7730.0,1504,2214,0.1486,0.000736
2026-09-22 09:33:01,SPX,7773.12,7721.04,7820.0,1870,49,0.1554,0.000736
2026-09-22 09:33:01,SPX,7773.12,7721.04,7725.0,2035,2199,0.1527,0.000736
2026-09-22 09:33:01,SPX,7773.12,7721.04,7825.0,2626,52,0.1608,0.000736
2026-09-22 09:33:01,SPX,7773.12,7721.04,7720.0,1192,1487,0.1588,0.000736
2026-09-22 09:33:01,SPX,7773.12,7721.04,7830.0,4963,20,0.1665,0.000736
2026-09-22 09:33:01,SPX,7773.12,7721.04,7715.0,1313,2345,0.1635,0.000736
2026-09-22 09:33:01,SPX,7773.12,7721.04,7835.0,1838,52,0.1729,0.000736
2026-09-22 09:33:01,SPX,7773.12,7721.04,7710.0,979,1820,0.1665,0.000736
2026-09-22 09:33:01,SPX,7773.12,7721.04,7840.0,3824,109,0.1792,0.000736
2026-09-22 09:33:01,SPX,7773.12,7721.04,7705.0,704,1134,0.1736,0.000736
2026-09-22 09:33:01,SPX,7773.12,7721.04,7845.0,10236,54,0.1852,0.000736
2026-09-22 09:33:01,SPX,7773.12,7721.04,7700.0,2040,4059,0.1827,0.000736
2026-09-22 09:33:01,SPX,7773.12,7721.04,7850.0,3139,31,0.1905,0.000736
2026-09-22 09:33:01,SPX,7773.12,7721.04,7695.0,1439,1760,0.184,0.000736
2026-09-22 09:33:01,SPX,7773.12,7721.04,7855.0,753,5,0.1954,0.000736
2026-09-22 09:33:01,SPX,7773.12,7721.04,7690.0,724,3112,0.1906,0.000736
2026-09-22 09:33:01,SPX,7773.12,7721.04,7860.0,1311,3,0.2004,0.000736
2026-09-22 09:33:01,SPX,7773.12,7721.04,7685.0,652,1629,0.2033,0.000736
2026-09-22 09:33:01,SPX,7773.12,7721.04,7865.0,694,2,0.2057,0.000736
2026-09-22 09:33:01,SPX,7773.12,7721.04,7680.0,821,2619,0.207,0.000736
2026-09-22 09:33:01,SPX,7773.12,7721.04,7870.0,1017,6,0.2114,0.000736
2026-09-22 09:33:01,SPX,7773.12,7721.04,7675.0,2412,2710,0.211,0.000736
2026-09-22 09:33:01,SPX,7773.12,7721.04,7875.0,1282,9,0.2176,0.000736
2026-09-22 09:33:01,SPX,7773.12,7721.04,7670.0,1117,2509,0.2199,0.000736
2026-09-22 09:33:01,SPX,7773.12,7721.04,7880.0,1013,6,0.2243,0.000736
2026-09-22 09:33:01,SPX,7773.12,7721.04,7665.0,430,1391,0.2287,0.000736
2026-09-22 09:33:01,SPX,7773.12,7721.04,7660.0,376,1218,0.2371,0.000736
2026-09-22 09:33:01,SPX,7773.12,7721.04,7890.0,3186,16,0.2397,0.000736
2026-09-22 09:33:01,SPX,7773.12,7721.04,7655.0,366,746,0.2456,0.000736
2026-09-22 09:33:01,SPX,7773.12,7721.04,7650.0,2504,3021,0.2542,0.000736
2026-09-22 09:33:01,SPX,7773.12,7721.04,7900.0,8066,17,0.2553,0.000736
2026-09-22 09:33:01,SPX,7773.12,7721.04,7645.0,273,1904,0.2623,0.000736
2026-09-22 09:33:01,SPX,7773.12,7721.04,7640.0,947,2728,0.2694,0.000736
2026-09-22 09:33:01,SPX,7773.12,7721.04,7910.0,1349,5,0.2686,0.000736
2026-09-22 09:33:01,SPX,7773.12,7721.04,7635.0,208,570,0.276,0.000736
2026-09-22 09:33:01,SPX,7773.12,7721.04,7630.0,703,774,0.2823,0.000736
2026-09-22 09:33:01,SPX,7773.12,7721.04,7920.0,815,1,0.2815,0.000736
2026-09-22 09:33:01,SPX,7773.12,7721.04,7625.0,592,1278,0.2888,0.000736
2026-09-22 09:33:01,SPX,7773.12,7721.04,7925.0,797,5,0.2878,0.000736
2026-09-22 09:33:01,SPX,7773.12,7721.04,7620.0,219,2535,0.2953,0.000736
2026-09-22 09:33:01,SPX,7773.12,7721.04,7930.0,381,2,0.2948,0.000736
2026-09-22 09:33:01,SPX,7773.12,7721.04,7615.0,140,1964,0.3017,0.000736
2026-09-22 09:33:01,SPX,7773.12,7721.04,7610.0,140,761,0.3078,0.000736
2026-09-22 09:33:01,SPX,7773.12,7721.04,7940.0,394,0,0.3079,0.000736
2026-09-22 09:33:01,SPX,7773.12,7721.04,7605.0,136,340,0.3137,0.000736
2026-09-22 09:33:01,SPX,7773.12,7721.04,7600.0,372,2640,0.3198,0.000736
2026-09-22 09:33:01,SPX,7773.12,7721.04,7950.0,1020,7,0.3212,0.000736
2026-09-22 09:33:01,SPX,7773.12,7721.04,7595.0,90,433,0.3262,0.000736
2026-09-22 09:33:01,SPX,7773.12,7721.04,7590.0,65,1102,0.3329,0.000736
2026-09-22 09:33:01,SPX,7773.12,7721.04,7585.0,227,3415,0.3399,0.000736
2026-09-22 09:33:01,SPX,7773.12,7721.04,7580.0,380,809,0.3473,0.000736
2026-09-22 09:33:01,SPX,7773.12,7721.04,7575.0,60,2654,0.3549,0.000736
2026-09-22 09:33:01,SPX,7773.12,7721.04,7975.0,1063,2,0.3505,0.000736
2026-09-22 09:33:01,SPX,7773.12,7721.04,7570.0,88,1268,0.3629,0.000736
2026-09-22 09:33:01,SPX,7773.12,7721.04,7565.0,35,301,0.3711,0.000736
2026-09-22 09:33:01,SPX,7773.12,7721.04,7560.0,49,1053,0.3794,0.000736
2026-09-22 09:33:01,SPX,7773.12,7721.04,7555.0,56,279,0.3877,0.000736
2026-09-22 09:33:01,SPX,7773.12,7721.04,7550.0,100,2792,0.3959,0.000736
2026-09-22 09:33:01,SPX,7773.12,7721.04,8000.0,5045,0,0.3687,0.000736
2026-09-22 09:33:01,SPX,7773.12,7721.04,7545.0,30,407,0.4041,0.000736
2026-09-22 09:33:01,SPX,7773.12,7721.04,7540.0,47,617,0.4121,0.000736
2026-09-22 09:33:01,SPX,7773.12,7721.04,7535.0,23,259,0.4201,0.000736
2026-09-22 09:33:01,SPX,7773.12,7721.04,7530.0,21,508,0.428,0.000736
2026-09-22 09:33:01,SPX,7773.12,7721.04,7525.0,57,807,0.436,0.000736
2026-09-22 09:33:01,SPX,7773.12,7721.04,7775.0,2933,185,0.1085,0.003474
2026-09-22 09:33:01,SPX,7773.12,7721.04,7770.0,1547,428,0.1084,0.003474
2026-09-22 09:33:01,SPX,7773.12,7721.04,7780.0,2384,152,0.1085,0.003474
2026-09-22 09:33:01,SPX,7773.12,7721.04,7765.0,1175,462,0.1087,0.003474
2026-09-22 09:33:01,SPX,7773.12,7721.04,7785.0,1581,160,0.1087,0.003474
2026-09-22 09:33:01,SPX,7773.12,7721.04,7760.0,1343,260,0.1089,0.003474
2026-09-22 09:33:01,SPX,7773.12,7721.04,7790.0,2434,70,0.1088,0.003474
2026-09-22 09:33:01,SPX,7773.12,7721.04,7755.0,687,204,0.1103,0.003474
2026-09-22 09:33:01,SPX,7773.12,7721.04,7795.0,1050,103,0.109,0.003474
2026-09-22 09:33:01,SPX,7773.12,7721.04,7750.0,2249,2247,0.1111,0.003474
2026-09-22 09:33:01,SPX,7773.12,7721.04,7800.0,2239,774,0.1098,0.003474
2026-09-22 09:33:01,SPX,7773.12,7721.04,7745.0,1434,293,0.1115,0.003474
2026-09-22 09:33:01,SPX,7773.12,7721.04,7805.0,678,108,0.1111,0.003474
2026-09-22 09:33:01,SPX,7773.12,7721.04,7740.0,482,371,0.1121,0.003474
2026-09-22 09:33:01,SPX,7773.12,7721.04,7810.0,883,9,0.1125,0.003474
2026-09-22 09:33:01,SPX,7773.12,7721.04,7735.0,1239,228,0.1128,0.003474
2026-09-22 09:33:01,SPX,7773.12,7721.04,7815.0,758,9,0.1139,0.003474
2026-09-22 09:33:01,SPX,7773.12,7721.04,7730.0,813,625,0.1141,0.003474
2026-09-22 09:33:01,SPX,7773.12,7721.04,7820.0,823,15,0.1151,0.003474
2026-09-22 09:33:01,SPX,7773.12,7721.04,7725.0,1367,564,0.1153,0.003474
2026-09-22 09:33:01,SPX,7773.12,7721.04,7825.0,676,6,0.1163,0.003474
2026-09-22 09:33:01,SPX,7773.12,7721.04,7720.0,679,709,0.1171,0.003474
2026-09-22 09:33:01,SPX,7773.12,7721.04,7830.0,457,20,0.1173,0.003474
2026-09-22 09:33:01,SPX,7773.12,7721.04,7715.0,452,393,0.1201,0.003474
2026-09-22 09:33:01,SPX,7773.12,7721.04,7835.0,189,6,0.1184,0.003474
2026-09-22 09:33:01,SPX,7773.12,7721.04,7710.0,425,329,0.1225,0.003474
2026-09-22 09:33:01,SPX,7773.12,7721.04,7840.0,695,13,0.1195,0.003474
2026-09-22 09:33:01,SPX,7773.12,7721.04,7705.0,251,173,0.1319,0.003474
2026-09-22 09:33:01,SPX,7773.12,7721.04,7845.0,593,0,0.1237,0.003474
2026-09-22 09:33:01,SPX,7773.12,7721.04,7700.0,655,1484,0.1334,0.003474
2026-09-22 09:33:01,SPX,7773.12,7721.04,7850.0,4935,13,0.1249,0.003474
2026-09-22 09:33:01,SPX,7773.12,7721.04,7695.0,997,305,0.1357,0.003474
2026-09-22 09:33:01,SPX,7773.12,7721.04,7855.0,178,0,0.1262,0.003474
2026-09-22 09:33:01,SPX,7773.12,7721.04,7690.0,514,437,0.1388,0.003474
2026-09-22 09:33:01,SPX,7773.12,7721.04,7860.0,492,1,0.1276,0.003474
2026-09-22 09:33:01,SPX,7773.12,7721.04,7685.0,646,152,0.1425,0.003474
2026-09-22 09:33:01,SPX,7773.12,7721.04,7865.0,447,0,0.1291,0.003474
2026-09-22 09:33:01,SPX,7773.12,7721.04,7680.0,396,311,0.1454,0.003474
2026-09-22 09:33:01,SPX,7773.12,7721.04,7870.0,699,1,0.1309,0.003474
2026-09-22 09:33:01,SPX,7773.12,7721.04,7675.0,293,990,0.1475,0.003474
2026-09-22 09:33:01,SPX,7773.12,7721.04,7875.0,786,6,0.1328,0.003474
2026-09-22 09:33:01,SPX,7773.12,7721.04,7670.0,979,549,0.1512,0.003474
2026-09-22 09:33:01,SPX,7773.12,7721.04,7880.0,906,1,0.1348,0.003474
2026-09-22 09:33:01,SPX,7773.12,7721.04,7665.0,482,267,0.1542,0.003474
2026-09-22 09:33:01,SPX,7773.12,7721.04,7660.0,237,319,0.1571,0.003474
2026-09-22 09:33:01,SPX,7773.12,7721.04,7890.0,516,0,0.1394,0.003474
2026-09-22 09:33:01,SPX,7773.12,7721.04,7655.0,919,230,0.1604,0.003474
2026-09-22 09:33:01,SPX,7773.12,7721.04,7650.0,807,864,0.1635,0.003474
2026-09-22 09:33:01,SPX,7773.12,7721.04,7900.0,1910,9,0.1443,0.003474
2026-09-22 09:33:01,SPX,7773.12,7721.04,7645.0,566,304,0.1661,0.003474
2026-09-22 09:33:01,SPX,7773.12,7721.04,7640.0,195,605,0.1686,0.003474
2026-09-22 09:33:01,SPX,7773.12,7721.04,7910.0,660,1,0.1496,0.003474
2026-09-22 09:33:01,SPX,7773.12,7721.04,7635.0,418,782,0.1715,0.003474
2026-09-22 09:33:01,SPX,7773.12,7721.04,7630.0,505,555,0.1748,0.003474
2026-09-22 09:33:01,SPX,7773.12,7721.04,7920.0,423,0,0.1551,0.003474
2026-09-22 09:33:01,SPX,7773.12,7721.04,7625.0,518,954,0.1783,0.003474
2026-09-22 09:33:01,SPX,7773.12,7721.04,7925.0,743,4,0.1579,0.003474
2026-09-22 09:33:01,SPX,7773.12,7721.04,7620.0,148,460,0.1821,0.003474
2026-09-22 09:33:01,SPX,7773.12,7721.04,7930.0,394,0,0.1608,0.003474
2026-09-22 09:33:01,SPX,7773.12,7721.04,7615.0,113,599,0.1861,0.003474
2026-09-22 09:33:01,SPX,7773.12,7721.04,7610.0,143,1634,0.1901,0.003474
2026-09-22 09:33:01,SPX,7773.12,7721.04,7940.0,93,0,0.1666,0.003474
2026-09-22 09:33:01,SPX,7773.12,7721.04,7605.0,274,165,0.1941,0.003474
2026-09-22 09:33:01,SPX,7773.12,7721.04,7600.0,321,779,0.1979,0.003474
2026-09-22 09:33:01,SPX,7773.12,7721.04,7950.0,1159,0,0.1723,0.003474
2026-09-22 09:33:01,SPX,7773.12,7721.04,7595.0,85,238,0.2015,0.003474
2026-09-22 09:33:01,SPX,7773.12,7721.04,7590.0,98,205,0.205,0.003474
2026-09-22 09:33:01,SPX,7773.12,7721.04,7585.0,88,1292,0.2083,0.003474
2026-09-22 09:33:01,SPX,7773.12,7721.04,7580.0,58,548,0.2114,0.003474
2026-09-22 09:33:01,SPX,7773.12,7721.04,7575.0,83,1444,0.2145,0.003474
2026-09-22 09:33:01,SPX,7773.12,7721.04,7975.0,383,0,0.1852,0.003474
2026-09-22 09:33:01,SPX,7773.12,7721.04,7570.0,37,298,0.2175,0.003474
2026-09-22 09:33:01,SPX,7773.12,7721.04,7565.0,39,198,0.2205,0.003474
2026-09-22 09:33:01,SPX,7773.12,7721.04,7560.0,53,477,0.2235,0.003474
2026-09-22 09:33:01,SPX,7773.12,7721.04,7555.0,31,621,0.2265,0.003474
2026-09-22 09:33:01,SPX,7773.12,7721.04,7550.0,52,1978,0.2296,0.003474
2026-09-22 09:33:01,SPX,7773.12,7721.04,8000.0,3883,0,0.198,0.003474
2026-09-22 09:33:01,SPX,7773.12,7721.04,7545.0,21,720,0.2328,0.003474
2026-09-22 09:33:01,SPX,7773.12,7721.04,7540.0,53,534,0.236,0.003474
2026-09-22 09:33:01,SPX,7773.12,7721.04,7535.0,37,410,0.2393,0.003474
2026-09-22 09:33:01,SPX,7773.12,7721.04,7530.0,50,220,0.2427,0.003474
2026-09-22 09:33:01,SPX,7773.12,7721.04,7525.0,20,208,0.2461,0.003474
2026-09-22 09:33:01,SPX,7773.12,7721.04,7775.0,1819,99,0.1101,0.006211
2026-09-22 09:33:01,SPX,7773.12,7721.04,7770.0,720,189,0.1108,0.006211
2026-09-22 09:33:01,SPX,7773.12,7721.04,7780.0,1870,56,0.1096,0.006211
2026-09-22 09:33:01,SPX,7773.12,7721.04,7765.0,367,109,0.1116,0.006211
2026-09-22 09:33:01,SPX,7773.12,7721.04,7785.0,506,20,0.1093,0.006211
2026-09-22 09:33:01,SPX,7773.12,7721.04,7760.0,448,129,0.1123,0.006211
2026-09-22 09:33:01,SPX,7773.12,7721.04,7790.0,394,60,0.1092,0.006211
2026-09-22 09:33:01,SPX,7773.12,7721.04,7755.0,341,67,0.113,0.006211
2026-09-22 09:33:01,SPX,7773.12,7721.04,7795.0,477,24,0.1094,0.006211
2026-09-22 09:33:01,SPX,7773.12,7721.04,7750.0,824,249,0.1139,0.006211
2026-09-22 09:33:01,SPX,7773.12,7721.04,7800.0,1415,334,0.1097,0.006211
2026-09-22 09:33:01,SPX,7773.12,7721.04,7745.0,369,91,0.1147,0.006211
2026-09-22 09:33:01,SPX,7773.12,7721.04,7805.0,658,15,0.11,0.006211
2026-09-22 09:33:01,SPX,7773.12,7721.04,7740.0,357,158,0.1155,0.006211
2026-09-22 09:33:01,SPX,7773.12,7721.04,7810.0,760,29,0.1104,0.006211
2026-09-22 09:33:01,SPX,7773.12,7721.04,7735.0,155,76,0.1171,0.006211
2026-09-22 09:33:01,SPX,7773.12,7721.04,7815.0,569,4,0.1108,0.006211
2026-09-22 09:33:01,SPX,7773.12,7721.04,7730.0,438,104,0.1183,0.006211
2026-09-22 09:33:01,SPX,7773.12,7721.04,7820.0,738,6,0.1112,0.006211
2026-09-22 09:33:01,SPX,7773.12,7721.04,7725.0,264,285,0.1195,0.006211
2026-09-22 09:33:01,SPX,7773.12,7721.04,7825.0,973,15,0.1116,0.006211
2026-09-22 09:33:01,SPX,7773.12,7721.04,7720.0,1122,245,0.1209,0.006211
2026-09-22 09:33:01,SPX,7773.12,7721.04,7830.0,1013,12,0.112,0.006211
2026-09-22 09:33:01,SPX,7773.12,7721.04,7715.0,204,210,0.1222,0.006211
2026-09-22 09:33:01,SPX,7773.12,7721.04,7835.0,277,0,0.1125,0.006211
2026-09-22 09:33:01,SPX,7773.12,7721.04,7710.0,2167,568,0.1244,0.006211
2026-09-22 09:33:01,SPX,7773.12,7721.04,7840.0,683,12,0.1129,0.006211
2026-09-22 09:33:01,SPX,7773.12,7721.04,7705.0,167,162,0.1265,0.006211
2026-09-22 09:33:01,SPX,7773.12,7721.04,7845.0,85,0,0.1135,0.006211
2026-09-22 09:33:01,SPX,7773.12,7721.04,7700.0,1155,1234,0.1281,0.006211
2026-09-22 09:33:01,SPX,7773.12,7721.04,7850.0,967,14,0.1141,0.006211
2026-09-22 09:33:01,SPX,7773.12,7721.04,7695.0,1053,99,0.1298,0.006211
2026-09-22 09:33:01,SPX,7773.12,7721.04,7855.0,226,0,0.1148,0.006211
2026-09-22 09:33:01,SPX,7773.12,7721.04,7690.0,278,208,0.1317,0.006211
2026-09-22 09:33:01,SPX,7773.12,7721.04,7860.0,763,1,0.1156,0.006211
2026-09-22 09:33:01,SPX,7773.12,7721.04,7685.0,2029,141,0.1332,0.006211
2026-09-22 09:33:01,SPX,7773.12,7721.04,7865.0,235,0,0.1165,0.006211
2026-09-22 09:33:01,SPX,7773.12,7721.04,7680.0,102,211,0.135,0.006211
2026-09-22 09:33:01,SPX,7773.12,7721.04,7870.0,718,0,0.1175,0.006211
2026-09-22 09:33:01,SPX,7773.12,7721.04,7675.0,574,1425,0.1367,0.006211
2026-09-22 09:33:01,SPX,7773.12,7721.04,7875.0,836,4,0.1186,0.006211
2026-09-22 09:33:01,SPX,7773.12,7721.04,7670.0,168,200,0.1394,0.006211
2026-09-22 09:33:01,SPX,7773.12,7721.04,7880.0,535,10,0.1198,0.006211
2026-09-22 09:33:01,SPX,7773.12,7721.04,7665.0,102,2052,0.1418,0.006211
2026-09-22 09:33:01,SPX,7773.12,7721.04,7660.0,282,302,0.144,0.006211
2026-09-22 09:33:01,SPX,7773.12,7721.04,7890.0,602,0,0.1225,0.006211
2026-09-22 09:33:01,SPX,7773.12,7721.04,7655.0,320,166,0.1464,0.006211
2026-09-22 09:33:01,SPX,7773.12,7721.04,7650.0,345,1352,0.1485,0.006211
2026-09-22 09:33:01,SPX,7773.12,7721.04,7900.0,565,36,0.1254,0.006211
2026-09-22 09:33:01,SPX,7773.12,7721.04,7645.0,569,176,0.1503,0.006211
2026-09-22 09:33:01,SPX,7773.12,7721.04,7640.0,182,2151,0.1521,0.006211
2026-09-22 09:33:01,SPX,7773.12,7721.04,7910.0,252,0,0.1286,0.006211
2026-09-22 09:33:01,SPX,7773.12,7721.04,7635.0,91,209,0.154,0.006211
2026-09-22 09:33:01,SPX,7773.12,7721.04,7630.0,84,377,0.1562,0.006211
2026-09-22 09:33:01,SPX,7773.12,7721.04,7920.0,265,0,0.132,0.006211
2026-09-22 09:33:01,SPX,7773.12,7721.04,7625.0,133,403,0.1585,0.006211
2026-09-22 09:33:01,SPX,7773.12,7721.04,7925.0,331,0,0.1337,0.006211
2026-09-22 09:33:01,SPX,7773.12,7721.04,7620.0,84,285,0.1609,0.006211
2026-09-22 09:33:01,SPX,7773.12,7721.04,7930.0,214,0,0.1355,0.006211
2026-09-22 09:33:01,SPX,7773.12,7721.04,7615.0,258,145,0.1634,0.006211
2026-09-22 09:33:01,SPX,7773.12,7721.04,7610.0,247,1415,0.1659,0.006211
2026-09-22 09:33:01,SPX,7773.12,7721.04,7940.0,132,0,0.139,0.006211
2026-09-22 09:33:01,SPX,7773.12,7721.04,7605.0,74,170,0.1684,0.006211
2026-09-22 09:33:01,SPX,7773.12,7721.04,7600.0,147,950,0.1709,0.006211
2026-09-22 09:33:01,SPX,7773.12,7721.04,7950.0,396,2,0.1427,0.006211
2026-09-22 09:33:01,SPX,7773.12,7721.04,7595.0,474,143,0.1734,0.006211
2026-09-22 09:33:01,SPX,7773.12,7721.04,7590.0,105,248,0.1759,0.006211
2026-09-22 09:33:01,SPX,7773.12,7721.04,7585.0,55,1326,0.1783,0.006211
2026-09-22 09:33:01,SPX,7773.12,7721.04,7580.0,38,298,0.1807,0.006211
2026-09-22 09:33:01,SPX,7773.12,7721.04,7575.0,39,752,0.183,0.006211
2026-09-22 09:33:01,SPX,7773.12,7721.04,7975.0,307,0,0.1524,0.006211
2026-09-22 09:33:01,SPX,7773.12,7721.04,7570.0,22,185,0.1853,0.006211
2026-09-22 09:33:01,SPX,7773.12,7721.04,7565.0,23,199,0.1875,0.006211
2026-09-22 09:33:01,SPX,7773.12,7721.04,7560.0,47,233,0.1898,0.006211
2026-09-22 09:33:01,SPX,7773.12,7721.04,7555.0,15,332,0.192,0.006211
2026-09-22 09:33:01,SPX,7773.12,7721.04,7550.0,46,1142,0.1942,0.006211
2026-09-22 09:33:01,SPX,7773.12,7721.04,8000.0,400,1,0.163,0.006211
2026-09-22 09:33:01,SPX,7773.12,7721.04,7545.0,10,326,0.1965,0.006211
2026-09-22 09:33:01,SPX,7773.12,7721.04,7540.0,23,527,0.1988,0.006211
2026-09-22 09:33:01,SPX,7773.12,7721.04,7535.0,14,101,0.2011,0.006211
2026-09-22 09:33:01,SPX,7773.12,7721.04,7530.0,33,328,0.2034,0.006211
2026-09-22 09:33:01,SPX,7773.12,7721.04,7525.0,19,744,0.2058,0.006211
2026-09-22 10:03:23,SPX,7770.28,7722.4,7770.0,2485,1128,0.124,0.000678
2026-09-22 10:03:23,SPX,7770.28,7722.4,7775.0,2833,1241,0.1232,0.000678
2026-09-22 10:03:23,SPX,7770.28,7722.4,7765.0,1982,1228,0.1261,0.000678
2026-09-22 10:03:23,SPX,7770.28,7722.4,7780.0,2649,445,0.1231,0.000678
2026-09-22 10:03:23,SPX,7770.28,7722.4,7760.0,2731,1718,0.1269,0.000678
2026-09-22 10:03:23,SPX,7770.28,7722.4,7785.0,3266,231,0.1251,0.000678
2026-09-22 10:03:23,SPX,7770.28,7722.4,7755.0,3251,2583,0.1288,0.000678
2026-09-22 10:03:23,SPX,7770.28,7722.4,7790.0,1981,97,0.1268,0.000678
2026-09-22 10:03:23,SPX,7770.28,7722.4,7750.0,3440,3037,0.1325,0.000678
2026-09-22 10:03:23,SPX,7770.28,7722.4,7795.0,1650,55,0.1288,0.000678
2026-09-22 10:03:23,SPX,7770.28,7722.4,7745.0,1426,1328,0.1369,0.000678
2026-09-22 10:03:23,SPX,7770.28,7722.4,7800.0,5076,863,0.1329,0.000678
2026-09-22 10:03:23,SPX,7770.28,7722.4,7740.0,1382,1226,0.142,0.000678
2026-09-22 10:03:23,SPX,7770.28,7722.4,7805.0,2183,35,0.1361,0.000678
2026-09-22 10:03:23,SPX,7770.28,7722.4,7735.0,1062,3125,0.1447,0.000678
2026-09-22 10:03:23,SPX,7770.28,7722.4,7810.0,5099,17,0.1425,0.000678
2026-09-22 10:03:23,SPX,7770.28,7722.4,7730.0,1504,2214,0.1521,0.000678
2026-09-22 10:03:23,SPX,7770.28,7722.4,7815.0,2498,23,0.1483,0.000678
2026-09-22 10:03:23,SPX,7770.28,7722.4,7725.0,2035,2199,0.158,0.000678
2026-09-22 10:03:23,SPX,7770.28,7722.4,7820.0,1870,49,0.1527,0.000678
2026-09-22 10:03:23,SPX,7770.28,7722.4,7720.0,1192,1487,0.1619,0.000678
2026-09-22 10:03:23,SPX,7770.28,7722.4,7825.0,2626,52,0.1589,0.000678
2026-09-22 10:03:23,SPX,7770.28,7722.4,7715.0,1313,2345,0.1707,0.000678
2026-09-22 10:03:23,SPX,7770.28,7722.4,7830.0,4963,20,0.166,0.000678
2026-09-22 10:03:23,SPX,7770.28,7722.4,7710.0,979,1820,0.1761,0.000678
2026-09-22 10:03:23,SPX,7770.28,7722.4,7835.0,1838,52,0.172,0.000678
2026-09-22 10:03:23,SPX,7770.28,7722.4,7705.0,704,1134,0.1827,0.000678
2026-09-22 10:03:23,SPX,7770.28,7722.4,7840.0,3824,109,0.1789,0.000678
2026-09-22 10:03:23,SPX,7770.28,7722.4,7700.0,2040,4059,0.1894,0.000678
2026-09-22 10:03:23,SPX,7770.28,7722.4,7845.0,10236,54,0.1872,0.000678
2026-09-22 10:03:23,SPX,7770.28,7722.4,7695.0,1439,1760,0.1955,0.000678
2026-09-22 10:03:23,SPX,7770.28,7722.4,7850.0,3139,31,0.1957,0.000678
2026-09-22 10:03:23,SPX,7770.28,7722.4,7690.0,724,3112,0.2027,0.000678
2026-09-22 10:03:23,SPX,7770.28,7722.4,7855.0,753,5,0.2035,0.000678
2026-09-22 10:03:23,SPX,7770.28,7722.4,7685.0,652,1629,0.2121,0.000678
2026-09-22 10:03:23,SPX,7770.28,7722.4,7860.0,1311,3,0.2108,0.000678
2026-09-22 10:03:23,SPX,7770.28,7722.4,7680.0,821,2619,0.221,0.000678
2026-09-22 10:03:23,SPX,7770.28,7722.4,7865.0,694,2,0.2177,0.000678
2026-09-22 10:03:23,SPX,7770.28,7722.4,7675.0,2412,2710,0.2271,0.000678
2026-09-22 10:03:23,SPX,7770.28,7722.4,7870.0,1017,6,0.2244,0.000678
2026-09-22 10:03:23,SPX,7770.28,7722.4,7670.0,1117,2509,0.2327,0.000678
2026-09-22 10:03:23,SPX,7770.28,7722.4,7875.0,1282,9,0.2309,0.000678
2026-09-22 10:03:23,SPX,7770.28,7722.4,7665.0,430,1391,0.2399,0.000678
2026-09-22 10:03:23,SPX,7770.28,7722.4,7880.0,1013,6,0.2373,0.000678
2026-09-22 10:03:23,SPX,7770.28,7722.4,7660.0,376,1218,0.2478,0.000678
2026-09-22 10:03:23,SPX,7770.28,7722.4,7655.0,366,746,0.2564,0.000678
2026-09-22 10:03:23,SPX,7770.28,7722.4,7890.0,3186,16,0.2509,0.000678
2026-09-22 10:03:23,SPX,7770.28,7722.4,7650.0,2504,3021,0.2647,0.000678
2026-09-22 10:03:23,SPX,7770.28,7722.4,7645.0,273,1904,0.2726,0.000678
2026-09-22 10:03:23,SPX,7770.28,7722.4,7900.0,8066,17,0.2651,0.000678
2026-09-22 10:03:23,SPX,7770.28,7722.4,7640.0,947,2728,0.2803,0.000678
2026-09-22 10:03:23,SPX,7770.28,7722.4,7635.0,208,570,0.288,0.000678
2026-09-22 10:03:23,SPX,7770.28,7722.4,7910.0,1349,5,0.2789,0.000678
2026-09-22 10:03:23,SPX,7770.28,7722.4,7630.0,703,774,0.2954,0.000678
2026-09-22 10:03:23,SPX,7770.28,7722.4,7625.0,592,1278,0.3029,0.000678
2026-09-22 10:03:23,SPX,7770.28,7722.4,7920.0,815,1,0.2921,0.000678
2026-09-22 10:03:23,SPX,7770.28,7722.4,7620.0,219,2535,0.3103,0.000678
2026-09-22 10:03:23,SPX,7770.28,7722.4,7925.0,797,5,0.2986,0.000678
2026-09-22 10:03:23,SPX,7770.28,7722.4,7615.0,140,1964,0.3179,0.000678
2026-09-22 10:03:23,SPX,7770.28,7722.4,7930.0,381,2,0.3053,0.000678
2026-09-22 10:03:23,SPX,7770.28,7722.4,7610.0,140,761,0.3254,0.000678
2026-09-22 10:03:23,SPX,7770.28,7722.4,7605.0,136,340,0.3329,0.000678
2026-09-22 10:03:23,SPX,7770.28,7722.4,7940.0,394,0,0.3195,0.000678
2026-09-22 10:03:23,SPX,7770.28,7722.4,7600.0,372,2640,0.3401,0.000678
2026-09-22 10:03:23,SPX,7770.28,7722.4,7595.0,90,433,0.347,0.000678
2026-09-22 10:03:23,SPX,7770.28,7722.4,7950.0,1020,7,0.3345,0.000678
2026-09-22 10:03:23,SPX,7770.28,7722.4,7590.0,65,1102,0.3539,0.000678
2026-09-22 10:03:23,SPX,7770.28,7722.4,7585.0,227,3415,0.3608,0.000678
2026-09-22 10:03:23,SPX,7770.28,7722.4,7580.0,380,809,0.3678,0.000678
2026-09-22 10:03:23,SPX,7770.28,7722.4,7575.0,60,2654,0.375,0.000678
2026-09-22 10:03:23,SPX,7770.28,7722.4,7570.0,88,1268,0.3823,0.000678
2026-09-22 10:03:23,SPX,7770.28,7722.4,7975.0,1063,2,0.3639,0.000678
2026-09-22 10:03:23,SPX,7770.28,7722.4,7565.0,35,301,0.3896,0.000678
2026-09-22 10:03:23,SPX,7770.28,7722.4,7560.0,49,1053,0.3971,0.000678
2026-09-22 10:03:23,SPX,7770.28,7722.4,7555.0,56,279,0.4046,0.000678
2026-09-22 10:03:23,SPX,7770.28,7722.4,7550.0,100,2792,0.4121,0.000678
2026-09-22 10:03:23,SPX,7770.28,7722.4,7545.0,30,407,0.4197,0.000678
2026-09-22 10:03:23,SPX,7770.28,7722.4,8000.0,5045,0,0.3692,0.000678
2026-09-22 10:03:23,SPX,7770.28,7722.4,7540.0,47,617,0.4274,0.000678
2026-09-22 10:03:23,SPX,7770.28,7722.4,7535.0,23,259,0.4351,0.000678
2026-09-22 10:03:23,SPX,7770.28,7722.4,7530.0,21,508,0.4427,0.000678
2026-09-22 10:03:23,SPX,7770.28,7722.4,7525.0,57,807,0.4504,0.000678
2026-09-22 10:03:23,SPX,7770.28,7722.4,7770.0,1547,428,0.1045,0.003416
2026-09-22 10:03:23,SPX,7770.28,7722.4,7775.0,2933,185,0.1044,0.003416
2026-09-22 10:03:23,SPX,7770.28,7722.4,7765.0,1175,462,0.1031,0.003416
2026-09-22 10:03:23,SPX,7770.28,7722.4,7780.0,2384,152,0.1026,0.003416
2026-09-22 10:03:23,SPX,7770.28,7722.4,7760.0,1343,260,0.1032,0.003416
2026-09-22 10:03:23,SPX,7770.28,7722.4,7785.0,1581,160,0.1027,0.003416
2026-09-22 10:03:23,SPX,7770.28,7722.4,7755.0,687,204,0.1039,0.003416
2026-09-22 10:03:23,SPX,7770.28,7722.4,7790.0,2434,70,0.1029,0.003416
2026-09-22 10:03:23,SPX,7770.28,7722.4,7750.0,2249,2247,0.1043,0.003416
2026-09-22 10:03:23,SPX,7770.28,7722.4,7795.0,1050,103,0.1034,0.003416
2026-09-22 10:03:23,SPX,7770.28,7722.4,7745.0,1434,293,0.1056,0.003416
2026-09-22 10:03:23,SPX,7770.28,7722.4,7800.0,2239,774,0.1034,0.003416
2026-09-22 10:03:23,SPX,7770.28,7722.4,7740.0,482,371,0.107,0.003416
2026-09-22 10:03:23,SPX,7770.28,7722.4,7805.0,678,108,0.1037,0.003416
2026-09-22 10:03:23,SPX,7770.28,7722.4,7735.0,1239,228,0.1089,0.003416
2026-09-22 10:03:23,SPX,7770.28,7722.4,7810.0,883,9,0.1043,0.003416
2026-09-22 10:03:23,SPX,7770.28,7722.4,7730.0,813,625,0.1109,0.003416
2026-09-22 10:03:23,SPX,7770.28,7722.4,7815.0,758,9,0.1049,0.003416
2026-09-22 10:03:23,SPX,7770.28,7722.4,7725.0,1367,564,0.1124,0.003416
2026-09-22 10:03:23,SPX,7770.28,7722.4,7820.0,823,15,0.1059,0.003416
2026-09-22 10:03:23,SPX,7770.28,7722.4,7720.0,679,709,0.1135,0.003416
2026-09-22 10:03:23,SPX,7770.28,7722.4,7825.0,676,6,0.1071,0.003416
2026-09-22 10:03:23,SPX,7770.28,7722.4,7715.0,452,393,0.1155,0.003416
2026-09-22 10:03:23,SPX,7770.28,7722.4,7830.0,457,20,0.1087,0.003416
2026-09-22 10:03:23,SPX,7770.28,7722.4,7710.0,425,329,0.1182,0.003416
2026-09-22 10:03:23,SPX,7770.28,7722.4,7835.0,189,6,0.1103,0.003416
2026-09-22 10:03:23,SPX,7770.28,7722.4,7705.0,251,173,0.1212,0.003416
2026-09-22 10:03:23,SPX,7770.28,7722.4,7840.0,695,13,0.1121,0.003416
2026-09-22 10:03:23,SPX,7770.28,7722.4,7700.0,655,1484,0.1239,0.003416
2026-09-22 10:03:23,SPX,7770.28,7722.4,7845.0,593,0,0.1139,0.003416
2026-09-22 10:03:23,SPX,7770.28,7722.4,7695.0,997,305,0.1264,0.003416
2026-09-22 10:03:23,SPX,7770.28,7722.4,7850.0,4935,13,0.1156,0.003416
2026-09-22 10:03:23,SPX,7770.28,7722.4,7690.0,514,437,0.1286,0.003416
2026-09-22 10:03:23,SPX,7770.28,7722.4,7855.0,178,0,0.1174,0.003416
2026-09-22 10:03:23,SPX,7770.28,7722.4,7685.0,646,152,0.1326,0.003416
2026-09-22 10:03:23,SPX,7770.28,7722.4,7860.0,492,1,0.1192,0.003416
2026-09-22 10:03:23,SPX,7770.28,7722.4,7680.0,396,311,0.1348,0.003416
2026-09-22 10:03:23,SPX,7770.28,7722.4,7865.0,447,0,0.1212,0.003416
2026-09-22 10:03:23,SPX,7770.28,7722.4,7675.0,293,990,0.137,0.003416
2026-09-22 10:03:23,SPX,7770.28,7722.4,7870.0,699,1,0.1233,0.003416
2026-09-22 10:03:23,SPX,7770.28,7722.4,7670.0,979,549,0.1408,0.003416
2026-09-22 10:03:23,SPX,7770.28,7722.4,7875.0,786,6,0.1257,0.003416
2026-09-22 10:03:23,SPX,7770.28,7722.4,7665.0,482,267,0.1447,0.003416
2026-09-22 10:03:23,SPX,7770.28,7722.4,7880.0,906,1,0.1282,0.003416
2026-09-22 10:03:23,SPX,7770.28,7722.4,7660.0,237,319,0.1482,0.003416
2026-09-22 10:03:23,SPX,7770.28,7722.4,7655.0,919,230,0.1504,0.003416
2026-09-22 10:03:23,SPX,7770.28,7722.4,7890.0,516,0,0.1337,0.003416
2026-09-22 10:03:23,SPX,7770.28,7722.4,7650.0,807,864,0.1533,0.003416
2026-09-22 10:03:23,SPX,7770.28,7722.4,7645.0,566,304,0.1578,0.003416
2026-09-22 10:03:23,SPX,7770.28,7722.4,7900.0,1910,9,0.1395,0.003416
2026-09-22 10:03:23,SPX,7770.28,7722.4,7640.0,195,605,0.1618,0.003416
2026-09-22 10:03:23,SPX,7770.28,7722.4,7635.0,418,782,0.1649,0.003416
2026-09-22 10:03:23,SPX,7770.28,7722.4,7910.0,660,1,0.1454,0.003416
2026-09-22 10:03:23,SPX,7770.28,7722.4,7630.0,505,555,0.1688,0.003416
2026-09-22 10:03:23,SPX,7770.28,7722.4,7625.0,518,954,0.1722,0.003416
2026-09-22 10:03:23,SPX,7770.28,7722.4,7920.0,423,0,0.1513,0.003416
2026-09-22 10:03:23,SPX,7770.28,7722.4,7620.0,148,460,0.1753,0.003416
2026-09-22 10:03:23,SPX,7770.28,7722.4,7925.0,743,4,0.1542,0.003416
2026-09-22 10:03:23,SPX,7770.28,7722.4,7615.0,113,599,0.1784,0.003416
2026-09-22 10:03:23,SPX,7770.28,7722.4,7930.0,394,0,0.157,0.003416
2026-09-22 10:03:23,SPX,7770.28,7722.4,7610.0,143,1634,0.1817,0.003416
2026-09-22 10:03:23,SPX,7770.28,7722.4,7605.0,274,165,0.1849,0.003416
2026-09-22 10:03:23,SPX,7770.28,7722.4,7940.0,93,0,0.1625,0.003416
2026-09-22 10:03:23,SPX,7770.28,7722.4,7600.0,321,779,0.1883,0.003416
2026-09-22 10:03:23,SPX,7770.28,7722.4,7595.0,85,238,0.1919,0.003416
2026-09-22 10:03:23,SPX,7770.28,7722.4,7950.0,1159,0,0.1678,0.003416
2026-09-22 10:03:23,SPX,7770.28,7722.4,7590.0,98,205,0.1957,0.003416
2026-09-22 10:03:23,SPX,7770.28,7722.4,7585.0,88,1292,0.1997,0.003416
2026-09-22 10:03:23,SPX,7770.28,7722.4,7580.0,58,548,0.2037,0.003416
2026-09-22 10:03:23,SPX,7770.28,7722.4,7575.0,83,1444,0.2076,0.003416
2026-09-22 10:03:23,SPX,7770.28,7722.4,7570.0,37,298,0.2115,0.003416
2026-09-22 10:03:23,SPX,7770.28,7722.4,7975.0,383,0,0.1809,0.003416
2026-09-22 10:03:23,SPX,7770.28,7722.4,7565.0,39,198,0.2152,0.003416
2026-09-22 10:03:23,SPX,7770.28,7722.4,7560.0,53,477,0.2188,0.003416
2026-09-22 10:03:23,SPX,7770.28,7722.4,7555.0,31,621,0.2223,0.003416
2026-09-22 10:03:23,SPX,7770.28,7722.4,7550.0,52,1978,0.2258,0.003416
2026-09-22 10:03:23,SPX,7770.28,7722.4,7545.0,21,720,0.2292,0.003416
2026-09-22 10:03:23,SPX,7770.28,7722.4,8000.0,3883,0,0.1935,0.003416
2026-09-22 10:03:23,SPX,7770.28,7722.4,7540.0,53,534,0.2326,0.003416
2026-09-22 10:03:23,SPX,7770.28,7722.4,7535.0,37,410,0.236,0.003416
2026-09-22 10:03:23,SPX,7770.28,7722.4,7530.0,50,220,0.2393,0.003416
2026-09-22 10:03:23,SPX,7770.28,7722.4,7525.0,20,208,0.2427,0.003416
2026-09-22 10:03:23,SPX,7770.28,7722.4,7770.0,720,189,0.1031,0.006154
2026-09-22 10:03:23,SPX,7770.28,7722.4,7775.0,1819,99,0.1026,0.006154
2026-09-22 10:03:23,SPX,7770.28,7722.4,7765.0,367,109,0.1037,0.006154
2026-09-22 10:03:23,SPX,7770.28,7722.4,7780.0,1870,56,0.1021,0.006154
2026-09-22 10:03:23,SPX,7770.28,7722.4,7760.0,448,129,0.1042,0.006154
2026-09-22 10:03:23,SPX,7770.28,7722.4,7785.0,506,20,0.1015,0.006154
2026-09-22 10:03:23,SPX,7770.28,7722.4,7755.0,341,67,0.1048,0.006154
2026-09-22 10:03:23,SPX,7770.28,7722.4,7790.0,394,60,0.1011,0.006154
2026-09-22 10:03:23,SPX,7770.28,7722.4,7750.0,824,249,0.1056,0.006154
2026-09-22 10:03:23,SPX,7770.28,7722.4,7795.0,477,24,0.1008,0.006154
2026-09-22 10:03:23,SPX,7770.28,7722.4,7745.0,369,91,0.1065,0.006154
2026-09-22 10:03:23,SPX,7770.28,7722.4,7800.0,1415,334,0.1007,0.006154
2026-09-22 10:03:23,SPX,7770.28,7722.4,7740.0,357,158,0.1073,0.006154
2026-09-22 10:03:23,SPX,7770.28,7722.4,7805.0,658,15,0.101,0.006154
2026-09-22 10:03:23,SPX,7770.28,7722.4,7735.0,155,76,0.1081,0.006154
2026-09-22 10:03:23,SPX,7770.28,7722.4,7810.0,760,29,0.1014,0.006154
2026-09-22 10:03:23,SPX,7770.28,7722.4,7730.0,438,104,0.1099,0.006154
2026-09-22 10:03:23,SPX,7770.28,7722.4,7815.0,569,4,0.1019,0.006154
2026-09-22 10:03:23,SPX,7770.28,7722.4,7725.0,264,285,0.1114,0.006154
2026-09-22 10:03:23,SPX,7770.28,7722.4,7820.0,738,6,0.1024,0.006154
2026-09-22 10:03:23,SPX,7770.28,7722.4,7720.0,1122,245,0.113,0.006154
2026-09-22 10:03:23,SPX,7770.28,7722.4,7825.0,973,15,0.1029,0.006154
2026-09-22 10:03:23,SPX,7770.28,7722.4,7715.0,204,210,0.1145,0.006154
2026-09-22 10:03:23,SPX,7770.28,7722.4,7830.0,1013,12,0.1034,0.006154
2026-09-22 10:03:23,SPX,7770.28,7722.4,7710.0,2167,568,0.1158,0.006154
2026-09-22 10:03:23,SPX,7770.28,7722.4,7835.0,277,0,0.1039,0.006154
2026-09-22 10:03:23,SPX,7770.28,7722.4,7705.0,167,162,0.1171,0.006154
2026-09-22 10:03:23,SPX,7770.28,7722.4,7840.0,683,12,0.1045,0.006154
2026-09-22 10:03:23,SPX,7770.28,7722.4,7700.0,1155,1234,0.1189,0.006154
2026-09-22 10:03:23,SPX,7770.28,7722.4,7845.0,85,0,0.1051,0.006154
2026-09-22 10:03:23,SPX,7770.28,7722.4,7695.0,1053,99,0.1208,0.006154
2026-09-22 10:03:23,SPX,7770.28,7722.4,7850.0,967,14,0.1059,0.006154
2026-09-22 10:03:23,SPX,7770.28,7722.4,7690.0,278,208,0.1227,0.006154
2026-09-22 10:03:23,SPX,7770.28,7722.4,7855.0,226,0,0.1067,0.006154
2026-09-22 10:03:23,SPX,7770.28,7722.4,7685.0,2029,141,0.1245,0.006154
2026-09-22 10:03:23,SPX,7770.28,7722.4,7860.0,763,1,0.1077,0.006154
2026-09-22 10:03:23,SPX,7770.28,7722.4,7680.0,102,211,0.1262,0.006154
2026-09-22 10:03:23,SPX,7770.28,7722.4,7865.0,235,0,0.1088,0.006154
2026-09-22 10:03:23,SPX,7770.28,7722.4,7675.0,574,1425,0.1287,0.006154
2026-09-22 10:03:23,SPX,7770.28,7722.4,7870.0,718,0,0.11,0.006154
2026-09-22 10:03:23,SPX,7770.28,7722.4,7670.0,168,200,0.1314,0.006154
2026-09-22 10:03:23,SPX,7770.28,7722.4,7875.0,836,4,0.1113,0.006154
2026-09-22 10:03:23,SPX,7770.28,7722.4,7665.0,102,2052,0.1334,0.006154
2026-09-22 10:03:23,SPX,7770.28,7722.4,7880.0,535,10,0.1128,0.006154
2026-09-22 10:03:23,SPX,7770.28,7722.4,7660.0,282,302,0.1355,0.006154
2026-09-22 10:03:23,SPX,7770.28,7722.4,7655.0,320,166,0.1379,0.006154
2026-09-22 10:03:23,SPX,7770.28,7722.4,7890.0,602,0,0.116,0.006154
2026-09-22 10:03:23,SPX,7770.28,7722.4,7650.0,345,1352,0.1403,0.006154
2026-09-22 10:03:23,SPX,7770.28,7722.4,7645.0,569,176,0.1426,0.006154
2026-09-22 10:03:23,SPX,7770.28,7722.4,7900.0,565,36,0.1196,0.006154
2026-09-22 10:03:23,SPX,7770.28,7722.4,7640.0,182,2151,0.1447,0.006154
2026-09-22 10:03:23,SPX,7770.28,7722.4,7635.0,91,209,0.1468,0.006154
2026-09-22 10:03:23,SPX,7770.28,7722.4,7910.0,252,0,0.1234,0.006154
2026-09-22 10:03:23,SPX,7770.28,7722.4,7630.0,84,377,0.1489,0.006154
2026-09-22 10:03:23,SPX,7770.28,7722.4,7625.0,133,403,0.1512,0.006154
2026-09-22 10:03:23,SPX,7770.28,7722.4,7920.0,265,0,0.1273,0.006154
2026-09-22 10:03:23,SPX,7770.28,7722.4,7620.0,84,285,0.1537,0.006154
2026-09-22 10:03:23,SPX,7770.28,7722.4,7925.0,331,0,0.1293,0.006154
2026-09-22 10:03:23,SPX,7770.28,7722.4,7615.0,258,145,0.1562,0.006154
2026-09-22 10:03:23,SPX,7770.28,7722.4,7930.0,214,0,0.1314,0.006154
2026-09-22 10:03:23,SPX,7770.28,7722.4,7610.0,247,1415,0.1589,0.006154
2026-09-22 10:03:23,SPX,7770.28,7722.4,7605.0,74,170,0.1616,0.006154
2026-09-22 10:03:23,SPX,7770.28,7722.4,7940.0,132,0,0.1355,0.006154
2026-09-22 10:03:23,SPX,7770.28,7722.4,7600.0,147,950,0.1643,0.006154
2026-09-22 10:03:23,SPX,7770.28,7722.4,7595.0,474,143,0.167,0.006154
2026-09-22 10:03:23,SPX,7770.28,7722.4,7950.0,396,2,0.1397,0.006154
2026-09-22 10:03:23,SPX,7770.28,7722.4,7590.0,105,248,0.1696,0.006154
2026-09-22 10:03:23,SPX,7770.28,7722.4,7585.0,55,1326,0.1722,0.006154
2026-09-22 10:03:23,SPX,7770.28,7722.4,7580.0,38,298,0.1747,0.006154
2026-09-22 10:03:23,SPX,7770.28,7722.4,7575.0,39,752,0.1771,0.006154
2026-09-22 10:03:23,SPX,7770.28,7722.4,7570.0,22,185,0.1795,0.006154
2026-09-22 10:03:23,SPX,7770.28,7722.4,7975.0,307,0,0.1505,0.006154
2026-09-22 10:03:23,SPX,7770.28,7722.4,7565.0,23,199,0.1819,0.006154
2026-09-22 10:03:23,SPX,7770.28,7722.4,7560.0,47,233,0.1842,0.006154
2026-09-22 10:03:23,SPX,7770.28,7722.4,7555.0,15,332,0.1866,0.006154
2026-09-22 10:03:23,SPX,7770.28,7722.4,7550.0,46,1142,0.189,0.006154
2026-09-22 10:03:23,SPX,7770.28,7722.4,7545.0,10,326,0.1914,0.006154
2026-09-22 10:03:23,SPX,7770.28,7722.4,8000.0,400,1,0.1611,0.006154
2026-09-22 10:03:23,SPX,7770.28,7722.4,7540.0,23,527,0.1938,0.006154
2026-09-22 10:03:23,SPX,7770.28,7722.4,7535.0,14,101,0.1963,0.006154
2026-09-22 10:03:23,SPX,7770.28,7722.4,7530.0,33,328,0.1988,0.006154
2026-09-22 10:03:23,SPX,7770.28,7722.4,7525.0,19,744,0.2014,0.006154
2026-09-22 10:33:44,SPX,7768.97,7724.14,7770.0,2485,1128,0.1126,0.00062
2026-09-22 10:33:44,SPX,7768.97,7724.14,7765.0,1982,1228,0.1147,0.00062
2026-09-22 10:33:44,SPX,7768.97,7724.14,7775.0,2833,1241,0.1125,0.00062
2026-09-22 10:33:44,SPX,7768.97,7724.14,7760.0,2731,1718,0.1169,0.00062
2026-09-22 10:33:44,SPX,7768.97,7724.14,7780.0,2649,445,0.114,0.00062
2026-09-22 10:33:44,SPX,7768.97,7724.14,7755.0,3251,2583,0.1206,0.00062
2026-09-22 10:33:44,SPX,7768.97,7724.14,7785.0,3266,231,0.1154,0.00062
2026-09-22 10:33:44,SPX,7768.97,7724.14,7750.0,3440,3037,0.1246,0.00062
2026-09-22 10:33:44,SPX,7768.97,7724.14,7790.0,1981,97,0.1179,0.00062
2026-09-22 10:33:44,SPX,7768.97,7724.14,7745.0,1426,1328,0.1296,0.00062
2026-09-22 10:33:44,SPX,7768.97,7724.14,7795.0,1650,55,0.1211,0.00062
2026-09-22 10:33:44,SPX,7768.97,7724.14,7740.0,1382,1226,0.1357,0.00062
2026-09-22 10:33:44,SPX,7768.97,7724.14,7800.0,5076,863,0.1267,0.00062
2026-09-22 10:33:44,SPX,7768.97,7724.14,7735.0,1062,3125,0.1419,0.00062
2026-09-22 10:33:44,SPX,7768.97,7724.14,7805.0,2183,35,0.1336,0.00062
2026-09-22 10:33:44,SPX,7768.97,7724.14,7730.0,1504,2214,0.1483,0.00062
2026-09-22 10:33:44,SPX,7768.97,7724.14,7810.0,5099,17,0.1406,0.00062
2026-09-22 10:33:44,SPX,7768.97,7724.14,7725.0,2035,2199,0.1553,0.00062
2026-09-22 10:33:44,SPX,7768.97,7724.14,7815.0,2498,23,0.147,0.00062
2026-09-22 10:33:44,SPX,7768.97,7724.14,7720.0,1192,1487,0.1617,0.00062
2026-09-22 10:33:44,SPX,7768.97,7724.14,7820.0,1870,49,0.1534,0.00062
2026-09-22 10:33:44,SPX,7768.97,7724.14,7715.0,1313,2345,0.1673,0.00062
2026-09-22 10:33:44,SPX,7768.97,7724.14,7825.0,2626,52,0.1603,0.00062
2026-09-22 10:33:44,SPX,7768.97,7724.14,7710.0,979,1820,0.1777,0.00062
2026-09-22 10:33:44,SPX,7768.97,7724.14,7830.0,4963,20,0.1675,0.00062
2026-09-22 10:33:44,SPX,7768.97,7724.14,7705.0,704,1134,0.1827,0.00062
2026-09-22 10:33:44,SPX,7768.97,7724.14,7835.0,1838,52,0.1751,0.00062
2026-09-22 10:33:44,SPX,7768.97,7724.14,7700.0,2040,4059,0.1912,0.00062
2026-09-22 10:33:44,SPX,7768.97,7724.14,7840.0,3824,109,0.1828,0.00062
2026-09-22 10:33:44,SPX,7768.97,7724.14,7695.0,1439,1760,0.1997,0.00062
2026-09-22 10:33:44,SPX,7768.97,7724.14,7845.0,10236,54,0.1905,0.00062
2026-09-22 10:33:44,SPX,7768.97,7724.14,7690.0,724,3112,0.2061,0.00062
2026-09-22 10:33:44,SPX,7768.97,7724.14,7850.0,3139,31,0.1986,0.00062
2026-09-22 10:33:44,SPX,7768.97,7724.14,7685.0,652,1629,0.2124,0.00062
2026-09-22 10:33:44,SPX,7768.97,7724.14,7855.0,753,5,0.2071,0.00062
2026-09-22 10:33:44,SPX,7768.97,7724.14,7680.0,821,2619,0.2211,0.00062
2026-09-22 10:33:44,SPX,7768.97,7724.14,7860.0,1311,3,0.2155,0.00062
2026-09-22 10:33:44,SPX,7768.97,7724.14,7675.0,2412,2710,0.2285,0.00062
2026-09-22 10:33:44,SPX,7768.97,7724.14,7865.0,694,2,0.2232,0.00062
2026-09-22 10:33:44,SPX,7768.97,7724.14,7670.0,1117,2509,0.2372,0.00062
2026-09-22 10:33:44,SPX,7768.97,7724.14,7870.0,1017,6,0.2304,0.00062
2026-09-22 10:33:44,SPX,7768.97,7724.14,7665.0,430,1391,0.2466,0.00062
2026-09-22 10:33:44,SPX,7768.97,7724.14,7875.0,1282,9,0.2375,0.00062
2026-09-22 10:33:44,SPX,7768.97,7724.14,7660.0,376,1218,0.2557,0.00062
2026-09-22 10:33:44,SPX,7768.97,7724.14,7880.0,1013,6,0.2445,0.00062
2026-09-22 10:33:44,SPX,7768.97,7724.14,7655.0,366,746,0.2642,0.00062
2026-09-22 10:33:44,SPX,7768.97,7724.14,7650.0,2504,3021,0.2722,0.00062
2026-09-22 10:33:44,SPX,7768.97,7724.14,7890.0,3186,16,0.2585,0.00062
2026-09-22 10:33:44,SPX,7768.97,7724.14,7645.0,273,1904,0.2801,0.00062
2026-09-22 10:33:44,SPX,7768.97,7724.14,7640.0,947,2728,0.288,0.00062
2026-09-22 10:33:44,SPX,7768.97,7724.14,7900.0,8066,17,0.2734,0.00062
2026-09-22 10:33:44,SPX,7768.97,7724.14,7635.0,208,570,0.296,0.00062
2026-09-22 10:33:44,SPX,7768.97,7724.14,7630.0,703,774,0.3039,0.00062
2026-09-22 10:33:44,SPX,7768.97,7724.14,7910.0,1349,5,0.2888,0.00062
2026-09-22 10:33:44,SPX,7768.97,7724.14,7625.0,592,1278,0.3113,0.00062
2026-09-22 10:33:44,SPX,7768.97,7724.14,7620.0,219,2535,0.3187,0.00062
2026-09-22 10:33:44,SPX,7768.97,7724.14,7920.0,815,1,0.3051,0.00062
2026-09-22 10:33:44,SPX,7768.97,7724.14,7615.0,140,1964,0.3264,0.00062
2026-09-22 10:33:44,SPX,7768.97,7724.14,7925.0,797,5,0.3134,0.00062
2026-09-22 10:33:44,SPX,7768.97,7724.14,7610.0,140,761,0.3346,0.00062
2026-09-22 10:33:44,SPX,7768.97,7724.14,7930.0,381,2,0.3218,0.00062
2026-09-22 10:33:44,SPX,7768.97,7724.14,7605.0,136,340,0.343,0.00062
2026-09-22 10:33:44,SPX,7768.97,7724.14,7600.0,372,2640,0.3514,0.00062
2026-09-22 10:33:44,SPX,7768.97,7724.14,7940.0,394,0,0.3393,0.00062
2026-09-22 10:33:44,SPX,7768.97,7724.14,7595.0,90,433,0.3597,0.00062
2026-09-22 10:33:44,SPX,7768.97,7724.14,7590.0,65,1102,0.3677,0.00062
2026-09-22 10:33:44,SPX,7768.97,7724.14,7950.0,1020,7,0.3565,0.00062
2026-09-22 10:33:44,SPX,7768.97,7724.14,7585.0,227,3415,0.3755,0.00062
2026-09-22 10:33:44,SPX,7768.97,7724.14,7580.0,380,809,0.383,0.00062
2026-09-22 10:33:44,SPX,7768.97,7724.14,7575.0,60,2654,0.3904,0.00062
2026-09-22 10:33:44,SPX,7768.97,7724.14,7570.0,88,1268,0.3979,0.00062
2026-09-22 10:33:44,SPX,7768.97,7724.14,7565.0,35,301,0.4054,0.00062
2026-09-22 10:33:44,SPX,7768.97,7724.14,7975.0,1063,2,0.3878,0.00062
2026-09-22 10:33:44,SPX,7768.97,7724.14,7560.0,49,1053,0.4131,0.00062
2026-09-22 10:33:44,SPX,7768.97,7724.14,7555.0,56,279,0.4208,0.00062
2026-09-22 10:33:44,SPX,7768.97,7724.14,7550.0,100,2792,0.4286,0.00062
2026-09-22 10:33:44,SPX,7768.97,7724.14,7545.0,30,407,0.4365,0.00062
2026-09-22 10:33:44,SPX,7768.97,7724.14,7540.0,47,617,0.4444,0.00062
2026-09-22 10:33:44,SPX,7768.97,7724.14,8000.0,5045,0,0.3951,0.00062
2026-09-22 10:33:44,SPX,7768.97,7724.14,7535.0,23,259,0.4523,0.00062
2026-09-22 10:33:44,SPX,7768.97,7724.14,7530.0,21,508,0.4602,0.00062
2026-09-22 10:33:44,SPX,7768.97,7724.14,7525.0,57,807,0.4682,0.00062
2026-09-22 10:33:44,SPX,7768.97,7724.14,7520.0,21,318,0.4762,0.00062
2026-09-22 10:33:44,SPX,7768.97,7724.14,7770.0,1547,428,0.0997,0.003358
2026-09-22 10:33:44,SPX,7768.97,7724.14,7765.0,1175,462,0.0999,0.003358
2026-09-22 10:33:44,SPX,7768.97,7724.14,7775.0,2933,185,0.0996,0.003358
2026-09-22 10:33:44,SPX,7768.97,7724.14,7760.0,1343,260,0.1008,0.003358
2026-09-22 10:33:44,SPX,7768.97,7724.14,7780.0,2384,152,0.0993,0.003358
2026-09-22 10:33:44,SPX,7768.97,7724.14,7755.0,687,204,0.1016,0.003358
2026-09-22 10:33:44,SPX,7768.97,7724.14,7785.0,1581,160,0.099,0.003358
2026-09-22 10:33:44,SPX,7768.97,7724.14,7750.0,2249,2247,0.1022,0.003358
2026-09-22 10:33:44,SPX,7768.97,7724.14,7790.0,2434,70,0.0989,0.003358
2026-09-22 10:33:44,SPX,7768.97,7724.14,7745.0,1434,293,0.1031,0.003358
2026-09-22 10:33:44,SPX,7768.97,7724.14,7795.0,1050,103,0.0993,0.003358
2026-09-22 10:33:44,SPX,7768.97,7724.14,7740.0,482,371,0.1052,0.003358
2026-09-22 10:33:44,SPX,7768.97,7724.14,7800.0,2239,774,0.1001,0.003358
2026-09-22 10:33:44,SPX,7768.97,7724.14,7735.0,1239,228,0.1061,0.003358
2026-09-22 10:33:44,SPX,7768.97,7724.14,7805.0,678,108,0.1009,0.003358
2026-09-22 10:33:44,SPX,7768.97,7724.14,7730.0,813,625,0.1074,0.003358
2026-09-22 10:33:44,SPX,7768.97,7724.14,7810.0,883,9,0.1018,0.003358
2026-09-22 10:33:44,SPX,7768.97,7724.14,7725.0,1367,564,0.1104,0.003358
2026-09-22 10:33:44,SPX,7768.97,7724.14,7815.0,758,9,0.1027,0.003358
2026-09-22 10:33:44,SPX,7768.97,7724.14,7720.0,679,709,0.1117,0.003358
2026-09-22 10:33:44,SPX,7768.97,7724.14,7820.0,823,15,0.1035,0.003358
2026-09-22 10:33:44,SPX,7768.97,7724.14,7715.0,452,393,0.114,0.003358
2026-09-22 10:33:44,SPX,7768.97,7724.14,7825.0,676,6,0.1044,0.003358
2026-09-22 10:33:44,SPX,7768.97,7724.14,7710.0,425,329,0.1157,0.003358
2026-09-22 10:33:44,SPX,7768.97,7724.14,7830.0,457,20,0.1054,0.003358
2026-09-22 10:33:44,SPX,7768.97,7724.14,7705.0,251,173,0.1182,0.003358
2026-09-22 10:33:44,SPX,7768.97,7724.14,7835.0,189,6,0.1066,0.003358
2026-09-22 10:33:44,SPX,7768.97,7724.14,7700.0,655,1484,0.1209,0.003358
2026-09-22 10:33:44,SPX,7768.97,7724.14,7840.0,695,13,0.1081,0.003358
2026-09-22 10:33:44,SPX,7768.97,7724.14,7695.0,997,305,0.1243,0.003358
2026-09-22 10:33:44,SPX,7768.97,7724.14,7845.0,593,0,0.1097,0.003358
2026-09-22 10:33:44,SPX,7768.97,7724.14,7690.0,514,437,0.1271,0.003358
2026-09-22 10:33:44,SPX,7768.97,7724.14,7850.0,4935,13,0.1115,0.003358
2026-09-22 10:33:44,SPX,7768.97,7724.14,7685.0,646,152,0.1293,0.003358
2026-09-22 10:33:44,SPX,7768.97,7724.14,7855.0,178,0,0.1135,0.003358
2026-09-22 10:33:44,SPX,7768.97,7724.14,7680.0,396,311,0.1314,0.003358
2026-09-22 10:33:44,SPX,7768.97,7724.14,7860.0,492,1,0.1157,0.003358
2026-09-22 10:33:44,SPX,7768.97,7724.14,7675.0,293,990,0.134,0.003358
2026-09-22 10:33:44,SPX,7768.97,7724.14,7865.0,447,0,0.1181,0.003358
2026-09-22 10:33:44,SPX,7768.97,7724.14,7670.0,979,549,0.137,0.003358
2026-09-22 10:33:44,SPX,7768.97,7724.14,7870.0,699,1,0.1206,0.003358
2026-09-22 10:33:44,SPX,7768.97,7724.14,7665.0,482,267,0.14,0.003358
2026-09-22 10:33:44,SPX,7768.97,7724.14,7875.0,786,6,0.1233,0.003358
2026-09-22 10:33:44,SPX,7768.97,7724.14,7660.0,237,319,0.143,0.003358
2026-09-22 10:33:44,SPX,7768.97,7724.14,7880.0,906,1,0.126,0.003358
2026-09-22 10:33:44,SPX,7768.97,7724.14,7655.0,919,230,0.1461,0.003358
2026-09-22 10:33:44,SPX,7768.97,7724.14,7650.0,807,864,0.1498,0.003358
2026-09-22 10:33:44,SPX,7768.97,7724.14,7890.0,516,0,0.1316,0.003358
2026-09-22 10:33:44,SPX,7768.97,7724.14,7645.0,566,304,0.1541,0.003358
2026-09-22 10:33:44,SPX,7768.97,7724.14,7640.0,195,605,0.1582,0.003358
2026-09-22 10:33:44,SPX,7768.97,7724.14,7900.0,1910,9,0.137,0.003358
2026-09-22 10:33:44,SPX,7768.97,7724.14,7635.0,418,782,0.1617,0.003358
2026-09-22 10:33:44,SPX,7768.97,7724.14,7630.0,505,555,0.165,0.003358
2026-09-22 10:33:44,SPX,7768.97,7724.14,7910.0,660,1,0.1423,0.003358
2026-09-22 10:33:44,SPX,7768.97,7724.14,7625.0,518,954,0.1677,0.003358
2026-09-22 10:33:44,SPX,7768.97,7724.14,7620.0,148,460,0.1701,0.003358
2026-09-22 10:33:44,SPX,7768.97,7724.14,7920.0,423,0,0.1477,0.003358
2026-09-22 10:33:44,SPX,7768.97,7724.14,7615.0,113,599,0.1727,0.003358
2026-09-22 10:33:44,SPX,7768.97,7724.14,7925.0,743,4,0.1503,0.003358
2026-09-22 10:33:44,SPX,7768.97,7724.14,7610.0,143,1634,0.1756,0.003358
2026-09-22 10:33:44,SPX,7768.97,7724.14,7930.0,394,0,0.153,0.003358
2026-09-22 10:33:44,SPX,7768.97,7724.14,7605.0,274,165,0.1788,0.003358
2026-09-22 10:33:44,SPX,7768.97,7724.14,7600.0,321,779,0.1824,0.003358
2026-09-22 10:33:44,SPX,7768.97,7724.14,7940.0,93,0,0.1582,0.003358
2026-09-22 10:33:44,SPX,7768.97,7724.14,7595.0,85,238,0.1863,0.003358
2026-09-22 10:33:44,SPX,7768.97,7724.14,7590.0,98,205,0.1904,0.003358
2026-09-22 10:33:44,SPX,7768.97,7724.14,7950.0,1159,0,0.1635,0.003358
2026-09-22 10:33:44,SPX,7768.97,7724.14,7585.0,88,1292,0.1945,0.003358
2026-09-22 10:33:44,SPX,7768.97,7724.14,7580.0,58,548,0.1984,0.003358
2026-09-22 10:33:44,SPX,7768.97,7724.14,7575.0,83,1444,0.2022,0.003358
2026-09-22 10:33:44,SPX,7768.97,7724.14,7570.0,37,298,0.2059,0.003358
2026-09-22 10:33:44,SPX,7768.97,7724.14,7565.0,39,198,0.2093,0.003358
2026-09-22 10:33:44,SPX,7768.97,7724.14,7975.0,383,0,0.1756,0.003358
2026-09-22 10:33:44,SPX,7768.97,7724.14,7560.0,53,477,0.2127,0.003358
2026-09-22 10:33:44,SPX,7768.97,7724.14,7555.0,31,621,0.2161,0.003358
2026-09-22 10:33:44,SPX,7768.97,7724.14,7550.0,52,1978,0.2194,0.003358
2026-09-22 10:33:44,SPX,7768.97,7724.14,7545.0,21,720,0.2226,0.003358
2026-09-22 10:33:44,SPX,7768.97,7724.14,7540.0,53,534,0.2259,0.003358
2026-09-22 10:33:44,SPX,7768.97,7724.14,8000.0,3883,0,0.1894,0.003358
2026-09-22 10:33:44,SPX,7768.97,7724.14,7535.0,37,410,0.2292,0.003358
2026-09-22 10:33:44,SPX,7768.97,7724.14,7530.0,50,220,0.2325,0.003358
2026-09-22 10:33:44,SPX,7768.97,7724.14,7525.0,20,208,0.2358,0.003358
2026-09-22 10:33:44,SPX,7768.97,7724.14,7520.0,9,207,0.2392,0.003358
2026-09-22 10:33:44,SPX,7768.97,7724.14,7770.0,720,189,0.1001,0.006096
2026-09-22 10:33:44,SPX,7768.97,7724.14,7765.0,367,109,0.1005,0.006096
2026-09-22 10:33:44,SPX,7768.97,7724.14,7775.0,1819,99,0.0997,0.006096
2026-09-22 10:33:44,SPX,7768.97,7724.14,7760.0,448,129,0.1011,0.006096
2026-09-22 10:33:44,SPX,7768.97,7724.14,7780.0,1870,56,0.0993,0.006096
2026-09-22 10:33:44,SPX,7768.97,7724.14,7755.0,341,67,0.1017,0.006096
2026-09-22 10:33:44,SPX,7768.97,7724.14,7785.0,506,20,0.099,0.006096
2026-09-22 10:33:44,SPX,7768.97,7724.14,7750.0,824,249,0.1026,0.006096
2026-09-22 10:33:44,SPX,7768.97,7724.14,7790.0,394,60,0.0986,0.006096
2026-09-22 10:33:44,SPX,7768.97,7724.14,7745.0,369,91,0.1035,0.006096
2026-09-22 10:33:44,SPX,7768.97,7724.14,7795.0,477,24,0.0983,0.006096
2026-09-22 10:33:44,SPX,7768.97,7724.14,7740.0,357,158,0.1048,0.006096
2026-09-22 10:33:44,SPX,7768.97,7724.14,7800.0,1415,334,0.0982,0.006096
2026-09-22 10:33:44,SPX,7768.97,7724.14,7735.0,155,76,0.1059,0.006096
2026-09-22 10:33:44,SPX,7768.97,7724.14,7805.0,658,15,0.0982,0.006096
2026-09-22 10:33:44,SPX,7768.97,7724.14,7730.0,438,104,0.107,0.006096
2026-09-22 10:33:44,SPX,7768.97,7724.14,7810.0,760,29,0.0984,0.006096
2026-09-22 10:33:44,SPX,7768.97,7724.14,7725.0,264,285,0.1085,0.006096
2026-09-22 10:33:44,SPX,7768.97,7724.14,7815.0,569,4,0.0987,0.006096
2026-09-22 10:33:44,SPX,7768.97,7724.14,7720.0,1122,245,0.1104,0.006096
2026-09-22 10:33:44,SPX,7768.97,7724.14,7820.0,738,6,0.0993,0.006096
2026-09-22 10:33:44,SPX,7768.97,7724.14,7715.0,204,210,0.1123,0.006096
2026-09-22 10:33:44,SPX,7768.97,7724.14,7825.0,973,15,0.0999,0.006096
2026-09-22 10:33:44,SPX,7768.97,7724.14,7710.0,2167,568,0.1131,0.006096
2026-09-22 10:33:44,SPX,7768.97,7724.14,7830.0,1013,12,0.1005,0.006096
2026-09-22 10:33:44,SPX,7768.97,7724.14,7705.0,167,162,0.1148,0.006096
2026-09-22 10:33:44,SPX,7768.97,7724.14,7835.0,277,0,0.1011,0.006096
2026-09-22 10:33:44,SPX,7768.97,7724.14,7700.0,1155,1234,0.1173,0.006096
2026-09-22 10:33:44,SPX,7768.97,7724.14,7840.0,683,12,0.1017,0.006096
2026-09-22 10:33:44,SPX,7768.97,7724.14,7695.0,1053,99,0.1192,0.006096
2026-09-22 10:33:44,SPX,7768.97,7724.14,7845.0,85,0,0.1024,0.006096
2026-09-22 10:33:44,SPX,7768.97,7724.14,7690.0,278,208,0.1206,0.006096
2026-09-22 10:33:44,SPX,7768.97,7724.14,7850.0,967,14,0.103,0.006096
2026-09-22 10:33:44,SPX,7768.97,7724.14,7685.0,2029,141,0.1223,0.006096
2026-09-22 10:33:44,SPX,7768.97,7724.14,7855.0,226,0,0.1038,0.006096
2026-09-22 10:33:44,SPX,7768.97,7724.14,7680.0,102,211,0.1239,0.006096
2026-09-22 10:33:44,SPX,7768.97,7724.14,7860.0,763,1,0.1047,0.006096
2026-09-22 10:33:44,SPX,7768.97,7724.14,7675.0,574,1425,0.1262,0.006096
2026-09-22 10:33:44,SPX,7768.97,7724.14,7865.0,235,0,0.1057,0.006096
2026-09-22 10:33:44,SPX,7768.97,7724.14,7670.0,168,200,0.1282,0.006096
2026-09-22 10:33:44,SPX,7768.97,7724.14,7870.0,718,0,0.1068,0.006096
2026-09-22 10:33:44,SPX,7768.97,7724.14,7665.0,102,2052,0.1305,0.006096
2026-09-22 10:33:44,SPX,7768.97,7724.14,7875.0,836,4,0.108,0.006096
2026-09-22 10:33:44,SPX,7768.97,7724.14,7660.0,282,302,0.1328,0.006096
2026-09-22 10:33:44,SPX,7768.97,7724.14,7880.0,535,10,0.1094,0.006096
2026-09-22 10:33:44,SPX,7768.97,7724.14,7655.0,320,166,0.1351,0.006096
2026-09-22 10:33:44,SPX,7768.97,7724.14,7650.0,345,1352,0.1375,0.006096
2026-09-22 10:33:44,SPX,7768.97,7724.14,7890.0,602,0,0.1124,0.006096
2026-09-22 10:33:44,SPX,7768.97,7724.14,7645.0,569,176,0.14,0.006096
2026-09-22 10:33:44,SPX,7768.97,7724.14,7640.0,182,2151,0.1422,0.006096
2026-09-22 10:33:44,SPX,7768.97,7724.14,7900.0,565,36,0.1158,0.006096
2026-09-22 10:33:44,SPX,7768.97,7724.14,7635.0,91,209,0.1441,0.006096
2026-09-22 10:33:44,SPX,7768.97,7724.14,7630.0,84,377,0.1461,0.006096
2026-09-22 10:33:44,SPX,7768.97,7724.14,7910.0,252,0,0.1194,0.006096
2026-09-22 10:33:44,SPX,7768.97,7724.14,7625.0,133,403,0.1482,0.006096
2026-09-22 10:33:44,SPX,7768.97,7724.14,7620.0,84,285,0.1505,0.006096
2026-09-22 10:33:44,SPX,7768.97,7724.14,7920.0,265,0,0.1232,0.006096
2026-09-22 10:33:44,SPX,7768.97,7724.14,7615.0,258,145,0.1529,0.006096
2026-09-22 10:33:44,SPX,7768.97,7724.14,7925.0,331,0,0.1252,0.006096
2026-09-22 10:33:44,SPX,7768.97,7724.14,7610.0,247,1415,0.1554,0.006096
2026-09-22 10:33:44,SPX,7768.97,7724.14,7930.0,214,0,0.1272,0.006096
2026-09-22 10:33:44,SPX,7768.97,7724.14,7605.0,74,170,0.1579,0.006096
2026-09-22 10:33:44,SPX,7768.97,7724.14,7600.0,147,950,0.1605,0.006096
2026-09-22 10:33:44,SPX,7768.97,7724.14,7940.0,132,0,0.1312,0.006096
2026-09-22 10:33:44,SPX,7768.97,7724.14,7595.0,474,143,0.163,0.006096
2026-09-22 10:33:44,SPX,7768.97,7724.14,7590.0,105,248,0.1656,0.006096
2026-09-22 10:33:44,SPX,7768.97,7724.14,7950.0,396,2,0.1353,0.006096
2026-09-22 10:33:44,SPX,7768.97,7724.14,7585.0,55,1326,0.1682,0.006096
2026-09-22 10:33:44,SPX,7768.97,7724.14,7580.0,38,298,0.1707,0.006096
2026-09-22 10:33:44,SPX,7768.97,7724.14,7575.0,39,752,0.1731,0.006096
2026-09-22 10:33:44,SPX,7768.97,7724.14,7570.0,22,185,0.1755,0.006096
2026-09-22 10:33:44,SPX,7768.97,7724.14,7565.0,23,199,0.1778,0.006096
2026-09-22 10:33:44,SPX,7768.97,7724.14,7975.0,307,0,0.1458,0.006096
2026-09-22 10:33:44,SPX,7768.97,7724.14,7560.0,47,233,0.1802,0.006096
2026-09-22 10:33:44,SPX,7768.97,7724.14,7555.0,15,332,0.1825,0.006096
2026-09-22 10:33:44,SPX,7768.97,7724.14,7550.0,46,1142,0.1849,0.006096
2026-09-22 10:33:44,SPX,7768.97,7724.14,7545.0,10,326,0.1873,0.006096
2026-09-22 10:33:44,SPX,7768.97,7724.14,7540.0,23,527,0.1897,0.006096
2026-09-22 10:33:44,SPX,7768.97,7724.14,8000.0,400,1,0.1563,0.006096
2026-09-22 10:33:44,SPX,7768.97,7724.14,7535.0,14,101,0.1921,0.006096
2026-09-22 10:33:44,SPX,7768.97,7724.14,7530.0,33,328,0.1946,0.006096
2026-09-22 10:33:44,SPX,7768.97,7724.14,7525.0,19,744,0.1971,0.006096
2026-09-22 10:33:44,SPX,7768.97,7724.14,7520.0,118,295,0.1996,0.006096
2026-09-22 11:04:06,SPX,7765.1,7724.8,7765.0,1982,1228,0.1177,0.000563
2026-09-22 11:04:06,SPX,7765.1,7724.8,7770.0,2485,1128,0.1161,0.000563
2026-09-22 11:04:06,SPX,7765.1,7724.8,7760.0,2731,1718,0.1198,0.000563
2026-09-22 11:04:06,SPX,7765.1,7724.8,7775.0,2833,1241,0.1162,0.000563
2026-09-22 11:04:06,SPX,7765.1,7724.8,7755.0,3251,2583,0.1216,0.000563
2026-09-22 11:04:06,SPX,7765.1,7724.8,7780.0,2649,445,0.1167,0.000563
2026-09-22 11:04:06,SPX,7765.1,7724.8,7750.0,3440,3037,0.1264,0.000563
2026-09-22 11:04:06,SPX,7765.1,7724.8,7785.0,3266,231,0.1191,0.000563
2026-09-22 11:04:06,SPX,7765.1,7724.8,7745.0,1426,1328,0.131,0.000563
2026-09-22 11:04:06,SPX,7765.1,7724.8,7790.0,1981,97,0.122,0.000563
2026-09-22 11:04:06,SPX,7765.1,7724.8,7740.0,1382,1226,0.1362,0.000563
2026-09-22 11:04:06,SPX,7765.1,7724.8,7795.0,1650,55,0.1256,0.000563
2026-09-22 11:04:06,SPX,7765.1,7724.8,7735.0,1062,3125,0.1421,0.000563
2026-09-22 11:04:06,SPX,7765.1,7724.8,7800.0,5076,863,0.1304,0.000563
2026-09-22 11:04:06,SPX,7765.1,7724.8,7730.0,1504,2214,0.1489,0.000563
2026-09-22 11:04:06,SPX,7765.1,7724.8,7805.0,2183,35,0.1371,0.000563
2026-09-22 11:04:06,SPX,7765.1,7724.8,7725.0,2035,2199,0.1549,0.000563
2026-09-22 11:04:06,SPX,7765.1,7724.8,7810.0,5099,17,0.1444,0.000563
2026-09-22 11:04:06,SPX,7765.1,7724.8,7720.0,1192,1487,0.1604,0.000563
2026-09-22 11:04:06,SPX,7765.1,7724.8,7815.0,2498,23,0.1516,0.000563
2026-09-22 11:04:06,SPX,7765.1,7724.8,7715.0,1313,2345,0.169,0.000563
2026-09-22 11:04:06,SPX,7765.1,7724.8,7820.0,1870,49,0.1578,0.000563
2026-09-22 11:04:06,SPX,7765.1,7724.8,7710.0,979,1820,0.1737,0.000563
2026-09-22 11:04:06,SPX,7765.1,7724.8,7825.0,2626,52,0.1637,0.000563
2026-09-22 11:04:06,SPX,7765.1,7724.8,7705.0,704,1134,0.1827,0.000563
2026-09-22 11:04:06,SPX,7765.1,7724.8,7830.0,4963,20,0.1695,0.000563
2026-09-22 11:04:06,SPX,7765.1,7724.8,7700.0,2040,4059,0.1903,0.000563
2026-09-22 11:04:06,SPX,7765.1,7724.8,7835.0,1838,52,0.1786,0.000563
2026-09-22 11:04:06,SPX,7765.1,7724.8,7695.0,1439,1760,0.1986,0.000563
2026-09-22 11:04:06,SPX,7765.1,7724.8,7840.0,3824,109,0.1871,0.000563
2026-09-22 11:04:06,SPX,7765.1,7724.8,7690.0,724,3112,0.2117,0.000563
2026-09-22 11:04:06,SPX,7765.1,7724.8,7845.0,10236,54,0.195,0.000563
2026-09-22 11:04:06,SPX,7765.1,7724.8,7685.0,652,1629,0.2166,0.000563
2026-09-22 11:04:06,SPX,7765.1,7724.8,7850.0,3139,31,0.202,0.000563
2026-09-22 11:04:06,SPX,7765.1,7724.8,7680.0,821,2619,0.2223,0.000563
2026-09-22 11:04:06,SPX,7765.1,7724.8,7855.0,753,5,0.2086,0.000563
2026-09-22 11:04:06,SPX,7765.1,7724.8,7675.0,2412,2710,0.2316,0.000563
2026-09-22 11:04:06,SPX,7765.1,7724.8,7860.0,1311,3,0.2152,0.000563
2026-09-22 11:04:06,SPX,7765.1,7724.8,7670.0,1117,2509,0.2407,0.000563
2026-09-22 11:04:06,SPX,7765.1,7724.8,7865.0,694,2,0.2224,0.000563
2026-09-22 11:04:06,SPX,7765.1,7724.8,7665.0,430,1391,0.2499,0.000563
2026-09-22 11:04:06,SPX,7765.1,7724.8,7870.0,1017,6,0.2304,0.000563
2026-09-22 11:04:06,SPX,7765.1,7724.8,7660.0,376,1218,0.2593,0.000563
2026-09-22 11:04:06,SPX,7765.1,7724.8,7875.0,1282,9,0.2392,0.000563
2026-09-22 11:04:06,SPX,7765.1,7724.8,7655.0,366,746,0.2684,0.000563
2026-09-22 11:04:06,SPX,7765.1,7724.8,7880.0,1013,6,0.2486,0.000563
2026-09-22 11:04:06,SPX,7765.1,7724.8,7650.0,2504,3021,0.2771,0.000563
2026-09-22 11:04:06,SPX,7765.1,7724.8,7645.0,273,1904,0.2857,0.000563
2026-09-22 11:04:06,SPX,7765.1,7724.8,7890.0,3186,16,0.2675,0.000563
2026-09-22 11:04:06,SPX,7765.1,7724.8,7640.0,947,2728,0.2942,0.000563
2026-09-22 11:04:06,SPX,7765.1,7724.8,7635.0,208,570,0.3028,0.000563
2026-09-22 11:04:06,SPX,7765.1,7724.8,7900.0,8066,17,0.286,0.000563
2026-09-22 11:04:06,SPX,7765.1,7724.8,7630.0,703,774,0.3114,0.000563
2026-09-22 11:04:06,SPX,7765.1,7724.8,7625.0,592,1278,0.3199,0.000563
2026-09-22 11:04:06,SPX,7765.1,7724.8,7910.0,1349,5,0.3041,0.000563
2026-09-22 11:04:06,SPX,7765.1,7724.8,7620.0,219,2535,0.3281,0.000563
2026-09-22 11:04:06,SPX,7765.1,7724.8,7615.0,140,1964,0.336,0.000563
2026-09-22 11:04:06,SPX,7765.1,7724.8,7920.0,815,1,0.3222,0.000563
2026-09-22 11:04:06,SPX,7765.1,7724.8,7610.0,140,761,0.3437,0.000563
2026-09-22 11:04:06,SPX,7765.1,7724.8,7925.0,797,5,0.3312,0.000563
2026-09-22 11:04:06,SPX,7765.1,7724.8,7605.0,136,340,0.3516,0.000563
2026-09-22 11:04:06,SPX,7765.1,7724.8,7930.0,381,2,0.3401,0.000563
2026-09-22 11:04:06,SPX,7765.1,7724.8,7600.0,372,2640,0.3595,0.000563
2026-09-22 11:04:06,SPX,7765.1,7724.8,7595.0,90,433,0.3676,0.000563
2026-09-22 11:04:06,SPX,7765.1,7724.8,7940.0,394,0,0.3568,0.000563
2026-09-22 11:04:06,SPX,7765.1,7724.8,7590.0,65,1102,0.3758,0.000563
2026-09-22 11:04:06,SPX,7765.1,7724.8,7585.0,227,3415,0.3842,0.000563
2026-09-22 11:04:06,SPX,7765.1,7724.8,7950.0,1020,7,0.3705,0.000563
2026-09-22 11:04:06,SPX,7765.1,7724.8,7580.0,380,809,0.3926,0.000563
2026-09-22 11:04:06,SPX,7765.1,7724.8,7575.0,60,2654,0.4011,0.000563
2026-09-22 11:04:06,SPX,7765.1,7724.8,7570.0,88,1268,0.4097,0.000563
2026-09-22 11:04:06,SPX,7765.1,7724.8,7565.0,35,301,0.4184,0.000563
2026-09-22 11:04:06,SPX,7765.1,7724.8,7560.0,49,1053,0.4271,0.000563
2026-09-22 11:04:06,SPX,7765.1,7724.8,7975.0,1063,2,0.3875,0.000563
2026-09-22 11:04:06,SPX,7765.1,7724.8,7555.0,56,279,0.436,0.000563
2026-09-22 11:04:06,SPX,7765.1,7724.8,7550.0,100,2792,0.4451,0.000563
2026-09-22 11:04:06,SPX,7765.1,7724.8,7545.0,30,407,0.4541,0.000563
2026-09-22 11:04:06,SPX,7765.1,7724.8,7540.0,47,617,0.4632,0.000563
2026-09-22 11:04:06,SPX,7765.1,7724.8,7535.0,23,259,0.4722,0.000563
2026-09-22 11:04:06,SPX,7765.1,7724.8,8000.0,5045,0,0.3811,0.000563
2026-09-22 11:04:06,SPX,7765.1,7724.8,7530.0,21,508,0.481,0.000563
2026-09-22 11:04:06,SPX,7765.1,7724.8,7525.0,57,807,0.4896,0.000563
2026-09-22 11:04:06,SPX,7765.1,7724.8,7520.0,21,318,0.4981,0.000563
2026-09-22 11:04:06,SPX,7765.1,7724.8,7765.0,1175,462,0.0996,0.0033
2026-09-22 11:04:06,SPX,7765.1,7724.8,7770.0,1547,428,0.0988,0.0033
2026-09-22 11:04:06,SPX,7765.1,7724.8,7760.0,1343,260,0.1,0.0033
2026-09-22 11:04:06,SPX,7765.1,7724.8,7775.0,2933,185,0.0988,0.0033
2026-09-22 11:04:06,SPX,7765.1,7724.8,7755.0,687,204,0.1011,0.0033
2026-09-22 11:04:06,SPX,7765.1,7724.8,7780.0,2384,152,0.0981,0.0033
2026-09-22 11:04:06,SPX,7765.1,7724.8,7750.0,2249,2247,0.1018,0.0033
2026-09-22 11:04:06,SPX,7765.1,7724.8,7785.0,1581,160,0.0975,0.0033
2026-09-22 11:04:06,SPX,7765.1,7724.8,7745.0,1434,293,0.1027,0.0033
2026-09-22 11:04:06,SPX,7765.1,7724.8,7790.0,2434,70,0.0971,0.0033
2026-09-22 11:04:06,SPX,7765.1,7724.8,7740.0,482,371,0.1052,0.0033
2026-09-22 11:04:06,SPX,7765.1,7724.8,7795.0,1050,103,0.0974,0.0033
2026-09-22 11:04:06,SPX,7765.1,7724.8,7735.0,1239,228,0.1066,0.0033
2026-09-22 11:04:06,SPX,7765.1,7724.8,7800.0,2239,774,0.0982,0.0033
2026-09-22 11:04:06,SPX,7765.1,7724.8,7730.0,813,625,0.108,0.0033
2026-09-22 11:04:06,SPX,7765.1,7724.8,7805.0,678,108,0.0991,0.0033
2026-09-22 11:04:06,SPX,7765.1,7724.8,7725.0,1367,564,0.1093,0.0033
2026-09-22 11:04:06,SPX,7765.1,7724.8,7810.0,883,9,0.0999,0.0033
2026-09-22 11:04:06,SPX,7765.1,7724.8,7720.0,679,709,0.1112,0.0033
2026-09-22 11:04:06,SPX,7765.1,7724.8,7815.0,758,9,0.1006,0.0033
2026-09-22 11:04:06,SPX,7765.1,7724.8,7715.0,452,393,0.1133,0.0033
2026-09-22 11:04:06,SPX,7765.1,7724.8,7820.0,823,15,0.1013,0.0033
2026-09-22 11:04:06,SPX,7765.1,7724.8,7710.0,425,329,0.1166,0.0033
2026-09-22 11:04:06,SPX,7765.1,7724.8,7825.0,676,6,0.1021,0.0033
2026-09-22 11:04:06,SPX,7765.1,7724.8,7705.0,251,173,0.1186,0.0033
2026-09-22 11:04:06,SPX,7765.1,7724.8,7830.0,457,20,0.1031,0.0033
2026-09-22 11:04:06,SPX,7765.1,7724.8,7700.0,655,1484,0.1204,0.0033
2026-09-22 11:04:06,SPX,7765.1,7724.8,7835.0,189,6,0.1043,0.0033
2026-09-22 11:04:06,SPX,7765.1,7724.8,7695.0,997,305,0.1232,0.0033
2026-09-22 11:04:06,SPX,7765.1,7724.8,7840.0,695,13,0.1056,0.0033
2026-09-22 11:04:06,SPX,7765.1,7724.8,7690.0,514,437,0.1259,0.0033
2026-09-22 11:04:06,SPX,7765.1,7724.8,7845.0,593,0,0.1072,0.0033
2026-09-22 11:04:06,SPX,7765.1,7724.8,7685.0,646,152,0.1286,0.0033
2026-09-22 11:04:06,SPX,7765.1,7724.8,7850.0,4935,13,0.109,0.0033
2026-09-22 11:04:06,SPX,7765.1,7724.8,7680.0,396,311,0.1317,0.0033
2026-09-22 11:04:06,SPX,7765.1,7724.8,7855.0,178,0,0.111,0.0033
2026-09-22 11:04:06,SPX,7765.1,7724.8,7675.0,293,990,0.1351,0.0033
2026-09-22 11:04:06,SPX,7765.1,7724.8,7860.0,492,1,0.1132,0.0033
2026-09-22 11:04:06,SPX,7765.1,7724.8,7670.0,979,549,0.1381,0.0033
2026-09-22 11:04:06,SPX,7765.1,7724.8,7865.0,447,0,0.1155,0.0033
2026-09-22 11:04:06,SPX,7765.1,7724.8,7665.0,482,267,0.1406,0.0033
2026-09-22 11:04:06,SPX,7765.1,7724.8,7870.0,699,1,0.118,0.0033
2026-09-22 11:04:06,SPX,7765.1,7724.8,7660.0,237,319,0.1427,0.0033
2026-09-22 11:04:06,SPX,7765.1,7724.8,7875.0,786,6,0.1206,0.0033
2026-09-22 11:04:06,SPX,7765.1,7724.8,7655.0,919,230,0.1452,0.0033
2026-09-22 11:04:06,SPX,7765.1,7724.8,7880.0,906,1,0.1232,0.0033
2026-09-22 11:04:06,SPX,7765.1,7724.8,7650.0,807,864,0.1486,0.0033
2026-09-22 11:04:06,SPX,7765.1,7724.8,7645.0,566,304,0.1527,0.0033
2026-09-22 11:04:06,SPX,7765.1,7724.8,7890.0,516,0,0.1288,0.0033
2026-09-22 11:04:06,SPX,7765.1,7724.8,7640.0,195,605,0.1565,0.0033
2026-09-22 11:04:06,SPX,7765.1,7724.8,7635.0,418,782,0.1602,0.0033
2026-09-22 11:04:06,SPX,7765.1,7724.8,7900.0,1910,9,0.1342,0.0033
2026-09-22 11:04:06,SPX,7765.1,7724.8,7630.0,505,555,0.1629,0.0033
2026-09-22 11:04:06,SPX,7765.1,7724.8,7625.0,518,954,0.1653,0.0033
2026-09-22 11:04:06,SPX,7765.1,7724.8,7910.0,660,1,0.1394,0.0033
2026-09-22 11:04:06,SPX,7765.1,7724.8,7620.0,148,460,0.1681,0.0033
2026-09-22 11:04:06,SPX,7765.1,7724.8,7615.0,113,599,0.1712,0.0033
2026-09-22 11:04:06,SPX,7765.1,7724.8,7920.0,423,0,0.1443,0.0033
2026-09-22 11:04:06,SPX,7765.1,7724.8,7610.0,143,1634,0.1743,0.0033
2026-09-22 11:04:06,SPX,7765.1,7724.8,7925.0,743,4,0.1468,0.0033
2026-09-22 11:04:06,SPX,7765.1,7724.8,7605.0,274,165,0.1777,0.0033
2026-09-22 11:04:06,SPX,7765.1,7724.8,7930.0,394,0,0.1492,0.0033
2026-09-22 11:04:06,SPX,7765.1,7724.8,7600.0,321,779,0.1813,0.0033
2026-09-22 11:04:06,SPX,7765.1,7724.8,7595.0,85,238,0.1852,0.0033
2026-09-22 11:04:06,SPX,7765.1,7724.8,7940.0,93,0,0.1541,0.0033
2026-09-22 11:04:06,SPX,7765.1,7724.8,7590.0,98,205,0.1892,0.0033
2026-09-22 11:04:06,SPX,7765.1,7724.8,7585.0,88,1292,0.1931,0.0033
2026-09-22 11:04:06,SPX,7765.1,7724.8,7950.0,1159,0,0.1593,0.0033
2026-09-22 11:04:06,SPX,7765.1,7724.8,7580.0,58,548,0.1969,0.0033
2026-09-22 11:04:06,SPX,7765.1,7724.8,7575.0,83,1444,0.2005,0.0033
2026-09-22 11:04:06,SPX,7765.1,7724.8,7570.0,37,298,0.204,0.0033
2026-09-22 11:04:06,SPX,7765.1,7724.8,7565.0,39,198,0.2074,0.0033
2026-09-22 11:04:06,SPX,7765.1,7724.8,7560.0,53,477,0.2108,0.0033
2026-09-22 11:04:06,SPX,7765.1,7724.8,7975.0,383,0,0.1748,0.0033
2026-09-22 11:04:06,SPX,7765.1,7724.8,7555.0,31,621,0.2141,0.0033
2026-09-22 11:04:06,SPX,7765.1,7724.8,7550.0,52,1978,0.2174,0.0033
2026-09-22 11:04:06,SPX,7765.1,7724.8,7545.0,21,720,0.2207,0.0033
2026-09-22 11:04:06,SPX,7765.1,7724.8,7540.0,53,534,0.224,0.0033
2026-09-22 11:04:06,SPX,7765.1,7724.8,7535.0,37,410,0.2274,0.0033
2026-09-22 11:04:06,SPX,7765.1,7724.8,8000.0,3883,0,0.1929,0.0033
2026-09-22 11:04:06,SPX,7765.1,7724.8,7530.0,50,220,0.2308,0.0033
2026-09-22 11:04:06,SPX,7765.1,7724.8,7525.0,20,208,0.2342,0.0033
2026-09-22 11:04:06,SPX,7765.1,7724.8,7520.0,9,207,0.2376,0.0033
2026-09-22 11:04:06,SPX,7765.1,7724.8,7765.0,367,109,0.0985,0.006038
2026-09-22 11:04:06,SPX,7765.1,7724.8,7770.0,720,189,0.0977,0.006038
2026-09-22 11:04:06,SPX,7765.1,7724.8,7760.0,448,129,0.0992,0.006038
2026-09-22 11:04:06,SPX,7765.1,7724.8,7775.0,1819,99,0.0972,0.006038
2026-09-22 11:04:06,SPX,7765.1,7724.8,7755.0,341,67,0.1001,0.006038
2026-09-22 11:04:06,SPX,7765.1,7724.8,7780.0,1870,56,0.0967,0.006038
2026-09-22 11:04:06,SPX,7765.1,7724.8,7750.0,824,249,0.1012,0.006038
2026-09-22 11:04:06,SPX,7765.1,7724.8,7785.0,506,20,0.0966,0.006038
2026-09-22 11:04:06,SPX,7765.1,7724.8,7745.0,369,91,0.102,0.006038
2026-09-22 11:04:06,SPX,7765.1,7724.8,7790.0,394,60,0.0962,0.006038
2026-09-22 11:04:06,SPX,7765.1,7724.8,7740.0,357,158,0.1032,0.006038
2026-09-22 11:04:06,SPX,7765.1,7724.8,7795.0,477,24,0.096,0.006038
2026-09-22 11:04:06,SPX,7765.1,7724.8,7735.0,155,76,0.1052,0.006038
2026-09-22 11:04:06,SPX,7765.1,7724.8,7800.0,1415,334,0.0957,0.006038
2026-09-22 11:04:06,SPX,7765.1,7724.8,7730.0,438,104,0.1062,0.006038
2026-09-22 11:04:06,SPX,7765.1,7724.8,7805.0,658,15,0.0954,0.006038
2026-09-22 11:04:06,SPX,7765.1,7724.8,7725.0,264,285,0.1071,0.006038
2026-09-22 11:04:06,SPX,7765.1,7724.8,7810.0,760,29,0.0953,0.006038
2026-09-22 11:04:06,SPX,7765.1,7724.8,7720.0,1122,245,0.1089,0.006038
2026-09-22 11:04:06,SPX,7765.1,7724.8,7815.0,569,4,0.0955,0.006038
2026-09-22 11:04:06,SPX,7765.1,7724.8,7715.0,204,210,0.1112,0.006038
2026-09-22 11:04:06,SPX,7765.1,7724.8,7820.0,738,6,0.0959,0.006038
2026-09-22 11:04:06,SPX,7765.1,7724.8,7710.0,2167,568,0.1129,0.006038
2026-09-22 11:04:06,SPX,7765.1,7724.8,7825.0,973,15,0.0965,0.006038
2026-09-22 11:04:06,SPX,7765.1,7724.8,7705.0,167,162,0.1134,0.006038
2026-09-22 11:04:06,SPX,7765.1,7724.8,7830.0,1013,12,0.0972,0.006038
2026-09-22 11:04:06,SPX,7765.1,7724.8,7700.0,1155,1234,0.1152,0.006038
2026-09-22 11:04:06,SPX,7765.1,7724.8,7835.0,277,0,0.0979,0.006038
2026-09-22 11:04:06,SPX,7765.1,7724.8,7695.0,1053,99,0.1179,0.006038
2026-09-22 11:04:06,SPX,7765.1,7724.8,7840.0,683,12,0.0987,0.006038
2026-09-22 11:04:06,SPX,7765.1,7724.8,7690.0,278,208,0.1202,0.006038
2026-09-22 11:04:06,SPX,7765.1,7724.8,7845.0,85,0,0.0995,0.006038
2026-09-22 11:04:06,SPX,7765.1,7724.8,7685.0,2029,141,0.1212,0.006038
2026-09-22 11:04:06,SPX,7765.1,7724.8,7850.0,967,14,0.1002,0.006038
2026-09-22 11:04:06,SPX,7765.1,7724.8,7680.0,102,211,0.1232,0.006038
2026-09-22 11:04:06,SPX,7765.1,7724.8,7855.0,226,0,0.101,0.006038
2026-09-22 11:04:06,SPX,7765.1,7724.8,7675.0,574,1425,0.126,0.006038
2026-09-22 11:04:06,SPX,7765.1,7724.8,7860.0,763,1,0.1018,0.006038
2026-09-22 11:04:06,SPX,7765.1,7724.8,7670.0,168,200,0.1287,0.006038
2026-09-22 11:04:06,SPX,7765.1,7724.8,7865.0,235,0,0.1027,0.006038
2026-09-22 11:04:06,SPX,7765.1,7724.8,7665.0,102,2052,0.1302,0.006038
2026-09-22 11:04:06,SPX,7765.1,7724.8,7870.0,718,0,0.1037,0.006038
2026-09-22 11:04:06,SPX,7765.1,7724.8,7660.0,282,302,0.1314,0.006038
2026-09-22 11:04:06,SPX,7765.1,7724.8,7875.0,836,4,0.1048,0.006038
2026-09-22 11:04:06,SPX,7765.1,7724.8,7655.0,320,166,0.1336,0.006038
2026-09-22 11:04:06,SPX,7765.1,7724.8,7880.0,535,10,0.106,0.006038
2026-09-22 11:04:06,SPX,7765.1,7724.8,7650.0,345,1352,0.1361,0.006038
2026-09-22 11:04:06,SPX,7765.1,7724.8,7645.0,569,176,0.1385,0.006038
2026-09-22 11:04:06,SPX,7765.1,7724.8,7890.0,602,0,0.1089,0.006038
2026-09-22 11:04:06,SPX,7765.1,7724.8,7640.0,182,2151,0.1412,0.006038
2026-09-22 11:04:06,SPX,7765.1,7724.8,7635.0,91,209,0.1436,0.006038
2026-09-22 11:04:06,SPX,7765.1,7724.8,7900.0,565,36,0.1124,0.006038
2026-09-22 11:04:06,SPX,7765.1,7724.8,7630.0,84,377,0.1457,0.006038
2026-09-22 11:04:06,SPX,7765.1,7724.8,7625.0,133,403,0.1478,0.006038
2026-09-22 11:04:06,SPX,7765.1,7724.8,7910.0,252,0,0.1162,0.006038
2026-09-22 11:04:06,SPX,7765.1,7724.8,7620.0,84,285,0.1499,0.006038
2026-09-22 11:04:06,SPX,7765.1,7724.8,7615.0,258,145,0.1521,0.006038
2026-09-22 11:04:06,SPX,7765.1,7724.8,7920.0,265,0,0.1203,0.006038
2026-09-22 11:04:06,SPX,7765.1,7724.8,7610.0,247,1415,0.1543,0.006038
2026-09-22 11:04:06,SPX,7765.1,7724.8,7925.0,331,0,0.1224,0.006038
2026-09-22 11:04:06,SPX,7765.1,7724.8,7605.0,74,170,0.1568,0.006038
2026-09-22 11:04:06,SPX,7765.1,7724.8,7930.0,214,0,0.1246,0.006038
2026-09-22 11:04:06,SPX,7765.1,7724.8,7600.0,147,950,0.1593,0.006038
2026-09-22 11:04:06,SPX,7765.1,7724.8,7595.0,474,143,0.162,0.006038
2026-09-22 11:04:06,SPX,7765.1,7724.8,7940.0,132,0,0.1289,0.006038
2026-09-22 11:04:06,SPX,7765.1,7724.8,7590.0,105,248,0.1646,0.006038
2026-09-22 11:04:06,SPX,7765.1,7724.8,7585.0,55,1326,0.1672,0.006038
2026-09-22 11:04:06,SPX,7765.1,7724.8,7950.0,396,2,0.1331,0.006038
2026-09-22 11:04:06,SPX,7765.1,7724.8,7580.0,38,298,0.1698,0.006038
2026-09-22 11:04:06,SPX,7765.1,7724.8,7575.0,39,752,0.1723,0.006038
2026-09-22 11:04:06,SPX,7765.1,7724.8,7570.0,22,185,0.1747,0.006038
2026-09-22 11:04:06,SPX,7765.1,7724.8,7565.0,23,199,0.1772,0.006038
2026-09-22 11:04:06,SPX,7765.1,7724.8,7560.0,47,233,0.1796,0.006038
2026-09-22 11:04:06,SPX,7765.1,7724.8,7975.0,307,0,0.1434,0.006038
2026-09-22 11:04:06,SPX,7765.1,7724.8,7555.0,15,332,0.182,0.006038
2026-09-22 11:04:06,SPX,7765.1,7724.8,7550.0,46,1142,0.1843,0.006038
2026-09-22 11:04:06,SPX,7765.1,7724.8,7545.0,10,326,0.1867,0.006038
2026-09-22 11:04:06,SPX,7765.1,7724.8,7540.0,23,527,0.1892,0.006038
2026-09-22 11:04:06,SPX,7765.1,7724.8,7535.0,14,101,0.1916,0.006038
2026-09-22 11:04:06,SPX,7765.1,7724.8,8000.0,400,1,0.1538,0.006038
2026-09-22 11:04:06,SPX,7765.1,7724.8,7530.0,33,328,0.1941,0.006038
2026-09-22 11:04:06,SPX,7765.1,7724.8,7525.0,19,744,0.1966,0.006038
2026-09-22 11:04:06,SPX,7765.1,7724.8,7520.0,118,295,0.1991,0.006038
2026-09-22 11:34:29,SPX,7761.83,7727.38,7760.0,2731,1718,0.1092,0.000505
2026-09-22 11:34:29,SPX,7761.83,7727.38,7765.0,1982,1228,0.1076,0.000505
2026-09-22 11:34:29,SPX,7761.83,7727.38,7755.0,3251,2583,0.1108,0.000505
2026-09-22 11:34:29,SPX,7761.83,7727.38,7770.0,2485,1128,0.1073,0.000505
2026-09-22 11:34:29,SPX,7761.83,7727.38,7750.0,3440,3037,0.1148,0.000505
2026-09-22 11:34:29,SPX,7761.83,7727.38,7775.0,2833,1241,0.1072,0.000505
2026-09-22 11:34:29,SPX,7761.83,7727.38,7745.0,1426,1328,0.1212,0.000505
2026-09-22 11:34:29,SPX,7761.83,7727.38,7780.0,2649,445,0.1092,0.000505
2026-09-22 11:34:29,SPX,7761.83,7727.38,7740.0,1382,1226,0.1256,0.000505
2026-09-22 11:34:29,SPX,7761.83,7727.38,7785.0,3266,231,0.1126,0.000505
2026-09-22 11:34:29,SPX,7761.83,7727.38,7735.0,1062,3125,0.1332,0.000505
2026-09-22 11:34:29,SPX,7761.83,7727.38,7790.0,1981,97,0.1162,0.000505
2026-09-22 11:34:29,SPX,7761.83,7727.38,7730.0,1504,2214,0.1398,0.000505
2026-09-22 11:34:29,SPX,7761.83,7727.38,7795.0,1650,55,0.1213,0.000505
2026-09-22 11:34:29,SPX,7761.83,7727.38,7725.0,2035,2199,0.1469,0.000505
2026-09-22 11:34:29,SPX,7761.83,7727.38,7800.0,5076,863,0.1275,0.000505
2026-09-22 11:34:29,SPX,7761.83,7727.38,7720.0,1192,1487,0.1557,0.000505
2026-09-22 11:34:29,SPX,7761.83,7727.38,7805.0,2183,35,0.1359,0.000505
2026-09-22 11:34:29,SPX,7761.83,7727.38,7715.0,1313,2345,0.1605,0.000505
2026-09-22 11:34:29,SPX,7761.83,7727.38,7810.0,5099,17,0.1448,0.000505
2026-09-22 11:34:29,SPX,7761.83,7727.38,7710.0,979,1820,0.1733,0.000505
2026-09-22 11:34:29,SPX,7761.83,7727.38,7815.0,2498,23,0.153,0.000505
2026-09-22 11:34:29,SPX,7761.83,7727.38,7705.0,0,1134,0.1765,0.000505
2026-09-22 11:34:29,SPX,7761.83,7727.38,7820.0,1870,49,0.1621,0.000505
2026-09-22 11:34:29,SPX,7761.83,7727.38,7700.0,2040,4059,0.1889,0.000505
2026-09-22 11:34:29,SPX,7761.83,7727.38,7825.0,2626,52,0.1722,0.000505
2026-09-22 11:34:29,SPX,7761.83,7727.38,7695.0,1439,1760,0.1965,0.000505
2026-09-22 11:34:29,SPX,7761.83,7727.38,7830.0,4963,20,0.183,0.000505
2026-09-22 11:34:29,SPX,7761.83,7727.38,7690.0,724,3112,0.204,0.000505
2026-09-22 11:34:29,SPX,7761.83,7727.38,7835.0,1838,52,0.1928,0.000505
2026-09-22 11:34:29,SPX,7761.83,7727.38,7685.0,652,1629,0.2136,0.000505
2026-09-22 11:34:29,SPX,7761.83,7727.38,7840.0,3824,109,0.2013,0.000505
2026-09-22 11:34:29,SPX,7761.83,7727.38,7680.0,821,2619,0.2227,0.000505
2026-09-22 11:34:29,SPX,7761.83,7727.38,7845.0,10236,54,0.2086,0.000505
2026-09-22 11:34:29,SPX,7761.83,7727.38,7675.0,2412,2710,0.2308,0.000505
2026-09-22 11:34:29,SPX,7761.83,7727.38,7850.0,3139,31,0.2156,0.000505
2026-09-22 11:34:29,SPX,7761.83,7727.38,7670.0,1117,2509,0.2404,0.000505
2026-09-22 11:34:29,SPX,7761.83,7727.38,7855.0,753,5,0.2231,0.000505
2026-09-22 11:34:29,SPX,7761.83,7727.38,7665.0,430,1391,0.251,0.000505
2026-09-22 11:34:29,SPX,7761.83,7727.38,7860.0,1311,3,0.2315,0.000505
2026-09-22 11:34:29,SPX,7761.83,7727.38,7660.0,376,1218,0.261,0.000505
2026-09-22 11:34:29,SPX,7761.83,7727.38,7865.0,694,2,0.2408,0.000505
2026-09-22 11:34:29,SPX,7761.83,7727.38,7655.0,366,746,0.2701,0.000505
2026-09-22 11:34:29,SPX,7761.83,7727.38,7870.0,1017,6,0.2507,0.000505
2026-09-22 11:34:29,SPX,7761.83,7727.38,7650.0,2504,3021,0.2788,0.000505
2026-09-22 11:34:29,SPX,7761.83,7727.38,7875.0,1282,9,0.2606,0.000505
2026-09-22 11:34:29,SPX,7761.83,7727.38,7645.0,273,1904,0.287,0.000505
2026-09-22 11:34:29,SPX,7761.83,7727.38,7880.0,1013,6,0.2704,0.000505
2026-09-22 11:34:29,SPX,7761.83,7727.38,7640.0,947,2728,0.2947,0.000505
2026-09-22 11:34:29,SPX,7761.83,7727.38,7635.0,208,570,0.3018,0.000505
2026-09-22 11:34:29,SPX,7761.83,7727.38,7890.0,3186,16,0.29,0.000505
2026-09-22 11:34:29,SPX,7761.83,7727.38,7630.0,703,774,0.3089,0.000505
2026-09-22 11:34:29,SPX,7761.83,7727.38,7625.0,592,1278,0.3164,0.000505
2026-09-22 11:34:29,SPX,7761.83,7727.38,7900.0,8066,17,0.3092,0.000505
2026-09-22 11:34:29,SPX,7761.83,7727.38,7620.0,219,2535,0.3246,0.000505
2026-09-22 11:34:29,SPX,7761.83,7727.38,7615.0,140,1964,0.3333,0.000505
2026-09-22 11:34:29,SPX,7761.83,7727.38,7910.0,1349,5,0.329,0.000505
2026-09-22 11:34:29,SPX,7761.83,7727.38,7610.0,140,761,0.3426,0.000505
2026-09-22 11:34:29,SPX,7761.83,7727.38,7605.0,136,340,0.3523,0.000505
2026-09-22 11:34:29,SPX,7761.83,7727.38,7920.0,815,1,0.3489,0.000505
2026-09-22 11:34:29,SPX,7761.83,7727.38,7600.0,372,2640,0.3623,0.000505
2026-09-22 11:34:29,SPX,7761.83,7727.38,7925.0,797,5,0.3583,0.000505
2026-09-22 11:34:29,SPX,7761.83,7727.38,7595.0,90,433,0.3723,0.000505
2026-09-22 11:34:29,SPX,7761.83,7727.38,7930.0,381,2,0.367,0.000505
2026-09-22 11:34:29,SPX,7761.83,7727.38,7590.0,65,1102,0.3824,0.000505
2026-09-22 11:34:29,SPX,7761.83,7727.38,7585.0,227,3415,0.3925,0.000505
2026-09-22 11:34:29,SPX,7761.83,7727.38,7940.0,394,0,0.3815,0.000505
2026-09-22 11:34:29,SPX,7761.83,7727.38,7580.0,380,809,0.4026,0.000505
2026-09-22 11:34:29,SPX,7761.83,7727.38,7575.0,60,2654,0.4125,0.000505
2026-09-22 11:34:29,SPX,7761.83,7727.38,7950.0,1020,7,0.3917,0.000505
2026-09-22 11:34:29,SPX,7761.83,7727.38,7570.0,88,1268,0.4225,0.000505
2026-09-22 11:34:29,SPX,7761.83,7727.38,7565.0,35,301,0.4323,0.000505
2026-09-22 11:34:29,SPX,7761.83,7727.38,7560.0,49,1053,0.4422,0.000505
2026-09-22 11:34:29,SPX,7761.83,7727.38,7555.0,56,279,0.4522,0.000505
2026-09-22 11:34:29,SPX,7761.83,7727.38,7550.0,100,2792,0.4621,0.000505
2026-09-22 11:34:29,SPX,7761.83,7727.38,7975.0,1063,2,0.3963,0.000505
2026-09-22 11:34:29,SPX,7761.83,7727.38,7545.0,30,407,0.4721,0.000505
2026-09-22 11:34:29,SPX,7761.83,7727.38,7540.0,47,617,0.4821,0.000505
2026-09-22 11:34:29,SPX,7761.83,7727.38,7535.0,23,259,0.4918,0.000505
2026-09-22 11:34:29,SPX,7761.83,7727.38,7530.0,21,508,0.5013,0.000505
2026-09-22 11:34:29,SPX,7761.83,7727.38,7525.0,57,807,0.5104,0.000505
2026-09-22 11:34:29,SPX,7761.83,7727.38,8000.0,5045,0,0.3802,0.000505
2026-09-22 11:34:29,SPX,7761.83,7727.38,7520.0,21,318,0.519,0.000505
2026-09-22 11:34:29,SPX,7761.83,7727.38,7515.0,14,423,0.5272,0.000505
2026-09-22 11:34:29,SPX,7761.83,7727.38,7760.0,1343,260,0.0954,0.003243
2026-09-22 11:34:29,SPX,7761.83,7727.38,7765.0,1175,462,0.0945,0.003243
2026-09-22 11:34:29,SPX,7761.83,7727.38,7755.0,687,204,0.0964,0.003243
2026-09-22 11:34:29,SPX,7761.83,7727.38,7770.0,1547,428,0.0937,0.003243
2026-09-22 11:34:29,SPX,7761.83,7727.38,7750.0,2249,2247,0.0975,0.003243
2026-09-22 11:34:29,SPX,7761.83,7727.38,7775.0,2933,185,0.0933,0.003243
2026-09-22 11:34:29,SPX,7761.83,7727.38,7745.0,1434,293,0.0984,0.003243
2026-09-22 11:34:29,SPX,7761.83,7727.38,7780.0,2384,152,0.0934,0.003243
2026-09-22 11:34:29,SPX,7761.83,7727.38,7740.0,482,371,0.0999,0.003243
2026-09-22 11:34:29,SPX,7761.83,7727.38,7785.0,1581,160,0.0938,0.003243
2026-09-22 11:34:29,SPX,7761.83,7727.38,7735.0,1239,228,0.1009,0.003243
2026-09-22 11:34:29,SPX,7761.83,7727.38,7790.0,2434,70,0.0944,0.003243
2026-09-22 11:34:29,SPX,7761.83,7727.38,7730.0,813,625,0.103,0.003243
2026-09-22 11:34:29,SPX,7761.83,7727.38,7795.0,1050,103,0.095,0.003243
2026-09-22 11:34:29,SPX,7761.83,7727.38,7725.0,1367,564,0.1048,0.003243
2026-09-22 11:34:29,SPX,7761.83,7727.38,7800.0,2239,774,0.0955,0.003243
2026-09-22 11:34:29,SPX,7761.83,7727.38,7720.0,679,709,0.106,0.003243
2026-09-22 11:34:29,SPX,7761.83,7727.38,7805.0,678,108,0.096,0.003243
2026-09-22 11:34:29,SPX,7761.83,7727.38,7715.0,452,393,0.1088,0.003243
2026-09-22 11:34:29,SPX,7761.83,7727.38,7810.0,883,9,0.0965,0.003243
2026-09-22 11:34:29,SPX,7761.83,7727.38,7710.0,425,329,0.1116,0.003243
2026-09-22 11:34:29,SPX,7761.83,7727.38,7815.0,758,9,0.0973,0.003243
2026-09-22 11:34:29,SPX,7761.83,7727.38,7705.0,251,173,0.1134,0.003243
2026-09-22 11:34:29,SPX,7761.83,7727.38,7820.0,823,15,0.0983,0.003243
2026-09-22 11:34:29,SPX,7761.83,7727.38,7700.0,655,1484,0.1154,0.003243
2026-09-22 11:34:29,SPX,7761.83,7727.38,7825.0,676,6,0.0995,0.003243
2026-09-22 11:34:29,SPX,7761.83,7727.38,7695.0,997,305,0.1172,0.003243
2026-09-22 11:34:29,SPX,7761.83,7727.38,7830.0,457,20,0.1011,0.003243
2026-09-22 11:34:29,SPX,7761.83,7727.38,7690.0,514,437,0.1212,0.003243
2026-09-22 11:34:29,SPX,7761.83,7727.38,7835.0,189,6,0.1029,0.003243
2026-09-22 11:34:29,SPX,7761.83,7727.38,7685.0,646,152,0.1229,0.003243
2026-09-22 11:34:29,SPX,7761.83,7727.38,7840.0,695,13,0.1049,0.003243
2026-09-22 11:34:29,SPX,7761.83,7727.38,7680.0,396,311,0.1251,0.003243
2026-09-22 11:34:29,SPX,7761.83,7727.38,7845.0,593,0,0.1071,0.003243
2026-09-22 11:34:29,SPX,7761.83,7727.38,7675.0,293,990,0.1286,0.003243
2026-09-22 11:34:29,SPX,7761.83,7727.38,7850.0,4935,13,0.1094,0.003243
2026-09-22 11:34:29,SPX,7761.83,7727.38,7670.0,979,549,0.1322,0.003243
2026-09-22 11:34:29,SPX,7761.83,7727.38,7855.0,178,0,0.1119,0.003243
2026-09-22 11:34:29,SPX,7761.83,7727.38,7665.0,482,267,0.1348,0.003243
2026-09-22 11:34:29,SPX,7761.83,7727.38,7860.0,492,1,0.1144,0.003243
2026-09-22 11:34:29,SPX,7761.83,7727.38,7660.0,237,319,0.1367,0.003243
2026-09-22 11:34:29,SPX,7761.83,7727.38,7865.0,447,0,0.117,0.003243
2026-09-22 11:34:29,SPX,7761.83,7727.38,7655.0,919,230,0.1397,0.003243
2026-09-22 11:34:29,SPX,7761.83,7727.38,7870.0,699,1,0.1195,0.003243
2026-09-22 11:34:29,SPX,7761.83,7727.38,7650.0,807,864,0.1433,0.003243
2026-09-22 11:34:29,SPX,7761.83,7727.38,7875.0,786,6,0.122,0.003243
2026-09-22 11:34:29,SPX,7761.83,7727.38,7645.0,566,304,0.1459,0.003243
2026-09-22 11:34:29,SPX,7761.83,7727.38,7880.0,906,1,0.1245,0.003243
2026-09-22 11:34:29,SPX,7761.83,7727.38,7640.0,195,605,0.1502,0.003243
2026-09-22 11:34:29,SPX,7761.83,7727.38,7635.0,418,782,0.1542,0.003243
2026-09-22 11:34:29,SPX,7761.83,7727.38,7890.0,516,0,0.1299,0.003243
2026-09-22 11:34:29,SPX,7761.83,7727.38,7630.0,505,555,0.1574,0.003243
2026-09-22 11:34:29,SPX,7761.83,7727.38,7625.0,518,954,0.1601,0.003243
2026-09-22 11:34:29,SPX,7761.83,7727.38,7900.0,1910,9,0.1356,0.003243
2026-09-22 11:34:29,SPX,7761.83,7727.38,7620.0,148,460,0.1624,0.003243
2026-09-22 11:34:29,SPX,7761.83,7727.38,7615.0,113,599,0.1646,0.003243
2026-09-22 11:34:29,SPX,7761.83,7727.38,7910.0,660,1,0.1412,0.003243
2026-09-22 11:34:29,SPX,7761.83,7727.38,7610.0,143,1634,0.1671,0.003243
2026-09-22 11:34:29,SPX,7761.83,7727.38,7605.0,0,165,0.15,0.003243
2026-09-22 11:34:29,SPX,7761.83,7727.38,7920.0,423,0,0.1463,0.003243
2026-09-22 11:34:29,SPX,7761.83,7727.38,7600.0,321,779,0.1735,0.003243
2026-09-22 11:34:29,SPX,7761.83,7727.38,7925.0,743,0,0.1488,0.003243
2026-09-22 11:34:29,SPX,7761.83,7727.38,7595.0,85,238,0.1773,0.003243
2026-09-22 11:34:29,SPX,7761.83,7727.38,7930.0,394,0,0.1513,0.003243
2026-09-22 11:34:29,SPX,7761.83,7727.38,7590.0,98,205,0.1813,0.003243
2026-09-22 11:34:29,SPX,7761.83,7727.38,7585.0,88,1292,0.1853,0.003243
2026-09-22 11:34:29,SPX,7761.83,7727.38,7940.0,93,0,0.1564,0.003243
2026-09-22 11:34:29,SPX,7761.83,7727.38,7580.0,58,548,0.1893,0.003243
2026-09-22 11:34:29,SPX,7761.83,7727.38,7575.0,83,1444,0.1932,0.003243
2026-09-22 11:34:29,SPX,7761.83,7727.38,7950.0,1159,0,0.162,0.003243
2026-09-22 11:34:29,SPX,7761.83,7727.38,7570.0,37,298,0.197,0.003243
2026-09-22 11:34:29,SPX,7761.83,7727.38,7565.0,39,198,0.2007,0.003243
2026-09-22 11:34:29,SPX,7761.83,7727.38,7560.0,53,477,0.2043,0.003243
2026-09-22 11:34:29,SPX,7761.83,7727.38,7555.0,31,621,0.2077,0.003243
2026-09-22 11:34:29,SPX,7761.83,7727.38,7550.0,52,1978,0.2111,0.003243
2026-09-22 11:34:29,SPX,7761.83,7727.38,7975.0,383,0,0.1783,0.003243
2026-09-22 11:34:29,SPX,7761.83,7727.38,7545.0,21,720,0.2144,0.003243
2026-09-22 11:34:29,SPX,7761.83,7727.38,7540.0,53,534,0.2176,0.003243
2026-09-22 11:34:29,SPX,7761.83,7727.38,7535.0,37,410,0.2208,0.003243
2026-09-22 11:34:29,SPX,7761.83,7727.38,7530.0,50,220,0.2239,0.003243
2026-09-22 11:34:29,SPX,7761.83,7727.38,7525.0,20,208,0.2271,0.003243
2026-09-22 11:34:29,SPX,7761.83,7727.38,8000.0,3883,0,0.1971,0.003243
2026-09-22 11:34:29,SPX,7761.83,7727.38,7520.0,9,207,0.2303,0.003243
2026-09-22 11:34:29,SPX,7761.83,7727.38,7515.0,2,118,0.2335,0.003243
2026-09-22 11:34:29,SPX,7761.83,7727.38,7760.0,448,129,0.0953,0.005981
2026-09-22 11:34:29,SPX,7761.83,7727.38,7765.0,367,109,0.0946,0.005981
2026-09-22 11:34:29,SPX,7761.83,7727.38,7755.0,341,0,0.0962,0.005981
2026-09-22 11:34:29,SPX,7761.83,7727.38,7770.0,720,189,0.094,0.005981
2026-09-22 11:34:29,SPX,7761.83,7727.38,7750.0,824,249,0.0969,0.005981
2026-09-22 11:34:29,SPX,7761.83,7727.38,7775.0,1819,99,0.0938,0.005981
2026-09-22 11:34:29,SPX,7761.83,7727.38,7745.0,369,91,0.0976,0.005981
2026-09-22 11:34:29,SPX,7761.83,7727.38,7780.0,1870,56,0.0932,0.005981
2026-09-22 11:34:29,SPX,7761.83,7727.38,7740.0,0,158,0.0986,0.005981
2026-09-22 11:34:29,SPX,7761.83,7727.38,7785.0,506,20,0.0928,0.005981
2026-09-22 11:34:29,SPX,7761.83,7727.38,7735.0,155,76,0.0999,0.005981
2026-09-22 11:34:29,SPX,7761.83,7727.38,7790.0,394,60,0.0924,0.005981
2026-09-22 11:34:29,SPX,7761.83,7727.38,7730.0,0,104,0.1012,0.005981
2026-09-22 11:34:29,SPX,7761.83,7727.38,7795.0,477,24,0.092,0.005981
2026-09-22 11:34:29,SPX,7761.83,7727.38,7725.0,264,285,0.1027,0.005981
2026-09-22 11:34:29,SPX,7761.83,7727.38,7800.0,1415,334,0.0919,0.005981
2026-09-22 11:34:29,SPX,7761.83,7727.38,7720.0,1122,245,0.1042,0.005981
2026-09-22 11:34:29,SPX,7761.83,7727.38,7805.0,658,15,0.092,0.005981
2026-09-22 11:34:29,SPX,7761.83,7727.38,7715.0,204,210,0.1058,0.005981
2026-09-22 11:34:29,SPX,7761.83,7727.38,7810.0,760,29,0.0925,0.005981
2026-09-22 11:34:29,SPX,7761.83,7727.38,7710.0,2167,568,0.1074,0.005981
2026-09-22 11:34:29,SPX,7761.83,7727.38,7815.0,569,4,0.0931,0.005981
2026-09-22 11:34:29,SPX,7761.83,7727.38,7705.0,167,162,0.1096,0.005981
2026-09-22 11:34:29,SPX,7761.83,7727.38,7820.0,738,6,0.0938,0.005981
2026-09-22 11:34:29,SPX,7761.83,7727.38,7700.0,1155,1234,0.1115,0.005981
2026-09-22 11:34:29,SPX,7761.83,7727.38,7825.0,973,15,0.0944,0.005981
2026-09-22 11:34:29,SPX,7761.83,7727.38,7695.0,1053,99,0.113,0.005981
2026-09-22 11:34:29,SPX,7761.83,7727.38,7830.0,1013,12,0.0951,0.005981
2026-09-22 11:34:29,SPX,7761.83,7727.38,7690.0,278,208,0.1153,0.005981
2026-09-22 11:34:29,SPX,7761.83,7727.38,7835.0,277,0,0.0958,0.005981
2026-09-22 11:34:29,SPX,7761.83,7727.38,7685.0,2029,141,0.117,0.005981
2026-09-22 11:34:29,SPX,7761.83,7727.38,7840.0,683,12,0.0965,0.005981
2026-09-22 11:34:29,SPX,7761.83,7727.38,7680.0,102,211,0.1183,0.005981
2026-09-22 11:34:29,SPX,7761.83,7727.38,7845.0,85,0,0.0973,0.005981
2026-09-22 11:34:29,SPX,7761.83,7727.38,7675.0,574,1425,0.1204,0.005981
2026-09-22 11:34:29,SPX,7761.83,7727.38,7850.0,967,14,0.0982,0.005981
2026-09-22 11:34:29,SPX,7761.83,7727.38,7670.0,168,200,0.123,0.005981
2026-09-22 11:34:29,SPX,7761.83,7727.38,7855.0,226,0,0.0992,0.005981
2026-09-22 11:34:29,SPX,7761.83,7727.38,7665.0,102,2052,0.1255,0.005981
2026-09-22 11:34:29,SPX,7761.83,7727.38,7860.0,763,1,0.1003,0.005981
2026-09-22 11:34:29,SPX,7761.83,7727.38,7660.0,282,302,0.1279,0.005981
2026-09-22 11:34:29,SPX,7761.83,7727.38,7865.0,235,0,0.1016,0.005981
2026-09-22 11:34:29,SPX,7761.83,7727.38,7655.0,320,166,0.1292,0.005981
2026-09-22 11:34:29,SPX,7761.83,7727.38,7870.0,718,0,0.103,0.005981
2026-09-22 11:34:29,SPX,7761.83,7727.38,7650.0,345,1352,0.1308,0.005981
2026-09-22 11:34:29,SPX,7761.83,7727.38,7875.0,836,4,0.1045,0.005981
2026-09-22 11:34:29,SPX,7761.83,7727.38,7645.0,569,176,0.1334,0.005981
2026-09-22 11:34:29,SPX,7761.83,7727.38,7880.0,535,10,0.1061,0.005981
2026-09-22 11:34:29,SPX,7761.83,7727.38,7640.0,182,2151,0.136,0.005981
2026-09-22 11:34:29,SPX,7761.83,7727.38,7635.0,91,209,0.1387,0.005981
2026-09-22 11:34:29,SPX,7761.83,7727.38,7890.0,602,0,0.1097,0.005981
2026-09-22 11:34:29,SPX,7761.83,7727.38,7630.0,84,377,0.1415,0.005981
2026-09-22 11:34:29,SPX,7761.83,7727.38,7625.0,133,403,0.1436,0.005981
2026-09-22 11:34:29,SPX,7761.83,7727.38,7900.0,565,36,0.1137,0.005981
2026-09-22 11:34:29,SPX,7761.83,7727.38,7620.0,84,285,0.1456,0.005981
2026-09-22 11:34:29,SPX,7761.83,7727.38,7615.0,258,145,0.1475,0.005981
2026-09-22 11:34:29,SPX,7761.83,7727.38,7910.0,252,0,0.1179,0.005981
2026-09-22 11:34:29,SPX,7761.83,7727.38,7610.0,247,1415,0.1496,0.005981
2026-09-22 11:34:29,SPX,7761.83,7727.38,7605.0,74,170,0.1518,0.005981
2026-09-22 11:34:29,SPX,7761.83,7727.38,7920.0,265,0,0.1223,0.005981
2026-09-22 11:34:29,SPX,7761.83,7727.38,7600.0,147,950,0.1542,0.005981
2026-09-22 11:34:29,SPX,7761.83,7727.38,7925.0,331,0,0.1245,0.005981
2026-09-22 11:34:29,SPX,7761.83,7727.38,7595.0,474,143,0.1568,0.005981
2026-09-22 11:34:29,SPX,7761.83,7727.38,7930.0,214,0,0.1267,0.005981
2026-09-22 11:34:29,SPX,7761.83,7727.38,7590.0,105,248,0.1594,0.005981
2026-09-22 11:34:29,SPX,7761.83,7727.38,7585.0,55,1326,0.1621,0.005981
2026-09-22 11:34:29,SPX,7761.83,7727.38,7940.0,132,0,0.131,0.005981
2026-09-22 11:34:29,SPX,7761.83,7727.38,7580.0,38,298,0.1648,0.005981
2026-09-22 11:34:29,SPX,7761.83,7727.38,7575.0,39,752,0.1675,0.005981
2026-09-22 11:34:29,SPX,7761.83,7727.38,7950.0,396,2,0.1352,0.005981
2026-09-22 11:34:29,SPX,7761.83,7727.38,7570.0,22,185,0.1701,0.005981
2026-09-22 11:34:29,SPX,7761.83,7727.38,7565.0,23,199,0.1727,0.005981
2026-09-22 11:34:29,SPX,7761.83,7727.38,7560.0,47,233,0.1752,0.005981
2026-09-22 11:34:29,SPX,7761.83,7727.38,7555.0,15,332,0.1776,0.005981
2026-09-22 11:34:29,SPX,7761.83,7727.38,7550.0,46,1142,0.18,0.005981
2026-09-22 11:34:29,SPX,7761.83,7727.38,7975.0,307,0,0.1452,0.005981
2026-09-22 11:34:29,SPX,7761.83,7727.38,7545.0,10,326,0.1824,0.005981
2026-09-22 11:34:29,SPX,7761.83,7727.38,7540.0,23,527,0.1847,0.005981
2026-09-22 11:34:29,SPX,7761.83,7727.38,7535.0,14,101,0.187,0.005981
2026-09-22 11:34:29,SPX,7761.83,7727.38,7530.0,33,328,0.1894,0.005981
2026-09-22 11:34:29,SPX,7761.83,7727.38,7525.0,19,744,0.1917,0.005981
2026-09-22 11:34:29,SPX,7761.83,7727.38,8000.0,400,1,0.1557,0.005981
2026-09-22 11:34:29,SPX,7761.83,7727.38,7520.0,118,295,0.1941,0.005981
2026-09-22 11:34:29,SPX,7761.83,7727.38,7515.0,19,438,0.1965,0.005981
2026-09-22 12:04:50,SPX,7759.86,7727.45,7760.0,2731,1718,0.1008,0.000447
2026-09-22 12:04:50,SPX,7759.86,7727.45,7755.0,3251,2583,0.102,0.000447
2026-09-22 12:04:50,SPX,7759.86,7727.45,7765.0,1982,1228,0.1003,0.000447
2026-09-22 12:04:50,SPX,7759.86,7727.45,7750.0,3440,3037,0.1063,0.000447
2026-09-22 12:04:50,SPX,7759.86,7727.45,7770.0,2485,1128,0.0995,0.000447
2026-09-22 12:04:50,SPX,7759.86,7727.45,7745.0,1426,1328,0.1114,0.000447
2026-09-22 12:04:50,SPX,7759.86,7727.45,7775.0,2833,1241,0.1013,0.000447
2026-09-22 12:04:50,SPX,7759.86,7727.45,7740.0,1382,1226,0.1164,0.000447
2026-09-22 12:04:50,SPX,7759.86,7727.45,7780.0,2649,445,0.1049,0.000447
2026-09-22 12:04:50,SPX,7759.86,7727.45,7735.0,1062,3125,0.1234,0.000447
2026-09-22 12:04:50,SPX,7759.86,7727.45,7785.0,3266,231,0.1091,0.000447
2026-09-22 12:04:50,SPX,7759.86,7727.45,7730.0,1504,2214,0.1314,0.000447
2026-09-22 12:04:50,SPX,7759.86,7727.45,7790.0,1981,97,0.1138,0.000447
2026-09-22 12:04:50,SPX,7759.86,7727.45,7725.0,2035,2199,0.1395,0.000447
2026-09-22 12:04:50,SPX,7759.86,7727.45,7795.0,1650,55,0.121,0.000447
2026-09-22 12:04:50,SPX,7759.86,7727.45,7720.0,1192,1487,0.1478,0.000447
2026-09-22 12:04:50,SPX,7759.86,7727.45,7800.0,5076,863,0.1277,0.000447
2026-09-22 12:04:50,SPX,7759.86,7727.45,7715.0,1313,2345,0.15,0.000447
2026-09-22 12:04:50,SPX,7759.86,7727.45,7805.0,2183,35,0.1372,0.000447
2026-09-22 12:04:50,SPX,7759.86,7727.45,7710.0,979,1820,0.1658,0.000447
2026-09-22 12:04:50,SPX,7759.86,7727.45,7810.0,5099,17,0.1481,0.000447
2026-09-22 12:04:50,SPX,7759.86,7727.45,7705.0,704,1134,0.173,0.000447
2026-09-22 12:04:50,SPX,7759.86,7727.45,7815.0,2498,23,0.157,0.000447
2026-09-22 12:04:50,SPX,7759.86,7727.45,7700.0,2040,4059,0.1841,0.000447
2026-09-22 12:04:50,SPX,7759.86,7727.45,7820.0,1870,49,0.1654,0.000447
2026-09-22 12:04:50,SPX,7759.86,7727.45,7695.0,1439,1760,0.1937,0.000447
2026-09-22 12:04:50,SPX,7759.86,7727.45,7825.0,2626,52,0.1747,0.000447
2026-09-22 12:04:50,SPX,7759.86,7727.45,7690.0,724,3112,0.2038,0.000447
2026-09-22 12:04:50,SPX,7759.86,7727.45,7830.0,4963,20,0.1843,0.000447
2026-09-22 12:04:50,SPX,7759.86,7727.45,7685.0,652,1629,0.2124,0.000447
2026-09-22 12:04:50,SPX,7759.86,7727.45,7835.0,1838,52,0.1938,0.000447
2026-09-22 12:04:50,SPX,7759.86,7727.45,7680.0,821,2619,0.2206,0.000447
2026-09-22 12:04:50,SPX,7759.86,7727.45,7840.0,3824,109,0.2031,0.000447
2026-09-22 12:04:50,SPX,7759.86,7727.45,7675.0,2412,2710,0.2329,0.000447
2026-09-22 12:04:50,SPX,7759.86,7727.45,7845.0,10236,54,0.2129,0.000447
2026-09-22 12:04:50,SPX,7759.86,7727.45,7670.0,1117,2509,0.247,0.000447
2026-09-22 12:04:50,SPX,7759.86,7727.45,7850.0,3139,31,0.2235,0.000447
2026-09-22 12:04:50,SPX,7759.86,7727.45,7665.0,430,1391,0.2593,0.000447
2026-09-22 12:04:50,SPX,7759.86,7727.45,7855.0,753,5,0.2347,0.000447
2026-09-22 12:04:50,SPX,7759.86,7727.45,7660.0,376,1218,0.2693,0.000447
2026-09-22 12:04:50,SPX,7759.86,7727.45,7860.0,1311,3,0.2461,0.000447
2026-09-22 12:04:50,SPX,7759.86,7727.45,7655.0,366,746,0.2776,0.000447
2026-09-22 12:04:50,SPX,7759.86,7727.45,7865.0,694,2,0.2574,0.000447
2026-09-22 12:04:50,SPX,7759.86,7727.45,7650.0,2504,3021,0.285,0.000447
2026-09-22 12:04:50,SPX,7759.86,7727.45,7870.0,1017,6,0.2682,0.000447
2026-09-22 12:04:50,SPX,7759.86,7727.45,7645.0,273,1904,0.2923,0.000447
2026-09-22 12:04:50,SPX,7759.86,7727.45,7875.0,1282,9,0.2785,0.000447
2026-09-22 12:04:50,SPX,7759.86,7727.45,7640.0,947,2728,0.3001,0.000447
2026-09-22 12:04:50,SPX,7759.86,7727.45,7880.0,1013,6,0.2887,0.000447
2026-09-22 12:04:50,SPX,7759.86,7727.45,7635.0,208,570,0.3085,0.000447
2026-09-22 12:04:50,SPX,7759.86,7727.45,7630.0,703,774,0.3177,0.000447
2026-09-22 12:04:50,SPX,7759.86,7727.45,7890.0,3186,16,0.3089,0.000447
2026-09-22 12:04:50,SPX,7759.86,7727.45,7625.0,592,1278,0.3274,0.000447
2026-09-22 12:04:50,SPX,7759.86,7727.45,7620.0,219,2535,0.3377,0.000447
2026-09-22 12:04:50,SPX,7759.86,7727.45,7900.0,8066,17,0.3281,0.000447
2026-09-22 12:04:50,SPX,7759.86,7727.45,7615.0,140,1964,0.3483,0.000447
2026-09-22 12:04:50,SPX,7759.86,7727.45,7610.0,140,761,0.3591,0.000447
2026-09-22 12:04:50,SPX,7759.86,7727.45,7910.0,1349,5,0.3438,0.000447
2026-09-22 12:04:50,SPX,7759.86,7727.45,7605.0,136,340,0.37,0.000447
2026-09-22 12:04:50,SPX,7759.86,7727.45,7600.0,372,2640,0.3808,0.000447
2026-09-22 12:04:50,SPX,7759.86,7727.45,7920.0,815,1,0.355,0.000447
2026-09-22 12:04:50,SPX,7759.86,7727.45,7595.0,90,433,0.3915,0.000447
2026-09-22 12:04:50,SPX,7759.86,7727.45,7925.0,797,5,0.359,0.000447
2026-09-22 12:04:50,SPX,7759.86,7727.45,7590.0,65,1102,0.4021,0.000447
2026-09-22 12:04:50,SPX,7759.86,7727.45,7930.0,381,2,0.3622,0.000447
2026-09-22 12:04:50,SPX,7759.86,7727.45,7585.0,227,3415,0.4126,0.000447
2026-09-22 12:04:50,SPX,7759.86,7727.45,7580.0,380,809,0.4232,0.000447
2026-09-22 12:04:50,SPX,7759.86,7727.45,7940.0,394,0,0.3658,0.000447
2026-09-22 12:04:50,SPX,7759.86,7727.45,7575.0,60,2654,0.4338,0.000447
2026-09-22 12:04:50,SPX,7759.86,7727.45,7570.0,88,1268,0.4445,0.000447
2026-09-22 12:04:50,SPX,7759.86,7727.45,7950.0,1020,7,0.3661,0.000447
2026-09-22 12:04:50,SPX,7759.86,7727.45,7565.0,35,301,0.4552,0.000447
2026-09-22 12:04:50,SPX,7759.86,7727.45,7560.0,49,1053,0.4659,0.000447
2026-09-22 12:04:50,SPX,7759.86,7727.45,7555.0,56,279,0.4766,0.000447
2026-09-22 12:04:50,SPX,7759.86,7727.45,7550.0,100,2792,0.4871,0.000447
2026-09-22 12:04:50,SPX,7759.86,7727.45,7545.0,30,407,0.4974,0.000447
2026-09-22 12:04:50,SPX,7759.86,7727.45,7975.0,1063,2,0.3581,0.000447
2026-09-22 12:04:50,SPX,7759.86,7727.45,7540.0,47,617,0.5073,0.000447
2026-09-22 12:04:50,SPX,7759.86,7727.45,7535.0,23,259,0.5168,0.000447
2026-09-22 12:04:50,SPX,7759.86,7727.45,7530.0,21,508,0.5259,0.000447
2026-09-22 12:04:50,SPX,7759.86,7727.45,7525.0,57,807,0.5344,0.000447
2026-09-22 12:04:50,SPX,7759.86,7727.45,7520.0,21,318,0.5424,0.000447
2026-09-22 12:04:50,SPX,7759.86,7727.45,8000.0,5045,0,0.3443,0.000447
2026-09-22 12:04:50,SPX,7759.86,7727.45,7515.0,14,423,0.5497,0.000447
2026-09-22 12:04:50,SPX,7759.86,7727.45,7510.0,44,942,0.556,0.000447
2026-09-22 12:04:50,SPX,7759.86,7727.45,7760.0,1343,260,0.0976,0.003185
2026-09-22 12:04:50,SPX,7759.86,7727.45,7755.0,687,204,0.0985,0.003185
2026-09-22 12:04:50,SPX,7759.86,7727.45,7765.0,1175,462,0.0967,0.003185
2026-09-22 12:04:50,SPX,7759.86,7727.45,7750.0,2249,2247,0.0993,0.003185
2026-09-22 12:04:50,SPX,7759.86,7727.45,7770.0,1547,428,0.0961,0.003185
2026-09-22 12:04:50,SPX,7759.86,7727.45,7745.0,1434,293,0.1008,0.003185
2026-09-22 12:04:50,SPX,7759.86,7727.45,7775.0,2933,185,0.0959,0.003185
2026-09-22 12:04:50,SPX,7759.86,7727.45,7740.0,482,371,0.1015,0.003185
2026-09-22 12:04:50,SPX,7759.86,7727.45,7780.0,2384,152,0.0961,0.003185
2026-09-22 12:04:50,SPX,7759.86,7727.45,7735.0,1239,228,0.1032,0.003185
2026-09-22 12:04:50,SPX,7759.86,7727.45,7785.0,1581,160,0.0965,0.003185
2026-09-22 12:04:50,SPX,7759.86,7727.45,7730.0,813,625,0.1053,0.003185
2026-09-22 12:04:50,SPX,7759.86,7727.45,7790.0,2434,70,0.0971,0.003185
2026-09-22 12:04:50,SPX,7759.86,7727.45,7725.0,1367,564,0.1068,0.003185
2026-09-22 12:04:50,SPX,7759.86,7727.45,7795.0,1050,103,0.0977,0.003185
2026-09-22 12:04:50,SPX,7759.86,7727.45,7720.0,679,709,0.1088,0.003185
2026-09-22 12:04:50,SPX,7759.86,7727.45,7800.0,2239,774,0.0983,0.003185
2026-09-22 12:04:50,SPX,7759.86,7727.45,7715.0,452,393,0.111,0.003185
2026-09-22 12:04:50,SPX,7759.86,7727.45,7805.0,678,108,0.099,0.003185
2026-09-22 12:04:50,SPX,7759.86,7727.45,7710.0,425,329,0.113,0.003185
2026-09-22 12:04:50,SPX,7759.86,7727.45,7810.0,883,9,0.0998,0.003185
2026-09-22 12:04:50,SPX,7759.86,7727.45,7705.0,251,173,0.1159,0.003185
2026-09-22 12:04:50,SPX,7759.86,7727.45,7815.0,758,9,0.1008,0.003185
2026-09-22 12:04:50,SPX,7759.86,7727.45,7700.0,655,1484,0.1174,0.003185
2026-09-22 12:04:50,SPX,7759.86,7727.45,7820.0,823,15,0.102,0.003185
2026-09-22 12:04:50,SPX,7759.86,7727.45,7695.0,997,305,0.1197,0.003185
2026-09-22 12:04:50,SPX,7759.86,7727.45,7825.0,676,0,0.1034,0.003185
2026-09-22 12:04:50,SPX,7759.86,7727.45,7690.0,514,437,0.1219,0.003185
2026-09-22 12:04:50,SPX,7759.86,7727.45,7830.0,457,20,0.1051,0.003185
2026-09-22 12:04:50,SPX,7759.86,7727.45,7685.0,646,152,0.1252,0.003185
2026-09-22 12:04:50,SPX,7759.86,7727.45,7835.0,189,6,0.1069,0.003185
2026-09-22 12:04:50,SPX,7759.86,7727.45,7680.0,396,311,0.1272,0.003185
2026-09-22 12:04:50,SPX,7759.86,7727.45,7840.0,695,13,0.1088,0.003185
2026-09-22 12:04:50,SPX,7759.86,7727.45,7675.0,293,990,0.1296,0.003185
2026-09-22 12:04:50,SPX,7759.86,7727.45,7845.0,593,0,0.111,0.003185
2026-09-22 12:04:50,SPX,7759.86,7727.45,7670.0,979,549,0.1332,0.003185
2026-09-22 12:04:50,SPX,7759.86,7727.45,7850.0,4935,13,0.1132,0.003185
2026-09-22 12:04:50,SPX,7759.86,7727.45,7665.0,482,267,0.1365,0.003185
2026-09-22 12:04:50,SPX,7759.86,7727.45,7855.0,178,0,0.1157,0.003185
2026-09-22 12:04:50,SPX,7759.86,7727.45,7660.0,237,319,0.139,0.003185
2026-09-22 12:04:50,SPX,7759.86,7727.45,7860.0,492,1,0.1181,0.003185
2026-09-22 12:04:50,SPX,7759.86,7727.45,7655.0,919,230,0.141,0.003185
2026-09-22 12:04:50,SPX,7759.86,7727.45,7865.0,447,0,0.1207,0.003185
2026-09-22 12:04:50,SPX,7759.86,7727.45,7650.0,807,864,0.1442,0.003185
2026-09-22 12:04:50,SPX,7759.86,7727.45,7870.0,699,1,0.1232,0.003185
2026-09-22 12:04:50,SPX,7759.86,7727.45,7645.0,566,304,0.1479,0.003185
2026-09-22 12:04:50,SPX,7759.86,7727.45,7875.0,786,6,0.1256,0.003185
2026-09-22 12:04:50,SPX,7759.86,7727.45,7640.0,195,605,0.1501,0.003185
2026-09-22 12:04:50,SPX,7759.86,7727.45,7880.0,906,1,0.1281,0.003185
2026-09-22 12:04:50,SPX,7759.86,7727.45,7635.0,418,782,0.154,0.003185
2026-09-22 12:04:50,SPX,7759.86,7727.45,7630.0,505,555,0.1581,0.003185
2026-09-22 12:04:50,SPX,7759.86,7727.45,7890.0,516,0,0.1329,0.003185
2026-09-22 12:04:50,SPX,7759.86,7727.45,7625.0,518,954,0.1616,0.003185
2026-09-22 12:04:50,SPX,7759.86,7727.45,7620.0,148,460,0.1651,0.003185
2026-09-22 12:04:50,SPX,7759.86,7727.45,7900.0,1910,9,0.1377,0.003185
2026-09-22 12:04:50,SPX,7759.86,7727.45,7615.0,113,599,0.1681,0.003185
2026-09-22 12:04:50,SPX,7759.86,7727.45,7610.0,143,1634,0.1709,0.003185
2026-09-22 12:04:50,SPX,7759.86,7727.45,7910.0,660,1,0.1426,0.003185
2026-09-22 12:04:50,SPX,7759.86,7727.45,7605.0,274,165,0.1734,0.003185
2026-09-22 12:04:50,SPX,7759.86,7727.45,7600.0,321,779,0.1762,0.003185
2026-09-22 12:04:50,SPX,7759.86,7727.45,7920.0,423,0,0.1475,0.003185
2026-09-22 12:04:50,SPX,7759.86,7727.45,7595.0,85,238,0.1793,0.003185
2026-09-22 12:04:50,SPX,7759.86,7727.45,7925.0,743,4,0.15,0.003185
2026-09-22 12:04:50,SPX,7759.86,7727.45,7590.0,98,205,0.1825,0.003185
2026-09-22 12:04:50,SPX,7759.86,7727.45,7930.0,394,0,0.1525,0.003185
2026-09-22 12:04:50,SPX,7759.86,7727.45,7585.0,88,1292,0.1856,0.003185
2026-09-22 12:04:50,SPX,7759.86,7727.45,7580.0,58,548,0.1889,0.003185
2026-09-22 12:04:50,SPX,7759.86,7727.45,7940.0,93,0,0.1579,0.003185
2026-09-22 12:04:50,SPX,7759.86,7727.45,7575.0,83,1444,0.1925,0.003185
2026-09-22 12:04:50,SPX,7759.86,7727.45,7570.0,37,298,0.1964,0.003185
2026-09-22 12:04:50,SPX,7759.86,7727.45,7950.0,1159,0,0.1641,0.003185
2026-09-22 12:04:50,SPX,7759.86,7727.45,7565.0,39,198,0.2004,0.003185
2026-09-22 12:04:50,SPX,7759.86,7727.45,7560.0,53,477,0.2044,0.003185
2026-09-22 12:04:50,SPX,7759.86,7727.45,7555.0,31,621,0.2083,0.003185
2026-09-22 12:04:50,SPX,7759.86,7727.45,7550.0,52,1978,0.2121,0.003185
2026-09-22 12:04:50,SPX,7759.86,7727.45,7545.0,21,720,0.2158,0.003185
2026-09-22 12:04:50,SPX,7759.86,7727.45,7975.0,383,0,0.1822,0.003185
2026-09-22 12:04:50,SPX,7759.86,7727.45,7540.0,53,534,0.2195,0.003185
2026-09-22 12:04:50,SPX,7759.86,7727.45,7535.0,37,410,0.223,0.003185
2026-09-22 12:04:50,SPX,7759.86,7727.45,7530.0,50,220,0.2265,0.003185
2026-09-22 12:04:50,SPX,7759.86,7727.45,7525.0,20,208,0.23,0.003185
2026-09-22 12:04:50,SPX,7759.86,7727.45,7520.0,9,207,0.2334,0.003185
2026-09-22 12:04:50,SPX,7759.86,7727.45,8000.0,3883,0,0.2002,0.003185
2026-09-22 12:04:50,SPX,7759.86,7727.45,7515.0,2,118,0.2368,0.003185
2026-09-22 12:04:50,SPX,7759.86,7727.45,7510.0,2,495,0.2401,0.003185
2026-09-22 12:04:50,SPX,7759.86,7727.45,7760.0,448,129,0.097,0.005923
2026-09-22 12:04:50,SPX,7759.86,7727.45,7755.0,341,67,0.0976,0.005923
2026-09-22 12:04:50,SPX,7759.86,7727.45,7765.0,367,109,0.0964,0.005923
2026-09-22 12:04:50,SPX,7759.86,7727.45,7750.0,824,249,0.0985,0.005923
2026-09-22 12:04:50,SPX,7759.86,7727.45,7770.0,720,189,0.0958,0.005923
2026-09-22 12:04:50,SPX,7759.86,7727.45,7745.0,369,91,0.0995,0.005923
2026-09-22 12:04:50,SPX,7759.86,7727.45,7775.0,1819,99,0.0954,0.005923
2026-09-22 12:04:50,SPX,7759.86,7727.45,7740.0,357,158,0.1004,0.005923
2026-09-22 12:04:50,SPX,7759.86,7727.45,7780.0,1870,56,0.0953,0.005923
2026-09-22 12:04:50,SPX,7759.86,7727.45,7735.0,155,76,0.1017,0.005923
2026-09-22 12:04:50,SPX,7759.86,7727.45,7785.0,506,20,0.095,0.005923
2026-09-22 12:04:50,SPX,7759.86,7727.45,7730.0,438,104,0.103,0.005923
2026-09-22 12:04:50,SPX,7759.86,7727.45,7790.0,394,60,0.0945,0.005923
2026-09-22 12:04:50,SPX,7759.86,7727.45,7725.0,264,285,0.1042,0.005923
2026-09-22 12:04:50,SPX,7759.86,7727.45,7795.0,477,24,0.0942,0.005923
2026-09-22 12:04:50,SPX,7759.86,7727.45,7720.0,1122,245,0.1055,0.005923
2026-09-22 12:04:50,SPX,7759.86,7727.45,7800.0,1415,334,0.0941,0.005923
2026-09-22 12:04:50,SPX,7759.86,7727.45,7715.0,204,210,0.1074,0.005923
2026-09-22 12:04:50,SPX,7759.86,7727.45,7805.0,658,15,0.0942,0.005923
2026-09-22 12:04:50,SPX,7759.86,7727.45,7710.0,2167,568,0.1088,0.005923
2026-09-22 12:04:50,SPX,7759.86,7727.45,7810.0,760,29,0.0946,0.005923
2026-09-22 12:04:50,SPX,7759.86,7727.45,7705.0,167,162,0.1109,0.005923
2026-09-22 12:04:50,SPX,7759.86,7727.45,7815.0,569,4,0.0951,0.005923
2026-09-22 12:04:50,SPX,7759.86,7727.45,7700.0,1155,1234,0.1124,0.005923
2026-09-22 12:04:50,SPX,7759.86,7727.45,7820.0,738,6,0.0959,0.005923
2026-09-22 12:04:50,SPX,7759.86,7727.45,7695.0,1053,99,0.1147,0.005923
2026-09-22 12:04:50,SPX,7759.86,7727.45,7825.0,973,15,0.0966,0.005923
2026-09-22 12:04:50,SPX,7759.86,7727.45,7690.0,278,208,0.1169,0.005923
2026-09-22 12:04:50,SPX,7759.86,7727.45,7830.0,1013,12,0.0975,0.005923
2026-09-22 12:04:50,SPX,7759.86,7727.45,7685.0,2029,141,0.1186,0.005923
2026-09-22 12:04:50,SPX,7759.86,7727.45,7835.0,277,0,0.0983,0.005923
2026-09-22 12:04:50,SPX,7759.86,7727.45,7680.0,102,211,0.121,0.005923
2026-09-22 12:04:50,SPX,7759.86,7727.45,7840.0,683,12,0.0991,0.005923
2026-09-22 12:04:50,SPX,7759.86,7727.45,7675.0,574,1425,0.1231,0.005923
2026-09-22 12:04:50,SPX,7759.86,7727.45,7845.0,85,0,0.1,0.005923
2026-09-22 12:04:50,SPX,7759.86,7727.45,7670.0,168,200,0.1245,0.005923
2026-09-22 12:04:50,SPX,7759.86,7727.45,7850.0,967,14,0.101,0.005923
2026-09-22 12:04:50,SPX,7759.86,7727.45,7665.0,102,2052,0.126,0.005923
2026-09-22 12:04:50,SPX,7759.86,7727.45,7855.0,226,0,0.1021,0.005923
2026-09-22 12:04:50,SPX,7759.86,7727.45,7660.0,282,302,0.1287,0.005923
2026-09-22 12:04:50,SPX,7759.86,7727.45,7860.0,763,1,0.1032,0.005923
2026-09-22 12:04:50,SPX,7759.86,7727.45,7655.0,320,166,0.1315,0.005923
2026-09-22 12:04:50,SPX,7759.86,7727.45,7865.0,235,0,0.1045,0.005923
2026-09-22 12:04:50,SPX,7759.86,7727.45,7650.0,345,1352,0.1332,0.005923
2026-09-22 12:04:50,SPX,7759.86,7727.45,7870.0,718,0,0.1059,0.005923
2026-09-22 12:04:50,SPX,7759.86,7727.45,7645.0,569,176,0.1347,0.005923
2026-09-22 12:04:50,SPX,7759.86,7727.45,7875.0,836,4,0.1075,0.005923
2026-09-22 12:04:50,SPX,7759.86,7727.45,7640.0,182,2151,0.1374,0.005923
2026-09-22 12:04:50,SPX,7759.86,7727.45,7880.0,535,10,0.1091,0.005923
2026-09-22 12:04:50,SPX,7759.86,7727.45,7635.0,91,209,0.1403,0.005923
2026-09-22 12:04:50,SPX,7759.86,7727.45,7630.0,84,377,0.1426,0.005923
2026-09-22 12:04:50,SPX,7759.86,7727.45,7890.0,602,0,0.1127,0.005923
2026-09-22 12:04:50,SPX,7759.86,7727.45,7625.0,133,403,0.1448,0.005923
2026-09-22 12:04:50,SPX,7759.86,7727.45,7620.0,84,285,0.1468,0.005923
2026-09-22 12:04:50,SPX,7759.86,7727.45,7900.0,565,36,0.1165,0.005923
2026-09-22 12:04:50,SPX,7759.86,7727.45,7615.0,258,145,0.1488,0.005923
2026-09-22 12:04:50,SPX,7759.86,7727.45,7610.0,247,1415,0.1509,0.005923
2026-09-22 12:04:50,SPX,7759.86,7727.45,7910.0,252,0,0.1206,0.005923
2026-09-22 12:04:50,SPX,7759.86,7727.45,7605.0,74,170,0.1533,0.005923
2026-09-22 12:04:50,SPX,7759.86,7727.45,7600.0,147,950,0.1558,0.005923
2026-09-22 12:04:50,SPX,7759.86,7727.45,7920.0,265,0,0.1249,0.005923
2026-09-22 12:04:50,SPX,7759.86,7727.45,7595.0,474,143,0.1585,0.005923
2026-09-22 12:04:50,SPX,7759.86,7727.45,7925.0,331,0,0.1271,0.005923
2026-09-22 12:04:50,SPX,7759.86,7727.45,7590.0,105,248,0.1613,0.005923
2026-09-22 12:04:50,SPX,7759.86,7727.45,7930.0,214,0,0.1293,0.005923
2026-09-22 12:04:50,SPX,7759.86,7727.45,7585.0,55,1326,0.164,0.005923
2026-09-22 12:04:50,SPX,7759.86,7727.45,7580.0,38,298,0.1667,0.005923
2026-09-22 12:04:50,SPX,7759.86,7727.45,7940.0,132,0,0.1337,0.005923
2026-09-22 12:04:50,SPX,7759.86,7727.45,7575.0,39,752,0.1694,0.005923
2026-09-22 12:04:50,SPX,7759.86,7727.45,7570.0,22,185,0.1719,0.005923
2026-09-22 12:04:50,SPX,7759.86,7727.45,7950.0,396,2,0.138,0.005923
2026-09-22 12:04:50,SPX,7759.86,7727.45,7565.0,23,199,0.1744,0.005923
2026-09-22 12:04:50,SPX,7759.86,7727.45,7560.0,47,233,0.1768,0.005923
2026-09-22 12:04:50,SPX,7759.86,7727.45,7555.0,15,332,0.1792,0.005923
2026-09-22 12:04:50,SPX,7759.86,7727.45,7550.0,46,1142,0.1815,0.005923
2026-09-22 12:04:50,SPX,7759.86,7727.45,7545.0,10,326,0.1839,0.005923
2026-09-22 12:04:50,SPX,7759.86,7727.45,7975.0,307,0,0.1482,0.005923
2026-09-22 12:04:50,SPX,7759.86,7727.45,7540.0,23,527,0.1862,0.005923
2026-09-22 12:04:50,SPX,7759.86,7727.45,7535.0,14,101,0.1885,0.005923
2026-09-22 12:04:50,SPX,7759.86,7727.45,7530.0,33,328,0.1909,0.005923
2026-09-22 12:04:50,SPX,7759.86,7727.45,7525.0,19,744,0.1933,0.005923
2026-09-22 12:04:50,SPX,7759.86,7727.45,7520.0,118,295,0.1957,0.005923
2026-09-22 12:04:50,SPX,7759.86,7727.45,8000.0,400,1,0.1578,0.005923
2026-09-22 12:04:50,SPX,7759.86,7727.45,7515.0,19,438,0.1981,0.005923
2026-09-22 12:04:50,SPX,7759.86,7727.45,7510.0,37,191,0.2006,0.005923
2026-09-22 12:35:12,SPX,7760.88,7728.16,7760.0,2731,1718,0.0976,0.000389
2026-09-22 12:35:12,SPX,7760.88,7728.16,7765.0,1982,1228,0.0969,0.000389
2026-09-22 12:35:12,SPX,7760.88,7728.16,7755.0,3251,2583,0.0999,0.000389
2026-09-22 12:35:12,SPX,7760.88,7728.16,7770.0,2485,1128,0.0966,0.000389
2026-09-22 12:35:12,SPX,7760.88,7728.16,7750.0,3440,3037,0.1052,0.000389
2026-09-22 12:35:12,SPX,7760.88,7728.16,7775.0,2833,1241,0.0981,0.000389
2026-09-22 12:35:12,SPX,7760.88,7728.16,7745.0,1426,1328,0.1108,0.000389
2026-09-22 12:35:12,SPX,7760.88,7728.16,7780.0,2649,445,0.1017,0.000389
2026-09-22 12:35:12,SPX,7760.88,7728.16,7740.0,1382,1226,0.1188,0.000389
2026-09-22 12:35:12,SPX,7760.88,7728.16,7785.0,3266,231,0.1082,0.000389
2026-09-22 12:35:12,SPX,7760.88,7728.16,7735.0,1062,3125,0.1277,0.000389
2026-09-22 12:35:12,SPX,7760.88,7728.16,7790.0,1981,97,0.1147,0.000389
2026-09-22 12:35:12,SPX,7760.88,7728.16,7730.0,1504,2214,0.1349,0.000389
2026-09-22 12:35:12,SPX,7760.88,7728.16,7795.0,1650,55,0.1227,0.000389
2026-09-22 12:35:12,SPX,7760.88,7728.16,7725.0,2035,2199,0.1457,0.000389
2026-09-22 12:35:12,SPX,7760.88,7728.16,7800.0,5076,863,0.1324,0.000389
2026-09-22 12:35:12,SPX,7760.88,7728.16,7720.0,1192,1487,0.1567,0.000389
2026-09-22 12:35:12,SPX,7760.88,7728.16,7805.0,2183,35,0.1427,0.000389
2026-09-22 12:35:12,SPX,7760.88,7728.16,7715.0,1313,2345,0.1641,0.000389
2026-09-22 12:35:12,SPX,7760.88,7728.16,7810.0,5099,17,0.152,0.000389
2026-09-22 12:35:12,SPX,7760.88,7728.16,7710.0,979,1820,0.1751,0.000389
2026-09-22 12:35:12,SPX,7760.88,7728.16,7815.0,2498,23,0.1619,0.000389
2026-09-22 12:35:12,SPX,7760.88,7728.16,7705.0,704,1134,0.1869,0.000389
2026-09-22 12:35:12,SPX,7760.88,7728.16,7820.0,1870,49,0.1728,0.000389
2026-09-22 12:35:12,SPX,7760.88,7728.16,7700.0,2040,4059,0.1987,0.000389
2026-09-22 12:35:12,SPX,7760.88,7728.16,7825.0,2626,52,0.1835,0.000389
2026-09-22 12:35:12,SPX,7760.88,7728.16,7695.0,1439,1760,0.2059,0.000389
2026-09-22 12:35:12,SPX,7760.88,7728.16,7830.0,4963,20,0.1936,0.000389
2026-09-22 12:35:12,SPX,7760.88,7728.16,7690.0,724,3112,0.216,0.000389
2026-09-22 12:35:12,SPX,7760.88,7728.16,7835.0,1838,52,0.204,0.000389
2026-09-22 12:35:12,SPX,7760.88,7728.16,7685.0,652,1629,0.2293,0.000389
2026-09-22 12:35:12,SPX,7760.88,7728.16,7840.0,3824,109,0.215,0.000389
2026-09-22 12:35:12,SPX,7760.88,7728.16,7680.0,821,2619,0.2403,0.000389
2026-09-22 12:35:12,SPX,7760.88,7728.16,7845.0,10236,54,0.2267,0.000389
2026-09-22 12:35:12,SPX,7760.88,7728.16,7675.0,2412,2710,0.2531,0.000389
2026-09-22 12:35:12,SPX,7760.88,7728.16,7850.0,3139,31,0.2388,0.000389
2026-09-22 12:35:12,SPX,7760.88,7728.16,7670.0,1117,2509,0.267,0.000389
2026-09-22 12:35:12,SPX,7760.88,7728.16,7855.0,753,5,0.2509,0.000389
2026-09-22 12:35:12,SPX,7760.88,7728.16,7665.0,430,1391,0.2794,0.000389
2026-09-22 12:35:12,SPX,7760.88,7728.16,7860.0,1311,3,0.2629,0.000389
2026-09-22 12:35:12,SPX,7760.88,7728.16,7660.0,376,1218,0.2899,0.000389
2026-09-22 12:35:12,SPX,7760.88,7728.16,7865.0,694,2,0.2747,0.000389
2026-09-22 12:35:12,SPX,7760.88,7728.16,7655.0,366,746,0.2989,0.000389
2026-09-22 12:35:12,SPX,7760.88,7728.16,7870.0,1017,6,0.2863,0.000389
2026-09-22 12:35:12,SPX,7760.88,7728.16,7650.0,2504,3021,0.307,0.000389
2026-09-22 12:35:12,SPX,7760.88,7728.16,7875.0,1282,9,0.2977,0.000389
2026-09-22 12:35:12,SPX,7760.88,7728.16,7645.0,273,1904,0.3149,0.000389
2026-09-22 12:35:12,SPX,7760.88,7728.16,7640.0,0,2728,0.323,0.000389
2026-09-22 12:35:12,SPX,7760.88,7728.16,7635.0,208,570,0.3318,0.000389
2026-09-22 12:35:12,SPX,7760.88,7728.16,7890.0,3186,16,0.3298,0.000389
2026-09-22 12:35:12,SPX,7760.88,7728.16,7630.0,703,774,0.3414,0.000389
2026-09-22 12:35:12,SPX,7760.88,7728.16,7625.0,592,1278,0.3517,0.000389
2026-09-22 12:35:12,SPX,7760.88,7728.16,7900.0,8066,17,0.3474,0.000389
2026-09-22 12:35:12,SPX,7760.88,7728.16,7620.0,219,2535,0.3626,0.000389
2026-09-22 12:35:12,SPX,7760.88,7728.16,7615.0,140,1964,0.374,0.000389
2026-09-22 12:35:12,SPX,7760.88,7728.16,7910.0,1349,5,0.3603,0.000389
2026-09-22 12:35:12,SPX,7760.88,7728.16,7610.0,140,761,0.3855,0.000389
2026-09-22 12:35:12,SPX,7760.88,7728.16,7605.0,136,340,0.397,0.000389
2026-09-22 12:35:12,SPX,7760.88,7728.16,7920.0,815,1,0.3679,0.000389
2026-09-22 12:35:12,SPX,7760.88,7728.16,7600.0,372,2640,0.4085,0.000389
2026-09-22 12:35:12,SPX,7760.88,7728.16,7925.0,797,5,0.3697,0.000389
2026-09-22 12:35:12,SPX,7760.88,7728.16,7595.0,90,433,0.4198,0.000389
2026-09-22 12:35:12,SPX,7760.88,7728.16,7930.0,381,2,0.3704,0.000389
2026-09-22 12:35:12,SPX,7760.88,7728.16,7590.0,65,1102,0.4311,0.000389
2026-09-22 12:35:12,SPX,7760.88,7728.16,7585.0,227,3415,0.4425,0.000389
2026-09-22 12:35:12,SPX,7760.88,7728.16,7940.0,394,0,0.3691,0.000389
2026-09-22 12:35:12,SPX,7760.88,7728.16,7580.0,380,809,0.4538,0.000389
2026-09-22 12:35:12,SPX,7760.88,7728.16,7575.0,60,2654,0.4653,0.000389
2026-09-22 12:35:12,SPX,7760.88,7728.16,7950.0,1020,7,0.3633,0.000389
2026-09-22 12:35:12,SPX,7760.88,7728.16,7570.0,88,1268,0.48,0.000389
2026-09-22 12:35:12,SPX,7760.88,7728.16,7565.0,35,301,0.4915,0.000389
2026-09-22 12:35:12,SPX,7760.88,7728.16,7560.0,49,1053,0.5028,0.000389
2026-09-22 12:35:12,SPX,7760.88,7728.16,7555.0,56,279,0.514,0.000389
2026-09-22 12:35:12,SPX,7760.88,7728.16,7550.0,100,2792,0.5249,0.000389
2026-09-22 12:35:12,SPX,7760.88,7728.16,7975.0,1063,0,0.15,0.000389
2026-09-22 12:35:12,SPX,7760.88,7728.16,7540.0,0,617,0.5452,0.000389
2026-09-22 12:35:12,SPX,7760.88,7728.16,7535.0,23,259,0.5543,0.000389
2026-09-22 12:35:12,SPX,7760.88,7728.16,7530.0,0,508,0.5628,0.000389
2026-09-22 12:35:12,SPX,7760.88,7728.16,7525.0,57,0,0.5706,0.000389
2026-09-22 12:35:12,SPX,7760.88,7728.16,7520.0,21,318,0.5777,0.000389
2026-09-22 12:35:12,SPX,7760.88,7728.16,7515.0,14,423,0.584,0.000389
2026-09-22 12:35:12,SPX,7760.88,7728.16,7760.0,1343,260,0.0987,0.003127
2026-09-22 12:35:12,SPX,7760.88,7728.16,7765.0,1175,462,0.0981,0.003127
2026-09-22 12:35:12,SPX,7760.88,7728.16,7755.0,687,204,0.0993,0.003127
2026-09-22 12:35:12,SPX,7760.88,7728.16,7770.0,1547,428,0.0979,0.003127
2026-09-22 12:35:12,SPX,7760.88,7728.16,7750.0,2249,2247,0.0999,0.003127
2026-09-22 12:35:12,SPX,7760.88,7728.16,7775.0,2933,185,0.0978,0.003127
2026-09-22 12:35:12,SPX,7760.88,7728.16,7745.0,1434,293,0.101,0.003127
2026-09-22 12:35:12,SPX,7760.88,7728.16,7780.0,2384,152,0.0972,0.003127
2026-09-22 12:35:12,SPX,7760.88,7728.16,7740.0,482,371,0.1021,0.003127
2026-09-22 12:35:12,SPX,7760.88,7728.16,7785.0,1581,160,0.0969,0.003127
2026-09-22 12:35:12,SPX,7760.88,7728.16,7735.0,1239,228,0.1033,0.003127
2026-09-22 12:35:12,SPX,7760.88,7728.16,7790.0,2434,70,0.0972,0.003127
2026-09-22 12:35:12,SPX,7760.88,7728.16,7730.0,813,625,0.1055,0.003127
2026-09-22 12:35:12,SPX,7760.88,7728.16,7795.0,1050,103,0.0979,0.003127
2026-09-22 12:35:12,SPX,7760.88,7728.16,7725.0,1367,564,0.1062,0.003127
2026-09-22 12:35:12,SPX,7760.88,7728.16,7800.0,2239,774,0.0985,0.003127
2026-09-22 12:35:12,SPX,7760.88,7728.16,7720.0,679,709,0.1085,0.003127
2026-09-22 12:35:12,SPX,7760.88,7728.16,7805.0,678,108,0.0995,0.003127
2026-09-22 12:35:12,SPX,7760.88,7728.16,7715.0,452,393,0.111,0.003127
2026-09-22 12:35:12,SPX,7760.88,7728.16,7810.0,883,9,0.1007,0.003127
2026-09-22 12:35:12,SPX,7760.88,7728.16,7710.0,425,329,0.1127,0.003127
2026-09-22 12:35:12,SPX,7760.88,7728.16,7815.0,758,9,0.1021,0.003127
2026-09-22 12:35:12,SPX,7760.88,7728.16,7705.0,251,173,0.114,0.003127
2026-09-22 12:35:12,SPX,7760.88,7728.16,7820.0,823,15,0.1034,0.003127
2026-09-22 12:35:12,SPX,7760.88,7728.16,7700.0,655,1484,0.1178,0.003127
2026-09-22 12:35:12,SPX,7760.88,7728.16,7825.0,676,6,0.1047,0.003127
2026-09-22 12:35:12,SPX,7760.88,7728.16,7695.0,997,305,0.1195,0.003127
2026-09-22 12:35:12,SPX,7760.88,7728.16,7830.0,457,20,0.106,0.003127
2026-09-22 12:35:12,SPX,7760.88,7728.16,7690.0,514,437,0.1224,0.003127
2026-09-22 12:35:12,SPX,7760.88,7728.16,7835.0,189,6,0.1073,0.003127
2026-09-22 12:35:12,SPX,7760.88,7728.16,7685.0,646,152,0.1253,0.003127
2026-09-22 12:35:12,SPX,7760.88,7728.16,7840.0,695,13,0.1088,0.003127
2026-09-22 12:35:12,SPX,7760.88,7728.16,7680.0,396,311,0.1277,0.003127
2026-09-22 12:35:12,SPX,7760.88,7728.16,7845.0,593,0,0.1104,0.003127
2026-09-22 12:35:12,SPX,7760.88,7728.16,7675.0,293,990,0.1299,0.003127
2026-09-22 12:35:12,SPX,7760.88,7728.16,7850.0,4935,13,0.1121,0.003127
2026-09-22 12:35:12,SPX,7760.88,7728.16,7670.0,979,549,0.1328,0.003127
2026-09-22 12:35:12,SPX,7760.88,7728.16,7855.0,178,0,0.1141,0.003127
2026-09-22 12:35:12,SPX,7760.88,7728.16,7665.0,482,267,0.1362,0.003127
2026-09-22 12:35:12,SPX,7760.88,7728.16,7860.0,492,1,0.1162,0.003127
2026-09-22 12:35:12,SPX,7760.88,7728.16,7660.0,237,319,0.1394,0.003127
2026-09-22 12:35:12,SPX,7760.88,7728.16,7865.0,447,0,0.1184,0.003127
2026-09-22 12:35:12,SPX,7760.88,7728.16,7655.0,919,230,0.1418,0.003127
2026-09-22 12:35:12,SPX,7760.88,7728.16,7870.0,699,1,0.1208,0.003127
2026-09-22 12:35:12,SPX,7760.88,7728.16,7650.0,807,864,0.144,0.003127
2026-09-22 12:35:12,SPX,7760.88,7728.16,7875.0,786,6,0.1234,0.003127
2026-09-22 12:35:12,SPX,7760.88,7728.16,7645.0,566,0,0.1471,0.003127
2026-09-22 12:35:12,SPX,7760.88,7728.16,7880.0,906,1,0.126,0.003127
2026-09-22 12:35:12,SPX,7760.88,7728.16,7640.0,195,605,0.1509,0.003127
2026-09-22 12:35:12,SPX,7760.88,7728.16,7635.0,418,782,0.154,0.003127
2026-09-22 12:35:12,SPX,7760.88,7728.16,7890.0,516,0,0.1312,0.003127
2026-09-22 12:35:12,SPX,7760.88,7728.16,7630.0,505,555,0.158,0.003127
2026-09-22 12:35:12,SPX,7760.88,7728.16,7625.0,518,954,0.1613,0.003127
2026-09-22 12:35:12,SPX,7760.88,7728.16,7900.0,1910,9,0.1362,0.003127
2026-09-22 12:35:12,SPX,7760.88,7728.16,7620.0,148,460,0.1638,0.003127
2026-09-22 12:35:12,SPX,7760.88,7728.16,7615.0,113,599,0.1665,0.003127
2026-09-22 12:35:12,SPX,7760.88,7728.16,7910.0,660,1,0.1412,0.003127
2026-09-22 12:35:12,SPX,7760.88,7728.16,7610.0,143,1634,0.1693,0.003127
2026-09-22 12:35:12,SPX,7760.88,7728.16,7605.0,274,165,0.1724,0.003127
2026-09-22 12:35:12,SPX,7760.88,7728.16,7920.0,423,0,0.1467,0.003127
2026-09-22 12:35:12,SPX,7760.88,7728.16,7600.0,321,779,0.1759,0.003127
2026-09-22 12:35:12,SPX,7760.88,7728.16,7925.0,743,4,0.1496,0.003127
2026-09-22 12:35:12,SPX,7760.88,7728.16,7595.0,85,238,0.1797,0.003127
2026-09-22 12:35:12,SPX,7760.88,7728.16,7930.0,394,0,0.1526,0.003127
2026-09-22 12:35:12,SPX,7760.88,7728.16,7590.0,98,205,0.1837,0.003127
2026-09-22 12:35:12,SPX,7760.88,7728.16,7585.0,88,1292,0.1878,0.003127
2026-09-22 12:35:12,SPX,7760.88,7728.16,7940.0,93,0,0.1589,0.003127
2026-09-22 12:35:12,SPX,7760.88,7728.16,7580.0,58,548,0.1919,0.003127
2026-09-22 12:35:12,SPX,7760.88,7728.16,7575.0,83,1444,0.1957,0.003127
2026-09-22 12:35:12,SPX,7760.88,7728.16,7950.0,1159,0,0.1654,0.003127
2026-09-22 12:35:12,SPX,7760.88,7728.16,7570.0,37,298,0.1995,0.003127
2026-09-22 12:35:12,SPX,7760.88,7728.16,7565.0,39,198,0.203,0.003127
2026-09-22 12:35:12,SPX,7760.88,7728.16,7560.0,53,477,0.2065,0.003127
2026-09-22 12:35:12,SPX,7760.88,7728.16,7555.0,31,621,0.2099,0.003127
2026-09-22 12:35:12,SPX,7760.88,7728.16,7550.0,52,1978,0.2132,0.003127
2026-09-22 12:35:12,SPX,7760.88,7728.16,7975.0,383,0,0.1825,0.003127
2026-09-22 12:35:12,SPX,7760.88,7728.16,7545.0,21,720,0.2165,0.003127
2026-09-22 12:35:12,SPX,7760.88,7728.16,7540.0,53,534,0.2198,0.003127
2026-09-22 12:35:12,SPX,7760.88,7728.16,7535.0,37,410,0.223,0.003127
2026-09-22 12:35:12,SPX,7760.88,7728.16,7530.0,50,220,0.2263,0.003127
2026-09-22 12:35:12,SPX,7760.88,7728.16,7525.0,20,208,0.2296,0.003127
2026-09-22 12:35:12,SPX,7760.88,7728.16,8000.0,3883,0,0.1951,0.003127
2026-09-22 12:35:12,SPX,7760.88,7728.16,7520.0,9,207,0.2329,0.003127
2026-09-22 12:35:12,SPX,7760.88,7728.16,7515.0,2,118,0.2363,0.003127
2026-09-22 12:35:12,SPX,7760.88,7728.16,7760.0,448,129,0.0965,0.005865
2026-09-22 12:35:12,SPX,7760.88,7728.16,7765.0,367,109,0.0961,0.005865
2026-09-22 12:35:12,SPX,7760.88,7728.16,7755.0,341,67,0.0973,0.005865
2026-09-22 12:35:12,SPX,7760.88,7728.16,7770.0,720,189,0.0957,0.005865
2026-09-22 12:35:12,SPX,7760.88,7728.16,7750.0,824,249,0.0981,0.005865
2026-09-22 12:35:12,SPX,7760.88,7728.16,7775.0,1819,99,0.0952,0.005865
2026-09-22 12:35:12,SPX,7760.88,7728.16,7745.0,369,91,0.0989,0.005865
2026-09-22 12:35:12,SPX,7760.88,7728.16,7780.0,1870,56,0.095,0.005865
2026-09-22 12:35:12,SPX,7760.88,7728.16,7740.0,357,158,0.1,0.005865
2026-09-22 12:35:12,SPX,7760.88,7728.16,7785.0,506,20,0.0949,0.005865
2026-09-22 12:35:12,SPX,7760.88,7728.16,7735.0,155,76,0.101,0.005865
2026-09-22 12:35:12,SPX,7760.88,7728.16,7790.0,394,60,0.0948,0.005865
2026-09-22 12:35:12,SPX,7760.88,7728.16,7730.0,438,104,0.103,0.005865
2026-09-22 12:35:12,SPX,7760.88,7728.16,7795.0,477,24,0.0947,0.005865
2026-09-22 12:35:12,SPX,7760.88,7728.16,7725.0,264,285,0.1033,0.005865
2026-09-22 12:35:12,SPX,7760.88,7728.16,7800.0,1415,334,0.0946,0.005865
2026-09-22 12:35:12,SPX,7760.88,7728.16,7720.0,1122,245,0.1049,0.005865
2026-09-22 12:35:12,SPX,7760.88,7728.16,7805.0,658,15,0.0946,0.005865
2026-09-22 12:35:12,SPX,7760.88,7728.16,7715.0,204,210,0.1065,0.005865
2026-09-22 12:35:12,SPX,7760.88,7728.16,7810.0,760,29,0.0948,0.005865
2026-09-22 12:35:12,SPX,7760.88,7728.16,7710.0,2167,568,0.1087,0.005865
2026-09-22 12:35:12,SPX,7760.88,7728.16,7815.0,569,4,0.0952,0.005865
2026-09-22 12:35:12,SPX,7760.88,7728.16,7705.0,167,162,0.1107,0.005865
2026-09-22 12:35:12,SPX,7760.88,7728.16,7820.0,738,6,0.0958,0.005865
2026-09-22 12:35:12,SPX,7760.88,7728.16,7700.0,1155,1234,0.112,0.005865
2026-09-22 12:35:12,SPX,7760.88,7728.16,7825.0,973,15,0.0966,0.005865
2026-09-22 12:35:12,SPX,7760.88,7728.16,7695.0,1053,99,0.1131,0.005865
2026-09-22 12:35:12,SPX,7760.88,7728.16,7830.0,1013,12,0.0974,0.005865
2026-09-22 12:35:12,SPX,7760.88,7728.16,7690.0,278,208,0.1151,0.005865
2026-09-22 12:35:12,SPX,7760.88,7728.16,7835.0,277,0,0.0983,0.005865
2026-09-22 12:35:12,SPX,7760.88,7728.16,7685.0,2029,141,0.1165,0.005865
2026-09-22 12:35:12,SPX,7760.88,7728.16,7840.0,683,12,0.0992,0.005865
2026-09-22 12:35:12,SPX,7760.88,7728.16,7680.0,102,211,0.1187,0.005865
2026-09-22 12:35:12,SPX,7760.88,7728.16,7845.0,85,0,0.1001,0.005865
2026-09-22 12:35:12,SPX,7760.88,7728.16,7675.0,574,1425,0.1209,0.005865
2026-09-22 12:35:12,SPX,7760.88,7728.16,7850.0,967,14,0.1011,0.005865
2026-09-22 12:35:12,SPX,7760.88,7728.16,7670.0,168,200,0.1239,0.005865
2026-09-22 12:35:12,SPX,7760.88,7728.16,7855.0,226,0,0.1021,0.005865
2026-09-22 12:35:12,SPX,7760.88,7728.16,7665.0,102,2052,0.1259,0.005865
2026-09-22 12:35:12,SPX,7760.88,7728.16,7860.0,763,1,0.1032,0.005865
2026-09-22 12:35:12,SPX,7760.88,7728.16,7660.0,282,302,0.1269,0.005865
2026-09-22 12:35:12,SPX,7760.88,7728.16,7865.0,235,0,0.1044,0.005865
2026-09-22 12:35:12,SPX,7760.88,7728.16,7655.0,320,166,0.1293,0.005865
2026-09-22 12:35:12,SPX,7760.88,7728.16,7870.0,718,0,0.1056,0.005865
2026-09-22 12:35:12,SPX,7760.88,7728.16,7650.0,345,1352,0.1316,0.005865
2026-09-22 12:35:12,SPX,7760.88,7728.16,7875.0,836,4,0.107,0.005865
2026-09-22 12:35:12,SPX,7760.88,7728.16,7645.0,569,176,0.134,0.005865
2026-09-22 12:35:12,SPX,7760.88,7728.16,7880.0,535,10,0.1085,0.005865
2026-09-22 12:35:12,SPX,7760.88,7728.16,7640.0,182,2151,0.1362,0.005865
2026-09-22 12:35:12,SPX,7760.88,7728.16,7635.0,91,209,0.1387,0.005865
2026-09-22 12:35:12,SPX,7760.88,7728.16,7890.0,602,0,0.1118,0.005865
2026-09-22 12:35:12,SPX,7760.88,7728.16,7630.0,84,377,0.1414,0.005865
2026-09-22 12:35:12,SPX,7760.88,7728.16,7625.0,133,403,0.1437,0.005865
2026-09-22 12:35:12,SPX,7760.88,7728.16,7900.0,565,36,0.1155,0.005865
2026-09-22 12:35:12,SPX,7760.88,7728.16,7620.0,84,285,0.146,0.005865
2026-09-22 12:35:12,SPX,7760.88,7728.16,7615.0,258,145,0.1482,0.005865
2026-09-22 12:35:12,SPX,7760.88,7728.16,7910.0,252,0,0.1194,0.005865
2026-09-22 12:35:12,SPX,7760.88,7728.16,7610.0,247,1415,0.1501,0.005865
2026-09-22 12:35:12,SPX,7760.88,7728.16,7605.0,74,170,0.1521,0.005865
2026-09-22 12:35:12,SPX,7760.88,7728.16,7920.0,265,0,0.1235,0.005865
2026-09-22 12:35:12,SPX,7760.88,7728.16,7600.0,147,950,0.1542,0.005865
2026-09-22 12:35:12,SPX,7760.88,7728.16,7925.0,331,0,0.1256,0.005865
2026-09-22 12:35:12,SPX,7760.88,7728.16,7595.0,474,143,0.1564,0.005865
2026-09-22 12:35:12,SPX,7760.88,7728.16,7930.0,214,0,0.1277,0.005865
2026-09-22 12:35:12,SPX,7760.88,7728.16,7590.0,105,248,0.1588,0.005865
2026-09-22 12:35:12,SPX,7760.88,7728.16,7585.0,55,1326,0.1614,0.005865
2026-09-22 12:35:12,SPX,7760.88,7728.16,7940.0,132,0,0.1318,0.005865
2026-09-22 12:35:12,SPX,7760.88,7728.16,7580.0,38,298,0.164,0.005865
2026-09-22 12:35:12,SPX,7760.88,7728.16,7575.0,39,752,0.1668,0.005865
2026-09-22 12:35:12,SPX,7760.88,7728.16,7950.0,396,2,0.1359,0.005865
2026-09-22 12:35:12,SPX,7760.88,7728.16,7570.0,22,185,0.1696,0.005865
2026-09-22 12:35:12,SPX,7760.88,7728.16,7565.0,23,199,0.1723,0.005865
2026-09-22 12:35:12,SPX,7760.88,7728.16,7560.0,47,233,0.175,0.005865
2026-09-22 12:35:12,SPX,7760.88,7728.16,7555.0,15,332,0.1776,0.005865
2026-09-22 12:35:12,SPX,7760.88,7728.16,7550.0,46,1142,0.1801,0.005865
2026-09-22 12:35:12,SPX,7760.88,7728.16,7975.0,307,0,0.1459,0.005865
2026-09-22 12:35:12,SPX,7760.88,7728.16,7545.0,10,326,0.1826,0.005865
2026-09-22 12:35:12,SPX,7760.88,7728.16,7540.0,23,527,0.185,0.005865
2026-09-22 12:35:12,SPX,7760.88,7728.16,7535.0,14,101,0.1874,0.005865
2026-09-22 12:35:12,SPX,7760.88,7728.16,7530.0,33,328,0.1899,0.005865
2026-09-22 12:35:12,SPX,7760.88,7728.16,7525.0,19,744,0.1923,0.005865
2026-09-22 12:35:12,SPX,7760.88,7728.16,8000.0,400,1,0.1566,0.005865
2026-09-22 12:35:12,SPX,7760.88,7728.16,7520.0,118,295,0.1947,0.005865
2026-09-22 12:35:12,SPX,7760.88,7728.16,7515.0,19,438,0.1972,0.005865
2026-09-22 13:05:36,SPX,7765.0,7727.83,7765.0,1982,1228,0.0974,0.000332
2026-09-22 13:05:36,SPX,7765.0,7727.83,7760.0,2731,1718,0.101,0.000332
2026-09-22 13:05:36,SPX,7765.0,7727.83,7770.0,2485,1128,0.0971,0.000332
2026-09-22 13:05:36,SPX,7765.0,7727.83,7755.0,3251,2583,0.1042,0.000332
2026-09-22 13:05:36,SPX,7765.0,7727.83,7775.0,2833,1241,0.0992,0.000332
2026-09-22 13:05:36,SPX,7765.0,7727.83,7750.0,3440,3037,0.1095,0.000332
2026-09-22 13:05:36,SPX,7765.0,7727.83,7780.0,2649,445,0.1033,0.000332
2026-09-22 13:05:36,SPX,7765.0,7727.83,7745.0,1426,1328,0.117,0.000332
2026-09-22 13:05:36,SPX,7765.0,7727.83,7785.0,3266,231,0.1078,0.000332
2026-09-22 13:05:36,SPX,7765.0,7727.83,7740.0,1382,1226,0.1241,0.000332
2026-09-22 13:05:36,SPX,7765.0,7727.83,7790.0,1981,97,0.1141,0.000332
2026-09-22 13:05:36,SPX,7765.0,7727.83,7735.0,1062,3125,0.1335,0.000332
2026-09-22 13:05:36,SPX,7765.0,7727.83,7795.0,1650,55,0.1233,0.000332
2026-09-22 13:05:36,SPX,7765.0,7727.83,7730.0,1504,2214,0.1442,0.000332
2026-09-22 13:05:36,SPX,7765.0,7727.83,7800.0,5076,863,0.135,0.000332
2026-09-22 13:05:36,SPX,7765.0,7727.83,7725.0,2035,2199,0.1521,0.000332
2026-09-22 13:05:36,SPX,7765.0,7727.83,7805.0,2183,35,0.147,0.000332
2026-09-22 13:05:36,SPX,7765.0,7727.83,7720.0,1192,1487,0.1661,0.000332
2026-09-22 13:05:36,SPX,7765.0,7727.83,7810.0,5099,17,0.1568,0.000332
2026-09-22 13:05:36,SPX,7765.0,7727.83,7715.0,1313,2345,0.1764,0.000332
2026-09-22 13:05:36,SPX,7765.0,7727.83,7815.0,2498,23,0.1647,0.000332
2026-09-22 13:05:36,SPX,7765.0,7727.83,7710.0,979,1820,0.1865,0.000332
2026-09-22 13:05:36,SPX,7765.0,7727.83,7820.0,1870,49,0.1735,0.000332
2026-09-22 13:05:36,SPX,7765.0,7727.83,7705.0,704,1134,0.1965,0.000332
2026-09-22 13:05:36,SPX,7765.0,7727.83,7825.0,2626,52,0.1845,0.000332
2026-09-22 13:05:36,SPX,7765.0,7727.83,7700.0,2040,4059,0.2109,0.000332
2026-09-22 13:05:36,SPX,7765.0,7727.83,7830.0,4963,20,0.1964,0.000332
2026-09-22 13:05:36,SPX,7765.0,7727.83,7695.0,1439,1760,0.2243,0.000332
2026-09-22 13:05:36,SPX,7765.0,7727.83,7835.0,1838,0,0.2084,0.000332
2026-09-22 13:05:36,SPX,7765.0,7727.83,7690.0,724,3112,0.2367,0.000332
2026-09-22 13:05:36,SPX,7765.0,7727.83,7840.0,3824,109,0.2206,0.000332
2026-09-22 13:05:36,SPX,7765.0,7727.83,7685.0,652,1629,0.2501,0.000332
2026-09-22 13:05:36,SPX,7765.0,7727.83,7845.0,10236,54,0.2331,0.000332
2026-09-22 13:05:36,SPX,7765.0,7727.83,7680.0,821,2619,0.264,0.000332
2026-09-22 13:05:36,SPX,7765.0,7727.83,7850.0,3139,31,0.246,0.000332
2026-09-22 13:05:36,SPX,7765.0,7727.83,7675.0,2412,2710,0.2769,0.000332
2026-09-22 13:05:36,SPX,7765.0,7727.83,7855.0,753,5,0.259,0.000332
2026-09-22 13:05:36,SPX,7765.0,7727.83,7670.0,1117,0,0.2881,0.000332
2026-09-22 13:05:36,SPX,7765.0,7727.83,7860.0,1311,0,0.2717,0.000332
2026-09-22 13:05:36,SPX,7765.0,7727.83,7665.0,430,1391,0.2984,0.000332
2026-09-22 13:05:36,SPX,7765.0,7727.83,7865.0,694,2,0.284,0.000332
2026-09-22 13:05:36,SPX,7765.0,7727.83,7660.0,376,1218,0.3086,0.000332
2026-09-22 13:05:36,SPX,7765.0,7727.83,7870.0,1017,6,0.2956,0.000332
2026-09-22 13:05:36,SPX,7765.0,7727.83,7655.0,366,746,0.3191,0.000332
2026-09-22 13:05:36,SPX,7765.0,7727.83,7875.0,1282,9,0.3065,0.000332
2026-09-22 13:05:36,SPX,7765.0,7727.83,7650.0,2504,3021,0.3302,0.000332
2026-09-22 13:05:36,SPX,7765.0,7727.83,7880.0,1013,6,0.3166,0.000332
2026-09-22 13:05:36,SPX,7765.0,7727.83,7645.0,273,1904,0.3418,0.000332
2026-09-22 13:05:36,SPX,7765.0,7727.83,7640.0,947,2728,0.3539,0.000332
2026-09-22 13:05:36,SPX,7765.0,7727.83,7890.0,3186,16,0.3343,0.000332
2026-09-22 13:05:36,SPX,7765.0,7727.83,7635.0,208,570,0.3662,0.000332
2026-09-22 13:05:36,SPX,7765.0,7727.83,7630.0,703,774,0.3785,0.000332
2026-09-22 13:05:36,SPX,7765.0,7727.83,7900.0,8066,17,0.3477,0.000332
2026-09-22 13:05:36,SPX,7765.0,7727.83,7625.0,592,1278,0.3907,0.000332
2026-09-22 13:05:36,SPX,7765.0,7727.83,7620.0,219,2535,0.4028,0.000332
2026-09-22 13:05:36,SPX,7765.0,7727.83,7910.0,1349,5,0.3564,0.000332
2026-09-22 13:05:36,SPX,7765.0,7727.83,7615.0,140,1964,0.4148,0.000332
2026-09-22 13:05:36,SPX,7765.0,7727.83,7610.0,140,761,0.4265,0.000332
2026-09-22 13:05:36,SPX,7765.0,7727.83,7920.0,815,1,0.3611,0.000332
2026-09-22 13:05:36,SPX,7765.0,7727.83,7605.0,136,340,0.4381,0.000332
2026-09-22 13:05:36,SPX,7765.0,7727.83,7925.0,797,5,0.3622,0.000332
2026-09-22 13:05:36,SPX,7765.0,7727.83,7600.0,372,2640,0.4494,0.000332
2026-09-22 13:05:36,SPX,7765.0,7727.83,7930.0,381,2,0.3624,0.000332
2026-09-22 13:05:36,SPX,7765.0,7727.83,7595.0,90,433,0.4606,0.000332
2026-09-22 13:05:36,SPX,7765.0,7727.83,7590.0,65,1102,0.4717,0.000332
2026-09-22 13:05:36,SPX,7765.0,7727.83,7940.0,394,0,0.3611,0.000332
2026-09-22 13:05:36,SPX,7765.0,7727.83,7585.0,227,3415,0.4825,0.000332
2026-09-22 13:05:36,SPX,7765.0,7727.83,7580.0,380,809,0.4932,0.000332
2026-09-22 13:05:36,SPX,7765.0,7727.83,7950.0,1020,7,0.3581,0.000332
2026-09-22 13:05:36,SPX,7765.0,7727.83,7575.0,60,2654,0.5057,0.000332
2026-09-22 13:05:36,SPX,7765.0,7727.83,7570.0,88,1268,0.5156,0.000332
2026-09-22 13:05:36,SPX,7765.0,7727.83,7565.0,35,301,0.525,0.000332
2026-09-22 13:05:36,SPX,7765.0,7727.83,7560.0,49,1053,0.5337,0.000332
2026-09-22 13:05:36,SPX,7765.0,7727.83,7555.0,56,279,0.5421,0.000332
2026-09-22 13:05:36,SPX,7765.0,7727.83,7975.0,1063,2,0.3492,0.000332
2026-09-22 13:05:36,SPX,7765.0,7727.83,7550.0,100,2792,0.55,0.000332
2026-09-22 13:05:36,SPX,7765.0,7727.83,7545.0,30,407,0.5574,0.000332
2026-09-22 13:05:36,SPX,7765.0,7727.83,7540.0,47,617,0.5641,0.000332
2026-09-22 13:05:36,SPX,7765.0,7727.83,7535.0,23,259,0.5706,0.000332
2026-09-22 13:05:36,SPX,7765.0,7727.83,7530.0,21,508,0.5764,0.000332
2026-09-22 13:05:36,SPX,7765.0,7727.83,8000.0,5045,0,0.3412,0.000332
2026-09-22 13:05:36,SPX,7765.0,7727.83,7525.0,57,807,0.5809,0.000332
2026-09-22 13:05:36,SPX,7765.0,7727.83,7520.0,21,318,0.5849,0.000332
2026-09-22 13:05:36,SPX,7765.0,7727.83,7515.0,14,423,0.5915,0.000332
2026-09-22 13:05:36,SPX,7765.0,7727.83,7765.0,1175,462,0.0977,0.003069
2026-09-22 13:05:36,SPX,7765.0,7727.83,7760.0,1343,260,0.098,0.003069
2026-09-22 13:05:36,SPX,7765.0,7727.83,7770.0,1547,428,0.0967,0.003069
2026-09-22 13:05:36,SPX,7765.0,7727.83,7755.0,687,204,0.0981,0.003069
2026-09-22 13:05:36,SPX,7765.0,7727.83,7775.0,2933,185,0.0966,0.003069
2026-09-22 13:05:36,SPX,7765.0,7727.83,7750.0,2249,2247,0.0997,0.003069
2026-09-22 13:05:36,SPX,7765.0,7727.83,7780.0,2384,152,0.0968,0.003069
2026-09-22 13:05:36,SPX,7765.0,7727.83,7745.0,1434,293,0.1001,0.003069
2026-09-22 13:05:36,SPX,7765.0,7727.83,7785.0,1581,160,0.0968,0.003069
2026-09-22 13:05:36,SPX,7765.0,7727.83,7740.0,482,371,0.102,0.003069
2026-09-22 13:05:36,SPX,7765.0,7727.83,7790.0,2434,70,0.0972,0.003069
2026-09-22 13:05:36,SPX,7765.0,7727.83,7735.0,1239,228,0.1028,0.003069
2026-09-22 13:05:36,SPX,7765.0,7727.83,7795.0,1050,103,0.0975,0.003069
2026-09-22 13:05:36,SPX,7765.0,7727.83,7730.0,813,625,0.1047,0.003069
2026-09-22 13:05:36,SPX,7765.0,7727.83,7800.0,2239,774,0.0978,0.003069
2026-09-22 13:05:36,SPX,7765.0,7727.83,7725.0,1367,564,0.1064,0.003069
2026-09-22 13:05:36,SPX,7765.0,7727.83,7805.0,678,108,0.0981,0.003069
2026-09-22 13:05:36,SPX,7765.0,7727.83,7720.0,679,709,0.1094,0.003069
2026-09-22 13:05:36,SPX,7765.0,7727.83,7810.0,883,9,0.0988,0.003069
2026-09-22 13:05:36,SPX,7765.0,7727.83,7715.0,452,393,0.1107,0.003069
2026-09-22 13:05:36,SPX,7765.0,7727.83,7815.0,758,9,0.0998,0.003069
2026-09-22 13:05:36,SPX,7765.0,7727.83,7710.0,425,329,0.1132,0.003069
2026-09-22 13:05:36,SPX,7765.0,7727.83,7820.0,823,15,0.101,0.003069
2026-09-22 13:05:36,SPX,7765.0,7727.83,7705.0,251,173,0.1155,0.003069
2026-09-22 13:05:36,SPX,7765.0,7727.83,7825.0,676,6,0.1023,0.003069
2026-09-22 13:05:36,SPX,7765.0,7727.83,7700.0,655,1484,0.1173,0.003069
2026-09-22 13:05:36,SPX,7765.0,7727.83,7830.0,457,20,0.1039,0.003069
2026-09-22 13:05:36,SPX,7765.0,7727.83,7695.0,997,305,0.1188,0.003069
2026-09-22 13:05:36,SPX,7765.0,7727.83,7835.0,189,6,0.1054,0.003069
2026-09-22 13:05:36,SPX,7765.0,7727.83,7690.0,514,437,0.122,0.003069
2026-09-22 13:05:36,SPX,7765.0,7727.83,7840.0,695,13,0.1069,0.003069
2026-09-22 13:05:36,SPX,7765.0,7727.83,7685.0,646,152,0.1249,0.003069
2026-09-22 13:05:36,SPX,7765.0,7727.83,7845.0,593,0,0.1084,0.003069
2026-09-22 13:05:36,SPX,7765.0,7727.83,7680.0,396,311,0.1276,0.003069
2026-09-22 13:05:36,SPX,7765.0,7727.83,7850.0,4935,13,0.1098,0.003069
2026-09-22 13:05:36,SPX,7765.0,7727.83,7675.0,293,990,0.13,0.003069
2026-09-22 13:05:36,SPX,7765.0,7727.83,7855.0,178,0,0.1113,0.003069
2026-09-22 13:05:36,SPX,7765.0,7727.83,7670.0,979,549,0.132,0.003069
2026-09-22 13:05:36,SPX,7765.0,7727.83,7860.0,492,1,0.1129,0.003069
2026-09-22 13:05:36,SPX,7765.0,7727.83,7665.0,482,267,0.1346,0.003069
2026-09-22 13:05:36,SPX,7765.0,7727.83,7865.0,447,0,0.1146,0.003069
2026-09-22 13:05:36,SPX,7765.0,7727.83,7660.0,237,319,0.1379,0.003069
2026-09-22 13:05:36,SPX,7765.0,7727.83,7870.0,699,1,0.1165,0.003069
2026-09-22 13:05:36,SPX,7765.0,7727.83,7655.0,919,230,0.1411,0.003069
2026-09-22 13:05:36,SPX,7765.0,7727.83,7875.0,786,6,0.1186,0.003069
2026-09-22 13:05:36,SPX,7765.0,7727.83,7650.0,807,864,0.1435,0.003069
2026-09-22 13:05:36,SPX,7765.0,7727.83,7880.0,906,1,0.1209,0.003069
2026-09-22 13:05:36,SPX,7765.0,7727.83,7645.0,566,304,0.1465,0.003069
2026-09-22 13:05:36,SPX,7765.0,7727.83,7640.0,195,605,0.1502,0.003069
2026-09-22 13:05:36,SPX,7765.0,7727.83,7890.0,516,0,0.1261,0.003069
2026-09-22 13:05:36,SPX,7765.0,7727.83,7635.0,418,782,0.1545,0.003069
2026-09-22 13:05:36,SPX,7765.0,7727.83,7630.0,505,555,0.1589,0.003069
2026-09-22 13:05:36,SPX,7765.0,7727.83,7900.0,1910,9,0.132,0.003069
2026-09-22 13:05:36,SPX,7765.0,7727.83,7625.0,518,954,0.1614,0.003069
2026-09-22 13:05:36,SPX,7765.0,7727.83,7620.0,148,460,0.163,0.003069
2026-09-22 13:05:36,SPX,7765.0,7727.83,7910.0,660,1,0.1383,0.003069
2026-09-22 13:05:36,SPX,7765.0,7727.83,7615.0,113,599,0.1655,0.003069
2026-09-22 13:05:36,SPX,7765.0,7727.83,7610.0,143,1634,0.169,0.003069
2026-09-22 13:05:36,SPX,7765.0,7727.83,7920.0,423,0,0.1445,0.003069
2026-09-22 13:05:36,SPX,7765.0,7727.83,7605.0,274,165,0.1729,0.003069
2026-09-22 13:05:36,SPX,7765.0,7727.83,7925.0,743,4,0.1475,0.003069
2026-09-22 13:05:36,SPX,7765.0,7727.83,7600.0,321,779,0.1769,0.003069
2026-09-22 13:05:36,SPX,7765.0,7727.83,7930.0,394,0,0.1505,0.003069
2026-09-22 13:05:36,SPX,7765.0,7727.83,7595.0,85,238,0.181,0.003069
2026-09-22 13:05:36,SPX,7765.0,7727.83,7590.0,98,205,0.185,0.003069
2026-09-22 13:05:36,SPX,7765.0,7727.83,7940.0,93,0,0.1566,0.003069
2026-09-22 13:05:36,SPX,7765.0,7727.83,7585.0,88,1292,0.189,0.003069
2026-09-22 13:05:36,SPX,7765.0,7727.83,7580.0,58,548,0.1928,0.003069
2026-09-22 13:05:36,SPX,7765.0,7727.83,7950.0,1159,0,0.163,0.003069
2026-09-22 13:05:36,SPX,7765.0,7727.83,7575.0,83,1444,0.1965,0.003069
2026-09-22 13:05:36,SPX,7765.0,7727.83,7570.0,37,298,0.2001,0.003069
2026-09-22 13:05:36,SPX,7765.0,7727.83,7565.0,39,198,0.2035,0.003069
2026-09-22 13:05:36,SPX,7765.0,7727.83,7560.0,53,477,0.2069,0.003069
2026-09-22 13:05:36,SPX,7765.0,7727.83,7555.0,31,621,0.2102,0.003069
2026-09-22 13:05:36,SPX,7765.0,7727.83,7975.0,383,0,0.1795,0.003069
2026-09-22 13:05:36,SPX,7765.0,7727.83,7550.0,52,1978,0.2136,0.003069
2026-09-22 13:05:36,SPX,7765.0,7727.83,7545.0,21,720,0.2169,0.003069
2026-09-22 13:05:36,SPX,7765.0,7727.83,7540.0,53,534,0.2202,0.003069
2026-09-22 13:05:36,SPX,7765.0,7727.83,7535.0,37,410,0.2236,0.003069
2026-09-22 13:05:36,SPX,7765.0,7727.83,7530.0,50,220,0.227,0.003069
2026-09-22 13:05:36,SPX,7765.0,7727.83,8000.0,3883,0,0.1891,0.003069
2026-09-22 13:05:36,SPX,7765.0,7727.83,7525.0,20,208,0.2304,0.003069
2026-09-22 13:05:36,SPX,7765.0,7727.83,7520.0,9,207,0.234,0.003069
2026-09-22 13:05:36,SPX,7765.0,7727.83,7515.0,2,118,0.2375,0.003069
2026-09-22 13:05:36,SPX,7765.0,7727.83,7765.0,367,109,0.096,0.005807
2026-09-22 13:05:36,SPX,7765.0,7727.83,7760.0,448,129,0.0966,0.005807
2026-09-22 13:05:36,SPX,7765.0,7727.83,7770.0,720,189,0.0956,0.005807
2026-09-22 13:05:36,SPX,7765.0,7727.83,7755.0,341,67,0.0971,0.005807
2026-09-22 13:05:36,SPX,7765.0,7727.83,7775.0,1819,99,0.0953,0.005807
2026-09-22 13:05:36,SPX,7765.0,7727.83,7750.0,824,249,0.098,0.005807
2026-09-22 13:05:36,SPX,7765.0,7727.83,7780.0,1870,56,0.0948,0.005807
2026-09-22 13:05:36,SPX,7765.0,7727.83,7745.0,369,91,0.099,0.005807
2026-09-22 13:05:36,SPX,7765.0,7727.83,7785.0,506,20,0.0947,0.005807
2026-09-22 13:05:36,SPX,7765.0,7727.83,7740.0,357,158,0.1001,0.005807
2026-09-22 13:05:36,SPX,7765.0,7727.83,7790.0,394,60,0.0948,0.005807
2026-09-22 13:05:36,SPX,7765.0,7727.83,7735.0,155,76,0.1019,0.005807
2026-09-22 13:05:36,SPX,7765.0,7727.83,7795.0,477,24,0.0944,0.005807
2026-09-22 13:05:36,SPX,7765.0,7727.83,7730.0,438,104,0.1028,0.005807
2026-09-22 13:05:36,SPX,7765.0,7727.83,7800.0,1415,334,0.094,0.005807
2026-09-22 13:05:36,SPX,7765.0,7727.83,7725.0,264,285,0.1035,0.005807
2026-09-22 13:05:36,SPX,7765.0,7727.83,7805.0,658,15,0.0938,0.005807
2026-09-22 13:05:36,SPX,7765.0,7727.83,7720.0,1122,245,0.1052,0.005807
2026-09-22 13:05:36,SPX,7765.0,7727.83,7810.0,760,29,0.094,0.005807
2026-09-22 13:05:36,SPX,7765.0,7727.83,7715.0,204,210,0.1063,0.005807
2026-09-22 13:05:36,SPX,7765.0,7727.83,7815.0,569,4,0.0946,0.005807
2026-09-22 13:05:36,SPX,7765.0,7727.83,7710.0,2167,568,0.1082,0.005807
2026-09-22 13:05:36,SPX,7765.0,7727.83,7820.0,738,6,0.0953,0.005807
2026-09-22 13:05:36,SPX,7765.0,7727.83,7705.0,167,162,0.1102,0.005807
2026-09-22 13:05:36,SPX,7765.0,7727.83,7825.0,973,15,0.096,0.005807
2026-09-22 13:05:36,SPX,7765.0,7727.83,7700.0,1155,1234,0.1124,0.005807
2026-09-22 13:05:36,SPX,7765.0,7727.83,7830.0,1013,12,0.0968,0.005807
2026-09-22 13:05:36,SPX,7765.0,7727.83,7695.0,1053,99,0.1144,0.005807
2026-09-22 13:05:36,SPX,7765.0,7727.83,7835.0,277,0,0.0975,0.005807
2026-09-22 13:05:36,SPX,7765.0,7727.83,7690.0,278,208,0.1159,0.005807
2026-09-22 13:05:36,SPX,7765.0,7727.83,7840.0,683,12,0.0981,0.005807
2026-09-22 13:05:36,SPX,7765.0,7727.83,7685.0,2029,141,0.1171,0.005807
2026-09-22 13:05:36,SPX,7765.0,7727.83,7845.0,85,0,0.0988,0.005807
2026-09-22 13:05:36,SPX,7765.0,7727.83,7680.0,102,211,0.119,0.005807
2026-09-22 13:05:36,SPX,7765.0,7727.83,7850.0,967,14,0.0996,0.005807
2026-09-22 13:05:36,SPX,7765.0,7727.83,7675.0,574,1425,0.1215,0.005807
2026-09-22 13:05:36,SPX,7765.0,7727.83,7855.0,226,0,0.1004,0.005807
2026-09-22 13:05:36,SPX,7765.0,7727.83,7670.0,168,200,0.1237,0.005807
2026-09-22 13:05:36,SPX,7765.0,7727.83,7860.0,763,1,0.1013,0.005807
2026-09-22 13:05:36,SPX,7765.0,7727.83,7665.0,102,2052,0.1257,0.005807
2026-09-22 13:05:36,SPX,7765.0,7727.83,7865.0,235,0,0.1024,0.005807
2026-09-22 13:05:36,SPX,7765.0,7727.83,7660.0,282,302,0.1272,0.005807
2026-09-22 13:05:36,SPX,7765.0,7727.83,7870.0,718,0,0.1035,0.005807
2026-09-22 13:05:36,SPX,7765.0,7727.83,7655.0,320,166,0.1294,0.005807
2026-09-22 13:05:36,SPX,7765.0,7727.83,7875.0,836,4,0.1048,0.005807
2026-09-22 13:05:36,SPX,7765.0,7727.83,7650.0,345,1352,0.1313,0.005807
2026-09-22 13:05:36,SPX,7765.0,7727.83,7880.0,535,10,0.1063,0.005807
2026-09-22 13:05:36,SPX,7765.0,7727.83,7645.0,569,176,0.1336,0.005807
2026-09-22 13:05:36,SPX,7765.0,7727.83,7640.0,182,2151,0.136,0.005807
2026-09-22 13:05:36,SPX,7765.0,7727.83,7890.0,602,0,0.1095,0.005807
2026-09-22 13:05:36,SPX,7765.0,7727.83,7635.0,91,209,0.1387,0.005807
2026-09-22 13:05:36,SPX,7765.0,7727.83,7630.0,84,377,0.1411,0.005807
2026-09-22 13:05:36,SPX,7765.0,7727.83,7900.0,565,36,0.1131,0.005807
2026-09-22 13:05:36,SPX,7765.0,7727.83,7625.0,133,403,0.1435,0.005807
2026-09-22 13:05:36,SPX,7765.0,7727.83,7620.0,84,285,0.1457,0.005807
2026-09-22 13:05:36,SPX,7765.0,7727.83,7910.0,252,0,0.1171,0.005807
2026-09-22 13:05:36,SPX,7765.0,7727.83,7615.0,258,145,0.1476,0.005807
2026-09-22 13:05:36,SPX,7765.0,7727.83,7610.0,247,1415,0.1497,0.005807
2026-09-22 13:05:36,SPX,7765.0,7727.83,7920.0,265,0,0.1212,0.005807
2026-09-22 13:05:36,SPX,7765.0,7727.83,7605.0,74,170,0.152,0.005807
2026-09-22 13:05:36,SPX,7765.0,7727.83,7925.0,331,0,0.1233,0.005807
2026-09-22 13:05:36,SPX,7765.0,7727.83,7600.0,147,950,0.1544,0.005807
2026-09-22 13:05:36,SPX,7765.0,7727.83,7930.0,214,0,0.1254,0.005807
2026-09-22 13:05:36,SPX,7765.0,7727.83,7595.0,474,143,0.1568,0.005807
2026-09-22 13:05:36,SPX,7765.0,7727.83,7590.0,105,248,0.1594,0.005807
2026-09-22 13:05:36,SPX,7765.0,7727.83,7940.0,132,0,0.1296,0.005807
2026-09-22 13:05:36,SPX,7765.0,7727.83,7585.0,55,1326,0.1619,0.005807
2026-09-22 13:05:36,SPX,7765.0,7727.83,7580.0,38,298,0.1645,0.005807
2026-09-22 13:05:36,SPX,7765.0,7727.83,7950.0,396,2,0.1337,0.005807
2026-09-22 13:05:36,SPX,7765.0,7727.83,7575.0,39,752,0.1671,0.005807
2026-09-22 13:05:36,SPX,7765.0,7727.83,7570.0,22,185,0.1696,0.005807
2026-09-22 13:05:36,SPX,7765.0,7727.83,7565.0,23,199,0.1721,0.005807
2026-09-22 13:05:36,SPX,7765.0,7727.83,7560.0,47,233,0.1746,0.005807
2026-09-22 13:05:36,SPX,7765.0,7727.83,7555.0,15,332,0.1771,0.005807
2026-09-22 13:05:36,SPX,7765.0,7727.83,7975.0,307,0,0.1435,0.005807
2026-09-22 13:05:36,SPX,7765.0,7727.83,7550.0,46,1142,0.1795,0.005807
2026-09-22 13:05:36,SPX,7765.0,7727.83,7545.0,10,326,0.1819,0.005807
2026-09-22 13:05:36,SPX,7765.0,7727.83,7540.0,23,527,0.1844,0.005807
2026-09-22 13:05:36,SPX,7765.0,7727.83,7535.0,14,101,0.1868,0.005807
2026-09-22 13:05:36,SPX,7765.0,7727.83,7530.0,33,328,0.1893,0.005807
2026-09-22 13:05:36,SPX,7765.0,7727.83,8000.0,400,1,0.1535,0.005807
2026-09-22 13:05:36,SPX,7765.0,7727.83,7525.0,19,744,0.1918,0.005807
2026-09-22 13:05:36,SPX,7765.0,7727.83,7520.0,118,295,0.1943,0.005807
2026-09-22 13:05:36,SPX,7765.0,7727.83,7515.0,19,438,0.1968,0.005807
2026-09-22 13:36:00,SPX,7763.29,7729.82,7765.0,1982,1228,0.0891,0.000274
2026-09-22 13:36:00,SPX,7763.29,7729.82,7760.0,2731,1718,0.0908,0.000274
2026-09-22 13:36:00,SPX,7763.29,7729.82,7770.0,2485,1128,0.0901,0.000274
2026-09-22 13:36:00,SPX,7763.29,7729.82,7755.0,3251,2583,0.0951,0.000274
2026-09-22 13:36:00,SPX,7763.29,7729.82,7775.0,2833,1241,0.0926,0.000274
2026-09-22 13:36:00,SPX,7763.29,7729.82,7750.0,3440,3037,0.103,0.000274
2026-09-22 13:36:00,SPX,7763.29,7729.82,7780.0,2649,445,0.099,0.000274
2026-09-22 13:36:00,SPX,7763.29,7729.82,7745.0,1426,1328,0.1116,0.000274
2026-09-22 13:36:00,SPX,7763.29,7729.82,7785.0,3266,231,0.1074,0.000274
2026-09-22 13:36:00,SPX,7763.29,7729.82,7740.0,1382,1226,0.1238,0.000274
2026-09-22 13:36:00,SPX,7763.29,7729.82,7790.0,1981,97,0.1164,0.000274
2026-09-22 13:36:00,SPX,7763.29,7729.82,7735.0,1062,3125,0.1341,0.000274
2026-09-22 13:36:00,SPX,7763.29,7729.82,7795.0,1650,55,0.1281,0.000274
2026-09-22 13:36:00,SPX,7763.29,7729.82,7730.0,1504,2214,0.1456,0.000274
2026-09-22 13:36:00,SPX,7763.29,7729.82,7800.0,5076,863,0.142,0.000274
2026-09-22 13:36:00,SPX,7763.29,7729.82,7725.0,2035,2199,0.158,0.000274
2026-09-22 13:36:00,SPX,7763.29,7729.82,7805.0,2183,35,0.1543,0.000274
2026-09-22 13:36:00,SPX,7763.29,7729.82,7720.0,1192,1487,0.1695,0.000274
2026-09-22 13:36:00,SPX,7763.29,7729.82,7810.0,5099,17,0.1652,0.000274
2026-09-22 13:36:00,SPX,7763.29,7729.82,7715.0,1313,2345,0.1841,0.000274
2026-09-22 13:36:00,SPX,7763.29,7729.82,7815.0,2498,23,0.1754,0.000274
2026-09-22 13:36:00,SPX,7763.29,7729.82,7710.0,979,1820,0.2002,0.000274
2026-09-22 13:36:00,SPX,7763.29,7729.82,7820.0,1870,49,0.1855,0.000274
2026-09-22 13:36:00,SPX,7763.29,7729.82,7705.0,704,1134,0.2115,0.000274
2026-09-22 13:36:00,SPX,7763.29,7729.82,7825.0,2626,52,0.1968,0.000274
2026-09-22 13:36:00,SPX,7763.29,7729.82,7700.0,2040,4059,0.22,0.000274
2026-09-22 13:36:00,SPX,7763.29,7729.82,7830.0,4963,20,0.2097,0.000274
2026-09-22 13:36:00,SPX,7763.29,7729.82,7695.0,1439,1760,0.2324,0.000274
2026-09-22 13:36:00,SPX,7763.29,7729.82,7835.0,1838,52,0.2233,0.000274
2026-09-22 13:36:00,SPX,7763.29,7729.82,7690.0,724,3112,0.2484,0.000274
2026-09-22 13:36:00,SPX,7763.29,7729.82,7840.0,3824,109,0.237,0.000274
2026-09-22 13:36:00,SPX,7763.29,7729.82,7685.0,652,1629,0.2653,0.000274
2026-09-22 13:36:00,SPX,7763.29,7729.82,7845.0,10236,54,0.2504,0.000274
2026-09-22 13:36:00,SPX,7763.29,7729.82,7680.0,821,2619,0.2802,0.000274
2026-09-22 13:36:00,SPX,7763.29,7729.82,7850.0,3139,31,0.2632,0.000274
2026-09-22 13:36:00,SPX,7763.29,7729.82,7675.0,2412,2710,0.2925,0.000274
2026-09-22 13:36:00,SPX,7763.29,7729.82,7855.0,753,5,0.2753,0.000274
2026-09-22 13:36:00,SPX,7763.29,7729.82,7670.0,1117,2509,0.3039,0.000274
2026-09-22 13:36:00,SPX,7763.29,7729.82,7860.0,1311,3,0.2865,0.000274
2026-09-22 13:36:00,SPX,7763.29,7729.82,7665.0,430,1391,0.3157,0.000274
2026-09-22 13:36:00,SPX,7763.29,7729.82,7865.0,694,2,0.2966,0.000274
2026-09-22 13:36:00,SPX,7763.29,7729.82,7660.0,376,1218,0.3284,0.000274
2026-09-22 13:36:00,SPX,7763.29,7729.82,7870.0,1017,6,0.3058,0.000274
2026-09-22 13:36:00,SPX,7763.29,7729.82,7655.0,366,746,0.342,0.000274
2026-09-22 13:36:00,SPX,7763.29,7729.82,7875.0,1282,9,0.3135,0.000274
2026-09-22 13:36:00,SPX,7763.29,7729.82,7650.0,2504,3021,0.3562,0.000274
2026-09-22 13:36:00,SPX,7763.29,7729.82,7880.0,1013,6,0.3203,0.000274
2026-09-22 13:36:00,SPX,7763.29,7729.82,7645.0,273,1904,0.3707,0.000274
2026-09-22 13:36:00,SPX,7763.29,7729.82,7640.0,947,2728,0.3852,0.000274
2026-09-22 13:36:00,SPX,7763.29,7729.82,7890.0,3186,16,0.3316,0.000274
2026-09-22 13:36:00,SPX,7763.29,7729.82,7635.0,208,570,0.3995,0.000274
2026-09-22 13:36:00,SPX,7763.29,7729.82,7630.0,703,774,0.4135,0.000274
2026-09-22 13:36:00,SPX,7763.29,7729.82,7900.0,8066,17,0.3398,0.000274
2026-09-22 13:36:00,SPX,7763.29,7729.82,7625.0,592,1278,0.4274,0.000274
2026-09-22 13:36:00,SPX,7763.29,7729.82,7620.0,219,2535,0.441,0.000274
2026-09-22 13:36:00,SPX,7763.29,7729.82,7910.0,1349,5,0.3452,0.000274
2026-09-22 13:36:00,SPX,7763.29,7729.82,7615.0,140,1964,0.4544,0.000274
2026-09-22 13:36:00,SPX,7763.29,7729.82,7610.0,140,761,0.4673,0.000274
2026-09-22 13:36:00,SPX,7763.29,7729.82,7920.0,815,1,0.3485,0.000274
2026-09-22 13:36:00,SPX,7763.29,7729.82,7605.0,136,340,0.4795,0.000274
2026-09-22 13:36:00,SPX,7763.29,7729.82,7925.0,797,5,0.3494,0.000274
2026-09-22 13:36:00,SPX,7763.29,7729.82,7600.0,372,2640,0.4908,0.000274
2026-09-22 13:36:00,SPX,7763.29,7729.82,7930.0,381,2,0.3499,0.000274
2026-09-22 13:36:00,SPX,7763.29,7729.82,7595.0,90,433,0.5011,0.000274
2026-09-22 13:36:00,SPX,7763.29,7729.82,7590.0,65,1102,0.51,0.000274
2026-09-22 13:36:00,SPX,7763.29,7729.82,7940.0,394,0,0.3498,0.000274
2026-09-22 13:36:00,SPX,7763.29,7729.82,7585.0,227,3415,0.518,0.000274
2026-09-22 13:36:00,SPX,7763.29,7729.82,7580.0,380,809,0.5254,0.000274
2026-09-22 13:36:00,SPX,7763.29,7729.82,7950.0,1020,7,0.3486,0.000274
2026-09-22 13:36:00,SPX,7763.29,7729.82,7575.0,60,2654,0.5322,0.000274
2026-09-22 13:36:00,SPX,7763.29,7729.82,7570.0,88,1268,0.5384,0.000274
2026-09-22 13:36:00,SPX,7763.29,7729.82,7565.0,35,301,0.5438,0.000274
2026-09-22 13:36:00,SPX,7763.29,7729.82,7560.0,49,1053,0.5486,0.000274
2026-09-22 13:36:00,SPX,7763.29,7729.82,7555.0,56,279,0.5527,0.000274
2026-09-22 13:36:00,SPX,7763.29,7729.82,7975.0,1063,2,0.3435,0.000274
2026-09-22 13:36:00,SPX,7763.29,7729.82,7550.0,100,2792,0.5558,0.000274
2026-09-22 13:36:00,SPX,7763.29,7729.82,7545.0,30,407,0.5579,0.000274
2026-09-22 13:36:00,SPX,7763.29,7729.82,7540.0,47,617,0.5589,0.000274
2026-09-22 13:36:00,SPX,7763.29,7729.82,7535.0,23,259,0.5603,0.000274
2026-09-22 13:36:00,SPX,7763.29,7729.82,7530.0,21,508,0.561,0.000274
2026-09-22 13:36:00,SPX,7763.29,7729.82,8000.0,5045,0,0.3371,0.000274
2026-09-22 13:36:00,SPX,7763.29,7729.82,7525.0,57,807,0.5606,0.000274
2026-09-22 13:36:00,SPX,7763.29,7729.82,7520.0,21,318,0.5594,0.000274
2026-09-22 13:36:00,SPX,7763.29,7729.82,7515.0,14,423,0.5578,0.000274
2026-09-22 13:36:00,SPX,7763.29,7729.82,7765.0,1175,462,0.0959,0.003012
2026-09-22 13:36:00,SPX,7763.29,7729.82,7760.0,1343,260,0.0959,0.003012
2026-09-22 13:36:00,SPX,7763.29,7729.82,7770.0,1547,428,0.0956,0.003012
2026-09-22 13:36:00,SPX,7763.29,7729.82,7755.0,687,204,0.0976,0.003012
2026-09-22 13:36:00,SPX,7763.29,7729.82,7775.0,2933,185,0.0957,0.003012
2026-09-22 13:36:00,SPX,7763.29,7729.82,7750.0,2249,2247,0.0981,0.003012
2026-09-22 13:36:00,SPX,7763.29,7729.82,7780.0,2384,152,0.0959,0.003012
2026-09-22 13:36:00,SPX,7763.29,7729.82,7745.0,1434,293,0.0986,0.003012
2026-09-22 13:36:00,SPX,7763.29,7729.82,7785.0,1581,160,0.0963,0.003012
2026-09-22 13:36:00,SPX,7763.29,7729.82,7740.0,482,371,0.1007,0.003012
2026-09-22 13:36:00,SPX,7763.29,7729.82,7790.0,2434,70,0.0969,0.003012
2026-09-22 13:36:00,SPX,7763.29,7729.82,7735.0,1239,228,0.1014,0.003012
2026-09-22 13:36:00,SPX,7763.29,7729.82,7795.0,1050,103,0.0972,0.003012
2026-09-22 13:36:00,SPX,7763.29,7729.82,7730.0,813,625,0.1035,0.003012
2026-09-22 13:36:00,SPX,7763.29,7729.82,7800.0,2239,774,0.0978,0.003012
2026-09-22 13:36:00,SPX,7763.29,7729.82,7725.0,1367,564,0.1055,0.003012
2026-09-22 13:36:00,SPX,7763.29,7729.82,7805.0,678,108,0.0982,0.003012
2026-09-22 13:36:00,SPX,7763.29,7729.82,7720.0,679,709,0.1068,0.003012
2026-09-22 13:36:00,SPX,7763.29,7729.82,7810.0,883,9,0.0989,0.003012
2026-09-22 13:36:00,SPX,7763.29,7729.82,7715.0,452,393,0.1088,0.003012
2026-09-22 13:36:00,SPX,7763.29,7729.82,7815.0,758,9,0.1001,0.003012
2026-09-22 13:36:00,SPX,7763.29,7729.82,7710.0,425,329,0.1115,0.003012
2026-09-22 13:36:00,SPX,7763.29,7729.82,7820.0,823,15,0.1013,0.003012
2026-09-22 13:36:00,SPX,7763.29,7729.82,7705.0,251,173,0.1137,0.003012
2026-09-22 13:36:00,SPX,7763.29,7729.82,7825.0,676,6,0.1027,0.003012
2026-09-22 13:36:00,SPX,7763.29,7729.82,7700.0,655,1484,0.1152,0.003012
2026-09-22 13:36:00,SPX,7763.29,7729.82,7830.0,457,20,0.1045,0.003012
2026-09-22 13:36:00,SPX,7763.29,7729.82,7695.0,997,305,0.1188,0.003012
2026-09-22 13:36:00,SPX,7763.29,7729.82,7835.0,189,6,0.1063,0.003012
2026-09-22 13:36:00,SPX,7763.29,7729.82,7690.0,514,437,0.1205,0.003012
2026-09-22 13:36:00,SPX,7763.29,7729.82,7840.0,695,13,0.1081,0.003012
2026-09-22 13:36:00,SPX,7763.29,7729.82,7685.0,646,152,0.1237,0.003012
2026-09-22 13:36:00,SPX,7763.29,7729.82,7845.0,593,0,0.1097,0.003012
2026-09-22 13:36:00,SPX,7763.29,7729.82,7680.0,396,311,0.1268,0.003012
2026-09-22 13:36:00,SPX,7763.29,7729.82,7850.0,4935,13,0.1113,0.003012
2026-09-22 13:36:00,SPX,7763.29,7729.82,7675.0,293,990,0.1295,0.003012
2026-09-22 13:36:00,SPX,7763.29,7729.82,7855.0,178,0,0.1129,0.003012
2026-09-22 13:36:00,SPX,7763.29,7729.82,7670.0,979,549,0.1316,0.003012
2026-09-22 13:36:00,SPX,7763.29,7729.82,7860.0,492,1,0.1146,0.003012
2026-09-22 13:36:00,SPX,7763.29,7729.82,7665.0,482,267,0.134,0.003012
2026-09-22 13:36:00,SPX,7763.29,7729.82,7865.0,447,0,0.1164,0.003012
2026-09-22 13:36:00,SPX,7763.29,7729.82,7660.0,237,319,0.1369,0.003012
2026-09-22 13:36:00,SPX,7763.29,7729.82,7870.0,699,1,0.1184,0.003012
2026-09-22 13:36:00,SPX,7763.29,7729.82,7655.0,919,230,0.1399,0.003012
2026-09-22 13:36:00,SPX,7763.29,7729.82,7875.0,786,6,0.1205,0.003012
2026-09-22 13:36:00,SPX,7763.29,7729.82,7650.0,807,864,0.1427,0.003012
2026-09-22 13:36:00,SPX,7763.29,7729.82,7880.0,906,1,0.1228,0.003012
2026-09-22 13:36:00,SPX,7763.29,7729.82,7645.0,566,304,0.1457,0.003012
2026-09-22 13:36:00,SPX,7763.29,7729.82,7640.0,195,605,0.1489,0.003012
2026-09-22 13:36:00,SPX,7763.29,7729.82,7890.0,516,0,0.1279,0.003012
2026-09-22 13:36:00,SPX,7763.29,7729.82,7635.0,418,782,0.1527,0.003012
2026-09-22 13:36:00,SPX,7763.29,7729.82,7630.0,505,555,0.1566,0.003012
2026-09-22 13:36:00,SPX,7763.29,7729.82,7900.0,1910,9,0.1335,0.003012
2026-09-22 13:36:00,SPX,7763.29,7729.82,7625.0,518,954,0.16,0.003012
2026-09-22 13:36:00,SPX,7763.29,7729.82,7620.0,148,460,0.1626,0.003012
2026-09-22 13:36:00,SPX,7763.29,7729.82,7910.0,660,1,0.1392,0.003012
2026-09-22 13:36:00,SPX,7763.29,7729.82,7615.0,113,599,0.1651,0.003012
2026-09-22 13:36:00,SPX,7763.29,7729.82,7610.0,143,1634,0.1682,0.003012
2026-09-22 13:36:00,SPX,7763.29,7729.82,7920.0,423,0,0.1451,0.003012
2026-09-22 13:36:00,SPX,7763.29,7729.82,7605.0,274,165,0.1722,0.003012
2026-09-22 13:36:00,SPX,7763.29,7729.82,7925.0,743,4,0.1481,0.003012
2026-09-22 13:36:00,SPX,7763.29,7729.82,7600.0,321,779,0.1765,0.003012
2026-09-22 13:36:00,SPX,7763.29,7729.82,7930.0,394,0,0.1513,0.003012
2026-09-22 13:36:00,SPX,7763.29,7729.82,7595.0,85,238,0.1808,0.003012
2026-09-22 13:36:00,SPX,7763.29,7729.82,7590.0,98,205,0.1849,0.003012
2026-09-22 13:36:00,SPX,7763.29,7729.82,7940.0,93,0,0.1578,0.003012
2026-09-22 13:36:00,SPX,7763.29,7729.82,7585.0,88,1292,0.1889,0.003012
2026-09-22 13:36:00,SPX,7763.29,7729.82,7580.0,58,548,0.1927,0.003012
2026-09-22 13:36:00,SPX,7763.29,7729.82,7950.0,1159,0,0.1646,0.003012
2026-09-22 13:36:00,SPX,7763.29,7729.82,7575.0,83,1444,0.1963,0.003012
2026-09-22 13:36:00,SPX,7763.29,7729.82,7570.0,37,298,0.1996,0.003012
2026-09-22 13:36:00,SPX,7763.29,7729.82,7565.0,39,198,0.2031,0.003012
2026-09-22 13:36:00,SPX,7763.29,7729.82,7560.0,53,477,0.2066,0.003012
2026-09-22 13:36:00,SPX,7763.29,7729.82,7555.0,31,621,0.21,0.003012
2026-09-22 13:36:00,SPX,7763.29,7729.82,7975.0,383,0,0.1818,0.003012
2026-09-22 13:36:00,SPX,7763.29,7729.82,7550.0,52,1978,0.2135,0.003012
2026-09-22 13:36:00,SPX,7763.29,7729.82,7545.0,21,720,0.2169,0.003012
2026-09-22 13:36:00,SPX,7763.29,7729.82,7540.0,53,534,0.2204,0.003012
2026-09-22 13:36:00,SPX,7763.29,7729.82,7535.0,37,410,0.2239,0.003012
2026-09-22 13:36:00,SPX,7763.29,7729.82,7530.0,50,220,0.2275,0.003012
2026-09-22 13:36:00,SPX,7763.29,7729.82,8000.0,3883,0,0.1868,0.003012
2026-09-22 13:36:00,SPX,7763.29,7729.82,7525.0,20,208,0.2311,0.003012
2026-09-22 13:36:00,SPX,7763.29,7729.82,7520.0,9,207,0.2348,0.003012
2026-09-22 13:36:00,SPX,7763.29,7729.82,7515.0,2,118,0.2385,0.003012
2026-09-22 13:36:00,SPX,7763.29,7729.82,7765.0,367,109,0.0964,0.005749
2026-09-22 13:36:00,SPX,7763.29,7729.82,7760.0,448,129,0.0969,0.005749
2026-09-22 13:36:00,SPX,7763.29,7729.82,7770.0,720,189,0.096,0.005749
2026-09-22 13:36:00,SPX,7763.29,7729.82,7755.0,341,67,0.0976,0.005749
2026-09-22 13:36:00,SPX,7763.29,7729.82,7775.0,1819,99,0.0955,0.005749
2026-09-22 13:36:00,SPX,7763.29,7729.82,7750.0,824,249,0.0984,0.005749
2026-09-22 13:36:00,SPX,7763.29,7729.82,7780.0,1870,56,0.0954,0.005749
2026-09-22 13:36:00,SPX,7763.29,7729.82,7745.0,369,91,0.0992,0.005749
2026-09-22 13:36:00,SPX,7763.29,7729.82,7785.0,506,20,0.0954,0.005749
2026-09-22 13:36:00,SPX,7763.29,7729.82,7740.0,357,158,0.1,0.005749
2026-09-22 13:36:00,SPX,7763.29,7729.82,7790.0,394,60,0.0955,0.005749
2026-09-22 13:36:00,SPX,7763.29,7729.82,7735.0,155,76,0.1014,0.005749
2026-09-22 13:36:00,SPX,7763.29,7729.82,7795.0,477,24,0.0953,0.005749
2026-09-22 13:36:00,SPX,7763.29,7729.82,7730.0,438,104,0.1034,0.005749
2026-09-22 13:36:00,SPX,7763.29,7729.82,7800.0,1415,334,0.0951,0.005749
2026-09-22 13:36:00,SPX,7763.29,7729.82,7725.0,264,285,0.1045,0.005749
2026-09-22 13:36:00,SPX,7763.29,7729.82,7805.0,658,15,0.0952,0.005749
2026-09-22 13:36:00,SPX,7763.29,7729.82,7720.0,1122,245,0.1052,0.005749
2026-09-22 13:36:00,SPX,7763.29,7729.82,7810.0,760,29,0.0954,0.005749
2026-09-22 13:36:00,SPX,7763.29,7729.82,7715.0,204,210,0.1071,0.005749
2026-09-22 13:36:00,SPX,7763.29,7729.82,7815.0,569,4,0.0958,0.005749
2026-09-22 13:36:00,SPX,7763.29,7729.82,7710.0,2167,568,0.1084,0.005749
2026-09-22 13:36:00,SPX,7763.29,7729.82,7820.0,738,6,0.0963,0.005749
2026-09-22 13:36:00,SPX,7763.29,7729.82,7705.0,167,162,0.11,0.005749
2026-09-22 13:36:00,SPX,7763.29,7729.82,7825.0,973,15,0.097,0.005749
2026-09-22 13:36:00,SPX,7763.29,7729.82,7700.0,1155,1234,0.1117,0.005749
2026-09-22 13:36:00,SPX,7763.29,7729.82,7830.0,1013,12,0.0977,0.005749
2026-09-22 13:36:00,SPX,7763.29,7729.82,7695.0,1053,99,0.1137,0.005749
2026-09-22 13:36:00,SPX,7763.29,7729.82,7835.0,277,0,0.0984,0.005749
2026-09-22 13:36:00,SPX,7763.29,7729.82,7690.0,278,208,0.1157,0.005749
2026-09-22 13:36:00,SPX,7763.29,7729.82,7840.0,683,12,0.0991,0.005749
2026-09-22 13:36:00,SPX,7763.29,7729.82,7685.0,2029,141,0.1179,0.005749
2026-09-22 13:36:00,SPX,7763.29,7729.82,7845.0,85,0,0.0998,0.005749
2026-09-22 13:36:00,SPX,7763.29,7729.82,7680.0,102,211,0.1198,0.005749
2026-09-22 13:36:00,SPX,7763.29,7729.82,7850.0,967,14,0.1005,0.005749
2026-09-22 13:36:00,SPX,7763.29,7729.82,7675.0,574,1425,0.1215,0.005749
2026-09-22 13:36:00,SPX,7763.29,7729.82,7855.0,226,0,0.1013,0.005749
2026-09-22 13:36:00,SPX,7763.29,7729.82,7670.0,168,200,0.1231,0.005749
2026-09-22 13:36:00,SPX,7763.29,7729.82,7860.0,763,1,0.1022,0.005749
2026-09-22 13:36:00,SPX,7763.29,7729.82,7665.0,102,2052,0.1251,0.005749
2026-09-22 13:36:00,SPX,7763.29,7729.82,7865.0,235,0,0.1031,0.005749
2026-09-22 13:36:00,SPX,7763.29,7729.82,7660.0,282,302,0.1276,0.005749
2026-09-22 13:36:00,SPX,7763.29,7729.82,7870.0,718,0,0.1042,0.005749
2026-09-22 13:36:00,SPX,7763.29,7729.82,7655.0,320,166,0.1301,0.005749
2026-09-22 13:36:00,SPX,7763.29,7729.82,7875.0,836,4,0.1054,0.005749
2026-09-22 13:36:00,SPX,7763.29,7729.82,7650.0,345,1352,0.132,0.005749
2026-09-22 13:36:00,SPX,7763.29,7729.82,7880.0,535,10,0.1068,0.005749
2026-09-22 13:36:00,SPX,7763.29,7729.82,7645.0,569,176,0.1334,0.005749
2026-09-22 13:36:00,SPX,7763.29,7729.82,7640.0,182,2151,0.1354,0.005749
2026-09-22 13:36:00,SPX,7763.29,7729.82,7890.0,602,0,0.1099,0.005749
2026-09-22 13:36:00,SPX,7763.29,7729.82,7635.0,91,209,0.1377,0.005749
2026-09-22 13:36:00,SPX,7763.29,7729.82,7630.0,84,377,0.1405,0.005749
2026-09-22 13:36:00,SPX,7763.29,7729.82,7900.0,565,36,0.1135,0.005749
2026-09-22 13:36:00,SPX,7763.29,7729.82,7625.0,133,403,0.1431,0.005749
2026-09-22 13:36:00,SPX,7763.29,7729.82,7620.0,84,285,0.1456,0.005749
2026-09-22 13:36:00,SPX,7763.29,7729.82,7910.0,252,0,0.1174,0.005749
2026-09-22 13:36:00,SPX,7763.29,7729.82,7615.0,258,145,0.1478,0.005749
2026-09-22 13:36:00,SPX,7763.29,7729.82,7610.0,247,1415,0.1498,0.005749
2026-09-22 13:36:00,SPX,7763.29,7729.82,7920.0,265,0,0.1216,0.005749
2026-09-22 13:36:00,SPX,7763.29,7729.82,7605.0,74,170,0.1517,0.005749
2026-09-22 13:36:00,SPX,7763.29,7729.82,7925.0,331,0,0.1238,0.005749
2026-09-22 13:36:00,SPX,7763.29,7729.82,7600.0,147,950,0.1538,0.005749
2026-09-22 13:36:00,SPX,7763.29,7729.82,7930.0,214,0,0.1259,0.005749
2026-09-22 13:36:00,SPX,7763.29,7729.82,7595.0,474,143,0.1562,0.005749
2026-09-22 13:36:00,SPX,7763.29,7729.82,7590.0,105,248,0.1587,0.005749
2026-09-22 13:36:00,SPX,7763.29,7729.82,7940.0,132,0,0.1301,0.005749
2026-09-22 13:36:00,SPX,7763.29,7729.82,7585.0,55,1326,0.1614,0.005749
2026-09-22 13:36:00,SPX,7763.29,7729.82,7580.0,38,298,0.1641,0.005749
2026-09-22 13:36:00,SPX,7763.29,7729.82,7950.0,396,2,0.1343,0.005749
2026-09-22 13:36:00,SPX,7763.29,7729.82,7575.0,39,752,0.1669,0.005749
2026-09-22 13:36:00,SPX,7763.29,7729.82,7570.0,22,185,0.1696,0.005749
2026-09-22 13:36:00,SPX,7763.29,7729.82,7565.0,23,199,0.1722,0.005749
2026-09-22 13:36:00,SPX,7763.29,7729.82,7560.0,47,233,0.1748,0.005749
2026-09-22 13:36:00,SPX,7763.29,7729.82,7555.0,15,332,0.1773,0.005749
2026-09-22 13:36:00,SPX,7763.29,7729.82,7975.0,307,0,0.1442,0.005749
2026-09-22 13:36:00,SPX,7763.29,7729.82,7550.0,46,1142,0.1797,0.005749
2026-09-22 13:36:00,SPX,7763.29,7729.82,7545.0,10,326,0.1821,0.005749
2026-09-22 13:36:00,SPX,7763.29,7729.82,7540.0,23,527,0.1845,0.005749
2026-09-22 13:36:00,SPX,7763.29,7729.82,7535.0,14,101,0.1869,0.005749
2026-09-22 13:36:00,SPX,7763.29,7729.82,7530.0,33,328,0.1893,0.005749
2026-09-22 13:36:00,SPX,7763.29,7729.82,8000.0,400,1,0.1538,0.005749
2026-09-22 13:36:00,SPX,7763.29,7729.82,7525.0,19,744,0.1917,0.005749
2026-09-22 13:36:00,SPX,7763.29,7729.82,7520.0,118,295,0.1941,0.005749
2026-09-22 13:36:00,SPX,7763.29,7729.82,7515.0,19,438,0.1965,0.005749
2026-09-22 14:06:24,SPX,7768.63,7730.01,7770.0,2485,1128,0.0957,0.000216
2026-09-22 14:06:24,SPX,7768.63,7730.01,7765.0,1982,1228,0.0954,0.000216
2026-09-22 14:06:24,SPX,7768.63,7730.01,7775.0,2833,1241,0.0983,0.000216
2026-09-22 14:06:24,SPX,7768.63,7730.01,7760.0,2731,1718,0.0982,0.000216
2026-09-22 14:06:24,SPX,7768.63,7730.01,7780.0,2649,445,0.1031,0.000216
2026-09-22 14:06:24,SPX,7768.63,7730.01,7755.0,3251,2583,0.1046,0.000216
2026-09-22 14:06:24,SPX,7768.63,7730.01,7785.0,3266,231,0.1097,0.000216
2026-09-22 14:06:24,SPX,7768.63,7730.01,7750.0,3440,3037,0.1156,0.000216
2026-09-22 14:06:24,SPX,7768.63,7730.01,7790.0,1981,97,0.1194,0.000216
2026-09-22 14:06:24,SPX,7768.63,7730.01,7745.0,1426,1328,0.1279,0.000216
2026-09-22 14:06:24,SPX,7768.63,7730.01,7795.0,1650,55,0.1309,0.000216
2026-09-22 14:06:24,SPX,7768.63,7730.01,7740.0,1382,1226,0.1395,0.000216
2026-09-22 14:06:24,SPX,7768.63,7730.01,7800.0,5076,863,0.1417,0.000216
2026-09-22 14:06:24,SPX,7768.63,7730.01,7735.0,1062,3125,0.1526,0.000216
2026-09-22 14:06:24,SPX,7768.63,7730.01,7805.0,2183,35,0.1535,0.000216
2026-09-22 14:06:24,SPX,7768.63,7730.01,7730.0,1504,2214,0.1695,0.000216
2026-09-22 14:06:24,SPX,7768.63,7730.01,7810.0,5099,17,0.167,0.000216
2026-09-22 14:06:24,SPX,7768.63,7730.01,7725.0,2035,2199,0.1833,0.000216
2026-09-22 14:06:24,SPX,7768.63,7730.01,7815.0,2498,23,0.18,0.000216
2026-09-22 14:06:24,SPX,7768.63,7730.01,7720.0,1192,1487,0.1963,0.000216
2026-09-22 14:06:24,SPX,7768.63,7730.01,7820.0,1870,49,0.1908,0.000216
2026-09-22 14:06:24,SPX,7768.63,7730.01,7715.0,1313,2345,0.2156,0.000216
2026-09-22 14:06:24,SPX,7768.63,7730.01,7825.0,2626,52,0.2018,0.000216
2026-09-22 14:06:24,SPX,7768.63,7730.01,7710.0,979,1820,0.236,0.000216
2026-09-22 14:06:24,SPX,7768.63,7730.01,7830.0,4963,20,0.2144,0.000216
2026-09-22 14:06:24,SPX,7768.63,7730.01,7705.0,704,1134,0.2524,0.000216
2026-09-22 14:06:24,SPX,7768.63,7730.01,7835.0,1838,52,0.228,0.000216
2026-09-22 14:06:24,SPX,7768.63,7730.01,7700.0,2040,4059,0.2655,0.000216
2026-09-22 14:06:24,SPX,7768.63,7730.01,7840.0,3824,109,0.2417,0.000216
2026-09-22 14:06:24,SPX,7768.63,7730.01,7695.0,1439,1760,0.277,0.000216
2026-09-22 14:06:24,SPX,7768.63,7730.01,7845.0,10236,54,0.255,0.000216
2026-09-22 14:06:24,SPX,7768.63,7730.01,7690.0,724,3112,0.2888,0.000216
2026-09-22 14:06:24,SPX,7768.63,7730.01,7850.0,3139,31,0.2681,0.000216
2026-09-22 14:06:24,SPX,7768.63,7730.01,7685.0,652,1629,0.3018,0.000216
2026-09-22 14:06:24,SPX,7768.63,7730.01,7855.0,753,5,0.2816,0.000216
2026-09-22 14:06:24,SPX,7768.63,7730.01,7680.0,821,2619,0.3161,0.000216
2026-09-22 14:06:24,SPX,7768.63,7730.01,7860.0,1311,3,0.2947,0.000216
2026-09-22 14:06:24,SPX,7768.63,7730.01,7675.0,2412,2710,0.3317,0.000216
2026-09-22 14:06:24,SPX,7768.63,7730.01,7865.0,694,2,0.3075,0.000216
2026-09-22 14:06:24,SPX,7768.63,7730.01,7670.0,1117,2509,0.3479,0.000216
2026-09-22 14:06:24,SPX,7768.63,7730.01,7870.0,1017,6,0.3199,0.000216
2026-09-22 14:06:24,SPX,7768.63,7730.01,7665.0,430,1391,0.3644,0.000216
2026-09-22 14:06:24,SPX,7768.63,7730.01,7875.0,1282,9,0.3312,0.000216
2026-09-22 14:06:24,SPX,7768.63,7730.01,7660.0,376,1218,0.3804,0.000216
2026-09-22 14:06:24,SPX,7768.63,7730.01,7880.0,1013,6,0.3412,0.000216
2026-09-22 14:06:24,SPX,7768.63,7730.01,7655.0,366,746,0.3957,0.000216
2026-09-22 14:06:24,SPX,7768.63,7730.01,7650.0,2504,3021,0.4103,0.000216
2026-09-22 14:06:24,SPX,7768.63,7730.01,7890.0,3186,16,0.3571,0.000216
2026-09-22 14:06:24,SPX,7768.63,7730.01,7645.0,273,1904,0.4245,0.000216
2026-09-22 14:06:24,SPX,7768.63,7730.01,7640.0,947,2728,0.4386,0.000216
2026-09-22 14:06:24,SPX,7768.63,7730.01,7900.0,8066,17,0.3677,0.000216
2026-09-22 14:06:24,SPX,7768.63,7730.01,7635.0,208,570,0.4528,0.000216
2026-09-22 14:06:24,SPX,7768.63,7730.01,7630.0,703,774,0.4669,0.000216
2026-09-22 14:06:24,SPX,7768.63,7730.01,7910.0,1349,5,0.3738,0.000216
2026-09-22 14:06:24,SPX,7768.63,7730.01,7625.0,592,1278,0.48,0.000216
2026-09-22 14:06:24,SPX,7768.63,7730.01,7620.0,219,2535,0.4916,0.000216
2026-09-22 14:06:24,SPX,7768.63,7730.01,7920.0,815,1,0.3763,0.000216
2026-09-22 14:06:24,SPX,7768.63,7730.01,7615.0,140,1964,0.5025,0.000216
2026-09-22 14:06:24,SPX,7768.63,7730.01,7925.0,797,5,0.3767,0.000216
2026-09-22 14:06:24,SPX,7768.63,7730.01,7610.0,140,761,0.5128,0.000216
2026-09-22 14:06:24,SPX,7768.63,7730.01,7930.0,381,2,0.3765,0.000216
2026-09-22 14:06:24,SPX,7768.63,7730.01,7605.0,136,340,0.5224,0.000216
2026-09-22 14:06:24,SPX,7768.63,7730.01,7600.0,372,2640,0.5316,0.000216
2026-09-22 14:06:24,SPX,7768.63,7730.01,7940.0,394,0,0.3753,0.000216
2026-09-22 14:06:24,SPX,7768.63,7730.01,7595.0,90,433,0.5403,0.000216
2026-09-22 14:06:24,SPX,7768.63,7730.01,7590.0,65,1102,0.5487,0.000216
2026-09-22 14:06:24,SPX,7768.63,7730.01,7950.0,1020,7,0.3734,0.000216
2026-09-22 14:06:24,SPX,7768.63,7730.01,7585.0,227,3415,0.5576,0.000216
2026-09-22 14:06:24,SPX,7768.63,7730.01,7580.0,380,809,0.5673,0.000216
2026-09-22 14:06:24,SPX,7768.63,7730.01,7575.0,60,2654,0.5774,0.000216
2026-09-22 14:06:24,SPX,7768.63,7730.01,7570.0,88,1268,0.5878,0.000216
2026-09-22 14:06:24,SPX,7768.63,7730.01,7565.0,35,301,0.5988,0.000216
2026-09-22 14:06:24,SPX,7768.63,7730.01,7975.0,1063,2,0.3672,0.000216
2026-09-22 14:06:24,SPX,7768.63,7730.01,7560.0,49,1053,0.6075,0.000216
2026-09-22 14:06:24,SPX,7768.63,7730.01,7555.0,56,279,0.612,0.000216
2026-09-22 14:06:24,SPX,7768.63,7730.01,7550.0,100,2792,0.613,0.000216
2026-09-22 14:06:24,SPX,7768.63,7730.01,7545.0,30,407,0.6116,0.000216
2026-09-22 14:06:24,SPX,7768.63,7730.01,7540.0,47,617,0.6084,0.000216
2026-09-22 14:06:24,SPX,7768.63,7730.01,8000.0,5045,0,0.3624,0.000216
2026-09-22 14:06:24,SPX,7768.63,7730.01,7535.0,23,259,0.606,0.000216
2026-09-22 14:06:24,SPX,7768.63,7730.01,7530.0,21,508,0.6025,0.000216
2026-09-22 14:06:24,SPX,7768.63,7730.01,7525.0,57,807,0.5979,0.000216
2026-09-22 14:06:24,SPX,7768.63,7730.01,7520.0,21,318,0.5924,0.000216
2026-09-22 14:06:24,SPX,7768.63,7730.01,7770.0,1547,428,0.0956,0.002954
2026-09-22 14:06:24,SPX,7768.63,7730.01,7765.0,1175,462,0.0967,0.002954
2026-09-22 14:06:24,SPX,7768.63,7730.01,7775.0,2933,185,0.0961,0.002954
2026-09-22 14:06:24,SPX,7768.63,7730.01,7760.0,1343,260,0.0969,0.002954
2026-09-22 14:06:24,SPX,7768.63,7730.01,7780.0,2384,152,0.0955,0.002954
2026-09-22 14:06:24,SPX,7768.63,7730.01,7755.0,687,204,0.0981,0.002954
2026-09-22 14:06:24,SPX,7768.63,7730.01,7785.0,1581,160,0.0956,0.002954
2026-09-22 14:06:24,SPX,7768.63,7730.01,7750.0,2249,2247,0.0978,0.002954
2026-09-22 14:06:24,SPX,7768.63,7730.01,7790.0,2434,70,0.0961,0.002954
2026-09-22 14:06:24,SPX,7768.63,7730.01,7745.0,1434,293,0.0996,0.002954
2026-09-22 14:06:24,SPX,7768.63,7730.01,7795.0,1050,103,0.0964,0.002954
2026-09-22 14:06:24,SPX,7768.63,7730.01,7740.0,482,371,0.1016,0.002954
2026-09-22 14:06:24,SPX,7768.63,7730.01,7800.0,2239,774,0.0967,0.002954
2026-09-22 14:06:24,SPX,7768.63,7730.01,7735.0,1239,228,0.1021,0.002954
2026-09-22 14:06:24,SPX,7768.63,7730.01,7805.0,678,108,0.0972,0.002954
2026-09-22 14:06:24,SPX,7768.63,7730.01,7730.0,813,625,0.1042,0.002954
2026-09-22 14:06:24,SPX,7768.63,7730.01,7810.0,883,9,0.0976,0.002954
2026-09-22 14:06:24,SPX,7768.63,7730.01,7725.0,1367,564,0.1049,0.002954
2026-09-22 14:06:24,SPX,7768.63,7730.01,7815.0,758,9,0.0985,0.002954
2026-09-22 14:06:24,SPX,7768.63,7730.01,7720.0,679,709,0.1075,0.002954
2026-09-22 14:06:24,SPX,7768.63,7730.01,7820.0,823,15,0.0994,0.002954
2026-09-22 14:06:24,SPX,7768.63,7730.01,7715.0,452,393,0.1099,0.002954
2026-09-22 14:06:24,SPX,7768.63,7730.01,7825.0,676,6,0.1006,0.002954
2026-09-22 14:06:24,SPX,7768.63,7730.01,7710.0,425,329,0.1119,0.002954
2026-09-22 14:06:24,SPX,7768.63,7730.01,7830.0,457,20,0.1022,0.002954
2026-09-22 14:06:24,SPX,7768.63,7730.01,7705.0,251,173,0.1143,0.002954
2026-09-22 14:06:24,SPX,7768.63,7730.01,7835.0,189,6,0.1039,0.002954
2026-09-22 14:06:24,SPX,7768.63,7730.01,7700.0,655,1484,0.1167,0.002954
2026-09-22 14:06:24,SPX,7768.63,7730.01,7840.0,695,13,0.1056,0.002954
2026-09-22 14:06:24,SPX,7768.63,7730.01,7695.0,997,305,0.1189,0.002954
2026-09-22 14:06:24,SPX,7768.63,7730.01,7845.0,593,0,0.1071,0.002954
2026-09-22 14:06:24,SPX,7768.63,7730.01,7690.0,514,437,0.1219,0.002954
2026-09-22 14:06:24,SPX,7768.63,7730.01,7850.0,4935,13,0.1086,0.002954
2026-09-22 14:06:24,SPX,7768.63,7730.01,7685.0,646,152,0.1242,0.002954
2026-09-22 14:06:24,SPX,7768.63,7730.01,7855.0,178,0,0.1101,0.002954
2026-09-22 14:06:24,SPX,7768.63,7730.01,7680.0,396,311,0.1259,0.002954
2026-09-22 14:06:24,SPX,7768.63,7730.01,7860.0,492,1,0.1117,0.002954
2026-09-22 14:06:24,SPX,7768.63,7730.01,7675.0,293,990,0.1287,0.002954
2026-09-22 14:06:24,SPX,7768.63,7730.01,7865.0,447,0,0.1135,0.002954
2026-09-22 14:06:24,SPX,7768.63,7730.01,7670.0,979,549,0.1326,0.002954
2026-09-22 14:06:24,SPX,7768.63,7730.01,7870.0,699,1,0.1155,0.002954
2026-09-22 14:06:24,SPX,7768.63,7730.01,7665.0,482,267,0.1361,0.002954
2026-09-22 14:06:24,SPX,7768.63,7730.01,7875.0,786,6,0.1177,0.002954
2026-09-22 14:06:24,SPX,7768.63,7730.01,7660.0,237,319,0.1382,0.002954
2026-09-22 14:06:24,SPX,7768.63,7730.01,7880.0,906,1,0.1201,0.002954
2026-09-22 14:06:24,SPX,7768.63,7730.01,7655.0,919,230,0.1401,0.002954
2026-09-22 14:06:24,SPX,7768.63,7730.01,7650.0,807,864,0.1431,0.002954
2026-09-22 14:06:24,SPX,7768.63,7730.01,7890.0,516,0,0.1251,0.002954
2026-09-22 14:06:24,SPX,7768.63,7730.01,7645.0,566,304,0.1478,0.002954
2026-09-22 14:06:24,SPX,7768.63,7730.01,7640.0,195,605,0.1524,0.002954
2026-09-22 14:06:24,SPX,7768.63,7730.01,7900.0,1910,9,0.1299,0.002954
2026-09-22 14:06:24,SPX,7768.63,7730.01,7635.0,418,782,0.1549,0.002954
2026-09-22 14:06:24,SPX,7768.63,7730.01,7630.0,505,555,0.1575,0.002954
2026-09-22 14:06:24,SPX,7768.63,7730.01,7910.0,660,1,0.1349,0.002954
2026-09-22 14:06:24,SPX,7768.63,7730.01,7625.0,518,954,0.1597,0.002954
2026-09-22 14:06:24,SPX,7768.63,7730.01,7620.0,148,460,0.1623,0.002954
2026-09-22 14:06:24,SPX,7768.63,7730.01,7920.0,423,0,0.1405,0.002954
2026-09-22 14:06:24,SPX,7768.63,7730.01,7615.0,113,599,0.1659,0.002954
2026-09-22 14:06:24,SPX,7768.63,7730.01,7925.0,743,4,0.1437,0.002954
2026-09-22 14:06:24,SPX,7768.63,7730.01,7610.0,143,1634,0.1702,0.002954
2026-09-22 14:06:24,SPX,7768.63,7730.01,7930.0,394,0,0.1471,0.002954
2026-09-22 14:06:24,SPX,7768.63,7730.01,7605.0,274,165,0.1747,0.002954
2026-09-22 14:06:24,SPX,7768.63,7730.01,7600.0,321,779,0.1792,0.002954
2026-09-22 14:06:24,SPX,7768.63,7730.01,7940.0,93,0,0.1542,0.002954
2026-09-22 14:06:24,SPX,7768.63,7730.01,7595.0,85,238,0.1838,0.002954
2026-09-22 14:06:24,SPX,7768.63,7730.01,7590.0,98,205,0.1883,0.002954
2026-09-22 14:06:24,SPX,7768.63,7730.01,7950.0,1159,0,0.1616,0.002954
2026-09-22 14:06:24,SPX,7768.63,7730.01,7585.0,88,1292,0.1925,0.002954
2026-09-22 14:06:24,SPX,7768.63,7730.01,7580.0,58,548,0.1965,0.002954
2026-09-22 14:06:24,SPX,7768.63,7730.01,7575.0,83,1444,0.2002,0.002954
2026-09-22 14:06:24,SPX,7768.63,7730.01,7570.0,37,298,0.2037,0.002954
2026-09-22 14:06:24,SPX,7768.63,7730.01,7565.0,39,198,0.207,0.002954
2026-09-22 14:06:24,SPX,7768.63,7730.01,7975.0,383,0,0.1791,0.002954
2026-09-22 14:06:24,SPX,7768.63,7730.01,7560.0,53,477,0.2103,0.002954
2026-09-22 14:06:24,SPX,7768.63,7730.01,7555.0,31,621,0.2136,0.002954
2026-09-22 14:06:24,SPX,7768.63,7730.01,7550.0,52,1978,0.2169,0.002954
2026-09-22 14:06:24,SPX,7768.63,7730.01,7545.0,21,720,0.2202,0.002954
2026-09-22 14:06:24,SPX,7768.63,7730.01,7540.0,53,534,0.2236,0.002954
2026-09-22 14:06:24,SPX,7768.63,7730.01,8000.0,3883,0,0.183,0.002954
2026-09-22 14:06:24,SPX,7768.63,7730.01,7535.0,37,410,0.227,0.002954
2026-09-22 14:06:24,SPX,7768.63,7730.01,7530.0,50,220,0.2305,0.002954
2026-09-22 14:06:24,SPX,7768.63,7730.01,7525.0,20,208,0.234,0.002954
2026-09-22 14:06:24,SPX,7768.63,7730.01,7520.0,9,207,0.2375,0.002954
2026-09-22 14:06:24,SPX,7768.63,7730.01,7770.0,720,189,0.0975,0.005692
2026-09-22 14:06:24,SPX,7768.63,7730.01,7765.0,367,0,0.0982,0.005692
2026-09-22 14:06:24,SPX,7768.63,7730.01,7775.0,1819,99,0.097,0.005692
2026-09-22 14:06:24,SPX,7768.63,7730.01,7760.0,448,129,0.0988,0.005692
2026-09-22 14:06:24,SPX,7768.63,7730.01,7780.0,1870,56,0.0968,0.005692
2026-09-22 14:06:24,SPX,7768.63,7730.01,7755.0,341,67,0.0995,0.005692
2026-09-22 14:06:24,SPX,7768.63,7730.01,7785.0,506,20,0.0965,0.005692
2026-09-22 14:06:24,SPX,7768.63,7730.01,7750.0,824,249,0.1004,0.005692
2026-09-22 14:06:24,SPX,7768.63,7730.01,7790.0,394,60,0.0964,0.005692
2026-09-22 14:06:24,SPX,7768.63,7730.01,7745.0,369,91,0.1015,0.005692
2026-09-22 14:06:24,SPX,7768.63,7730.01,7795.0,477,24,0.0967,0.005692
2026-09-22 14:06:24,SPX,7768.63,7730.01,7740.0,357,158,0.1024,0.005692
2026-09-22 14:06:24,SPX,7768.63,7730.01,7800.0,1415,334,0.0967,0.005692
2026-09-22 14:06:24,SPX,7768.63,7730.01,7735.0,155,76,0.1046,0.005692
2026-09-22 14:06:24,SPX,7768.63,7730.01,7805.0,658,15,0.0964,0.005692
2026-09-22 14:06:24,SPX,7768.63,7730.01,7730.0,438,104,0.1053,0.005692
2026-09-22 14:06:24,SPX,7768.63,7730.01,7810.0,760,29,0.0962,0.005692
2026-09-22 14:06:24,SPX,7768.63,7730.01,7725.0,264,285,0.1061,0.005692
2026-09-22 14:06:24,SPX,7768.63,7730.01,7815.0,569,4,0.0961,0.005692
2026-09-22 14:06:24,SPX,7768.63,7730.01,7720.0,1122,245,0.1079,0.005692
2026-09-22 14:06:24,SPX,7768.63,7730.01,7820.0,738,6,0.0961,0.005692
2026-09-22 14:06:24,SPX,7768.63,7730.01,7715.0,204,210,0.1091,0.005692
2026-09-22 14:06:24,SPX,7768.63,7730.01,7825.0,973,15,0.0965,0.005692
2026-09-22 14:06:24,SPX,7768.63,7730.01,7710.0,2167,568,0.1113,0.005692
2026-09-22 14:06:24,SPX,7768.63,7730.01,7830.0,1013,12,0.0971,0.005692
2026-09-22 14:06:24,SPX,7768.63,7730.01,7705.0,167,162,0.1135,0.005692
2026-09-22 14:06:24,SPX,7768.63,7730.01,7835.0,277,0,0.0979,0.005692
2026-09-22 14:06:24,SPX,7768.63,7730.01,7700.0,1155,1234,0.115,0.005692
2026-09-22 14:06:24,SPX,7768.63,7730.01,7840.0,683,12,0.0986,0.005692
2026-09-22 14:06:24,SPX,7768.63,7730.01,7695.0,1053,99,0.1161,0.005692
2026-09-22 14:06:24,SPX,7768.63,7730.01,7845.0,85,0,0.0993,0.005692
2026-09-22 14:06:24,SPX,7768.63,7730.01,7690.0,278,208,0.1184,0.005692
2026-09-22 14:06:24,SPX,7768.63,7730.01,7850.0,967,14,0.0999,0.005692
2026-09-22 14:06:24,SPX,7768.63,7730.01,7685.0,2029,141,0.1206,0.005692
2026-09-22 14:06:24,SPX,7768.63,7730.01,7855.0,226,0,0.1005,0.005692
2026-09-22 14:06:24,SPX,7768.63,7730.01,7680.0,102,211,0.1222,0.005692
2026-09-22 14:06:24,SPX,7768.63,7730.01,7860.0,763,1,0.1011,0.005692
2026-09-22 14:06:24,SPX,7768.63,7730.01,7675.0,574,1425,0.1238,0.005692
2026-09-22 14:06:24,SPX,7768.63,7730.01,7865.0,235,0,0.1018,0.005692
2026-09-22 14:06:24,SPX,7768.63,7730.01,7670.0,168,200,0.1254,0.005692
2026-09-22 14:06:24,SPX,7768.63,7730.01,7870.0,718,0,0.1026,0.005692
2026-09-22 14:06:24,SPX,7768.63,7730.01,7665.0,102,2052,0.1272,0.005692
2026-09-22 14:06:24,SPX,7768.63,7730.01,7875.0,836,4,0.1035,0.005692
2026-09-22 14:06:24,SPX,7768.63,7730.01,7660.0,282,302,0.1295,0.005692
2026-09-22 14:06:24,SPX,7768.63,7730.01,7880.0,535,10,0.1045,0.005692
2026-09-22 14:06:24,SPX,7768.63,7730.01,7655.0,320,166,0.132,0.005692
2026-09-22 14:06:24,SPX,7768.63,7730.01,7650.0,345,1352,0.1344,0.005692
2026-09-22 14:06:24,SPX,7768.63,7730.01,7890.0,602,0,0.1069,0.005692
2026-09-22 14:06:24,SPX,7768.63,7730.01,7645.0,569,176,0.1368,0.005692
2026-09-22 14:06:24,SPX,7768.63,7730.01,7640.0,182,2151,0.139,0.005692
2026-09-22 14:06:24,SPX,7768.63,7730.01,7900.0,565,36,0.11,0.005692
2026-09-22 14:06:24,SPX,7768.63,7730.01,7635.0,91,209,0.141,0.005692
2026-09-22 14:06:24,SPX,7768.63,7730.01,7630.0,84,377,0.1429,0.005692
2026-09-22 14:06:24,SPX,7768.63,7730.01,7910.0,252,0,0.1136,0.005692
2026-09-22 14:06:24,SPX,7768.63,7730.01,7625.0,133,403,0.1446,0.005692
2026-09-22 14:06:24,SPX,7768.63,7730.01,7620.0,84,285,0.1465,0.005692
2026-09-22 14:06:24,SPX,7768.63,7730.01,7920.0,265,0,0.1176,0.005692
2026-09-22 14:06:24,SPX,7768.63,7730.01,7615.0,258,145,0.1487,0.005692
2026-09-22 14:06:24,SPX,7768.63,7730.01,7925.0,331,0,0.1197,0.005692
2026-09-22 14:06:24,SPX,7768.63,7730.01,7610.0,247,1415,0.1511,0.005692
2026-09-22 14:06:24,SPX,7768.63,7730.01,7930.0,214,0,0.1218,0.005692
2026-09-22 14:06:24,SPX,7768.63,7730.01,7605.0,74,170,0.1538,0.005692
2026-09-22 14:06:24,SPX,7768.63,7730.01,7600.0,147,950,0.1566,0.005692
2026-09-22 14:06:24,SPX,7768.63,7730.01,7940.0,132,0,0.1261,0.005692
2026-09-22 14:06:24,SPX,7768.63,7730.01,7595.0,474,143,0.1594,0.005692
2026-09-22 14:06:24,SPX,7768.63,7730.01,7590.0,105,248,0.1621,0.005692
2026-09-22 14:06:24,SPX,7768.63,7730.01,7950.0,396,2,0.1304,0.005692
2026-09-22 14:06:24,SPX,7768.63,7730.01,7585.0,55,1326,0.1648,0.005692
2026-09-22 14:06:24,SPX,7768.63,7730.01,7580.0,38,298,0.1674,0.005692
2026-09-22 14:06:24,SPX,7768.63,7730.01,7575.0,39,752,0.1699,0.005692
2026-09-22 14:06:24,SPX,7768.63,7730.01,7570.0,22,185,0.1723,0.005692
2026-09-22 14:06:24,SPX,7768.63,7730.01,7565.0,23,199,0.1747,0.005692
2026-09-22 14:06:24,SPX,7768.63,7730.01,7975.0,307,0,0.1405,0.005692
2026-09-22 14:06:24,SPX,7768.63,7730.01,7560.0,47,233,0.177,0.005692
2026-09-22 14:06:24,SPX,7768.63,7730.01,7555.0,15,332,0.1794,0.005692
2026-09-22 14:06:24,SPX,7768.63,7730.01,7550.0,46,1142,0.1817,0.005692
2026-09-22 14:06:24,SPX,7768.63,7730.01,7545.0,10,326,0.184,0.005692
2026-09-22 14:06:24,SPX,7768.63,7730.01,7540.0,23,527,0.1864,0.005692
2026-09-22 14:06:24,SPX,7768.63,7730.01,8000.0,400,1,0.1498,0.005692
2026-09-22 14:06:24,SPX,7768.63,7730.01,7535.0,14,101,0.1888,0.005692
2026-09-22 14:06:24,SPX,7768.63,7730.01,7530.0,33,328,0.1913,0.005692
2026-09-22 14:06:24,SPX,7768.63,7730.01,7525.0,19,744,0.1938,0.005692
2026-09-22 14:06:24,SPX,7768.63,7730.01,7520.0,118,295,0.1963,0.005692
2026-09-22 14:36:48,SPX,7770.63,7728.8,7770.0,2485,1128,0.0986,0.000158
2026-09-22 14:36:48,SPX,7770.63,7728.8,7775.0,2833,1241,0.1006,0.000158
2026-09-22 14:36:48,SPX,7770.63,7728.8,7765.0,1982,1228,0.1001,0.000158
2026-09-22 14:36:48,SPX,7770.63,7728.8,7780.0,2649,445,0.1079,0.000158
2026-09-22 14:36:48,SPX,7770.63,7728.8,7760.0,2731,1718,0.1057,0.000158
2026-09-22 14:36:48,SPX,7770.63,7728.8,7785.0,3266,231,0.15,0.000158
2026-09-22 14:36:48,SPX,7770.63,7728.8,7755.0,3251,2583,0.1156,0.000158
2026-09-22 14:36:48,SPX,7770.63,7728.8,7790.0,1981,97,0.15,0.000158
2026-09-22 14:36:48,SPX,7770.63,7728.8,7750.0,3440,3037,0.15,0.000158
2026-09-22 14:36:48,SPX,7770.63,7728.8,7795.0,1650,55,0.1367,0.000158
2026-09-22 14:36:48,SPX,7770.63,7728.8,7745.0,1426,1328,0.15,0.000158
2026-09-22 14:36:48,SPX,7770.63,7728.8,7800.0,5076,863,0.15,0.000158
2026-09-22 14:36:48,SPX,7770.63,7728.8,7740.0,1382,1226,0.15,0.000158
2026-09-22 14:36:48,SPX,7770.63,7728.8,7805.0,2183,35,0.15,0.000158
2026-09-22 14:36:48,SPX,7770.63,7728.8,7730.0,0,2214,0.201,0.000158
2026-09-22 14:36:48,SPX,7770.63,7728.8,7815.0,0,23,0.1996,0.000158
2026-09-22 14:36:48,SPX,7770.63,7728.8,7825.0,0,52,0.2281,0.000158
2026-09-22 14:36:48,SPX,7770.63,7728.8,7715.0,0,2345,0.2546,0.000158
2026-09-22 14:36:48,SPX,7770.63,7728.8,7830.0,4963,20,0.2449,0.000158
2026-09-22 14:36:48,SPX,7770.63,7728.8,7710.0,979,1820,0.2686,0.000158
2026-09-22 14:36:48,SPX,7770.63,7728.8,7835.0,1838,52,0.2623,0.000158
2026-09-22 14:36:48,SPX,7770.63,7728.8,7705.0,704,1134,0.2846,0.000158
2026-09-22 14:36:48,SPX,7770.63,7728.8,7840.0,3824,109,0.2792,0.000158
2026-09-22 14:36:48,SPX,7770.63,7728.8,7700.0,2040,4059,0.3027,0.000158
2026-09-22 14:36:48,SPX,7770.63,7728.8,7845.0,10236,54,0.2949,0.000158
2026-09-22 14:36:48,SPX,7770.63,7728.8,7695.0,1439,1760,0.3217,0.000158
2026-09-22 14:36:48,SPX,7770.63,7728.8,7850.0,3139,31,0.3094,0.000158
2026-09-22 14:36:48,SPX,7770.63,7728.8,7690.0,724,3112,0.3405,0.000158
2026-09-22 14:36:48,SPX,7770.63,7728.8,7855.0,753,5,0.3226,0.000158
2026-09-22 14:36:48,SPX,7770.63,7728.8,7685.0,652,1629,0.3586,0.000158
2026-09-22 14:36:48,SPX,7770.63,7728.8,7860.0,1311,3,0.3342,0.000158
2026-09-22 14:36:48,SPX,7770.63,7728.8,7680.0,821,2619,0.3761,0.000158
2026-09-22 14:36:48,SPX,7770.63,7728.8,7865.0,694,2,0.3433,0.000158
2026-09-22 14:36:48,SPX,7770.63,7728.8,7675.0,2412,2710,0.3933,0.000158
2026-09-22 14:36:48,SPX,7770.63,7728.8,7870.0,1017,6,0.3511,0.000158
2026-09-22 14:36:48,SPX,7770.63,7728.8,7670.0,1117,2509,0.4101,0.000158
2026-09-22 14:36:48,SPX,7770.63,7728.8,7875.0,1282,9,0.3574,0.000158
2026-09-22 14:36:48,SPX,7770.63,7728.8,7665.0,430,1391,0.4265,0.000158
2026-09-22 14:36:48,SPX,7770.63,7728.8,7880.0,1013,6,0.3627,0.000158
2026-09-22 14:36:48,SPX,7770.63,7728.8,7660.0,376,1218,0.4409,0.000158
2026-09-22 14:36:48,SPX,7770.63,7728.8,7655.0,366,746,0.4544,0.000158
2026-09-22 14:36:48,SPX,7770.63,7728.8,7890.0,3186,16,0.3705,0.000158
2026-09-22 14:36:48,SPX,7770.63,7728.8,7650.0,2504,3021,0.4671,0.000158
2026-09-22 14:36:48,SPX,7770.63,7728.8,7645.0,273,1904,0.4791,0.000158
2026-09-22 14:36:48,SPX,7770.63,7728.8,7900.0,8066,17,0.3754,0.000158
2026-09-22 14:36:48,SPX,7770.63,7728.8,7640.0,947,2728,0.4903,0.000158
2026-09-22 14:36:48,SPX,7770.63,7728.8,7635.0,208,570,0.5007,0.000158
2026-09-22 14:36:48,SPX,7770.63,7728.8,7910.0,1349,5,0.3779,0.000158
2026-09-22 14:36:48,SPX,7770.63,7728.8,7630.0,703,774,0.51,0.000158
2026-09-22 14:36:48,SPX,7770.63,7728.8,7625.0,592,1278,0.5182,0.000158
2026-09-22 14:36:48,SPX,7770.63,7728.8,7920.0,815,1,0.3787,0.000158
2026-09-22 14:36:48,SPX,7770.63,7728.8,7620.0,219,2535,0.5255,0.000158
2026-09-22 14:36:48,SPX,7770.63,7728.8,7925.0,797,5,0.3786,0.000158
2026-09-22 14:36:48,SPX,7770.63,7728.8,7615.0,140,1964,0.533,0.000158
2026-09-22 14:36:48,SPX,7770.63,7728.8,7930.0,381,2,0.3782,0.000158
2026-09-22 14:36:48,SPX,7770.63,7728.8,7610.0,140,761,0.5441,0.000158
2026-09-22 14:36:48,SPX,7770.63,7728.8,7605.0,136,340,0.5533,0.000158
2026-09-22 14:36:48,SPX,7770.63,7728.8,7940.0,394,0,0.3769,0.000158
2026-09-22 14:36:48,SPX,7770.63,7728.8,7600.0,372,2640,0.5581,0.000158
2026-09-22 14:36:48,SPX,7770.63,7728.8,7595.0,90,433,0.5604,0.000158
2026-09-22 14:36:48,SPX,7770.63,7728.8,7950.0,1020,7,0.3751,0.000158
2026-09-22 14:36:48,SPX,7770.63,7728.8,7590.0,65,1102,0.5632,0.000158
2026-09-22 14:36:48,SPX,7770.63,7728.8,7585.0,227,3415,0.5659,0.000158
2026-09-22 14:36:48,SPX,7770.63,7728.8,7580.0,380,809,0.5685,0.000158
2026-09-22 14:36:48,SPX,7770.63,7728.8,7575.0,60,2654,0.5706,0.000158
2026-09-22 14:36:48,SPX,7770.63,7728.8,7570.0,88,1268,0.5723,0.000158
2026-09-22 14:36:48,SPX,7770.63,7728.8,7975.0,1063,2,0.3696,0.000158
2026-09-22 14:36:48,SPX,7770.63,7728.8,7565.0,35,301,0.574,0.000158
2026-09-22 14:36:48,SPX,7770.63,7728.8,7560.0,49,1053,0.5751,0.000158
2026-09-22 14:36:48,SPX,7770.63,7728.8,7555.0,56,279,0.574,0.000158
2026-09-22 14:36:48,SPX,7770.63,7728.8,7550.0,100,2792,0.5708,0.000158
2026-09-22 14:36:48,SPX,7770.63,7728.8,7545.0,30,407,0.5659,0.000158
2026-09-22 14:36:48,SPX,7770.63,7728.8,8000.0,5045,0,0.3641,0.000158
2026-09-22 14:36:48,SPX,7770.63,7728.8,7540.0,47,617,0.5601,0.000158
2026-09-22 14:36:48,SPX,7770.63,7728.8,7535.0,23,259,0.5571,0.000158
2026-09-22 14:36:48,SPX,7770.63,7728.8,7530.0,21,508,0.5535,0.000158
2026-09-22 14:36:48,SPX,7770.63,7728.8,7525.0,57,807,0.5493,0.000158
2026-09-22 14:36:48,SPX,7770.63,7728.8,7770.0,1547,428,0.0963,0.002896
2026-09-22 14:36:48,SPX,7770.63,7728.8,7775.0,2933,185,0.0957,0.002896
2026-09-22 14:36:48,SPX,7770.63,7728.8,7765.0,1175,462,0.0963,0.002896
2026-09-22 14:36:48,SPX,7770.63,7728.8,7780.0,2384,152,0.0964,0.002896
2026-09-22 14:36:48,SPX,7770.63,7728.8,7760.0,1343,260,0.0965,0.002896
2026-09-22 14:36:48,SPX,7770.63,7728.8,7785.0,1581,160,0.0959,0.002896
2026-09-22 14:36:48,SPX,7770.63,7728.8,7755.0,687,204,0.0979,0.002896
2026-09-22 14:36:48,SPX,7770.63,7728.8,7790.0,2434,70,0.0962,0.002896
2026-09-22 14:36:48,SPX,7770.63,7728.8,7750.0,2249,2247,0.0985,0.002896
2026-09-22 14:36:48,SPX,7770.63,7728.8,7795.0,1050,103,0.0967,0.002896
2026-09-22 14:36:48,SPX,7770.63,7728.8,7745.0,1434,293,0.0993,0.002896
2026-09-22 14:36:48,SPX,7770.63,7728.8,7800.0,2239,774,0.0967,0.002896
2026-09-22 14:36:48,SPX,7770.63,7728.8,7740.0,482,371,0.0999,0.002896
2026-09-22 14:36:48,SPX,7770.63,7728.8,7805.0,678,108,0.0973,0.002896
2026-09-22 14:36:48,SPX,7770.63,7728.8,7735.0,1239,228,0.1021,0.002896
2026-09-22 14:36:48,SPX,7770.63,7728.8,7810.0,883,9,0.0981,0.002896
2026-09-22 14:36:48,SPX,7770.63,7728.8,7730.0,813,625,0.1024,0.002896
2026-09-22 14:36:48,SPX,7770.63,7728.8,7815.0,758,9,0.0989,0.002896
2026-09-22 14:36:48,SPX,7770.63,7728.8,7725.0,1367,564,0.105,0.002896
2026-09-22 14:36:48,SPX,7770.63,7728.8,7820.0,823,15,0.1,0.002896
2026-09-22 14:36:48,SPX,7770.63,7728.8,7720.0,679,709,0.1071,0.002896
2026-09-22 14:36:48,SPX,7770.63,7728.8,7825.0,676,6,0.1015,0.002896
2026-09-22 14:36:48,SPX,7770.63,7728.8,7715.0,452,393,0.1082,0.002896
2026-09-22 14:36:48,SPX,7770.63,7728.8,7830.0,457,20,0.1032,0.002896
2026-09-22 14:36:48,SPX,7770.63,7728.8,7710.0,425,329,0.1101,0.002896
2026-09-22 14:36:48,SPX,7770.63,7728.8,7835.0,189,6,0.1048,0.002896
2026-09-22 14:36:48,SPX,7770.63,7728.8,7705.0,251,173,0.1136,0.002896
2026-09-22 14:36:48,SPX,7770.63,7728.8,7840.0,695,13,0.1063,0.002896
2026-09-22 14:36:48,SPX,7770.63,7728.8,7700.0,655,1484,0.1155,0.002896
2026-09-22 14:36:48,SPX,7770.63,7728.8,7845.0,593,0,0.1077,0.002896
2026-09-22 14:36:48,SPX,7770.63,7728.8,7695.0,997,305,0.1175,0.002896
2026-09-22 14:36:48,SPX,7770.63,7728.8,7850.0,4935,13,0.1091,0.002896
2026-09-22 14:36:48,SPX,7770.63,7728.8,7690.0,514,437,0.1201,0.002896
2026-09-22 14:36:48,SPX,7770.63,7728.8,7855.0,178,0,0.1107,0.002896
2026-09-22 14:36:48,SPX,7770.63,7728.8,7685.0,646,152,0.1236,0.002896
2026-09-22 14:36:48,SPX,7770.63,7728.8,7860.0,492,1,0.1123,0.002896
2026-09-22 14:36:48,SPX,7770.63,7728.8,7680.0,396,311,0.1259,0.002896
2026-09-22 14:36:48,SPX,7770.63,7728.8,7865.0,447,0,0.1141,0.002896
2026-09-22 14:36:48,SPX,7770.63,7728.8,7675.0,293,990,0.1281,0.002896
2026-09-22 14:36:48,SPX,7770.63,7728.8,7870.0,699,1,0.1161,0.002896
2026-09-22 14:36:48,SPX,7770.63,7728.8,7670.0,979,549,0.1311,0.002896
2026-09-22 14:36:48,SPX,7770.63,7728.8,7875.0,786,6,0.1183,0.002896
2026-09-22 14:36:48,SPX,7770.63,7728.8,7665.0,482,267,0.1342,0.002896
2026-09-22 14:36:48,SPX,7770.63,7728.8,7880.0,906,1,0.1208,0.002896
2026-09-22 14:36:48,SPX,7770.63,7728.8,7660.0,237,319,0.1367,0.002896
2026-09-22 14:36:48,SPX,7770.63,7728.8,7655.0,919,230,0.1393,0.002896
2026-09-22 14:36:48,SPX,7770.63,7728.8,7890.0,516,0,0.1262,0.002896
2026-09-22 14:36:48,SPX,7770.63,7728.8,7650.0,807,864,0.143,0.002896
2026-09-22 14:36:48,SPX,7770.63,7728.8,7645.0,566,304,0.1476,0.002896
2026-09-22 14:36:48,SPX,7770.63,7728.8,7900.0,1910,9,0.1318,0.002896
2026-09-22 14:36:48,SPX,7770.63,7728.8,7640.0,195,605,0.1519,0.002896
2026-09-22 14:36:48,SPX,7770.63,7728.8,7635.0,418,782,0.1549,0.002896
2026-09-22 14:36:48,SPX,7770.63,7728.8,7910.0,660,1,0.137,0.002896
2026-09-22 14:36:48,SPX,7770.63,7728.8,7630.0,505,555,0.1588,0.002896
2026-09-22 14:36:48,SPX,7770.63,7728.8,7625.0,518,954,0.1613,0.002896
2026-09-22 14:36:48,SPX,7770.63,7728.8,7920.0,423,0,0.1422,0.002896
2026-09-22 14:36:48,SPX,7770.63,7728.8,7620.0,148,460,0.1637,0.002896
2026-09-22 14:36:48,SPX,7770.63,7728.8,7925.0,743,4,0.145,0.002896
2026-09-22 14:36:48,SPX,7770.63,7728.8,7615.0,113,599,0.1669,0.002896
2026-09-22 14:36:48,SPX,7770.63,7728.8,7930.0,394,0,0.148,0.002896
2026-09-22 14:36:48,SPX,7770.63,7728.8,7610.0,143,1634,0.1705,0.002896
2026-09-22 14:36:48,SPX,7770.63,7728.8,7605.0,274,165,0.1742,0.002896
2026-09-22 14:36:48,SPX,7770.63,7728.8,7940.0,93,0,0.1548,0.002896
2026-09-22 14:36:48,SPX,7770.63,7728.8,7600.0,321,779,0.1778,0.002896
2026-09-22 14:36:48,SPX,7770.63,7728.8,7595.0,85,238,0.1814,0.002896
2026-09-22 14:36:48,SPX,7770.63,7728.8,7950.0,1159,0,0.1623,0.002896
2026-09-22 14:36:48,SPX,7770.63,7728.8,7590.0,98,205,0.1853,0.002896
2026-09-22 14:36:48,SPX,7770.63,7728.8,7585.0,88,1292,0.1895,0.002896
2026-09-22 14:36:48,SPX,7770.63,7728.8,7580.0,58,548,0.1937,0.002896
2026-09-22 14:36:48,SPX,7770.63,7728.8,7575.0,83,1444,0.1979,0.002896
2026-09-22 14:36:48,SPX,7770.63,7728.8,7570.0,37,298,0.2019,0.002896
2026-09-22 14:36:48,SPX,7770.63,7728.8,7975.0,383,0,0.1816,0.002896
2026-09-22 14:36:48,SPX,7770.63,7728.8,7565.0,39,198,0.2058,0.002896
2026-09-22 14:36:48,SPX,7770.63,7728.8,7560.0,53,477,0.2094,0.002896
2026-09-22 14:36:48,SPX,7770.63,7728.8,7555.0,31,621,0.213,0.002896
2026-09-22 14:36:48,SPX,7770.63,7728.8,7550.0,52,1978,0.2165,0.002896
2026-09-22 14:36:48,SPX,7770.63,7728.8,7545.0,21,720,0.2201,0.002896
2026-09-22 14:36:48,SPX,7770.63,7728.8,8000.0,3883,0,0.1884,0.002896
2026-09-22 14:36:48,SPX,7770.63,7728.8,7540.0,53,534,0.2237,0.002896
2026-09-22 14:36:48,SPX,7770.63,7728.8,7535.0,37,410,0.2274,0.002896
2026-09-22 14:36:48,SPX,7770.63,7728.8,7530.0,50,220,0.2311,0.002896
2026-09-22 14:36:48,SPX,7770.63,7728.8,7525.0,20,208,0.2347,0.002896
2026-09-22 14:36:48,SPX,7770.63,7728.8,7770.0,720,189,0.098,0.005634
2026-09-22 14:36:48,SPX,7770.63,7728.8,7775.0,1819,99,0.0975,0.005634
2026-09-22 14:36:48,SPX,7770.63,7728.8,7765.0,367,109,0.0987,0.005634
2026-09-22 14:36:48,SPX,7770.63,7728.8,7780.0,1870,56,0.0972,0.005634
2026-09-22 14:36:48,SPX,7770.63,7728.8,7760.0,448,129,0.0988,0.005634
2026-09-22 14:36:48,SPX,7770.63,7728.8,7785.0,506,20,0.0967,0.005634
2026-09-22 14:36:48,SPX,7770.63,7728.8,7755.0,341,67,0.0996,0.005634
2026-09-22 14:36:48,SPX,7770.63,7728.8,7790.0,394,60,0.0967,0.005634
2026-09-22 14:36:48,SPX,7770.63,7728.8,7750.0,824,249,0.1005,0.005634
2026-09-22 14:36:48,SPX,7770.63,7728.8,7795.0,477,24,0.0966,0.005634
2026-09-22 14:36:48,SPX,7770.63,7728.8,7745.0,369,91,0.1013,0.005634
2026-09-22 14:36:48,SPX,7770.63,7728.8,7800.0,1415,334,0.0965,0.005634
2026-09-22 14:36:48,SPX,7770.63,7728.8,7740.0,357,158,0.1024,0.005634
2026-09-22 14:36:48,SPX,7770.63,7728.8,7805.0,658,15,0.0962,0.005634
2026-09-22 14:36:48,SPX,7770.63,7728.8,7735.0,155,76,0.1042,0.005634
2026-09-22 14:36:48,SPX,7770.63,7728.8,7810.0,760,29,0.0959,0.005634
2026-09-22 14:36:48,SPX,7770.63,7728.8,7730.0,438,104,0.1045,0.005634
2026-09-22 14:36:48,SPX,7770.63,7728.8,7815.0,569,4,0.096,0.005634
2026-09-22 14:36:48,SPX,7770.63,7728.8,7725.0,264,285,0.1057,0.005634
2026-09-22 14:36:48,SPX,7770.63,7728.8,7820.0,738,6,0.0963,0.005634
2026-09-22 14:36:48,SPX,7770.63,7728.8,7720.0,1122,245,0.1069,0.005634
2026-09-22 14:36:48,SPX,7770.63,7728.8,7825.0,973,15,0.0967,0.005634
2026-09-22 14:36:48,SPX,7770.63,7728.8,7715.0,204,210,0.1082,0.005634
2026-09-22 14:36:48,SPX,7770.63,7728.8,7830.0,1013,12,0.0973,0.005634
2026-09-22 14:36:48,SPX,7770.63,7728.8,7710.0,2167,568,0.1095,0.005634
2026-09-22 14:36:48,SPX,7770.63,7728.8,7835.0,277,0,0.0979,0.005634
2026-09-22 14:36:48,SPX,7770.63,7728.8,7705.0,167,162,0.1111,0.005634
2026-09-22 14:36:48,SPX,7770.63,7728.8,7840.0,683,12,0.0985,0.005634
2026-09-22 14:36:48,SPX,7770.63,7728.8,7700.0,1155,1234,0.1134,0.005634
2026-09-22 14:36:48,SPX,7770.63,7728.8,7845.0,85,0,0.0991,0.005634
2026-09-22 14:36:48,SPX,7770.63,7728.8,7695.0,1053,99,0.1158,0.005634
2026-09-22 14:36:48,SPX,7770.63,7728.8,7850.0,967,14,0.0997,0.005634
2026-09-22 14:36:48,SPX,7770.63,7728.8,7690.0,278,208,0.1172,0.005634
2026-09-22 14:36:48,SPX,7770.63,7728.8,7855.0,226,0,0.1003,0.005634
2026-09-22 14:36:48,SPX,7770.63,7728.8,7685.0,2029,141,0.1181,0.005634
2026-09-22 14:36:48,SPX,7770.63,7728.8,7860.0,763,1,0.101,0.005634
2026-09-22 14:36:48,SPX,7770.63,7728.8,7680.0,102,211,0.1199,0.005634
2026-09-22 14:36:48,SPX,7770.63,7728.8,7865.0,235,0,0.1018,0.005634
2026-09-22 14:36:48,SPX,7770.63,7728.8,7675.0,574,1425,0.1223,0.005634
2026-09-22 14:36:48,SPX,7770.63,7728.8,7870.0,718,0,0.1027,0.005634
2026-09-22 14:36:48,SPX,7770.63,7728.8,7670.0,168,200,0.1248,0.005634
2026-09-22 14:36:48,SPX,7770.63,7728.8,7875.0,836,4,0.1037,0.005634
2026-09-22 14:36:48,SPX,7770.63,7728.8,7665.0,102,2052,0.1265,0.005634
2026-09-22 14:36:48,SPX,7770.63,7728.8,7880.0,535,10,0.1049,0.005634
2026-09-22 14:36:48,SPX,7770.63,7728.8,7660.0,282,302,0.128,0.005634
2026-09-22 14:36:48,SPX,7770.63,7728.8,7655.0,320,166,0.1299,0.005634
2026-09-22 14:36:48,SPX,7770.63,7728.8,7890.0,602,0,0.1077,0.005634
2026-09-22 14:36:48,SPX,7770.63,7728.8,7650.0,345,1352,0.1326,0.005634
2026-09-22 14:36:48,SPX,7770.63,7728.8,7645.0,569,176,0.1353,0.005634
2026-09-22 14:36:48,SPX,7770.63,7728.8,7900.0,565,36,0.1111,0.005634
2026-09-22 14:36:48,SPX,7770.63,7728.8,7640.0,182,2151,0.1379,0.005634
2026-09-22 14:36:48,SPX,7770.63,7728.8,7635.0,91,209,0.14,0.005634
2026-09-22 14:36:48,SPX,7770.63,7728.8,7910.0,252,0,0.1149,0.005634
2026-09-22 14:36:48,SPX,7770.63,7728.8,7630.0,84,377,0.142,0.005634
2026-09-22 14:36:48,SPX,7770.63,7728.8,7625.0,133,403,0.144,0.005634
2026-09-22 14:36:48,SPX,7770.63,7728.8,7920.0,265,0,0.119,0.005634
2026-09-22 14:36:48,SPX,7770.63,7728.8,7620.0,84,285,0.146,0.005634
2026-09-22 14:36:48,SPX,7770.63,7728.8,7925.0,331,0,0.1211,0.005634
2026-09-22 14:36:48,SPX,7770.63,7728.8,7615.0,258,145,0.148,0.005634
2026-09-22 14:36:48,SPX,7770.63,7728.8,7930.0,214,0,0.1233,0.005634
2026-09-22 14:36:48,SPX,7770.63,7728.8,7610.0,247,1415,0.1501,0.005634
2026-09-22 14:36:48,SPX,7770.63,7728.8,7605.0,74,170,0.1525,0.005634
2026-09-22 14:36:48,SPX,7770.63,7728.8,7940.0,132,0,0.1276,0.005634
2026-09-22 14:36:48,SPX,7770.63,7728.8,7600.0,147,950,0.155,0.005634
2026-09-22 14:36:48,SPX,7770.63,7728.8,7595.0,474,143,0.1577,0.005634
2026-09-22 14:36:48,SPX,7770.63,7728.8,7950.0,396,2,0.1318,0.005634
2026-09-22 14:36:48,SPX,7770.63,7728.8,7590.0,105,248,0.1604,0.005634
2026-09-22 14:36:48,SPX,7770.63,7728.8,7585.0,55,1326,0.1631,0.005634
2026-09-22 14:36:48,SPX,7770.63,7728.8,7580.0,38,298,0.1658,0.005634
2026-09-22 14:36:48,SPX,7770.63,7728.8,7575.0,39,752,0.1684,0.005634
2026-09-22 14:36:48,SPX,7770.63,7728.8,7570.0,22,185,0.1709,0.005634
2026-09-22 14:36:48,SPX,7770.63,7728.8,7975.0,307,0,0.1419,0.005634
2026-09-22 14:36:48,SPX,7770.63,7728.8,7565.0,23,199,0.1734,0.005634
2026-09-22 14:36:48,SPX,7770.63,7728.8,7560.0,47,233,0.1759,0.005634
2026-09-22 14:36:48,SPX,7770.63,7728.8,7555.0,15,332,0.1783,0.005634
2026-09-22 14:36:48,SPX,7770.63,7728.8,7550.0,46,1142,0.1807,0.005634
2026-09-22 14:36:48,SPX,7770.63,7728.8,7545.0,10,326,0.1831,0.005634
2026-09-22 14:36:48,SPX,7770.63,7728.8,8000.0,400,1,0.1518,0.005634
2026-09-22 14:36:48,SPX,7770.63,7728.8,7540.0,23,527,0.1856,0.005634
2026-09-22 14:36:48,SPX,7770.63,7728.8,7535.0,14,101,0.188,0.005634
2026-09-22 14:36:48,SPX,7770.63,7728.8,7530.0,33,328,0.1905,0.005634
2026-09-22 14:36:48,SPX,7770.63,7728.8,7525.0,19,744,0.193,0.005634
2026-09-22 15:07:15,SPX,7768.92,7729.24,7770.0,2485,1128,0.0991,0.0001
2026-09-22 15:07:15,SPX,7768.92,7729.24,7765.0,1982,1228,0.1007,0.0001
2026-09-22 15:07:15,SPX,7768.92,7729.24,7775.0,2833,1241,0.1035,0.0001
2026-09-22 15:07:15,SPX,7768.92,7729.24,7760.0,2731,1718,0.1109,0.0001
2026-09-22 15:07:15,SPX,7768.92,7729.24,7780.0,2649,445,0.1124,0.0001
2026-09-22 15:07:15,SPX,7768.92,7729.24,7755.0,3251,2583,0.1259,0.0001
2026-09-22 15:07:15,SPX,7768.92,7729.24,7785.0,3266,231,0.1275,0.0001
2026-09-22 15:07:15,SPX,7768.92,7729.24,7750.0,3440,3037,0.1452,0.0001
2026-09-22 15:07:15,SPX,7768.92,7729.24,7790.0,1981,97,0.1466,0.0001
2026-09-22 15:07:15,SPX,7768.92,7729.24,7745.0,1426,1328,0.1671,0.0001
2026-09-22 15:07:15,SPX,7768.92,7729.24,7795.0,1650,55,0.1651,0.0001
2026-09-22 15:07:15,SPX,7768.92,7729.24,7740.0,1382,1226,0.1878,0.0001
2026-09-22 15:07:15,SPX,7768.92,7729.24,7800.0,5076,863,0.1829,0.0001
2026-09-22 15:07:15,SPX,7768.92,7729.24,7735.0,1062,3125,0.2101,0.0001
2026-09-22 15:07:15,SPX,7768.92,7729.24,7805.0,2183,35,0.2021,0.0001
2026-09-22 15:07:15,SPX,7768.92,7729.24,7730.0,1504,2214,0.2296,0.0001
2026-09-22 15:07:15,SPX,7768.92,7729.24,7810.0,5099,17,0.2201,0.0001
2026-09-22 15:07:15,SPX,7768.92,7729.24,7725.0,2035,2199,0.2476,0.0001
2026-09-22 15:07:15,SPX,7768.92,7729.24,7815.0,2498,23,0.2381,0.0001
2026-09-22 15:07:15,SPX,7768.92,7729.24,7720.0,1192,1487,0.2688,0.0001
2026-09-22 15:07:15,SPX,7768.92,7729.24,7820.0,1870,49,0.2572,0.0001
2026-09-22 15:07:15,SPX,7768.92,7729.24,7715.0,1313,2345,0.2934,0.0001
2026-09-22 15:07:15,SPX,7768.92,7729.24,7825.0,2626,52,0.2766,0.0001
2026-09-22 15:07:15,SPX,7768.92,7729.24,7710.0,979,1820,0.3189,0.0001
2026-09-22 15:07:15,SPX,7768.92,7729.24,7830.0,4963,20,0.2954,0.0001
2026-09-22 15:07:15,SPX,7768.92,7729.24,7705.0,704,1134,0.3432,0.0001
2026-09-22 15:07:15,SPX,7768.92,7729.24,7835.0,1838,52,0.3124,0.0001
2026-09-22 15:07:15,SPX,7768.92,7729.24,7700.0,2040,4059,0.3661,0.0001
2026-09-22 15:07:15,SPX,7768.92,7729.24,7840.0,3824,109,0.3271,0.0001
2026-09-22 15:07:15,SPX,7768.92,7729.24,7695.0,1439,1760,0.3878,0.0001
2026-09-22 15:07:15,SPX,7768.92,7729.24,7845.0,10236,54,0.3394,0.0001
2026-09-22 15:07:15,SPX,7768.92,7729.24,7690.0,724,3112,0.4084,0.0001
2026-09-22 15:07:15,SPX,7768.92,7729.24,7850.0,3139,31,0.3495,0.0001
2026-09-22 15:07:15,SPX,7768.92,7729.24,7685.0,652,1629,0.4274,0.0001
2026-09-22 15:07:15,SPX,7768.92,7729.24,7855.0,753,5,0.3579,0.0001
2026-09-22 15:07:15,SPX,7768.92,7729.24,7680.0,821,2619,0.4439,0.0001
2026-09-22 15:07:15,SPX,7768.92,7729.24,7860.0,1311,3,0.3642,0.0001
2026-09-22 15:07:15,SPX,7768.92,7729.24,7675.0,2412,2710,0.4581,0.0001
2026-09-22 15:07:15,SPX,7768.92,7729.24,7865.0,694,2,0.3686,0.0001
2026-09-22 15:07:15,SPX,7768.92,7729.24,7670.0,1117,2509,0.4701,0.0001
2026-09-22 15:07:15,SPX,7768.92,7729.24,7870.0,1017,6,0.3722,0.0001
2026-09-22 15:07:15,SPX,7768.92,7729.24,7665.0,430,1391,0.4803,0.0001
2026-09-22 15:07:15,SPX,7768.92,7729.24,7875.0,1282,9,0.3747,0.0001
2026-09-22 15:07:15,SPX,7768.92,7729.24,7660.0,376,1218,0.4889,0.0001
2026-09-22 15:07:15,SPX,7768.92,7729.24,7880.0,1013,6,0.3765,0.0001
2026-09-22 15:07:15,SPX,7768.92,7729.24,7655.0,366,746,0.4966,0.0001
2026-09-22 15:07:15,SPX,7768.92,7729.24,7650.0,2504,3021,0.5035,0.0001
2026-09-22 15:07:15,SPX,7768.92,7729.24,7890.0,3186,16,0.379,0.0001
2026-09-22 15:07:15,SPX,7768.92,7729.24,7645.0,273,1904,0.5098,0.0001
2026-09-22 15:07:15,SPX,7768.92,7729.24,7640.0,947,2728,0.5155,0.0001
2026-09-22 15:07:15,SPX,7768.92,7729.24,7900.0,8066,17,0.3801,0.0001
2026-09-22 15:07:15,SPX,7768.92,7729.24,7635.0,208,570,0.5201,0.0001
2026-09-22 15:07:15,SPX,7768.92,7729.24,7630.0,703,774,0.5234,0.0001
2026-09-22 15:07:15,SPX,7768.92,7729.24,7910.0,1349,5,0.3801,0.0001
2026-09-22 15:07:15,SPX,7768.92,7729.24,7625.0,592,1278,0.5262,0.0001
2026-09-22 15:07:15,SPX,7768.92,7729.24,7620.0,219,2535,0.5297,0.0001
2026-09-22 15:07:15,SPX,7768.92,7729.24,7920.0,815,1,0.3793,0.0001
2026-09-22 15:07:15,SPX,7768.92,7729.24,7615.0,140,1964,0.533,0.0001
2026-09-22 15:07:15,SPX,7768.92,7729.24,7925.0,797,5,0.3786,0.0001
2026-09-22 15:07:15,SPX,7768.92,7729.24,7610.0,140,761,0.5374,0.0001
2026-09-22 15:07:15,SPX,7768.92,7729.24,7930.0,381,2,0.3778,0.0001
2026-09-22 15:07:15,SPX,7768.92,7729.24,7605.0,136,340,0.5406,0.0001
2026-09-22 15:07:15,SPX,7768.92,7729.24,7600.0,372,2640,0.5414,0.0001
2026-09-22 15:07:15,SPX,7768.92,7729.24,7940.0,394,0,0.376,0.0001
2026-09-22 15:07:15,SPX,7768.92,7729.24,7595.0,90,433,0.5407,0.0001
2026-09-22 15:07:15,SPX,7768.92,7729.24,7590.0,65,1102,0.5416,0.0001
2026-09-22 15:07:15,SPX,7768.92,7729.24,7950.0,1020,7,0.3739,0.0001
2026-09-22 15:07:15,SPX,7768.92,7729.24,7585.0,227,3415,0.5423,0.0001
2026-09-22 15:07:15,SPX,7768.92,7729.24,7580.0,380,809,0.5427,0.0001
2026-09-22 15:07:15,SPX,7768.92,7729.24,7575.0,60,2654,0.5428,0.0001
2026-09-22 15:07:15,SPX,7768.92,7729.24,7570.0,88,1268,0.5422,0.0001
2026-09-22 15:07:15,SPX,7768.92,7729.24,7565.0,35,301,0.5418,0.0001
2026-09-22 15:07:15,SPX,7768.92,7729.24,7975.0,1063,2,0.3681,0.0001
2026-09-22 15:07:15,SPX,7768.92,7729.24,7560.0,49,1053,0.5414,0.0001
2026-09-22 15:07:15,SPX,7768.92,7729.24,7555.0,56,279,0.5395,0.0001
2026-09-22 15:07:15,SPX,7768.92,7729.24,7550.0,100,2792,0.5362,0.0001
2026-09-22 15:07:15,SPX,7768.92,7729.24,7545.0,30,407,0.5316,0.0001
2026-09-22 15:07:15,SPX,7768.92,7729.24,7540.0,47,617,0.5266,0.0001
2026-09-22 15:07:15,SPX,7768.92,7729.24,8000.0,5045,0,0.3622,0.0001
2026-09-22 15:07:15,SPX,7768.92,7729.24,7535.0,23,259,0.5247,0.0001
2026-09-22 15:07:15,SPX,7768.92,7729.24,7530.0,21,508,0.5223,0.0001
2026-09-22 15:07:15,SPX,7768.92,7729.24,7525.0,57,807,0.5195,0.0001
2026-09-22 15:07:15,SPX,7768.92,7729.24,7520.0,21,318,0.5164,0.0001
2026-09-22 15:07:15,SPX,7768.92,7729.24,7770.0,1547,428,0.0951,0.002838
2026-09-22 15:07:15,SPX,7768.92,7729.24,7765.0,1175,462,0.0953,0.002838
2026-09-22 15:07:15,SPX,7768.92,7729.24,7775.0,2933,185,0.0949,0.002838
2026-09-22 15:07:15,SPX,7768.92,7729.24,7760.0,1343,260,0.0959,0.002838
2026-09-22 15:07:15,SPX,7768.92,7729.24,7780.0,2384,152,0.0949,0.002838
2026-09-22 15:07:15,SPX,7768.92,7729.24,7755.0,687,204,0.0962,0.002838
2026-09-22 15:07:15,SPX,7768.92,7729.24,7785.0,1581,160,0.095,0.002838
2026-09-22 15:07:15,SPX,7768.92,7729.24,7750.0,2249,2247,0.0978,0.002838
2026-09-22 15:07:15,SPX,7768.92,7729.24,7790.0,2434,70,0.095,0.002838
2026-09-22 15:07:15,SPX,7768.92,7729.24,7745.0,1434,293,0.0989,0.002838
2026-09-22 15:07:15,SPX,7768.92,7729.24,7795.0,1050,103,0.0957,0.002838
2026-09-22 15:07:15,SPX,7768.92,7729.24,7740.0,482,371,0.0997,0.002838
2026-09-22 15:07:15,SPX,7768.92,7729.24,7800.0,2239,774,0.0958,0.002838
2026-09-22 15:07:15,SPX,7768.92,7729.24,7735.0,1239,228,0.1013,0.002838
2026-09-22 15:07:15,SPX,7768.92,7729.24,7805.0,678,108,0.096,0.002838
2026-09-22 15:07:15,SPX,7768.92,7729.24,7730.0,813,625,0.1019,0.002838
2026-09-22 15:07:15,SPX,7768.92,7729.24,7810.0,883,9,0.0963,0.002838
2026-09-22 15:07:15,SPX,7768.92,7729.24,7725.0,1367,564,0.1032,0.002838
2026-09-22 15:07:15,SPX,7768.92,7729.24,7815.0,758,9,0.0966,0.002838
2026-09-22 15:07:15,SPX,7768.92,7729.24,7720.0,679,709,0.1056,0.002838
2026-09-22 15:07:15,SPX,7768.92,7729.24,7820.0,823,15,0.0972,0.002838
2026-09-22 15:07:15,SPX,7768.92,7729.24,7715.0,452,393,0.1084,0.002838
2026-09-22 15:07:15,SPX,7768.92,7729.24,7825.0,676,6,0.0982,0.002838
2026-09-22 15:07:15,SPX,7768.92,7729.24,7710.0,425,329,0.1106,0.002838
2026-09-22 15:07:15,SPX,7768.92,7729.24,7830.0,457,20,0.0996,0.002838
2026-09-22 15:07:15,SPX,7768.92,7729.24,7705.0,251,173,0.1127,0.002838
2026-09-22 15:07:15,SPX,7768.92,7729.24,7835.0,189,6,0.1012,0.002838
2026-09-22 15:07:15,SPX,7768.92,7729.24,7700.0,655,1484,0.1149,0.002838
2026-09-22 15:07:15,SPX,7768.92,7729.24,7840.0,695,13,0.1029,0.002838
2026-09-22 15:07:15,SPX,7768.92,7729.24,7695.0,997,305,0.117,0.002838
2026-09-22 15:07:15,SPX,7768.92,7729.24,7845.0,593,0,0.1045,0.002838
2026-09-22 15:07:15,SPX,7768.92,7729.24,7690.0,514,437,0.1205,0.002838
2026-09-22 15:07:15,SPX,7768.92,7729.24,7850.0,4935,13,0.106,0.002838
2026-09-22 15:07:15,SPX,7768.92,7729.24,7685.0,646,152,0.1225,0.002838
2026-09-22 15:07:15,SPX,7768.92,7729.24,7855.0,178,0,0.1075,0.002838
2026-09-22 15:07:15,SPX,7768.92,7729.24,7680.0,396,311,0.1259,0.002838
2026-09-22 15:07:15,SPX,7768.92,7729.24,7860.0,492,1,0.1091,0.002838
2026-09-22 15:07:15,SPX,7768.92,7729.24,7675.0,293,990,0.129,0.002838
2026-09-22 15:07:15,SPX,7768.92,7729.24,7865.0,447,0,0.1109,0.002838
2026-09-22 15:07:15,SPX,7768.92,7729.24,7670.0,979,549,0.1316,0.002838
2026-09-22 15:07:15,SPX,7768.92,7729.24,7870.0,699,1,0.1129,0.002838
2026-09-22 15:07:15,SPX,7768.92,7729.24,7665.0,482,267,0.1335,0.002838
2026-09-22 15:07:15,SPX,7768.92,7729.24,7875.0,786,6,0.1152,0.002838
2026-09-22 15:07:15,SPX,7768.92,7729.24,7660.0,237,319,0.1362,0.002838
2026-09-22 15:07:15,SPX,7768.92,7729.24,7880.0,906,1,0.1176,0.002838
2026-09-22 15:07:15,SPX,7768.92,7729.24,7655.0,919,230,0.1397,0.002838
2026-09-22 15:07:15,SPX,7768.92,7729.24,7650.0,807,864,0.143,0.002838
2026-09-22 15:07:15,SPX,7768.92,7729.24,7890.0,516,0,0.1228,0.002838
2026-09-22 15:07:15,SPX,7768.92,7729.24,7645.0,566,304,0.1458,0.002838
2026-09-22 15:07:15,SPX,7768.92,7729.24,7640.0,195,605,0.1493,0.002838
2026-09-22 15:07:15,SPX,7768.92,7729.24,7900.0,1910,9,0.1284,0.002838
2026-09-22 15:07:15,SPX,7768.92,7729.24,7635.0,418,782,0.154,0.002838
2026-09-22 15:07:15,SPX,7768.92,7729.24,7630.0,505,555,0.1586,0.002838
2026-09-22 15:07:15,SPX,7768.92,7729.24,7910.0,660,1,0.1343,0.002838
2026-09-22 15:07:15,SPX,7768.92,7729.24,7625.0,518,954,0.162,0.002838
2026-09-22 15:07:15,SPX,7768.92,7729.24,7620.0,148,460,0.1649,0.002838
2026-09-22 15:07:15,SPX,7768.92,7729.24,7920.0,423,0,0.1409,0.002838
2026-09-22 15:07:15,SPX,7768.92,7729.24,7615.0,113,599,0.1682,0.002838
2026-09-22 15:07:15,SPX,7768.92,7729.24,7925.0,743,4,0.1444,0.002838
2026-09-22 15:07:15,SPX,7768.92,7729.24,7610.0,143,1634,0.1717,0.002838
2026-09-22 15:07:15,SPX,7768.92,7729.24,7930.0,394,0,0.1481,0.002838
2026-09-22 15:07:15,SPX,7768.92,7729.24,7605.0,274,165,0.1752,0.002838
2026-09-22 15:07:15,SPX,7768.92,7729.24,7600.0,321,779,0.179,0.002838
2026-09-22 15:07:15,SPX,7768.92,7729.24,7940.0,93,0,0.1559,0.002838
2026-09-22 15:07:15,SPX,7768.92,7729.24,7595.0,85,238,0.1831,0.002838
2026-09-22 15:07:15,SPX,7768.92,7729.24,7590.0,98,205,0.1875,0.002838
2026-09-22 15:07:15,SPX,7768.92,7729.24,7950.0,1159,0,0.1642,0.002838
2026-09-22 15:07:15,SPX,7768.92,7729.24,7585.0,88,1292,0.1919,0.002838
2026-09-22 15:07:15,SPX,7768.92,7729.24,7580.0,58,548,0.1963,0.002838
2026-09-22 15:07:15,SPX,7768.92,7729.24,7575.0,83,1444,0.2004,0.002838
2026-09-22 15:07:15,SPX,7768.92,7729.24,7570.0,37,298,0.2043,0.002838
2026-09-22 15:07:15,SPX,7768.92,7729.24,7565.0,39,198,0.208,0.002838
2026-09-22 15:07:15,SPX,7768.92,7729.24,7975.0,383,0,0.1852,0.002838
2026-09-22 15:07:15,SPX,7768.92,7729.24,7560.0,53,477,0.2116,0.002838
2026-09-22 15:07:15,SPX,7768.92,7729.24,7555.0,31,621,0.215,0.002838
2026-09-22 15:07:15,SPX,7768.92,7729.24,7550.0,52,1978,0.2183,0.002838
2026-09-22 15:07:15,SPX,7768.92,7729.24,7545.0,21,720,0.2215,0.002838
2026-09-22 15:07:15,SPX,7768.92,7729.24,7540.0,53,534,0.2248,0.002838
2026-09-22 15:07:15,SPX,7768.92,7729.24,8000.0,3883,0,0.1988,0.002838
2026-09-22 15:07:15,SPX,7768.92,7729.24,7535.0,37,410,0.228,0.002838
2026-09-22 15:07:15,SPX,7768.92,7729.24,7530.0,50,220,0.2312,0.002838
2026-09-22 15:07:15,SPX,7768.92,7729.24,7525.0,20,208,0.2345,0.002838
2026-09-22 15:07:15,SPX,7768.92,7729.24,7520.0,9,207,0.2378,0.002838
2026-09-22 15:07:15,SPX,7768.92,7729.24,7770.0,720,189,0.0968,0.005576
2026-09-22 15:07:15,SPX,7768.92,7729.24,7765.0,367,109,0.0975,0.005576
2026-09-22 15:07:15,SPX,7768.92,7729.24,7775.0,1819,99,0.0963,0.005576
2026-09-22 15:07:15,SPX,7768.92,7729.24,7760.0,448,129,0.0981,0.005576
2026-09-22 15:07:15,SPX,7768.92,7729.24,7780.0,1870,56,0.096,0.005576
2026-09-22 15:07:15,SPX,7768.92,7729.24,7755.0,341,67,0.0989,0.005576
2026-09-22 15:07:15,SPX,7768.92,7729.24,7785.0,506,20,0.0957,0.005576
2026-09-22 15:07:15,SPX,7768.92,7729.24,7750.0,824,249,0.0996,0.005576
2026-09-22 15:07:15,SPX,7768.92,7729.24,7790.0,394,60,0.0956,0.005576
2026-09-22 15:07:15,SPX,7768.92,7729.24,7745.0,369,91,0.1011,0.005576
2026-09-22 15:07:15,SPX,7768.92,7729.24,7795.0,477,24,0.0955,0.005576
2026-09-22 15:07:15,SPX,7768.92,7729.24,7740.0,357,158,0.1015,0.005576
2026-09-22 15:07:15,SPX,7768.92,7729.24,7800.0,1415,334,0.0953,0.005576
2026-09-22 15:07:15,SPX,7768.92,7729.24,7735.0,155,76,0.1025,0.005576
2026-09-22 15:07:15,SPX,7768.92,7729.24,7805.0,658,15,0.0952,0.005576
2026-09-22 15:07:15,SPX,7768.92,7729.24,7730.0,438,104,0.1036,0.005576
2026-09-22 15:07:15,SPX,7768.92,7729.24,7810.0,760,29,0.095,0.005576
2026-09-22 15:07:15,SPX,7768.92,7729.24,7725.0,264,285,0.1059,0.005576
2026-09-22 15:07:15,SPX,7768.92,7729.24,7815.0,569,4,0.0947,0.005576
2026-09-22 15:07:15,SPX,7768.92,7729.24,7720.0,1122,245,0.1064,0.005576
2026-09-22 15:07:15,SPX,7768.92,7729.24,7820.0,738,6,0.0947,0.005576
2026-09-22 15:07:15,SPX,7768.92,7729.24,7715.0,204,210,0.1077,0.005576
2026-09-22 15:07:15,SPX,7768.92,7729.24,7825.0,973,15,0.095,0.005576
2026-09-22 15:07:15,SPX,7768.92,7729.24,7710.0,2167,568,0.109,0.005576
2026-09-22 15:07:15,SPX,7768.92,7729.24,7830.0,1013,12,0.0955,0.005576
2026-09-22 15:07:15,SPX,7768.92,7729.24,7705.0,167,162,0.1104,0.005576
2026-09-22 15:07:15,SPX,7768.92,7729.24,7835.0,277,0,0.0961,0.005576
2026-09-22 15:07:15,SPX,7768.92,7729.24,7700.0,1155,1234,0.1122,0.005576
2026-09-22 15:07:15,SPX,7768.92,7729.24,7840.0,683,12,0.0967,0.005576
2026-09-22 15:07:15,SPX,7768.92,7729.24,7695.0,1053,99,0.1147,0.005576
2026-09-22 15:07:15,SPX,7768.92,7729.24,7845.0,85,0,0.0973,0.005576
2026-09-22 15:07:15,SPX,7768.92,7729.24,7690.0,278,208,0.117,0.005576
2026-09-22 15:07:15,SPX,7768.92,7729.24,7850.0,967,14,0.0977,0.005576
2026-09-22 15:07:15,SPX,7768.92,7729.24,7685.0,2029,141,0.1176,0.005576
2026-09-22 15:07:15,SPX,7768.92,7729.24,7855.0,226,0,0.0982,0.005576
2026-09-22 15:07:15,SPX,7768.92,7729.24,7680.0,102,211,0.1197,0.005576
2026-09-22 15:07:15,SPX,7768.92,7729.24,7860.0,763,1,0.0988,0.005576
2026-09-22 15:07:15,SPX,7768.92,7729.24,7675.0,574,1425,0.1217,0.005576
2026-09-22 15:07:15,SPX,7768.92,7729.24,7865.0,235,0,0.0994,0.005576
2026-09-22 15:07:15,SPX,7768.92,7729.24,7670.0,168,200,0.1238,0.005576
2026-09-22 15:07:15,SPX,7768.92,7729.24,7870.0,718,0,0.1002,0.005576
2026-09-22 15:07:15,SPX,7768.92,7729.24,7665.0,102,2052,0.126,0.005576
2026-09-22 15:07:15,SPX,7768.92,7729.24,7875.0,836,4,0.1011,0.005576
2026-09-22 15:07:15,SPX,7768.92,7729.24,7660.0,282,302,0.1281,0.005576
2026-09-22 15:07:15,SPX,7768.92,7729.24,7880.0,535,10,0.1021,0.005576
2026-09-22 15:07:15,SPX,7768.92,7729.24,7655.0,320,166,0.1304,0.005576
2026-09-22 15:07:15,SPX,7768.92,7729.24,7650.0,345,1352,0.1324,0.005576
2026-09-22 15:07:15,SPX,7768.92,7729.24,7890.0,602,0,0.1048,0.005576
2026-09-22 15:07:15,SPX,7768.92,7729.24,7645.0,569,176,0.1345,0.005576
2026-09-22 15:07:15,SPX,7768.92,7729.24,7640.0,182,2151,0.1373,0.005576
2026-09-22 15:07:15,SPX,7768.92,7729.24,7900.0,565,36,0.1081,0.005576
2026-09-22 15:07:15,SPX,7768.92,7729.24,7635.0,91,209,0.14,0.005576
2026-09-22 15:07:15,SPX,7768.92,7729.24,7630.0,84,377,0.142,0.005576
2026-09-22 15:07:15,SPX,7768.92,7729.24,7910.0,252,0,0.1119,0.005576
2026-09-22 15:07:15,SPX,7768.92,7729.24,7625.0,133,403,0.1438,0.005576
2026-09-22 15:07:15,SPX,7768.92,7729.24,7620.0,84,285,0.1457,0.005576
2026-09-22 15:07:15,SPX,7768.92,7729.24,7920.0,265,0,0.116,0.005576
2026-09-22 15:07:15,SPX,7768.92,7729.24,7615.0,258,145,0.1477,0.005576
2026-09-22 15:07:15,SPX,7768.92,7729.24,7925.0,331,0,0.1181,0.005576
2026-09-22 15:07:15,SPX,7768.92,7729.24,7610.0,247,1415,0.15,0.005576
2026-09-22 15:07:15,SPX,7768.92,7729.24,7930.0,214,0,0.1202,0.005576
2026-09-22 15:07:15,SPX,7768.92,7729.24,7605.0,74,170,0.1524,0.005576
2026-09-22 15:07:15,SPX,7768.92,7729.24,7600.0,147,950,0.1551,0.005576
2026-09-22 15:07:15,SPX,7768.92,7729.24,7940.0,132,0,0.1245,0.005576
2026-09-22 15:07:15,SPX,7768.92,7729.24,7595.0,474,143,0.1579,0.005576
2026-09-22 15:07:15,SPX,7768.92,7729.24,7590.0,105,248,0.1607,0.005576
2026-09-22 15:07:15,SPX,7768.92,7729.24,7950.0,396,0,0.1287,0.005576
2026-09-22 15:07:15,SPX,7768.92,7729.24,7585.0,0,1326,0.1635,0.005576
2026-09-22 15:07:15,SPX,7768.92,7729.24,7580.0,38,298,0.1662,0.005576
2026-09-22 15:07:15,SPX,7768.92,7729.24,7575.0,39,752,0.1688,0.005576
2026-09-22 15:07:15,SPX,7768.92,7729.24,7570.0,22,185,0.1713,0.005576
2026-09-22 15:07:15,SPX,7768.92,7729.24,7565.0,23,199,0.1738,0.005576
2026-09-22 15:07:15,SPX,7768.92,7729.24,7975.0,307,0,0.1388,0.005576
2026-09-22 15:07:15,SPX,7768.92,7729.24,7560.0,47,233,0.1762,0.005576
2026-09-22 15:07:15,SPX,7768.92,7729.24,7555.0,15,332,0.1786,0.005576
2026-09-22 15:07:15,SPX,7768.92,7729.24,7550.0,46,1142,0.181,0.005576
2026-09-22 15:07:15,SPX,7768.92,7729.24,7545.0,10,326,0.1834,0.005576
2026-09-22 15:07:15,SPX,7768.92,7729.24,7540.0,23,527,0.1858,0.005576
2026-09-22 15:07:15,SPX,7768.92,7729.24,8000.0,400,1,0.1497,0.005576
2026-09-22 15:07:15,SPX,7768.92,7729.24,7535.0,14,101,0.1882,0.005576
2026-09-22 15:07:15,SPX,7768.92,7729.24,7530.0,33,328,0.1907,0.005576
2026-09-22 15:07:15,SPX,7768.92,7729.24,7525.0,19,744,0.1933,0.005576
2026-09-22 15:07:15,SPX,7768.92,7729.24,7520.0,118,295,0.1959,0.005576
2026-09-22 15:37:42,SPX,7778.53,7726.32,7780.0,2649,445,0.1429,4.2e-05
2026-09-22 15:37:42,SPX,7778.53,7726.32,7775.0,2833,1241,0.1447,4.2e-05
2026-09-22 15:37:42,SPX,7778.53,7726.32,7785.0,3266,231,0.1425,4.2e-05
2026-09-22 15:37:42,SPX,7778.53,7726.32,7770.0,2485,1128,0.1511,4.2e-05
2026-09-22 15:37:42,SPX,7778.53,7726.32,7790.0,1981,97,0.1481,4.2e-05
2026-09-22 15:37:42,SPX,7778.53,7726.32,7765.0,1982,1228,0.1629,4.2e-05
2026-09-22 15:37:42,SPX,7778.53,7726.32,7795.0,1650,55,0.1581,4.2e-05
2026-09-22 15:37:42,SPX,7778.53,7726.32,7760.0,2731,1718,0.1814,4.2e-05
2026-09-22 15:37:42,SPX,7778.53,7726.32,7800.0,5076,863,0.1761,4.2e-05
2026-09-22 15:37:42,SPX,7778.53,7726.32,7755.0,3251,2583,0.2098,4.2e-05
2026-09-22 15:37:42,SPX,7778.53,7726.32,7805.0,2183,35,0.2001,4.2e-05
2026-09-22 15:37:42,SPX,7778.53,7726.32,7750.0,3440,3037,0.2475,4.2e-05
2026-09-22 15:37:42,SPX,7778.53,7726.32,7810.0,5099,17,0.2263,4.2e-05
2026-09-22 15:37:42,SPX,7778.53,7726.32,7745.0,1426,1328,0.2895,4.2e-05
2026-09-22 15:37:42,SPX,7778.53,7726.32,7815.0,2498,23,0.2524,4.2e-05
2026-09-22 15:37:42,SPX,7778.53,7726.32,7740.0,1382,1226,0.3299,4.2e-05
2026-09-22 15:37:42,SPX,7778.53,7726.32,7820.0,1870,49,0.2767,4.2e-05
2026-09-22 15:37:42,SPX,7778.53,7726.32,7735.0,1062,3125,0.3674,4.2e-05
2026-09-22 15:37:42,SPX,7778.53,7726.32,7825.0,2626,52,0.2982,4.2e-05
2026-09-22 15:37:42,SPX,7778.53,7726.32,7730.0,1504,2214,0.4006,4.2e-05
2026-09-22 15:37:42,SPX,7778.53,7726.32,7830.0,4963,20,0.3167,4.2e-05
2026-09-22 15:37:42,SPX,7778.53,7726.32,7725.0,2035,2199,0.428,4.2e-05
2026-09-22 15:37:42,SPX,7778.53,7726.32,7835.0,1838,52,0.332,4.2e-05
2026-09-22 15:37:42,SPX,7778.53,7726.32,7720.0,1192,1487,0.4491,4.2e-05
2026-09-22 15:37:42,SPX,7778.53,7726.32,7840.0,3824,109,0.3442,4.2e-05
2026-09-22 15:37:42,SPX,7778.53,7726.32,7715.0,1313,2345,0.4638,4.2e-05
2026-09-22 15:37:42,SPX,7778.53,7726.32,7845.0,10236,54,0.3538,4.2e-05
2026-09-22 15:37:42,SPX,7778.53,7726.32,7710.0,979,1820,0.4723,4.2e-05
2026-09-22 15:37:42,SPX,7778.53,7726.32,7850.0,3139,31,0.3612,4.2e-05
2026-09-22 15:37:42,SPX,7778.53,7726.32,7705.0,704,1134,0.4757,4.2e-05
2026-09-22 15:37:42,SPX,7778.53,7726.32,7855.0,753,5,0.3668,4.2e-05
2026-09-22 15:37:42,SPX,7778.53,7726.32,7700.0,2040,4059,0.4765,4.2e-05
2026-09-22 15:37:42,SPX,7778.53,7726.32,7860.0,1311,3,0.3704,4.2e-05
2026-09-22 15:37:42,SPX,7778.53,7726.32,7695.0,1439,1760,0.4761,4.2e-05
2026-09-22 15:37:42,SPX,7778.53,7726.32,7865.0,694,2,0.3726,4.2e-05
2026-09-22 15:37:42,SPX,7778.53,7726.32,7690.0,724,3112,0.4759,4.2e-05
2026-09-22 15:37:42,SPX,7778.53,7726.32,7870.0,1017,6,0.3741,4.2e-05
2026-09-22 15:37:42,SPX,7778.53,7726.32,7685.0,652,1629,0.4762,4.2e-05
2026-09-22 15:37:42,SPX,7778.53,7726.32,7875.0,1282,9,0.3749,4.2e-05
2026-09-22 15:37:42,SPX,7778.53,7726.32,7680.0,821,2619,0.477,4.2e-05
2026-09-22 15:37:42,SPX,7778.53,7726.32,7880.0,1013,6,0.3754,4.2e-05
2026-09-22 15:37:42,SPX,7778.53,7726.32,7675.0,2412,2710,0.4781,4.2e-05
2026-09-22 15:37:42,SPX,7778.53,7726.32,7670.0,1117,2509,0.4795,4.2e-05
2026-09-22 15:37:42,SPX,7778.53,7726.32,7890.0,3186,16,0.3757,4.2e-05
2026-09-22 15:37:42,SPX,7778.53,7726.32,7665.0,430,1391,0.481,4.2e-05
2026-09-22 15:37:42,SPX,7778.53,7726.32,7660.0,376,1218,0.4831,4.2e-05
2026-09-22 15:37:42,SPX,7778.53,7726.32,7900.0,8066,17,0.3753,4.2e-05
2026-09-22 15:37:42,SPX,7778.53,7726.32,7655.0,366,746,0.4855,4.2e-05
2026-09-22 15:37:42,SPX,7778.53,7726.32,7650.0,2504,3021,0.488,4.2e-05
2026-09-22 15:37:42,SPX,7778.53,7726.32,7910.0,1349,5,0.3743,4.2e-05
2026-09-22 15:37:42,SPX,7778.53,7726.32,7645.0,273,1904,0.4905,4.2e-05
2026-09-22 15:37:42,SPX,7778.53,7726.32,7640.0,947,2728,0.4928,4.2e-05
2026-09-22 15:37:42,SPX,7778.53,7726.32,7920.0,815,1,0.373,4.2e-05
2026-09-22 15:37:42,SPX,7778.53,7726.32,7635.0,208,570,0.4944,4.2e-05
2026-09-22 15:37:42,SPX,7778.53,7726.32,7925.0,797,5,0.3723,4.2e-05
2026-09-22 15:37:42,SPX,7778.53,7726.32,7630.0,703,774,0.4951,4.2e-05
2026-09-22 15:37:42,SPX,7778.53,7726.32,7930.0,381,2,0.3715,4.2e-05
2026-09-22 15:37:42,SPX,7778.53,7726.32,7625.0,592,1278,0.4961,4.2e-05
2026-09-22 15:37:42,SPX,7778.53,7726.32,7620.0,219,2535,0.4984,4.2e-05
2026-09-22 15:37:42,SPX,7778.53,7726.32,7940.0,394,0,0.3696,4.2e-05
2026-09-22 15:37:42,SPX,7778.53,7726.32,7615.0,140,1964,0.5008,4.2e-05
2026-09-22 15:37:42,SPX,7778.53,7726.32,7610.0,140,761,0.504,4.2e-05
2026-09-22 15:37:42,SPX,7778.53,7726.32,7950.0,1020,7,0.3675,4.2e-05
2026-09-22 15:37:42,SPX,7778.53,7726.32,7605.0,136,340,0.5064,4.2e-05
2026-09-22 15:37:42,SPX,7778.53,7726.32,7600.0,372,2640,0.507,4.2e-05
2026-09-22 15:37:42,SPX,7778.53,7726.32,7595.0,90,433,0.5068,4.2e-05
2026-09-22 15:37:42,SPX,7778.53,7726.32,7590.0,65,1102,0.5082,4.2e-05
2026-09-22 15:37:42,SPX,7778.53,7726.32,7585.0,227,3415,0.5095,4.2e-05
2026-09-22 15:37:42,SPX,7778.53,7726.32,7975.0,1063,2,0.3618,4.2e-05
2026-09-22 15:37:42,SPX,7778.53,7726.32,7580.0,380,809,0.5105,4.2e-05
2026-09-22 15:37:42,SPX,7778.53,7726.32,7575.0,60,2654,0.5111,4.2e-05
2026-09-22 15:37:42,SPX,7778.53,7726.32,7570.0,88,1268,0.5112,4.2e-05
2026-09-22 15:37:42,SPX,7778.53,7726.32,7565.0,35,301,0.5114,4.2e-05
2026-09-22 15:37:42,SPX,7778.53,7726.32,7560.0,49,1053,0.5117,4.2e-05
2026-09-22 15:37:42,SPX,7778.53,7726.32,8000.0,5045,0,0.3553,4.2e-05
2026-09-22 15:37:42,SPX,7778.53,7726.32,7555.0,56,279,0.5107,4.2e-05
2026-09-22 15:37:42,SPX,7778.53,7726.32,7550.0,100,2792,0.5086,4.2e-05
2026-09-22 15:37:42,SPX,7778.53,7726.32,7545.0,30,407,0.5055,4.2e-05
2026-09-22 15:37:42,SPX,7778.53,7726.32,7540.0,47,617,0.5019,4.2e-05
2026-09-22 15:37:42,SPX,7778.53,7726.32,7535.0,23,259,0.5012,4.2e-05
2026-09-22 15:37:42,SPX,7778.53,7726.32,8025.0,853,0,0.35,4.2e-05
2026-09-22 15:37:42,SPX,7778.53,7726.32,7530.0,21,508,0.5,4.2e-05
2026-09-22 15:37:42,SPX,7778.53,7726.32,7780.0,2384,152,0.0959,0.00278
2026-09-22 15:37:42,SPX,7778.53,7726.32,7775.0,2933,185,0.0959,0.00278
2026-09-22 15:37:42,SPX,7778.53,7726.32,7785.0,1581,160,0.0954,0.00278
2026-09-22 15:37:42,SPX,7778.53,7726.32,7770.0,1547,428,0.0962,0.00278
2026-09-22 15:37:42,SPX,7778.53,7726.32,7790.0,2434,70,0.0958,0.00278
2026-09-22 15:37:42,SPX,7778.53,7726.32,7765.0,1175,462,0.15,0.00278
2026-09-22 15:37:42,SPX,7778.53,7726.32,7795.0,1050,103,0.0962,0.00278
2026-09-22 15:37:42,SPX,7778.53,7726.32,7760.0,1343,260,0.15,0.00278
2026-09-22 15:37:42,SPX,7778.53,7726.32,7800.0,2239,774,0.0966,0.00278
2026-09-22 15:37:42,SPX,7778.53,7726.32,7755.0,687,204,0.15,0.00278
2026-09-22 15:37:42,SPX,7778.53,7726.32,7805.0,678,108,0.0975,0.00278
2026-09-22 15:37:42,SPX,7778.53,7726.32,7750.0,2249,2247,0.15,0.00278
2026-09-22 15:37:42,SPX,7778.53,7726.32,7810.0,883,0,0.15,0.00278
2026-09-22 15:37:42,SPX,7778.53,7726.32,7745.0,1434,0,0.15,0.00278
2026-09-22 15:37:42,SPX,7778.53,7726.32,7820.0,0,15,0.099,0.00278
2026-09-22 15:37:42,SPX,7778.53,7726.32,7825.0,0,6,0.0993,0.00278
2026-09-22 15:37:42,SPX,7778.53,7726.32,7730.0,813,0,0.1054,0.00278
2026-09-22 15:37:42,SPX,7778.53,7726.32,7830.0,457,0,0.0998,0.00278
2026-09-22 15:37:42,SPX,7778.53,7726.32,7725.0,1367,564,0.1074,0.00278
2026-09-22 15:37:42,SPX,7778.53,7726.32,7835.0,189,6,0.101,0.00278
2026-09-22 15:37:42,SPX,7778.53,7726.32,7720.0,679,709,0.1092,0.00278
2026-09-22 15:37:42,SPX,7778.53,7726.32,7840.0,695,13,0.1026,0.00278
2026-09-22 15:37:42,SPX,7778.53,7726.32,7715.0,452,393,0.1107,0.00278
2026-09-22 15:37:42,SPX,7778.53,7726.32,7845.0,593,0,0.1045,0.00278
2026-09-22 15:37:42,SPX,7778.53,7726.32,7710.0,425,329,0.1144,0.00278
2026-09-22 15:37:42,SPX,7778.53,7726.32,7850.0,4935,13,0.1064,0.00278
2026-09-22 15:37:42,SPX,7778.53,7726.32,7705.0,251,173,0.1151,0.00278
2026-09-22 15:37:42,SPX,7778.53,7726.32,7855.0,178,0,0.108,0.00278
2026-09-22 15:37:42,SPX,7778.53,7726.32,7700.0,655,1484,0.1175,0.00278
2026-09-22 15:37:42,SPX,7778.53,7726.32,7860.0,492,1,0.1095,0.00278
2026-09-22 15:37:42,SPX,7778.53,7726.32,7695.0,997,305,0.1219,0.00278
2026-09-22 15:37:42,SPX,7778.53,7726.32,7865.0,447,0,0.111,0.00278
2026-09-22 15:37:42,SPX,7778.53,7726.32,7690.0,514,437,0.1241,0.00278
2026-09-22 15:37:42,SPX,7778.53,7726.32,7870.0,699,1,0.1126,0.00278
2026-09-22 15:37:42,SPX,7778.53,7726.32,7685.0,646,152,0.1288,0.00278
2026-09-22 15:37:42,SPX,7778.53,7726.32,7875.0,786,6,0.1146,0.00278
2026-09-22 15:37:42,SPX,7778.53,7726.32,7680.0,396,311,0.1313,0.00278
2026-09-22 15:37:42,SPX,7778.53,7726.32,7880.0,906,1,0.1168,0.00278
2026-09-22 15:37:42,SPX,7778.53,7726.32,7675.0,293,990,0.1348,0.00278
2026-09-22 15:37:42,SPX,7778.53,7726.32,7670.0,979,549,0.1374,0.00278
2026-09-22 15:37:42,SPX,7778.53,7726.32,7890.0,516,0,0.1218,0.00278
2026-09-22 15:37:42,SPX,7778.53,7726.32,7665.0,482,267,0.1397,0.00278
2026-09-22 15:37:42,SPX,7778.53,7726.32,7660.0,237,319,0.1429,0.00278
2026-09-22 15:37:42,SPX,7778.53,7726.32,7900.0,1910,9,0.1268,0.00278
2026-09-22 15:37:42,SPX,7778.53,7726.32,7655.0,919,230,0.1468,0.00278
2026-09-22 15:37:42,SPX,7778.53,7726.32,7650.0,807,864,0.1507,0.00278
2026-09-22 15:37:42,SPX,7778.53,7726.32,7910.0,660,1,0.1317,0.00278
2026-09-22 15:37:42,SPX,7778.53,7726.32,7645.0,566,304,0.1542,0.00278
2026-09-22 15:37:42,SPX,7778.53,7726.32,7640.0,195,605,0.1578,0.00278
2026-09-22 15:37:42,SPX,7778.53,7726.32,7920.0,423,0,0.137,0.00278
2026-09-22 15:37:42,SPX,7778.53,7726.32,7635.0,418,782,0.1621,0.00278
2026-09-22 15:37:42,SPX,7778.53,7726.32,7925.0,743,4,0.14,0.00278
2026-09-22 15:37:42,SPX,7778.53,7726.32,7630.0,505,555,0.1662,0.00278
2026-09-22 15:37:42,SPX,7778.53,7726.32,7930.0,394,0,0.1433,0.00278
2026-09-22 15:37:42,SPX,7778.53,7726.32,7625.0,518,954,0.1696,0.00278
2026-09-22 15:37:42,SPX,7778.53,7726.32,7620.0,148,460,0.1728,0.00278
2026-09-22 15:37:42,SPX,7778.53,7726.32,7940.0,93,0,0.1504,0.00278
2026-09-22 15:37:42,SPX,7778.53,7726.32,7615.0,113,599,0.1765,0.00278
2026-09-22 15:37:42,SPX,7778.53,7726.32,7610.0,143,1634,0.1806,0.00278
2026-09-22 15:37:42,SPX,7778.53,7726.32,7950.0,1159,0,0.1582,0.00278
2026-09-22 15:37:42,SPX,7778.53,7726.32,7605.0,274,165,0.1846,0.00278
2026-09-22 15:37:42,SPX,7778.53,7726.32,7600.0,321,779,0.1885,0.00278
2026-09-22 15:37:42,SPX,7778.53,7726.32,7595.0,85,238,0.1925,0.00278
2026-09-22 15:37:42,SPX,7778.53,7726.32,7590.0,98,205,0.1965,0.00278
2026-09-22 15:37:42,SPX,7778.53,7726.32,7585.0,88,1292,0.2003,0.00278
2026-09-22 15:37:42,SPX,7778.53,7726.32,7975.0,383,0,0.1776,0.00278
2026-09-22 15:37:42,SPX,7778.53,7726.32,7580.0,58,548,0.204,0.00278
2026-09-22 15:37:42,SPX,7778.53,7726.32,7575.0,83,1444,0.2076,0.00278
2026-09-22 15:37:42,SPX,7778.53,7726.32,7570.0,37,298,0.2111,0.00278
2026-09-22 15:37:42,SPX,7778.53,7726.32,7565.0,39,198,0.2147,0.00278
2026-09-22 15:37:42,SPX,7778.53,7726.32,7560.0,53,477,0.2184,0.00278
2026-09-22 15:37:42,SPX,7778.53,7726.32,8000.0,3883,0,0.1894,0.00278
2026-09-22 15:37:42,SPX,7778.53,7726.32,7555.0,31,621,0.2221,0.00278
2026-09-22 15:37:42,SPX,7778.53,7726.32,7550.0,52,1978,0.2259,0.00278
2026-09-22 15:37:42,SPX,7778.53,7726.32,7545.0,21,720,0.2297,0.00278
2026-09-22 15:37:42,SPX,7778.53,7726.32,7540.0,53,534,0.2336,0.00278
2026-09-22 15:37:42,SPX,7778.53,7726.32,7535.0,37,410,0.2375,0.00278
2026-09-22 15:37:42,SPX,7778.53,7726.32,8025.0,159,2,0.1961,0.00278
2026-09-22 15:37:42,SPX,7778.53,7726.32,7530.0,50,220,0.2414,0.00278
2026-09-22 15:37:42,SPX,7778.53,7726.32,7780.0,1870,56,0.0968,0.005518
2026-09-22 15:37:42,SPX,7778.53,7726.32,7775.0,1819,99,0.0971,0.005518
2026-09-22 15:37:42,SPX,7778.53,7726.32,7785.0,506,20,0.0966,0.005518
2026-09-22 15:37:42,SPX,7778.53,7726.32,7770.0,720,189,0.0976,0.005518
2026-09-22 15:37:42,SPX,7778.53,7726.32,7790.0,394,60,0.097,0.005518
2026-09-22 15:37:42,SPX,7778.53,7726.32,7765.0,367,109,0.0995,0.005518
2026-09-22 15:37:42,SPX,7778.53,7726.32,7795.0,477,24,0.0969,0.005518
2026-09-22 15:37:42,SPX,7778.53,7726.32,7760.0,448,129,0.1006,0.005518
2026-09-22 15:37:42,SPX,7778.53,7726.32,7800.0,1415,334,0.0969,0.005518
2026-09-22 15:37:42,SPX,7778.53,7726.32,7755.0,341,67,0.101,0.005518
2026-09-22 15:37:42,SPX,7778.53,7726.32,7805.0,658,15,0.0969,0.005518
2026-09-22 15:37:42,SPX,7778.53,7726.32,7750.0,824,249,0.1017,0.005518
2026-09-22 15:37:42,SPX,7778.53,7726.32,7810.0,760,29,0.0972,0.005518
2026-09-22 15:37:42,SPX,7778.53,7726.32,7745.0,369,91,0.1028,0.005518
2026-09-22 15:37:42,SPX,7778.53,7726.32,7815.0,569,4,0.097,0.005518
2026-09-22 15:37:42,SPX,7778.53,7726.32,7740.0,357,158,0.1036,0.005518
2026-09-22 15:37:42,SPX,7778.53,7726.32,7820.0,738,6,0.0968,0.005518
2026-09-22 15:37:42,SPX,7778.53,7726.32,7735.0,155,76,0.1053,0.005518
2026-09-22 15:37:42,SPX,7778.53,7726.32,7825.0,973,15,0.0966,0.005518
2026-09-22 15:37:42,SPX,7778.53,7726.32,7730.0,438,104,0.1068,0.005518
2026-09-22 15:37:42,SPX,7778.53,7726.32,7830.0,1013,12,0.0967,0.005518
2026-09-22 15:37:42,SPX,7778.53,7726.32,7725.0,264,285,0.1082,0.005518
2026-09-22 15:37:42,SPX,7778.53,7726.32,7835.0,277,0,0.097,0.005518
2026-09-22 15:37:42,SPX,7778.53,7726.32,7720.0,1122,245,0.1098,0.005518
2026-09-22 15:37:42,SPX,7778.53,7726.32,7840.0,683,12,0.0976,0.005518
2026-09-22 15:37:42,SPX,7778.53,7726.32,7715.0,204,210,0.1111,0.005518
2026-09-22 15:37:42,SPX,7778.53,7726.32,7845.0,85,0,0.0983,0.005518
2026-09-22 15:37:42,SPX,7778.53,7726.32,7710.0,2167,568,0.1116,0.005518
2026-09-22 15:37:42,SPX,7778.53,7726.32,7850.0,967,14,0.099,0.005518
2026-09-22 15:37:42,SPX,7778.53,7726.32,7705.0,167,162,0.1137,0.005518
2026-09-22 15:37:42,SPX,7778.53,7726.32,7855.0,226,0,0.0998,0.005518
2026-09-22 15:37:42,SPX,7778.53,7726.32,7700.0,1155,1234,0.1158,0.005518
2026-09-22 15:37:42,SPX,7778.53,7726.32,7860.0,763,1,0.1005,0.005518
2026-09-22 15:37:42,SPX,7778.53,7726.32,7695.0,1053,99,0.1185,0.005518
2026-09-22 15:37:42,SPX,7778.53,7726.32,7865.0,235,0,0.1011,0.005518
2026-09-22 15:37:42,SPX,7778.53,7726.32,7690.0,278,208,0.1199,0.005518
2026-09-22 15:37:42,SPX,7778.53,7726.32,7870.0,718,0,0.1018,0.005518
2026-09-22 15:37:42,SPX,7778.53,7726.32,7685.0,2029,141,0.1212,0.005518
2026-09-22 15:37:42,SPX,7778.53,7726.32,7875.0,836,4,0.1024,0.005518
2026-09-22 15:37:42,SPX,7778.53,7726.32,7680.0,102,211,0.123,0.005518
2026-09-22 15:37:42,SPX,7778.53,7726.32,7880.0,535,10,0.1032,0.005518
2026-09-22 15:37:42,SPX,7778.53,7726.32,7675.0,574,1425,0.1251,0.005518
2026-09-22 15:37:42,SPX,7778.53,7726.32,7670.0,168,200,0.1271,0.005518
2026-09-22 15:37:42,SPX,7778.53,7726.32,7890.0,602,0,0.105,0.005518
2026-09-22 15:37:42,SPX,7778.53,7726.32,7665.0,102,2052,0.1294,0.005518
2026-09-22 15:37:42,SPX,7778.53,7726.32,7660.0,282,302,0.132,0.005518
2026-09-22 15:37:42,SPX,7778.53,7726.32,7900.0,565,36,0.1075,0.005518
2026-09-22 15:37:42,SPX,7778.53,7726.32,7655.0,320,166,0.1346,0.005518
2026-09-22 15:37:42,SPX,7778.53,7726.32,7650.0,345,1352,0.1367,0.005518
2026-09-22 15:37:42,SPX,7778.53,7726.32,7910.0,252,0,0.1105,0.005518
2026-09-22 15:37:42,SPX,7778.53,7726.32,7645.0,569,176,0.1387,0.005518
2026-09-22 15:37:42,SPX,7778.53,7726.32,7640.0,182,2151,0.1408,0.005518
2026-09-22 15:37:42,SPX,7778.53,7726.32,7920.0,265,0,0.114,0.005518
2026-09-22 15:37:42,SPX,7778.53,7726.32,7635.0,91,209,0.1429,0.005518
2026-09-22 15:37:42,SPX,7778.53,7726.32,7925.0,331,0,0.1159,0.005518
2026-09-22 15:37:42,SPX,7778.53,7726.32,7630.0,84,377,0.1452,0.005518
2026-09-22 15:37:42,SPX,7778.53,7726.32,7930.0,214,0,0.1179,0.005518
2026-09-22 15:37:42,SPX,7778.53,7726.32,7625.0,133,403,0.1476,0.005518
2026-09-22 15:37:42,SPX,7778.53,7726.32,7620.0,84,285,0.1503,0.005518
2026-09-22 15:37:42,SPX,7778.53,7726.32,7940.0,132,0,0.122,0.005518
2026-09-22 15:37:42,SPX,7778.53,7726.32,7615.0,258,145,0.153,0.005518
2026-09-22 15:37:42,SPX,7778.53,7726.32,7610.0,247,1415,0.1558,0.005518
2026-09-22 15:37:42,SPX,7778.53,7726.32,7950.0,396,2,0.1263,0.005518
2026-09-22 15:37:42,SPX,7778.53,7726.32,7605.0,74,170,0.1586,0.005518
2026-09-22 15:37:42,SPX,7778.53,7726.32,7600.0,147,950,0.1613,0.005518
2026-09-22 15:37:42,SPX,7778.53,7726.32,7595.0,474,143,0.164,0.005518
2026-09-22 15:37:42,SPX,7778.53,7726.32,7590.0,105,248,0.1666,0.005518
2026-09-22 15:37:42,SPX,7778.53,7726.32,7585.0,55,1326,0.1691,0.005518
2026-09-22 15:37:42,SPX,7778.53,7726.32,7975.0,307,0,0.1366,0.005518
2026-09-22 15:37:42,SPX,7778.53,7726.32,7580.0,38,298,0.1715,0.005518
2026-09-22 15:37:42,SPX,7778.53,7726.32,7575.0,39,752,0.174,0.005518
2026-09-22 15:37:42,SPX,7778.53,7726.32,7570.0,22,185,0.1764,0.005518
2026-09-22 15:37:42,SPX,7778.53,7726.32,7565.0,23,199,0.1789,0.005518
2026-09-22 15:37:42,SPX,7778.53,7726.32,7560.0,47,233,0.1813,0.005518
2026-09-22 15:37:42,SPX,7778.53,7726.32,8000.0,400,1,0.1464,0.005518
2026-09-22 15:37:42,SPX,7778.53,7726.32,7555.0,15,332,0.1838,0.005518
2026-09-22 15:37:42,SPX,7778.53,7726.32,7550.0,46,1142,0.1864,0.005518
2026-09-22 15:37:42,SPX,7778.53,7726.32,7545.0,10,326,0.189,0.005518
2026-09-22 15:37:42,SPX,7778.53,7726.32,7540.0,23,527,0.1916,0.005518
2026-09-22 15:37:42,SPX,7778.53,7726.32,7535.0,14,101,0.1943,0.005518
2026-09-22 15:37:42,SPX,7778.53,7726.32,8025.0,288,0,0.1579,0.005518
2026-09-22 15:37:42,SPX,7778.53,7726.32,7530.0,33,328,0.197,0.005518
