timestamp,symbol,spot,gflip,strike,oi_call,oi_put,iv,T
2026-08-13 09:47:04,SPX,7787.98,7737.0,7790.0,2020,148,0.1349,0.000709
2026-08-13 09:47:04,SPX,7787.98,7737.0,7785.0,1674,65,0.137,0.000709
2026-08-13 09:47:04,SPX,7787.98,7737.0,7795.0,888,60,0.1346,0.000709
2026-08-13 09:47:04,SPX,7787.98,7737.0,7780.0,2609,115,0.1385,0.000709
2026-08-13 09:47:04,SPX,7787.98,7737.0,7800.0,6376,537,0.1338,0.000709
2026-08-13 09:47:04,SPX,7787.98,7737.0,7775.0,1607,368,0.1408,0.000709
2026-08-13 09:47:04,SPX,7787.98,7737.0,7805.0,2822,59,0.1419,0.000709
2026-08-13 09:47:04,SPX,7787.98,7737.0,7770.0,1021,214,0.1437,0.000709
2026-08-13 09:47:04,SPX,7787.98,7737.0,7810.0,1880,41,0.1405,0.000709
2026-08-13 09:47:04,SPX,7787.98,7737.0,7765.0,800,320,0.14,0.000709
2026-08-13 09:47:04,SPX,7787.98,7737.0,7815.0,1194,30,0.1357,0.000709
2026-08-13 09:47:04,SPX,7787.98,7737.0,7760.0,1701,442,0.1506,0.000709
2026-08-13 09:47:04,SPX,7787.98,7737.0,7820.0,2984,5,0.1426,0.000709
2026-08-13 09:47:04,SPX,7787.98,7737.0,7755.0,1145,587,0.1561,0.000709
2026-08-13 09:47:04,SPX,7787.98,7737.0,7825.0,1925,100,0.1386,0.000709
2026-08-13 09:47:04,SPX,7787.98,7737.0,7750.0,3187,2030,0.1607,0.000709
2026-08-13 09:47:04,SPX,7787.98,7737.0,7830.0,2837,31,0.1424,0.000709
2026-08-13 09:47:04,SPX,7787.98,7737.0,7745.0,886,1121,0.1645,0.000709
2026-08-13 09:47:04,SPX,7787.98,7737.0,7835.0,749,19,0.1461,0.000709
2026-08-13 09:47:04,SPX,7787.98,7737.0,7740.0,779,920,0.1697,0.000709
2026-08-13 09:47:04,SPX,7787.98,7737.0,7840.0,1015,11,0.1491,0.000709
2026-08-13 09:47:04,SPX,7787.98,7737.0,7735.0,358,1079,0.1741,0.000709
2026-08-13 09:47:04,SPX,7787.98,7737.0,7845.0,632,2,0.152,0.000709
2026-08-13 09:47:04,SPX,7787.98,7737.0,7730.0,336,1313,0.1809,0.000709
2026-08-13 09:47:04,SPX,7787.98,7737.0,7850.0,1735,15,0.1553,0.000709
2026-08-13 09:47:04,SPX,7787.98,7737.0,7725.0,622,2857,0.1851,0.000709
2026-08-13 09:47:04,SPX,7787.98,7737.0,7855.0,751,32,0.1597,0.000709
2026-08-13 09:47:04,SPX,7787.98,7737.0,7720.0,223,1217,0.1903,0.000709
2026-08-13 09:47:04,SPX,7787.98,7737.0,7860.0,885,7,0.165,0.000709
2026-08-13 09:47:04,SPX,7787.98,7737.0,7715.0,223,2898,0.1981,0.000709
2026-08-13 09:47:04,SPX,7787.98,7737.0,7865.0,737,0,0.1709,0.000709
2026-08-13 09:47:04,SPX,7787.98,7737.0,7710.0,353,2025,0.2048,0.000709
2026-08-13 09:47:04,SPX,7787.98,7737.0,7870.0,971,26,0.177,0.000709
2026-08-13 09:47:04,SPX,7787.98,7737.0,7705.0,95,1546,0.2095,0.000709
2026-08-13 09:47:04,SPX,7787.98,7737.0,7875.0,4495,200,0.1833,0.000709
2026-08-13 09:47:04,SPX,7787.98,7737.0,7700.0,905,4205,0.2157,0.000709
2026-08-13 09:47:04,SPX,7787.98,7737.0,7880.0,1022,32,0.19,0.000709
2026-08-13 09:47:04,SPX,7787.98,7737.0,7695.0,236,1878,0.2205,0.000709
2026-08-13 09:47:04,SPX,7787.98,7737.0,7885.0,6747,0,0.1971,0.000709
2026-08-13 09:47:04,SPX,7787.98,7737.0,7690.0,226,1677,0.2254,0.000709
2026-08-13 09:47:04,SPX,7787.98,7737.0,7890.0,533,0,0.2047,0.000709
2026-08-13 09:47:04,SPX,7787.98,7737.0,7685.0,27,1636,0.2311,0.000709
2026-08-13 09:47:04,SPX,7787.98,7737.0,7895.0,634,10,0.213,0.000709
2026-08-13 09:47:04,SPX,7787.98,7737.0,7680.0,474,1497,0.2377,0.000709
2026-08-13 09:47:04,SPX,7787.98,7737.0,7900.0,8808,11,0.2214,0.000709
2026-08-13 09:47:04,SPX,7787.98,7737.0,7675.0,637,2901,0.245,0.000709
2026-08-13 09:47:04,SPX,7787.98,7737.0,7905.0,1051,0,0.2296,0.000709
2026-08-13 09:47:04,SPX,7787.98,7737.0,7670.0,388,2275,0.2524,0.000709
2026-08-13 09:47:04,SPX,7787.98,7737.0,7910.0,723,3,0.2371,0.000709
2026-08-13 09:47:04,SPX,7787.98,7737.0,7665.0,50,1385,0.2596,0.000709
2026-08-13 09:47:04,SPX,7787.98,7737.0,7790.0,851,203,0.1026,0.003447
2026-08-13 09:47:04,SPX,7787.98,7737.0,7785.0,445,87,0.1035,0.003447
2026-08-13 09:47:04,SPX,7787.98,7737.0,7795.0,708,83,0.1016,0.003447
2026-08-13 09:47:04,SPX,7787.98,7737.0,7780.0,1480,157,0.1046,0.003447
2026-08-13 09:47:04,SPX,7787.98,7737.0,7800.0,6186,471,0.1008,0.003447
2026-08-13 09:47:04,SPX,7787.98,7737.0,7775.0,3035,542,0.1057,0.003447
2026-08-13 09:47:04,SPX,7787.98,7737.0,7805.0,818,51,0.0999,0.003447
2026-08-13 09:47:04,SPX,7787.98,7737.0,7770.0,1070,435,0.1071,0.003447
2026-08-13 09:47:04,SPX,7787.98,7737.0,7810.0,2361,122,0.0994,0.003447
2026-08-13 09:47:04,SPX,7787.98,7737.0,7765.0,517,414,0.1081,0.003447
2026-08-13 09:47:04,SPX,7787.98,7737.0,7815.0,633,33,0.0987,0.003447
2026-08-13 09:47:04,SPX,7787.98,7737.0,7760.0,1404,1072,0.1104,0.003447
2026-08-13 09:47:04,SPX,7787.98,7737.0,7820.0,1937,106,0.0978,0.003447
2026-08-13 09:47:04,SPX,7787.98,7737.0,7755.0,1986,631,0.1109,0.003447
2026-08-13 09:47:04,SPX,7787.98,7737.0,7825.0,4944,41,0.0975,0.003447
2026-08-13 09:47:04,SPX,7787.98,7737.0,7750.0,5144,3619,0.1126,0.003447
2026-08-13 09:47:04,SPX,7787.98,7737.0,7830.0,2861,30,0.0973,0.003447
2026-08-13 09:47:04,SPX,7787.98,7737.0,7745.0,2285,2193,0.1151,0.003447
2026-08-13 09:47:04,SPX,7787.98,7737.0,7835.0,1016,9,0.0969,0.003447
2026-08-13 09:47:04,SPX,7787.98,7737.0,7740.0,911,1199,0.1162,0.003447
2026-08-13 09:47:04,SPX,7787.98,7737.0,7840.0,2382,31,0.0967,0.003447
2026-08-13 09:47:04,SPX,7787.98,7737.0,7735.0,569,482,0.1178,0.003447
2026-08-13 09:47:04,SPX,7787.98,7737.0,7845.0,1118,51,0.0974,0.003447
2026-08-13 09:47:04,SPX,7787.98,7737.0,7730.0,882,704,0.1206,0.003447
2026-08-13 09:47:04,SPX,7787.98,7737.0,7850.0,5480,70,0.0975,0.003447
2026-08-13 09:47:04,SPX,7787.98,7737.0,7725.0,2716,2543,0.1226,0.003447
2026-08-13 09:47:04,SPX,7787.98,7737.0,7855.0,1606,12,0.0974,0.003447
2026-08-13 09:47:04,SPX,7787.98,7737.0,7720.0,695,1009,0.1235,0.003447
2026-08-13 09:47:04,SPX,7787.98,7737.0,7860.0,1805,18,0.0977,0.003447
2026-08-13 09:47:04,SPX,7787.98,7737.0,7715.0,232,553,0.1253,0.003447
2026-08-13 09:47:04,SPX,7787.98,7737.0,7865.0,730,3,0.0988,0.003447
2026-08-13 09:47:04,SPX,7787.98,7737.0,7710.0,1041,1005,0.1278,0.003447
2026-08-13 09:47:04,SPX,7787.98,7737.0,7870.0,1959,14,0.1003,0.003447
2026-08-13 09:47:04,SPX,7787.98,7737.0,7705.0,160,859,0.1293,0.003447
2026-08-13 09:47:04,SPX,7787.98,7737.0,7875.0,2184,17,0.102,0.003447
2026-08-13 09:47:04,SPX,7787.98,7737.0,7700.0,3186,5076,0.132,0.003447
2026-08-13 09:47:04,SPX,7787.98,7737.0,7880.0,2825,1,0.104,0.003447
2026-08-13 09:47:04,SPX,7787.98,7737.0,7695.0,189,620,0.1332,0.003447
2026-08-13 09:47:04,SPX,7787.98,7737.0,7885.0,823,3,0.1061,0.003447
2026-08-13 09:47:04,SPX,7787.98,7737.0,7690.0,434,1321,0.1353,0.003447
2026-08-13 09:47:04,SPX,7787.98,7737.0,7890.0,1904,22,0.1084,0.003447
2026-08-13 09:47:04,SPX,7787.98,7737.0,7685.0,159,3460,0.1386,0.003447
2026-08-13 09:47:04,SPX,7787.98,7737.0,7895.0,768,5,0.1107,0.003447
2026-08-13 09:47:04,SPX,7787.98,7737.0,7680.0,638,1157,0.141,0.003447
2026-08-13 09:47:04,SPX,7787.98,7737.0,7900.0,9568,105,0.1131,0.003447
2026-08-13 09:47:04,SPX,7787.98,7737.0,7675.0,1216,4269,0.1438,0.003447
2026-08-13 09:47:04,SPX,7787.98,7737.0,7905.0,679,0,0.1156,0.003447
2026-08-13 09:47:04,SPX,7787.98,7737.0,7670.0,472,1055,0.1444,0.003447
2026-08-13 09:47:04,SPX,7787.98,7737.0,7910.0,1707,21,0.1183,0.003447
2026-08-13 09:47:04,SPX,7787.98,7737.0,7665.0,72,1158,0.1467,0.003447
2026-08-13 09:47:04,SPX,7787.98,7737.0,7790.0,249,47,0.0797,0.01166
2026-08-13 09:47:04,SPX,7787.98,7737.0,7785.0,450,0,0.0801,0.01166
2026-08-13 09:47:04,SPX,7787.98,7737.0,7795.0,148,27,0.0794,0.01166
2026-08-13 09:47:04,SPX,7787.98,7737.0,7780.0,0,71,0.0805,0.01166
2026-08-13 09:47:04,SPX,7787.98,7737.0,7800.0,1444,46,0.0792,0.01166
2026-08-13 09:47:04,SPX,7787.98,7737.0,7775.0,1483,294,0.081,0.01166
2026-08-13 09:47:04,SPX,7787.98,7737.0,7805.0,167,29,0.079,0.01166
2026-08-13 09:47:04,SPX,7787.98,7737.0,7770.0,458,539,0.0816,0.01166
2026-08-13 09:47:04,SPX,7787.98,7737.0,7810.0,377,22,0.0787,0.01166
2026-08-13 09:47:04,SPX,7787.98,7737.0,7765.0,231,298,0.0822,0.01166
2026-08-13 09:47:04,SPX,7787.98,7737.0,7815.0,155,19,0.0784,0.01166
2026-08-13 09:47:04,SPX,7787.98,7737.0,7760.0,441,486,0.083,0.01166
2026-08-13 09:47:04,SPX,7787.98,7737.0,7820.0,520,17,0.078,0.01166
2026-08-13 09:47:04,SPX,7787.98,7737.0,7755.0,286,274,0.0838,0.01166
2026-08-13 09:47:04,SPX,7787.98,7737.0,7825.0,1500,6,0.0777,0.01166
2026-08-13 09:47:04,SPX,7787.98,7737.0,7750.0,1153,1164,0.0848,0.01166
2026-08-13 09:47:04,SPX,7787.98,7737.0,7830.0,313,3,0.0775,0.01166
2026-08-13 09:47:04,SPX,7787.98,7737.0,7745.0,187,391,0.0855,0.01166
2026-08-13 09:47:04,SPX,7787.98,7737.0,7835.0,383,6,0.0774,0.01166
2026-08-13 09:47:04,SPX,7787.98,7737.0,7740.0,252,377,0.0865,0.01166
2026-08-13 09:47:04,SPX,7787.98,7737.0,7840.0,386,5,0.0775,0.01166
2026-08-13 09:47:04,SPX,7787.98,7737.0,7735.0,196,176,0.0877,0.01166
2026-08-13 09:47:04,SPX,7787.98,7737.0,7845.0,238,0,0.0776,0.01166
2026-08-13 09:47:04,SPX,7787.98,7737.0,7730.0,178,143,0.0882,0.01166
2026-08-13 09:47:04,SPX,7787.98,7737.0,7850.0,6744,11,0.0778,0.01166
2026-08-13 09:47:04,SPX,7787.98,7737.0,7725.0,2781,705,0.0893,0.01166
2026-08-13 09:47:04,SPX,7787.98,7737.0,7855.0,699,0,0.0779,0.01166
2026-08-13 09:47:04,SPX,7787.98,7737.0,7720.0,133,276,0.0903,0.01166
2026-08-13 09:47:04,SPX,7787.98,7737.0,7860.0,275,3,0.078,0.01166
2026-08-13 09:47:04,SPX,7787.98,7737.0,7715.0,94,136,0.0916,0.01166
2026-08-13 09:47:04,SPX,7787.98,7737.0,7865.0,546,1,0.0781,0.01166
2026-08-13 09:47:04,SPX,7787.98,7737.0,7710.0,217,342,0.0929,0.01166
2026-08-13 09:47:04,SPX,7787.98,7737.0,7870.0,343,1,0.0781,0.01166
2026-08-13 09:47:04,SPX,7787.98,7737.0,7705.0,47,207,0.0937,0.01166
2026-08-13 09:47:04,SPX,7787.98,7737.0,7875.0,5132,1,0.0782,0.01166
2026-08-13 09:47:04,SPX,7787.98,7737.0,7700.0,1101,3900,0.0946,0.01166
2026-08-13 09:47:04,SPX,7787.98,7737.0,7880.0,844,1,0.0784,0.01166
2026-08-13 09:47:04,SPX,7787.98,7737.0,7695.0,32,202,0.0959,0.01166
2026-08-13 09:47:04,SPX,7787.98,7737.0,7885.0,912,0,0.0786,0.01166
2026-08-13 09:47:04,SPX,7787.98,7737.0,7690.0,100,289,0.0974,0.01166
2026-08-13 09:47:04,SPX,7787.98,7737.0,7890.0,1802,2,0.0789,0.01166
2026-08-13 09:47:04,SPX,7787.98,7737.0,7685.0,31,162,0.0986,0.01166
2026-08-13 09:47:04,SPX,7787.98,7737.0,7895.0,696,4,0.0793,0.01166
2026-08-13 09:47:04,SPX,7787.98,7737.0,7680.0,57,146,0.0995,0.01166
2026-08-13 09:47:04,SPX,7787.98,7737.0,7900.0,8335,9,0.0798,0.01166
2026-08-13 09:47:04,SPX,7787.98,7737.0,7675.0,826,500,0.1001,0.01166
2026-08-13 09:47:04,SPX,7787.98,7737.0,7905.0,1960,0,0.0804,0.01166
2026-08-13 09:47:04,SPX,7787.98,7737.0,7670.0,87,359,0.1013,0.01166
2026-08-13 09:47:04,SPX,7787.98,7737.0,7910.0,1079,4,0.0812,0.01166
2026-08-13 09:47:04,SPX,7787.98,7737.0,7665.0,35,298,0.1022,0.01166
2026-08-13 10:17:26,SPX,7806.68,7728.6,7805.0,2822,59,0.1277,0.000651
2026-08-13 10:17:26,SPX,7806.68,7728.6,7810.0,1880,41,0.1266,0.000651
2026-08-13 10:17:26,SPX,7806.68,7728.6,7800.0,6376,537,0.1299,0.000651
2026-08-13 10:17:26,SPX,7806.68,7728.6,7815.0,1194,30,0.1253,0.000651
2026-08-13 10:17:26,SPX,7806.68,7728.6,7795.0,888,60,0.1337,0.000651
2026-08-13 10:17:26,SPX,7806.68,7728.6,7820.0,2984,5,0.1245,0.000651
2026-08-13 10:17:26,SPX,7806.68,7728.6,7790.0,2020,148,0.1384,0.000651
2026-08-13 10:17:26,SPX,7806.68,7728.6,7825.0,1925,100,0.1257,0.000651
2026-08-13 10:17:26,SPX,7806.68,7728.6,7785.0,1674,65,0.1433,0.000651
2026-08-13 10:17:26,SPX,7806.68,7728.6,7830.0,2837,31,0.1278,0.000651
2026-08-13 10:17:26,SPX,7806.68,7728.6,7780.0,2609,115,0.1481,0.000651
2026-08-13 10:17:26,SPX,7806.68,7728.6,7835.0,749,19,0.131,0.000651
2026-08-13 10:17:26,SPX,7806.68,7728.6,7775.0,1607,368,0.1538,0.000651
2026-08-13 10:17:26,SPX,7806.68,7728.6,7840.0,1015,11,0.1337,0.000651
2026-08-13 10:17:26,SPX,7806.68,7728.6,7770.0,1021,214,0.1592,0.000651
2026-08-13 10:17:26,SPX,7806.68,7728.6,7845.0,632,2,0.1367,0.000651
2026-08-13 10:17:26,SPX,7806.68,7728.6,7765.0,800,320,0.165,0.000651
2026-08-13 10:17:26,SPX,7806.68,7728.6,7850.0,1735,15,0.1405,0.000651
2026-08-13 10:17:26,SPX,7806.68,7728.6,7760.0,1701,442,0.1717,0.000651
2026-08-13 10:17:26,SPX,7806.68,7728.6,7855.0,751,32,0.1461,0.000651
2026-08-13 10:17:26,SPX,7806.68,7728.6,7755.0,1145,587,0.1767,0.000651
2026-08-13 10:17:26,SPX,7806.68,7728.6,7860.0,885,7,0.1525,0.000651
2026-08-13 10:17:26,SPX,7806.68,7728.6,7750.0,3187,2030,0.1824,0.000651
2026-08-13 10:17:26,SPX,7806.68,7728.6,7865.0,737,0,0.1586,0.000651
2026-08-13 10:17:26,SPX,7806.68,7728.6,7745.0,886,1121,0.1914,0.000651
2026-08-13 10:17:26,SPX,7806.68,7728.6,7870.0,971,26,0.1644,0.000651
2026-08-13 10:17:26,SPX,7806.68,7728.6,7740.0,779,920,0.1958,0.000651
2026-08-13 10:17:26,SPX,7806.68,7728.6,7875.0,4495,200,0.1703,0.000651
2026-08-13 10:17:26,SPX,7806.68,7728.6,7735.0,358,1079,0.2027,0.000651
2026-08-13 10:17:26,SPX,7806.68,7728.6,7880.0,1022,32,0.1763,0.000651
2026-08-13 10:17:26,SPX,7806.68,7728.6,7730.0,336,1313,0.2107,0.000651
2026-08-13 10:17:26,SPX,7806.68,7728.6,7885.0,6747,0,0.1825,0.000651
2026-08-13 10:17:26,SPX,7806.68,7728.6,7725.0,622,2857,0.2181,0.000651
2026-08-13 10:17:26,SPX,7806.68,7728.6,7890.0,533,0,0.189,0.000651
2026-08-13 10:17:26,SPX,7806.68,7728.6,7720.0,223,1217,0.222,0.000651
2026-08-13 10:17:26,SPX,7806.68,7728.6,7895.0,634,10,0.196,0.000651
2026-08-13 10:17:26,SPX,7806.68,7728.6,7715.0,223,2898,0.2278,0.000651
2026-08-13 10:17:26,SPX,7806.68,7728.6,7900.0,8808,11,0.2032,0.000651
2026-08-13 10:17:26,SPX,7806.68,7728.6,7710.0,353,2025,0.2349,0.000651
2026-08-13 10:17:26,SPX,7806.68,7728.6,7905.0,1051,0,0.2102,0.000651
2026-08-13 10:17:26,SPX,7806.68,7728.6,7705.0,95,1546,0.2436,0.000651
2026-08-13 10:17:26,SPX,7806.68,7728.6,7910.0,723,3,0.2171,0.000651
2026-08-13 10:17:26,SPX,7806.68,7728.6,7700.0,905,4205,0.2525,0.000651
2026-08-13 10:17:26,SPX,7806.68,7728.6,7915.0,2242,0,0.2239,0.000651
2026-08-13 10:17:26,SPX,7806.68,7728.6,7695.0,236,1878,0.261,0.000651
2026-08-13 10:17:26,SPX,7806.68,7728.6,7920.0,4441,3,0.2307,0.000651
2026-08-13 10:17:26,SPX,7806.68,7728.6,7690.0,226,1677,0.2689,0.000651
2026-08-13 10:17:26,SPX,7806.68,7728.6,7925.0,6762,0,0.2376,0.000651
2026-08-13 10:17:26,SPX,7806.68,7728.6,7685.0,27,1636,0.2762,0.000651
2026-08-13 10:17:26,SPX,7806.68,7728.6,7930.0,1316,0,0.245,0.000651
2026-08-13 10:17:26,SPX,7806.68,7728.6,7805.0,818,51,0.1118,0.003389
2026-08-13 10:17:26,SPX,7806.68,7728.6,7810.0,2361,122,0.1108,0.003389
2026-08-13 10:17:26,SPX,7806.68,7728.6,7800.0,6186,471,0.1126,0.003389
2026-08-13 10:17:26,SPX,7806.68,7728.6,7815.0,633,33,0.11,0.003389
2026-08-13 10:17:26,SPX,7806.68,7728.6,7795.0,708,83,0.1138,0.003389
2026-08-13 10:17:26,SPX,7806.68,7728.6,7820.0,1937,106,0.1096,0.003389
2026-08-13 10:17:26,SPX,7806.68,7728.6,7790.0,851,203,0.1146,0.003389
2026-08-13 10:17:26,SPX,7806.68,7728.6,7825.0,4944,41,0.1092,0.003389
2026-08-13 10:17:26,SPX,7806.68,7728.6,7785.0,445,87,0.1161,0.003389
2026-08-13 10:17:26,SPX,7806.68,7728.6,7830.0,2861,30,0.1088,0.003389
2026-08-13 10:17:26,SPX,7806.68,7728.6,7780.0,1480,157,0.1173,0.003389
2026-08-13 10:17:26,SPX,7806.68,7728.6,7835.0,1016,9,0.1084,0.003389
2026-08-13 10:17:26,SPX,7806.68,7728.6,7775.0,3035,542,0.1188,0.003389
2026-08-13 10:17:26,SPX,7806.68,7728.6,7840.0,2382,31,0.108,0.003389
2026-08-13 10:17:26,SPX,7806.68,7728.6,7770.0,1070,435,0.1212,0.003389
2026-08-13 10:17:26,SPX,7806.68,7728.6,7845.0,1118,51,0.1076,0.003389
2026-08-13 10:17:26,SPX,7806.68,7728.6,7765.0,517,414,0.1235,0.003389
2026-08-13 10:17:26,SPX,7806.68,7728.6,7850.0,5480,70,0.1073,0.003389
2026-08-13 10:17:26,SPX,7806.68,7728.6,7760.0,1404,1072,0.1246,0.003389
2026-08-13 10:17:26,SPX,7806.68,7728.6,7855.0,1606,12,0.1072,0.003389
2026-08-13 10:17:26,SPX,7806.68,7728.6,7755.0,1986,631,0.1263,0.003389
2026-08-13 10:17:26,SPX,7806.68,7728.6,7860.0,1805,18,0.1075,0.003389
2026-08-13 10:17:26,SPX,7806.68,7728.6,7750.0,5144,3619,0.1282,0.003389
2026-08-13 10:17:26,SPX,7806.68,7728.6,7865.0,730,3,0.1081,0.003389
2026-08-13 10:17:26,SPX,7806.68,7728.6,7745.0,2285,2193,0.1298,0.003389
2026-08-13 10:17:26,SPX,7806.68,7728.6,7870.0,1959,14,0.1091,0.003389
2026-08-13 10:17:26,SPX,7806.68,7728.6,7740.0,911,1199,0.1317,0.003389
2026-08-13 10:17:26,SPX,7806.68,7728.6,7875.0,2184,17,0.1104,0.003389
2026-08-13 10:17:26,SPX,7806.68,7728.6,7735.0,569,482,0.134,0.003389
2026-08-13 10:17:26,SPX,7806.68,7728.6,7880.0,2825,1,0.1118,0.003389
2026-08-13 10:17:26,SPX,7806.68,7728.6,7730.0,882,704,0.1358,0.003389
2026-08-13 10:17:26,SPX,7806.68,7728.6,7885.0,823,3,0.1134,0.003389
2026-08-13 10:17:26,SPX,7806.68,7728.6,7725.0,2716,2543,0.1382,0.003389
2026-08-13 10:17:26,SPX,7806.68,7728.6,7890.0,1904,22,0.115,0.003389
2026-08-13 10:17:26,SPX,7806.68,7728.6,7720.0,695,1009,0.1408,0.003389
2026-08-13 10:17:26,SPX,7806.68,7728.6,7895.0,768,5,0.1167,0.003389
2026-08-13 10:17:26,SPX,7806.68,7728.6,7715.0,232,553,0.1424,0.003389
2026-08-13 10:17:26,SPX,7806.68,7728.6,7900.0,9568,105,0.1186,0.003389
2026-08-13 10:17:26,SPX,7806.68,7728.6,7710.0,1041,1005,0.1456,0.003389
2026-08-13 10:17:26,SPX,7806.68,7728.6,7905.0,679,0,0.1205,0.003389
2026-08-13 10:17:26,SPX,7806.68,7728.6,7705.0,160,859,0.1484,0.003389
2026-08-13 10:17:26,SPX,7806.68,7728.6,7910.0,1707,21,0.1227,0.003389
2026-08-13 10:17:26,SPX,7806.68,7728.6,7700.0,3186,5076,0.1506,0.003389
2026-08-13 10:17:26,SPX,7806.68,7728.6,7915.0,960,3,0.125,0.003389
2026-08-13 10:17:26,SPX,7806.68,7728.6,7695.0,189,620,0.1514,0.003389
2026-08-13 10:17:26,SPX,7806.68,7728.6,7920.0,1632,0,0.1276,0.003389
2026-08-13 10:17:26,SPX,7806.68,7728.6,7690.0,434,1321,0.1533,0.003389
2026-08-13 10:17:26,SPX,7806.68,7728.6,7925.0,1280,1,0.1303,0.003389
2026-08-13 10:17:26,SPX,7806.68,7728.6,7685.0,159,3460,0.1581,0.003389
2026-08-13 10:17:26,SPX,7806.68,7728.6,7930.0,618,1,0.1332,0.003389
2026-08-13 10:17:26,SPX,7806.68,7728.6,7805.0,167,29,0.0866,0.011603
2026-08-13 10:17:26,SPX,7806.68,7728.6,7810.0,377,22,0.086,0.011603
2026-08-13 10:17:26,SPX,7806.68,7728.6,7800.0,1444,46,0.0871,0.011603
2026-08-13 10:17:26,SPX,7806.68,7728.6,7815.0,155,19,0.0855,0.011603
2026-08-13 10:17:26,SPX,7806.68,7728.6,7795.0,148,27,0.0875,0.011603
2026-08-13 10:17:26,SPX,7806.68,7728.6,7820.0,520,17,0.0851,0.011603
2026-08-13 10:17:26,SPX,7806.68,7728.6,7790.0,249,47,0.0878,0.011603
2026-08-13 10:17:26,SPX,7806.68,7728.6,7825.0,1500,6,0.0848,0.011603
2026-08-13 10:17:26,SPX,7806.68,7728.6,7785.0,450,92,0.0882,0.011603
2026-08-13 10:17:26,SPX,7806.68,7728.6,7830.0,313,3,0.0846,0.011603
2026-08-13 10:17:26,SPX,7806.68,7728.6,7780.0,256,71,0.0888,0.011603
2026-08-13 10:17:26,SPX,7806.68,7728.6,7835.0,383,6,0.0845,0.011603
2026-08-13 10:17:26,SPX,7806.68,7728.6,7775.0,1483,294,0.0895,0.011603
2026-08-13 10:17:26,SPX,7806.68,7728.6,7840.0,386,5,0.0845,0.011603
2026-08-13 10:17:26,SPX,7806.68,7728.6,7770.0,458,539,0.0902,0.011603
2026-08-13 10:17:26,SPX,7806.68,7728.6,7845.0,238,0,0.0845,0.011603
2026-08-13 10:17:26,SPX,7806.68,7728.6,7765.0,231,298,0.0909,0.011603
2026-08-13 10:17:26,SPX,7806.68,7728.6,7850.0,6744,11,0.0846,0.011603
2026-08-13 10:17:26,SPX,7806.68,7728.6,7760.0,441,486,0.0916,0.011603
2026-08-13 10:17:26,SPX,7806.68,7728.6,7855.0,699,0,0.0848,0.011603
2026-08-13 10:17:26,SPX,7806.68,7728.6,7755.0,286,274,0.0926,0.011603
2026-08-13 10:17:26,SPX,7806.68,7728.6,7860.0,275,3,0.0849,0.011603
2026-08-13 10:17:26,SPX,7806.68,7728.6,7750.0,1153,1164,0.0935,0.011603
2026-08-13 10:17:26,SPX,7806.68,7728.6,7865.0,546,1,0.085,0.011603
2026-08-13 10:17:26,SPX,7806.68,7728.6,7745.0,187,0,0.0945,0.011603
2026-08-13 10:17:26,SPX,7806.68,7728.6,7870.0,343,1,0.0851,0.011603
2026-08-13 10:17:26,SPX,7806.68,7728.6,7740.0,252,377,0.0954,0.011603
2026-08-13 10:17:26,SPX,7806.68,7728.6,7875.0,5132,1,0.0852,0.011603
2026-08-13 10:17:26,SPX,7806.68,7728.6,7735.0,196,176,0.0964,0.011603
2026-08-13 10:17:26,SPX,7806.68,7728.6,7880.0,844,1,0.0854,0.011603
2026-08-13 10:17:26,SPX,7806.68,7728.6,7730.0,178,143,0.0978,0.011603
2026-08-13 10:17:26,SPX,7806.68,7728.6,7885.0,912,0,0.0856,0.011603
2026-08-13 10:17:26,SPX,7806.68,7728.6,7725.0,2781,705,0.099,0.011603
2026-08-13 10:17:26,SPX,7806.68,7728.6,7890.0,1802,2,0.0859,0.011603
2026-08-13 10:17:26,SPX,7806.68,7728.6,7720.0,133,276,0.0997,0.011603
2026-08-13 10:17:26,SPX,7806.68,7728.6,7895.0,696,4,0.0862,0.011603
2026-08-13 10:17:26,SPX,7806.68,7728.6,7715.0,94,136,0.1006,0.011603
2026-08-13 10:17:26,SPX,7806.68,7728.6,7900.0,8335,9,0.0866,0.011603
2026-08-13 10:17:26,SPX,7806.68,7728.6,7710.0,217,342,0.1016,0.011603
2026-08-13 10:17:26,SPX,7806.68,7728.6,7905.0,1960,0,0.0872,0.011603
2026-08-13 10:17:26,SPX,7806.68,7728.6,7705.0,47,207,0.1028,0.011603
2026-08-13 10:17:26,SPX,7806.68,7728.6,7910.0,1079,4,0.0878,0.011603
2026-08-13 10:17:26,SPX,7806.68,7728.6,7700.0,1101,3900,0.1039,0.011603
2026-08-13 10:17:26,SPX,7806.68,7728.6,7915.0,448,0,0.0884,0.011603
2026-08-13 10:17:26,SPX,7806.68,7728.6,7695.0,32,202,0.1048,0.011603
2026-08-13 10:17:26,SPX,7806.68,7728.6,7920.0,591,0,0.0892,0.011603
2026-08-13 10:17:26,SPX,7806.68,7728.6,7690.0,100,289,0.106,0.011603
2026-08-13 10:17:26,SPX,7806.68,7728.6,7925.0,851,0,0.09,0.011603
2026-08-13 10:17:26,SPX,7806.68,7728.6,7685.0,31,162,0.107,0.011603
2026-08-13 10:17:26,SPX,7806.68,7728.6,7930.0,491,0,0.0909,0.011603
2026-08-13 10:47:38,SPX,7806.43,7732.68,7805.0,2822,59,0.1235,0.000594
2026-08-13 10:47:38,SPX,7806.43,7732.68,7810.0,1880,41,0.1213,0.000594
2026-08-13 10:47:38,SPX,7806.43,7732.68,7800.0,6376,537,0.1273,0.000594
2026-08-13 10:47:38,SPX,7806.43,7732.68,7795.0,888,60,0.1305,0.000594
2026-08-13 10:47:38,SPX,7806.43,7732.68,7780.0,2609,0,0.15,0.000594
2026-08-13 10:47:38,SPX,7806.43,7732.68,7770.0,1021,214,0.1617,0.000594
2026-08-13 10:47:38,SPX,7806.43,7732.68,7845.0,632,2,0.1255,0.000594
2026-08-13 10:47:38,SPX,7806.43,7732.68,7765.0,800,320,0.169,0.000594
2026-08-13 10:47:38,SPX,7806.43,7732.68,7850.0,1735,15,0.1289,0.000594
2026-08-13 10:47:38,SPX,7806.43,7732.68,7760.0,1701,442,0.1763,0.000594
2026-08-13 10:47:38,SPX,7806.43,7732.68,7855.0,751,32,0.1342,0.000594
2026-08-13 10:47:38,SPX,7806.43,7732.68,7755.0,1145,587,0.1836,0.000594
2026-08-13 10:47:38,SPX,7806.43,7732.68,7860.0,885,7,0.1415,0.000594
2026-08-13 10:47:38,SPX,7806.43,7732.68,7750.0,3187,2030,0.1888,0.000594
2026-08-13 10:47:38,SPX,7806.43,7732.68,7865.0,737,0,0.1503,0.000594
2026-08-13 10:47:38,SPX,7806.43,7732.68,7745.0,886,1121,0.1977,0.000594
2026-08-13 10:47:38,SPX,7806.43,7732.68,7870.0,971,26,0.1646,0.000594
2026-08-13 10:47:38,SPX,7806.43,7732.68,7740.0,779,920,0.1993,0.000594
2026-08-13 10:47:38,SPX,7806.43,7732.68,7875.0,4495,200,0.1724,0.000594
2026-08-13 10:47:38,SPX,7806.43,7732.68,7735.0,358,1079,0.205,0.000594
2026-08-13 10:47:38,SPX,7806.43,7732.68,7880.0,1022,32,0.1801,0.000594
2026-08-13 10:47:38,SPX,7806.43,7732.68,7730.0,336,1313,0.2154,0.000594
2026-08-13 10:47:38,SPX,7806.43,7732.68,7885.0,6747,0,0.1877,0.000594
2026-08-13 10:47:38,SPX,7806.43,7732.68,7725.0,622,2857,0.2224,0.000594
2026-08-13 10:47:38,SPX,7806.43,7732.68,7890.0,533,0,0.1954,0.000594
2026-08-13 10:47:38,SPX,7806.43,7732.68,7720.0,223,1217,0.2307,0.000594
2026-08-13 10:47:38,SPX,7806.43,7732.68,7895.0,634,10,0.203,0.000594
2026-08-13 10:47:38,SPX,7806.43,7732.68,7715.0,223,2898,0.2369,0.000594
2026-08-13 10:47:38,SPX,7806.43,7732.68,7900.0,8808,11,0.2105,0.000594
2026-08-13 10:47:38,SPX,7806.43,7732.68,7710.0,353,2025,0.2432,0.000594
2026-08-13 10:47:38,SPX,7806.43,7732.68,7905.0,1051,0,0.2181,0.000594
2026-08-13 10:47:38,SPX,7806.43,7732.68,7705.0,95,1546,0.2495,0.000594
2026-08-13 10:47:38,SPX,7806.43,7732.68,7910.0,723,3,0.2258,0.000594
2026-08-13 10:47:38,SPX,7806.43,7732.68,7700.0,905,4205,0.2574,0.000594
2026-08-13 10:47:38,SPX,7806.43,7732.68,7915.0,2242,0,0.2334,0.000594
2026-08-13 10:47:38,SPX,7806.43,7732.68,7695.0,236,1878,0.2663,0.000594
2026-08-13 10:47:38,SPX,7806.43,7732.68,7920.0,4441,3,0.2411,0.000594
2026-08-13 10:47:38,SPX,7806.43,7732.68,7690.0,226,1677,0.2749,0.000594
2026-08-13 10:47:38,SPX,7806.43,7732.68,7925.0,6762,0,0.2489,0.000594
2026-08-13 10:47:38,SPX,7806.43,7732.68,7685.0,27,1636,0.2835,0.000594
2026-08-13 10:47:38,SPX,7806.43,7732.68,7930.0,1316,0,0.2569,0.000594
2026-08-13 10:47:38,SPX,7806.43,7732.68,7805.0,818,51,0.1085,0.003332
2026-08-13 10:47:38,SPX,7806.43,7732.68,7810.0,2361,122,0.1073,0.003332
2026-08-13 10:47:38,SPX,7806.43,7732.68,7800.0,6186,471,0.1097,0.003332
2026-08-13 10:47:38,SPX,7806.43,7732.68,7815.0,633,33,0.1063,0.003332
2026-08-13 10:47:38,SPX,7806.43,7732.68,7795.0,708,83,0.1109,0.003332
2026-08-13 10:47:38,SPX,7806.43,7732.68,7820.0,1937,106,0.1054,0.003332
2026-08-13 10:47:38,SPX,7806.43,7732.68,7790.0,851,203,0.1122,0.003332
2026-08-13 10:47:38,SPX,7806.43,7732.68,7825.0,4944,41,0.1047,0.003332
2026-08-13 10:47:38,SPX,7806.43,7732.68,7785.0,445,87,0.1137,0.003332
2026-08-13 10:47:38,SPX,7806.43,7732.68,7830.0,2861,30,0.1038,0.003332
2026-08-13 10:47:38,SPX,7806.43,7732.68,7780.0,1480,157,0.1167,0.003332
2026-08-13 10:47:38,SPX,7806.43,7732.68,7835.0,1016,9,0.1034,0.003332
2026-08-13 10:47:38,SPX,7806.43,7732.68,7775.0,3035,542,0.1174,0.003332
2026-08-13 10:47:38,SPX,7806.43,7732.68,7840.0,2382,31,0.1026,0.003332
2026-08-13 10:47:38,SPX,7806.43,7732.68,7770.0,1070,435,0.119,0.003332
2026-08-13 10:47:38,SPX,7806.43,7732.68,7845.0,1118,51,0.1021,0.003332
2026-08-13 10:47:38,SPX,7806.43,7732.68,7765.0,517,414,0.1209,0.003332
2026-08-13 10:47:38,SPX,7806.43,7732.68,7850.0,5480,70,0.1018,0.003332
2026-08-13 10:47:38,SPX,7806.43,7732.68,7760.0,1404,1072,0.1229,0.003332
2026-08-13 10:47:38,SPX,7806.43,7732.68,7855.0,1606,12,0.102,0.003332
2026-08-13 10:47:38,SPX,7806.43,7732.68,7755.0,1986,631,0.1253,0.003332
2026-08-13 10:47:38,SPX,7806.43,7732.68,7860.0,1805,18,0.1025,0.003332
2026-08-13 10:47:38,SPX,7806.43,7732.68,7750.0,5144,3619,0.1285,0.003332
2026-08-13 10:47:38,SPX,7806.43,7732.68,7865.0,730,3,0.1027,0.003332
2026-08-13 10:47:38,SPX,7806.43,7732.68,7745.0,2285,2193,0.1292,0.003332
2026-08-13 10:47:38,SPX,7806.43,7732.68,7870.0,1959,14,0.1028,0.003332
2026-08-13 10:47:38,SPX,7806.43,7732.68,7740.0,911,1199,0.1311,0.003332
2026-08-13 10:47:38,SPX,7806.43,7732.68,7875.0,2184,17,0.1032,0.003332
2026-08-13 10:47:38,SPX,7806.43,7732.68,7735.0,569,482,0.1334,0.003332
2026-08-13 10:47:38,SPX,7806.43,7732.68,7880.0,2825,1,0.1042,0.003332
2026-08-13 10:47:38,SPX,7806.43,7732.68,7730.0,882,704,0.1371,0.003332
2026-08-13 10:47:38,SPX,7806.43,7732.68,7885.0,823,3,0.1057,0.003332
2026-08-13 10:47:38,SPX,7806.43,7732.68,7725.0,2716,2543,0.1387,0.003332
2026-08-13 10:47:38,SPX,7806.43,7732.68,7890.0,1904,22,0.1076,0.003332
2026-08-13 10:47:38,SPX,7806.43,7732.68,7720.0,695,1009,0.1414,0.003332
2026-08-13 10:47:38,SPX,7806.43,7732.68,7895.0,768,5,0.1099,0.003332
2026-08-13 10:47:38,SPX,7806.43,7732.68,7715.0,232,553,0.1445,0.003332
2026-08-13 10:47:38,SPX,7806.43,7732.68,7900.0,9568,105,0.1124,0.003332
2026-08-13 10:47:38,SPX,7806.43,7732.68,7710.0,1041,1005,0.147,0.003332
2026-08-13 10:47:38,SPX,7806.43,7732.68,7905.0,679,0,0.1149,0.003332
2026-08-13 10:47:38,SPX,7806.43,7732.68,7705.0,160,859,0.1494,0.003332
2026-08-13 10:47:38,SPX,7806.43,7732.68,7910.0,1707,21,0.1175,0.003332
2026-08-13 10:47:38,SPX,7806.43,7732.68,7700.0,3186,5076,0.1507,0.003332
2026-08-13 10:47:38,SPX,7806.43,7732.68,7915.0,960,3,0.1201,0.003332
2026-08-13 10:47:38,SPX,7806.43,7732.68,7695.0,189,620,0.153,0.003332
2026-08-13 10:47:38,SPX,7806.43,7732.68,7920.0,1632,0,0.1227,0.003332
2026-08-13 10:47:38,SPX,7806.43,7732.68,7690.0,434,1321,0.1572,0.003332
2026-08-13 10:47:38,SPX,7806.43,7732.68,7925.0,1280,1,0.1254,0.003332
2026-08-13 10:47:38,SPX,7806.43,7732.68,7685.0,159,3460,0.16,0.003332
2026-08-13 10:47:38,SPX,7806.43,7732.68,7930.0,618,1,0.1281,0.003332
2026-08-13 10:47:38,SPX,7806.43,7732.68,7805.0,167,29,0.0821,0.011545
2026-08-13 10:47:38,SPX,7806.43,7732.68,7810.0,377,22,0.0817,0.011545
2026-08-13 10:47:38,SPX,7806.43,7732.68,7800.0,1444,46,0.0825,0.011545
2026-08-13 10:47:38,SPX,7806.43,7732.68,7815.0,155,19,0.0814,0.011545
2026-08-13 10:47:38,SPX,7806.43,7732.68,7795.0,148,27,0.0829,0.011545
2026-08-13 10:47:38,SPX,7806.43,7732.68,7820.0,520,17,0.0811,0.011545
2026-08-13 10:47:38,SPX,7806.43,7732.68,7790.0,249,47,0.0836,0.011545
2026-08-13 10:47:38,SPX,7806.43,7732.68,7825.0,1500,6,0.0807,0.011545
2026-08-13 10:47:38,SPX,7806.43,7732.68,7785.0,450,92,0.0845,0.011545
2026-08-13 10:47:38,SPX,7806.43,7732.68,7830.0,313,3,0.0803,0.011545
2026-08-13 10:47:38,SPX,7806.43,7732.68,7780.0,256,71,0.085,0.011545
2026-08-13 10:47:38,SPX,7806.43,7732.68,7835.0,383,6,0.0799,0.011545
2026-08-13 10:47:38,SPX,7806.43,7732.68,7775.0,1483,294,0.0859,0.011545
2026-08-13 10:47:38,SPX,7806.43,7732.68,7840.0,386,5,0.0797,0.011545
2026-08-13 10:47:38,SPX,7806.43,7732.68,7770.0,458,539,0.0867,0.011545
2026-08-13 10:47:38,SPX,7806.43,7732.68,7845.0,238,0,0.0795,0.011545
2026-08-13 10:47:38,SPX,7806.43,7732.68,7765.0,231,298,0.0874,0.011545
2026-08-13 10:47:38,SPX,7806.43,7732.68,7850.0,6744,11,0.0794,0.011545
2026-08-13 10:47:38,SPX,7806.43,7732.68,7760.0,441,486,0.0883,0.011545
2026-08-13 10:47:38,SPX,7806.43,7732.68,7855.0,699,0,0.0794,0.011545
2026-08-13 10:47:38,SPX,7806.43,7732.68,7755.0,286,274,0.089,0.011545
2026-08-13 10:47:38,SPX,7806.43,7732.68,7860.0,275,3,0.0794,0.011545
2026-08-13 10:47:38,SPX,7806.43,7732.68,7750.0,1153,1164,0.09,0.011545
2026-08-13 10:47:38,SPX,7806.43,7732.68,7865.0,546,1,0.0795,0.011545
2026-08-13 10:47:38,SPX,7806.43,7732.68,7745.0,187,391,0.0914,0.011545
2026-08-13 10:47:38,SPX,7806.43,7732.68,7870.0,343,1,0.0795,0.011545
2026-08-13 10:47:38,SPX,7806.43,7732.68,7740.0,252,377,0.0925,0.011545
2026-08-13 10:47:38,SPX,7806.43,7732.68,7875.0,5132,1,0.0795,0.011545
2026-08-13 10:47:38,SPX,7806.43,7732.68,7735.0,196,176,0.0932,0.011545
2026-08-13 10:47:38,SPX,7806.43,7732.68,7880.0,844,1,0.0796,0.011545
2026-08-13 10:47:38,SPX,7806.43,7732.68,7730.0,178,143,0.0939,0.011545
2026-08-13 10:47:38,SPX,7806.43,7732.68,7885.0,912,0,0.0796,0.011545
2026-08-13 10:47:38,SPX,7806.43,7732.68,7725.0,2781,705,0.0955,0.011545
2026-08-13 10:47:38,SPX,7806.43,7732.68,7890.0,1802,2,0.0797,0.011545
2026-08-13 10:47:38,SPX,7806.43,7732.68,7720.0,133,276,0.0971,0.011545
2026-08-13 10:47:38,SPX,7806.43,7732.68,7895.0,696,4,0.0798,0.011545
2026-08-13 10:47:38,SPX,7806.43,7732.68,7715.0,94,136,0.0979,0.011545
2026-08-13 10:47:38,SPX,7806.43,7732.68,7900.0,8335,9,0.0801,0.011545
2026-08-13 10:47:38,SPX,7806.43,7732.68,7710.0,217,342,0.0991,0.011545
2026-08-13 10:47:38,SPX,7806.43,7732.68,7905.0,1960,0,0.0804,0.011545
2026-08-13 10:47:38,SPX,7806.43,7732.68,7705.0,47,207,0.1001,0.011545
2026-08-13 10:47:38,SPX,7806.43,7732.68,7910.0,1079,4,0.0809,0.011545
2026-08-13 10:47:38,SPX,7806.43,7732.68,7700.0,1101,3900,0.101,0.011545
2026-08-13 10:47:38,SPX,7806.43,7732.68,7915.0,448,0,0.0814,0.011545
2026-08-13 10:47:38,SPX,7806.43,7732.68,7695.0,32,202,0.1024,0.011545
2026-08-13 10:47:38,SPX,7806.43,7732.68,7920.0,591,0,0.0821,0.011545
2026-08-13 10:47:38,SPX,7806.43,7732.68,7690.0,100,289,0.104,0.011545
2026-08-13 10:47:38,SPX,7806.43,7732.68,7925.0,851,0,0.0828,0.011545
2026-08-13 10:47:38,SPX,7806.43,7732.68,7685.0,31,162,0.1056,0.011545
2026-08-13 10:47:38,SPX,7806.43,7732.68,7930.0,491,0,0.0837,0.011545
2026-08-13 11:17:50,SPX,7793.62,7737.93,7795.0,888,60,0.1238,0.000536
2026-08-13 11:17:50,SPX,7793.62,7737.93,7790.0,2020,148,0.1277,0.000536
2026-08-13 11:17:50,SPX,7793.62,7737.93,7800.0,6376,537,0.1206,0.000536
2026-08-13 11:17:50,SPX,7793.62,7737.93,7785.0,1674,65,0.1315,0.000536
2026-08-13 11:17:50,SPX,7793.62,7737.93,7805.0,2822,59,0.1181,0.000536
2026-08-13 11:17:50,SPX,7793.62,7737.93,7780.0,2609,115,0.1351,0.000536
2026-08-13 11:17:50,SPX,7793.62,7737.93,7810.0,1880,41,0.1166,0.000536
2026-08-13 11:17:50,SPX,7793.62,7737.93,7775.0,1607,368,0.1404,0.000536
2026-08-13 11:17:50,SPX,7793.62,7737.93,7815.0,1194,30,0.1164,0.000536
2026-08-13 11:17:50,SPX,7793.62,7737.93,7770.0,1021,214,0.1455,0.000536
2026-08-13 11:17:50,SPX,7793.62,7737.93,7820.0,2984,5,0.1173,0.000536
2026-08-13 11:17:50,SPX,7793.62,7737.93,7765.0,800,320,0.1503,0.000536
2026-08-13 11:17:50,SPX,7793.62,7737.93,7825.0,1925,100,0.119,0.000536
2026-08-13 11:17:50,SPX,7793.62,7737.93,7760.0,1701,442,0.1565,0.000536
2026-08-13 11:17:50,SPX,7793.62,7737.93,7830.0,2837,31,0.1215,0.000536
2026-08-13 11:17:50,SPX,7793.62,7737.93,7755.0,1145,587,0.1634,0.000536
2026-08-13 11:17:50,SPX,7793.62,7737.93,7835.0,749,19,0.1252,0.000536
2026-08-13 11:17:50,SPX,7793.62,7737.93,7750.0,3187,2030,0.168,0.000536
2026-08-13 11:17:50,SPX,7793.62,7737.93,7840.0,1015,11,0.1304,0.000536
2026-08-13 11:17:50,SPX,7793.62,7737.93,7745.0,886,1121,0.176,0.000536
2026-08-13 11:17:50,SPX,7793.62,7737.93,7845.0,632,2,0.1368,0.000536
2026-08-13 11:17:50,SPX,7793.62,7737.93,7740.0,779,920,0.1799,0.000536
2026-08-13 11:17:50,SPX,7793.62,7737.93,7850.0,1735,15,0.1441,0.000536
2026-08-13 11:17:50,SPX,7793.62,7737.93,7735.0,358,1079,0.1901,0.000536
2026-08-13 11:17:50,SPX,7793.62,7737.93,7855.0,751,32,0.152,0.000536
2026-08-13 11:17:50,SPX,7793.62,7737.93,7730.0,336,1313,0.196,0.000536
2026-08-13 11:17:50,SPX,7793.62,7737.93,7860.0,885,7,0.1605,0.000536
2026-08-13 11:17:50,SPX,7793.62,7737.93,7725.0,622,2857,0.2011,0.000536
2026-08-13 11:17:50,SPX,7793.62,7737.93,7865.0,737,0,0.1692,0.000536
2026-08-13 11:17:50,SPX,7793.62,7737.93,7720.0,223,1217,0.2077,0.000536
2026-08-13 11:17:50,SPX,7793.62,7737.93,7870.0,971,26,0.1778,0.000536
2026-08-13 11:17:50,SPX,7793.62,7737.93,7715.0,223,2898,0.2153,0.000536
2026-08-13 11:17:50,SPX,7793.62,7737.93,7875.0,4495,200,0.1862,0.000536
2026-08-13 11:17:50,SPX,7793.62,7737.93,7710.0,353,2025,0.2229,0.000536
2026-08-13 11:17:50,SPX,7793.62,7737.93,7880.0,1022,32,0.1942,0.000536
2026-08-13 11:17:50,SPX,7793.62,7737.93,7705.0,95,1546,0.2308,0.000536
2026-08-13 11:17:50,SPX,7793.62,7737.93,7885.0,6747,0,0.202,0.000536
2026-08-13 11:17:50,SPX,7793.62,7737.93,7700.0,905,4205,0.239,0.000536
2026-08-13 11:17:50,SPX,7793.62,7737.93,7890.0,533,0,0.2096,0.000536
2026-08-13 11:17:50,SPX,7793.62,7737.93,7695.0,236,1878,0.2468,0.000536
2026-08-13 11:17:50,SPX,7793.62,7737.93,7895.0,634,10,0.2171,0.000536
2026-08-13 11:17:50,SPX,7793.62,7737.93,7690.0,226,1677,0.254,0.000536
2026-08-13 11:17:50,SPX,7793.62,7737.93,7900.0,8808,11,0.2249,0.000536
2026-08-13 11:17:50,SPX,7793.62,7737.93,7685.0,27,1636,0.261,0.000536
2026-08-13 11:17:50,SPX,7793.62,7737.93,7905.0,1051,0,0.2324,0.000536
2026-08-13 11:17:50,SPX,7793.62,7737.93,7680.0,474,1497,0.2677,0.000536
2026-08-13 11:17:50,SPX,7793.62,7737.93,7910.0,723,3,0.2398,0.000536
2026-08-13 11:17:50,SPX,7793.62,7737.93,7675.0,637,2901,0.2746,0.000536
2026-08-13 11:17:50,SPX,7793.62,7737.93,7915.0,2242,0,0.2471,0.000536
2026-08-13 11:17:50,SPX,7793.62,7737.93,7670.0,388,2275,0.2819,0.000536
2026-08-13 11:17:50,SPX,7793.62,7737.93,7795.0,708,83,0.1061,0.003274
2026-08-13 11:17:50,SPX,7793.62,7737.93,7790.0,851,203,0.1072,0.003274
2026-08-13 11:17:50,SPX,7793.62,7737.93,7800.0,6186,471,0.1049,0.003274
2026-08-13 11:17:50,SPX,7793.62,7737.93,7785.0,445,87,0.1085,0.003274
2026-08-13 11:17:50,SPX,7793.62,7737.93,7805.0,818,51,0.1039,0.003274
2026-08-13 11:17:50,SPX,7793.62,7737.93,7780.0,1480,157,0.111,0.003274
2026-08-13 11:17:50,SPX,7793.62,7737.93,7810.0,2361,122,0.1031,0.003274
2026-08-13 11:17:50,SPX,7793.62,7737.93,7775.0,3035,542,0.1115,0.003274
2026-08-13 11:17:50,SPX,7793.62,7737.93,7815.0,633,33,0.1023,0.003274
2026-08-13 11:17:50,SPX,7793.62,7737.93,7770.0,1070,435,0.1126,0.003274
2026-08-13 11:17:50,SPX,7793.62,7737.93,7820.0,1937,106,0.1016,0.003274
2026-08-13 11:17:50,SPX,7793.62,7737.93,7765.0,517,414,0.1147,0.003274
2026-08-13 11:17:50,SPX,7793.62,7737.93,7825.0,4944,41,0.1015,0.003274
2026-08-13 11:17:50,SPX,7793.62,7737.93,7760.0,1404,1072,0.1166,0.003274
2026-08-13 11:17:50,SPX,7793.62,7737.93,7830.0,2861,30,0.1015,0.003274
2026-08-13 11:17:50,SPX,7793.62,7737.93,7755.0,1986,631,0.1192,0.003274
2026-08-13 11:17:50,SPX,7793.62,7737.93,7835.0,1016,9,0.1018,0.003274
2026-08-13 11:17:50,SPX,7793.62,7737.93,7750.0,5144,3619,0.12,0.003274
2026-08-13 11:17:50,SPX,7793.62,7737.93,7840.0,2382,31,0.1014,0.003274
2026-08-13 11:17:50,SPX,7793.62,7737.93,7745.0,2285,2193,0.122,0.003274
2026-08-13 11:17:50,SPX,7793.62,7737.93,7845.0,1118,51,0.1021,0.003274
2026-08-13 11:17:50,SPX,7793.62,7737.93,7740.0,911,1199,0.1259,0.003274
2026-08-13 11:17:50,SPX,7793.62,7737.93,7850.0,5480,70,0.1024,0.003274
2026-08-13 11:17:50,SPX,7793.62,7737.93,7735.0,569,482,0.1281,0.003274
2026-08-13 11:17:50,SPX,7793.62,7737.93,7855.0,1606,12,0.1034,0.003274
2026-08-13 11:17:50,SPX,7793.62,7737.93,7730.0,882,704,0.1293,0.003274
2026-08-13 11:17:50,SPX,7793.62,7737.93,7860.0,1805,18,0.1041,0.003274
2026-08-13 11:17:50,SPX,7793.62,7737.93,7725.0,2716,2543,0.131,0.003274
2026-08-13 11:17:50,SPX,7793.62,7737.93,7865.0,730,3,0.1047,0.003274
2026-08-13 11:17:50,SPX,7793.62,7737.93,7720.0,695,1009,0.1342,0.003274
2026-08-13 11:17:50,SPX,7793.62,7737.93,7870.0,1959,14,0.1057,0.003274
2026-08-13 11:17:50,SPX,7793.62,7737.93,7715.0,232,553,0.1361,0.003274
2026-08-13 11:17:50,SPX,7793.62,7737.93,7875.0,2184,17,0.1073,0.003274
2026-08-13 11:17:50,SPX,7793.62,7737.93,7710.0,1041,1005,0.1388,0.003274
2026-08-13 11:17:50,SPX,7793.62,7737.93,7880.0,2825,1,0.1095,0.003274
2026-08-13 11:17:50,SPX,7793.62,7737.93,7705.0,160,859,0.1411,0.003274
2026-08-13 11:17:50,SPX,7793.62,7737.93,7885.0,823,3,0.112,0.003274
2026-08-13 11:17:50,SPX,7793.62,7737.93,7700.0,3186,5076,0.1437,0.003274
2026-08-13 11:17:50,SPX,7793.62,7737.93,7890.0,1904,22,0.1148,0.003274
2026-08-13 11:17:50,SPX,7793.62,7737.93,7695.0,189,620,0.1475,0.003274
2026-08-13 11:17:50,SPX,7793.62,7737.93,7895.0,768,5,0.1176,0.003274
2026-08-13 11:17:50,SPX,7793.62,7737.93,7690.0,434,1321,0.1497,0.003274
2026-08-13 11:17:50,SPX,7793.62,7737.93,7900.0,9568,105,0.1204,0.003274
2026-08-13 11:17:50,SPX,7793.62,7737.93,7685.0,159,3460,0.1522,0.003274
2026-08-13 11:17:50,SPX,7793.62,7737.93,7905.0,679,0,0.1232,0.003274
2026-08-13 11:17:50,SPX,7793.62,7737.93,7680.0,638,1157,0.1532,0.003274
2026-08-13 11:17:50,SPX,7793.62,7737.93,7910.0,1707,21,0.126,0.003274
2026-08-13 11:17:50,SPX,7793.62,7737.93,7675.0,1216,4269,0.156,0.003274
2026-08-13 11:17:50,SPX,7793.62,7737.93,7915.0,960,3,0.1289,0.003274
2026-08-13 11:17:50,SPX,7793.62,7737.93,7670.0,472,1055,0.1589,0.003274
2026-08-13 11:17:50,SPX,7793.62,7737.93,7795.0,148,27,0.0805,0.011488
2026-08-13 11:17:50,SPX,7793.62,7737.93,7790.0,249,47,0.0809,0.011488
2026-08-13 11:17:50,SPX,7793.62,7737.93,7800.0,1444,46,0.0801,0.011488
2026-08-13 11:17:50,SPX,7793.62,7737.93,7785.0,450,92,0.0815,0.011488
2026-08-13 11:17:50,SPX,7793.62,7737.93,7805.0,167,29,0.0797,0.011488
2026-08-13 11:17:50,SPX,7793.62,7737.93,7780.0,256,71,0.082,0.011488
2026-08-13 11:17:50,SPX,7793.62,7737.93,7810.0,377,22,0.0796,0.011488
2026-08-13 11:17:50,SPX,7793.62,7737.93,7775.0,1483,294,0.0827,0.011488
2026-08-13 11:17:50,SPX,7793.62,7737.93,7815.0,155,19,0.0795,0.011488
2026-08-13 11:17:50,SPX,7793.62,7737.93,7770.0,458,539,0.0835,0.011488
2026-08-13 11:17:50,SPX,7793.62,7737.93,7820.0,520,17,0.0793,0.011488
2026-08-13 11:17:50,SPX,7793.62,7737.93,7765.0,231,298,0.0844,0.011488
2026-08-13 11:17:50,SPX,7793.62,7737.93,7825.0,1500,6,0.0788,0.011488
2026-08-13 11:17:50,SPX,7793.62,7737.93,7760.0,441,486,0.0852,0.011488
2026-08-13 11:17:50,SPX,7793.62,7737.93,7830.0,313,3,0.0784,0.011488
2026-08-13 11:17:50,SPX,7793.62,7737.93,7755.0,286,274,0.0859,0.011488
2026-08-13 11:17:50,SPX,7793.62,7737.93,7835.0,383,6,0.0781,0.011488
2026-08-13 11:17:50,SPX,7793.62,7737.93,7750.0,1153,1164,0.087,0.011488
2026-08-13 11:17:50,SPX,7793.62,7737.93,7840.0,386,5,0.078,0.011488
2026-08-13 11:17:50,SPX,7793.62,7737.93,7745.0,187,391,0.0883,0.011488
2026-08-13 11:17:50,SPX,7793.62,7737.93,7845.0,238,0,0.0781,0.011488
2026-08-13 11:17:50,SPX,7793.62,7737.93,7740.0,252,377,0.0889,0.011488
2026-08-13 11:17:50,SPX,7793.62,7737.93,7850.0,6744,11,0.0782,0.011488
2026-08-13 11:17:50,SPX,7793.62,7737.93,7735.0,196,176,0.0897,0.011488
2026-08-13 11:17:50,SPX,7793.62,7737.93,7855.0,699,0,0.0784,0.011488
2026-08-13 11:17:50,SPX,7793.62,7737.93,7730.0,178,143,0.0909,0.011488
2026-08-13 11:17:50,SPX,7793.62,7737.93,7860.0,275,3,0.0786,0.011488
2026-08-13 11:17:50,SPX,7793.62,7737.93,7725.0,2781,705,0.0918,0.011488
2026-08-13 11:17:50,SPX,7793.62,7737.93,7865.0,546,1,0.0787,0.011488
2026-08-13 11:17:50,SPX,7793.62,7737.93,7720.0,133,276,0.0926,0.011488
2026-08-13 11:17:50,SPX,7793.62,7737.93,7870.0,343,1,0.0788,0.011488
2026-08-13 11:17:50,SPX,7793.62,7737.93,7715.0,94,136,0.0942,0.011488
2026-08-13 11:17:50,SPX,7793.62,7737.93,7875.0,5132,1,0.0789,0.011488
2026-08-13 11:17:50,SPX,7793.62,7737.93,7710.0,217,342,0.0959,0.011488
2026-08-13 11:17:50,SPX,7793.62,7737.93,7880.0,844,1,0.079,0.011488
2026-08-13 11:17:50,SPX,7793.62,7737.93,7705.0,47,207,0.0964,0.011488
2026-08-13 11:17:50,SPX,7793.62,7737.93,7885.0,912,0,0.0791,0.011488
2026-08-13 11:17:50,SPX,7793.62,7737.93,7700.0,1101,3900,0.0973,0.011488
2026-08-13 11:17:50,SPX,7793.62,7737.93,7890.0,1802,2,0.0794,0.011488
2026-08-13 11:17:50,SPX,7793.62,7737.93,7695.0,32,202,0.0984,0.011488
2026-08-13 11:17:50,SPX,7793.62,7737.93,7895.0,696,4,0.0797,0.011488
2026-08-13 11:17:50,SPX,7793.62,7737.93,7690.0,100,289,0.1002,0.011488
2026-08-13 11:17:50,SPX,7793.62,7737.93,7900.0,8335,9,0.0801,0.011488
2026-08-13 11:17:50,SPX,7793.62,7737.93,7685.0,31,162,0.102,0.011488
2026-08-13 11:17:50,SPX,7793.62,7737.93,7905.0,1960,0,0.0807,0.011488
2026-08-13 11:17:50,SPX,7793.62,7737.93,7680.0,57,146,0.1031,0.011488
2026-08-13 11:17:50,SPX,7793.62,7737.93,7910.0,1079,4,0.0813,0.011488
2026-08-13 11:17:50,SPX,7793.62,7737.93,7675.0,826,500,0.1038,0.011488
2026-08-13 11:17:50,SPX,7793.62,7737.93,7915.0,448,0,0.0821,0.011488
2026-08-13 11:17:50,SPX,7793.62,7737.93,7670.0,87,359,0.105,0.011488
2026-08-13 11:48:01,SPX,7783.45,7739.52,7785.0,1674,65,0.136,0.000479
2026-08-13 11:48:01,SPX,7783.45,7739.52,7780.0,2609,115,0.1397,0.000479
2026-08-13 11:48:01,SPX,7783.45,7739.52,7790.0,2020,148,0.1323,0.000479
2026-08-13 11:48:01,SPX,7783.45,7739.52,7775.0,1607,368,0.1436,0.000479
2026-08-13 11:48:01,SPX,7783.45,7739.52,7795.0,888,60,0.1297,0.000479
2026-08-13 11:48:01,SPX,7783.45,7739.52,7770.0,1021,214,0.1477,0.000479
2026-08-13 11:48:01,SPX,7783.45,7739.52,7800.0,6376,537,0.128,0.000479
2026-08-13 11:48:01,SPX,7783.45,7739.52,7765.0,800,320,0.1532,0.000479
2026-08-13 11:48:01,SPX,7783.45,7739.52,7805.0,2822,59,0.1282,0.000479
2026-08-13 11:48:01,SPX,7783.45,7739.52,7760.0,1701,442,0.1585,0.000479
2026-08-13 11:48:01,SPX,7783.45,7739.52,7810.0,1880,41,0.1295,0.000479
2026-08-13 11:48:01,SPX,7783.45,7739.52,7755.0,1145,587,0.1636,0.000479
2026-08-13 11:48:01,SPX,7783.45,7739.52,7815.0,1194,30,0.1317,0.000479
2026-08-13 11:48:01,SPX,7783.45,7739.52,7750.0,3187,2030,0.17,0.000479
2026-08-13 11:48:01,SPX,7783.45,7739.52,7820.0,2984,5,0.136,0.000479
2026-08-13 11:48:01,SPX,7783.45,7739.52,7745.0,886,1121,0.1733,0.000479
2026-08-13 11:48:01,SPX,7783.45,7739.52,7825.0,1925,100,0.1411,0.000479
2026-08-13 11:48:01,SPX,7783.45,7739.52,7740.0,779,920,0.1795,0.000479
2026-08-13 11:48:01,SPX,7783.45,7739.52,7830.0,2837,31,0.147,0.000479
2026-08-13 11:48:01,SPX,7783.45,7739.52,7735.0,358,1079,0.1849,0.000479
2026-08-13 11:48:01,SPX,7783.45,7739.52,7835.0,749,19,0.1541,0.000479
2026-08-13 11:48:01,SPX,7783.45,7739.52,7730.0,336,1313,0.1917,0.000479
2026-08-13 11:48:01,SPX,7783.45,7739.52,7840.0,1015,11,0.1621,0.000479
2026-08-13 11:48:01,SPX,7783.45,7739.52,7725.0,622,2857,0.1967,0.000479
2026-08-13 11:48:01,SPX,7783.45,7739.52,7845.0,632,2,0.1706,0.000479
2026-08-13 11:48:01,SPX,7783.45,7739.52,7720.0,223,1217,0.1988,0.000479
2026-08-13 11:48:01,SPX,7783.45,7739.52,7850.0,1735,15,0.1795,0.000479
2026-08-13 11:48:01,SPX,7783.45,7739.52,7715.0,223,2898,0.2039,0.000479
2026-08-13 11:48:01,SPX,7783.45,7739.52,7855.0,751,32,0.1886,0.000479
2026-08-13 11:48:01,SPX,7783.45,7739.52,7710.0,353,2025,0.2116,0.000479
2026-08-13 11:48:01,SPX,7783.45,7739.52,7860.0,885,7,0.1977,0.000479
2026-08-13 11:48:01,SPX,7783.45,7739.52,7705.0,95,1546,0.2202,0.000479
2026-08-13 11:48:01,SPX,7783.45,7739.52,7865.0,737,0,0.2066,0.000479
2026-08-13 11:48:01,SPX,7783.45,7739.52,7700.0,905,4205,0.2289,0.000479
2026-08-13 11:48:01,SPX,7783.45,7739.52,7870.0,971,26,0.2155,0.000479
2026-08-13 11:48:01,SPX,7783.45,7739.52,7695.0,236,1878,0.2371,0.000479
2026-08-13 11:48:01,SPX,7783.45,7739.52,7875.0,4495,200,0.2245,0.000479
2026-08-13 11:48:01,SPX,7783.45,7739.52,7690.0,226,1677,0.2444,0.000479
2026-08-13 11:48:01,SPX,7783.45,7739.52,7880.0,1022,32,0.234,0.000479
2026-08-13 11:48:01,SPX,7783.45,7739.52,7685.0,27,1636,0.2513,0.000479
2026-08-13 11:48:01,SPX,7783.45,7739.52,7885.0,6747,0,0.244,0.000479
2026-08-13 11:48:01,SPX,7783.45,7739.52,7680.0,474,1497,0.258,0.000479
2026-08-13 11:48:01,SPX,7783.45,7739.52,7890.0,533,0,0.2546,0.000479
2026-08-13 11:48:01,SPX,7783.45,7739.52,7675.0,637,2901,0.2647,0.000479
2026-08-13 11:48:01,SPX,7783.45,7739.52,7895.0,634,10,0.265,0.000479
2026-08-13 11:48:01,SPX,7783.45,7739.52,7670.0,388,2275,0.2721,0.000479
2026-08-13 11:48:01,SPX,7783.45,7739.52,7900.0,8808,11,0.2753,0.000479
2026-08-13 11:48:01,SPX,7783.45,7739.52,7665.0,50,1385,0.2804,0.000479
2026-08-13 11:48:01,SPX,7783.45,7739.52,7905.0,1051,0,0.285,0.000479
2026-08-13 11:48:01,SPX,7783.45,7739.52,7660.0,427,2418,0.2896,0.000479
2026-08-13 11:48:01,SPX,7783.45,7739.52,7785.0,445,87,0.1078,0.003217
2026-08-13 11:48:01,SPX,7783.45,7739.52,7780.0,1480,157,0.1091,0.003217
2026-08-13 11:48:01,SPX,7783.45,7739.52,7790.0,851,203,0.1066,0.003217
2026-08-13 11:48:01,SPX,7783.45,7739.52,7775.0,3035,542,0.1103,0.003217
2026-08-13 11:48:01,SPX,7783.45,7739.52,7795.0,708,83,0.1058,0.003217
2026-08-13 11:48:01,SPX,7783.45,7739.52,7770.0,1070,435,0.1115,0.003217
2026-08-13 11:48:01,SPX,7783.45,7739.52,7800.0,6186,471,0.1049,0.003217
2026-08-13 11:48:01,SPX,7783.45,7739.52,7765.0,517,414,0.1128,0.003217
2026-08-13 11:48:01,SPX,7783.45,7739.52,7805.0,818,51,0.1041,0.003217
2026-08-13 11:48:01,SPX,7783.45,7739.52,7760.0,1404,1072,0.1144,0.003217
2026-08-13 11:48:01,SPX,7783.45,7739.52,7810.0,2361,122,0.1036,0.003217
2026-08-13 11:48:01,SPX,7783.45,7739.52,7755.0,1986,631,0.1162,0.003217
2026-08-13 11:48:01,SPX,7783.45,7739.52,7815.0,633,33,0.1029,0.003217
2026-08-13 11:48:01,SPX,7783.45,7739.52,7750.0,5144,3619,0.1179,0.003217
2026-08-13 11:48:01,SPX,7783.45,7739.52,7820.0,1937,106,0.1024,0.003217
2026-08-13 11:48:01,SPX,7783.45,7739.52,7745.0,2285,2193,0.1209,0.003217
2026-08-13 11:48:01,SPX,7783.45,7739.52,7825.0,4944,41,0.1021,0.003217
2026-08-13 11:48:01,SPX,7783.45,7739.52,7740.0,911,1199,0.1225,0.003217
2026-08-13 11:48:01,SPX,7783.45,7739.52,7830.0,2861,30,0.1021,0.003217
2026-08-13 11:48:01,SPX,7783.45,7739.52,7735.0,569,482,0.1238,0.003217
2026-08-13 11:48:01,SPX,7783.45,7739.52,7835.0,1016,9,0.1024,0.003217
2026-08-13 11:48:01,SPX,7783.45,7739.52,7730.0,882,704,0.1261,0.003217
2026-08-13 11:48:01,SPX,7783.45,7739.52,7840.0,2382,31,0.1033,0.003217
2026-08-13 11:48:01,SPX,7783.45,7739.52,7725.0,2716,2543,0.1279,0.003217
2026-08-13 11:48:01,SPX,7783.45,7739.52,7845.0,1118,51,0.1045,0.003217
2026-08-13 11:48:01,SPX,7783.45,7739.52,7720.0,695,1009,0.1298,0.003217
2026-08-13 11:48:01,SPX,7783.45,7739.52,7850.0,5480,70,0.106,0.003217
2026-08-13 11:48:01,SPX,7783.45,7739.52,7715.0,232,553,0.1324,0.003217
2026-08-13 11:48:01,SPX,7783.45,7739.52,7855.0,1606,12,0.1076,0.003217
2026-08-13 11:48:01,SPX,7783.45,7739.52,7710.0,1041,1005,0.1348,0.003217
2026-08-13 11:48:01,SPX,7783.45,7739.52,7860.0,1805,18,0.1092,0.003217
2026-08-13 11:48:01,SPX,7783.45,7739.52,7705.0,160,859,0.1373,0.003217
2026-08-13 11:48:01,SPX,7783.45,7739.52,7865.0,730,3,0.1108,0.003217
2026-08-13 11:48:01,SPX,7783.45,7739.52,7700.0,3186,5076,0.1407,0.003217
2026-08-13 11:48:01,SPX,7783.45,7739.52,7870.0,1959,14,0.1125,0.003217
2026-08-13 11:48:01,SPX,7783.45,7739.52,7695.0,189,620,0.1425,0.003217
2026-08-13 11:48:01,SPX,7783.45,7739.52,7875.0,2184,17,0.1143,0.003217
2026-08-13 11:48:01,SPX,7783.45,7739.52,7690.0,434,1321,0.1457,0.003217
2026-08-13 11:48:01,SPX,7783.45,7739.52,7880.0,2825,1,0.1163,0.003217
2026-08-13 11:48:01,SPX,7783.45,7739.52,7685.0,159,3460,0.1468,0.003217
2026-08-13 11:48:01,SPX,7783.45,7739.52,7885.0,823,3,0.1185,0.003217
2026-08-13 11:48:01,SPX,7783.45,7739.52,7680.0,638,1157,0.1495,0.003217
2026-08-13 11:48:01,SPX,7783.45,7739.52,7890.0,1904,22,0.1209,0.003217
2026-08-13 11:48:01,SPX,7783.45,7739.52,7675.0,1216,4269,0.1509,0.003217
2026-08-13 11:48:01,SPX,7783.45,7739.52,7895.0,768,5,0.1236,0.003217
2026-08-13 11:48:01,SPX,7783.45,7739.52,7670.0,472,1055,0.1541,0.003217
2026-08-13 11:48:01,SPX,7783.45,7739.52,7900.0,9568,105,0.1264,0.003217
2026-08-13 11:48:01,SPX,7783.45,7739.52,7665.0,72,1158,0.1557,0.003217
2026-08-13 11:48:01,SPX,7783.45,7739.52,7905.0,679,0,0.1295,0.003217
2026-08-13 11:48:01,SPX,7783.45,7739.52,7660.0,350,943,0.1584,0.003217
2026-08-13 11:48:01,SPX,7783.45,7739.52,7785.0,450,92,0.0806,0.01143
2026-08-13 11:48:01,SPX,7783.45,7739.52,7780.0,256,71,0.0811,0.01143
2026-08-13 11:48:01,SPX,7783.45,7739.52,7790.0,249,47,0.08,0.01143
2026-08-13 11:48:01,SPX,7783.45,7739.52,7775.0,1483,294,0.0815,0.01143
2026-08-13 11:48:01,SPX,7783.45,7739.52,7795.0,148,27,0.0799,0.01143
2026-08-13 11:48:01,SPX,7783.45,7739.52,7770.0,458,539,0.0821,0.01143
2026-08-13 11:48:01,SPX,7783.45,7739.52,7800.0,1444,46,0.0797,0.01143
2026-08-13 11:48:01,SPX,7783.45,7739.52,7765.0,231,298,0.083,0.01143
2026-08-13 11:48:01,SPX,7783.45,7739.52,7805.0,167,29,0.0795,0.01143
2026-08-13 11:48:01,SPX,7783.45,7739.52,7760.0,441,486,0.0836,0.01143
2026-08-13 11:48:01,SPX,7783.45,7739.52,7810.0,377,22,0.0794,0.01143
2026-08-13 11:48:01,SPX,7783.45,7739.52,7755.0,286,274,0.0844,0.01143
2026-08-13 11:48:01,SPX,7783.45,7739.52,7815.0,155,19,0.0792,0.01143
2026-08-13 11:48:01,SPX,7783.45,7739.52,7750.0,1153,1164,0.0852,0.01143
2026-08-13 11:48:01,SPX,7783.45,7739.52,7820.0,520,17,0.0788,0.01143
2026-08-13 11:48:01,SPX,7783.45,7739.52,7745.0,187,391,0.0861,0.01143
2026-08-13 11:48:01,SPX,7783.45,7739.52,7825.0,1500,6,0.0785,0.01143
2026-08-13 11:48:01,SPX,7783.45,7739.52,7740.0,252,377,0.0869,0.01143
2026-08-13 11:48:01,SPX,7783.45,7739.52,7830.0,313,3,0.0783,0.01143
2026-08-13 11:48:01,SPX,7783.45,7739.52,7735.0,196,176,0.0877,0.01143
2026-08-13 11:48:01,SPX,7783.45,7739.52,7835.0,383,6,0.0783,0.01143
2026-08-13 11:48:01,SPX,7783.45,7739.52,7730.0,178,143,0.0886,0.01143
2026-08-13 11:48:01,SPX,7783.45,7739.52,7840.0,386,5,0.0784,0.01143
2026-08-13 11:48:01,SPX,7783.45,7739.52,7725.0,2781,705,0.0898,0.01143
2026-08-13 11:48:01,SPX,7783.45,7739.52,7845.0,238,0,0.0787,0.01143
2026-08-13 11:48:01,SPX,7783.45,7739.52,7720.0,133,276,0.0912,0.01143
2026-08-13 11:48:01,SPX,7783.45,7739.52,7850.0,6744,11,0.079,0.01143
2026-08-13 11:48:01,SPX,7783.45,7739.52,7715.0,94,136,0.0921,0.01143
2026-08-13 11:48:01,SPX,7783.45,7739.52,7855.0,699,0,0.0793,0.01143
2026-08-13 11:48:01,SPX,7783.45,7739.52,7710.0,217,342,0.0928,0.01143
2026-08-13 11:48:01,SPX,7783.45,7739.52,7860.0,275,3,0.0796,0.01143
2026-08-13 11:48:01,SPX,7783.45,7739.52,7705.0,47,207,0.094,0.01143
2026-08-13 11:48:01,SPX,7783.45,7739.52,7865.0,546,1,0.0799,0.01143
2026-08-13 11:48:01,SPX,7783.45,7739.52,7700.0,1101,3900,0.0947,0.01143
2026-08-13 11:48:01,SPX,7783.45,7739.52,7870.0,343,1,0.0802,0.01143
2026-08-13 11:48:01,SPX,7783.45,7739.52,7695.0,32,202,0.0963,0.01143
2026-08-13 11:48:01,SPX,7783.45,7739.52,7875.0,5132,1,0.0804,0.01143
2026-08-13 11:48:01,SPX,7783.45,7739.52,7690.0,100,289,0.0973,0.01143
2026-08-13 11:48:01,SPX,7783.45,7739.52,7880.0,844,1,0.0807,0.01143
2026-08-13 11:48:01,SPX,7783.45,7739.52,7685.0,31,162,0.0986,0.01143
2026-08-13 11:48:01,SPX,7783.45,7739.52,7885.0,912,0,0.0811,0.01143
2026-08-13 11:48:01,SPX,7783.45,7739.52,7680.0,57,146,0.1,0.01143
2026-08-13 11:48:01,SPX,7783.45,7739.52,7890.0,1802,2,0.0815,0.01143
2026-08-13 11:48:01,SPX,7783.45,7739.52,7675.0,826,500,0.1019,0.01143
2026-08-13 11:48:01,SPX,7783.45,7739.52,7895.0,696,4,0.0821,0.01143
2026-08-13 11:48:01,SPX,7783.45,7739.52,7670.0,87,359,0.1031,0.01143
2026-08-13 11:48:01,SPX,7783.45,7739.52,7900.0,8335,9,0.0827,0.01143
2026-08-13 11:48:01,SPX,7783.45,7739.52,7665.0,35,298,0.104,0.01143
2026-08-13 11:48:01,SPX,7783.45,7739.52,7905.0,1960,0,0.0835,0.01143
2026-08-13 11:48:01,SPX,7783.45,7739.52,7660.0,213,652,0.1054,0.01143
2026-08-13 12:18:12,SPX,7779.81,7741.82,7780.0,2609,115,0.1258,0.000422
2026-08-13 12:18:12,SPX,7779.81,7741.82,7775.0,1607,368,0.1297,0.000422
2026-08-13 12:18:12,SPX,7779.81,7741.82,7785.0,1674,65,0.1232,0.000422
2026-08-13 12:18:12,SPX,7779.81,7741.82,7770.0,1021,214,0.1335,0.000422
2026-08-13 12:18:12,SPX,7779.81,7741.82,7790.0,2020,148,0.1211,0.000422
2026-08-13 12:18:12,SPX,7779.81,7741.82,7765.0,800,320,0.1391,0.000422
2026-08-13 12:18:12,SPX,7779.81,7741.82,7795.0,888,60,0.1207,0.000422
2026-08-13 12:18:12,SPX,7779.81,7741.82,7760.0,1701,442,0.1439,0.000422
2026-08-13 12:18:12,SPX,7779.81,7741.82,7800.0,6376,537,0.1213,0.000422
2026-08-13 12:18:12,SPX,7779.81,7741.82,7755.0,1145,587,0.1498,0.000422
2026-08-13 12:18:12,SPX,7779.81,7741.82,7805.0,2822,59,0.123,0.000422
2026-08-13 12:18:12,SPX,7779.81,7741.82,7750.0,3187,2030,0.1546,0.000422
2026-08-13 12:18:12,SPX,7779.81,7741.82,7810.0,1880,41,0.1279,0.000422
2026-08-13 12:18:12,SPX,7779.81,7741.82,7745.0,886,1121,0.1602,0.000422
2026-08-13 12:18:12,SPX,7779.81,7741.82,7815.0,1194,30,0.1341,0.000422
2026-08-13 12:18:12,SPX,7779.81,7741.82,7740.0,779,920,0.1653,0.000422
2026-08-13 12:18:12,SPX,7779.81,7741.82,7820.0,2984,5,0.1405,0.000422
2026-08-13 12:18:12,SPX,7779.81,7741.82,7735.0,358,1079,0.1736,0.000422
2026-08-13 12:18:12,SPX,7779.81,7741.82,7825.0,1925,100,0.1482,0.000422
2026-08-13 12:18:12,SPX,7779.81,7741.82,7730.0,336,1313,0.1793,0.000422
2026-08-13 12:18:12,SPX,7779.81,7741.82,7830.0,2837,31,0.1566,0.000422
2026-08-13 12:18:12,SPX,7779.81,7741.82,7725.0,622,2857,0.1905,0.000422
2026-08-13 12:18:12,SPX,7779.81,7741.82,7835.0,749,19,0.1649,0.000422
2026-08-13 12:18:12,SPX,7779.81,7741.82,7720.0,223,1217,0.1934,0.000422
2026-08-13 12:18:12,SPX,7779.81,7741.82,7840.0,1015,11,0.1733,0.000422
2026-08-13 12:18:12,SPX,7779.81,7741.82,7715.0,223,2898,0.2004,0.000422
2026-08-13 12:18:12,SPX,7779.81,7741.82,7845.0,632,2,0.1823,0.000422
2026-08-13 12:18:12,SPX,7779.81,7741.82,7710.0,353,2025,0.2092,0.000422
2026-08-13 12:18:12,SPX,7779.81,7741.82,7850.0,1735,15,0.192,0.000422
2026-08-13 12:18:12,SPX,7779.81,7741.82,7705.0,95,1546,0.2203,0.000422
2026-08-13 12:18:12,SPX,7779.81,7741.82,7855.0,751,32,0.202,0.000422
2026-08-13 12:18:12,SPX,7779.81,7741.82,7700.0,905,4205,0.2315,0.000422
2026-08-13 12:18:12,SPX,7779.81,7741.82,7860.0,885,7,0.2123,0.000422
2026-08-13 12:18:12,SPX,7779.81,7741.82,7695.0,236,1878,0.2417,0.000422
2026-08-13 12:18:12,SPX,7779.81,7741.82,7865.0,737,0,0.2227,0.000422
2026-08-13 12:18:12,SPX,7779.81,7741.82,7690.0,226,1677,0.2506,0.000422
2026-08-13 12:18:12,SPX,7779.81,7741.82,7870.0,971,26,0.233,0.000422
2026-08-13 12:18:12,SPX,7779.81,7741.82,7685.0,27,1636,0.2586,0.000422
2026-08-13 12:18:12,SPX,7779.81,7741.82,7875.0,4495,200,0.243,0.000422
2026-08-13 12:18:12,SPX,7779.81,7741.82,7680.0,474,1497,0.2664,0.000422
2026-08-13 12:18:12,SPX,7779.81,7741.82,7880.0,1022,32,0.2531,0.000422
2026-08-13 12:18:12,SPX,7779.81,7741.82,7675.0,637,2901,0.2746,0.000422
2026-08-13 12:18:12,SPX,7779.81,7741.82,7885.0,6747,0,0.2637,0.000422
2026-08-13 12:18:12,SPX,7779.81,7741.82,7670.0,388,2275,0.2835,0.000422
2026-08-13 12:18:12,SPX,7779.81,7741.82,7890.0,533,0,0.2749,0.000422
2026-08-13 12:18:12,SPX,7779.81,7741.82,7665.0,50,1385,0.2932,0.000422
2026-08-13 12:18:12,SPX,7779.81,7741.82,7895.0,634,10,0.2863,0.000422
2026-08-13 12:18:12,SPX,7779.81,7741.82,7660.0,427,2418,0.3035,0.000422
2026-08-13 12:18:12,SPX,7779.81,7741.82,7900.0,8808,11,0.2974,0.000422
2026-08-13 12:18:12,SPX,7779.81,7741.82,7655.0,14,1531,0.3142,0.000422
2026-08-13 12:18:12,SPX,7779.81,7741.82,7780.0,1480,157,0.1078,0.00316
2026-08-13 12:18:12,SPX,7779.81,7741.82,7775.0,3035,542,0.1086,0.00316
2026-08-13 12:18:12,SPX,7779.81,7741.82,7785.0,445,87,0.1066,0.00316
2026-08-13 12:18:12,SPX,7779.81,7741.82,7770.0,1070,435,0.11,0.00316
2026-08-13 12:18:12,SPX,7779.81,7741.82,7790.0,851,203,0.1059,0.00316
2026-08-13 12:18:12,SPX,7779.81,7741.82,7765.0,517,414,0.1112,0.00316
2026-08-13 12:18:12,SPX,7779.81,7741.82,7795.0,708,83,0.105,0.00316
2026-08-13 12:18:12,SPX,7779.81,7741.82,7760.0,1404,1072,0.1127,0.00316
2026-08-13 12:18:12,SPX,7779.81,7741.82,7800.0,6186,471,0.1045,0.00316
2026-08-13 12:18:12,SPX,7779.81,7741.82,7755.0,1986,631,0.114,0.00316
2026-08-13 12:18:12,SPX,7779.81,7741.82,7805.0,818,51,0.1042,0.00316
2026-08-13 12:18:12,SPX,7779.81,7741.82,7750.0,5144,3619,0.1161,0.00316
2026-08-13 12:18:12,SPX,7779.81,7741.82,7810.0,2361,122,0.1045,0.00316
2026-08-13 12:18:12,SPX,7779.81,7741.82,7745.0,2285,2193,0.1175,0.00316
2026-08-13 12:18:12,SPX,7779.81,7741.82,7815.0,633,33,0.1044,0.00316
2026-08-13 12:18:12,SPX,7779.81,7741.82,7740.0,911,1199,0.1206,0.00316
2026-08-13 12:18:12,SPX,7779.81,7741.82,7820.0,1937,106,0.105,0.00316
2026-08-13 12:18:12,SPX,7779.81,7741.82,7735.0,569,482,0.1223,0.00316
2026-08-13 12:18:12,SPX,7779.81,7741.82,7825.0,4944,41,0.1055,0.00316
2026-08-13 12:18:12,SPX,7779.81,7741.82,7730.0,882,704,0.1235,0.00316
2026-08-13 12:18:12,SPX,7779.81,7741.82,7830.0,2861,30,0.1064,0.00316
2026-08-13 12:18:12,SPX,7779.81,7741.82,7725.0,2716,2543,0.1273,0.00316
2026-08-13 12:18:12,SPX,7779.81,7741.82,7835.0,1016,9,0.1067,0.00316
2026-08-13 12:18:12,SPX,7779.81,7741.82,7720.0,695,1009,0.1295,0.00316
2026-08-13 12:18:12,SPX,7779.81,7741.82,7840.0,2382,31,0.1076,0.00316
2026-08-13 12:18:12,SPX,7779.81,7741.82,7715.0,232,553,0.1309,0.00316
2026-08-13 12:18:12,SPX,7779.81,7741.82,7845.0,1118,51,0.1085,0.00316
2026-08-13 12:18:12,SPX,7779.81,7741.82,7710.0,1041,1005,0.1327,0.00316
2026-08-13 12:18:12,SPX,7779.81,7741.82,7850.0,5480,70,0.1094,0.00316
2026-08-13 12:18:12,SPX,7779.81,7741.82,7705.0,160,859,0.1359,0.00316
2026-08-13 12:18:12,SPX,7779.81,7741.82,7855.0,1606,12,0.1109,0.00316
2026-08-13 12:18:12,SPX,7779.81,7741.82,7700.0,3186,5076,0.1393,0.00316
2026-08-13 12:18:12,SPX,7779.81,7741.82,7860.0,1805,18,0.113,0.00316
2026-08-13 12:18:12,SPX,7779.81,7741.82,7695.0,189,620,0.1411,0.00316
2026-08-13 12:18:12,SPX,7779.81,7741.82,7865.0,730,3,0.1155,0.00316
2026-08-13 12:18:12,SPX,7779.81,7741.82,7690.0,434,1321,0.1437,0.00316
2026-08-13 12:18:12,SPX,7779.81,7741.82,7870.0,1959,14,0.1182,0.00316
2026-08-13 12:18:12,SPX,7779.81,7741.82,7685.0,159,3460,0.147,0.00316
2026-08-13 12:18:12,SPX,7779.81,7741.82,7875.0,2184,17,0.1208,0.00316
2026-08-13 12:18:12,SPX,7779.81,7741.82,7680.0,638,1157,0.15,0.00316
2026-08-13 12:18:12,SPX,7779.81,7741.82,7880.0,2825,1,0.1235,0.00316
2026-08-13 12:18:12,SPX,7779.81,7741.82,7675.0,1216,4269,0.1525,0.00316
2026-08-13 12:18:12,SPX,7779.81,7741.82,7885.0,823,3,0.1261,0.00316
2026-08-13 12:18:12,SPX,7779.81,7741.82,7670.0,472,1055,0.1543,0.00316
2026-08-13 12:18:12,SPX,7779.81,7741.82,7890.0,1904,22,0.1288,0.00316
2026-08-13 12:18:12,SPX,7779.81,7741.82,7665.0,72,1158,0.1566,0.00316
2026-08-13 12:18:12,SPX,7779.81,7741.82,7895.0,768,5,0.1315,0.00316
2026-08-13 12:18:12,SPX,7779.81,7741.82,7660.0,350,943,0.1601,0.00316
2026-08-13 12:18:12,SPX,7779.81,7741.82,7900.0,9568,105,0.1343,0.00316
2026-08-13 12:18:12,SPX,7779.81,7741.82,7655.0,179,594,0.1641,0.00316
2026-08-13 12:18:12,SPX,7779.81,7741.82,7780.0,256,71,0.08,0.011373
2026-08-13 12:18:12,SPX,7779.81,7741.82,7775.0,1483,294,0.0805,0.011373
2026-08-13 12:18:12,SPX,7779.81,7741.82,7785.0,450,92,0.0796,0.011373
2026-08-13 12:18:12,SPX,7779.81,7741.82,7770.0,458,539,0.0811,0.011373
2026-08-13 12:18:12,SPX,7779.81,7741.82,7790.0,249,47,0.0794,0.011373
2026-08-13 12:18:12,SPX,7779.81,7741.82,7765.0,231,298,0.0816,0.011373
2026-08-13 12:18:12,SPX,7779.81,7741.82,7795.0,148,27,0.0792,0.011373
2026-08-13 12:18:12,SPX,7779.81,7741.82,7760.0,441,486,0.0823,0.011373
2026-08-13 12:18:12,SPX,7779.81,7741.82,7800.0,1444,46,0.0791,0.011373
2026-08-13 12:18:12,SPX,7779.81,7741.82,7755.0,286,274,0.0831,0.011373
2026-08-13 12:18:12,SPX,7779.81,7741.82,7805.0,167,29,0.0788,0.011373
2026-08-13 12:18:12,SPX,7779.81,7741.82,7750.0,1153,1164,0.084,0.011373
2026-08-13 12:18:12,SPX,7779.81,7741.82,7810.0,377,22,0.0785,0.011373
2026-08-13 12:18:12,SPX,7779.81,7741.82,7745.0,187,391,0.0846,0.011373
2026-08-13 12:18:12,SPX,7779.81,7741.82,7815.0,155,19,0.0782,0.011373
2026-08-13 12:18:12,SPX,7779.81,7741.82,7740.0,252,377,0.0856,0.011373
2026-08-13 12:18:12,SPX,7779.81,7741.82,7820.0,520,17,0.078,0.011373
2026-08-13 12:18:12,SPX,7779.81,7741.82,7735.0,196,176,0.0866,0.011373
2026-08-13 12:18:12,SPX,7779.81,7741.82,7825.0,1500,6,0.078,0.011373
2026-08-13 12:18:12,SPX,7779.81,7741.82,7730.0,178,143,0.0875,0.011373
2026-08-13 12:18:12,SPX,7779.81,7741.82,7830.0,313,3,0.0782,0.011373
2026-08-13 12:18:12,SPX,7779.81,7741.82,7725.0,0,705,0.0887,0.011373
2026-08-13 12:18:12,SPX,7779.81,7741.82,7835.0,383,0,0.0785,0.011373
2026-08-13 12:18:12,SPX,7779.81,7741.82,7720.0,0,276,0.0899,0.011373
2026-08-13 12:18:12,SPX,7779.81,7741.82,7840.0,386,5,0.0788,0.011373
2026-08-13 12:18:12,SPX,7779.81,7741.82,7715.0,94,136,0.0906,0.011373
2026-08-13 12:18:12,SPX,7779.81,7741.82,7845.0,238,0,0.0792,0.011373
2026-08-13 12:18:12,SPX,7779.81,7741.82,7710.0,217,342,0.0917,0.011373
2026-08-13 12:18:12,SPX,7779.81,7741.82,7850.0,6744,11,0.0795,0.011373
2026-08-13 12:18:12,SPX,7779.81,7741.82,7705.0,47,207,0.0932,0.011373
2026-08-13 12:18:12,SPX,7779.81,7741.82,7855.0,699,0,0.0799,0.011373
2026-08-13 12:18:12,SPX,7779.81,7741.82,7700.0,1101,3900,0.0945,0.011373
2026-08-13 12:18:12,SPX,7779.81,7741.82,7860.0,275,3,0.0802,0.011373
2026-08-13 12:18:12,SPX,7779.81,7741.82,7695.0,32,202,0.0958,0.011373
2026-08-13 12:18:12,SPX,7779.81,7741.82,7865.0,546,1,0.0804,0.011373
2026-08-13 12:18:12,SPX,7779.81,7741.82,7690.0,100,289,0.0966,0.011373
2026-08-13 12:18:12,SPX,7779.81,7741.82,7870.0,343,1,0.0808,0.011373
2026-08-13 12:18:12,SPX,7779.81,7741.82,7685.0,31,162,0.0976,0.011373
2026-08-13 12:18:12,SPX,7779.81,7741.82,7875.0,5132,1,0.0811,0.011373
2026-08-13 12:18:12,SPX,7779.81,7741.82,7680.0,57,146,0.0989,0.011373
2026-08-13 12:18:12,SPX,7779.81,7741.82,7880.0,844,1,0.0816,0.011373
2026-08-13 12:18:12,SPX,7779.81,7741.82,7675.0,826,500,0.1001,0.011373
2026-08-13 12:18:12,SPX,7779.81,7741.82,7885.0,912,0,0.0822,0.011373
2026-08-13 12:18:12,SPX,7779.81,7741.82,7670.0,87,359,0.1015,0.011373
2026-08-13 12:18:12,SPX,7779.81,7741.82,7890.0,1802,2,0.0828,0.011373
2026-08-13 12:18:12,SPX,7779.81,7741.82,7665.0,35,298,0.1028,0.011373
2026-08-13 12:18:12,SPX,7779.81,7741.82,7895.0,696,4,0.0836,0.011373
2026-08-13 12:18:12,SPX,7779.81,7741.82,7660.0,213,652,0.1043,0.011373
2026-08-13 12:18:12,SPX,7779.81,7741.82,7900.0,8335,9,0.0845,0.011373
2026-08-13 12:18:12,SPX,7779.81,7741.82,7655.0,62,117,0.1058,0.011373
2026-08-13 12:48:27,SPX,7788.81,7741.35,7790.0,2020,148,0.1068,0.000364
2026-08-13 12:48:27,SPX,7788.81,7741.35,7785.0,1674,65,0.1085,0.000364
2026-08-13 12:48:27,SPX,7788.81,7741.35,7795.0,888,60,0.1059,0.000364
2026-08-13 12:48:27,SPX,7788.81,7741.35,7780.0,2609,115,0.1121,0.000364
2026-08-13 12:48:27,SPX,7788.81,7741.35,7800.0,6376,537,0.1066,0.000364
2026-08-13 12:48:27,SPX,7788.81,7741.35,7775.0,1607,368,0.1178,0.000364
2026-08-13 12:48:27,SPX,7788.81,7741.35,7805.0,2822,59,0.1094,0.000364
2026-08-13 12:48:27,SPX,7788.81,7741.35,7770.0,1021,214,0.1233,0.000364
2026-08-13 12:48:27,SPX,7788.81,7741.35,7810.0,1880,41,0.1145,0.000364
2026-08-13 12:48:27,SPX,7788.81,7741.35,7765.0,800,320,0.1298,0.000364
2026-08-13 12:48:27,SPX,7788.81,7741.35,7815.0,1194,30,0.1216,0.000364
2026-08-13 12:48:27,SPX,7788.81,7741.35,7760.0,1701,442,0.1365,0.000364
2026-08-13 12:48:27,SPX,7788.81,7741.35,7820.0,2984,5,0.1304,0.000364
2026-08-13 12:48:27,SPX,7788.81,7741.35,7755.0,1145,587,0.1451,0.000364
2026-08-13 12:48:27,SPX,7788.81,7741.35,7825.0,1925,100,0.1412,0.000364
2026-08-13 12:48:27,SPX,7788.81,7741.35,7750.0,3187,2030,0.1529,0.000364
2026-08-13 12:48:27,SPX,7788.81,7741.35,7830.0,2837,31,0.1523,0.000364
2026-08-13 12:48:27,SPX,7788.81,7741.35,7745.0,886,1121,0.1629,0.000364
2026-08-13 12:48:27,SPX,7788.81,7741.35,7835.0,749,19,0.1626,0.000364
2026-08-13 12:48:27,SPX,7788.81,7741.35,7740.0,779,920,0.1676,0.000364
2026-08-13 12:48:27,SPX,7788.81,7741.35,7840.0,1015,11,0.172,0.000364
2026-08-13 12:48:27,SPX,7788.81,7741.35,7735.0,358,1079,0.1757,0.000364
2026-08-13 12:48:27,SPX,7788.81,7741.35,7845.0,632,2,0.1815,0.000364
2026-08-13 12:48:27,SPX,7788.81,7741.35,7730.0,336,1313,0.1883,0.000364
2026-08-13 12:48:27,SPX,7788.81,7741.35,7850.0,1735,15,0.1913,0.000364
2026-08-13 12:48:27,SPX,7788.81,7741.35,7725.0,622,2857,0.1996,0.000364
2026-08-13 12:48:27,SPX,7788.81,7741.35,7855.0,751,32,0.2007,0.000364
2026-08-13 12:48:27,SPX,7788.81,7741.35,7720.0,223,1217,0.2105,0.000364
2026-08-13 12:48:27,SPX,7788.81,7741.35,7860.0,885,7,0.2109,0.000364
2026-08-13 12:48:27,SPX,7788.81,7741.35,7715.0,223,2898,0.2216,0.000364
2026-08-13 12:48:27,SPX,7788.81,7741.35,7865.0,737,0,0.222,0.000364
2026-08-13 12:48:27,SPX,7788.81,7741.35,7710.0,353,2025,0.233,0.000364
2026-08-13 12:48:27,SPX,7788.81,7741.35,7870.0,971,26,0.2334,0.000364
2026-08-13 12:48:27,SPX,7788.81,7741.35,7705.0,95,1546,0.2438,0.000364
2026-08-13 12:48:27,SPX,7788.81,7741.35,7875.0,4495,200,0.2448,0.000364
2026-08-13 12:48:27,SPX,7788.81,7741.35,7700.0,905,4205,0.2538,0.000364
2026-08-13 12:48:27,SPX,7788.81,7741.35,7880.0,1022,32,0.256,0.000364
2026-08-13 12:48:27,SPX,7788.81,7741.35,7695.0,236,1878,0.2636,0.000364
2026-08-13 12:48:27,SPX,7788.81,7741.35,7885.0,6747,0,0.2671,0.000364
2026-08-13 12:48:27,SPX,7788.81,7741.35,7690.0,226,1677,0.2737,0.000364
2026-08-13 12:48:27,SPX,7788.81,7741.35,7890.0,533,0,0.2784,0.000364
2026-08-13 12:48:27,SPX,7788.81,7741.35,7685.0,27,1636,0.2844,0.000364
2026-08-13 12:48:27,SPX,7788.81,7741.35,7895.0,634,10,0.2901,0.000364
2026-08-13 12:48:27,SPX,7788.81,7741.35,7680.0,474,1497,0.2957,0.000364
2026-08-13 12:48:27,SPX,7788.81,7741.35,7900.0,8808,11,0.3017,0.000364
2026-08-13 12:48:27,SPX,7788.81,7741.35,7675.0,637,2901,0.3074,0.000364
2026-08-13 12:48:27,SPX,7788.81,7741.35,7905.0,1051,0,0.3126,0.000364
2026-08-13 12:48:27,SPX,7788.81,7741.35,7670.0,388,2275,0.3195,0.000364
2026-08-13 12:48:27,SPX,7788.81,7741.35,7910.0,723,3,0.3226,0.000364
2026-08-13 12:48:27,SPX,7788.81,7741.35,7665.0,50,1385,0.3317,0.000364
2026-08-13 12:48:27,SPX,7788.81,7741.35,7790.0,851,203,0.1026,0.003102
2026-08-13 12:48:27,SPX,7788.81,7741.35,7785.0,445,87,0.1035,0.003102
2026-08-13 12:48:27,SPX,7788.81,7741.35,7795.0,708,83,0.1017,0.003102
2026-08-13 12:48:27,SPX,7788.81,7741.35,7780.0,1480,157,0.1047,0.003102
2026-08-13 12:48:27,SPX,7788.81,7741.35,7800.0,6186,471,0.101,0.003102
2026-08-13 12:48:27,SPX,7788.81,7741.35,7775.0,3035,542,0.1059,0.003102
2026-08-13 12:48:27,SPX,7788.81,7741.35,7805.0,818,51,0.1005,0.003102
2026-08-13 12:48:27,SPX,7788.81,7741.35,7770.0,1070,435,0.1077,0.003102
2026-08-13 12:48:27,SPX,7788.81,7741.35,7810.0,2361,122,0.1004,0.003102
2026-08-13 12:48:27,SPX,7788.81,7741.35,7765.0,517,414,0.1091,0.003102
2026-08-13 12:48:27,SPX,7788.81,7741.35,7815.0,633,33,0.1004,0.003102
2026-08-13 12:48:27,SPX,7788.81,7741.35,7760.0,1404,1072,0.1108,0.003102
2026-08-13 12:48:27,SPX,7788.81,7741.35,7820.0,1937,106,0.1004,0.003102
2026-08-13 12:48:27,SPX,7788.81,7741.35,7755.0,1986,631,0.1136,0.003102
2026-08-13 12:48:27,SPX,7788.81,7741.35,7825.0,4944,41,0.1005,0.003102
2026-08-13 12:48:27,SPX,7788.81,7741.35,7750.0,5144,3619,0.1154,0.003102
2026-08-13 12:48:27,SPX,7788.81,7741.35,7830.0,2861,30,0.1011,0.003102
2026-08-13 12:48:27,SPX,7788.81,7741.35,7745.0,2285,2193,0.1166,0.003102
2026-08-13 12:48:27,SPX,7788.81,7741.35,7835.0,1016,9,0.1021,0.003102
2026-08-13 12:48:27,SPX,7788.81,7741.35,7740.0,911,1199,0.1201,0.003102
2026-08-13 12:48:27,SPX,7788.81,7741.35,7840.0,2382,31,0.1027,0.003102
2026-08-13 12:48:27,SPX,7788.81,7741.35,7735.0,569,482,0.122,0.003102
2026-08-13 12:48:27,SPX,7788.81,7741.35,7845.0,1118,51,0.1035,0.003102
2026-08-13 12:48:27,SPX,7788.81,7741.35,7730.0,882,704,0.1235,0.003102
2026-08-13 12:48:27,SPX,7788.81,7741.35,7850.0,5480,70,0.1045,0.003102
2026-08-13 12:48:27,SPX,7788.81,7741.35,7725.0,2716,2543,0.1261,0.003102
2026-08-13 12:48:27,SPX,7788.81,7741.35,7855.0,1606,12,0.1059,0.003102
2026-08-13 12:48:27,SPX,7788.81,7741.35,7720.0,695,1009,0.1287,0.003102
2026-08-13 12:48:27,SPX,7788.81,7741.35,7860.0,1805,18,0.1078,0.003102
2026-08-13 12:48:27,SPX,7788.81,7741.35,7715.0,232,553,0.1314,0.003102
2026-08-13 12:48:27,SPX,7788.81,7741.35,7865.0,730,3,0.11,0.003102
2026-08-13 12:48:27,SPX,7788.81,7741.35,7710.0,1041,1005,0.1342,0.003102
2026-08-13 12:48:27,SPX,7788.81,7741.35,7870.0,1959,14,0.1125,0.003102
2026-08-13 12:48:27,SPX,7788.81,7741.35,7705.0,160,859,0.136,0.003102
2026-08-13 12:48:27,SPX,7788.81,7741.35,7875.0,2184,17,0.1151,0.003102
2026-08-13 12:48:27,SPX,7788.81,7741.35,7700.0,3186,5076,0.1388,0.003102
2026-08-13 12:48:27,SPX,7788.81,7741.35,7880.0,2825,1,0.1176,0.003102
2026-08-13 12:48:27,SPX,7788.81,7741.35,7695.0,189,620,0.1411,0.003102
2026-08-13 12:48:27,SPX,7788.81,7741.35,7885.0,823,3,0.1201,0.003102
2026-08-13 12:48:27,SPX,7788.81,7741.35,7690.0,434,1321,0.1444,0.003102
2026-08-13 12:48:27,SPX,7788.81,7741.35,7890.0,1904,22,0.1227,0.003102
2026-08-13 12:48:27,SPX,7788.81,7741.35,7685.0,159,3460,0.1474,0.003102
2026-08-13 12:48:27,SPX,7788.81,7741.35,7895.0,768,5,0.1253,0.003102
2026-08-13 12:48:27,SPX,7788.81,7741.35,7680.0,638,1157,0.1508,0.003102
2026-08-13 12:48:27,SPX,7788.81,7741.35,7900.0,9568,105,0.128,0.003102
2026-08-13 12:48:27,SPX,7788.81,7741.35,7675.0,1216,4269,0.1514,0.003102
2026-08-13 12:48:27,SPX,7788.81,7741.35,7905.0,679,0,0.1308,0.003102
2026-08-13 12:48:27,SPX,7788.81,7741.35,7670.0,0,1055,0.1541,0.003102
2026-08-13 12:48:27,SPX,7788.81,7741.35,7910.0,1707,21,0.1337,0.003102
2026-08-13 12:48:27,SPX,7788.81,7741.35,7665.0,72,1158,0.1562,0.003102
2026-08-13 12:48:27,SPX,7788.81,7741.35,7790.0,249,47,0.0782,0.011316
2026-08-13 12:48:27,SPX,7788.81,7741.35,7785.0,450,92,0.0786,0.011316
2026-08-13 12:48:27,SPX,7788.81,7741.35,7795.0,148,27,0.078,0.011316
2026-08-13 12:48:27,SPX,7788.81,7741.35,7780.0,256,71,0.0792,0.011316
2026-08-13 12:48:27,SPX,7788.81,7741.35,7800.0,1444,46,0.0777,0.011316
2026-08-13 12:48:27,SPX,7788.81,7741.35,7775.0,1483,294,0.0798,0.011316
2026-08-13 12:48:27,SPX,7788.81,7741.35,7805.0,167,29,0.0774,0.011316
2026-08-13 12:48:27,SPX,7788.81,7741.35,7770.0,458,539,0.0805,0.011316
2026-08-13 12:48:27,SPX,7788.81,7741.35,7810.0,377,22,0.0773,0.011316
2026-08-13 12:48:27,SPX,7788.81,7741.35,7765.0,231,298,0.0811,0.011316
2026-08-13 12:48:27,SPX,7788.81,7741.35,7815.0,155,19,0.0771,0.011316
2026-08-13 12:48:27,SPX,7788.81,7741.35,7760.0,441,486,0.082,0.011316
2026-08-13 12:48:27,SPX,7788.81,7741.35,7820.0,520,17,0.0769,0.011316
2026-08-13 12:48:27,SPX,7788.81,7741.35,7755.0,286,274,0.0828,0.011316
2026-08-13 12:48:27,SPX,7788.81,7741.35,7825.0,1500,6,0.0767,0.011316
2026-08-13 12:48:27,SPX,7788.81,7741.35,7750.0,1153,1164,0.0838,0.011316
2026-08-13 12:48:27,SPX,7788.81,7741.35,7830.0,313,3,0.0767,0.011316
2026-08-13 12:48:27,SPX,7788.81,7741.35,7745.0,187,391,0.0849,0.011316
2026-08-13 12:48:27,SPX,7788.81,7741.35,7835.0,383,6,0.0767,0.011316
2026-08-13 12:48:27,SPX,7788.81,7741.35,7740.0,252,377,0.0863,0.011316
2026-08-13 12:48:27,SPX,7788.81,7741.35,7840.0,386,5,0.0769,0.011316
2026-08-13 12:48:27,SPX,7788.81,7741.35,7735.0,196,0,0.0871,0.011316
2026-08-13 12:48:27,SPX,7788.81,7741.35,7845.0,238,0,0.0772,0.011316
2026-08-13 12:48:27,SPX,7788.81,7741.35,7730.0,178,143,0.0879,0.011316
2026-08-13 12:48:27,SPX,7788.81,7741.35,7850.0,6744,11,0.0775,0.011316
2026-08-13 12:48:27,SPX,7788.81,7741.35,7725.0,2781,705,0.0895,0.011316
2026-08-13 12:48:27,SPX,7788.81,7741.35,7855.0,699,0,0.0778,0.011316
2026-08-13 12:48:27,SPX,7788.81,7741.35,7720.0,133,276,0.0908,0.011316
2026-08-13 12:48:27,SPX,7788.81,7741.35,7860.0,275,3,0.0782,0.011316
2026-08-13 12:48:27,SPX,7788.81,7741.35,7715.0,94,136,0.0919,0.011316
2026-08-13 12:48:27,SPX,7788.81,7741.35,7865.0,546,1,0.0785,0.011316
2026-08-13 12:48:27,SPX,7788.81,7741.35,7710.0,217,342,0.0928,0.011316
2026-08-13 12:48:27,SPX,7788.81,7741.35,7870.0,343,1,0.0789,0.011316
2026-08-13 12:48:27,SPX,7788.81,7741.35,7705.0,47,207,0.0939,0.011316
2026-08-13 12:48:27,SPX,7788.81,7741.35,7875.0,5132,1,0.0792,0.011316
2026-08-13 12:48:27,SPX,7788.81,7741.35,7700.0,1101,3900,0.0948,0.011316
2026-08-13 12:48:27,SPX,7788.81,7741.35,7880.0,844,1,0.0796,0.011316
2026-08-13 12:48:27,SPX,7788.81,7741.35,7695.0,32,202,0.0964,0.011316
2026-08-13 12:48:27,SPX,7788.81,7741.35,7885.0,912,0,0.0802,0.011316
2026-08-13 12:48:27,SPX,7788.81,7741.35,7690.0,100,289,0.098,0.011316
2026-08-13 12:48:27,SPX,7788.81,7741.35,7890.0,1802,2,0.0808,0.011316
2026-08-13 12:48:27,SPX,7788.81,7741.35,7685.0,31,162,0.099,0.011316
2026-08-13 12:48:27,SPX,7788.81,7741.35,7895.0,696,4,0.0815,0.011316
2026-08-13 12:48:27,SPX,7788.81,7741.35,7680.0,57,146,0.1003,0.011316
2026-08-13 12:48:27,SPX,7788.81,7741.35,7900.0,8335,9,0.0823,0.011316
2026-08-13 12:48:27,SPX,7788.81,7741.35,7675.0,826,500,0.1016,0.011316
2026-08-13 12:48:27,SPX,7788.81,7741.35,7905.0,1960,0,0.0832,0.011316
2026-08-13 12:48:27,SPX,7788.81,7741.35,7670.0,87,359,0.1031,0.011316
2026-08-13 12:48:27,SPX,7788.81,7741.35,7910.0,1079,4,0.0842,0.011316
2026-08-13 12:48:27,SPX,7788.81,7741.35,7665.0,35,298,0.1044,0.011316
2026-08-13 13:18:40,SPX,7795.96,7739.98,7795.0,888,60,0.0996,0.000307
2026-08-13 13:18:40,SPX,7795.96,7739.98,7800.0,6376,537,0.1001,0.000307
2026-08-13 13:18:40,SPX,7795.96,7739.98,7790.0,2020,148,0.1009,0.000307
2026-08-13 13:18:40,SPX,7795.96,7739.98,7805.0,2822,59,0.1024,0.000307
2026-08-13 13:18:40,SPX,7795.96,7739.98,7785.0,1674,65,0.1058,0.000307
2026-08-13 13:18:40,SPX,7795.96,7739.98,7810.0,1880,41,0.1077,0.000307
2026-08-13 13:18:40,SPX,7795.96,7739.98,7780.0,2609,115,0.1117,0.000307
2026-08-13 13:18:40,SPX,7795.96,7739.98,7815.0,1194,30,0.1163,0.000307
2026-08-13 13:18:40,SPX,7795.96,7739.98,7775.0,1607,368,0.1187,0.000307
2026-08-13 13:18:40,SPX,7795.96,7739.98,7820.0,2984,5,0.1246,0.000307
2026-08-13 13:18:40,SPX,7795.96,7739.98,7770.0,1021,214,0.1269,0.000307
2026-08-13 13:18:40,SPX,7795.96,7739.98,7825.0,1925,100,0.1358,0.000307
2026-08-13 13:18:40,SPX,7795.96,7739.98,7765.0,800,320,0.1381,0.000307
2026-08-13 13:18:40,SPX,7795.96,7739.98,7830.0,2837,31,0.1477,0.000307
2026-08-13 13:18:40,SPX,7795.96,7739.98,7760.0,1701,442,0.1435,0.000307
2026-08-13 13:18:40,SPX,7795.96,7739.98,7835.0,749,19,0.1584,0.000307
2026-08-13 13:18:40,SPX,7795.96,7739.98,7755.0,1145,587,0.1525,0.000307
2026-08-13 13:18:40,SPX,7795.96,7739.98,7840.0,1015,11,0.1688,0.000307
2026-08-13 13:18:40,SPX,7795.96,7739.98,7750.0,3187,2030,0.1702,0.000307
2026-08-13 13:18:40,SPX,7795.96,7739.98,7845.0,632,2,0.1795,0.000307
2026-08-13 13:18:40,SPX,7795.96,7739.98,7745.0,886,1121,0.1783,0.000307
2026-08-13 13:18:40,SPX,7795.96,7739.98,7850.0,1735,15,0.1899,0.000307
2026-08-13 13:18:40,SPX,7795.96,7739.98,7740.0,779,920,0.1899,0.000307
2026-08-13 13:18:40,SPX,7795.96,7739.98,7855.0,751,32,0.2002,0.000307
2026-08-13 13:18:40,SPX,7795.96,7739.98,7735.0,358,1079,0.2018,0.000307
2026-08-13 13:18:40,SPX,7795.96,7739.98,7860.0,885,7,0.2104,0.000307
2026-08-13 13:18:40,SPX,7795.96,7739.98,7730.0,336,1313,0.2181,0.000307
2026-08-13 13:18:40,SPX,7795.96,7739.98,7865.0,737,0,0.2209,0.000307
2026-08-13 13:18:40,SPX,7795.96,7739.98,7725.0,622,2857,0.2333,0.000307
2026-08-13 13:18:40,SPX,7795.96,7739.98,7870.0,971,26,0.2317,0.000307
2026-08-13 13:18:40,SPX,7795.96,7739.98,7720.0,223,1217,0.2463,0.000307
2026-08-13 13:18:40,SPX,7795.96,7739.98,7875.0,4495,200,0.2426,0.000307
2026-08-13 13:18:40,SPX,7795.96,7739.98,7715.0,223,2898,0.2577,0.000307
2026-08-13 13:18:40,SPX,7795.96,7739.98,7880.0,1022,32,0.2538,0.000307
2026-08-13 13:18:40,SPX,7795.96,7739.98,7710.0,353,2025,0.2681,0.000307
2026-08-13 13:18:40,SPX,7795.96,7739.98,7885.0,6747,0,0.2648,0.000307
2026-08-13 13:18:40,SPX,7795.96,7739.98,7705.0,95,1546,0.2785,0.000307
2026-08-13 13:18:40,SPX,7795.96,7739.98,7890.0,533,0,0.2756,0.000307
2026-08-13 13:18:40,SPX,7795.96,7739.98,7700.0,905,4205,0.2894,0.000307
2026-08-13 13:18:40,SPX,7795.96,7739.98,7895.0,634,10,0.2859,0.000307
2026-08-13 13:18:40,SPX,7795.96,7739.98,7695.0,236,1878,0.3012,0.000307
2026-08-13 13:18:40,SPX,7795.96,7739.98,7900.0,8808,11,0.2956,0.000307
2026-08-13 13:18:40,SPX,7795.96,7739.98,7690.0,226,1677,0.3139,0.000307
2026-08-13 13:18:40,SPX,7795.96,7739.98,7905.0,1051,0,0.3045,0.000307
2026-08-13 13:18:40,SPX,7795.96,7739.98,7685.0,27,1636,0.3271,0.000307
2026-08-13 13:18:40,SPX,7795.96,7739.98,7910.0,723,3,0.3122,0.000307
2026-08-13 13:18:40,SPX,7795.96,7739.98,7680.0,474,1497,0.3406,0.000307
2026-08-13 13:18:40,SPX,7795.96,7739.98,7915.0,2242,0,0.3185,0.000307
2026-08-13 13:18:40,SPX,7795.96,7739.98,7675.0,637,2901,0.3542,0.000307
2026-08-13 13:18:40,SPX,7795.96,7739.98,7920.0,4441,3,0.3235,0.000307
2026-08-13 13:18:40,SPX,7795.96,7739.98,7795.0,708,83,0.1043,0.003045
2026-08-13 13:18:40,SPX,7795.96,7739.98,7800.0,6186,471,0.1038,0.003045
2026-08-13 13:18:40,SPX,7795.96,7739.98,7790.0,851,203,0.1053,0.003045
2026-08-13 13:18:40,SPX,7795.96,7739.98,7805.0,818,51,0.1029,0.003045
2026-08-13 13:18:40,SPX,7795.96,7739.98,7785.0,445,87,0.1065,0.003045
2026-08-13 13:18:40,SPX,7795.96,7739.98,7810.0,2361,122,0.1025,0.003045
2026-08-13 13:18:40,SPX,7795.96,7739.98,7780.0,1480,157,0.1074,0.003045
2026-08-13 13:18:40,SPX,7795.96,7739.98,7815.0,633,33,0.1023,0.003045
2026-08-13 13:18:40,SPX,7795.96,7739.98,7775.0,3035,542,0.1096,0.003045
2026-08-13 13:18:40,SPX,7795.96,7739.98,7820.0,1937,106,0.1022,0.003045
2026-08-13 13:18:40,SPX,7795.96,7739.98,7770.0,1070,435,0.1099,0.003045
2026-08-13 13:18:40,SPX,7795.96,7739.98,7825.0,4944,41,0.1022,0.003045
2026-08-13 13:18:40,SPX,7795.96,7739.98,7765.0,517,414,0.1126,0.003045
2026-08-13 13:18:40,SPX,7795.96,7739.98,7830.0,2861,30,0.1025,0.003045
2026-08-13 13:18:40,SPX,7795.96,7739.98,7760.0,1404,1072,0.1147,0.003045
2026-08-13 13:18:40,SPX,7795.96,7739.98,7835.0,1016,9,0.103,0.003045
2026-08-13 13:18:40,SPX,7795.96,7739.98,7755.0,1986,631,0.1157,0.003045
2026-08-13 13:18:40,SPX,7795.96,7739.98,7840.0,2382,31,0.1027,0.003045
2026-08-13 13:18:40,SPX,7795.96,7739.98,7750.0,5144,3619,0.118,0.003045
2026-08-13 13:18:40,SPX,7795.96,7739.98,7845.0,1118,51,0.1036,0.003045
2026-08-13 13:18:40,SPX,7795.96,7739.98,7745.0,2285,2193,0.1196,0.003045
2026-08-13 13:18:40,SPX,7795.96,7739.98,7850.0,5480,70,0.1046,0.003045
2026-08-13 13:18:40,SPX,7795.96,7739.98,7740.0,911,1199,0.123,0.003045
2026-08-13 13:18:40,SPX,7795.96,7739.98,7855.0,1606,12,0.1051,0.003045
2026-08-13 13:18:40,SPX,7795.96,7739.98,7735.0,569,482,0.1245,0.003045
2026-08-13 13:18:40,SPX,7795.96,7739.98,7860.0,1805,18,0.1058,0.003045
2026-08-13 13:18:40,SPX,7795.96,7739.98,7730.0,882,704,0.126,0.003045
2026-08-13 13:18:40,SPX,7795.96,7739.98,7865.0,730,3,0.1073,0.003045
2026-08-13 13:18:40,SPX,7795.96,7739.98,7725.0,2716,2543,0.1287,0.003045
2026-08-13 13:18:40,SPX,7795.96,7739.98,7870.0,1959,14,0.1093,0.003045
2026-08-13 13:18:40,SPX,7795.96,7739.98,7720.0,695,1009,0.1309,0.003045
2026-08-13 13:18:40,SPX,7795.96,7739.98,7875.0,2184,17,0.1117,0.003045
2026-08-13 13:18:40,SPX,7795.96,7739.98,7715.0,232,553,0.1334,0.003045
2026-08-13 13:18:40,SPX,7795.96,7739.98,7880.0,2825,1,0.1143,0.003045
2026-08-13 13:18:40,SPX,7795.96,7739.98,7710.0,1041,1005,0.1369,0.003045
2026-08-13 13:18:40,SPX,7795.96,7739.98,7885.0,823,3,0.117,0.003045
2026-08-13 13:18:40,SPX,7795.96,7739.98,7705.0,160,859,0.1379,0.003045
2026-08-13 13:18:40,SPX,7795.96,7739.98,7890.0,1904,22,0.1195,0.003045
2026-08-13 13:18:40,SPX,7795.96,7739.98,7700.0,3186,5076,0.1403,0.003045
2026-08-13 13:18:40,SPX,7795.96,7739.98,7895.0,768,5,0.1219,0.003045
2026-08-13 13:18:40,SPX,7795.96,7739.98,7695.0,189,620,0.1439,0.003045
2026-08-13 13:18:40,SPX,7795.96,7739.98,7900.0,9568,105,0.1243,0.003045
2026-08-13 13:18:40,SPX,7795.96,7739.98,7690.0,434,1321,0.1469,0.003045
2026-08-13 13:18:40,SPX,7795.96,7739.98,7905.0,679,0,0.1268,0.003045
2026-08-13 13:18:40,SPX,7795.96,7739.98,7685.0,159,3460,0.1496,0.003045
2026-08-13 13:18:40,SPX,7795.96,7739.98,7910.0,1707,21,0.1294,0.003045
2026-08-13 13:18:40,SPX,7795.96,7739.98,7680.0,638,1157,0.151,0.003045
2026-08-13 13:18:40,SPX,7795.96,7739.98,7915.0,960,3,0.1322,0.003045
2026-08-13 13:18:40,SPX,7795.96,7739.98,7675.0,1216,4269,0.1536,0.003045
2026-08-13 13:18:40,SPX,7795.96,7739.98,7920.0,1632,0,0.1352,0.003045
2026-08-13 13:18:40,SPX,7795.96,7739.98,7795.0,148,27,0.0804,0.011258
2026-08-13 13:18:40,SPX,7795.96,7739.98,7800.0,1444,46,0.0803,0.011258
2026-08-13 13:18:40,SPX,7795.96,7739.98,7790.0,249,47,0.0807,0.011258
2026-08-13 13:18:40,SPX,7795.96,7739.98,7805.0,167,29,0.0801,0.011258
2026-08-13 13:18:40,SPX,7795.96,7739.98,7785.0,450,92,0.0813,0.011258
2026-08-13 13:18:40,SPX,7795.96,7739.98,7810.0,377,22,0.0799,0.011258
2026-08-13 13:18:40,SPX,7795.96,7739.98,7780.0,256,71,0.0817,0.011258
2026-08-13 13:18:40,SPX,7795.96,7739.98,7815.0,155,19,0.0798,0.011258
2026-08-13 13:18:40,SPX,7795.96,7739.98,7775.0,1483,294,0.0826,0.011258
2026-08-13 13:18:40,SPX,7795.96,7739.98,7820.0,520,17,0.0796,0.011258
2026-08-13 13:18:40,SPX,7795.96,7739.98,7770.0,458,539,0.0832,0.011258
2026-08-13 13:18:40,SPX,7795.96,7739.98,7825.0,1500,6,0.0794,0.011258
2026-08-13 13:18:40,SPX,7795.96,7739.98,7765.0,231,298,0.084,0.011258
2026-08-13 13:18:40,SPX,7795.96,7739.98,7830.0,313,3,0.0793,0.011258
2026-08-13 13:18:40,SPX,7795.96,7739.98,7760.0,441,486,0.0846,0.011258
2026-08-13 13:18:40,SPX,7795.96,7739.98,7835.0,383,6,0.0793,0.011258
2026-08-13 13:18:40,SPX,7795.96,7739.98,7755.0,286,274,0.0855,0.011258
2026-08-13 13:18:40,SPX,7795.96,7739.98,7840.0,386,5,0.0795,0.011258
2026-08-13 13:18:40,SPX,7795.96,7739.98,7750.0,1153,1164,0.0865,0.011258
2026-08-13 13:18:40,SPX,7795.96,7739.98,7845.0,238,0,0.0798,0.011258
2026-08-13 13:18:40,SPX,7795.96,7739.98,7745.0,187,391,0.0874,0.011258
2026-08-13 13:18:40,SPX,7795.96,7739.98,7850.0,6744,11,0.0801,0.011258
2026-08-13 13:18:40,SPX,7795.96,7739.98,7740.0,252,377,0.0885,0.011258
2026-08-13 13:18:40,SPX,7795.96,7739.98,7855.0,699,0,0.0805,0.011258
2026-08-13 13:18:40,SPX,7795.96,7739.98,7735.0,196,176,0.0897,0.011258
2026-08-13 13:18:40,SPX,7795.96,7739.98,7860.0,275,3,0.0808,0.011258
2026-08-13 13:18:40,SPX,7795.96,7739.98,7730.0,178,143,0.0903,0.011258
2026-08-13 13:18:40,SPX,7795.96,7739.98,7865.0,546,1,0.0811,0.011258
2026-08-13 13:18:40,SPX,7795.96,7739.98,7725.0,2781,705,0.0918,0.011258
2026-08-13 13:18:40,SPX,7795.96,7739.98,7870.0,343,1,0.0813,0.011258
2026-08-13 13:18:40,SPX,7795.96,7739.98,7720.0,133,276,0.0925,0.011258
2026-08-13 13:18:40,SPX,7795.96,7739.98,7875.0,5132,1,0.0816,0.011258
2026-08-13 13:18:40,SPX,7795.96,7739.98,7715.0,94,136,0.0941,0.011258
2026-08-13 13:18:40,SPX,7795.96,7739.98,7880.0,844,1,0.0819,0.011258
2026-08-13 13:18:40,SPX,7795.96,7739.98,7710.0,217,342,0.0954,0.011258
2026-08-13 13:18:40,SPX,7795.96,7739.98,7885.0,912,0,0.0823,0.011258
2026-08-13 13:18:40,SPX,7795.96,7739.98,7705.0,47,207,0.0968,0.011258
2026-08-13 13:18:40,SPX,7795.96,7739.98,7890.0,1802,2,0.0827,0.011258
2026-08-13 13:18:40,SPX,7795.96,7739.98,7700.0,1101,3900,0.0981,0.011258
2026-08-13 13:18:40,SPX,7795.96,7739.98,7895.0,696,4,0.0833,0.011258
2026-08-13 13:18:40,SPX,7795.96,7739.98,7695.0,32,202,0.0992,0.011258
2026-08-13 13:18:40,SPX,7795.96,7739.98,7900.0,8335,9,0.0839,0.011258
2026-08-13 13:18:40,SPX,7795.96,7739.98,7690.0,100,289,0.1003,0.011258
2026-08-13 13:18:40,SPX,7795.96,7739.98,7905.0,1960,0,0.0846,0.011258
2026-08-13 13:18:40,SPX,7795.96,7739.98,7685.0,31,162,0.1013,0.011258
2026-08-13 13:18:40,SPX,7795.96,7739.98,7910.0,1079,4,0.0854,0.011258
2026-08-13 13:18:40,SPX,7795.96,7739.98,7680.0,57,146,0.1024,0.011258
2026-08-13 13:18:40,SPX,7795.96,7739.98,7915.0,448,0,0.0864,0.011258
2026-08-13 13:18:40,SPX,7795.96,7739.98,7675.0,826,500,0.1039,0.011258
2026-08-13 13:18:40,SPX,7795.96,7739.98,7920.0,591,0,0.0875,0.011258
2026-08-13 13:48:54,SPX,7791.08,7741.41,7790.0,2020,148,0.1007,0.000249
2026-08-13 13:48:54,SPX,7791.08,7741.41,7795.0,888,60,0.0977,0.000249
2026-08-13 13:48:54,SPX,7791.08,7741.41,7785.0,1674,65,0.1064,0.000249
2026-08-13 13:48:54,SPX,7791.08,7741.41,7800.0,6376,537,0.0979,0.000249
2026-08-13 13:48:54,SPX,7791.08,7741.41,7780.0,2609,115,0.1139,0.000249
2026-08-13 13:48:54,SPX,7791.08,7741.41,7805.0,2822,59,0.1034,0.000249
2026-08-13 13:48:54,SPX,7791.08,7741.41,7775.0,1607,368,0.1245,0.000249
2026-08-13 13:48:54,SPX,7791.08,7741.41,7810.0,1880,41,0.1107,0.000249
2026-08-13 13:48:54,SPX,7791.08,7741.41,7770.0,1021,214,0.1355,0.000249
2026-08-13 13:48:54,SPX,7791.08,7741.41,7815.0,1194,30,0.1191,0.000249
2026-08-13 13:48:54,SPX,7791.08,7741.41,7765.0,800,320,0.1454,0.000249
2026-08-13 13:48:54,SPX,7791.08,7741.41,7820.0,2984,5,0.1291,0.000249
2026-08-13 13:48:54,SPX,7791.08,7741.41,7760.0,1701,442,0.1599,0.000249
2026-08-13 13:48:54,SPX,7791.08,7741.41,7825.0,1925,100,0.14,0.000249
2026-08-13 13:48:54,SPX,7791.08,7741.41,7755.0,1145,587,0.1745,0.000249
2026-08-13 13:48:54,SPX,7791.08,7741.41,7830.0,2837,31,0.1518,0.000249
2026-08-13 13:48:54,SPX,7791.08,7741.41,7750.0,3187,2030,0.1837,0.000249
2026-08-13 13:48:54,SPX,7791.08,7741.41,7835.0,749,19,0.1647,0.000249
2026-08-13 13:48:54,SPX,7791.08,7741.41,7745.0,886,1121,0.1955,0.000249
2026-08-13 13:48:54,SPX,7791.08,7741.41,7840.0,1015,11,0.1783,0.000249
2026-08-13 13:48:54,SPX,7791.08,7741.41,7740.0,779,920,0.2116,0.000249
2026-08-13 13:48:54,SPX,7791.08,7741.41,7845.0,632,2,0.1923,0.000249
2026-08-13 13:48:54,SPX,7791.08,7741.41,7735.0,358,1079,0.2253,0.000249
2026-08-13 13:48:54,SPX,7791.08,7741.41,7850.0,1735,15,0.2063,0.000249
2026-08-13 13:48:54,SPX,7791.08,7741.41,7730.0,336,1313,0.2375,0.000249
2026-08-13 13:48:54,SPX,7791.08,7741.41,7855.0,751,32,0.2202,0.000249
2026-08-13 13:48:54,SPX,7791.08,7741.41,7725.0,622,2857,0.2533,0.000249
2026-08-13 13:48:54,SPX,7791.08,7741.41,7860.0,885,7,0.234,0.000249
2026-08-13 13:48:54,SPX,7791.08,7741.41,7720.0,223,1217,0.2701,0.000249
2026-08-13 13:48:54,SPX,7791.08,7741.41,7865.0,737,0,0.2475,0.000249
2026-08-13 13:48:54,SPX,7791.08,7741.41,7715.0,223,2898,0.2839,0.000249
2026-08-13 13:48:54,SPX,7791.08,7741.41,7870.0,971,26,0.2606,0.000249
2026-08-13 13:48:54,SPX,7791.08,7741.41,7710.0,353,2025,0.2947,0.000249
2026-08-13 13:48:54,SPX,7791.08,7741.41,7875.0,4495,200,0.2726,0.000249
2026-08-13 13:48:54,SPX,7791.08,7741.41,7705.0,95,1546,0.3045,0.000249
2026-08-13 13:48:54,SPX,7791.08,7741.41,7880.0,1022,32,0.2834,0.000249
2026-08-13 13:48:54,SPX,7791.08,7741.41,7700.0,905,4205,0.315,0.000249
2026-08-13 13:48:54,SPX,7791.08,7741.41,7885.0,6747,0,0.293,0.000249
2026-08-13 13:48:54,SPX,7791.08,7741.41,7695.0,236,1878,0.3265,0.000249
2026-08-13 13:48:54,SPX,7791.08,7741.41,7890.0,533,0,0.3013,0.000249
2026-08-13 13:48:54,SPX,7791.08,7741.41,7690.0,226,1677,0.339,0.000249
2026-08-13 13:48:54,SPX,7791.08,7741.41,7895.0,634,10,0.3083,0.000249
2026-08-13 13:48:54,SPX,7791.08,7741.41,7685.0,27,1636,0.3523,0.000249
2026-08-13 13:48:54,SPX,7791.08,7741.41,7900.0,8808,11,0.3139,0.000249
2026-08-13 13:48:54,SPX,7791.08,7741.41,7680.0,474,1497,0.366,0.000249
2026-08-13 13:48:54,SPX,7791.08,7741.41,7905.0,1051,0,0.3186,0.000249
2026-08-13 13:48:54,SPX,7791.08,7741.41,7675.0,637,2901,0.3798,0.000249
2026-08-13 13:48:54,SPX,7791.08,7741.41,7910.0,723,3,0.3224,0.000249
2026-08-13 13:48:54,SPX,7791.08,7741.41,7670.0,388,2275,0.3937,0.000249
2026-08-13 13:48:54,SPX,7791.08,7741.41,7915.0,2242,0,0.3254,0.000249
2026-08-13 13:48:54,SPX,7791.08,7741.41,7790.0,851,203,0.1007,0.002987
2026-08-13 13:48:54,SPX,7791.08,7741.41,7795.0,708,83,0.1001,0.002987
2026-08-13 13:48:54,SPX,7791.08,7741.41,7785.0,445,87,0.1018,0.002987
2026-08-13 13:48:54,SPX,7791.08,7741.41,7800.0,6186,471,0.0993,0.002987
2026-08-13 13:48:54,SPX,7791.08,7741.41,7780.0,1480,157,0.1028,0.002987
2026-08-13 13:48:54,SPX,7791.08,7741.41,7805.0,818,51,0.0984,0.002987
2026-08-13 13:48:54,SPX,7791.08,7741.41,7775.0,3035,542,0.1054,0.002987
2026-08-13 13:48:54,SPX,7791.08,7741.41,7810.0,2361,122,0.0978,0.002987
2026-08-13 13:48:54,SPX,7791.08,7741.41,7770.0,1070,435,0.1065,0.002987
2026-08-13 13:48:54,SPX,7791.08,7741.41,7815.0,633,33,0.0978,0.002987
2026-08-13 13:48:54,SPX,7791.08,7741.41,7765.0,517,414,0.1079,0.002987
2026-08-13 13:48:54,SPX,7791.08,7741.41,7820.0,1937,106,0.0978,0.002987
2026-08-13 13:48:54,SPX,7791.08,7741.41,7760.0,1404,1072,0.1096,0.002987
2026-08-13 13:48:54,SPX,7791.08,7741.41,7825.0,4944,41,0.0974,0.002987
2026-08-13 13:48:54,SPX,7791.08,7741.41,7755.0,1986,631,0.1109,0.002987
2026-08-13 13:48:54,SPX,7791.08,7741.41,7830.0,2861,30,0.0984,0.002987
2026-08-13 13:48:54,SPX,7791.08,7741.41,7750.0,5144,3619,0.1142,0.002987
2026-08-13 13:48:54,SPX,7791.08,7741.41,7835.0,1016,9,0.0989,0.002987
2026-08-13 13:48:54,SPX,7791.08,7741.41,7745.0,2285,2193,0.1167,0.002987
2026-08-13 13:48:54,SPX,7791.08,7741.41,7840.0,2382,31,0.0987,0.002987
2026-08-13 13:48:54,SPX,7791.08,7741.41,7740.0,911,1199,0.1183,0.002987
2026-08-13 13:48:54,SPX,7791.08,7741.41,7845.0,1118,51,0.0996,0.002987
2026-08-13 13:48:54,SPX,7791.08,7741.41,7735.0,569,482,0.1201,0.002987
2026-08-13 13:48:54,SPX,7791.08,7741.41,7850.0,5480,70,0.1001,0.002987
2026-08-13 13:48:54,SPX,7791.08,7741.41,7730.0,882,704,0.1226,0.002987
2026-08-13 13:48:54,SPX,7791.08,7741.41,7855.0,1606,12,0.1008,0.002987
2026-08-13 13:48:54,SPX,7791.08,7741.41,7725.0,2716,2543,0.125,0.002987
2026-08-13 13:48:54,SPX,7791.08,7741.41,7860.0,1805,18,0.102,0.002987
2026-08-13 13:48:54,SPX,7791.08,7741.41,7720.0,695,1009,0.1274,0.002987
2026-08-13 13:48:54,SPX,7791.08,7741.41,7865.0,730,3,0.1039,0.002987
2026-08-13 13:48:54,SPX,7791.08,7741.41,7715.0,232,553,0.1301,0.002987
2026-08-13 13:48:54,SPX,7791.08,7741.41,7870.0,1959,14,0.1064,0.002987
2026-08-13 13:48:54,SPX,7791.08,7741.41,7710.0,1041,1005,0.1324,0.002987
2026-08-13 13:48:54,SPX,7791.08,7741.41,7875.0,2184,17,0.1092,0.002987
2026-08-13 13:48:54,SPX,7791.08,7741.41,7705.0,160,859,0.1348,0.002987
2026-08-13 13:48:54,SPX,7791.08,7741.41,7880.0,2825,1,0.1121,0.002987
2026-08-13 13:48:54,SPX,7791.08,7741.41,7700.0,3186,5076,0.1386,0.002987
2026-08-13 13:48:54,SPX,7791.08,7741.41,7885.0,823,3,0.1151,0.002987
2026-08-13 13:48:54,SPX,7791.08,7741.41,7695.0,189,620,0.1418,0.002987
2026-08-13 13:48:54,SPX,7791.08,7741.41,7890.0,1904,22,0.118,0.002987
2026-08-13 13:48:54,SPX,7791.08,7741.41,7690.0,434,1321,0.1445,0.002987
2026-08-13 13:48:54,SPX,7791.08,7741.41,7895.0,768,5,0.1208,0.002987
2026-08-13 13:48:54,SPX,7791.08,7741.41,7685.0,159,3460,0.1457,0.002987
2026-08-13 13:48:54,SPX,7791.08,7741.41,7900.0,9568,105,0.1236,0.002987
2026-08-13 13:48:54,SPX,7791.08,7741.41,7680.0,638,1157,0.1481,0.002987
2026-08-13 13:48:54,SPX,7791.08,7741.41,7905.0,679,0,0.1265,0.002987
2026-08-13 13:48:54,SPX,7791.08,7741.41,7675.0,1216,4269,0.152,0.002987
2026-08-13 13:48:54,SPX,7791.08,7741.41,7910.0,1707,21,0.1295,0.002987
2026-08-13 13:48:54,SPX,7791.08,7741.41,7915.0,960,3,0.1327,0.002987
2026-08-13 13:48:54,SPX,7791.08,7741.41,7790.0,249,47,0.0773,0.011201
2026-08-13 13:48:54,SPX,7791.08,7741.41,7795.0,148,27,0.0771,0.011201
2026-08-13 13:48:54,SPX,7791.08,7741.41,7785.0,450,92,0.0777,0.011201
2026-08-13 13:48:54,SPX,7791.08,7741.41,7800.0,1444,46,0.0769,0.011201
2026-08-13 13:48:54,SPX,7791.08,7741.41,7780.0,256,71,0.0784,0.011201
2026-08-13 13:48:54,SPX,7791.08,7741.41,7805.0,167,29,0.0767,0.011201
2026-08-13 13:48:54,SPX,7791.08,7741.41,7775.0,1483,294,0.0789,0.011201
2026-08-13 13:48:54,SPX,7791.08,7741.41,7810.0,377,22,0.0767,0.011201
2026-08-13 13:48:54,SPX,7791.08,7741.41,7770.0,458,539,0.0796,0.011201
2026-08-13 13:48:54,SPX,7791.08,7741.41,7815.0,155,19,0.0766,0.011201
2026-08-13 13:48:54,SPX,7791.08,7741.41,7765.0,231,298,0.0802,0.011201
2026-08-13 13:48:54,SPX,7791.08,7741.41,7820.0,520,17,0.0763,0.011201
2026-08-13 13:48:54,SPX,7791.08,7741.41,7760.0,441,486,0.0811,0.011201
2026-08-13 13:48:54,SPX,7791.08,7741.41,7825.0,1500,6,0.0761,0.011201
2026-08-13 13:48:54,SPX,7791.08,7741.41,7755.0,286,274,0.0818,0.011201
2026-08-13 13:48:54,SPX,7791.08,7741.41,7830.0,313,3,0.076,0.011201
2026-08-13 13:48:54,SPX,7791.08,7741.41,7750.0,1153,1164,0.0829,0.011201
2026-08-13 13:48:54,SPX,7791.08,7741.41,7835.0,383,6,0.076,0.011201
2026-08-13 13:48:54,SPX,7791.08,7741.41,7745.0,187,391,0.0844,0.011201
2026-08-13 13:48:54,SPX,7791.08,7741.41,7840.0,386,5,0.0762,0.011201
2026-08-13 13:48:54,SPX,7791.08,7741.41,7740.0,252,377,0.0848,0.011201
2026-08-13 13:48:54,SPX,7791.08,7741.41,7845.0,238,0,0.0765,0.011201
2026-08-13 13:48:54,SPX,7791.08,7741.41,7735.0,196,176,0.086,0.011201
2026-08-13 13:48:54,SPX,7791.08,7741.41,7850.0,6744,11,0.0769,0.011201
2026-08-13 13:48:54,SPX,7791.08,7741.41,7730.0,178,143,0.0869,0.011201
2026-08-13 13:48:54,SPX,7791.08,7741.41,7855.0,699,0,0.0773,0.011201
2026-08-13 13:48:54,SPX,7791.08,7741.41,7725.0,2781,705,0.0886,0.011201
2026-08-13 13:48:54,SPX,7791.08,7741.41,7860.0,275,3,0.0777,0.011201
2026-08-13 13:48:54,SPX,7791.08,7741.41,7720.0,133,276,0.0902,0.011201
2026-08-13 13:48:54,SPX,7791.08,7741.41,7865.0,546,1,0.0781,0.011201
2026-08-13 13:48:54,SPX,7791.08,7741.41,7715.0,94,136,0.0908,0.011201
2026-08-13 13:48:54,SPX,7791.08,7741.41,7870.0,343,1,0.0785,0.011201
2026-08-13 13:48:54,SPX,7791.08,7741.41,7710.0,217,342,0.0919,0.011201
2026-08-13 13:48:54,SPX,7791.08,7741.41,7875.0,5132,1,0.0788,0.011201
2026-08-13 13:48:54,SPX,7791.08,7741.41,7705.0,47,207,0.093,0.011201
2026-08-13 13:48:54,SPX,7791.08,7741.41,7880.0,844,1,0.0793,0.011201
2026-08-13 13:48:54,SPX,7791.08,7741.41,7700.0,1101,3900,0.095,0.011201
2026-08-13 13:48:54,SPX,7791.08,7741.41,7885.0,912,0,0.0797,0.011201
2026-08-13 13:48:54,SPX,7791.08,7741.41,7695.0,32,202,0.0962,0.011201
2026-08-13 13:48:54,SPX,7791.08,7741.41,7890.0,1802,2,0.0803,0.011201
2026-08-13 13:48:54,SPX,7791.08,7741.41,7690.0,100,289,0.097,0.011201
2026-08-13 13:48:54,SPX,7791.08,7741.41,7895.0,696,4,0.081,0.011201
2026-08-13 13:48:54,SPX,7791.08,7741.41,7685.0,31,162,0.0987,0.011201
2026-08-13 13:48:54,SPX,7791.08,7741.41,7900.0,8335,9,0.0817,0.011201
2026-08-13 13:48:54,SPX,7791.08,7741.41,7680.0,57,146,0.1001,0.011201
2026-08-13 13:48:54,SPX,7791.08,7741.41,7905.0,1960,0,0.0826,0.011201
2026-08-13 13:48:54,SPX,7791.08,7741.41,7675.0,826,500,0.1008,0.011201
2026-08-13 13:48:54,SPX,7791.08,7741.41,7910.0,1079,4,0.0836,0.011201
2026-08-13 13:48:54,SPX,7791.08,7741.41,7670.0,87,359,0.1023,0.011201
2026-08-13 13:48:54,SPX,7791.08,7741.41,7915.0,448,0,0.0847,0.011201
2026-08-13 14:19:08,SPX,7792.58,7745.17,7795.0,888,60,0.0894,0.000192
2026-08-13 14:19:08,SPX,7792.58,7745.17,7790.0,2020,148,0.0909,0.000192
2026-08-13 14:19:08,SPX,7792.58,7745.17,7800.0,6376,537,0.0916,0.000192
2026-08-13 14:19:08,SPX,7792.58,7745.17,7785.0,0,65,0.0984,0.000192
2026-08-13 14:19:08,SPX,7792.58,7745.17,7770.0,0,214,0.1363,0.000192
2026-08-13 14:19:08,SPX,7792.58,7745.17,7820.0,0,5,0.1396,0.000192
2026-08-13 14:19:08,SPX,7792.58,7745.17,7830.0,2837,31,0.167,0.000192
2026-08-13 14:19:08,SPX,7792.58,7745.17,7755.0,1145,587,0.1797,0.000192
2026-08-13 14:19:08,SPX,7792.58,7745.17,7835.0,749,19,0.1819,0.000192
2026-08-13 14:19:08,SPX,7792.58,7745.17,7750.0,3187,2030,0.191,0.000192
2026-08-13 14:19:08,SPX,7792.58,7745.17,7840.0,1015,11,0.1975,0.000192
2026-08-13 14:19:08,SPX,7792.58,7745.17,7745.0,886,1121,0.2099,0.000192
2026-08-13 14:19:08,SPX,7792.58,7745.17,7845.0,632,2,0.2136,0.000192
2026-08-13 14:19:08,SPX,7792.58,7745.17,7740.0,779,920,0.2265,0.000192
2026-08-13 14:19:08,SPX,7792.58,7745.17,7850.0,1735,15,0.23,0.000192
2026-08-13 14:19:08,SPX,7792.58,7745.17,7735.0,358,1079,0.2449,0.000192
2026-08-13 14:19:08,SPX,7792.58,7745.17,7855.0,751,32,0.246,0.000192
2026-08-13 14:19:08,SPX,7792.58,7745.17,7730.0,336,1313,0.2641,0.000192
2026-08-13 14:19:08,SPX,7792.58,7745.17,7860.0,885,7,0.2615,0.000192
2026-08-13 14:19:08,SPX,7792.58,7745.17,7725.0,622,2857,0.2817,0.000192
2026-08-13 14:19:08,SPX,7792.58,7745.17,7865.0,737,0,0.276,0.000192
2026-08-13 14:19:08,SPX,7792.58,7745.17,7720.0,223,1217,0.2964,0.000192
2026-08-13 14:19:08,SPX,7792.58,7745.17,7870.0,971,26,0.2891,0.000192
2026-08-13 14:19:08,SPX,7792.58,7745.17,7715.0,223,2898,0.3093,0.000192
2026-08-13 14:19:08,SPX,7792.58,7745.17,7875.0,4495,200,0.3008,0.000192
2026-08-13 14:19:08,SPX,7792.58,7745.17,7710.0,353,2025,0.3224,0.000192
2026-08-13 14:19:08,SPX,7792.58,7745.17,7880.0,1022,32,0.3109,0.000192
2026-08-13 14:19:08,SPX,7792.58,7745.17,7705.0,95,1546,0.3362,0.000192
2026-08-13 14:19:08,SPX,7792.58,7745.17,7885.0,6747,0,0.3193,0.000192
2026-08-13 14:19:08,SPX,7792.58,7745.17,7700.0,905,4205,0.3509,0.000192
2026-08-13 14:19:08,SPX,7792.58,7745.17,7890.0,533,0,0.3261,0.000192
2026-08-13 14:19:08,SPX,7792.58,7745.17,7695.0,236,1878,0.3664,0.000192
2026-08-13 14:19:08,SPX,7792.58,7745.17,7895.0,634,10,0.3312,0.000192
2026-08-13 14:19:08,SPX,7792.58,7745.17,7690.0,226,1677,0.3826,0.000192
2026-08-13 14:19:08,SPX,7792.58,7745.17,7900.0,8808,11,0.3348,0.000192
2026-08-13 14:19:08,SPX,7792.58,7745.17,7685.0,27,1636,0.3993,0.000192
2026-08-13 14:19:08,SPX,7792.58,7745.17,7905.0,1051,0,0.3372,0.000192
2026-08-13 14:19:08,SPX,7792.58,7745.17,7680.0,474,1497,0.4165,0.000192
2026-08-13 14:19:08,SPX,7792.58,7745.17,7910.0,723,3,0.3388,0.000192
2026-08-13 14:19:08,SPX,7792.58,7745.17,7675.0,637,2901,0.4338,0.000192
2026-08-13 14:19:08,SPX,7792.58,7745.17,7915.0,2242,0,0.3397,0.000192
2026-08-13 14:19:08,SPX,7792.58,7745.17,7670.0,388,2275,0.4513,0.000192
2026-08-13 14:19:08,SPX,7792.58,7745.17,7795.0,708,83,0.1013,0.00293
2026-08-13 14:19:08,SPX,7792.58,7745.17,7790.0,851,203,0.1021,0.00293
2026-08-13 14:19:08,SPX,7792.58,7745.17,7800.0,6186,471,0.1003,0.00293
2026-08-13 14:19:08,SPX,7792.58,7745.17,7785.0,445,87,0.1034,0.00293
2026-08-13 14:19:08,SPX,7792.58,7745.17,7805.0,818,51,0.0996,0.00293
2026-08-13 14:19:08,SPX,7792.58,7745.17,7780.0,1480,157,0.1046,0.00293
2026-08-13 14:19:08,SPX,7792.58,7745.17,7810.0,2361,122,0.0987,0.00293
2026-08-13 14:19:08,SPX,7792.58,7745.17,7775.0,3035,542,0.1064,0.00293
2026-08-13 14:19:08,SPX,7792.58,7745.17,7815.0,633,33,0.0985,0.00293
2026-08-13 14:19:08,SPX,7792.58,7745.17,7770.0,1070,435,0.1083,0.00293
2026-08-13 14:19:08,SPX,7792.58,7745.17,7820.0,1937,106,0.0986,0.00293
2026-08-13 14:19:08,SPX,7792.58,7745.17,7765.0,517,414,0.1101,0.00293
2026-08-13 14:19:08,SPX,7792.58,7745.17,7825.0,4944,41,0.0979,0.00293
2026-08-13 14:19:08,SPX,7792.58,7745.17,7760.0,1404,1072,0.1114,0.00293
2026-08-13 14:19:08,SPX,7792.58,7745.17,7830.0,2861,30,0.0983,0.00293
2026-08-13 14:19:08,SPX,7792.58,7745.17,7755.0,1986,631,0.1138,0.00293
2026-08-13 14:19:08,SPX,7792.58,7745.17,7835.0,1016,9,0.0981,0.00293
2026-08-13 14:19:08,SPX,7792.58,7745.17,7750.0,5144,3619,0.1162,0.00293
2026-08-13 14:19:08,SPX,7792.58,7745.17,7840.0,2382,31,0.0982,0.00293
2026-08-13 14:19:08,SPX,7792.58,7745.17,7745.0,2285,2193,0.1174,0.00293
2026-08-13 14:19:08,SPX,7792.58,7745.17,7845.0,1118,51,0.0985,0.00293
2026-08-13 14:19:08,SPX,7792.58,7745.17,7740.0,911,1199,0.1198,0.00293
2026-08-13 14:19:08,SPX,7792.58,7745.17,7850.0,5480,70,0.0991,0.00293
2026-08-13 14:19:08,SPX,7792.58,7745.17,7735.0,569,482,0.1218,0.00293
2026-08-13 14:19:08,SPX,7792.58,7745.17,7855.0,1606,12,0.0999,0.00293
2026-08-13 14:19:08,SPX,7792.58,7745.17,7730.0,882,704,0.1241,0.00293
2026-08-13 14:19:08,SPX,7792.58,7745.17,7860.0,1805,18,0.1013,0.00293
2026-08-13 14:19:08,SPX,7792.58,7745.17,7725.0,2716,2543,0.1274,0.00293
2026-08-13 14:19:08,SPX,7792.58,7745.17,7865.0,730,3,0.1034,0.00293
2026-08-13 14:19:08,SPX,7792.58,7745.17,7720.0,695,1009,0.1287,0.00293
2026-08-13 14:19:08,SPX,7792.58,7745.17,7870.0,1959,14,0.1056,0.00293
2026-08-13 14:19:08,SPX,7792.58,7745.17,7715.0,232,553,0.1312,0.00293
2026-08-13 14:19:08,SPX,7792.58,7745.17,7875.0,2184,17,0.108,0.00293
2026-08-13 14:19:08,SPX,7792.58,7745.17,7710.0,1041,1005,0.1349,0.00293
2026-08-13 14:19:08,SPX,7792.58,7745.17,7880.0,2825,1,0.1103,0.00293
2026-08-13 14:19:08,SPX,7792.58,7745.17,7705.0,160,859,0.1371,0.00293
2026-08-13 14:19:08,SPX,7792.58,7745.17,7885.0,823,3,0.1127,0.00293
2026-08-13 14:19:08,SPX,7792.58,7745.17,7700.0,3186,5076,0.1403,0.00293
2026-08-13 14:19:08,SPX,7792.58,7745.17,7890.0,1904,22,0.1152,0.00293
2026-08-13 14:19:08,SPX,7792.58,7745.17,7695.0,189,620,0.1411,0.00293
2026-08-13 14:19:08,SPX,7792.58,7745.17,7895.0,768,5,0.1179,0.00293
2026-08-13 14:19:08,SPX,7792.58,7745.17,7690.0,434,1321,0.1441,0.00293
2026-08-13 14:19:08,SPX,7792.58,7745.17,7900.0,9568,105,0.1207,0.00293
2026-08-13 14:19:08,SPX,7792.58,7745.17,7685.0,159,3460,0.1469,0.00293
2026-08-13 14:19:08,SPX,7792.58,7745.17,7905.0,679,0,0.1237,0.00293
2026-08-13 14:19:08,SPX,7792.58,7745.17,7680.0,638,1157,0.1492,0.00293
2026-08-13 14:19:08,SPX,7792.58,7745.17,7910.0,1707,21,0.127,0.00293
2026-08-13 14:19:08,SPX,7792.58,7745.17,7675.0,1216,4269,0.1516,0.00293
2026-08-13 14:19:08,SPX,7792.58,7745.17,7915.0,960,3,0.1305,0.00293
2026-08-13 14:19:08,SPX,7792.58,7745.17,7670.0,472,1055,0.1556,0.00293
2026-08-13 14:19:08,SPX,7792.58,7745.17,7795.0,148,27,0.078,0.011143
2026-08-13 14:19:08,SPX,7792.58,7745.17,7790.0,249,47,0.0782,0.011143
2026-08-13 14:19:08,SPX,7792.58,7745.17,7800.0,1444,46,0.0777,0.011143
2026-08-13 14:19:08,SPX,7792.58,7745.17,7785.0,450,92,0.0787,0.011143
2026-08-13 14:19:08,SPX,7792.58,7745.17,7805.0,167,29,0.0775,0.011143
2026-08-13 14:19:08,SPX,7792.58,7745.17,7780.0,256,71,0.0793,0.011143
2026-08-13 14:19:08,SPX,7792.58,7745.17,7810.0,377,22,0.0773,0.011143
2026-08-13 14:19:08,SPX,7792.58,7745.17,7775.0,1483,294,0.08,0.011143
2026-08-13 14:19:08,SPX,7792.58,7745.17,7815.0,155,19,0.0773,0.011143
2026-08-13 14:19:08,SPX,7792.58,7745.17,7770.0,458,539,0.0806,0.011143
2026-08-13 14:19:08,SPX,7792.58,7745.17,7820.0,520,17,0.0772,0.011143
2026-08-13 14:19:08,SPX,7792.58,7745.17,7765.0,231,298,0.0814,0.011143
2026-08-13 14:19:08,SPX,7792.58,7745.17,7825.0,1500,6,0.0768,0.011143
2026-08-13 14:19:08,SPX,7792.58,7745.17,7760.0,441,486,0.0822,0.011143
2026-08-13 14:19:08,SPX,7792.58,7745.17,7830.0,313,3,0.0766,0.011143
2026-08-13 14:19:08,SPX,7792.58,7745.17,7755.0,286,274,0.0832,0.011143
2026-08-13 14:19:08,SPX,7792.58,7745.17,7835.0,383,6,0.0766,0.011143
2026-08-13 14:19:08,SPX,7792.58,7745.17,7750.0,1153,1164,0.0846,0.011143
2026-08-13 14:19:08,SPX,7792.58,7745.17,7840.0,386,5,0.0767,0.011143
2026-08-13 14:19:08,SPX,7792.58,7745.17,7745.0,187,391,0.0853,0.011143
2026-08-13 14:19:08,SPX,7792.58,7745.17,7845.0,238,0,0.077,0.011143
2026-08-13 14:19:08,SPX,7792.58,7745.17,7740.0,252,377,0.086,0.011143
2026-08-13 14:19:08,SPX,7792.58,7745.17,7850.0,6744,11,0.0773,0.011143
2026-08-13 14:19:08,SPX,7792.58,7745.17,7735.0,196,176,0.0871,0.011143
2026-08-13 14:19:08,SPX,7792.58,7745.17,7855.0,699,0,0.0776,0.011143
2026-08-13 14:19:08,SPX,7792.58,7745.17,7730.0,178,143,0.088,0.011143
2026-08-13 14:19:08,SPX,7792.58,7745.17,7860.0,275,3,0.078,0.011143
2026-08-13 14:19:08,SPX,7792.58,7745.17,7725.0,2781,705,0.0892,0.011143
2026-08-13 14:19:08,SPX,7792.58,7745.17,7865.0,546,1,0.0782,0.011143
2026-08-13 14:19:08,SPX,7792.58,7745.17,7720.0,133,276,0.0907,0.011143
2026-08-13 14:19:08,SPX,7792.58,7745.17,7870.0,343,1,0.0785,0.011143
2026-08-13 14:19:08,SPX,7792.58,7745.17,7715.0,94,136,0.0925,0.011143
2026-08-13 14:19:08,SPX,7792.58,7745.17,7875.0,5132,1,0.0787,0.011143
2026-08-13 14:19:08,SPX,7792.58,7745.17,7710.0,217,342,0.0938,0.011143
2026-08-13 14:19:08,SPX,7792.58,7745.17,7880.0,844,1,0.079,0.011143
2026-08-13 14:19:08,SPX,7792.58,7745.17,7705.0,47,207,0.0947,0.011143
2026-08-13 14:19:08,SPX,7792.58,7745.17,7885.0,912,0,0.0794,0.011143
2026-08-13 14:19:08,SPX,7792.58,7745.17,7700.0,1101,3900,0.0959,0.011143
2026-08-13 14:19:08,SPX,7792.58,7745.17,7890.0,1802,2,0.0799,0.011143
2026-08-13 14:19:08,SPX,7792.58,7745.17,7695.0,32,202,0.0971,0.011143
2026-08-13 14:19:08,SPX,7792.58,7745.17,7895.0,696,4,0.0804,0.011143
2026-08-13 14:19:08,SPX,7792.58,7745.17,7690.0,100,289,0.0982,0.011143
2026-08-13 14:19:08,SPX,7792.58,7745.17,7900.0,8335,9,0.0811,0.011143
2026-08-13 14:19:08,SPX,7792.58,7745.17,7685.0,31,162,0.0994,0.011143
2026-08-13 14:19:08,SPX,7792.58,7745.17,7905.0,1960,0,0.0819,0.011143
2026-08-13 14:19:08,SPX,7792.58,7745.17,7680.0,57,146,0.1003,0.011143
2026-08-13 14:19:08,SPX,7792.58,7745.17,7910.0,1079,4,0.0828,0.011143
2026-08-13 14:19:08,SPX,7792.58,7745.17,7675.0,826,500,0.1016,0.011143
2026-08-13 14:19:08,SPX,7792.58,7745.17,7915.0,448,0,0.0838,0.011143
2026-08-13 14:19:08,SPX,7792.58,7745.17,7670.0,87,359,0.1032,0.011143
2026-08-13 14:49:21,SPX,7800.63,7739.87,7800.0,6376,537,0.1065,0.000134
2026-08-13 14:49:21,SPX,7800.63,7739.87,7805.0,2822,59,0.1112,0.000134
2026-08-13 14:49:21,SPX,7800.63,7739.87,7795.0,888,60,0.1085,0.000134
2026-08-13 14:49:21,SPX,7800.63,7739.87,7810.0,1880,41,0.1173,0.000134
2026-08-13 14:49:21,SPX,7800.63,7739.87,7790.0,2020,148,0.1136,0.000134
2026-08-13 14:49:21,SPX,7800.63,7739.87,7815.0,1194,30,0.1287,0.000134
2026-08-13 14:49:21,SPX,7800.63,7739.87,7785.0,1674,65,0.1243,0.000134
2026-08-13 14:49:21,SPX,7800.63,7739.87,7820.0,2984,5,0.142,0.000134
2026-08-13 14:49:21,SPX,7800.63,7739.87,7780.0,2609,115,0.1387,0.000134
2026-08-13 14:49:21,SPX,7800.63,7739.87,7825.0,1925,100,0.1585,0.000134
2026-08-13 14:49:21,SPX,7800.63,7739.87,7775.0,1607,368,0.1545,0.000134
2026-08-13 14:49:21,SPX,7800.63,7739.87,7830.0,2837,31,0.1752,0.000134
2026-08-13 14:49:21,SPX,7800.63,7739.87,7770.0,1021,214,0.1738,0.000134
2026-08-13 14:49:21,SPX,7800.63,7739.87,7835.0,749,19,0.1896,0.000134
2026-08-13 14:49:21,SPX,7800.63,7739.87,7765.0,800,320,0.1887,0.000134
2026-08-13 14:49:21,SPX,7800.63,7739.87,7840.0,1015,11,0.2036,0.000134
2026-08-13 14:49:21,SPX,7800.63,7739.87,7760.0,1701,442,0.2103,0.000134
2026-08-13 14:49:21,SPX,7800.63,7739.87,7845.0,632,2,0.2169,0.000134
2026-08-13 14:49:21,SPX,7800.63,7739.87,7755.0,1145,587,0.2381,0.000134
2026-08-13 14:49:21,SPX,7800.63,7739.87,7850.0,1735,15,0.2314,0.000134
2026-08-13 14:49:21,SPX,7800.63,7739.87,7750.0,3187,2030,0.2568,0.000134
2026-08-13 14:49:21,SPX,7800.63,7739.87,7855.0,751,32,0.2479,0.000134
2026-08-13 14:49:21,SPX,7800.63,7739.87,7745.0,886,1121,0.2674,0.000134
2026-08-13 14:49:21,SPX,7800.63,7739.87,7860.0,885,7,0.266,0.000134
2026-08-13 14:49:21,SPX,7800.63,7739.87,7740.0,779,920,0.2766,0.000134
2026-08-13 14:49:21,SPX,7800.63,7739.87,7865.0,737,0,0.2843,0.000134
2026-08-13 14:49:21,SPX,7800.63,7739.87,7735.0,358,1079,0.2913,0.000134
2026-08-13 14:49:21,SPX,7800.63,7739.87,7870.0,971,26,0.3017,0.000134
2026-08-13 14:49:21,SPX,7800.63,7739.87,7730.0,336,1313,0.3091,0.000134
2026-08-13 14:49:21,SPX,7800.63,7739.87,7875.0,4495,200,0.3176,0.000134
2026-08-13 14:49:21,SPX,7800.63,7739.87,7725.0,622,2857,0.3285,0.000134
2026-08-13 14:49:21,SPX,7800.63,7739.87,7880.0,1022,32,0.3317,0.000134
2026-08-13 14:49:21,SPX,7800.63,7739.87,7720.0,223,1217,0.3494,0.000134
2026-08-13 14:49:21,SPX,7800.63,7739.87,7885.0,6747,0,0.3448,0.000134
2026-08-13 14:49:21,SPX,7800.63,7739.87,7715.0,223,2898,0.3714,0.000134
2026-08-13 14:49:21,SPX,7800.63,7739.87,7890.0,533,0,0.3551,0.000134
2026-08-13 14:49:21,SPX,7800.63,7739.87,7710.0,353,2025,0.3935,0.000134
2026-08-13 14:49:21,SPX,7800.63,7739.87,7895.0,634,10,0.3633,0.000134
2026-08-13 14:49:21,SPX,7800.63,7739.87,7705.0,95,1546,0.4151,0.000134
2026-08-13 14:49:21,SPX,7800.63,7739.87,7900.0,8808,11,0.3697,0.000134
2026-08-13 14:49:21,SPX,7800.63,7739.87,7700.0,905,4205,0.4356,0.000134
2026-08-13 14:49:21,SPX,7800.63,7739.87,7905.0,1051,0,0.3742,0.000134
2026-08-13 14:49:21,SPX,7800.63,7739.87,7695.0,236,1878,0.4551,0.000134
2026-08-13 14:49:21,SPX,7800.63,7739.87,7910.0,723,3,0.3772,0.000134
2026-08-13 14:49:21,SPX,7800.63,7739.87,7690.0,226,1677,0.4737,0.000134
2026-08-13 14:49:21,SPX,7800.63,7739.87,7915.0,2242,0,0.3789,0.000134
2026-08-13 14:49:21,SPX,7800.63,7739.87,7685.0,27,1636,0.4916,0.000134
2026-08-13 14:49:21,SPX,7800.63,7739.87,7920.0,4441,3,0.3796,0.000134
2026-08-13 14:49:21,SPX,7800.63,7739.87,7680.0,474,1497,0.509,0.000134
2026-08-13 14:49:21,SPX,7800.63,7739.87,7925.0,6762,0,0.3795,0.000134
2026-08-13 14:49:21,SPX,7800.63,7739.87,7800.0,6186,471,0.1042,0.002872
2026-08-13 14:49:21,SPX,7800.63,7739.87,7805.0,818,51,0.1036,0.002872
2026-08-13 14:49:21,SPX,7800.63,7739.87,7795.0,708,83,0.1062,0.002872
2026-08-13 14:49:21,SPX,7800.63,7739.87,7810.0,2361,122,0.103,0.002872
2026-08-13 14:49:21,SPX,7800.63,7739.87,7790.0,851,203,0.1071,0.002872
2026-08-13 14:49:21,SPX,7800.63,7739.87,7815.0,633,33,0.1022,0.002872
2026-08-13 14:49:21,SPX,7800.63,7739.87,7785.0,445,87,0.1083,0.002872
2026-08-13 14:49:21,SPX,7800.63,7739.87,7820.0,1937,106,0.1014,0.002872
2026-08-13 14:49:21,SPX,7800.63,7739.87,7780.0,1480,157,0.1097,0.002872
2026-08-13 14:49:21,SPX,7800.63,7739.87,7825.0,4944,41,0.101,0.002872
2026-08-13 14:49:21,SPX,7800.63,7739.87,7775.0,3035,542,0.1112,0.002872
2026-08-13 14:49:21,SPX,7800.63,7739.87,7830.0,2861,30,0.1006,0.002872
2026-08-13 14:49:21,SPX,7800.63,7739.87,7770.0,1070,435,0.1129,0.002872
2026-08-13 14:49:21,SPX,7800.63,7739.87,7835.0,1016,9,0.0998,0.002872
2026-08-13 14:49:21,SPX,7800.63,7739.87,7765.0,517,414,0.1147,0.002872
2026-08-13 14:49:21,SPX,7800.63,7739.87,7840.0,2382,31,0.0994,0.002872
2026-08-13 14:49:21,SPX,7800.63,7739.87,7760.0,1404,1072,0.1175,0.002872
2026-08-13 14:49:21,SPX,7800.63,7739.87,7845.0,1118,51,0.1001,0.002872
2026-08-13 14:49:21,SPX,7800.63,7739.87,7755.0,1986,631,0.1192,0.002872
2026-08-13 14:49:21,SPX,7800.63,7739.87,7850.0,5480,70,0.1005,0.002872
2026-08-13 14:49:21,SPX,7800.63,7739.87,7750.0,5144,3619,0.1211,0.002872
2026-08-13 14:49:21,SPX,7800.63,7739.87,7855.0,1606,12,0.1008,0.002872
2026-08-13 14:49:21,SPX,7800.63,7739.87,7745.0,2285,2193,0.1232,0.002872
2026-08-13 14:49:21,SPX,7800.63,7739.87,7860.0,1805,18,0.1018,0.002872
2026-08-13 14:49:21,SPX,7800.63,7739.87,7740.0,911,1199,0.1254,0.002872
2026-08-13 14:49:21,SPX,7800.63,7739.87,7865.0,730,3,0.1034,0.002872
2026-08-13 14:49:21,SPX,7800.63,7739.87,7735.0,569,482,0.1275,0.002872
2026-08-13 14:49:21,SPX,7800.63,7739.87,7870.0,1959,14,0.1054,0.002872
2026-08-13 14:49:21,SPX,7800.63,7739.87,7730.0,882,704,0.1302,0.002872
2026-08-13 14:49:21,SPX,7800.63,7739.87,7875.0,2184,17,0.1074,0.002872
2026-08-13 14:49:21,SPX,7800.63,7739.87,7725.0,2716,2543,0.1324,0.002872
2026-08-13 14:49:21,SPX,7800.63,7739.87,7880.0,2825,1,0.1095,0.002872
2026-08-13 14:49:21,SPX,7800.63,7739.87,7720.0,695,1009,0.1364,0.002872
2026-08-13 14:49:21,SPX,7800.63,7739.87,7885.0,823,3,0.1116,0.002872
2026-08-13 14:49:21,SPX,7800.63,7739.87,7715.0,232,553,0.1385,0.002872
2026-08-13 14:49:21,SPX,7800.63,7739.87,7890.0,1904,22,0.1138,0.002872
2026-08-13 14:49:21,SPX,7800.63,7739.87,7710.0,1041,1005,0.1415,0.002872
2026-08-13 14:49:21,SPX,7800.63,7739.87,7895.0,768,5,0.1162,0.002872
2026-08-13 14:49:21,SPX,7800.63,7739.87,7705.0,160,859,0.1427,0.002872
2026-08-13 14:49:21,SPX,7800.63,7739.87,7900.0,9568,105,0.1187,0.002872
2026-08-13 14:49:21,SPX,7800.63,7739.87,7700.0,3186,5076,0.1461,0.002872
2026-08-13 14:49:21,SPX,7800.63,7739.87,7905.0,679,0,0.1215,0.002872
2026-08-13 14:49:21,SPX,7800.63,7739.87,7695.0,189,620,0.15,0.002872
2026-08-13 14:49:21,SPX,7800.63,7739.87,7910.0,1707,21,0.1245,0.002872
2026-08-13 14:49:21,SPX,7800.63,7739.87,7690.0,434,1321,0.1512,0.002872
2026-08-13 14:49:21,SPX,7800.63,7739.87,7915.0,960,3,0.1277,0.002872
2026-08-13 14:49:21,SPX,7800.63,7739.87,7685.0,159,3460,0.1543,0.002872
2026-08-13 14:49:21,SPX,7800.63,7739.87,7920.0,1632,0,0.1311,0.002872
2026-08-13 14:49:21,SPX,7800.63,7739.87,7680.0,638,1157,0.1578,0.002872
2026-08-13 14:49:21,SPX,7800.63,7739.87,7925.0,1280,1,0.1346,0.002872
2026-08-13 14:49:21,SPX,7800.63,7739.87,7800.0,1444,46,0.0791,0.011086
2026-08-13 14:49:21,SPX,7800.63,7739.87,7805.0,167,29,0.0788,0.011086
2026-08-13 14:49:21,SPX,7800.63,7739.87,7795.0,148,27,0.0794,0.011086
2026-08-13 14:49:21,SPX,7800.63,7739.87,7810.0,377,22,0.0785,0.011086
2026-08-13 14:49:21,SPX,7800.63,7739.87,7790.0,249,47,0.0798,0.011086
2026-08-13 14:49:21,SPX,7800.63,7739.87,7815.0,155,19,0.0784,0.011086
2026-08-13 14:49:21,SPX,7800.63,7739.87,7785.0,450,92,0.0805,0.011086
2026-08-13 14:49:21,SPX,7800.63,7739.87,7820.0,520,17,0.0783,0.011086
2026-08-13 14:49:21,SPX,7800.63,7739.87,7780.0,256,71,0.0812,0.011086
2026-08-13 14:49:21,SPX,7800.63,7739.87,7825.0,1500,6,0.0781,0.011086
2026-08-13 14:49:21,SPX,7800.63,7739.87,7775.0,1483,294,0.0819,0.011086
2026-08-13 14:49:21,SPX,7800.63,7739.87,7830.0,313,3,0.0778,0.011086
2026-08-13 14:49:21,SPX,7800.63,7739.87,7770.0,458,539,0.0828,0.011086
2026-08-13 14:49:21,SPX,7800.63,7739.87,7835.0,383,6,0.0776,0.011086
2026-08-13 14:49:21,SPX,7800.63,7739.87,7765.0,231,298,0.0836,0.011086
2026-08-13 14:49:21,SPX,7800.63,7739.87,7840.0,386,5,0.0776,0.011086
2026-08-13 14:49:21,SPX,7800.63,7739.87,7760.0,441,486,0.0845,0.011086
2026-08-13 14:49:21,SPX,7800.63,7739.87,7845.0,238,0,0.0776,0.011086
2026-08-13 14:49:21,SPX,7800.63,7739.87,7755.0,286,274,0.0855,0.011086
2026-08-13 14:49:21,SPX,7800.63,7739.87,7850.0,6744,11,0.0778,0.011086
2026-08-13 14:49:21,SPX,7800.63,7739.87,7750.0,1153,1164,0.0863,0.011086
2026-08-13 14:49:21,SPX,7800.63,7739.87,7855.0,699,0,0.0781,0.011086
2026-08-13 14:49:21,SPX,7800.63,7739.87,7745.0,187,391,0.0873,0.011086
2026-08-13 14:49:21,SPX,7800.63,7739.87,7860.0,275,3,0.0784,0.011086
2026-08-13 14:49:21,SPX,7800.63,7739.87,7740.0,252,377,0.0883,0.011086
2026-08-13 14:49:21,SPX,7800.63,7739.87,7865.0,546,1,0.0787,0.011086
2026-08-13 14:49:21,SPX,7800.63,7739.87,7735.0,196,176,0.0895,0.011086
2026-08-13 14:49:21,SPX,7800.63,7739.87,7870.0,343,1,0.0789,0.011086
2026-08-13 14:49:21,SPX,7800.63,7739.87,7730.0,178,143,0.0913,0.011086
2026-08-13 14:49:21,SPX,7800.63,7739.87,7875.0,5132,1,0.0792,0.011086
2026-08-13 14:49:21,SPX,7800.63,7739.87,7725.0,2781,705,0.0925,0.011086
2026-08-13 14:49:21,SPX,7800.63,7739.87,7880.0,844,1,0.0794,0.011086
2026-08-13 14:49:21,SPX,7800.63,7739.87,7720.0,133,276,0.0933,0.011086
2026-08-13 14:49:21,SPX,7800.63,7739.87,7885.0,912,0,0.0796,0.011086
2026-08-13 14:49:21,SPX,7800.63,7739.87,7715.0,94,136,0.0944,0.011086
2026-08-13 14:49:21,SPX,7800.63,7739.87,7890.0,1802,2,0.0799,0.011086
2026-08-13 14:49:21,SPX,7800.63,7739.87,7710.0,217,342,0.0954,0.011086
2026-08-13 14:49:21,SPX,7800.63,7739.87,7895.0,696,4,0.0803,0.011086
2026-08-13 14:49:21,SPX,7800.63,7739.87,7705.0,47,207,0.0966,0.011086
2026-08-13 14:49:21,SPX,7800.63,7739.87,7900.0,8335,9,0.0808,0.011086
2026-08-13 14:49:21,SPX,7800.63,7739.87,7700.0,1101,3900,0.0985,0.011086
2026-08-13 14:49:21,SPX,7800.63,7739.87,7905.0,1960,0,0.0814,0.011086
2026-08-13 14:49:21,SPX,7800.63,7739.87,7695.0,32,202,0.1003,0.011086
2026-08-13 14:49:21,SPX,7800.63,7739.87,7910.0,1079,4,0.0822,0.011086
2026-08-13 14:49:21,SPX,7800.63,7739.87,7690.0,100,289,0.1014,0.011086
2026-08-13 14:49:21,SPX,7800.63,7739.87,7915.0,448,0,0.0831,0.011086
2026-08-13 14:49:21,SPX,7800.63,7739.87,7685.0,31,162,0.1022,0.011086
2026-08-13 14:49:21,SPX,7800.63,7739.87,7920.0,591,0,0.0841,0.011086
2026-08-13 14:49:21,SPX,7800.63,7739.87,7680.0,57,146,0.1031,0.011086
2026-08-13 14:49:21,SPX,7800.63,7739.87,7925.0,851,0,0.0852,0.011086
2026-08-13 15:19:37,SPX,7802.36,7739.96,7800.0,6376,537,0.134,7.7e-05
2026-08-13 15:19:37,SPX,7802.36,7739.96,7805.0,2822,59,0.1337,7.7e-05
2026-08-13 15:19:37,SPX,7802.36,7739.96,7795.0,888,60,0.1383,7.7e-05
2026-08-13 15:19:37,SPX,7802.36,7739.96,7810.0,1880,41,0.1386,7.7e-05
2026-08-13 15:19:37,SPX,7802.36,7739.96,7790.0,2020,148,0.1497,7.7e-05
2026-08-13 15:19:37,SPX,7802.36,7739.96,7815.0,1194,30,0.147,7.7e-05
2026-08-13 15:19:37,SPX,7802.36,7739.96,7785.0,1674,65,0.1635,7.7e-05
2026-08-13 15:19:37,SPX,7802.36,7739.96,7820.0,2984,5,0.1616,7.7e-05
2026-08-13 15:19:37,SPX,7802.36,7739.96,7780.0,2609,115,0.1809,7.7e-05
2026-08-13 15:19:37,SPX,7802.36,7739.96,7825.0,1925,100,0.1789,7.7e-05
2026-08-13 15:19:37,SPX,7802.36,7739.96,7775.0,1607,368,0.2022,7.7e-05
2026-08-13 15:19:37,SPX,7802.36,7739.96,7830.0,2837,31,0.1964,7.7e-05
2026-08-13 15:19:37,SPX,7802.36,7739.96,7770.0,1021,214,0.2259,7.7e-05
2026-08-13 15:19:37,SPX,7802.36,7739.96,7835.0,749,19,0.214,7.7e-05
2026-08-13 15:19:37,SPX,7802.36,7739.96,7765.0,800,320,0.2502,7.7e-05
2026-08-13 15:19:37,SPX,7802.36,7739.96,7840.0,1015,11,0.2324,7.7e-05
2026-08-13 15:19:37,SPX,7802.36,7739.96,7760.0,1701,442,0.2754,7.7e-05
2026-08-13 15:19:37,SPX,7802.36,7739.96,7845.0,632,2,0.2505,7.7e-05
2026-08-13 15:19:37,SPX,7802.36,7739.96,7755.0,1145,587,0.3011,7.7e-05
2026-08-13 15:19:37,SPX,7802.36,7739.96,7850.0,1735,15,0.2686,7.7e-05
2026-08-13 15:19:37,SPX,7802.36,7739.96,7750.0,3187,2030,0.3261,7.7e-05
2026-08-13 15:19:37,SPX,7802.36,7739.96,7855.0,751,32,0.2865,7.7e-05
2026-08-13 15:19:37,SPX,7802.36,7739.96,7745.0,886,1121,0.3499,7.7e-05
2026-08-13 15:19:37,SPX,7802.36,7739.96,7860.0,885,7,0.3038,7.7e-05
2026-08-13 15:19:37,SPX,7802.36,7739.96,7740.0,779,920,0.3719,7.7e-05
2026-08-13 15:19:37,SPX,7802.36,7739.96,7865.0,737,0,0.3204,7.7e-05
2026-08-13 15:19:37,SPX,7802.36,7739.96,7735.0,358,1079,0.3932,7.7e-05
2026-08-13 15:19:37,SPX,7802.36,7739.96,7870.0,971,26,0.3357,7.7e-05
2026-08-13 15:19:37,SPX,7802.36,7739.96,7730.0,336,1313,0.4138,7.7e-05
2026-08-13 15:19:37,SPX,7802.36,7739.96,7875.0,4495,200,0.3495,7.7e-05
2026-08-13 15:19:37,SPX,7802.36,7739.96,7725.0,622,2857,0.4333,7.7e-05
2026-08-13 15:19:37,SPX,7802.36,7739.96,7880.0,1022,32,0.3614,7.7e-05
2026-08-13 15:19:37,SPX,7802.36,7739.96,7720.0,223,1217,0.452,7.7e-05
2026-08-13 15:19:37,SPX,7802.36,7739.96,7885.0,6747,0,0.3714,7.7e-05
2026-08-13 15:19:37,SPX,7802.36,7739.96,7715.0,223,2898,0.4693,7.7e-05
2026-08-13 15:19:37,SPX,7802.36,7739.96,7890.0,533,0,0.3791,7.7e-05
2026-08-13 15:19:37,SPX,7802.36,7739.96,7710.0,353,2025,0.4855,7.7e-05
2026-08-13 15:19:37,SPX,7802.36,7739.96,7895.0,634,10,0.3847,7.7e-05
2026-08-13 15:19:37,SPX,7802.36,7739.96,7705.0,95,1546,0.5042,7.7e-05
2026-08-13 15:19:37,SPX,7802.36,7739.96,7900.0,8808,11,0.3886,7.7e-05
2026-08-13 15:19:37,SPX,7802.36,7739.96,7700.0,905,4205,0.5175,7.7e-05
2026-08-13 15:19:37,SPX,7802.36,7739.96,7905.0,1051,0,0.391,7.7e-05
2026-08-13 15:19:37,SPX,7802.36,7739.96,7695.0,236,1878,0.5291,7.7e-05
2026-08-13 15:19:37,SPX,7802.36,7739.96,7910.0,723,3,0.3924,7.7e-05
2026-08-13 15:19:37,SPX,7802.36,7739.96,7690.0,226,1677,0.5396,7.7e-05
2026-08-13 15:19:37,SPX,7802.36,7739.96,7915.0,2242,0,0.3928,7.7e-05
2026-08-13 15:19:37,SPX,7802.36,7739.96,7685.0,27,1636,0.5492,7.7e-05
2026-08-13 15:19:37,SPX,7802.36,7739.96,7920.0,4441,3,0.3926,7.7e-05
2026-08-13 15:19:37,SPX,7802.36,7739.96,7680.0,474,1497,0.558,7.7e-05
2026-08-13 15:19:37,SPX,7802.36,7739.96,7925.0,6762,0,0.3917,7.7e-05
2026-08-13 15:19:37,SPX,7802.36,7739.96,7800.0,6186,471,0.1035,0.002815
2026-08-13 15:19:37,SPX,7802.36,7739.96,7805.0,818,51,0.1034,0.002815
2026-08-13 15:19:37,SPX,7802.36,7739.96,7795.0,708,83,0.1057,0.002815
2026-08-13 15:19:37,SPX,7802.36,7739.96,7810.0,2361,122,0.1015,0.002815
2026-08-13 15:19:37,SPX,7802.36,7739.96,7790.0,851,203,0.1061,0.002815
2026-08-13 15:19:37,SPX,7802.36,7739.96,7815.0,633,33,0.1006,0.002815
2026-08-13 15:19:37,SPX,7802.36,7739.96,7785.0,445,87,0.1082,0.002815
2026-08-13 15:19:37,SPX,7802.36,7739.96,7820.0,1937,106,0.1,0.002815
2026-08-13 15:19:37,SPX,7802.36,7739.96,7780.0,1480,157,0.1101,0.002815
2026-08-13 15:19:37,SPX,7802.36,7739.96,7825.0,4944,41,0.0993,0.002815
2026-08-13 15:19:37,SPX,7802.36,7739.96,7775.0,3035,542,0.1121,0.002815
2026-08-13 15:19:37,SPX,7802.36,7739.96,7830.0,2861,30,0.099,0.002815
2026-08-13 15:19:37,SPX,7802.36,7739.96,7770.0,1070,435,0.1135,0.002815
2026-08-13 15:19:37,SPX,7802.36,7739.96,7835.0,1016,9,0.0988,0.002815
2026-08-13 15:19:37,SPX,7802.36,7739.96,7765.0,517,414,0.1148,0.002815
2026-08-13 15:19:37,SPX,7802.36,7739.96,7840.0,2382,31,0.0992,0.002815
2026-08-13 15:19:37,SPX,7802.36,7739.96,7760.0,1404,1072,0.1162,0.002815
2026-08-13 15:19:37,SPX,7802.36,7739.96,7845.0,1118,51,0.0992,0.002815
2026-08-13 15:19:37,SPX,7802.36,7739.96,7755.0,1986,631,0.1196,0.002815
2026-08-13 15:19:37,SPX,7802.36,7739.96,7850.0,5480,70,0.0995,0.002815
2026-08-13 15:19:37,SPX,7802.36,7739.96,7750.0,5144,3619,0.1226,0.002815
2026-08-13 15:19:37,SPX,7802.36,7739.96,7855.0,1606,12,0.0997,0.002815
2026-08-13 15:19:37,SPX,7802.36,7739.96,7745.0,2285,2193,0.124,0.002815
2026-08-13 15:19:37,SPX,7802.36,7739.96,7860.0,1805,18,0.1002,0.002815
2026-08-13 15:19:37,SPX,7802.36,7739.96,7740.0,911,1199,0.1256,0.002815
2026-08-13 15:19:37,SPX,7802.36,7739.96,7865.0,730,3,0.1016,0.002815
2026-08-13 15:19:37,SPX,7802.36,7739.96,7735.0,569,482,0.1283,0.002815
2026-08-13 15:19:37,SPX,7802.36,7739.96,7870.0,1959,14,0.1036,0.002815
2026-08-13 15:19:37,SPX,7802.36,7739.96,7730.0,882,704,0.1304,0.002815
2026-08-13 15:19:37,SPX,7802.36,7739.96,7875.0,2184,17,0.1058,0.002815
2026-08-13 15:19:37,SPX,7802.36,7739.96,7725.0,2716,2543,0.1335,0.002815
2026-08-13 15:19:37,SPX,7802.36,7739.96,7880.0,2825,1,0.1081,0.002815
2026-08-13 15:19:37,SPX,7802.36,7739.96,7720.0,695,1009,0.1356,0.002815
2026-08-13 15:19:37,SPX,7802.36,7739.96,7885.0,823,3,0.1102,0.002815
2026-08-13 15:19:37,SPX,7802.36,7739.96,7715.0,232,553,0.1398,0.002815
2026-08-13 15:19:37,SPX,7802.36,7739.96,7890.0,1904,22,0.1123,0.002815
2026-08-13 15:19:37,SPX,7802.36,7739.96,7710.0,1041,1005,0.1422,0.002815
2026-08-13 15:19:37,SPX,7802.36,7739.96,7895.0,768,5,0.1144,0.002815
2026-08-13 15:19:37,SPX,7802.36,7739.96,7705.0,160,859,0.1446,0.002815
2026-08-13 15:19:37,SPX,7802.36,7739.96,7900.0,9568,105,0.1167,0.002815
2026-08-13 15:19:37,SPX,7802.36,7739.96,7700.0,3186,5076,0.147,0.002815
2026-08-13 15:19:37,SPX,7802.36,7739.96,7905.0,679,0,0.1193,0.002815
2026-08-13 15:19:37,SPX,7802.36,7739.96,7695.0,189,620,0.1497,0.002815
2026-08-13 15:19:37,SPX,7802.36,7739.96,7910.0,1707,21,0.1222,0.002815
2026-08-13 15:19:37,SPX,7802.36,7739.96,7690.0,434,1321,0.1532,0.002815
2026-08-13 15:19:37,SPX,7802.36,7739.96,7915.0,960,3,0.1254,0.002815
2026-08-13 15:19:37,SPX,7802.36,7739.96,7685.0,159,3460,0.156,0.002815
2026-08-13 15:19:37,SPX,7802.36,7739.96,7920.0,1632,0,0.1288,0.002815
2026-08-13 15:19:37,SPX,7802.36,7739.96,7680.0,638,1157,0.1593,0.002815
2026-08-13 15:19:37,SPX,7802.36,7739.96,7925.0,1280,1,0.1325,0.002815
2026-08-13 15:19:37,SPX,7802.36,7739.96,7800.0,1444,46,0.0785,0.011028
2026-08-13 15:19:37,SPX,7802.36,7739.96,7805.0,167,29,0.0782,0.011028
2026-08-13 15:19:37,SPX,7802.36,7739.96,7795.0,148,27,0.079,0.011028
2026-08-13 15:19:37,SPX,7802.36,7739.96,7810.0,377,22,0.078,0.011028
2026-08-13 15:19:37,SPX,7802.36,7739.96,7790.0,249,47,0.0794,0.011028
2026-08-13 15:19:37,SPX,7802.36,7739.96,7815.0,155,19,0.0778,0.011028
2026-08-13 15:19:37,SPX,7802.36,7739.96,7785.0,450,92,0.08,0.011028
2026-08-13 15:19:37,SPX,7802.36,7739.96,7820.0,520,17,0.0775,0.011028
2026-08-13 15:19:37,SPX,7802.36,7739.96,7780.0,256,71,0.0808,0.011028
2026-08-13 15:19:37,SPX,7802.36,7739.96,7825.0,1500,6,0.0773,0.011028
2026-08-13 15:19:37,SPX,7802.36,7739.96,7775.0,1483,294,0.0816,0.011028
2026-08-13 15:19:37,SPX,7802.36,7739.96,7830.0,313,3,0.0769,0.011028
2026-08-13 15:19:37,SPX,7802.36,7739.96,7770.0,458,539,0.0823,0.011028
2026-08-13 15:19:37,SPX,7802.36,7739.96,7835.0,383,6,0.0766,0.011028
2026-08-13 15:19:37,SPX,7802.36,7739.96,7765.0,231,298,0.0832,0.011028
2026-08-13 15:19:37,SPX,7802.36,7739.96,7840.0,386,5,0.0764,0.011028
2026-08-13 15:19:37,SPX,7802.36,7739.96,7760.0,441,486,0.0842,0.011028
2026-08-13 15:19:37,SPX,7802.36,7739.96,7845.0,238,0,0.0765,0.011028
2026-08-13 15:19:37,SPX,7802.36,7739.96,7755.0,286,274,0.0852,0.011028
2026-08-13 15:19:37,SPX,7802.36,7739.96,7850.0,6744,11,0.0767,0.011028
2026-08-13 15:19:37,SPX,7802.36,7739.96,7750.0,1153,1164,0.0862,0.011028
2026-08-13 15:19:37,SPX,7802.36,7739.96,7855.0,699,0,0.0769,0.011028
2026-08-13 15:19:37,SPX,7802.36,7739.96,7745.0,187,391,0.0873,0.011028
2026-08-13 15:19:37,SPX,7802.36,7739.96,7860.0,275,3,0.0772,0.011028
2026-08-13 15:19:37,SPX,7802.36,7739.96,7740.0,252,377,0.0889,0.011028
2026-08-13 15:19:37,SPX,7802.36,7739.96,7865.0,546,1,0.0775,0.011028
2026-08-13 15:19:37,SPX,7802.36,7739.96,7735.0,196,176,0.0904,0.011028
2026-08-13 15:19:37,SPX,7802.36,7739.96,7870.0,343,1,0.0778,0.011028
2026-08-13 15:19:37,SPX,7802.36,7739.96,7730.0,178,143,0.0912,0.011028
2026-08-13 15:19:37,SPX,7802.36,7739.96,7875.0,5132,1,0.078,0.011028
2026-08-13 15:19:37,SPX,7802.36,7739.96,7725.0,2781,705,0.092,0.011028
2026-08-13 15:19:37,SPX,7802.36,7739.96,7880.0,844,1,0.0782,0.011028
2026-08-13 15:19:37,SPX,7802.36,7739.96,7720.0,133,276,0.0933,0.011028
2026-08-13 15:19:37,SPX,7802.36,7739.96,7885.0,912,0,0.0785,0.011028
2026-08-13 15:19:37,SPX,7802.36,7739.96,7715.0,94,136,0.0949,0.011028
2026-08-13 15:19:37,SPX,7802.36,7739.96,7890.0,1802,2,0.0788,0.011028
2026-08-13 15:19:37,SPX,7802.36,7739.96,7710.0,217,342,0.0963,0.011028
2026-08-13 15:19:37,SPX,7802.36,7739.96,7895.0,696,4,0.0792,0.011028
2026-08-13 15:19:37,SPX,7802.36,7739.96,7705.0,47,207,0.0976,0.011028
2026-08-13 15:19:37,SPX,7802.36,7739.96,7900.0,8335,9,0.0797,0.011028
2026-08-13 15:19:37,SPX,7802.36,7739.96,7700.0,1101,3900,0.0991,0.011028
2026-08-13 15:19:37,SPX,7802.36,7739.96,7905.0,1960,0,0.0802,0.011028
2026-08-13 15:19:37,SPX,7802.36,7739.96,7695.0,32,202,0.1002,0.011028
2026-08-13 15:19:37,SPX,7802.36,7739.96,7910.0,1079,4,0.081,0.011028
2026-08-13 15:19:37,SPX,7802.36,7739.96,7690.0,100,289,0.1012,0.011028
2026-08-13 15:19:37,SPX,7802.36,7739.96,7915.0,448,0,0.0818,0.011028
2026-08-13 15:19:37,SPX,7802.36,7739.96,7685.0,31,162,0.1025,0.011028
2026-08-13 15:19:37,SPX,7802.36,7739.96,7920.0,591,0,0.0827,0.011028
2026-08-13 15:19:37,SPX,7802.36,7739.96,7680.0,57,146,0.1042,0.011028
2026-08-13 15:19:37,SPX,7802.36,7739.96,7925.0,851,0,0.0838,0.011028
2026-08-13 15:49:51,SPX,7799.13,7739.29,7800.0,6376,537,0.1643,1.9e-05
2026-08-13 15:49:51,SPX,7799.13,7739.29,7795.0,888,60,0.1751,1.9e-05
2026-08-13 15:49:51,SPX,7799.13,7739.29,7805.0,2822,59,0.1685,1.9e-05
2026-08-13 15:49:51,SPX,7799.13,7739.29,7810.0,1880,41,0.1803,1.9e-05
2026-08-13 15:49:51,SPX,7799.13,7739.29,7785.0,1674,65,0.2322,1.9e-05
2026-08-13 15:49:51,SPX,7799.13,7739.29,7815.0,1194,30,0.2048,1.9e-05
2026-08-13 15:49:51,SPX,7799.13,7739.29,7780.0,2609,115,0.2754,1.9e-05
2026-08-13 15:49:51,SPX,7799.13,7739.29,7820.0,2984,5,0.2249,1.9e-05
2026-08-13 15:49:51,SPX,7799.13,7739.29,7775.0,1607,368,0.3214,1.9e-05
2026-08-13 15:49:51,SPX,7799.13,7739.29,7825.0,1925,100,0.2405,1.9e-05
2026-08-13 15:49:51,SPX,7799.13,7739.29,7770.0,1021,214,0.3732,1.9e-05
2026-08-13 15:49:51,SPX,7799.13,7739.29,7830.0,2837,31,0.246,1.9e-05
2026-08-13 15:49:51,SPX,7799.13,7739.29,7765.0,800,320,0.4162,1.9e-05
2026-08-13 15:49:51,SPX,7799.13,7739.29,7835.0,749,19,0.2721,1.9e-05
2026-08-13 15:49:51,SPX,7799.13,7739.29,7760.0,1701,442,0.456,1.9e-05
2026-08-13 15:49:51,SPX,7799.13,7739.29,7840.0,1015,11,0.3036,1.9e-05
2026-08-13 15:49:51,SPX,7799.13,7739.29,7755.0,1145,587,0.4906,1.9e-05
2026-08-13 15:49:51,SPX,7799.13,7739.29,7845.0,632,2,0.3345,1.9e-05
2026-08-13 15:49:51,SPX,7799.13,7739.29,7750.0,3187,2030,0.5149,1.9e-05
2026-08-13 15:49:51,SPX,7799.13,7739.29,7850.0,1735,15,0.357,1.9e-05
2026-08-13 15:49:51,SPX,7799.13,7739.29,7745.0,886,1121,0.528,1.9e-05
2026-08-13 15:49:51,SPX,7799.13,7739.29,7855.0,751,32,0.3696,1.9e-05
2026-08-13 15:49:51,SPX,7799.13,7739.29,7740.0,779,920,0.5314,1.9e-05
2026-08-13 15:49:51,SPX,7799.13,7739.29,7860.0,885,7,0.3765,1.9e-05
2026-08-13 15:49:51,SPX,7799.13,7739.29,7735.0,358,1079,0.5296,1.9e-05
2026-08-13 15:49:51,SPX,7799.13,7739.29,7865.0,737,0,0.3811,1.9e-05
2026-08-13 15:49:51,SPX,7799.13,7739.29,7730.0,336,1313,0.526,1.9e-05
2026-08-13 15:49:51,SPX,7799.13,7739.29,7870.0,971,26,0.3846,1.9e-05
2026-08-13 15:49:51,SPX,7799.13,7739.29,7725.0,622,2857,0.5226,1.9e-05
2026-08-13 15:49:51,SPX,7799.13,7739.29,7875.0,4495,200,0.3877,1.9e-05
2026-08-13 15:49:51,SPX,7799.13,7739.29,7720.0,223,1217,0.5206,1.9e-05
2026-08-13 15:49:51,SPX,7799.13,7739.29,7880.0,1022,32,0.3907,1.9e-05
2026-08-13 15:49:51,SPX,7799.13,7739.29,7715.0,223,2898,0.52,1.9e-05
2026-08-13 15:49:51,SPX,7799.13,7739.29,7885.0,6747,0,0.3935,1.9e-05
2026-08-13 15:49:51,SPX,7799.13,7739.29,7710.0,353,2025,0.5211,1.9e-05
2026-08-13 15:49:51,SPX,7799.13,7739.29,7890.0,533,0,0.3955,1.9e-05
2026-08-13 15:49:51,SPX,7799.13,7739.29,7705.0,95,1546,0.5261,1.9e-05
2026-08-13 15:49:51,SPX,7799.13,7739.29,7895.0,634,10,0.3967,1.9e-05
2026-08-13 15:49:51,SPX,7799.13,7739.29,7700.0,905,4205,0.5296,1.9e-05
2026-08-13 15:49:51,SPX,7799.13,7739.29,7900.0,8808,11,0.3972,1.9e-05
2026-08-13 15:49:51,SPX,7799.13,7739.29,7695.0,236,1878,0.5334,1.9e-05
2026-08-13 15:49:51,SPX,7799.13,7739.29,7905.0,1051,0,0.3973,1.9e-05
2026-08-13 15:49:51,SPX,7799.13,7739.29,7690.0,226,1677,0.5375,1.9e-05
2026-08-13 15:49:51,SPX,7799.13,7739.29,7910.0,723,3,0.3969,1.9e-05
2026-08-13 15:49:51,SPX,7799.13,7739.29,7685.0,27,1636,0.5419,1.9e-05
2026-08-13 15:49:51,SPX,7799.13,7739.29,7915.0,2242,0,0.3962,1.9e-05
2026-08-13 15:49:51,SPX,7799.13,7739.29,7680.0,474,1497,0.5462,1.9e-05
2026-08-13 15:49:51,SPX,7799.13,7739.29,7920.0,4441,3,0.3952,1.9e-05
2026-08-13 15:49:51,SPX,7799.13,7739.29,7675.0,637,2901,0.5503,1.9e-05
2026-08-13 15:49:51,SPX,7799.13,7739.29,7800.0,6186,471,0.1022,0.002757
2026-08-13 15:49:51,SPX,7799.13,7739.29,7795.0,708,83,0.1033,0.002757
2026-08-13 15:49:51,SPX,7799.13,7739.29,7805.0,818,51,0.101,0.002757
2026-08-13 15:49:51,SPX,7799.13,7739.29,7790.0,851,203,0.1048,0.002757
2026-08-13 15:49:51,SPX,7799.13,7739.29,7810.0,2361,122,0.1001,0.002757
2026-08-13 15:49:51,SPX,7799.13,7739.29,7785.0,445,87,0.1064,0.002757
2026-08-13 15:49:51,SPX,7799.13,7739.29,7815.0,633,33,0.0994,0.002757
2026-08-13 15:49:51,SPX,7799.13,7739.29,7780.0,1480,157,0.108,0.002757
2026-08-13 15:49:51,SPX,7799.13,7739.29,7820.0,1937,106,0.0986,0.002757
2026-08-13 15:49:51,SPX,7799.13,7739.29,7775.0,3035,542,0.1098,0.002757
2026-08-13 15:49:51,SPX,7799.13,7739.29,7825.0,4944,41,0.0984,0.002757
2026-08-13 15:49:51,SPX,7799.13,7739.29,7770.0,1070,435,0.1125,0.002757
2026-08-13 15:49:51,SPX,7799.13,7739.29,7830.0,2861,30,0.0989,0.002757
2026-08-13 15:49:51,SPX,7799.13,7739.29,7765.0,517,414,0.1147,0.002757
2026-08-13 15:49:51,SPX,7799.13,7739.29,7835.0,1016,9,0.098,0.002757
2026-08-13 15:49:51,SPX,7799.13,7739.29,7760.0,1404,1072,0.1156,0.002757
2026-08-13 15:49:51,SPX,7799.13,7739.29,7840.0,2382,31,0.099,0.002757
2026-08-13 15:49:51,SPX,7799.13,7739.29,7755.0,1986,631,0.1182,0.002757
2026-08-13 15:49:51,SPX,7799.13,7739.29,7845.0,1118,51,0.0987,0.002757
2026-08-13 15:49:51,SPX,7799.13,7739.29,7750.0,5144,3619,0.121,0.002757
2026-08-13 15:49:51,SPX,7799.13,7739.29,7850.0,5480,70,0.0998,0.002757
2026-08-13 15:49:51,SPX,7799.13,7739.29,7745.0,2285,2193,0.1236,0.002757
2026-08-13 15:49:51,SPX,7799.13,7739.29,7855.0,1606,12,0.1011,0.002757
2026-08-13 15:49:51,SPX,7799.13,7739.29,7740.0,911,1199,0.1253,0.002757
2026-08-13 15:49:51,SPX,7799.13,7739.29,7860.0,1805,18,0.1022,0.002757
2026-08-13 15:49:51,SPX,7799.13,7739.29,7735.0,569,482,0.1263,0.002757
2026-08-13 15:49:51,SPX,7799.13,7739.29,7865.0,730,3,0.1036,0.002757
2026-08-13 15:49:51,SPX,7799.13,7739.29,7730.0,882,704,0.1288,0.002757
2026-08-13 15:49:51,SPX,7799.13,7739.29,7870.0,1959,14,0.1051,0.002757
2026-08-13 15:49:51,SPX,7799.13,7739.29,7725.0,2716,2543,0.1316,0.002757
2026-08-13 15:49:51,SPX,7799.13,7739.29,7875.0,2184,17,0.1071,0.002757
2026-08-13 15:49:51,SPX,7799.13,7739.29,7720.0,695,1009,0.1338,0.002757
2026-08-13 15:49:51,SPX,7799.13,7739.29,7880.0,2825,1,0.11,0.002757
2026-08-13 15:49:51,SPX,7799.13,7739.29,7715.0,232,553,0.1371,0.002757
2026-08-13 15:49:51,SPX,7799.13,7739.29,7885.0,823,3,0.1131,0.002757
2026-08-13 15:49:51,SPX,7799.13,7739.29,7710.0,1041,1005,0.1392,0.002757
2026-08-13 15:49:51,SPX,7799.13,7739.29,7890.0,1904,22,0.1163,0.002757
2026-08-13 15:49:51,SPX,7799.13,7739.29,7705.0,160,859,0.1419,0.002757
2026-08-13 15:49:51,SPX,7799.13,7739.29,7895.0,768,5,0.1195,0.002757
2026-08-13 15:49:51,SPX,7799.13,7739.29,7700.0,3186,5076,0.1462,0.002757
2026-08-13 15:49:51,SPX,7799.13,7739.29,7900.0,9568,105,0.1226,0.002757
2026-08-13 15:49:51,SPX,7799.13,7739.29,7695.0,189,620,0.1487,0.002757
2026-08-13 15:49:51,SPX,7799.13,7739.29,7905.0,679,0,0.1255,0.002757
2026-08-13 15:49:51,SPX,7799.13,7739.29,7690.0,434,1321,0.1517,0.002757
2026-08-13 15:49:51,SPX,7799.13,7739.29,7910.0,1707,21,0.1285,0.002757
2026-08-13 15:49:51,SPX,7799.13,7739.29,7685.0,159,3460,0.1528,0.002757
2026-08-13 15:49:51,SPX,7799.13,7739.29,7915.0,960,3,0.1314,0.002757
2026-08-13 15:49:51,SPX,7799.13,7739.29,7680.0,638,1157,0.1566,0.002757
2026-08-13 15:49:51,SPX,7799.13,7739.29,7920.0,1632,0,0.1344,0.002757
2026-08-13 15:49:51,SPX,7799.13,7739.29,7675.0,1216,4269,0.1581,0.002757
2026-08-13 15:49:51,SPX,7799.13,7739.29,7800.0,1444,46,0.0768,0.010971
2026-08-13 15:49:51,SPX,7799.13,7739.29,7795.0,148,27,0.0773,0.010971
2026-08-13 15:49:51,SPX,7799.13,7739.29,7805.0,167,29,0.0765,0.010971
2026-08-13 15:49:51,SPX,7799.13,7739.29,7790.0,249,47,0.0779,0.010971
2026-08-13 15:49:51,SPX,7799.13,7739.29,7810.0,377,22,0.0764,0.010971
2026-08-13 15:49:51,SPX,7799.13,7739.29,7785.0,450,92,0.0786,0.010971
2026-08-13 15:49:51,SPX,7799.13,7739.29,7815.0,155,19,0.0762,0.010971
2026-08-13 15:49:51,SPX,7799.13,7739.29,7780.0,256,71,0.0791,0.010971
2026-08-13 15:49:51,SPX,7799.13,7739.29,7820.0,520,17,0.0761,0.010971
2026-08-13 15:49:51,SPX,7799.13,7739.29,7775.0,1483,294,0.08,0.010971
2026-08-13 15:49:51,SPX,7799.13,7739.29,7825.0,1500,6,0.0758,0.010971
2026-08-13 15:49:51,SPX,7799.13,7739.29,7770.0,458,539,0.0808,0.010971
2026-08-13 15:49:51,SPX,7799.13,7739.29,7830.0,313,3,0.0757,0.010971
2026-08-13 15:49:51,SPX,7799.13,7739.29,7765.0,231,298,0.0816,0.010971
2026-08-13 15:49:51,SPX,7799.13,7739.29,7835.0,383,6,0.0755,0.010971
2026-08-13 15:49:51,SPX,7799.13,7739.29,7760.0,441,486,0.0825,0.010971
2026-08-13 15:49:51,SPX,7799.13,7739.29,7840.0,386,5,0.0754,0.010971
2026-08-13 15:49:51,SPX,7799.13,7739.29,7755.0,286,274,0.0838,0.010971
2026-08-13 15:49:51,SPX,7799.13,7739.29,7845.0,238,0,0.0753,0.010971
2026-08-13 15:49:51,SPX,7799.13,7739.29,7750.0,1153,1164,0.0846,0.010971
2026-08-13 15:49:51,SPX,7799.13,7739.29,7850.0,6744,11,0.0754,0.010971
2026-08-13 15:49:51,SPX,7799.13,7739.29,7745.0,187,391,0.0858,0.010971
2026-08-13 15:49:51,SPX,7799.13,7739.29,7855.0,699,0,0.0757,0.010971
2026-08-13 15:49:51,SPX,7799.13,7739.29,7740.0,252,377,0.0869,0.010971
2026-08-13 15:49:51,SPX,7799.13,7739.29,7860.0,275,3,0.076,0.010971
2026-08-13 15:49:51,SPX,7799.13,7739.29,7735.0,196,176,0.0885,0.010971
2026-08-13 15:49:51,SPX,7799.13,7739.29,7865.0,546,1,0.0763,0.010971
2026-08-13 15:49:51,SPX,7799.13,7739.29,7730.0,178,143,0.0897,0.010971
2026-08-13 15:49:51,SPX,7799.13,7739.29,7870.0,343,1,0.0766,0.010971
2026-08-13 15:49:51,SPX,7799.13,7739.29,7725.0,2781,705,0.0908,0.010971
2026-08-13 15:49:51,SPX,7799.13,7739.29,7875.0,5132,1,0.077,0.010971
2026-08-13 15:49:51,SPX,7799.13,7739.29,7720.0,133,276,0.0917,0.010971
2026-08-13 15:49:51,SPX,7799.13,7739.29,7880.0,844,1,0.0774,0.010971
2026-08-13 15:49:51,SPX,7799.13,7739.29,7715.0,94,136,0.0931,0.010971
2026-08-13 15:49:51,SPX,7799.13,7739.29,7885.0,912,0,0.0778,0.010971
2026-08-13 15:49:51,SPX,7799.13,7739.29,7710.0,217,342,0.0947,0.010971
2026-08-13 15:49:51,SPX,7799.13,7739.29,7890.0,1802,2,0.0783,0.010971
2026-08-13 15:49:51,SPX,7799.13,7739.29,7705.0,47,207,0.0962,0.010971
2026-08-13 15:49:51,SPX,7799.13,7739.29,7895.0,696,4,0.0788,0.010971
2026-08-13 15:49:51,SPX,7799.13,7739.29,7700.0,1101,3900,0.0977,0.010971
2026-08-13 15:49:51,SPX,7799.13,7739.29,7900.0,8335,9,0.0795,0.010971
2026-08-13 15:49:51,SPX,7799.13,7739.29,7695.0,32,202,0.099,0.010971
2026-08-13 15:49:51,SPX,7799.13,7739.29,7905.0,1960,0,0.0802,0.010971
2026-08-13 15:49:51,SPX,7799.13,7739.29,7690.0,100,289,0.1004,0.010971
2026-08-13 15:49:51,SPX,7799.13,7739.29,7910.0,1079,4,0.0811,0.010971
2026-08-13 15:49:51,SPX,7799.13,7739.29,7685.0,31,162,0.1014,0.010971
2026-08-13 15:49:51,SPX,7799.13,7739.29,7915.0,448,0,0.0821,0.010971
2026-08-13 15:49:51,SPX,7799.13,7739.29,7680.0,57,146,0.1027,0.010971
2026-08-13 15:49:51,SPX,7799.13,7739.29,7920.0,591,0,0.0832,0.010971
2026-08-13 15:49:51,SPX,7799.13,7739.29,7675.0,826,500,0.1037,0.010971
