timestamp,symbol,spot,gflip,strike,oi_call,oi_put,iv,T
2026-09-10 08:17:38,SPX,7636.36,7672.12,7635.0,955,829,0.1928,0.000879
2026-09-10 08:17:38,SPX,7636.36,7672.12,7640.0,1437,1689,0.1918,0.000879
2026-09-10 08:17:38,SPX,7636.36,7672.12,7630.0,527,1344,0.1943,0.000879
2026-09-10 08:17:38,SPX,7636.36,7672.12,7645.0,1038,1022,0.1898,0.000879
2026-09-10 08:17:38,SPX,7636.36,7672.12,7625.0,338,1295,0.1965,0.000879
2026-09-10 08:17:38,SPX,7636.36,7672.12,7650.0,1588,1410,0.188,0.000879
2026-09-10 08:17:38,SPX,7636.36,7672.12,7620.0,167,1667,0.1985,0.000879
2026-09-10 08:17:38,SPX,7636.36,7672.12,7655.0,644,519,0.1862,0.000879
2026-09-10 08:17:38,SPX,7636.36,7672.12,7615.0,111,1403,0.2004,0.000879
2026-09-10 08:17:38,SPX,7636.36,7672.12,7660.0,1368,849,0.1848,0.000879
2026-09-10 08:17:38,SPX,7636.36,7672.12,7610.0,172,1556,0.2022,0.000879
2026-09-10 08:17:38,SPX,7636.36,7672.12,7665.0,840,615,0.1841,0.000879
2026-09-10 08:17:38,SPX,7636.36,7672.12,7605.0,144,767,0.204,0.000879
2026-09-10 08:17:38,SPX,7636.36,7672.12,7670.0,986,715,0.184,0.000879
2026-09-10 08:17:38,SPX,7636.36,7672.12,7600.0,1381,5308,0.2066,0.000879
2026-09-10 08:17:38,SPX,7636.36,7672.12,7675.0,2059,1395,0.1841,0.000879
2026-09-10 08:17:38,SPX,7636.36,7672.12,7595.0,1096,2365,0.2092,0.000879
2026-09-10 08:17:38,SPX,7636.36,7672.12,7680.0,3347,1095,0.1843,0.000879
2026-09-10 08:17:38,SPX,7636.36,7672.12,7590.0,229,1906,0.2108,0.000879
2026-09-10 08:17:38,SPX,7636.36,7672.12,7685.0,1785,532,0.1846,0.000879
2026-09-10 08:17:38,SPX,7636.36,7672.12,7585.0,183,1120,0.2129,0.000879
2026-09-10 08:17:38,SPX,7636.36,7672.12,7690.0,1650,625,0.185,0.000879
2026-09-10 08:17:38,SPX,7636.36,7672.12,7580.0,73,2005,0.2153,0.000879
2026-09-10 08:17:38,SPX,7636.36,7672.12,7695.0,957,313,0.1857,0.000879
2026-09-10 08:17:38,SPX,7636.36,7672.12,7575.0,32,2329,0.2175,0.000879
2026-09-10 08:17:38,SPX,7636.36,7672.12,7700.0,3133,2015,0.1869,0.000879
2026-09-10 08:17:38,SPX,7636.36,7672.12,7570.0,16,872,0.2198,0.000879
2026-09-10 08:17:38,SPX,7636.36,7672.12,7705.0,1432,539,0.1888,0.000879
2026-09-10 08:17:38,SPX,7636.36,7672.12,7565.0,49,1220,0.2224,0.000879
2026-09-10 08:17:38,SPX,7636.36,7672.12,7710.0,1867,487,0.1915,0.000879
2026-09-10 08:17:38,SPX,7636.36,7672.12,7560.0,44,1422,0.2252,0.000879
2026-09-10 08:17:38,SPX,7636.36,7672.12,7715.0,1746,707,0.1948,0.000879
2026-09-10 08:17:38,SPX,7636.36,7672.12,7555.0,23,2048,0.2267,0.000879
2026-09-10 08:17:38,SPX,7636.36,7672.12,7720.0,1926,448,0.1987,0.000879
2026-09-10 08:17:38,SPX,7636.36,7672.12,7550.0,52,2961,0.2279,0.000879
2026-09-10 08:17:38,SPX,7636.36,7672.12,7725.0,3783,744,0.2031,0.000879
2026-09-10 08:17:38,SPX,7636.36,7672.12,7545.0,3,1885,0.2301,0.000879
2026-09-10 08:17:38,SPX,7636.36,7672.12,7730.0,2122,254,0.2078,0.000879
2026-09-10 08:17:38,SPX,7636.36,7672.12,7540.0,46,2032,0.2334,0.000879
2026-09-10 08:17:38,SPX,7636.36,7672.12,7735.0,1073,169,0.2128,0.000879
2026-09-10 08:17:38,SPX,7636.36,7672.12,7535.0,11,1760,0.2375,0.000879
2026-09-10 08:17:38,SPX,7636.36,7672.12,7740.0,1932,667,0.2181,0.000879
2026-09-10 08:17:38,SPX,7636.36,7672.12,7530.0,51,3730,0.2419,0.000879
2026-09-10 08:17:38,SPX,7636.36,7672.12,7745.0,2490,127,0.2236,0.000879
2026-09-10 08:17:38,SPX,7636.36,7672.12,7525.0,137,4075,0.2464,0.000879
2026-09-10 08:17:38,SPX,7636.36,7672.12,7750.0,3068,757,0.2293,0.000879
2026-09-10 08:17:38,SPX,7636.36,7672.12,7520.0,84,3768,0.2508,0.000879
2026-09-10 08:17:38,SPX,7636.36,7672.12,7755.0,1656,71,0.2352,0.000879
2026-09-10 08:17:38,SPX,7636.36,7672.12,7515.0,4,1161,0.2551,0.000879
2026-09-10 08:17:38,SPX,7636.36,7672.12,7760.0,1286,118,0.2413,0.000879
2026-09-10 08:17:38,SPX,7636.36,7672.12,7635.0,384,1160,0.176,0.003617
2026-09-10 08:17:38,SPX,7636.36,7672.12,7640.0,408,856,0.175,0.003617
2026-09-10 08:17:38,SPX,7636.36,7672.12,7630.0,231,1698,0.1771,0.003617
2026-09-10 08:17:38,SPX,7636.36,7672.12,7645.0,350,2211,0.174,0.003617
2026-09-10 08:17:38,SPX,7636.36,7672.12,7625.0,274,2016,0.1784,0.003617
2026-09-10 08:17:38,SPX,7636.36,7672.12,7650.0,1592,4439,0.1733,0.003617
2026-09-10 08:17:38,SPX,7636.36,7672.12,7620.0,272,1003,0.1795,0.003617
2026-09-10 08:17:38,SPX,7636.36,7672.12,7655.0,365,1595,0.1725,0.003617
2026-09-10 08:17:38,SPX,7636.36,7672.12,7615.0,76,610,0.1811,0.003617
2026-09-10 08:17:38,SPX,7636.36,7672.12,7660.0,485,1101,0.1716,0.003617
2026-09-10 08:17:38,SPX,7636.36,7672.12,7610.0,139,1272,0.1818,0.003617
2026-09-10 08:17:38,SPX,7636.36,7672.12,7665.0,411,1004,0.1708,0.003617
2026-09-10 08:17:38,SPX,7636.36,7672.12,7605.0,53,767,0.1833,0.003617
2026-09-10 08:17:38,SPX,7636.36,7672.12,7670.0,497,663,0.17,0.003617
2026-09-10 08:17:38,SPX,7636.36,7672.12,7600.0,495,3257,0.1854,0.003617
2026-09-10 08:17:38,SPX,7636.36,7672.12,7675.0,1054,1201,0.1689,0.003617
2026-09-10 08:17:38,SPX,7636.36,7672.12,7595.0,106,612,0.1862,0.003617
2026-09-10 08:17:38,SPX,7636.36,7672.12,7680.0,974,1767,0.1675,0.003617
2026-09-10 08:17:38,SPX,7636.36,7672.12,7590.0,108,1446,0.1875,0.003617
2026-09-10 08:17:38,SPX,7636.36,7672.12,7685.0,759,751,0.1661,0.003617
2026-09-10 08:17:38,SPX,7636.36,7672.12,7585.0,50,501,0.1888,0.003617
2026-09-10 08:17:38,SPX,7636.36,7672.12,7690.0,1225,1081,0.1649,0.003617
2026-09-10 08:17:38,SPX,7636.36,7672.12,7580.0,115,2459,0.1901,0.003617
2026-09-10 08:17:38,SPX,7636.36,7672.12,7695.0,960,576,0.1639,0.003617
2026-09-10 08:17:38,SPX,7636.36,7672.12,7575.0,317,1871,0.192,0.003617
2026-09-10 08:17:38,SPX,7636.36,7672.12,7700.0,4171,4330,0.163,0.003617
2026-09-10 08:17:38,SPX,7636.36,7672.12,7570.0,77,3351,0.194,0.003617
2026-09-10 08:17:38,SPX,7636.36,7672.12,7705.0,702,875,0.1623,0.003617
2026-09-10 08:17:38,SPX,7636.36,7672.12,7565.0,50,1039,0.196,0.003617
2026-09-10 08:17:38,SPX,7636.36,7672.12,7710.0,1089,1237,0.1618,0.003617
2026-09-10 08:17:38,SPX,7636.36,7672.12,7560.0,156,1520,0.198,0.003617
2026-09-10 08:17:38,SPX,7636.36,7672.12,7715.0,926,1196,0.1614,0.003617
2026-09-10 08:17:38,SPX,7636.36,7672.12,7555.0,27,2091,0.1999,0.003617
2026-09-10 08:17:38,SPX,7636.36,7672.12,7720.0,2852,585,0.1611,0.003617
2026-09-10 08:17:38,SPX,7636.36,7672.12,7550.0,160,5859,0.2015,0.003617
2026-09-10 08:17:38,SPX,7636.36,7672.12,7725.0,2176,2328,0.1609,0.003617
2026-09-10 08:17:38,SPX,7636.36,7672.12,7545.0,32,3306,0.2025,0.003617
2026-09-10 08:17:38,SPX,7636.36,7672.12,7730.0,1154,647,0.1607,0.003617
2026-09-10 08:17:38,SPX,7636.36,7672.12,7540.0,249,1739,0.2033,0.003617
2026-09-10 08:17:38,SPX,7636.36,7672.12,7735.0,761,386,0.1606,0.003617
2026-09-10 08:17:38,SPX,7636.36,7672.12,7535.0,31,2178,0.2047,0.003617
2026-09-10 08:17:38,SPX,7636.36,7672.12,7740.0,1749,798,0.1604,0.003617
2026-09-10 08:17:38,SPX,7636.36,7672.12,7530.0,23,827,0.2067,0.003617
2026-09-10 08:17:38,SPX,7636.36,7672.12,7745.0,1398,4143,0.1603,0.003617
2026-09-10 08:17:38,SPX,7636.36,7672.12,7525.0,46,1865,0.2089,0.003617
2026-09-10 08:17:38,SPX,7636.36,7672.12,7750.0,15600,7015,0.1602,0.003617
2026-09-10 08:17:38,SPX,7636.36,7672.12,7520.0,107,1169,0.211,0.003617
2026-09-10 08:17:38,SPX,7636.36,7672.12,7755.0,12728,3124,0.1603,0.003617
2026-09-10 08:17:38,SPX,7636.36,7672.12,7515.0,16,706,0.2131,0.003617
2026-09-10 08:17:38,SPX,7636.36,7672.12,7760.0,953,208,0.1604,0.003617
2026-09-10 08:17:38,SPX,7636.36,7672.12,7635.0,65,215,0.1218,0.01183
2026-09-10 08:17:38,SPX,7636.36,7672.12,7640.0,69,313,0.121,0.01183
2026-09-10 08:17:38,SPX,7636.36,7672.12,7630.0,148,331,0.1225,0.01183
2026-09-10 08:17:38,SPX,7636.36,7672.12,7645.0,121,383,0.1201,0.01183
2026-09-10 08:17:38,SPX,7636.36,7672.12,7625.0,75,387,0.1232,0.01183
2026-09-10 08:17:38,SPX,7636.36,7672.12,7650.0,337,513,0.119,0.01183
2026-09-10 08:17:38,SPX,7636.36,7672.12,7620.0,65,559,0.1239,0.01183
2026-09-10 08:17:38,SPX,7636.36,7672.12,7655.0,83,181,0.1178,0.01183
2026-09-10 08:17:38,SPX,7636.36,7672.12,7615.0,48,199,0.1248,0.01183
2026-09-10 08:17:38,SPX,7636.36,7672.12,7660.0,69,141,0.1167,0.01183
2026-09-10 08:17:38,SPX,7636.36,7672.12,7610.0,46,278,0.1259,0.01183
2026-09-10 08:17:38,SPX,7636.36,7672.12,7665.0,165,153,0.1157,0.01183
2026-09-10 08:17:38,SPX,7636.36,7672.12,7605.0,48,324,0.1269,0.01183
2026-09-10 08:17:38,SPX,7636.36,7672.12,7670.0,147,256,0.1147,0.01183
2026-09-10 08:17:38,SPX,7636.36,7672.12,7600.0,132,1587,0.1283,0.01183
2026-09-10 08:17:38,SPX,7636.36,7672.12,7675.0,869,1302,0.114,0.01183
2026-09-10 08:17:38,SPX,7636.36,7672.12,7595.0,30,232,0.1289,0.01183
2026-09-10 08:17:38,SPX,7636.36,7672.12,7680.0,425,296,0.1133,0.01183
2026-09-10 08:17:38,SPX,7636.36,7672.12,7590.0,20,861,0.1299,0.01183
2026-09-10 08:17:38,SPX,7636.36,7672.12,7685.0,157,215,0.1128,0.01183
2026-09-10 08:17:38,SPX,7636.36,7672.12,7585.0,94,511,0.1311,0.01183
2026-09-10 08:17:38,SPX,7636.36,7672.12,7690.0,409,246,0.1123,0.01183
2026-09-10 08:17:38,SPX,7636.36,7672.12,7580.0,26,1612,0.1321,0.01183
2026-09-10 08:17:38,SPX,7636.36,7672.12,7695.0,241,80,0.1118,0.01183
2026-09-10 08:17:38,SPX,7636.36,7672.12,7575.0,213,528,0.1333,0.01183
2026-09-10 08:17:38,SPX,7636.36,7672.12,7700.0,1421,1784,0.1113,0.01183
2026-09-10 08:17:38,SPX,7636.36,7672.12,7570.0,27,225,0.1346,0.01183
2026-09-10 08:17:38,SPX,7636.36,7672.12,7705.0,445,1541,0.1108,0.01183
2026-09-10 08:17:38,SPX,7636.36,7672.12,7565.0,22,243,0.1359,0.01183
2026-09-10 08:17:38,SPX,7636.36,7672.12,7710.0,298,268,0.1102,0.01183
2026-09-10 08:17:38,SPX,7636.36,7672.12,7560.0,28,251,0.1372,0.01183
2026-09-10 08:17:38,SPX,7636.36,7672.12,7715.0,115,62,0.1095,0.01183
2026-09-10 08:17:38,SPX,7636.36,7672.12,7555.0,19,139,0.1384,0.01183
2026-09-10 08:17:38,SPX,7636.36,7672.12,7720.0,2727,112,0.1088,0.01183
2026-09-10 08:17:38,SPX,7636.36,7672.12,7550.0,56,603,0.1396,0.01183
2026-09-10 08:17:38,SPX,7636.36,7672.12,7725.0,1623,256,0.1081,0.01183
2026-09-10 08:17:38,SPX,7636.36,7672.12,7545.0,10,814,0.1407,0.01183
2026-09-10 08:17:38,SPX,7636.36,7672.12,7730.0,2370,1576,0.1074,0.01183
2026-09-10 08:17:38,SPX,7636.36,7672.12,7540.0,2,522,0.1417,0.01183
2026-09-10 08:17:38,SPX,7636.36,7672.12,7735.0,164,95,0.1067,0.01183
2026-09-10 08:17:38,SPX,7636.36,7672.12,7535.0,0,1430,0.1426,0.01183
2026-09-10 08:17:38,SPX,7636.36,7672.12,7740.0,418,77,0.106,0.01183
2026-09-10 08:17:38,SPX,7636.36,7672.12,7530.0,2,1614,0.1435,0.01183
2026-09-10 08:17:38,SPX,7636.36,7672.12,7745.0,166,34,0.1054,0.01183
2026-09-10 08:17:38,SPX,7636.36,7672.12,7525.0,28,1529,0.1444,0.01183
2026-09-10 08:17:38,SPX,7636.36,7672.12,7750.0,1486,377,0.1049,0.01183
2026-09-10 08:17:38,SPX,7636.36,7672.12,7520.0,7,395,0.1454,0.01183
2026-09-10 08:17:38,SPX,7636.36,7672.12,7755.0,1909,22,0.1044,0.01183
2026-09-10 08:17:38,SPX,7636.36,7672.12,7515.0,3,178,0.1465,0.01183
2026-09-10 08:17:38,SPX,7636.36,7672.12,7760.0,405,108,0.1041,0.01183
2026-09-10 09:32:02,SPX,7593.51,,7595.0,1096,2365,0.1939,0.000738
2026-09-10 09:32:02,SPX,7593.51,,7590.0,229,1906,0.2002,0.000738
2026-09-10 09:32:02,SPX,7593.51,,7600.0,1381,5308,0.1939,0.000738
2026-09-10 09:32:02,SPX,7593.51,,7585.0,183,1120,0.1992,0.000738
2026-09-10 09:32:02,SPX,7593.51,,7605.0,144,767,0.1902,0.000738
2026-09-10 09:32:02,SPX,7593.51,,7580.0,73,2005,0.205,0.000738
2026-09-10 09:32:02,SPX,7593.51,,7610.0,172,1556,0.1877,0.000738
2026-09-10 09:32:02,SPX,7593.51,,7575.0,32,2329,0.2085,0.000738
2026-09-10 09:32:02,SPX,7593.51,,7615.0,111,1403,0.1862,0.000738
2026-09-10 09:32:02,SPX,7593.51,,7570.0,16,872,0.2104,0.000738
2026-09-10 09:32:02,SPX,7593.51,,7620.0,167,1667,0.185,0.000738
2026-09-10 09:32:02,SPX,7593.51,,7565.0,49,1220,0.2124,0.000738
2026-09-10 09:32:02,SPX,7593.51,,7625.0,338,1295,0.1836,0.000738
2026-09-10 09:32:02,SPX,7593.51,,7560.0,44,1422,0.2159,0.000738
2026-09-10 09:32:02,SPX,7593.51,,7630.0,527,1344,0.1823,0.000738
2026-09-10 09:32:02,SPX,7593.51,,7555.0,23,2048,0.2198,0.000738
2026-09-10 09:32:02,SPX,7593.51,,7635.0,955,829,0.1819,0.000738
2026-09-10 09:32:02,SPX,7593.51,,7550.0,52,2961,0.2228,0.000738
2026-09-10 09:32:02,SPX,7593.51,,7640.0,1437,1689,0.1818,0.000738
2026-09-10 09:32:02,SPX,7593.51,,7545.0,3,1885,0.2262,0.000738
2026-09-10 09:32:02,SPX,7593.51,,7645.0,1038,1022,0.1818,0.000738
2026-09-10 09:32:02,SPX,7593.51,,7540.0,46,0,0.2319,0.000738
2026-09-10 09:32:02,SPX,7593.51,,7650.0,1588,1410,0.1822,0.000738
2026-09-10 09:32:02,SPX,7593.51,,7535.0,11,1760,0.2362,0.000738
2026-09-10 09:32:02,SPX,7593.51,,7655.0,644,519,0.1829,0.000738
2026-09-10 09:32:02,SPX,7593.51,,7530.0,51,3730,0.2401,0.000738
2026-09-10 09:32:02,SPX,7593.51,,7660.0,1368,849,0.1835,0.000738
2026-09-10 09:32:02,SPX,7593.51,,7525.0,137,4075,0.244,0.000738
2026-09-10 09:32:02,SPX,7593.51,,7665.0,840,615,0.1846,0.000738
2026-09-10 09:32:02,SPX,7593.51,,7520.0,84,3768,0.2484,0.000738
2026-09-10 09:32:02,SPX,7593.51,,7670.0,986,715,0.1864,0.000738
2026-09-10 09:32:02,SPX,7593.51,,7515.0,4,1161,0.2524,0.000738
2026-09-10 09:32:02,SPX,7593.51,,7675.0,2059,1395,0.1888,0.000738
2026-09-10 09:32:02,SPX,7593.51,,7510.0,14,1217,0.2569,0.000738
2026-09-10 09:32:02,SPX,7593.51,,7680.0,3347,1095,0.192,0.000738
2026-09-10 09:32:02,SPX,7593.51,,7505.0,13,877,0.2624,0.000738
2026-09-10 09:32:02,SPX,7593.51,,7685.0,1785,532,0.1959,0.000738
2026-09-10 09:32:02,SPX,7593.51,,7500.0,118,3557,0.2685,0.000738
2026-09-10 09:32:02,SPX,7593.51,,7690.0,1650,625,0.2004,0.000738
2026-09-10 09:32:02,SPX,7593.51,,7495.0,4,950,0.2748,0.000738
2026-09-10 09:32:02,SPX,7593.51,,7695.0,957,313,0.2054,0.000738
2026-09-10 09:32:02,SPX,7593.51,,7490.0,2,594,0.2809,0.000738
2026-09-10 09:32:02,SPX,7593.51,,7700.0,3133,2015,0.2106,0.000738
2026-09-10 09:32:02,SPX,7593.51,,7485.0,2,2229,0.2868,0.000738
2026-09-10 09:32:02,SPX,7593.51,,7705.0,1432,539,0.2162,0.000738
2026-09-10 09:32:02,SPX,7593.51,,7480.0,2,1022,0.2925,0.000738
2026-09-10 09:32:02,SPX,7593.51,,7710.0,1867,487,0.2223,0.000738
2026-09-10 09:32:02,SPX,7593.51,,7475.0,25,8874,0.298,0.000738
2026-09-10 09:32:02,SPX,7593.51,,7715.0,1746,707,0.2292,0.000738
2026-09-10 09:32:02,SPX,7593.51,,7470.0,7,3562,0.3035,0.000738
2026-09-10 09:32:02,SPX,7593.51,,7595.0,106,612,0.1882,0.003475
2026-09-10 09:32:02,SPX,7593.51,,7590.0,108,1446,0.1889,0.003475
2026-09-10 09:32:02,SPX,7593.51,,7600.0,495,3257,0.1863,0.003475
2026-09-10 09:32:02,SPX,7593.51,,7585.0,50,501,0.1894,0.003475
2026-09-10 09:32:02,SPX,7593.51,,7605.0,53,767,0.184,0.003475
2026-09-10 09:32:02,SPX,7593.51,,7580.0,115,2459,0.1903,0.003475
2026-09-10 09:32:02,SPX,7593.51,,7610.0,139,1272,0.1827,0.003475
2026-09-10 09:32:02,SPX,7593.51,,7575.0,317,1871,0.1915,0.003475
2026-09-10 09:32:02,SPX,7593.51,,7615.0,76,610,0.1823,0.003475
2026-09-10 09:32:02,SPX,7593.51,,7570.0,77,3351,0.1931,0.003475
2026-09-10 09:32:02,SPX,7593.51,,7620.0,272,1003,0.1816,0.003475
2026-09-10 09:32:02,SPX,7593.51,,7565.0,50,1039,0.1947,0.003475
2026-09-10 09:32:02,SPX,7593.51,,7625.0,274,2016,0.1806,0.003475
2026-09-10 09:32:02,SPX,7593.51,,7560.0,156,1520,0.1962,0.003475
2026-09-10 09:32:02,SPX,7593.51,,7630.0,231,1698,0.1795,0.003475
2026-09-10 09:32:02,SPX,7593.51,,7555.0,27,2091,0.1975,0.003475
2026-09-10 09:32:02,SPX,7593.51,,7635.0,384,1160,0.1782,0.003475
2026-09-10 09:32:02,SPX,7593.51,,7550.0,160,5859,0.1986,0.003475
2026-09-10 09:32:02,SPX,7593.51,,7640.0,408,856,0.1766,0.003475
2026-09-10 09:32:02,SPX,7593.51,,7545.0,32,3306,0.2,0.003475
2026-09-10 09:32:02,SPX,7593.51,,7645.0,350,2211,0.1749,0.003475
2026-09-10 09:32:02,SPX,7593.51,,7540.0,249,1739,0.2017,0.003475
2026-09-10 09:32:02,SPX,7593.51,,7650.0,1592,4439,0.1733,0.003475
2026-09-10 09:32:02,SPX,7593.51,,7535.0,31,2178,0.2035,0.003475
2026-09-10 09:32:02,SPX,7593.51,,7655.0,365,1595,0.1719,0.003475
2026-09-10 09:32:02,SPX,7593.51,,7530.0,23,827,0.2059,0.003475
2026-09-10 09:32:02,SPX,7593.51,,7660.0,485,1101,0.1708,0.003475
2026-09-10 09:32:02,SPX,7593.51,,7525.0,46,1865,0.15,0.003475
2026-09-10 09:32:02,SPX,7593.51,,7665.0,411,1004,0.17,0.003475
2026-09-10 09:32:02,SPX,7593.51,,7520.0,107,1169,0.15,0.003475
2026-09-10 09:32:02,SPX,7593.51,,7670.0,497,663,0.1694,0.003475
2026-09-10 09:32:02,SPX,7593.51,,7515.0,16,706,0.2081,0.003475
2026-09-10 09:32:02,SPX,7593.51,,7675.0,1054,1201,0.1688,0.003475
2026-09-10 09:32:02,SPX,7593.51,,7510.0,29,1056,0.21,0.003475
2026-09-10 09:32:02,SPX,7593.51,,7680.0,974,1767,0.1682,0.003475
2026-09-10 09:32:02,SPX,7593.51,,7505.0,24,436,0.2126,0.003475
2026-09-10 09:32:02,SPX,7593.51,,7695.0,0,576,0.1662,0.003475
2026-09-10 09:32:02,SPX,7593.51,,7490.0,20,7501,0.2182,0.003475
2026-09-10 09:32:02,SPX,7593.51,,7700.0,4171,4330,0.1654,0.003475
2026-09-10 09:32:02,SPX,7593.51,,7485.0,24,865,0.2193,0.003475
2026-09-10 09:32:02,SPX,7593.51,,7705.0,702,875,0.1646,0.003475
2026-09-10 09:32:02,SPX,7593.51,,7480.0,48,1400,0.2203,0.003475
2026-09-10 09:32:02,SPX,7593.51,,7710.0,1089,1237,0.1639,0.003475
2026-09-10 09:32:02,SPX,7593.51,,7475.0,177,1665,0.2214,0.003475
2026-09-10 09:32:02,SPX,7593.51,,7715.0,926,1196,0.1632,0.003475
2026-09-10 09:32:02,SPX,7593.51,,7470.0,35,1030,0.2228,0.003475
2026-09-10 09:32:02,SPX,7593.51,,7595.0,30,232,0.1287,0.011689
2026-09-10 09:32:02,SPX,7593.51,,7590.0,20,861,0.1295,0.011689
2026-09-10 09:32:02,SPX,7593.51,,7600.0,132,1587,0.1279,0.011689
2026-09-10 09:32:02,SPX,7593.51,,7585.0,94,511,0.1305,0.011689
2026-09-10 09:32:02,SPX,7593.51,,7605.0,48,324,0.127,0.011689
2026-09-10 09:32:02,SPX,7593.51,,7580.0,26,1612,0.1317,0.011689
2026-09-10 09:32:02,SPX,7593.51,,7610.0,46,278,0.1261,0.011689
2026-09-10 09:32:02,SPX,7593.51,,7575.0,213,528,0.1325,0.011689
2026-09-10 09:32:02,SPX,7593.51,,7615.0,48,199,0.1253,0.011689
2026-09-10 09:32:02,SPX,7593.51,,7570.0,27,225,0.1335,0.011689
2026-09-10 09:32:02,SPX,7593.51,,7620.0,65,559,0.1245,0.011689
2026-09-10 09:32:02,SPX,7593.51,,7565.0,22,243,0.1346,0.011689
2026-09-10 09:32:02,SPX,7593.51,,7625.0,75,387,0.1237,0.011689
2026-09-10 09:32:02,SPX,7593.51,,7560.0,28,251,0.1356,0.011689
2026-09-10 09:32:02,SPX,7593.51,,7630.0,148,331,0.1226,0.011689
2026-09-10 09:32:02,SPX,7593.51,,7555.0,19,139,0.1368,0.011689
2026-09-10 09:32:02,SPX,7593.51,,7635.0,65,215,0.1214,0.011689
2026-09-10 09:32:02,SPX,7593.51,,7550.0,56,603,0.1381,0.011689
2026-09-10 09:32:02,SPX,7593.51,,7640.0,69,313,0.1201,0.011689
2026-09-10 09:32:02,SPX,7593.51,,7545.0,10,814,0.1393,0.011689
2026-09-10 09:32:02,SPX,7593.51,,7645.0,121,383,0.119,0.011689
2026-09-10 09:32:02,SPX,7593.51,,7540.0,2,522,0.1406,0.011689
2026-09-10 09:32:02,SPX,7593.51,,7650.0,337,513,0.118,0.011689
2026-09-10 09:32:02,SPX,7593.51,,7535.0,0,1430,0.1418,0.011689
2026-09-10 09:32:02,SPX,7593.51,,7655.0,83,181,0.1171,0.011689
2026-09-10 09:32:02,SPX,7593.51,,7530.0,2,1614,0.1422,0.011689
2026-09-10 09:32:02,SPX,7593.51,,7660.0,69,141,0.1151,0.011689
2026-09-10 09:32:02,SPX,7593.51,,7525.0,28,1529,0.1434,0.011689
2026-09-10 09:32:02,SPX,7593.51,,7665.0,165,153,0.1145,0.011689
2026-09-10 09:32:02,SPX,7593.51,,7520.0,7,395,0.1446,0.011689
2026-09-10 09:32:02,SPX,7593.51,,7670.0,147,256,0.114,0.011689
2026-09-10 09:32:02,SPX,7593.51,,7515.0,3,178,0.1457,0.011689
2026-09-10 09:32:02,SPX,7593.51,,7675.0,869,1302,0.1135,0.011689
2026-09-10 09:32:02,SPX,7593.51,,7510.0,24,144,0.1468,0.011689
2026-09-10 09:32:02,SPX,7593.51,,7680.0,425,296,0.113,0.011689
2026-09-10 09:32:02,SPX,7593.51,,7505.0,1,270,0.1478,0.011689
2026-09-10 09:32:02,SPX,7593.51,,7685.0,157,215,0.1125,0.011689
2026-09-10 09:32:02,SPX,7593.51,,7500.0,114,6861,0.1488,0.011689
2026-09-10 09:32:02,SPX,7593.51,,7690.0,409,246,0.1119,0.011689
2026-09-10 09:32:02,SPX,7593.51,,7495.0,1,224,0.1498,0.011689
2026-09-10 09:32:02,SPX,7593.51,,7695.0,241,80,0.1113,0.011689
2026-09-10 09:32:02,SPX,7593.51,,7490.0,6,500,0.1508,0.011689
2026-09-10 09:32:02,SPX,7593.51,,7700.0,1421,1784,0.1107,0.011689
2026-09-10 09:32:02,SPX,7593.51,,7485.0,3,173,0.1519,0.011689
2026-09-10 09:32:02,SPX,7593.51,,7705.0,445,1541,0.1101,0.011689
2026-09-10 09:32:02,SPX,7593.51,,7480.0,3,285,0.153,0.011689
2026-09-10 09:32:02,SPX,7593.51,,7710.0,298,268,0.1095,0.011689
2026-09-10 09:32:02,SPX,7593.51,,7475.0,40,570,0.1542,0.011689
2026-09-10 09:32:02,SPX,7593.51,,7715.0,115,62,0.1089,0.011689
2026-09-10 09:32:02,SPX,7593.51,,7470.0,2,426,0.1554,0.011689
2026-09-10 10:02:48,SPX,7586.79,,7585.0,183,1120,0.1726,0.000679
2026-09-10 10:02:48,SPX,7586.79,,7590.0,229,1906,0.1698,0.000679
2026-09-10 10:02:48,SPX,7586.79,,7580.0,73,2005,0.1748,0.000679
2026-09-10 10:02:48,SPX,7586.79,,7595.0,1096,2365,0.1681,0.000679
2026-09-10 10:02:48,SPX,7586.79,,7575.0,32,2329,0.1781,0.000679
2026-09-10 10:02:48,SPX,7586.79,,7600.0,1381,5308,0.1663,0.000679
2026-09-10 10:02:48,SPX,7586.79,,7570.0,16,872,0.1807,0.000679
2026-09-10 10:02:48,SPX,7586.79,,7605.0,144,767,0.166,0.000679
2026-09-10 10:02:48,SPX,7586.79,,7565.0,49,1220,0.185,0.000679
2026-09-10 10:02:48,SPX,7586.79,,7610.0,172,1556,0.1653,0.000679
2026-09-10 10:02:48,SPX,7586.79,,7560.0,44,1422,0.1874,0.000679
2026-09-10 10:02:48,SPX,7586.79,,7615.0,111,1403,0.1654,0.000679
2026-09-10 10:02:48,SPX,7586.79,,7555.0,23,2048,0.1912,0.000679
2026-09-10 10:02:48,SPX,7586.79,,7620.0,167,1667,0.1655,0.000679
2026-09-10 10:02:48,SPX,7586.79,,7550.0,52,2961,0.1946,0.000679
2026-09-10 10:02:48,SPX,7586.79,,7625.0,338,1295,0.1663,0.000679
2026-09-10 10:02:48,SPX,7586.79,,7545.0,3,1885,0.1993,0.000679
2026-09-10 10:02:48,SPX,7586.79,,7630.0,527,1344,0.167,0.000679
2026-09-10 10:02:48,SPX,7586.79,,7540.0,46,2032,0.2038,0.000679
2026-09-10 10:02:48,SPX,7586.79,,7635.0,955,829,0.17,0.000679
2026-09-10 10:02:48,SPX,7586.79,,7535.0,11,1760,0.209,0.000679
2026-09-10 10:02:48,SPX,7586.79,,7640.0,1437,1689,0.1731,0.000679
2026-09-10 10:02:48,SPX,7586.79,,7530.0,51,3730,0.2124,0.000679
2026-09-10 10:02:48,SPX,7586.79,,7645.0,1038,1022,0.1772,0.000679
2026-09-10 10:02:48,SPX,7586.79,,7525.0,137,4075,0.2184,0.000679
2026-09-10 10:02:48,SPX,7586.79,,7650.0,1588,1410,0.1819,0.000679
2026-09-10 10:02:48,SPX,7586.79,,7520.0,84,3768,0.2231,0.000679
2026-09-10 10:02:48,SPX,7586.79,,7655.0,644,519,0.1865,0.000679
2026-09-10 10:02:48,SPX,7586.79,,7515.0,4,1161,0.2281,0.000679
2026-09-10 10:02:48,SPX,7586.79,,7660.0,1368,849,0.1912,0.000679
2026-09-10 10:02:48,SPX,7586.79,,7510.0,14,1217,0.232,0.000679
2026-09-10 10:02:48,SPX,7586.79,,7665.0,840,615,0.1963,0.000679
2026-09-10 10:02:48,SPX,7586.79,,7505.0,13,877,0.2397,0.000679
2026-09-10 10:02:48,SPX,7586.79,,7670.0,986,715,0.2018,0.000679
2026-09-10 10:02:48,SPX,7586.79,,7500.0,118,3557,0.2473,0.000679
2026-09-10 10:02:48,SPX,7586.79,,7675.0,2059,1395,0.2076,0.000679
2026-09-10 10:02:48,SPX,7586.79,,7495.0,4,950,0.2528,0.000679
2026-09-10 10:02:48,SPX,7586.79,,7680.0,3347,1095,0.2137,0.000679
2026-09-10 10:02:48,SPX,7586.79,,7490.0,2,594,0.2576,0.000679
2026-09-10 10:02:48,SPX,7586.79,,7685.0,1785,532,0.2202,0.000679
2026-09-10 10:02:48,SPX,7586.79,,7485.0,2,2229,0.2623,0.000679
2026-09-10 10:02:48,SPX,7586.79,,7690.0,1650,625,0.2271,0.000679
2026-09-10 10:02:48,SPX,7586.79,,7480.0,2,1022,0.268,0.000679
2026-09-10 10:02:48,SPX,7586.79,,7695.0,957,313,0.2341,0.000679
2026-09-10 10:02:48,SPX,7586.79,,7475.0,25,8874,0.274,0.000679
2026-09-10 10:02:48,SPX,7586.79,,7700.0,3133,2015,0.2411,0.000679
2026-09-10 10:02:48,SPX,7586.79,,7470.0,7,3562,0.2811,0.000679
2026-09-10 10:02:48,SPX,7586.79,,7705.0,1432,539,0.2481,0.000679
2026-09-10 10:02:48,SPX,7586.79,,7465.0,0,3230,0.2891,0.000679
2026-09-10 10:02:48,SPX,7586.79,,7710.0,1867,487,0.2551,0.000679
2026-09-10 10:02:48,SPX,7586.79,,7585.0,50,501,0.1835,0.003417
2026-09-10 10:02:48,SPX,7586.79,,7590.0,108,1446,0.182,0.003417
2026-09-10 10:02:48,SPX,7586.79,,7580.0,115,2459,0.1849,0.003417
2026-09-10 10:02:48,SPX,7586.79,,7595.0,106,612,0.1804,0.003417
2026-09-10 10:02:48,SPX,7586.79,,7575.0,317,1871,0.1868,0.003417
2026-09-10 10:02:48,SPX,7586.79,,7600.0,495,3257,0.179,0.003417
2026-09-10 10:02:48,SPX,7586.79,,7570.0,77,3351,0.1876,0.003417
2026-09-10 10:02:48,SPX,7586.79,,7605.0,53,767,0.1776,0.003417
2026-09-10 10:02:48,SPX,7586.79,,7565.0,50,1039,0.1895,0.003417
2026-09-10 10:02:48,SPX,7586.79,,7610.0,139,1272,0.1761,0.003417
2026-09-10 10:02:48,SPX,7586.79,,7560.0,156,1520,0.1915,0.003417
2026-09-10 10:02:48,SPX,7586.79,,7615.0,76,610,0.1747,0.003417
2026-09-10 10:02:48,SPX,7586.79,,7555.0,27,2091,0.193,0.003417
2026-09-10 10:02:48,SPX,7586.79,,7620.0,272,1003,0.1737,0.003417
2026-09-10 10:02:48,SPX,7586.79,,7550.0,160,5859,0.194,0.003417
2026-09-10 10:02:48,SPX,7586.79,,7625.0,274,2016,0.1726,0.003417
2026-09-10 10:02:48,SPX,7586.79,,7545.0,32,3306,0.195,0.003417
2026-09-10 10:02:48,SPX,7586.79,,7630.0,231,1698,0.1717,0.003417
2026-09-10 10:02:48,SPX,7586.79,,7540.0,249,1739,0.1966,0.003417
2026-09-10 10:02:48,SPX,7586.79,,7635.0,384,1160,0.1706,0.003417
2026-09-10 10:02:48,SPX,7586.79,,7535.0,31,2178,0.1986,0.003417
2026-09-10 10:02:48,SPX,7586.79,,7640.0,408,856,0.1692,0.003417
2026-09-10 10:02:48,SPX,7586.79,,7530.0,23,827,0.2005,0.003417
2026-09-10 10:02:48,SPX,7586.79,,7645.0,350,2211,0.1677,0.003417
2026-09-10 10:02:48,SPX,7586.79,,7525.0,46,1865,0.202,0.003417
2026-09-10 10:02:48,SPX,7586.79,,7650.0,1592,4439,0.1663,0.003417
2026-09-10 10:02:48,SPX,7586.79,,7520.0,107,1169,0.2032,0.003417
2026-09-10 10:02:48,SPX,7586.79,,7655.0,365,1595,0.1651,0.003417
2026-09-10 10:02:48,SPX,7586.79,,7515.0,16,706,0.2042,0.003417
2026-09-10 10:02:48,SPX,7586.79,,7660.0,485,1101,0.1643,0.003417
2026-09-10 10:02:48,SPX,7586.79,,7510.0,29,1056,0.2051,0.003417
2026-09-10 10:02:48,SPX,7586.79,,7665.0,411,1004,0.1636,0.003417
2026-09-10 10:02:48,SPX,7586.79,,7505.0,24,436,0.2065,0.003417
2026-09-10 10:02:48,SPX,7586.79,,7670.0,497,663,0.163,0.003417
2026-09-10 10:02:48,SPX,7586.79,,7500.0,554,16515,0.2088,0.003417
2026-09-10 10:02:48,SPX,7586.79,,7675.0,1054,1201,0.1625,0.003417
2026-09-10 10:02:48,SPX,7586.79,,7495.0,24,757,0.2109,0.003417
2026-09-10 10:02:48,SPX,7586.79,,7680.0,974,1767,0.1619,0.003417
2026-09-10 10:02:48,SPX,7586.79,,7490.0,20,7501,0.2114,0.003417
2026-09-10 10:02:48,SPX,7586.79,,7685.0,759,751,0.1613,0.003417
2026-09-10 10:02:48,SPX,7586.79,,7485.0,24,865,0.2133,0.003417
2026-09-10 10:02:48,SPX,7586.79,,7690.0,1225,1081,0.1607,0.003417
2026-09-10 10:02:48,SPX,7586.79,,7480.0,48,1400,0.2137,0.003417
2026-09-10 10:02:48,SPX,7586.79,,7695.0,960,576,0.1602,0.003417
2026-09-10 10:02:48,SPX,7586.79,,7475.0,177,1665,0.2148,0.003417
2026-09-10 10:02:48,SPX,7586.79,,7700.0,4171,4330,0.1598,0.003417
2026-09-10 10:02:48,SPX,7586.79,,7470.0,35,1030,0.2171,0.003417
2026-09-10 10:02:48,SPX,7586.79,,7705.0,702,875,0.1595,0.003417
2026-09-10 10:02:48,SPX,7586.79,,7465.0,0,958,0.2184,0.003417
2026-09-10 10:02:48,SPX,7586.79,,7710.0,1089,1237,0.1594,0.003417
2026-09-10 10:02:48,SPX,7586.79,,7585.0,94,511,0.1289,0.011631
2026-09-10 10:02:48,SPX,7586.79,,7590.0,20,861,0.1274,0.011631
2026-09-10 10:02:48,SPX,7586.79,,7580.0,26,1612,0.1297,0.011631
2026-09-10 10:02:48,SPX,7586.79,,7595.0,30,232,0.1263,0.011631
2026-09-10 10:02:48,SPX,7586.79,,7575.0,213,528,0.1308,0.011631
2026-09-10 10:02:48,SPX,7586.79,,7600.0,132,1587,0.1251,0.011631
2026-09-10 10:02:48,SPX,7586.79,,7570.0,27,225,0.1319,0.011631
2026-09-10 10:02:48,SPX,7586.79,,7605.0,48,324,0.1239,0.011631
2026-09-10 10:02:48,SPX,7586.79,,7565.0,22,243,0.1331,0.011631
2026-09-10 10:02:48,SPX,7586.79,,7610.0,46,278,0.1229,0.011631
2026-09-10 10:02:48,SPX,7586.79,,7560.0,28,251,0.1341,0.011631
2026-09-10 10:02:48,SPX,7586.79,,7615.0,48,199,0.1219,0.011631
2026-09-10 10:02:48,SPX,7586.79,,7555.0,19,139,0.1353,0.011631
2026-09-10 10:02:48,SPX,7586.79,,7620.0,65,559,0.121,0.011631
2026-09-10 10:02:48,SPX,7586.79,,7550.0,56,603,0.1364,0.011631
2026-09-10 10:02:48,SPX,7586.79,,7625.0,75,387,0.12,0.011631
2026-09-10 10:02:48,SPX,7586.79,,7545.0,10,814,0.1374,0.011631
2026-09-10 10:02:48,SPX,7586.79,,7630.0,148,331,0.1192,0.011631
2026-09-10 10:02:48,SPX,7586.79,,7540.0,2,522,0.1386,0.011631
2026-09-10 10:02:48,SPX,7586.79,,7635.0,65,215,0.1184,0.011631
2026-09-10 10:02:48,SPX,7586.79,,7535.0,0,1430,0.1398,0.011631
2026-09-10 10:02:48,SPX,7586.79,,7640.0,69,313,0.1177,0.011631
2026-09-10 10:02:48,SPX,7586.79,,7530.0,2,1614,0.1411,0.011631
2026-09-10 10:02:48,SPX,7586.79,,7645.0,121,383,0.1168,0.011631
2026-09-10 10:02:48,SPX,7586.79,,7525.0,28,1529,0.1424,0.011631
2026-09-10 10:02:48,SPX,7586.79,,7650.0,337,513,0.1157,0.011631
2026-09-10 10:02:48,SPX,7586.79,,7520.0,7,395,0.1437,0.011631
2026-09-10 10:02:48,SPX,7586.79,,7655.0,83,181,0.1147,0.011631
2026-09-10 10:02:48,SPX,7586.79,,7515.0,3,178,0.145,0.011631
2026-09-10 10:02:48,SPX,7586.79,,7660.0,69,141,0.1137,0.011631
2026-09-10 10:02:48,SPX,7586.79,,7510.0,24,144,0.1461,0.011631
2026-09-10 10:02:48,SPX,7586.79,,7665.0,165,153,0.1127,0.011631
2026-09-10 10:02:48,SPX,7586.79,,7505.0,1,270,0.1472,0.011631
2026-09-10 10:02:48,SPX,7586.79,,7670.0,147,256,0.1119,0.011631
2026-09-10 10:02:48,SPX,7586.79,,7500.0,114,6861,0.1483,0.011631
2026-09-10 10:02:48,SPX,7586.79,,7675.0,869,1302,0.1112,0.011631
2026-09-10 10:02:48,SPX,7586.79,,7495.0,1,224,0.1493,0.011631
2026-09-10 10:02:48,SPX,7586.79,,7680.0,425,296,0.1106,0.011631
2026-09-10 10:02:48,SPX,7586.79,,7490.0,6,500,0.1504,0.011631
2026-09-10 10:02:48,SPX,7586.79,,7685.0,157,215,0.1101,0.011631
2026-09-10 10:02:48,SPX,7586.79,,7485.0,3,173,0.1515,0.011631
2026-09-10 10:02:48,SPX,7586.79,,7690.0,409,246,0.1097,0.011631
2026-09-10 10:02:48,SPX,7586.79,,7480.0,3,285,0.1526,0.011631
2026-09-10 10:02:48,SPX,7586.79,,7695.0,241,80,0.1092,0.011631
2026-09-10 10:02:48,SPX,7586.79,,7475.0,40,570,0.1537,0.011631
2026-09-10 10:02:48,SPX,7586.79,,7700.0,1421,1784,0.1087,0.011631
2026-09-10 10:02:48,SPX,7586.79,,7470.0,2,426,0.1549,0.011631
2026-09-10 10:02:48,SPX,7586.79,,7705.0,445,1541,0.1082,0.011631
2026-09-10 10:02:48,SPX,7586.79,,7465.0,0,1163,0.1562,0.011631
2026-09-10 10:02:48,SPX,7586.79,,7710.0,298,268,0.1077,0.011631
2026-09-10 10:33:09,SPX,7602.35,7694.08,7600.0,1381,5308,0.1588,0.000621
2026-09-10 10:33:09,SPX,7602.35,7694.08,7605.0,144,767,0.1569,0.000621
2026-09-10 10:33:09,SPX,7602.35,7694.08,7595.0,1096,2365,0.1617,0.000621
2026-09-10 10:33:09,SPX,7602.35,7694.08,7610.0,172,1556,0.1551,0.000621
2026-09-10 10:33:09,SPX,7602.35,7694.08,7590.0,229,1906,0.1646,0.000621
2026-09-10 10:33:09,SPX,7602.35,7694.08,7615.0,111,1403,0.1535,0.000621
2026-09-10 10:33:09,SPX,7602.35,7694.08,7585.0,183,1120,0.1659,0.000621
2026-09-10 10:33:09,SPX,7602.35,7694.08,7620.0,167,1667,0.152,0.000621
2026-09-10 10:33:09,SPX,7602.35,7694.08,7580.0,73,2005,0.1716,0.000621
2026-09-10 10:33:09,SPX,7602.35,7694.08,7625.0,338,1295,0.1514,0.000621
2026-09-10 10:33:09,SPX,7602.35,7694.08,7575.0,32,2329,0.1734,0.000621
2026-09-10 10:33:09,SPX,7602.35,7694.08,7630.0,527,1344,0.1508,0.000621
2026-09-10 10:33:09,SPX,7602.35,7694.08,7570.0,16,872,0.1799,0.000621
2026-09-10 10:33:09,SPX,7602.35,7694.08,7635.0,955,829,0.152,0.000621
2026-09-10 10:33:09,SPX,7602.35,7694.08,7565.0,49,1220,0.1832,0.000621
2026-09-10 10:33:09,SPX,7602.35,7694.08,7640.0,1437,1689,0.1536,0.000621
2026-09-10 10:33:09,SPX,7602.35,7694.08,7560.0,44,1422,0.1875,0.000621
2026-09-10 10:33:09,SPX,7602.35,7694.08,7645.0,1038,1022,0.1545,0.000621
2026-09-10 10:33:09,SPX,7602.35,7694.08,7555.0,23,2048,0.1933,0.000621
2026-09-10 10:33:09,SPX,7602.35,7694.08,7650.0,1588,1410,0.156,0.000621
2026-09-10 10:33:09,SPX,7602.35,7694.08,7550.0,52,2961,0.1969,0.000621
2026-09-10 10:33:09,SPX,7602.35,7694.08,7655.0,644,519,0.1589,0.000621
2026-09-10 10:33:09,SPX,7602.35,7694.08,7545.0,3,1885,0.2032,0.000621
2026-09-10 10:33:09,SPX,7602.35,7694.08,7660.0,1368,849,0.1648,0.000621
2026-09-10 10:33:09,SPX,7602.35,7694.08,7540.0,46,2032,0.2109,0.000621
2026-09-10 10:33:09,SPX,7602.35,7694.08,7665.0,840,615,0.1694,0.000621
2026-09-10 10:33:09,SPX,7602.35,7694.08,7535.0,11,1760,0.2146,0.000621
2026-09-10 10:33:09,SPX,7602.35,7694.08,7670.0,986,715,0.1758,0.000621
2026-09-10 10:33:09,SPX,7602.35,7694.08,7530.0,51,3730,0.221,0.000621
2026-09-10 10:33:09,SPX,7602.35,7694.08,7675.0,2059,1395,0.182,0.000621
2026-09-10 10:33:09,SPX,7602.35,7694.08,7525.0,137,4075,0.229,0.000621
2026-09-10 10:33:09,SPX,7602.35,7694.08,7680.0,3347,1095,0.1864,0.000621
2026-09-10 10:33:09,SPX,7602.35,7694.08,7520.0,84,3768,0.2374,0.000621
2026-09-10 10:33:09,SPX,7602.35,7694.08,7685.0,1785,532,0.1898,0.000621
2026-09-10 10:33:09,SPX,7602.35,7694.08,7515.0,4,1161,0.244,0.000621
2026-09-10 10:33:09,SPX,7602.35,7694.08,7690.0,1650,625,0.1991,0.000621
2026-09-10 10:33:09,SPX,7602.35,7694.08,7510.0,14,1217,0.2505,0.000621
2026-09-10 10:33:09,SPX,7602.35,7694.08,7695.0,957,313,0.205,0.000621
2026-09-10 10:33:09,SPX,7602.35,7694.08,7505.0,13,877,0.2571,0.000621
2026-09-10 10:33:09,SPX,7602.35,7694.08,7700.0,3133,2015,0.2112,0.000621
2026-09-10 10:33:09,SPX,7602.35,7694.08,7500.0,118,3557,0.2647,0.000621
2026-09-10 10:33:09,SPX,7602.35,7694.08,7705.0,1432,539,0.2186,0.000621
2026-09-10 10:33:09,SPX,7602.35,7694.08,7495.0,4,950,0.2723,0.000621
2026-09-10 10:33:09,SPX,7602.35,7694.08,7710.0,1867,487,0.2264,0.000621
2026-09-10 10:33:09,SPX,7602.35,7694.08,7490.0,2,594,0.2805,0.000621
2026-09-10 10:33:09,SPX,7602.35,7694.08,7715.0,1746,707,0.2343,0.000621
2026-09-10 10:33:09,SPX,7602.35,7694.08,7485.0,2,2229,0.2896,0.000621
2026-09-10 10:33:09,SPX,7602.35,7694.08,7720.0,1926,448,0.2421,0.000621
2026-09-10 10:33:09,SPX,7602.35,7694.08,7480.0,2,1022,0.299,0.000621
2026-09-10 10:33:09,SPX,7602.35,7694.08,7725.0,3783,744,0.2498,0.000621
2026-09-10 10:33:09,SPX,7602.35,7694.08,7600.0,495,3257,0.1767,0.003359
2026-09-10 10:33:09,SPX,7602.35,7694.08,7605.0,53,767,0.176,0.003359
2026-09-10 10:33:09,SPX,7602.35,7694.08,7595.0,106,612,0.1792,0.003359
2026-09-10 10:33:09,SPX,7602.35,7694.08,7610.0,139,1272,0.1749,0.003359
2026-09-10 10:33:09,SPX,7602.35,7694.08,7590.0,108,1446,0.1802,0.003359
2026-09-10 10:33:09,SPX,7602.35,7694.08,7615.0,76,610,0.1734,0.003359
2026-09-10 10:33:09,SPX,7602.35,7694.08,7585.0,50,501,0.1816,0.003359
2026-09-10 10:33:09,SPX,7602.35,7694.08,7620.0,272,1003,0.1721,0.003359
2026-09-10 10:33:09,SPX,7602.35,7694.08,7580.0,115,2459,0.183,0.003359
2026-09-10 10:33:09,SPX,7602.35,7694.08,7625.0,274,2016,0.1707,0.003359
2026-09-10 10:33:09,SPX,7602.35,7694.08,7575.0,317,1871,0.1848,0.003359
2026-09-10 10:33:09,SPX,7602.35,7694.08,7630.0,231,1698,0.1696,0.003359
2026-09-10 10:33:09,SPX,7602.35,7694.08,7570.0,77,3351,0.1854,0.003359
2026-09-10 10:33:09,SPX,7602.35,7694.08,7635.0,384,1160,0.1683,0.003359
2026-09-10 10:33:09,SPX,7602.35,7694.08,7565.0,50,1039,0.1872,0.003359
2026-09-10 10:33:09,SPX,7602.35,7694.08,7640.0,408,856,0.1667,0.003359
2026-09-10 10:33:09,SPX,7602.35,7694.08,7560.0,156,1520,0.1893,0.003359
2026-09-10 10:33:09,SPX,7602.35,7694.08,7645.0,350,2211,0.1651,0.003359
2026-09-10 10:33:09,SPX,7602.35,7694.08,7555.0,27,2091,0.1911,0.003359
2026-09-10 10:33:09,SPX,7602.35,7694.08,7650.0,1592,4439,0.1645,0.003359
2026-09-10 10:33:09,SPX,7602.35,7694.08,7550.0,160,5859,0.1925,0.003359
2026-09-10 10:33:09,SPX,7602.35,7694.08,7655.0,365,1595,0.1634,0.003359
2026-09-10 10:33:09,SPX,7602.35,7694.08,7545.0,32,3306,0.1937,0.003359
2026-09-10 10:33:09,SPX,7602.35,7694.08,7660.0,485,1101,0.1629,0.003359
2026-09-10 10:33:09,SPX,7602.35,7694.08,7540.0,249,1739,0.1949,0.003359
2026-09-10 10:33:09,SPX,7602.35,7694.08,7665.0,411,1004,0.1624,0.003359
2026-09-10 10:33:09,SPX,7602.35,7694.08,7535.0,31,2178,0.1963,0.003359
2026-09-10 10:33:09,SPX,7602.35,7694.08,7670.0,497,663,0.1616,0.003359
2026-09-10 10:33:09,SPX,7602.35,7694.08,7530.0,23,827,0.1977,0.003359
2026-09-10 10:33:09,SPX,7602.35,7694.08,7675.0,1054,1201,0.1606,0.003359
2026-09-10 10:33:09,SPX,7602.35,7694.08,7525.0,46,1865,0.1991,0.003359
2026-09-10 10:33:09,SPX,7602.35,7694.08,7680.0,974,1767,0.1595,0.003359
2026-09-10 10:33:09,SPX,7602.35,7694.08,7520.0,107,1169,0.2006,0.003359
2026-09-10 10:33:09,SPX,7602.35,7694.08,7685.0,759,751,0.1581,0.003359
2026-09-10 10:33:09,SPX,7602.35,7694.08,7515.0,16,706,0.2024,0.003359
2026-09-10 10:33:09,SPX,7602.35,7694.08,7690.0,1225,1081,0.1569,0.003359
2026-09-10 10:33:09,SPX,7602.35,7694.08,7510.0,29,1056,0.2044,0.003359
2026-09-10 10:33:09,SPX,7602.35,7694.08,7695.0,960,576,0.156,0.003359
2026-09-10 10:33:09,SPX,7602.35,7694.08,7505.0,24,436,0.2064,0.003359
2026-09-10 10:33:09,SPX,7602.35,7694.08,7700.0,4171,4330,0.1554,0.003359
2026-09-10 10:33:09,SPX,7602.35,7694.08,7500.0,554,16515,0.2079,0.003359
2026-09-10 10:33:09,SPX,7602.35,7694.08,7705.0,702,875,0.1551,0.003359
2026-09-10 10:33:09,SPX,7602.35,7694.08,7495.0,24,757,0.2082,0.003359
2026-09-10 10:33:09,SPX,7602.35,7694.08,7710.0,1089,1237,0.1549,0.003359
2026-09-10 10:33:09,SPX,7602.35,7694.08,7490.0,20,7501,0.2098,0.003359
2026-09-10 10:33:09,SPX,7602.35,7694.08,7715.0,926,1196,0.155,0.003359
2026-09-10 10:33:09,SPX,7602.35,7694.08,7485.0,24,865,0.2109,0.003359
2026-09-10 10:33:09,SPX,7602.35,7694.08,7720.0,2852,585,0.1551,0.003359
2026-09-10 10:33:09,SPX,7602.35,7694.08,7480.0,48,1400,0.2124,0.003359
2026-09-10 10:33:09,SPX,7602.35,7694.08,7725.0,2176,2328,0.1552,0.003359
2026-09-10 10:33:09,SPX,7602.35,7694.08,7600.0,132,1587,0.1226,0.011573
2026-09-10 10:33:09,SPX,7602.35,7694.08,7605.0,48,324,0.1218,0.011573
2026-09-10 10:33:09,SPX,7602.35,7694.08,7595.0,30,232,0.1236,0.011573
2026-09-10 10:33:09,SPX,7602.35,7694.08,7610.0,46,278,0.1201,0.011573
2026-09-10 10:33:09,SPX,7602.35,7694.08,7590.0,20,861,0.1246,0.011573
2026-09-10 10:33:09,SPX,7602.35,7694.08,7615.0,48,199,0.119,0.011573
2026-09-10 10:33:09,SPX,7602.35,7694.08,7585.0,94,511,0.1257,0.011573
2026-09-10 10:33:09,SPX,7602.35,7694.08,7620.0,65,559,0.1179,0.011573
2026-09-10 10:33:09,SPX,7602.35,7694.08,7580.0,26,1612,0.127,0.011573
2026-09-10 10:33:09,SPX,7602.35,7694.08,7625.0,75,387,0.1173,0.011573
2026-09-10 10:33:09,SPX,7602.35,7694.08,7575.0,213,528,0.1279,0.011573
2026-09-10 10:33:09,SPX,7602.35,7694.08,7630.0,148,331,0.1161,0.011573
2026-09-10 10:33:09,SPX,7602.35,7694.08,7570.0,27,225,0.1287,0.011573
2026-09-10 10:33:09,SPX,7602.35,7694.08,7635.0,65,215,0.115,0.011573
2026-09-10 10:33:09,SPX,7602.35,7694.08,7565.0,22,243,0.1302,0.011573
2026-09-10 10:33:09,SPX,7602.35,7694.08,7640.0,69,313,0.1141,0.011573
2026-09-10 10:33:09,SPX,7602.35,7694.08,7560.0,28,251,0.1311,0.011573
2026-09-10 10:33:09,SPX,7602.35,7694.08,7645.0,121,383,0.1134,0.011573
2026-09-10 10:33:09,SPX,7602.35,7694.08,7555.0,19,139,0.1321,0.011573
2026-09-10 10:33:09,SPX,7602.35,7694.08,7650.0,337,513,0.1125,0.011573
2026-09-10 10:33:09,SPX,7602.35,7694.08,7550.0,56,603,0.1333,0.011573
2026-09-10 10:33:09,SPX,7602.35,7694.08,7655.0,83,181,0.1117,0.011573
2026-09-10 10:33:09,SPX,7602.35,7694.08,7545.0,0,814,0.1347,0.011573
2026-09-10 10:33:09,SPX,7602.35,7694.08,7660.0,69,141,0.1109,0.011573
2026-09-10 10:33:09,SPX,7602.35,7694.08,7540.0,2,522,0.136,0.011573
2026-09-10 10:33:09,SPX,7602.35,7694.08,7665.0,165,153,0.1102,0.011573
2026-09-10 10:33:09,SPX,7602.35,7694.08,7535.0,0,1430,0.1373,0.011573
2026-09-10 10:33:09,SPX,7602.35,7694.08,7670.0,147,256,0.1095,0.011573
2026-09-10 10:33:09,SPX,7602.35,7694.08,7530.0,2,1614,0.1386,0.011573
2026-09-10 10:33:09,SPX,7602.35,7694.08,7675.0,869,1302,0.1088,0.011573
2026-09-10 10:33:09,SPX,7602.35,7694.08,7525.0,28,1529,0.1399,0.011573
2026-09-10 10:33:09,SPX,7602.35,7694.08,7680.0,425,296,0.1081,0.011573
2026-09-10 10:33:09,SPX,7602.35,7694.08,7520.0,7,395,0.1411,0.011573
2026-09-10 10:33:09,SPX,7602.35,7694.08,7685.0,157,215,0.1074,0.011573
2026-09-10 10:33:09,SPX,7602.35,7694.08,7515.0,3,178,0.1423,0.011573
2026-09-10 10:33:09,SPX,7602.35,7694.08,7690.0,409,246,0.1067,0.011573
2026-09-10 10:33:09,SPX,7602.35,7694.08,7510.0,24,144,0.1433,0.011573
2026-09-10 10:33:09,SPX,7602.35,7694.08,7695.0,241,80,0.106,0.011573
2026-09-10 10:33:09,SPX,7602.35,7694.08,7505.0,1,270,0.1443,0.011573
2026-09-10 10:33:09,SPX,7602.35,7694.08,7700.0,1421,1784,0.1052,0.011573
2026-09-10 10:33:09,SPX,7602.35,7694.08,7500.0,114,6861,0.1454,0.011573
2026-09-10 10:33:09,SPX,7602.35,7694.08,7705.0,445,1541,0.1044,0.011573
2026-09-10 10:33:09,SPX,7602.35,7694.08,7495.0,1,224,0.1465,0.011573
2026-09-10 10:33:09,SPX,7602.35,7694.08,7710.0,298,268,0.1037,0.011573
2026-09-10 10:33:09,SPX,7602.35,7694.08,7490.0,6,500,0.1476,0.011573
2026-09-10 10:33:09,SPX,7602.35,7694.08,7715.0,115,62,0.1031,0.011573
2026-09-10 10:33:09,SPX,7602.35,7694.08,7485.0,3,173,0.1488,0.011573
2026-09-10 10:33:09,SPX,7602.35,7694.08,7720.0,2727,112,0.1025,0.011573
2026-09-10 10:33:09,SPX,7602.35,7694.08,7480.0,3,285,0.1501,0.011573
2026-09-10 10:33:09,SPX,7602.35,7694.08,7725.0,1623,256,0.102,0.011573
2026-09-10 11:03:33,SPX,7601.59,7693.88,7600.0,1381,5308,0.1529,0.000564
2026-09-10 11:03:33,SPX,7601.59,7693.88,7605.0,144,767,0.15,0.000564
2026-09-10 11:03:33,SPX,7601.59,7693.88,7595.0,1096,2365,0.1563,0.000564
2026-09-10 11:03:33,SPX,7601.59,7693.88,7610.0,172,1556,0.1483,0.000564
2026-09-10 11:03:33,SPX,7601.59,7693.88,7590.0,229,1906,0.1599,0.000564
2026-09-10 11:03:33,SPX,7601.59,7693.88,7615.0,111,1403,0.1462,0.000564
2026-09-10 11:03:33,SPX,7601.59,7693.88,7585.0,183,1120,0.1639,0.000564
2026-09-10 11:03:33,SPX,7601.59,7693.88,7620.0,167,1667,0.1444,0.000564
2026-09-10 11:03:33,SPX,7601.59,7693.88,7580.0,73,2005,0.1673,0.000564
2026-09-10 11:03:33,SPX,7601.59,7693.88,7625.0,338,1295,0.145,0.000564
2026-09-10 11:03:33,SPX,7601.59,7693.88,7575.0,32,2329,0.1727,0.000564
2026-09-10 11:03:33,SPX,7601.59,7693.88,7630.0,527,1344,0.1455,0.000564
2026-09-10 11:03:33,SPX,7601.59,7693.88,7570.0,16,872,0.1768,0.000564
2026-09-10 11:03:33,SPX,7601.59,7693.88,7635.0,955,829,0.1464,0.000564
2026-09-10 11:03:33,SPX,7601.59,7693.88,7565.0,49,1220,0.1818,0.000564
2026-09-10 11:03:33,SPX,7601.59,7693.88,7640.0,1437,1689,0.1483,0.000564
2026-09-10 11:03:33,SPX,7601.59,7693.88,7560.0,44,1422,0.1873,0.000564
2026-09-10 11:03:33,SPX,7601.59,7693.88,7645.0,1038,1022,0.1511,0.000564
2026-09-10 11:03:33,SPX,7601.59,7693.88,7555.0,23,2048,0.192,0.000564
2026-09-10 11:03:33,SPX,7601.59,7693.88,7650.0,1588,1410,0.1562,0.000564
2026-09-10 11:03:33,SPX,7601.59,7693.88,7550.0,52,2961,0.1988,0.000564
2026-09-10 11:03:33,SPX,7601.59,7693.88,7655.0,644,519,0.1618,0.000564
2026-09-10 11:03:33,SPX,7601.59,7693.88,7545.0,3,1885,0.2022,0.000564
2026-09-10 11:03:33,SPX,7601.59,7693.88,7660.0,1368,849,0.1676,0.000564
2026-09-10 11:03:33,SPX,7601.59,7693.88,7540.0,46,2032,0.2091,0.000564
2026-09-10 11:03:33,SPX,7601.59,7693.88,7665.0,840,615,0.1737,0.000564
2026-09-10 11:03:33,SPX,7601.59,7693.88,7535.0,11,1760,0.2172,0.000564
2026-09-10 11:03:33,SPX,7601.59,7693.88,7670.0,986,715,0.181,0.000564
2026-09-10 11:03:33,SPX,7601.59,7693.88,7530.0,51,3730,0.225,0.000564
2026-09-10 11:03:33,SPX,7601.59,7693.88,7675.0,2059,1395,0.1875,0.000564
2026-09-10 11:03:33,SPX,7601.59,7693.88,7525.0,137,4075,0.2298,0.000564
2026-09-10 11:03:33,SPX,7601.59,7693.88,7680.0,3347,1095,0.1941,0.000564
2026-09-10 11:03:33,SPX,7601.59,7693.88,7520.0,84,3768,0.2358,0.000564
2026-09-10 11:03:33,SPX,7601.59,7693.88,7685.0,1785,532,0.201,0.000564
2026-09-10 11:03:33,SPX,7601.59,7693.88,7515.0,4,1161,0.2431,0.000564
2026-09-10 11:03:33,SPX,7601.59,7693.88,7690.0,1650,625,0.2085,0.000564
2026-09-10 11:03:33,SPX,7601.59,7693.88,7510.0,14,1217,0.2524,0.000564
2026-09-10 11:03:33,SPX,7601.59,7693.88,7695.0,957,313,0.2163,0.000564
2026-09-10 11:03:33,SPX,7601.59,7693.88,7505.0,13,877,0.2617,0.000564
2026-09-10 11:03:33,SPX,7601.59,7693.88,7700.0,3133,2015,0.2245,0.000564
2026-09-10 11:03:33,SPX,7601.59,7693.88,7500.0,118,3557,0.2711,0.000564
2026-09-10 11:03:33,SPX,7601.59,7693.88,7705.0,1432,539,0.2329,0.000564
2026-09-10 11:03:33,SPX,7601.59,7693.88,7495.0,4,950,0.2805,0.000564
2026-09-10 11:03:33,SPX,7601.59,7693.88,7710.0,1867,487,0.2415,0.000564
2026-09-10 11:03:33,SPX,7601.59,7693.88,7490.0,2,594,0.2894,0.000564
2026-09-10 11:03:33,SPX,7601.59,7693.88,7715.0,1746,707,0.2498,0.000564
2026-09-10 11:03:33,SPX,7601.59,7693.88,7485.0,2,2229,0.2976,0.000564
2026-09-10 11:03:33,SPX,7601.59,7693.88,7720.0,1926,448,0.2578,0.000564
2026-09-10 11:03:33,SPX,7601.59,7693.88,7480.0,2,0,0.3051,0.000564
2026-09-10 11:03:33,SPX,7601.59,7693.88,7725.0,3783,744,0.2653,0.000564
2026-09-10 11:03:33,SPX,7601.59,7693.88,7600.0,495,3257,0.18,0.003301
2026-09-10 11:03:33,SPX,7601.59,7693.88,7605.0,53,767,0.1786,0.003301
2026-09-10 11:03:33,SPX,7601.59,7693.88,7595.0,106,612,0.1819,0.003301
2026-09-10 11:03:33,SPX,7601.59,7693.88,7610.0,139,1272,0.177,0.003301
2026-09-10 11:03:33,SPX,7601.59,7693.88,7590.0,108,1446,0.1831,0.003301
2026-09-10 11:03:33,SPX,7601.59,7693.88,7615.0,76,610,0.1758,0.003301
2026-09-10 11:03:33,SPX,7601.59,7693.88,7585.0,50,501,0.1852,0.003301
2026-09-10 11:03:33,SPX,7601.59,7693.88,7620.0,272,1003,0.1744,0.003301
2026-09-10 11:03:33,SPX,7601.59,7693.88,7580.0,115,2459,0.1861,0.003301
2026-09-10 11:03:33,SPX,7601.59,7693.88,7625.0,274,2016,0.1729,0.003301
2026-09-10 11:03:33,SPX,7601.59,7693.88,7575.0,317,1871,0.1875,0.003301
2026-09-10 11:03:33,SPX,7601.59,7693.88,7630.0,231,1698,0.1717,0.003301
2026-09-10 11:03:33,SPX,7601.59,7693.88,7570.0,77,3351,0.1889,0.003301
2026-09-10 11:03:33,SPX,7601.59,7693.88,7635.0,384,1160,0.1704,0.003301
2026-09-10 11:03:33,SPX,7601.59,7693.88,7565.0,50,1039,0.1908,0.003301
2026-09-10 11:03:33,SPX,7601.59,7693.88,7640.0,408,856,0.1692,0.003301
2026-09-10 11:03:33,SPX,7601.59,7693.88,7560.0,156,1520,0.1929,0.003301
2026-09-10 11:03:33,SPX,7601.59,7693.88,7645.0,350,2211,0.1687,0.003301
2026-09-10 11:03:33,SPX,7601.59,7693.88,7555.0,27,2091,0.1945,0.003301
2026-09-10 11:03:33,SPX,7601.59,7693.88,7650.0,1592,4439,0.168,0.003301
2026-09-10 11:03:33,SPX,7601.59,7693.88,7550.0,160,5859,0.1956,0.003301
2026-09-10 11:03:33,SPX,7601.59,7693.88,7655.0,365,1595,0.1668,0.003301
2026-09-10 11:03:33,SPX,7601.59,7693.88,7545.0,32,3306,0.1967,0.003301
2026-09-10 11:03:33,SPX,7601.59,7693.88,7660.0,485,1101,0.1656,0.003301
2026-09-10 11:03:33,SPX,7601.59,7693.88,7540.0,249,1739,0.1981,0.003301
2026-09-10 11:03:33,SPX,7601.59,7693.88,7665.0,411,1004,0.1643,0.003301
2026-09-10 11:03:33,SPX,7601.59,7693.88,7535.0,31,2178,0.1998,0.003301
2026-09-10 11:03:33,SPX,7601.59,7693.88,7670.0,497,663,0.163,0.003301
2026-09-10 11:03:33,SPX,7601.59,7693.88,7530.0,23,827,0.2014,0.003301
2026-09-10 11:03:33,SPX,7601.59,7693.88,7675.0,1054,1201,0.1619,0.003301
2026-09-10 11:03:33,SPX,7601.59,7693.88,7525.0,46,1865,0.2029,0.003301
2026-09-10 11:03:33,SPX,7601.59,7693.88,7680.0,974,1767,0.1609,0.003301
2026-09-10 11:03:33,SPX,7601.59,7693.88,7520.0,107,1169,0.2042,0.003301
2026-09-10 11:03:33,SPX,7601.59,7693.88,7685.0,759,751,0.16,0.003301
2026-09-10 11:03:33,SPX,7601.59,7693.88,7515.0,16,706,0.2058,0.003301
2026-09-10 11:03:33,SPX,7601.59,7693.88,7690.0,1225,1081,0.1592,0.003301
2026-09-10 11:03:33,SPX,7601.59,7693.88,7510.0,29,1056,0.2078,0.003301
2026-09-10 11:03:33,SPX,7601.59,7693.88,7695.0,960,576,0.1585,0.003301
2026-09-10 11:03:33,SPX,7601.59,7693.88,7505.0,24,436,0.2101,0.003301
2026-09-10 11:03:33,SPX,7601.59,7693.88,7700.0,4171,4330,0.1579,0.003301
2026-09-10 11:03:33,SPX,7601.59,7693.88,7500.0,554,16515,0.2117,0.003301
2026-09-10 11:03:33,SPX,7601.59,7693.88,7705.0,702,875,0.1575,0.003301
2026-09-10 11:03:33,SPX,7601.59,7693.88,7495.0,24,757,0.2121,0.003301
2026-09-10 11:03:33,SPX,7601.59,7693.88,7710.0,1089,1237,0.1572,0.003301
2026-09-10 11:03:33,SPX,7601.59,7693.88,7490.0,20,7501,0.2129,0.003301
2026-09-10 11:03:33,SPX,7601.59,7693.88,7715.0,926,1196,0.1571,0.003301
2026-09-10 11:03:33,SPX,7601.59,7693.88,7485.0,24,865,0.2143,0.003301
2026-09-10 11:03:33,SPX,7601.59,7693.88,7720.0,2852,585,0.1571,0.003301
2026-09-10 11:03:33,SPX,7601.59,7693.88,7480.0,0,1400,0.2167,0.003301
2026-09-10 11:03:33,SPX,7601.59,7693.88,7725.0,2176,2328,0.1573,0.003301
2026-09-10 11:03:33,SPX,7601.59,7693.88,7600.0,132,1587,0.1227,0.011515
2026-09-10 11:03:33,SPX,7601.59,7693.88,7605.0,48,324,0.1216,0.011515
2026-09-10 11:03:33,SPX,7601.59,7693.88,7595.0,30,232,0.1238,0.011515
2026-09-10 11:03:33,SPX,7601.59,7693.88,7610.0,46,278,0.1205,0.011515
2026-09-10 11:03:33,SPX,7601.59,7693.88,7590.0,20,861,0.1253,0.011515
2026-09-10 11:03:33,SPX,7601.59,7693.88,7615.0,48,199,0.1193,0.011515
2026-09-10 11:03:33,SPX,7601.59,7693.88,7585.0,94,511,0.1262,0.011515
2026-09-10 11:03:33,SPX,7601.59,7693.88,7620.0,65,559,0.1182,0.011515
2026-09-10 11:03:33,SPX,7601.59,7693.88,7580.0,26,1612,0.1274,0.011515
2026-09-10 11:03:33,SPX,7601.59,7693.88,7625.0,75,387,0.1172,0.011515
2026-09-10 11:03:33,SPX,7601.59,7693.88,7575.0,213,528,0.1286,0.011515
2026-09-10 11:03:33,SPX,7601.59,7693.88,7630.0,148,331,0.1164,0.011515
2026-09-10 11:03:33,SPX,7601.59,7693.88,7570.0,27,225,0.1298,0.011515
2026-09-10 11:03:33,SPX,7601.59,7693.88,7635.0,65,215,0.1155,0.011515
2026-09-10 11:03:33,SPX,7601.59,7693.88,7565.0,22,243,0.1307,0.011515
2026-09-10 11:03:33,SPX,7601.59,7693.88,7640.0,69,313,0.1147,0.011515
2026-09-10 11:03:33,SPX,7601.59,7693.88,7560.0,28,251,0.1318,0.011515
2026-09-10 11:03:33,SPX,7601.59,7693.88,7645.0,121,383,0.1139,0.011515
2026-09-10 11:03:33,SPX,7601.59,7693.88,7555.0,19,139,0.1329,0.011515
2026-09-10 11:03:33,SPX,7601.59,7693.88,7650.0,337,513,0.113,0.011515
2026-09-10 11:03:33,SPX,7601.59,7693.88,7550.0,56,603,0.1341,0.011515
2026-09-10 11:03:33,SPX,7601.59,7693.88,7655.0,83,181,0.112,0.011515
2026-09-10 11:03:33,SPX,7601.59,7693.88,7545.0,10,814,0.1352,0.011515
2026-09-10 11:03:33,SPX,7601.59,7693.88,7660.0,69,141,0.111,0.011515
2026-09-10 11:03:33,SPX,7601.59,7693.88,7540.0,2,522,0.1365,0.011515
2026-09-10 11:03:33,SPX,7601.59,7693.88,7665.0,165,153,0.1099,0.011515
2026-09-10 11:03:33,SPX,7601.59,7693.88,7535.0,0,1430,0.1379,0.011515
2026-09-10 11:03:33,SPX,7601.59,7693.88,7670.0,147,256,0.1089,0.011515
2026-09-10 11:03:33,SPX,7601.59,7693.88,7530.0,2,1614,0.1394,0.011515
2026-09-10 11:03:33,SPX,7601.59,7693.88,7675.0,869,1302,0.1081,0.011515
2026-09-10 11:03:33,SPX,7601.59,7693.88,7525.0,28,1529,0.1407,0.011515
2026-09-10 11:03:33,SPX,7601.59,7693.88,7680.0,425,296,0.1074,0.011515
2026-09-10 11:03:33,SPX,7601.59,7693.88,7520.0,7,395,0.142,0.011515
2026-09-10 11:03:33,SPX,7601.59,7693.88,7685.0,157,215,0.1068,0.011515
2026-09-10 11:03:33,SPX,7601.59,7693.88,7515.0,3,178,0.1433,0.011515
2026-09-10 11:03:33,SPX,7601.59,7693.88,7690.0,409,246,0.1062,0.011515
2026-09-10 11:03:33,SPX,7601.59,7693.88,7510.0,24,144,0.1444,0.011515
2026-09-10 11:03:33,SPX,7601.59,7693.88,7695.0,241,80,0.1057,0.011515
2026-09-10 11:03:33,SPX,7601.59,7693.88,7505.0,1,270,0.1454,0.011515
2026-09-10 11:03:33,SPX,7601.59,7693.88,7700.0,1421,1784,0.1052,0.011515
2026-09-10 11:03:33,SPX,7601.59,7693.88,7500.0,114,6861,0.1464,0.011515
2026-09-10 11:03:33,SPX,7601.59,7693.88,7705.0,445,1541,0.1047,0.011515
2026-09-10 11:03:33,SPX,7601.59,7693.88,7495.0,1,224,0.1475,0.011515
2026-09-10 11:03:33,SPX,7601.59,7693.88,7710.0,298,268,0.1042,0.011515
2026-09-10 11:03:33,SPX,7601.59,7693.88,7490.0,6,500,0.1486,0.011515
2026-09-10 11:03:33,SPX,7601.59,7693.88,7715.0,115,62,0.1036,0.011515
2026-09-10 11:03:33,SPX,7601.59,7693.88,7485.0,3,173,0.1498,0.011515
2026-09-10 11:03:33,SPX,7601.59,7693.88,7720.0,2727,112,0.103,0.011515
2026-09-10 11:03:33,SPX,7601.59,7693.88,7480.0,3,285,0.151,0.011515
2026-09-10 11:03:33,SPX,7601.59,7693.88,7725.0,1623,256,0.1025,0.011515
2026-09-10 11:33:56,SPX,7605.03,7685.23,7605.0,144,767,0.1447,0.000506
2026-09-10 11:33:56,SPX,7605.03,7685.23,7610.0,172,1556,0.1414,0.000506
2026-09-10 11:33:56,SPX,7605.03,7685.23,7600.0,1381,5308,0.1481,0.000506
2026-09-10 11:33:56,SPX,7605.03,7685.23,7615.0,111,1403,0.1393,0.000506
2026-09-10 11:33:56,SPX,7605.03,7685.23,7595.0,1096,2365,0.1507,0.000506
2026-09-10 11:33:56,SPX,7605.03,7685.23,7620.0,167,1667,0.1381,0.000506
2026-09-10 11:33:56,SPX,7605.03,7685.23,7590.0,229,1906,0.1558,0.000506
2026-09-10 11:33:56,SPX,7605.03,7685.23,7625.0,338,1295,0.1373,0.000506
2026-09-10 11:33:56,SPX,7605.03,7685.23,7585.0,183,1120,0.1602,0.000506
2026-09-10 11:33:56,SPX,7605.03,7685.23,7630.0,527,1344,0.1374,0.000506
2026-09-10 11:33:56,SPX,7605.03,7685.23,7580.0,73,2005,0.1644,0.000506
2026-09-10 11:33:56,SPX,7605.03,7685.23,7635.0,955,829,0.1391,0.000506
2026-09-10 11:33:56,SPX,7605.03,7685.23,7575.0,32,2329,0.1692,0.000506
2026-09-10 11:33:56,SPX,7605.03,7685.23,7640.0,1437,1689,0.1418,0.000506
2026-09-10 11:33:56,SPX,7605.03,7685.23,7570.0,16,872,0.1745,0.000506
2026-09-10 11:33:56,SPX,7605.03,7685.23,7645.0,1038,1022,0.1461,0.000506
2026-09-10 11:33:56,SPX,7605.03,7685.23,7565.0,49,1220,0.1798,0.000506
2026-09-10 11:33:56,SPX,7605.03,7685.23,7650.0,1588,1410,0.1511,0.000506
2026-09-10 11:33:56,SPX,7605.03,7685.23,7560.0,44,1422,0.1877,0.000506
2026-09-10 11:33:56,SPX,7605.03,7685.23,7655.0,644,519,0.1566,0.000506
2026-09-10 11:33:56,SPX,7605.03,7685.23,7555.0,23,2048,0.1922,0.000506
2026-09-10 11:33:56,SPX,7605.03,7685.23,7660.0,1368,849,0.1628,0.000506
2026-09-10 11:33:56,SPX,7605.03,7685.23,7550.0,52,2961,0.2005,0.000506
2026-09-10 11:33:56,SPX,7605.03,7685.23,7665.0,840,615,0.1699,0.000506
2026-09-10 11:33:56,SPX,7605.03,7685.23,7545.0,3,1885,0.2091,0.000506
2026-09-10 11:33:56,SPX,7605.03,7685.23,7670.0,986,715,0.1775,0.000506
2026-09-10 11:33:56,SPX,7605.03,7685.23,7540.0,46,2032,0.2164,0.000506
2026-09-10 11:33:56,SPX,7605.03,7685.23,7675.0,2059,1395,0.185,0.000506
2026-09-10 11:33:56,SPX,7605.03,7685.23,7535.0,11,1760,0.2223,0.000506
2026-09-10 11:33:56,SPX,7605.03,7685.23,7680.0,3347,1095,0.1929,0.000506
2026-09-10 11:33:56,SPX,7605.03,7685.23,7530.0,51,3730,0.2279,0.000506
2026-09-10 11:33:56,SPX,7605.03,7685.23,7685.0,1785,532,0.2012,0.000506
2026-09-10 11:33:56,SPX,7605.03,7685.23,7525.0,137,4075,0.2356,0.000506
2026-09-10 11:33:56,SPX,7605.03,7685.23,7690.0,1650,625,0.2098,0.000506
2026-09-10 11:33:56,SPX,7605.03,7685.23,7520.0,84,3768,0.2448,0.000506
2026-09-10 11:33:56,SPX,7605.03,7685.23,7695.0,957,313,0.2186,0.000506
2026-09-10 11:33:56,SPX,7605.03,7685.23,7515.0,4,1161,0.2536,0.000506
2026-09-10 11:33:56,SPX,7605.03,7685.23,7700.0,3133,2015,0.2274,0.000506
2026-09-10 11:33:56,SPX,7605.03,7685.23,7510.0,14,1217,0.263,0.000506
2026-09-10 11:33:56,SPX,7605.03,7685.23,7705.0,1432,539,0.2363,0.000506
2026-09-10 11:33:56,SPX,7605.03,7685.23,7505.0,13,877,0.2731,0.000506
2026-09-10 11:33:56,SPX,7605.03,7685.23,7710.0,1867,487,0.2451,0.000506
2026-09-10 11:33:56,SPX,7605.03,7685.23,7500.0,118,3557,0.2829,0.000506
2026-09-10 11:33:56,SPX,7605.03,7685.23,7715.0,1746,707,0.2537,0.000506
2026-09-10 11:33:56,SPX,7605.03,7685.23,7495.0,4,950,0.2918,0.000506
2026-09-10 11:33:56,SPX,7605.03,7685.23,7720.0,1926,448,0.2619,0.000506
2026-09-10 11:33:56,SPX,7605.03,7685.23,7490.0,2,594,0.2999,0.000506
2026-09-10 11:33:56,SPX,7605.03,7685.23,7725.0,3783,744,0.2695,0.000506
2026-09-10 11:33:56,SPX,7605.03,7685.23,7485.0,2,2229,0.3075,0.000506
2026-09-10 11:33:56,SPX,7605.03,7685.23,7730.0,2122,254,0.2765,0.000506
2026-09-10 11:33:56,SPX,7605.03,7685.23,7605.0,53,767,0.1791,0.003244
2026-09-10 11:33:56,SPX,7605.03,7685.23,7610.0,139,1272,0.1775,0.003244
2026-09-10 11:33:56,SPX,7605.03,7685.23,7600.0,495,3257,0.1806,0.003244
2026-09-10 11:33:56,SPX,7605.03,7685.23,7615.0,76,610,0.1759,0.003244
2026-09-10 11:33:56,SPX,7605.03,7685.23,7595.0,106,612,0.1823,0.003244
2026-09-10 11:33:56,SPX,7605.03,7685.23,7620.0,272,1003,0.1745,0.003244
2026-09-10 11:33:56,SPX,7605.03,7685.23,7590.0,108,1446,0.1838,0.003244
2026-09-10 11:33:56,SPX,7605.03,7685.23,7625.0,274,2016,0.1732,0.003244
2026-09-10 11:33:56,SPX,7605.03,7685.23,7585.0,50,501,0.1858,0.003244
2026-09-10 11:33:56,SPX,7605.03,7685.23,7630.0,231,1698,0.1716,0.003244
2026-09-10 11:33:56,SPX,7605.03,7685.23,7580.0,115,2459,0.1869,0.003244
2026-09-10 11:33:56,SPX,7605.03,7685.23,7635.0,384,1160,0.1706,0.003244
2026-09-10 11:33:56,SPX,7605.03,7685.23,7575.0,317,1871,0.1887,0.003244
2026-09-10 11:33:56,SPX,7605.03,7685.23,7640.0,408,856,0.1691,0.003244
2026-09-10 11:33:56,SPX,7605.03,7685.23,7570.0,77,3351,0.1906,0.003244
2026-09-10 11:33:56,SPX,7605.03,7685.23,7645.0,350,2211,0.1679,0.003244
2026-09-10 11:33:56,SPX,7605.03,7685.23,7565.0,50,1039,0.1927,0.003244
2026-09-10 11:33:56,SPX,7605.03,7685.23,7650.0,1592,4439,0.167,0.003244
2026-09-10 11:33:56,SPX,7605.03,7685.23,7560.0,156,1520,0.1943,0.003244
2026-09-10 11:33:56,SPX,7605.03,7685.23,7655.0,365,1595,0.1658,0.003244
2026-09-10 11:33:56,SPX,7605.03,7685.23,7555.0,27,2091,0.1954,0.003244
2026-09-10 11:33:56,SPX,7605.03,7685.23,7660.0,485,1101,0.1649,0.003244
2026-09-10 11:33:56,SPX,7605.03,7685.23,7550.0,160,5859,0.1966,0.003244
2026-09-10 11:33:56,SPX,7605.03,7685.23,7665.0,411,1004,0.1641,0.003244
2026-09-10 11:33:56,SPX,7605.03,7685.23,7545.0,32,3306,0.1982,0.003244
2026-09-10 11:33:56,SPX,7605.03,7685.23,7670.0,497,663,0.1627,0.003244
2026-09-10 11:33:56,SPX,7605.03,7685.23,7540.0,249,1739,0.1999,0.003244
2026-09-10 11:33:56,SPX,7605.03,7685.23,7675.0,1054,1201,0.1612,0.003244
2026-09-10 11:33:56,SPX,7605.03,7685.23,7535.0,31,2178,0.2017,0.003244
2026-09-10 11:33:56,SPX,7605.03,7685.23,7680.0,974,1767,0.1599,0.003244
2026-09-10 11:33:56,SPX,7605.03,7685.23,7530.0,23,827,0.2033,0.003244
2026-09-10 11:33:56,SPX,7605.03,7685.23,7685.0,759,751,0.1588,0.003244
2026-09-10 11:33:56,SPX,7605.03,7685.23,7525.0,46,1865,0.205,0.003244
2026-09-10 11:33:56,SPX,7605.03,7685.23,7690.0,1225,1081,0.1579,0.003244
2026-09-10 11:33:56,SPX,7605.03,7685.23,7520.0,107,1169,0.2069,0.003244
2026-09-10 11:33:56,SPX,7605.03,7685.23,7695.0,960,576,0.1571,0.003244
2026-09-10 11:33:56,SPX,7605.03,7685.23,7515.0,16,706,0.2089,0.003244
2026-09-10 11:33:56,SPX,7605.03,7685.23,7700.0,4171,4330,0.1565,0.003244
2026-09-10 11:33:56,SPX,7605.03,7685.23,7510.0,29,1056,0.2109,0.003244
2026-09-10 11:33:56,SPX,7605.03,7685.23,7705.0,702,875,0.1561,0.003244
2026-09-10 11:33:56,SPX,7605.03,7685.23,7505.0,24,436,0.2125,0.003244
2026-09-10 11:33:56,SPX,7605.03,7685.23,7710.0,1089,1237,0.1559,0.003244
2026-09-10 11:33:56,SPX,7605.03,7685.23,7500.0,554,16515,0.2137,0.003244
2026-09-10 11:33:56,SPX,7605.03,7685.23,7715.0,926,1196,0.1559,0.003244
2026-09-10 11:33:56,SPX,7605.03,7685.23,7495.0,24,757,0.2148,0.003244
2026-09-10 11:33:56,SPX,7605.03,7685.23,7720.0,2852,585,0.156,0.003244
2026-09-10 11:33:56,SPX,7605.03,7685.23,7490.0,20,7501,0.2159,0.003244
2026-09-10 11:33:56,SPX,7605.03,7685.23,7725.0,2176,2328,0.1563,0.003244
2026-09-10 11:33:56,SPX,7605.03,7685.23,7485.0,24,865,0.2181,0.003244
2026-09-10 11:33:56,SPX,7605.03,7685.23,7730.0,1154,647,0.1566,0.003244
2026-09-10 11:33:56,SPX,7605.03,7685.23,7605.0,48,324,0.1214,0.011457
2026-09-10 11:33:56,SPX,7605.03,7685.23,7610.0,46,278,0.1202,0.011457
2026-09-10 11:33:56,SPX,7605.03,7685.23,7600.0,132,1587,0.1225,0.011457
2026-09-10 11:33:56,SPX,7605.03,7685.23,7615.0,48,199,0.1191,0.011457
2026-09-10 11:33:56,SPX,7605.03,7685.23,7595.0,30,232,0.1237,0.011457
2026-09-10 11:33:56,SPX,7605.03,7685.23,7620.0,65,559,0.1179,0.011457
2026-09-10 11:33:56,SPX,7605.03,7685.23,7590.0,20,861,0.125,0.011457
2026-09-10 11:33:56,SPX,7605.03,7685.23,7625.0,75,387,0.117,0.011457
2026-09-10 11:33:56,SPX,7605.03,7685.23,7585.0,94,511,0.1263,0.011457
2026-09-10 11:33:56,SPX,7605.03,7685.23,7630.0,148,331,0.116,0.011457
2026-09-10 11:33:56,SPX,7605.03,7685.23,7580.0,26,1612,0.1273,0.011457
2026-09-10 11:33:56,SPX,7605.03,7685.23,7635.0,65,215,0.1151,0.011457
2026-09-10 11:33:56,SPX,7605.03,7685.23,7575.0,213,528,0.1285,0.011457
2026-09-10 11:33:56,SPX,7605.03,7685.23,7640.0,69,313,0.1143,0.011457
2026-09-10 11:33:56,SPX,7605.03,7685.23,7570.0,27,225,0.1296,0.011457
2026-09-10 11:33:56,SPX,7605.03,7685.23,7645.0,121,383,0.1133,0.011457
2026-09-10 11:33:56,SPX,7605.03,7685.23,7565.0,22,243,0.1307,0.011457
2026-09-10 11:33:56,SPX,7605.03,7685.23,7650.0,337,513,0.1124,0.011457
2026-09-10 11:33:56,SPX,7605.03,7685.23,7560.0,28,251,0.1319,0.011457
2026-09-10 11:33:56,SPX,7605.03,7685.23,7655.0,83,181,0.1114,0.011457
2026-09-10 11:33:56,SPX,7605.03,7685.23,7555.0,19,139,0.1331,0.011457
2026-09-10 11:33:56,SPX,7605.03,7685.23,7660.0,69,141,0.1104,0.011457
2026-09-10 11:33:56,SPX,7605.03,7685.23,7550.0,56,603,0.1342,0.011457
2026-09-10 11:33:56,SPX,7605.03,7685.23,7665.0,165,153,0.1094,0.011457
2026-09-10 11:33:56,SPX,7605.03,7685.23,7545.0,10,814,0.1356,0.011457
2026-09-10 11:33:56,SPX,7605.03,7685.23,7670.0,147,256,0.1085,0.011457
2026-09-10 11:33:56,SPX,7605.03,7685.23,7540.0,2,522,0.1371,0.011457
2026-09-10 11:33:56,SPX,7605.03,7685.23,7675.0,869,1302,0.1077,0.011457
2026-09-10 11:33:56,SPX,7605.03,7685.23,7535.0,0,1430,0.1385,0.011457
2026-09-10 11:33:56,SPX,7605.03,7685.23,7680.0,425,296,0.107,0.011457
2026-09-10 11:33:56,SPX,7605.03,7685.23,7530.0,2,1614,0.1398,0.011457
2026-09-10 11:33:56,SPX,7605.03,7685.23,7685.0,157,215,0.1064,0.011457
2026-09-10 11:33:56,SPX,7605.03,7685.23,7525.0,28,1529,0.1411,0.011457
2026-09-10 11:33:56,SPX,7605.03,7685.23,7690.0,409,246,0.1058,0.011457
2026-09-10 11:33:56,SPX,7605.03,7685.23,7520.0,7,395,0.1423,0.011457
2026-09-10 11:33:56,SPX,7605.03,7685.23,7695.0,241,80,0.1052,0.011457
2026-09-10 11:33:56,SPX,7605.03,7685.23,7515.0,3,178,0.1435,0.011457
2026-09-10 11:33:56,SPX,7605.03,7685.23,7700.0,1421,1784,0.1047,0.011457
2026-09-10 11:33:56,SPX,7605.03,7685.23,7510.0,24,144,0.1446,0.011457
2026-09-10 11:33:56,SPX,7605.03,7685.23,7705.0,445,1541,0.1041,0.011457
2026-09-10 11:33:56,SPX,7605.03,7685.23,7505.0,1,270,0.1457,0.011457
2026-09-10 11:33:56,SPX,7605.03,7685.23,7710.0,298,268,0.1034,0.011457
2026-09-10 11:33:56,SPX,7605.03,7685.23,7500.0,114,6861,0.1468,0.011457
2026-09-10 11:33:56,SPX,7605.03,7685.23,7715.0,115,62,0.1028,0.011457
2026-09-10 11:33:56,SPX,7605.03,7685.23,7495.0,1,224,0.148,0.011457
2026-09-10 11:33:56,SPX,7605.03,7685.23,7720.0,2727,112,0.1022,0.011457
2026-09-10 11:33:56,SPX,7605.03,7685.23,7490.0,6,500,0.1492,0.011457
2026-09-10 11:33:56,SPX,7605.03,7685.23,7725.0,1623,256,0.1016,0.011457
2026-09-10 11:33:56,SPX,7605.03,7685.23,7485.0,3,173,0.1505,0.011457
2026-09-10 11:33:56,SPX,7605.03,7685.23,7730.0,2370,1576,0.1011,0.011457
2026-09-10 12:04:24,SPX,7599.5,7715.79,7600.0,1381,5308,0.1504,0.000448
2026-09-10 12:04:24,SPX,7599.5,7715.79,7595.0,1096,2365,0.1551,0.000448
2026-09-10 12:04:24,SPX,7599.5,7715.79,7605.0,144,767,0.1464,0.000448
2026-09-10 12:04:24,SPX,7599.5,7715.79,7590.0,229,1906,0.16,0.000448
2026-09-10 12:04:24,SPX,7599.5,7715.79,7610.0,172,1556,0.1434,0.000448
2026-09-10 12:04:24,SPX,7599.5,7715.79,7585.0,183,1120,0.164,0.000448
2026-09-10 12:04:24,SPX,7599.5,7715.79,7615.0,111,1403,0.1396,0.000448
2026-09-10 12:04:24,SPX,7599.5,7715.79,7580.0,73,2005,0.1689,0.000448
2026-09-10 12:04:24,SPX,7599.5,7715.79,7620.0,167,1667,0.1386,0.000448
2026-09-10 12:04:24,SPX,7599.5,7715.79,7575.0,32,2329,0.1738,0.000448
2026-09-10 12:04:24,SPX,7599.5,7715.79,7625.0,338,1295,0.1384,0.000448
2026-09-10 12:04:24,SPX,7599.5,7715.79,7570.0,16,872,0.1795,0.000448
2026-09-10 12:04:24,SPX,7599.5,7715.79,7630.0,527,1344,0.1399,0.000448
2026-09-10 12:04:24,SPX,7599.5,7715.79,7565.0,49,1220,0.1843,0.000448
2026-09-10 12:04:24,SPX,7599.5,7715.79,7635.0,955,829,0.1425,0.000448
2026-09-10 12:04:24,SPX,7599.5,7715.79,7560.0,44,1422,0.1909,0.000448
2026-09-10 12:04:24,SPX,7599.5,7715.79,7640.0,1437,1689,0.1462,0.000448
2026-09-10 12:04:24,SPX,7599.5,7715.79,7555.0,23,2048,0.1959,0.000448
2026-09-10 12:04:24,SPX,7599.5,7715.79,7645.0,1038,1022,0.1511,0.000448
2026-09-10 12:04:24,SPX,7599.5,7715.79,7550.0,52,2961,0.2038,0.000448
2026-09-10 12:04:24,SPX,7599.5,7715.79,7650.0,1588,1410,0.1574,0.000448
2026-09-10 12:04:24,SPX,7599.5,7715.79,7545.0,3,1885,0.2114,0.000448
2026-09-10 12:04:24,SPX,7599.5,7715.79,7655.0,644,519,0.1648,0.000448
2026-09-10 12:04:24,SPX,7599.5,7715.79,7540.0,46,2032,0.2197,0.000448
2026-09-10 12:04:24,SPX,7599.5,7715.79,7660.0,1368,849,0.1727,0.000448
2026-09-10 12:04:24,SPX,7599.5,7715.79,7535.0,11,1760,0.2263,0.000448
2026-09-10 12:04:24,SPX,7599.5,7715.79,7665.0,840,615,0.181,0.000448
2026-09-10 12:04:24,SPX,7599.5,7715.79,7530.0,51,3730,0.234,0.000448
2026-09-10 12:04:24,SPX,7599.5,7715.79,7670.0,986,715,0.19,0.000448
2026-09-10 12:04:24,SPX,7599.5,7715.79,7525.0,137,4075,0.2413,0.000448
2026-09-10 12:04:24,SPX,7599.5,7715.79,7675.0,2059,1395,0.1993,0.000448
2026-09-10 12:04:24,SPX,7599.5,7715.79,7520.0,84,3768,0.2477,0.000448
2026-09-10 12:04:24,SPX,7599.5,7715.79,7680.0,3347,1095,0.209,0.000448
2026-09-10 12:04:24,SPX,7599.5,7715.79,7515.0,4,1161,0.2559,0.000448
2026-09-10 12:04:24,SPX,7599.5,7715.79,7685.0,1785,532,0.2188,0.000448
2026-09-10 12:04:24,SPX,7599.5,7715.79,7510.0,14,1217,0.267,0.000448
2026-09-10 12:04:24,SPX,7599.5,7715.79,7690.0,1650,625,0.2288,0.000448
2026-09-10 12:04:24,SPX,7599.5,7715.79,7505.0,13,877,0.2786,0.000448
2026-09-10 12:04:24,SPX,7599.5,7715.79,7695.0,957,313,0.2388,0.000448
2026-09-10 12:04:24,SPX,7599.5,7715.79,7500.0,118,3557,0.2896,0.000448
2026-09-10 12:04:24,SPX,7599.5,7715.79,7700.0,3133,2015,0.2487,0.000448
2026-09-10 12:04:24,SPX,7599.5,7715.79,7495.0,4,950,0.2997,0.000448
2026-09-10 12:04:24,SPX,7599.5,7715.79,7705.0,1432,539,0.2583,0.000448
2026-09-10 12:04:24,SPX,7599.5,7715.79,7490.0,2,594,0.309,0.000448
2026-09-10 12:04:24,SPX,7599.5,7715.79,7710.0,1867,487,0.2675,0.000448
2026-09-10 12:04:24,SPX,7599.5,7715.79,7485.0,2,2229,0.3177,0.000448
2026-09-10 12:04:24,SPX,7599.5,7715.79,7715.0,1746,707,0.2762,0.000448
2026-09-10 12:04:24,SPX,7599.5,7715.79,7480.0,2,1022,0.326,0.000448
2026-09-10 12:04:24,SPX,7599.5,7715.79,7720.0,1926,448,0.2844,0.000448
2026-09-10 12:04:24,SPX,7599.5,7715.79,7475.0,25,8874,0.3342,0.000448
2026-09-10 12:04:24,SPX,7599.5,7715.79,7600.0,495,3257,0.1815,0.003186
2026-09-10 12:04:24,SPX,7599.5,7715.79,7595.0,106,612,0.183,0.003186
2026-09-10 12:04:24,SPX,7599.5,7715.79,7605.0,53,767,0.1798,0.003186
2026-09-10 12:04:24,SPX,7599.5,7715.79,7590.0,108,1446,0.1851,0.003186
2026-09-10 12:04:24,SPX,7599.5,7715.79,7610.0,139,1272,0.1785,0.003186
2026-09-10 12:04:24,SPX,7599.5,7715.79,7585.0,50,501,0.1862,0.003186
2026-09-10 12:04:24,SPX,7599.5,7715.79,7615.0,76,610,0.1768,0.003186
2026-09-10 12:04:24,SPX,7599.5,7715.79,7580.0,115,2459,0.189,0.003186
2026-09-10 12:04:24,SPX,7599.5,7715.79,7620.0,272,1003,0.1754,0.003186
2026-09-10 12:04:24,SPX,7599.5,7715.79,7575.0,317,1871,0.1908,0.003186
2026-09-10 12:04:24,SPX,7599.5,7715.79,7625.0,274,2016,0.1739,0.003186
2026-09-10 12:04:24,SPX,7599.5,7715.79,7570.0,77,3351,0.1919,0.003186
2026-09-10 12:04:24,SPX,7599.5,7715.79,7630.0,231,1698,0.1726,0.003186
2026-09-10 12:04:24,SPX,7599.5,7715.79,7565.0,50,1039,0.193,0.003186
2026-09-10 12:04:24,SPX,7599.5,7715.79,7635.0,384,1160,0.1714,0.003186
2026-09-10 12:04:24,SPX,7599.5,7715.79,7560.0,156,1520,0.1947,0.003186
2026-09-10 12:04:24,SPX,7599.5,7715.79,7640.0,408,856,0.1704,0.003186
2026-09-10 12:04:24,SPX,7599.5,7715.79,7555.0,27,2091,0.1968,0.003186
2026-09-10 12:04:24,SPX,7599.5,7715.79,7645.0,350,2211,0.1693,0.003186
2026-09-10 12:04:24,SPX,7599.5,7715.79,7550.0,160,5859,0.1988,0.003186
2026-09-10 12:04:24,SPX,7599.5,7715.79,7650.0,1592,4439,0.1678,0.003186
2026-09-10 12:04:24,SPX,7599.5,7715.79,7545.0,32,3306,0.2004,0.003186
2026-09-10 12:04:24,SPX,7599.5,7715.79,7655.0,365,1595,0.1662,0.003186
2026-09-10 12:04:24,SPX,7599.5,7715.79,7540.0,249,1739,0.2018,0.003186
2026-09-10 12:04:24,SPX,7599.5,7715.79,7660.0,485,1101,0.1647,0.003186
2026-09-10 12:04:24,SPX,7599.5,7715.79,7535.0,31,2178,0.2029,0.003186
2026-09-10 12:04:24,SPX,7599.5,7715.79,7665.0,411,1004,0.1633,0.003186
2026-09-10 12:04:24,SPX,7599.5,7715.79,7530.0,23,827,0.2041,0.003186
2026-09-10 12:04:24,SPX,7599.5,7715.79,7670.0,497,663,0.1621,0.003186
2026-09-10 12:04:24,SPX,7599.5,7715.79,7525.0,46,1865,0.2058,0.003186
2026-09-10 12:04:24,SPX,7599.5,7715.79,7675.0,1054,1201,0.1611,0.003186
2026-09-10 12:04:24,SPX,7599.5,7715.79,7520.0,107,1169,0.2083,0.003186
2026-09-10 12:04:24,SPX,7599.5,7715.79,7680.0,974,1767,0.1603,0.003186
2026-09-10 12:04:24,SPX,7599.5,7715.79,7515.0,16,706,0.2103,0.003186
2026-09-10 12:04:24,SPX,7599.5,7715.79,7685.0,759,751,0.1596,0.003186
2026-09-10 12:04:24,SPX,7599.5,7715.79,7510.0,29,1056,0.2111,0.003186
2026-09-10 12:04:24,SPX,7599.5,7715.79,7690.0,1225,1081,0.159,0.003186
2026-09-10 12:04:24,SPX,7599.5,7715.79,7505.0,24,436,0.2117,0.003186
2026-09-10 12:04:24,SPX,7599.5,7715.79,7695.0,960,576,0.1585,0.003186
2026-09-10 12:04:24,SPX,7599.5,7715.79,7500.0,554,16515,0.2143,0.003186
2026-09-10 12:04:24,SPX,7599.5,7715.79,7700.0,4171,4330,0.1581,0.003186
2026-09-10 12:04:24,SPX,7599.5,7715.79,7495.0,24,757,0.2149,0.003186
2026-09-10 12:04:24,SPX,7599.5,7715.79,7705.0,702,875,0.1579,0.003186
2026-09-10 12:04:24,SPX,7599.5,7715.79,7490.0,20,7501,0.2158,0.003186
2026-09-10 12:04:24,SPX,7599.5,7715.79,7710.0,1089,1237,0.1577,0.003186
2026-09-10 12:04:24,SPX,7599.5,7715.79,7485.0,24,865,0.2174,0.003186
2026-09-10 12:04:24,SPX,7599.5,7715.79,7715.0,926,1196,0.1578,0.003186
2026-09-10 12:04:24,SPX,7599.5,7715.79,7480.0,48,1400,0.22,0.003186
2026-09-10 12:04:24,SPX,7599.5,7715.79,7720.0,2852,585,0.1579,0.003186
2026-09-10 12:04:24,SPX,7599.5,7715.79,7475.0,177,1665,0.2208,0.003186
2026-09-10 12:04:24,SPX,7599.5,7715.79,7600.0,132,1587,0.1234,0.011399
2026-09-10 12:04:24,SPX,7599.5,7715.79,7595.0,30,232,0.1246,0.011399
2026-09-10 12:04:24,SPX,7599.5,7715.79,7605.0,48,324,0.1221,0.011399
2026-09-10 12:04:24,SPX,7599.5,7715.79,7590.0,20,861,0.1258,0.011399
2026-09-10 12:04:24,SPX,7599.5,7715.79,7610.0,46,278,0.121,0.011399
2026-09-10 12:04:24,SPX,7599.5,7715.79,7585.0,94,511,0.1272,0.011399
2026-09-10 12:04:24,SPX,7599.5,7715.79,7615.0,48,199,0.1199,0.011399
2026-09-10 12:04:24,SPX,7599.5,7715.79,7580.0,26,1612,0.1285,0.011399
2026-09-10 12:04:24,SPX,7599.5,7715.79,7620.0,65,559,0.119,0.011399
2026-09-10 12:04:24,SPX,7599.5,7715.79,7575.0,213,528,0.1292,0.011399
2026-09-10 12:04:24,SPX,7599.5,7715.79,7625.0,75,387,0.118,0.011399
2026-09-10 12:04:24,SPX,7599.5,7715.79,7570.0,27,225,0.1302,0.011399
2026-09-10 12:04:24,SPX,7599.5,7715.79,7630.0,148,331,0.1171,0.011399
2026-09-10 12:04:24,SPX,7599.5,7715.79,7565.0,22,243,0.1319,0.011399
2026-09-10 12:04:24,SPX,7599.5,7715.79,7635.0,65,215,0.1162,0.011399
2026-09-10 12:04:24,SPX,7599.5,7715.79,7560.0,28,251,0.133,0.011399
2026-09-10 12:04:24,SPX,7599.5,7715.79,7640.0,69,313,0.1153,0.011399
2026-09-10 12:04:24,SPX,7599.5,7715.79,7555.0,19,139,0.1341,0.011399
2026-09-10 12:04:24,SPX,7599.5,7715.79,7645.0,121,383,0.1143,0.011399
2026-09-10 12:04:24,SPX,7599.5,7715.79,7550.0,56,603,0.1352,0.011399
2026-09-10 12:04:24,SPX,7599.5,7715.79,7650.0,337,513,0.1132,0.011399
2026-09-10 12:04:24,SPX,7599.5,7715.79,7545.0,10,814,0.1364,0.011399
2026-09-10 12:04:24,SPX,7599.5,7715.79,7655.0,83,181,0.1121,0.011399
2026-09-10 12:04:24,SPX,7599.5,7715.79,7540.0,2,522,0.1378,0.011399
2026-09-10 12:04:24,SPX,7599.5,7715.79,7660.0,69,141,0.1109,0.011399
2026-09-10 12:04:24,SPX,7599.5,7715.79,7535.0,0,1430,0.1393,0.011399
2026-09-10 12:04:24,SPX,7599.5,7715.79,7665.0,165,153,0.1099,0.011399
2026-09-10 12:04:24,SPX,7599.5,7715.79,7530.0,2,1614,0.1407,0.011399
2026-09-10 12:04:24,SPX,7599.5,7715.79,7670.0,147,256,0.1089,0.011399
2026-09-10 12:04:24,SPX,7599.5,7715.79,7525.0,28,1529,0.142,0.011399
2026-09-10 12:04:24,SPX,7599.5,7715.79,7675.0,869,1302,0.1081,0.011399
2026-09-10 12:04:24,SPX,7599.5,7715.79,7520.0,7,395,0.1433,0.011399
2026-09-10 12:04:24,SPX,7599.5,7715.79,7680.0,425,296,0.1074,0.011399
2026-09-10 12:04:24,SPX,7599.5,7715.79,7515.0,3,178,0.1446,0.011399
2026-09-10 12:04:24,SPX,7599.5,7715.79,7685.0,157,215,0.1068,0.011399
2026-09-10 12:04:24,SPX,7599.5,7715.79,7510.0,24,144,0.1458,0.011399
2026-09-10 12:04:24,SPX,7599.5,7715.79,7690.0,409,246,0.1062,0.011399
2026-09-10 12:04:24,SPX,7599.5,7715.79,7505.0,1,270,0.1469,0.011399
2026-09-10 12:04:24,SPX,7599.5,7715.79,7695.0,241,80,0.1056,0.011399
2026-09-10 12:04:24,SPX,7599.5,7715.79,7500.0,114,6861,0.148,0.011399
2026-09-10 12:04:24,SPX,7599.5,7715.79,7700.0,1421,1784,0.105,0.011399
2026-09-10 12:04:24,SPX,7599.5,7715.79,7495.0,1,224,0.1491,0.011399
2026-09-10 12:04:24,SPX,7599.5,7715.79,7705.0,445,1541,0.1044,0.011399
2026-09-10 12:04:24,SPX,7599.5,7715.79,7490.0,6,500,0.1503,0.011399
2026-09-10 12:04:24,SPX,7599.5,7715.79,7710.0,298,268,0.1038,0.011399
2026-09-10 12:04:24,SPX,7599.5,7715.79,7485.0,3,173,0.1516,0.011399
2026-09-10 12:04:24,SPX,7599.5,7715.79,7715.0,115,62,0.1033,0.011399
2026-09-10 12:04:24,SPX,7599.5,7715.79,7480.0,3,285,0.1529,0.011399
2026-09-10 12:04:24,SPX,7599.5,7715.79,7720.0,2727,112,0.1027,0.011399
2026-09-10 12:04:24,SPX,7599.5,7715.79,7475.0,40,570,0.1542,0.011399
2026-09-10 12:34:47,SPX,7596.01,7694.85,7595.0,1096,2365,0.1492,0.00039
2026-09-10 12:34:47,SPX,7596.01,7694.85,7600.0,1381,5308,0.145,0.00039
2026-09-10 12:34:47,SPX,7596.01,7694.85,7590.0,229,1906,0.1537,0.00039
2026-09-10 12:34:47,SPX,7596.01,7694.85,7605.0,144,767,0.1422,0.00039
2026-09-10 12:34:47,SPX,7596.01,7694.85,7585.0,183,1120,0.1558,0.00039
2026-09-10 12:34:47,SPX,7596.01,7694.85,7610.0,172,1556,0.1428,0.00039
2026-09-10 12:34:47,SPX,7596.01,7694.85,7580.0,73,2005,0.1623,0.00039
2026-09-10 12:34:47,SPX,7596.01,7694.85,7615.0,111,1403,0.1423,0.00039
2026-09-10 12:34:47,SPX,7596.01,7694.85,7575.0,32,2329,0.1668,0.00039
2026-09-10 12:34:47,SPX,7596.01,7694.85,7620.0,167,1667,0.1426,0.00039
2026-09-10 12:34:47,SPX,7596.01,7694.85,7570.0,16,872,0.1724,0.00039
2026-09-10 12:34:47,SPX,7596.01,7694.85,7625.0,338,1295,0.1447,0.00039
2026-09-10 12:34:47,SPX,7596.01,7694.85,7565.0,49,1220,0.1777,0.00039
2026-09-10 12:34:47,SPX,7596.01,7694.85,7630.0,527,1344,0.1474,0.00039
2026-09-10 12:34:47,SPX,7596.01,7694.85,7560.0,44,1422,0.1838,0.00039
2026-09-10 12:34:47,SPX,7596.01,7694.85,7635.0,955,829,0.1526,0.00039
2026-09-10 12:34:47,SPX,7596.01,7694.85,7555.0,23,2048,0.1877,0.00039
2026-09-10 12:34:47,SPX,7596.01,7694.85,7640.0,1437,1689,0.1578,0.00039
2026-09-10 12:34:47,SPX,7596.01,7694.85,7550.0,52,2961,0.1981,0.00039
2026-09-10 12:34:47,SPX,7596.01,7694.85,7645.0,1038,1022,0.1631,0.00039
2026-09-10 12:34:47,SPX,7596.01,7694.85,7545.0,3,1885,0.2023,0.00039
2026-09-10 12:34:47,SPX,7596.01,7694.85,7650.0,1588,1410,0.1695,0.00039
2026-09-10 12:34:47,SPX,7596.01,7694.85,7540.0,46,2032,0.2128,0.00039
2026-09-10 12:34:47,SPX,7596.01,7694.85,7655.0,644,519,0.1777,0.00039
2026-09-10 12:34:47,SPX,7596.01,7694.85,7535.0,11,1760,0.2226,0.00039
2026-09-10 12:34:47,SPX,7596.01,7694.85,7660.0,1368,849,0.1865,0.00039
2026-09-10 12:34:47,SPX,7596.01,7694.85,7530.0,51,3730,0.2301,0.00039
2026-09-10 12:34:47,SPX,7596.01,7694.85,7665.0,840,615,0.1958,0.00039
2026-09-10 12:34:47,SPX,7596.01,7694.85,7525.0,137,4075,0.2382,0.00039
2026-09-10 12:34:47,SPX,7596.01,7694.85,7670.0,986,715,0.2058,0.00039
2026-09-10 12:34:47,SPX,7596.01,7694.85,7520.0,84,3768,0.2483,0.00039
2026-09-10 12:34:47,SPX,7596.01,7694.85,7675.0,2059,1395,0.2164,0.00039
2026-09-10 12:34:47,SPX,7596.01,7694.85,7515.0,4,1161,0.2586,0.00039
2026-09-10 12:34:47,SPX,7596.01,7694.85,7680.0,3347,1095,0.2276,0.00039
2026-09-10 12:34:47,SPX,7596.01,7694.85,7510.0,14,1217,0.27,0.00039
2026-09-10 12:34:47,SPX,7596.01,7694.85,7685.0,1785,532,0.2392,0.00039
2026-09-10 12:34:47,SPX,7596.01,7694.85,7505.0,13,877,0.2819,0.00039
2026-09-10 12:34:47,SPX,7596.01,7694.85,7690.0,1650,625,0.2509,0.00039
2026-09-10 12:34:47,SPX,7596.01,7694.85,7500.0,118,3557,0.2931,0.00039
2026-09-10 12:34:47,SPX,7596.01,7694.85,7695.0,957,313,0.2624,0.00039
2026-09-10 12:34:47,SPX,7596.01,7694.85,7495.0,4,950,0.3035,0.00039
2026-09-10 12:34:47,SPX,7596.01,7694.85,7700.0,3133,2015,0.2734,0.00039
2026-09-10 12:34:47,SPX,7596.01,7694.85,7490.0,2,594,0.3136,0.00039
2026-09-10 12:34:47,SPX,7596.01,7694.85,7705.0,1432,539,0.2838,0.00039
2026-09-10 12:34:47,SPX,7596.01,7694.85,7485.0,2,2229,0.3235,0.00039
2026-09-10 12:34:47,SPX,7596.01,7694.85,7710.0,1867,487,0.2935,0.00039
2026-09-10 12:34:47,SPX,7596.01,7694.85,7480.0,2,1022,0.333,0.00039
2026-09-10 12:34:47,SPX,7596.01,7694.85,7715.0,1746,707,0.3023,0.00039
2026-09-10 12:34:47,SPX,7596.01,7694.85,7475.0,25,8874,0.3421,0.00039
2026-09-10 12:34:47,SPX,7596.01,7694.85,7720.0,1926,448,0.3103,0.00039
2026-09-10 12:34:47,SPX,7596.01,7694.85,7595.0,106,612,0.1835,0.003128
2026-09-10 12:34:47,SPX,7596.01,7694.85,7600.0,495,3257,0.182,0.003128
2026-09-10 12:34:47,SPX,7596.01,7694.85,7590.0,108,1446,0.1851,0.003128
2026-09-10 12:34:47,SPX,7596.01,7694.85,7605.0,53,767,0.1806,0.003128
2026-09-10 12:34:47,SPX,7596.01,7694.85,7585.0,50,501,0.1865,0.003128
2026-09-10 12:34:47,SPX,7596.01,7694.85,7610.0,139,1272,0.1788,0.003128
2026-09-10 12:34:47,SPX,7596.01,7694.85,7580.0,115,2459,0.1884,0.003128
2026-09-10 12:34:47,SPX,7596.01,7694.85,7615.0,76,610,0.1774,0.003128
2026-09-10 12:34:47,SPX,7596.01,7694.85,7575.0,317,1871,0.1893,0.003128
2026-09-10 12:34:47,SPX,7596.01,7694.85,7620.0,272,1003,0.176,0.003128
2026-09-10 12:34:47,SPX,7596.01,7694.85,7570.0,77,3351,0.1917,0.003128
2026-09-10 12:34:47,SPX,7596.01,7694.85,7625.0,274,2016,0.1749,0.003128
2026-09-10 12:34:47,SPX,7596.01,7694.85,7565.0,50,1039,0.1934,0.003128
2026-09-10 12:34:47,SPX,7596.01,7694.85,7630.0,231,1698,0.1737,0.003128
2026-09-10 12:34:47,SPX,7596.01,7694.85,7560.0,156,1520,0.1947,0.003128
2026-09-10 12:34:47,SPX,7596.01,7694.85,7635.0,384,1160,0.1728,0.003128
2026-09-10 12:34:47,SPX,7596.01,7694.85,7555.0,27,2091,0.1958,0.003128
2026-09-10 12:34:47,SPX,7596.01,7694.85,7640.0,408,856,0.1719,0.003128
2026-09-10 12:34:47,SPX,7596.01,7694.85,7550.0,160,5859,0.1972,0.003128
2026-09-10 12:34:47,SPX,7596.01,7694.85,7645.0,350,2211,0.1709,0.003128
2026-09-10 12:34:47,SPX,7596.01,7694.85,7545.0,32,3306,0.1989,0.003128
2026-09-10 12:34:47,SPX,7596.01,7694.85,7655.0,365,0,0.1689,0.003128
2026-09-10 12:34:47,SPX,7596.01,7694.85,7535.0,31,2178,0.2022,0.003128
2026-09-10 12:34:47,SPX,7596.01,7694.85,7660.0,485,1101,0.1676,0.003128
2026-09-10 12:34:47,SPX,7596.01,7694.85,7530.0,23,827,0.2037,0.003128
2026-09-10 12:34:47,SPX,7596.01,7694.85,7665.0,411,1004,0.1665,0.003128
2026-09-10 12:34:47,SPX,7596.01,7694.85,7525.0,46,1865,0.2053,0.003128
2026-09-10 12:34:47,SPX,7596.01,7694.85,7670.0,497,663,0.1656,0.003128
2026-09-10 12:34:47,SPX,7596.01,7694.85,7520.0,107,1169,0.2072,0.003128
2026-09-10 12:34:47,SPX,7596.01,7694.85,7675.0,1054,1201,0.165,0.003128
2026-09-10 12:34:47,SPX,7596.01,7694.85,7515.0,16,706,0.2092,0.003128
2026-09-10 12:34:47,SPX,7596.01,7694.85,7680.0,974,1767,0.1645,0.003128
2026-09-10 12:34:47,SPX,7596.01,7694.85,7510.0,29,1056,0.211,0.003128
2026-09-10 12:34:47,SPX,7596.01,7694.85,7685.0,759,751,0.164,0.003128
2026-09-10 12:34:47,SPX,7596.01,7694.85,7505.0,24,436,0.2128,0.003128
2026-09-10 12:34:47,SPX,7596.01,7694.85,7690.0,1225,1081,0.1637,0.003128
2026-09-10 12:34:47,SPX,7596.01,7694.85,7500.0,554,16515,0.2138,0.003128
2026-09-10 12:34:47,SPX,7596.01,7694.85,7695.0,960,576,0.1637,0.003128
2026-09-10 12:34:47,SPX,7596.01,7694.85,7495.0,24,757,0.2145,0.003128
2026-09-10 12:34:47,SPX,7596.01,7694.85,7700.0,4171,4330,0.1637,0.003128
2026-09-10 12:34:47,SPX,7596.01,7694.85,7490.0,20,7501,0.2174,0.003128
2026-09-10 12:34:47,SPX,7596.01,7694.85,7705.0,702,875,0.1638,0.003128
2026-09-10 12:34:47,SPX,7596.01,7694.85,7485.0,24,865,0.2188,0.003128
2026-09-10 12:34:47,SPX,7596.01,7694.85,7710.0,1089,1237,0.164,0.003128
2026-09-10 12:34:47,SPX,7596.01,7694.85,7480.0,48,1400,0.2202,0.003128
2026-09-10 12:34:47,SPX,7596.01,7694.85,7715.0,926,1196,0.1643,0.003128
2026-09-10 12:34:47,SPX,7596.01,7694.85,7475.0,177,1665,0.2218,0.003128
2026-09-10 12:34:47,SPX,7596.01,7694.85,7720.0,2852,585,0.1647,0.003128
2026-09-10 12:34:47,SPX,7596.01,7694.85,7595.0,30,232,0.1249,0.011342
2026-09-10 12:34:47,SPX,7596.01,7694.85,7600.0,132,1587,0.1235,0.011342
2026-09-10 12:34:47,SPX,7596.01,7694.85,7590.0,20,861,0.1261,0.011342
2026-09-10 12:34:47,SPX,7596.01,7694.85,7605.0,48,324,0.1224,0.011342
2026-09-10 12:34:47,SPX,7596.01,7694.85,7585.0,94,511,0.1276,0.011342
2026-09-10 12:34:47,SPX,7596.01,7694.85,7610.0,46,278,0.1212,0.011342
2026-09-10 12:34:47,SPX,7596.01,7694.85,7580.0,26,1612,0.1285,0.011342
2026-09-10 12:34:47,SPX,7596.01,7694.85,7615.0,48,199,0.1202,0.011342
2026-09-10 12:34:47,SPX,7596.01,7694.85,7575.0,213,528,0.1296,0.011342
2026-09-10 12:34:47,SPX,7596.01,7694.85,7620.0,65,559,0.1194,0.011342
2026-09-10 12:34:47,SPX,7596.01,7694.85,7570.0,27,225,0.1308,0.011342
2026-09-10 12:34:47,SPX,7596.01,7694.85,7625.0,75,387,0.1184,0.011342
2026-09-10 12:34:47,SPX,7596.01,7694.85,7565.0,22,243,0.1318,0.011342
2026-09-10 12:34:47,SPX,7596.01,7694.85,7630.0,148,331,0.1176,0.011342
2026-09-10 12:34:47,SPX,7596.01,7694.85,7560.0,28,251,0.133,0.011342
2026-09-10 12:34:47,SPX,7596.01,7694.85,7635.0,65,215,0.1167,0.011342
2026-09-10 12:34:47,SPX,7596.01,7694.85,7555.0,19,139,0.1341,0.011342
2026-09-10 12:34:47,SPX,7596.01,7694.85,7640.0,69,313,0.1159,0.011342
2026-09-10 12:34:47,SPX,7596.01,7694.85,7550.0,56,603,0.1353,0.011342
2026-09-10 12:34:47,SPX,7596.01,7694.85,7645.0,121,383,0.1149,0.011342
2026-09-10 12:34:47,SPX,7596.01,7694.85,7545.0,10,814,0.1366,0.011342
2026-09-10 12:34:47,SPX,7596.01,7694.85,7650.0,337,513,0.1138,0.011342
2026-09-10 12:34:47,SPX,7596.01,7694.85,7540.0,2,522,0.1378,0.011342
2026-09-10 12:34:47,SPX,7596.01,7694.85,7655.0,83,181,0.1127,0.011342
2026-09-10 12:34:47,SPX,7596.01,7694.85,7535.0,0,1430,0.1392,0.011342
2026-09-10 12:34:47,SPX,7596.01,7694.85,7660.0,69,141,0.1132,0.011342
2026-09-10 12:34:47,SPX,7596.01,7694.85,7530.0,2,1614,0.1419,0.011342
2026-09-10 12:34:47,SPX,7596.01,7694.85,7665.0,165,153,0.1125,0.011342
2026-09-10 12:34:47,SPX,7596.01,7694.85,7525.0,28,1529,0.1431,0.011342
2026-09-10 12:34:47,SPX,7596.01,7694.85,7670.0,147,256,0.1119,0.011342
2026-09-10 12:34:47,SPX,7596.01,7694.85,7520.0,7,395,0.1442,0.011342
2026-09-10 12:34:47,SPX,7596.01,7694.85,7675.0,869,1302,0.1113,0.011342
2026-09-10 12:34:47,SPX,7596.01,7694.85,7515.0,3,178,0.1452,0.011342
2026-09-10 12:34:47,SPX,7596.01,7694.85,7680.0,425,296,0.1107,0.011342
2026-09-10 12:34:47,SPX,7596.01,7694.85,7510.0,24,144,0.1463,0.011342
2026-09-10 12:34:47,SPX,7596.01,7694.85,7685.0,157,215,0.11,0.011342
2026-09-10 12:34:47,SPX,7596.01,7694.85,7505.0,1,270,0.1474,0.011342
2026-09-10 12:34:47,SPX,7596.01,7694.85,7690.0,409,246,0.1094,0.011342
2026-09-10 12:34:47,SPX,7596.01,7694.85,7500.0,114,6861,0.1486,0.011342
2026-09-10 12:34:47,SPX,7596.01,7694.85,7695.0,241,80,0.1087,0.011342
2026-09-10 12:34:47,SPX,7596.01,7694.85,7495.0,1,224,0.1498,0.011342
2026-09-10 12:34:47,SPX,7596.01,7694.85,7700.0,1421,1784,0.108,0.011342
2026-09-10 12:34:47,SPX,7596.01,7694.85,7490.0,6,500,0.1511,0.011342
2026-09-10 12:34:47,SPX,7596.01,7694.85,7705.0,445,1541,0.1074,0.011342
2026-09-10 12:34:47,SPX,7596.01,7694.85,7485.0,3,173,0.1524,0.011342
2026-09-10 12:34:47,SPX,7596.01,7694.85,7710.0,298,268,0.1067,0.011342
2026-09-10 12:34:47,SPX,7596.01,7694.85,7480.0,3,285,0.1538,0.011342
2026-09-10 12:34:47,SPX,7596.01,7694.85,7715.0,115,62,0.1061,0.011342
2026-09-10 12:34:47,SPX,7596.01,7694.85,7475.0,40,570,0.1552,0.011342
2026-09-10 12:34:47,SPX,7596.01,7694.85,7720.0,2727,112,0.1056,0.011342
2026-09-10 13:05:13,SPX,7601.63,7686.21,7600.0,1381,5308,0.1505,0.000332
2026-09-10 13:05:13,SPX,7601.63,7686.21,7605.0,144,767,0.1464,0.000332
2026-09-10 13:05:13,SPX,7601.63,7686.21,7595.0,1096,2365,0.1538,0.000332
2026-09-10 13:05:13,SPX,7601.63,7686.21,7610.0,172,1556,0.1436,0.000332
2026-09-10 13:05:13,SPX,7601.63,7686.21,7590.0,229,1906,0.1592,0.000332
2026-09-10 13:05:13,SPX,7601.63,7686.21,7615.0,111,1403,0.1421,0.000332
2026-09-10 13:05:13,SPX,7601.63,7686.21,7585.0,183,1120,0.1639,0.000332
2026-09-10 13:05:13,SPX,7601.63,7686.21,7620.0,167,1667,0.1416,0.000332
2026-09-10 13:05:13,SPX,7601.63,7686.21,7580.0,73,2005,0.1692,0.000332
2026-09-10 13:05:13,SPX,7601.63,7686.21,7625.0,338,1295,0.1423,0.000332
2026-09-10 13:05:13,SPX,7601.63,7686.21,7575.0,32,2329,0.1762,0.000332
2026-09-10 13:05:13,SPX,7601.63,7686.21,7630.0,527,1344,0.1438,0.000332
2026-09-10 13:05:13,SPX,7601.63,7686.21,7570.0,16,872,0.1811,0.000332
2026-09-10 13:05:13,SPX,7601.63,7686.21,7635.0,955,829,0.1469,0.000332
2026-09-10 13:05:13,SPX,7601.63,7686.21,7565.0,49,1220,0.1901,0.000332
2026-09-10 13:05:13,SPX,7601.63,7686.21,7640.0,1437,1689,0.1523,0.000332
2026-09-10 13:05:13,SPX,7601.63,7686.21,7560.0,44,1422,0.1953,0.000332
2026-09-10 13:05:13,SPX,7601.63,7686.21,7645.0,1038,1022,0.16,0.000332
2026-09-10 13:05:13,SPX,7601.63,7686.21,7555.0,23,2048,0.2068,0.000332
2026-09-10 13:05:13,SPX,7601.63,7686.21,7650.0,1588,1410,0.167,0.000332
2026-09-10 13:05:13,SPX,7601.63,7686.21,7550.0,52,2961,0.2154,0.000332
2026-09-10 13:05:13,SPX,7601.63,7686.21,7655.0,644,519,0.1749,0.000332
2026-09-10 13:05:13,SPX,7601.63,7686.21,7545.0,3,1885,0.224,0.000332
2026-09-10 13:05:13,SPX,7601.63,7686.21,7660.0,1368,849,0.1841,0.000332
2026-09-10 13:05:13,SPX,7601.63,7686.21,7540.0,46,2032,0.2303,0.000332
2026-09-10 13:05:13,SPX,7601.63,7686.21,7665.0,840,615,0.1905,0.000332
2026-09-10 13:05:13,SPX,7601.63,7686.21,7535.0,11,1760,0.2387,0.000332
2026-09-10 13:05:13,SPX,7601.63,7686.21,7670.0,986,715,0.1979,0.000332
2026-09-10 13:05:13,SPX,7601.63,7686.21,7530.0,51,3730,0.2519,0.000332
2026-09-10 13:05:13,SPX,7601.63,7686.21,7675.0,2059,1395,0.2061,0.000332
2026-09-10 13:05:13,SPX,7601.63,7686.21,7525.0,137,4075,0.2665,0.000332
2026-09-10 13:05:13,SPX,7601.63,7686.21,7680.0,3347,1095,0.2155,0.000332
2026-09-10 13:05:13,SPX,7601.63,7686.21,7520.0,84,3768,0.2802,0.000332
2026-09-10 13:05:13,SPX,7601.63,7686.21,7685.0,1785,532,0.2262,0.000332
2026-09-10 13:05:13,SPX,7601.63,7686.21,7515.0,4,1161,0.2933,0.000332
2026-09-10 13:05:13,SPX,7601.63,7686.21,7690.0,1650,625,0.2374,0.000332
2026-09-10 13:05:13,SPX,7601.63,7686.21,7510.0,14,1217,0.3059,0.000332
2026-09-10 13:05:13,SPX,7601.63,7686.21,7695.0,957,313,0.2486,0.000332
2026-09-10 13:05:13,SPX,7601.63,7686.21,7505.0,13,877,0.3174,0.000332
2026-09-10 13:05:13,SPX,7601.63,7686.21,7700.0,3133,2015,0.2596,0.000332
2026-09-10 13:05:13,SPX,7601.63,7686.21,7500.0,118,3557,0.3278,0.000332
2026-09-10 13:05:13,SPX,7601.63,7686.21,7705.0,1432,539,0.2707,0.000332
2026-09-10 13:05:13,SPX,7601.63,7686.21,7495.0,4,950,0.3373,0.000332
2026-09-10 13:05:13,SPX,7601.63,7686.21,7710.0,1867,487,0.2831,0.000332
2026-09-10 13:05:13,SPX,7601.63,7686.21,7490.0,2,594,0.3467,0.000332
2026-09-10 13:05:13,SPX,7601.63,7686.21,7715.0,1746,707,0.2946,0.000332
2026-09-10 13:05:13,SPX,7601.63,7686.21,7485.0,2,2229,0.3564,0.000332
2026-09-10 13:05:13,SPX,7601.63,7686.21,7720.0,1926,448,0.3033,0.000332
2026-09-10 13:05:13,SPX,7601.63,7686.21,7480.0,2,1022,0.3666,0.000332
2026-09-10 13:05:13,SPX,7601.63,7686.21,7725.0,3783,744,0.3104,0.000332
2026-09-10 13:05:13,SPX,7601.63,7686.21,7600.0,495,3257,0.1843,0.00307
2026-09-10 13:05:13,SPX,7601.63,7686.21,7605.0,53,767,0.1826,0.00307
2026-09-10 13:05:13,SPX,7601.63,7686.21,7595.0,106,612,0.1859,0.00307
2026-09-10 13:05:13,SPX,7601.63,7686.21,7610.0,139,1272,0.1813,0.00307
2026-09-10 13:05:13,SPX,7601.63,7686.21,7590.0,108,1446,0.1877,0.00307
2026-09-10 13:05:13,SPX,7601.63,7686.21,7615.0,76,610,0.1798,0.00307
2026-09-10 13:05:13,SPX,7601.63,7686.21,7585.0,50,501,0.1886,0.00307
2026-09-10 13:05:13,SPX,7601.63,7686.21,7620.0,272,1003,0.1782,0.00307
2026-09-10 13:05:13,SPX,7601.63,7686.21,7580.0,115,2459,0.1903,0.00307
2026-09-10 13:05:13,SPX,7601.63,7686.21,7625.0,274,2016,0.1769,0.00307
2026-09-10 13:05:13,SPX,7601.63,7686.21,7575.0,317,1871,0.1915,0.00307
2026-09-10 13:05:13,SPX,7601.63,7686.21,7630.0,231,1698,0.1758,0.00307
2026-09-10 13:05:13,SPX,7601.63,7686.21,7570.0,77,3351,0.1937,0.00307
2026-09-10 13:05:13,SPX,7601.63,7686.21,7635.0,384,1160,0.1749,0.00307
2026-09-10 13:05:13,SPX,7601.63,7686.21,7565.0,50,1039,0.1957,0.00307
2026-09-10 13:05:13,SPX,7601.63,7686.21,7640.0,408,856,0.1738,0.00307
2026-09-10 13:05:13,SPX,7601.63,7686.21,7560.0,156,1520,0.197,0.00307
2026-09-10 13:05:13,SPX,7601.63,7686.21,7645.0,350,2211,0.1725,0.00307
2026-09-10 13:05:13,SPX,7601.63,7686.21,7555.0,27,2091,0.1978,0.00307
2026-09-10 13:05:13,SPX,7601.63,7686.21,7650.0,1592,4439,0.1712,0.00307
2026-09-10 13:05:13,SPX,7601.63,7686.21,7550.0,160,5859,0.1989,0.00307
2026-09-10 13:05:13,SPX,7601.63,7686.21,7655.0,365,1595,0.1698,0.00307
2026-09-10 13:05:13,SPX,7601.63,7686.21,7545.0,32,3306,0.2005,0.00307
2026-09-10 13:05:13,SPX,7601.63,7686.21,7660.0,485,1101,0.1685,0.00307
2026-09-10 13:05:13,SPX,7601.63,7686.21,7540.0,249,1739,0.2024,0.00307
2026-09-10 13:05:13,SPX,7601.63,7686.21,7665.0,411,1004,0.1673,0.00307
2026-09-10 13:05:13,SPX,7601.63,7686.21,7535.0,31,2178,0.2042,0.00307
2026-09-10 13:05:13,SPX,7601.63,7686.21,7670.0,497,663,0.1662,0.00307
2026-09-10 13:05:13,SPX,7601.63,7686.21,7530.0,23,827,0.2057,0.00307
2026-09-10 13:05:13,SPX,7601.63,7686.21,7675.0,1054,1201,0.1654,0.00307
2026-09-10 13:05:13,SPX,7601.63,7686.21,7525.0,46,1865,0.2071,0.00307
2026-09-10 13:05:13,SPX,7601.63,7686.21,7680.0,974,1767,0.1649,0.00307
2026-09-10 13:05:13,SPX,7601.63,7686.21,7520.0,107,1169,0.2086,0.00307
2026-09-10 13:05:13,SPX,7601.63,7686.21,7685.0,759,751,0.1644,0.00307
2026-09-10 13:05:13,SPX,7601.63,7686.21,7515.0,16,706,0.2105,0.00307
2026-09-10 13:05:13,SPX,7601.63,7686.21,7690.0,1225,1081,0.1639,0.00307
2026-09-10 13:05:13,SPX,7601.63,7686.21,7510.0,29,1056,0.2126,0.00307
2026-09-10 13:05:13,SPX,7601.63,7686.21,7695.0,960,576,0.1636,0.00307
2026-09-10 13:05:13,SPX,7601.63,7686.21,7505.0,24,436,0.2145,0.00307
2026-09-10 13:05:13,SPX,7601.63,7686.21,7700.0,4171,4330,0.1633,0.00307
2026-09-10 13:05:13,SPX,7601.63,7686.21,7500.0,554,16515,0.2158,0.00307
2026-09-10 13:05:13,SPX,7601.63,7686.21,7705.0,702,875,0.1631,0.00307
2026-09-10 13:05:13,SPX,7601.63,7686.21,7495.0,24,757,0.2165,0.00307
2026-09-10 13:05:13,SPX,7601.63,7686.21,7710.0,1089,1237,0.1631,0.00307
2026-09-10 13:05:13,SPX,7601.63,7686.21,7490.0,20,7501,0.2185,0.00307
2026-09-10 13:05:13,SPX,7601.63,7686.21,7715.0,926,1196,0.1631,0.00307
2026-09-10 13:05:13,SPX,7601.63,7686.21,7485.0,24,865,0.2195,0.00307
2026-09-10 13:05:13,SPX,7601.63,7686.21,7720.0,2852,585,0.1633,0.00307
2026-09-10 13:05:13,SPX,7601.63,7686.21,7480.0,48,1400,0.222,0.00307
2026-09-10 13:05:13,SPX,7601.63,7686.21,7725.0,2176,2328,0.1636,0.00307
2026-09-10 13:05:13,SPX,7601.63,7686.21,7600.0,132,1587,0.1222,0.011284
2026-09-10 13:05:13,SPX,7601.63,7686.21,7605.0,48,324,0.1208,0.011284
2026-09-10 13:05:13,SPX,7601.63,7686.21,7595.0,30,232,0.1235,0.011284
2026-09-10 13:05:13,SPX,7601.63,7686.21,7610.0,46,278,0.1197,0.011284
2026-09-10 13:05:13,SPX,7601.63,7686.21,7590.0,20,861,0.1244,0.011284
2026-09-10 13:05:13,SPX,7601.63,7686.21,7615.0,48,199,0.1186,0.011284
2026-09-10 13:05:13,SPX,7601.63,7686.21,7585.0,94,511,0.1255,0.011284
2026-09-10 13:05:13,SPX,7601.63,7686.21,7620.0,65,559,0.1176,0.011284
2026-09-10 13:05:13,SPX,7601.63,7686.21,7580.0,26,1612,0.1266,0.011284
2026-09-10 13:05:13,SPX,7601.63,7686.21,7625.0,75,387,0.1167,0.011284
2026-09-10 13:05:13,SPX,7601.63,7686.21,7575.0,213,528,0.1277,0.011284
2026-09-10 13:05:13,SPX,7601.63,7686.21,7630.0,148,331,0.1155,0.011284
2026-09-10 13:05:13,SPX,7601.63,7686.21,7570.0,27,225,0.1289,0.011284
2026-09-10 13:05:13,SPX,7601.63,7686.21,7635.0,65,215,0.1146,0.011284
2026-09-10 13:05:13,SPX,7601.63,7686.21,7565.0,22,243,0.1301,0.011284
2026-09-10 13:05:13,SPX,7601.63,7686.21,7640.0,69,313,0.1137,0.011284
2026-09-10 13:05:13,SPX,7601.63,7686.21,7560.0,28,251,0.1311,0.011284
2026-09-10 13:05:13,SPX,7601.63,7686.21,7645.0,121,383,0.1127,0.011284
2026-09-10 13:05:13,SPX,7601.63,7686.21,7555.0,19,139,0.1325,0.011284
2026-09-10 13:05:13,SPX,7601.63,7686.21,7650.0,337,513,0.1118,0.011284
2026-09-10 13:05:13,SPX,7601.63,7686.21,7550.0,56,603,0.1336,0.011284
2026-09-10 13:05:13,SPX,7601.63,7686.21,7655.0,83,0,0.111,0.011284
2026-09-10 13:05:13,SPX,7601.63,7686.21,7545.0,0,814,0.1346,0.011284
2026-09-10 13:05:13,SPX,7601.63,7686.21,7660.0,69,141,0.1104,0.011284
2026-09-10 13:05:13,SPX,7601.63,7686.21,7540.0,2,522,0.1361,0.011284
2026-09-10 13:05:13,SPX,7601.63,7686.21,7665.0,165,153,0.1097,0.011284
2026-09-10 13:05:13,SPX,7601.63,7686.21,7535.0,0,1430,0.1374,0.011284
2026-09-10 13:05:13,SPX,7601.63,7686.21,7670.0,147,256,0.1088,0.011284
2026-09-10 13:05:13,SPX,7601.63,7686.21,7530.0,2,1614,0.1389,0.011284
2026-09-10 13:05:13,SPX,7601.63,7686.21,7675.0,869,1302,0.1082,0.011284
2026-09-10 13:05:13,SPX,7601.63,7686.21,7525.0,28,1529,0.1403,0.011284
2026-09-10 13:05:13,SPX,7601.63,7686.21,7680.0,425,296,0.1075,0.011284
2026-09-10 13:05:13,SPX,7601.63,7686.21,7520.0,7,395,0.1416,0.011284
2026-09-10 13:05:13,SPX,7601.63,7686.21,7685.0,157,215,0.1067,0.011284
2026-09-10 13:05:13,SPX,7601.63,7686.21,7515.0,3,178,0.1429,0.011284
2026-09-10 13:05:13,SPX,7601.63,7686.21,7690.0,409,246,0.106,0.011284
2026-09-10 13:05:13,SPX,7601.63,7686.21,7510.0,24,144,0.144,0.011284
2026-09-10 13:05:13,SPX,7601.63,7686.21,7695.0,241,80,0.1052,0.011284
2026-09-10 13:05:13,SPX,7601.63,7686.21,7505.0,1,270,0.1451,0.011284
2026-09-10 13:05:13,SPX,7601.63,7686.21,7700.0,1421,1784,0.1044,0.011284
2026-09-10 13:05:13,SPX,7601.63,7686.21,7500.0,114,6861,0.1462,0.011284
2026-09-10 13:05:13,SPX,7601.63,7686.21,7705.0,445,1541,0.1037,0.011284
2026-09-10 13:05:13,SPX,7601.63,7686.21,7495.0,1,224,0.1473,0.011284
2026-09-10 13:05:13,SPX,7601.63,7686.21,7710.0,298,268,0.103,0.011284
2026-09-10 13:05:13,SPX,7601.63,7686.21,7490.0,6,500,0.1485,0.011284
2026-09-10 13:05:13,SPX,7601.63,7686.21,7715.0,115,62,0.1024,0.011284
2026-09-10 13:05:13,SPX,7601.63,7686.21,7485.0,3,173,0.1497,0.011284
2026-09-10 13:05:13,SPX,7601.63,7686.21,7720.0,2727,112,0.102,0.011284
2026-09-10 13:05:13,SPX,7601.63,7686.21,7480.0,3,285,0.151,0.011284
2026-09-10 13:05:13,SPX,7601.63,7686.21,7725.0,1623,256,0.1017,0.011284
2026-09-10 13:35:38,SPX,7599.48,7705.35,7600.0,1381,5308,0.1343,0.000274
2026-09-10 13:35:38,SPX,7599.48,7705.35,7595.0,1096,2365,0.138,0.000274
2026-09-10 13:35:38,SPX,7599.48,7705.35,7605.0,144,767,0.1324,0.000274
2026-09-10 13:35:38,SPX,7599.48,7705.35,7590.0,229,1906,0.1426,0.000274
2026-09-10 13:35:38,SPX,7599.48,7705.35,7610.0,172,1556,0.1325,0.000274
2026-09-10 13:35:38,SPX,7599.48,7705.35,7585.0,183,1120,0.1475,0.000274
2026-09-10 13:35:38,SPX,7599.48,7705.35,7615.0,111,1403,0.133,0.000274
2026-09-10 13:35:38,SPX,7599.48,7705.35,7580.0,73,2005,0.1539,0.000274
2026-09-10 13:35:38,SPX,7599.48,7705.35,7620.0,167,1667,0.1356,0.000274
2026-09-10 13:35:38,SPX,7599.48,7705.35,7575.0,32,2329,0.1617,0.000274
2026-09-10 13:35:38,SPX,7599.48,7705.35,7625.0,338,1295,0.1408,0.000274
2026-09-10 13:35:38,SPX,7599.48,7705.35,7570.0,16,872,0.1684,0.000274
2026-09-10 13:35:38,SPX,7599.48,7705.35,7630.0,527,1344,0.147,0.000274
2026-09-10 13:35:38,SPX,7599.48,7705.35,7565.0,49,1220,0.1797,0.000274
2026-09-10 13:35:38,SPX,7599.48,7705.35,7635.0,955,829,0.1547,0.000274
2026-09-10 13:35:38,SPX,7599.48,7705.35,7560.0,44,1422,0.1883,0.000274
2026-09-10 13:35:38,SPX,7599.48,7705.35,7640.0,1437,1689,0.1631,0.000274
2026-09-10 13:35:38,SPX,7599.48,7705.35,7555.0,23,2048,0.1982,0.000274
2026-09-10 13:35:38,SPX,7599.48,7705.35,7645.0,1038,1022,0.1723,0.000274
2026-09-10 13:35:38,SPX,7599.48,7705.35,7550.0,52,2961,0.2103,0.000274
2026-09-10 13:35:38,SPX,7599.48,7705.35,7650.0,1588,1410,0.1839,0.000274
2026-09-10 13:35:38,SPX,7599.48,7705.35,7545.0,3,1885,0.2209,0.000274
2026-09-10 13:35:38,SPX,7599.48,7705.35,7655.0,644,519,0.1964,0.000274
2026-09-10 13:35:38,SPX,7599.48,7705.35,7540.0,46,2032,0.2317,0.000274
2026-09-10 13:35:38,SPX,7599.48,7705.35,7660.0,1368,849,0.2072,0.000274
2026-09-10 13:35:38,SPX,7599.48,7705.35,7535.0,11,1760,0.241,0.000274
2026-09-10 13:35:38,SPX,7599.48,7705.35,7665.0,840,615,0.2177,0.000274
2026-09-10 13:35:38,SPX,7599.48,7705.35,7530.0,51,3730,0.2562,0.000274
2026-09-10 13:35:38,SPX,7599.48,7705.35,7670.0,986,715,0.2286,0.000274
2026-09-10 13:35:38,SPX,7599.48,7705.35,7525.0,137,4075,0.272,0.000274
2026-09-10 13:35:38,SPX,7599.48,7705.35,7675.0,2059,1395,0.2401,0.000274
2026-09-10 13:35:38,SPX,7599.48,7705.35,7520.0,84,3768,0.2863,0.000274
2026-09-10 13:35:38,SPX,7599.48,7705.35,7680.0,3347,1095,0.2524,0.000274
2026-09-10 13:35:38,SPX,7599.48,7705.35,7515.0,4,1161,0.2993,0.000274
2026-09-10 13:35:38,SPX,7599.48,7705.35,7685.0,1785,532,0.2649,0.000274
2026-09-10 13:35:38,SPX,7599.48,7705.35,7510.0,14,1217,0.3108,0.000274
2026-09-10 13:35:38,SPX,7599.48,7705.35,7690.0,1650,625,0.2771,0.000274
2026-09-10 13:35:38,SPX,7599.48,7705.35,7505.0,13,877,0.3213,0.000274
2026-09-10 13:35:38,SPX,7599.48,7705.35,7695.0,957,313,0.2888,0.000274
2026-09-10 13:35:38,SPX,7599.48,7705.35,7500.0,118,3557,0.3315,0.000274
2026-09-10 13:35:38,SPX,7599.48,7705.35,7700.0,3133,2015,0.2998,0.000274
2026-09-10 13:35:38,SPX,7599.48,7705.35,7495.0,4,950,0.3421,0.000274
2026-09-10 13:35:38,SPX,7599.48,7705.35,7705.0,1432,539,0.3094,0.000274
2026-09-10 13:35:38,SPX,7599.48,7705.35,7490.0,2,594,0.3536,0.000274
2026-09-10 13:35:38,SPX,7599.48,7705.35,7710.0,1867,487,0.318,0.000274
2026-09-10 13:35:38,SPX,7599.48,7705.35,7485.0,2,2229,0.366,0.000274
2026-09-10 13:35:38,SPX,7599.48,7705.35,7715.0,1746,707,0.3256,0.000274
2026-09-10 13:35:38,SPX,7599.48,7705.35,7480.0,2,1022,0.3793,0.000274
2026-09-10 13:35:38,SPX,7599.48,7705.35,7720.0,1926,448,0.332,0.000274
2026-09-10 13:35:38,SPX,7599.48,7705.35,7475.0,25,8874,0.3932,0.000274
2026-09-10 13:35:38,SPX,7599.48,7705.35,7600.0,495,3257,0.185,0.003012
2026-09-10 13:35:38,SPX,7599.48,7705.35,7595.0,106,612,0.1865,0.003012
2026-09-10 13:35:38,SPX,7599.48,7705.35,7605.0,53,767,0.1842,0.003012
2026-09-10 13:35:38,SPX,7599.48,7705.35,7590.0,108,1446,0.1888,0.003012
2026-09-10 13:35:38,SPX,7599.48,7705.35,7610.0,139,1272,0.1823,0.003012
2026-09-10 13:35:38,SPX,7599.48,7705.35,7585.0,50,501,0.1894,0.003012
2026-09-10 13:35:38,SPX,7599.48,7705.35,7615.0,76,610,0.1809,0.003012
2026-09-10 13:35:38,SPX,7599.48,7705.35,7580.0,115,2459,0.191,0.003012
2026-09-10 13:35:38,SPX,7599.48,7705.35,7620.0,272,1003,0.18,0.003012
2026-09-10 13:35:38,SPX,7599.48,7705.35,7575.0,317,1871,0.1924,0.003012
2026-09-10 13:35:38,SPX,7599.48,7705.35,7625.0,274,2016,0.1782,0.003012
2026-09-10 13:35:38,SPX,7599.48,7705.35,7570.0,77,3351,0.1938,0.003012
2026-09-10 13:35:38,SPX,7599.48,7705.35,7630.0,231,1698,0.1774,0.003012
2026-09-10 13:35:38,SPX,7599.48,7705.35,7565.0,50,1039,0.1959,0.003012
2026-09-10 13:35:38,SPX,7599.48,7705.35,7635.0,384,1160,0.1761,0.003012
2026-09-10 13:35:38,SPX,7599.48,7705.35,7560.0,156,1520,0.1979,0.003012
2026-09-10 13:35:38,SPX,7599.48,7705.35,7640.0,408,856,0.1754,0.003012
2026-09-10 13:35:38,SPX,7599.48,7705.35,7555.0,27,2091,0.1994,0.003012
2026-09-10 13:35:38,SPX,7599.48,7705.35,7645.0,350,2211,0.1746,0.003012
2026-09-10 13:35:38,SPX,7599.48,7705.35,7550.0,160,5859,0.2006,0.003012
2026-09-10 13:35:38,SPX,7599.48,7705.35,7650.0,1592,4439,0.1737,0.003012
2026-09-10 13:35:38,SPX,7599.48,7705.35,7545.0,32,3306,0.2017,0.003012
2026-09-10 13:35:38,SPX,7599.48,7705.35,7655.0,365,1595,0.173,0.003012
2026-09-10 13:35:38,SPX,7599.48,7705.35,7540.0,249,1739,0.2031,0.003012
2026-09-10 13:35:38,SPX,7599.48,7705.35,7660.0,485,1101,0.1722,0.003012
2026-09-10 13:35:38,SPX,7599.48,7705.35,7535.0,31,2178,0.2047,0.003012
2026-09-10 13:35:38,SPX,7599.48,7705.35,7665.0,411,1004,0.1711,0.003012
2026-09-10 13:35:38,SPX,7599.48,7705.35,7530.0,23,827,0.2064,0.003012
2026-09-10 13:35:38,SPX,7599.48,7705.35,7670.0,497,663,0.17,0.003012
2026-09-10 13:35:38,SPX,7599.48,7705.35,7525.0,46,1865,0.208,0.003012
2026-09-10 13:35:38,SPX,7599.48,7705.35,7675.0,1054,1201,0.169,0.003012
2026-09-10 13:35:38,SPX,7599.48,7705.35,7520.0,107,1169,0.2095,0.003012
2026-09-10 13:35:38,SPX,7599.48,7705.35,7680.0,974,1767,0.1683,0.003012
2026-09-10 13:35:38,SPX,7599.48,7705.35,7515.0,16,706,0.211,0.003012
2026-09-10 13:35:38,SPX,7599.48,7705.35,7685.0,759,751,0.1678,0.003012
2026-09-10 13:35:38,SPX,7599.48,7705.35,7510.0,29,1056,0.2128,0.003012
2026-09-10 13:35:38,SPX,7599.48,7705.35,7690.0,1225,1081,0.1675,0.003012
2026-09-10 13:35:38,SPX,7599.48,7705.35,7505.0,24,436,0.2152,0.003012
2026-09-10 13:35:38,SPX,7599.48,7705.35,7695.0,960,576,0.1674,0.003012
2026-09-10 13:35:38,SPX,7599.48,7705.35,7500.0,554,16515,0.2174,0.003012
2026-09-10 13:35:38,SPX,7599.48,7705.35,7700.0,4171,4330,0.1674,0.003012
2026-09-10 13:35:38,SPX,7599.48,7705.35,7495.0,24,757,0.2181,0.003012
2026-09-10 13:35:38,SPX,7599.48,7705.35,7705.0,702,875,0.1675,0.003012
2026-09-10 13:35:38,SPX,7599.48,7705.35,7490.0,20,7501,0.219,0.003012
2026-09-10 13:35:38,SPX,7599.48,7705.35,7710.0,1089,1237,0.1677,0.003012
2026-09-10 13:35:38,SPX,7599.48,7705.35,7485.0,24,865,0.2198,0.003012
2026-09-10 13:35:38,SPX,7599.48,7705.35,7715.0,926,1196,0.1679,0.003012
2026-09-10 13:35:38,SPX,7599.48,7705.35,7480.0,48,1400,0.2223,0.003012
2026-09-10 13:35:38,SPX,7599.48,7705.35,7720.0,2852,585,0.1683,0.003012
2026-09-10 13:35:38,SPX,7599.48,7705.35,7475.0,177,1665,0.2245,0.003012
2026-09-10 13:35:38,SPX,7599.48,7705.35,7600.0,132,1587,0.1242,0.011226
2026-09-10 13:35:38,SPX,7599.48,7705.35,7595.0,30,232,0.1254,0.011226
2026-09-10 13:35:38,SPX,7599.48,7705.35,7605.0,48,324,0.1231,0.011226
2026-09-10 13:35:38,SPX,7599.48,7705.35,7590.0,20,861,0.1268,0.011226
2026-09-10 13:35:38,SPX,7599.48,7705.35,7610.0,46,278,0.1219,0.011226
2026-09-10 13:35:38,SPX,7599.48,7705.35,7585.0,94,511,0.1276,0.011226
2026-09-10 13:35:38,SPX,7599.48,7705.35,7615.0,48,199,0.1209,0.011226
2026-09-10 13:35:38,SPX,7599.48,7705.35,7580.0,26,1612,0.1288,0.011226
2026-09-10 13:35:38,SPX,7599.48,7705.35,7620.0,65,559,0.1199,0.011226
2026-09-10 13:35:38,SPX,7599.48,7705.35,7575.0,213,528,0.1298,0.011226
2026-09-10 13:35:38,SPX,7599.48,7705.35,7625.0,75,387,0.119,0.011226
2026-09-10 13:35:38,SPX,7599.48,7705.35,7570.0,27,225,0.1309,0.011226
2026-09-10 13:35:38,SPX,7599.48,7705.35,7630.0,148,331,0.1182,0.011226
2026-09-10 13:35:38,SPX,7599.48,7705.35,7565.0,22,243,0.132,0.011226
2026-09-10 13:35:38,SPX,7599.48,7705.35,7635.0,65,215,0.1174,0.011226
2026-09-10 13:35:38,SPX,7599.48,7705.35,7560.0,28,251,0.1332,0.011226
2026-09-10 13:35:38,SPX,7599.48,7705.35,7640.0,69,313,0.1166,0.011226
2026-09-10 13:35:38,SPX,7599.48,7705.35,7555.0,19,139,0.1344,0.011226
2026-09-10 13:35:38,SPX,7599.48,7705.35,7645.0,121,383,0.1156,0.011226
2026-09-10 13:35:38,SPX,7599.48,7705.35,7550.0,56,603,0.1355,0.011226
2026-09-10 13:35:38,SPX,7599.48,7705.35,7650.0,337,513,0.1146,0.011226
2026-09-10 13:35:38,SPX,7599.48,7705.35,7545.0,10,814,0.1367,0.011226
2026-09-10 13:35:38,SPX,7599.48,7705.35,7655.0,83,181,0.1135,0.011226
2026-09-10 13:35:38,SPX,7599.48,7705.35,7540.0,2,522,0.1381,0.011226
2026-09-10 13:35:38,SPX,7599.48,7705.35,7660.0,69,141,0.1125,0.011226
2026-09-10 13:35:38,SPX,7599.48,7705.35,7535.0,0,1430,0.1395,0.011226
2026-09-10 13:35:38,SPX,7599.48,7705.35,7665.0,165,153,0.1116,0.011226
2026-09-10 13:35:38,SPX,7599.48,7705.35,7530.0,2,1614,0.1408,0.011226
2026-09-10 13:35:38,SPX,7599.48,7705.35,7670.0,147,256,0.1108,0.011226
2026-09-10 13:35:38,SPX,7599.48,7705.35,7525.0,28,1529,0.1422,0.011226
2026-09-10 13:35:38,SPX,7599.48,7705.35,7675.0,869,1302,0.1102,0.011226
2026-09-10 13:35:38,SPX,7599.48,7705.35,7520.0,7,395,0.1435,0.011226
2026-09-10 13:35:38,SPX,7599.48,7705.35,7680.0,425,296,0.1095,0.011226
2026-09-10 13:35:38,SPX,7599.48,7705.35,7515.0,3,178,0.1447,0.011226
2026-09-10 13:35:38,SPX,7599.48,7705.35,7685.0,157,215,0.109,0.011226
2026-09-10 13:35:38,SPX,7599.48,7705.35,7510.0,24,144,0.1459,0.011226
2026-09-10 13:35:38,SPX,7599.48,7705.35,7690.0,409,246,0.1084,0.011226
2026-09-10 13:35:38,SPX,7599.48,7705.35,7505.0,1,270,0.1469,0.011226
2026-09-10 13:35:38,SPX,7599.48,7705.35,7695.0,241,80,0.1078,0.011226
2026-09-10 13:35:38,SPX,7599.48,7705.35,7500.0,114,6861,0.148,0.011226
2026-09-10 13:35:38,SPX,7599.48,7705.35,7700.0,1421,1784,0.1072,0.011226
2026-09-10 13:35:38,SPX,7599.48,7705.35,7495.0,1,224,0.1492,0.011226
2026-09-10 13:35:38,SPX,7599.48,7705.35,7705.0,445,1541,0.1066,0.011226
2026-09-10 13:35:38,SPX,7599.48,7705.35,7490.0,6,500,0.1504,0.011226
2026-09-10 13:35:38,SPX,7599.48,7705.35,7710.0,298,268,0.106,0.011226
2026-09-10 13:35:38,SPX,7599.48,7705.35,7485.0,3,173,0.1516,0.011226
2026-09-10 13:35:38,SPX,7599.48,7705.35,7715.0,115,62,0.1053,0.011226
2026-09-10 13:35:38,SPX,7599.48,7705.35,7480.0,3,285,0.1529,0.011226
2026-09-10 13:35:38,SPX,7599.48,7705.35,7720.0,2727,112,0.1047,0.011226
2026-09-10 13:35:38,SPX,7599.48,7705.35,7475.0,40,570,0.1542,0.011226
2026-09-10 14:06:05,SPX,7592.36,,7590.0,229,1906,0.1468,0.000217
2026-09-10 14:06:05,SPX,7592.36,,7595.0,1096,2365,0.1432,0.000217
2026-09-10 14:06:05,SPX,7592.36,,7585.0,183,1120,0.1515,0.000217
2026-09-10 14:06:05,SPX,7592.36,,7600.0,0,5308,0.1404,0.000217
2026-09-10 14:06:05,SPX,7592.36,,7580.0,73,2005,0.1574,0.000217
2026-09-10 14:06:05,SPX,7592.36,,7605.0,144,767,0.1399,0.000217
2026-09-10 14:06:05,SPX,7592.36,,7575.0,32,2329,0.1652,0.000217
2026-09-10 14:06:05,SPX,7592.36,,7610.0,172,1556,0.1415,0.000217
2026-09-10 14:06:05,SPX,7592.36,,7570.0,16,872,0.1734,0.000217
2026-09-10 14:06:05,SPX,7592.36,,7615.0,111,1403,0.1452,0.000217
2026-09-10 14:06:05,SPX,7592.36,,7565.0,49,1220,0.1801,0.000217
2026-09-10 14:06:05,SPX,7592.36,,7620.0,167,1667,0.1514,0.000217
2026-09-10 14:06:05,SPX,7592.36,,7560.0,44,1422,0.1916,0.000217
2026-09-10 14:06:05,SPX,7592.36,,7625.0,338,1295,0.1603,0.000217
2026-09-10 14:06:05,SPX,7592.36,,7555.0,23,2048,0.2034,0.000217
2026-09-10 14:06:05,SPX,7592.36,,7630.0,527,1344,0.1708,0.000217
2026-09-10 14:06:05,SPX,7592.36,,7550.0,52,2961,0.2144,0.000217
2026-09-10 14:06:05,SPX,7592.36,,7635.0,955,829,0.1823,0.000217
2026-09-10 14:06:05,SPX,7592.36,,7545.0,3,1885,0.2264,0.000217
2026-09-10 14:06:05,SPX,7592.36,,7640.0,1437,1689,0.1952,0.000217
2026-09-10 14:06:05,SPX,7592.36,,7540.0,46,2032,0.2374,0.000217
2026-09-10 14:06:05,SPX,7592.36,,7645.0,1038,1022,0.2092,0.000217
2026-09-10 14:06:05,SPX,7592.36,,7535.0,11,1760,0.2526,0.000217
2026-09-10 14:06:05,SPX,7592.36,,7650.0,1588,1410,0.2235,0.000217
2026-09-10 14:06:05,SPX,7592.36,,7530.0,51,3730,0.2693,0.000217
2026-09-10 14:06:05,SPX,7592.36,,7655.0,644,519,0.2378,0.000217
2026-09-10 14:06:05,SPX,7592.36,,7525.0,137,4075,0.2853,0.000217
2026-09-10 14:06:05,SPX,7592.36,,7660.0,1368,849,0.2519,0.000217
2026-09-10 14:06:05,SPX,7592.36,,7520.0,84,3768,0.2995,0.000217
2026-09-10 14:06:05,SPX,7592.36,,7665.0,840,615,0.2658,0.000217
2026-09-10 14:06:05,SPX,7592.36,,7515.0,4,1161,0.3124,0.000217
2026-09-10 14:06:05,SPX,7592.36,,7670.0,986,715,0.2797,0.000217
2026-09-10 14:06:05,SPX,7592.36,,7510.0,14,1217,0.3252,0.000217
2026-09-10 14:06:05,SPX,7592.36,,7675.0,2059,1395,0.2931,0.000217
2026-09-10 14:06:05,SPX,7592.36,,7505.0,13,877,0.3385,0.000217
2026-09-10 14:06:05,SPX,7592.36,,7680.0,3347,1095,0.306,0.000217
2026-09-10 14:06:05,SPX,7592.36,,7500.0,118,3557,0.3524,0.000217
2026-09-10 14:06:05,SPX,7592.36,,7685.0,1785,532,0.3181,0.000217
2026-09-10 14:06:05,SPX,7592.36,,7495.0,4,950,0.3668,0.000217
2026-09-10 14:06:05,SPX,7592.36,,7690.0,1650,625,0.3293,0.000217
2026-09-10 14:06:05,SPX,7592.36,,7490.0,2,594,0.3816,0.000217
2026-09-10 14:06:05,SPX,7592.36,,7695.0,957,313,0.3396,0.000217
2026-09-10 14:06:05,SPX,7592.36,,7485.0,2,2229,0.3967,0.000217
2026-09-10 14:06:05,SPX,7592.36,,7700.0,3133,2015,0.3487,0.000217
2026-09-10 14:06:05,SPX,7592.36,,7480.0,2,1022,0.4121,0.000217
2026-09-10 14:06:05,SPX,7592.36,,7705.0,1432,539,0.3567,0.000217
2026-09-10 14:06:05,SPX,7592.36,,7475.0,25,8874,0.4272,0.000217
2026-09-10 14:06:05,SPX,7592.36,,7710.0,1867,487,0.3633,0.000217
2026-09-10 14:06:05,SPX,7592.36,,7470.0,7,3562,0.4417,0.000217
2026-09-10 14:06:05,SPX,7592.36,,7715.0,1746,707,0.3689,0.000217
2026-09-10 14:06:05,SPX,7592.36,,7590.0,108,1446,0.1898,0.002954
2026-09-10 14:06:05,SPX,7592.36,,7595.0,106,612,0.1884,0.002954
2026-09-10 14:06:05,SPX,7592.36,,7585.0,50,501,0.1913,0.002954
2026-09-10 14:06:05,SPX,7592.36,,7600.0,495,3257,0.1869,0.002954
2026-09-10 14:06:05,SPX,7592.36,,7580.0,115,2459,0.1927,0.002954
2026-09-10 14:06:05,SPX,7592.36,,7605.0,53,767,0.1855,0.002954
2026-09-10 14:06:05,SPX,7592.36,,7575.0,317,1871,0.1943,0.002954
2026-09-10 14:06:05,SPX,7592.36,,7610.0,139,1272,0.1841,0.002954
2026-09-10 14:06:05,SPX,7592.36,,7570.0,77,3351,0.1958,0.002954
2026-09-10 14:06:05,SPX,7592.36,,7615.0,76,610,0.1826,0.002954
2026-09-10 14:06:05,SPX,7592.36,,7565.0,50,1039,0.1972,0.002954
2026-09-10 14:06:05,SPX,7592.36,,7620.0,272,1003,0.1815,0.002954
2026-09-10 14:06:05,SPX,7592.36,,7560.0,156,1520,0.1993,0.002954
2026-09-10 14:06:05,SPX,7592.36,,7625.0,274,2016,0.1802,0.002954
2026-09-10 14:06:05,SPX,7592.36,,7555.0,27,2091,0.1999,0.002954
2026-09-10 14:06:05,SPX,7592.36,,7630.0,231,1698,0.1791,0.002954
2026-09-10 14:06:05,SPX,7592.36,,7550.0,160,5859,0.2011,0.002954
2026-09-10 14:06:05,SPX,7592.36,,7635.0,384,1160,0.1783,0.002954
2026-09-10 14:06:05,SPX,7592.36,,7545.0,32,3306,0.2037,0.002954
2026-09-10 14:06:05,SPX,7592.36,,7640.0,408,856,0.1777,0.002954
2026-09-10 14:06:05,SPX,7592.36,,7540.0,249,1739,0.2043,0.002954
2026-09-10 14:06:05,SPX,7592.36,,7645.0,350,2211,0.177,0.002954
2026-09-10 14:06:05,SPX,7592.36,,7535.0,31,2178,0.206,0.002954
2026-09-10 14:06:05,SPX,7592.36,,7650.0,1592,4439,0.1756,0.002954
2026-09-10 14:06:05,SPX,7592.36,,7530.0,23,827,0.2072,0.002954
2026-09-10 14:06:05,SPX,7592.36,,7655.0,365,1595,0.1747,0.002954
2026-09-10 14:06:05,SPX,7592.36,,7525.0,46,1865,0.2095,0.002954
2026-09-10 14:06:05,SPX,7592.36,,7660.0,485,1101,0.1738,0.002954
2026-09-10 14:06:05,SPX,7592.36,,7520.0,107,1169,0.2118,0.002954
2026-09-10 14:06:05,SPX,7592.36,,7665.0,411,1004,0.1727,0.002954
2026-09-10 14:06:05,SPX,7592.36,,7515.0,16,706,0.2132,0.002954
2026-09-10 14:06:05,SPX,7592.36,,7670.0,497,663,0.1715,0.002954
2026-09-10 14:06:05,SPX,7592.36,,7510.0,29,1056,0.2138,0.002954
2026-09-10 14:06:05,SPX,7592.36,,7675.0,1054,1201,0.1704,0.002954
2026-09-10 14:06:05,SPX,7592.36,,7505.0,24,436,0.2147,0.002954
2026-09-10 14:06:05,SPX,7592.36,,7680.0,974,1767,0.1696,0.002954
2026-09-10 14:06:05,SPX,7592.36,,7500.0,554,16515,0.2164,0.002954
2026-09-10 14:06:05,SPX,7592.36,,7685.0,759,751,0.1692,0.002954
2026-09-10 14:06:05,SPX,7592.36,,7495.0,24,757,0.2187,0.002954
2026-09-10 14:06:05,SPX,7592.36,,7690.0,1225,1081,0.169,0.002954
2026-09-10 14:06:05,SPX,7592.36,,7490.0,20,7501,0.2208,0.002954
2026-09-10 14:06:05,SPX,7592.36,,7695.0,960,576,0.1688,0.002954
2026-09-10 14:06:05,SPX,7592.36,,7485.0,24,865,0.2223,0.002954
2026-09-10 14:06:05,SPX,7592.36,,7700.0,4171,4330,0.1688,0.002954
2026-09-10 14:06:05,SPX,7592.36,,7480.0,48,1400,0.223,0.002954
2026-09-10 14:06:05,SPX,7592.36,,7705.0,702,875,0.1689,0.002954
2026-09-10 14:06:05,SPX,7592.36,,7475.0,177,1665,0.2238,0.002954
2026-09-10 14:06:05,SPX,7592.36,,7710.0,1089,1237,0.1692,0.002954
2026-09-10 14:06:05,SPX,7592.36,,7470.0,35,1030,0.2264,0.002954
2026-09-10 14:06:05,SPX,7592.36,,7715.0,926,1196,0.1696,0.002954
2026-09-10 14:06:05,SPX,7592.36,,7590.0,20,861,0.1264,0.011168
2026-09-10 14:06:05,SPX,7592.36,,7595.0,30,232,0.1253,0.011168
2026-09-10 14:06:05,SPX,7592.36,,7585.0,94,511,0.1276,0.011168
2026-09-10 14:06:05,SPX,7592.36,,7600.0,132,1587,0.1241,0.011168
2026-09-10 14:06:05,SPX,7592.36,,7580.0,26,1612,0.1286,0.011168
2026-09-10 14:06:05,SPX,7592.36,,7605.0,48,324,0.1229,0.011168
2026-09-10 14:06:05,SPX,7592.36,,7575.0,213,528,0.1302,0.011168
2026-09-10 14:06:05,SPX,7592.36,,7610.0,46,278,0.1219,0.011168
2026-09-10 14:06:05,SPX,7592.36,,7570.0,27,225,0.1309,0.011168
2026-09-10 14:06:05,SPX,7592.36,,7615.0,48,199,0.121,0.011168
2026-09-10 14:06:05,SPX,7592.36,,7565.0,22,243,0.1322,0.011168
2026-09-10 14:06:05,SPX,7592.36,,7620.0,65,559,0.1203,0.011168
2026-09-10 14:06:05,SPX,7592.36,,7560.0,28,251,0.1332,0.011168
2026-09-10 14:06:05,SPX,7592.36,,7625.0,75,387,0.1195,0.011168
2026-09-10 14:06:05,SPX,7592.36,,7555.0,19,139,0.1344,0.011168
2026-09-10 14:06:05,SPX,7592.36,,7630.0,148,331,0.1186,0.011168
2026-09-10 14:06:05,SPX,7592.36,,7550.0,56,603,0.1355,0.011168
2026-09-10 14:06:05,SPX,7592.36,,7635.0,65,215,0.1176,0.011168
2026-09-10 14:06:05,SPX,7592.36,,7545.0,10,814,0.15,0.011168
2026-09-10 14:06:05,SPX,7592.36,,7640.0,69,313,0.15,0.011168
2026-09-10 14:06:05,SPX,7592.36,,7540.0,2,522,0.1379,0.011168
2026-09-10 14:06:05,SPX,7592.36,,7645.0,121,0,0.1154,0.011168
2026-09-10 14:06:05,SPX,7592.36,,7535.0,0,1430,0.1392,0.011168
2026-09-10 14:06:05,SPX,7592.36,,7650.0,337,513,0.1144,0.011168
2026-09-10 14:06:05,SPX,7592.36,,7530.0,2,1614,0.1407,0.011168
2026-09-10 14:06:05,SPX,7592.36,,7655.0,83,181,0.1134,0.011168
2026-09-10 14:06:05,SPX,7592.36,,7525.0,28,1529,0.1421,0.011168
2026-09-10 14:06:05,SPX,7592.36,,7660.0,69,141,0.1126,0.011168
2026-09-10 14:06:05,SPX,7592.36,,7520.0,7,395,0.1433,0.011168
2026-09-10 14:06:05,SPX,7592.36,,7665.0,165,153,0.1118,0.011168
2026-09-10 14:06:05,SPX,7592.36,,7515.0,3,178,0.1445,0.011168
2026-09-10 14:06:05,SPX,7592.36,,7670.0,147,256,0.1111,0.011168
2026-09-10 14:06:05,SPX,7592.36,,7510.0,24,144,0.1457,0.011168
2026-09-10 14:06:05,SPX,7592.36,,7675.0,869,1302,0.1105,0.011168
2026-09-10 14:06:05,SPX,7592.36,,7505.0,1,270,0.1469,0.011168
2026-09-10 14:06:05,SPX,7592.36,,7680.0,425,296,0.1098,0.011168
2026-09-10 14:06:05,SPX,7592.36,,7500.0,114,6861,0.148,0.011168
2026-09-10 14:06:05,SPX,7592.36,,7685.0,157,215,0.1092,0.011168
2026-09-10 14:06:05,SPX,7592.36,,7495.0,1,224,0.1491,0.011168
2026-09-10 14:06:05,SPX,7592.36,,7690.0,409,246,0.1085,0.011168
2026-09-10 14:06:05,SPX,7592.36,,7490.0,6,500,0.1503,0.011168
2026-09-10 14:06:05,SPX,7592.36,,7695.0,241,80,0.1079,0.011168
2026-09-10 14:06:05,SPX,7592.36,,7485.0,3,173,0.1515,0.011168
2026-09-10 14:06:05,SPX,7592.36,,7700.0,1421,1784,0.1072,0.011168
2026-09-10 14:06:05,SPX,7592.36,,7480.0,3,285,0.1528,0.011168
2026-09-10 14:06:05,SPX,7592.36,,7705.0,445,1541,0.1065,0.011168
2026-09-10 14:06:05,SPX,7592.36,,7475.0,40,570,0.1541,0.011168
2026-09-10 14:06:05,SPX,7592.36,,7710.0,298,0,0.1059,0.011168
2026-09-10 14:06:05,SPX,7592.36,,7470.0,2,426,0.1554,0.011168
2026-09-10 14:06:05,SPX,7592.36,,7715.0,115,62,0.1052,0.011168
2026-09-10 14:36:30,SPX,7588.49,,7590.0,229,1906,0.1591,0.000159
2026-09-10 14:36:30,SPX,7588.49,,7585.0,183,1120,0.164,0.000159
2026-09-10 14:36:30,SPX,7588.49,,7595.0,1096,2365,0.156,0.000159
2026-09-10 14:36:30,SPX,7588.49,,7580.0,73,2005,0.1695,0.000159
2026-09-10 14:36:30,SPX,7588.49,,7600.0,1381,5308,0.1545,0.000159
2026-09-10 14:36:30,SPX,7588.49,,7575.0,32,2329,0.1757,0.000159
2026-09-10 14:36:30,SPX,7588.49,,7605.0,144,767,0.1553,0.000159
2026-09-10 14:36:30,SPX,7588.49,,7570.0,16,872,0.1831,0.000159
2026-09-10 14:36:30,SPX,7588.49,,7610.0,172,1556,0.1591,0.000159
2026-09-10 14:36:30,SPX,7588.49,,7565.0,49,1220,0.1925,0.000159
2026-09-10 14:36:30,SPX,7588.49,,7615.0,111,1403,0.1666,0.000159
2026-09-10 14:36:30,SPX,7588.49,,7560.0,44,1422,0.2017,0.000159
2026-09-10 14:36:30,SPX,7588.49,,7620.0,167,1667,0.1763,0.000159
2026-09-10 14:36:30,SPX,7588.49,,7555.0,23,2048,0.2138,0.000159
2026-09-10 14:36:30,SPX,7588.49,,7625.0,338,1295,0.1874,0.000159
2026-09-10 14:36:30,SPX,7588.49,,7550.0,52,2961,0.2259,0.000159
2026-09-10 14:36:30,SPX,7588.49,,7630.0,527,1344,0.2004,0.000159
2026-09-10 14:36:30,SPX,7588.49,,7545.0,3,1885,0.2379,0.000159
2026-09-10 14:36:30,SPX,7588.49,,7635.0,955,829,0.2171,0.000159
2026-09-10 14:36:30,SPX,7588.49,,7540.0,46,2032,0.2538,0.000159
2026-09-10 14:36:30,SPX,7588.49,,7640.0,1437,1689,0.2327,0.000159
2026-09-10 14:36:30,SPX,7588.49,,7535.0,11,1760,0.2708,0.000159
2026-09-10 14:36:30,SPX,7588.49,,7645.0,0,1022,0.2482,0.000159
2026-09-10 14:36:30,SPX,7588.49,,7530.0,51,3730,0.2863,0.000159
2026-09-10 14:36:30,SPX,7588.49,,7650.0,1588,1410,0.2639,0.000159
2026-09-10 14:36:30,SPX,7588.49,,7525.0,137,4075,0.302,0.000159
2026-09-10 14:36:30,SPX,7588.49,,7655.0,644,519,0.2798,0.000159
2026-09-10 14:36:30,SPX,7588.49,,7520.0,84,3768,0.318,0.000159
2026-09-10 14:36:30,SPX,7588.49,,7660.0,1368,849,0.2958,0.000159
2026-09-10 14:36:30,SPX,7588.49,,7515.0,4,1161,0.334,0.000159
2026-09-10 14:36:30,SPX,7588.49,,7665.0,840,615,0.3115,0.000159
2026-09-10 14:36:30,SPX,7588.49,,7510.0,14,1217,0.3501,0.000159
2026-09-10 14:36:30,SPX,7588.49,,7670.0,986,715,0.3266,0.000159
2026-09-10 14:36:30,SPX,7588.49,,7505.0,13,877,0.3669,0.000159
2026-09-10 14:36:30,SPX,7588.49,,7675.0,2059,1395,0.3407,0.000159
2026-09-10 14:36:30,SPX,7588.49,,7500.0,118,3557,0.3841,0.000159
2026-09-10 14:36:30,SPX,7588.49,,7680.0,3347,1095,0.3539,0.000159
2026-09-10 14:36:30,SPX,7588.49,,7495.0,4,950,0.4017,0.000159
2026-09-10 14:36:30,SPX,7588.49,,7685.0,1785,532,0.3658,0.000159
2026-09-10 14:36:30,SPX,7588.49,,7490.0,2,594,0.4196,0.000159
2026-09-10 14:36:30,SPX,7588.49,,7690.0,1650,625,0.3764,0.000159
2026-09-10 14:36:30,SPX,7588.49,,7485.0,2,2229,0.4377,0.000159
2026-09-10 14:36:30,SPX,7588.49,,7695.0,957,313,0.3857,0.000159
2026-09-10 14:36:30,SPX,7588.49,,7480.0,2,1022,0.4559,0.000159
2026-09-10 14:36:30,SPX,7588.49,,7700.0,3133,2015,0.3937,0.000159
2026-09-10 14:36:30,SPX,7588.49,,7475.0,25,8874,0.4742,0.000159
2026-09-10 14:36:30,SPX,7588.49,,7705.0,1432,539,0.4004,0.000159
2026-09-10 14:36:30,SPX,7588.49,,7470.0,7,3562,0.4925,0.000159
2026-09-10 14:36:30,SPX,7588.49,,7710.0,1867,487,0.4057,0.000159
2026-09-10 14:36:30,SPX,7588.49,,7465.0,0,3230,0.5107,0.000159
2026-09-10 14:36:30,SPX,7588.49,,7590.0,108,1446,0.1941,0.002897
2026-09-10 14:36:30,SPX,7588.49,,7585.0,50,501,0.1951,0.002897
2026-09-10 14:36:30,SPX,7588.49,,7595.0,106,612,0.1918,0.002897
2026-09-10 14:36:30,SPX,7588.49,,7580.0,115,2459,0.1966,0.002897
2026-09-10 14:36:30,SPX,7588.49,,7600.0,495,3257,0.1902,0.002897
2026-09-10 14:36:30,SPX,7588.49,,7575.0,317,1871,0.1982,0.002897
2026-09-10 14:36:30,SPX,7588.49,,7605.0,53,767,0.1892,0.002897
2026-09-10 14:36:30,SPX,7588.49,,7570.0,77,3351,0.2005,0.002897
2026-09-10 14:36:30,SPX,7588.49,,7610.0,139,1272,0.1872,0.002897
2026-09-10 14:36:30,SPX,7588.49,,7565.0,50,1039,0.2028,0.002897
2026-09-10 14:36:30,SPX,7588.49,,7615.0,76,610,0.1857,0.002897
2026-09-10 14:36:30,SPX,7588.49,,7560.0,156,1520,0.2045,0.002897
2026-09-10 14:36:30,SPX,7588.49,,7620.0,272,1003,0.1845,0.002897
2026-09-10 14:36:30,SPX,7588.49,,7555.0,27,2091,0.2058,0.002897
2026-09-10 14:36:30,SPX,7588.49,,7625.0,274,2016,0.1832,0.002897
2026-09-10 14:36:30,SPX,7588.49,,7550.0,160,5859,0.2072,0.002897
2026-09-10 14:36:30,SPX,7588.49,,7630.0,231,1698,0.1822,0.002897
2026-09-10 14:36:30,SPX,7588.49,,7545.0,32,3306,0.2088,0.002897
2026-09-10 14:36:30,SPX,7588.49,,7635.0,384,1160,0.1813,0.002897
2026-09-10 14:36:30,SPX,7588.49,,7540.0,249,1739,0.2105,0.002897
2026-09-10 14:36:30,SPX,7588.49,,7640.0,408,856,0.1802,0.002897
2026-09-10 14:36:30,SPX,7588.49,,7535.0,31,2178,0.2122,0.002897
2026-09-10 14:36:30,SPX,7588.49,,7645.0,350,2211,0.1788,0.002897
2026-09-10 14:36:30,SPX,7588.49,,7530.0,23,827,0.2138,0.002897
2026-09-10 14:36:30,SPX,7588.49,,7650.0,1592,4439,0.1773,0.002897
2026-09-10 14:36:30,SPX,7588.49,,7525.0,46,1865,0.2153,0.002897
2026-09-10 14:36:30,SPX,7588.49,,7655.0,365,1595,0.1757,0.002897
2026-09-10 14:36:30,SPX,7588.49,,7520.0,107,1169,0.2169,0.002897
2026-09-10 14:36:30,SPX,7588.49,,7660.0,485,1101,0.1743,0.002897
2026-09-10 14:36:30,SPX,7588.49,,7515.0,16,706,0.2187,0.002897
2026-09-10 14:36:30,SPX,7588.49,,7665.0,411,1004,0.1731,0.002897
2026-09-10 14:36:30,SPX,7588.49,,7510.0,29,1056,0.2207,0.002897
2026-09-10 14:36:30,SPX,7588.49,,7670.0,497,663,0.172,0.002897
2026-09-10 14:36:30,SPX,7588.49,,7505.0,24,436,0.2225,0.002897
2026-09-10 14:36:30,SPX,7588.49,,7675.0,1054,1201,0.1712,0.002897
2026-09-10 14:36:30,SPX,7588.49,,7500.0,554,16515,0.2229,0.002897
2026-09-10 14:36:30,SPX,7588.49,,7680.0,974,1767,0.1706,0.002897
2026-09-10 14:36:30,SPX,7588.49,,7495.0,24,757,0.2245,0.002897
2026-09-10 14:36:30,SPX,7588.49,,7685.0,759,751,0.1704,0.002897
2026-09-10 14:36:30,SPX,7588.49,,7490.0,20,7501,0.2255,0.002897
2026-09-10 14:36:30,SPX,7588.49,,7690.0,1225,1081,0.1704,0.002897
2026-09-10 14:36:30,SPX,7588.49,,7485.0,24,865,0.227,0.002897
2026-09-10 14:36:30,SPX,7588.49,,7695.0,960,576,0.1705,0.002897
2026-09-10 14:36:30,SPX,7588.49,,7480.0,48,1400,0.2283,0.002897
2026-09-10 14:36:30,SPX,7588.49,,7700.0,4171,4330,0.1708,0.002897
2026-09-10 14:36:30,SPX,7588.49,,7475.0,177,1665,0.2303,0.002897
2026-09-10 14:36:30,SPX,7588.49,,7705.0,702,875,0.1711,0.002897
2026-09-10 14:36:30,SPX,7588.49,,7470.0,35,1030,0.2327,0.002897
2026-09-10 14:36:30,SPX,7588.49,,7710.0,1089,1237,0.1715,0.002897
2026-09-10 14:36:30,SPX,7588.49,,7465.0,0,958,0.2356,0.002897
2026-09-10 14:36:30,SPX,7588.49,,7590.0,20,861,0.1281,0.01111
2026-09-10 14:36:30,SPX,7588.49,,7585.0,94,511,0.1296,0.01111
2026-09-10 14:36:30,SPX,7588.49,,7595.0,30,232,0.1269,0.01111
2026-09-10 14:36:30,SPX,7588.49,,7580.0,26,1612,0.1306,0.01111
2026-09-10 14:36:30,SPX,7588.49,,7600.0,132,1587,0.1257,0.01111
2026-09-10 14:36:30,SPX,7588.49,,7575.0,213,528,0.1317,0.01111
2026-09-10 14:36:30,SPX,7588.49,,7605.0,48,324,0.1244,0.01111
2026-09-10 14:36:30,SPX,7588.49,,7570.0,27,225,0.133,0.01111
2026-09-10 14:36:30,SPX,7588.49,,7610.0,46,278,0.1234,0.01111
2026-09-10 14:36:30,SPX,7588.49,,7565.0,22,243,0.1341,0.01111
2026-09-10 14:36:30,SPX,7588.49,,7615.0,48,199,0.1223,0.01111
2026-09-10 14:36:30,SPX,7588.49,,7560.0,28,251,0.1352,0.01111
2026-09-10 14:36:30,SPX,7588.49,,7620.0,65,559,0.1212,0.01111
2026-09-10 14:36:30,SPX,7588.49,,7555.0,19,139,0.1364,0.01111
2026-09-10 14:36:30,SPX,7588.49,,7625.0,75,387,0.1203,0.01111
2026-09-10 14:36:30,SPX,7588.49,,7550.0,56,603,0.1377,0.01111
2026-09-10 14:36:30,SPX,7588.49,,7630.0,148,331,0.1193,0.01111
2026-09-10 14:36:30,SPX,7588.49,,7545.0,10,814,0.1387,0.01111
2026-09-10 14:36:30,SPX,7588.49,,7635.0,65,215,0.1184,0.01111
2026-09-10 14:36:30,SPX,7588.49,,7540.0,2,522,0.1401,0.01111
2026-09-10 14:36:30,SPX,7588.49,,7640.0,69,313,0.1175,0.01111
2026-09-10 14:36:30,SPX,7588.49,,7535.0,0,1430,0.1416,0.01111
2026-09-10 14:36:30,SPX,7588.49,,7645.0,121,383,0.1166,0.01111
2026-09-10 14:36:30,SPX,7588.49,,7530.0,2,1614,0.1431,0.01111
2026-09-10 14:36:30,SPX,7588.49,,7650.0,337,513,0.1156,0.01111
2026-09-10 14:36:30,SPX,7588.49,,7525.0,28,1529,0.1444,0.01111
2026-09-10 14:36:30,SPX,7588.49,,7655.0,83,181,0.1146,0.01111
2026-09-10 14:36:30,SPX,7588.49,,7520.0,7,395,0.1457,0.01111
2026-09-10 14:36:30,SPX,7588.49,,7660.0,69,141,0.1135,0.01111
2026-09-10 14:36:30,SPX,7588.49,,7515.0,3,178,0.1469,0.01111
2026-09-10 14:36:30,SPX,7588.49,,7665.0,165,153,0.1124,0.01111
2026-09-10 14:36:30,SPX,7588.49,,7510.0,24,144,0.1481,0.01111
2026-09-10 14:36:30,SPX,7588.49,,7670.0,147,256,0.1114,0.01111
2026-09-10 14:36:30,SPX,7588.49,,7505.0,1,270,0.1492,0.01111
2026-09-10 14:36:30,SPX,7588.49,,7675.0,869,1302,0.1104,0.01111
2026-09-10 14:36:30,SPX,7588.49,,7500.0,114,6861,0.1502,0.01111
2026-09-10 14:36:30,SPX,7588.49,,7680.0,425,296,0.1095,0.01111
2026-09-10 14:36:30,SPX,7588.49,,7495.0,1,224,0.1513,0.01111
2026-09-10 14:36:30,SPX,7588.49,,7685.0,157,215,0.1087,0.01111
2026-09-10 14:36:30,SPX,7588.49,,7490.0,6,500,0.1525,0.01111
2026-09-10 14:36:30,SPX,7588.49,,7690.0,409,246,0.108,0.01111
2026-09-10 14:36:30,SPX,7588.49,,7485.0,3,173,0.1537,0.01111
2026-09-10 14:36:30,SPX,7588.49,,7695.0,241,80,0.1073,0.01111
2026-09-10 14:36:30,SPX,7588.49,,7480.0,3,285,0.155,0.01111
2026-09-10 14:36:30,SPX,7588.49,,7700.0,1421,1784,0.1068,0.01111
2026-09-10 14:36:30,SPX,7588.49,,7475.0,40,570,0.1563,0.01111
2026-09-10 14:36:30,SPX,7588.49,,7705.0,445,1541,0.1062,0.01111
2026-09-10 14:36:30,SPX,7588.49,,7470.0,2,426,0.1577,0.01111
2026-09-10 14:36:30,SPX,7588.49,,7710.0,298,268,0.1057,0.01111
2026-09-10 14:36:30,SPX,7588.49,,7465.0,0,1163,0.1591,0.01111
2026-09-10 15:06:56,SPX,7586.9,,7585.0,183,1120,0.174,0.000101
2026-09-10 15:06:56,SPX,7586.9,,7590.0,229,1906,0.1687,0.000101
2026-09-10 15:06:56,SPX,7586.9,,7580.0,73,2005,0.1805,0.000101
2026-09-10 15:06:56,SPX,7586.9,,7595.0,1096,2365,0.1684,0.000101
2026-09-10 15:06:56,SPX,7586.9,,7575.0,32,2329,0.1871,0.000101
2026-09-10 15:06:56,SPX,7586.9,,7600.0,1381,5308,0.1698,0.000101
2026-09-10 15:06:56,SPX,7586.9,,7570.0,16,872,0.1962,0.000101
2026-09-10 15:06:56,SPX,7586.9,,7605.0,144,767,0.1743,0.000101
2026-09-10 15:06:56,SPX,7586.9,,7565.0,49,1220,0.2056,0.000101
2026-09-10 15:06:56,SPX,7586.9,,7610.0,172,1556,0.1824,0.000101
2026-09-10 15:06:56,SPX,7586.9,,7560.0,44,1422,0.2186,0.000101
2026-09-10 15:06:56,SPX,7586.9,,7615.0,111,1403,0.1904,0.000101
2026-09-10 15:06:56,SPX,7586.9,,7555.0,23,2048,0.2354,0.000101
2026-09-10 15:06:56,SPX,7586.9,,7620.0,167,1667,0.2104,0.000101
2026-09-10 15:06:56,SPX,7586.9,,7550.0,52,2961,0.2528,0.000101
2026-09-10 15:06:56,SPX,7586.9,,7625.0,338,1295,0.2263,0.000101
2026-09-10 15:06:56,SPX,7586.9,,7545.0,3,1885,0.2675,0.000101
2026-09-10 15:06:56,SPX,7586.9,,7630.0,527,1344,0.2453,0.000101
2026-09-10 15:06:56,SPX,7586.9,,7540.0,46,2032,0.2839,0.000101
2026-09-10 15:06:56,SPX,7586.9,,7635.0,955,829,0.2648,0.000101
2026-09-10 15:06:56,SPX,7586.9,,7535.0,11,1760,0.304,0.000101
2026-09-10 15:06:56,SPX,7586.9,,7640.0,1437,1689,0.2845,0.000101
2026-09-10 15:06:56,SPX,7586.9,,7530.0,51,3730,0.3273,0.000101
2026-09-10 15:06:56,SPX,7586.9,,7645.0,1038,1022,0.3045,0.000101
2026-09-10 15:06:56,SPX,7586.9,,7525.0,137,4075,0.3521,0.000101
2026-09-10 15:06:56,SPX,7586.9,,7650.0,1588,1410,0.324,0.000101
2026-09-10 15:06:56,SPX,7586.9,,7520.0,84,3768,0.3766,0.000101
2026-09-10 15:06:56,SPX,7586.9,,7655.0,644,519,0.3423,0.000101
2026-09-10 15:06:56,SPX,7586.9,,7515.0,4,1161,0.4004,0.000101
2026-09-10 15:06:56,SPX,7586.9,,7660.0,1368,849,0.3623,0.000101
2026-09-10 15:06:56,SPX,7586.9,,7510.0,14,1217,0.4234,0.000101
2026-09-10 15:06:56,SPX,7586.9,,7665.0,840,615,0.3767,0.000101
2026-09-10 15:06:56,SPX,7586.9,,7505.0,13,877,0.4455,0.000101
2026-09-10 15:06:56,SPX,7586.9,,7670.0,986,715,0.3888,0.000101
2026-09-10 15:06:56,SPX,7586.9,,7500.0,118,3557,0.4659,0.000101
2026-09-10 15:06:56,SPX,7586.9,,7675.0,2059,1395,0.4023,0.000101
2026-09-10 15:06:56,SPX,7586.9,,7495.0,4,950,0.4841,0.000101
2026-09-10 15:06:56,SPX,7586.9,,7680.0,3347,1095,0.4104,0.000101
2026-09-10 15:06:56,SPX,7586.9,,7490.0,2,594,0.5,0.000101
2026-09-10 15:06:56,SPX,7586.9,,7685.0,1785,532,0.4165,0.000101
2026-09-10 15:06:56,SPX,7586.9,,7485.0,2,2229,0.5136,0.000101
2026-09-10 15:06:56,SPX,7586.9,,7690.0,1650,625,0.4211,0.000101
2026-09-10 15:06:56,SPX,7586.9,,7480.0,2,1022,0.5253,0.000101
2026-09-10 15:06:56,SPX,7586.9,,7695.0,957,313,0.4241,0.000101
2026-09-10 15:06:56,SPX,7586.9,,7475.0,25,8874,0.5353,0.000101
2026-09-10 15:06:56,SPX,7586.9,,7700.0,3133,2015,0.4261,0.000101
2026-09-10 15:06:56,SPX,7586.9,,7470.0,7,3562,0.5436,0.000101
2026-09-10 15:06:56,SPX,7586.9,,7705.0,1432,539,0.4273,0.000101
2026-09-10 15:06:56,SPX,7586.9,,7465.0,0,3230,0.5504,0.000101
2026-09-10 15:06:56,SPX,7586.9,,7710.0,1867,487,0.4279,0.000101
2026-09-10 15:06:56,SPX,7586.9,,7585.0,50,501,0.201,0.002839
2026-09-10 15:06:56,SPX,7586.9,,7590.0,108,1446,0.1994,0.002839
2026-09-10 15:06:56,SPX,7586.9,,7580.0,115,2459,0.2028,0.002839
2026-09-10 15:06:56,SPX,7586.9,,7595.0,106,612,0.1979,0.002839
2026-09-10 15:06:56,SPX,7586.9,,7575.0,317,1871,0.2045,0.002839
2026-09-10 15:06:56,SPX,7586.9,,7600.0,495,3257,0.1963,0.002839
2026-09-10 15:06:56,SPX,7586.9,,7570.0,77,3351,0.2065,0.002839
2026-09-10 15:06:56,SPX,7586.9,,7605.0,53,767,0.1948,0.002839
2026-09-10 15:06:56,SPX,7586.9,,7565.0,50,1039,0.2073,0.002839
2026-09-10 15:06:56,SPX,7586.9,,7610.0,139,1272,0.1931,0.002839
2026-09-10 15:06:56,SPX,7586.9,,7560.0,156,1520,0.2087,0.002839
2026-09-10 15:06:56,SPX,7586.9,,7615.0,76,610,0.1919,0.002839
2026-09-10 15:06:56,SPX,7586.9,,7555.0,27,2091,0.2104,0.002839
2026-09-10 15:06:56,SPX,7586.9,,7620.0,272,1003,0.1904,0.002839
2026-09-10 15:06:56,SPX,7586.9,,7550.0,160,5859,0.2122,0.002839
2026-09-10 15:06:56,SPX,7586.9,,7625.0,274,2016,0.1888,0.002839
2026-09-10 15:06:56,SPX,7586.9,,7545.0,32,3306,0.2146,0.002839
2026-09-10 15:06:56,SPX,7586.9,,7630.0,231,1698,0.1871,0.002839
2026-09-10 15:06:56,SPX,7586.9,,7540.0,249,1739,0.2167,0.002839
2026-09-10 15:06:56,SPX,7586.9,,7635.0,384,1160,0.1862,0.002839
2026-09-10 15:06:56,SPX,7586.9,,7535.0,31,2178,0.2186,0.002839
2026-09-10 15:06:56,SPX,7586.9,,7640.0,408,856,0.1856,0.002839
2026-09-10 15:06:56,SPX,7586.9,,7530.0,23,827,0.2201,0.002839
2026-09-10 15:06:56,SPX,7586.9,,7645.0,350,2211,0.1847,0.002839
2026-09-10 15:06:56,SPX,7586.9,,7525.0,46,1865,0.2213,0.002839
2026-09-10 15:06:56,SPX,7586.9,,7650.0,1592,4439,0.184,0.002839
2026-09-10 15:06:56,SPX,7586.9,,7520.0,107,1169,0.2225,0.002839
2026-09-10 15:06:56,SPX,7586.9,,7655.0,365,1595,0.1831,0.002839
2026-09-10 15:06:56,SPX,7586.9,,7515.0,16,706,0.224,0.002839
2026-09-10 15:06:56,SPX,7586.9,,7660.0,485,1101,0.182,0.002839
2026-09-10 15:06:56,SPX,7586.9,,7510.0,29,1056,0.2256,0.002839
2026-09-10 15:06:56,SPX,7586.9,,7665.0,411,1004,0.1807,0.002839
2026-09-10 15:06:56,SPX,7586.9,,7505.0,24,436,0.2275,0.002839
2026-09-10 15:06:56,SPX,7586.9,,7670.0,497,663,0.1795,0.002839
2026-09-10 15:06:56,SPX,7586.9,,7500.0,554,16515,0.2294,0.002839
2026-09-10 15:06:56,SPX,7586.9,,7675.0,1054,1201,0.1784,0.002839
2026-09-10 15:06:56,SPX,7586.9,,7495.0,24,757,0.2313,0.002839
2026-09-10 15:06:56,SPX,7586.9,,7680.0,974,1767,0.1775,0.002839
2026-09-10 15:06:56,SPX,7586.9,,7490.0,20,7501,0.2329,0.002839
2026-09-10 15:06:56,SPX,7586.9,,7685.0,759,751,0.1768,0.002839
2026-09-10 15:06:56,SPX,7586.9,,7485.0,24,865,0.2342,0.002839
2026-09-10 15:06:56,SPX,7586.9,,7690.0,1225,1081,0.1762,0.002839
2026-09-10 15:06:56,SPX,7586.9,,7480.0,48,1400,0.2355,0.002839
2026-09-10 15:06:56,SPX,7586.9,,7695.0,960,576,0.1758,0.002839
2026-09-10 15:06:56,SPX,7586.9,,7475.0,177,1665,0.2365,0.002839
2026-09-10 15:06:56,SPX,7586.9,,7700.0,4171,4330,0.1757,0.002839
2026-09-10 15:06:56,SPX,7586.9,,7470.0,0,1030,0.238,0.002839
2026-09-10 15:06:56,SPX,7586.9,,7705.0,702,875,0.1758,0.002839
2026-09-10 15:06:56,SPX,7586.9,,7465.0,0,958,0.2396,0.002839
2026-09-10 15:06:56,SPX,7586.9,,7710.0,1089,1237,0.1761,0.002839
2026-09-10 15:06:56,SPX,7586.9,,7585.0,94,511,0.1319,0.011052
2026-09-10 15:06:56,SPX,7586.9,,7590.0,20,861,0.1308,0.011052
2026-09-10 15:06:56,SPX,7586.9,,7580.0,26,1612,0.133,0.011052
2026-09-10 15:06:56,SPX,7586.9,,7595.0,30,232,0.1297,0.011052
2026-09-10 15:06:56,SPX,7586.9,,7575.0,213,528,0.1341,0.011052
2026-09-10 15:06:56,SPX,7586.9,,7600.0,132,1587,0.1289,0.011052
2026-09-10 15:06:56,SPX,7586.9,,7570.0,27,225,0.1353,0.011052
2026-09-10 15:06:56,SPX,7586.9,,7605.0,48,324,0.1273,0.011052
2026-09-10 15:06:56,SPX,7586.9,,7565.0,22,243,0.1365,0.011052
2026-09-10 15:06:56,SPX,7586.9,,7610.0,46,278,0.1261,0.011052
2026-09-10 15:06:56,SPX,7586.9,,7560.0,28,251,0.1378,0.011052
2026-09-10 15:06:56,SPX,7586.9,,7615.0,48,199,0.125,0.011052
2026-09-10 15:06:56,SPX,7586.9,,7555.0,19,139,0.1392,0.011052
2026-09-10 15:06:56,SPX,7586.9,,7620.0,65,559,0.1238,0.011052
2026-09-10 15:06:56,SPX,7586.9,,7550.0,56,603,0.1407,0.011052
2026-09-10 15:06:56,SPX,7586.9,,7625.0,75,387,0.1227,0.011052
2026-09-10 15:06:56,SPX,7586.9,,7545.0,10,814,0.1421,0.011052
2026-09-10 15:06:56,SPX,7586.9,,7630.0,148,331,0.1218,0.011052
2026-09-10 15:06:56,SPX,7586.9,,7540.0,2,522,0.1434,0.011052
2026-09-10 15:06:56,SPX,7586.9,,7635.0,65,215,0.121,0.011052
2026-09-10 15:06:56,SPX,7586.9,,7535.0,0,1430,0.1447,0.011052
2026-09-10 15:06:56,SPX,7586.9,,7640.0,69,313,0.1203,0.011052
2026-09-10 15:06:56,SPX,7586.9,,7530.0,2,1614,0.146,0.011052
2026-09-10 15:06:56,SPX,7586.9,,7645.0,121,383,0.1193,0.011052
2026-09-10 15:06:56,SPX,7586.9,,7525.0,0,1529,0.1471,0.011052
2026-09-10 15:06:56,SPX,7586.9,,7650.0,337,513,0.1182,0.011052
2026-09-10 15:06:56,SPX,7586.9,,7520.0,7,395,0.1483,0.011052
2026-09-10 15:06:56,SPX,7586.9,,7655.0,83,181,0.117,0.011052
2026-09-10 15:06:56,SPX,7586.9,,7515.0,3,178,0.1494,0.011052
2026-09-10 15:06:56,SPX,7586.9,,7660.0,69,141,0.1159,0.011052
2026-09-10 15:06:56,SPX,7586.9,,7510.0,24,144,0.1506,0.011052
2026-09-10 15:06:56,SPX,7586.9,,7665.0,165,153,0.1148,0.011052
2026-09-10 15:06:56,SPX,7586.9,,7505.0,1,270,0.1518,0.011052
2026-09-10 15:06:56,SPX,7586.9,,7670.0,147,256,0.1137,0.011052
2026-09-10 15:06:56,SPX,7586.9,,7500.0,114,6861,0.1531,0.011052
2026-09-10 15:06:56,SPX,7586.9,,7675.0,869,1302,0.1128,0.011052
2026-09-10 15:06:56,SPX,7586.9,,7495.0,1,224,0.1544,0.011052
2026-09-10 15:06:56,SPX,7586.9,,7680.0,425,296,0.112,0.011052
2026-09-10 15:06:56,SPX,7586.9,,7490.0,6,500,0.1557,0.011052
2026-09-10 15:06:56,SPX,7586.9,,7685.0,157,215,0.1113,0.011052
2026-09-10 15:06:56,SPX,7586.9,,7485.0,3,173,0.1571,0.011052
2026-09-10 15:06:56,SPX,7586.9,,7690.0,409,246,0.1107,0.011052
2026-09-10 15:06:56,SPX,7586.9,,7480.0,3,285,0.1585,0.011052
2026-09-10 15:06:56,SPX,7586.9,,7695.0,241,80,0.1101,0.011052
2026-09-10 15:06:56,SPX,7586.9,,7475.0,40,570,0.1599,0.011052
2026-09-10 15:06:56,SPX,7586.9,,7700.0,1421,1784,0.1095,0.011052
2026-09-10 15:06:56,SPX,7586.9,,7470.0,2,426,0.1613,0.011052
2026-09-10 15:06:56,SPX,7586.9,,7705.0,445,1541,0.1089,0.011052
2026-09-10 15:06:56,SPX,7586.9,,7465.0,0,1163,0.1626,0.011052
2026-09-10 15:06:56,SPX,7586.9,,7710.0,298,268,0.1083,0.011052
2026-09-10 15:37:22,SPX,7591.53,7693.66,7590.0,229,1906,0.191,4.3e-05
2026-09-10 15:37:22,SPX,7591.53,7693.66,7595.0,1096,2365,0.1858,4.3e-05
2026-09-10 15:37:22,SPX,7591.53,7693.66,7585.0,183,1120,0.198,4.3e-05
2026-09-10 15:37:22,SPX,7591.53,7693.66,7600.0,1381,5308,0.1847,4.3e-05
2026-09-10 15:37:22,SPX,7591.53,7693.66,7580.0,73,2005,0.2083,4.3e-05
2026-09-10 15:37:22,SPX,7591.53,7693.66,7605.0,144,767,0.1912,4.3e-05
2026-09-10 15:37:22,SPX,7591.53,7693.66,7575.0,32,2329,0.2209,4.3e-05
2026-09-10 15:37:22,SPX,7591.53,7693.66,7610.0,172,1556,0.2061,4.3e-05
2026-09-10 15:37:22,SPX,7591.53,7693.66,7570.0,16,872,0.2369,4.3e-05
2026-09-10 15:37:22,SPX,7591.53,7693.66,7615.0,111,1403,0.2265,4.3e-05
2026-09-10 15:37:22,SPX,7591.53,7693.66,7565.0,49,1220,0.2571,4.3e-05
2026-09-10 15:37:22,SPX,7591.53,7693.66,7620.0,167,1667,0.2486,4.3e-05
2026-09-10 15:37:22,SPX,7591.53,7693.66,7560.0,44,1422,0.2813,4.3e-05
2026-09-10 15:37:22,SPX,7591.53,7693.66,7625.0,338,1295,0.2741,4.3e-05
2026-09-10 15:37:22,SPX,7591.53,7693.66,7555.0,23,2048,0.3115,4.3e-05
2026-09-10 15:37:22,SPX,7591.53,7693.66,7630.0,527,1344,0.3013,4.3e-05
2026-09-10 15:37:22,SPX,7591.53,7693.66,7550.0,52,2961,0.3517,4.3e-05
2026-09-10 15:37:22,SPX,7591.53,7693.66,7635.0,955,829,0.329,4.3e-05
2026-09-10 15:37:22,SPX,7591.53,7693.66,7545.0,3,1885,0.3854,4.3e-05
2026-09-10 15:37:22,SPX,7591.53,7693.66,7640.0,1437,1689,0.3491,4.3e-05
2026-09-10 15:37:22,SPX,7591.53,7693.66,7540.0,46,2032,0.418,4.3e-05
2026-09-10 15:37:22,SPX,7591.53,7693.66,7645.0,1038,1022,0.3651,4.3e-05
2026-09-10 15:37:22,SPX,7591.53,7693.66,7535.0,11,1760,0.4514,4.3e-05
2026-09-10 15:37:22,SPX,7591.53,7693.66,7650.0,1588,1410,0.3781,4.3e-05
2026-09-10 15:37:22,SPX,7591.53,7693.66,7530.0,51,3730,0.4829,4.3e-05
2026-09-10 15:37:22,SPX,7591.53,7693.66,7655.0,644,519,0.3884,4.3e-05
2026-09-10 15:37:22,SPX,7591.53,7693.66,7525.0,137,4075,0.5111,4.3e-05
2026-09-10 15:37:22,SPX,7591.53,7693.66,7660.0,1368,849,0.3983,4.3e-05
2026-09-10 15:37:22,SPX,7591.53,7693.66,7520.0,84,3768,0.5355,4.3e-05
2026-09-10 15:37:22,SPX,7591.53,7693.66,7665.0,840,615,0.4056,4.3e-05
2026-09-10 15:37:22,SPX,7591.53,7693.66,7515.0,4,1161,0.5561,4.3e-05
2026-09-10 15:37:22,SPX,7591.53,7693.66,7670.0,986,715,0.412,4.3e-05
2026-09-10 15:37:22,SPX,7591.53,7693.66,7510.0,14,1217,0.5728,4.3e-05
2026-09-10 15:37:22,SPX,7591.53,7693.66,7675.0,2059,1395,0.4189,4.3e-05
2026-09-10 15:37:22,SPX,7591.53,7693.66,7505.0,13,877,0.5856,4.3e-05
2026-09-10 15:37:22,SPX,7591.53,7693.66,7680.0,3347,1095,0.4236,4.3e-05
2026-09-10 15:37:22,SPX,7591.53,7693.66,7500.0,118,3557,0.5949,4.3e-05
2026-09-10 15:37:22,SPX,7591.53,7693.66,7685.0,1785,532,0.4271,4.3e-05
2026-09-10 15:37:22,SPX,7591.53,7693.66,7495.0,4,950,0.6008,4.3e-05
2026-09-10 15:37:22,SPX,7591.53,7693.66,7690.0,1650,625,0.4297,4.3e-05
2026-09-10 15:37:22,SPX,7591.53,7693.66,7490.0,2,594,0.604,4.3e-05
2026-09-10 15:37:22,SPX,7591.53,7693.66,7695.0,957,313,0.4313,4.3e-05
2026-09-10 15:37:22,SPX,7591.53,7693.66,7485.0,2,2229,0.6049,4.3e-05
2026-09-10 15:37:22,SPX,7591.53,7693.66,7700.0,3133,2015,0.4322,4.3e-05
2026-09-10 15:37:22,SPX,7591.53,7693.66,7480.0,2,1022,0.6042,4.3e-05
2026-09-10 15:37:22,SPX,7591.53,7693.66,7705.0,1432,539,0.4324,4.3e-05
2026-09-10 15:37:22,SPX,7591.53,7693.66,7475.0,25,8874,0.6022,4.3e-05
2026-09-10 15:37:22,SPX,7591.53,7693.66,7710.0,1867,487,0.4322,4.3e-05
2026-09-10 15:37:22,SPX,7591.53,7693.66,7470.0,7,3562,0.5992,4.3e-05
2026-09-10 15:37:22,SPX,7591.53,7693.66,7715.0,1746,707,0.4317,4.3e-05
2026-09-10 15:37:22,SPX,7591.53,7693.66,7590.0,108,1446,0.1943,0.002781
2026-09-10 15:37:22,SPX,7591.53,7693.66,7595.0,106,612,0.1928,0.002781
2026-09-10 15:37:22,SPX,7591.53,7693.66,7585.0,50,501,0.1965,0.002781
2026-09-10 15:37:22,SPX,7591.53,7693.66,7600.0,495,3257,0.1911,0.002781
2026-09-10 15:37:22,SPX,7591.53,7693.66,7580.0,115,2459,0.1972,0.002781
2026-09-10 15:37:22,SPX,7591.53,7693.66,7605.0,53,767,0.1892,0.002781
2026-09-10 15:37:22,SPX,7591.53,7693.66,7575.0,317,1871,0.1991,0.002781
2026-09-10 15:37:22,SPX,7591.53,7693.66,7610.0,139,1272,0.1876,0.002781
2026-09-10 15:37:22,SPX,7591.53,7693.66,7570.0,77,3351,0.2014,0.002781
2026-09-10 15:37:22,SPX,7591.53,7693.66,7615.0,76,610,0.1866,0.002781
2026-09-10 15:37:22,SPX,7591.53,7693.66,7565.0,50,1039,0.2023,0.002781
2026-09-10 15:37:22,SPX,7591.53,7693.66,7620.0,272,1003,0.1856,0.002781
2026-09-10 15:37:22,SPX,7591.53,7693.66,7560.0,156,1520,0.2044,0.002781
2026-09-10 15:37:22,SPX,7591.53,7693.66,7625.0,274,2016,0.1826,0.002781
2026-09-10 15:37:22,SPX,7591.53,7693.66,7555.0,27,2091,0.2059,0.002781
2026-09-10 15:37:22,SPX,7591.53,7693.66,7630.0,231,1698,0.1815,0.002781
2026-09-10 15:37:22,SPX,7591.53,7693.66,7550.0,160,5859,0.2074,0.002781
2026-09-10 15:37:22,SPX,7591.53,7693.66,7635.0,384,1160,0.1802,0.002781
2026-09-10 15:37:22,SPX,7591.53,7693.66,7545.0,32,3306,0.209,0.002781
2026-09-10 15:37:22,SPX,7591.53,7693.66,7640.0,408,856,0.1786,0.002781
2026-09-10 15:37:22,SPX,7591.53,7693.66,7540.0,249,1739,0.2111,0.002781
2026-09-10 15:37:22,SPX,7591.53,7693.66,7645.0,350,2211,0.1776,0.002781
2026-09-10 15:37:22,SPX,7591.53,7693.66,7535.0,31,2178,0.2134,0.002781
2026-09-10 15:37:22,SPX,7591.53,7693.66,7650.0,1592,4439,0.176,0.002781
2026-09-10 15:37:22,SPX,7591.53,7693.66,7530.0,23,827,0.2154,0.002781
2026-09-10 15:37:22,SPX,7591.53,7693.66,7655.0,365,1595,0.1751,0.002781
2026-09-10 15:37:22,SPX,7591.53,7693.66,7525.0,46,1865,0.2165,0.002781
2026-09-10 15:37:22,SPX,7591.53,7693.66,7660.0,485,1101,0.1743,0.002781
2026-09-10 15:37:22,SPX,7591.53,7693.66,7520.0,107,1169,0.2173,0.002781
2026-09-10 15:37:22,SPX,7591.53,7693.66,7665.0,411,1004,0.1734,0.002781
2026-09-10 15:37:22,SPX,7591.53,7693.66,7515.0,16,706,0.2189,0.002781
2026-09-10 15:37:22,SPX,7591.53,7693.66,7670.0,497,663,0.1726,0.002781
2026-09-10 15:37:22,SPX,7591.53,7693.66,7510.0,29,1056,0.2212,0.002781
2026-09-10 15:37:22,SPX,7591.53,7693.66,7675.0,1054,1201,0.1716,0.002781
2026-09-10 15:37:22,SPX,7591.53,7693.66,7505.0,24,436,0.2233,0.002781
2026-09-10 15:37:22,SPX,7591.53,7693.66,7680.0,974,1767,0.1709,0.002781
2026-09-10 15:37:22,SPX,7591.53,7693.66,7500.0,554,16515,0.2247,0.002781
2026-09-10 15:37:22,SPX,7591.53,7693.66,7685.0,759,751,0.1702,0.002781
2026-09-10 15:37:22,SPX,7591.53,7693.66,7495.0,24,757,0.2259,0.002781
2026-09-10 15:37:22,SPX,7591.53,7693.66,7690.0,1225,1081,0.1694,0.002781
2026-09-10 15:37:22,SPX,7591.53,7693.66,7490.0,20,7501,0.2272,0.002781
2026-09-10 15:37:22,SPX,7591.53,7693.66,7695.0,960,576,0.1687,0.002781
2026-09-10 15:37:22,SPX,7591.53,7693.66,7485.0,24,865,0.229,0.002781
2026-09-10 15:37:22,SPX,7591.53,7693.66,7700.0,4171,4330,0.1682,0.002781
2026-09-10 15:37:22,SPX,7591.53,7693.66,7480.0,48,1400,0.23,0.002781
2026-09-10 15:37:22,SPX,7591.53,7693.66,7705.0,702,875,0.168,0.002781
2026-09-10 15:37:22,SPX,7591.53,7693.66,7475.0,177,1665,0.2328,0.002781
2026-09-10 15:37:22,SPX,7591.53,7693.66,7710.0,1089,1237,0.1682,0.002781
2026-09-10 15:37:22,SPX,7591.53,7693.66,7470.0,35,1030,0.2337,0.002781
2026-09-10 15:37:22,SPX,7591.53,7693.66,7715.0,926,1196,0.1687,0.002781
2026-09-10 15:37:22,SPX,7591.53,7693.66,7590.0,20,861,0.1285,0.010994
2026-09-10 15:37:22,SPX,7591.53,7693.66,7595.0,30,232,0.1276,0.010994
2026-09-10 15:37:22,SPX,7591.53,7693.66,7585.0,94,511,0.1296,0.010994
2026-09-10 15:37:22,SPX,7591.53,7693.66,7600.0,132,1587,0.1258,0.010994
2026-09-10 15:37:22,SPX,7591.53,7693.66,7580.0,26,1612,0.1307,0.010994
2026-09-10 15:37:22,SPX,7591.53,7693.66,7605.0,48,324,0.1246,0.010994
2026-09-10 15:37:22,SPX,7591.53,7693.66,7575.0,213,528,0.1319,0.010994
2026-09-10 15:37:22,SPX,7591.53,7693.66,7610.0,46,278,0.1235,0.010994
2026-09-10 15:37:22,SPX,7591.53,7693.66,7570.0,27,225,0.1331,0.010994
2026-09-10 15:37:22,SPX,7591.53,7693.66,7615.0,48,199,0.1222,0.010994
2026-09-10 15:37:22,SPX,7591.53,7693.66,7565.0,22,243,0.1344,0.010994
2026-09-10 15:37:22,SPX,7591.53,7693.66,7620.0,65,559,0.121,0.010994
2026-09-10 15:37:22,SPX,7591.53,7693.66,7560.0,28,251,0.1357,0.010994
2026-09-10 15:37:22,SPX,7591.53,7693.66,7625.0,75,387,0.1201,0.010994
2026-09-10 15:37:22,SPX,7591.53,7693.66,7555.0,19,139,0.1371,0.010994
2026-09-10 15:37:22,SPX,7591.53,7693.66,7630.0,148,331,0.1189,0.010994
2026-09-10 15:37:22,SPX,7591.53,7693.66,7550.0,56,603,0.1382,0.010994
2026-09-10 15:37:22,SPX,7591.53,7693.66,7635.0,65,215,0.118,0.010994
2026-09-10 15:37:22,SPX,7591.53,7693.66,7545.0,10,814,0.1396,0.010994
2026-09-10 15:37:22,SPX,7591.53,7693.66,7640.0,69,313,0.117,0.010994
2026-09-10 15:37:22,SPX,7591.53,7693.66,7540.0,2,522,0.1411,0.010994
2026-09-10 15:37:22,SPX,7591.53,7693.66,7645.0,121,383,0.1161,0.010994
2026-09-10 15:37:22,SPX,7591.53,7693.66,7535.0,0,1430,0.1425,0.010994
2026-09-10 15:37:22,SPX,7591.53,7693.66,7650.0,337,513,0.1153,0.010994
2026-09-10 15:37:22,SPX,7591.53,7693.66,7530.0,2,1614,0.1439,0.010994
2026-09-10 15:37:22,SPX,7591.53,7693.66,7655.0,83,181,0.1145,0.010994
2026-09-10 15:37:22,SPX,7591.53,7693.66,7525.0,28,1529,0.1453,0.010994
2026-09-10 15:37:22,SPX,7591.53,7693.66,7660.0,69,141,0.1135,0.010994
2026-09-10 15:37:22,SPX,7591.53,7693.66,7520.0,7,395,0.1466,0.010994
2026-09-10 15:37:22,SPX,7591.53,7693.66,7665.0,165,153,0.1123,0.010994
2026-09-10 15:37:22,SPX,7591.53,7693.66,7515.0,3,178,0.1478,0.010994
2026-09-10 15:37:22,SPX,7591.53,7693.66,7670.0,147,256,0.1112,0.010994
2026-09-10 15:37:22,SPX,7591.53,7693.66,7510.0,24,144,0.149,0.010994
2026-09-10 15:37:22,SPX,7591.53,7693.66,7675.0,869,1302,0.1102,0.010994
2026-09-10 15:37:22,SPX,7591.53,7693.66,7505.0,1,270,0.1501,0.010994
2026-09-10 15:37:22,SPX,7591.53,7693.66,7680.0,425,296,0.1093,0.010994
2026-09-10 15:37:22,SPX,7591.53,7693.66,7500.0,114,6861,0.1513,0.010994
2026-09-10 15:37:22,SPX,7591.53,7693.66,7685.0,157,215,0.1084,0.010994
2026-09-10 15:37:22,SPX,7591.53,7693.66,7495.0,1,224,0.1525,0.010994
2026-09-10 15:37:22,SPX,7591.53,7693.66,7690.0,409,246,0.1077,0.010994
2026-09-10 15:37:22,SPX,7591.53,7693.66,7490.0,6,500,0.1538,0.010994
2026-09-10 15:37:22,SPX,7591.53,7693.66,7695.0,241,80,0.1071,0.010994
2026-09-10 15:37:22,SPX,7591.53,7693.66,7485.0,3,173,0.1551,0.010994
2026-09-10 15:37:22,SPX,7591.53,7693.66,7700.0,1421,1784,0.1065,0.010994
2026-09-10 15:37:22,SPX,7591.53,7693.66,7480.0,3,285,0.1566,0.010994
2026-09-10 15:37:22,SPX,7591.53,7693.66,7705.0,445,1541,0.106,0.010994
2026-09-10 15:37:22,SPX,7591.53,7693.66,7475.0,40,570,0.158,0.010994
2026-09-10 15:37:22,SPX,7591.53,7693.66,7710.0,298,268,0.1055,0.010994
2026-09-10 15:37:22,SPX,7591.53,7693.66,7470.0,2,426,0.1595,0.010994
2026-09-10 15:37:22,SPX,7591.53,7693.66,7715.0,115,62,0.1049,0.010994
