timestamp,symbol,spot,gflip,strike,oi_call,oi_put,iv,T
2026-09-04 09:31:30,SPX,7736.58,7712.4,7735.0,1634,1097,0.1652,0.000739
2026-09-04 09:31:30,SPX,7736.58,7712.4,7740.0,2759,1836,0.1628,0.000739
2026-09-04 09:31:30,SPX,7736.58,7712.4,7730.0,2340,2267,0.1692,0.000739
2026-09-04 09:31:30,SPX,7736.58,7712.4,7745.0,1960,1195,0.1613,0.000739
2026-09-04 09:31:30,SPX,7736.58,7712.4,7725.0,2819,2807,0.1703,0.000739
2026-09-04 09:31:30,SPX,7736.58,7712.4,7750.0,6185,5309,0.159,0.000739
2026-09-04 09:31:30,SPX,7736.58,7712.4,7720.0,1909,3215,0.1748,0.000739
2026-09-04 09:31:30,SPX,7736.58,7712.4,7755.0,2764,513,0.1567,0.000739
2026-09-04 09:31:30,SPX,7736.58,7712.4,7715.0,2579,1715,0.1787,0.000739
2026-09-04 09:31:30,SPX,7736.58,7712.4,7760.0,2701,447,0.155,0.000739
2026-09-04 09:31:30,SPX,7736.58,7712.4,7710.0,1288,2750,0.1822,0.000739
2026-09-04 09:31:30,SPX,7736.58,7712.4,7765.0,1972,328,0.1552,0.000739
2026-09-04 09:31:30,SPX,7736.58,7712.4,7705.0,855,1319,0.185,0.000739
2026-09-04 09:31:30,SPX,7736.58,7712.4,7770.0,3190,366,0.156,0.000739
2026-09-04 09:31:30,SPX,7736.58,7712.4,7700.0,4599,7509,0.1899,0.000739
2026-09-04 09:31:30,SPX,7736.58,7712.4,7775.0,2643,624,0.1574,0.000739
2026-09-04 09:31:30,SPX,7736.58,7712.4,7695.0,1000,2544,0.1916,0.000739
2026-09-04 09:31:30,SPX,7736.58,7712.4,7780.0,4722,257,0.1596,0.000739
2026-09-04 09:31:30,SPX,7736.58,7712.4,7690.0,831,2516,0.1943,0.000739
2026-09-04 09:31:30,SPX,7736.58,7712.4,7785.0,2519,110,0.1619,0.000739
2026-09-04 09:31:30,SPX,7736.58,7712.4,7685.0,1020,1871,0.2004,0.000739
2026-09-04 09:31:30,SPX,7736.58,7712.4,7790.0,3745,195,0.1653,0.000739
2026-09-04 09:31:30,SPX,7736.58,7712.4,7680.0,1779,3863,0.2012,0.000739
2026-09-04 09:31:30,SPX,7736.58,7712.4,7795.0,2098,120,0.1695,0.000739
2026-09-04 09:31:30,SPX,7736.58,7712.4,7675.0,1474,3620,0.2052,0.000739
2026-09-04 09:31:30,SPX,7736.58,7712.4,7800.0,6740,910,0.1737,0.000739
2026-09-04 09:31:30,SPX,7736.58,7712.4,7670.0,934,2049,0.2112,0.000739
2026-09-04 09:31:30,SPX,7736.58,7712.4,7805.0,2874,192,0.178,0.000739
2026-09-04 09:31:30,SPX,7736.58,7712.4,7665.0,537,2859,0.2156,0.000739
2026-09-04 09:31:30,SPX,7736.58,7712.4,7810.0,4330,154,0.1825,0.000739
2026-09-04 09:31:30,SPX,7736.58,7712.4,7660.0,496,2092,0.2209,0.000739
2026-09-04 09:31:30,SPX,7736.58,7712.4,7815.0,2365,187,0.1874,0.000739
2026-09-04 09:31:30,SPX,7736.58,7712.4,7655.0,376,1443,0.2247,0.000739
2026-09-04 09:31:30,SPX,7736.58,7712.4,7820.0,7423,74,0.1927,0.000739
2026-09-04 09:31:30,SPX,7736.58,7712.4,7650.0,2096,5728,0.2265,0.000739
2026-09-04 09:31:30,SPX,7736.58,7712.4,7825.0,9062,193,0.1983,0.000739
2026-09-04 09:31:30,SPX,7736.58,7712.4,7645.0,574,1535,0.2288,0.000739
2026-09-04 09:31:30,SPX,7736.58,7712.4,7830.0,11312,13,0.204,0.000739
2026-09-04 09:31:30,SPX,7736.58,7712.4,7640.0,434,2219,0.2329,0.000739
2026-09-04 09:31:30,SPX,7736.58,7712.4,7835.0,8226,9,0.2098,0.000739
2026-09-04 09:31:30,SPX,7736.58,7712.4,7635.0,510,1919,0.238,0.000739
2026-09-04 09:31:30,SPX,7736.58,7712.4,7840.0,1969,24,0.2157,0.000739
2026-09-04 09:31:30,SPX,7736.58,7712.4,7630.0,781,2809,0.2435,0.000739
2026-09-04 09:31:30,SPX,7736.58,7712.4,7845.0,4242,21,0.2217,0.000739
2026-09-04 09:31:30,SPX,7736.58,7712.4,7625.0,829,2764,0.2499,0.000739
2026-09-04 09:31:30,SPX,7736.58,7712.4,7850.0,6275,110,0.2276,0.000739
2026-09-04 09:31:30,SPX,7736.58,7712.4,7620.0,365,1776,0.2567,0.000739
2026-09-04 09:31:30,SPX,7736.58,7712.4,7855.0,1842,55,0.2333,0.000739
2026-09-04 09:31:30,SPX,7736.58,7712.4,7615.0,197,2202,0.2632,0.000739
2026-09-04 09:31:30,SPX,7736.58,7712.4,7860.0,1512,73,0.239,0.000739
2026-09-04 09:31:30,SPX,7736.58,7712.4,7735.0,439,153,0.0696,0.01169
2026-09-04 09:31:30,SPX,7736.58,7712.4,7740.0,536,330,0.0699,0.01169
2026-09-04 09:31:30,SPX,7736.58,7712.4,7730.0,547,556,0.0695,0.01169
2026-09-04 09:31:30,SPX,7736.58,7712.4,7745.0,926,267,0.0693,0.01169
2026-09-04 09:31:30,SPX,7736.58,7712.4,7725.0,1638,1398,0.0705,0.01169
2026-09-04 09:31:30,SPX,7736.58,7712.4,7750.0,2653,2146,0.0683,0.01169
2026-09-04 09:31:30,SPX,7736.58,7712.4,7720.0,641,645,0.072,0.01169
2026-09-04 09:31:30,SPX,7736.58,7712.4,7755.0,782,596,0.0673,0.01169
2026-09-04 09:31:30,SPX,7736.58,7712.4,7715.0,493,625,0.0732,0.01169
2026-09-04 09:31:30,SPX,7736.58,7712.4,7760.0,1166,166,0.0666,0.01169
2026-09-04 09:31:30,SPX,7736.58,7712.4,7710.0,366,400,0.0742,0.01169
2026-09-04 09:31:30,SPX,7736.58,7712.4,7765.0,991,92,0.066,0.01169
2026-09-04 09:31:30,SPX,7736.58,7712.4,7705.0,308,349,0.0758,0.01169
2026-09-04 09:31:30,SPX,7736.58,7712.4,7770.0,1081,174,0.0655,0.01169
2026-09-04 09:31:30,SPX,7736.58,7712.4,7700.0,1344,1202,0.076,0.01169
2026-09-04 09:31:30,SPX,7736.58,7712.4,7775.0,1499,221,0.0654,0.01169
2026-09-04 09:31:30,SPX,7736.58,7712.4,7695.0,1083,401,0.077,0.01169
2026-09-04 09:31:30,SPX,7736.58,7712.4,7780.0,770,124,0.0654,0.01169
2026-09-04 09:31:30,SPX,7736.58,7712.4,7690.0,291,769,0.078,0.01169
2026-09-04 09:31:30,SPX,7736.58,7712.4,7785.0,561,33,0.0655,0.01169
2026-09-04 09:31:30,SPX,7736.58,7712.4,7685.0,198,588,0.0786,0.01169
2026-09-04 09:31:30,SPX,7736.58,7712.4,7790.0,1925,46,0.0654,0.01169
2026-09-04 09:31:30,SPX,7736.58,7712.4,7680.0,613,766,0.0792,0.01169
2026-09-04 09:31:30,SPX,7736.58,7712.4,7795.0,1305,14,0.0653,0.01169
2026-09-04 09:31:30,SPX,7736.58,7712.4,7675.0,423,2841,0.0798,0.01169
2026-09-04 09:31:30,SPX,7736.58,7712.4,7800.0,5671,995,0.0651,0.01169
2026-09-04 09:31:30,SPX,7736.58,7712.4,7670.0,304,832,0.0806,0.01169
2026-09-04 09:31:30,SPX,7736.58,7712.4,7805.0,2681,20,0.0648,0.01169
2026-09-04 09:31:30,SPX,7736.58,7712.4,7665.0,178,250,0.0814,0.01169
2026-09-04 09:31:30,SPX,7736.58,7712.4,7810.0,1161,70,0.0645,0.01169
2026-09-04 09:31:30,SPX,7736.58,7712.4,7660.0,157,655,0.0824,0.01169
2026-09-04 09:31:30,SPX,7736.58,7712.4,7815.0,827,19,0.0643,0.01169
2026-09-04 09:31:30,SPX,7736.58,7712.4,7655.0,78,339,0.0836,0.01169
2026-09-04 09:31:30,SPX,7736.58,7712.4,7820.0,859,84,0.0642,0.01169
2026-09-04 09:31:30,SPX,7736.58,7712.4,7650.0,672,3653,0.0849,0.01169
2026-09-04 09:31:30,SPX,7736.58,7712.4,7825.0,1076,31,0.0643,0.01169
2026-09-04 09:31:30,SPX,7736.58,7712.4,7645.0,143,242,0.0864,0.01169
2026-09-04 09:31:30,SPX,7736.58,7712.4,7830.0,1429,52,0.0646,0.01169
2026-09-04 09:31:30,SPX,7736.58,7712.4,7640.0,105,445,0.0881,0.01169
2026-09-04 09:31:30,SPX,7736.58,7712.4,7835.0,808,0,0.065,0.01169
2026-09-04 09:31:30,SPX,7736.58,7712.4,7635.0,143,215,0.0896,0.01169
2026-09-04 09:31:30,SPX,7736.58,7712.4,7840.0,888,16,0.0657,0.01169
2026-09-04 09:31:30,SPX,7736.58,7712.4,7630.0,171,738,0.0904,0.01169
2026-09-04 09:31:30,SPX,7736.58,7712.4,7845.0,1083,1,0.0666,0.01169
2026-09-04 09:31:30,SPX,7736.58,7712.4,7625.0,866,772,0.091,0.01169
2026-09-04 09:31:30,SPX,7736.58,7712.4,7850.0,2111,34,0.0676,0.01169
2026-09-04 09:31:30,SPX,7736.58,7712.4,7620.0,113,453,0.0917,0.01169
2026-09-04 09:31:30,SPX,7736.58,7712.4,7855.0,447,10,0.0688,0.01169
2026-09-04 09:31:30,SPX,7736.58,7712.4,7615.0,79,330,0.0926,0.01169
2026-09-04 09:31:30,SPX,7736.58,7712.4,7860.0,1372,3,0.0701,0.01169
2026-09-04 09:31:30,SPX,7736.58,7712.4,7735.0,293,60,0.0772,0.014428
2026-09-04 09:31:30,SPX,7736.58,7712.4,7740.0,472,142,0.0766,0.014428
2026-09-04 09:31:30,SPX,7736.58,7712.4,7730.0,601,175,0.0777,0.014428
2026-09-04 09:31:30,SPX,7736.58,7712.4,7745.0,263,135,0.076,0.014428
2026-09-04 09:31:30,SPX,7736.58,7712.4,7725.0,666,505,0.0781,0.014428
2026-09-04 09:31:30,SPX,7736.58,7712.4,7750.0,1216,954,0.0755,0.014428
2026-09-04 09:31:30,SPX,7736.58,7712.4,7720.0,205,257,0.0785,0.014428
2026-09-04 09:31:30,SPX,7736.58,7712.4,7755.0,591,236,0.075,0.014428
2026-09-04 09:31:30,SPX,7736.58,7712.4,7715.0,123,111,0.0791,0.014428
2026-09-04 09:31:30,SPX,7736.58,7712.4,7760.0,983,86,0.0745,0.014428
2026-09-04 09:31:30,SPX,7736.58,7712.4,7710.0,208,0,0.0799,0.014428
2026-09-04 09:31:30,SPX,7736.58,7712.4,7690.0,200,207,0.0846,0.014428
2026-09-04 09:31:30,SPX,7736.58,7712.4,7785.0,710,13,0.0722,0.014428
2026-09-04 09:31:30,SPX,7736.58,7712.4,7685.0,107,270,0.0855,0.014428
2026-09-04 09:31:30,SPX,7736.58,7712.4,7790.0,386,19,0.072,0.014428
2026-09-04 09:31:30,SPX,7736.58,7712.4,7680.0,93,677,0.0862,0.014428
2026-09-04 09:31:30,SPX,7736.58,7712.4,7795.0,1685,7,0.072,0.014428
2026-09-04 09:31:30,SPX,7736.58,7712.4,7675.0,370,792,0.0871,0.014428
2026-09-04 09:31:30,SPX,7736.58,7712.4,7800.0,2644,70,0.072,0.014428
2026-09-04 09:31:30,SPX,7736.58,7712.4,7670.0,368,632,0.0884,0.014428
2026-09-04 09:31:30,SPX,7736.58,7712.4,7805.0,470,1,0.072,0.014428
2026-09-04 09:31:30,SPX,7736.58,7712.4,7665.0,85,237,0.0892,0.014428
2026-09-04 09:31:30,SPX,7736.58,7712.4,7810.0,2356,29,0.0719,0.014428
2026-09-04 09:31:30,SPX,7736.58,7712.4,7660.0,80,986,0.09,0.014428
2026-09-04 09:31:30,SPX,7736.58,7712.4,7815.0,928,7,0.0717,0.014428
2026-09-04 09:31:30,SPX,7736.58,7712.4,7655.0,62,288,0.0912,0.014428
2026-09-04 09:31:30,SPX,7736.58,7712.4,7820.0,719,18,0.0715,0.014428
2026-09-04 09:31:30,SPX,7736.58,7712.4,7650.0,1259,634,0.0924,0.014428
2026-09-04 09:31:30,SPX,7736.58,7712.4,7825.0,21170,14,0.0713,0.014428
2026-09-04 09:31:30,SPX,7736.58,7712.4,7645.0,53,339,0.0933,0.014428
2026-09-04 09:31:30,SPX,7736.58,7712.4,7830.0,1322,7,0.071,0.014428
2026-09-04 09:31:30,SPX,7736.58,7712.4,7640.0,75,227,0.094,0.014428
2026-09-04 09:31:30,SPX,7736.58,7712.4,7835.0,488,0,0.0708,0.014428
2026-09-04 09:31:30,SPX,7736.58,7712.4,7635.0,83,241,0.0947,0.014428
2026-09-04 09:31:30,SPX,7736.58,7712.4,7840.0,833,15,0.0707,0.014428
2026-09-04 09:31:30,SPX,7736.58,7712.4,7630.0,50,253,0.0955,0.014428
2026-09-04 09:31:30,SPX,7736.58,7712.4,7845.0,476,0,0.0706,0.014428
2026-09-04 09:31:30,SPX,7736.58,7712.4,7625.0,1357,2470,0.0963,0.014428
2026-09-04 09:31:30,SPX,7736.58,7712.4,7850.0,2114,18,0.0707,0.014428
2026-09-04 09:31:30,SPX,7736.58,7712.4,7620.0,83,1391,0.0972,0.014428
2026-09-04 09:31:30,SPX,7736.58,7712.4,7855.0,1354,0,0.0709,0.014428
2026-09-04 09:31:30,SPX,7736.58,7712.4,7615.0,11,175,0.098,0.014428
2026-09-04 09:31:30,SPX,7736.58,7712.4,7860.0,626,1,0.0713,0.014428
2026-09-04 10:01:53,SPX,7739.61,7715.43,7740.0,2759,1836,0.1304,0.000681
2026-09-04 10:01:53,SPX,7739.61,7715.43,7735.0,1634,1097,0.1329,0.000681
2026-09-04 10:01:53,SPX,7739.61,7715.43,7745.0,1960,1195,0.1275,0.000681
2026-09-04 10:01:53,SPX,7739.61,7715.43,7730.0,2340,2267,0.136,0.000681
2026-09-04 10:01:53,SPX,7739.61,7715.43,7750.0,6185,5309,0.1259,0.000681
2026-09-04 10:01:53,SPX,7739.61,7715.43,7725.0,2819,2807,0.1399,0.000681
2026-09-04 10:01:53,SPX,7739.61,7715.43,7755.0,2764,513,0.1252,0.000681
2026-09-04 10:01:53,SPX,7739.61,7715.43,7720.0,1909,3215,0.1424,0.000681
2026-09-04 10:01:53,SPX,7739.61,7715.43,7760.0,2701,447,0.1246,0.000681
2026-09-04 10:01:53,SPX,7739.61,7715.43,7715.0,2579,1715,0.1484,0.000681
2026-09-04 10:01:53,SPX,7739.61,7715.43,7765.0,1972,328,0.1249,0.000681
2026-09-04 10:01:53,SPX,7739.61,7715.43,7710.0,1288,2750,0.1525,0.000681
2026-09-04 10:01:53,SPX,7739.61,7715.43,7770.0,3190,366,0.1268,0.000681
2026-09-04 10:01:53,SPX,7739.61,7715.43,7705.0,855,1319,0.1574,0.000681
2026-09-04 10:01:53,SPX,7739.61,7715.43,7775.0,2643,624,0.1297,0.000681
2026-09-04 10:01:53,SPX,7739.61,7715.43,7700.0,4599,7509,0.1616,0.000681
2026-09-04 10:01:53,SPX,7739.61,7715.43,7780.0,4722,257,0.1337,0.000681
2026-09-04 10:01:53,SPX,7739.61,7715.43,7695.0,1000,2544,0.1666,0.000681
2026-09-04 10:01:53,SPX,7739.61,7715.43,7785.0,2519,110,0.1391,0.000681
2026-09-04 10:01:53,SPX,7739.61,7715.43,7690.0,831,2516,0.1714,0.000681
2026-09-04 10:01:53,SPX,7739.61,7715.43,7790.0,3745,195,0.1454,0.000681
2026-09-04 10:01:53,SPX,7739.61,7715.43,7685.0,1020,1871,0.1779,0.000681
2026-09-04 10:01:53,SPX,7739.61,7715.43,7795.0,2098,120,0.1516,0.000681
2026-09-04 10:01:53,SPX,7739.61,7715.43,7680.0,1779,3863,0.1835,0.000681
2026-09-04 10:01:53,SPX,7739.61,7715.43,7800.0,6740,910,0.158,0.000681
2026-09-04 10:01:53,SPX,7739.61,7715.43,7675.0,1474,3620,0.1891,0.000681
2026-09-04 10:01:53,SPX,7739.61,7715.43,7805.0,2874,192,0.1645,0.000681
2026-09-04 10:01:53,SPX,7739.61,7715.43,7670.0,934,2049,0.1953,0.000681
2026-09-04 10:01:53,SPX,7739.61,7715.43,7810.0,4330,154,0.1711,0.000681
2026-09-04 10:01:53,SPX,7739.61,7715.43,7665.0,537,2859,0.2035,0.000681
2026-09-04 10:01:53,SPX,7739.61,7715.43,7815.0,2365,187,0.1777,0.000681
2026-09-04 10:01:53,SPX,7739.61,7715.43,7660.0,496,2092,0.2093,0.000681
2026-09-04 10:01:53,SPX,7739.61,7715.43,7820.0,7423,74,0.1844,0.000681
2026-09-04 10:01:53,SPX,7739.61,7715.43,7655.0,376,1443,0.2167,0.000681
2026-09-04 10:01:53,SPX,7739.61,7715.43,7825.0,9062,193,0.1913,0.000681
2026-09-04 10:01:53,SPX,7739.61,7715.43,7650.0,2096,5728,0.2222,0.000681
2026-09-04 10:01:53,SPX,7739.61,7715.43,7830.0,11312,13,0.1981,0.000681
2026-09-04 10:01:53,SPX,7739.61,7715.43,7645.0,574,1535,0.2266,0.000681
2026-09-04 10:01:53,SPX,7739.61,7715.43,7835.0,8226,9,0.2047,0.000681
2026-09-04 10:01:53,SPX,7739.61,7715.43,7640.0,434,2219,0.2313,0.000681
2026-09-04 10:01:53,SPX,7739.61,7715.43,7840.0,1969,24,0.2113,0.000681
2026-09-04 10:01:53,SPX,7739.61,7715.43,7635.0,510,1919,0.2378,0.000681
2026-09-04 10:01:53,SPX,7739.61,7715.43,7845.0,4242,21,0.218,0.000681
2026-09-04 10:01:53,SPX,7739.61,7715.43,7630.0,781,2809,0.246,0.000681
2026-09-04 10:01:53,SPX,7739.61,7715.43,7850.0,6275,110,0.2249,0.000681
2026-09-04 10:01:53,SPX,7739.61,7715.43,7625.0,829,2764,0.2546,0.000681
2026-09-04 10:01:53,SPX,7739.61,7715.43,7855.0,1842,55,0.2322,0.000681
2026-09-04 10:01:53,SPX,7739.61,7715.43,7620.0,365,1776,0.2628,0.000681
2026-09-04 10:01:53,SPX,7739.61,7715.43,7860.0,1512,73,0.2398,0.000681
2026-09-04 10:01:53,SPX,7739.61,7715.43,7615.0,197,2202,0.2705,0.000681
2026-09-04 10:01:53,SPX,7739.61,7715.43,7740.0,536,330,0.0629,0.011632
2026-09-04 10:01:53,SPX,7739.61,7715.43,7735.0,439,153,0.0634,0.011632
2026-09-04 10:01:53,SPX,7739.61,7715.43,7745.0,926,267,0.0623,0.011632
2026-09-04 10:01:53,SPX,7739.61,7715.43,7730.0,547,556,0.0642,0.011632
2026-09-04 10:01:53,SPX,7739.61,7715.43,7750.0,2653,2146,0.0617,0.011632
2026-09-04 10:01:53,SPX,7739.61,7715.43,7725.0,1638,1398,0.065,0.011632
2026-09-04 10:01:53,SPX,7739.61,7715.43,7755.0,782,596,0.0612,0.011632
2026-09-04 10:01:53,SPX,7739.61,7715.43,7720.0,641,645,0.0658,0.011632
2026-09-04 10:01:53,SPX,7739.61,7715.43,7760.0,1166,166,0.0608,0.011632
2026-09-04 10:01:53,SPX,7739.61,7715.43,7715.0,493,625,0.0667,0.011632
2026-09-04 10:01:53,SPX,7739.61,7715.43,7765.0,991,92,0.0603,0.011632
2026-09-04 10:01:53,SPX,7739.61,7715.43,7710.0,366,400,0.0675,0.011632
2026-09-04 10:01:53,SPX,7739.61,7715.43,7770.0,1081,174,0.0599,0.011632
2026-09-04 10:01:53,SPX,7739.61,7715.43,7705.0,308,349,0.0685,0.011632
2026-09-04 10:01:53,SPX,7739.61,7715.43,7775.0,1499,221,0.0594,0.011632
2026-09-04 10:01:53,SPX,7739.61,7715.43,7700.0,1344,1202,0.0694,0.011632
2026-09-04 10:01:53,SPX,7739.61,7715.43,7780.0,770,124,0.059,0.011632
2026-09-04 10:01:53,SPX,7739.61,7715.43,7695.0,1083,401,0.0707,0.011632
2026-09-04 10:01:53,SPX,7739.61,7715.43,7785.0,561,33,0.0588,0.011632
2026-09-04 10:01:53,SPX,7739.61,7715.43,7690.0,291,769,0.0718,0.011632
2026-09-04 10:01:53,SPX,7739.61,7715.43,7790.0,1925,46,0.0588,0.011632
2026-09-04 10:01:53,SPX,7739.61,7715.43,7685.0,198,588,0.0728,0.011632
2026-09-04 10:01:53,SPX,7739.61,7715.43,7795.0,1305,14,0.0589,0.011632
2026-09-04 10:01:53,SPX,7739.61,7715.43,7680.0,613,766,0.0736,0.011632
2026-09-04 10:01:53,SPX,7739.61,7715.43,7800.0,5671,995,0.0591,0.011632
2026-09-04 10:01:53,SPX,7739.61,7715.43,7675.0,423,2841,0.0744,0.011632
2026-09-04 10:01:53,SPX,7739.61,7715.43,7805.0,2681,20,0.0593,0.011632
2026-09-04 10:01:53,SPX,7739.61,7715.43,7670.0,304,832,0.0756,0.011632
2026-09-04 10:01:53,SPX,7739.61,7715.43,7810.0,1161,70,0.0595,0.011632
2026-09-04 10:01:53,SPX,7739.61,7715.43,7665.0,178,250,0.0769,0.011632
2026-09-04 10:01:53,SPX,7739.61,7715.43,7815.0,827,19,0.0597,0.011632
2026-09-04 10:01:53,SPX,7739.61,7715.43,7660.0,157,655,0.0779,0.011632
2026-09-04 10:01:53,SPX,7739.61,7715.43,7820.0,859,84,0.06,0.011632
2026-09-04 10:01:53,SPX,7739.61,7715.43,7655.0,78,339,0.0788,0.011632
2026-09-04 10:01:53,SPX,7739.61,7715.43,7825.0,1076,31,0.0605,0.011632
2026-09-04 10:01:53,SPX,7739.61,7715.43,7650.0,672,3653,0.08,0.011632
2026-09-04 10:01:53,SPX,7739.61,7715.43,7830.0,1429,52,0.061,0.011632
2026-09-04 10:01:53,SPX,7739.61,7715.43,7645.0,143,242,0.0817,0.011632
2026-09-04 10:01:53,SPX,7739.61,7715.43,7835.0,808,0,0.0618,0.011632
2026-09-04 10:01:53,SPX,7739.61,7715.43,7640.0,105,445,0.0829,0.011632
2026-09-04 10:01:53,SPX,7739.61,7715.43,7840.0,888,16,0.0627,0.011632
2026-09-04 10:01:53,SPX,7739.61,7715.43,7635.0,143,215,0.0836,0.011632
2026-09-04 10:01:53,SPX,7739.61,7715.43,7845.0,1083,1,0.0637,0.011632
2026-09-04 10:01:53,SPX,7739.61,7715.43,7630.0,171,738,0.0851,0.011632
2026-09-04 10:01:53,SPX,7739.61,7715.43,7850.0,2111,34,0.0649,0.011632
2026-09-04 10:01:53,SPX,7739.61,7715.43,7625.0,866,772,0.087,0.011632
2026-09-04 10:01:53,SPX,7739.61,7715.43,7855.0,447,10,0.0661,0.011632
2026-09-04 10:01:53,SPX,7739.61,7715.43,7620.0,113,453,0.0885,0.011632
2026-09-04 10:01:53,SPX,7739.61,7715.43,7860.0,1372,3,0.0675,0.011632
2026-09-04 10:01:53,SPX,7739.61,7715.43,7615.0,79,330,0.0901,0.011632
2026-09-04 10:01:53,SPX,7739.61,7715.43,7740.0,472,142,0.0719,0.01437
2026-09-04 10:01:53,SPX,7739.61,7715.43,7735.0,293,60,0.0726,0.01437
2026-09-04 10:01:53,SPX,7739.61,7715.43,7745.0,263,135,0.0711,0.01437
2026-09-04 10:01:53,SPX,7739.61,7715.43,7730.0,601,175,0.0734,0.01437
2026-09-04 10:01:53,SPX,7739.61,7715.43,7750.0,1216,954,0.0706,0.01437
2026-09-04 10:01:53,SPX,7739.61,7715.43,7725.0,666,505,0.074,0.01437
2026-09-04 10:01:53,SPX,7739.61,7715.43,7755.0,591,236,0.0701,0.01437
2026-09-04 10:01:53,SPX,7739.61,7715.43,7720.0,205,257,0.0749,0.01437
2026-09-04 10:01:53,SPX,7739.61,7715.43,7760.0,983,86,0.0698,0.01437
2026-09-04 10:01:53,SPX,7739.61,7715.43,7715.0,123,111,0.0758,0.01437
2026-09-04 10:01:53,SPX,7739.61,7715.43,7765.0,1107,30,0.0694,0.01437
2026-09-04 10:01:53,SPX,7739.61,7715.43,7710.0,208,157,0.0767,0.01437
2026-09-04 10:01:53,SPX,7739.61,7715.43,7770.0,316,32,0.069,0.01437
2026-09-04 10:01:53,SPX,7739.61,7715.43,7705.0,161,483,0.0775,0.01437
2026-09-04 10:01:53,SPX,7739.61,7715.43,7775.0,1628,50,0.0686,0.01437
2026-09-04 10:01:53,SPX,7739.61,7715.43,7700.0,1651,1478,0.0783,0.01437
2026-09-04 10:01:53,SPX,7739.61,7715.43,7780.0,2838,42,0.0682,0.01437
2026-09-04 10:01:53,SPX,7739.61,7715.43,7695.0,100,219,0.0792,0.01437
2026-09-04 10:01:53,SPX,7739.61,7715.43,7785.0,710,13,0.0678,0.01437
2026-09-04 10:01:53,SPX,7739.61,7715.43,7690.0,200,207,0.0802,0.01437
2026-09-04 10:01:53,SPX,7739.61,7715.43,7790.0,386,19,0.0674,0.01437
2026-09-04 10:01:53,SPX,7739.61,7715.43,7685.0,107,270,0.081,0.01437
2026-09-04 10:01:53,SPX,7739.61,7715.43,7795.0,1685,7,0.0671,0.01437
2026-09-04 10:01:53,SPX,7739.61,7715.43,7680.0,93,677,0.0819,0.01437
2026-09-04 10:01:53,SPX,7739.61,7715.43,7800.0,2644,70,0.067,0.01437
2026-09-04 10:01:53,SPX,7739.61,7715.43,7675.0,370,792,0.083,0.01437
2026-09-04 10:01:53,SPX,7739.61,7715.43,7805.0,470,1,0.0669,0.01437
2026-09-04 10:01:53,SPX,7739.61,7715.43,7670.0,368,632,0.0837,0.01437
2026-09-04 10:01:53,SPX,7739.61,7715.43,7810.0,2356,29,0.067,0.01437
2026-09-04 10:01:53,SPX,7739.61,7715.43,7665.0,85,237,0.0845,0.01437
2026-09-04 10:01:53,SPX,7739.61,7715.43,7815.0,928,7,0.067,0.01437
2026-09-04 10:01:53,SPX,7739.61,7715.43,7660.0,80,986,0.0857,0.01437
2026-09-04 10:01:53,SPX,7739.61,7715.43,7820.0,719,18,0.067,0.01437
2026-09-04 10:01:53,SPX,7739.61,7715.43,7655.0,62,288,0.0869,0.01437
2026-09-04 10:01:53,SPX,7739.61,7715.43,7825.0,21170,14,0.067,0.01437
2026-09-04 10:01:53,SPX,7739.61,7715.43,7650.0,1259,634,0.0882,0.01437
2026-09-04 10:01:53,SPX,7739.61,7715.43,7830.0,1322,7,0.0669,0.01437
2026-09-04 10:01:53,SPX,7739.61,7715.43,7645.0,53,339,0.0895,0.01437
2026-09-04 10:01:53,SPX,7739.61,7715.43,7835.0,488,0,0.0669,0.01437
2026-09-04 10:01:53,SPX,7739.61,7715.43,7640.0,75,227,0.0905,0.01437
2026-09-04 10:01:53,SPX,7739.61,7715.43,7840.0,833,15,0.067,0.01437
2026-09-04 10:01:53,SPX,7739.61,7715.43,7635.0,83,241,0.0913,0.01437
2026-09-04 10:01:53,SPX,7739.61,7715.43,7845.0,476,0,0.0672,0.01437
2026-09-04 10:01:53,SPX,7739.61,7715.43,7630.0,50,253,0.0921,0.01437
2026-09-04 10:01:53,SPX,7739.61,7715.43,7850.0,2114,18,0.0674,0.01437
2026-09-04 10:01:53,SPX,7739.61,7715.43,7625.0,1357,2470,0.0932,0.01437
2026-09-04 10:01:53,SPX,7739.61,7715.43,7855.0,1354,0,0.0678,0.01437
2026-09-04 10:01:53,SPX,7739.61,7715.43,7620.0,83,1391,0.0947,0.01437
2026-09-04 10:01:53,SPX,7739.61,7715.43,7860.0,626,1,0.0684,0.01437
2026-09-04 10:01:53,SPX,7739.61,7715.43,7615.0,11,175,0.0961,0.01437
2026-09-04 10:32:16,SPX,7724.85,7715.98,7725.0,2819,2807,0.1333,0.000623
2026-09-04 10:32:16,SPX,7724.85,7715.98,7720.0,1909,3215,0.1359,0.000623
2026-09-04 10:32:16,SPX,7724.85,7715.98,7730.0,2340,2267,0.129,0.000623
2026-09-04 10:32:16,SPX,7724.85,7715.98,7715.0,2579,1715,0.1401,0.000623
2026-09-04 10:32:16,SPX,7724.85,7715.98,7735.0,1634,1097,0.1278,0.000623
2026-09-04 10:32:16,SPX,7724.85,7715.98,7710.0,1288,2750,0.1431,0.000623
2026-09-04 10:32:16,SPX,7724.85,7715.98,7740.0,2759,1836,0.1266,0.000623
2026-09-04 10:32:16,SPX,7724.85,7715.98,7705.0,855,1319,0.148,0.000623
2026-09-04 10:32:16,SPX,7724.85,7715.98,7745.0,1960,1195,0.1257,0.000623
2026-09-04 10:32:16,SPX,7724.85,7715.98,7700.0,4599,7509,0.1513,0.000623
2026-09-04 10:32:16,SPX,7724.85,7715.98,7750.0,6185,5309,0.1259,0.000623
2026-09-04 10:32:16,SPX,7724.85,7715.98,7695.0,1000,2544,0.1567,0.000623
2026-09-04 10:32:16,SPX,7724.85,7715.98,7755.0,2764,513,0.1277,0.000623
2026-09-04 10:32:16,SPX,7724.85,7715.98,7690.0,831,2516,0.1615,0.000623
2026-09-04 10:32:16,SPX,7724.85,7715.98,7760.0,2701,447,0.1306,0.000623
2026-09-04 10:32:16,SPX,7724.85,7715.98,7685.0,1020,1871,0.1665,0.000623
2026-09-04 10:32:16,SPX,7724.85,7715.98,7765.0,1972,328,0.135,0.000623
2026-09-04 10:32:16,SPX,7724.85,7715.98,7680.0,1779,3863,0.1719,0.000623
2026-09-04 10:32:16,SPX,7724.85,7715.98,7770.0,3190,366,0.1393,0.000623
2026-09-04 10:32:16,SPX,7724.85,7715.98,7675.0,1474,3620,0.1769,0.000623
2026-09-04 10:32:16,SPX,7724.85,7715.98,7775.0,2643,624,0.1448,0.000623
2026-09-04 10:32:16,SPX,7724.85,7715.98,7670.0,934,2049,0.1826,0.000623
2026-09-04 10:32:16,SPX,7724.85,7715.98,7780.0,4722,257,0.1521,0.000623
2026-09-04 10:32:16,SPX,7724.85,7715.98,7665.0,537,2859,0.1918,0.000623
2026-09-04 10:32:16,SPX,7724.85,7715.98,7785.0,2519,110,0.1603,0.000623
2026-09-04 10:32:16,SPX,7724.85,7715.98,7660.0,496,2092,0.1967,0.000623
2026-09-04 10:32:16,SPX,7724.85,7715.98,7790.0,3745,195,0.1684,0.000623
2026-09-04 10:32:16,SPX,7724.85,7715.98,7655.0,376,1443,0.2035,0.000623
2026-09-04 10:32:16,SPX,7724.85,7715.98,7795.0,2098,120,0.176,0.000623
2026-09-04 10:32:16,SPX,7724.85,7715.98,7650.0,2096,5728,0.2108,0.000623
2026-09-04 10:32:16,SPX,7724.85,7715.98,7800.0,6740,910,0.1836,0.000623
2026-09-04 10:32:16,SPX,7724.85,7715.98,7645.0,574,1535,0.2181,0.000623
2026-09-04 10:32:16,SPX,7724.85,7715.98,7805.0,2874,192,0.1911,0.000623
2026-09-04 10:32:16,SPX,7724.85,7715.98,7640.0,434,2219,0.2251,0.000623
2026-09-04 10:32:16,SPX,7724.85,7715.98,7810.0,4330,154,0.1981,0.000623
2026-09-04 10:32:16,SPX,7724.85,7715.98,7635.0,510,1919,0.2315,0.000623
2026-09-04 10:32:16,SPX,7724.85,7715.98,7815.0,2365,187,0.2047,0.000623
2026-09-04 10:32:16,SPX,7724.85,7715.98,7630.0,781,2809,0.2378,0.000623
2026-09-04 10:32:16,SPX,7724.85,7715.98,7820.0,7423,74,0.2113,0.000623
2026-09-04 10:32:16,SPX,7724.85,7715.98,7625.0,829,2764,0.2441,0.000623
2026-09-04 10:32:16,SPX,7724.85,7715.98,7825.0,9062,193,0.2176,0.000623
2026-09-04 10:32:16,SPX,7724.85,7715.98,7620.0,365,1776,0.2517,0.000623
2026-09-04 10:32:16,SPX,7724.85,7715.98,7830.0,11312,13,0.2244,0.000623
2026-09-04 10:32:16,SPX,7724.85,7715.98,7615.0,197,2202,0.2603,0.000623
2026-09-04 10:32:16,SPX,7724.85,7715.98,7835.0,8226,9,0.2317,0.000623
2026-09-04 10:32:16,SPX,7724.85,7715.98,7610.0,152,3000,0.2692,0.000623
2026-09-04 10:32:16,SPX,7724.85,7715.98,7840.0,1969,24,0.2395,0.000623
2026-09-04 10:32:16,SPX,7724.85,7715.98,7605.0,98,2142,0.2781,0.000623
2026-09-04 10:32:16,SPX,7724.85,7715.98,7845.0,4242,21,0.2475,0.000623
2026-09-04 10:32:16,SPX,7724.85,7715.98,7600.0,676,9556,0.2865,0.000623
2026-09-04 10:32:16,SPX,7724.85,7715.98,7725.0,1638,1398,0.0641,0.011574
2026-09-04 10:32:16,SPX,7724.85,7715.98,7720.0,641,645,0.0649,0.011574
2026-09-04 10:32:16,SPX,7724.85,7715.98,7730.0,547,556,0.0635,0.011574
2026-09-04 10:32:16,SPX,7724.85,7715.98,7715.0,493,625,0.0657,0.011574
2026-09-04 10:32:16,SPX,7724.85,7715.98,7735.0,439,153,0.0628,0.011574
2026-09-04 10:32:16,SPX,7724.85,7715.98,7710.0,366,400,0.0667,0.011574
2026-09-04 10:32:16,SPX,7724.85,7715.98,7740.0,536,330,0.0621,0.011574
2026-09-04 10:32:16,SPX,7724.85,7715.98,7705.0,308,349,0.0675,0.011574
2026-09-04 10:32:16,SPX,7724.85,7715.98,7745.0,926,267,0.0616,0.011574
2026-09-04 10:32:16,SPX,7724.85,7715.98,7700.0,1344,1202,0.0685,0.011574
2026-09-04 10:32:16,SPX,7724.85,7715.98,7750.0,2653,2146,0.0609,0.011574
2026-09-04 10:32:16,SPX,7724.85,7715.98,7695.0,1083,401,0.0696,0.011574
2026-09-04 10:32:16,SPX,7724.85,7715.98,7755.0,782,596,0.0601,0.011574
2026-09-04 10:32:16,SPX,7724.85,7715.98,7690.0,291,769,0.0706,0.011574
2026-09-04 10:32:16,SPX,7724.85,7715.98,7760.0,1166,166,0.0595,0.011574
2026-09-04 10:32:16,SPX,7724.85,7715.98,7685.0,198,588,0.0717,0.011574
2026-09-04 10:32:16,SPX,7724.85,7715.98,7765.0,991,92,0.059,0.011574
2026-09-04 10:32:16,SPX,7724.85,7715.98,7680.0,613,766,0.0732,0.011574
2026-09-04 10:32:16,SPX,7724.85,7715.98,7770.0,1081,174,0.0588,0.011574
2026-09-04 10:32:16,SPX,7724.85,7715.98,7675.0,423,2841,0.0742,0.011574
2026-09-04 10:32:16,SPX,7724.85,7715.98,7775.0,1499,221,0.0588,0.011574
2026-09-04 10:32:16,SPX,7724.85,7715.98,7670.0,304,832,0.0749,0.011574
2026-09-04 10:32:16,SPX,7724.85,7715.98,7780.0,770,124,0.0588,0.011574
2026-09-04 10:32:16,SPX,7724.85,7715.98,7665.0,178,250,0.076,0.011574
2026-09-04 10:32:16,SPX,7724.85,7715.98,7785.0,561,33,0.0588,0.011574
2026-09-04 10:32:16,SPX,7724.85,7715.98,7660.0,157,655,0.0774,0.011574
2026-09-04 10:32:16,SPX,7724.85,7715.98,7790.0,1925,46,0.0588,0.011574
2026-09-04 10:32:16,SPX,7724.85,7715.98,7655.0,78,339,0.0787,0.011574
2026-09-04 10:32:16,SPX,7724.85,7715.98,7795.0,1305,14,0.0588,0.011574
2026-09-04 10:32:16,SPX,7724.85,7715.98,7650.0,672,3653,0.0796,0.011574
2026-09-04 10:32:16,SPX,7724.85,7715.98,7800.0,5671,995,0.0589,0.011574
2026-09-04 10:32:16,SPX,7724.85,7715.98,7645.0,143,242,0.0803,0.011574
2026-09-04 10:32:16,SPX,7724.85,7715.98,7805.0,2681,20,0.0591,0.011574
2026-09-04 10:32:16,SPX,7724.85,7715.98,7640.0,105,445,0.0813,0.011574
2026-09-04 10:32:16,SPX,7724.85,7715.98,7810.0,1161,70,0.0594,0.011574
2026-09-04 10:32:16,SPX,7724.85,7715.98,7635.0,143,215,0.0831,0.011574
2026-09-04 10:32:16,SPX,7724.85,7715.98,7815.0,827,19,0.0599,0.011574
2026-09-04 10:32:16,SPX,7724.85,7715.98,7630.0,171,738,0.0843,0.011574
2026-09-04 10:32:16,SPX,7724.85,7715.98,7820.0,859,84,0.0606,0.011574
2026-09-04 10:32:16,SPX,7724.85,7715.98,7625.0,866,772,0.0852,0.011574
2026-09-04 10:32:16,SPX,7724.85,7715.98,7825.0,1076,31,0.0615,0.011574
2026-09-04 10:32:16,SPX,7724.85,7715.98,7620.0,113,453,0.0862,0.011574
2026-09-04 10:32:16,SPX,7724.85,7715.98,7830.0,1429,52,0.0626,0.011574
2026-09-04 10:32:16,SPX,7724.85,7715.98,7615.0,79,330,0.0877,0.011574
2026-09-04 10:32:16,SPX,7724.85,7715.98,7835.0,808,0,0.0638,0.011574
2026-09-04 10:32:16,SPX,7724.85,7715.98,7610.0,56,467,0.0891,0.011574
2026-09-04 10:32:16,SPX,7724.85,7715.98,7840.0,888,16,0.065,0.011574
2026-09-04 10:32:16,SPX,7724.85,7715.98,7605.0,67,361,0.0907,0.011574
2026-09-04 10:32:16,SPX,7724.85,7715.98,7845.0,1083,1,0.0664,0.011574
2026-09-04 10:32:16,SPX,7724.85,7715.98,7600.0,764,1831,0.0921,0.011574
2026-09-04 10:32:16,SPX,7724.85,7715.98,7725.0,666,505,0.0734,0.014312
2026-09-04 10:32:16,SPX,7724.85,7715.98,7720.0,205,257,0.0741,0.014312
2026-09-04 10:32:16,SPX,7724.85,7715.98,7730.0,601,175,0.0726,0.014312
2026-09-04 10:32:16,SPX,7724.85,7715.98,7715.0,123,111,0.0751,0.014312
2026-09-04 10:32:16,SPX,7724.85,7715.98,7735.0,293,60,0.0721,0.014312
2026-09-04 10:32:16,SPX,7724.85,7715.98,7710.0,208,157,0.0761,0.014312
2026-09-04 10:32:16,SPX,7724.85,7715.98,7740.0,472,142,0.0716,0.014312
2026-09-04 10:32:16,SPX,7724.85,7715.98,7705.0,161,483,0.0768,0.014312
2026-09-04 10:32:16,SPX,7724.85,7715.98,7745.0,263,135,0.071,0.014312
2026-09-04 10:32:16,SPX,7724.85,7715.98,7700.0,1651,1478,0.0775,0.014312
2026-09-04 10:32:16,SPX,7724.85,7715.98,7750.0,1216,954,0.0705,0.014312
2026-09-04 10:32:16,SPX,7724.85,7715.98,7695.0,100,219,0.0785,0.014312
2026-09-04 10:32:16,SPX,7724.85,7715.98,7755.0,591,236,0.0702,0.014312
2026-09-04 10:32:16,SPX,7724.85,7715.98,7690.0,200,207,0.0797,0.014312
2026-09-04 10:32:16,SPX,7724.85,7715.98,7760.0,983,86,0.0696,0.014312
2026-09-04 10:32:16,SPX,7724.85,7715.98,7685.0,107,270,0.0807,0.014312
2026-09-04 10:32:16,SPX,7724.85,7715.98,7765.0,1107,30,0.069,0.014312
2026-09-04 10:32:16,SPX,7724.85,7715.98,7680.0,93,677,0.0815,0.014312
2026-09-04 10:32:16,SPX,7724.85,7715.98,7770.0,316,32,0.0686,0.014312
2026-09-04 10:32:16,SPX,7724.85,7715.98,7675.0,370,792,0.0824,0.014312
2026-09-04 10:32:16,SPX,7724.85,7715.98,7775.0,1628,50,0.0682,0.014312
2026-09-04 10:32:16,SPX,7724.85,7715.98,7670.0,368,632,0.0833,0.014312
2026-09-04 10:32:16,SPX,7724.85,7715.98,7780.0,2838,42,0.0679,0.014312
2026-09-04 10:32:16,SPX,7724.85,7715.98,7665.0,85,237,0.0846,0.014312
2026-09-04 10:32:16,SPX,7724.85,7715.98,7785.0,710,13,0.0678,0.014312
2026-09-04 10:32:16,SPX,7724.85,7715.98,7660.0,80,986,0.0858,0.014312
2026-09-04 10:32:16,SPX,7724.85,7715.98,7790.0,386,19,0.0677,0.014312
2026-09-04 10:32:16,SPX,7724.85,7715.98,7655.0,62,288,0.0865,0.014312
2026-09-04 10:32:16,SPX,7724.85,7715.98,7795.0,1685,7,0.0677,0.014312
2026-09-04 10:32:16,SPX,7724.85,7715.98,7650.0,1259,634,0.0873,0.014312
2026-09-04 10:32:16,SPX,7724.85,7715.98,7800.0,2644,70,0.0677,0.014312
2026-09-04 10:32:16,SPX,7724.85,7715.98,7645.0,53,339,0.0885,0.014312
2026-09-04 10:32:16,SPX,7724.85,7715.98,7805.0,470,1,0.0676,0.014312
2026-09-04 10:32:16,SPX,7724.85,7715.98,7640.0,75,227,0.0894,0.014312
2026-09-04 10:32:16,SPX,7724.85,7715.98,7810.0,2356,29,0.0675,0.014312
2026-09-04 10:32:16,SPX,7724.85,7715.98,7635.0,83,241,0.0903,0.014312
2026-09-04 10:32:16,SPX,7724.85,7715.98,7815.0,928,7,0.0673,0.014312
2026-09-04 10:32:16,SPX,7724.85,7715.98,7630.0,50,253,0.0914,0.014312
2026-09-04 10:32:16,SPX,7724.85,7715.98,7820.0,719,18,0.0673,0.014312
2026-09-04 10:32:16,SPX,7724.85,7715.98,7625.0,1357,2470,0.0926,0.014312
2026-09-04 10:32:16,SPX,7724.85,7715.98,7825.0,21170,14,0.0672,0.014312
2026-09-04 10:32:16,SPX,7724.85,7715.98,7620.0,83,1391,0.094,0.014312
2026-09-04 10:32:16,SPX,7724.85,7715.98,7830.0,1322,7,0.0673,0.014312
2026-09-04 10:32:16,SPX,7724.85,7715.98,7615.0,11,175,0.0953,0.014312
2026-09-04 10:32:16,SPX,7724.85,7715.98,7835.0,488,0,0.0675,0.014312
2026-09-04 10:32:16,SPX,7724.85,7715.98,7610.0,32,241,0.0964,0.014312
2026-09-04 10:32:16,SPX,7724.85,7715.98,7840.0,833,15,0.0678,0.014312
2026-09-04 10:32:16,SPX,7724.85,7715.98,7605.0,33,158,0.0975,0.014312
2026-09-04 10:32:16,SPX,7724.85,7715.98,7845.0,476,0,0.0682,0.014312
2026-09-04 10:32:16,SPX,7724.85,7715.98,7600.0,1096,2976,0.0987,0.014312
2026-09-04 11:02:39,SPX,7710.73,7713.63,7710.0,1288,2750,0.1378,0.000565
2026-09-04 11:02:39,SPX,7710.73,7713.63,7715.0,2579,1715,0.1347,0.000565
2026-09-04 11:02:39,SPX,7710.73,7713.63,7705.0,855,1319,0.1408,0.000565
2026-09-04 11:02:39,SPX,7710.73,7713.63,7720.0,1909,3215,0.1316,0.000565
2026-09-04 11:02:39,SPX,7710.73,7713.63,7700.0,4599,7509,0.1443,0.000565
2026-09-04 11:02:39,SPX,7710.73,7713.63,7725.0,2819,2807,0.1299,0.000565
2026-09-04 11:02:39,SPX,7710.73,7713.63,7695.0,1000,2544,0.1479,0.000565
2026-09-04 11:02:39,SPX,7710.73,7713.63,7730.0,2340,2267,0.1294,0.000565
2026-09-04 11:02:39,SPX,7710.73,7713.63,7690.0,831,2516,0.1525,0.000565
2026-09-04 11:02:39,SPX,7710.73,7713.63,7735.0,1634,1097,0.1306,0.000565
2026-09-04 11:02:39,SPX,7710.73,7713.63,7685.0,1020,1871,0.1567,0.000565
2026-09-04 11:02:39,SPX,7710.73,7713.63,7740.0,2759,1836,0.1327,0.000565
2026-09-04 11:02:39,SPX,7710.73,7713.63,7680.0,1779,3863,0.1613,0.000565
2026-09-04 11:02:39,SPX,7710.73,7713.63,7745.0,1960,1195,0.1352,0.000565
2026-09-04 11:02:39,SPX,7710.73,7713.63,7675.0,1474,3620,0.1669,0.000565
2026-09-04 11:02:39,SPX,7710.73,7713.63,7750.0,6185,5309,0.1393,0.000565
2026-09-04 11:02:39,SPX,7710.73,7713.63,7670.0,934,2049,0.1715,0.000565
2026-09-04 11:02:39,SPX,7710.73,7713.63,7755.0,2764,513,0.1447,0.000565
2026-09-04 11:02:39,SPX,7710.73,7713.63,7665.0,537,2859,0.1756,0.000565
2026-09-04 11:02:39,SPX,7710.73,7713.63,7760.0,2701,447,0.1512,0.000565
2026-09-04 11:02:39,SPX,7710.73,7713.63,7660.0,496,2092,0.1821,0.000565
2026-09-04 11:02:39,SPX,7710.73,7713.63,7765.0,1972,328,0.1584,0.000565
2026-09-04 11:02:39,SPX,7710.73,7713.63,7655.0,376,1443,0.185,0.000565
2026-09-04 11:02:39,SPX,7710.73,7713.63,7770.0,3190,366,0.1664,0.000565
2026-09-04 11:02:39,SPX,7710.73,7713.63,7650.0,2096,5728,0.1941,0.000565
2026-09-04 11:02:39,SPX,7710.73,7713.63,7775.0,2643,624,0.1741,0.000565
2026-09-04 11:02:39,SPX,7710.73,7713.63,7645.0,574,1535,0.201,0.000565
2026-09-04 11:02:39,SPX,7710.73,7713.63,7780.0,4722,257,0.182,0.000565
2026-09-04 11:02:39,SPX,7710.73,7713.63,7640.0,434,2219,0.2081,0.000565
2026-09-04 11:02:39,SPX,7710.73,7713.63,7785.0,2519,110,0.1901,0.000565
2026-09-04 11:02:39,SPX,7710.73,7713.63,7635.0,510,1919,0.215,0.000565
2026-09-04 11:02:39,SPX,7710.73,7713.63,7790.0,3745,195,0.1981,0.000565
2026-09-04 11:02:39,SPX,7710.73,7713.63,7630.0,781,2809,0.2189,0.000565
2026-09-04 11:02:39,SPX,7710.73,7713.63,7795.0,2098,120,0.2058,0.000565
2026-09-04 11:02:39,SPX,7710.73,7713.63,7625.0,829,2764,0.2255,0.000565
2026-09-04 11:02:39,SPX,7710.73,7713.63,7800.0,6740,910,0.2132,0.000565
2026-09-04 11:02:39,SPX,7710.73,7713.63,7620.0,365,1776,0.2316,0.000565
2026-09-04 11:02:39,SPX,7710.73,7713.63,7805.0,2874,192,0.2205,0.000565
2026-09-04 11:02:39,SPX,7710.73,7713.63,7615.0,197,2202,0.2385,0.000565
2026-09-04 11:02:39,SPX,7710.73,7713.63,7810.0,4330,154,0.228,0.000565
2026-09-04 11:02:39,SPX,7710.73,7713.63,7610.0,152,3000,0.2475,0.000565
2026-09-04 11:02:39,SPX,7710.73,7713.63,7815.0,2365,187,0.236,0.000565
2026-09-04 11:02:39,SPX,7710.73,7713.63,7605.0,98,2142,0.2571,0.000565
2026-09-04 11:02:39,SPX,7710.73,7713.63,7820.0,7423,74,0.2442,0.000565
2026-09-04 11:02:39,SPX,7710.73,7713.63,7600.0,676,9556,0.2662,0.000565
2026-09-04 11:02:39,SPX,7710.73,7713.63,7825.0,9062,193,0.2526,0.000565
2026-09-04 11:02:39,SPX,7710.73,7713.63,7595.0,60,2204,0.2746,0.000565
2026-09-04 11:02:39,SPX,7710.73,7713.63,7830.0,11312,13,0.2613,0.000565
2026-09-04 11:02:39,SPX,7710.73,7713.63,7590.0,158,1533,0.2826,0.000565
2026-09-04 11:02:39,SPX,7710.73,7713.63,7835.0,8226,9,0.2701,0.000565
2026-09-04 11:02:39,SPX,7710.73,7713.63,7710.0,366,400,0.0683,0.011517
2026-09-04 11:02:39,SPX,7710.73,7713.63,7715.0,493,625,0.0676,0.011517
2026-09-04 11:02:39,SPX,7710.73,7713.63,7705.0,308,349,0.0691,0.011517
2026-09-04 11:02:39,SPX,7710.73,7713.63,7720.0,641,645,0.0668,0.011517
2026-09-04 11:02:39,SPX,7710.73,7713.63,7700.0,1344,1202,0.07,0.011517
2026-09-04 11:02:39,SPX,7710.73,7713.63,7725.0,1638,1398,0.0659,0.011517
2026-09-04 11:02:39,SPX,7710.73,7713.63,7695.0,1083,401,0.0708,0.011517
2026-09-04 11:02:39,SPX,7710.73,7713.63,7730.0,547,556,0.0649,0.011517
2026-09-04 11:02:39,SPX,7710.73,7713.63,7690.0,291,769,0.0717,0.011517
2026-09-04 11:02:39,SPX,7710.73,7713.63,7735.0,439,153,0.064,0.011517
2026-09-04 11:02:39,SPX,7710.73,7713.63,7685.0,198,588,0.0728,0.011517
2026-09-04 11:02:39,SPX,7710.73,7713.63,7740.0,536,330,0.0634,0.011517
2026-09-04 11:02:39,SPX,7710.73,7713.63,7680.0,613,766,0.0736,0.011517
2026-09-04 11:02:39,SPX,7710.73,7713.63,7745.0,926,267,0.0631,0.011517
2026-09-04 11:02:39,SPX,7710.73,7713.63,7675.0,423,2841,0.0747,0.011517
2026-09-04 11:02:39,SPX,7710.73,7713.63,7750.0,2653,2146,0.0628,0.011517
2026-09-04 11:02:39,SPX,7710.73,7713.63,7670.0,304,832,0.0759,0.011517
2026-09-04 11:02:39,SPX,7710.73,7713.63,7755.0,782,596,0.0626,0.011517
2026-09-04 11:02:39,SPX,7710.73,7713.63,7665.0,178,250,0.0768,0.011517
2026-09-04 11:02:39,SPX,7710.73,7713.63,7760.0,1166,166,0.0623,0.011517
2026-09-04 11:02:39,SPX,7710.73,7713.63,7660.0,157,655,0.078,0.011517
2026-09-04 11:02:39,SPX,7710.73,7713.63,7765.0,991,92,0.0619,0.011517
2026-09-04 11:02:39,SPX,7710.73,7713.63,7655.0,78,339,0.0793,0.011517
2026-09-04 11:02:39,SPX,7710.73,7713.63,7770.0,1081,174,0.0615,0.011517
2026-09-04 11:02:39,SPX,7710.73,7713.63,7650.0,672,3653,0.0806,0.011517
2026-09-04 11:02:39,SPX,7710.73,7713.63,7775.0,1499,221,0.0611,0.011517
2026-09-04 11:02:39,SPX,7710.73,7713.63,7645.0,143,242,0.0816,0.011517
2026-09-04 11:02:39,SPX,7710.73,7713.63,7780.0,770,124,0.0609,0.011517
2026-09-04 11:02:39,SPX,7710.73,7713.63,7640.0,105,445,0.0825,0.011517
2026-09-04 11:02:39,SPX,7710.73,7713.63,7785.0,561,33,0.0608,0.011517
2026-09-04 11:02:39,SPX,7710.73,7713.63,7635.0,143,215,0.0834,0.011517
2026-09-04 11:02:39,SPX,7710.73,7713.63,7790.0,1925,46,0.0608,0.011517
2026-09-04 11:02:39,SPX,7710.73,7713.63,7630.0,171,738,0.0846,0.011517
2026-09-04 11:02:39,SPX,7710.73,7713.63,7795.0,1305,14,0.061,0.011517
2026-09-04 11:02:39,SPX,7710.73,7713.63,7625.0,866,772,0.086,0.011517
2026-09-04 11:02:39,SPX,7710.73,7713.63,7800.0,5671,995,0.0615,0.011517
2026-09-04 11:02:39,SPX,7710.73,7713.63,7620.0,113,453,0.0872,0.011517
2026-09-04 11:02:39,SPX,7710.73,7713.63,7805.0,2681,20,0.0621,0.011517
2026-09-04 11:02:39,SPX,7710.73,7713.63,7615.0,79,330,0.0882,0.011517
2026-09-04 11:02:39,SPX,7710.73,7713.63,7810.0,1161,70,0.0629,0.011517
2026-09-04 11:02:39,SPX,7710.73,7713.63,7610.0,56,467,0.0891,0.011517
2026-09-04 11:02:39,SPX,7710.73,7713.63,7815.0,827,19,0.0638,0.011517
2026-09-04 11:02:39,SPX,7710.73,7713.63,7605.0,67,361,0.0903,0.011517
2026-09-04 11:02:39,SPX,7710.73,7713.63,7820.0,859,84,0.0649,0.011517
2026-09-04 11:02:39,SPX,7710.73,7713.63,7600.0,764,1831,0.0913,0.011517
2026-09-04 11:02:39,SPX,7710.73,7713.63,7825.0,1076,31,0.066,0.011517
2026-09-04 11:02:39,SPX,7710.73,7713.63,7595.0,22,230,0.0926,0.011517
2026-09-04 11:02:39,SPX,7710.73,7713.63,7830.0,1429,52,0.0672,0.011517
2026-09-04 11:02:39,SPX,7710.73,7713.63,7590.0,60,279,0.0942,0.011517
2026-09-04 11:02:39,SPX,7710.73,7713.63,7835.0,808,0,0.0685,0.011517
2026-09-04 11:02:39,SPX,7710.73,7713.63,7710.0,208,157,0.0773,0.014255
2026-09-04 11:02:39,SPX,7710.73,7713.63,7715.0,123,111,0.0767,0.014255
2026-09-04 11:02:39,SPX,7710.73,7713.63,7705.0,161,483,0.078,0.014255
2026-09-04 11:02:39,SPX,7710.73,7713.63,7720.0,205,257,0.076,0.014255
2026-09-04 11:02:39,SPX,7710.73,7713.63,7700.0,1651,1478,0.0788,0.014255
2026-09-04 11:02:39,SPX,7710.73,7713.63,7725.0,666,505,0.0754,0.014255
2026-09-04 11:02:39,SPX,7710.73,7713.63,7695.0,100,219,0.0796,0.014255
2026-09-04 11:02:39,SPX,7710.73,7713.63,7730.0,601,175,0.0749,0.014255
2026-09-04 11:02:39,SPX,7710.73,7713.63,7690.0,200,207,0.0805,0.014255
2026-09-04 11:02:39,SPX,7710.73,7713.63,7735.0,293,60,0.0741,0.014255
2026-09-04 11:02:39,SPX,7710.73,7713.63,7685.0,107,270,0.0814,0.014255
2026-09-04 11:02:39,SPX,7710.73,7713.63,7740.0,472,142,0.0734,0.014255
2026-09-04 11:02:39,SPX,7710.73,7713.63,7680.0,93,677,0.0822,0.014255
2026-09-04 11:02:39,SPX,7710.73,7713.63,7745.0,263,135,0.0727,0.014255
2026-09-04 11:02:39,SPX,7710.73,7713.63,7675.0,370,792,0.0832,0.014255
2026-09-04 11:02:39,SPX,7710.73,7713.63,7750.0,1216,954,0.0721,0.014255
2026-09-04 11:02:39,SPX,7710.73,7713.63,7670.0,368,632,0.0845,0.014255
2026-09-04 11:02:39,SPX,7710.73,7713.63,7755.0,591,236,0.0718,0.014255
2026-09-04 11:02:39,SPX,7710.73,7713.63,7665.0,85,237,0.0855,0.014255
2026-09-04 11:02:39,SPX,7710.73,7713.63,7760.0,983,86,0.0715,0.014255
2026-09-04 11:02:39,SPX,7710.73,7713.63,7660.0,80,986,0.0861,0.014255
2026-09-04 11:02:39,SPX,7710.73,7713.63,7765.0,1107,30,0.0713,0.014255
2026-09-04 11:02:39,SPX,7710.73,7713.63,7655.0,62,288,0.0869,0.014255
2026-09-04 11:02:39,SPX,7710.73,7713.63,7770.0,316,32,0.0711,0.014255
2026-09-04 11:02:39,SPX,7710.73,7713.63,7650.0,1259,634,0.088,0.014255
2026-09-04 11:02:39,SPX,7710.73,7713.63,7775.0,1628,50,0.0709,0.014255
2026-09-04 11:02:39,SPX,7710.73,7713.63,7645.0,53,339,0.0893,0.014255
2026-09-04 11:02:39,SPX,7710.73,7713.63,7780.0,2838,42,0.0707,0.014255
2026-09-04 11:02:39,SPX,7710.73,7713.63,7640.0,75,227,0.0905,0.014255
2026-09-04 11:02:39,SPX,7710.73,7713.63,7785.0,710,13,0.0704,0.014255
2026-09-04 11:02:39,SPX,7710.73,7713.63,7635.0,83,241,0.0914,0.014255
2026-09-04 11:02:39,SPX,7710.73,7713.63,7790.0,386,19,0.0702,0.014255
2026-09-04 11:02:39,SPX,7710.73,7713.63,7630.0,50,253,0.0921,0.014255
2026-09-04 11:02:39,SPX,7710.73,7713.63,7795.0,1685,7,0.07,0.014255
2026-09-04 11:02:39,SPX,7710.73,7713.63,7625.0,1357,2470,0.093,0.014255
2026-09-04 11:02:39,SPX,7710.73,7713.63,7800.0,2644,70,0.0698,0.014255
2026-09-04 11:02:39,SPX,7710.73,7713.63,7620.0,83,1391,0.0938,0.014255
2026-09-04 11:02:39,SPX,7710.73,7713.63,7805.0,470,1,0.0698,0.014255
2026-09-04 11:02:39,SPX,7710.73,7713.63,7615.0,11,175,0.0953,0.014255
2026-09-04 11:02:39,SPX,7710.73,7713.63,7810.0,2356,29,0.0698,0.014255
2026-09-04 11:02:39,SPX,7710.73,7713.63,7610.0,32,241,0.0962,0.014255
2026-09-04 11:02:39,SPX,7710.73,7713.63,7815.0,928,7,0.0698,0.014255
2026-09-04 11:02:39,SPX,7710.73,7713.63,7605.0,33,158,0.0976,0.014255
2026-09-04 11:02:39,SPX,7710.73,7713.63,7820.0,719,18,0.07,0.014255
2026-09-04 11:02:39,SPX,7710.73,7713.63,7600.0,1096,2976,0.0989,0.014255
2026-09-04 11:02:39,SPX,7710.73,7713.63,7825.0,21170,14,0.0702,0.014255
2026-09-04 11:02:39,SPX,7710.73,7713.63,7595.0,25,181,0.1002,0.014255
2026-09-04 11:02:39,SPX,7710.73,7713.63,7830.0,1322,7,0.0706,0.014255
2026-09-04 11:02:39,SPX,7710.73,7713.63,7590.0,14,185,0.1014,0.014255
2026-09-04 11:02:39,SPX,7710.73,7713.63,7835.0,488,0,0.0711,0.014255
2026-09-04 11:33:03,SPX,7706.99,7714.7,7705.0,855,1319,0.1278,0.000508
2026-09-04 11:33:03,SPX,7706.99,7714.7,7710.0,1288,2750,0.1248,0.000508
2026-09-04 11:33:03,SPX,7706.99,7714.7,7700.0,4599,7509,0.1308,0.000508
2026-09-04 11:33:03,SPX,7706.99,7714.7,7715.0,2579,1715,0.1222,0.000508
2026-09-04 11:33:03,SPX,7706.99,7714.7,7695.0,1000,2544,0.1352,0.000508
2026-09-04 11:33:03,SPX,7706.99,7714.7,7720.0,1909,3215,0.1206,0.000508
2026-09-04 11:33:03,SPX,7706.99,7714.7,7690.0,831,2516,0.1394,0.000508
2026-09-04 11:33:03,SPX,7706.99,7714.7,7725.0,2819,2807,0.1215,0.000508
2026-09-04 11:33:03,SPX,7706.99,7714.7,7685.0,1020,1871,0.1446,0.000508
2026-09-04 11:33:03,SPX,7706.99,7714.7,7730.0,2340,2267,0.1237,0.000508
2026-09-04 11:33:03,SPX,7706.99,7714.7,7680.0,1779,3863,0.1496,0.000508
2026-09-04 11:33:03,SPX,7706.99,7714.7,7735.0,1634,1097,0.1263,0.000508
2026-09-04 11:33:03,SPX,7706.99,7714.7,7675.0,1474,3620,0.1555,0.000508
2026-09-04 11:33:03,SPX,7706.99,7714.7,7740.0,2759,1836,0.1295,0.000508
2026-09-04 11:33:03,SPX,7706.99,7714.7,7670.0,934,2049,0.1612,0.000508
2026-09-04 11:33:03,SPX,7706.99,7714.7,7745.0,1960,1195,0.1353,0.000508
2026-09-04 11:33:03,SPX,7706.99,7714.7,7665.0,537,2859,0.1678,0.000508
2026-09-04 11:33:03,SPX,7706.99,7714.7,7750.0,6185,5309,0.1429,0.000508
2026-09-04 11:33:03,SPX,7706.99,7714.7,7660.0,496,2092,0.1726,0.000508
2026-09-04 11:33:03,SPX,7706.99,7714.7,7755.0,2764,513,0.1507,0.000508
2026-09-04 11:33:03,SPX,7706.99,7714.7,7655.0,376,1443,0.1816,0.000508
2026-09-04 11:33:03,SPX,7706.99,7714.7,7760.0,2701,447,0.1596,0.000508
2026-09-04 11:33:03,SPX,7706.99,7714.7,7650.0,2096,5728,0.1845,0.000508
2026-09-04 11:33:03,SPX,7706.99,7714.7,7765.0,1972,328,0.1692,0.000508
2026-09-04 11:33:03,SPX,7706.99,7714.7,7645.0,574,1535,0.1962,0.000508
2026-09-04 11:33:03,SPX,7706.99,7714.7,7770.0,3190,366,0.1784,0.000508
2026-09-04 11:33:03,SPX,7706.99,7714.7,7640.0,434,2219,0.2031,0.000508
2026-09-04 11:33:03,SPX,7706.99,7714.7,7775.0,2643,624,0.1871,0.000508
2026-09-04 11:33:03,SPX,7706.99,7714.7,7635.0,510,1919,0.2086,0.000508
2026-09-04 11:33:03,SPX,7706.99,7714.7,7780.0,4722,257,0.1953,0.000508
2026-09-04 11:33:03,SPX,7706.99,7714.7,7630.0,781,2809,0.2152,0.000508
2026-09-04 11:33:03,SPX,7706.99,7714.7,7785.0,2519,110,0.2033,0.000508
2026-09-04 11:33:03,SPX,7706.99,7714.7,7625.0,829,2764,0.223,0.000508
2026-09-04 11:33:03,SPX,7706.99,7714.7,7790.0,3745,195,0.2112,0.000508
2026-09-04 11:33:03,SPX,7706.99,7714.7,7620.0,365,1776,0.2309,0.000508
2026-09-04 11:33:03,SPX,7706.99,7714.7,7795.0,2098,120,0.2192,0.000508
2026-09-04 11:33:03,SPX,7706.99,7714.7,7615.0,197,2202,0.2407,0.000508
2026-09-04 11:33:03,SPX,7706.99,7714.7,7800.0,6740,910,0.2275,0.000508
2026-09-04 11:33:03,SPX,7706.99,7714.7,7610.0,152,3000,0.2515,0.000508
2026-09-04 11:33:03,SPX,7706.99,7714.7,7805.0,2874,192,0.2359,0.000508
2026-09-04 11:33:03,SPX,7706.99,7714.7,7605.0,98,2142,0.2614,0.000508
2026-09-04 11:33:03,SPX,7706.99,7714.7,7810.0,4330,154,0.2446,0.000508
2026-09-04 11:33:03,SPX,7706.99,7714.7,7600.0,676,9556,0.2701,0.000508
2026-09-04 11:33:03,SPX,7706.99,7714.7,7815.0,2365,187,0.2536,0.000508
2026-09-04 11:33:03,SPX,7706.99,7714.7,7595.0,60,2204,0.2779,0.000508
2026-09-04 11:33:03,SPX,7706.99,7714.7,7820.0,7423,74,0.2627,0.000508
2026-09-04 11:33:03,SPX,7706.99,7714.7,7590.0,158,1533,0.2851,0.000508
2026-09-04 11:33:03,SPX,7706.99,7714.7,7825.0,9062,193,0.2719,0.000508
2026-09-04 11:33:03,SPX,7706.99,7714.7,7585.0,143,2369,0.2921,0.000508
2026-09-04 11:33:03,SPX,7706.99,7714.7,7830.0,11312,13,0.2814,0.000508
2026-09-04 11:33:03,SPX,7706.99,7714.7,7705.0,308,349,0.0661,0.011459
2026-09-04 11:33:03,SPX,7706.99,7714.7,7710.0,0,400,0.0652,0.011459
2026-09-04 11:33:03,SPX,7706.99,7714.7,7700.0,1344,1202,0.067,0.011459
2026-09-04 11:33:03,SPX,7706.99,7714.7,7715.0,493,625,0.0643,0.011459
2026-09-04 11:33:03,SPX,7706.99,7714.7,7695.0,0,401,0.0678,0.011459
2026-09-04 11:33:03,SPX,7706.99,7714.7,7720.0,0,645,0.0633,0.011459
2026-09-04 11:33:03,SPX,7706.99,7714.7,7690.0,291,769,0.0687,0.011459
2026-09-04 11:33:03,SPX,7706.99,7714.7,7725.0,1638,1398,0.0624,0.011459
2026-09-04 11:33:03,SPX,7706.99,7714.7,7730.0,547,556,0.0615,0.011459
2026-09-04 11:33:03,SPX,7706.99,7714.7,7680.0,613,766,0.0707,0.011459
2026-09-04 11:33:03,SPX,7706.99,7714.7,7735.0,439,153,0.0609,0.011459
2026-09-04 11:33:03,SPX,7706.99,7714.7,7675.0,423,2841,0.0717,0.011459
2026-09-04 11:33:03,SPX,7706.99,7714.7,7740.0,536,330,0.0605,0.011459
2026-09-04 11:33:03,SPX,7706.99,7714.7,7670.0,304,832,0.0729,0.011459
2026-09-04 11:33:03,SPX,7706.99,7714.7,7745.0,926,267,0.0601,0.011459
2026-09-04 11:33:03,SPX,7706.99,7714.7,7665.0,178,250,0.0742,0.011459
2026-09-04 11:33:03,SPX,7706.99,7714.7,7750.0,2653,2146,0.0597,0.011459
2026-09-04 11:33:03,SPX,7706.99,7714.7,7660.0,157,655,0.0751,0.011459
2026-09-04 11:33:03,SPX,7706.99,7714.7,7755.0,782,596,0.0593,0.011459
2026-09-04 11:33:03,SPX,7706.99,7714.7,7655.0,78,339,0.076,0.011459
2026-09-04 11:33:03,SPX,7706.99,7714.7,7760.0,1166,166,0.059,0.011459
2026-09-04 11:33:03,SPX,7706.99,7714.7,7650.0,672,3653,0.0776,0.011459
2026-09-04 11:33:03,SPX,7706.99,7714.7,7765.0,991,92,0.0587,0.011459
2026-09-04 11:33:03,SPX,7706.99,7714.7,7645.0,143,242,0.0788,0.011459
2026-09-04 11:33:03,SPX,7706.99,7714.7,7770.0,1081,174,0.0585,0.011459
2026-09-04 11:33:03,SPX,7706.99,7714.7,7640.0,105,445,0.0799,0.011459
2026-09-04 11:33:03,SPX,7706.99,7714.7,7775.0,1499,221,0.0584,0.011459
2026-09-04 11:33:03,SPX,7706.99,7714.7,7635.0,143,215,0.0807,0.011459
2026-09-04 11:33:03,SPX,7706.99,7714.7,7780.0,770,124,0.0584,0.011459
2026-09-04 11:33:03,SPX,7706.99,7714.7,7630.0,171,738,0.0817,0.011459
2026-09-04 11:33:03,SPX,7706.99,7714.7,7785.0,561,33,0.0586,0.011459
2026-09-04 11:33:03,SPX,7706.99,7714.7,7625.0,866,772,0.0835,0.011459
2026-09-04 11:33:03,SPX,7706.99,7714.7,7790.0,1925,46,0.059,0.011459
2026-09-04 11:33:03,SPX,7706.99,7714.7,7620.0,113,453,0.0845,0.011459
2026-09-04 11:33:03,SPX,7706.99,7714.7,7795.0,1305,14,0.0595,0.011459
2026-09-04 11:33:03,SPX,7706.99,7714.7,7615.0,79,330,0.0852,0.011459
2026-09-04 11:33:03,SPX,7706.99,7714.7,7800.0,5671,995,0.0603,0.011459
2026-09-04 11:33:03,SPX,7706.99,7714.7,7610.0,56,467,0.0864,0.011459
2026-09-04 11:33:03,SPX,7706.99,7714.7,7805.0,2681,20,0.0611,0.011459
2026-09-04 11:33:03,SPX,7706.99,7714.7,7605.0,67,361,0.0877,0.011459
2026-09-04 11:33:03,SPX,7706.99,7714.7,7810.0,1161,70,0.0621,0.011459
2026-09-04 11:33:03,SPX,7706.99,7714.7,7600.0,764,1831,0.0891,0.011459
2026-09-04 11:33:03,SPX,7706.99,7714.7,7815.0,827,19,0.0632,0.011459
2026-09-04 11:33:03,SPX,7706.99,7714.7,7595.0,22,230,0.0906,0.011459
2026-09-04 11:33:03,SPX,7706.99,7714.7,7820.0,859,84,0.0643,0.011459
2026-09-04 11:33:03,SPX,7706.99,7714.7,7590.0,60,279,0.0922,0.011459
2026-09-04 11:33:03,SPX,7706.99,7714.7,7825.0,1076,31,0.0656,0.011459
2026-09-04 11:33:03,SPX,7706.99,7714.7,7585.0,22,463,0.0936,0.011459
2026-09-04 11:33:03,SPX,7706.99,7714.7,7830.0,1429,52,0.0669,0.011459
2026-09-04 11:33:03,SPX,7706.99,7714.7,7705.0,161,483,0.0752,0.014197
2026-09-04 11:33:03,SPX,7706.99,7714.7,7710.0,208,157,0.0745,0.014197
2026-09-04 11:33:03,SPX,7706.99,7714.7,7700.0,1651,1478,0.0759,0.014197
2026-09-04 11:33:03,SPX,7706.99,7714.7,7715.0,123,111,0.0738,0.014197
2026-09-04 11:33:03,SPX,7706.99,7714.7,7695.0,100,219,0.0768,0.014197
2026-09-04 11:33:03,SPX,7706.99,7714.7,7720.0,205,257,0.0731,0.014197
2026-09-04 11:33:03,SPX,7706.99,7714.7,7690.0,200,207,0.0775,0.014197
2026-09-04 11:33:03,SPX,7706.99,7714.7,7725.0,666,505,0.0724,0.014197
2026-09-04 11:33:03,SPX,7706.99,7714.7,7685.0,107,270,0.0786,0.014197
2026-09-04 11:33:03,SPX,7706.99,7714.7,7730.0,601,175,0.0716,0.014197
2026-09-04 11:33:03,SPX,7706.99,7714.7,7680.0,93,677,0.0794,0.014197
2026-09-04 11:33:03,SPX,7706.99,7714.7,7735.0,293,60,0.0708,0.014197
2026-09-04 11:33:03,SPX,7706.99,7714.7,7675.0,370,792,0.0804,0.014197
2026-09-04 11:33:03,SPX,7706.99,7714.7,7740.0,472,142,0.0701,0.014197
2026-09-04 11:33:03,SPX,7706.99,7714.7,7670.0,368,632,0.0814,0.014197
2026-09-04 11:33:03,SPX,7706.99,7714.7,7745.0,263,135,0.0696,0.014197
2026-09-04 11:33:03,SPX,7706.99,7714.7,7665.0,85,237,0.0827,0.014197
2026-09-04 11:33:03,SPX,7706.99,7714.7,7750.0,1216,954,0.0691,0.014197
2026-09-04 11:33:03,SPX,7706.99,7714.7,7660.0,80,986,0.0836,0.014197
2026-09-04 11:33:03,SPX,7706.99,7714.7,7755.0,591,236,0.0689,0.014197
2026-09-04 11:33:03,SPX,7706.99,7714.7,7655.0,62,288,0.0842,0.014197
2026-09-04 11:33:03,SPX,7706.99,7714.7,7760.0,983,86,0.0687,0.014197
2026-09-04 11:33:03,SPX,7706.99,7714.7,7650.0,1259,634,0.0851,0.014197
2026-09-04 11:33:03,SPX,7706.99,7714.7,7765.0,1107,30,0.0685,0.014197
2026-09-04 11:33:03,SPX,7706.99,7714.7,7645.0,53,339,0.0865,0.014197
2026-09-04 11:33:03,SPX,7706.99,7714.7,7770.0,316,32,0.0683,0.014197
2026-09-04 11:33:03,SPX,7706.99,7714.7,7640.0,75,227,0.0873,0.014197
2026-09-04 11:33:03,SPX,7706.99,7714.7,7775.0,1628,50,0.0681,0.014197
2026-09-04 11:33:03,SPX,7706.99,7714.7,7635.0,83,241,0.0882,0.014197
2026-09-04 11:33:03,SPX,7706.99,7714.7,7780.0,2838,42,0.0679,0.014197
2026-09-04 11:33:03,SPX,7706.99,7714.7,7630.0,50,253,0.0891,0.014197
2026-09-04 11:33:03,SPX,7706.99,7714.7,7785.0,710,13,0.0677,0.014197
2026-09-04 11:33:03,SPX,7706.99,7714.7,7625.0,1357,2470,0.0898,0.014197
2026-09-04 11:33:03,SPX,7706.99,7714.7,7790.0,386,19,0.0676,0.014197
2026-09-04 11:33:03,SPX,7706.99,7714.7,7620.0,83,1391,0.0911,0.014197
2026-09-04 11:33:03,SPX,7706.99,7714.7,7795.0,1685,7,0.0675,0.014197
2026-09-04 11:33:03,SPX,7706.99,7714.7,7615.0,11,175,0.0921,0.014197
2026-09-04 11:33:03,SPX,7706.99,7714.7,7800.0,2644,70,0.0675,0.014197
2026-09-04 11:33:03,SPX,7706.99,7714.7,7610.0,32,241,0.0935,0.014197
2026-09-04 11:33:03,SPX,7706.99,7714.7,7805.0,470,1,0.0676,0.014197
2026-09-04 11:33:03,SPX,7706.99,7714.7,7605.0,33,158,0.0946,0.014197
2026-09-04 11:33:03,SPX,7706.99,7714.7,7810.0,2356,29,0.0678,0.014197
2026-09-04 11:33:03,SPX,7706.99,7714.7,7600.0,1096,2976,0.096,0.014197
2026-09-04 11:33:03,SPX,7706.99,7714.7,7815.0,928,7,0.0681,0.014197
2026-09-04 11:33:03,SPX,7706.99,7714.7,7595.0,25,181,0.0975,0.014197
2026-09-04 11:33:03,SPX,7706.99,7714.7,7820.0,719,18,0.0685,0.014197
2026-09-04 11:33:03,SPX,7706.99,7714.7,7590.0,14,185,0.0989,0.014197
2026-09-04 11:33:03,SPX,7706.99,7714.7,7825.0,21170,14,0.069,0.014197
2026-09-04 11:33:03,SPX,7706.99,7714.7,7585.0,4,129,0.1,0.014197
2026-09-04 11:33:03,SPX,7706.99,7714.7,7830.0,1322,7,0.0696,0.014197
2026-09-04 12:03:27,SPX,7714.62,7714.92,7715.0,2579,1715,0.1147,0.00045
2026-09-04 12:03:27,SPX,7714.62,7714.92,7710.0,1288,2750,0.1178,0.00045
2026-09-04 12:03:27,SPX,7714.62,7714.92,7720.0,1909,3215,0.1128,0.00045
2026-09-04 12:03:27,SPX,7714.62,7714.92,7705.0,855,1319,0.1212,0.00045
2026-09-04 12:03:27,SPX,7714.62,7714.92,7725.0,2819,2807,0.1127,0.00045
2026-09-04 12:03:27,SPX,7714.62,7714.92,7700.0,4599,7509,0.1252,0.00045
2026-09-04 12:03:27,SPX,7714.62,7714.92,7730.0,2340,2267,0.1135,0.00045
2026-09-04 12:03:27,SPX,7714.62,7714.92,7695.0,1000,2544,0.1304,0.00045
2026-09-04 12:03:27,SPX,7714.62,7714.92,7735.0,1634,1097,0.1154,0.00045
2026-09-04 12:03:27,SPX,7714.62,7714.92,7690.0,831,2516,0.1353,0.00045
2026-09-04 12:03:27,SPX,7714.62,7714.92,7740.0,2759,1836,0.1193,0.00045
2026-09-04 12:03:27,SPX,7714.62,7714.92,7685.0,1020,1871,0.1407,0.00045
2026-09-04 12:03:27,SPX,7714.62,7714.92,7745.0,1960,1195,0.1263,0.00045
2026-09-04 12:03:27,SPX,7714.62,7714.92,7680.0,1779,3863,0.1476,0.00045
2026-09-04 12:03:27,SPX,7714.62,7714.92,7750.0,6185,5309,0.1354,0.00045
2026-09-04 12:03:27,SPX,7714.62,7714.92,7675.0,1474,3620,0.1543,0.00045
2026-09-04 12:03:27,SPX,7714.62,7714.92,7755.0,2764,513,0.145,0.00045
2026-09-04 12:03:27,SPX,7714.62,7714.92,7670.0,934,2049,0.1602,0.00045
2026-09-04 12:03:27,SPX,7714.62,7714.92,7760.0,2701,447,0.1546,0.00045
2026-09-04 12:03:27,SPX,7714.62,7714.92,7665.0,537,2859,0.1666,0.00045
2026-09-04 12:03:27,SPX,7714.62,7714.92,7765.0,1972,328,0.1637,0.00045
2026-09-04 12:03:27,SPX,7714.62,7714.92,7660.0,496,2092,0.1765,0.00045
2026-09-04 12:03:27,SPX,7714.62,7714.92,7770.0,3190,366,0.173,0.00045
2026-09-04 12:03:27,SPX,7714.62,7714.92,7655.0,376,1443,0.1833,0.00045
2026-09-04 12:03:27,SPX,7714.62,7714.92,7775.0,2643,624,0.1827,0.00045
2026-09-04 12:03:27,SPX,7714.62,7714.92,7650.0,2096,5728,0.1935,0.00045
2026-09-04 12:03:27,SPX,7714.62,7714.92,7780.0,4722,257,0.1927,0.00045
2026-09-04 12:03:27,SPX,7714.62,7714.92,7645.0,574,1535,0.198,0.00045
2026-09-04 12:03:27,SPX,7714.62,7714.92,7785.0,2519,110,0.203,0.00045
2026-09-04 12:03:27,SPX,7714.62,7714.92,7640.0,434,2219,0.2067,0.00045
2026-09-04 12:03:27,SPX,7714.62,7714.92,7790.0,3745,195,0.2121,0.00045
2026-09-04 12:03:27,SPX,7714.62,7714.92,7635.0,510,1919,0.2191,0.00045
2026-09-04 12:03:27,SPX,7714.62,7714.92,7795.0,2098,120,0.2206,0.00045
2026-09-04 12:03:27,SPX,7714.62,7714.92,7630.0,781,2809,0.2309,0.00045
2026-09-04 12:03:27,SPX,7714.62,7714.92,7800.0,6740,910,0.2288,0.00045
2026-09-04 12:03:27,SPX,7714.62,7714.92,7625.0,829,2764,0.2413,0.00045
2026-09-04 12:03:27,SPX,7714.62,7714.92,7805.0,2874,192,0.2365,0.00045
2026-09-04 12:03:27,SPX,7714.62,7714.92,7620.0,365,1776,0.2519,0.00045
2026-09-04 12:03:27,SPX,7714.62,7714.92,7810.0,4330,154,0.2444,0.00045
2026-09-04 12:03:27,SPX,7714.62,7714.92,7615.0,197,2202,0.2626,0.00045
2026-09-04 12:03:27,SPX,7714.62,7714.92,7815.0,2365,187,0.2526,0.00045
2026-09-04 12:03:27,SPX,7714.62,7714.92,7610.0,152,3000,0.2727,0.00045
2026-09-04 12:03:27,SPX,7714.62,7714.92,7820.0,7423,74,0.2615,0.00045
2026-09-04 12:03:27,SPX,7714.62,7714.92,7605.0,98,2142,0.282,0.00045
2026-09-04 12:03:27,SPX,7714.62,7714.92,7825.0,9062,193,0.2712,0.00045
2026-09-04 12:03:27,SPX,7714.62,7714.92,7600.0,676,9556,0.2909,0.00045
2026-09-04 12:03:27,SPX,7714.62,7714.92,7830.0,11312,13,0.2816,0.00045
2026-09-04 12:03:27,SPX,7714.62,7714.92,7595.0,60,2204,0.2998,0.00045
2026-09-04 12:03:27,SPX,7714.62,7714.92,7835.0,8226,9,0.2921,0.00045
2026-09-04 12:03:27,SPX,7714.62,7714.92,7590.0,158,1533,0.3092,0.00045
2026-09-04 12:03:27,SPX,7714.62,7714.92,7715.0,493,625,0.0631,0.011401
2026-09-04 12:03:27,SPX,7714.62,7714.92,7710.0,366,400,0.0639,0.011401
2026-09-04 12:03:27,SPX,7714.62,7714.92,7720.0,641,645,0.0623,0.011401
2026-09-04 12:03:27,SPX,7714.62,7714.92,7705.0,308,349,0.0646,0.011401
2026-09-04 12:03:27,SPX,7714.62,7714.92,7725.0,1638,1398,0.0617,0.011401
2026-09-04 12:03:27,SPX,7714.62,7714.92,7700.0,1344,1202,0.0655,0.011401
2026-09-04 12:03:27,SPX,7714.62,7714.92,7730.0,547,556,0.061,0.011401
2026-09-04 12:03:27,SPX,7714.62,7714.92,7695.0,1083,401,0.0665,0.011401
2026-09-04 12:03:27,SPX,7714.62,7714.92,7735.0,439,153,0.0602,0.011401
2026-09-04 12:03:27,SPX,7714.62,7714.92,7690.0,291,769,0.0674,0.011401
2026-09-04 12:03:27,SPX,7714.62,7714.92,7740.0,536,330,0.0596,0.011401
2026-09-04 12:03:27,SPX,7714.62,7714.92,7685.0,198,588,0.0683,0.011401
2026-09-04 12:03:27,SPX,7714.62,7714.92,7745.0,926,267,0.0592,0.011401
2026-09-04 12:03:27,SPX,7714.62,7714.92,7680.0,613,766,0.0693,0.011401
2026-09-04 12:03:27,SPX,7714.62,7714.92,7750.0,2653,2146,0.059,0.011401
2026-09-04 12:03:27,SPX,7714.62,7714.92,7675.0,423,2841,0.0703,0.011401
2026-09-04 12:03:27,SPX,7714.62,7714.92,7755.0,782,596,0.0589,0.011401
2026-09-04 12:03:27,SPX,7714.62,7714.92,7670.0,304,832,0.0721,0.011401
2026-09-04 12:03:27,SPX,7714.62,7714.92,7760.0,1166,166,0.0588,0.011401
2026-09-04 12:03:27,SPX,7714.62,7714.92,7665.0,178,250,0.0729,0.011401
2026-09-04 12:03:27,SPX,7714.62,7714.92,7765.0,991,92,0.0587,0.011401
2026-09-04 12:03:27,SPX,7714.62,7714.92,7660.0,157,655,0.0739,0.011401
2026-09-04 12:03:27,SPX,7714.62,7714.92,7770.0,1081,174,0.0587,0.011401
2026-09-04 12:03:27,SPX,7714.62,7714.92,7655.0,78,339,0.0753,0.011401
2026-09-04 12:03:27,SPX,7714.62,7714.92,7775.0,1499,221,0.0587,0.011401
2026-09-04 12:03:27,SPX,7714.62,7714.92,7650.0,672,3653,0.0765,0.011401
2026-09-04 12:03:27,SPX,7714.62,7714.92,7780.0,770,124,0.0588,0.011401
2026-09-04 12:03:27,SPX,7714.62,7714.92,7645.0,143,242,0.0774,0.011401
2026-09-04 12:03:27,SPX,7714.62,7714.92,7785.0,561,33,0.059,0.011401
2026-09-04 12:03:27,SPX,7714.62,7714.92,7640.0,105,445,0.078,0.011401
2026-09-04 12:03:27,SPX,7714.62,7714.92,7790.0,1925,46,0.0593,0.011401
2026-09-04 12:03:27,SPX,7714.62,7714.92,7635.0,143,215,0.079,0.011401
2026-09-04 12:03:27,SPX,7714.62,7714.92,7795.0,1305,14,0.0598,0.011401
2026-09-04 12:03:27,SPX,7714.62,7714.92,7630.0,171,738,0.0805,0.011401
2026-09-04 12:03:27,SPX,7714.62,7714.92,7800.0,5671,995,0.0604,0.011401
2026-09-04 12:03:27,SPX,7714.62,7714.92,7625.0,866,772,0.0823,0.011401
2026-09-04 12:03:27,SPX,7714.62,7714.92,7805.0,2681,20,0.0612,0.011401
2026-09-04 12:03:27,SPX,7714.62,7714.92,7620.0,113,453,0.0831,0.011401
2026-09-04 12:03:27,SPX,7714.62,7714.92,7810.0,1161,70,0.0621,0.011401
2026-09-04 12:03:27,SPX,7714.62,7714.92,7615.0,79,330,0.0842,0.011401
2026-09-04 12:03:27,SPX,7714.62,7714.92,7815.0,827,19,0.0631,0.011401
2026-09-04 12:03:27,SPX,7714.62,7714.92,7610.0,56,467,0.0854,0.011401
2026-09-04 12:03:27,SPX,7714.62,7714.92,7820.0,859,84,0.0642,0.011401
2026-09-04 12:03:27,SPX,7714.62,7714.92,7605.0,67,361,0.0875,0.011401
2026-09-04 12:03:27,SPX,7714.62,7714.92,7825.0,1076,31,0.0653,0.011401
2026-09-04 12:03:27,SPX,7714.62,7714.92,7600.0,764,1831,0.0889,0.011401
2026-09-04 12:03:27,SPX,7714.62,7714.92,7830.0,1429,52,0.0666,0.011401
2026-09-04 12:03:27,SPX,7714.62,7714.92,7595.0,22,230,0.0899,0.011401
2026-09-04 12:03:27,SPX,7714.62,7714.92,7835.0,808,0,0.0679,0.011401
2026-09-04 12:03:27,SPX,7714.62,7714.92,7590.0,60,279,0.0914,0.011401
2026-09-04 12:03:27,SPX,7714.62,7714.92,7715.0,123,111,0.0721,0.014139
2026-09-04 12:03:27,SPX,7714.62,7714.92,7710.0,208,157,0.0728,0.014139
2026-09-04 12:03:27,SPX,7714.62,7714.92,7720.0,205,257,0.0715,0.014139
2026-09-04 12:03:27,SPX,7714.62,7714.92,7705.0,161,483,0.0735,0.014139
2026-09-04 12:03:27,SPX,7714.62,7714.92,7725.0,666,505,0.0708,0.014139
2026-09-04 12:03:27,SPX,7714.62,7714.92,7700.0,1651,1478,0.0744,0.014139
2026-09-04 12:03:27,SPX,7714.62,7714.92,7730.0,601,175,0.0703,0.014139
2026-09-04 12:03:27,SPX,7714.62,7714.92,7695.0,100,219,0.0751,0.014139
2026-09-04 12:03:27,SPX,7714.62,7714.92,7735.0,293,60,0.0698,0.014139
2026-09-04 12:03:27,SPX,7714.62,7714.92,7690.0,200,207,0.0761,0.014139
2026-09-04 12:03:27,SPX,7714.62,7714.92,7740.0,472,142,0.0694,0.014139
2026-09-04 12:03:27,SPX,7714.62,7714.92,7685.0,107,270,0.0768,0.014139
2026-09-04 12:03:27,SPX,7714.62,7714.92,7745.0,263,135,0.0691,0.014139
2026-09-04 12:03:27,SPX,7714.62,7714.92,7680.0,93,677,0.0777,0.014139
2026-09-04 12:03:27,SPX,7714.62,7714.92,7750.0,1216,954,0.0687,0.014139
2026-09-04 12:03:27,SPX,7714.62,7714.92,7675.0,370,792,0.0786,0.014139
2026-09-04 12:03:27,SPX,7714.62,7714.92,7755.0,591,236,0.0684,0.014139
2026-09-04 12:03:27,SPX,7714.62,7714.92,7670.0,368,632,0.0794,0.014139
2026-09-04 12:03:27,SPX,7714.62,7714.92,7760.0,983,86,0.0681,0.014139
2026-09-04 12:03:27,SPX,7714.62,7714.92,7665.0,85,237,0.0804,0.014139
2026-09-04 12:03:27,SPX,7714.62,7714.92,7765.0,1107,30,0.0678,0.014139
2026-09-04 12:03:27,SPX,7714.62,7714.92,7660.0,80,986,0.0817,0.014139
2026-09-04 12:03:27,SPX,7714.62,7714.92,7770.0,316,32,0.0674,0.014139
2026-09-04 12:03:27,SPX,7714.62,7714.92,7655.0,62,288,0.0831,0.014139
2026-09-04 12:03:27,SPX,7714.62,7714.92,7775.0,1628,50,0.0672,0.014139
2026-09-04 12:03:27,SPX,7714.62,7714.92,7650.0,1259,634,0.0841,0.014139
2026-09-04 12:03:27,SPX,7714.62,7714.92,7780.0,2838,42,0.067,0.014139
2026-09-04 12:03:27,SPX,7714.62,7714.92,7645.0,53,339,0.0849,0.014139
2026-09-04 12:03:27,SPX,7714.62,7714.92,7785.0,710,13,0.0671,0.014139
2026-09-04 12:03:27,SPX,7714.62,7714.92,7640.0,75,227,0.0858,0.014139
2026-09-04 12:03:27,SPX,7714.62,7714.92,7790.0,386,19,0.0673,0.014139
2026-09-04 12:03:27,SPX,7714.62,7714.92,7635.0,83,241,0.087,0.014139
2026-09-04 12:03:27,SPX,7714.62,7714.92,7795.0,1685,7,0.0675,0.014139
2026-09-04 12:03:27,SPX,7714.62,7714.92,7630.0,50,253,0.0883,0.014139
2026-09-04 12:03:27,SPX,7714.62,7714.92,7800.0,2644,70,0.0677,0.014139
2026-09-04 12:03:27,SPX,7714.62,7714.92,7625.0,1357,2470,0.0893,0.014139
2026-09-04 12:03:27,SPX,7714.62,7714.92,7805.0,470,1,0.0679,0.014139
2026-09-04 12:03:27,SPX,7714.62,7714.92,7620.0,83,1391,0.0901,0.014139
2026-09-04 12:03:27,SPX,7714.62,7714.92,7810.0,2356,29,0.068,0.014139
2026-09-04 12:03:27,SPX,7714.62,7714.92,7615.0,11,175,0.0912,0.014139
2026-09-04 12:03:27,SPX,7714.62,7714.92,7815.0,928,7,0.0683,0.014139
2026-09-04 12:03:27,SPX,7714.62,7714.92,7610.0,32,241,0.092,0.014139
2026-09-04 12:03:27,SPX,7714.62,7714.92,7820.0,719,18,0.0685,0.014139
2026-09-04 12:03:27,SPX,7714.62,7714.92,7605.0,33,158,0.0932,0.014139
2026-09-04 12:03:27,SPX,7714.62,7714.92,7825.0,21170,14,0.0688,0.014139
2026-09-04 12:03:27,SPX,7714.62,7714.92,7600.0,1096,2976,0.0945,0.014139
2026-09-04 12:03:27,SPX,7714.62,7714.92,7830.0,1322,7,0.0692,0.014139
2026-09-04 12:03:27,SPX,7714.62,7714.92,7595.0,25,181,0.096,0.014139
2026-09-04 12:03:27,SPX,7714.62,7714.92,7835.0,488,0,0.0698,0.014139
2026-09-04 12:03:27,SPX,7714.62,7714.92,7590.0,14,185,0.0971,0.014139
2026-09-04 12:33:50,SPX,7724.25,7717.1,7725.0,2819,2807,0.1107,0.000392
2026-09-04 12:33:50,SPX,7724.25,7717.1,7720.0,1909,3215,0.1129,0.000392
2026-09-04 12:33:50,SPX,7724.25,7717.1,7730.0,2340,2267,0.1108,0.000392
2026-09-04 12:33:50,SPX,7724.25,7717.1,7715.0,2579,1715,0.1159,0.000392
2026-09-04 12:33:50,SPX,7724.25,7717.1,7735.0,1634,1097,0.1119,0.000392
2026-09-04 12:33:50,SPX,7724.25,7717.1,7710.0,1288,2750,0.1191,0.000392
2026-09-04 12:33:50,SPX,7724.25,7717.1,7740.0,2759,1836,0.1135,0.000392
2026-09-04 12:33:50,SPX,7724.25,7717.1,7705.0,855,1319,0.124,0.000392
2026-09-04 12:33:50,SPX,7724.25,7717.1,7745.0,1960,1195,0.1181,0.000392
2026-09-04 12:33:50,SPX,7724.25,7717.1,7700.0,4599,7509,0.1288,0.000392
2026-09-04 12:33:50,SPX,7724.25,7717.1,7750.0,6185,5309,0.1251,0.000392
2026-09-04 12:33:50,SPX,7724.25,7717.1,7695.0,1000,2544,0.134,0.000392
2026-09-04 12:33:50,SPX,7724.25,7717.1,7755.0,2764,513,0.1333,0.000392
2026-09-04 12:33:50,SPX,7724.25,7717.1,7690.0,831,2516,0.1409,0.000392
2026-09-04 12:33:50,SPX,7724.25,7717.1,7760.0,2701,447,0.1418,0.000392
2026-09-04 12:33:50,SPX,7724.25,7717.1,7685.0,1020,1871,0.1473,0.000392
2026-09-04 12:33:50,SPX,7724.25,7717.1,7765.0,1972,328,0.1508,0.000392
2026-09-04 12:33:50,SPX,7724.25,7717.1,7680.0,1779,3863,0.1565,0.000392
2026-09-04 12:33:50,SPX,7724.25,7717.1,7770.0,3190,366,0.1602,0.000392
2026-09-04 12:33:50,SPX,7724.25,7717.1,7675.0,1474,3620,0.1645,0.000392
2026-09-04 12:33:50,SPX,7724.25,7717.1,7775.0,2643,624,0.1704,0.000392
2026-09-04 12:33:50,SPX,7724.25,7717.1,7670.0,934,2049,0.171,0.000392
2026-09-04 12:33:50,SPX,7724.25,7717.1,7780.0,4722,257,0.1814,0.000392
2026-09-04 12:33:50,SPX,7724.25,7717.1,7665.0,537,2859,0.1818,0.000392
2026-09-04 12:33:50,SPX,7724.25,7717.1,7785.0,2519,110,0.1914,0.000392
2026-09-04 12:33:50,SPX,7724.25,7717.1,7660.0,496,2092,0.1916,0.000392
2026-09-04 12:33:50,SPX,7724.25,7717.1,7790.0,3745,195,0.201,0.000392
2026-09-04 12:33:50,SPX,7724.25,7717.1,7655.0,376,1443,0.2033,0.000392
2026-09-04 12:33:50,SPX,7724.25,7717.1,7795.0,2098,120,0.2093,0.000392
2026-09-04 12:33:50,SPX,7724.25,7717.1,7650.0,2096,5728,0.213,0.000392
2026-09-04 12:33:50,SPX,7724.25,7717.1,7800.0,6740,910,0.2175,0.000392
2026-09-04 12:33:50,SPX,7724.25,7717.1,7645.0,574,1535,0.2231,0.000392
2026-09-04 12:33:50,SPX,7724.25,7717.1,7805.0,2874,192,0.227,0.000392
2026-09-04 12:33:50,SPX,7724.25,7717.1,7640.0,434,2219,0.2357,0.000392
2026-09-04 12:33:50,SPX,7724.25,7717.1,7810.0,4330,154,0.2375,0.000392
2026-09-04 12:33:50,SPX,7724.25,7717.1,7635.0,510,1919,0.2498,0.000392
2026-09-04 12:33:50,SPX,7724.25,7717.1,7815.0,2365,187,0.2486,0.000392
2026-09-04 12:33:50,SPX,7724.25,7717.1,7630.0,781,2809,0.2636,0.000392
2026-09-04 12:33:50,SPX,7724.25,7717.1,7820.0,7423,74,0.2598,0.000392
2026-09-04 12:33:50,SPX,7724.25,7717.1,7625.0,829,2764,0.2758,0.000392
2026-09-04 12:33:50,SPX,7724.25,7717.1,7825.0,9062,193,0.2711,0.000392
2026-09-04 12:33:50,SPX,7724.25,7717.1,7620.0,365,1776,0.286,0.000392
2026-09-04 12:33:50,SPX,7724.25,7717.1,7830.0,11312,13,0.2825,0.000392
2026-09-04 12:33:50,SPX,7724.25,7717.1,7615.0,197,2202,0.295,0.000392
2026-09-04 12:33:50,SPX,7724.25,7717.1,7835.0,8226,9,0.2938,0.000392
2026-09-04 12:33:50,SPX,7724.25,7717.1,7610.0,152,3000,0.3035,0.000392
2026-09-04 12:33:50,SPX,7724.25,7717.1,7840.0,1969,24,0.3049,0.000392
2026-09-04 12:33:50,SPX,7724.25,7717.1,7605.0,98,2142,0.3124,0.000392
2026-09-04 12:33:50,SPX,7724.25,7717.1,7845.0,4242,21,0.3159,0.000392
2026-09-04 12:33:50,SPX,7724.25,7717.1,7600.0,676,9556,0.3219,0.000392
2026-09-04 12:33:50,SPX,7724.25,7717.1,7725.0,1638,1398,0.06,0.011343
2026-09-04 12:33:50,SPX,7724.25,7717.1,7720.0,641,645,0.0607,0.011343
2026-09-04 12:33:50,SPX,7724.25,7717.1,7730.0,547,556,0.0594,0.011343
2026-09-04 12:33:50,SPX,7724.25,7717.1,7715.0,493,625,0.0614,0.011343
2026-09-04 12:33:50,SPX,7724.25,7717.1,7735.0,439,153,0.059,0.011343
2026-09-04 12:33:50,SPX,7724.25,7717.1,7710.0,366,400,0.0622,0.011343
2026-09-04 12:33:50,SPX,7724.25,7717.1,7740.0,536,330,0.0584,0.011343
2026-09-04 12:33:50,SPX,7724.25,7717.1,7705.0,308,349,0.0633,0.011343
2026-09-04 12:33:50,SPX,7724.25,7717.1,7745.0,926,267,0.0581,0.011343
2026-09-04 12:33:50,SPX,7724.25,7717.1,7700.0,1344,1202,0.0641,0.011343
2026-09-04 12:33:50,SPX,7724.25,7717.1,7750.0,2653,2146,0.0578,0.011343
2026-09-04 12:33:50,SPX,7724.25,7717.1,7695.0,1083,401,0.0651,0.011343
2026-09-04 12:33:50,SPX,7724.25,7717.1,7755.0,782,596,0.0575,0.011343
2026-09-04 12:33:50,SPX,7724.25,7717.1,7690.0,291,769,0.066,0.011343
2026-09-04 12:33:50,SPX,7724.25,7717.1,7760.0,1166,166,0.0571,0.011343
2026-09-04 12:33:50,SPX,7724.25,7717.1,7685.0,198,588,0.0671,0.011343
2026-09-04 12:33:50,SPX,7724.25,7717.1,7765.0,991,92,0.0567,0.011343
2026-09-04 12:33:50,SPX,7724.25,7717.1,7680.0,613,766,0.0683,0.011343
2026-09-04 12:33:50,SPX,7724.25,7717.1,7770.0,1081,174,0.0563,0.011343
2026-09-04 12:33:50,SPX,7724.25,7717.1,7675.0,423,2841,0.0698,0.011343
2026-09-04 12:33:50,SPX,7724.25,7717.1,7775.0,1499,221,0.0562,0.011343
2026-09-04 12:33:50,SPX,7724.25,7717.1,7670.0,304,832,0.0706,0.011343
2026-09-04 12:33:50,SPX,7724.25,7717.1,7780.0,770,124,0.0564,0.011343
2026-09-04 12:33:50,SPX,7724.25,7717.1,7665.0,178,250,0.0714,0.011343
2026-09-04 12:33:50,SPX,7724.25,7717.1,7785.0,561,33,0.0568,0.011343
2026-09-04 12:33:50,SPX,7724.25,7717.1,7660.0,157,655,0.0727,0.011343
2026-09-04 12:33:50,SPX,7724.25,7717.1,7790.0,1925,46,0.0573,0.011343
2026-09-04 12:33:50,SPX,7724.25,7717.1,7655.0,78,339,0.074,0.011343
2026-09-04 12:33:50,SPX,7724.25,7717.1,7795.0,1305,14,0.0577,0.011343
2026-09-04 12:33:50,SPX,7724.25,7717.1,7650.0,672,3653,0.075,0.011343
2026-09-04 12:33:50,SPX,7724.25,7717.1,7800.0,5671,995,0.0582,0.011343
2026-09-04 12:33:50,SPX,7724.25,7717.1,7645.0,143,242,0.0758,0.011343
2026-09-04 12:33:50,SPX,7724.25,7717.1,7805.0,2681,20,0.0585,0.011343
2026-09-04 12:33:50,SPX,7724.25,7717.1,7640.0,105,445,0.0771,0.011343
2026-09-04 12:33:50,SPX,7724.25,7717.1,7810.0,1161,70,0.0588,0.011343
2026-09-04 12:33:50,SPX,7724.25,7717.1,7635.0,143,215,0.0789,0.011343
2026-09-04 12:33:50,SPX,7724.25,7717.1,7815.0,827,19,0.0593,0.011343
2026-09-04 12:33:50,SPX,7724.25,7717.1,7630.0,171,738,0.0802,0.011343
2026-09-04 12:33:50,SPX,7724.25,7717.1,7820.0,859,84,0.0598,0.011343
2026-09-04 12:33:50,SPX,7724.25,7717.1,7625.0,866,772,0.0805,0.011343
2026-09-04 12:33:50,SPX,7724.25,7717.1,7825.0,1076,31,0.0606,0.011343
2026-09-04 12:33:50,SPX,7724.25,7717.1,7620.0,113,453,0.0818,0.011343
2026-09-04 12:33:50,SPX,7724.25,7717.1,7830.0,1429,52,0.0615,0.011343
2026-09-04 12:33:50,SPX,7724.25,7717.1,7615.0,79,330,0.0834,0.011343
2026-09-04 12:33:50,SPX,7724.25,7717.1,7835.0,808,0,0.0627,0.011343
2026-09-04 12:33:50,SPX,7724.25,7717.1,7610.0,56,467,0.0848,0.011343
2026-09-04 12:33:50,SPX,7724.25,7717.1,7840.0,888,16,0.064,0.011343
2026-09-04 12:33:50,SPX,7724.25,7717.1,7605.0,67,361,0.0868,0.011343
2026-09-04 12:33:50,SPX,7724.25,7717.1,7845.0,1083,1,0.0654,0.011343
2026-09-04 12:33:50,SPX,7724.25,7717.1,7600.0,764,1831,0.0884,0.011343
2026-09-04 12:33:50,SPX,7724.25,7717.1,7725.0,666,505,0.0698,0.014081
2026-09-04 12:33:50,SPX,7724.25,7717.1,7720.0,205,0,0.0704,0.014081
2026-09-04 12:33:50,SPX,7724.25,7717.1,7740.0,472,0,0.15,0.014081
2026-09-04 12:33:50,SPX,7724.25,7717.1,7705.0,0,483,0.15,0.014081
2026-09-04 12:33:50,SPX,7724.25,7717.1,7745.0,263,0,0.15,0.014081
2026-09-04 12:33:50,SPX,7724.25,7717.1,7750.0,1216,954,0.0676,0.014081
2026-09-04 12:33:50,SPX,7724.25,7717.1,7695.0,100,219,0.0743,0.014081
2026-09-04 12:33:50,SPX,7724.25,7717.1,7755.0,591,236,0.0672,0.014081
2026-09-04 12:33:50,SPX,7724.25,7717.1,7690.0,200,207,0.0751,0.014081
2026-09-04 12:33:50,SPX,7724.25,7717.1,7760.0,983,86,0.0668,0.014081
2026-09-04 12:33:50,SPX,7724.25,7717.1,7685.0,107,270,0.0759,0.014081
2026-09-04 12:33:50,SPX,7724.25,7717.1,7765.0,1107,30,0.0664,0.014081
2026-09-04 12:33:50,SPX,7724.25,7717.1,7680.0,93,677,0.0769,0.014081
2026-09-04 12:33:50,SPX,7724.25,7717.1,7770.0,316,32,0.0661,0.014081
2026-09-04 12:33:50,SPX,7724.25,7717.1,7675.0,370,792,0.0779,0.014081
2026-09-04 12:33:50,SPX,7724.25,7717.1,7775.0,1628,50,0.066,0.014081
2026-09-04 12:33:50,SPX,7724.25,7717.1,7670.0,368,632,0.0786,0.014081
2026-09-04 12:33:50,SPX,7724.25,7717.1,7780.0,2838,42,0.066,0.014081
2026-09-04 12:33:50,SPX,7724.25,7717.1,7665.0,85,237,0.0798,0.014081
2026-09-04 12:33:50,SPX,7724.25,7717.1,7785.0,710,13,0.066,0.014081
2026-09-04 12:33:50,SPX,7724.25,7717.1,7660.0,80,986,0.0811,0.014081
2026-09-04 12:33:50,SPX,7724.25,7717.1,7790.0,386,19,0.0661,0.014081
2026-09-04 12:33:50,SPX,7724.25,7717.1,7655.0,62,288,0.0823,0.014081
2026-09-04 12:33:50,SPX,7724.25,7717.1,7795.0,1685,7,0.0661,0.014081
2026-09-04 12:33:50,SPX,7724.25,7717.1,7650.0,1259,634,0.0832,0.014081
2026-09-04 12:33:50,SPX,7724.25,7717.1,7800.0,2644,70,0.0661,0.014081
2026-09-04 12:33:50,SPX,7724.25,7717.1,7645.0,53,339,0.084,0.014081
2026-09-04 12:33:50,SPX,7724.25,7717.1,7805.0,470,1,0.0662,0.014081
2026-09-04 12:33:50,SPX,7724.25,7717.1,7640.0,75,227,0.0849,0.014081
2026-09-04 12:33:50,SPX,7724.25,7717.1,7810.0,2356,29,0.0663,0.014081
2026-09-04 12:33:50,SPX,7724.25,7717.1,7635.0,83,241,0.086,0.014081
2026-09-04 12:33:50,SPX,7724.25,7717.1,7815.0,928,7,0.0664,0.014081
2026-09-04 12:33:50,SPX,7724.25,7717.1,7630.0,50,253,0.0873,0.014081
2026-09-04 12:33:50,SPX,7724.25,7717.1,7820.0,719,18,0.0666,0.014081
2026-09-04 12:33:50,SPX,7724.25,7717.1,7625.0,1357,2470,0.0886,0.014081
2026-09-04 12:33:50,SPX,7724.25,7717.1,7825.0,21170,14,0.0668,0.014081
2026-09-04 12:33:50,SPX,7724.25,7717.1,7620.0,83,1391,0.0899,0.014081
2026-09-04 12:33:50,SPX,7724.25,7717.1,7830.0,1322,7,0.0671,0.014081
2026-09-04 12:33:50,SPX,7724.25,7717.1,7615.0,11,175,0.0911,0.014081
2026-09-04 12:33:50,SPX,7724.25,7717.1,7835.0,488,0,0.0675,0.014081
2026-09-04 12:33:50,SPX,7724.25,7717.1,7610.0,32,241,0.0919,0.014081
2026-09-04 12:33:50,SPX,7724.25,7717.1,7840.0,833,15,0.068,0.014081
2026-09-04 12:33:50,SPX,7724.25,7717.1,7605.0,33,158,0.0928,0.014081
2026-09-04 12:33:50,SPX,7724.25,7717.1,7845.0,476,0,0.0686,0.014081
2026-09-04 12:33:50,SPX,7724.25,7717.1,7600.0,1096,2976,0.0938,0.014081
2026-09-04 13:04:15,SPX,7721.33,7717.64,7720.0,1909,3215,0.1091,0.000334
2026-09-04 13:04:15,SPX,7721.33,7717.64,7725.0,2819,2807,0.1063,0.000334
2026-09-04 13:04:15,SPX,7721.33,7717.64,7715.0,2579,1715,0.1142,0.000334
2026-09-04 13:04:15,SPX,7721.33,7717.64,7730.0,2340,2267,0.1051,0.000334
2026-09-04 13:04:15,SPX,7721.33,7717.64,7710.0,1288,2750,0.1194,0.000334
2026-09-04 13:04:15,SPX,7721.33,7717.64,7735.0,1634,1097,0.1064,0.000334
2026-09-04 13:04:15,SPX,7721.33,7717.64,7705.0,855,1319,0.1245,0.000334
2026-09-04 13:04:15,SPX,7721.33,7717.64,7740.0,2759,1836,0.1088,0.000334
2026-09-04 13:04:15,SPX,7721.33,7717.64,7700.0,4599,7509,0.1322,0.000334
2026-09-04 13:04:15,SPX,7721.33,7717.64,7745.0,1960,1195,0.1139,0.000334
2026-09-04 13:04:15,SPX,7721.33,7717.64,7695.0,1000,2544,0.138,0.000334
2026-09-04 13:04:15,SPX,7721.33,7717.64,7750.0,6185,5309,0.1215,0.000334
2026-09-04 13:04:15,SPX,7721.33,7717.64,7690.0,831,2516,0.15,0.000334
2026-09-04 13:04:15,SPX,7721.33,7717.64,7755.0,2764,513,0.1307,0.000334
2026-09-04 13:04:15,SPX,7721.33,7717.64,7685.0,1020,1871,0.1567,0.000334
2026-09-04 13:04:15,SPX,7721.33,7717.64,7760.0,2701,447,0.1419,0.000334
2026-09-04 13:04:15,SPX,7721.33,7717.64,7680.0,1779,3863,0.1702,0.000334
2026-09-04 13:04:15,SPX,7721.33,7717.64,7765.0,1972,328,0.1544,0.000334
2026-09-04 13:04:15,SPX,7721.33,7717.64,7675.0,1474,3620,0.175,0.000334
2026-09-04 13:04:15,SPX,7721.33,7717.64,7770.0,3190,366,0.1677,0.000334
2026-09-04 13:04:15,SPX,7721.33,7717.64,7670.0,934,2049,0.1892,0.000334
2026-09-04 13:04:15,SPX,7721.33,7717.64,7775.0,2643,624,0.1788,0.000334
2026-09-04 13:04:15,SPX,7721.33,7717.64,7665.0,537,2859,0.1955,0.000334
2026-09-04 13:04:15,SPX,7721.33,7717.64,7780.0,4722,257,0.1889,0.000334
2026-09-04 13:04:15,SPX,7721.33,7717.64,7660.0,496,2092,0.2074,0.000334
2026-09-04 13:04:15,SPX,7721.33,7717.64,7785.0,2519,110,0.199,0.000334
2026-09-04 13:04:15,SPX,7721.33,7717.64,7655.0,376,1443,0.2202,0.000334
2026-09-04 13:04:15,SPX,7721.33,7717.64,7790.0,3745,195,0.2091,0.000334
2026-09-04 13:04:15,SPX,7721.33,7717.64,7650.0,2096,5728,0.2343,0.000334
2026-09-04 13:04:15,SPX,7721.33,7717.64,7795.0,2098,120,0.2195,0.000334
2026-09-04 13:04:15,SPX,7721.33,7717.64,7645.0,574,1535,0.2471,0.000334
2026-09-04 13:04:15,SPX,7721.33,7717.64,7800.0,6740,910,0.2303,0.000334
2026-09-04 13:04:15,SPX,7721.33,7717.64,7640.0,434,2219,0.2576,0.000334
2026-09-04 13:04:15,SPX,7721.33,7717.64,7805.0,2874,192,0.2416,0.000334
2026-09-04 13:04:15,SPX,7721.33,7717.64,7635.0,510,1919,0.2669,0.000334
2026-09-04 13:04:15,SPX,7721.33,7717.64,7810.0,4330,154,0.253,0.000334
2026-09-04 13:04:15,SPX,7721.33,7717.64,7630.0,781,2809,0.2763,0.000334
2026-09-04 13:04:15,SPX,7721.33,7717.64,7815.0,2365,187,0.2647,0.000334
2026-09-04 13:04:15,SPX,7721.33,7717.64,7625.0,829,2764,0.2862,0.000334
2026-09-04 13:04:15,SPX,7721.33,7717.64,7820.0,7423,74,0.2766,0.000334
2026-09-04 13:04:15,SPX,7721.33,7717.64,7620.0,365,1776,0.2968,0.000334
2026-09-04 13:04:15,SPX,7721.33,7717.64,7825.0,9062,193,0.2882,0.000334
2026-09-04 13:04:15,SPX,7721.33,7717.64,7615.0,197,2202,0.3081,0.000334
2026-09-04 13:04:15,SPX,7721.33,7717.64,7830.0,11312,13,0.2995,0.000334
2026-09-04 13:04:15,SPX,7721.33,7717.64,7610.0,152,3000,0.3199,0.000334
2026-09-04 13:04:15,SPX,7721.33,7717.64,7835.0,8226,9,0.3104,0.000334
2026-09-04 13:04:15,SPX,7721.33,7717.64,7605.0,98,2142,0.3322,0.000334
2026-09-04 13:04:15,SPX,7721.33,7717.64,7840.0,1969,24,0.3208,0.000334
2026-09-04 13:04:15,SPX,7721.33,7717.64,7600.0,676,9556,0.3448,0.000334
2026-09-04 13:04:15,SPX,7721.33,7717.64,7845.0,4242,21,0.3305,0.000334
2026-09-04 13:04:15,SPX,7721.33,7717.64,7720.0,641,645,0.0607,0.011286
2026-09-04 13:04:15,SPX,7721.33,7717.64,7725.0,1638,1398,0.06,0.011286
2026-09-04 13:04:15,SPX,7721.33,7717.64,7715.0,493,625,0.0614,0.011286
2026-09-04 13:04:15,SPX,7721.33,7717.64,7730.0,547,556,0.0595,0.011286
2026-09-04 13:04:15,SPX,7721.33,7717.64,7710.0,366,400,0.0621,0.011286
2026-09-04 13:04:15,SPX,7721.33,7717.64,7735.0,439,153,0.059,0.011286
2026-09-04 13:04:15,SPX,7721.33,7717.64,7705.0,308,349,0.063,0.011286
2026-09-04 13:04:15,SPX,7721.33,7717.64,7740.0,536,330,0.0585,0.011286
2026-09-04 13:04:15,SPX,7721.33,7717.64,7700.0,1344,1202,0.0639,0.011286
2026-09-04 13:04:15,SPX,7721.33,7717.64,7745.0,926,267,0.0581,0.011286
2026-09-04 13:04:15,SPX,7721.33,7717.64,7695.0,1083,401,0.0648,0.011286
2026-09-04 13:04:15,SPX,7721.33,7717.64,7750.0,2653,2146,0.0579,0.011286
2026-09-04 13:04:15,SPX,7721.33,7717.64,7690.0,291,769,0.0662,0.011286
2026-09-04 13:04:15,SPX,7721.33,7717.64,7755.0,782,596,0.0577,0.011286
2026-09-04 13:04:15,SPX,7721.33,7717.64,7685.0,198,588,0.0667,0.011286
2026-09-04 13:04:15,SPX,7721.33,7717.64,7760.0,1166,166,0.0574,0.011286
2026-09-04 13:04:15,SPX,7721.33,7717.64,7680.0,613,766,0.0677,0.011286
2026-09-04 13:04:15,SPX,7721.33,7717.64,7765.0,991,92,0.0569,0.011286
2026-09-04 13:04:15,SPX,7721.33,7717.64,7675.0,423,2841,0.0685,0.011286
2026-09-04 13:04:15,SPX,7721.33,7717.64,7770.0,1081,174,0.0566,0.011286
2026-09-04 13:04:15,SPX,7721.33,7717.64,7670.0,304,832,0.0699,0.011286
2026-09-04 13:04:15,SPX,7721.33,7717.64,7775.0,1499,221,0.0565,0.011286
2026-09-04 13:04:15,SPX,7721.33,7717.64,7665.0,178,250,0.0711,0.011286
2026-09-04 13:04:15,SPX,7721.33,7717.64,7780.0,770,124,0.0567,0.011286
2026-09-04 13:04:15,SPX,7721.33,7717.64,7660.0,157,655,0.0721,0.011286
2026-09-04 13:04:15,SPX,7721.33,7717.64,7785.0,561,33,0.0571,0.011286
2026-09-04 13:04:15,SPX,7721.33,7717.64,7655.0,78,339,0.0727,0.011286
2026-09-04 13:04:15,SPX,7721.33,7717.64,7790.0,1925,46,0.0576,0.011286
2026-09-04 13:04:15,SPX,7721.33,7717.64,7650.0,672,3653,0.0737,0.011286
2026-09-04 13:04:15,SPX,7721.33,7717.64,7795.0,1305,14,0.058,0.011286
2026-09-04 13:04:15,SPX,7721.33,7717.64,7645.0,143,242,0.0752,0.011286
2026-09-04 13:04:15,SPX,7721.33,7717.64,7800.0,5671,995,0.0583,0.011286
2026-09-04 13:04:15,SPX,7721.33,7717.64,7640.0,105,445,0.0765,0.011286
2026-09-04 13:04:15,SPX,7721.33,7717.64,7805.0,2681,20,0.0586,0.011286
2026-09-04 13:04:15,SPX,7721.33,7717.64,7635.0,143,215,0.0774,0.011286
2026-09-04 13:04:15,SPX,7721.33,7717.64,7810.0,1161,70,0.0589,0.011286
2026-09-04 13:04:15,SPX,7721.33,7717.64,7630.0,171,738,0.0783,0.011286
2026-09-04 13:04:15,SPX,7721.33,7717.64,7815.0,827,19,0.0594,0.011286
2026-09-04 13:04:15,SPX,7721.33,7717.64,7625.0,866,772,0.0797,0.011286
2026-09-04 13:04:15,SPX,7721.33,7717.64,7820.0,859,84,0.06,0.011286
2026-09-04 13:04:15,SPX,7721.33,7717.64,7620.0,113,453,0.0814,0.011286
2026-09-04 13:04:15,SPX,7721.33,7717.64,7825.0,1076,31,0.0609,0.011286
2026-09-04 13:04:15,SPX,7721.33,7717.64,7615.0,79,330,0.0828,0.011286
2026-09-04 13:04:15,SPX,7721.33,7717.64,7830.0,1429,52,0.0619,0.011286
2026-09-04 13:04:15,SPX,7721.33,7717.64,7610.0,56,467,0.0836,0.011286
2026-09-04 13:04:15,SPX,7721.33,7717.64,7835.0,808,0,0.0631,0.011286
2026-09-04 13:04:15,SPX,7721.33,7717.64,7605.0,67,361,0.0851,0.011286
2026-09-04 13:04:15,SPX,7721.33,7717.64,7840.0,888,16,0.0645,0.011286
2026-09-04 13:04:15,SPX,7721.33,7717.64,7600.0,764,1831,0.0866,0.011286
2026-09-04 13:04:15,SPX,7721.33,7717.64,7845.0,1083,1,0.066,0.011286
2026-09-04 13:04:15,SPX,7721.33,7717.64,7720.0,205,257,0.0708,0.014023
2026-09-04 13:04:15,SPX,7721.33,7717.64,7725.0,666,505,0.0701,0.014023
2026-09-04 13:04:15,SPX,7721.33,7717.64,7715.0,123,111,0.0713,0.014023
2026-09-04 13:04:15,SPX,7721.33,7717.64,7730.0,601,175,0.0696,0.014023
2026-09-04 13:04:15,SPX,7721.33,7717.64,7710.0,208,157,0.072,0.014023
2026-09-04 13:04:15,SPX,7721.33,7717.64,7735.0,293,60,0.069,0.014023
2026-09-04 13:04:15,SPX,7721.33,7717.64,7705.0,161,483,0.0728,0.014023
2026-09-04 13:04:15,SPX,7721.33,7717.64,7740.0,472,142,0.0687,0.014023
2026-09-04 13:04:15,SPX,7721.33,7717.64,7700.0,1651,1478,0.0736,0.014023
2026-09-04 13:04:15,SPX,7721.33,7717.64,7745.0,263,135,0.0684,0.014023
2026-09-04 13:04:15,SPX,7721.33,7717.64,7695.0,100,219,0.0742,0.014023
2026-09-04 13:04:15,SPX,7721.33,7717.64,7750.0,1216,954,0.0681,0.014023
2026-09-04 13:04:15,SPX,7721.33,7717.64,7690.0,200,207,0.0751,0.014023
2026-09-04 13:04:15,SPX,7721.33,7717.64,7755.0,591,236,0.0678,0.014023
2026-09-04 13:04:15,SPX,7721.33,7717.64,7685.0,107,270,0.0757,0.014023
2026-09-04 13:04:15,SPX,7721.33,7717.64,7760.0,983,86,0.0673,0.014023
2026-09-04 13:04:15,SPX,7721.33,7717.64,7680.0,93,677,0.0765,0.014023
2026-09-04 13:04:15,SPX,7721.33,7717.64,7765.0,1107,30,0.0668,0.014023
2026-09-04 13:04:15,SPX,7721.33,7717.64,7675.0,370,792,0.0777,0.014023
2026-09-04 13:04:15,SPX,7721.33,7717.64,7770.0,316,32,0.0665,0.014023
2026-09-04 13:04:15,SPX,7721.33,7717.64,7670.0,368,632,0.0785,0.014023
2026-09-04 13:04:15,SPX,7721.33,7717.64,7775.0,1628,50,0.0663,0.014023
2026-09-04 13:04:15,SPX,7721.33,7717.64,7665.0,85,237,0.0793,0.014023
2026-09-04 13:04:15,SPX,7721.33,7717.64,7780.0,2838,42,0.0662,0.014023
2026-09-04 13:04:15,SPX,7721.33,7717.64,7660.0,80,986,0.0804,0.014023
2026-09-04 13:04:15,SPX,7721.33,7717.64,7785.0,710,13,0.0663,0.014023
2026-09-04 13:04:15,SPX,7721.33,7717.64,7655.0,62,288,0.081,0.014023
2026-09-04 13:04:15,SPX,7721.33,7717.64,7790.0,386,19,0.0664,0.014023
2026-09-04 13:04:15,SPX,7721.33,7717.64,7650.0,1259,634,0.0823,0.014023
2026-09-04 13:04:15,SPX,7721.33,7717.64,7795.0,1685,7,0.0665,0.014023
2026-09-04 13:04:15,SPX,7721.33,7717.64,7645.0,53,339,0.0832,0.014023
2026-09-04 13:04:15,SPX,7721.33,7717.64,7800.0,2644,70,0.0667,0.014023
2026-09-04 13:04:15,SPX,7721.33,7717.64,7640.0,75,227,0.0842,0.014023
2026-09-04 13:04:15,SPX,7721.33,7717.64,7805.0,470,1,0.0668,0.014023
2026-09-04 13:04:15,SPX,7721.33,7717.64,7635.0,83,241,0.0855,0.014023
2026-09-04 13:04:15,SPX,7721.33,7717.64,7810.0,2356,29,0.0668,0.014023
2026-09-04 13:04:15,SPX,7721.33,7717.64,7630.0,50,253,0.0867,0.014023
2026-09-04 13:04:15,SPX,7721.33,7717.64,7815.0,928,7,0.0669,0.014023
2026-09-04 13:04:15,SPX,7721.33,7717.64,7625.0,1357,2470,0.0877,0.014023
2026-09-04 13:04:15,SPX,7721.33,7717.64,7820.0,719,18,0.067,0.014023
2026-09-04 13:04:15,SPX,7721.33,7717.64,7620.0,83,1391,0.0884,0.014023
2026-09-04 13:04:15,SPX,7721.33,7717.64,7825.0,21170,14,0.0672,0.014023
2026-09-04 13:04:15,SPX,7721.33,7717.64,7615.0,11,175,0.0894,0.014023
2026-09-04 13:04:15,SPX,7721.33,7717.64,7830.0,1322,7,0.0675,0.014023
2026-09-04 13:04:15,SPX,7721.33,7717.64,7610.0,32,241,0.0908,0.014023
2026-09-04 13:04:15,SPX,7721.33,7717.64,7835.0,488,0,0.0679,0.014023
2026-09-04 13:04:15,SPX,7721.33,7717.64,7605.0,33,158,0.0918,0.014023
2026-09-04 13:04:15,SPX,7721.33,7717.64,7840.0,833,15,0.0684,0.014023
2026-09-04 13:04:15,SPX,7721.33,7717.64,7600.0,1096,2976,0.0927,0.014023
2026-09-04 13:04:15,SPX,7721.33,7717.64,7845.0,476,0,0.0691,0.014023
2026-09-04 13:34:41,SPX,7711.78,7716.55,7710.0,1288,2750,0.116,0.000276
2026-09-04 13:34:41,SPX,7711.78,7716.55,7715.0,2579,1715,0.1118,0.000276
2026-09-04 13:34:41,SPX,7711.78,7716.55,7705.0,855,1319,0.1217,0.000276
2026-09-04 13:34:41,SPX,7711.78,7716.55,7720.0,1909,3215,0.1096,0.000276
2026-09-04 13:34:41,SPX,7711.78,7716.55,7700.0,4599,7509,0.1283,0.000276
2026-09-04 13:34:41,SPX,7711.78,7716.55,7725.0,2819,2807,0.1091,0.000276
2026-09-04 13:34:41,SPX,7711.78,7716.55,7695.0,1000,2544,0.1366,0.000276
2026-09-04 13:34:41,SPX,7711.78,7716.55,7730.0,2340,2267,0.1114,0.000276
2026-09-04 13:34:41,SPX,7711.78,7716.55,7690.0,831,2516,0.1456,0.000276
2026-09-04 13:34:41,SPX,7711.78,7716.55,7735.0,1634,1097,0.1165,0.000276
2026-09-04 13:34:41,SPX,7711.78,7716.55,7685.0,1020,1871,0.1549,0.000276
2026-09-04 13:34:41,SPX,7711.78,7716.55,7740.0,2759,1836,0.1251,0.000276
2026-09-04 13:34:41,SPX,7711.78,7716.55,7680.0,1779,3863,0.1657,0.000276
2026-09-04 13:34:41,SPX,7711.78,7716.55,7745.0,1960,1195,0.1356,0.000276
2026-09-04 13:34:41,SPX,7711.78,7716.55,7675.0,1474,3620,0.1771,0.000276
2026-09-04 13:34:41,SPX,7711.78,7716.55,7750.0,6185,5309,0.147,0.000276
2026-09-04 13:34:41,SPX,7711.78,7716.55,7670.0,934,2049,0.1838,0.000276
2026-09-04 13:34:41,SPX,7711.78,7716.55,7755.0,2764,513,0.1591,0.000276
2026-09-04 13:34:41,SPX,7711.78,7716.55,7665.0,537,2859,0.1952,0.000276
2026-09-04 13:34:41,SPX,7711.78,7716.55,7760.0,2701,447,0.1712,0.000276
2026-09-04 13:34:41,SPX,7711.78,7716.55,7660.0,496,2092,0.2037,0.000276
2026-09-04 13:34:41,SPX,7711.78,7716.55,7765.0,1972,328,0.1831,0.000276
2026-09-04 13:34:41,SPX,7711.78,7716.55,7655.0,376,1443,0.2143,0.000276
2026-09-04 13:34:41,SPX,7711.78,7716.55,7770.0,3190,366,0.1941,0.000276
2026-09-04 13:34:41,SPX,7711.78,7716.55,7650.0,2096,5728,0.2253,0.000276
2026-09-04 13:34:41,SPX,7711.78,7716.55,7775.0,2643,624,0.2047,0.000276
2026-09-04 13:34:41,SPX,7711.78,7716.55,7645.0,574,1535,0.239,0.000276
2026-09-04 13:34:41,SPX,7711.78,7716.55,7780.0,4722,257,0.2155,0.000276
2026-09-04 13:34:41,SPX,7711.78,7716.55,7640.0,434,2219,0.2502,0.000276
2026-09-04 13:34:41,SPX,7711.78,7716.55,7785.0,2519,110,0.2269,0.000276
2026-09-04 13:34:41,SPX,7711.78,7716.55,7635.0,510,1919,0.2599,0.000276
2026-09-04 13:34:41,SPX,7711.78,7716.55,7790.0,3745,195,0.239,0.000276
2026-09-04 13:34:41,SPX,7711.78,7716.55,7630.0,781,2809,0.2703,0.000276
2026-09-04 13:34:41,SPX,7711.78,7716.55,7795.0,2098,120,0.2517,0.000276
2026-09-04 13:34:41,SPX,7711.78,7716.55,7625.0,829,2764,0.2811,0.000276
2026-09-04 13:34:41,SPX,7711.78,7716.55,7800.0,6740,910,0.2648,0.000276
2026-09-04 13:34:41,SPX,7711.78,7716.55,7620.0,365,1776,0.2915,0.000276
2026-09-04 13:34:41,SPX,7711.78,7716.55,7805.0,2874,192,0.2777,0.000276
2026-09-04 13:34:41,SPX,7711.78,7716.55,7615.0,197,2202,0.3031,0.000276
2026-09-04 13:34:41,SPX,7711.78,7716.55,7810.0,4330,154,0.2898,0.000276
2026-09-04 13:34:41,SPX,7711.78,7716.55,7610.0,152,3000,0.3162,0.000276
2026-09-04 13:34:41,SPX,7711.78,7716.55,7815.0,2365,187,0.3014,0.000276
2026-09-04 13:34:41,SPX,7711.78,7716.55,7605.0,98,2142,0.3305,0.000276
2026-09-04 13:34:41,SPX,7711.78,7716.55,7820.0,7423,74,0.3123,0.000276
2026-09-04 13:34:41,SPX,7711.78,7716.55,7600.0,676,9556,0.3455,0.000276
2026-09-04 13:34:41,SPX,7711.78,7716.55,7825.0,9062,193,0.3225,0.000276
2026-09-04 13:34:41,SPX,7711.78,7716.55,7595.0,60,2204,0.3608,0.000276
2026-09-04 13:34:41,SPX,7711.78,7716.55,7830.0,11312,13,0.3317,0.000276
2026-09-04 13:34:41,SPX,7711.78,7716.55,7590.0,158,1533,0.3761,0.000276
2026-09-04 13:34:41,SPX,7711.78,7716.55,7835.0,8226,9,0.3401,0.000276
2026-09-04 13:34:41,SPX,7711.78,7716.55,7710.0,366,400,0.0601,0.011228
2026-09-04 13:34:41,SPX,7711.78,7716.55,7715.0,493,625,0.0596,0.011228
2026-09-04 13:34:41,SPX,7711.78,7716.55,7705.0,308,349,0.0615,0.011228
2026-09-04 13:34:41,SPX,7711.78,7716.55,7720.0,641,645,0.0589,0.011228
2026-09-04 13:34:41,SPX,7711.78,7716.55,7700.0,1344,1202,0.062,0.011228
2026-09-04 13:34:41,SPX,7711.78,7716.55,7725.0,1638,1398,0.0584,0.011228
2026-09-04 13:34:41,SPX,7711.78,7716.55,7695.0,1083,401,0.0627,0.011228
2026-09-04 13:34:41,SPX,7711.78,7716.55,7730.0,547,556,0.0578,0.011228
2026-09-04 13:34:41,SPX,7711.78,7716.55,7690.0,291,769,0.0637,0.011228
2026-09-04 13:34:41,SPX,7711.78,7716.55,7735.0,439,153,0.0574,0.011228
2026-09-04 13:34:41,SPX,7711.78,7716.55,7685.0,198,588,0.0645,0.011228
2026-09-04 13:34:41,SPX,7711.78,7716.55,7740.0,536,330,0.0572,0.011228
2026-09-04 13:34:41,SPX,7711.78,7716.55,7680.0,613,766,0.0655,0.011228
2026-09-04 13:34:41,SPX,7711.78,7716.55,7745.0,926,267,0.0568,0.011228
2026-09-04 13:34:41,SPX,7711.78,7716.55,7675.0,423,2841,0.0666,0.011228
2026-09-04 13:34:41,SPX,7711.78,7716.55,7750.0,2653,2146,0.0564,0.011228
2026-09-04 13:34:41,SPX,7711.78,7716.55,7670.0,304,832,0.0674,0.011228
2026-09-04 13:34:41,SPX,7711.78,7716.55,7755.0,782,596,0.0561,0.011228
2026-09-04 13:34:41,SPX,7711.78,7716.55,7665.0,178,250,0.069,0.011228
2026-09-04 13:34:41,SPX,7711.78,7716.55,7760.0,1166,166,0.0559,0.011228
2026-09-04 13:34:41,SPX,7711.78,7716.55,7660.0,157,655,0.0699,0.011228
2026-09-04 13:34:41,SPX,7711.78,7716.55,7765.0,991,92,0.0557,0.011228
2026-09-04 13:34:41,SPX,7711.78,7716.55,7655.0,78,339,0.0707,0.011228
2026-09-04 13:34:41,SPX,7711.78,7716.55,7770.0,1081,174,0.0558,0.011228
2026-09-04 13:34:41,SPX,7711.78,7716.55,7650.0,672,3653,0.0719,0.011228
2026-09-04 13:34:41,SPX,7711.78,7716.55,7775.0,1499,221,0.056,0.011228
2026-09-04 13:34:41,SPX,7711.78,7716.55,7645.0,143,242,0.0732,0.011228
2026-09-04 13:34:41,SPX,7711.78,7716.55,7780.0,770,124,0.0564,0.011228
2026-09-04 13:34:41,SPX,7711.78,7716.55,7640.0,105,445,0.0742,0.011228
2026-09-04 13:34:41,SPX,7711.78,7716.55,7785.0,561,33,0.0569,0.011228
2026-09-04 13:34:41,SPX,7711.78,7716.55,7635.0,143,215,0.0746,0.011228
2026-09-04 13:34:41,SPX,7711.78,7716.55,7790.0,1925,46,0.0574,0.011228
2026-09-04 13:34:41,SPX,7711.78,7716.55,7630.0,171,738,0.0759,0.011228
2026-09-04 13:34:41,SPX,7711.78,7716.55,7795.0,1305,14,0.0579,0.011228
2026-09-04 13:34:41,SPX,7711.78,7716.55,7625.0,866,772,0.0777,0.011228
2026-09-04 13:34:41,SPX,7711.78,7716.55,7800.0,5671,995,0.0585,0.011228
2026-09-04 13:34:41,SPX,7711.78,7716.55,7620.0,113,453,0.0787,0.011228
2026-09-04 13:34:41,SPX,7711.78,7716.55,7805.0,2681,20,0.0591,0.011228
2026-09-04 13:34:41,SPX,7711.78,7716.55,7615.0,79,330,0.0792,0.011228
2026-09-04 13:34:41,SPX,7711.78,7716.55,7810.0,1161,70,0.0598,0.011228
2026-09-04 13:34:41,SPX,7711.78,7716.55,7610.0,56,467,0.0809,0.011228
2026-09-04 13:34:41,SPX,7711.78,7716.55,7815.0,827,19,0.0607,0.011228
2026-09-04 13:34:41,SPX,7711.78,7716.55,7605.0,67,361,0.0826,0.011228
2026-09-04 13:34:41,SPX,7711.78,7716.55,7820.0,859,84,0.0616,0.011228
2026-09-04 13:34:41,SPX,7711.78,7716.55,7600.0,764,1831,0.0841,0.011228
2026-09-04 13:34:41,SPX,7711.78,7716.55,7825.0,1076,31,0.0627,0.011228
2026-09-04 13:34:41,SPX,7711.78,7716.55,7595.0,22,230,0.0856,0.011228
2026-09-04 13:34:41,SPX,7711.78,7716.55,7830.0,1429,52,0.0639,0.011228
2026-09-04 13:34:41,SPX,7711.78,7716.55,7590.0,60,279,0.0869,0.011228
2026-09-04 13:34:41,SPX,7711.78,7716.55,7835.0,808,0,0.0653,0.011228
2026-09-04 13:34:41,SPX,7711.78,7716.55,7710.0,208,157,0.0708,0.013966
2026-09-04 13:34:41,SPX,7711.78,7716.55,7715.0,123,111,0.0702,0.013966
2026-09-04 13:34:41,SPX,7711.78,7716.55,7705.0,161,483,0.0714,0.013966
2026-09-04 13:34:41,SPX,7711.78,7716.55,7720.0,205,257,0.0696,0.013966
2026-09-04 13:34:41,SPX,7711.78,7716.55,7700.0,1651,1478,0.0721,0.013966
2026-09-04 13:34:41,SPX,7711.78,7716.55,7725.0,666,505,0.0691,0.013966
2026-09-04 13:34:41,SPX,7711.78,7716.55,7695.0,100,219,0.0728,0.013966
2026-09-04 13:34:41,SPX,7711.78,7716.55,7730.0,601,175,0.0686,0.013966
2026-09-04 13:34:41,SPX,7711.78,7716.55,7690.0,200,207,0.0735,0.013966
2026-09-04 13:34:41,SPX,7711.78,7716.55,7735.0,293,60,0.0681,0.013966
2026-09-04 13:34:41,SPX,7711.78,7716.55,7685.0,107,270,0.0744,0.013966
2026-09-04 13:34:41,SPX,7711.78,7716.55,7740.0,472,142,0.0675,0.013966
2026-09-04 13:34:41,SPX,7711.78,7716.55,7680.0,93,677,0.0754,0.013966
2026-09-04 13:34:41,SPX,7711.78,7716.55,7745.0,263,135,0.0669,0.013966
2026-09-04 13:34:41,SPX,7711.78,7716.55,7675.0,370,792,0.0761,0.013966
2026-09-04 13:34:41,SPX,7711.78,7716.55,7750.0,1216,954,0.0665,0.013966
2026-09-04 13:34:41,SPX,7711.78,7716.55,7670.0,368,632,0.0769,0.013966
2026-09-04 13:34:41,SPX,7711.78,7716.55,7755.0,591,236,0.0663,0.013966
2026-09-04 13:34:41,SPX,7711.78,7716.55,7665.0,85,237,0.0781,0.013966
2026-09-04 13:34:41,SPX,7711.78,7716.55,7760.0,983,86,0.0662,0.013966
2026-09-04 13:34:41,SPX,7711.78,7716.55,7660.0,80,986,0.0789,0.013966
2026-09-04 13:34:41,SPX,7711.78,7716.55,7765.0,1107,30,0.0662,0.013966
2026-09-04 13:34:41,SPX,7711.78,7716.55,7655.0,62,288,0.0798,0.013966
2026-09-04 13:34:41,SPX,7711.78,7716.55,7770.0,316,32,0.0662,0.013966
2026-09-04 13:34:41,SPX,7711.78,7716.55,7650.0,1259,634,0.0811,0.013966
2026-09-04 13:34:41,SPX,7711.78,7716.55,7775.0,1628,50,0.0661,0.013966
2026-09-04 13:34:41,SPX,7711.78,7716.55,7645.0,53,339,0.0821,0.013966
2026-09-04 13:34:41,SPX,7711.78,7716.55,7780.0,2838,42,0.066,0.013966
2026-09-04 13:34:41,SPX,7711.78,7716.55,7640.0,75,227,0.0827,0.013966
2026-09-04 13:34:41,SPX,7711.78,7716.55,7785.0,710,13,0.0659,0.013966
2026-09-04 13:34:41,SPX,7711.78,7716.55,7635.0,83,241,0.0836,0.013966
2026-09-04 13:34:41,SPX,7711.78,7716.55,7790.0,386,19,0.0658,0.013966
2026-09-04 13:34:41,SPX,7711.78,7716.55,7630.0,50,253,0.0849,0.013966
2026-09-04 13:34:41,SPX,7711.78,7716.55,7795.0,1685,7,0.0657,0.013966
2026-09-04 13:34:41,SPX,7711.78,7716.55,7625.0,1357,2470,0.0862,0.013966
2026-09-04 13:34:41,SPX,7711.78,7716.55,7800.0,2644,70,0.0657,0.013966
2026-09-04 13:34:41,SPX,7711.78,7716.55,7620.0,83,1391,0.0871,0.013966
2026-09-04 13:34:41,SPX,7711.78,7716.55,7805.0,470,1,0.0657,0.013966
2026-09-04 13:34:41,SPX,7711.78,7716.55,7615.0,11,175,0.0879,0.013966
2026-09-04 13:34:41,SPX,7711.78,7716.55,7810.0,2356,29,0.0659,0.013966
2026-09-04 13:34:41,SPX,7711.78,7716.55,7610.0,32,241,0.0887,0.013966
2026-09-04 13:34:41,SPX,7711.78,7716.55,7815.0,928,7,0.0662,0.013966
2026-09-04 13:34:41,SPX,7711.78,7716.55,7605.0,33,158,0.0897,0.013966
2026-09-04 13:34:41,SPX,7711.78,7716.55,7820.0,719,18,0.0665,0.013966
2026-09-04 13:34:41,SPX,7711.78,7716.55,7600.0,1096,2976,0.0909,0.013966
2026-09-04 13:34:41,SPX,7711.78,7716.55,7825.0,21170,14,0.067,0.013966
2026-09-04 13:34:41,SPX,7711.78,7716.55,7595.0,25,181,0.0925,0.013966
2026-09-04 13:34:41,SPX,7711.78,7716.55,7830.0,1322,7,0.0675,0.013966
2026-09-04 13:34:41,SPX,7711.78,7716.55,7590.0,14,185,0.0935,0.013966
2026-09-04 13:34:41,SPX,7711.78,7716.55,7835.0,488,0,0.0682,0.013966
2026-09-04 14:05:07,SPX,7708.52,7716.21,7710.0,1288,2750,0.111,0.000218
2026-09-04 14:05:07,SPX,7708.52,7716.21,7705.0,855,1319,0.1158,0.000218
2026-09-04 14:05:07,SPX,7708.52,7716.21,7715.0,2579,1715,0.1094,0.000218
2026-09-04 14:05:07,SPX,7708.52,7716.21,7700.0,4599,7509,0.1222,0.000218
2026-09-04 14:05:07,SPX,7708.52,7716.21,7720.0,1909,3215,0.1115,0.000218
2026-09-04 14:05:07,SPX,7708.52,7716.21,7695.0,1000,2544,0.1303,0.000218
2026-09-04 14:05:07,SPX,7708.52,7716.21,7725.0,2819,2807,0.1154,0.000218
2026-09-04 14:05:07,SPX,7708.52,7716.21,7690.0,831,2516,0.1405,0.000218
2026-09-04 14:05:07,SPX,7708.52,7716.21,7730.0,2340,2267,0.1209,0.000218
2026-09-04 14:05:07,SPX,7708.52,7716.21,7685.0,1020,1871,0.1502,0.000218
2026-09-04 14:05:07,SPX,7708.52,7716.21,7735.0,1634,1097,0.1291,0.000218
2026-09-04 14:05:07,SPX,7708.52,7716.21,7680.0,1779,3863,0.1613,0.000218
2026-09-04 14:05:07,SPX,7708.52,7716.21,7740.0,2759,1836,0.1388,0.000218
2026-09-04 14:05:07,SPX,7708.52,7716.21,7675.0,1474,3620,0.1743,0.000218
2026-09-04 14:05:07,SPX,7708.52,7716.21,7745.0,1960,1195,0.1482,0.000218
2026-09-04 14:05:07,SPX,7708.52,7716.21,7670.0,934,2049,0.1823,0.000218
2026-09-04 14:05:07,SPX,7708.52,7716.21,7750.0,6185,5309,0.1592,0.000218
2026-09-04 14:05:07,SPX,7708.52,7716.21,7665.0,537,2859,0.1914,0.000218
2026-09-04 14:05:07,SPX,7708.52,7716.21,7755.0,2764,513,0.1725,0.000218
2026-09-04 14:05:07,SPX,7708.52,7716.21,7660.0,496,2092,0.2059,0.000218
2026-09-04 14:05:07,SPX,7708.52,7716.21,7760.0,2701,447,0.1868,0.000218
2026-09-04 14:05:07,SPX,7708.52,7716.21,7655.0,376,1443,0.2218,0.000218
2026-09-04 14:05:07,SPX,7708.52,7716.21,7765.0,1972,328,0.2014,0.000218
2026-09-04 14:05:07,SPX,7708.52,7716.21,7650.0,2096,5728,0.2354,0.000218
2026-09-04 14:05:07,SPX,7708.52,7716.21,7770.0,3190,366,0.2162,0.000218
2026-09-04 14:05:07,SPX,7708.52,7716.21,7645.0,574,1535,0.2479,0.000218
2026-09-04 14:05:07,SPX,7708.52,7716.21,7775.0,2643,624,0.2314,0.000218
2026-09-04 14:05:07,SPX,7708.52,7716.21,7640.0,434,2219,0.2606,0.000218
2026-09-04 14:05:07,SPX,7708.52,7716.21,7780.0,4722,257,0.2468,0.000218
2026-09-04 14:05:07,SPX,7708.52,7716.21,7635.0,510,1919,0.2739,0.000218
2026-09-04 14:05:07,SPX,7708.52,7716.21,7785.0,2519,110,0.2621,0.000218
2026-09-04 14:05:07,SPX,7708.52,7716.21,7630.0,781,2809,0.2873,0.000218
2026-09-04 14:05:07,SPX,7708.52,7716.21,7790.0,3745,195,0.2771,0.000218
2026-09-04 14:05:07,SPX,7708.52,7716.21,7625.0,829,2764,0.3009,0.000218
2026-09-04 14:05:07,SPX,7708.52,7716.21,7795.0,2098,120,0.2914,0.000218
2026-09-04 14:05:07,SPX,7708.52,7716.21,7620.0,365,1776,0.3151,0.000218
2026-09-04 14:05:07,SPX,7708.52,7716.21,7800.0,6740,910,0.3049,0.000218
2026-09-04 14:05:07,SPX,7708.52,7716.21,7615.0,197,2202,0.3303,0.000218
2026-09-04 14:05:07,SPX,7708.52,7716.21,7805.0,2874,192,0.3174,0.000218
2026-09-04 14:05:07,SPX,7708.52,7716.21,7610.0,152,3000,0.3458,0.000218
2026-09-04 14:05:07,SPX,7708.52,7716.21,7810.0,4330,154,0.3284,0.000218
2026-09-04 14:05:07,SPX,7708.52,7716.21,7605.0,98,2142,0.3615,0.000218
2026-09-04 14:05:07,SPX,7708.52,7716.21,7815.0,2365,187,0.3382,0.000218
2026-09-04 14:05:07,SPX,7708.52,7716.21,7600.0,676,9556,0.3768,0.000218
2026-09-04 14:05:07,SPX,7708.52,7716.21,7820.0,7423,74,0.3467,0.000218
2026-09-04 14:05:07,SPX,7708.52,7716.21,7595.0,60,2204,0.3915,0.000218
2026-09-04 14:05:07,SPX,7708.52,7716.21,7825.0,9062,193,0.3542,0.000218
2026-09-04 14:05:07,SPX,7708.52,7716.21,7590.0,158,1533,0.4059,0.000218
2026-09-04 14:05:07,SPX,7708.52,7716.21,7830.0,11312,13,0.3605,0.000218
2026-09-04 14:05:07,SPX,7708.52,7716.21,7585.0,143,2369,0.4198,0.000218
2026-09-04 14:05:07,SPX,7708.52,7716.21,7710.0,366,400,0.0593,0.01117
2026-09-04 14:05:07,SPX,7708.52,7716.21,7705.0,308,349,0.06,0.01117
2026-09-04 14:05:07,SPX,7708.52,7716.21,7715.0,493,625,0.0586,0.01117
2026-09-04 14:05:07,SPX,7708.52,7716.21,7700.0,1344,1202,0.0609,0.01117
2026-09-04 14:05:07,SPX,7708.52,7716.21,7720.0,641,645,0.0579,0.01117
2026-09-04 14:05:07,SPX,7708.52,7716.21,7695.0,1083,401,0.0618,0.01117
2026-09-04 14:05:07,SPX,7708.52,7716.21,7725.0,1638,1398,0.0574,0.01117
2026-09-04 14:05:07,SPX,7708.52,7716.21,7690.0,291,769,0.0627,0.01117
2026-09-04 14:05:07,SPX,7708.52,7716.21,7730.0,547,556,0.0568,0.01117
2026-09-04 14:05:07,SPX,7708.52,7716.21,7685.0,198,588,0.0636,0.01117
2026-09-04 14:05:07,SPX,7708.52,7716.21,7735.0,439,153,0.0565,0.01117
2026-09-04 14:05:07,SPX,7708.52,7716.21,7680.0,613,766,0.0646,0.01117
2026-09-04 14:05:07,SPX,7708.52,7716.21,7740.0,536,330,0.0562,0.01117
2026-09-04 14:05:07,SPX,7708.52,7716.21,7675.0,423,2841,0.0657,0.01117
2026-09-04 14:05:07,SPX,7708.52,7716.21,7745.0,926,267,0.0559,0.01117
2026-09-04 14:05:07,SPX,7708.52,7716.21,7670.0,304,832,0.0668,0.01117
2026-09-04 14:05:07,SPX,7708.52,7716.21,7750.0,2653,2146,0.0557,0.01117
2026-09-04 14:05:07,SPX,7708.52,7716.21,7665.0,178,250,0.0676,0.01117
2026-09-04 14:05:07,SPX,7708.52,7716.21,7755.0,782,596,0.0555,0.01117
2026-09-04 14:05:07,SPX,7708.52,7716.21,7660.0,157,655,0.0693,0.01117
2026-09-04 14:05:07,SPX,7708.52,7716.21,7760.0,1166,166,0.0552,0.01117
2026-09-04 14:05:07,SPX,7708.52,7716.21,7655.0,78,339,0.0702,0.01117
2026-09-04 14:05:07,SPX,7708.52,7716.21,7765.0,991,92,0.0551,0.01117
2026-09-04 14:05:07,SPX,7708.52,7716.21,7650.0,672,3653,0.0712,0.01117
2026-09-04 14:05:07,SPX,7708.52,7716.21,7770.0,1081,174,0.0551,0.01117
2026-09-04 14:05:07,SPX,7708.52,7716.21,7645.0,143,242,0.0726,0.01117
2026-09-04 14:05:07,SPX,7708.52,7716.21,7775.0,1499,221,0.0553,0.01117
2026-09-04 14:05:07,SPX,7708.52,7716.21,7640.0,105,445,0.0739,0.01117
2026-09-04 14:05:07,SPX,7708.52,7716.21,7780.0,770,124,0.0559,0.01117
2026-09-04 14:05:07,SPX,7708.52,7716.21,7635.0,143,215,0.0751,0.01117
2026-09-04 14:05:07,SPX,7708.52,7716.21,7785.0,561,33,0.0566,0.01117
2026-09-04 14:05:07,SPX,7708.52,7716.21,7630.0,171,738,0.0755,0.01117
2026-09-04 14:05:07,SPX,7708.52,7716.21,7790.0,1925,46,0.0573,0.01117
2026-09-04 14:05:07,SPX,7708.52,7716.21,7625.0,866,772,0.0768,0.01117
2026-09-04 14:05:07,SPX,7708.52,7716.21,7795.0,1305,14,0.058,0.01117
2026-09-04 14:05:07,SPX,7708.52,7716.21,7620.0,113,453,0.0782,0.01117
2026-09-04 14:05:07,SPX,7708.52,7716.21,7800.0,5671,995,0.0586,0.01117
2026-09-04 14:05:07,SPX,7708.52,7716.21,7615.0,79,330,0.079,0.01117
2026-09-04 14:05:07,SPX,7708.52,7716.21,7805.0,2681,20,0.0594,0.01117
2026-09-04 14:05:07,SPX,7708.52,7716.21,7610.0,56,467,0.0804,0.01117
2026-09-04 14:05:07,SPX,7708.52,7716.21,7810.0,1161,70,0.0602,0.01117
2026-09-04 14:05:07,SPX,7708.52,7716.21,7605.0,67,361,0.0818,0.01117
2026-09-04 14:05:07,SPX,7708.52,7716.21,7815.0,827,19,0.0611,0.01117
2026-09-04 14:05:07,SPX,7708.52,7716.21,7600.0,764,1831,0.0834,0.01117
2026-09-04 14:05:07,SPX,7708.52,7716.21,7820.0,859,84,0.0621,0.01117
2026-09-04 14:05:07,SPX,7708.52,7716.21,7595.0,22,230,0.0853,0.01117
2026-09-04 14:05:07,SPX,7708.52,7716.21,7825.0,1076,31,0.0633,0.01117
2026-09-04 14:05:07,SPX,7708.52,7716.21,7590.0,60,279,0.0869,0.01117
2026-09-04 14:05:07,SPX,7708.52,7716.21,7830.0,1429,52,0.0647,0.01117
2026-09-04 14:05:07,SPX,7708.52,7716.21,7585.0,22,463,0.0881,0.01117
2026-09-04 14:05:07,SPX,7708.52,7716.21,7710.0,208,157,0.0703,0.013908
2026-09-04 14:05:07,SPX,7708.52,7716.21,7705.0,161,483,0.071,0.013908
2026-09-04 14:05:07,SPX,7708.52,7716.21,7715.0,123,111,0.0697,0.013908
2026-09-04 14:05:07,SPX,7708.52,7716.21,7700.0,1651,1478,0.0716,0.013908
2026-09-04 14:05:07,SPX,7708.52,7716.21,7720.0,205,257,0.0691,0.013908
2026-09-04 14:05:07,SPX,7708.52,7716.21,7695.0,100,219,0.0725,0.013908
2026-09-04 14:05:07,SPX,7708.52,7716.21,7725.0,666,505,0.0685,0.013908
2026-09-04 14:05:07,SPX,7708.52,7716.21,7690.0,200,207,0.0732,0.013908
2026-09-04 14:05:07,SPX,7708.52,7716.21,7730.0,601,175,0.068,0.013908
2026-09-04 14:05:07,SPX,7708.52,7716.21,7685.0,107,270,0.0741,0.013908
2026-09-04 14:05:07,SPX,7708.52,7716.21,7735.0,293,60,0.0673,0.013908
2026-09-04 14:05:07,SPX,7708.52,7716.21,7680.0,93,677,0.0748,0.013908
2026-09-04 14:05:07,SPX,7708.52,7716.21,7740.0,472,142,0.0666,0.013908
2026-09-04 14:05:07,SPX,7708.52,7716.21,7675.0,370,792,0.0759,0.013908
2026-09-04 14:05:07,SPX,7708.52,7716.21,7745.0,263,135,0.066,0.013908
2026-09-04 14:05:07,SPX,7708.52,7716.21,7670.0,368,632,0.0768,0.013908
2026-09-04 14:05:07,SPX,7708.52,7716.21,7750.0,1216,954,0.0657,0.013908
2026-09-04 14:05:07,SPX,7708.52,7716.21,7665.0,85,237,0.0778,0.013908
2026-09-04 14:05:07,SPX,7708.52,7716.21,7755.0,591,236,0.0655,0.013908
2026-09-04 14:05:07,SPX,7708.52,7716.21,7660.0,80,986,0.0787,0.013908
2026-09-04 14:05:07,SPX,7708.52,7716.21,7760.0,983,86,0.0654,0.013908
2026-09-04 14:05:07,SPX,7708.52,7716.21,7655.0,62,288,0.0799,0.013908
2026-09-04 14:05:07,SPX,7708.52,7716.21,7765.0,1107,30,0.0654,0.013908
2026-09-04 14:05:07,SPX,7708.52,7716.21,7650.0,1259,634,0.081,0.013908
2026-09-04 14:05:07,SPX,7708.52,7716.21,7770.0,316,32,0.0652,0.013908
2026-09-04 14:05:07,SPX,7708.52,7716.21,7645.0,53,339,0.0818,0.013908
2026-09-04 14:05:07,SPX,7708.52,7716.21,7775.0,1628,50,0.0651,0.013908
2026-09-04 14:05:07,SPX,7708.52,7716.21,7640.0,75,227,0.0825,0.013908
2026-09-04 14:05:07,SPX,7708.52,7716.21,7780.0,2838,42,0.0649,0.013908
2026-09-04 14:05:07,SPX,7708.52,7716.21,7635.0,83,241,0.0836,0.013908
2026-09-04 14:05:07,SPX,7708.52,7716.21,7785.0,710,13,0.0648,0.013908
2026-09-04 14:05:07,SPX,7708.52,7716.21,7630.0,50,253,0.0848,0.013908
2026-09-04 14:05:07,SPX,7708.52,7716.21,7790.0,386,19,0.0647,0.013908
2026-09-04 14:05:07,SPX,7708.52,7716.21,7625.0,1357,2470,0.0861,0.013908
2026-09-04 14:05:07,SPX,7708.52,7716.21,7795.0,1685,7,0.0646,0.013908
2026-09-04 14:05:07,SPX,7708.52,7716.21,7620.0,83,1391,0.0873,0.013908
2026-09-04 14:05:07,SPX,7708.52,7716.21,7800.0,2644,70,0.0646,0.013908
2026-09-04 14:05:07,SPX,7708.52,7716.21,7615.0,11,175,0.0878,0.013908
2026-09-04 14:05:07,SPX,7708.52,7716.21,7805.0,470,1,0.0648,0.013908
2026-09-04 14:05:07,SPX,7708.52,7716.21,7610.0,32,241,0.0887,0.013908
2026-09-04 14:05:07,SPX,7708.52,7716.21,7810.0,2356,29,0.065,0.013908
2026-09-04 14:05:07,SPX,7708.52,7716.21,7605.0,33,158,0.09,0.013908
2026-09-04 14:05:07,SPX,7708.52,7716.21,7815.0,928,7,0.0654,0.013908
2026-09-04 14:05:07,SPX,7708.52,7716.21,7600.0,1096,2976,0.0916,0.013908
2026-09-04 14:05:07,SPX,7708.52,7716.21,7820.0,719,18,0.0659,0.013908
2026-09-04 14:05:07,SPX,7708.52,7716.21,7595.0,25,181,0.0927,0.013908
2026-09-04 14:05:07,SPX,7708.52,7716.21,7825.0,21170,14,0.0665,0.013908
2026-09-04 14:05:07,SPX,7708.52,7716.21,7590.0,14,185,0.0938,0.013908
2026-09-04 14:05:07,SPX,7708.52,7716.21,7830.0,1322,7,0.0672,0.013908
2026-09-04 14:05:07,SPX,7708.52,7716.21,7585.0,4,129,0.095,0.013908
2026-09-04 14:35:32,SPX,7715.34,7717.4,7715.0,2579,1715,0.0976,0.000161
2026-09-04 14:35:32,SPX,7715.34,7717.4,7720.0,1909,3215,0.0973,0.000161
2026-09-04 14:35:32,SPX,7715.34,7717.4,7710.0,1288,2750,0.1018,0.000161
2026-09-04 14:35:32,SPX,7715.34,7717.4,7725.0,2819,2807,0.1034,0.000161
2026-09-04 14:35:32,SPX,7715.34,7717.4,7705.0,855,1319,0.109,0.000161
2026-09-04 14:35:32,SPX,7715.34,7717.4,7730.0,2340,2267,0.1121,0.000161
2026-09-04 14:35:32,SPX,7715.34,7717.4,7700.0,4599,7509,0.1211,0.000161
2026-09-04 14:35:32,SPX,7715.34,7717.4,7735.0,1634,1097,0.1243,0.000161
2026-09-04 14:35:32,SPX,7715.34,7717.4,7695.0,1000,2544,0.1352,0.000161
2026-09-04 14:35:32,SPX,7715.34,7717.4,7740.0,2759,1836,0.1386,0.000161
2026-09-04 14:35:32,SPX,7715.34,7717.4,7690.0,831,2516,0.1493,0.000161
2026-09-04 14:35:32,SPX,7715.34,7717.4,7745.0,1960,1195,0.1551,0.000161
2026-09-04 14:35:32,SPX,7715.34,7717.4,7685.0,1020,1871,0.166,0.000161
2026-09-04 14:35:32,SPX,7715.34,7717.4,7750.0,6185,5309,0.1732,0.000161
2026-09-04 14:35:32,SPX,7715.34,7717.4,7680.0,1779,3863,0.1813,0.000161
2026-09-04 14:35:32,SPX,7715.34,7717.4,7755.0,2764,513,0.186,0.000161
2026-09-04 14:35:32,SPX,7715.34,7717.4,7675.0,1474,3620,0.1998,0.000161
2026-09-04 14:35:32,SPX,7715.34,7717.4,7760.0,2701,447,0.1979,0.000161
2026-09-04 14:35:32,SPX,7715.34,7717.4,7670.0,934,2049,0.2156,0.000161
2026-09-04 14:35:32,SPX,7715.34,7717.4,7765.0,1972,328,0.2129,0.000161
2026-09-04 14:35:32,SPX,7715.34,7717.4,7665.0,537,2859,0.23,0.000161
2026-09-04 14:35:32,SPX,7715.34,7717.4,7770.0,3190,366,0.2293,0.000161
2026-09-04 14:35:32,SPX,7715.34,7717.4,7660.0,496,2092,0.241,0.000161
2026-09-04 14:35:32,SPX,7715.34,7717.4,7775.0,2643,624,0.2459,0.000161
2026-09-04 14:35:32,SPX,7715.34,7717.4,7655.0,376,1443,0.2549,0.000161
2026-09-04 14:35:32,SPX,7715.34,7717.4,7780.0,4722,257,0.2625,0.000161
2026-09-04 14:35:32,SPX,7715.34,7717.4,7650.0,2096,5728,0.2713,0.000161
2026-09-04 14:35:32,SPX,7715.34,7717.4,7785.0,2519,110,0.2789,0.000161
2026-09-04 14:35:32,SPX,7715.34,7717.4,7645.0,574,1535,0.29,0.000161
2026-09-04 14:35:32,SPX,7715.34,7717.4,7790.0,3745,195,0.2947,0.000161
2026-09-04 14:35:32,SPX,7715.34,7717.4,7640.0,434,2219,0.3094,0.000161
2026-09-04 14:35:32,SPX,7715.34,7717.4,7795.0,2098,120,0.3097,0.000161
2026-09-04 14:35:32,SPX,7715.34,7717.4,7635.0,510,1919,0.3283,0.000161
2026-09-04 14:35:32,SPX,7715.34,7717.4,7800.0,6740,910,0.3236,0.000161
2026-09-04 14:35:32,SPX,7715.34,7717.4,7630.0,781,2809,0.3464,0.000161
2026-09-04 14:35:32,SPX,7715.34,7717.4,7805.0,2874,192,0.3359,0.000161
2026-09-04 14:35:32,SPX,7715.34,7717.4,7625.0,829,2764,0.3632,0.000161
2026-09-04 14:35:32,SPX,7715.34,7717.4,7810.0,4330,154,0.3466,0.000161
2026-09-04 14:35:32,SPX,7715.34,7717.4,7620.0,365,1776,0.3788,0.000161
2026-09-04 14:35:32,SPX,7715.34,7717.4,7815.0,2365,187,0.3558,0.000161
2026-09-04 14:35:32,SPX,7715.34,7717.4,7615.0,197,2202,0.3931,0.000161
2026-09-04 14:35:32,SPX,7715.34,7717.4,7820.0,7423,74,0.3637,0.000161
2026-09-04 14:35:32,SPX,7715.34,7717.4,7610.0,152,3000,0.4063,0.000161
2026-09-04 14:35:32,SPX,7715.34,7717.4,7825.0,9062,193,0.3704,0.000161
2026-09-04 14:35:32,SPX,7715.34,7717.4,7605.0,98,2142,0.4184,0.000161
2026-09-04 14:35:32,SPX,7715.34,7717.4,7830.0,11312,13,0.3761,0.000161
2026-09-04 14:35:32,SPX,7715.34,7717.4,7600.0,676,9556,0.4291,0.000161
2026-09-04 14:35:32,SPX,7715.34,7717.4,7835.0,8226,9,0.3809,0.000161
2026-09-04 14:35:32,SPX,7715.34,7717.4,7595.0,60,2204,0.4382,0.000161
2026-09-04 14:35:32,SPX,7715.34,7717.4,7840.0,1969,24,0.3848,0.000161
2026-09-04 14:35:32,SPX,7715.34,7717.4,7715.0,493,625,0.0552,0.011112
2026-09-04 14:35:32,SPX,7715.34,7717.4,7720.0,641,645,0.0546,0.011112
2026-09-04 14:35:32,SPX,7715.34,7717.4,7710.0,366,400,0.056,0.011112
2026-09-04 14:35:32,SPX,7715.34,7717.4,7725.0,1638,1398,0.0539,0.011112
2026-09-04 14:35:32,SPX,7715.34,7717.4,7705.0,308,349,0.0569,0.011112
2026-09-04 14:35:32,SPX,7715.34,7717.4,7730.0,547,556,0.0533,0.011112
2026-09-04 14:35:32,SPX,7715.34,7717.4,7700.0,1344,1202,0.0577,0.011112
2026-09-04 14:35:32,SPX,7715.34,7717.4,7735.0,439,153,0.0528,0.011112
2026-09-04 14:35:32,SPX,7715.34,7717.4,7695.0,1083,401,0.0585,0.011112
2026-09-04 14:35:32,SPX,7715.34,7717.4,7740.0,536,330,0.0525,0.011112
2026-09-04 14:35:32,SPX,7715.34,7717.4,7690.0,291,769,0.0595,0.011112
2026-09-04 14:35:32,SPX,7715.34,7717.4,7745.0,926,267,0.052,0.011112
2026-09-04 14:35:32,SPX,7715.34,7717.4,7685.0,198,588,0.061,0.011112
2026-09-04 14:35:32,SPX,7715.34,7717.4,7750.0,2653,2146,0.0515,0.011112
2026-09-04 14:35:32,SPX,7715.34,7717.4,7680.0,613,766,0.0615,0.011112
2026-09-04 14:35:32,SPX,7715.34,7717.4,7755.0,782,596,0.0511,0.011112
2026-09-04 14:35:32,SPX,7715.34,7717.4,7675.0,423,2841,0.0625,0.011112
2026-09-04 14:35:32,SPX,7715.34,7717.4,7760.0,1166,166,0.051,0.011112
2026-09-04 14:35:32,SPX,7715.34,7717.4,7670.0,304,832,0.0635,0.011112
2026-09-04 14:35:32,SPX,7715.34,7717.4,7765.0,991,92,0.0513,0.011112
2026-09-04 14:35:32,SPX,7715.34,7717.4,7665.0,178,250,0.0646,0.011112
2026-09-04 14:35:32,SPX,7715.34,7717.4,7770.0,1081,174,0.0517,0.011112
2026-09-04 14:35:32,SPX,7715.34,7717.4,7660.0,157,655,0.0654,0.011112
2026-09-04 14:35:32,SPX,7715.34,7717.4,7775.0,1499,221,0.0521,0.011112
2026-09-04 14:35:32,SPX,7715.34,7717.4,7655.0,78,339,0.0665,0.011112
2026-09-04 14:35:32,SPX,7715.34,7717.4,7780.0,770,124,0.0528,0.011112
2026-09-04 14:35:32,SPX,7715.34,7717.4,7650.0,672,3653,0.0678,0.011112
2026-09-04 14:35:32,SPX,7715.34,7717.4,7785.0,561,33,0.0535,0.011112
2026-09-04 14:35:32,SPX,7715.34,7717.4,7645.0,143,242,0.0697,0.011112
2026-09-04 14:35:32,SPX,7715.34,7717.4,7790.0,1925,46,0.0541,0.011112
2026-09-04 14:35:32,SPX,7715.34,7717.4,7640.0,105,445,0.0706,0.011112
2026-09-04 14:35:32,SPX,7715.34,7717.4,7795.0,1305,14,0.0547,0.011112
2026-09-04 14:35:32,SPX,7715.34,7717.4,7635.0,143,215,0.0719,0.011112
2026-09-04 14:35:32,SPX,7715.34,7717.4,7800.0,5671,995,0.0553,0.011112
2026-09-04 14:35:32,SPX,7715.34,7717.4,7630.0,171,738,0.0727,0.011112
2026-09-04 14:35:32,SPX,7715.34,7717.4,7805.0,2681,20,0.056,0.011112
2026-09-04 14:35:32,SPX,7715.34,7717.4,7625.0,866,772,0.0741,0.011112
2026-09-04 14:35:32,SPX,7715.34,7717.4,7810.0,1161,70,0.0569,0.011112
2026-09-04 14:35:32,SPX,7715.34,7717.4,7620.0,113,453,0.0761,0.011112
2026-09-04 14:35:32,SPX,7715.34,7717.4,7815.0,827,19,0.0579,0.011112
2026-09-04 14:35:32,SPX,7715.34,7717.4,7615.0,79,330,0.0767,0.011112
2026-09-04 14:35:32,SPX,7715.34,7717.4,7820.0,859,84,0.059,0.011112
2026-09-04 14:35:32,SPX,7715.34,7717.4,7610.0,56,467,0.0784,0.011112
2026-09-04 14:35:32,SPX,7715.34,7717.4,7825.0,1076,31,0.0603,0.011112
2026-09-04 14:35:32,SPX,7715.34,7717.4,7605.0,67,361,0.0802,0.011112
2026-09-04 14:35:32,SPX,7715.34,7717.4,7830.0,1429,52,0.0617,0.011112
2026-09-04 14:35:32,SPX,7715.34,7717.4,7600.0,764,1831,0.0819,0.011112
2026-09-04 14:35:32,SPX,7715.34,7717.4,7835.0,808,0,0.0631,0.011112
2026-09-04 14:35:32,SPX,7715.34,7717.4,7595.0,22,230,0.0836,0.011112
2026-09-04 14:35:32,SPX,7715.34,7717.4,7840.0,888,16,0.0646,0.011112
2026-09-04 14:35:32,SPX,7715.34,7717.4,7715.0,123,111,0.0663,0.01385
2026-09-04 14:35:32,SPX,7715.34,7717.4,7720.0,205,257,0.0657,0.01385
2026-09-04 14:35:32,SPX,7715.34,7717.4,7710.0,208,157,0.0671,0.01385
2026-09-04 14:35:32,SPX,7715.34,7717.4,7725.0,666,505,0.0651,0.01385
2026-09-04 14:35:32,SPX,7715.34,7717.4,7705.0,161,483,0.0677,0.01385
2026-09-04 14:35:32,SPX,7715.34,7717.4,7730.0,601,175,0.0647,0.01385
2026-09-04 14:35:32,SPX,7715.34,7717.4,7700.0,1651,1478,0.0685,0.01385
2026-09-04 14:35:32,SPX,7715.34,7717.4,7735.0,293,60,0.0643,0.01385
2026-09-04 14:35:32,SPX,7715.34,7717.4,7695.0,100,219,0.0694,0.01385
2026-09-04 14:35:32,SPX,7715.34,7717.4,7740.0,472,142,0.0638,0.01385
2026-09-04 14:35:32,SPX,7715.34,7717.4,7690.0,200,207,0.0703,0.01385
2026-09-04 14:35:32,SPX,7715.34,7717.4,7745.0,263,135,0.0634,0.01385
2026-09-04 14:35:32,SPX,7715.34,7717.4,7685.0,107,270,0.0711,0.01385
2026-09-04 14:35:32,SPX,7715.34,7717.4,7750.0,1216,954,0.0628,0.01385
2026-09-04 14:35:32,SPX,7715.34,7717.4,7680.0,93,677,0.0721,0.01385
2026-09-04 14:35:32,SPX,7715.34,7717.4,7755.0,591,236,0.0623,0.01385
2026-09-04 14:35:32,SPX,7715.34,7717.4,7675.0,370,792,0.0728,0.01385
2026-09-04 14:35:32,SPX,7715.34,7717.4,7760.0,983,86,0.0619,0.01385
2026-09-04 14:35:32,SPX,7715.34,7717.4,7670.0,368,632,0.0737,0.01385
2026-09-04 14:35:32,SPX,7715.34,7717.4,7765.0,1107,30,0.0616,0.01385
2026-09-04 14:35:32,SPX,7715.34,7717.4,7665.0,85,237,0.15,0.01385
2026-09-04 14:35:32,SPX,7715.34,7717.4,7770.0,316,32,0.0615,0.01385
2026-09-04 14:35:32,SPX,7715.34,7717.4,7660.0,80,986,0.0758,0.01385
2026-09-04 14:35:32,SPX,7715.34,7717.4,7775.0,1628,50,0.0615,0.01385
2026-09-04 14:35:32,SPX,7715.34,7717.4,7655.0,62,288,0.0767,0.01385
2026-09-04 14:35:32,SPX,7715.34,7717.4,7780.0,2838,42,0.0616,0.01385
2026-09-04 14:35:32,SPX,7715.34,7717.4,7650.0,1259,634,0.078,0.01385
2026-09-04 14:35:32,SPX,7715.34,7717.4,7785.0,710,13,0.0617,0.01385
2026-09-04 14:35:32,SPX,7715.34,7717.4,7645.0,53,339,0.0793,0.01385
2026-09-04 14:35:32,SPX,7715.34,7717.4,7790.0,386,19,0.0618,0.01385
2026-09-04 14:35:32,SPX,7715.34,7717.4,7640.0,75,227,0.0802,0.01385
2026-09-04 14:35:32,SPX,7715.34,7717.4,7795.0,1685,7,0.0618,0.01385
2026-09-04 14:35:32,SPX,7715.34,7717.4,7635.0,83,241,0.081,0.01385
2026-09-04 14:35:32,SPX,7715.34,7717.4,7800.0,2644,70,0.0618,0.01385
2026-09-04 14:35:32,SPX,7715.34,7717.4,7630.0,50,253,0.082,0.01385
2026-09-04 14:35:32,SPX,7715.34,7717.4,7805.0,470,1,0.0619,0.01385
2026-09-04 14:35:32,SPX,7715.34,7717.4,7625.0,1357,2470,0.0833,0.01385
2026-09-04 14:35:32,SPX,7715.34,7717.4,7810.0,2356,29,0.0621,0.01385
2026-09-04 14:35:32,SPX,7715.34,7717.4,7620.0,83,1391,0.0845,0.01385
2026-09-04 14:35:32,SPX,7715.34,7717.4,7815.0,928,7,0.0624,0.01385
2026-09-04 14:35:32,SPX,7715.34,7717.4,7615.0,11,175,0.0857,0.01385
2026-09-04 14:35:32,SPX,7715.34,7717.4,7820.0,719,18,0.0628,0.01385
2026-09-04 14:35:32,SPX,7715.34,7717.4,7610.0,32,241,0.0866,0.01385
2026-09-04 14:35:32,SPX,7715.34,7717.4,7825.0,21170,14,0.0634,0.01385
2026-09-04 14:35:32,SPX,7715.34,7717.4,7605.0,33,158,0.0875,0.01385
2026-09-04 14:35:32,SPX,7715.34,7717.4,7830.0,1322,7,0.0641,0.01385
2026-09-04 14:35:32,SPX,7715.34,7717.4,7600.0,1096,2976,0.0886,0.01385
2026-09-04 14:35:32,SPX,7715.34,7717.4,7835.0,488,0,0.0649,0.01385
2026-09-04 14:35:32,SPX,7715.34,7717.4,7595.0,25,181,0.0899,0.01385
2026-09-04 14:35:32,SPX,7715.34,7717.4,7840.0,833,15,0.0658,0.01385
2026-09-04 15:05:59,SPX,7712.65,7716.74,7715.0,2579,1715,0.1136,0.000103
2026-09-04 15:05:59,SPX,7712.65,7716.74,7710.0,1288,2750,0.1192,0.000103
2026-09-04 15:05:59,SPX,7712.65,7716.74,7720.0,1909,3215,0.1115,0.000103
2026-09-04 15:05:59,SPX,7712.65,7716.74,7705.0,855,0,0.1283,0.000103
2026-09-04 15:05:59,SPX,7712.65,7716.74,7725.0,2819,2807,0.1142,0.000103
2026-09-04 15:05:59,SPX,7712.65,7716.74,7700.0,4599,7509,0.1404,0.000103
2026-09-04 15:05:59,SPX,7712.65,7716.74,7730.0,2340,2267,0.1233,0.000103
2026-09-04 15:05:59,SPX,7712.65,7716.74,7695.0,1000,2544,0.1559,0.000103
2026-09-04 15:05:59,SPX,7712.65,7716.74,7735.0,1634,1097,0.1396,0.000103
2026-09-04 15:05:59,SPX,7712.65,7716.74,7690.0,831,2516,0.1749,0.000103
2026-09-04 15:05:59,SPX,7712.65,7716.74,7740.0,2759,1836,0.158,0.000103
2026-09-04 15:05:59,SPX,7712.65,7716.74,7685.0,1020,1871,0.1934,0.000103
2026-09-04 15:05:59,SPX,7712.65,7716.74,7745.0,1960,1195,0.1749,0.000103
2026-09-04 15:05:59,SPX,7712.65,7716.74,7680.0,1779,3863,0.2103,0.000103
2026-09-04 15:05:59,SPX,7712.65,7716.74,7750.0,6185,5309,0.1941,0.000103
2026-09-04 15:05:59,SPX,7712.65,7716.74,7675.0,1474,3620,0.228,0.000103
2026-09-04 15:05:59,SPX,7712.65,7716.74,7755.0,2764,513,0.2107,0.000103
2026-09-04 15:05:59,SPX,7712.65,7716.74,7670.0,934,2049,0.2484,0.000103
2026-09-04 15:05:59,SPX,7712.65,7716.74,7760.0,2701,447,0.2248,0.000103
2026-09-04 15:05:59,SPX,7712.65,7716.74,7665.0,537,2859,0.2711,0.000103
2026-09-04 15:05:59,SPX,7712.65,7716.74,7765.0,1972,328,0.2399,0.000103
2026-09-04 15:05:59,SPX,7712.65,7716.74,7660.0,496,2092,0.2953,0.000103
2026-09-04 15:05:59,SPX,7712.65,7716.74,7770.0,3190,366,0.2567,0.000103
2026-09-04 15:05:59,SPX,7712.65,7716.74,7655.0,376,1443,0.3194,0.000103
2026-09-04 15:05:59,SPX,7712.65,7716.74,7775.0,2643,624,0.2746,0.000103
2026-09-04 15:05:59,SPX,7712.65,7716.74,7650.0,2096,5728,0.3412,0.000103
2026-09-04 15:05:59,SPX,7712.65,7716.74,7780.0,4722,257,0.2921,0.000103
2026-09-04 15:05:59,SPX,7712.65,7716.74,7645.0,574,1535,0.3613,0.000103
2026-09-04 15:05:59,SPX,7712.65,7716.74,7785.0,2519,110,0.308,0.000103
2026-09-04 15:05:59,SPX,7712.65,7716.74,7640.0,434,2219,0.3795,0.000103
2026-09-04 15:05:59,SPX,7712.65,7716.74,7790.0,3745,195,0.3224,0.000103
2026-09-04 15:05:59,SPX,7712.65,7716.74,7635.0,510,1919,0.3957,0.000103
2026-09-04 15:05:59,SPX,7712.65,7716.74,7795.0,2098,120,0.3354,0.000103
2026-09-04 15:05:59,SPX,7712.65,7716.74,7630.0,781,2809,0.41,0.000103
2026-09-04 15:05:59,SPX,7712.65,7716.74,7800.0,6740,910,0.3468,0.000103
2026-09-04 15:05:59,SPX,7712.65,7716.74,7625.0,829,2764,0.4223,0.000103
2026-09-04 15:05:59,SPX,7712.65,7716.74,7805.0,2874,192,0.3564,0.000103
2026-09-04 15:05:59,SPX,7712.65,7716.74,7620.0,365,1776,0.4327,0.000103
2026-09-04 15:05:59,SPX,7712.65,7716.74,7810.0,4330,154,0.3641,0.000103
2026-09-04 15:05:59,SPX,7712.65,7716.74,7615.0,197,2202,0.4413,0.000103
2026-09-04 15:05:59,SPX,7712.65,7716.74,7815.0,2365,187,0.3705,0.000103
2026-09-04 15:05:59,SPX,7712.65,7716.74,7610.0,152,3000,0.4484,0.000103
2026-09-04 15:05:59,SPX,7712.65,7716.74,7820.0,7423,74,0.3756,0.000103
2026-09-04 15:05:59,SPX,7712.65,7716.74,7605.0,98,2142,0.454,0.000103
2026-09-04 15:05:59,SPX,7712.65,7716.74,7825.0,9062,193,0.3796,0.000103
2026-09-04 15:05:59,SPX,7712.65,7716.74,7600.0,676,9556,0.4583,0.000103
2026-09-04 15:05:59,SPX,7712.65,7716.74,7830.0,11312,13,0.3827,0.000103
2026-09-04 15:05:59,SPX,7712.65,7716.74,7595.0,60,2204,0.4618,0.000103
2026-09-04 15:05:59,SPX,7712.65,7716.74,7835.0,8226,9,0.3851,0.000103
2026-09-04 15:05:59,SPX,7712.65,7716.74,7590.0,158,1533,0.4645,0.000103
2026-09-04 15:05:59,SPX,7712.65,7716.74,7715.0,493,625,0.0558,0.011054
2026-09-04 15:05:59,SPX,7712.65,7716.74,7710.0,366,400,0.0565,0.011054
2026-09-04 15:05:59,SPX,7712.65,7716.74,7720.0,641,645,0.0551,0.011054
2026-09-04 15:05:59,SPX,7712.65,7716.74,7705.0,308,349,0.0573,0.011054
2026-09-04 15:05:59,SPX,7712.65,7716.74,7725.0,1638,1398,0.0544,0.011054
2026-09-04 15:05:59,SPX,7712.65,7716.74,7700.0,1344,1202,0.0582,0.011054
2026-09-04 15:05:59,SPX,7712.65,7716.74,7730.0,547,556,0.054,0.011054
2026-09-04 15:05:59,SPX,7712.65,7716.74,7695.0,1083,401,0.0592,0.011054
2026-09-04 15:05:59,SPX,7712.65,7716.74,7735.0,439,153,0.0535,0.011054
2026-09-04 15:05:59,SPX,7712.65,7716.74,7690.0,291,769,0.0604,0.011054
2026-09-04 15:05:59,SPX,7712.65,7716.74,7740.0,536,330,0.053,0.011054
2026-09-04 15:05:59,SPX,7712.65,7716.74,7685.0,198,588,0.0613,0.011054
2026-09-04 15:05:59,SPX,7712.65,7716.74,7745.0,926,267,0.0528,0.011054
2026-09-04 15:05:59,SPX,7712.65,7716.74,7680.0,613,766,0.0624,0.011054
2026-09-04 15:05:59,SPX,7712.65,7716.74,7750.0,2653,2146,0.0527,0.011054
2026-09-04 15:05:59,SPX,7712.65,7716.74,7675.0,423,2841,0.0633,0.011054
2026-09-04 15:05:59,SPX,7712.65,7716.74,7755.0,782,596,0.0527,0.011054
2026-09-04 15:05:59,SPX,7712.65,7716.74,7670.0,304,832,0.0647,0.011054
2026-09-04 15:05:59,SPX,7712.65,7716.74,7760.0,1166,166,0.0522,0.011054
2026-09-04 15:05:59,SPX,7712.65,7716.74,7665.0,178,250,0.0653,0.011054
2026-09-04 15:05:59,SPX,7712.65,7716.74,7765.0,991,92,0.0524,0.011054
2026-09-04 15:05:59,SPX,7712.65,7716.74,7660.0,157,655,0.0668,0.011054
2026-09-04 15:05:59,SPX,7712.65,7716.74,7770.0,1081,174,0.0524,0.011054
2026-09-04 15:05:59,SPX,7712.65,7716.74,7655.0,78,339,0.0678,0.011054
2026-09-04 15:05:59,SPX,7712.65,7716.74,7775.0,1499,221,0.0523,0.011054
2026-09-04 15:05:59,SPX,7712.65,7716.74,7650.0,672,3653,0.0683,0.011054
2026-09-04 15:05:59,SPX,7712.65,7716.74,7780.0,770,124,0.0525,0.011054
2026-09-04 15:05:59,SPX,7712.65,7716.74,7645.0,143,242,0.0694,0.011054
2026-09-04 15:05:59,SPX,7712.65,7716.74,7785.0,561,33,0.0529,0.011054
2026-09-04 15:05:59,SPX,7712.65,7716.74,7640.0,105,445,0.071,0.011054
2026-09-04 15:05:59,SPX,7712.65,7716.74,7790.0,1925,46,0.0537,0.011054
2026-09-04 15:05:59,SPX,7712.65,7716.74,7635.0,143,215,0.0726,0.011054
2026-09-04 15:05:59,SPX,7712.65,7716.74,7795.0,1305,14,0.0546,0.011054
2026-09-04 15:05:59,SPX,7712.65,7716.74,7630.0,171,738,0.0738,0.011054
2026-09-04 15:05:59,SPX,7712.65,7716.74,7800.0,5671,995,0.0556,0.011054
2026-09-04 15:05:59,SPX,7712.65,7716.74,7625.0,866,772,0.0747,0.011054
2026-09-04 15:05:59,SPX,7712.65,7716.74,7805.0,2681,20,0.0566,0.011054
2026-09-04 15:05:59,SPX,7712.65,7716.74,7620.0,113,453,0.0763,0.011054
2026-09-04 15:05:59,SPX,7712.65,7716.74,7810.0,1161,70,0.0577,0.011054
2026-09-04 15:05:59,SPX,7712.65,7716.74,7615.0,79,330,0.0781,0.011054
2026-09-04 15:05:59,SPX,7712.65,7716.74,7815.0,827,19,0.0588,0.011054
2026-09-04 15:05:59,SPX,7712.65,7716.74,7610.0,56,467,0.0791,0.011054
2026-09-04 15:05:59,SPX,7712.65,7716.74,7820.0,859,84,0.0599,0.011054
2026-09-04 15:05:59,SPX,7712.65,7716.74,7605.0,67,361,0.0809,0.011054
2026-09-04 15:05:59,SPX,7712.65,7716.74,7825.0,1076,31,0.0609,0.011054
2026-09-04 15:05:59,SPX,7712.65,7716.74,7600.0,764,1831,0.0832,0.011054
2026-09-04 15:05:59,SPX,7712.65,7716.74,7830.0,1429,52,0.062,0.011054
2026-09-04 15:05:59,SPX,7712.65,7716.74,7595.0,22,230,0.0847,0.011054
2026-09-04 15:05:59,SPX,7712.65,7716.74,7835.0,808,0,0.0632,0.011054
2026-09-04 15:05:59,SPX,7712.65,7716.74,7590.0,60,279,0.0859,0.011054
2026-09-04 15:05:59,SPX,7712.65,7716.74,7715.0,123,111,0.0669,0.013792
2026-09-04 15:05:59,SPX,7712.65,7716.74,7710.0,208,157,0.0675,0.013792
2026-09-04 15:05:59,SPX,7712.65,7716.74,7720.0,205,257,0.0661,0.013792
2026-09-04 15:05:59,SPX,7712.65,7716.74,7705.0,161,483,0.0682,0.013792
2026-09-04 15:05:59,SPX,7712.65,7716.74,7725.0,666,505,0.0656,0.013792
2026-09-04 15:05:59,SPX,7712.65,7716.74,7700.0,1651,1478,0.0691,0.013792
2026-09-04 15:05:59,SPX,7712.65,7716.74,7730.0,601,175,0.0651,0.013792
2026-09-04 15:05:59,SPX,7712.65,7716.74,7695.0,100,219,0.0699,0.013792
2026-09-04 15:05:59,SPX,7712.65,7716.74,7735.0,293,60,0.0646,0.013792
2026-09-04 15:05:59,SPX,7712.65,7716.74,7690.0,200,207,0.0706,0.013792
2026-09-04 15:05:59,SPX,7712.65,7716.74,7740.0,472,142,0.0642,0.013792
2026-09-04 15:05:59,SPX,7712.65,7716.74,7685.0,107,270,0.0715,0.013792
2026-09-04 15:05:59,SPX,7712.65,7716.74,7745.0,263,135,0.0638,0.013792
2026-09-04 15:05:59,SPX,7712.65,7716.74,7680.0,93,677,0.0725,0.013792
2026-09-04 15:05:59,SPX,7712.65,7716.74,7750.0,1216,954,0.0634,0.013792
2026-09-04 15:05:59,SPX,7712.65,7716.74,7675.0,370,792,0.0732,0.013792
2026-09-04 15:05:59,SPX,7712.65,7716.74,7755.0,591,236,0.063,0.013792
2026-09-04 15:05:59,SPX,7712.65,7716.74,7670.0,368,632,0.0741,0.013792
2026-09-04 15:05:59,SPX,7712.65,7716.74,7760.0,983,86,0.0625,0.013792
2026-09-04 15:05:59,SPX,7712.65,7716.74,7665.0,85,237,0.0749,0.013792
2026-09-04 15:05:59,SPX,7712.65,7716.74,7765.0,1107,30,0.0621,0.013792
2026-09-04 15:05:59,SPX,7712.65,7716.74,7660.0,80,986,0.0759,0.013792
2026-09-04 15:05:59,SPX,7712.65,7716.74,7770.0,316,32,0.0618,0.013792
2026-09-04 15:05:59,SPX,7712.65,7716.74,7655.0,62,288,0.0771,0.013792
2026-09-04 15:05:59,SPX,7712.65,7716.74,7775.0,1628,50,0.0617,0.013792
2026-09-04 15:05:59,SPX,7712.65,7716.74,7650.0,1259,634,0.0786,0.013792
2026-09-04 15:05:59,SPX,7712.65,7716.74,7780.0,2838,42,0.0623,0.013792
2026-09-04 15:05:59,SPX,7712.65,7716.74,7645.0,53,339,0.0796,0.013792
2026-09-04 15:05:59,SPX,7712.65,7716.74,7785.0,710,13,0.0623,0.013792
2026-09-04 15:05:59,SPX,7712.65,7716.74,7640.0,75,227,0.0804,0.013792
2026-09-04 15:05:59,SPX,7712.65,7716.74,7790.0,386,19,0.0624,0.013792
2026-09-04 15:05:59,SPX,7712.65,7716.74,7635.0,83,241,0.0811,0.013792
2026-09-04 15:05:59,SPX,7712.65,7716.74,7795.0,1685,7,0.0625,0.013792
2026-09-04 15:05:59,SPX,7712.65,7716.74,7630.0,50,253,0.0822,0.013792
2026-09-04 15:05:59,SPX,7712.65,7716.74,7800.0,2644,70,0.0625,0.013792
2026-09-04 15:05:59,SPX,7712.65,7716.74,7625.0,1357,2470,0.0837,0.013792
2026-09-04 15:05:59,SPX,7712.65,7716.74,7805.0,470,1,0.0627,0.013792
2026-09-04 15:05:59,SPX,7712.65,7716.74,7620.0,83,1391,0.0851,0.013792
2026-09-04 15:05:59,SPX,7712.65,7716.74,7810.0,2356,29,0.0629,0.013792
2026-09-04 15:05:59,SPX,7712.65,7716.74,7615.0,11,175,0.0863,0.013792
2026-09-04 15:05:59,SPX,7712.65,7716.74,7815.0,928,7,0.0632,0.013792
2026-09-04 15:05:59,SPX,7712.65,7716.74,7610.0,32,241,0.0871,0.013792
2026-09-04 15:05:59,SPX,7712.65,7716.74,7820.0,719,18,0.0636,0.013792
2026-09-04 15:05:59,SPX,7712.65,7716.74,7605.0,33,158,0.088,0.013792
2026-09-04 15:05:59,SPX,7712.65,7716.74,7825.0,21170,14,0.0641,0.013792
2026-09-04 15:05:59,SPX,7712.65,7716.74,7600.0,1096,2976,0.0892,0.013792
2026-09-04 15:05:59,SPX,7712.65,7716.74,7830.0,1322,7,0.0647,0.013792
2026-09-04 15:05:59,SPX,7712.65,7716.74,7595.0,25,181,0.0907,0.013792
2026-09-04 15:05:59,SPX,7712.65,7716.74,7835.0,488,0,0.0655,0.013792
2026-09-04 15:05:59,SPX,7712.65,7716.74,7590.0,14,185,0.0922,0.013792
2026-09-04 15:36:25,SPX,7714.9,7726.93,7715.0,2579,1715,0.1163,4.5e-05
2026-09-04 15:36:25,SPX,7714.9,7726.93,7710.0,1288,2750,0.1228,4.5e-05
2026-09-04 15:36:25,SPX,7714.9,7726.93,7720.0,1909,3215,0.12,4.5e-05
2026-09-04 15:36:25,SPX,7714.9,7726.93,7705.0,0,1319,0.1351,4.5e-05
2026-09-04 15:36:25,SPX,7714.9,7726.93,7725.0,0,2807,0.1302,4.5e-05
2026-09-04 15:36:25,SPX,7714.9,7726.93,7700.0,4599,7509,0.1602,4.5e-05
2026-09-04 15:36:25,SPX,7714.9,7726.93,7730.0,2340,2267,0.1515,4.5e-05
2026-09-04 15:36:25,SPX,7714.9,7726.93,7695.0,1000,2544,0.1847,4.5e-05
2026-09-04 15:36:25,SPX,7714.9,7726.93,7735.0,1634,1097,0.1719,4.5e-05
2026-09-04 15:36:25,SPX,7714.9,7726.93,7690.0,831,2516,0.2128,4.5e-05
2026-09-04 15:36:25,SPX,7714.9,7726.93,7740.0,2759,1836,0.191,4.5e-05
2026-09-04 15:36:25,SPX,7714.9,7726.93,7685.0,1020,1871,0.2505,4.5e-05
2026-09-04 15:36:25,SPX,7714.9,7726.93,7745.0,1960,1195,0.2113,4.5e-05
2026-09-04 15:36:25,SPX,7714.9,7726.93,7680.0,1779,3863,0.2851,4.5e-05
2026-09-04 15:36:25,SPX,7714.9,7726.93,7750.0,6185,5309,0.231,4.5e-05
2026-09-04 15:36:25,SPX,7714.9,7726.93,7675.0,1474,3620,0.3196,4.5e-05
2026-09-04 15:36:25,SPX,7714.9,7726.93,7755.0,2764,513,0.2504,4.5e-05
2026-09-04 15:36:25,SPX,7714.9,7726.93,7670.0,934,2049,0.3544,4.5e-05
2026-09-04 15:36:25,SPX,7714.9,7726.93,7760.0,2701,447,0.2686,4.5e-05
2026-09-04 15:36:25,SPX,7714.9,7726.93,7665.0,537,2859,0.3881,4.5e-05
2026-09-04 15:36:25,SPX,7714.9,7726.93,7765.0,1972,328,0.2858,4.5e-05
2026-09-04 15:36:25,SPX,7714.9,7726.93,7660.0,496,2092,0.4087,4.5e-05
2026-09-04 15:36:25,SPX,7714.9,7726.93,7770.0,3190,366,0.302,4.5e-05
2026-09-04 15:36:25,SPX,7714.9,7726.93,7655.0,376,1443,0.4355,4.5e-05
2026-09-04 15:36:25,SPX,7714.9,7726.93,7775.0,2643,624,0.3171,4.5e-05
2026-09-04 15:36:25,SPX,7714.9,7726.93,7650.0,2096,5728,0.4587,4.5e-05
2026-09-04 15:36:25,SPX,7714.9,7726.93,7780.0,4722,257,0.3304,4.5e-05
2026-09-04 15:36:25,SPX,7714.9,7726.93,7645.0,574,1535,0.4758,4.5e-05
2026-09-04 15:36:25,SPX,7714.9,7726.93,7785.0,2519,110,0.3415,4.5e-05
2026-09-04 15:36:25,SPX,7714.9,7726.93,7640.0,434,2219,0.4882,4.5e-05
2026-09-04 15:36:25,SPX,7714.9,7726.93,7790.0,3745,195,0.3507,4.5e-05
2026-09-04 15:36:25,SPX,7714.9,7726.93,7635.0,510,1919,0.4968,4.5e-05
2026-09-04 15:36:25,SPX,7714.9,7726.93,7795.0,2098,120,0.3583,4.5e-05
2026-09-04 15:36:25,SPX,7714.9,7726.93,7630.0,781,2809,0.5021,4.5e-05
2026-09-04 15:36:25,SPX,7714.9,7726.93,7800.0,6740,910,0.3645,4.5e-05
2026-09-04 15:36:25,SPX,7714.9,7726.93,7625.0,829,2764,0.5042,4.5e-05
2026-09-04 15:36:25,SPX,7714.9,7726.93,7805.0,2874,192,0.3692,4.5e-05
2026-09-04 15:36:25,SPX,7714.9,7726.93,7620.0,365,1776,0.5037,4.5e-05
2026-09-04 15:36:25,SPX,7714.9,7726.93,7810.0,4330,154,0.3728,4.5e-05
2026-09-04 15:36:25,SPX,7714.9,7726.93,7615.0,197,2202,0.501,4.5e-05
2026-09-04 15:36:25,SPX,7714.9,7726.93,7815.0,2365,187,0.3755,4.5e-05
2026-09-04 15:36:25,SPX,7714.9,7726.93,7610.0,152,3000,0.4968,4.5e-05
2026-09-04 15:36:25,SPX,7714.9,7726.93,7820.0,7423,74,0.3777,4.5e-05
2026-09-04 15:36:25,SPX,7714.9,7726.93,7605.0,98,2142,0.4916,4.5e-05
2026-09-04 15:36:25,SPX,7714.9,7726.93,7825.0,9062,193,0.3793,4.5e-05
2026-09-04 15:36:25,SPX,7714.9,7726.93,7600.0,676,9556,0.4862,4.5e-05
2026-09-04 15:36:25,SPX,7714.9,7726.93,7830.0,11312,13,0.3806,4.5e-05
2026-09-04 15:36:25,SPX,7714.9,7726.93,7595.0,60,2204,0.4814,4.5e-05
2026-09-04 15:36:25,SPX,7714.9,7726.93,7835.0,8226,9,0.3814,4.5e-05
2026-09-04 15:36:25,SPX,7714.9,7726.93,7590.0,158,1533,0.477,4.5e-05
2026-09-04 15:36:25,SPX,7714.9,7726.93,7715.0,493,625,0.0547,0.010996
2026-09-04 15:36:25,SPX,7714.9,7726.93,7710.0,366,400,0.0556,0.010996
2026-09-04 15:36:25,SPX,7714.9,7726.93,7720.0,641,645,0.0539,0.010996
2026-09-04 15:36:25,SPX,7714.9,7726.93,7705.0,308,349,0.0565,0.010996
2026-09-04 15:36:25,SPX,7714.9,7726.93,7725.0,1638,1398,0.0532,0.010996
2026-09-04 15:36:25,SPX,7714.9,7726.93,7700.0,1344,1202,0.0575,0.010996
2026-09-04 15:36:25,SPX,7714.9,7726.93,7730.0,547,556,0.0524,0.010996
2026-09-04 15:36:25,SPX,7714.9,7726.93,7695.0,1083,401,0.0586,0.010996
2026-09-04 15:36:25,SPX,7714.9,7726.93,7735.0,439,153,0.0522,0.010996
2026-09-04 15:36:25,SPX,7714.9,7726.93,7690.0,291,769,0.0595,0.010996
2026-09-04 15:36:25,SPX,7714.9,7726.93,7740.0,536,330,0.0515,0.010996
2026-09-04 15:36:25,SPX,7714.9,7726.93,7685.0,198,588,0.0605,0.010996
2026-09-04 15:36:25,SPX,7714.9,7726.93,7745.0,926,267,0.051,0.010996
2026-09-04 15:36:25,SPX,7714.9,7726.93,7680.0,613,766,0.0622,0.010996
2026-09-04 15:36:25,SPX,7714.9,7726.93,7750.0,2653,2146,0.0504,0.010996
2026-09-04 15:36:25,SPX,7714.9,7726.93,7675.0,423,2841,0.0633,0.010996
2026-09-04 15:36:25,SPX,7714.9,7726.93,7755.0,782,596,0.05,0.010996
2026-09-04 15:36:25,SPX,7714.9,7726.93,7670.0,304,832,0.0642,0.010996
2026-09-04 15:36:25,SPX,7714.9,7726.93,7760.0,1166,166,0.0502,0.010996
2026-09-04 15:36:25,SPX,7714.9,7726.93,7665.0,178,250,0.0653,0.010996
2026-09-04 15:36:25,SPX,7714.9,7726.93,7765.0,991,92,0.0501,0.010996
2026-09-04 15:36:25,SPX,7714.9,7726.93,7660.0,157,655,0.0672,0.010996
2026-09-04 15:36:25,SPX,7714.9,7726.93,7770.0,1081,174,0.05,0.010996
2026-09-04 15:36:25,SPX,7714.9,7726.93,7655.0,78,339,0.0679,0.010996
2026-09-04 15:36:25,SPX,7714.9,7726.93,7775.0,1499,221,0.0503,0.010996
2026-09-04 15:36:25,SPX,7714.9,7726.93,7650.0,672,3653,0.0693,0.010996
2026-09-04 15:36:25,SPX,7714.9,7726.93,7780.0,770,124,0.0508,0.010996
2026-09-04 15:36:25,SPX,7714.9,7726.93,7645.0,143,242,0.0711,0.010996
2026-09-04 15:36:25,SPX,7714.9,7726.93,7785.0,561,33,0.0515,0.010996
2026-09-04 15:36:25,SPX,7714.9,7726.93,7640.0,105,445,0.0725,0.010996
2026-09-04 15:36:25,SPX,7714.9,7726.93,7790.0,1925,46,0.0523,0.010996
2026-09-04 15:36:25,SPX,7714.9,7726.93,7635.0,143,215,0.0738,0.010996
2026-09-04 15:36:25,SPX,7714.9,7726.93,7795.0,1305,14,0.0532,0.010996
2026-09-04 15:36:25,SPX,7714.9,7726.93,7630.0,171,738,0.0747,0.010996
2026-09-04 15:36:25,SPX,7714.9,7726.93,7800.0,5671,995,0.054,0.010996
2026-09-04 15:36:25,SPX,7714.9,7726.93,7625.0,866,772,0.0765,0.010996
2026-09-04 15:36:25,SPX,7714.9,7726.93,7805.0,2681,20,0.0548,0.010996
2026-09-04 15:36:25,SPX,7714.9,7726.93,7620.0,113,453,0.0785,0.010996
2026-09-04 15:36:25,SPX,7714.9,7726.93,7810.0,1161,70,0.0557,0.010996
2026-09-04 15:36:25,SPX,7714.9,7726.93,7615.0,79,330,0.0797,0.010996
2026-09-04 15:36:25,SPX,7714.9,7726.93,7815.0,827,19,0.0567,0.010996
2026-09-04 15:36:25,SPX,7714.9,7726.93,7610.0,56,467,0.0819,0.010996
2026-09-04 15:36:25,SPX,7714.9,7726.93,7820.0,859,84,0.0578,0.010996
2026-09-04 15:36:25,SPX,7714.9,7726.93,7605.0,67,361,0.0841,0.010996
2026-09-04 15:36:25,SPX,7714.9,7726.93,7825.0,1076,31,0.059,0.010996
2026-09-04 15:36:25,SPX,7714.9,7726.93,7600.0,764,1831,0.0859,0.010996
2026-09-04 15:36:25,SPX,7714.9,7726.93,7830.0,1429,52,0.0604,0.010996
2026-09-04 15:36:25,SPX,7714.9,7726.93,7595.0,22,230,0.0877,0.010996
2026-09-04 15:36:25,SPX,7714.9,7726.93,7835.0,808,0,0.0618,0.010996
2026-09-04 15:36:25,SPX,7714.9,7726.93,7590.0,60,279,0.0894,0.010996
2026-09-04 15:36:25,SPX,7714.9,7726.93,7715.0,123,111,0.0661,0.013734
2026-09-04 15:36:25,SPX,7714.9,7726.93,7710.0,208,157,0.0669,0.013734
2026-09-04 15:36:25,SPX,7714.9,7726.93,7720.0,205,257,0.0655,0.013734
2026-09-04 15:36:25,SPX,7714.9,7726.93,7705.0,161,483,0.0677,0.013734
2026-09-04 15:36:25,SPX,7714.9,7726.93,7725.0,666,505,0.0649,0.013734
2026-09-04 15:36:25,SPX,7714.9,7726.93,7700.0,1651,1478,0.0684,0.013734
2026-09-04 15:36:25,SPX,7714.9,7726.93,7730.0,601,175,0.0643,0.013734
2026-09-04 15:36:25,SPX,7714.9,7726.93,7695.0,100,219,0.0693,0.013734
2026-09-04 15:36:25,SPX,7714.9,7726.93,7735.0,293,60,0.0637,0.013734
2026-09-04 15:36:25,SPX,7714.9,7726.93,7690.0,200,207,0.0702,0.013734
2026-09-04 15:36:25,SPX,7714.9,7726.93,7740.0,472,142,0.0632,0.013734
2026-09-04 15:36:25,SPX,7714.9,7726.93,7685.0,107,270,0.0713,0.013734
2026-09-04 15:36:25,SPX,7714.9,7726.93,7745.0,263,135,0.0626,0.013734
2026-09-04 15:36:25,SPX,7714.9,7726.93,7680.0,93,677,0.0723,0.013734
2026-09-04 15:36:25,SPX,7714.9,7726.93,7750.0,1216,954,0.062,0.013734
2026-09-04 15:36:25,SPX,7714.9,7726.93,7675.0,370,792,0.0733,0.013734
2026-09-04 15:36:25,SPX,7714.9,7726.93,7755.0,591,236,0.0614,0.013734
2026-09-04 15:36:25,SPX,7714.9,7726.93,7670.0,368,632,0.0745,0.013734
2026-09-04 15:36:25,SPX,7714.9,7726.93,7760.0,983,86,0.0611,0.013734
2026-09-04 15:36:25,SPX,7714.9,7726.93,7665.0,85,237,0.0758,0.013734
2026-09-04 15:36:25,SPX,7714.9,7726.93,7765.0,1107,30,0.0608,0.013734
2026-09-04 15:36:25,SPX,7714.9,7726.93,7660.0,80,986,0.0771,0.013734
2026-09-04 15:36:25,SPX,7714.9,7726.93,7770.0,316,32,0.0607,0.013734
2026-09-04 15:36:25,SPX,7714.9,7726.93,7655.0,62,288,0.0784,0.013734
2026-09-04 15:36:25,SPX,7714.9,7726.93,7775.0,1628,50,0.0608,0.013734
2026-09-04 15:36:25,SPX,7714.9,7726.93,7650.0,1259,634,0.0794,0.013734
2026-09-04 15:36:25,SPX,7714.9,7726.93,7780.0,2838,42,0.0608,0.013734
2026-09-04 15:36:25,SPX,7714.9,7726.93,7645.0,53,339,0.0803,0.013734
2026-09-04 15:36:25,SPX,7714.9,7726.93,7785.0,710,13,0.061,0.013734
2026-09-04 15:36:25,SPX,7714.9,7726.93,7640.0,75,227,0.0814,0.013734
2026-09-04 15:36:25,SPX,7714.9,7726.93,7790.0,386,19,0.0611,0.013734
2026-09-04 15:36:25,SPX,7714.9,7726.93,7635.0,83,241,0.0827,0.013734
2026-09-04 15:36:25,SPX,7714.9,7726.93,7795.0,1685,7,0.0612,0.013734
2026-09-04 15:36:25,SPX,7714.9,7726.93,7630.0,50,253,0.0842,0.013734
2026-09-04 15:36:25,SPX,7714.9,7726.93,7800.0,2644,70,0.0614,0.013734
2026-09-04 15:36:25,SPX,7714.9,7726.93,7625.0,1357,2470,0.0855,0.013734
2026-09-04 15:36:25,SPX,7714.9,7726.93,7805.0,470,1,0.0616,0.013734
2026-09-04 15:36:25,SPX,7714.9,7726.93,7620.0,83,1391,0.0867,0.013734
2026-09-04 15:36:25,SPX,7714.9,7726.93,7810.0,2356,29,0.0619,0.013734
2026-09-04 15:36:25,SPX,7714.9,7726.93,7615.0,11,175,0.0877,0.013734
2026-09-04 15:36:25,SPX,7714.9,7726.93,7815.0,928,7,0.0623,0.013734
2026-09-04 15:36:25,SPX,7714.9,7726.93,7610.0,32,241,0.0888,0.013734
2026-09-04 15:36:25,SPX,7714.9,7726.93,7820.0,719,18,0.0627,0.013734
2026-09-04 15:36:25,SPX,7714.9,7726.93,7605.0,33,158,0.0904,0.013734
2026-09-04 15:36:25,SPX,7714.9,7726.93,7825.0,21170,14,0.0633,0.013734
2026-09-04 15:36:25,SPX,7714.9,7726.93,7600.0,1096,2976,0.0919,0.013734
2026-09-04 15:36:25,SPX,7714.9,7726.93,7830.0,1322,7,0.0639,0.013734
2026-09-04 15:36:25,SPX,7714.9,7726.93,7595.0,25,0,0.0934,0.013734
2026-09-04 15:36:25,SPX,7714.9,7726.93,7835.0,488,0,0.0646,0.013734
2026-09-04 15:36:25,SPX,7714.9,7726.93,7590.0,14,185,0.0947,0.013734
