timestamp,symbol,spot,gflip,strike,oi_call,oi_put,iv,T
2026-09-18 09:30:48,SPX,7637.76,7641.05,7640.0,1740,2228,0.1689,0.00074
2026-09-18 09:30:48,SPX,7637.76,7641.05,7635.0,1775,1781,0.1716,0.00074
2026-09-18 09:30:48,SPX,7637.76,7641.05,7645.0,2364,1011,0.1671,0.00074
2026-09-18 09:30:48,SPX,7637.76,7641.05,7630.0,1708,2992,0.175,0.00074
2026-09-18 09:30:48,SPX,7637.76,7641.05,7650.0,8069,7952,0.1658,0.00074
2026-09-18 09:30:48,SPX,7637.76,7641.05,7625.0,2714,5754,0.1785,0.00074
2026-09-18 09:30:48,SPX,7637.76,7641.05,7655.0,1659,1780,0.1645,0.00074
2026-09-18 09:30:48,SPX,7637.76,7641.05,7620.0,1349,1067,0.1815,0.00074
2026-09-18 09:30:48,SPX,7637.76,7641.05,7660.0,3139,2320,0.1631,0.00074
2026-09-18 09:30:48,SPX,7637.76,7641.05,7615.0,1072,3137,0.1858,0.00074
2026-09-18 09:30:48,SPX,7637.76,7641.05,7665.0,1718,666,0.1624,0.00074
2026-09-18 09:30:48,SPX,7637.76,7641.05,7610.0,1041,1959,0.1898,0.00074
2026-09-18 09:30:48,SPX,7637.76,7641.05,7670.0,4130,745,0.1629,0.00074
2026-09-18 09:30:48,SPX,7637.76,7641.05,7605.0,977,2877,0.1937,0.00074
2026-09-18 09:30:48,SPX,7637.76,7641.05,7675.0,6657,2897,0.1635,0.00074
2026-09-18 09:30:48,SPX,7637.76,7641.05,7600.0,4544,9839,0.1983,0.00074
2026-09-18 09:30:48,SPX,7637.76,7641.05,7680.0,3734,571,0.1642,0.00074
2026-09-18 09:30:48,SPX,7637.76,7641.05,7595.0,377,2219,0.2016,0.00074
2026-09-18 09:30:48,SPX,7637.76,7641.05,7685.0,2693,528,0.1653,0.00074
2026-09-18 09:30:48,SPX,7637.76,7641.05,7590.0,567,2230,0.2069,0.00074
2026-09-18 09:30:48,SPX,7637.76,7641.05,7690.0,2281,1758,0.1656,0.00074
2026-09-18 09:30:48,SPX,7637.76,7641.05,7585.0,390,1291,0.211,0.00074
2026-09-18 09:30:48,SPX,7637.76,7641.05,7695.0,2511,633,0.1669,0.00074
2026-09-18 09:30:48,SPX,7637.76,7641.05,7580.0,665,2224,0.2148,0.00074
2026-09-18 09:30:48,SPX,7637.76,7641.05,7700.0,15419,5033,0.1699,0.00074
2026-09-18 09:30:48,SPX,7637.76,7641.05,7575.0,684,3253,0.15,0.00074
2026-09-18 09:30:48,SPX,7637.76,7641.05,7705.0,4697,706,0.15,0.00074
2026-09-18 09:30:48,SPX,7637.76,7641.05,7570.0,412,0,0.15,0.00074
2026-09-18 09:30:48,SPX,7637.76,7641.05,7710.0,2673,392,0.1783,0.00074
2026-09-18 09:30:48,SPX,7637.76,7641.05,7565.0,680,996,0.15,0.00074
2026-09-18 09:30:48,SPX,7637.76,7641.05,7715.0,2888,369,0.1818,0.00074
2026-09-18 09:30:48,SPX,7637.76,7641.05,7560.0,406,1642,0.2367,0.00074
2026-09-18 09:30:48,SPX,7637.76,7641.05,7720.0,2920,1279,0.15,0.00074
2026-09-18 09:30:48,SPX,7637.76,7641.05,7555.0,308,1274,0.15,0.00074
2026-09-18 09:30:48,SPX,7637.76,7641.05,7725.0,5475,1260,0.15,0.00074
2026-09-18 09:30:48,SPX,7637.76,7641.05,7550.0,2770,11995,0.2474,0.00074
2026-09-18 09:30:48,SPX,7637.76,7641.05,7740.0,0,426,0.1967,0.00074
2026-09-18 09:30:48,SPX,7637.76,7641.05,7535.0,196,2718,0.2623,0.00074
2026-09-18 09:30:48,SPX,7637.76,7641.05,7745.0,1301,0,0.2019,0.00074
2026-09-18 09:30:48,SPX,7637.76,7641.05,7530.0,0,1877,0.2683,0.00074
2026-09-18 09:30:48,SPX,7637.76,7641.05,7750.0,0,1453,0.15,0.00074
2026-09-18 09:30:48,SPX,7637.76,7641.05,7755.0,2952,147,0.2149,0.00074
2026-09-18 09:30:48,SPX,7637.76,7641.05,7520.0,232,3022,0.2797,0.00074
2026-09-18 09:30:48,SPX,7637.76,7641.05,7760.0,3417,88,0.2223,0.00074
2026-09-18 09:30:48,SPX,7637.76,7641.05,7515.0,146,1027,0.2849,0.00074
2026-09-18 09:30:48,SPX,7637.76,7641.05,7765.0,5868,225,0.23,0.00074
2026-09-18 09:30:48,SPX,7637.76,7641.05,7510.0,153,2200,0.2899,0.00074
2026-09-18 09:30:48,SPX,7637.76,7641.05,7770.0,4212,242,0.2378,0.00074
2026-09-18 09:30:48,SPX,7637.76,7641.05,7505.0,90,2020,0.2947,0.00074
2026-09-18 09:30:48,SPX,7637.76,7641.05,7775.0,2737,470,0.2456,0.00074
2026-09-18 09:30:48,SPX,7637.76,7641.05,7500.0,869,7492,0.2995,0.00074
2026-09-18 09:30:48,SPX,7637.76,7641.05,7780.0,5741,251,0.2532,0.00074
2026-09-18 09:30:48,SPX,7637.76,7641.05,7495.0,576,2455,0.3043,0.00074
2026-09-18 09:30:48,SPX,7637.76,7641.05,7785.0,1694,242,0.2607,0.00074
2026-09-18 09:30:48,SPX,7637.76,7641.05,7490.0,72,1331,0.3093,0.00074
2026-09-18 09:30:48,SPX,7637.76,7641.05,7790.0,2201,181,0.268,0.00074
2026-09-18 09:30:48,SPX,7637.76,7641.05,7485.0,64,4029,0.3143,0.00074
2026-09-18 09:30:48,SPX,7637.76,7641.05,7795.0,1063,147,0.2751,0.00074
2026-09-18 09:30:48,SPX,7637.76,7641.05,7480.0,112,1800,0.3193,0.00074
2026-09-18 09:30:48,SPX,7637.76,7641.05,7800.0,5517,671,0.2819,0.00074
2026-09-18 09:30:48,SPX,7637.76,7641.05,7475.0,343,4793,0.3243,0.00074
2026-09-18 09:30:48,SPX,7637.76,7641.05,7805.0,7965,62,0.2883,0.00074
2026-09-18 09:30:48,SPX,7637.76,7641.05,7470.0,97,1487,0.3295,0.00074
2026-09-18 09:30:48,SPX,7637.76,7641.05,7810.0,1530,79,0.2944,0.00074
2026-09-18 09:30:48,SPX,7637.76,7641.05,7465.0,31,3010,0.3349,0.00074
2026-09-18 09:30:48,SPX,7637.76,7641.05,7815.0,1982,47,0.3001,0.00074
2026-09-18 09:30:48,SPX,7637.76,7641.05,7460.0,98,1219,0.3406,0.00074
2026-09-18 09:30:48,SPX,7637.76,7641.05,7820.0,3083,83,0.3054,0.00074
2026-09-18 09:30:48,SPX,7637.76,7641.05,7455.0,74,1809,0.3465,0.00074
2026-09-18 09:30:48,SPX,7637.76,7641.05,7825.0,2828,125,0.3103,0.00074
2026-09-18 09:30:48,SPX,7637.76,7641.05,7450.0,345,4652,0.3526,0.00074
2026-09-18 09:30:48,SPX,7637.76,7641.05,7830.0,1315,77,0.3148,0.00074
2026-09-18 09:30:48,SPX,7637.76,7641.05,7445.0,71,2883,0.3589,0.00074
2026-09-18 09:30:48,SPX,7637.76,7641.05,7835.0,695,18,0.3189,0.00074
2026-09-18 09:30:48,SPX,7637.76,7641.05,7440.0,83,2643,0.3653,0.00074
2026-09-18 09:30:48,SPX,7637.76,7641.05,7840.0,2146,57,0.3227,0.00074
2026-09-18 09:30:48,SPX,7637.76,7641.05,7435.0,26,2072,0.3718,0.00074
2026-09-18 09:30:48,SPX,7637.76,7641.05,7845.0,647,35,0.3262,0.00074
2026-09-18 09:30:48,SPX,7637.76,7641.05,7430.0,166,968,0.3785,0.00074
2026-09-18 09:30:48,SPX,7637.76,7641.05,7850.0,4627,66,0.3294,0.00074
2026-09-18 09:30:48,SPX,7637.76,7641.05,7425.0,448,3761,0.3853,0.00074
2026-09-18 09:30:48,SPX,7637.76,7641.05,7855.0,5587,27,0.3323,0.00074
2026-09-18 09:30:48,SPX,7637.76,7641.05,7420.0,101,889,0.3922,0.00074
2026-09-18 09:30:48,SPX,7637.76,7641.05,7860.0,3849,124,0.335,0.00074
2026-09-18 09:30:48,SPX,7637.76,7641.05,7415.0,54,762,0.3994,0.00074
2026-09-18 09:30:48,SPX,7637.76,7641.05,7865.0,902,11,0.3373,0.00074
2026-09-18 09:30:48,SPX,7637.76,7641.05,7410.0,269,1178,0.4068,0.00074
2026-09-18 09:30:48,SPX,7637.76,7641.05,7870.0,5254,20,0.3394,0.00074
2026-09-18 09:30:48,SPX,7637.76,7641.05,7405.0,158,6263,0.4145,0.00074
2026-09-18 09:30:48,SPX,7637.76,7641.05,7875.0,1892,71,0.3414,0.00074
2026-09-18 09:30:48,SPX,7637.76,7641.05,7400.0,1059,9186,0.4225,0.00074
2026-09-18 09:30:48,SPX,7637.76,7641.05,7880.0,715,54,0.3431,0.00074
2026-09-18 09:30:48,SPX,7637.76,7641.05,7395.0,30,2242,0.4307,0.00074
2026-09-18 09:30:48,SPX,7637.76,7641.05,7885.0,727,19,0.3446,0.00074
2026-09-18 09:30:48,SPX,7637.76,7641.05,7390.0,33,1231,0.4389,0.00074
2026-09-18 09:30:48,SPX,7637.76,7641.05,7640.0,406,508,0.0874,0.008954
2026-09-18 09:30:48,SPX,7637.76,7641.05,7635.0,241,434,0.0883,0.008954
2026-09-18 09:30:48,SPX,7637.76,7641.05,7645.0,224,1154,0.0865,0.008954
2026-09-18 09:30:48,SPX,7637.76,7641.05,7630.0,294,456,0.0893,0.008954
2026-09-18 09:30:48,SPX,7637.76,7641.05,7650.0,972,773,0.0854,0.008954
2026-09-18 09:30:48,SPX,7637.76,7641.05,7625.0,460,1569,0.0902,0.008954
2026-09-18 09:30:48,SPX,7637.76,7641.05,7655.0,479,200,0.0842,0.008954
2026-09-18 09:30:48,SPX,7637.76,7641.05,7620.0,273,1140,0.0912,0.008954
2026-09-18 09:30:48,SPX,7637.76,7641.05,7660.0,593,249,0.0829,0.008954
2026-09-18 09:30:48,SPX,7637.76,7641.05,7615.0,229,229,0.0927,0.008954
2026-09-18 09:30:48,SPX,7637.76,7641.05,7665.0,399,121,0.0818,0.008954
2026-09-18 09:30:48,SPX,7637.76,7641.05,7610.0,178,352,0.094,0.008954
2026-09-18 09:30:48,SPX,7637.76,7641.05,7670.0,1418,229,0.0809,0.008954
2026-09-18 09:30:48,SPX,7637.76,7641.05,7605.0,138,233,0.0951,0.008954
2026-09-18 09:30:48,SPX,7637.76,7641.05,7675.0,620,689,0.0803,0.008954
2026-09-18 09:30:48,SPX,7637.76,7641.05,7600.0,703,1529,0.0964,0.008954
2026-09-18 09:30:48,SPX,7637.76,7641.05,7680.0,711,110,0.0798,0.008954
2026-09-18 09:30:48,SPX,7637.76,7641.05,7595.0,112,296,0.0976,0.008954
2026-09-18 09:30:48,SPX,7637.76,7641.05,7685.0,692,67,0.0794,0.008954
2026-09-18 09:30:48,SPX,7637.76,7641.05,7590.0,120,459,0.0987,0.008954
2026-09-18 09:30:48,SPX,7637.76,7641.05,7690.0,674,179,0.079,0.008954
2026-09-18 09:30:48,SPX,7637.76,7641.05,7585.0,451,408,0.0998,0.008954
2026-09-18 09:30:48,SPX,7637.76,7641.05,7695.0,1414,66,0.0785,0.008954
2026-09-18 09:30:48,SPX,7637.76,7641.05,7580.0,94,545,0.101,0.008954
2026-09-18 09:30:48,SPX,7637.76,7641.05,7700.0,4856,3413,0.0781,0.008954
2026-09-18 09:30:48,SPX,7637.76,7641.05,7575.0,89,871,0.1024,0.008954
2026-09-18 09:30:48,SPX,7637.76,7641.05,7705.0,894,71,0.0776,0.008954
2026-09-18 09:30:48,SPX,7637.76,7641.05,7570.0,89,285,0.104,0.008954
2026-09-18 09:30:48,SPX,7637.76,7641.05,7710.0,742,131,0.0772,0.008954
2026-09-18 09:30:48,SPX,7637.76,7641.05,7565.0,52,254,0.1057,0.008954
2026-09-18 09:30:48,SPX,7637.76,7641.05,7715.0,731,194,0.0769,0.008954
2026-09-18 09:30:48,SPX,7637.76,7641.05,7560.0,218,436,0.1072,0.008954
2026-09-18 09:30:48,SPX,7637.76,7641.05,7720.0,1095,229,0.0767,0.008954
2026-09-18 09:30:48,SPX,7637.76,7641.05,7555.0,33,230,0.1087,0.008954
2026-09-18 09:30:48,SPX,7637.76,7641.05,7725.0,1139,410,0.0766,0.008954
2026-09-18 09:30:48,SPX,7637.76,7641.05,7550.0,133,2133,0.1099,0.008954
2026-09-18 09:30:48,SPX,7637.76,7641.05,7730.0,986,162,0.0767,0.008954
2026-09-18 09:30:48,SPX,7637.76,7641.05,7545.0,18,300,0.111,0.008954
2026-09-18 09:30:48,SPX,7637.76,7641.05,7735.0,653,192,0.077,0.008954
2026-09-18 09:30:48,SPX,7637.76,7641.05,7540.0,71,330,0.113,0.008954
2026-09-18 09:30:48,SPX,7637.76,7641.05,7740.0,946,196,0.0775,0.008954
2026-09-18 09:30:48,SPX,7637.76,7641.05,7535.0,50,229,0.1148,0.008954
2026-09-18 09:30:48,SPX,7637.76,7641.05,7745.0,450,31,0.0782,0.008954
2026-09-18 09:30:48,SPX,7637.76,7641.05,7530.0,43,381,0.1161,0.008954
2026-09-18 09:30:48,SPX,7637.76,7641.05,7750.0,1698,276,0.0791,0.008954
2026-09-18 09:30:48,SPX,7637.76,7641.05,7525.0,54,433,0.1173,0.008954
2026-09-18 09:30:48,SPX,7637.76,7641.05,7755.0,595,16,0.0801,0.008954
2026-09-18 09:30:48,SPX,7637.76,7641.05,7520.0,32,673,0.15,0.008954
2026-09-18 09:30:48,SPX,7637.76,7641.05,7760.0,685,96,0.15,0.008954
2026-09-18 09:30:48,SPX,7637.76,7641.05,7515.0,0,637,0.1199,0.008954
2026-09-18 09:30:48,SPX,7637.76,7641.05,7765.0,651,33,0.0824,0.008954
2026-09-18 09:30:48,SPX,7637.76,7641.05,7510.0,23,352,0.1214,0.008954
2026-09-18 09:30:48,SPX,7637.76,7641.05,7770.0,500,30,0.0837,0.008954
2026-09-18 09:30:48,SPX,7637.76,7641.05,7505.0,16,178,0.123,0.008954
2026-09-18 09:30:48,SPX,7637.76,7641.05,7775.0,1623,142,0.0849,0.008954
2026-09-18 09:30:48,SPX,7637.76,7641.05,7500.0,36,4019,0.1248,0.008954
2026-09-18 09:30:48,SPX,7637.76,7641.05,7780.0,630,27,0.0862,0.008954
2026-09-18 09:30:48,SPX,7637.76,7641.05,7495.0,13,485,0.1266,0.008954
2026-09-18 09:30:48,SPX,7637.76,7641.05,7785.0,385,0,0.0875,0.008954
2026-09-18 09:30:48,SPX,7637.76,7641.05,7490.0,21,419,0.1285,0.008954
2026-09-18 09:30:48,SPX,7637.76,7641.05,7790.0,523,77,0.0889,0.008954
2026-09-18 09:30:48,SPX,7637.76,7641.05,7485.0,5,192,0.1304,0.008954
2026-09-18 09:30:48,SPX,7637.76,7641.05,7795.0,673,0,0.0903,0.008954
2026-09-18 09:30:48,SPX,7637.76,7641.05,7480.0,8,1378,0.1322,0.008954
2026-09-18 09:30:48,SPX,7637.76,7641.05,7800.0,1966,588,0.0917,0.008954
2026-09-18 09:30:48,SPX,7637.76,7641.05,7475.0,94,826,0.134,0.008954
2026-09-18 09:30:48,SPX,7637.76,7641.05,7805.0,513,7,0.0932,0.008954
2026-09-18 09:30:48,SPX,7637.76,7641.05,7470.0,11,312,0.1358,0.008954
2026-09-18 09:30:48,SPX,7637.76,7641.05,7810.0,649,5,0.0946,0.008954
2026-09-18 09:30:48,SPX,7637.76,7641.05,7465.0,0,165,0.1374,0.008954
2026-09-18 09:30:48,SPX,7637.76,7641.05,7815.0,594,0,0.0961,0.008954
2026-09-18 09:30:48,SPX,7637.76,7641.05,7460.0,22,229,0.139,0.008954
2026-09-18 09:30:48,SPX,7637.76,7641.05,7820.0,775,13,0.0975,0.008954
2026-09-18 09:30:48,SPX,7637.76,7641.05,7455.0,3,1253,0.1406,0.008954
2026-09-18 09:30:48,SPX,7637.76,7641.05,7825.0,810,17,0.099,0.008954
2026-09-18 09:30:48,SPX,7637.76,7641.05,7450.0,32,1041,0.1422,0.008954
2026-09-18 09:30:48,SPX,7637.76,7641.05,7830.0,681,0,0.1005,0.008954
2026-09-18 09:30:48,SPX,7637.76,7641.05,7445.0,11,188,0.1438,0.008954
2026-09-18 09:30:48,SPX,7637.76,7641.05,7835.0,168,0,0.1021,0.008954
2026-09-18 09:30:48,SPX,7637.76,7641.05,7440.0,3,152,0.1454,0.008954
2026-09-18 09:30:48,SPX,7637.76,7641.05,7840.0,648,2,0.1037,0.008954
2026-09-18 09:30:48,SPX,7637.76,7641.05,7435.0,1,140,0.147,0.008954
2026-09-18 09:30:48,SPX,7637.76,7641.05,7845.0,218,0,0.1054,0.008954
2026-09-18 09:30:48,SPX,7637.76,7641.05,7430.0,3,543,0.1486,0.008954
2026-09-18 09:30:48,SPX,7637.76,7641.05,7850.0,1125,13,0.1071,0.008954
2026-09-18 09:30:48,SPX,7637.76,7641.05,7425.0,9,2271,0.1503,0.008954
2026-09-18 09:30:48,SPX,7637.76,7641.05,7420.0,4,217,0.1521,0.008954
2026-09-18 09:30:48,SPX,7637.76,7641.05,7860.0,604,105,0.1109,0.008954
2026-09-18 09:30:48,SPX,7637.76,7641.05,7415.0,5,186,0.1539,0.008954
2026-09-18 09:30:48,SPX,7637.76,7641.05,7410.0,2,190,0.1557,0.008954
2026-09-18 09:30:48,SPX,7637.76,7641.05,7870.0,663,0,0.1151,0.008954
2026-09-18 09:30:48,SPX,7637.76,7641.05,7405.0,1,179,0.1576,0.008954
2026-09-18 09:30:48,SPX,7637.76,7641.05,7875.0,1280,1,0.1173,0.008954
2026-09-18 09:30:48,SPX,7637.76,7641.05,7400.0,9,1858,0.1596,0.008954
2026-09-18 09:30:48,SPX,7637.76,7641.05,7880.0,639,0,0.1194,0.008954
2026-09-18 09:30:48,SPX,7637.76,7641.05,7395.0,1,177,0.1616,0.008954
2026-09-18 09:30:48,SPX,7637.76,7641.05,7390.0,0,237,0.1637,0.008954
2026-09-18 09:30:48,SPX,7637.76,7641.05,7640.0,433,318,0.0959,0.011691
2026-09-18 09:30:48,SPX,7637.76,7641.05,7635.0,76,174,0.0969,0.011691
2026-09-18 09:30:48,SPX,7637.76,7641.05,7645.0,78,2060,0.095,0.011691
2026-09-18 09:30:48,SPX,7637.76,7641.05,7630.0,602,122,0.098,0.011691
2026-09-18 09:30:48,SPX,7637.76,7641.05,7650.0,210,314,0.0939,0.011691
2026-09-18 09:30:48,SPX,7637.76,7641.05,7625.0,454,502,0.0991,0.011691
2026-09-18 09:30:48,SPX,7637.76,7641.05,7655.0,93,56,0.0926,0.011691
2026-09-18 09:30:48,SPX,7637.76,7641.05,7620.0,150,2055,0.1002,0.011691
2026-09-18 09:30:48,SPX,7637.76,7641.05,7660.0,217,386,0.0914,0.011691
2026-09-18 09:30:48,SPX,7637.76,7641.05,7615.0,112,136,0.1013,0.011691
2026-09-18 09:30:48,SPX,7637.76,7641.05,7665.0,131,90,0.0903,0.011691
2026-09-18 09:30:48,SPX,7637.76,7641.05,7610.0,227,117,0.1023,0.011691
2026-09-18 09:30:48,SPX,7637.76,7641.05,7670.0,2103,146,0.0893,0.011691
2026-09-18 09:30:48,SPX,7637.76,7641.05,7605.0,106,95,0.1033,0.011691
2026-09-18 09:30:48,SPX,7637.76,7641.05,7675.0,1179,441,0.0883,0.011691
2026-09-18 09:30:48,SPX,7637.76,7641.05,7600.0,351,1083,0.1044,0.011691
2026-09-18 09:30:48,SPX,7637.76,7641.05,7680.0,451,168,0.0875,0.011691
2026-09-18 09:30:48,SPX,7637.76,7641.05,7595.0,69,277,0.1056,0.011691
2026-09-18 09:30:48,SPX,7637.76,7641.05,7685.0,405,81,0.0867,0.011691
2026-09-18 09:30:48,SPX,7637.76,7641.05,7590.0,77,683,0.1067,0.011691
2026-09-18 09:30:48,SPX,7637.76,7641.05,7690.0,154,280,0.086,0.011691
2026-09-18 09:30:48,SPX,7637.76,7641.05,7585.0,225,1355,0.1083,0.011691
2026-09-18 09:30:48,SPX,7637.76,7641.05,7695.0,2011,55,0.0853,0.011691
2026-09-18 09:30:48,SPX,7637.76,7641.05,7580.0,502,480,0.1093,0.011691
2026-09-18 09:30:48,SPX,7637.76,7641.05,7700.0,837,353,0.0845,0.011691
2026-09-18 09:30:48,SPX,7637.76,7641.05,7575.0,48,509,0.1105,0.011691
2026-09-18 09:30:48,SPX,7637.76,7641.05,7705.0,164,1,0.0829,0.011691
2026-09-18 09:30:48,SPX,7637.76,7641.05,7570.0,51,283,0.1126,0.011691
2026-09-18 09:30:48,SPX,7637.76,7641.05,7710.0,331,31,0.0825,0.011691
2026-09-18 09:30:48,SPX,7637.76,7641.05,7565.0,29,113,0.1136,0.011691
2026-09-18 09:30:48,SPX,7637.76,7641.05,7715.0,384,27,0.0821,0.011691
2026-09-18 09:30:48,SPX,7637.76,7641.05,7560.0,44,1112,0.1147,0.011691
2026-09-18 09:30:48,SPX,7637.76,7641.05,7720.0,459,32,0.0816,0.011691
2026-09-18 09:30:48,SPX,7637.76,7641.05,7555.0,56,77,0.1159,0.011691
2026-09-18 09:30:48,SPX,7637.76,7641.05,7725.0,304,82,0.0811,0.011691
2026-09-18 09:30:48,SPX,7637.76,7641.05,7550.0,58,1439,0.1172,0.011691
2026-09-18 09:30:48,SPX,7637.76,7641.05,7730.0,221,25,0.0807,0.011691
2026-09-18 09:30:48,SPX,7637.76,7641.05,7545.0,27,109,0.1186,0.011691
2026-09-18 09:30:48,SPX,7637.76,7641.05,7735.0,190,11,0.0802,0.011691
2026-09-18 09:30:48,SPX,7637.76,7641.05,7540.0,14,201,0.1201,0.011691
2026-09-18 09:30:48,SPX,7637.76,7641.05,7740.0,458,135,0.0798,0.011691
2026-09-18 09:30:48,SPX,7637.76,7641.05,7535.0,19,132,0.1217,0.011691
2026-09-18 09:30:48,SPX,7637.76,7641.05,7745.0,407,2,0.0795,0.011691
2026-09-18 09:30:48,SPX,7637.76,7641.05,7530.0,22,435,0.1233,0.011691
2026-09-18 09:30:48,SPX,7637.76,7641.05,7750.0,1213,281,0.0793,0.011691
2026-09-18 09:30:48,SPX,7637.76,7641.05,7525.0,47,256,0.1248,0.011691
2026-09-18 09:30:48,SPX,7637.76,7641.05,7755.0,2213,7,0.0792,0.011691
2026-09-18 09:30:48,SPX,7637.76,7641.05,7520.0,9,143,0.1263,0.011691
2026-09-18 09:30:48,SPX,7637.76,7641.05,7760.0,935,13,0.0792,0.011691
2026-09-18 09:30:48,SPX,7637.76,7641.05,7515.0,14,210,0.1279,0.011691
2026-09-18 09:30:48,SPX,7637.76,7641.05,7765.0,776,12,0.0794,0.011691
2026-09-18 09:30:48,SPX,7637.76,7641.05,7510.0,48,680,0.1294,0.011691
2026-09-18 09:30:48,SPX,7637.76,7641.05,7770.0,301,27,0.0796,0.011691
2026-09-18 09:30:48,SPX,7637.76,7641.05,7505.0,8,277,0.1309,0.011691
2026-09-18 09:30:48,SPX,7637.76,7641.05,7775.0,2316,14,0.0801,0.011691
2026-09-18 09:30:48,SPX,7637.76,7641.05,7500.0,73,1273,0.1324,0.011691
2026-09-18 09:30:48,SPX,7637.76,7641.05,7780.0,741,23,0.0806,0.011691
2026-09-18 09:30:48,SPX,7637.76,7641.05,7495.0,14,131,0.1339,0.011691
2026-09-18 09:30:48,SPX,7637.76,7641.05,7785.0,814,2,0.0813,0.011691
2026-09-18 09:30:48,SPX,7637.76,7641.05,7490.0,64,463,0.1353,0.011691
2026-09-18 09:30:48,SPX,7637.76,7641.05,7790.0,458,15,0.0821,0.011691
2026-09-18 09:30:48,SPX,7637.76,7641.05,7485.0,122,539,0.1367,0.011691
2026-09-18 09:30:48,SPX,7637.76,7641.05,7795.0,441,0,0.083,0.011691
2026-09-18 09:30:48,SPX,7637.76,7641.05,7480.0,62,514,0.1382,0.011691
2026-09-18 09:30:48,SPX,7637.76,7641.05,7800.0,1860,98,0.0841,0.011691
2026-09-18 09:30:48,SPX,7637.76,7641.05,7475.0,13,604,0.1396,0.011691
2026-09-18 09:30:48,SPX,7637.76,7641.05,7805.0,290,0,0.0852,0.011691
2026-09-18 09:30:48,SPX,7637.76,7641.05,7470.0,1,614,0.141,0.011691
2026-09-18 09:30:48,SPX,7637.76,7641.05,7810.0,617,9,0.0865,0.011691
2026-09-18 09:30:48,SPX,7637.76,7641.05,7465.0,1,329,0.1424,0.011691
2026-09-18 09:30:48,SPX,7637.76,7641.05,7815.0,359,1,0.0878,0.011691
2026-09-18 09:30:48,SPX,7637.76,7641.05,7460.0,1,320,0.1439,0.011691
2026-09-18 09:30:48,SPX,7637.76,7641.05,7820.0,258,7,0.0892,0.011691
2026-09-18 09:30:48,SPX,7637.76,7641.05,7455.0,1,62,0.1454,0.011691
2026-09-18 09:30:48,SPX,7637.76,7641.05,7825.0,666,5,0.0906,0.011691
2026-09-18 09:30:48,SPX,7637.76,7641.05,7450.0,18,363,0.1468,0.011691
2026-09-18 09:30:48,SPX,7637.76,7641.05,7830.0,489,2,0.0921,0.011691
2026-09-18 09:30:48,SPX,7637.76,7641.05,7445.0,1,81,0.1484,0.011691
2026-09-18 09:30:48,SPX,7637.76,7641.05,7440.0,2,350,0.1499,0.011691
2026-09-18 09:30:48,SPX,7637.76,7641.05,7840.0,629,0,0.0952,0.011691
2026-09-18 09:30:48,SPX,7637.76,7641.05,7435.0,4,322,0.1515,0.011691
2026-09-18 09:30:48,SPX,7637.76,7641.05,7430.0,2,386,0.1531,0.011691
2026-09-18 09:30:48,SPX,7637.76,7641.05,7850.0,1056,6,0.0985,0.011691
2026-09-18 09:30:48,SPX,7637.76,7641.05,7425.0,0,651,0.1547,0.011691
2026-09-18 09:30:48,SPX,7637.76,7641.05,7420.0,2,459,0.1563,0.011691
2026-09-18 09:30:48,SPX,7637.76,7641.05,7860.0,391,0,0.1018,0.011691
2026-09-18 09:30:48,SPX,7637.76,7641.05,7415.0,2,52,0.158,0.011691
2026-09-18 09:30:48,SPX,7637.76,7641.05,7410.0,4,241,0.1597,0.011691
2026-09-18 09:30:48,SPX,7637.76,7641.05,7870.0,471,0,0.1052,0.011691
2026-09-18 09:30:48,SPX,7637.76,7641.05,7405.0,0,58,0.1615,0.011691
2026-09-18 09:30:48,SPX,7637.76,7641.05,7875.0,418,3,0.1068,0.011691
2026-09-18 09:30:48,SPX,7637.76,7641.05,7400.0,5,526,0.1632,0.011691
2026-09-18 09:30:48,SPX,7637.76,7641.05,7880.0,345,5,0.1085,0.011691
2026-09-18 09:30:48,SPX,7637.76,7641.05,7395.0,0,384,0.165,0.011691
2026-09-18 09:30:48,SPX,7637.76,7641.05,7390.0,0,144,0.1668,0.011691
2026-09-18 09:33:00,SPX,7642.95,7642.79,7645.0,2364,1011,0.1642,0.000736
2026-09-18 09:33:00,SPX,7642.95,7642.79,7640.0,1740,2228,0.168,0.000736
2026-09-18 09:33:00,SPX,7642.95,7642.79,7650.0,8069,7952,0.1608,0.000736
2026-09-18 09:33:00,SPX,7642.95,7642.79,7635.0,1775,1781,0.1721,0.000736
2026-09-18 09:33:00,SPX,7642.95,7642.79,7655.0,1659,1780,0.16,0.000736
2026-09-18 09:33:00,SPX,7642.95,7642.79,7630.0,1708,2992,0.1747,0.000736
2026-09-18 09:33:00,SPX,7642.95,7642.79,7660.0,3139,2320,0.1584,0.000736
2026-09-18 09:33:00,SPX,7642.95,7642.79,7625.0,2714,5754,0.1808,0.000736
2026-09-18 09:33:00,SPX,7642.95,7642.79,7665.0,1718,666,0.155,0.000736
2026-09-18 09:33:00,SPX,7642.95,7642.79,7620.0,1349,1067,0.1842,0.000736
2026-09-18 09:33:00,SPX,7642.95,7642.79,7670.0,4130,745,0.1545,0.000736
2026-09-18 09:33:00,SPX,7642.95,7642.79,7615.0,1072,3137,0.1868,0.000736
2026-09-18 09:33:00,SPX,7642.95,7642.79,7675.0,6657,2897,0.1574,0.000736
2026-09-18 09:33:00,SPX,7642.95,7642.79,7610.0,1041,1959,0.1924,0.000736
2026-09-18 09:33:00,SPX,7642.95,7642.79,7680.0,3734,571,0.1575,0.000736
2026-09-18 09:33:00,SPX,7642.95,7642.79,7605.0,977,2877,0.1974,0.000736
2026-09-18 09:33:00,SPX,7642.95,7642.79,7685.0,2693,528,0.1577,0.000736
2026-09-18 09:33:00,SPX,7642.95,7642.79,7600.0,4544,9839,0.1994,0.000736
2026-09-18 09:33:00,SPX,7642.95,7642.79,7690.0,2281,1758,0.1577,0.000736
2026-09-18 09:33:00,SPX,7642.95,7642.79,7595.0,377,2219,0.2036,0.000736
2026-09-18 09:33:00,SPX,7642.95,7642.79,7695.0,2511,633,0.1579,0.000736
2026-09-18 09:33:00,SPX,7642.95,7642.79,7590.0,567,2230,0.2098,0.000736
2026-09-18 09:33:00,SPX,7642.95,7642.79,7700.0,15419,5033,0.159,0.000736
2026-09-18 09:33:00,SPX,7642.95,7642.79,7585.0,390,1291,0.216,0.000736
2026-09-18 09:33:00,SPX,7642.95,7642.79,7705.0,4697,706,0.1638,0.000736
2026-09-18 09:33:00,SPX,7642.95,7642.79,7580.0,665,2224,0.2204,0.000736
2026-09-18 09:33:00,SPX,7642.95,7642.79,7710.0,2673,392,0.167,0.000736
2026-09-18 09:33:00,SPX,7642.95,7642.79,7575.0,684,3253,0.225,0.000736
2026-09-18 09:33:00,SPX,7642.95,7642.79,7715.0,2888,369,0.1702,0.000736
2026-09-18 09:33:00,SPX,7642.95,7642.79,7570.0,412,1774,0.2323,0.000736
2026-09-18 09:33:00,SPX,7642.95,7642.79,7720.0,2920,1279,0.1739,0.000736
2026-09-18 09:33:00,SPX,7642.95,7642.79,7565.0,680,996,0.2372,0.000736
2026-09-18 09:33:00,SPX,7642.95,7642.79,7725.0,5475,1260,0.1769,0.000736
2026-09-18 09:33:00,SPX,7642.95,7642.79,7560.0,406,1642,0.2452,0.000736
2026-09-18 09:33:00,SPX,7642.95,7642.79,7730.0,4490,466,0.1795,0.000736
2026-09-18 09:33:00,SPX,7642.95,7642.79,7555.0,308,1274,0.2507,0.000736
2026-09-18 09:33:00,SPX,7642.95,7642.79,7735.0,2575,669,0.1822,0.000736
2026-09-18 09:33:00,SPX,7642.95,7642.79,7550.0,2770,11995,0.2555,0.000736
2026-09-18 09:33:00,SPX,7642.95,7642.79,7740.0,1873,426,0.1856,0.000736
2026-09-18 09:33:00,SPX,7642.95,7642.79,7545.0,1955,3057,0.2599,0.000736
2026-09-18 09:33:00,SPX,7642.95,7642.79,7745.0,1301,180,0.19,0.000736
2026-09-18 09:33:00,SPX,7642.95,7642.79,7540.0,164,2595,0.265,0.000736
2026-09-18 09:33:00,SPX,7642.95,7642.79,7750.0,4479,1453,0.1953,0.000736
2026-09-18 09:33:00,SPX,7642.95,7642.79,7535.0,196,2718,0.271,0.000736
2026-09-18 09:33:00,SPX,7642.95,7642.79,7755.0,2952,147,0.2015,0.000736
2026-09-18 09:33:00,SPX,7642.95,7642.79,7530.0,197,1877,0.2774,0.000736
2026-09-18 09:33:00,SPX,7642.95,7642.79,7760.0,3417,88,0.2083,0.000736
2026-09-18 09:33:00,SPX,7642.95,7642.79,7525.0,236,2945,0.2839,0.000736
2026-09-18 09:33:00,SPX,7642.95,7642.79,7765.0,5868,225,0.2157,0.000736
2026-09-18 09:33:00,SPX,7642.95,7642.79,7520.0,232,3022,0.2903,0.000736
2026-09-18 09:33:00,SPX,7642.95,7642.79,7770.0,4212,242,0.2233,0.000736
2026-09-18 09:33:00,SPX,7642.95,7642.79,7515.0,146,1027,0.2966,0.000736
2026-09-18 09:33:00,SPX,7642.95,7642.79,7775.0,2737,470,0.2311,0.000736
2026-09-18 09:33:00,SPX,7642.95,7642.79,7510.0,153,2200,0.3027,0.000736
2026-09-18 09:33:00,SPX,7642.95,7642.79,7780.0,5741,251,0.2389,0.000736
2026-09-18 09:33:00,SPX,7642.95,7642.79,7505.0,90,2020,0.3085,0.000736
2026-09-18 09:33:00,SPX,7642.95,7642.79,7785.0,1694,242,0.2466,0.000736
2026-09-18 09:33:00,SPX,7642.95,7642.79,7500.0,869,7492,0.3141,0.000736
2026-09-18 09:33:00,SPX,7642.95,7642.79,7790.0,2201,181,0.2542,0.000736
2026-09-18 09:33:00,SPX,7642.95,7642.79,7495.0,576,2455,0.3195,0.000736
2026-09-18 09:33:00,SPX,7642.95,7642.79,7795.0,1063,147,0.2616,0.000736
2026-09-18 09:33:00,SPX,7642.95,7642.79,7490.0,72,1331,0.3248,0.000736
2026-09-18 09:33:00,SPX,7642.95,7642.79,7800.0,5517,671,0.2689,0.000736
2026-09-18 09:33:00,SPX,7642.95,7642.79,7485.0,64,4029,0.3301,0.000736
2026-09-18 09:33:00,SPX,7642.95,7642.79,7805.0,7965,62,0.2759,0.000736
2026-09-18 09:33:00,SPX,7642.95,7642.79,7480.0,112,1800,0.3354,0.000736
2026-09-18 09:33:00,SPX,7642.95,7642.79,7810.0,1530,79,0.2826,0.000736
2026-09-18 09:33:00,SPX,7642.95,7642.79,7475.0,343,4793,0.3408,0.000736
2026-09-18 09:33:00,SPX,7642.95,7642.79,7815.0,1982,47,0.289,0.000736
2026-09-18 09:33:00,SPX,7642.95,7642.79,7470.0,97,1487,0.3464,0.000736
2026-09-18 09:33:00,SPX,7642.95,7642.79,7820.0,3083,83,0.2951,0.000736
2026-09-18 09:33:00,SPX,7642.95,7642.79,7465.0,31,3010,0.3521,0.000736
2026-09-18 09:33:00,SPX,7642.95,7642.79,7825.0,2828,125,0.3007,0.000736
2026-09-18 09:33:00,SPX,7642.95,7642.79,7460.0,98,1219,0.3581,0.000736
2026-09-18 09:33:00,SPX,7642.95,7642.79,7830.0,1315,77,0.306,0.000736
2026-09-18 09:33:00,SPX,7642.95,7642.79,7455.0,74,1809,0.3642,0.000736
2026-09-18 09:33:00,SPX,7642.95,7642.79,7835.0,695,18,0.311,0.000736
2026-09-18 09:33:00,SPX,7642.95,7642.79,7450.0,345,4652,0.3705,0.000736
2026-09-18 09:33:00,SPX,7642.95,7642.79,7840.0,2146,57,0.3156,0.000736
2026-09-18 09:33:00,SPX,7642.95,7642.79,7445.0,71,2883,0.377,0.000736
2026-09-18 09:33:00,SPX,7642.95,7642.79,7845.0,647,35,0.3198,0.000736
2026-09-18 09:33:00,SPX,7642.95,7642.79,7440.0,83,2643,0.3836,0.000736
2026-09-18 09:33:00,SPX,7642.95,7642.79,7850.0,4627,66,0.3238,0.000736
2026-09-18 09:33:00,SPX,7642.95,7642.79,7435.0,26,2072,0.3903,0.000736
2026-09-18 09:33:00,SPX,7642.95,7642.79,7855.0,5587,27,0.3274,0.000736
2026-09-18 09:33:00,SPX,7642.95,7642.79,7430.0,166,968,0.3968,0.000736
2026-09-18 09:33:00,SPX,7642.95,7642.79,7860.0,3849,124,0.3307,0.000736
2026-09-18 09:33:00,SPX,7642.95,7642.79,7425.0,448,3761,0.4035,0.000736
2026-09-18 09:33:00,SPX,7642.95,7642.79,7865.0,902,11,0.3337,0.000736
2026-09-18 09:33:00,SPX,7642.95,7642.79,7420.0,101,889,0.4105,0.000736
2026-09-18 09:33:00,SPX,7642.95,7642.79,7870.0,5254,20,0.3365,0.000736
2026-09-18 09:33:00,SPX,7642.95,7642.79,7415.0,54,762,0.4177,0.000736
2026-09-18 09:33:00,SPX,7642.95,7642.79,7875.0,1892,71,0.3389,0.000736
2026-09-18 09:33:00,SPX,7642.95,7642.79,7410.0,269,1178,0.4252,0.000736
2026-09-18 09:33:00,SPX,7642.95,7642.79,7880.0,715,54,0.3412,0.000736
2026-09-18 09:33:00,SPX,7642.95,7642.79,7405.0,158,6263,0.4331,0.000736
2026-09-18 09:33:00,SPX,7642.95,7642.79,7885.0,727,19,0.3431,0.000736
2026-09-18 09:33:00,SPX,7642.95,7642.79,7400.0,1059,9186,0.4412,0.000736
2026-09-18 09:33:00,SPX,7642.95,7642.79,7890.0,2803,34,0.3449,0.000736
2026-09-18 09:33:00,SPX,7642.95,7642.79,7395.0,30,2242,0.4497,0.000736
2026-09-18 09:33:00,SPX,7642.95,7642.79,7645.0,224,1154,0.0853,0.008949
2026-09-18 09:33:00,SPX,7642.95,7642.79,7640.0,406,508,0.0865,0.008949
2026-09-18 09:33:00,SPX,7642.95,7642.79,7650.0,972,773,0.0839,0.008949
2026-09-18 09:33:00,SPX,7642.95,7642.79,7635.0,241,434,0.0877,0.008949
2026-09-18 09:33:00,SPX,7642.95,7642.79,7655.0,479,200,0.0824,0.008949
2026-09-18 09:33:00,SPX,7642.95,7642.79,7630.0,294,456,0.0887,0.008949
2026-09-18 09:33:00,SPX,7642.95,7642.79,7660.0,593,249,0.0811,0.008949
2026-09-18 09:33:00,SPX,7642.95,7642.79,7625.0,460,1569,0.0898,0.008949
2026-09-18 09:33:00,SPX,7642.95,7642.79,7665.0,399,121,0.08,0.008949
2026-09-18 09:33:00,SPX,7642.95,7642.79,7620.0,273,1140,0.0906,0.008949
2026-09-18 09:33:00,SPX,7642.95,7642.79,7670.0,1418,229,0.0792,0.008949
2026-09-18 09:33:00,SPX,7642.95,7642.79,7615.0,229,229,0.0922,0.008949
2026-09-18 09:33:00,SPX,7642.95,7642.79,7675.0,620,689,0.0786,0.008949
2026-09-18 09:33:00,SPX,7642.95,7642.79,7610.0,178,352,0.0935,0.008949
2026-09-18 09:33:00,SPX,7642.95,7642.79,7680.0,711,110,0.0781,0.008949
2026-09-18 09:33:00,SPX,7642.95,7642.79,7605.0,138,233,0.0948,0.008949
2026-09-18 09:33:00,SPX,7642.95,7642.79,7685.0,692,67,0.0778,0.008949
2026-09-18 09:33:00,SPX,7642.95,7642.79,7600.0,703,1529,0.0962,0.008949
2026-09-18 09:33:00,SPX,7642.95,7642.79,7690.0,674,179,0.0774,0.008949
2026-09-18 09:33:00,SPX,7642.95,7642.79,7595.0,112,296,0.0974,0.008949
2026-09-18 09:33:00,SPX,7642.95,7642.79,7695.0,1414,66,0.077,0.008949
2026-09-18 09:33:00,SPX,7642.95,7642.79,7590.0,120,459,0.0984,0.008949
2026-09-18 09:33:00,SPX,7642.95,7642.79,7700.0,4856,3413,0.0766,0.008949
2026-09-18 09:33:00,SPX,7642.95,7642.79,7585.0,451,408,0.0994,0.008949
2026-09-18 09:33:00,SPX,7642.95,7642.79,7705.0,894,71,0.0761,0.008949
2026-09-18 09:33:00,SPX,7642.95,7642.79,7580.0,94,545,0.1005,0.008949
2026-09-18 09:33:00,SPX,7642.95,7642.79,7710.0,742,131,0.0756,0.008949
2026-09-18 09:33:00,SPX,7642.95,7642.79,7575.0,89,871,0.1019,0.008949
2026-09-18 09:33:00,SPX,7642.95,7642.79,7715.0,731,194,0.0751,0.008949
2026-09-18 09:33:00,SPX,7642.95,7642.79,7570.0,89,285,0.1034,0.008949
2026-09-18 09:33:00,SPX,7642.95,7642.79,7720.0,1095,229,0.0747,0.008949
2026-09-18 09:33:00,SPX,7642.95,7642.79,7565.0,52,254,0.1053,0.008949
2026-09-18 09:33:00,SPX,7642.95,7642.79,7725.0,1139,410,0.0744,0.008949
2026-09-18 09:33:00,SPX,7642.95,7642.79,7560.0,218,436,0.1071,0.008949
2026-09-18 09:33:00,SPX,7642.95,7642.79,7730.0,986,162,0.0743,0.008949
2026-09-18 09:33:00,SPX,7642.95,7642.79,7555.0,33,230,0.1088,0.008949
2026-09-18 09:33:00,SPX,7642.95,7642.79,7735.0,653,192,0.0744,0.008949
2026-09-18 09:33:00,SPX,7642.95,7642.79,7550.0,133,2133,0.1105,0.008949
2026-09-18 09:33:00,SPX,7642.95,7642.79,7740.0,946,196,0.0746,0.008949
2026-09-18 09:33:00,SPX,7642.95,7642.79,7545.0,18,300,0.1123,0.008949
2026-09-18 09:33:00,SPX,7642.95,7642.79,7745.0,450,31,0.0751,0.008949
2026-09-18 09:33:00,SPX,7642.95,7642.79,7540.0,71,330,0.1137,0.008949
2026-09-18 09:33:00,SPX,7642.95,7642.79,7750.0,1698,276,0.0758,0.008949
2026-09-18 09:33:00,SPX,7642.95,7642.79,7535.0,50,229,0.1148,0.008949
2026-09-18 09:33:00,SPX,7642.95,7642.79,7755.0,595,16,0.0766,0.008949
2026-09-18 09:33:00,SPX,7642.95,7642.79,7530.0,43,381,0.116,0.008949
2026-09-18 09:33:00,SPX,7642.95,7642.79,7760.0,685,96,0.0776,0.008949
2026-09-18 09:33:00,SPX,7642.95,7642.79,7525.0,54,433,0.1173,0.008949
2026-09-18 09:33:00,SPX,7642.95,7642.79,7765.0,651,33,0.0788,0.008949
2026-09-18 09:33:00,SPX,7642.95,7642.79,7520.0,32,673,0.1187,0.008949
2026-09-18 09:33:00,SPX,7642.95,7642.79,7770.0,500,30,0.08,0.008949
2026-09-18 09:33:00,SPX,7642.95,7642.79,7515.0,42,637,0.1201,0.008949
2026-09-18 09:33:00,SPX,7642.95,7642.79,7775.0,1623,142,0.0814,0.008949
2026-09-18 09:33:00,SPX,7642.95,7642.79,7510.0,23,352,0.1217,0.008949
2026-09-18 09:33:00,SPX,7642.95,7642.79,7780.0,630,27,0.0829,0.008949
2026-09-18 09:33:00,SPX,7642.95,7642.79,7505.0,16,178,0.1236,0.008949
2026-09-18 09:33:00,SPX,7642.95,7642.79,7785.0,385,0,0.0844,0.008949
2026-09-18 09:33:00,SPX,7642.95,7642.79,7500.0,36,4019,0.1255,0.008949
2026-09-18 09:33:00,SPX,7642.95,7642.79,7790.0,523,77,0.086,0.008949
2026-09-18 09:33:00,SPX,7642.95,7642.79,7495.0,13,485,0.1276,0.008949
2026-09-18 09:33:00,SPX,7642.95,7642.79,7795.0,673,0,0.0875,0.008949
2026-09-18 09:33:00,SPX,7642.95,7642.79,7490.0,21,419,0.1296,0.008949
2026-09-18 09:33:00,SPX,7642.95,7642.79,7800.0,1966,588,0.0891,0.008949
2026-09-18 09:33:00,SPX,7642.95,7642.79,7485.0,5,192,0.1315,0.008949
2026-09-18 09:33:00,SPX,7642.95,7642.79,7805.0,513,7,0.0907,0.008949
2026-09-18 09:33:00,SPX,7642.95,7642.79,7480.0,8,1378,0.1334,0.008949
2026-09-18 09:33:00,SPX,7642.95,7642.79,7810.0,649,5,0.0923,0.008949
2026-09-18 09:33:00,SPX,7642.95,7642.79,7475.0,94,826,0.1352,0.008949
2026-09-18 09:33:00,SPX,7642.95,7642.79,7815.0,594,0,0.0938,0.008949
2026-09-18 09:33:00,SPX,7642.95,7642.79,7470.0,11,312,0.1369,0.008949
2026-09-18 09:33:00,SPX,7642.95,7642.79,7820.0,775,13,0.0953,0.008949
2026-09-18 09:33:00,SPX,7642.95,7642.79,7465.0,0,165,0.1386,0.008949
2026-09-18 09:33:00,SPX,7642.95,7642.79,7825.0,810,17,0.0969,0.008949
2026-09-18 09:33:00,SPX,7642.95,7642.79,7460.0,22,229,0.1402,0.008949
2026-09-18 09:33:00,SPX,7642.95,7642.79,7830.0,681,0,0.0984,0.008949
2026-09-18 09:33:00,SPX,7642.95,7642.79,7455.0,3,1253,0.139,0.008949
2026-09-18 09:33:00,SPX,7642.95,7642.79,7835.0,168,0,0.0978,0.008949
2026-09-18 09:33:00,SPX,7642.95,7642.79,7450.0,32,1041,0.1407,0.008949
2026-09-18 09:33:00,SPX,7642.95,7642.79,7840.0,648,2,0.0993,0.008949
2026-09-18 09:33:00,SPX,7642.95,7642.79,7445.0,11,188,0.1424,0.008949
2026-09-18 09:33:00,SPX,7642.95,7642.79,7845.0,218,0,0.1008,0.008949
2026-09-18 09:33:00,SPX,7642.95,7642.79,7440.0,3,152,0.1442,0.008949
2026-09-18 09:33:00,SPX,7642.95,7642.79,7850.0,1125,13,0.1023,0.008949
2026-09-18 09:33:00,SPX,7642.95,7642.79,7435.0,1,140,0.146,0.008949
2026-09-18 09:33:00,SPX,7642.95,7642.79,7430.0,3,543,0.1479,0.008949
2026-09-18 09:33:00,SPX,7642.95,7642.79,7860.0,604,105,0.1057,0.008949
2026-09-18 09:33:00,SPX,7642.95,7642.79,7425.0,9,2271,0.1498,0.008949
2026-09-18 09:33:00,SPX,7642.95,7642.79,7420.0,4,217,0.1517,0.008949
2026-09-18 09:33:00,SPX,7642.95,7642.79,7870.0,663,0,0.1094,0.008949
2026-09-18 09:33:00,SPX,7642.95,7642.79,7415.0,5,186,0.1538,0.008949
2026-09-18 09:33:00,SPX,7642.95,7642.79,7875.0,1280,1,0.1114,0.008949
2026-09-18 09:33:00,SPX,7642.95,7642.79,7410.0,2,190,0.1558,0.008949
2026-09-18 09:33:00,SPX,7642.95,7642.79,7880.0,639,0,0.1135,0.008949
2026-09-18 09:33:00,SPX,7642.95,7642.79,7405.0,1,179,0.1579,0.008949
2026-09-18 09:33:00,SPX,7642.95,7642.79,7400.0,9,1858,0.16,0.008949
2026-09-18 09:33:00,SPX,7642.95,7642.79,7890.0,503,0,0.1182,0.008949
2026-09-18 09:33:00,SPX,7642.95,7642.79,7395.0,1,177,0.1622,0.008949
2026-09-18 09:33:00,SPX,7642.95,7642.79,7645.0,78,2060,0.0921,0.011687
2026-09-18 09:33:00,SPX,7642.95,7642.79,7640.0,433,318,0.0936,0.011687
2026-09-18 09:33:00,SPX,7642.95,7642.79,7650.0,210,314,0.0912,0.011687
2026-09-18 09:33:00,SPX,7642.95,7642.79,7635.0,76,174,0.0948,0.011687
2026-09-18 09:33:00,SPX,7642.95,7642.79,7655.0,93,56,0.0904,0.011687
2026-09-18 09:33:00,SPX,7642.95,7642.79,7630.0,602,122,0.0956,0.011687
2026-09-18 09:33:00,SPX,7642.95,7642.79,7660.0,217,386,0.0895,0.011687
2026-09-18 09:33:00,SPX,7642.95,7642.79,7625.0,454,502,0.0965,0.011687
2026-09-18 09:33:00,SPX,7642.95,7642.79,7665.0,131,90,0.0886,0.011687
2026-09-18 09:33:00,SPX,7642.95,7642.79,7620.0,150,2055,0.0978,0.011687
2026-09-18 09:33:00,SPX,7642.95,7642.79,7670.0,2103,146,0.0875,0.011687
2026-09-18 09:33:00,SPX,7642.95,7642.79,7615.0,112,136,0.0993,0.011687
2026-09-18 09:33:00,SPX,7642.95,7642.79,7675.0,1179,441,0.0863,0.011687
2026-09-18 09:33:00,SPX,7642.95,7642.79,7610.0,227,117,0.1007,0.011687
2026-09-18 09:33:00,SPX,7642.95,7642.79,7680.0,451,168,0.0851,0.011687
2026-09-18 09:33:00,SPX,7642.95,7642.79,7605.0,106,95,0.1018,0.011687
2026-09-18 09:33:00,SPX,7642.95,7642.79,7685.0,405,81,0.0841,0.011687
2026-09-18 09:33:00,SPX,7642.95,7642.79,7600.0,351,1083,0.1027,0.011687
2026-09-18 09:33:00,SPX,7642.95,7642.79,7690.0,154,280,0.0832,0.011687
2026-09-18 09:33:00,SPX,7642.95,7642.79,7595.0,69,277,0.1037,0.011687
2026-09-18 09:33:00,SPX,7642.95,7642.79,7695.0,2011,55,0.0825,0.011687
2026-09-18 09:33:00,SPX,7642.95,7642.79,7590.0,77,683,0.1049,0.011687
2026-09-18 09:33:00,SPX,7642.95,7642.79,7700.0,837,353,0.0819,0.011687
2026-09-18 09:33:00,SPX,7642.95,7642.79,7585.0,225,1355,0.106,0.011687
2026-09-18 09:33:00,SPX,7642.95,7642.79,7705.0,164,1,0.0814,0.011687
2026-09-18 09:33:00,SPX,7642.95,7642.79,7580.0,502,480,0.1071,0.011687
2026-09-18 09:33:00,SPX,7642.95,7642.79,7710.0,331,31,0.0808,0.011687
2026-09-18 09:33:00,SPX,7642.95,7642.79,7575.0,48,509,0.1086,0.011687
2026-09-18 09:33:00,SPX,7642.95,7642.79,7715.0,384,27,0.0803,0.011687
2026-09-18 09:33:00,SPX,7642.95,7642.79,7570.0,51,283,0.1099,0.011687
2026-09-18 09:33:00,SPX,7642.95,7642.79,7720.0,459,32,0.0798,0.011687
2026-09-18 09:33:00,SPX,7642.95,7642.79,7565.0,29,113,0.1113,0.011687
2026-09-18 09:33:00,SPX,7642.95,7642.79,7725.0,304,82,0.0793,0.011687
2026-09-18 09:33:00,SPX,7642.95,7642.79,7560.0,44,1112,0.1128,0.011687
2026-09-18 09:33:00,SPX,7642.95,7642.79,7730.0,221,25,0.0788,0.011687
2026-09-18 09:33:00,SPX,7642.95,7642.79,7555.0,56,77,0.1144,0.011687
2026-09-18 09:33:00,SPX,7642.95,7642.79,7735.0,190,11,0.0783,0.011687
2026-09-18 09:33:00,SPX,7642.95,7642.79,7550.0,58,1439,0.1158,0.011687
2026-09-18 09:33:00,SPX,7642.95,7642.79,7740.0,458,135,0.078,0.011687
2026-09-18 09:33:00,SPX,7642.95,7642.79,7545.0,27,109,0.117,0.011687
2026-09-18 09:33:00,SPX,7642.95,7642.79,7745.0,407,2,0.0777,0.011687
2026-09-18 09:33:00,SPX,7642.95,7642.79,7540.0,14,201,0.1182,0.011687
2026-09-18 09:33:00,SPX,7642.95,7642.79,7750.0,1213,281,0.0776,0.011687
2026-09-18 09:33:00,SPX,7642.95,7642.79,7535.0,19,132,0.1194,0.011687
2026-09-18 09:33:00,SPX,7642.95,7642.79,7755.0,2213,7,0.0776,0.011687
2026-09-18 09:33:00,SPX,7642.95,7642.79,7530.0,22,435,0.1206,0.011687
2026-09-18 09:33:00,SPX,7642.95,7642.79,7760.0,935,13,0.0777,0.011687
2026-09-18 09:33:00,SPX,7642.95,7642.79,7525.0,47,256,0.1219,0.011687
2026-09-18 09:33:00,SPX,7642.95,7642.79,7765.0,776,12,0.078,0.011687
2026-09-18 09:33:00,SPX,7642.95,7642.79,7520.0,9,143,0.1233,0.011687
2026-09-18 09:33:00,SPX,7642.95,7642.79,7770.0,301,27,0.0784,0.011687
2026-09-18 09:33:00,SPX,7642.95,7642.79,7515.0,14,210,0.1247,0.011687
2026-09-18 09:33:00,SPX,7642.95,7642.79,7775.0,2316,14,0.079,0.011687
2026-09-18 09:33:00,SPX,7642.95,7642.79,7510.0,48,680,0.1262,0.011687
2026-09-18 09:33:00,SPX,7642.95,7642.79,7780.0,741,23,0.0796,0.011687
2026-09-18 09:33:00,SPX,7642.95,7642.79,7505.0,8,277,0.1277,0.011687
2026-09-18 09:33:00,SPX,7642.95,7642.79,7785.0,814,2,0.0804,0.011687
2026-09-18 09:33:00,SPX,7642.95,7642.79,7500.0,73,1273,0.1292,0.011687
2026-09-18 09:33:00,SPX,7642.95,7642.79,7790.0,458,15,0.0814,0.011687
2026-09-18 09:33:00,SPX,7642.95,7642.79,7495.0,14,131,0.1308,0.011687
2026-09-18 09:33:00,SPX,7642.95,7642.79,7795.0,441,0,0.0824,0.011687
2026-09-18 09:33:00,SPX,7642.95,7642.79,7490.0,64,463,0.1323,0.011687
2026-09-18 09:33:00,SPX,7642.95,7642.79,7800.0,1860,98,0.0835,0.011687
2026-09-18 09:33:00,SPX,7642.95,7642.79,7485.0,122,539,0.1339,0.011687
2026-09-18 09:33:00,SPX,7642.95,7642.79,7805.0,290,0,0.0847,0.011687
2026-09-18 09:33:00,SPX,7642.95,7642.79,7480.0,62,514,0.1354,0.011687
2026-09-18 09:33:00,SPX,7642.95,7642.79,7810.0,617,9,0.0859,0.011687
2026-09-18 09:33:00,SPX,7642.95,7642.79,7475.0,13,604,0.1369,0.011687
2026-09-18 09:33:00,SPX,7642.95,7642.79,7815.0,359,1,0.0872,0.011687
2026-09-18 09:33:00,SPX,7642.95,7642.79,7470.0,1,614,0.1383,0.011687
2026-09-18 09:33:00,SPX,7642.95,7642.79,7820.0,258,7,0.0885,0.011687
2026-09-18 09:33:00,SPX,7642.95,7642.79,7465.0,1,329,0.1398,0.011687
2026-09-18 09:33:00,SPX,7642.95,7642.79,7825.0,666,5,0.0899,0.011687
2026-09-18 09:33:00,SPX,7642.95,7642.79,7460.0,1,320,0.1413,0.011687
2026-09-18 09:33:00,SPX,7642.95,7642.79,7830.0,489,2,0.0913,0.011687
2026-09-18 09:33:00,SPX,7642.95,7642.79,7455.0,1,62,0.1427,0.011687
2026-09-18 09:33:00,SPX,7642.95,7642.79,7450.0,18,363,0.1442,0.011687
2026-09-18 09:33:00,SPX,7642.95,7642.79,7840.0,629,0,0.0941,0.011687
2026-09-18 09:33:00,SPX,7642.95,7642.79,7445.0,1,81,0.1457,0.011687
2026-09-18 09:33:00,SPX,7642.95,7642.79,7440.0,2,350,0.1472,0.011687
2026-09-18 09:33:00,SPX,7642.95,7642.79,7850.0,1056,6,0.0968,0.011687
2026-09-18 09:33:00,SPX,7642.95,7642.79,7435.0,4,322,0.1487,0.011687
2026-09-18 09:33:00,SPX,7642.95,7642.79,7430.0,2,386,0.1502,0.011687
2026-09-18 09:33:00,SPX,7642.95,7642.79,7860.0,391,0,0.0994,0.011687
2026-09-18 09:33:00,SPX,7642.95,7642.79,7425.0,0,651,0.1518,0.011687
2026-09-18 09:33:00,SPX,7642.95,7642.79,7420.0,2,459,0.1534,0.011687
2026-09-18 09:33:00,SPX,7642.95,7642.79,7870.0,471,0,0.1019,0.011687
2026-09-18 09:33:00,SPX,7642.95,7642.79,7415.0,2,52,0.155,0.011687
2026-09-18 09:33:00,SPX,7642.95,7642.79,7875.0,418,3,0.1031,0.011687
2026-09-18 09:33:00,SPX,7642.95,7642.79,7410.0,4,241,0.1567,0.011687
2026-09-18 09:33:00,SPX,7642.95,7642.79,7880.0,345,5,0.1043,0.011687
2026-09-18 09:33:00,SPX,7642.95,7642.79,7405.0,0,58,0.1583,0.011687
2026-09-18 09:33:00,SPX,7642.95,7642.79,7400.0,5,526,0.16,0.011687
2026-09-18 09:33:00,SPX,7642.95,7642.79,7890.0,602,0,0.1067,0.011687
2026-09-18 09:33:00,SPX,7642.95,7642.79,7395.0,0,384,0.1618,0.011687
2026-09-18 10:03:05,SPX,7629.11,7640.92,7630.0,1708,2992,0.1424,0.000679
2026-09-18 10:03:05,SPX,7629.11,7640.92,7625.0,2714,5754,0.145,0.000679
2026-09-18 10:03:05,SPX,7629.11,7640.92,7635.0,1775,1781,0.1415,0.000679
2026-09-18 10:03:05,SPX,7629.11,7640.92,7620.0,1349,1067,0.1482,0.000679
2026-09-18 10:03:05,SPX,7629.11,7640.92,7640.0,0,2228,0.1386,0.000679
2026-09-18 10:03:05,SPX,7629.11,7640.92,7615.0,1072,3137,0.1525,0.000679
2026-09-18 10:03:05,SPX,7629.11,7640.92,7645.0,2364,1011,0.1371,0.000679
2026-09-18 10:03:05,SPX,7629.11,7640.92,7610.0,1041,1959,0.1549,0.000679
2026-09-18 10:03:05,SPX,7629.11,7640.92,7650.0,8069,7952,0.1363,0.000679
2026-09-18 10:03:05,SPX,7629.11,7640.92,7605.0,977,2877,0.1603,0.000679
2026-09-18 10:03:05,SPX,7629.11,7640.92,7655.0,1659,1780,0.1367,0.000679
2026-09-18 10:03:05,SPX,7629.11,7640.92,7600.0,4544,9839,0.165,0.000679
2026-09-18 10:03:05,SPX,7629.11,7640.92,7660.0,3139,2320,0.1389,0.000679
2026-09-18 10:03:05,SPX,7629.11,7640.92,7595.0,377,2219,0.1683,0.000679
2026-09-18 10:03:05,SPX,7629.11,7640.92,7665.0,1718,666,0.1417,0.000679
2026-09-18 10:03:05,SPX,7629.11,7640.92,7590.0,567,2230,0.1732,0.000679
2026-09-18 10:03:05,SPX,7629.11,7640.92,7670.0,4130,745,0.1445,0.000679
2026-09-18 10:03:05,SPX,7629.11,7640.92,7585.0,390,1291,0.1773,0.000679
2026-09-18 10:03:05,SPX,7629.11,7640.92,7675.0,6657,2897,0.1474,0.000679
2026-09-18 10:03:05,SPX,7629.11,7640.92,7580.0,665,2224,0.1822,0.000679
2026-09-18 10:03:05,SPX,7629.11,7640.92,7680.0,3734,571,0.1509,0.000679
2026-09-18 10:03:05,SPX,7629.11,7640.92,7575.0,684,3253,0.1884,0.000679
2026-09-18 10:03:05,SPX,7629.11,7640.92,7685.0,2693,528,0.1559,0.000679
2026-09-18 10:03:05,SPX,7629.11,7640.92,7570.0,412,1774,0.1921,0.000679
2026-09-18 10:03:05,SPX,7629.11,7640.92,7690.0,2281,1758,0.1625,0.000679
2026-09-18 10:03:05,SPX,7629.11,7640.92,7565.0,680,996,0.1991,0.000679
2026-09-18 10:03:05,SPX,7629.11,7640.92,7695.0,2511,633,0.1746,0.000679
2026-09-18 10:03:05,SPX,7629.11,7640.92,7560.0,406,1642,0.2047,0.000679
2026-09-18 10:03:05,SPX,7629.11,7640.92,7700.0,15419,5033,0.1805,0.000679
2026-09-18 10:03:05,SPX,7629.11,7640.92,7555.0,308,1274,0.2118,0.000679
2026-09-18 10:03:05,SPX,7629.11,7640.92,7705.0,4697,706,0.1869,0.000679
2026-09-18 10:03:05,SPX,7629.11,7640.92,7550.0,2770,11995,0.2162,0.000679
2026-09-18 10:03:05,SPX,7629.11,7640.92,7710.0,2673,392,0.1943,0.000679
2026-09-18 10:03:05,SPX,7629.11,7640.92,7545.0,1955,3057,0.2212,0.000679
2026-09-18 10:03:05,SPX,7629.11,7640.92,7715.0,2888,369,0.2015,0.000679
2026-09-18 10:03:05,SPX,7629.11,7640.92,7540.0,164,2595,0.2318,0.000679
2026-09-18 10:03:05,SPX,7629.11,7640.92,7720.0,2920,1279,0.2088,0.000679
2026-09-18 10:03:05,SPX,7629.11,7640.92,7535.0,196,2718,0.2378,0.000679
2026-09-18 10:03:05,SPX,7629.11,7640.92,7725.0,5475,1260,0.2162,0.000679
2026-09-18 10:03:05,SPX,7629.11,7640.92,7530.0,197,1877,0.2453,0.000679
2026-09-18 10:03:05,SPX,7629.11,7640.92,7730.0,4490,466,0.2231,0.000679
2026-09-18 10:03:05,SPX,7629.11,7640.92,7525.0,236,2945,0.2516,0.000679
2026-09-18 10:03:05,SPX,7629.11,7640.92,7735.0,2575,669,0.2298,0.000679
2026-09-18 10:03:05,SPX,7629.11,7640.92,7520.0,232,3022,0.2573,0.000679
2026-09-18 10:03:05,SPX,7629.11,7640.92,7740.0,1873,426,0.2367,0.000679
2026-09-18 10:03:05,SPX,7629.11,7640.92,7515.0,146,1027,0.264,0.000679
2026-09-18 10:03:05,SPX,7629.11,7640.92,7745.0,1301,180,0.2435,0.000679
2026-09-18 10:03:05,SPX,7629.11,7640.92,7510.0,153,2200,0.2699,0.000679
2026-09-18 10:03:05,SPX,7629.11,7640.92,7750.0,4479,1453,0.2501,0.000679
2026-09-18 10:03:05,SPX,7629.11,7640.92,7505.0,90,2020,0.2772,0.000679
2026-09-18 10:03:05,SPX,7629.11,7640.92,7755.0,2952,147,0.2563,0.000679
2026-09-18 10:03:05,SPX,7629.11,7640.92,7500.0,869,7492,0.2856,0.000679
2026-09-18 10:03:05,SPX,7629.11,7640.92,7760.0,3417,88,0.2622,0.000679
2026-09-18 10:03:05,SPX,7629.11,7640.92,7495.0,576,2455,0.2942,0.000679
2026-09-18 10:03:05,SPX,7629.11,7640.92,7765.0,5868,225,0.2678,0.000679
2026-09-18 10:03:05,SPX,7629.11,7640.92,7490.0,72,1331,0.303,0.000679
2026-09-18 10:03:05,SPX,7629.11,7640.92,7770.0,4212,242,0.2734,0.000679
2026-09-18 10:03:05,SPX,7629.11,7640.92,7485.0,64,4029,0.3118,0.000679
2026-09-18 10:03:05,SPX,7629.11,7640.92,7775.0,2737,470,0.2793,0.000679
2026-09-18 10:03:05,SPX,7629.11,7640.92,7480.0,112,1800,0.32,0.000679
2026-09-18 10:03:05,SPX,7629.11,7640.92,7780.0,5741,251,0.2855,0.000679
2026-09-18 10:03:05,SPX,7629.11,7640.92,7475.0,343,4793,0.3274,0.000679
2026-09-18 10:03:05,SPX,7629.11,7640.92,7785.0,1694,242,0.2919,0.000679
2026-09-18 10:03:05,SPX,7629.11,7640.92,7470.0,97,1487,0.3343,0.000679
2026-09-18 10:03:05,SPX,7629.11,7640.92,7790.0,2201,181,0.2985,0.000679
2026-09-18 10:03:05,SPX,7629.11,7640.92,7465.0,31,3010,0.3409,0.000679
2026-09-18 10:03:05,SPX,7629.11,7640.92,7795.0,1063,147,0.3052,0.000679
2026-09-18 10:03:05,SPX,7629.11,7640.92,7460.0,98,1219,0.3474,0.000679
2026-09-18 10:03:05,SPX,7629.11,7640.92,7800.0,5517,671,0.3119,0.000679
2026-09-18 10:03:05,SPX,7629.11,7640.92,7455.0,74,1809,0.354,0.000679
2026-09-18 10:03:05,SPX,7629.11,7640.92,7805.0,7965,62,0.3185,0.000679
2026-09-18 10:03:05,SPX,7629.11,7640.92,7450.0,345,4652,0.3605,0.000679
2026-09-18 10:03:05,SPX,7629.11,7640.92,7810.0,1530,79,0.3249,0.000679
2026-09-18 10:03:05,SPX,7629.11,7640.92,7445.0,71,2883,0.367,0.000679
2026-09-18 10:03:05,SPX,7629.11,7640.92,7815.0,1982,47,0.331,0.000679
2026-09-18 10:03:05,SPX,7629.11,7640.92,7440.0,83,2643,0.3736,0.000679
2026-09-18 10:03:05,SPX,7629.11,7640.92,7820.0,3083,83,0.3368,0.000679
2026-09-18 10:03:05,SPX,7629.11,7640.92,7435.0,26,2072,0.3804,0.000679
2026-09-18 10:03:05,SPX,7629.11,7640.92,7825.0,2828,125,0.3423,0.000679
2026-09-18 10:03:05,SPX,7629.11,7640.92,7430.0,166,968,0.3875,0.000679
2026-09-18 10:03:05,SPX,7629.11,7640.92,7830.0,1315,77,0.3473,0.000679
2026-09-18 10:03:05,SPX,7629.11,7640.92,7425.0,448,3761,0.3949,0.000679
2026-09-18 10:03:05,SPX,7629.11,7640.92,7835.0,695,18,0.352,0.000679
2026-09-18 10:03:05,SPX,7629.11,7640.92,7420.0,101,889,0.4025,0.000679
2026-09-18 10:03:05,SPX,7629.11,7640.92,7840.0,2146,57,0.3563,0.000679
2026-09-18 10:03:05,SPX,7629.11,7640.92,7415.0,54,762,0.4102,0.000679
2026-09-18 10:03:05,SPX,7629.11,7640.92,7845.0,647,35,0.3603,0.000679
2026-09-18 10:03:05,SPX,7629.11,7640.92,7410.0,269,1178,0.4182,0.000679
2026-09-18 10:03:05,SPX,7629.11,7640.92,7850.0,4627,66,0.3639,0.000679
2026-09-18 10:03:05,SPX,7629.11,7640.92,7405.0,158,6263,0.4261,0.000679
2026-09-18 10:03:05,SPX,7629.11,7640.92,7855.0,5587,27,0.3671,0.000679
2026-09-18 10:03:05,SPX,7629.11,7640.92,7400.0,1059,9186,0.4341,0.000679
2026-09-18 10:03:05,SPX,7629.11,7640.92,7860.0,3849,124,0.3701,0.000679
2026-09-18 10:03:05,SPX,7629.11,7640.92,7395.0,30,2242,0.4421,0.000679
2026-09-18 10:03:05,SPX,7629.11,7640.92,7865.0,902,11,0.3728,0.000679
2026-09-18 10:03:05,SPX,7629.11,7640.92,7390.0,33,1231,0.45,0.000679
2026-09-18 10:03:05,SPX,7629.11,7640.92,7870.0,5254,20,0.3752,0.000679
2026-09-18 10:03:05,SPX,7629.11,7640.92,7385.0,78,981,0.4579,0.000679
2026-09-18 10:03:05,SPX,7629.11,7640.92,7875.0,1892,71,0.3773,0.000679
2026-09-18 10:03:05,SPX,7629.11,7640.92,7380.0,70,1354,0.4658,0.000679
2026-09-18 10:03:05,SPX,7629.11,7640.92,7630.0,294,456,0.0769,0.008892
2026-09-18 10:03:05,SPX,7629.11,7640.92,7625.0,460,1569,0.0781,0.008892
2026-09-18 10:03:05,SPX,7629.11,7640.92,7635.0,241,434,0.076,0.008892
2026-09-18 10:03:05,SPX,7629.11,7640.92,7620.0,273,1140,0.079,0.008892
2026-09-18 10:03:05,SPX,7629.11,7640.92,7640.0,406,508,0.0749,0.008892
2026-09-18 10:03:05,SPX,7629.11,7640.92,7615.0,229,229,0.0801,0.008892
2026-09-18 10:03:05,SPX,7629.11,7640.92,7645.0,224,1154,0.074,0.008892
2026-09-18 10:03:05,SPX,7629.11,7640.92,7610.0,178,352,0.0813,0.008892
2026-09-18 10:03:05,SPX,7629.11,7640.92,7650.0,972,773,0.073,0.008892
2026-09-18 10:03:05,SPX,7629.11,7640.92,7605.0,138,233,0.0828,0.008892
2026-09-18 10:03:05,SPX,7629.11,7640.92,7655.0,479,200,0.0719,0.008892
2026-09-18 10:03:05,SPX,7629.11,7640.92,7600.0,703,1529,0.0842,0.008892
2026-09-18 10:03:05,SPX,7629.11,7640.92,7660.0,593,249,0.071,0.008892
2026-09-18 10:03:05,SPX,7629.11,7640.92,7595.0,112,296,0.0858,0.008892
2026-09-18 10:03:05,SPX,7629.11,7640.92,7665.0,399,121,0.0704,0.008892
2026-09-18 10:03:05,SPX,7629.11,7640.92,7590.0,120,459,0.0876,0.008892
2026-09-18 10:03:05,SPX,7629.11,7640.92,7670.0,1418,229,0.0701,0.008892
2026-09-18 10:03:05,SPX,7629.11,7640.92,7585.0,451,408,0.0893,0.008892
2026-09-18 10:03:05,SPX,7629.11,7640.92,7675.0,620,689,0.0699,0.008892
2026-09-18 10:03:05,SPX,7629.11,7640.92,7580.0,94,545,0.0906,0.008892
2026-09-18 10:03:05,SPX,7629.11,7640.92,7680.0,711,110,0.0698,0.008892
2026-09-18 10:03:05,SPX,7629.11,7640.92,7575.0,89,871,0.092,0.008892
2026-09-18 10:03:05,SPX,7629.11,7640.92,7685.0,692,67,0.0697,0.008892
2026-09-18 10:03:05,SPX,7629.11,7640.92,7570.0,89,285,0.0935,0.008892
2026-09-18 10:03:05,SPX,7629.11,7640.92,7690.0,674,179,0.0695,0.008892
2026-09-18 10:03:05,SPX,7629.11,7640.92,7565.0,52,254,0.095,0.008892
2026-09-18 10:03:05,SPX,7629.11,7640.92,7695.0,1414,66,0.0693,0.008892
2026-09-18 10:03:05,SPX,7629.11,7640.92,7560.0,218,436,0.0967,0.008892
2026-09-18 10:03:05,SPX,7629.11,7640.92,7700.0,4856,3413,0.0692,0.008892
2026-09-18 10:03:05,SPX,7629.11,7640.92,7555.0,33,230,0.0984,0.008892
2026-09-18 10:03:05,SPX,7629.11,7640.92,7705.0,894,71,0.0691,0.008892
2026-09-18 10:03:05,SPX,7629.11,7640.92,7550.0,133,2133,0.1001,0.008892
2026-09-18 10:03:05,SPX,7629.11,7640.92,7710.0,742,131,0.0692,0.008892
2026-09-18 10:03:05,SPX,7629.11,7640.92,7545.0,18,300,0.1018,0.008892
2026-09-18 10:03:05,SPX,7629.11,7640.92,7715.0,731,194,0.0695,0.008892
2026-09-18 10:03:05,SPX,7629.11,7640.92,7540.0,71,330,0.1035,0.008892
2026-09-18 10:03:05,SPX,7629.11,7640.92,7720.0,1095,229,0.0699,0.008892
2026-09-18 10:03:05,SPX,7629.11,7640.92,7535.0,50,229,0.1046,0.008892
2026-09-18 10:03:05,SPX,7629.11,7640.92,7725.0,1139,410,0.0704,0.008892
2026-09-18 10:03:05,SPX,7629.11,7640.92,7530.0,43,381,0.1056,0.008892
2026-09-18 10:03:05,SPX,7629.11,7640.92,7730.0,986,162,0.0712,0.008892
2026-09-18 10:03:05,SPX,7629.11,7640.92,7525.0,54,433,0.1075,0.008892
2026-09-18 10:03:05,SPX,7629.11,7640.92,7735.0,653,192,0.072,0.008892
2026-09-18 10:03:05,SPX,7629.11,7640.92,7520.0,32,673,0.1094,0.008892
2026-09-18 10:03:05,SPX,7629.11,7640.92,7740.0,946,196,0.073,0.008892
2026-09-18 10:03:05,SPX,7629.11,7640.92,7515.0,42,637,0.1108,0.008892
2026-09-18 10:03:05,SPX,7629.11,7640.92,7745.0,450,31,0.0741,0.008892
2026-09-18 10:03:05,SPX,7629.11,7640.92,7510.0,23,352,0.1126,0.008892
2026-09-18 10:03:05,SPX,7629.11,7640.92,7750.0,1698,276,0.0753,0.008892
2026-09-18 10:03:05,SPX,7629.11,7640.92,7505.0,16,178,0.1144,0.008892
2026-09-18 10:03:05,SPX,7629.11,7640.92,7755.0,595,16,0.0766,0.008892
2026-09-18 10:03:05,SPX,7629.11,7640.92,7500.0,36,4019,0.1161,0.008892
2026-09-18 10:03:05,SPX,7629.11,7640.92,7760.0,685,96,0.078,0.008892
2026-09-18 10:03:05,SPX,7629.11,7640.92,7495.0,13,485,0.1176,0.008892
2026-09-18 10:03:05,SPX,7629.11,7640.92,7765.0,651,33,0.0795,0.008892
2026-09-18 10:03:05,SPX,7629.11,7640.92,7490.0,21,419,0.1189,0.008892
2026-09-18 10:03:05,SPX,7629.11,7640.92,7770.0,500,30,0.0811,0.008892
2026-09-18 10:03:05,SPX,7629.11,7640.92,7485.0,5,192,0.1202,0.008892
2026-09-18 10:03:05,SPX,7629.11,7640.92,7775.0,1623,142,0.0827,0.008892
2026-09-18 10:03:05,SPX,7629.11,7640.92,7480.0,8,1378,0.1216,0.008892
2026-09-18 10:03:05,SPX,7629.11,7640.92,7780.0,630,27,0.0843,0.008892
2026-09-18 10:03:05,SPX,7629.11,7640.92,7475.0,94,826,0.1232,0.008892
2026-09-18 10:03:05,SPX,7629.11,7640.92,7785.0,385,0,0.0859,0.008892
2026-09-18 10:03:05,SPX,7629.11,7640.92,7470.0,11,312,0.1249,0.008892
2026-09-18 10:03:05,SPX,7629.11,7640.92,7790.0,523,77,0.0877,0.008892
2026-09-18 10:03:05,SPX,7629.11,7640.92,7465.0,0,165,0.1268,0.008892
2026-09-18 10:03:05,SPX,7629.11,7640.92,7795.0,673,0,0.0895,0.008892
2026-09-18 10:03:05,SPX,7629.11,7640.92,7460.0,22,229,0.1288,0.008892
2026-09-18 10:03:05,SPX,7629.11,7640.92,7800.0,1966,588,0.0913,0.008892
2026-09-18 10:03:05,SPX,7629.11,7640.92,7455.0,3,1253,0.1307,0.008892
2026-09-18 10:03:05,SPX,7629.11,7640.92,7805.0,513,7,0.0932,0.008892
2026-09-18 10:03:05,SPX,7629.11,7640.92,7450.0,32,1041,0.1327,0.008892
2026-09-18 10:03:05,SPX,7629.11,7640.92,7810.0,649,5,0.0951,0.008892
2026-09-18 10:03:05,SPX,7629.11,7640.92,7445.0,11,188,0.1346,0.008892
2026-09-18 10:03:05,SPX,7629.11,7640.92,7815.0,594,0,0.097,0.008892
2026-09-18 10:03:05,SPX,7629.11,7640.92,7440.0,3,152,0.1365,0.008892
2026-09-18 10:03:05,SPX,7629.11,7640.92,7820.0,775,13,0.0988,0.008892
2026-09-18 10:03:05,SPX,7629.11,7640.92,7435.0,1,140,0.1384,0.008892
2026-09-18 10:03:05,SPX,7629.11,7640.92,7825.0,810,17,0.1006,0.008892
2026-09-18 10:03:05,SPX,7629.11,7640.92,7430.0,3,543,0.1402,0.008892
2026-09-18 10:03:05,SPX,7629.11,7640.92,7830.0,681,0,0.1023,0.008892
2026-09-18 10:03:05,SPX,7629.11,7640.92,7425.0,9,2271,0.142,0.008892
2026-09-18 10:03:05,SPX,7629.11,7640.92,7835.0,168,0,0.1039,0.008892
2026-09-18 10:03:05,SPX,7629.11,7640.92,7420.0,4,217,0.1438,0.008892
2026-09-18 10:03:05,SPX,7629.11,7640.92,7840.0,648,2,0.1054,0.008892
2026-09-18 10:03:05,SPX,7629.11,7640.92,7415.0,5,186,0.1456,0.008892
2026-09-18 10:03:05,SPX,7629.11,7640.92,7845.0,218,0,0.1069,0.008892
2026-09-18 10:03:05,SPX,7629.11,7640.92,7410.0,2,190,0.1475,0.008892
2026-09-18 10:03:05,SPX,7629.11,7640.92,7850.0,1125,13,0.1082,0.008892
2026-09-18 10:03:05,SPX,7629.11,7640.92,7405.0,1,179,0.1493,0.008892
2026-09-18 10:03:05,SPX,7629.11,7640.92,7400.0,9,1858,0.1512,0.008892
2026-09-18 10:03:05,SPX,7629.11,7640.92,7860.0,604,105,0.1105,0.008892
2026-09-18 10:03:05,SPX,7629.11,7640.92,7395.0,1,177,0.1532,0.008892
2026-09-18 10:03:05,SPX,7629.11,7640.92,7390.0,0,237,0.1551,0.008892
2026-09-18 10:03:05,SPX,7629.11,7640.92,7870.0,663,0,0.112,0.008892
2026-09-18 10:03:05,SPX,7629.11,7640.92,7385.0,2,172,0.1572,0.008892
2026-09-18 10:03:05,SPX,7629.11,7640.92,7875.0,1280,1,0.1124,0.008892
2026-09-18 10:03:05,SPX,7629.11,7640.92,7380.0,3,288,0.1592,0.008892
2026-09-18 10:03:05,SPX,7629.11,7640.92,7630.0,602,122,0.0885,0.01163
2026-09-18 10:03:05,SPX,7629.11,7640.92,7625.0,454,502,0.0898,0.01163
2026-09-18 10:03:05,SPX,7629.11,7640.92,7635.0,76,174,0.0872,0.01163
2026-09-18 10:03:05,SPX,7629.11,7640.92,7620.0,150,2055,0.0916,0.01163
2026-09-18 10:03:05,SPX,7629.11,7640.92,7640.0,433,318,0.0862,0.01163
2026-09-18 10:03:05,SPX,7629.11,7640.92,7615.0,112,136,0.0926,0.01163
2026-09-18 10:03:05,SPX,7629.11,7640.92,7645.0,78,2060,0.085,0.01163
2026-09-18 10:03:05,SPX,7629.11,7640.92,7610.0,227,117,0.0934,0.01163
2026-09-18 10:03:05,SPX,7629.11,7640.92,7650.0,210,314,0.0841,0.01163
2026-09-18 10:03:05,SPX,7629.11,7640.92,7605.0,106,95,0.0947,0.01163
2026-09-18 10:03:05,SPX,7629.11,7640.92,7655.0,93,56,0.0833,0.01163
2026-09-18 10:03:05,SPX,7629.11,7640.92,7600.0,351,1083,0.0964,0.01163
2026-09-18 10:03:05,SPX,7629.11,7640.92,7660.0,217,386,0.0825,0.01163
2026-09-18 10:03:05,SPX,7629.11,7640.92,7595.0,69,277,0.0977,0.01163
2026-09-18 10:03:05,SPX,7629.11,7640.92,7665.0,131,90,0.0817,0.01163
2026-09-18 10:03:05,SPX,7629.11,7640.92,7590.0,77,683,0.0988,0.01163
2026-09-18 10:03:05,SPX,7629.11,7640.92,7670.0,2103,146,0.0809,0.01163
2026-09-18 10:03:05,SPX,7629.11,7640.92,7585.0,225,1355,0.0999,0.01163
2026-09-18 10:03:05,SPX,7629.11,7640.92,7675.0,1179,441,0.0802,0.01163
2026-09-18 10:03:05,SPX,7629.11,7640.92,7580.0,502,480,0.1013,0.01163
2026-09-18 10:03:05,SPX,7629.11,7640.92,7680.0,451,168,0.0796,0.01163
2026-09-18 10:03:05,SPX,7629.11,7640.92,7575.0,48,509,0.1029,0.01163
2026-09-18 10:03:05,SPX,7629.11,7640.92,7685.0,405,81,0.0788,0.01163
2026-09-18 10:03:05,SPX,7629.11,7640.92,7570.0,51,283,0.104,0.01163
2026-09-18 10:03:05,SPX,7629.11,7640.92,7690.0,154,280,0.0779,0.01163
2026-09-18 10:03:05,SPX,7629.11,7640.92,7565.0,29,113,0.1054,0.01163
2026-09-18 10:03:05,SPX,7629.11,7640.92,7695.0,2011,55,0.0771,0.01163
2026-09-18 10:03:05,SPX,7629.11,7640.92,7560.0,44,1112,0.1072,0.01163
2026-09-18 10:03:05,SPX,7629.11,7640.92,7700.0,837,353,0.0765,0.01163
2026-09-18 10:03:05,SPX,7629.11,7640.92,7555.0,56,77,0.1081,0.01163
2026-09-18 10:03:05,SPX,7629.11,7640.92,7705.0,164,1,0.076,0.01163
2026-09-18 10:03:05,SPX,7629.11,7640.92,7550.0,58,1439,0.1095,0.01163
2026-09-18 10:03:05,SPX,7629.11,7640.92,7710.0,331,31,0.0757,0.01163
2026-09-18 10:03:05,SPX,7629.11,7640.92,7545.0,27,109,0.1107,0.01163
2026-09-18 10:03:05,SPX,7629.11,7640.92,7715.0,384,27,0.0755,0.01163
2026-09-18 10:03:05,SPX,7629.11,7640.92,7540.0,14,201,0.1123,0.01163
2026-09-18 10:03:05,SPX,7629.11,7640.92,7720.0,459,32,0.0753,0.01163
2026-09-18 10:03:05,SPX,7629.11,7640.92,7535.0,19,132,0.114,0.01163
2026-09-18 10:03:05,SPX,7629.11,7640.92,7725.0,304,82,0.0752,0.01163
2026-09-18 10:03:05,SPX,7629.11,7640.92,7530.0,22,435,0.1156,0.01163
2026-09-18 10:03:05,SPX,7629.11,7640.92,7730.0,221,25,0.0752,0.01163
2026-09-18 10:03:05,SPX,7629.11,7640.92,7525.0,47,256,0.1171,0.01163
2026-09-18 10:03:05,SPX,7629.11,7640.92,7735.0,190,11,0.0751,0.01163
2026-09-18 10:03:05,SPX,7629.11,7640.92,7520.0,9,143,0.1184,0.01163
2026-09-18 10:03:05,SPX,7629.11,7640.92,7740.0,458,135,0.0751,0.01163
2026-09-18 10:03:05,SPX,7629.11,7640.92,7515.0,14,210,0.1196,0.01163
2026-09-18 10:03:05,SPX,7629.11,7640.92,7745.0,407,2,0.0752,0.01163
2026-09-18 10:03:05,SPX,7629.11,7640.92,7510.0,48,680,0.1209,0.01163
2026-09-18 10:03:05,SPX,7629.11,7640.92,7750.0,1213,281,0.0753,0.01163
2026-09-18 10:03:05,SPX,7629.11,7640.92,7505.0,8,277,0.122,0.01163
2026-09-18 10:03:05,SPX,7629.11,7640.92,7755.0,2213,7,0.0755,0.01163
2026-09-18 10:03:05,SPX,7629.11,7640.92,7500.0,73,1273,0.1233,0.01163
2026-09-18 10:03:05,SPX,7629.11,7640.92,7760.0,935,13,0.0759,0.01163
2026-09-18 10:03:05,SPX,7629.11,7640.92,7495.0,14,131,0.1246,0.01163
2026-09-18 10:03:05,SPX,7629.11,7640.92,7765.0,776,12,0.0764,0.01163
2026-09-18 10:03:05,SPX,7629.11,7640.92,7490.0,64,463,0.126,0.01163
2026-09-18 10:03:05,SPX,7629.11,7640.92,7770.0,301,27,0.077,0.01163
2026-09-18 10:03:05,SPX,7629.11,7640.92,7485.0,122,539,0.1275,0.01163
2026-09-18 10:03:05,SPX,7629.11,7640.92,7775.0,2316,14,0.0778,0.01163
2026-09-18 10:03:05,SPX,7629.11,7640.92,7480.0,62,514,0.1291,0.01163
2026-09-18 10:03:05,SPX,7629.11,7640.92,7780.0,741,23,0.0788,0.01163
2026-09-18 10:03:05,SPX,7629.11,7640.92,7475.0,13,604,0.1306,0.01163
2026-09-18 10:03:05,SPX,7629.11,7640.92,7785.0,814,2,0.0799,0.01163
2026-09-18 10:03:05,SPX,7629.11,7640.92,7470.0,1,614,0.1322,0.01163
2026-09-18 10:03:05,SPX,7629.11,7640.92,7790.0,458,15,0.0811,0.01163
2026-09-18 10:03:05,SPX,7629.11,7640.92,7465.0,1,329,0.1337,0.01163
2026-09-18 10:03:05,SPX,7629.11,7640.92,7795.0,441,0,0.0825,0.01163
2026-09-18 10:03:05,SPX,7629.11,7640.92,7460.0,1,320,0.1352,0.01163
2026-09-18 10:03:05,SPX,7629.11,7640.92,7800.0,1860,98,0.0839,0.01163
2026-09-18 10:03:05,SPX,7629.11,7640.92,7455.0,1,62,0.1368,0.01163
2026-09-18 10:03:05,SPX,7629.11,7640.92,7805.0,290,0,0.0854,0.01163
2026-09-18 10:03:05,SPX,7629.11,7640.92,7450.0,18,363,0.1383,0.01163
2026-09-18 10:03:05,SPX,7629.11,7640.92,7810.0,617,9,0.087,0.01163
2026-09-18 10:03:05,SPX,7629.11,7640.92,7445.0,1,81,0.1398,0.01163
2026-09-18 10:03:05,SPX,7629.11,7640.92,7815.0,359,1,0.0886,0.01163
2026-09-18 10:03:05,SPX,7629.11,7640.92,7440.0,2,350,0.1413,0.01163
2026-09-18 10:03:05,SPX,7629.11,7640.92,7820.0,258,7,0.0903,0.01163
2026-09-18 10:03:05,SPX,7629.11,7640.92,7435.0,4,322,0.1427,0.01163
2026-09-18 10:03:05,SPX,7629.11,7640.92,7825.0,666,5,0.0919,0.01163
2026-09-18 10:03:05,SPX,7629.11,7640.92,7430.0,2,386,0.1442,0.01163
2026-09-18 10:03:05,SPX,7629.11,7640.92,7830.0,489,2,0.0936,0.01163
2026-09-18 10:03:05,SPX,7629.11,7640.92,7425.0,0,651,0.1456,0.01163
2026-09-18 10:03:05,SPX,7629.11,7640.92,7420.0,2,459,0.1471,0.01163
2026-09-18 10:03:05,SPX,7629.11,7640.92,7840.0,629,0,0.0968,0.01163
2026-09-18 10:03:05,SPX,7629.11,7640.92,7415.0,2,52,0.1485,0.01163
2026-09-18 10:03:05,SPX,7629.11,7640.92,7410.0,4,241,0.15,0.01163
2026-09-18 10:03:05,SPX,7629.11,7640.92,7850.0,1056,6,0.1002,0.01163
2026-09-18 10:03:05,SPX,7629.11,7640.92,7405.0,0,58,0.1514,0.01163
2026-09-18 10:03:05,SPX,7629.11,7640.92,7400.0,5,526,0.1529,0.01163
2026-09-18 10:03:05,SPX,7629.11,7640.92,7860.0,391,0,0.1036,0.01163
2026-09-18 10:03:05,SPX,7629.11,7640.92,7395.0,0,384,0.1544,0.01163
2026-09-18 10:03:05,SPX,7629.11,7640.92,7390.0,0,144,0.1559,0.01163
2026-09-18 10:03:05,SPX,7629.11,7640.92,7870.0,471,0,0.1069,0.01163
2026-09-18 10:03:05,SPX,7629.11,7640.92,7385.0,1,79,0.1575,0.01163
2026-09-18 10:03:05,SPX,7629.11,7640.92,7875.0,418,3,0.1085,0.01163
2026-09-18 10:03:05,SPX,7629.11,7640.92,7380.0,32,125,0.1591,0.01163
2026-09-18 10:33:49,SPX,7621.87,7638.44,7620.0,1349,1067,0.1422,0.00062
2026-09-18 10:33:49,SPX,7621.87,7638.44,7625.0,2714,5754,0.14,0.00062
2026-09-18 10:33:49,SPX,7621.87,7638.44,7615.0,1072,3137,0.1457,0.00062
2026-09-18 10:33:49,SPX,7621.87,7638.44,7630.0,1708,2992,0.1381,0.00062
2026-09-18 10:33:49,SPX,7621.87,7638.44,7610.0,1041,1959,0.1493,0.00062
2026-09-18 10:33:49,SPX,7621.87,7638.44,7635.0,1775,1781,0.1362,0.00062
2026-09-18 10:33:49,SPX,7621.87,7638.44,7605.0,977,2877,0.1526,0.00062
2026-09-18 10:33:49,SPX,7621.87,7638.44,7640.0,1740,2228,0.1354,0.00062
2026-09-18 10:33:49,SPX,7621.87,7638.44,7600.0,4544,9839,0.1568,0.00062
2026-09-18 10:33:49,SPX,7621.87,7638.44,7645.0,2364,1011,0.1359,0.00062
2026-09-18 10:33:49,SPX,7621.87,7638.44,7595.0,377,2219,0.1618,0.00062
2026-09-18 10:33:49,SPX,7621.87,7638.44,7650.0,8069,7952,0.138,0.00062
2026-09-18 10:33:49,SPX,7621.87,7638.44,7590.0,567,2230,0.1659,0.00062
2026-09-18 10:33:49,SPX,7621.87,7638.44,7655.0,1659,1780,0.1404,0.00062
2026-09-18 10:33:49,SPX,7621.87,7638.44,7585.0,390,1291,0.1717,0.00062
2026-09-18 10:33:49,SPX,7621.87,7638.44,7660.0,3139,2320,0.1429,0.00062
2026-09-18 10:33:49,SPX,7621.87,7638.44,7580.0,665,2224,0.1764,0.00062
2026-09-18 10:33:49,SPX,7621.87,7638.44,7665.0,1718,666,0.1463,0.00062
2026-09-18 10:33:49,SPX,7621.87,7638.44,7575.0,684,3253,0.1828,0.00062
2026-09-18 10:33:49,SPX,7621.87,7638.44,7670.0,4130,745,0.1514,0.00062
2026-09-18 10:33:49,SPX,7621.87,7638.44,7570.0,412,1774,0.1876,0.00062
2026-09-18 10:33:49,SPX,7621.87,7638.44,7675.0,6657,2897,0.1578,0.00062
2026-09-18 10:33:49,SPX,7621.87,7638.44,7565.0,680,996,0.194,0.00062
2026-09-18 10:33:49,SPX,7621.87,7638.44,7680.0,3734,571,0.1653,0.00062
2026-09-18 10:33:49,SPX,7621.87,7638.44,7560.0,406,1642,0.1992,0.00062
2026-09-18 10:33:49,SPX,7621.87,7638.44,7685.0,2693,528,0.1769,0.00062
2026-09-18 10:33:49,SPX,7621.87,7638.44,7555.0,308,1274,0.2059,0.00062
2026-09-18 10:33:49,SPX,7621.87,7638.44,7690.0,2281,1758,0.1838,0.00062
2026-09-18 10:33:49,SPX,7621.87,7638.44,7550.0,2770,11995,0.2109,0.00062
2026-09-18 10:33:49,SPX,7621.87,7638.44,7695.0,2511,633,0.1905,0.00062
2026-09-18 10:33:49,SPX,7621.87,7638.44,7545.0,1955,3057,0.2189,0.00062
2026-09-18 10:33:49,SPX,7621.87,7638.44,7700.0,15419,5033,0.1939,0.00062
2026-09-18 10:33:49,SPX,7621.87,7638.44,7540.0,164,2595,0.2271,0.00062
2026-09-18 10:33:49,SPX,7621.87,7638.44,7705.0,4697,706,0.2005,0.00062
2026-09-18 10:33:49,SPX,7621.87,7638.44,7535.0,196,2718,0.2357,0.00062
2026-09-18 10:33:49,SPX,7621.87,7638.44,7710.0,2673,392,0.2074,0.00062
2026-09-18 10:33:49,SPX,7621.87,7638.44,7530.0,197,1877,0.2462,0.00062
2026-09-18 10:33:49,SPX,7621.87,7638.44,7715.0,2888,369,0.2149,0.00062
2026-09-18 10:33:49,SPX,7621.87,7638.44,7525.0,236,2945,0.2526,0.00062
2026-09-18 10:33:49,SPX,7621.87,7638.44,7720.0,2920,1279,0.2226,0.00062
2026-09-18 10:33:49,SPX,7621.87,7638.44,7520.0,232,3022,0.2592,0.00062
2026-09-18 10:33:49,SPX,7621.87,7638.44,7725.0,5475,1260,0.231,0.00062
2026-09-18 10:33:49,SPX,7621.87,7638.44,7515.0,146,1027,0.2672,0.00062
2026-09-18 10:33:49,SPX,7621.87,7638.44,7730.0,4490,466,0.2395,0.00062
2026-09-18 10:33:49,SPX,7621.87,7638.44,7510.0,153,2200,0.2735,0.00062
2026-09-18 10:33:49,SPX,7621.87,7638.44,7735.0,2575,669,0.2476,0.00062
2026-09-18 10:33:49,SPX,7621.87,7638.44,7505.0,90,2020,0.2788,0.00062
2026-09-18 10:33:49,SPX,7621.87,7638.44,7740.0,1873,426,0.2548,0.00062
2026-09-18 10:33:49,SPX,7621.87,7638.44,7500.0,869,7492,0.2862,0.00062
2026-09-18 10:33:49,SPX,7621.87,7638.44,7745.0,1301,180,0.2614,0.00062
2026-09-18 10:33:49,SPX,7621.87,7638.44,7495.0,576,2455,0.2962,0.00062
2026-09-18 10:33:49,SPX,7621.87,7638.44,7750.0,4479,1453,0.2695,0.00062
2026-09-18 10:33:49,SPX,7621.87,7638.44,7490.0,72,1331,0.3053,0.00062
2026-09-18 10:33:49,SPX,7621.87,7638.44,7755.0,2952,147,0.2749,0.00062
2026-09-18 10:33:49,SPX,7621.87,7638.44,7485.0,64,4029,0.3146,0.00062
2026-09-18 10:33:49,SPX,7621.87,7638.44,7760.0,3417,88,0.2802,0.00062
2026-09-18 10:33:49,SPX,7621.87,7638.44,7480.0,112,1800,0.3233,0.00062
2026-09-18 10:33:49,SPX,7621.87,7638.44,7765.0,5868,225,0.2855,0.00062
2026-09-18 10:33:49,SPX,7621.87,7638.44,7475.0,343,4793,0.3315,0.00062
2026-09-18 10:33:49,SPX,7621.87,7638.44,7770.0,4212,242,0.2911,0.00062
2026-09-18 10:33:49,SPX,7621.87,7638.44,7470.0,97,1487,0.3392,0.00062
2026-09-18 10:33:49,SPX,7621.87,7638.44,7775.0,2737,470,0.2971,0.00062
2026-09-18 10:33:49,SPX,7621.87,7638.44,7465.0,31,3010,0.3467,0.00062
2026-09-18 10:33:49,SPX,7621.87,7638.44,7780.0,5741,251,0.3034,0.00062
2026-09-18 10:33:49,SPX,7621.87,7638.44,7460.0,98,1219,0.354,0.00062
2026-09-18 10:33:49,SPX,7621.87,7638.44,7785.0,1694,242,0.31,0.00062
2026-09-18 10:33:49,SPX,7621.87,7638.44,7455.0,74,1809,0.3608,0.00062
2026-09-18 10:33:49,SPX,7621.87,7638.44,7790.0,2201,181,0.3168,0.00062
2026-09-18 10:33:49,SPX,7621.87,7638.44,7450.0,345,4652,0.3669,0.00062
2026-09-18 10:33:49,SPX,7621.87,7638.44,7795.0,1063,147,0.3237,0.00062
2026-09-18 10:33:49,SPX,7621.87,7638.44,7445.0,71,2883,0.3728,0.00062
2026-09-18 10:33:49,SPX,7621.87,7638.44,7800.0,5517,671,0.3306,0.00062
2026-09-18 10:33:49,SPX,7621.87,7638.44,7440.0,83,2643,0.3791,0.00062
2026-09-18 10:33:49,SPX,7621.87,7638.44,7805.0,7965,62,0.3374,0.00062
2026-09-18 10:33:49,SPX,7621.87,7638.44,7435.0,26,2072,0.386,0.00062
2026-09-18 10:33:49,SPX,7621.87,7638.44,7810.0,1530,79,0.3442,0.00062
2026-09-18 10:33:49,SPX,7621.87,7638.44,7430.0,166,968,0.3934,0.00062
2026-09-18 10:33:49,SPX,7621.87,7638.44,7815.0,1982,47,0.3508,0.00062
2026-09-18 10:33:49,SPX,7621.87,7638.44,7425.0,448,3761,0.4013,0.00062
2026-09-18 10:33:49,SPX,7621.87,7638.44,7820.0,3083,83,0.3572,0.00062
2026-09-18 10:33:49,SPX,7621.87,7638.44,7420.0,101,889,0.4097,0.00062
2026-09-18 10:33:49,SPX,7621.87,7638.44,7825.0,2828,125,0.3634,0.00062
2026-09-18 10:33:49,SPX,7621.87,7638.44,7415.0,54,762,0.4185,0.00062
2026-09-18 10:33:49,SPX,7621.87,7638.44,7830.0,1315,77,0.3693,0.00062
2026-09-18 10:33:49,SPX,7621.87,7638.44,7410.0,269,1178,0.4274,0.00062
2026-09-18 10:33:49,SPX,7621.87,7638.44,7835.0,695,18,0.3748,0.00062
2026-09-18 10:33:49,SPX,7621.87,7638.44,7405.0,158,6263,0.4365,0.00062
2026-09-18 10:33:49,SPX,7621.87,7638.44,7840.0,2146,57,0.38,0.00062
2026-09-18 10:33:49,SPX,7621.87,7638.44,7400.0,1059,9186,0.4456,0.00062
2026-09-18 10:33:49,SPX,7621.87,7638.44,7845.0,647,35,0.3848,0.00062
2026-09-18 10:33:49,SPX,7621.87,7638.44,7395.0,30,2242,0.4547,0.00062
2026-09-18 10:33:49,SPX,7621.87,7638.44,7850.0,4627,66,0.3893,0.00062
2026-09-18 10:33:49,SPX,7621.87,7638.44,7390.0,33,1231,0.4638,0.00062
2026-09-18 10:33:49,SPX,7621.87,7638.44,7855.0,5587,27,0.3933,0.00062
2026-09-18 10:33:49,SPX,7621.87,7638.44,7385.0,78,981,0.4729,0.00062
2026-09-18 10:33:49,SPX,7621.87,7638.44,7860.0,3849,124,0.3971,0.00062
2026-09-18 10:33:49,SPX,7621.87,7638.44,7380.0,70,1354,0.482,0.00062
2026-09-18 10:33:49,SPX,7621.87,7638.44,7865.0,902,11,0.4005,0.00062
2026-09-18 10:33:49,SPX,7621.87,7638.44,7375.0,138,3252,0.491,0.00062
2026-09-18 10:33:49,SPX,7621.87,7638.44,7870.0,5254,20,0.4036,0.00062
2026-09-18 10:33:49,SPX,7621.87,7638.44,7620.0,273,1140,0.077,0.008834
2026-09-18 10:33:49,SPX,7621.87,7638.44,7625.0,460,1569,0.0759,0.008834
2026-09-18 10:33:49,SPX,7621.87,7638.44,7615.0,229,229,0.0782,0.008834
2026-09-18 10:33:49,SPX,7621.87,7638.44,7630.0,294,456,0.0748,0.008834
2026-09-18 10:33:49,SPX,7621.87,7638.44,7610.0,178,352,0.0795,0.008834
2026-09-18 10:33:49,SPX,7621.87,7638.44,7635.0,241,434,0.0738,0.008834
2026-09-18 10:33:49,SPX,7621.87,7638.44,7605.0,138,233,0.081,0.008834
2026-09-18 10:33:49,SPX,7621.87,7638.44,7640.0,406,508,0.0729,0.008834
2026-09-18 10:33:49,SPX,7621.87,7638.44,7600.0,703,1529,0.0823,0.008834
2026-09-18 10:33:49,SPX,7621.87,7638.44,7645.0,224,1154,0.0721,0.008834
2026-09-18 10:33:49,SPX,7621.87,7638.44,7595.0,112,296,0.0836,0.008834
2026-09-18 10:33:49,SPX,7621.87,7638.44,7650.0,972,773,0.0716,0.008834
2026-09-18 10:33:49,SPX,7621.87,7638.44,7590.0,120,459,0.0851,0.008834
2026-09-18 10:33:49,SPX,7621.87,7638.44,7655.0,479,200,0.0709,0.008834
2026-09-18 10:33:49,SPX,7621.87,7638.44,7585.0,451,408,0.087,0.008834
2026-09-18 10:33:49,SPX,7621.87,7638.44,7660.0,593,249,0.0706,0.008834
2026-09-18 10:33:49,SPX,7621.87,7638.44,7580.0,94,545,0.0887,0.008834
2026-09-18 10:33:49,SPX,7621.87,7638.44,7665.0,399,121,0.0704,0.008834
2026-09-18 10:33:49,SPX,7621.87,7638.44,7575.0,89,871,0.0901,0.008834
2026-09-18 10:33:49,SPX,7621.87,7638.44,7670.0,1418,229,0.0699,0.008834
2026-09-18 10:33:49,SPX,7621.87,7638.44,7570.0,89,285,0.0913,0.008834
2026-09-18 10:33:49,SPX,7621.87,7638.44,7675.0,620,689,0.0696,0.008834
2026-09-18 10:33:49,SPX,7621.87,7638.44,7565.0,52,254,0.0927,0.008834
2026-09-18 10:33:49,SPX,7621.87,7638.44,7680.0,711,110,0.0693,0.008834
2026-09-18 10:33:49,SPX,7621.87,7638.44,7560.0,218,436,0.0943,0.008834
2026-09-18 10:33:49,SPX,7621.87,7638.44,7685.0,692,67,0.0691,0.008834
2026-09-18 10:33:49,SPX,7621.87,7638.44,7555.0,33,230,0.0959,0.008834
2026-09-18 10:33:49,SPX,7621.87,7638.44,7690.0,674,179,0.0689,0.008834
2026-09-18 10:33:49,SPX,7621.87,7638.44,7550.0,133,2133,0.0975,0.008834
2026-09-18 10:33:49,SPX,7621.87,7638.44,7695.0,1414,66,0.0689,0.008834
2026-09-18 10:33:49,SPX,7621.87,7638.44,7545.0,18,300,0.0989,0.008834
2026-09-18 10:33:49,SPX,7621.87,7638.44,7700.0,4856,3413,0.0693,0.008834
2026-09-18 10:33:49,SPX,7621.87,7638.44,7540.0,71,330,0.1006,0.008834
2026-09-18 10:33:49,SPX,7621.87,7638.44,7705.0,894,71,0.0699,0.008834
2026-09-18 10:33:49,SPX,7621.87,7638.44,7535.0,50,229,0.1026,0.008834
2026-09-18 10:33:49,SPX,7621.87,7638.44,7710.0,742,131,0.0706,0.008834
2026-09-18 10:33:49,SPX,7621.87,7638.44,7530.0,43,381,0.1048,0.008834
2026-09-18 10:33:49,SPX,7621.87,7638.44,7715.0,731,194,0.0713,0.008834
2026-09-18 10:33:49,SPX,7621.87,7638.44,7525.0,54,433,0.1057,0.008834
2026-09-18 10:33:49,SPX,7621.87,7638.44,7720.0,1095,229,0.072,0.008834
2026-09-18 10:33:49,SPX,7621.87,7638.44,7520.0,32,673,0.1064,0.008834
2026-09-18 10:33:49,SPX,7621.87,7638.44,7725.0,1139,410,0.0727,0.008834
2026-09-18 10:33:49,SPX,7621.87,7638.44,7515.0,42,637,0.108,0.008834
2026-09-18 10:33:49,SPX,7621.87,7638.44,7730.0,986,162,0.0735,0.008834
2026-09-18 10:33:49,SPX,7621.87,7638.44,7510.0,23,352,0.11,0.008834
2026-09-18 10:33:49,SPX,7621.87,7638.44,7735.0,653,192,0.0743,0.008834
2026-09-18 10:33:49,SPX,7621.87,7638.44,7505.0,16,178,0.1118,0.008834
2026-09-18 10:33:49,SPX,7621.87,7638.44,7740.0,946,196,0.0752,0.008834
2026-09-18 10:33:49,SPX,7621.87,7638.44,7500.0,36,4019,0.1136,0.008834
2026-09-18 10:33:49,SPX,7621.87,7638.44,7745.0,450,31,0.0762,0.008834
2026-09-18 10:33:49,SPX,7621.87,7638.44,7495.0,13,485,0.1152,0.008834
2026-09-18 10:33:49,SPX,7621.87,7638.44,7750.0,1698,276,0.0774,0.008834
2026-09-18 10:33:49,SPX,7621.87,7638.44,7490.0,21,419,0.1165,0.008834
2026-09-18 10:33:49,SPX,7621.87,7638.44,7755.0,595,16,0.0786,0.008834
2026-09-18 10:33:49,SPX,7621.87,7638.44,7485.0,5,192,0.1177,0.008834
2026-09-18 10:33:49,SPX,7621.87,7638.44,7760.0,685,96,0.08,0.008834
2026-09-18 10:33:49,SPX,7621.87,7638.44,7480.0,8,1378,0.1191,0.008834
2026-09-18 10:33:49,SPX,7621.87,7638.44,7765.0,651,33,0.0815,0.008834
2026-09-18 10:33:49,SPX,7621.87,7638.44,7475.0,94,826,0.1207,0.008834
2026-09-18 10:33:49,SPX,7621.87,7638.44,7770.0,500,30,0.0831,0.008834
2026-09-18 10:33:49,SPX,7621.87,7638.44,7470.0,11,312,0.1225,0.008834
2026-09-18 10:33:49,SPX,7621.87,7638.44,7775.0,1623,142,0.0848,0.008834
2026-09-18 10:33:49,SPX,7621.87,7638.44,7465.0,0,165,0.1244,0.008834
2026-09-18 10:33:49,SPX,7621.87,7638.44,7780.0,630,27,0.0866,0.008834
2026-09-18 10:33:49,SPX,7621.87,7638.44,7460.0,22,229,0.1264,0.008834
2026-09-18 10:33:49,SPX,7621.87,7638.44,7785.0,385,0,0.0884,0.008834
2026-09-18 10:33:49,SPX,7621.87,7638.44,7455.0,3,1253,0.1283,0.008834
2026-09-18 10:33:49,SPX,7621.87,7638.44,7790.0,523,77,0.0903,0.008834
2026-09-18 10:33:49,SPX,7621.87,7638.44,7450.0,32,1041,0.1302,0.008834
2026-09-18 10:33:49,SPX,7621.87,7638.44,7795.0,673,0,0.0923,0.008834
2026-09-18 10:33:49,SPX,7621.87,7638.44,7445.0,11,188,0.132,0.008834
2026-09-18 10:33:49,SPX,7621.87,7638.44,7800.0,1966,588,0.0943,0.008834
2026-09-18 10:33:49,SPX,7621.87,7638.44,7440.0,3,152,0.1338,0.008834
2026-09-18 10:33:49,SPX,7621.87,7638.44,7805.0,513,7,0.0964,0.008834
2026-09-18 10:33:49,SPX,7621.87,7638.44,7435.0,1,140,0.1356,0.008834
2026-09-18 10:33:49,SPX,7621.87,7638.44,7810.0,649,5,0.0986,0.008834
2026-09-18 10:33:49,SPX,7621.87,7638.44,7430.0,3,543,0.1372,0.008834
2026-09-18 10:33:49,SPX,7621.87,7638.44,7815.0,594,0,0.1008,0.008834
2026-09-18 10:33:49,SPX,7621.87,7638.44,7425.0,9,2271,0.1389,0.008834
2026-09-18 10:33:49,SPX,7621.87,7638.44,7820.0,775,13,0.1031,0.008834
2026-09-18 10:33:49,SPX,7621.87,7638.44,7420.0,4,217,0.1406,0.008834
2026-09-18 10:33:49,SPX,7621.87,7638.44,7825.0,810,17,0.1054,0.008834
2026-09-18 10:33:49,SPX,7621.87,7638.44,7415.0,5,186,0.1423,0.008834
2026-09-18 10:33:49,SPX,7621.87,7638.44,7830.0,681,0,0.1077,0.008834
2026-09-18 10:33:49,SPX,7621.87,7638.44,7410.0,2,190,0.144,0.008834
2026-09-18 10:33:49,SPX,7621.87,7638.44,7835.0,168,0,0.11,0.008834
2026-09-18 10:33:49,SPX,7621.87,7638.44,7405.0,1,179,0.1458,0.008834
2026-09-18 10:33:49,SPX,7621.87,7638.44,7840.0,648,2,0.1122,0.008834
2026-09-18 10:33:49,SPX,7621.87,7638.44,7400.0,9,1858,0.1476,0.008834
2026-09-18 10:33:49,SPX,7621.87,7638.44,7845.0,218,0,0.1142,0.008834
2026-09-18 10:33:49,SPX,7621.87,7638.44,7395.0,1,177,0.1495,0.008834
2026-09-18 10:33:49,SPX,7621.87,7638.44,7850.0,1125,13,0.1161,0.008834
2026-09-18 10:33:49,SPX,7621.87,7638.44,7390.0,0,237,0.1514,0.008834
2026-09-18 10:33:49,SPX,7621.87,7638.44,7385.0,2,172,0.1534,0.008834
2026-09-18 10:33:49,SPX,7621.87,7638.44,7860.0,604,105,0.1192,0.008834
2026-09-18 10:33:49,SPX,7621.87,7638.44,7380.0,3,288,0.1554,0.008834
2026-09-18 10:33:49,SPX,7621.87,7638.44,7375.0,1,291,0.1575,0.008834
2026-09-18 10:33:49,SPX,7621.87,7638.44,7870.0,663,0,0.1209,0.008834
2026-09-18 10:33:49,SPX,7621.87,7638.44,7620.0,150,2055,0.0902,0.011572
2026-09-18 10:33:49,SPX,7621.87,7638.44,7625.0,454,502,0.0889,0.011572
2026-09-18 10:33:49,SPX,7621.87,7638.44,7615.0,112,136,0.0918,0.011572
2026-09-18 10:33:49,SPX,7621.87,7638.44,7630.0,602,122,0.0875,0.011572
2026-09-18 10:33:49,SPX,7621.87,7638.44,7610.0,227,117,0.0927,0.011572
2026-09-18 10:33:49,SPX,7621.87,7638.44,7635.0,76,174,0.0863,0.011572
2026-09-18 10:33:49,SPX,7621.87,7638.44,7605.0,106,95,0.0939,0.011572
2026-09-18 10:33:49,SPX,7621.87,7638.44,7640.0,433,318,0.0851,0.011572
2026-09-18 10:33:49,SPX,7621.87,7638.44,7600.0,351,1083,0.0953,0.011572
2026-09-18 10:33:49,SPX,7621.87,7638.44,7645.0,78,2060,0.084,0.011572
2026-09-18 10:33:49,SPX,7621.87,7638.44,7595.0,69,277,0.0969,0.011572
2026-09-18 10:33:49,SPX,7621.87,7638.44,7650.0,210,314,0.083,0.011572
2026-09-18 10:33:49,SPX,7621.87,7638.44,7590.0,77,683,0.0982,0.011572
2026-09-18 10:33:49,SPX,7621.87,7638.44,7655.0,93,56,0.0822,0.011572
2026-09-18 10:33:49,SPX,7621.87,7638.44,7585.0,225,1355,0.0991,0.011572
2026-09-18 10:33:49,SPX,7621.87,7638.44,7660.0,217,386,0.0814,0.011572
2026-09-18 10:33:49,SPX,7621.87,7638.44,7580.0,502,480,0.1003,0.011572
2026-09-18 10:33:49,SPX,7621.87,7638.44,7665.0,131,90,0.0807,0.011572
2026-09-18 10:33:49,SPX,7621.87,7638.44,7575.0,48,509,0.1017,0.011572
2026-09-18 10:33:49,SPX,7621.87,7638.44,7670.0,2103,146,0.0801,0.011572
2026-09-18 10:33:49,SPX,7621.87,7638.44,7570.0,51,283,0.1031,0.011572
2026-09-18 10:33:49,SPX,7621.87,7638.44,7675.0,1179,441,0.0794,0.011572
2026-09-18 10:33:49,SPX,7621.87,7638.44,7565.0,29,113,0.1046,0.011572
2026-09-18 10:33:49,SPX,7621.87,7638.44,7680.0,451,168,0.0787,0.011572
2026-09-18 10:33:49,SPX,7621.87,7638.44,7560.0,44,1112,0.1062,0.011572
2026-09-18 10:33:49,SPX,7621.87,7638.44,7685.0,405,81,0.0779,0.011572
2026-09-18 10:33:49,SPX,7621.87,7638.44,7555.0,56,77,0.1073,0.011572
2026-09-18 10:33:49,SPX,7621.87,7638.44,7690.0,154,280,0.0771,0.011572
2026-09-18 10:33:49,SPX,7621.87,7638.44,7550.0,58,1439,0.1084,0.011572
2026-09-18 10:33:49,SPX,7621.87,7638.44,7695.0,2011,55,0.0764,0.011572
2026-09-18 10:33:49,SPX,7621.87,7638.44,7545.0,27,109,0.1097,0.011572
2026-09-18 10:33:49,SPX,7621.87,7638.44,7700.0,837,353,0.0758,0.011572
2026-09-18 10:33:49,SPX,7621.87,7638.44,7540.0,14,201,0.1112,0.011572
2026-09-18 10:33:49,SPX,7621.87,7638.44,7705.0,164,1,0.0754,0.011572
2026-09-18 10:33:49,SPX,7621.87,7638.44,7535.0,19,132,0.1125,0.011572
2026-09-18 10:33:49,SPX,7621.87,7638.44,7710.0,331,31,0.0753,0.011572
2026-09-18 10:33:49,SPX,7621.87,7638.44,7530.0,22,435,0.1142,0.011572
2026-09-18 10:33:49,SPX,7621.87,7638.44,7715.0,384,27,0.0752,0.011572
2026-09-18 10:33:49,SPX,7621.87,7638.44,7525.0,47,256,0.1156,0.011572
2026-09-18 10:33:49,SPX,7621.87,7638.44,7720.0,459,32,0.0752,0.011572
2026-09-18 10:33:49,SPX,7621.87,7638.44,7520.0,9,143,0.1173,0.011572
2026-09-18 10:33:49,SPX,7621.87,7638.44,7725.0,304,82,0.0752,0.011572
2026-09-18 10:33:49,SPX,7621.87,7638.44,7515.0,14,210,0.1189,0.011572
2026-09-18 10:33:49,SPX,7621.87,7638.44,7730.0,221,25,0.0752,0.011572
2026-09-18 10:33:49,SPX,7621.87,7638.44,7510.0,48,680,0.1205,0.011572
2026-09-18 10:33:49,SPX,7621.87,7638.44,7735.0,190,11,0.0752,0.011572
2026-09-18 10:33:49,SPX,7621.87,7638.44,7505.0,8,277,0.1217,0.011572
2026-09-18 10:33:49,SPX,7621.87,7638.44,7740.0,458,135,0.0751,0.011572
2026-09-18 10:33:49,SPX,7621.87,7638.44,7500.0,73,1273,0.1229,0.011572
2026-09-18 10:33:49,SPX,7621.87,7638.44,7745.0,407,2,0.0751,0.011572
2026-09-18 10:33:49,SPX,7621.87,7638.44,7495.0,14,131,0.1241,0.011572
2026-09-18 10:33:49,SPX,7621.87,7638.44,7750.0,1213,281,0.0752,0.011572
2026-09-18 10:33:49,SPX,7621.87,7638.44,7490.0,64,463,0.1253,0.011572
2026-09-18 10:33:49,SPX,7621.87,7638.44,7755.0,2213,7,0.0753,0.011572
2026-09-18 10:33:49,SPX,7621.87,7638.44,7485.0,122,539,0.1265,0.011572
2026-09-18 10:33:49,SPX,7621.87,7638.44,7760.0,935,13,0.0756,0.011572
2026-09-18 10:33:49,SPX,7621.87,7638.44,7480.0,62,514,0.1277,0.011572
2026-09-18 10:33:49,SPX,7621.87,7638.44,7765.0,776,12,0.076,0.011572
2026-09-18 10:33:49,SPX,7621.87,7638.44,7475.0,13,604,0.1291,0.011572
2026-09-18 10:33:49,SPX,7621.87,7638.44,7770.0,301,27,0.0765,0.011572
2026-09-18 10:33:49,SPX,7621.87,7638.44,7470.0,1,614,0.1305,0.011572
2026-09-18 10:33:49,SPX,7621.87,7638.44,7775.0,2316,14,0.0773,0.011572
2026-09-18 10:33:49,SPX,7621.87,7638.44,7465.0,1,329,0.132,0.011572
2026-09-18 10:33:49,SPX,7621.87,7638.44,7780.0,741,23,0.0782,0.011572
2026-09-18 10:33:49,SPX,7621.87,7638.44,7460.0,1,320,0.1336,0.011572
2026-09-18 10:33:49,SPX,7621.87,7638.44,7785.0,814,2,0.0792,0.011572
2026-09-18 10:33:49,SPX,7621.87,7638.44,7455.0,1,62,0.1351,0.011572
2026-09-18 10:33:49,SPX,7621.87,7638.44,7790.0,458,15,0.0804,0.011572
2026-09-18 10:33:49,SPX,7621.87,7638.44,7450.0,18,363,0.1366,0.011572
2026-09-18 10:33:49,SPX,7621.87,7638.44,7795.0,441,0,0.0818,0.011572
2026-09-18 10:33:49,SPX,7621.87,7638.44,7445.0,1,81,0.1382,0.011572
2026-09-18 10:33:49,SPX,7621.87,7638.44,7800.0,1860,98,0.0833,0.011572
2026-09-18 10:33:49,SPX,7621.87,7638.44,7440.0,2,350,0.1396,0.011572
2026-09-18 10:33:49,SPX,7621.87,7638.44,7805.0,290,0,0.0848,0.011572
2026-09-18 10:33:49,SPX,7621.87,7638.44,7435.0,4,322,0.1411,0.011572
2026-09-18 10:33:49,SPX,7621.87,7638.44,7810.0,617,9,0.0865,0.011572
2026-09-18 10:33:49,SPX,7621.87,7638.44,7430.0,2,386,0.1425,0.011572
2026-09-18 10:33:49,SPX,7621.87,7638.44,7815.0,359,1,0.0882,0.011572
2026-09-18 10:33:49,SPX,7621.87,7638.44,7425.0,0,651,0.1439,0.011572
2026-09-18 10:33:49,SPX,7621.87,7638.44,7820.0,258,7,0.09,0.011572
2026-09-18 10:33:49,SPX,7621.87,7638.44,7420.0,2,459,0.1453,0.011572
2026-09-18 10:33:49,SPX,7621.87,7638.44,7825.0,666,5,0.0918,0.011572
2026-09-18 10:33:49,SPX,7621.87,7638.44,7415.0,2,52,0.1467,0.011572
2026-09-18 10:33:49,SPX,7621.87,7638.44,7830.0,489,2,0.0936,0.011572
2026-09-18 10:33:49,SPX,7621.87,7638.44,7410.0,4,241,0.1481,0.011572
2026-09-18 10:33:49,SPX,7621.87,7638.44,7405.0,0,58,0.1495,0.011572
2026-09-18 10:33:49,SPX,7621.87,7638.44,7840.0,629,0,0.0973,0.011572
2026-09-18 10:33:49,SPX,7621.87,7638.44,7400.0,5,526,0.1509,0.011572
2026-09-18 10:33:49,SPX,7621.87,7638.44,7395.0,0,384,0.1524,0.011572
2026-09-18 10:33:49,SPX,7621.87,7638.44,7850.0,1056,6,0.1011,0.011572
2026-09-18 10:33:49,SPX,7621.87,7638.44,7390.0,0,144,0.1538,0.011572
2026-09-18 10:33:49,SPX,7621.87,7638.44,7385.0,1,79,0.1553,0.011572
2026-09-18 10:33:49,SPX,7621.87,7638.44,7860.0,391,0,0.105,0.011572
2026-09-18 10:33:49,SPX,7621.87,7638.44,7380.0,32,125,0.1568,0.011572
2026-09-18 10:33:49,SPX,7621.87,7638.44,7375.0,0,196,0.1583,0.011572
2026-09-18 10:33:49,SPX,7621.87,7638.44,7870.0,471,0,0.1089,0.011572
2026-09-18 11:04:13,SPX,7625.67,7639.25,7625.0,2714,5754,0.1392,0.000562
2026-09-18 11:04:13,SPX,7625.67,7639.25,7630.0,1708,2992,0.1367,0.000562
2026-09-18 11:04:13,SPX,7625.67,7639.25,7620.0,1349,1067,0.1409,0.000562
2026-09-18 11:04:13,SPX,7625.67,7639.25,7635.0,1775,1781,0.1354,0.000562
2026-09-18 11:04:13,SPX,7625.67,7639.25,7615.0,1072,3137,0.1424,0.000562
2026-09-18 11:04:13,SPX,7625.67,7639.25,7640.0,1740,2228,0.1359,0.000562
2026-09-18 11:04:13,SPX,7625.67,7639.25,7610.0,1041,1959,0.1452,0.000562
2026-09-18 11:04:13,SPX,7625.67,7639.25,7645.0,2364,1011,0.136,0.000562
2026-09-18 11:04:13,SPX,7625.67,7639.25,7605.0,977,2877,0.1484,0.000562
2026-09-18 11:04:13,SPX,7625.67,7639.25,7650.0,8069,7952,0.1369,0.000562
2026-09-18 11:04:13,SPX,7625.67,7639.25,7600.0,4544,9839,0.1531,0.000562
2026-09-18 11:04:13,SPX,7625.67,7639.25,7655.0,1659,1780,0.1397,0.000562
2026-09-18 11:04:13,SPX,7625.67,7639.25,7595.0,377,2219,0.1564,0.000562
2026-09-18 11:04:13,SPX,7625.67,7639.25,7660.0,3139,2320,0.1423,0.000562
2026-09-18 11:04:13,SPX,7625.67,7639.25,7590.0,567,2230,0.1618,0.000562
2026-09-18 11:04:13,SPX,7625.67,7639.25,7665.0,1718,666,0.1464,0.000562
2026-09-18 11:04:13,SPX,7625.67,7639.25,7585.0,390,1291,0.1677,0.000562
2026-09-18 11:04:13,SPX,7625.67,7639.25,7670.0,4130,745,0.152,0.000562
2026-09-18 11:04:13,SPX,7625.67,7639.25,7580.0,665,2224,0.1714,0.000562
2026-09-18 11:04:13,SPX,7625.67,7639.25,7675.0,6657,2897,0.1565,0.000562
2026-09-18 11:04:13,SPX,7625.67,7639.25,7575.0,684,3253,0.1801,0.000562
2026-09-18 11:04:13,SPX,7625.67,7639.25,7680.0,3734,571,0.1624,0.000562
2026-09-18 11:04:13,SPX,7625.67,7639.25,7570.0,412,1774,0.184,0.000562
2026-09-18 11:04:13,SPX,7625.67,7639.25,7685.0,2693,528,0.1688,0.000562
2026-09-18 11:04:13,SPX,7625.67,7639.25,7565.0,680,996,0.1953,0.000562
2026-09-18 11:04:13,SPX,7625.67,7639.25,7690.0,2281,1758,0.1766,0.000562
2026-09-18 11:04:13,SPX,7625.67,7639.25,7560.0,406,1642,0.2026,0.000562
2026-09-18 11:04:13,SPX,7625.67,7639.25,7695.0,2511,633,0.1819,0.000562
2026-09-18 11:04:13,SPX,7625.67,7639.25,7555.0,308,1274,0.2074,0.000562
2026-09-18 11:04:13,SPX,7625.67,7639.25,7700.0,15419,5033,0.1888,0.000562
2026-09-18 11:04:13,SPX,7625.67,7639.25,7550.0,2770,11995,0.2176,0.000562
2026-09-18 11:04:13,SPX,7625.67,7639.25,7705.0,4697,706,0.1939,0.000562
2026-09-18 11:04:13,SPX,7625.67,7639.25,7545.0,1955,3057,0.231,0.000562
2026-09-18 11:04:13,SPX,7625.67,7639.25,7710.0,2673,392,0.2018,0.000562
2026-09-18 11:04:13,SPX,7625.67,7639.25,7540.0,164,2595,0.2339,0.000562
2026-09-18 11:04:13,SPX,7625.67,7639.25,7715.0,2888,369,0.212,0.000562
2026-09-18 11:04:13,SPX,7625.67,7639.25,7535.0,196,2718,0.245,0.000562
2026-09-18 11:04:13,SPX,7625.67,7639.25,7720.0,2920,1279,0.2215,0.000562
2026-09-18 11:04:13,SPX,7625.67,7639.25,7530.0,197,1877,0.2551,0.000562
2026-09-18 11:04:13,SPX,7625.67,7639.25,7725.0,5475,1260,0.2294,0.000562
2026-09-18 11:04:13,SPX,7625.67,7639.25,7525.0,236,2945,0.2666,0.000562
2026-09-18 11:04:13,SPX,7625.67,7639.25,7730.0,4490,466,0.2358,0.000562
2026-09-18 11:04:13,SPX,7625.67,7639.25,7520.0,232,3022,0.2714,0.000562
2026-09-18 11:04:13,SPX,7625.67,7639.25,7735.0,2575,669,0.2409,0.000562
2026-09-18 11:04:13,SPX,7625.67,7639.25,7515.0,146,1027,0.2766,0.000562
2026-09-18 11:04:13,SPX,7625.67,7639.25,7740.0,1873,426,0.2454,0.000562
2026-09-18 11:04:13,SPX,7625.67,7639.25,7510.0,153,2200,0.2845,0.000562
2026-09-18 11:04:13,SPX,7625.67,7639.25,7745.0,1301,180,0.2501,0.000562
2026-09-18 11:04:13,SPX,7625.67,7639.25,7505.0,90,2020,0.295,0.000562
2026-09-18 11:04:13,SPX,7625.67,7639.25,7750.0,4479,1453,0.2558,0.000562
2026-09-18 11:04:13,SPX,7625.67,7639.25,7500.0,869,7492,0.3057,0.000562
2026-09-18 11:04:13,SPX,7625.67,7639.25,7755.0,2952,147,0.2625,0.000562
2026-09-18 11:04:13,SPX,7625.67,7639.25,7495.0,576,2455,0.3163,0.000562
2026-09-18 11:04:13,SPX,7625.67,7639.25,7760.0,3417,88,0.2699,0.000562
2026-09-18 11:04:13,SPX,7625.67,7639.25,7490.0,72,1331,0.3267,0.000562
2026-09-18 11:04:13,SPX,7625.67,7639.25,7765.0,5868,225,0.2781,0.000562
2026-09-18 11:04:13,SPX,7625.67,7639.25,7485.0,64,4029,0.3368,0.000562
2026-09-18 11:04:13,SPX,7625.67,7639.25,7770.0,4212,242,0.2868,0.000562
2026-09-18 11:04:13,SPX,7625.67,7639.25,7480.0,112,1800,0.3463,0.000562
2026-09-18 11:04:13,SPX,7625.67,7639.25,7775.0,2737,470,0.2955,0.000562
2026-09-18 11:04:13,SPX,7625.67,7639.25,7475.0,343,4793,0.3553,0.000562
2026-09-18 11:04:13,SPX,7625.67,7639.25,7780.0,5741,251,0.3042,0.000562
2026-09-18 11:04:13,SPX,7625.67,7639.25,7470.0,97,1487,0.3638,0.000562
2026-09-18 11:04:13,SPX,7625.67,7639.25,7785.0,1694,242,0.3129,0.000562
2026-09-18 11:04:13,SPX,7625.67,7639.25,7465.0,31,3010,0.3718,0.000562
2026-09-18 11:04:13,SPX,7625.67,7639.25,7790.0,2201,181,0.3214,0.000562
2026-09-18 11:04:13,SPX,7625.67,7639.25,7460.0,98,1219,0.3793,0.000562
2026-09-18 11:04:13,SPX,7625.67,7639.25,7795.0,1063,147,0.3299,0.000562
2026-09-18 11:04:13,SPX,7625.67,7639.25,7455.0,74,1809,0.3863,0.000562
2026-09-18 11:04:13,SPX,7625.67,7639.25,7800.0,5517,671,0.3383,0.000562
2026-09-18 11:04:13,SPX,7625.67,7639.25,7450.0,345,4652,0.3928,0.000562
2026-09-18 11:04:13,SPX,7625.67,7639.25,7805.0,7965,62,0.3464,0.000562
2026-09-18 11:04:13,SPX,7625.67,7639.25,7445.0,71,2883,0.3993,0.000562
2026-09-18 11:04:13,SPX,7625.67,7639.25,7810.0,1530,79,0.3542,0.000562
2026-09-18 11:04:13,SPX,7625.67,7639.25,7440.0,83,2643,0.4061,0.000562
2026-09-18 11:04:13,SPX,7625.67,7639.25,7815.0,1982,47,0.3616,0.000562
2026-09-18 11:04:13,SPX,7625.67,7639.25,7435.0,26,2072,0.4134,0.000562
2026-09-18 11:04:13,SPX,7625.67,7639.25,7820.0,3083,83,0.3686,0.000562
2026-09-18 11:04:13,SPX,7625.67,7639.25,7430.0,166,968,0.4212,0.000562
2026-09-18 11:04:13,SPX,7625.67,7639.25,7825.0,2828,125,0.375,0.000562
2026-09-18 11:04:13,SPX,7625.67,7639.25,7425.0,448,3761,0.4294,0.000562
2026-09-18 11:04:13,SPX,7625.67,7639.25,7830.0,1315,77,0.381,0.000562
2026-09-18 11:04:13,SPX,7625.67,7639.25,7420.0,101,889,0.438,0.000562
2026-09-18 11:04:13,SPX,7625.67,7639.25,7835.0,695,18,0.3865,0.000562
2026-09-18 11:04:13,SPX,7625.67,7639.25,7415.0,54,762,0.4469,0.000562
2026-09-18 11:04:13,SPX,7625.67,7639.25,7840.0,2146,57,0.3915,0.000562
2026-09-18 11:04:13,SPX,7625.67,7639.25,7410.0,269,1178,0.456,0.000562
2026-09-18 11:04:13,SPX,7625.67,7639.25,7845.0,647,35,0.3962,0.000562
2026-09-18 11:04:13,SPX,7625.67,7639.25,7405.0,158,6263,0.4653,0.000562
2026-09-18 11:04:13,SPX,7625.67,7639.25,7850.0,4627,66,0.4004,0.000562
2026-09-18 11:04:13,SPX,7625.67,7639.25,7400.0,1059,9186,0.4746,0.000562
2026-09-18 11:04:13,SPX,7625.67,7639.25,7855.0,5587,27,0.4043,0.000562
2026-09-18 11:04:13,SPX,7625.67,7639.25,7395.0,30,2242,0.4841,0.000562
2026-09-18 11:04:13,SPX,7625.67,7639.25,7860.0,3849,124,0.4078,0.000562
2026-09-18 11:04:13,SPX,7625.67,7639.25,7390.0,33,1231,0.4936,0.000562
2026-09-18 11:04:13,SPX,7625.67,7639.25,7865.0,902,11,0.4109,0.000562
2026-09-18 11:04:13,SPX,7625.67,7639.25,7385.0,78,981,0.5031,0.000562
2026-09-18 11:04:13,SPX,7625.67,7639.25,7870.0,5254,20,0.4137,0.000562
2026-09-18 11:04:13,SPX,7625.67,7639.25,7380.0,70,1354,0.5126,0.000562
2026-09-18 11:04:13,SPX,7625.67,7639.25,7875.0,1892,71,0.4162,0.000562
2026-09-18 11:04:13,SPX,7625.67,7639.25,7625.0,460,1569,0.0769,0.008776
2026-09-18 11:04:13,SPX,7625.67,7639.25,7630.0,294,456,0.0757,0.008776
2026-09-18 11:04:13,SPX,7625.67,7639.25,7620.0,273,1140,0.0778,0.008776
2026-09-18 11:04:13,SPX,7625.67,7639.25,7635.0,241,434,0.0749,0.008776
2026-09-18 11:04:13,SPX,7625.67,7639.25,7615.0,229,229,0.0789,0.008776
2026-09-18 11:04:13,SPX,7625.67,7639.25,7640.0,406,508,0.074,0.008776
2026-09-18 11:04:13,SPX,7625.67,7639.25,7610.0,178,352,0.08,0.008776
2026-09-18 11:04:13,SPX,7625.67,7639.25,7645.0,224,1154,0.0732,0.008776
2026-09-18 11:04:13,SPX,7625.67,7639.25,7605.0,138,233,0.0814,0.008776
2026-09-18 11:04:13,SPX,7625.67,7639.25,7650.0,972,773,0.0728,0.008776
2026-09-18 11:04:13,SPX,7625.67,7639.25,7600.0,703,1529,0.0826,0.008776
2026-09-18 11:04:13,SPX,7625.67,7639.25,7655.0,479,200,0.0724,0.008776
2026-09-18 11:04:13,SPX,7625.67,7639.25,7595.0,112,296,0.084,0.008776
2026-09-18 11:04:13,SPX,7625.67,7639.25,7660.0,593,249,0.0719,0.008776
2026-09-18 11:04:13,SPX,7625.67,7639.25,7590.0,120,459,0.085,0.008776
2026-09-18 11:04:13,SPX,7625.67,7639.25,7665.0,399,121,0.0715,0.008776
2026-09-18 11:04:13,SPX,7625.67,7639.25,7585.0,451,408,0.0869,0.008776
2026-09-18 11:04:13,SPX,7625.67,7639.25,7670.0,1418,229,0.0711,0.008776
2026-09-18 11:04:13,SPX,7625.67,7639.25,7580.0,94,545,0.0886,0.008776
2026-09-18 11:04:13,SPX,7625.67,7639.25,7675.0,620,689,0.0706,0.008776
2026-09-18 11:04:13,SPX,7625.67,7639.25,7575.0,89,871,0.0901,0.008776
2026-09-18 11:04:13,SPX,7625.67,7639.25,7680.0,711,110,0.0702,0.008776
2026-09-18 11:04:13,SPX,7625.67,7639.25,7570.0,89,285,0.0912,0.008776
2026-09-18 11:04:13,SPX,7625.67,7639.25,7685.0,692,0,0.0702,0.008776
2026-09-18 11:04:13,SPX,7625.67,7639.25,7565.0,52,254,0.0924,0.008776
2026-09-18 11:04:13,SPX,7625.67,7639.25,7690.0,674,179,0.0703,0.008776
2026-09-18 11:04:13,SPX,7625.67,7639.25,7560.0,218,436,0.0939,0.008776
2026-09-18 11:04:13,SPX,7625.67,7639.25,7695.0,1414,66,0.0704,0.008776
2026-09-18 11:04:13,SPX,7625.67,7639.25,7555.0,33,230,0.0955,0.008776
2026-09-18 11:04:13,SPX,7625.67,7639.25,7700.0,4856,3413,0.0706,0.008776
2026-09-18 11:04:13,SPX,7625.67,7639.25,7550.0,133,2133,0.0971,0.008776
2026-09-18 11:04:13,SPX,7625.67,7639.25,7705.0,894,71,0.0708,0.008776
2026-09-18 11:04:13,SPX,7625.67,7639.25,7545.0,18,300,0.0984,0.008776
2026-09-18 11:04:13,SPX,7625.67,7639.25,7710.0,742,131,0.0711,0.008776
2026-09-18 11:04:13,SPX,7625.67,7639.25,7540.0,71,330,0.0996,0.008776
2026-09-18 11:04:13,SPX,7625.67,7639.25,7715.0,731,194,0.0713,0.008776
2026-09-18 11:04:13,SPX,7625.67,7639.25,7535.0,50,229,0.101,0.008776
2026-09-18 11:04:13,SPX,7625.67,7639.25,7720.0,1095,229,0.0716,0.008776
2026-09-18 11:04:13,SPX,7625.67,7639.25,7530.0,43,381,0.1028,0.008776
2026-09-18 11:04:13,SPX,7625.67,7639.25,7725.0,1139,410,0.0719,0.008776
2026-09-18 11:04:13,SPX,7625.67,7639.25,7525.0,54,433,0.1047,0.008776
2026-09-18 11:04:13,SPX,7625.67,7639.25,7730.0,986,162,0.0723,0.008776
2026-09-18 11:04:13,SPX,7625.67,7639.25,7520.0,32,673,0.1058,0.008776
2026-09-18 11:04:13,SPX,7625.67,7639.25,7735.0,653,192,0.0728,0.008776
2026-09-18 11:04:13,SPX,7625.67,7639.25,7515.0,42,637,0.1068,0.008776
2026-09-18 11:04:13,SPX,7625.67,7639.25,7740.0,946,196,0.0735,0.008776
2026-09-18 11:04:13,SPX,7625.67,7639.25,7510.0,23,352,0.1088,0.008776
2026-09-18 11:04:13,SPX,7625.67,7639.25,7745.0,450,31,0.0744,0.008776
2026-09-18 11:04:13,SPX,7625.67,7639.25,7505.0,16,178,0.1105,0.008776
2026-09-18 11:04:13,SPX,7625.67,7639.25,7750.0,1698,276,0.0755,0.008776
2026-09-18 11:04:13,SPX,7625.67,7639.25,7500.0,36,4019,0.1119,0.008776
2026-09-18 11:04:13,SPX,7625.67,7639.25,7755.0,595,16,0.0768,0.008776
2026-09-18 11:04:13,SPX,7625.67,7639.25,7495.0,13,485,0.1131,0.008776
2026-09-18 11:04:13,SPX,7625.67,7639.25,7760.0,685,96,0.0781,0.008776
2026-09-18 11:04:13,SPX,7625.67,7639.25,7490.0,21,419,0.1143,0.008776
2026-09-18 11:04:13,SPX,7625.67,7639.25,7765.0,651,33,0.0796,0.008776
2026-09-18 11:04:13,SPX,7625.67,7639.25,7485.0,5,192,0.1157,0.008776
2026-09-18 11:04:13,SPX,7625.67,7639.25,7770.0,500,30,0.0811,0.008776
2026-09-18 11:04:13,SPX,7625.67,7639.25,7480.0,8,1378,0.1174,0.008776
2026-09-18 11:04:13,SPX,7625.67,7639.25,7775.0,1623,142,0.0826,0.008776
2026-09-18 11:04:13,SPX,7625.67,7639.25,7475.0,94,826,0.1192,0.008776
2026-09-18 11:04:13,SPX,7625.67,7639.25,7780.0,630,27,0.0841,0.008776
2026-09-18 11:04:13,SPX,7625.67,7639.25,7470.0,11,312,0.1213,0.008776
2026-09-18 11:04:13,SPX,7625.67,7639.25,7785.0,385,0,0.0857,0.008776
2026-09-18 11:04:13,SPX,7625.67,7639.25,7465.0,0,165,0.1234,0.008776
2026-09-18 11:04:13,SPX,7625.67,7639.25,7790.0,523,77,0.0874,0.008776
2026-09-18 11:04:13,SPX,7625.67,7639.25,7460.0,22,229,0.1255,0.008776
2026-09-18 11:04:13,SPX,7625.67,7639.25,7795.0,673,0,0.0894,0.008776
2026-09-18 11:04:13,SPX,7625.67,7639.25,7455.0,3,1253,0.1275,0.008776
2026-09-18 11:04:13,SPX,7625.67,7639.25,7800.0,1966,588,0.0916,0.008776
2026-09-18 11:04:13,SPX,7625.67,7639.25,7450.0,32,1041,0.1295,0.008776
2026-09-18 11:04:13,SPX,7625.67,7639.25,7805.0,513,7,0.0939,0.008776
2026-09-18 11:04:13,SPX,7625.67,7639.25,7445.0,11,188,0.1314,0.008776
2026-09-18 11:04:13,SPX,7625.67,7639.25,7810.0,649,5,0.0962,0.008776
2026-09-18 11:04:13,SPX,7625.67,7639.25,7440.0,3,152,0.1332,0.008776
2026-09-18 11:04:13,SPX,7625.67,7639.25,7815.0,594,0,0.0985,0.008776
2026-09-18 11:04:13,SPX,7625.67,7639.25,7435.0,1,140,0.1351,0.008776
2026-09-18 11:04:13,SPX,7625.67,7639.25,7820.0,775,13,0.1007,0.008776
2026-09-18 11:04:13,SPX,7625.67,7639.25,7430.0,3,543,0.1368,0.008776
2026-09-18 11:04:13,SPX,7625.67,7639.25,7825.0,810,17,0.1026,0.008776
2026-09-18 11:04:13,SPX,7625.67,7639.25,7425.0,9,2271,0.1386,0.008776
2026-09-18 11:04:13,SPX,7625.67,7639.25,7830.0,681,0,0.1043,0.008776
2026-09-18 11:04:13,SPX,7625.67,7639.25,7420.0,4,217,0.1404,0.008776
2026-09-18 11:04:13,SPX,7625.67,7639.25,7835.0,168,0,0.1058,0.008776
2026-09-18 11:04:13,SPX,7625.67,7639.25,7415.0,5,186,0.1422,0.008776
2026-09-18 11:04:13,SPX,7625.67,7639.25,7840.0,648,2,0.107,0.008776
2026-09-18 11:04:13,SPX,7625.67,7639.25,7410.0,2,190,0.144,0.008776
2026-09-18 11:04:13,SPX,7625.67,7639.25,7845.0,218,0,0.108,0.008776
2026-09-18 11:04:13,SPX,7625.67,7639.25,7405.0,1,179,0.1459,0.008776
2026-09-18 11:04:13,SPX,7625.67,7639.25,7850.0,1125,13,0.1088,0.008776
2026-09-18 11:04:13,SPX,7625.67,7639.25,7400.0,9,1858,0.1479,0.008776
2026-09-18 11:04:13,SPX,7625.67,7639.25,7395.0,1,177,0.1499,0.008776
2026-09-18 11:04:13,SPX,7625.67,7639.25,7860.0,604,105,0.1097,0.008776
2026-09-18 11:04:13,SPX,7625.67,7639.25,7390.0,0,237,0.1519,0.008776
2026-09-18 11:04:13,SPX,7625.67,7639.25,7385.0,2,172,0.154,0.008776
2026-09-18 11:04:13,SPX,7625.67,7639.25,7870.0,663,0,0.1095,0.008776
2026-09-18 11:04:13,SPX,7625.67,7639.25,7380.0,3,288,0.1561,0.008776
2026-09-18 11:04:13,SPX,7625.67,7639.25,7875.0,1280,1,0.1091,0.008776
2026-09-18 11:04:13,SPX,7625.67,7639.25,7625.0,454,502,0.0898,0.011514
2026-09-18 11:04:13,SPX,7625.67,7639.25,7630.0,602,122,0.0885,0.011514
2026-09-18 11:04:13,SPX,7625.67,7639.25,7620.0,150,2055,0.091,0.011514
2026-09-18 11:04:13,SPX,7625.67,7639.25,7635.0,76,174,0.0874,0.011514
2026-09-18 11:04:13,SPX,7625.67,7639.25,7615.0,112,136,0.0921,0.011514
2026-09-18 11:04:13,SPX,7625.67,7639.25,7640.0,433,318,0.0865,0.011514
2026-09-18 11:04:13,SPX,7625.67,7639.25,7610.0,227,117,0.0932,0.011514
2026-09-18 11:04:13,SPX,7625.67,7639.25,7645.0,78,2060,0.0854,0.011514
2026-09-18 11:04:13,SPX,7625.67,7639.25,7605.0,106,95,0.0947,0.011514
2026-09-18 11:04:13,SPX,7625.67,7639.25,7650.0,210,314,0.0845,0.011514
2026-09-18 11:04:13,SPX,7625.67,7639.25,7600.0,351,1083,0.0962,0.011514
2026-09-18 11:04:13,SPX,7625.67,7639.25,7655.0,93,56,0.0837,0.011514
2026-09-18 11:04:13,SPX,7625.67,7639.25,7595.0,69,277,0.0971,0.011514
2026-09-18 11:04:13,SPX,7625.67,7639.25,7660.0,217,386,0.0828,0.011514
2026-09-18 11:04:13,SPX,7625.67,7639.25,7590.0,77,683,0.0981,0.011514
2026-09-18 11:04:13,SPX,7625.67,7639.25,7665.0,131,90,0.0823,0.011514
2026-09-18 11:04:13,SPX,7625.67,7639.25,7585.0,225,1355,0.0995,0.011514
2026-09-18 11:04:13,SPX,7625.67,7639.25,7670.0,2103,146,0.0817,0.011514
2026-09-18 11:04:13,SPX,7625.67,7639.25,7580.0,502,480,0.1014,0.011514
2026-09-18 11:04:13,SPX,7625.67,7639.25,7675.0,1179,441,0.081,0.011514
2026-09-18 11:04:13,SPX,7625.67,7639.25,7575.0,48,509,0.1027,0.011514
2026-09-18 11:04:13,SPX,7625.67,7639.25,7680.0,451,168,0.0801,0.011514
2026-09-18 11:04:13,SPX,7625.67,7639.25,7570.0,51,283,0.1037,0.011514
2026-09-18 11:04:13,SPX,7625.67,7639.25,7685.0,405,81,0.0793,0.011514
2026-09-18 11:04:13,SPX,7625.67,7639.25,7565.0,29,113,0.105,0.011514
2026-09-18 11:04:13,SPX,7625.67,7639.25,7690.0,154,280,0.0787,0.011514
2026-09-18 11:04:13,SPX,7625.67,7639.25,7560.0,44,1112,0.1064,0.011514
2026-09-18 11:04:13,SPX,7625.67,7639.25,7695.0,2011,55,0.0783,0.011514
2026-09-18 11:04:13,SPX,7625.67,7639.25,7555.0,56,77,0.1076,0.011514
2026-09-18 11:04:13,SPX,7625.67,7639.25,7700.0,837,353,0.078,0.011514
2026-09-18 11:04:13,SPX,7625.67,7639.25,7550.0,58,1439,0.1088,0.011514
2026-09-18 11:04:13,SPX,7625.67,7639.25,7705.0,164,1,0.0778,0.011514
2026-09-18 11:04:13,SPX,7625.67,7639.25,7545.0,27,109,0.1098,0.011514
2026-09-18 11:04:13,SPX,7625.67,7639.25,7710.0,331,31,0.0776,0.011514
2026-09-18 11:04:13,SPX,7625.67,7639.25,7540.0,14,201,0.1112,0.011514
2026-09-18 11:04:13,SPX,7625.67,7639.25,7715.0,384,27,0.0775,0.011514
2026-09-18 11:04:13,SPX,7625.67,7639.25,7535.0,19,132,0.1128,0.011514
2026-09-18 11:04:13,SPX,7625.67,7639.25,7720.0,459,32,0.0773,0.011514
2026-09-18 11:04:13,SPX,7625.67,7639.25,7530.0,22,435,0.1143,0.011514
2026-09-18 11:04:13,SPX,7625.67,7639.25,7725.0,304,82,0.0771,0.011514
2026-09-18 11:04:13,SPX,7625.67,7639.25,7525.0,47,256,0.1159,0.011514
2026-09-18 11:04:13,SPX,7625.67,7639.25,7730.0,221,25,0.077,0.011514
2026-09-18 11:04:13,SPX,7625.67,7639.25,7520.0,9,143,0.1175,0.011514
2026-09-18 11:04:13,SPX,7625.67,7639.25,7735.0,190,11,0.0768,0.011514
2026-09-18 11:04:13,SPX,7625.67,7639.25,7515.0,14,210,0.1189,0.011514
2026-09-18 11:04:13,SPX,7625.67,7639.25,7740.0,458,135,0.0767,0.011514
2026-09-18 11:04:13,SPX,7625.67,7639.25,7510.0,48,680,0.1201,0.011514
2026-09-18 11:04:13,SPX,7625.67,7639.25,7745.0,407,2,0.0767,0.011514
2026-09-18 11:04:13,SPX,7625.67,7639.25,7505.0,8,277,0.1212,0.011514
2026-09-18 11:04:13,SPX,7625.67,7639.25,7750.0,1213,281,0.0767,0.011514
2026-09-18 11:04:13,SPX,7625.67,7639.25,7500.0,73,1273,0.1219,0.011514
2026-09-18 11:04:13,SPX,7625.67,7639.25,7755.0,2213,7,0.0767,0.011514
2026-09-18 11:04:13,SPX,7625.67,7639.25,7495.0,14,131,0.1232,0.011514
2026-09-18 11:04:13,SPX,7625.67,7639.25,7760.0,935,13,0.077,0.011514
2026-09-18 11:04:13,SPX,7625.67,7639.25,7490.0,64,463,0.1246,0.011514
2026-09-18 11:04:13,SPX,7625.67,7639.25,7765.0,776,12,0.0775,0.011514
2026-09-18 11:04:13,SPX,7625.67,7639.25,7485.0,122,539,0.126,0.011514
2026-09-18 11:04:13,SPX,7625.67,7639.25,7770.0,301,27,0.0781,0.011514
2026-09-18 11:04:13,SPX,7625.67,7639.25,7480.0,62,514,0.1276,0.011514
2026-09-18 11:04:13,SPX,7625.67,7639.25,7775.0,2316,14,0.0788,0.011514
2026-09-18 11:04:13,SPX,7625.67,7639.25,7475.0,13,604,0.1291,0.011514
2026-09-18 11:04:13,SPX,7625.67,7639.25,7780.0,741,23,0.0797,0.011514
2026-09-18 11:04:13,SPX,7625.67,7639.25,7470.0,1,614,0.1307,0.011514
2026-09-18 11:04:13,SPX,7625.67,7639.25,7785.0,814,2,0.0806,0.011514
2026-09-18 11:04:13,SPX,7625.67,7639.25,7465.0,1,329,0.1322,0.011514
2026-09-18 11:04:13,SPX,7625.67,7639.25,7790.0,458,15,0.0817,0.011514
2026-09-18 11:04:13,SPX,7625.67,7639.25,7460.0,1,320,0.1337,0.011514
2026-09-18 11:04:13,SPX,7625.67,7639.25,7795.0,441,0,0.0828,0.011514
2026-09-18 11:04:13,SPX,7625.67,7639.25,7455.0,1,62,0.1352,0.011514
2026-09-18 11:04:13,SPX,7625.67,7639.25,7800.0,1860,98,0.0841,0.011514
2026-09-18 11:04:13,SPX,7625.67,7639.25,7450.0,18,363,0.1367,0.011514
2026-09-18 11:04:13,SPX,7625.67,7639.25,7805.0,290,0,0.0855,0.011514
2026-09-18 11:04:13,SPX,7625.67,7639.25,7445.0,1,81,0.1381,0.011514
2026-09-18 11:04:13,SPX,7625.67,7639.25,7810.0,617,9,0.087,0.011514
2026-09-18 11:04:13,SPX,7625.67,7639.25,7440.0,2,350,0.1395,0.011514
2026-09-18 11:04:13,SPX,7625.67,7639.25,7815.0,359,1,0.0885,0.011514
2026-09-18 11:04:13,SPX,7625.67,7639.25,7435.0,4,322,0.1409,0.011514
2026-09-18 11:04:13,SPX,7625.67,7639.25,7820.0,258,7,0.0901,0.011514
2026-09-18 11:04:13,SPX,7625.67,7639.25,7430.0,2,386,0.1423,0.011514
2026-09-18 11:04:13,SPX,7625.67,7639.25,7825.0,666,5,0.0918,0.011514
2026-09-18 11:04:13,SPX,7625.67,7639.25,7425.0,0,651,0.1437,0.011514
2026-09-18 11:04:13,SPX,7625.67,7639.25,7830.0,489,2,0.0936,0.011514
2026-09-18 11:04:13,SPX,7625.67,7639.25,7420.0,2,459,0.1451,0.011514
2026-09-18 11:04:13,SPX,7625.67,7639.25,7415.0,2,52,0.1465,0.011514
2026-09-18 11:04:13,SPX,7625.67,7639.25,7840.0,629,0,0.0971,0.011514
2026-09-18 11:04:13,SPX,7625.67,7639.25,7410.0,4,241,0.1479,0.011514
2026-09-18 11:04:13,SPX,7625.67,7639.25,7405.0,0,58,0.1493,0.011514
2026-09-18 11:04:13,SPX,7625.67,7639.25,7850.0,1056,6,0.1008,0.011514
2026-09-18 11:04:13,SPX,7625.67,7639.25,7400.0,5,526,0.1508,0.011514
2026-09-18 11:04:13,SPX,7625.67,7639.25,7395.0,0,384,0.1523,0.011514
2026-09-18 11:04:13,SPX,7625.67,7639.25,7860.0,391,0,0.1045,0.011514
2026-09-18 11:04:13,SPX,7625.67,7639.25,7390.0,0,144,0.1538,0.011514
2026-09-18 11:04:13,SPX,7625.67,7639.25,7380.0,32,125,0.157,0.011514
2026-09-18 11:04:13,SPX,7625.67,7639.25,7875.0,418,3,0.11,0.011514
2026-09-18 11:34:38,SPX,7626.77,7639.27,7625.0,2714,5754,0.1328,0.000505
2026-09-18 11:34:38,SPX,7626.77,7639.27,7630.0,1708,2992,0.1307,0.000505
2026-09-18 11:34:38,SPX,7626.77,7639.27,7620.0,1349,1067,0.1354,0.000505
2026-09-18 11:34:38,SPX,7626.77,7639.27,7635.0,1775,1781,0.1287,0.000505
2026-09-18 11:34:38,SPX,7626.77,7639.27,7615.0,1072,3137,0.138,0.000505
2026-09-18 11:34:38,SPX,7626.77,7639.27,7640.0,1740,2228,0.1277,0.000505
2026-09-18 11:34:38,SPX,7626.77,7639.27,7610.0,1041,1959,0.1414,0.000505
2026-09-18 11:34:38,SPX,7626.77,7639.27,7645.0,2364,1011,0.1287,0.000505
2026-09-18 11:34:38,SPX,7626.77,7639.27,7605.0,977,2877,0.145,0.000505
2026-09-18 11:34:38,SPX,7626.77,7639.27,7650.0,8069,7952,0.1306,0.000505
2026-09-18 11:34:38,SPX,7626.77,7639.27,7600.0,4544,9839,0.1498,0.000505
2026-09-18 11:34:38,SPX,7626.77,7639.27,7655.0,1659,1780,0.1333,0.000505
2026-09-18 11:34:38,SPX,7626.77,7639.27,7595.0,377,2219,0.1533,0.000505
2026-09-18 11:34:38,SPX,7626.77,7639.27,7660.0,3139,2320,0.1361,0.000505
2026-09-18 11:34:38,SPX,7626.77,7639.27,7590.0,567,2230,0.1581,0.000505
2026-09-18 11:34:38,SPX,7626.77,7639.27,7665.0,1718,666,0.1402,0.000505
2026-09-18 11:34:38,SPX,7626.77,7639.27,7585.0,390,1291,0.165,0.000505
2026-09-18 11:34:38,SPX,7626.77,7639.27,7670.0,4130,745,0.146,0.000505
2026-09-18 11:34:38,SPX,7626.77,7639.27,7580.0,665,2224,0.1716,0.000505
2026-09-18 11:34:38,SPX,7626.77,7639.27,7675.0,6657,2897,0.1535,0.000505
2026-09-18 11:34:38,SPX,7626.77,7639.27,7575.0,684,3253,0.1779,0.000505
2026-09-18 11:34:38,SPX,7626.77,7639.27,7680.0,3734,571,0.1613,0.000505
2026-09-18 11:34:38,SPX,7626.77,7639.27,7570.0,412,1774,0.1843,0.000505
2026-09-18 11:34:38,SPX,7626.77,7639.27,7685.0,2693,528,0.1688,0.000505
2026-09-18 11:34:38,SPX,7626.77,7639.27,7565.0,680,996,0.1929,0.000505
2026-09-18 11:34:38,SPX,7626.77,7639.27,7690.0,2281,1758,0.1766,0.000505
2026-09-18 11:34:38,SPX,7626.77,7639.27,7560.0,406,1642,0.1996,0.000505
2026-09-18 11:34:38,SPX,7626.77,7639.27,7695.0,2511,633,0.185,0.000505
2026-09-18 11:34:38,SPX,7626.77,7639.27,7555.0,308,1274,0.2137,0.000505
2026-09-18 11:34:38,SPX,7626.77,7639.27,7700.0,15419,5033,0.1936,0.000505
2026-09-18 11:34:38,SPX,7626.77,7639.27,7550.0,2770,11995,0.2215,0.000505
2026-09-18 11:34:38,SPX,7626.77,7639.27,7705.0,4697,706,0.2023,0.000505
2026-09-18 11:34:38,SPX,7626.77,7639.27,7545.0,1955,3057,0.2287,0.000505
2026-09-18 11:34:38,SPX,7626.77,7639.27,7710.0,2673,392,0.2111,0.000505
2026-09-18 11:34:38,SPX,7626.77,7639.27,7540.0,164,2595,0.236,0.000505
2026-09-18 11:34:38,SPX,7626.77,7639.27,7715.0,2888,369,0.2197,0.000505
2026-09-18 11:34:38,SPX,7626.77,7639.27,7535.0,196,2718,0.2417,0.000505
2026-09-18 11:34:38,SPX,7626.77,7639.27,7720.0,2920,1279,0.2274,0.000505
2026-09-18 11:34:38,SPX,7626.77,7639.27,7530.0,197,1877,0.2509,0.000505
2026-09-18 11:34:38,SPX,7626.77,7639.27,7725.0,5475,1260,0.2341,0.000505
2026-09-18 11:34:38,SPX,7626.77,7639.27,7525.0,236,2945,0.2628,0.000505
2026-09-18 11:34:38,SPX,7626.77,7639.27,7730.0,4490,466,0.2404,0.000505
2026-09-18 11:34:38,SPX,7626.77,7639.27,7520.0,232,3022,0.2748,0.000505
2026-09-18 11:34:38,SPX,7626.77,7639.27,7735.0,2575,669,0.2464,0.000505
2026-09-18 11:34:38,SPX,7626.77,7639.27,7515.0,146,1027,0.2861,0.000505
2026-09-18 11:34:38,SPX,7626.77,7639.27,7740.0,1873,426,0.2528,0.000505
2026-09-18 11:34:38,SPX,7626.77,7639.27,7510.0,153,2200,0.2964,0.000505
2026-09-18 11:34:38,SPX,7626.77,7639.27,7745.0,1301,180,0.2599,0.000505
2026-09-18 11:34:38,SPX,7626.77,7639.27,7505.0,90,2020,0.3059,0.000505
2026-09-18 11:34:38,SPX,7626.77,7639.27,7750.0,4479,1453,0.2679,0.000505
2026-09-18 11:34:38,SPX,7626.77,7639.27,7500.0,869,7492,0.3148,0.000505
2026-09-18 11:34:38,SPX,7626.77,7639.27,7755.0,2952,147,0.2766,0.000505
2026-09-18 11:34:38,SPX,7626.77,7639.27,7495.0,576,2455,0.3235,0.000505
2026-09-18 11:34:38,SPX,7626.77,7639.27,7760.0,3417,88,0.286,0.000505
2026-09-18 11:34:38,SPX,7626.77,7639.27,7490.0,72,1331,0.332,0.000505
2026-09-18 11:34:38,SPX,7626.77,7639.27,7765.0,5868,225,0.2956,0.000505
2026-09-18 11:34:38,SPX,7626.77,7639.27,7485.0,64,4029,0.34,0.000505
2026-09-18 11:34:38,SPX,7626.77,7639.27,7770.0,4212,242,0.3052,0.000505
2026-09-18 11:34:38,SPX,7626.77,7639.27,7480.0,112,1800,0.3477,0.000505
2026-09-18 11:34:38,SPX,7626.77,7639.27,7775.0,2737,470,0.3144,0.000505
2026-09-18 11:34:38,SPX,7626.77,7639.27,7475.0,343,4793,0.3557,0.000505
2026-09-18 11:34:38,SPX,7626.77,7639.27,7780.0,5741,251,0.3235,0.000505
2026-09-18 11:34:38,SPX,7626.77,7639.27,7470.0,97,1487,0.364,0.000505
2026-09-18 11:34:38,SPX,7626.77,7639.27,7785.0,1694,242,0.3324,0.000505
2026-09-18 11:34:38,SPX,7626.77,7639.27,7465.0,31,3010,0.3728,0.000505
2026-09-18 11:34:38,SPX,7626.77,7639.27,7790.0,2201,181,0.3411,0.000505
2026-09-18 11:34:38,SPX,7626.77,7639.27,7460.0,98,1219,0.3819,0.000505
2026-09-18 11:34:38,SPX,7626.77,7639.27,7795.0,1063,147,0.3496,0.000505
2026-09-18 11:34:38,SPX,7626.77,7639.27,7455.0,74,1809,0.3913,0.000505
2026-09-18 11:34:38,SPX,7626.77,7639.27,7800.0,5517,671,0.3577,0.000505
2026-09-18 11:34:38,SPX,7626.77,7639.27,7450.0,345,4652,0.4009,0.000505
2026-09-18 11:34:38,SPX,7626.77,7639.27,7805.0,7965,62,0.3654,0.000505
2026-09-18 11:34:38,SPX,7626.77,7639.27,7445.0,71,2883,0.4104,0.000505
2026-09-18 11:34:38,SPX,7626.77,7639.27,7810.0,1530,79,0.3725,0.000505
2026-09-18 11:34:38,SPX,7626.77,7639.27,7440.0,83,2643,0.4199,0.000505
2026-09-18 11:34:38,SPX,7626.77,7639.27,7815.0,1982,47,0.3791,0.000505
2026-09-18 11:34:38,SPX,7626.77,7639.27,7435.0,26,2072,0.4294,0.000505
2026-09-18 11:34:38,SPX,7626.77,7639.27,7820.0,3083,83,0.3852,0.000505
2026-09-18 11:34:38,SPX,7626.77,7639.27,7430.0,166,968,0.4389,0.000505
2026-09-18 11:34:38,SPX,7626.77,7639.27,7825.0,2828,125,0.3907,0.000505
2026-09-18 11:34:38,SPX,7626.77,7639.27,7425.0,448,3761,0.4484,0.000505
2026-09-18 11:34:38,SPX,7626.77,7639.27,7830.0,1315,77,0.3958,0.000505
2026-09-18 11:34:38,SPX,7626.77,7639.27,7420.0,101,889,0.458,0.000505
2026-09-18 11:34:38,SPX,7626.77,7639.27,7835.0,695,18,0.4003,0.000505
2026-09-18 11:34:38,SPX,7626.77,7639.27,7415.0,54,762,0.4677,0.000505
2026-09-18 11:34:38,SPX,7626.77,7639.27,7840.0,2146,57,0.4044,0.000505
2026-09-18 11:34:38,SPX,7626.77,7639.27,7410.0,269,1178,0.4775,0.000505
2026-09-18 11:34:38,SPX,7626.77,7639.27,7845.0,647,35,0.4081,0.000505
2026-09-18 11:34:38,SPX,7626.77,7639.27,7405.0,158,6263,0.4873,0.000505
2026-09-18 11:34:38,SPX,7626.77,7639.27,7850.0,4627,66,0.4114,0.000505
2026-09-18 11:34:38,SPX,7626.77,7639.27,7400.0,1059,9186,0.4969,0.000505
2026-09-18 11:34:38,SPX,7626.77,7639.27,7855.0,5587,27,0.4144,0.000505
2026-09-18 11:34:38,SPX,7626.77,7639.27,7395.0,30,2242,0.5062,0.000505
2026-09-18 11:34:38,SPX,7626.77,7639.27,7860.0,3849,124,0.417,0.000505
2026-09-18 11:34:38,SPX,7626.77,7639.27,7390.0,33,1231,0.5148,0.000505
2026-09-18 11:34:38,SPX,7626.77,7639.27,7865.0,902,11,0.4193,0.000505
2026-09-18 11:34:38,SPX,7626.77,7639.27,7385.0,78,981,0.523,0.000505
2026-09-18 11:34:38,SPX,7626.77,7639.27,7870.0,5254,20,0.4213,0.000505
2026-09-18 11:34:38,SPX,7626.77,7639.27,7380.0,70,1354,0.5307,0.000505
2026-09-18 11:34:38,SPX,7626.77,7639.27,7875.0,1892,71,0.423,0.000505
2026-09-18 11:34:38,SPX,7626.77,7639.27,7625.0,460,1569,0.0749,0.008718
2026-09-18 11:34:38,SPX,7626.77,7639.27,7630.0,294,456,0.0738,0.008718
2026-09-18 11:34:38,SPX,7626.77,7639.27,7620.0,273,1140,0.0759,0.008718
2026-09-18 11:34:38,SPX,7626.77,7639.27,7635.0,241,434,0.073,0.008718
2026-09-18 11:34:38,SPX,7626.77,7639.27,7615.0,229,229,0.077,0.008718
2026-09-18 11:34:38,SPX,7626.77,7639.27,7640.0,406,508,0.0722,0.008718
2026-09-18 11:34:38,SPX,7626.77,7639.27,7610.0,178,352,0.078,0.008718
2026-09-18 11:34:38,SPX,7626.77,7639.27,7645.0,224,1154,0.0715,0.008718
2026-09-18 11:34:38,SPX,7626.77,7639.27,7605.0,138,233,0.0795,0.008718
2026-09-18 11:34:38,SPX,7626.77,7639.27,7650.0,972,773,0.0709,0.008718
2026-09-18 11:34:38,SPX,7626.77,7639.27,7600.0,703,1529,0.0808,0.008718
2026-09-18 11:34:38,SPX,7626.77,7639.27,7655.0,479,200,0.0704,0.008718
2026-09-18 11:34:38,SPX,7626.77,7639.27,7595.0,112,296,0.082,0.008718
2026-09-18 11:34:38,SPX,7626.77,7639.27,7660.0,593,249,0.0699,0.008718
2026-09-18 11:34:38,SPX,7626.77,7639.27,7590.0,120,459,0.0834,0.008718
2026-09-18 11:34:38,SPX,7626.77,7639.27,7665.0,399,121,0.0696,0.008718
2026-09-18 11:34:38,SPX,7626.77,7639.27,7585.0,451,408,0.0852,0.008718
2026-09-18 11:34:38,SPX,7626.77,7639.27,7670.0,1418,229,0.069,0.008718
2026-09-18 11:34:38,SPX,7626.77,7639.27,7580.0,94,545,0.0868,0.008718
2026-09-18 11:34:38,SPX,7626.77,7639.27,7675.0,620,689,0.0685,0.008718
2026-09-18 11:34:38,SPX,7626.77,7639.27,7575.0,89,871,0.0877,0.008718
2026-09-18 11:34:38,SPX,7626.77,7639.27,7680.0,711,110,0.068,0.008718
2026-09-18 11:34:38,SPX,7626.77,7639.27,7570.0,89,285,0.0887,0.008718
2026-09-18 11:34:38,SPX,7626.77,7639.27,7685.0,692,67,0.0676,0.008718
2026-09-18 11:34:38,SPX,7626.77,7639.27,7565.0,52,254,0.0901,0.008718
2026-09-18 11:34:38,SPX,7626.77,7639.27,7690.0,674,179,0.0675,0.008718
2026-09-18 11:34:38,SPX,7626.77,7639.27,7560.0,218,436,0.0919,0.008718
2026-09-18 11:34:38,SPX,7626.77,7639.27,7695.0,1414,66,0.0677,0.008718
2026-09-18 11:34:38,SPX,7626.77,7639.27,7555.0,33,230,0.0935,0.008718
2026-09-18 11:34:38,SPX,7626.77,7639.27,7700.0,4856,3413,0.068,0.008718
2026-09-18 11:34:38,SPX,7626.77,7639.27,7550.0,133,2133,0.0948,0.008718
2026-09-18 11:34:38,SPX,7626.77,7639.27,7705.0,894,71,0.0684,0.008718
2026-09-18 11:34:38,SPX,7626.77,7639.27,7545.0,18,300,0.0958,0.008718
2026-09-18 11:34:38,SPX,7626.77,7639.27,7710.0,742,131,0.0689,0.008718
2026-09-18 11:34:38,SPX,7626.77,7639.27,7540.0,71,330,0.0972,0.008718
2026-09-18 11:34:38,SPX,7626.77,7639.27,7715.0,731,194,0.0693,0.008718
2026-09-18 11:34:38,SPX,7626.77,7639.27,7535.0,50,229,0.0992,0.008718
2026-09-18 11:34:38,SPX,7626.77,7639.27,7720.0,1095,229,0.0697,0.008718
2026-09-18 11:34:38,SPX,7626.77,7639.27,7530.0,43,381,0.1006,0.008718
2026-09-18 11:34:38,SPX,7626.77,7639.27,7725.0,1139,410,0.0701,0.008718
2026-09-18 11:34:38,SPX,7626.77,7639.27,7525.0,54,433,0.1016,0.008718
2026-09-18 11:34:38,SPX,7626.77,7639.27,7730.0,986,162,0.0707,0.008718
2026-09-18 11:34:38,SPX,7626.77,7639.27,7520.0,32,673,0.103,0.008718
2026-09-18 11:34:38,SPX,7626.77,7639.27,7735.0,653,192,0.0713,0.008718
2026-09-18 11:34:38,SPX,7626.77,7639.27,7515.0,42,637,0.1048,0.008718
2026-09-18 11:34:38,SPX,7626.77,7639.27,7740.0,946,196,0.0722,0.008718
2026-09-18 11:34:38,SPX,7626.77,7639.27,7510.0,23,352,0.1065,0.008718
2026-09-18 11:34:38,SPX,7626.77,7639.27,7745.0,450,31,0.0732,0.008718
2026-09-18 11:34:38,SPX,7626.77,7639.27,7505.0,16,178,0.1082,0.008718
2026-09-18 11:34:38,SPX,7626.77,7639.27,7750.0,1698,276,0.0744,0.008718
2026-09-18 11:34:38,SPX,7626.77,7639.27,7500.0,36,4019,0.1096,0.008718
2026-09-18 11:34:38,SPX,7626.77,7639.27,7755.0,595,16,0.0756,0.008718
2026-09-18 11:34:38,SPX,7626.77,7639.27,7495.0,13,485,0.111,0.008718
2026-09-18 11:34:38,SPX,7626.77,7639.27,7760.0,685,96,0.077,0.008718
2026-09-18 11:34:38,SPX,7626.77,7639.27,7490.0,21,419,0.1125,0.008718
2026-09-18 11:34:38,SPX,7626.77,7639.27,7765.0,651,33,0.0785,0.008718
2026-09-18 11:34:38,SPX,7626.77,7639.27,7485.0,5,192,0.1139,0.008718
2026-09-18 11:34:38,SPX,7626.77,7639.27,7770.0,500,30,0.0801,0.008718
2026-09-18 11:34:38,SPX,7626.77,7639.27,7480.0,8,1378,0.1155,0.008718
2026-09-18 11:34:38,SPX,7626.77,7639.27,7775.0,1623,142,0.082,0.008718
2026-09-18 11:34:38,SPX,7626.77,7639.27,7475.0,94,826,0.1173,0.008718
2026-09-18 11:34:38,SPX,7626.77,7639.27,7780.0,630,27,0.084,0.008718
2026-09-18 11:34:38,SPX,7626.77,7639.27,7470.0,11,312,0.1192,0.008718
2026-09-18 11:34:38,SPX,7626.77,7639.27,7785.0,385,0,0.0862,0.008718
2026-09-18 11:34:38,SPX,7626.77,7639.27,7465.0,0,165,0.121,0.008718
2026-09-18 11:34:38,SPX,7626.77,7639.27,7790.0,523,77,0.0886,0.008718
2026-09-18 11:34:38,SPX,7626.77,7639.27,7460.0,22,229,0.1229,0.008718
2026-09-18 11:34:38,SPX,7626.77,7639.27,7795.0,673,0,0.0911,0.008718
2026-09-18 11:34:38,SPX,7626.77,7639.27,7455.0,3,1253,0.125,0.008718
2026-09-18 11:34:38,SPX,7626.77,7639.27,7800.0,1966,588,0.0936,0.008718
2026-09-18 11:34:38,SPX,7626.77,7639.27,7450.0,32,1041,0.1271,0.008718
2026-09-18 11:34:38,SPX,7626.77,7639.27,7805.0,513,7,0.096,0.008718
2026-09-18 11:34:38,SPX,7626.77,7639.27,7445.0,11,188,0.1292,0.008718
2026-09-18 11:34:38,SPX,7626.77,7639.27,7810.0,649,5,0.0982,0.008718
2026-09-18 11:34:38,SPX,7626.77,7639.27,7440.0,3,152,0.1311,0.008718
2026-09-18 11:34:38,SPX,7626.77,7639.27,7815.0,594,0,0.1002,0.008718
2026-09-18 11:34:38,SPX,7626.77,7639.27,7435.0,1,140,0.1331,0.008718
2026-09-18 11:34:38,SPX,7626.77,7639.27,7820.0,775,13,0.1019,0.008718
2026-09-18 11:34:38,SPX,7626.77,7639.27,7430.0,3,543,0.135,0.008718
2026-09-18 11:34:38,SPX,7626.77,7639.27,7825.0,810,17,0.1035,0.008718
2026-09-18 11:34:38,SPX,7626.77,7639.27,7425.0,9,2271,0.1368,0.008718
2026-09-18 11:34:38,SPX,7626.77,7639.27,7830.0,681,0,0.1048,0.008718
2026-09-18 11:34:38,SPX,7626.77,7639.27,7420.0,4,217,0.1387,0.008718
2026-09-18 11:34:38,SPX,7626.77,7639.27,7835.0,168,0,0.1059,0.008718
2026-09-18 11:34:38,SPX,7626.77,7639.27,7415.0,5,186,0.1406,0.008718
2026-09-18 11:34:38,SPX,7626.77,7639.27,7840.0,648,2,0.1065,0.008718
2026-09-18 11:34:38,SPX,7626.77,7639.27,7410.0,2,190,0.1425,0.008718
2026-09-18 11:34:38,SPX,7626.77,7639.27,7845.0,218,0,0.107,0.008718
2026-09-18 11:34:38,SPX,7626.77,7639.27,7405.0,1,179,0.1445,0.008718
2026-09-18 11:34:38,SPX,7626.77,7639.27,7850.0,1125,13,0.1091,0.008718
2026-09-18 11:34:38,SPX,7626.77,7639.27,7400.0,9,1858,0.1465,0.008718
2026-09-18 11:34:38,SPX,7626.77,7639.27,7395.0,1,177,0.1485,0.008718
2026-09-18 11:34:38,SPX,7626.77,7639.27,7860.0,604,105,0.1086,0.008718
2026-09-18 11:34:38,SPX,7626.77,7639.27,7390.0,0,237,0.1506,0.008718
2026-09-18 11:34:38,SPX,7626.77,7639.27,7385.0,2,172,0.1528,0.008718
2026-09-18 11:34:38,SPX,7626.77,7639.27,7870.0,663,0,0.1071,0.008718
2026-09-18 11:34:38,SPX,7626.77,7639.27,7380.0,3,288,0.155,0.008718
2026-09-18 11:34:38,SPX,7626.77,7639.27,7875.0,1280,1,0.1062,0.008718
2026-09-18 11:34:38,SPX,7626.77,7639.27,7625.0,454,502,0.0876,0.011456
2026-09-18 11:34:38,SPX,7626.77,7639.27,7630.0,602,122,0.0864,0.011456
2026-09-18 11:34:38,SPX,7626.77,7639.27,7620.0,150,2055,0.0889,0.011456
2026-09-18 11:34:38,SPX,7626.77,7639.27,7635.0,76,174,0.0855,0.011456
2026-09-18 11:34:38,SPX,7626.77,7639.27,7615.0,112,136,0.0901,0.011456
2026-09-18 11:34:38,SPX,7626.77,7639.27,7640.0,433,318,0.0844,0.011456
2026-09-18 11:34:38,SPX,7626.77,7639.27,7610.0,227,117,0.0917,0.011456
2026-09-18 11:34:38,SPX,7626.77,7639.27,7645.0,78,2060,0.0835,0.011456
2026-09-18 11:34:38,SPX,7626.77,7639.27,7605.0,106,95,0.0926,0.011456
2026-09-18 11:34:38,SPX,7626.77,7639.27,7650.0,210,314,0.0826,0.011456
2026-09-18 11:34:38,SPX,7626.77,7639.27,7600.0,351,1083,0.0936,0.011456
2026-09-18 11:34:38,SPX,7626.77,7639.27,7655.0,93,56,0.0817,0.011456
2026-09-18 11:34:38,SPX,7626.77,7639.27,7595.0,69,277,0.095,0.011456
2026-09-18 11:34:38,SPX,7626.77,7639.27,7660.0,217,386,0.081,0.011456
2026-09-18 11:34:38,SPX,7626.77,7639.27,7590.0,77,683,0.0968,0.011456
2026-09-18 11:34:38,SPX,7626.77,7639.27,7665.0,131,90,0.0803,0.011456
2026-09-18 11:34:38,SPX,7626.77,7639.27,7585.0,225,1355,0.098,0.011456
2026-09-18 11:34:38,SPX,7626.77,7639.27,7670.0,2103,146,0.0795,0.011456
2026-09-18 11:34:38,SPX,7626.77,7639.27,7580.0,502,480,0.0988,0.011456
2026-09-18 11:34:38,SPX,7626.77,7639.27,7675.0,1179,441,0.0785,0.011456
2026-09-18 11:34:38,SPX,7626.77,7639.27,7575.0,48,509,0.0998,0.011456
2026-09-18 11:34:38,SPX,7626.77,7639.27,7680.0,451,168,0.0777,0.011456
2026-09-18 11:34:38,SPX,7626.77,7639.27,7570.0,51,283,0.1013,0.011456
2026-09-18 11:34:38,SPX,7626.77,7639.27,7685.0,405,81,0.0769,0.011456
2026-09-18 11:34:38,SPX,7626.77,7639.27,7565.0,29,113,0.1024,0.011456
2026-09-18 11:34:38,SPX,7626.77,7639.27,7690.0,154,280,0.0764,0.011456
2026-09-18 11:34:38,SPX,7626.77,7639.27,7560.0,44,1112,0.1038,0.011456
2026-09-18 11:34:38,SPX,7626.77,7639.27,7695.0,2011,55,0.0759,0.011456
2026-09-18 11:34:38,SPX,7626.77,7639.27,7555.0,56,77,0.1051,0.011456
2026-09-18 11:34:38,SPX,7626.77,7639.27,7700.0,837,353,0.0756,0.011456
2026-09-18 11:34:38,SPX,7626.77,7639.27,7550.0,58,1439,0.1064,0.011456
2026-09-18 11:34:38,SPX,7626.77,7639.27,7705.0,164,1,0.0754,0.011456
2026-09-18 11:34:38,SPX,7626.77,7639.27,7545.0,27,109,0.1075,0.011456
2026-09-18 11:34:38,SPX,7626.77,7639.27,7710.0,331,31,0.0752,0.011456
2026-09-18 11:34:38,SPX,7626.77,7639.27,7540.0,14,201,0.1091,0.011456
2026-09-18 11:34:38,SPX,7626.77,7639.27,7715.0,384,27,0.075,0.011456
2026-09-18 11:34:38,SPX,7626.77,7639.27,7535.0,19,132,0.1107,0.011456
2026-09-18 11:34:38,SPX,7626.77,7639.27,7720.0,459,32,0.0748,0.011456
2026-09-18 11:34:38,SPX,7626.77,7639.27,7530.0,22,435,0.1122,0.011456
2026-09-18 11:34:38,SPX,7626.77,7639.27,7725.0,304,82,0.0746,0.011456
2026-09-18 11:34:38,SPX,7626.77,7639.27,7525.0,47,256,0.1137,0.011456
2026-09-18 11:34:38,SPX,7626.77,7639.27,7730.0,221,25,0.0745,0.011456
2026-09-18 11:34:38,SPX,7626.77,7639.27,7520.0,9,143,0.1152,0.011456
2026-09-18 11:34:38,SPX,7626.77,7639.27,7735.0,190,11,0.0744,0.011456
2026-09-18 11:34:38,SPX,7626.77,7639.27,7515.0,14,210,0.1164,0.011456
2026-09-18 11:34:38,SPX,7626.77,7639.27,7740.0,458,135,0.0744,0.011456
2026-09-18 11:34:38,SPX,7626.77,7639.27,7510.0,48,680,0.1174,0.011456
2026-09-18 11:34:38,SPX,7626.77,7639.27,7745.0,407,2,0.0745,0.011456
2026-09-18 11:34:38,SPX,7626.77,7639.27,7505.0,0,277,0.1185,0.011456
2026-09-18 11:34:38,SPX,7626.77,7639.27,7750.0,1213,281,0.0747,0.011456
2026-09-18 11:34:38,SPX,7626.77,7639.27,7500.0,73,1273,0.1197,0.011456
2026-09-18 11:34:38,SPX,7626.77,7639.27,7755.0,2213,7,0.0751,0.011456
2026-09-18 11:34:38,SPX,7626.77,7639.27,7495.0,14,131,0.121,0.011456
2026-09-18 11:34:38,SPX,7626.77,7639.27,7760.0,935,13,0.0755,0.011456
2026-09-18 11:34:38,SPX,7626.77,7639.27,7490.0,64,463,0.1224,0.011456
2026-09-18 11:34:38,SPX,7626.77,7639.27,7765.0,776,12,0.0761,0.011456
2026-09-18 11:34:38,SPX,7626.77,7639.27,7485.0,122,539,0.124,0.011456
2026-09-18 11:34:38,SPX,7626.77,7639.27,7770.0,301,27,0.0768,0.011456
2026-09-18 11:34:38,SPX,7626.77,7639.27,7480.0,62,514,0.1255,0.011456
2026-09-18 11:34:38,SPX,7626.77,7639.27,7775.0,2316,14,0.0776,0.011456
2026-09-18 11:34:38,SPX,7626.77,7639.27,7475.0,13,604,0.127,0.011456
2026-09-18 11:34:38,SPX,7626.77,7639.27,7780.0,741,23,0.0786,0.011456
2026-09-18 11:34:38,SPX,7626.77,7639.27,7470.0,1,614,0.1286,0.011456
2026-09-18 11:34:38,SPX,7626.77,7639.27,7785.0,814,2,0.0796,0.011456
2026-09-18 11:34:38,SPX,7626.77,7639.27,7465.0,1,329,0.1302,0.011456
2026-09-18 11:34:38,SPX,7626.77,7639.27,7790.0,458,15,0.0807,0.011456
2026-09-18 11:34:38,SPX,7626.77,7639.27,7460.0,1,320,0.1317,0.011456
2026-09-18 11:34:38,SPX,7626.77,7639.27,7795.0,441,0,0.082,0.011456
2026-09-18 11:34:38,SPX,7626.77,7639.27,7455.0,1,62,0.1332,0.011456
2026-09-18 11:34:38,SPX,7626.77,7639.27,7800.0,1860,98,0.0833,0.011456
2026-09-18 11:34:38,SPX,7626.77,7639.27,7450.0,18,363,0.1347,0.011456
2026-09-18 11:34:38,SPX,7626.77,7639.27,7805.0,290,0,0.0848,0.011456
2026-09-18 11:34:38,SPX,7626.77,7639.27,7445.0,1,81,0.1362,0.011456
2026-09-18 11:34:38,SPX,7626.77,7639.27,7810.0,617,9,0.0864,0.011456
2026-09-18 11:34:38,SPX,7626.77,7639.27,7440.0,2,350,0.1377,0.011456
2026-09-18 11:34:38,SPX,7626.77,7639.27,7815.0,359,1,0.088,0.011456
2026-09-18 11:34:38,SPX,7626.77,7639.27,7435.0,4,322,0.1391,0.011456
2026-09-18 11:34:38,SPX,7626.77,7639.27,7820.0,258,7,0.0897,0.011456
2026-09-18 11:34:38,SPX,7626.77,7639.27,7430.0,2,386,0.1406,0.011456
2026-09-18 11:34:38,SPX,7626.77,7639.27,7825.0,666,5,0.0915,0.011456
2026-09-18 11:34:38,SPX,7626.77,7639.27,7425.0,0,651,0.142,0.011456
2026-09-18 11:34:38,SPX,7626.77,7639.27,7830.0,489,2,0.0934,0.011456
2026-09-18 11:34:38,SPX,7626.77,7639.27,7420.0,2,459,0.1435,0.011456
2026-09-18 11:34:38,SPX,7626.77,7639.27,7415.0,2,52,0.1449,0.011456
2026-09-18 11:34:38,SPX,7626.77,7639.27,7840.0,629,0,0.0972,0.011456
2026-09-18 11:34:38,SPX,7626.77,7639.27,7410.0,4,241,0.1464,0.011456
2026-09-18 11:34:38,SPX,7626.77,7639.27,7405.0,0,58,0.1479,0.011456
2026-09-18 11:34:38,SPX,7626.77,7639.27,7850.0,1056,6,0.1012,0.011456
2026-09-18 11:34:38,SPX,7626.77,7639.27,7400.0,5,526,0.1494,0.011456
2026-09-18 11:34:38,SPX,7626.77,7639.27,7395.0,0,384,0.151,0.011456
2026-09-18 11:34:38,SPX,7626.77,7639.27,7860.0,391,0,0.1052,0.011456
2026-09-18 11:34:38,SPX,7626.77,7639.27,7390.0,0,144,0.1525,0.011456
2026-09-18 11:34:38,SPX,7626.77,7639.27,7385.0,1,79,0.1541,0.011456
2026-09-18 11:34:38,SPX,7626.77,7639.27,7870.0,471,0,0.1091,0.011456
2026-09-18 11:34:38,SPX,7626.77,7639.27,7380.0,32,125,0.1558,0.011456
2026-09-18 11:34:38,SPX,7626.77,7639.27,7875.0,418,3,0.1111,0.011456
2026-09-18 12:05:00,SPX,7619.26,7636.52,7620.0,1349,1067,0.1267,0.000447
2026-09-18 12:05:00,SPX,7619.26,7636.52,7615.0,1072,3137,0.1291,0.000447
2026-09-18 12:05:00,SPX,7619.26,7636.52,7625.0,2714,5754,0.1253,0.000447
2026-09-18 12:05:00,SPX,7619.26,7636.52,7610.0,1041,1959,0.132,0.000447
2026-09-18 12:05:00,SPX,7619.26,7636.52,7630.0,1708,2992,0.1245,0.000447
2026-09-18 12:05:00,SPX,7619.26,7636.52,7605.0,977,2877,0.1358,0.000447
2026-09-18 12:05:00,SPX,7619.26,7636.52,7635.0,1775,1781,0.1232,0.000447
2026-09-18 12:05:00,SPX,7619.26,7636.52,7600.0,4544,9839,0.1409,0.000447
2026-09-18 12:05:00,SPX,7619.26,7636.52,7640.0,1740,2228,0.126,0.000447
2026-09-18 12:05:00,SPX,7619.26,7636.52,7595.0,377,2219,0.1468,0.000447
2026-09-18 12:05:00,SPX,7619.26,7636.52,7645.0,2364,1011,0.128,0.000447
2026-09-18 12:05:00,SPX,7619.26,7636.52,7590.0,567,2230,0.1512,0.000447
2026-09-18 12:05:00,SPX,7619.26,7636.52,7650.0,8069,7952,0.1317,0.000447
2026-09-18 12:05:00,SPX,7619.26,7636.52,7585.0,390,1291,0.1569,0.000447
2026-09-18 12:05:00,SPX,7619.26,7636.52,7655.0,1659,1780,0.1368,0.000447
2026-09-18 12:05:00,SPX,7619.26,7636.52,7580.0,665,2224,0.1644,0.000447
2026-09-18 12:05:00,SPX,7619.26,7636.52,7660.0,3139,2320,0.1432,0.000447
2026-09-18 12:05:00,SPX,7619.26,7636.52,7575.0,684,3253,0.1732,0.000447
2026-09-18 12:05:00,SPX,7619.26,7636.52,7665.0,1718,666,0.1513,0.000447
2026-09-18 12:05:00,SPX,7619.26,7636.52,7570.0,412,1774,0.1787,0.000447
2026-09-18 12:05:00,SPX,7619.26,7636.52,7670.0,4130,745,0.1604,0.000447
2026-09-18 12:05:00,SPX,7619.26,7636.52,7565.0,680,996,0.1868,0.000447
2026-09-18 12:05:00,SPX,7619.26,7636.52,7675.0,6657,2897,0.1698,0.000447
2026-09-18 12:05:00,SPX,7619.26,7636.52,7560.0,406,1642,0.1947,0.000447
2026-09-18 12:05:00,SPX,7619.26,7636.52,7680.0,3734,571,0.1792,0.000447
2026-09-18 12:05:00,SPX,7619.26,7636.52,7555.0,308,1274,0.2069,0.000447
2026-09-18 12:05:00,SPX,7619.26,7636.52,7685.0,2693,528,0.1879,0.000447
2026-09-18 12:05:00,SPX,7619.26,7636.52,7550.0,2770,11995,0.2143,0.000447
2026-09-18 12:05:00,SPX,7619.26,7636.52,7690.0,2281,1758,0.1963,0.000447
2026-09-18 12:05:00,SPX,7619.26,7636.52,7545.0,1955,3057,0.227,0.000447
2026-09-18 12:05:00,SPX,7619.26,7636.52,7695.0,2511,633,0.2057,0.000447
2026-09-18 12:05:00,SPX,7619.26,7636.52,7540.0,164,2595,0.2368,0.000447
2026-09-18 12:05:00,SPX,7619.26,7636.52,7700.0,15419,5033,0.216,0.000447
2026-09-18 12:05:00,SPX,7619.26,7636.52,7535.0,196,2718,0.2434,0.000447
2026-09-18 12:05:00,SPX,7619.26,7636.52,7705.0,4697,706,0.2262,0.000447
2026-09-18 12:05:00,SPX,7619.26,7636.52,7530.0,197,1877,0.2504,0.000447
2026-09-18 12:05:00,SPX,7619.26,7636.52,7710.0,2673,392,0.2352,0.000447
2026-09-18 12:05:00,SPX,7619.26,7636.52,7525.0,236,2945,0.261,0.000447
2026-09-18 12:05:00,SPX,7619.26,7636.52,7715.0,2888,369,0.2429,0.000447
2026-09-18 12:05:00,SPX,7619.26,7636.52,7520.0,232,3022,0.2723,0.000447
2026-09-18 12:05:00,SPX,7619.26,7636.52,7720.0,2920,1279,0.2498,0.000447
2026-09-18 12:05:00,SPX,7619.26,7636.52,7515.0,146,1027,0.284,0.000447
2026-09-18 12:05:00,SPX,7619.26,7636.52,7725.0,5475,1260,0.2567,0.000447
2026-09-18 12:05:00,SPX,7619.26,7636.52,7510.0,153,2200,0.2963,0.000447
2026-09-18 12:05:00,SPX,7619.26,7636.52,7730.0,4490,466,0.2643,0.000447
2026-09-18 12:05:00,SPX,7619.26,7636.52,7505.0,90,2020,0.3084,0.000447
2026-09-18 12:05:00,SPX,7619.26,7636.52,7735.0,2575,669,0.2724,0.000447
2026-09-18 12:05:00,SPX,7619.26,7636.52,7500.0,869,7492,0.3194,0.000447
2026-09-18 12:05:00,SPX,7619.26,7636.52,7740.0,1873,426,0.2815,0.000447
2026-09-18 12:05:00,SPX,7619.26,7636.52,7495.0,576,2455,0.3289,0.000447
2026-09-18 12:05:00,SPX,7619.26,7636.52,7745.0,1301,180,0.2913,0.000447
2026-09-18 12:05:00,SPX,7619.26,7636.52,7490.0,72,1331,0.337,0.000447
2026-09-18 12:05:00,SPX,7619.26,7636.52,7750.0,4479,1453,0.3015,0.000447
2026-09-18 12:05:00,SPX,7619.26,7636.52,7485.0,64,4029,0.3443,0.000447
2026-09-18 12:05:00,SPX,7619.26,7636.52,7755.0,2952,147,0.3118,0.000447
2026-09-18 12:05:00,SPX,7619.26,7636.52,7480.0,112,1800,0.3513,0.000447
2026-09-18 12:05:00,SPX,7619.26,7636.52,7760.0,3417,88,0.322,0.000447
2026-09-18 12:05:00,SPX,7619.26,7636.52,7475.0,343,4793,0.3585,0.000447
2026-09-18 12:05:00,SPX,7619.26,7636.52,7765.0,5868,225,0.3319,0.000447
2026-09-18 12:05:00,SPX,7619.26,7636.52,7470.0,97,1487,0.3663,0.000447
2026-09-18 12:05:00,SPX,7619.26,7636.52,7770.0,4212,242,0.3415,0.000447
2026-09-18 12:05:00,SPX,7619.26,7636.52,7465.0,31,3010,0.3748,0.000447
2026-09-18 12:05:00,SPX,7619.26,7636.52,7775.0,2737,470,0.3504,0.000447
2026-09-18 12:05:00,SPX,7619.26,7636.52,7460.0,98,1219,0.3841,0.000447
2026-09-18 12:05:00,SPX,7619.26,7636.52,7780.0,5741,251,0.3588,0.000447
2026-09-18 12:05:00,SPX,7619.26,7636.52,7455.0,74,1809,0.3941,0.000447
2026-09-18 12:05:00,SPX,7619.26,7636.52,7785.0,1694,242,0.3668,0.000447
2026-09-18 12:05:00,SPX,7619.26,7636.52,7450.0,345,4652,0.4047,0.000447
2026-09-18 12:05:00,SPX,7619.26,7636.52,7790.0,2201,181,0.3742,0.000447
2026-09-18 12:05:00,SPX,7619.26,7636.52,7445.0,71,2883,0.4155,0.000447
2026-09-18 12:05:00,SPX,7619.26,7636.52,7795.0,1063,147,0.3811,0.000447
2026-09-18 12:05:00,SPX,7619.26,7636.52,7440.0,83,2643,0.4264,0.000447
2026-09-18 12:05:00,SPX,7619.26,7636.52,7800.0,5517,671,0.3875,0.000447
2026-09-18 12:05:00,SPX,7619.26,7636.52,7435.0,26,2072,0.4372,0.000447
2026-09-18 12:05:00,SPX,7619.26,7636.52,7805.0,7965,62,0.3933,0.000447
2026-09-18 12:05:00,SPX,7619.26,7636.52,7430.0,166,968,0.448,0.000447
2026-09-18 12:05:00,SPX,7619.26,7636.52,7810.0,1530,79,0.3986,0.000447
2026-09-18 12:05:00,SPX,7619.26,7636.52,7425.0,448,3761,0.4588,0.000447
2026-09-18 12:05:00,SPX,7619.26,7636.52,7815.0,1982,47,0.4034,0.000447
2026-09-18 12:05:00,SPX,7619.26,7636.52,7420.0,101,889,0.4696,0.000447
2026-09-18 12:05:00,SPX,7619.26,7636.52,7820.0,3083,83,0.4077,0.000447
2026-09-18 12:05:00,SPX,7619.26,7636.52,7415.0,54,762,0.4803,0.000447
2026-09-18 12:05:00,SPX,7619.26,7636.52,7825.0,2828,125,0.4115,0.000447
2026-09-18 12:05:00,SPX,7619.26,7636.52,7410.0,269,1178,0.491,0.000447
2026-09-18 12:05:00,SPX,7619.26,7636.52,7830.0,1315,77,0.4149,0.000447
2026-09-18 12:05:00,SPX,7619.26,7636.52,7405.0,158,6263,0.5017,0.000447
2026-09-18 12:05:00,SPX,7619.26,7636.52,7835.0,695,18,0.4179,0.000447
2026-09-18 12:05:00,SPX,7619.26,7636.52,7400.0,1059,9186,0.5125,0.000447
2026-09-18 12:05:00,SPX,7619.26,7636.52,7840.0,2146,57,0.4206,0.000447
2026-09-18 12:05:00,SPX,7619.26,7636.52,7395.0,30,2242,0.5233,0.000447
2026-09-18 12:05:00,SPX,7619.26,7636.52,7845.0,647,35,0.4229,0.000447
2026-09-18 12:05:00,SPX,7619.26,7636.52,7390.0,33,1231,0.5341,0.000447
2026-09-18 12:05:00,SPX,7619.26,7636.52,7850.0,4627,66,0.4249,0.000447
2026-09-18 12:05:00,SPX,7619.26,7636.52,7385.0,78,981,0.5448,0.000447
2026-09-18 12:05:00,SPX,7619.26,7636.52,7855.0,5587,27,0.4267,0.000447
2026-09-18 12:05:00,SPX,7619.26,7636.52,7380.0,70,1354,0.5552,0.000447
2026-09-18 12:05:00,SPX,7619.26,7636.52,7860.0,3849,124,0.4282,0.000447
2026-09-18 12:05:00,SPX,7619.26,7636.52,7375.0,138,3252,0.5652,0.000447
2026-09-18 12:05:00,SPX,7619.26,7636.52,7865.0,902,11,0.4294,0.000447
2026-09-18 12:05:00,SPX,7619.26,7636.52,7370.0,96,875,0.5746,0.000447
2026-09-18 12:05:00,SPX,7619.26,7636.52,7620.0,273,1140,0.0758,0.00866
2026-09-18 12:05:00,SPX,7619.26,7636.52,7615.0,229,229,0.0768,0.00866
2026-09-18 12:05:00,SPX,7619.26,7636.52,7625.0,460,1569,0.075,0.00866
2026-09-18 12:05:00,SPX,7619.26,7636.52,7610.0,178,352,0.0779,0.00866
2026-09-18 12:05:00,SPX,7619.26,7636.52,7630.0,294,456,0.0741,0.00866
2026-09-18 12:05:00,SPX,7619.26,7636.52,7605.0,138,233,0.0791,0.00866
2026-09-18 12:05:00,SPX,7619.26,7636.52,7635.0,241,434,0.0733,0.00866
2026-09-18 12:05:00,SPX,7619.26,7636.52,7600.0,703,1529,0.0803,0.00866
2026-09-18 12:05:00,SPX,7619.26,7636.52,7640.0,406,508,0.0725,0.00866
2026-09-18 12:05:00,SPX,7619.26,7636.52,7595.0,112,296,0.0816,0.00866
2026-09-18 12:05:00,SPX,7619.26,7636.52,7645.0,224,1154,0.0716,0.00866
2026-09-18 12:05:00,SPX,7619.26,7636.52,7590.0,120,459,0.083,0.00866
2026-09-18 12:05:00,SPX,7619.26,7636.52,7650.0,972,773,0.0707,0.00866
2026-09-18 12:05:00,SPX,7619.26,7636.52,7585.0,451,408,0.084,0.00866
2026-09-18 12:05:00,SPX,7619.26,7636.52,7655.0,479,200,0.0701,0.00866
2026-09-18 12:05:00,SPX,7619.26,7636.52,7580.0,94,545,0.0858,0.00866
2026-09-18 12:05:00,SPX,7619.26,7636.52,7660.0,593,249,0.0696,0.00866
2026-09-18 12:05:00,SPX,7619.26,7636.52,7575.0,89,871,0.0874,0.00866
2026-09-18 12:05:00,SPX,7619.26,7636.52,7665.0,399,121,0.0692,0.00866
2026-09-18 12:05:00,SPX,7619.26,7636.52,7570.0,89,285,0.0893,0.00866
2026-09-18 12:05:00,SPX,7619.26,7636.52,7670.0,1418,229,0.0689,0.00866
2026-09-18 12:05:00,SPX,7619.26,7636.52,7565.0,52,254,0.0906,0.00866
2026-09-18 12:05:00,SPX,7619.26,7636.52,7675.0,620,689,0.0688,0.00866
2026-09-18 12:05:00,SPX,7619.26,7636.52,7560.0,218,436,0.0917,0.00866
2026-09-18 12:05:00,SPX,7619.26,7636.52,7680.0,711,110,0.0686,0.00866
2026-09-18 12:05:00,SPX,7619.26,7636.52,7555.0,33,230,0.0929,0.00866
2026-09-18 12:05:00,SPX,7619.26,7636.52,7685.0,692,67,0.0685,0.00866
2026-09-18 12:05:00,SPX,7619.26,7636.52,7550.0,133,2133,0.0942,0.00866
2026-09-18 12:05:00,SPX,7619.26,7636.52,7690.0,674,179,0.0684,0.00866
2026-09-18 12:05:00,SPX,7619.26,7636.52,7545.0,18,300,0.0956,0.00866
2026-09-18 12:05:00,SPX,7619.26,7636.52,7695.0,1414,66,0.0684,0.00866
2026-09-18 12:05:00,SPX,7619.26,7636.52,7540.0,71,330,0.097,0.00866
2026-09-18 12:05:00,SPX,7619.26,7636.52,7700.0,4856,3413,0.0684,0.00866
2026-09-18 12:05:00,SPX,7619.26,7636.52,7535.0,50,229,0.0985,0.00866
2026-09-18 12:05:00,SPX,7619.26,7636.52,7705.0,894,71,0.0685,0.00866
2026-09-18 12:05:00,SPX,7619.26,7636.52,7530.0,43,381,0.1001,0.00866
2026-09-18 12:05:00,SPX,7619.26,7636.52,7710.0,742,131,0.0689,0.00866
2026-09-18 12:05:00,SPX,7619.26,7636.52,7525.0,54,433,0.1019,0.00866
2026-09-18 12:05:00,SPX,7619.26,7636.52,7715.0,731,194,0.0695,0.00866
2026-09-18 12:05:00,SPX,7619.26,7636.52,7520.0,32,673,0.1035,0.00866
2026-09-18 12:05:00,SPX,7619.26,7636.52,7720.0,1095,229,0.0704,0.00866
2026-09-18 12:05:00,SPX,7619.26,7636.52,7515.0,42,637,0.1047,0.00866
2026-09-18 12:05:00,SPX,7619.26,7636.52,7725.0,1139,410,0.0714,0.00866
2026-09-18 12:05:00,SPX,7619.26,7636.52,7510.0,23,352,0.1058,0.00866
2026-09-18 12:05:00,SPX,7619.26,7636.52,7730.0,986,162,0.0727,0.00866
2026-09-18 12:05:00,SPX,7619.26,7636.52,7505.0,16,178,0.1073,0.00866
2026-09-18 12:05:00,SPX,7619.26,7636.52,7735.0,653,192,0.074,0.00866
2026-09-18 12:05:00,SPX,7619.26,7636.52,7500.0,36,4019,0.1093,0.00866
2026-09-18 12:05:00,SPX,7619.26,7636.52,7740.0,946,196,0.0754,0.00866
2026-09-18 12:05:00,SPX,7619.26,7636.52,7495.0,13,485,0.111,0.00866
2026-09-18 12:05:00,SPX,7619.26,7636.52,7745.0,450,31,0.0766,0.00866
2026-09-18 12:05:00,SPX,7619.26,7636.52,7490.0,21,419,0.1128,0.00866
2026-09-18 12:05:00,SPX,7619.26,7636.52,7750.0,1698,276,0.078,0.00866
2026-09-18 12:05:00,SPX,7619.26,7636.52,7485.0,5,192,0.1141,0.00866
2026-09-18 12:05:00,SPX,7619.26,7636.52,7755.0,595,16,0.0795,0.00866
2026-09-18 12:05:00,SPX,7619.26,7636.52,7480.0,8,1378,0.1152,0.00866
2026-09-18 12:05:00,SPX,7619.26,7636.52,7760.0,685,96,0.081,0.00866
2026-09-18 12:05:00,SPX,7619.26,7636.52,7475.0,94,826,0.1164,0.00866
2026-09-18 12:05:00,SPX,7619.26,7636.52,7765.0,651,33,0.0825,0.00866
2026-09-18 12:05:00,SPX,7619.26,7636.52,7470.0,11,312,0.1178,0.00866
2026-09-18 12:05:00,SPX,7619.26,7636.52,7770.0,500,30,0.0841,0.00866
2026-09-18 12:05:00,SPX,7619.26,7636.52,7465.0,0,165,0.1194,0.00866
2026-09-18 12:05:00,SPX,7619.26,7636.52,7775.0,1623,142,0.0858,0.00866
2026-09-18 12:05:00,SPX,7619.26,7636.52,7460.0,22,229,0.1211,0.00866
2026-09-18 12:05:00,SPX,7619.26,7636.52,7780.0,630,27,0.0876,0.00866
2026-09-18 12:05:00,SPX,7619.26,7636.52,7455.0,3,1253,0.1229,0.00866
2026-09-18 12:05:00,SPX,7619.26,7636.52,7785.0,385,0,0.0896,0.00866
2026-09-18 12:05:00,SPX,7619.26,7636.52,7450.0,32,1041,0.1248,0.00866
2026-09-18 12:05:00,SPX,7619.26,7636.52,7790.0,523,77,0.0916,0.00866
2026-09-18 12:05:00,SPX,7619.26,7636.52,7445.0,11,188,0.1267,0.00866
2026-09-18 12:05:00,SPX,7619.26,7636.52,7795.0,673,0,0.0936,0.00866
2026-09-18 12:05:00,SPX,7619.26,7636.52,7440.0,3,152,0.1287,0.00866
2026-09-18 12:05:00,SPX,7619.26,7636.52,7800.0,1966,588,0.0954,0.00866
2026-09-18 12:05:00,SPX,7619.26,7636.52,7435.0,1,140,0.1307,0.00866
2026-09-18 12:05:00,SPX,7619.26,7636.52,7805.0,513,7,0.097,0.00866
2026-09-18 12:05:00,SPX,7619.26,7636.52,7430.0,3,543,0.1327,0.00866
2026-09-18 12:05:00,SPX,7619.26,7636.52,7810.0,649,5,0.0983,0.00866
2026-09-18 12:05:00,SPX,7619.26,7636.52,7425.0,9,2271,0.1348,0.00866
2026-09-18 12:05:00,SPX,7619.26,7636.52,7815.0,594,0,0.0992,0.00866
2026-09-18 12:05:00,SPX,7619.26,7636.52,7420.0,4,217,0.1368,0.00866
2026-09-18 12:05:00,SPX,7619.26,7636.52,7820.0,775,13,0.0997,0.00866
2026-09-18 12:05:00,SPX,7619.26,7636.52,7415.0,5,186,0.1389,0.00866
2026-09-18 12:05:00,SPX,7619.26,7636.52,7825.0,810,17,0.0998,0.00866
2026-09-18 12:05:00,SPX,7619.26,7636.52,7410.0,2,190,0.1409,0.00866
2026-09-18 12:05:00,SPX,7619.26,7636.52,7830.0,681,0,0.0997,0.00866
2026-09-18 12:05:00,SPX,7619.26,7636.52,7405.0,1,179,0.1429,0.00866
2026-09-18 12:05:00,SPX,7619.26,7636.52,7835.0,168,0,0.0993,0.00866
2026-09-18 12:05:00,SPX,7619.26,7636.52,7400.0,9,1858,0.145,0.00866
2026-09-18 12:05:00,SPX,7619.26,7636.52,7840.0,648,2,0.0988,0.00866
2026-09-18 12:05:00,SPX,7619.26,7636.52,7395.0,1,177,0.147,0.00866
2026-09-18 12:05:00,SPX,7619.26,7636.52,7845.0,218,0,0.0981,0.00866
2026-09-18 12:05:00,SPX,7619.26,7636.52,7390.0,0,237,0.1491,0.00866
2026-09-18 12:05:00,SPX,7619.26,7636.52,7850.0,1125,13,0.0976,0.00866
2026-09-18 12:05:00,SPX,7619.26,7636.52,7385.0,2,172,0.1511,0.00866
2026-09-18 12:05:00,SPX,7619.26,7636.52,7380.0,3,288,0.1532,0.00866
2026-09-18 12:05:00,SPX,7619.26,7636.52,7860.0,604,105,0.0958,0.00866
2026-09-18 12:05:00,SPX,7619.26,7636.52,7375.0,1,291,0.1554,0.00866
2026-09-18 12:05:00,SPX,7619.26,7636.52,7370.0,1,243,0.1575,0.00866
2026-09-18 12:05:00,SPX,7619.26,7636.52,7620.0,150,2055,0.15,0.011398
2026-09-18 12:05:00,SPX,7619.26,7636.52,7615.0,112,136,0.15,0.011398
2026-09-18 12:05:00,SPX,7619.26,7636.52,7625.0,454,502,0.0877,0.011398
2026-09-18 12:05:00,SPX,7619.26,7636.52,7610.0,227,117,0.0917,0.011398
2026-09-18 12:05:00,SPX,7619.26,7636.52,7630.0,602,122,0.0867,0.011398
2026-09-18 12:05:00,SPX,7619.26,7636.52,7605.0,106,95,0.0932,0.011398
2026-09-18 12:05:00,SPX,7619.26,7636.52,7635.0,76,174,0.15,0.011398
2026-09-18 12:05:00,SPX,7619.26,7636.52,7600.0,351,1083,0.0941,0.011398
2026-09-18 12:05:00,SPX,7619.26,7636.52,7640.0,433,318,0.0847,0.011398
2026-09-18 12:05:00,SPX,7619.26,7636.52,7595.0,69,277,0.15,0.011398
2026-09-18 12:05:00,SPX,7619.26,7636.52,7645.0,78,0,0.15,0.011398
2026-09-18 12:05:00,SPX,7619.26,7636.52,7580.0,502,480,0.0991,0.011398
2026-09-18 12:05:00,SPX,7619.26,7636.52,7660.0,217,0,0.0812,0.011398
2026-09-18 12:05:00,SPX,7619.26,7636.52,7575.0,48,509,0.1005,0.011398
2026-09-18 12:05:00,SPX,7619.26,7636.52,7665.0,0,90,0.0802,0.011398
2026-09-18 12:05:00,SPX,7619.26,7636.52,7570.0,51,283,0.1016,0.011398
2026-09-18 12:05:00,SPX,7619.26,7636.52,7670.0,2103,146,0.0793,0.011398
2026-09-18 12:05:00,SPX,7619.26,7636.52,7565.0,29,113,0.103,0.011398
2026-09-18 12:05:00,SPX,7619.26,7636.52,7675.0,1179,441,0.0784,0.011398
2026-09-18 12:05:00,SPX,7619.26,7636.52,7560.0,44,1112,0.1048,0.011398
2026-09-18 12:05:00,SPX,7619.26,7636.52,7680.0,451,168,0.0778,0.011398
2026-09-18 12:05:00,SPX,7619.26,7636.52,7555.0,56,77,0.1057,0.011398
2026-09-18 12:05:00,SPX,7619.26,7636.52,7685.0,405,81,0.0773,0.011398
2026-09-18 12:05:00,SPX,7619.26,7636.52,7550.0,58,1439,0.1071,0.011398
2026-09-18 12:05:00,SPX,7619.26,7636.52,7690.0,154,280,0.0769,0.011398
2026-09-18 12:05:00,SPX,7619.26,7636.52,7545.0,27,109,0.1085,0.011398
2026-09-18 12:05:00,SPX,7619.26,7636.52,7695.0,2011,55,0.0766,0.011398
2026-09-18 12:05:00,SPX,7619.26,7636.52,7540.0,14,201,0.1097,0.011398
2026-09-18 12:05:00,SPX,7619.26,7636.52,7700.0,837,353,0.0763,0.011398
2026-09-18 12:05:00,SPX,7619.26,7636.52,7535.0,19,132,0.1108,0.011398
2026-09-18 12:05:00,SPX,7619.26,7636.52,7705.0,164,1,0.076,0.011398
2026-09-18 12:05:00,SPX,7619.26,7636.52,7530.0,22,435,0.1125,0.011398
2026-09-18 12:05:00,SPX,7619.26,7636.52,7710.0,331,31,0.0757,0.011398
2026-09-18 12:05:00,SPX,7619.26,7636.52,7525.0,47,256,0.1141,0.011398
2026-09-18 12:05:00,SPX,7619.26,7636.52,7715.0,384,27,0.0754,0.011398
2026-09-18 12:05:00,SPX,7619.26,7636.52,7520.0,9,143,0.1157,0.011398
2026-09-18 12:05:00,SPX,7619.26,7636.52,7720.0,459,32,0.0751,0.011398
2026-09-18 12:05:00,SPX,7619.26,7636.52,7515.0,14,210,0.1171,0.011398
2026-09-18 12:05:00,SPX,7619.26,7636.52,7725.0,304,82,0.0749,0.011398
2026-09-18 12:05:00,SPX,7619.26,7636.52,7510.0,48,680,0.1185,0.011398
2026-09-18 12:05:00,SPX,7619.26,7636.52,7730.0,221,25,0.0748,0.011398
2026-09-18 12:05:00,SPX,7619.26,7636.52,7505.0,8,277,0.1198,0.011398
2026-09-18 12:05:00,SPX,7619.26,7636.52,7735.0,190,11,0.0749,0.011398
2026-09-18 12:05:00,SPX,7619.26,7636.52,7500.0,73,1273,0.1209,0.011398
2026-09-18 12:05:00,SPX,7619.26,7636.52,7740.0,458,135,0.0751,0.011398
2026-09-18 12:05:00,SPX,7619.26,7636.52,7495.0,14,131,0.122,0.011398
2026-09-18 12:05:00,SPX,7619.26,7636.52,7745.0,407,2,0.0755,0.011398
2026-09-18 12:05:00,SPX,7619.26,7636.52,7490.0,64,463,0.1232,0.011398
2026-09-18 12:05:00,SPX,7619.26,7636.52,7750.0,1213,281,0.076,0.011398
2026-09-18 12:05:00,SPX,7619.26,7636.52,7485.0,122,539,0.1245,0.011398
2026-09-18 12:05:00,SPX,7619.26,7636.52,7755.0,2213,7,0.0767,0.011398
2026-09-18 12:05:00,SPX,7619.26,7636.52,7480.0,62,514,0.126,0.011398
2026-09-18 12:05:00,SPX,7619.26,7636.52,7760.0,935,13,0.0775,0.011398
2026-09-18 12:05:00,SPX,7619.26,7636.52,7475.0,13,604,0.1276,0.011398
2026-09-18 12:05:00,SPX,7619.26,7636.52,7765.0,776,12,0.0783,0.011398
2026-09-18 12:05:00,SPX,7619.26,7636.52,7470.0,1,614,0.1292,0.011398
2026-09-18 12:05:00,SPX,7619.26,7636.52,7770.0,301,27,0.0792,0.011398
2026-09-18 12:05:00,SPX,7619.26,7636.52,7465.0,1,329,0.1308,0.011398
2026-09-18 12:05:00,SPX,7619.26,7636.52,7775.0,2316,14,0.0801,0.011398
2026-09-18 12:05:00,SPX,7619.26,7636.52,7460.0,1,320,0.1324,0.011398
2026-09-18 12:05:00,SPX,7619.26,7636.52,7780.0,741,23,0.081,0.011398
2026-09-18 12:05:00,SPX,7619.26,7636.52,7455.0,1,62,0.134,0.011398
2026-09-18 12:05:00,SPX,7619.26,7636.52,7785.0,814,2,0.0821,0.011398
2026-09-18 12:05:00,SPX,7619.26,7636.52,7450.0,18,363,0.1356,0.011398
2026-09-18 12:05:00,SPX,7619.26,7636.52,7790.0,458,15,0.0832,0.011398
2026-09-18 12:05:00,SPX,7619.26,7636.52,7445.0,1,81,0.1371,0.011398
2026-09-18 12:05:00,SPX,7619.26,7636.52,7795.0,441,0,0.0845,0.011398
2026-09-18 12:05:00,SPX,7619.26,7636.52,7440.0,2,350,0.1385,0.011398
2026-09-18 12:05:00,SPX,7619.26,7636.52,7800.0,1860,98,0.0859,0.011398
2026-09-18 12:05:00,SPX,7619.26,7636.52,7435.0,4,322,0.14,0.011398
2026-09-18 12:05:00,SPX,7619.26,7636.52,7430.0,2,386,0.1414,0.011398
2026-09-18 12:05:00,SPX,7619.26,7636.52,7810.0,617,9,0.0889,0.011398
2026-09-18 12:05:00,SPX,7619.26,7636.52,7425.0,0,651,0.1428,0.011398
2026-09-18 12:05:00,SPX,7619.26,7636.52,7815.0,359,1,0.0906,0.011398
2026-09-18 12:05:00,SPX,7619.26,7636.52,7420.0,2,459,0.1442,0.011398
2026-09-18 12:05:00,SPX,7619.26,7636.52,7820.0,258,7,0.0924,0.011398
2026-09-18 12:05:00,SPX,7619.26,7636.52,7415.0,2,52,0.1456,0.011398
2026-09-18 12:05:00,SPX,7619.26,7636.52,7825.0,666,5,0.0942,0.011398
2026-09-18 12:05:00,SPX,7619.26,7636.52,7410.0,4,241,0.147,0.011398
2026-09-18 12:05:00,SPX,7619.26,7636.52,7830.0,489,2,0.0962,0.011398
2026-09-18 12:05:00,SPX,7619.26,7636.52,7405.0,0,58,0.1484,0.011398
2026-09-18 12:05:00,SPX,7619.26,7636.52,7400.0,5,526,0.1498,0.011398
2026-09-18 12:05:00,SPX,7619.26,7636.52,7840.0,629,0,0.1002,0.011398
2026-09-18 12:05:00,SPX,7619.26,7636.52,7395.0,0,384,0.1513,0.011398
2026-09-18 12:05:00,SPX,7619.26,7636.52,7390.0,0,144,0.1528,0.011398
2026-09-18 12:05:00,SPX,7619.26,7636.52,7850.0,1056,6,0.1044,0.011398
2026-09-18 12:05:00,SPX,7619.26,7636.52,7385.0,1,79,0.1543,0.011398
2026-09-18 12:05:00,SPX,7619.26,7636.52,7380.0,32,125,0.1558,0.011398
2026-09-18 12:05:00,SPX,7619.26,7636.52,7860.0,391,0,0.1087,0.011398
2026-09-18 12:05:00,SPX,7619.26,7636.52,7375.0,0,196,0.1574,0.011398
2026-09-18 12:05:00,SPX,7619.26,7636.52,7370.0,0,122,0.159,0.011398
2026-09-18 12:35:27,SPX,7621.03,7637.25,7620.0,1349,1067,0.1257,0.000389
2026-09-18 12:35:27,SPX,7621.03,7637.25,7625.0,2714,5754,0.1237,0.000389
2026-09-18 12:35:27,SPX,7621.03,7637.25,7615.0,1072,3137,0.1272,0.000389
2026-09-18 12:35:27,SPX,7621.03,7637.25,7630.0,1708,2992,0.1218,0.000389
2026-09-18 12:35:27,SPX,7621.03,7637.25,7610.0,1041,1959,0.1312,0.000389
2026-09-18 12:35:27,SPX,7621.03,7637.25,7635.0,1775,1781,0.1218,0.000389
2026-09-18 12:35:27,SPX,7621.03,7637.25,7605.0,977,2877,0.1346,0.000389
2026-09-18 12:35:27,SPX,7621.03,7637.25,7640.0,1740,2228,0.1239,0.000389
2026-09-18 12:35:27,SPX,7621.03,7637.25,7600.0,4544,9839,0.1384,0.000389
2026-09-18 12:35:27,SPX,7621.03,7637.25,7645.0,2364,1011,0.1264,0.000389
2026-09-18 12:35:27,SPX,7621.03,7637.25,7595.0,377,2219,0.1431,0.000389
2026-09-18 12:35:27,SPX,7621.03,7637.25,7650.0,8069,7952,0.1299,0.000389
2026-09-18 12:35:27,SPX,7621.03,7637.25,7590.0,567,2230,0.1476,0.000389
2026-09-18 12:35:27,SPX,7621.03,7637.25,7655.0,1659,1780,0.1356,0.000389
2026-09-18 12:35:27,SPX,7621.03,7637.25,7585.0,390,1291,0.1559,0.000389
2026-09-18 12:35:27,SPX,7621.03,7637.25,7660.0,3139,2320,0.1436,0.000389
2026-09-18 12:35:27,SPX,7621.03,7637.25,7580.0,665,2224,0.1618,0.000389
2026-09-18 12:35:27,SPX,7621.03,7637.25,7665.0,1718,666,0.1534,0.000389
2026-09-18 12:35:27,SPX,7621.03,7637.25,7575.0,684,3253,0.1686,0.000389
2026-09-18 12:35:27,SPX,7621.03,7637.25,7670.0,4130,745,0.1637,0.000389
2026-09-18 12:35:27,SPX,7621.03,7637.25,7570.0,412,1774,0.1754,0.000389
2026-09-18 12:35:27,SPX,7621.03,7637.25,7675.0,6657,2897,0.1743,0.000389
2026-09-18 12:35:27,SPX,7621.03,7637.25,7565.0,680,996,0.1867,0.000389
2026-09-18 12:35:27,SPX,7621.03,7637.25,7680.0,3734,571,0.1857,0.000389
2026-09-18 12:35:27,SPX,7621.03,7637.25,7560.0,406,1642,0.1933,0.000389
2026-09-18 12:35:27,SPX,7621.03,7637.25,7685.0,2693,528,0.1981,0.000389
2026-09-18 12:35:27,SPX,7621.03,7637.25,7555.0,308,1274,0.2053,0.000389
2026-09-18 12:35:27,SPX,7621.03,7637.25,7690.0,2281,1758,0.2099,0.000389
2026-09-18 12:35:27,SPX,7621.03,7637.25,7550.0,2770,11995,0.2163,0.000389
2026-09-18 12:35:27,SPX,7621.03,7637.25,7695.0,2511,633,0.2181,0.000389
2026-09-18 12:35:27,SPX,7621.03,7637.25,7545.0,1955,3057,0.2251,0.000389
2026-09-18 12:35:27,SPX,7621.03,7637.25,7700.0,15419,5033,0.2245,0.000389
2026-09-18 12:35:27,SPX,7621.03,7637.25,7540.0,164,2595,0.2335,0.000389
2026-09-18 12:35:27,SPX,7621.03,7637.25,7705.0,4697,706,0.2311,0.000389
2026-09-18 12:35:27,SPX,7621.03,7637.25,7535.0,196,2718,0.2461,0.000389
2026-09-18 12:35:27,SPX,7621.03,7637.25,7710.0,2673,392,0.2382,0.000389
2026-09-18 12:35:27,SPX,7621.03,7637.25,7530.0,197,1877,0.259,0.000389
2026-09-18 12:35:27,SPX,7621.03,7637.25,7715.0,2888,369,0.2462,0.000389
2026-09-18 12:35:27,SPX,7621.03,7637.25,7525.0,236,2945,0.2723,0.000389
2026-09-18 12:35:27,SPX,7621.03,7637.25,7720.0,2920,1279,0.255,0.000389
2026-09-18 12:35:27,SPX,7621.03,7637.25,7520.0,232,3022,0.2843,0.000389
2026-09-18 12:35:27,SPX,7621.03,7637.25,7725.0,5475,1260,0.2648,0.000389
2026-09-18 12:35:27,SPX,7621.03,7637.25,7515.0,146,1027,0.2947,0.000389
2026-09-18 12:35:27,SPX,7621.03,7637.25,7730.0,4490,466,0.2754,0.000389
2026-09-18 12:35:27,SPX,7621.03,7637.25,7510.0,153,2200,0.3046,0.000389
2026-09-18 12:35:27,SPX,7621.03,7637.25,7735.0,2575,669,0.2866,0.000389
2026-09-18 12:35:27,SPX,7621.03,7637.25,7505.0,90,2020,0.3149,0.000389
2026-09-18 12:35:27,SPX,7621.03,7637.25,7740.0,1873,426,0.2977,0.000389
2026-09-18 12:35:27,SPX,7621.03,7637.25,7500.0,869,7492,0.3259,0.000389
2026-09-18 12:35:27,SPX,7621.03,7637.25,7745.0,1301,180,0.3088,0.000389
2026-09-18 12:35:27,SPX,7621.03,7637.25,7495.0,576,2455,0.3369,0.000389
2026-09-18 12:35:27,SPX,7621.03,7637.25,7750.0,4479,1453,0.3198,0.000389
2026-09-18 12:35:27,SPX,7621.03,7637.25,7490.0,72,1331,0.3476,0.000389
2026-09-18 12:35:27,SPX,7621.03,7637.25,7755.0,2952,147,0.3305,0.000389
2026-09-18 12:35:27,SPX,7621.03,7637.25,7485.0,64,4029,0.3577,0.000389
2026-09-18 12:35:27,SPX,7621.03,7637.25,7760.0,3417,88,0.3409,0.000389
2026-09-18 12:35:27,SPX,7621.03,7637.25,7480.0,112,1800,0.3677,0.000389
2026-09-18 12:35:27,SPX,7621.03,7637.25,7765.0,5868,225,0.351,0.000389
2026-09-18 12:35:27,SPX,7621.03,7637.25,7475.0,343,4793,0.3783,0.000389
2026-09-18 12:35:27,SPX,7621.03,7637.25,7770.0,4212,242,0.3606,0.000389
2026-09-18 12:35:27,SPX,7621.03,7637.25,7470.0,97,1487,0.3895,0.000389
2026-09-18 12:35:27,SPX,7621.03,7637.25,7775.0,2737,470,0.3697,0.000389
2026-09-18 12:35:27,SPX,7621.03,7637.25,7465.0,31,3010,0.3988,0.000389
2026-09-18 12:35:27,SPX,7621.03,7637.25,7780.0,5741,251,0.3781,0.000389
2026-09-18 12:35:27,SPX,7621.03,7637.25,7460.0,98,1219,0.4046,0.000389
2026-09-18 12:35:27,SPX,7621.03,7637.25,7785.0,1694,242,0.3859,0.000389
2026-09-18 12:35:27,SPX,7621.03,7637.25,7455.0,74,1809,0.4089,0.000389
2026-09-18 12:35:27,SPX,7621.03,7637.25,7790.0,2201,181,0.3932,0.000389
2026-09-18 12:35:27,SPX,7621.03,7637.25,7450.0,345,4652,0.415,0.000389
2026-09-18 12:35:27,SPX,7621.03,7637.25,7795.0,1063,147,0.3998,0.000389
2026-09-18 12:35:27,SPX,7621.03,7637.25,7445.0,71,2883,0.4246,0.000389
2026-09-18 12:35:27,SPX,7621.03,7637.25,7800.0,5517,671,0.4058,0.000389
2026-09-18 12:35:27,SPX,7621.03,7637.25,7440.0,83,2643,0.4353,0.000389
2026-09-18 12:35:27,SPX,7621.03,7637.25,7805.0,7965,62,0.4113,0.000389
2026-09-18 12:35:27,SPX,7621.03,7637.25,7435.0,26,2072,0.4466,0.000389
2026-09-18 12:35:27,SPX,7621.03,7637.25,7810.0,1530,79,0.4163,0.000389
2026-09-18 12:35:27,SPX,7621.03,7637.25,7430.0,166,968,0.458,0.000389
2026-09-18 12:35:27,SPX,7621.03,7637.25,7815.0,1982,47,0.4208,0.000389
2026-09-18 12:35:27,SPX,7621.03,7637.25,7425.0,448,3761,0.4691,0.000389
2026-09-18 12:35:27,SPX,7621.03,7637.25,7820.0,3083,83,0.4248,0.000389
2026-09-18 12:35:27,SPX,7621.03,7637.25,7420.0,101,889,0.48,0.000389
2026-09-18 12:35:27,SPX,7621.03,7637.25,7825.0,2828,125,0.4285,0.000389
2026-09-18 12:35:27,SPX,7621.03,7637.25,7415.0,54,762,0.4906,0.000389
2026-09-18 12:35:27,SPX,7621.03,7637.25,7830.0,1315,77,0.4317,0.000389
2026-09-18 12:35:27,SPX,7621.03,7637.25,7410.0,269,1178,0.501,0.000389
2026-09-18 12:35:27,SPX,7621.03,7637.25,7835.0,695,18,0.4345,0.000389
2026-09-18 12:35:27,SPX,7621.03,7637.25,7405.0,158,6263,0.5116,0.000389
2026-09-18 12:35:27,SPX,7621.03,7637.25,7840.0,2146,57,0.4371,0.000389
2026-09-18 12:35:27,SPX,7621.03,7637.25,7400.0,1059,9186,0.5227,0.000389
2026-09-18 12:35:27,SPX,7621.03,7637.25,7845.0,647,35,0.4393,0.000389
2026-09-18 12:35:27,SPX,7621.03,7637.25,7395.0,30,2242,0.5343,0.000389
2026-09-18 12:35:27,SPX,7621.03,7637.25,7850.0,4627,66,0.4412,0.000389
2026-09-18 12:35:27,SPX,7621.03,7637.25,7390.0,33,1231,0.5459,0.000389
2026-09-18 12:35:27,SPX,7621.03,7637.25,7855.0,5587,27,0.4429,0.000389
2026-09-18 12:35:27,SPX,7621.03,7637.25,7385.0,78,981,0.5575,0.000389
2026-09-18 12:35:27,SPX,7621.03,7637.25,7860.0,3849,124,0.4444,0.000389
2026-09-18 12:35:27,SPX,7621.03,7637.25,7380.0,70,0,0.5687,0.000389
2026-09-18 12:35:27,SPX,7621.03,7637.25,7865.0,902,11,0.4456,0.000389
2026-09-18 12:35:27,SPX,7621.03,7637.25,7375.0,138,3252,0.5793,0.000389
2026-09-18 12:35:27,SPX,7621.03,7637.25,7870.0,5254,20,0.4466,0.000389
2026-09-18 12:35:27,SPX,7621.03,7637.25,7620.0,273,1140,0.074,0.008602
2026-09-18 12:35:27,SPX,7621.03,7637.25,7625.0,460,1569,0.0731,0.008602
2026-09-18 12:35:27,SPX,7621.03,7637.25,7615.0,229,229,0.0753,0.008602
2026-09-18 12:35:27,SPX,7621.03,7637.25,7630.0,294,456,0.0721,0.008602
2026-09-18 12:35:27,SPX,7621.03,7637.25,7610.0,178,352,0.0764,0.008602
2026-09-18 12:35:27,SPX,7621.03,7637.25,7635.0,241,434,0.0712,0.008602
2026-09-18 12:35:27,SPX,7621.03,7637.25,7605.0,138,233,0.0778,0.008602
2026-09-18 12:35:27,SPX,7621.03,7637.25,7640.0,406,508,0.0702,0.008602
2026-09-18 12:35:27,SPX,7621.03,7637.25,7600.0,703,1529,0.0789,0.008602
2026-09-18 12:35:27,SPX,7621.03,7637.25,7645.0,224,1154,0.0693,0.008602
2026-09-18 12:35:27,SPX,7621.03,7637.25,7595.0,112,296,0.0801,0.008602
2026-09-18 12:35:27,SPX,7621.03,7637.25,7650.0,972,773,0.0686,0.008602
2026-09-18 12:35:27,SPX,7621.03,7637.25,7590.0,120,459,0.0814,0.008602
2026-09-18 12:35:27,SPX,7621.03,7637.25,7655.0,479,200,0.068,0.008602
2026-09-18 12:35:27,SPX,7621.03,7637.25,7585.0,451,408,0.083,0.008602
2026-09-18 12:35:27,SPX,7621.03,7637.25,7660.0,593,249,0.0676,0.008602
2026-09-18 12:35:27,SPX,7621.03,7637.25,7580.0,94,545,0.0849,0.008602
2026-09-18 12:35:27,SPX,7621.03,7637.25,7665.0,399,121,0.0673,0.008602
2026-09-18 12:35:27,SPX,7621.03,7637.25,7575.0,89,871,0.0867,0.008602
2026-09-18 12:35:27,SPX,7621.03,7637.25,7670.0,1418,229,0.0671,0.008602
2026-09-18 12:35:27,SPX,7621.03,7637.25,7570.0,89,285,0.0881,0.008602
2026-09-18 12:35:27,SPX,7621.03,7637.25,7675.0,620,689,0.0668,0.008602
2026-09-18 12:35:27,SPX,7621.03,7637.25,7565.0,52,254,0.0893,0.008602
2026-09-18 12:35:27,SPX,7621.03,7637.25,7680.0,711,110,0.0666,0.008602
2026-09-18 12:35:27,SPX,7621.03,7637.25,7560.0,218,436,0.0906,0.008602
2026-09-18 12:35:27,SPX,7621.03,7637.25,7685.0,692,67,0.0664,0.008602
2026-09-18 12:35:27,SPX,7621.03,7637.25,7555.0,33,230,0.092,0.008602
2026-09-18 12:35:27,SPX,7621.03,7637.25,7690.0,674,179,0.0663,0.008602
2026-09-18 12:35:27,SPX,7621.03,7637.25,7550.0,133,2133,0.0937,0.008602
2026-09-18 12:35:27,SPX,7621.03,7637.25,7695.0,1414,66,0.0664,0.008602
2026-09-18 12:35:27,SPX,7621.03,7637.25,7545.0,18,300,0.0955,0.008602
2026-09-18 12:35:27,SPX,7621.03,7637.25,7700.0,4856,3413,0.0667,0.008602
2026-09-18 12:35:27,SPX,7621.03,7637.25,7540.0,71,330,0.0974,0.008602
2026-09-18 12:35:27,SPX,7621.03,7637.25,7705.0,894,71,0.0671,0.008602
2026-09-18 12:35:27,SPX,7621.03,7637.25,7535.0,50,229,0.0991,0.008602
2026-09-18 12:35:27,SPX,7621.03,7637.25,7710.0,742,131,0.0678,0.008602
2026-09-18 12:35:27,SPX,7621.03,7637.25,7530.0,43,381,0.1004,0.008602
2026-09-18 12:35:27,SPX,7621.03,7637.25,7715.0,731,194,0.0687,0.008602
2026-09-18 12:35:27,SPX,7621.03,7637.25,7525.0,54,433,0.1013,0.008602
2026-09-18 12:35:27,SPX,7621.03,7637.25,7720.0,1095,229,0.0698,0.008602
2026-09-18 12:35:27,SPX,7621.03,7637.25,7520.0,32,673,0.1027,0.008602
2026-09-18 12:35:27,SPX,7621.03,7637.25,7725.0,1139,410,0.0709,0.008602
2026-09-18 12:35:27,SPX,7621.03,7637.25,7515.0,42,637,0.1042,0.008602
2026-09-18 12:35:27,SPX,7621.03,7637.25,7730.0,986,162,0.0721,0.008602
2026-09-18 12:35:27,SPX,7621.03,7637.25,7510.0,23,352,0.1062,0.008602
2026-09-18 12:35:27,SPX,7621.03,7637.25,7735.0,653,192,0.0734,0.008602
2026-09-18 12:35:27,SPX,7621.03,7637.25,7505.0,16,178,0.108,0.008602
2026-09-18 12:35:27,SPX,7621.03,7637.25,7740.0,946,196,0.0748,0.008602
2026-09-18 12:35:27,SPX,7621.03,7637.25,7500.0,36,4019,0.1098,0.008602
2026-09-18 12:35:27,SPX,7621.03,7637.25,7745.0,450,31,0.0762,0.008602
2026-09-18 12:35:27,SPX,7621.03,7637.25,7495.0,13,485,0.1113,0.008602
2026-09-18 12:35:27,SPX,7621.03,7637.25,7750.0,1698,276,0.0757,0.008602
2026-09-18 12:35:27,SPX,7621.03,7637.25,7490.0,21,419,0.1126,0.008602
2026-09-18 12:35:27,SPX,7621.03,7637.25,7755.0,595,16,0.0772,0.008602
2026-09-18 12:35:27,SPX,7621.03,7637.25,7485.0,5,192,0.114,0.008602
2026-09-18 12:35:27,SPX,7621.03,7637.25,7760.0,685,96,0.0788,0.008602
2026-09-18 12:35:27,SPX,7621.03,7637.25,7480.0,8,1378,0.1156,0.008602
2026-09-18 12:35:27,SPX,7621.03,7637.25,7765.0,651,33,0.0804,0.008602
2026-09-18 12:35:27,SPX,7621.03,7637.25,7475.0,94,826,0.1173,0.008602
2026-09-18 12:35:27,SPX,7621.03,7637.25,7770.0,500,30,0.0821,0.008602
2026-09-18 12:35:27,SPX,7621.03,7637.25,7470.0,11,312,0.1191,0.008602
2026-09-18 12:35:27,SPX,7621.03,7637.25,7775.0,1623,142,0.0838,0.008602
2026-09-18 12:35:27,SPX,7621.03,7637.25,7465.0,0,165,0.121,0.008602
2026-09-18 12:35:27,SPX,7621.03,7637.25,7780.0,630,27,0.0855,0.008602
2026-09-18 12:35:27,SPX,7621.03,7637.25,7460.0,22,229,0.1231,0.008602
2026-09-18 12:35:27,SPX,7621.03,7637.25,7785.0,385,0,0.0872,0.008602
2026-09-18 12:35:27,SPX,7621.03,7637.25,7455.0,3,1253,0.1251,0.008602
2026-09-18 12:35:27,SPX,7621.03,7637.25,7790.0,523,77,0.0888,0.008602
2026-09-18 12:35:27,SPX,7621.03,7637.25,7450.0,32,1041,0.1271,0.008602
2026-09-18 12:35:27,SPX,7621.03,7637.25,7795.0,673,0,0.0904,0.008602
2026-09-18 12:35:27,SPX,7621.03,7637.25,7445.0,11,188,0.1291,0.008602
2026-09-18 12:35:27,SPX,7621.03,7637.25,7800.0,1966,588,0.0917,0.008602
2026-09-18 12:35:27,SPX,7621.03,7637.25,7440.0,3,152,0.131,0.008602
2026-09-18 12:35:27,SPX,7621.03,7637.25,7805.0,513,7,0.0928,0.008602
2026-09-18 12:35:27,SPX,7621.03,7637.25,7435.0,1,140,0.1329,0.008602
2026-09-18 12:35:27,SPX,7621.03,7637.25,7810.0,649,5,0.0937,0.008602
2026-09-18 12:35:27,SPX,7621.03,7637.25,7430.0,3,543,0.1348,0.008602
2026-09-18 12:35:27,SPX,7621.03,7637.25,7815.0,594,0,0.0942,0.008602
2026-09-18 12:35:27,SPX,7621.03,7637.25,7425.0,9,2271,0.1366,0.008602
2026-09-18 12:35:27,SPX,7621.03,7637.25,7820.0,775,13,0.0944,0.008602
2026-09-18 12:35:27,SPX,7621.03,7637.25,7420.0,4,217,0.1385,0.008602
2026-09-18 12:35:27,SPX,7621.03,7637.25,7825.0,810,17,0.0944,0.008602
2026-09-18 12:35:27,SPX,7621.03,7637.25,7415.0,5,186,0.1404,0.008602
2026-09-18 12:35:27,SPX,7621.03,7637.25,7830.0,681,0,0.0942,0.008602
2026-09-18 12:35:27,SPX,7621.03,7637.25,7410.0,2,190,0.1424,0.008602
2026-09-18 12:35:27,SPX,7621.03,7637.25,7835.0,168,0,0.0937,0.008602
2026-09-18 12:35:27,SPX,7621.03,7637.25,7405.0,1,179,0.1443,0.008602
2026-09-18 12:35:27,SPX,7621.03,7637.25,7840.0,648,2,0.0931,0.008602
2026-09-18 12:35:27,SPX,7621.03,7637.25,7400.0,9,1858,0.1464,0.008602
2026-09-18 12:35:27,SPX,7621.03,7637.25,7845.0,218,0,0.0924,0.008602
2026-09-18 12:35:27,SPX,7621.03,7637.25,7395.0,1,177,0.1484,0.008602
2026-09-18 12:35:27,SPX,7621.03,7637.25,7850.0,1125,13,0.0916,0.008602
2026-09-18 12:35:27,SPX,7621.03,7637.25,7390.0,0,237,0.1505,0.008602
2026-09-18 12:35:27,SPX,7621.03,7637.25,7385.0,2,172,0.1527,0.008602
2026-09-18 12:35:27,SPX,7621.03,7637.25,7860.0,604,105,0.0899,0.008602
2026-09-18 12:35:27,SPX,7621.03,7637.25,7380.0,3,288,0.1549,0.008602
2026-09-18 12:35:27,SPX,7621.03,7637.25,7375.0,1,291,0.1571,0.008602
2026-09-18 12:35:27,SPX,7621.03,7637.25,7870.0,663,0,0.0881,0.008602
2026-09-18 12:35:27,SPX,7621.03,7637.25,7620.0,150,2055,0.0881,0.01134
2026-09-18 12:35:27,SPX,7621.03,7637.25,7625.0,454,502,0.0868,0.01134
2026-09-18 12:35:27,SPX,7621.03,7637.25,7595.0,0,277,0.0952,0.01134
2026-09-18 12:35:27,SPX,7621.03,7637.25,7650.0,210,314,0.0812,0.01134
2026-09-18 12:35:27,SPX,7621.03,7637.25,7590.0,77,683,0.0967,0.01134
2026-09-18 12:35:27,SPX,7621.03,7637.25,7655.0,93,56,0.0802,0.01134
2026-09-18 12:35:27,SPX,7621.03,7637.25,7585.0,225,1355,0.0979,0.01134
2026-09-18 12:35:27,SPX,7621.03,7637.25,7660.0,217,386,0.0794,0.01134
2026-09-18 12:35:27,SPX,7621.03,7637.25,7580.0,502,480,0.099,0.01134
2026-09-18 12:35:27,SPX,7621.03,7637.25,7665.0,131,90,0.0789,0.01134
2026-09-18 12:35:27,SPX,7621.03,7637.25,7575.0,48,509,0.1002,0.01134
2026-09-18 12:35:27,SPX,7621.03,7637.25,7670.0,2103,146,0.0782,0.01134
2026-09-18 12:35:27,SPX,7621.03,7637.25,7570.0,51,283,0.1016,0.01134
2026-09-18 12:35:27,SPX,7621.03,7637.25,7675.0,1179,441,0.0776,0.01134
2026-09-18 12:35:27,SPX,7621.03,7637.25,7565.0,29,113,0.1033,0.01134
2026-09-18 12:35:27,SPX,7621.03,7637.25,7680.0,451,168,0.0769,0.01134
2026-09-18 12:35:27,SPX,7621.03,7637.25,7560.0,44,1112,0.1045,0.01134
2026-09-18 12:35:27,SPX,7621.03,7637.25,7685.0,405,81,0.076,0.01134
2026-09-18 12:35:27,SPX,7621.03,7637.25,7555.0,56,77,0.1059,0.01134
2026-09-18 12:35:27,SPX,7621.03,7637.25,7690.0,154,280,0.0751,0.01134
2026-09-18 12:35:27,SPX,7621.03,7637.25,7550.0,58,1439,0.1073,0.01134
2026-09-18 12:35:27,SPX,7621.03,7637.25,7695.0,2011,55,0.0746,0.01134
2026-09-18 12:35:27,SPX,7621.03,7637.25,7545.0,27,109,0.1087,0.01134
2026-09-18 12:35:27,SPX,7621.03,7637.25,7700.0,837,353,0.0742,0.01134
2026-09-18 12:35:27,SPX,7621.03,7637.25,7540.0,14,201,0.1103,0.01134
2026-09-18 12:35:27,SPX,7621.03,7637.25,7705.0,164,1,0.0739,0.01134
2026-09-18 12:35:27,SPX,7621.03,7637.25,7535.0,19,132,0.112,0.01134
2026-09-18 12:35:27,SPX,7621.03,7637.25,7710.0,331,31,0.0738,0.01134
2026-09-18 12:35:27,SPX,7621.03,7637.25,7530.0,22,435,0.1137,0.01134
2026-09-18 12:35:27,SPX,7621.03,7637.25,7715.0,384,27,0.0737,0.01134
2026-09-18 12:35:27,SPX,7621.03,7637.25,7525.0,47,256,0.1152,0.01134
2026-09-18 12:35:27,SPX,7621.03,7637.25,7720.0,459,32,0.0737,0.01134
2026-09-18 12:35:27,SPX,7621.03,7637.25,7520.0,9,143,0.1166,0.01134
2026-09-18 12:35:27,SPX,7621.03,7637.25,7725.0,304,82,0.0738,0.01134
2026-09-18 12:35:27,SPX,7621.03,7637.25,7515.0,14,210,0.1181,0.01134
2026-09-18 12:35:27,SPX,7621.03,7637.25,7730.0,221,25,0.0738,0.01134
2026-09-18 12:35:27,SPX,7621.03,7637.25,7510.0,48,680,0.1195,0.01134
2026-09-18 12:35:27,SPX,7621.03,7637.25,7735.0,190,11,0.0738,0.01134
2026-09-18 12:35:27,SPX,7621.03,7637.25,7505.0,8,277,0.1209,0.01134
2026-09-18 12:35:27,SPX,7621.03,7637.25,7740.0,458,135,0.0739,0.01134
2026-09-18 12:35:27,SPX,7621.03,7637.25,7500.0,73,1273,0.1222,0.01134
2026-09-18 12:35:27,SPX,7621.03,7637.25,7745.0,407,2,0.074,0.01134
2026-09-18 12:35:27,SPX,7621.03,7637.25,7495.0,14,131,0.1235,0.01134
2026-09-18 12:35:27,SPX,7621.03,7637.25,7750.0,1213,281,0.0742,0.01134
2026-09-18 12:35:27,SPX,7621.03,7637.25,7490.0,64,463,0.1248,0.01134
2026-09-18 12:35:27,SPX,7621.03,7637.25,7755.0,2213,7,0.0746,0.01134
2026-09-18 12:35:27,SPX,7621.03,7637.25,7485.0,122,539,0.1262,0.01134
2026-09-18 12:35:27,SPX,7621.03,7637.25,7760.0,935,13,0.0751,0.01134
2026-09-18 12:35:27,SPX,7621.03,7637.25,7480.0,62,514,0.1277,0.01134
2026-09-18 12:35:27,SPX,7621.03,7637.25,7765.0,776,12,0.0757,0.01134
2026-09-18 12:35:27,SPX,7621.03,7637.25,7475.0,13,604,0.1293,0.01134
2026-09-18 12:35:27,SPX,7621.03,7637.25,7770.0,301,27,0.0765,0.01134
2026-09-18 12:35:27,SPX,7621.03,7637.25,7470.0,1,614,0.1309,0.01134
2026-09-18 12:35:27,SPX,7621.03,7637.25,7775.0,2316,14,0.0774,0.01134
2026-09-18 12:35:27,SPX,7621.03,7637.25,7465.0,1,329,0.1325,0.01134
2026-09-18 12:35:27,SPX,7621.03,7637.25,7780.0,741,23,0.0784,0.01134
2026-09-18 12:35:27,SPX,7621.03,7637.25,7460.0,1,320,0.1341,0.01134
2026-09-18 12:35:27,SPX,7621.03,7637.25,7785.0,814,2,0.0794,0.01134
2026-09-18 12:35:27,SPX,7621.03,7637.25,7455.0,1,62,0.1357,0.01134
2026-09-18 12:35:27,SPX,7621.03,7637.25,7790.0,458,15,0.0805,0.01134
2026-09-18 12:35:27,SPX,7621.03,7637.25,7450.0,18,363,0.1373,0.01134
2026-09-18 12:35:27,SPX,7621.03,7637.25,7795.0,441,0,0.0818,0.01134
2026-09-18 12:35:27,SPX,7621.03,7637.25,7445.0,1,81,0.1389,0.01134
2026-09-18 12:35:27,SPX,7621.03,7637.25,7800.0,1860,98,0.0832,0.01134
2026-09-18 12:35:27,SPX,7621.03,7637.25,7440.0,2,350,0.1404,0.01134
2026-09-18 12:35:27,SPX,7621.03,7637.25,7805.0,290,0,0.0847,0.01134
2026-09-18 12:35:27,SPX,7621.03,7637.25,7435.0,4,322,0.1419,0.01134
2026-09-18 12:35:27,SPX,7621.03,7637.25,7810.0,617,9,0.0863,0.01134
2026-09-18 12:35:27,SPX,7621.03,7637.25,7430.0,2,386,0.1434,0.01134
2026-09-18 12:35:27,SPX,7621.03,7637.25,7815.0,359,1,0.0881,0.01134
2026-09-18 12:35:27,SPX,7621.03,7637.25,7425.0,0,651,0.1449,0.01134
2026-09-18 12:35:27,SPX,7621.03,7637.25,7820.0,258,7,0.0899,0.01134
2026-09-18 12:35:27,SPX,7621.03,7637.25,7420.0,2,459,0.1464,0.01134
2026-09-18 12:35:27,SPX,7621.03,7637.25,7825.0,666,5,0.0919,0.01134
2026-09-18 12:35:27,SPX,7621.03,7637.25,7415.0,2,52,0.1479,0.01134
2026-09-18 12:35:27,SPX,7621.03,7637.25,7830.0,489,2,0.0939,0.01134
2026-09-18 12:35:27,SPX,7621.03,7637.25,7410.0,4,241,0.1494,0.01134
2026-09-18 12:35:27,SPX,7621.03,7637.25,7405.0,0,58,0.1509,0.01134
2026-09-18 12:35:27,SPX,7621.03,7637.25,7840.0,629,0,0.098,0.01134
2026-09-18 12:35:27,SPX,7621.03,7637.25,7400.0,5,526,0.1524,0.01134
2026-09-18 12:35:27,SPX,7621.03,7637.25,7395.0,0,384,0.1539,0.01134
2026-09-18 12:35:27,SPX,7621.03,7637.25,7850.0,1056,6,0.1023,0.01134
2026-09-18 12:35:27,SPX,7621.03,7637.25,7390.0,0,144,0.1555,0.01134
2026-09-18 12:35:27,SPX,7621.03,7637.25,7385.0,1,79,0.1571,0.01134
2026-09-18 12:35:27,SPX,7621.03,7637.25,7860.0,391,0,0.1065,0.01134
2026-09-18 12:35:27,SPX,7621.03,7637.25,7380.0,32,125,0.1587,0.01134
2026-09-18 12:35:27,SPX,7621.03,7637.25,7375.0,0,196,0.1603,0.01134
2026-09-18 12:35:27,SPX,7621.03,7637.25,7870.0,471,0,0.1105,0.01134
2026-09-18 13:05:51,SPX,7624.24,7638.29,7625.0,2714,5754,0.114,0.000331
2026-09-18 13:05:51,SPX,7624.24,7638.29,7620.0,1349,1067,0.1156,0.000331
2026-09-18 13:05:51,SPX,7624.24,7638.29,7630.0,1708,2992,0.1144,0.000331
2026-09-18 13:05:51,SPX,7624.24,7638.29,7615.0,1072,3137,0.1191,0.000331
2026-09-18 13:05:51,SPX,7624.24,7638.29,7635.0,1775,1781,0.1136,0.000331
2026-09-18 13:05:51,SPX,7624.24,7638.29,7610.0,1041,1959,0.1224,0.000331
2026-09-18 13:05:51,SPX,7624.24,7638.29,7640.0,1740,2228,0.1139,0.000331
2026-09-18 13:05:51,SPX,7624.24,7638.29,7605.0,977,2877,0.1273,0.000331
2026-09-18 13:05:51,SPX,7624.24,7638.29,7645.0,2364,1011,0.1193,0.000331
2026-09-18 13:05:51,SPX,7624.24,7638.29,7600.0,4544,9839,0.132,0.000331
2026-09-18 13:05:51,SPX,7624.24,7638.29,7650.0,8069,7952,0.1254,0.000331
2026-09-18 13:05:51,SPX,7624.24,7638.29,7595.0,377,2219,0.1389,0.000331
2026-09-18 13:05:51,SPX,7624.24,7638.29,7655.0,1659,1780,0.1329,0.000331
2026-09-18 13:05:51,SPX,7624.24,7638.29,7590.0,567,2230,0.1479,0.000331
2026-09-18 13:05:51,SPX,7624.24,7638.29,7660.0,3139,2320,0.1415,0.000331
2026-09-18 13:05:51,SPX,7624.24,7638.29,7585.0,390,1291,0.1561,0.000331
2026-09-18 13:05:51,SPX,7624.24,7638.29,7665.0,1718,666,0.1548,0.000331
2026-09-18 13:05:51,SPX,7624.24,7638.29,7580.0,665,2224,0.1667,0.000331
2026-09-18 13:05:51,SPX,7624.24,7638.29,7670.0,4130,745,0.1616,0.000331
2026-09-18 13:05:51,SPX,7624.24,7638.29,7575.0,684,3253,0.1775,0.000331
2026-09-18 13:05:51,SPX,7624.24,7638.29,7675.0,6657,2897,0.1747,0.000331
2026-09-18 13:05:51,SPX,7624.24,7638.29,7570.0,412,1774,0.1858,0.000331
2026-09-18 13:05:51,SPX,7624.24,7638.29,7680.0,3734,571,0.1858,0.000331
2026-09-18 13:05:51,SPX,7624.24,7638.29,7565.0,680,996,0.1984,0.000331
2026-09-18 13:05:51,SPX,7624.24,7638.29,7685.0,2693,528,0.1977,0.000331
2026-09-18 13:05:51,SPX,7624.24,7638.29,7560.0,406,1642,0.2151,0.000331
2026-09-18 13:05:51,SPX,7624.24,7638.29,7690.0,2281,1758,0.2097,0.000331
2026-09-18 13:05:51,SPX,7624.24,7638.29,7555.0,308,1274,0.2297,0.000331
2026-09-18 13:05:51,SPX,7624.24,7638.29,7695.0,2511,633,0.2201,0.000331
2026-09-18 13:05:51,SPX,7624.24,7638.29,7550.0,2770,11995,0.2413,0.000331
2026-09-18 13:05:51,SPX,7624.24,7638.29,7700.0,15419,5033,0.2281,0.000331
2026-09-18 13:05:51,SPX,7624.24,7638.29,7545.0,1955,3057,0.2532,0.000331
2026-09-18 13:05:51,SPX,7624.24,7638.29,7705.0,4697,706,0.2353,0.000331
2026-09-18 13:05:51,SPX,7624.24,7638.29,7540.0,164,2595,0.2659,0.000331
2026-09-18 13:05:51,SPX,7624.24,7638.29,7710.0,2673,392,0.2432,0.000331
2026-09-18 13:05:51,SPX,7624.24,7638.29,7535.0,196,2718,0.2779,0.000331
2026-09-18 13:05:51,SPX,7624.24,7638.29,7715.0,2888,369,0.2522,0.000331
2026-09-18 13:05:51,SPX,7624.24,7638.29,7530.0,197,1877,0.289,0.000331
2026-09-18 13:05:51,SPX,7624.24,7638.29,7720.0,2920,1279,0.2623,0.000331
2026-09-18 13:05:51,SPX,7624.24,7638.29,7525.0,236,2945,0.2996,0.000331
2026-09-18 13:05:51,SPX,7624.24,7638.29,7725.0,5475,1260,0.2732,0.000331
2026-09-18 13:05:51,SPX,7624.24,7638.29,7520.0,232,3022,0.3105,0.000331
2026-09-18 13:05:51,SPX,7624.24,7638.29,7730.0,4490,466,0.2846,0.000331
2026-09-18 13:05:51,SPX,7624.24,7638.29,7515.0,146,1027,0.322,0.000331
2026-09-18 13:05:51,SPX,7624.24,7638.29,7735.0,2575,669,0.2964,0.000331
2026-09-18 13:05:51,SPX,7624.24,7638.29,7510.0,153,2200,0.3342,0.000331
2026-09-18 13:05:51,SPX,7624.24,7638.29,7740.0,1873,426,0.3083,0.000331
2026-09-18 13:05:51,SPX,7624.24,7638.29,7505.0,0,2020,0.3469,0.000331
2026-09-18 13:05:51,SPX,7624.24,7638.29,7745.0,1301,180,0.3201,0.000331
2026-09-18 13:05:51,SPX,7624.24,7638.29,7500.0,869,7492,0.3595,0.000331
2026-09-18 13:05:51,SPX,7624.24,7638.29,7750.0,4479,1453,0.3317,0.000331
2026-09-18 13:05:51,SPX,7624.24,7638.29,7495.0,576,2455,0.3719,0.000331
2026-09-18 13:05:51,SPX,7624.24,7638.29,7755.0,2952,147,0.3431,0.000331
2026-09-18 13:05:51,SPX,7624.24,7638.29,7490.0,72,1331,0.384,0.000331
2026-09-18 13:05:51,SPX,7624.24,7638.29,7760.0,3417,88,0.3542,0.000331
2026-09-18 13:05:51,SPX,7624.24,7638.29,7485.0,64,4029,0.396,0.000331
2026-09-18 13:05:51,SPX,7624.24,7638.29,7765.0,5868,225,0.365,0.000331
2026-09-18 13:05:51,SPX,7624.24,7638.29,7480.0,112,1800,0.4076,0.000331
2026-09-18 13:05:51,SPX,7624.24,7638.29,7770.0,4212,242,0.3752,0.000331
2026-09-18 13:05:51,SPX,7624.24,7638.29,7475.0,343,4793,0.4191,0.000331
2026-09-18 13:05:51,SPX,7624.24,7638.29,7775.0,2737,470,0.3846,0.000331
2026-09-18 13:05:51,SPX,7624.24,7638.29,7470.0,97,1487,0.4304,0.000331
2026-09-18 13:05:51,SPX,7624.24,7638.29,7780.0,5741,251,0.3933,0.000331
2026-09-18 13:05:51,SPX,7624.24,7638.29,7465.0,31,3010,0.4417,0.000331
2026-09-18 13:05:51,SPX,7624.24,7638.29,7785.0,1694,242,0.4012,0.000331
2026-09-18 13:05:51,SPX,7624.24,7638.29,7460.0,98,1219,0.4525,0.000331
2026-09-18 13:05:51,SPX,7624.24,7638.29,7790.0,2201,181,0.4084,0.000331
2026-09-18 13:05:51,SPX,7624.24,7638.29,7455.0,74,1809,0.4629,0.000331
2026-09-18 13:05:51,SPX,7624.24,7638.29,7795.0,1063,147,0.4149,0.000331
2026-09-18 13:05:51,SPX,7624.24,7638.29,7450.0,345,4652,0.4728,0.000331
2026-09-18 13:05:51,SPX,7624.24,7638.29,7800.0,5517,671,0.4207,0.000331
2026-09-18 13:05:51,SPX,7624.24,7638.29,7445.0,71,2883,0.4822,0.000331
2026-09-18 13:05:51,SPX,7624.24,7638.29,7805.0,7965,62,0.4258,0.000331
2026-09-18 13:05:51,SPX,7624.24,7638.29,7440.0,83,2643,0.491,0.000331
2026-09-18 13:05:51,SPX,7624.24,7638.29,7810.0,1530,79,0.4304,0.000331
2026-09-18 13:05:51,SPX,7624.24,7638.29,7435.0,26,2072,0.4998,0.000331
2026-09-18 13:05:51,SPX,7624.24,7638.29,7815.0,1982,47,0.4345,0.000331
2026-09-18 13:05:51,SPX,7624.24,7638.29,7430.0,166,968,0.5084,0.000331
2026-09-18 13:05:51,SPX,7624.24,7638.29,7820.0,3083,83,0.4381,0.000331
2026-09-18 13:05:51,SPX,7624.24,7638.29,7425.0,448,3761,0.5168,0.000331
2026-09-18 13:05:51,SPX,7624.24,7638.29,7825.0,2828,125,0.4412,0.000331
2026-09-18 13:05:51,SPX,7624.24,7638.29,7420.0,101,889,0.525,0.000331
2026-09-18 13:05:51,SPX,7624.24,7638.29,7830.0,1315,77,0.4439,0.000331
2026-09-18 13:05:51,SPX,7624.24,7638.29,7415.0,54,762,0.5327,0.000331
2026-09-18 13:05:51,SPX,7624.24,7638.29,7835.0,695,18,0.4463,0.000331
2026-09-18 13:05:51,SPX,7624.24,7638.29,7410.0,269,0,0.54,0.000331
2026-09-18 13:05:51,SPX,7624.24,7638.29,7840.0,2146,0,0.4483,0.000331
2026-09-18 13:05:51,SPX,7624.24,7638.29,7405.0,0,6263,0.5471,0.000331
2026-09-18 13:05:51,SPX,7624.24,7638.29,7845.0,647,35,0.45,0.000331
2026-09-18 13:05:51,SPX,7624.24,7638.29,7400.0,0,9186,0.5543,0.000331
2026-09-18 13:05:51,SPX,7624.24,7638.29,7850.0,4627,66,0.4514,0.000331
2026-09-18 13:05:51,SPX,7624.24,7638.29,7855.0,5587,0,0.4525,0.000331
2026-09-18 13:05:51,SPX,7624.24,7638.29,7860.0,3849,124,0.4535,0.000331
2026-09-18 13:05:51,SPX,7624.24,7638.29,7865.0,902,11,0.4542,0.000331
2026-09-18 13:05:51,SPX,7624.24,7638.29,7380.0,70,1354,0.5863,0.000331
2026-09-18 13:05:51,SPX,7624.24,7638.29,7870.0,5254,20,0.4547,0.000331
2026-09-18 13:05:51,SPX,7624.24,7638.29,7375.0,138,3252,0.5937,0.000331
2026-09-18 13:05:51,SPX,7624.24,7638.29,7625.0,460,1569,0.0724,0.008545
2026-09-18 13:05:51,SPX,7624.24,7638.29,7620.0,273,1140,0.0734,0.008545
2026-09-18 13:05:51,SPX,7624.24,7638.29,7630.0,294,456,0.0714,0.008545
2026-09-18 13:05:51,SPX,7624.24,7638.29,7615.0,229,229,0.0746,0.008545
2026-09-18 13:05:51,SPX,7624.24,7638.29,7635.0,241,434,0.0705,0.008545
2026-09-18 13:05:51,SPX,7624.24,7638.29,7610.0,178,352,0.0759,0.008545
2026-09-18 13:05:51,SPX,7624.24,7638.29,7640.0,406,508,0.0697,0.008545
2026-09-18 13:05:51,SPX,7624.24,7638.29,7605.0,138,233,0.0771,0.008545
2026-09-18 13:05:51,SPX,7624.24,7638.29,7645.0,224,1154,0.0688,0.008545
2026-09-18 13:05:51,SPX,7624.24,7638.29,7600.0,703,1529,0.0784,0.008545
2026-09-18 13:05:51,SPX,7624.24,7638.29,7650.0,972,773,0.0681,0.008545
2026-09-18 13:05:51,SPX,7624.24,7638.29,7595.0,112,296,0.0796,0.008545
2026-09-18 13:05:51,SPX,7624.24,7638.29,7655.0,479,200,0.0674,0.008545
2026-09-18 13:05:51,SPX,7624.24,7638.29,7590.0,120,459,0.081,0.008545
2026-09-18 13:05:51,SPX,7624.24,7638.29,7660.0,593,249,0.0667,0.008545
2026-09-18 13:05:51,SPX,7624.24,7638.29,7585.0,451,408,0.0824,0.008545
2026-09-18 13:05:51,SPX,7624.24,7638.29,7665.0,399,121,0.0661,0.008545
2026-09-18 13:05:51,SPX,7624.24,7638.29,7580.0,94,545,0.0847,0.008545
2026-09-18 13:05:51,SPX,7624.24,7638.29,7670.0,1418,229,0.0658,0.008545
2026-09-18 13:05:51,SPX,7624.24,7638.29,7575.0,89,871,0.0857,0.008545
2026-09-18 13:05:51,SPX,7624.24,7638.29,7675.0,620,689,0.0657,0.008545
2026-09-18 13:05:51,SPX,7624.24,7638.29,7570.0,89,285,0.0867,0.008545
2026-09-18 13:05:51,SPX,7624.24,7638.29,7680.0,711,110,0.0658,0.008545
2026-09-18 13:05:51,SPX,7624.24,7638.29,7565.0,52,254,0.0882,0.008545
2026-09-18 13:05:51,SPX,7624.24,7638.29,7685.0,692,67,0.0658,0.008545
2026-09-18 13:05:51,SPX,7624.24,7638.29,7560.0,218,436,0.0901,0.008545
2026-09-18 13:05:51,SPX,7624.24,7638.29,7690.0,674,179,0.0659,0.008545
2026-09-18 13:05:51,SPX,7624.24,7638.29,7555.0,33,230,0.0917,0.008545
2026-09-18 13:05:51,SPX,7624.24,7638.29,7695.0,1414,66,0.066,0.008545
2026-09-18 13:05:51,SPX,7624.24,7638.29,7550.0,133,2133,0.0929,0.008545
2026-09-18 13:05:51,SPX,7624.24,7638.29,7700.0,4856,3413,0.0662,0.008545
2026-09-18 13:05:51,SPX,7624.24,7638.29,7545.0,18,300,0.0938,0.008545
2026-09-18 13:05:51,SPX,7624.24,7638.29,7705.0,894,71,0.0665,0.008545
2026-09-18 13:05:51,SPX,7624.24,7638.29,7540.0,71,330,0.095,0.008545
2026-09-18 13:05:51,SPX,7624.24,7638.29,7710.0,742,131,0.0669,0.008545
2026-09-18 13:05:51,SPX,7624.24,7638.29,7535.0,50,229,0.0973,0.008545
2026-09-18 13:05:51,SPX,7624.24,7638.29,7715.0,731,194,0.0675,0.008545
2026-09-18 13:05:51,SPX,7624.24,7638.29,7530.0,43,381,0.0988,0.008545
2026-09-18 13:05:51,SPX,7624.24,7638.29,7720.0,1095,229,0.0682,0.008545
2026-09-18 13:05:51,SPX,7624.24,7638.29,7525.0,54,433,0.0999,0.008545
2026-09-18 13:05:51,SPX,7624.24,7638.29,7725.0,1139,410,0.0692,0.008545
2026-09-18 13:05:51,SPX,7624.24,7638.29,7520.0,32,673,0.1014,0.008545
2026-09-18 13:05:51,SPX,7624.24,7638.29,7730.0,986,162,0.0703,0.008545
2026-09-18 13:05:51,SPX,7624.24,7638.29,7515.0,42,637,0.1034,0.008545
2026-09-18 13:05:51,SPX,7624.24,7638.29,7735.0,653,192,0.0716,0.008545
2026-09-18 13:05:51,SPX,7624.24,7638.29,7510.0,23,352,0.1053,0.008545
2026-09-18 13:05:51,SPX,7624.24,7638.29,7740.0,946,196,0.073,0.008545
2026-09-18 13:05:51,SPX,7624.24,7638.29,7505.0,16,178,0.1071,0.008545
2026-09-18 13:05:51,SPX,7624.24,7638.29,7745.0,450,31,0.0745,0.008545
2026-09-18 13:05:51,SPX,7624.24,7638.29,7500.0,36,4019,0.1083,0.008545
2026-09-18 13:05:51,SPX,7624.24,7638.29,7750.0,1698,276,0.0761,0.008545
2026-09-18 13:05:51,SPX,7624.24,7638.29,7495.0,13,485,0.1094,0.008545
2026-09-18 13:05:51,SPX,7624.24,7638.29,7755.0,595,16,0.0777,0.008545
2026-09-18 13:05:51,SPX,7624.24,7638.29,7490.0,21,419,0.1107,0.008545
2026-09-18 13:05:51,SPX,7624.24,7638.29,7760.0,685,96,0.0792,0.008545
2026-09-18 13:05:51,SPX,7624.24,7638.29,7485.0,5,192,0.1123,0.008545
2026-09-18 13:05:51,SPX,7624.24,7638.29,7765.0,651,33,0.0807,0.008545
2026-09-18 13:05:51,SPX,7624.24,7638.29,7480.0,8,1378,0.1142,0.008545
2026-09-18 13:05:51,SPX,7624.24,7638.29,7770.0,500,30,0.0823,0.008545
2026-09-18 13:05:51,SPX,7624.24,7638.29,7475.0,94,826,0.1164,0.008545
2026-09-18 13:05:51,SPX,7624.24,7638.29,7775.0,1623,142,0.084,0.008545
2026-09-18 13:05:51,SPX,7624.24,7638.29,7470.0,11,312,0.1186,0.008545
2026-09-18 13:05:51,SPX,7624.24,7638.29,7780.0,630,27,0.0858,0.008545
2026-09-18 13:05:51,SPX,7624.24,7638.29,7465.0,0,165,0.1209,0.008545
2026-09-18 13:05:51,SPX,7624.24,7638.29,7785.0,385,0,0.0879,0.008545
2026-09-18 13:05:51,SPX,7624.24,7638.29,7460.0,22,229,0.123,0.008545
2026-09-18 13:05:51,SPX,7624.24,7638.29,7790.0,523,77,0.0902,0.008545
2026-09-18 13:05:51,SPX,7624.24,7638.29,7455.0,3,1253,0.1252,0.008545
2026-09-18 13:05:51,SPX,7624.24,7638.29,7795.0,673,0,0.0926,0.008545
2026-09-18 13:05:51,SPX,7624.24,7638.29,7450.0,32,1041,0.1272,0.008545
2026-09-18 13:05:51,SPX,7624.24,7638.29,7800.0,1966,588,0.095,0.008545
2026-09-18 13:05:51,SPX,7624.24,7638.29,7445.0,11,188,0.1292,0.008545
2026-09-18 13:05:51,SPX,7624.24,7638.29,7805.0,513,7,0.0971,0.008545
2026-09-18 13:05:51,SPX,7624.24,7638.29,7440.0,3,152,0.1311,0.008545
2026-09-18 13:05:51,SPX,7624.24,7638.29,7810.0,649,5,0.0989,0.008545
2026-09-18 13:05:51,SPX,7624.24,7638.29,7435.0,1,140,0.133,0.008545
2026-09-18 13:05:51,SPX,7624.24,7638.29,7815.0,594,0,0.1004,0.008545
2026-09-18 13:05:51,SPX,7624.24,7638.29,7430.0,3,543,0.135,0.008545
2026-09-18 13:05:51,SPX,7624.24,7638.29,7820.0,775,13,0.1013,0.008545
2026-09-18 13:05:51,SPX,7624.24,7638.29,7425.0,9,2271,0.1369,0.008545
2026-09-18 13:05:51,SPX,7624.24,7638.29,7825.0,810,17,0.1018,0.008545
2026-09-18 13:05:51,SPX,7624.24,7638.29,7420.0,4,217,0.1389,0.008545
2026-09-18 13:05:51,SPX,7624.24,7638.29,7830.0,681,0,0.1019,0.008545
2026-09-18 13:05:51,SPX,7624.24,7638.29,7415.0,5,186,0.1409,0.008545
2026-09-18 13:05:51,SPX,7624.24,7638.29,7835.0,168,0,0.1016,0.008545
2026-09-18 13:05:51,SPX,7624.24,7638.29,7410.0,2,190,0.143,0.008545
2026-09-18 13:05:51,SPX,7624.24,7638.29,7840.0,648,2,0.1009,0.008545
2026-09-18 13:05:51,SPX,7624.24,7638.29,7405.0,1,179,0.1451,0.008545
2026-09-18 13:05:51,SPX,7624.24,7638.29,7845.0,218,0,0.1,0.008545
2026-09-18 13:05:51,SPX,7624.24,7638.29,7400.0,9,1858,0.1473,0.008545
2026-09-18 13:05:51,SPX,7624.24,7638.29,7850.0,1125,13,0.0989,0.008545
2026-09-18 13:05:51,SPX,7624.24,7638.29,7395.0,1,177,0.1495,0.008545
2026-09-18 13:05:51,SPX,7624.24,7638.29,7390.0,0,237,0.1517,0.008545
2026-09-18 13:05:51,SPX,7624.24,7638.29,7860.0,604,105,0.0963,0.008545
2026-09-18 13:05:51,SPX,7624.24,7638.29,7385.0,2,172,0.154,0.008545
2026-09-18 13:05:51,SPX,7624.24,7638.29,7380.0,3,288,0.1564,0.008545
2026-09-18 13:05:51,SPX,7624.24,7638.29,7870.0,663,0,0.0935,0.008545
2026-09-18 13:05:51,SPX,7624.24,7638.29,7375.0,1,291,0.1588,0.008545
2026-09-18 13:05:51,SPX,7624.24,7638.29,7625.0,454,502,0.0861,0.011282
2026-09-18 13:05:51,SPX,7624.24,7638.29,7620.0,150,2055,0.0874,0.011282
2026-09-18 13:05:51,SPX,7624.24,7638.29,7630.0,602,122,0.0849,0.011282
2026-09-18 13:05:51,SPX,7624.24,7638.29,7615.0,112,136,0.0886,0.011282
2026-09-18 13:05:51,SPX,7624.24,7638.29,7635.0,76,174,0.0838,0.011282
2026-09-18 13:05:51,SPX,7624.24,7638.29,7610.0,227,117,0.0898,0.011282
2026-09-18 13:05:51,SPX,7624.24,7638.29,7640.0,433,318,0.0828,0.011282
2026-09-18 13:05:51,SPX,7624.24,7638.29,7605.0,106,95,0.0911,0.011282
2026-09-18 13:05:51,SPX,7624.24,7638.29,7645.0,78,2060,0.0819,0.011282
2026-09-18 13:05:51,SPX,7624.24,7638.29,7600.0,351,1083,0.0925,0.011282
2026-09-18 13:05:51,SPX,7624.24,7638.29,7650.0,210,314,0.0809,0.011282
2026-09-18 13:05:51,SPX,7624.24,7638.29,7595.0,69,277,0.0939,0.011282
2026-09-18 13:05:51,SPX,7624.24,7638.29,7655.0,93,56,0.0801,0.011282
2026-09-18 13:05:51,SPX,7624.24,7638.29,7590.0,77,683,0.0954,0.011282
2026-09-18 13:05:51,SPX,7624.24,7638.29,7660.0,217,386,0.0795,0.011282
2026-09-18 13:05:51,SPX,7624.24,7638.29,7585.0,225,1355,0.0963,0.011282
2026-09-18 13:05:51,SPX,7624.24,7638.29,7665.0,131,90,0.0788,0.011282
2026-09-18 13:05:51,SPX,7624.24,7638.29,7580.0,502,480,0.0975,0.011282
2026-09-18 13:05:51,SPX,7624.24,7638.29,7670.0,2103,146,0.0781,0.011282
2026-09-18 13:05:51,SPX,7624.24,7638.29,7575.0,48,509,0.0993,0.011282
2026-09-18 13:05:51,SPX,7624.24,7638.29,7675.0,1179,441,0.0773,0.011282
2026-09-18 13:05:51,SPX,7624.24,7638.29,7570.0,51,283,0.1009,0.011282
2026-09-18 13:05:51,SPX,7624.24,7638.29,7680.0,451,168,0.0765,0.011282
2026-09-18 13:05:51,SPX,7624.24,7638.29,7565.0,29,113,0.1021,0.011282
2026-09-18 13:05:51,SPX,7624.24,7638.29,7685.0,405,81,0.0757,0.011282
2026-09-18 13:05:51,SPX,7624.24,7638.29,7560.0,44,1112,0.1029,0.011282
2026-09-18 13:05:51,SPX,7624.24,7638.29,7690.0,154,0,0.075,0.011282
2026-09-18 13:05:51,SPX,7624.24,7638.29,7555.0,56,77,0.1045,0.011282
2026-09-18 13:05:51,SPX,7624.24,7638.29,7695.0,2011,55,0.0745,0.011282
2026-09-18 13:05:51,SPX,7624.24,7638.29,7550.0,58,1439,0.1058,0.011282
2026-09-18 13:05:51,SPX,7624.24,7638.29,7700.0,837,353,0.0741,0.011282
2026-09-18 13:05:51,SPX,7624.24,7638.29,7545.0,27,109,0.1073,0.011282
2026-09-18 13:05:51,SPX,7624.24,7638.29,7705.0,164,1,0.0738,0.011282
2026-09-18 13:05:51,SPX,7624.24,7638.29,7540.0,14,201,0.1086,0.011282
2026-09-18 13:05:51,SPX,7624.24,7638.29,7710.0,331,31,0.0738,0.011282
2026-09-18 13:05:51,SPX,7624.24,7638.29,7535.0,19,132,0.1099,0.011282
2026-09-18 13:05:51,SPX,7624.24,7638.29,7715.0,384,27,0.0738,0.011282
2026-09-18 13:05:51,SPX,7624.24,7638.29,7530.0,22,435,0.1115,0.011282
2026-09-18 13:05:51,SPX,7624.24,7638.29,7720.0,459,32,0.074,0.011282
2026-09-18 13:05:51,SPX,7624.24,7638.29,7525.0,47,256,0.1131,0.011282
2026-09-18 13:05:51,SPX,7624.24,7638.29,7725.0,304,82,0.0741,0.011282
2026-09-18 13:05:51,SPX,7624.24,7638.29,7520.0,9,143,0.1148,0.011282
2026-09-18 13:05:51,SPX,7624.24,7638.29,7730.0,221,25,0.0742,0.011282
2026-09-18 13:05:51,SPX,7624.24,7638.29,7515.0,14,210,0.1164,0.011282
2026-09-18 13:05:51,SPX,7624.24,7638.29,7735.0,190,11,0.0744,0.011282
2026-09-18 13:05:51,SPX,7624.24,7638.29,7510.0,48,680,0.1178,0.011282
2026-09-18 13:05:51,SPX,7624.24,7638.29,7740.0,458,135,0.0746,0.011282
2026-09-18 13:05:51,SPX,7624.24,7638.29,7505.0,8,277,0.1191,0.011282
2026-09-18 13:05:51,SPX,7624.24,7638.29,7745.0,407,2,0.0748,0.011282
2026-09-18 13:05:51,SPX,7624.24,7638.29,7500.0,73,1273,0.1204,0.011282
2026-09-18 13:05:51,SPX,7624.24,7638.29,7750.0,1213,281,0.0751,0.011282
2026-09-18 13:05:51,SPX,7624.24,7638.29,7495.0,14,131,0.1216,0.011282
2026-09-18 13:05:51,SPX,7624.24,7638.29,7755.0,2213,7,0.0755,0.011282
2026-09-18 13:05:51,SPX,7624.24,7638.29,7490.0,64,463,0.123,0.011282
2026-09-18 13:05:51,SPX,7624.24,7638.29,7760.0,935,13,0.076,0.011282
2026-09-18 13:05:51,SPX,7624.24,7638.29,7485.0,122,539,0.1244,0.011282
2026-09-18 13:05:51,SPX,7624.24,7638.29,7765.0,776,12,0.0767,0.011282
2026-09-18 13:05:51,SPX,7624.24,7638.29,7480.0,62,514,0.1259,0.011282
2026-09-18 13:05:51,SPX,7624.24,7638.29,7770.0,301,27,0.0774,0.011282
2026-09-18 13:05:51,SPX,7624.24,7638.29,7475.0,13,604,0.1275,0.011282
2026-09-18 13:05:51,SPX,7624.24,7638.29,7775.0,2316,14,0.0782,0.011282
2026-09-18 13:05:51,SPX,7624.24,7638.29,7470.0,1,614,0.1291,0.011282
2026-09-18 13:05:51,SPX,7624.24,7638.29,7780.0,741,23,0.0791,0.011282
2026-09-18 13:05:51,SPX,7624.24,7638.29,7465.0,1,329,0.1307,0.011282
2026-09-18 13:05:51,SPX,7624.24,7638.29,7785.0,814,2,0.0802,0.011282
2026-09-18 13:05:51,SPX,7624.24,7638.29,7460.0,1,320,0.1323,0.011282
2026-09-18 13:05:51,SPX,7624.24,7638.29,7790.0,458,15,0.0813,0.011282
2026-09-18 13:05:51,SPX,7624.24,7638.29,7455.0,1,62,0.1339,0.011282
2026-09-18 13:05:51,SPX,7624.24,7638.29,7795.0,441,0,0.0825,0.011282
2026-09-18 13:05:51,SPX,7624.24,7638.29,7450.0,18,363,0.1354,0.011282
2026-09-18 13:05:51,SPX,7624.24,7638.29,7800.0,1860,98,0.0838,0.011282
2026-09-18 13:05:51,SPX,7624.24,7638.29,7445.0,1,81,0.137,0.011282
2026-09-18 13:05:51,SPX,7624.24,7638.29,7805.0,290,0,0.0852,0.011282
2026-09-18 13:05:51,SPX,7624.24,7638.29,7440.0,2,350,0.1385,0.011282
2026-09-18 13:05:51,SPX,7624.24,7638.29,7810.0,617,9,0.0867,0.011282
2026-09-18 13:05:51,SPX,7624.24,7638.29,7435.0,4,322,0.1401,0.011282
2026-09-18 13:05:51,SPX,7624.24,7638.29,7815.0,359,1,0.0884,0.011282
2026-09-18 13:05:51,SPX,7624.24,7638.29,7430.0,2,386,0.1416,0.011282
2026-09-18 13:05:51,SPX,7624.24,7638.29,7820.0,258,7,0.0902,0.011282
2026-09-18 13:05:51,SPX,7624.24,7638.29,7425.0,0,651,0.1431,0.011282
2026-09-18 13:05:51,SPX,7624.24,7638.29,7825.0,666,5,0.092,0.011282
2026-09-18 13:05:51,SPX,7624.24,7638.29,7420.0,2,459,0.1446,0.011282
2026-09-18 13:05:51,SPX,7624.24,7638.29,7830.0,489,2,0.094,0.011282
2026-09-18 13:05:51,SPX,7624.24,7638.29,7415.0,2,52,0.1462,0.011282
2026-09-18 13:05:51,SPX,7624.24,7638.29,7410.0,4,241,0.1477,0.011282
2026-09-18 13:05:51,SPX,7624.24,7638.29,7840.0,629,0,0.0981,0.011282
2026-09-18 13:05:51,SPX,7624.24,7638.29,7405.0,0,58,0.1493,0.011282
2026-09-18 13:05:51,SPX,7624.24,7638.29,7400.0,5,526,0.1509,0.011282
2026-09-18 13:05:51,SPX,7624.24,7638.29,7850.0,1056,6,0.1024,0.011282
2026-09-18 13:05:51,SPX,7624.24,7638.29,7395.0,0,384,0.1525,0.011282
2026-09-18 13:05:51,SPX,7624.24,7638.29,7390.0,0,144,0.1541,0.011282
2026-09-18 13:05:51,SPX,7624.24,7638.29,7860.0,391,0,0.1067,0.011282
2026-09-18 13:05:51,SPX,7624.24,7638.29,7385.0,1,79,0.1558,0.011282
2026-09-18 13:05:51,SPX,7624.24,7638.29,7380.0,32,125,0.1575,0.011282
2026-09-18 13:05:51,SPX,7624.24,7638.29,7870.0,471,0,0.1109,0.011282
2026-09-18 13:05:51,SPX,7624.24,7638.29,7375.0,0,196,0.1592,0.011282
2026-09-18 13:36:15,SPX,7623.75,7638.49,7625.0,2714,5754,0.1077,0.000273
2026-09-18 13:36:15,SPX,7623.75,7638.49,7620.0,1349,1067,0.1102,0.000273
2026-09-18 13:36:15,SPX,7623.75,7638.49,7630.0,1708,2992,0.1062,0.000273
2026-09-18 13:36:15,SPX,7623.75,7638.49,7615.0,0,3137,0.1126,0.000273
2026-09-18 13:36:15,SPX,7623.75,7638.49,7635.0,1775,1781,0.1082,0.000273
2026-09-18 13:36:15,SPX,7623.75,7638.49,7610.0,1041,1959,0.1184,0.000273
2026-09-18 13:36:15,SPX,7623.75,7638.49,7640.0,1740,2228,0.112,0.000273
2026-09-18 13:36:15,SPX,7623.75,7638.49,7605.0,977,2877,0.1249,0.000273
2026-09-18 13:36:15,SPX,7623.75,7638.49,7645.0,2364,1011,0.1195,0.000273
2026-09-18 13:36:15,SPX,7623.75,7638.49,7600.0,4544,9839,0.1356,0.000273
2026-09-18 13:36:15,SPX,7623.75,7638.49,7650.0,8069,7952,0.1299,0.000273
2026-09-18 13:36:15,SPX,7623.75,7638.49,7595.0,377,2219,0.1455,0.000273
2026-09-18 13:36:15,SPX,7623.75,7638.49,7655.0,1659,1780,0.1418,0.000273
2026-09-18 13:36:15,SPX,7623.75,7638.49,7590.0,567,2230,0.155,0.000273
2026-09-18 13:36:15,SPX,7623.75,7638.49,7660.0,3139,2320,0.154,0.000273
2026-09-18 13:36:15,SPX,7623.75,7638.49,7585.0,390,1291,0.1681,0.000273
2026-09-18 13:36:15,SPX,7623.75,7638.49,7665.0,1718,666,0.1648,0.000273
2026-09-18 13:36:15,SPX,7623.75,7638.49,7580.0,665,2224,0.1798,0.000273
2026-09-18 13:36:15,SPX,7623.75,7638.49,7670.0,4130,745,0.1764,0.000273
2026-09-18 13:36:15,SPX,7623.75,7638.49,7575.0,684,3253,0.1949,0.000273
2026-09-18 13:36:15,SPX,7623.75,7638.49,7675.0,6657,2897,0.1916,0.000273
2026-09-18 13:36:15,SPX,7623.75,7638.49,7570.0,412,1774,0.2061,0.000273
2026-09-18 13:36:15,SPX,7623.75,7638.49,7680.0,3734,571,0.2062,0.000273
2026-09-18 13:36:15,SPX,7623.75,7638.49,7565.0,680,996,0.2195,0.000273
2026-09-18 13:36:15,SPX,7623.75,7638.49,7685.0,2693,528,0.2184,0.000273
2026-09-18 13:36:15,SPX,7623.75,7638.49,7560.0,406,1642,0.235,0.000273
2026-09-18 13:36:15,SPX,7623.75,7638.49,7690.0,2281,1758,0.2302,0.000273
2026-09-18 13:36:15,SPX,7623.75,7638.49,7555.0,308,1274,0.2497,0.000273
2026-09-18 13:36:15,SPX,7623.75,7638.49,7695.0,2511,633,0.2416,0.000273
2026-09-18 13:36:15,SPX,7623.75,7638.49,7550.0,2770,11995,0.2627,0.000273
2026-09-18 13:36:15,SPX,7623.75,7638.49,7700.0,15419,5033,0.251,0.000273
2026-09-18 13:36:15,SPX,7623.75,7638.49,7545.0,1955,3057,0.2752,0.000273
2026-09-18 13:36:15,SPX,7623.75,7638.49,7705.0,4697,706,0.259,0.000273
2026-09-18 13:36:15,SPX,7623.75,7638.49,7540.0,164,2595,0.2876,0.000273
2026-09-18 13:36:15,SPX,7623.75,7638.49,7710.0,2673,392,0.2679,0.000273
2026-09-18 13:36:15,SPX,7623.75,7638.49,7535.0,196,2718,0.2998,0.000273
2026-09-18 13:36:15,SPX,7623.75,7638.49,7715.0,2888,369,0.2781,0.000273
2026-09-18 13:36:15,SPX,7623.75,7638.49,7530.0,197,1877,0.3122,0.000273
2026-09-18 13:36:15,SPX,7623.75,7638.49,7720.0,2920,1279,0.2898,0.000273
2026-09-18 13:36:15,SPX,7623.75,7638.49,7525.0,236,2945,0.3254,0.000273
2026-09-18 13:36:15,SPX,7623.75,7638.49,7725.0,5475,1260,0.3025,0.000273
2026-09-18 13:36:15,SPX,7623.75,7638.49,7520.0,232,3022,0.3392,0.000273
2026-09-18 13:36:15,SPX,7623.75,7638.49,7730.0,4490,466,0.3155,0.000273
2026-09-18 13:36:15,SPX,7623.75,7638.49,7515.0,146,1027,0.3534,0.000273
2026-09-18 13:36:15,SPX,7623.75,7638.49,7735.0,2575,669,0.3285,0.000273
2026-09-18 13:36:15,SPX,7623.75,7638.49,7510.0,153,2200,0.3678,0.000273
2026-09-18 13:36:15,SPX,7623.75,7638.49,7740.0,1873,426,0.341,0.000273
2026-09-18 13:36:15,SPX,7623.75,7638.49,7505.0,90,2020,0.3822,0.000273
2026-09-18 13:36:15,SPX,7623.75,7638.49,7745.0,1301,180,0.353,0.000273
2026-09-18 13:36:15,SPX,7623.75,7638.49,7500.0,869,7492,0.3965,0.000273
2026-09-18 13:36:15,SPX,7623.75,7638.49,7750.0,4479,1453,0.3643,0.000273
2026-09-18 13:36:15,SPX,7623.75,7638.49,7495.0,576,2455,0.4106,0.000273
2026-09-18 13:36:15,SPX,7623.75,7638.49,7755.0,2952,147,0.3749,0.000273
2026-09-18 13:36:15,SPX,7623.75,7638.49,7490.0,72,1331,0.4247,0.000273
2026-09-18 13:36:15,SPX,7623.75,7638.49,7760.0,3417,88,0.3847,0.000273
2026-09-18 13:36:15,SPX,7623.75,7638.49,7485.0,64,4029,0.4386,0.000273
2026-09-18 13:36:15,SPX,7623.75,7638.49,7765.0,5868,225,0.3937,0.000273
2026-09-18 13:36:15,SPX,7623.75,7638.49,7480.0,112,1800,0.4524,0.000273
2026-09-18 13:36:15,SPX,7623.75,7638.49,7770.0,4212,242,0.4019,0.000273
2026-09-18 13:36:15,SPX,7623.75,7638.49,7475.0,343,4793,0.4659,0.000273
2026-09-18 13:36:15,SPX,7623.75,7638.49,7775.0,2737,470,0.4091,0.000273
2026-09-18 13:36:15,SPX,7623.75,7638.49,7470.0,97,1487,0.4788,0.000273
2026-09-18 13:36:15,SPX,7623.75,7638.49,7780.0,5741,251,0.4154,0.000273
2026-09-18 13:36:15,SPX,7623.75,7638.49,7465.0,31,3010,0.4907,0.000273
2026-09-18 13:36:15,SPX,7623.75,7638.49,7785.0,1694,242,0.4211,0.000273
2026-09-18 13:36:15,SPX,7623.75,7638.49,7460.0,98,1219,0.5014,0.000273
2026-09-18 13:36:15,SPX,7623.75,7638.49,7790.0,2201,181,0.426,0.000273
2026-09-18 13:36:15,SPX,7623.75,7638.49,7455.0,74,1809,0.511,0.000273
2026-09-18 13:36:15,SPX,7623.75,7638.49,7795.0,1063,147,0.4304,0.000273
2026-09-18 13:36:15,SPX,7623.75,7638.49,7450.0,345,4652,0.5196,0.000273
2026-09-18 13:36:15,SPX,7623.75,7638.49,7800.0,5517,671,0.4342,0.000273
2026-09-18 13:36:15,SPX,7623.75,7638.49,7445.0,71,2883,0.5271,0.000273
2026-09-18 13:36:15,SPX,7623.75,7638.49,7805.0,7965,62,0.4374,0.000273
2026-09-18 13:36:15,SPX,7623.75,7638.49,7440.0,83,2643,0.5336,0.000273
2026-09-18 13:36:15,SPX,7623.75,7638.49,7810.0,1530,79,0.4403,0.000273
2026-09-18 13:36:15,SPX,7623.75,7638.49,7435.0,26,2072,0.5392,0.000273
2026-09-18 13:36:15,SPX,7623.75,7638.49,7815.0,1982,47,0.4427,0.000273
2026-09-18 13:36:15,SPX,7623.75,7638.49,7430.0,166,968,0.5442,0.000273
2026-09-18 13:36:15,SPX,7623.75,7638.49,7820.0,3083,83,0.4447,0.000273
2026-09-18 13:36:15,SPX,7623.75,7638.49,7425.0,448,3761,0.5485,0.000273
2026-09-18 13:36:15,SPX,7623.75,7638.49,7825.0,2828,125,0.4465,0.000273
2026-09-18 13:36:15,SPX,7623.75,7638.49,7420.0,101,889,0.5521,0.000273
2026-09-18 13:36:15,SPX,7623.75,7638.49,7830.0,1315,77,0.4479,0.000273
2026-09-18 13:36:15,SPX,7623.75,7638.49,7415.0,54,762,0.555,0.000273
2026-09-18 13:36:15,SPX,7623.75,7638.49,7835.0,695,18,0.4491,0.000273
2026-09-18 13:36:15,SPX,7623.75,7638.49,7410.0,269,1178,0.5573,0.000273
2026-09-18 13:36:15,SPX,7623.75,7638.49,7840.0,2146,57,0.4501,0.000273
2026-09-18 13:36:15,SPX,7623.75,7638.49,7405.0,158,6263,0.5591,0.000273
2026-09-18 13:36:15,SPX,7623.75,7638.49,7845.0,647,35,0.4508,0.000273
2026-09-18 13:36:15,SPX,7623.75,7638.49,7400.0,1059,9186,0.5604,0.000273
2026-09-18 13:36:15,SPX,7623.75,7638.49,7850.0,4627,66,0.4514,0.000273
2026-09-18 13:36:15,SPX,7623.75,7638.49,7395.0,30,2242,0.5612,0.000273
2026-09-18 13:36:15,SPX,7623.75,7638.49,7855.0,5587,27,0.4518,0.000273
2026-09-18 13:36:15,SPX,7623.75,7638.49,7390.0,33,1231,0.5625,0.000273
2026-09-18 13:36:15,SPX,7623.75,7638.49,7860.0,3849,124,0.4521,0.000273
2026-09-18 13:36:15,SPX,7623.75,7638.49,7385.0,78,981,0.5641,0.000273
2026-09-18 13:36:15,SPX,7623.75,7638.49,7865.0,902,11,0.4522,0.000273
2026-09-18 13:36:15,SPX,7623.75,7638.49,7380.0,70,1354,0.5654,0.000273
2026-09-18 13:36:15,SPX,7623.75,7638.49,7870.0,5254,20,0.4522,0.000273
2026-09-18 13:36:15,SPX,7623.75,7638.49,7375.0,138,3252,0.5666,0.000273
2026-09-18 13:36:15,SPX,7623.75,7638.49,7625.0,460,1569,0.0713,0.008487
2026-09-18 13:36:15,SPX,7623.75,7638.49,7620.0,273,1140,0.0724,0.008487
2026-09-18 13:36:15,SPX,7623.75,7638.49,7630.0,294,456,0.0704,0.008487
2026-09-18 13:36:15,SPX,7623.75,7638.49,7615.0,229,229,0.0735,0.008487
2026-09-18 13:36:15,SPX,7623.75,7638.49,7635.0,241,434,0.0696,0.008487
2026-09-18 13:36:15,SPX,7623.75,7638.49,7610.0,178,352,0.0748,0.008487
2026-09-18 13:36:15,SPX,7623.75,7638.49,7640.0,406,508,0.0687,0.008487
2026-09-18 13:36:15,SPX,7623.75,7638.49,7605.0,138,233,0.0761,0.008487
2026-09-18 13:36:15,SPX,7623.75,7638.49,7645.0,224,1154,0.0677,0.008487
2026-09-18 13:36:15,SPX,7623.75,7638.49,7600.0,703,1529,0.0773,0.008487
2026-09-18 13:36:15,SPX,7623.75,7638.49,7650.0,972,773,0.0666,0.008487
2026-09-18 13:36:15,SPX,7623.75,7638.49,7595.0,112,296,0.0787,0.008487
2026-09-18 13:36:15,SPX,7623.75,7638.49,7655.0,479,200,0.0659,0.008487
2026-09-18 13:36:15,SPX,7623.75,7638.49,7590.0,120,459,0.0799,0.008487
2026-09-18 13:36:15,SPX,7623.75,7638.49,7660.0,593,249,0.0655,0.008487
2026-09-18 13:36:15,SPX,7623.75,7638.49,7585.0,451,408,0.0815,0.008487
2026-09-18 13:36:15,SPX,7623.75,7638.49,7665.0,399,121,0.0654,0.008487
2026-09-18 13:36:15,SPX,7623.75,7638.49,7580.0,94,545,0.0832,0.008487
2026-09-18 13:36:15,SPX,7623.75,7638.49,7670.0,1418,229,0.0654,0.008487
2026-09-18 13:36:15,SPX,7623.75,7638.49,7575.0,89,871,0.0849,0.008487
2026-09-18 13:36:15,SPX,7623.75,7638.49,7675.0,620,689,0.0654,0.008487
2026-09-18 13:36:15,SPX,7623.75,7638.49,7570.0,89,285,0.0858,0.008487
2026-09-18 13:36:15,SPX,7623.75,7638.49,7680.0,711,110,0.0653,0.008487
2026-09-18 13:36:15,SPX,7623.75,7638.49,7565.0,52,254,0.087,0.008487
2026-09-18 13:36:15,SPX,7623.75,7638.49,7685.0,692,67,0.0651,0.008487
2026-09-18 13:36:15,SPX,7623.75,7638.49,7560.0,218,436,0.0888,0.008487
2026-09-18 13:36:15,SPX,7623.75,7638.49,7690.0,674,179,0.065,0.008487
2026-09-18 13:36:15,SPX,7623.75,7638.49,7555.0,33,230,0.0907,0.008487
2026-09-18 13:36:15,SPX,7623.75,7638.49,7695.0,1414,66,0.0651,0.008487
2026-09-18 13:36:15,SPX,7623.75,7638.49,7550.0,133,2133,0.0923,0.008487
2026-09-18 13:36:15,SPX,7623.75,7638.49,7700.0,4856,3413,0.0652,0.008487
2026-09-18 13:36:15,SPX,7623.75,7638.49,7545.0,18,300,0.0933,0.008487
2026-09-18 13:36:15,SPX,7623.75,7638.49,7705.0,894,71,0.0656,0.008487
2026-09-18 13:36:15,SPX,7623.75,7638.49,7540.0,71,330,0.0941,0.008487
2026-09-18 13:36:15,SPX,7623.75,7638.49,7710.0,742,131,0.0662,0.008487
2026-09-18 13:36:15,SPX,7623.75,7638.49,7535.0,50,229,0.0959,0.008487
2026-09-18 13:36:15,SPX,7623.75,7638.49,7715.0,731,194,0.067,0.008487
2026-09-18 13:36:15,SPX,7623.75,7638.49,7530.0,43,381,0.0976,0.008487
2026-09-18 13:36:15,SPX,7623.75,7638.49,7720.0,1095,229,0.068,0.008487
2026-09-18 13:36:15,SPX,7623.75,7638.49,7525.0,54,433,0.0988,0.008487
2026-09-18 13:36:15,SPX,7623.75,7638.49,7725.0,1139,410,0.0692,0.008487
2026-09-18 13:36:15,SPX,7623.75,7638.49,7520.0,32,673,0.1004,0.008487
2026-09-18 13:36:15,SPX,7623.75,7638.49,7730.0,986,162,0.0706,0.008487
2026-09-18 13:36:15,SPX,7623.75,7638.49,7515.0,42,637,0.1024,0.008487
2026-09-18 13:36:15,SPX,7623.75,7638.49,7735.0,653,192,0.0721,0.008487
2026-09-18 13:36:15,SPX,7623.75,7638.49,7510.0,23,352,0.1043,0.008487
2026-09-18 13:36:15,SPX,7623.75,7638.49,7740.0,946,196,0.0737,0.008487
2026-09-18 13:36:15,SPX,7623.75,7638.49,7505.0,16,178,0.1058,0.008487
2026-09-18 13:36:15,SPX,7623.75,7638.49,7745.0,450,31,0.0754,0.008487
2026-09-18 13:36:15,SPX,7623.75,7638.49,7500.0,36,4019,0.107,0.008487
2026-09-18 13:36:15,SPX,7623.75,7638.49,7750.0,1698,276,0.077,0.008487
2026-09-18 13:36:15,SPX,7623.75,7638.49,7495.0,13,485,0.1083,0.008487
2026-09-18 13:36:15,SPX,7623.75,7638.49,7755.0,595,16,0.0787,0.008487
2026-09-18 13:36:15,SPX,7623.75,7638.49,7490.0,21,419,0.1098,0.008487
2026-09-18 13:36:15,SPX,7623.75,7638.49,7760.0,685,96,0.0802,0.008487
2026-09-18 13:36:15,SPX,7623.75,7638.49,7485.0,5,192,0.1115,0.008487
2026-09-18 13:36:15,SPX,7623.75,7638.49,7765.0,651,33,0.0817,0.008487
2026-09-18 13:36:15,SPX,7623.75,7638.49,7480.0,8,1378,0.1136,0.008487
2026-09-18 13:36:15,SPX,7623.75,7638.49,7770.0,500,30,0.0831,0.008487
2026-09-18 13:36:15,SPX,7623.75,7638.49,7475.0,94,826,0.1157,0.008487
2026-09-18 13:36:15,SPX,7623.75,7638.49,7775.0,1623,142,0.0846,0.008487
2026-09-18 13:36:15,SPX,7623.75,7638.49,7470.0,11,312,0.1179,0.008487
2026-09-18 13:36:15,SPX,7623.75,7638.49,7780.0,630,27,0.0862,0.008487
2026-09-18 13:36:15,SPX,7623.75,7638.49,7465.0,0,165,0.1202,0.008487
2026-09-18 13:36:15,SPX,7623.75,7638.49,7785.0,385,0,0.0879,0.008487
2026-09-18 13:36:15,SPX,7623.75,7638.49,7460.0,22,229,0.1224,0.008487
2026-09-18 13:36:15,SPX,7623.75,7638.49,7790.0,523,77,0.0899,0.008487
2026-09-18 13:36:15,SPX,7623.75,7638.49,7455.0,3,1253,0.1246,0.008487
2026-09-18 13:36:15,SPX,7623.75,7638.49,7795.0,673,0,0.092,0.008487
2026-09-18 13:36:15,SPX,7623.75,7638.49,7450.0,32,1041,0.1267,0.008487
2026-09-18 13:36:15,SPX,7623.75,7638.49,7800.0,1966,588,0.0941,0.008487
2026-09-18 13:36:15,SPX,7623.75,7638.49,7445.0,11,188,0.1288,0.008487
2026-09-18 13:36:15,SPX,7623.75,7638.49,7805.0,513,0,0.0961,0.008487
2026-09-18 13:36:15,SPX,7623.75,7638.49,7440.0,3,152,0.1309,0.008487
2026-09-18 13:36:15,SPX,7623.75,7638.49,7810.0,649,5,0.0978,0.008487
2026-09-18 13:36:15,SPX,7623.75,7638.49,7435.0,1,140,0.133,0.008487
2026-09-18 13:36:15,SPX,7623.75,7638.49,7815.0,594,0,0.0992,0.008487
2026-09-18 13:36:15,SPX,7623.75,7638.49,7430.0,3,543,0.135,0.008487
2026-09-18 13:36:15,SPX,7623.75,7638.49,7820.0,775,13,0.1003,0.008487
2026-09-18 13:36:15,SPX,7623.75,7638.49,7425.0,9,2271,0.1371,0.008487
2026-09-18 13:36:15,SPX,7623.75,7638.49,7825.0,810,17,0.1009,0.008487
2026-09-18 13:36:15,SPX,7623.75,7638.49,7420.0,4,217,0.1392,0.008487
2026-09-18 13:36:15,SPX,7623.75,7638.49,7830.0,681,0,0.101,0.008487
2026-09-18 13:36:15,SPX,7623.75,7638.49,7415.0,5,186,0.1413,0.008487
2026-09-18 13:36:15,SPX,7623.75,7638.49,7835.0,168,0,0.1008,0.008487
2026-09-18 13:36:15,SPX,7623.75,7638.49,7410.0,2,190,0.1435,0.008487
2026-09-18 13:36:15,SPX,7623.75,7638.49,7840.0,648,2,0.1003,0.008487
2026-09-18 13:36:15,SPX,7623.75,7638.49,7405.0,1,179,0.1457,0.008487
2026-09-18 13:36:15,SPX,7623.75,7638.49,7845.0,218,0,0.0995,0.008487
2026-09-18 13:36:15,SPX,7623.75,7638.49,7400.0,9,1858,0.148,0.008487
2026-09-18 13:36:15,SPX,7623.75,7638.49,7850.0,1125,13,0.0985,0.008487
2026-09-18 13:36:15,SPX,7623.75,7638.49,7395.0,1,177,0.1503,0.008487
2026-09-18 13:36:15,SPX,7623.75,7638.49,7390.0,0,237,0.1527,0.008487
2026-09-18 13:36:15,SPX,7623.75,7638.49,7860.0,604,105,0.0961,0.008487
2026-09-18 13:36:15,SPX,7623.75,7638.49,7385.0,2,172,0.155,0.008487
2026-09-18 13:36:15,SPX,7623.75,7638.49,7380.0,3,288,0.1574,0.008487
2026-09-18 13:36:15,SPX,7623.75,7638.49,7870.0,663,0,0.0933,0.008487
2026-09-18 13:36:15,SPX,7623.75,7638.49,7375.0,1,291,0.1599,0.008487
2026-09-18 13:36:15,SPX,7623.75,7638.49,7625.0,454,502,0.0852,0.011225
2026-09-18 13:36:15,SPX,7623.75,7638.49,7620.0,150,2055,0.0866,0.011225
2026-09-18 13:36:15,SPX,7623.75,7638.49,7630.0,602,122,0.084,0.011225
2026-09-18 13:36:15,SPX,7623.75,7638.49,7615.0,112,136,0.0878,0.011225
2026-09-18 13:36:15,SPX,7623.75,7638.49,7635.0,76,174,0.083,0.011225
2026-09-18 13:36:15,SPX,7623.75,7638.49,7610.0,227,117,0.089,0.011225
2026-09-18 13:36:15,SPX,7623.75,7638.49,7640.0,433,318,0.0818,0.011225
2026-09-18 13:36:15,SPX,7623.75,7638.49,7605.0,106,95,0.0904,0.011225
2026-09-18 13:36:15,SPX,7623.75,7638.49,7645.0,78,2060,0.0808,0.011225
2026-09-18 13:36:15,SPX,7623.75,7638.49,7600.0,351,1083,0.0916,0.011225
2026-09-18 13:36:15,SPX,7623.75,7638.49,7650.0,210,314,0.0801,0.011225
2026-09-18 13:36:15,SPX,7623.75,7638.49,7595.0,69,277,0.0929,0.011225
2026-09-18 13:36:15,SPX,7623.75,7638.49,7655.0,93,56,0.0793,0.011225
2026-09-18 13:36:15,SPX,7623.75,7638.49,7590.0,77,683,0.0941,0.011225
2026-09-18 13:36:15,SPX,7623.75,7638.49,7660.0,217,386,0.0785,0.011225
2026-09-18 13:36:15,SPX,7623.75,7638.49,7585.0,225,1355,0.0954,0.011225
2026-09-18 13:36:15,SPX,7623.75,7638.49,7665.0,131,90,0.0778,0.011225
2026-09-18 13:36:15,SPX,7623.75,7638.49,7580.0,502,480,0.097,0.011225
2026-09-18 13:36:15,SPX,7623.75,7638.49,7670.0,2103,146,0.0771,0.011225
2026-09-18 13:36:15,SPX,7623.75,7638.49,7575.0,48,509,0.0987,0.011225
2026-09-18 13:36:15,SPX,7623.75,7638.49,7675.0,1179,441,0.0765,0.011225
2026-09-18 13:36:15,SPX,7623.75,7638.49,7570.0,51,283,0.1003,0.011225
2026-09-18 13:36:15,SPX,7623.75,7638.49,7680.0,451,168,0.076,0.011225
2026-09-18 13:36:15,SPX,7623.75,7638.49,7565.0,29,113,0.1015,0.011225
2026-09-18 13:36:15,SPX,7623.75,7638.49,7685.0,405,81,0.0754,0.011225
2026-09-18 13:36:15,SPX,7623.75,7638.49,7560.0,44,1112,0.1026,0.011225
2026-09-18 13:36:15,SPX,7623.75,7638.49,7690.0,154,280,0.0747,0.011225
2026-09-18 13:36:15,SPX,7623.75,7638.49,7555.0,56,77,0.1038,0.011225
2026-09-18 13:36:15,SPX,7623.75,7638.49,7695.0,2011,55,0.0742,0.011225
2026-09-18 13:36:15,SPX,7623.75,7638.49,7550.0,58,1439,0.1048,0.011225
2026-09-18 13:36:15,SPX,7623.75,7638.49,7700.0,837,353,0.0736,0.011225
2026-09-18 13:36:15,SPX,7623.75,7638.49,7545.0,27,109,0.1063,0.011225
2026-09-18 13:36:15,SPX,7623.75,7638.49,7705.0,164,1,0.0731,0.011225
2026-09-18 13:36:15,SPX,7623.75,7638.49,7540.0,14,201,0.1075,0.011225
2026-09-18 13:36:15,SPX,7623.75,7638.49,7710.0,331,31,0.0728,0.011225
2026-09-18 13:36:15,SPX,7623.75,7638.49,7535.0,19,132,0.1093,0.011225
2026-09-18 13:36:15,SPX,7623.75,7638.49,7715.0,384,27,0.0728,0.011225
2026-09-18 13:36:15,SPX,7623.75,7638.49,7530.0,22,435,0.1108,0.011225
2026-09-18 13:36:15,SPX,7623.75,7638.49,7720.0,459,32,0.0729,0.011225
2026-09-18 13:36:15,SPX,7623.75,7638.49,7525.0,47,256,0.1123,0.011225
2026-09-18 13:36:15,SPX,7623.75,7638.49,7725.0,304,82,0.0731,0.011225
2026-09-18 13:36:15,SPX,7623.75,7638.49,7520.0,9,143,0.1139,0.011225
2026-09-18 13:36:15,SPX,7623.75,7638.49,7730.0,221,25,0.0733,0.011225
2026-09-18 13:36:15,SPX,7623.75,7638.49,7515.0,14,210,0.1153,0.011225
2026-09-18 13:36:15,SPX,7623.75,7638.49,7735.0,190,11,0.0734,0.011225
2026-09-18 13:36:15,SPX,7623.75,7638.49,7510.0,48,680,0.1166,0.011225
2026-09-18 13:36:15,SPX,7623.75,7638.49,7740.0,458,135,0.0737,0.011225
2026-09-18 13:36:15,SPX,7623.75,7638.49,7505.0,8,277,0.1178,0.011225
2026-09-18 13:36:15,SPX,7623.75,7638.49,7745.0,407,2,0.0739,0.011225
2026-09-18 13:36:15,SPX,7623.75,7638.49,7500.0,73,1273,0.1191,0.011225
2026-09-18 13:36:15,SPX,7623.75,7638.49,7750.0,1213,281,0.0743,0.011225
2026-09-18 13:36:15,SPX,7623.75,7638.49,7495.0,14,131,0.1205,0.011225
2026-09-18 13:36:15,SPX,7623.75,7638.49,7755.0,2213,7,0.0747,0.011225
2026-09-18 13:36:15,SPX,7623.75,7638.49,7490.0,64,463,0.122,0.011225
2026-09-18 13:36:15,SPX,7623.75,7638.49,7760.0,935,13,0.0753,0.011225
2026-09-18 13:36:15,SPX,7623.75,7638.49,7485.0,122,539,0.1235,0.011225
2026-09-18 13:36:15,SPX,7623.75,7638.49,7765.0,776,12,0.076,0.011225
2026-09-18 13:36:15,SPX,7623.75,7638.49,7480.0,62,514,0.1251,0.011225
2026-09-18 13:36:15,SPX,7623.75,7638.49,7770.0,301,27,0.0768,0.011225
2026-09-18 13:36:15,SPX,7623.75,7638.49,7475.0,13,604,0.1267,0.011225
2026-09-18 13:36:15,SPX,7623.75,7638.49,7775.0,2316,14,0.0777,0.011225
2026-09-18 13:36:15,SPX,7623.75,7638.49,7470.0,1,614,0.1283,0.011225
2026-09-18 13:36:15,SPX,7623.75,7638.49,7780.0,741,23,0.0788,0.011225
2026-09-18 13:36:15,SPX,7623.75,7638.49,7465.0,1,329,0.1299,0.011225
2026-09-18 13:36:15,SPX,7623.75,7638.49,7785.0,814,2,0.0799,0.011225
2026-09-18 13:36:15,SPX,7623.75,7638.49,7460.0,1,320,0.1316,0.011225
2026-09-18 13:36:15,SPX,7623.75,7638.49,7790.0,458,15,0.081,0.011225
2026-09-18 13:36:15,SPX,7623.75,7638.49,7455.0,1,62,0.1332,0.011225
2026-09-18 13:36:15,SPX,7623.75,7638.49,7795.0,441,0,0.0823,0.011225
2026-09-18 13:36:15,SPX,7623.75,7638.49,7450.0,18,363,0.1347,0.011225
2026-09-18 13:36:15,SPX,7623.75,7638.49,7800.0,1860,98,0.0836,0.011225
2026-09-18 13:36:15,SPX,7623.75,7638.49,7445.0,1,81,0.1363,0.011225
2026-09-18 13:36:15,SPX,7623.75,7638.49,7805.0,290,0,0.0851,0.011225
2026-09-18 13:36:15,SPX,7623.75,7638.49,7440.0,2,350,0.1378,0.011225
2026-09-18 13:36:15,SPX,7623.75,7638.49,7810.0,617,9,0.0866,0.011225
2026-09-18 13:36:15,SPX,7623.75,7638.49,7435.0,4,322,0.1393,0.011225
2026-09-18 13:36:15,SPX,7623.75,7638.49,7815.0,359,1,0.0883,0.011225
2026-09-18 13:36:15,SPX,7623.75,7638.49,7430.0,2,386,0.1408,0.011225
2026-09-18 13:36:15,SPX,7623.75,7638.49,7820.0,258,7,0.09,0.011225
2026-09-18 13:36:15,SPX,7623.75,7638.49,7425.0,0,651,0.1423,0.011225
2026-09-18 13:36:15,SPX,7623.75,7638.49,7825.0,666,5,0.0919,0.011225
2026-09-18 13:36:15,SPX,7623.75,7638.49,7420.0,2,459,0.1438,0.011225
2026-09-18 13:36:15,SPX,7623.75,7638.49,7830.0,489,2,0.0938,0.011225
2026-09-18 13:36:15,SPX,7623.75,7638.49,7415.0,2,52,0.1454,0.011225
2026-09-18 13:36:15,SPX,7623.75,7638.49,7410.0,4,241,0.1469,0.011225
2026-09-18 13:36:15,SPX,7623.75,7638.49,7840.0,629,0,0.098,0.011225
2026-09-18 13:36:15,SPX,7623.75,7638.49,7405.0,0,58,0.1484,0.011225
2026-09-18 13:36:15,SPX,7623.75,7638.49,7400.0,5,526,0.15,0.011225
2026-09-18 13:36:15,SPX,7623.75,7638.49,7850.0,1056,6,0.1023,0.011225
2026-09-18 13:36:15,SPX,7623.75,7638.49,7395.0,0,384,0.1516,0.011225
2026-09-18 13:36:15,SPX,7623.75,7638.49,7390.0,0,144,0.1533,0.011225
2026-09-18 13:36:15,SPX,7623.75,7638.49,7860.0,391,0,0.1066,0.011225
2026-09-18 13:36:15,SPX,7623.75,7638.49,7385.0,1,79,0.155,0.011225
2026-09-18 13:36:15,SPX,7623.75,7638.49,7380.0,32,125,0.1567,0.011225
2026-09-18 13:36:15,SPX,7623.75,7638.49,7870.0,471,0,0.1109,0.011225
2026-09-18 13:36:15,SPX,7623.75,7638.49,7375.0,0,196,0.1584,0.011225
2026-09-18 14:06:39,SPX,7629.45,7639.36,7630.0,1708,2992,0.1051,0.000215
2026-09-18 14:06:39,SPX,7629.45,7639.36,7625.0,2714,5754,0.1069,0.000215
2026-09-18 14:06:39,SPX,7629.45,7639.36,7635.0,1775,1781,0.1052,0.000215
2026-09-18 14:06:39,SPX,7629.45,7639.36,7620.0,1349,1067,0.1111,0.000215
2026-09-18 14:06:39,SPX,7629.45,7639.36,7640.0,1740,2228,0.1073,0.000215
2026-09-18 14:06:39,SPX,7629.45,7639.36,7615.0,1072,3137,0.1178,0.000215
2026-09-18 14:06:39,SPX,7629.45,7639.36,7645.0,2364,1011,0.1126,0.000215
2026-09-18 14:06:39,SPX,7629.45,7639.36,7610.0,1041,1959,0.1268,0.000215
2026-09-18 14:06:39,SPX,7629.45,7639.36,7650.0,8069,7952,0.1217,0.000215
2026-09-18 14:06:39,SPX,7629.45,7639.36,7605.0,977,2877,0.1365,0.000215
2026-09-18 14:06:39,SPX,7629.45,7639.36,7655.0,1659,1780,0.1336,0.000215
2026-09-18 14:06:39,SPX,7629.45,7639.36,7600.0,4544,9839,0.149,0.000215
2026-09-18 14:06:39,SPX,7629.45,7639.36,7660.0,3139,2320,0.1473,0.000215
2026-09-18 14:06:39,SPX,7629.45,7639.36,7595.0,377,2219,0.1642,0.000215
2026-09-18 14:06:39,SPX,7629.45,7639.36,7665.0,1718,666,0.1641,0.000215
2026-09-18 14:06:39,SPX,7629.45,7639.36,7590.0,567,2230,0.1759,0.000215
2026-09-18 14:06:39,SPX,7629.45,7639.36,7670.0,4130,745,0.1802,0.000215
2026-09-18 14:06:39,SPX,7629.45,7639.36,7585.0,390,1291,0.1935,0.000215
2026-09-18 14:06:39,SPX,7629.45,7639.36,7675.0,6657,2897,0.1886,0.000215
2026-09-18 14:06:39,SPX,7629.45,7639.36,7580.0,665,2224,0.2117,0.000215
2026-09-18 14:06:39,SPX,7629.45,7639.36,7680.0,3734,571,0.2038,0.000215
2026-09-18 14:06:39,SPX,7629.45,7639.36,7575.0,684,3253,0.223,0.000215
2026-09-18 14:06:39,SPX,7629.45,7639.36,7685.0,2693,528,0.2196,0.000215
2026-09-18 14:06:39,SPX,7629.45,7639.36,7570.0,412,1774,0.242,0.000215
2026-09-18 14:06:39,SPX,7629.45,7639.36,7690.0,2281,1758,0.2337,0.000215
2026-09-18 14:06:39,SPX,7629.45,7639.36,7565.0,680,996,0.2617,0.000215
2026-09-18 14:06:39,SPX,7629.45,7639.36,7695.0,2511,633,0.2445,0.000215
2026-09-18 14:06:39,SPX,7629.45,7639.36,7560.0,406,1642,0.2775,0.000215
2026-09-18 14:06:39,SPX,7629.45,7639.36,7700.0,15419,5033,0.2541,0.000215
2026-09-18 14:06:39,SPX,7629.45,7639.36,7555.0,308,1274,0.2904,0.000215
2026-09-18 14:06:39,SPX,7629.45,7639.36,7705.0,4697,706,0.2647,0.000215
2026-09-18 14:06:39,SPX,7629.45,7639.36,7550.0,2770,11995,0.3023,0.000215
2026-09-18 14:06:39,SPX,7629.45,7639.36,7710.0,2673,392,0.2773,0.000215
2026-09-18 14:06:39,SPX,7629.45,7639.36,7545.0,1955,3057,0.3149,0.000215
2026-09-18 14:06:39,SPX,7629.45,7639.36,7715.0,2888,369,0.2917,0.000215
2026-09-18 14:06:39,SPX,7629.45,7639.36,7540.0,164,2595,0.3288,0.000215
2026-09-18 14:06:39,SPX,7629.45,7639.36,7720.0,2920,1279,0.3068,0.000215
2026-09-18 14:06:39,SPX,7629.45,7639.36,7535.0,196,2718,0.344,0.000215
2026-09-18 14:06:39,SPX,7629.45,7639.36,7725.0,5475,1260,0.3219,0.000215
2026-09-18 14:06:39,SPX,7629.45,7639.36,7530.0,197,1877,0.3601,0.000215
2026-09-18 14:06:39,SPX,7629.45,7639.36,7730.0,4490,466,0.3363,0.000215
2026-09-18 14:06:39,SPX,7629.45,7639.36,7525.0,236,2945,0.3768,0.000215
2026-09-18 14:06:39,SPX,7629.45,7639.36,7735.0,2575,669,0.35,0.000215
2026-09-18 14:06:39,SPX,7629.45,7639.36,7520.0,232,3022,0.3935,0.000215
2026-09-18 14:06:39,SPX,7629.45,7639.36,7740.0,1873,426,0.3628,0.000215
2026-09-18 14:06:39,SPX,7629.45,7639.36,7515.0,146,1027,0.4097,0.000215
2026-09-18 14:06:39,SPX,7629.45,7639.36,7745.0,1301,180,0.3747,0.000215
2026-09-18 14:06:39,SPX,7629.45,7639.36,7510.0,153,2200,0.4257,0.000215
2026-09-18 14:06:39,SPX,7629.45,7639.36,7750.0,4479,1453,0.3856,0.000215
2026-09-18 14:06:39,SPX,7629.45,7639.36,7505.0,90,2020,0.4415,0.000215
2026-09-18 14:06:39,SPX,7629.45,7639.36,7755.0,2952,147,0.3955,0.000215
2026-09-18 14:06:39,SPX,7629.45,7639.36,7500.0,869,7492,0.457,0.000215
2026-09-18 14:06:39,SPX,7629.45,7639.36,7760.0,3417,88,0.4043,0.000215
2026-09-18 14:06:39,SPX,7629.45,7639.36,7495.0,576,2455,0.4723,0.000215
2026-09-18 14:06:39,SPX,7629.45,7639.36,7765.0,5868,225,0.4121,0.000215
2026-09-18 14:06:39,SPX,7629.45,7639.36,7490.0,72,1331,0.4868,0.000215
2026-09-18 14:06:39,SPX,7629.45,7639.36,7770.0,4212,242,0.419,0.000215
2026-09-18 14:06:39,SPX,7629.45,7639.36,7485.0,64,4029,0.5001,0.000215
2026-09-18 14:06:39,SPX,7629.45,7639.36,7775.0,2737,470,0.4248,0.000215
2026-09-18 14:06:39,SPX,7629.45,7639.36,7480.0,112,1800,0.512,0.000215
2026-09-18 14:06:39,SPX,7629.45,7639.36,7780.0,5741,251,0.4298,0.000215
2026-09-18 14:06:39,SPX,7629.45,7639.36,7475.0,343,4793,0.5228,0.000215
2026-09-18 14:06:39,SPX,7629.45,7639.36,7785.0,1694,242,0.4342,0.000215
2026-09-18 14:06:39,SPX,7629.45,7639.36,7470.0,97,1487,0.5325,0.000215
2026-09-18 14:06:39,SPX,7629.45,7639.36,7790.0,2201,181,0.438,0.000215
2026-09-18 14:06:39,SPX,7629.45,7639.36,7465.0,31,3010,0.5412,0.000215
2026-09-18 14:06:39,SPX,7629.45,7639.36,7795.0,1063,147,0.4412,0.000215
2026-09-18 14:06:39,SPX,7629.45,7639.36,7460.0,98,1219,0.5489,0.000215
2026-09-18 14:06:39,SPX,7629.45,7639.36,7800.0,5517,671,0.4439,0.000215
2026-09-18 14:06:39,SPX,7629.45,7639.36,7455.0,74,1809,0.5557,0.000215
2026-09-18 14:06:39,SPX,7629.45,7639.36,7805.0,7965,62,0.4462,0.000215
2026-09-18 14:06:39,SPX,7629.45,7639.36,7450.0,345,4652,0.5614,0.000215
2026-09-18 14:06:39,SPX,7629.45,7639.36,7810.0,1530,79,0.4481,0.000215
2026-09-18 14:06:39,SPX,7629.45,7639.36,7445.0,71,2883,0.5661,0.000215
2026-09-18 14:06:39,SPX,7629.45,7639.36,7815.0,1982,47,0.4497,0.000215
2026-09-18 14:06:39,SPX,7629.45,7639.36,7440.0,83,2643,0.5699,0.000215
2026-09-18 14:06:39,SPX,7629.45,7639.36,7820.0,3083,83,0.451,0.000215
2026-09-18 14:06:39,SPX,7629.45,7639.36,7435.0,26,2072,0.5728,0.000215
2026-09-18 14:06:39,SPX,7629.45,7639.36,7825.0,2828,125,0.452,0.000215
2026-09-18 14:06:39,SPX,7629.45,7639.36,7430.0,166,968,0.5749,0.000215
2026-09-18 14:06:39,SPX,7629.45,7639.36,7830.0,1315,77,0.4528,0.000215
2026-09-18 14:06:39,SPX,7629.45,7639.36,7425.0,448,3761,0.5761,0.000215
2026-09-18 14:06:39,SPX,7629.45,7639.36,7835.0,695,18,0.4534,0.000215
2026-09-18 14:06:39,SPX,7629.45,7639.36,7420.0,101,889,0.5766,0.000215
2026-09-18 14:06:39,SPX,7629.45,7639.36,7840.0,2146,57,0.4538,0.000215
2026-09-18 14:06:39,SPX,7629.45,7639.36,7415.0,54,762,0.5762,0.000215
2026-09-18 14:06:39,SPX,7629.45,7639.36,7845.0,647,35,0.454,0.000215
2026-09-18 14:06:39,SPX,7629.45,7639.36,7410.0,269,1178,0.5754,0.000215
2026-09-18 14:06:39,SPX,7629.45,7639.36,7850.0,4627,66,0.4541,0.000215
2026-09-18 14:06:39,SPX,7629.45,7639.36,7405.0,158,6263,0.574,0.000215
2026-09-18 14:06:39,SPX,7629.45,7639.36,7855.0,5587,27,0.4541,0.000215
2026-09-18 14:06:39,SPX,7629.45,7639.36,7400.0,1059,9186,0.5722,0.000215
2026-09-18 14:06:39,SPX,7629.45,7639.36,7860.0,3849,124,0.454,0.000215
2026-09-18 14:06:39,SPX,7629.45,7639.36,7395.0,30,2242,0.5699,0.000215
2026-09-18 14:06:39,SPX,7629.45,7639.36,7865.0,902,11,0.4538,0.000215
2026-09-18 14:06:39,SPX,7629.45,7639.36,7390.0,33,1231,0.5681,0.000215
2026-09-18 14:06:39,SPX,7629.45,7639.36,7870.0,5254,20,0.4536,0.000215
2026-09-18 14:06:39,SPX,7629.45,7639.36,7385.0,78,981,0.5666,0.000215
2026-09-18 14:06:39,SPX,7629.45,7639.36,7875.0,1892,71,0.4533,0.000215
2026-09-18 14:06:39,SPX,7629.45,7639.36,7380.0,70,1354,0.565,0.000215
2026-09-18 14:06:39,SPX,7629.45,7639.36,7630.0,294,456,0.0697,0.008429
2026-09-18 14:06:39,SPX,7629.45,7639.36,7625.0,460,1569,0.0707,0.008429
2026-09-18 14:06:39,SPX,7629.45,7639.36,7635.0,241,434,0.0687,0.008429
2026-09-18 14:06:39,SPX,7629.45,7639.36,7620.0,273,1140,0.0718,0.008429
2026-09-18 14:06:39,SPX,7629.45,7639.36,7640.0,406,508,0.0679,0.008429
2026-09-18 14:06:39,SPX,7629.45,7639.36,7615.0,229,229,0.073,0.008429
2026-09-18 14:06:39,SPX,7629.45,7639.36,7645.0,224,1154,0.0673,0.008429
2026-09-18 14:06:39,SPX,7629.45,7639.36,7610.0,178,352,0.0742,0.008429
2026-09-18 14:06:39,SPX,7629.45,7639.36,7650.0,972,773,0.0664,0.008429
2026-09-18 14:06:39,SPX,7629.45,7639.36,7605.0,138,233,0.0755,0.008429
2026-09-18 14:06:39,SPX,7629.45,7639.36,7655.0,479,200,0.0654,0.008429
2026-09-18 14:06:39,SPX,7629.45,7639.36,7600.0,703,1529,0.0769,0.008429
2026-09-18 14:06:39,SPX,7629.45,7639.36,7660.0,593,249,0.0647,0.008429
2026-09-18 14:06:39,SPX,7629.45,7639.36,7595.0,112,296,0.0782,0.008429
2026-09-18 14:06:39,SPX,7629.45,7639.36,7665.0,399,121,0.0644,0.008429
2026-09-18 14:06:39,SPX,7629.45,7639.36,7590.0,120,459,0.0796,0.008429
2026-09-18 14:06:39,SPX,7629.45,7639.36,7670.0,1418,229,0.0641,0.008429
2026-09-18 14:06:39,SPX,7629.45,7639.36,7585.0,451,408,0.0809,0.008429
2026-09-18 14:06:39,SPX,7629.45,7639.36,7675.0,620,689,0.064,0.008429
2026-09-18 14:06:39,SPX,7629.45,7639.36,7580.0,94,545,0.0825,0.008429
2026-09-18 14:06:39,SPX,7629.45,7639.36,7680.0,711,110,0.0639,0.008429
2026-09-18 14:06:39,SPX,7629.45,7639.36,7575.0,89,871,0.0842,0.008429
2026-09-18 14:06:39,SPX,7629.45,7639.36,7685.0,692,67,0.0638,0.008429
2026-09-18 14:06:39,SPX,7629.45,7639.36,7570.0,89,285,0.0852,0.008429
2026-09-18 14:06:39,SPX,7629.45,7639.36,7690.0,674,179,0.0637,0.008429
2026-09-18 14:06:39,SPX,7629.45,7639.36,7565.0,52,254,0.0865,0.008429
2026-09-18 14:06:39,SPX,7629.45,7639.36,7695.0,1414,66,0.0636,0.008429
2026-09-18 14:06:39,SPX,7629.45,7639.36,7560.0,218,436,0.0886,0.008429
2026-09-18 14:06:39,SPX,7629.45,7639.36,7700.0,4856,3413,0.0636,0.008429
2026-09-18 14:06:39,SPX,7629.45,7639.36,7555.0,33,230,0.0903,0.008429
2026-09-18 14:06:39,SPX,7629.45,7639.36,7705.0,894,71,0.0637,0.008429
2026-09-18 14:06:39,SPX,7629.45,7639.36,7550.0,133,2133,0.0916,0.008429
2026-09-18 14:06:39,SPX,7629.45,7639.36,7710.0,742,131,0.0639,0.008429
2026-09-18 14:06:39,SPX,7629.45,7639.36,7545.0,18,300,0.0925,0.008429
2026-09-18 14:06:39,SPX,7629.45,7639.36,7715.0,731,194,0.0644,0.008429
2026-09-18 14:06:39,SPX,7629.45,7639.36,7540.0,71,330,0.0939,0.008429
2026-09-18 14:06:39,SPX,7629.45,7639.36,7720.0,1095,229,0.065,0.008429
2026-09-18 14:06:39,SPX,7629.45,7639.36,7535.0,50,229,0.0959,0.008429
2026-09-18 14:06:39,SPX,7629.45,7639.36,7725.0,1139,410,0.0658,0.008429
2026-09-18 14:06:39,SPX,7629.45,7639.36,7530.0,43,381,0.0976,0.008429
2026-09-18 14:06:39,SPX,7629.45,7639.36,7730.0,986,162,0.0667,0.008429
2026-09-18 14:06:39,SPX,7629.45,7639.36,7525.0,54,433,0.0983,0.008429
2026-09-18 14:06:39,SPX,7629.45,7639.36,7735.0,653,192,0.0679,0.008429
2026-09-18 14:06:39,SPX,7629.45,7639.36,7520.0,32,673,0.1002,0.008429
2026-09-18 14:06:39,SPX,7629.45,7639.36,7740.0,946,196,0.0691,0.008429
2026-09-18 14:06:39,SPX,7629.45,7639.36,7515.0,42,637,0.1023,0.008429
2026-09-18 14:06:39,SPX,7629.45,7639.36,7745.0,450,31,0.0706,0.008429
2026-09-18 14:06:39,SPX,7629.45,7639.36,7510.0,23,352,0.104,0.008429
2026-09-18 14:06:39,SPX,7629.45,7639.36,7750.0,1698,276,0.0721,0.008429
2026-09-18 14:06:39,SPX,7629.45,7639.36,7505.0,16,178,0.1058,0.008429
2026-09-18 14:06:39,SPX,7629.45,7639.36,7755.0,595,16,0.0737,0.008429
2026-09-18 14:06:39,SPX,7629.45,7639.36,7500.0,36,4019,0.1073,0.008429
2026-09-18 14:06:39,SPX,7629.45,7639.36,7760.0,685,96,0.0753,0.008429
2026-09-18 14:06:39,SPX,7629.45,7639.36,7495.0,13,485,0.1088,0.008429
2026-09-18 14:06:39,SPX,7629.45,7639.36,7765.0,651,33,0.0769,0.008429
2026-09-18 14:06:39,SPX,7629.45,7639.36,7490.0,21,419,0.1103,0.008429
2026-09-18 14:06:39,SPX,7629.45,7639.36,7770.0,500,30,0.0787,0.008429
2026-09-18 14:06:39,SPX,7629.45,7639.36,7485.0,5,192,0.1121,0.008429
2026-09-18 14:06:39,SPX,7629.45,7639.36,7775.0,1623,142,0.0806,0.008429
2026-09-18 14:06:39,SPX,7629.45,7639.36,7480.0,8,1378,0.114,0.008429
2026-09-18 14:06:39,SPX,7629.45,7639.36,7780.0,630,27,0.0827,0.008429
2026-09-18 14:06:39,SPX,7629.45,7639.36,7475.0,94,826,0.116,0.008429
2026-09-18 14:06:39,SPX,7629.45,7639.36,7785.0,385,0,0.085,0.008429
2026-09-18 14:06:39,SPX,7629.45,7639.36,7470.0,11,312,0.1183,0.008429
2026-09-18 14:06:39,SPX,7629.45,7639.36,7790.0,523,77,0.0873,0.008429
2026-09-18 14:06:39,SPX,7629.45,7639.36,7465.0,0,165,0.1206,0.008429
2026-09-18 14:06:39,SPX,7629.45,7639.36,7795.0,673,0,0.0895,0.008429
2026-09-18 14:06:39,SPX,7629.45,7639.36,7460.0,22,229,0.1229,0.008429
2026-09-18 14:06:39,SPX,7629.45,7639.36,7800.0,1966,588,0.0915,0.008429
2026-09-18 14:06:39,SPX,7629.45,7639.36,7455.0,3,1253,0.1252,0.008429
2026-09-18 14:06:39,SPX,7629.45,7639.36,7805.0,513,7,0.0932,0.008429
2026-09-18 14:06:39,SPX,7629.45,7639.36,7450.0,32,1041,0.1274,0.008429
2026-09-18 14:06:39,SPX,7629.45,7639.36,7810.0,649,5,0.0945,0.008429
2026-09-18 14:06:39,SPX,7629.45,7639.36,7445.0,11,188,0.1296,0.008429
2026-09-18 14:06:39,SPX,7629.45,7639.36,7815.0,594,0,0.0956,0.008429
2026-09-18 14:06:39,SPX,7629.45,7639.36,7440.0,3,152,0.1317,0.008429
2026-09-18 14:06:39,SPX,7629.45,7639.36,7820.0,775,13,0.0963,0.008429
2026-09-18 14:06:39,SPX,7629.45,7639.36,7435.0,1,140,0.1339,0.008429
2026-09-18 14:06:39,SPX,7629.45,7639.36,7825.0,810,17,0.0968,0.008429
2026-09-18 14:06:39,SPX,7629.45,7639.36,7430.0,3,543,0.136,0.008429
2026-09-18 14:06:39,SPX,7629.45,7639.36,7830.0,681,0,0.097,0.008429
2026-09-18 14:06:39,SPX,7629.45,7639.36,7425.0,9,2271,0.1382,0.008429
2026-09-18 14:06:39,SPX,7629.45,7639.36,7835.0,168,0,0.0969,0.008429
2026-09-18 14:06:39,SPX,7629.45,7639.36,7420.0,4,217,0.1403,0.008429
2026-09-18 14:06:39,SPX,7629.45,7639.36,7840.0,648,2,0.0965,0.008429
2026-09-18 14:06:39,SPX,7629.45,7639.36,7415.0,5,186,0.1425,0.008429
2026-09-18 14:06:39,SPX,7629.45,7639.36,7845.0,218,0,0.0959,0.008429
2026-09-18 14:06:39,SPX,7629.45,7639.36,7410.0,2,190,0.1448,0.008429
2026-09-18 14:06:39,SPX,7629.45,7639.36,7850.0,1125,13,0.0951,0.008429
2026-09-18 14:06:39,SPX,7629.45,7639.36,7405.0,1,179,0.147,0.008429
2026-09-18 14:06:39,SPX,7629.45,7639.36,7400.0,9,1858,0.1493,0.008429
2026-09-18 14:06:39,SPX,7629.45,7639.36,7860.0,604,105,0.0931,0.008429
2026-09-18 14:06:39,SPX,7629.45,7639.36,7395.0,1,177,0.1517,0.008429
2026-09-18 14:06:39,SPX,7629.45,7639.36,7390.0,0,237,0.1541,0.008429
2026-09-18 14:06:39,SPX,7629.45,7639.36,7870.0,663,0,0.0907,0.008429
2026-09-18 14:06:39,SPX,7629.45,7639.36,7385.0,2,172,0.1565,0.008429
2026-09-18 14:06:39,SPX,7629.45,7639.36,7875.0,1280,1,0.0894,0.008429
2026-09-18 14:06:39,SPX,7629.45,7639.36,7380.0,3,288,0.159,0.008429
2026-09-18 14:06:39,SPX,7629.45,7639.36,7630.0,602,122,0.0837,0.011167
2026-09-18 14:06:39,SPX,7629.45,7639.36,7625.0,454,502,0.0847,0.011167
2026-09-18 14:06:39,SPX,7629.45,7639.36,7635.0,76,174,0.0825,0.011167
2026-09-18 14:06:39,SPX,7629.45,7639.36,7620.0,150,2055,0.086,0.011167
2026-09-18 14:06:39,SPX,7629.45,7639.36,7640.0,433,318,0.0814,0.011167
2026-09-18 14:06:39,SPX,7629.45,7639.36,7615.0,112,136,0.0876,0.011167
2026-09-18 14:06:39,SPX,7629.45,7639.36,7645.0,78,2060,0.0804,0.011167
2026-09-18 14:06:39,SPX,7629.45,7639.36,7610.0,227,117,0.0885,0.011167
2026-09-18 14:06:39,SPX,7629.45,7639.36,7650.0,210,314,0.0794,0.011167
2026-09-18 14:06:39,SPX,7629.45,7639.36,7605.0,106,95,0.0898,0.011167
2026-09-18 14:06:39,SPX,7629.45,7639.36,7655.0,93,56,0.0787,0.011167
2026-09-18 14:06:39,SPX,7629.45,7639.36,7600.0,351,1083,0.0915,0.011167
2026-09-18 14:06:39,SPX,7629.45,7639.36,7660.0,217,386,0.0778,0.011167
2026-09-18 14:06:39,SPX,7629.45,7639.36,7595.0,69,277,0.0927,0.011167
2026-09-18 14:06:39,SPX,7629.45,7639.36,7665.0,131,90,0.0773,0.011167
2026-09-18 14:06:39,SPX,7629.45,7639.36,7590.0,77,683,0.0939,0.011167
2026-09-18 14:06:39,SPX,7629.45,7639.36,7670.0,2103,146,0.0768,0.011167
2026-09-18 14:06:39,SPX,7629.45,7639.36,7585.0,225,1355,0.0951,0.011167
2026-09-18 14:06:39,SPX,7629.45,7639.36,7675.0,1179,441,0.0763,0.011167
2026-09-18 14:06:39,SPX,7629.45,7639.36,7580.0,502,480,0.0968,0.011167
2026-09-18 14:06:39,SPX,7629.45,7639.36,7680.0,451,168,0.0758,0.011167
2026-09-18 14:06:39,SPX,7629.45,7639.36,7575.0,48,509,0.0985,0.011167
2026-09-18 14:06:39,SPX,7629.45,7639.36,7685.0,405,81,0.0753,0.011167
2026-09-18 14:06:39,SPX,7629.45,7639.36,7570.0,51,283,0.0998,0.011167
2026-09-18 14:06:39,SPX,7629.45,7639.36,7690.0,154,280,0.0748,0.011167
2026-09-18 14:06:39,SPX,7629.45,7639.36,7565.0,29,113,0.1009,0.011167
2026-09-18 14:06:39,SPX,7629.45,7639.36,7695.0,2011,55,0.0743,0.011167
2026-09-18 14:06:39,SPX,7629.45,7639.36,7560.0,44,1112,0.1022,0.011167
2026-09-18 14:06:39,SPX,7629.45,7639.36,7700.0,837,353,0.0738,0.011167
2026-09-18 14:06:39,SPX,7629.45,7639.36,7555.0,56,77,0.1039,0.011167
2026-09-18 14:06:39,SPX,7629.45,7639.36,7705.0,164,1,0.0733,0.011167
2026-09-18 14:06:39,SPX,7629.45,7639.36,7550.0,58,1439,0.1056,0.011167
2026-09-18 14:06:39,SPX,7629.45,7639.36,7710.0,331,31,0.0728,0.011167
2026-09-18 14:06:39,SPX,7629.45,7639.36,7545.0,27,109,0.1069,0.011167
2026-09-18 14:06:39,SPX,7629.45,7639.36,7715.0,384,27,0.0723,0.011167
2026-09-18 14:06:39,SPX,7629.45,7639.36,7540.0,14,201,0.1076,0.011167
2026-09-18 14:06:39,SPX,7629.45,7639.36,7720.0,459,32,0.072,0.011167
2026-09-18 14:06:39,SPX,7629.45,7639.36,7535.0,19,132,0.1086,0.011167
2026-09-18 14:06:39,SPX,7629.45,7639.36,7725.0,304,82,0.072,0.011167
2026-09-18 14:06:39,SPX,7629.45,7639.36,7530.0,22,435,0.1105,0.011167
2026-09-18 14:06:39,SPX,7629.45,7639.36,7730.0,221,25,0.0722,0.011167
2026-09-18 14:06:39,SPX,7629.45,7639.36,7525.0,47,256,0.1123,0.011167
2026-09-18 14:06:39,SPX,7629.45,7639.36,7735.0,190,11,0.0725,0.011167
2026-09-18 14:06:39,SPX,7629.45,7639.36,7520.0,9,143,0.1136,0.011167
2026-09-18 14:06:39,SPX,7629.45,7639.36,7740.0,458,135,0.0729,0.011167
2026-09-18 14:06:39,SPX,7629.45,7639.36,7515.0,14,210,0.1151,0.011167
2026-09-18 14:06:39,SPX,7629.45,7639.36,7745.0,407,2,0.0732,0.011167
2026-09-18 14:06:39,SPX,7629.45,7639.36,7510.0,48,680,0.1166,0.011167
2026-09-18 14:06:39,SPX,7629.45,7639.36,7750.0,1213,281,0.0737,0.011167
2026-09-18 14:06:39,SPX,7629.45,7639.36,7505.0,8,277,0.118,0.011167
2026-09-18 14:06:39,SPX,7629.45,7639.36,7755.0,2213,7,0.0741,0.011167
2026-09-18 14:06:39,SPX,7629.45,7639.36,7500.0,73,1273,0.1193,0.011167
2026-09-18 14:06:39,SPX,7629.45,7639.36,7760.0,935,13,0.0747,0.011167
2026-09-18 14:06:39,SPX,7629.45,7639.36,7495.0,14,131,0.1206,0.011167
2026-09-18 14:06:39,SPX,7629.45,7639.36,7765.0,776,12,0.0753,0.011167
2026-09-18 14:06:39,SPX,7629.45,7639.36,7490.0,64,463,0.122,0.011167
2026-09-18 14:06:39,SPX,7629.45,7639.36,7770.0,301,27,0.076,0.011167
2026-09-18 14:06:39,SPX,7629.45,7639.36,7485.0,122,539,0.1235,0.011167
2026-09-18 14:06:39,SPX,7629.45,7639.36,7775.0,2316,14,0.0768,0.011167
2026-09-18 14:06:39,SPX,7629.45,7639.36,7480.0,62,514,0.125,0.011167
2026-09-18 14:06:39,SPX,7629.45,7639.36,7780.0,741,23,0.0776,0.011167
2026-09-18 14:06:39,SPX,7629.45,7639.36,7475.0,13,604,0.1266,0.011167
2026-09-18 14:06:39,SPX,7629.45,7639.36,7785.0,814,2,0.0786,0.011167
2026-09-18 14:06:39,SPX,7629.45,7639.36,7470.0,1,614,0.1282,0.011167
2026-09-18 14:06:39,SPX,7629.45,7639.36,7790.0,458,15,0.0798,0.011167
2026-09-18 14:06:39,SPX,7629.45,7639.36,7465.0,1,329,0.1299,0.011167
2026-09-18 14:06:39,SPX,7629.45,7639.36,7795.0,441,0,0.0811,0.011167
2026-09-18 14:06:39,SPX,7629.45,7639.36,7460.0,1,320,0.1316,0.011167
2026-09-18 14:06:39,SPX,7629.45,7639.36,7800.0,1860,98,0.0826,0.011167
2026-09-18 14:06:39,SPX,7629.45,7639.36,7455.0,1,62,0.1333,0.011167
2026-09-18 14:06:39,SPX,7629.45,7639.36,7805.0,290,0,0.0841,0.011167
2026-09-18 14:06:39,SPX,7629.45,7639.36,7450.0,18,363,0.1349,0.011167
2026-09-18 14:06:39,SPX,7629.45,7639.36,7810.0,617,9,0.0858,0.011167
2026-09-18 14:06:39,SPX,7629.45,7639.36,7445.0,1,81,0.1366,0.011167
2026-09-18 14:06:39,SPX,7629.45,7639.36,7815.0,359,1,0.0875,0.011167
2026-09-18 14:06:39,SPX,7629.45,7639.36,7440.0,2,350,0.1382,0.011167
2026-09-18 14:06:39,SPX,7629.45,7639.36,7820.0,258,7,0.0893,0.011167
2026-09-18 14:06:39,SPX,7629.45,7639.36,7435.0,4,322,0.1398,0.011167
2026-09-18 14:06:39,SPX,7629.45,7639.36,7825.0,666,5,0.0911,0.011167
2026-09-18 14:06:39,SPX,7629.45,7639.36,7430.0,2,386,0.1414,0.011167
2026-09-18 14:06:39,SPX,7629.45,7639.36,7830.0,489,2,0.093,0.011167
2026-09-18 14:06:39,SPX,7629.45,7639.36,7425.0,0,651,0.143,0.011167
2026-09-18 14:06:39,SPX,7629.45,7639.36,7420.0,2,459,0.1446,0.011167
2026-09-18 14:06:39,SPX,7629.45,7639.36,7840.0,629,0,0.0969,0.011167
2026-09-18 14:06:39,SPX,7629.45,7639.36,7415.0,2,52,0.1462,0.011167
2026-09-18 14:06:39,SPX,7629.45,7639.36,7410.0,4,241,0.1478,0.011167
2026-09-18 14:06:39,SPX,7629.45,7639.36,7850.0,1056,6,0.1008,0.011167
2026-09-18 14:06:39,SPX,7629.45,7639.36,7405.0,0,58,0.1495,0.011167
2026-09-18 14:06:39,SPX,7629.45,7639.36,7400.0,5,526,0.1511,0.011167
2026-09-18 14:06:39,SPX,7629.45,7639.36,7860.0,391,0,0.1048,0.011167
2026-09-18 14:06:39,SPX,7629.45,7639.36,7395.0,0,384,0.1528,0.011167
2026-09-18 14:06:39,SPX,7629.45,7639.36,7390.0,0,144,0.1545,0.011167
2026-09-18 14:06:39,SPX,7629.45,7639.36,7870.0,471,0,0.1089,0.011167
2026-09-18 14:06:39,SPX,7629.45,7639.36,7385.0,1,79,0.1563,0.011167
2026-09-18 14:06:39,SPX,7629.45,7639.36,7875.0,418,3,0.1109,0.011167
2026-09-18 14:06:39,SPX,7629.45,7639.36,7380.0,32,125,0.1581,0.011167
2026-09-18 14:37:03,SPX,7635.19,7640.76,7635.0,1775,1781,0.113,0.000158
2026-09-18 14:37:03,SPX,7635.19,7640.76,7640.0,1740,2228,0.1148,0.000158
2026-09-18 14:37:03,SPX,7635.19,7640.76,7630.0,1708,2992,0.1139,0.000158
2026-09-18 14:37:03,SPX,7635.19,7640.76,7645.0,2364,1011,0.1197,0.000158
2026-09-18 14:37:03,SPX,7635.19,7640.76,7625.0,2714,5754,0.1173,0.000158
2026-09-18 14:37:03,SPX,7635.19,7640.76,7650.0,8069,7952,0.1286,0.000158
2026-09-18 14:37:03,SPX,7635.19,7640.76,7620.0,1349,1067,0.1275,0.000158
2026-09-18 14:37:03,SPX,7635.19,7640.76,7655.0,1659,1780,0.1401,0.000158
2026-09-18 14:37:03,SPX,7635.19,7640.76,7615.0,1072,3137,0.1385,0.000158
2026-09-18 14:37:03,SPX,7635.19,7640.76,7660.0,3139,2320,0.1541,0.000158
2026-09-18 14:37:03,SPX,7635.19,7640.76,7610.0,1041,1959,0.1533,0.000158
2026-09-18 14:37:03,SPX,7635.19,7640.76,7665.0,1718,666,0.1703,0.000158
2026-09-18 14:37:03,SPX,7635.19,7640.76,7605.0,977,2877,0.1702,0.000158
2026-09-18 14:37:03,SPX,7635.19,7640.76,7670.0,4130,745,0.1851,0.000158
2026-09-18 14:37:03,SPX,7635.19,7640.76,7600.0,4544,9839,0.1859,0.000158
2026-09-18 14:37:03,SPX,7635.19,7640.76,7675.0,6657,2897,0.1983,0.000158
2026-09-18 14:37:03,SPX,7635.19,7640.76,7595.0,377,2219,0.2007,0.000158
2026-09-18 14:37:03,SPX,7635.19,7640.76,7680.0,3734,571,0.216,0.000158
2026-09-18 14:37:03,SPX,7635.19,7640.76,7590.0,567,2230,0.221,0.000158
2026-09-18 14:37:03,SPX,7635.19,7640.76,7685.0,2693,528,0.2323,0.000158
2026-09-18 14:37:03,SPX,7635.19,7640.76,7585.0,390,1291,0.2408,0.000158
2026-09-18 14:37:03,SPX,7635.19,7640.76,7690.0,2281,1758,0.2453,0.000158
2026-09-18 14:37:03,SPX,7635.19,7640.76,7580.0,665,2224,0.2558,0.000158
2026-09-18 14:37:03,SPX,7635.19,7640.76,7695.0,2511,633,0.2571,0.000158
2026-09-18 14:37:03,SPX,7635.19,7640.76,7575.0,684,3253,0.2722,0.000158
2026-09-18 14:37:03,SPX,7635.19,7640.76,7700.0,15419,5033,0.2702,0.000158
2026-09-18 14:37:03,SPX,7635.19,7640.76,7570.0,412,1774,0.2909,0.000158
2026-09-18 14:37:03,SPX,7635.19,7640.76,7705.0,4697,706,0.2854,0.000158
2026-09-18 14:37:03,SPX,7635.19,7640.76,7565.0,680,996,0.3085,0.000158
2026-09-18 14:37:03,SPX,7635.19,7640.76,7710.0,2673,392,0.3019,0.000158
2026-09-18 14:37:03,SPX,7635.19,7640.76,7560.0,406,1642,0.3243,0.000158
2026-09-18 14:37:03,SPX,7635.19,7640.76,7715.0,2888,369,0.3184,0.000158
2026-09-18 14:37:03,SPX,7635.19,7640.76,7555.0,308,1274,0.3392,0.000158
2026-09-18 14:37:03,SPX,7635.19,7640.76,7720.0,2920,1279,0.3347,0.000158
2026-09-18 14:37:03,SPX,7635.19,7640.76,7550.0,2770,11995,0.3554,0.000158
2026-09-18 14:37:03,SPX,7635.19,7640.76,7725.0,5475,1260,0.3504,0.000158
2026-09-18 14:37:03,SPX,7635.19,7640.76,7545.0,1955,3057,0.3735,0.000158
2026-09-18 14:37:03,SPX,7635.19,7640.76,7730.0,4490,466,0.3656,0.000158
2026-09-18 14:37:03,SPX,7635.19,7640.76,7540.0,164,2595,0.3929,0.000158
2026-09-18 14:37:03,SPX,7635.19,7640.76,7735.0,2575,669,0.3795,0.000158
2026-09-18 14:37:03,SPX,7635.19,7640.76,7535.0,196,2718,0.4131,0.000158
2026-09-18 14:37:03,SPX,7635.19,7640.76,7740.0,1873,426,0.3922,0.000158
2026-09-18 14:37:03,SPX,7635.19,7640.76,7530.0,197,1877,0.4334,0.000158
2026-09-18 14:37:03,SPX,7635.19,7640.76,7745.0,1301,180,0.4036,0.000158
2026-09-18 14:37:03,SPX,7635.19,7640.76,7525.0,236,2945,0.4533,0.000158
2026-09-18 14:37:03,SPX,7635.19,7640.76,7750.0,4479,1453,0.4137,0.000158
2026-09-18 14:37:03,SPX,7635.19,7640.76,7520.0,232,3022,0.4723,0.000158
2026-09-18 14:37:03,SPX,7635.19,7640.76,7755.0,2952,147,0.4225,0.000158
2026-09-18 14:37:03,SPX,7635.19,7640.76,7515.0,146,1027,0.4904,0.000158
2026-09-18 14:37:03,SPX,7635.19,7640.76,7760.0,3417,88,0.4303,0.000158
2026-09-18 14:37:03,SPX,7635.19,7640.76,7510.0,153,2200,0.5081,0.000158
2026-09-18 14:37:03,SPX,7635.19,7640.76,7765.0,5868,225,0.437,0.000158
2026-09-18 14:37:03,SPX,7635.19,7640.76,7505.0,90,2020,0.5251,0.000158
2026-09-18 14:37:03,SPX,7635.19,7640.76,7770.0,4212,242,0.4428,0.000158
2026-09-18 14:37:03,SPX,7635.19,7640.76,7500.0,869,7492,0.5409,0.000158
2026-09-18 14:37:03,SPX,7635.19,7640.76,7775.0,2737,470,0.4473,0.000158
2026-09-18 14:37:03,SPX,7635.19,7640.76,7495.0,576,2455,0.5554,0.000158
2026-09-18 14:37:03,SPX,7635.19,7640.76,7780.0,5741,251,0.451,0.000158
2026-09-18 14:37:03,SPX,7635.19,7640.76,7490.0,72,1331,0.5682,0.000158
2026-09-18 14:37:03,SPX,7635.19,7640.76,7785.0,1694,242,0.4541,0.000158
2026-09-18 14:37:03,SPX,7635.19,7640.76,7485.0,64,4029,0.5789,0.000158
2026-09-18 14:37:03,SPX,7635.19,7640.76,7790.0,2201,181,0.4565,0.000158
2026-09-18 14:37:03,SPX,7635.19,7640.76,7480.0,112,1800,0.588,0.000158
2026-09-18 14:37:03,SPX,7635.19,7640.76,7795.0,1063,147,0.4584,0.000158
2026-09-18 14:37:03,SPX,7635.19,7640.76,7475.0,343,4793,0.5955,0.000158
2026-09-18 14:37:03,SPX,7635.19,7640.76,7800.0,5517,671,0.4599,0.000158
2026-09-18 14:37:03,SPX,7635.19,7640.76,7470.0,97,1487,0.6017,0.000158
2026-09-18 14:37:03,SPX,7635.19,7640.76,7805.0,7965,62,0.461,0.000158
2026-09-18 14:37:03,SPX,7635.19,7640.76,7465.0,31,3010,0.6063,0.000158
2026-09-18 14:37:03,SPX,7635.19,7640.76,7810.0,1530,79,0.4617,0.000158
2026-09-18 14:37:03,SPX,7635.19,7640.76,7460.0,98,1219,0.6094,0.000158
2026-09-18 14:37:03,SPX,7635.19,7640.76,7815.0,1982,47,0.4622,0.000158
2026-09-18 14:37:03,SPX,7635.19,7640.76,7455.0,74,1809,0.6115,0.000158
2026-09-18 14:37:03,SPX,7635.19,7640.76,7820.0,3083,83,0.4625,0.000158
2026-09-18 14:37:03,SPX,7635.19,7640.76,7450.0,345,4652,0.6161,0.000158
2026-09-18 14:37:03,SPX,7635.19,7640.76,7825.0,2828,125,0.4632,0.000158
2026-09-18 14:37:03,SPX,7635.19,7640.76,7445.0,71,2883,0.624,0.000158
2026-09-18 14:37:03,SPX,7635.19,7640.76,7830.0,1315,77,0.4631,0.000158
2026-09-18 14:37:03,SPX,7635.19,7640.76,7440.0,83,2643,0.6225,0.000158
2026-09-18 14:37:03,SPX,7635.19,7640.76,7835.0,695,18,0.4629,0.000158
2026-09-18 14:37:03,SPX,7635.19,7640.76,7435.0,26,2072,0.6204,0.000158
2026-09-18 14:37:03,SPX,7635.19,7640.76,7840.0,2146,57,0.4627,0.000158
2026-09-18 14:37:03,SPX,7635.19,7640.76,7430.0,166,968,0.6173,0.000158
2026-09-18 14:37:03,SPX,7635.19,7640.76,7845.0,647,35,0.4623,0.000158
2026-09-18 14:37:03,SPX,7635.19,7640.76,7425.0,448,3761,0.6136,0.000158
2026-09-18 14:37:03,SPX,7635.19,7640.76,7850.0,4627,66,0.462,0.000158
2026-09-18 14:37:03,SPX,7635.19,7640.76,7420.0,101,889,0.6092,0.000158
2026-09-18 14:37:03,SPX,7635.19,7640.76,7855.0,5587,27,0.4615,0.000158
2026-09-18 14:37:03,SPX,7635.19,7640.76,7415.0,54,762,0.6044,0.000158
2026-09-18 14:37:03,SPX,7635.19,7640.76,7860.0,3849,124,0.4611,0.000158
2026-09-18 14:37:03,SPX,7635.19,7640.76,7410.0,269,1178,0.5995,0.000158
2026-09-18 14:37:03,SPX,7635.19,7640.76,7865.0,902,11,0.4606,0.000158
2026-09-18 14:37:03,SPX,7635.19,7640.76,7405.0,158,6263,0.5944,0.000158
2026-09-18 14:37:03,SPX,7635.19,7640.76,7870.0,5254,20,0.4601,0.000158
2026-09-18 14:37:03,SPX,7635.19,7640.76,7400.0,1059,9186,0.5892,0.000158
2026-09-18 14:37:03,SPX,7635.19,7640.76,7875.0,1892,71,0.4596,0.000158
2026-09-18 14:37:03,SPX,7635.19,7640.76,7395.0,30,2242,0.5838,0.000158
2026-09-18 14:37:03,SPX,7635.19,7640.76,7880.0,715,54,0.4591,0.000158
2026-09-18 14:37:03,SPX,7635.19,7640.76,7390.0,33,1231,0.5791,0.000158
2026-09-18 14:37:03,SPX,7635.19,7640.76,7885.0,727,19,0.4585,0.000158
2026-09-18 14:37:03,SPX,7635.19,7640.76,7635.0,241,434,0.0693,0.008371
2026-09-18 14:37:03,SPX,7635.19,7640.76,7640.0,406,508,0.0684,0.008371
2026-09-18 14:37:03,SPX,7635.19,7640.76,7630.0,294,456,0.0703,0.008371
2026-09-18 14:37:03,SPX,7635.19,7640.76,7645.0,224,1154,0.0675,0.008371
2026-09-18 14:37:03,SPX,7635.19,7640.76,7625.0,460,1569,0.0716,0.008371
2026-09-18 14:37:03,SPX,7635.19,7640.76,7650.0,972,773,0.0664,0.008371
2026-09-18 14:37:03,SPX,7635.19,7640.76,7620.0,273,1140,0.0727,0.008371
2026-09-18 14:37:03,SPX,7635.19,7640.76,7655.0,479,200,0.0654,0.008371
2026-09-18 14:37:03,SPX,7635.19,7640.76,7615.0,229,229,0.0739,0.008371
2026-09-18 14:37:03,SPX,7635.19,7640.76,7660.0,593,249,0.0646,0.008371
2026-09-18 14:37:03,SPX,7635.19,7640.76,7610.0,178,352,0.0749,0.008371
2026-09-18 14:37:03,SPX,7635.19,7640.76,7665.0,399,121,0.064,0.008371
2026-09-18 14:37:03,SPX,7635.19,7640.76,7605.0,138,233,0.0769,0.008371
2026-09-18 14:37:03,SPX,7635.19,7640.76,7670.0,1418,229,0.0636,0.008371
2026-09-18 14:37:03,SPX,7635.19,7640.76,7600.0,703,1529,0.0786,0.008371
2026-09-18 14:37:03,SPX,7635.19,7640.76,7675.0,620,689,0.0633,0.008371
2026-09-18 14:37:03,SPX,7635.19,7640.76,7595.0,112,296,0.0801,0.008371
2026-09-18 14:37:03,SPX,7635.19,7640.76,7680.0,711,110,0.063,0.008371
2026-09-18 14:37:03,SPX,7635.19,7640.76,7590.0,120,459,0.0812,0.008371
2026-09-18 14:37:03,SPX,7635.19,7640.76,7685.0,692,67,0.0627,0.008371
2026-09-18 14:37:03,SPX,7635.19,7640.76,7585.0,451,408,0.0832,0.008371
2026-09-18 14:37:03,SPX,7635.19,7640.76,7690.0,674,179,0.0623,0.008371
2026-09-18 14:37:03,SPX,7635.19,7640.76,7580.0,94,545,0.0846,0.008371
2026-09-18 14:37:03,SPX,7635.19,7640.76,7695.0,1414,66,0.0619,0.008371
2026-09-18 14:37:03,SPX,7635.19,7640.76,7575.0,89,871,0.0855,0.008371
2026-09-18 14:37:03,SPX,7635.19,7640.76,7700.0,4856,3413,0.0616,0.008371
2026-09-18 14:37:03,SPX,7635.19,7640.76,7570.0,89,285,0.0868,0.008371
2026-09-18 14:37:03,SPX,7635.19,7640.76,7705.0,894,71,0.0615,0.008371
2026-09-18 14:37:03,SPX,7635.19,7640.76,7565.0,52,254,0.0886,0.008371
2026-09-18 14:37:03,SPX,7635.19,7640.76,7710.0,742,131,0.0616,0.008371
2026-09-18 14:37:03,SPX,7635.19,7640.76,7560.0,218,436,0.0906,0.008371
2026-09-18 14:37:03,SPX,7635.19,7640.76,7715.0,731,194,0.0619,0.008371
2026-09-18 14:37:03,SPX,7635.19,7640.76,7555.0,33,230,0.092,0.008371
2026-09-18 14:37:03,SPX,7635.19,7640.76,7720.0,1095,229,0.0626,0.008371
2026-09-18 14:37:03,SPX,7635.19,7640.76,7550.0,133,2133,0.0932,0.008371
2026-09-18 14:37:03,SPX,7635.19,7640.76,7725.0,1139,410,0.0635,0.008371
2026-09-18 14:37:03,SPX,7635.19,7640.76,7545.0,18,300,0.0941,0.008371
2026-09-18 14:37:03,SPX,7635.19,7640.76,7730.0,986,162,0.0646,0.008371
2026-09-18 14:37:03,SPX,7635.19,7640.76,7540.0,71,330,0.0958,0.008371
2026-09-18 14:37:03,SPX,7635.19,7640.76,7735.0,653,192,0.0658,0.008371
2026-09-18 14:37:03,SPX,7635.19,7640.76,7535.0,50,229,0.0977,0.008371
2026-09-18 14:37:03,SPX,7635.19,7640.76,7740.0,946,196,0.0672,0.008371
2026-09-18 14:37:03,SPX,7635.19,7640.76,7530.0,43,381,0.0989,0.008371
2026-09-18 14:37:03,SPX,7635.19,7640.76,7745.0,450,31,0.0686,0.008371
2026-09-18 14:37:03,SPX,7635.19,7640.76,7525.0,54,433,0.1006,0.008371
2026-09-18 14:37:03,SPX,7635.19,7640.76,7750.0,1698,276,0.0701,0.008371
2026-09-18 14:37:03,SPX,7635.19,7640.76,7520.0,32,673,0.1026,0.008371
2026-09-18 14:37:03,SPX,7635.19,7640.76,7755.0,595,16,0.0716,0.008371
2026-09-18 14:37:03,SPX,7635.19,7640.76,7515.0,42,637,0.1044,0.008371
2026-09-18 14:37:03,SPX,7635.19,7640.76,7760.0,685,96,0.073,0.008371
2026-09-18 14:37:03,SPX,7635.19,7640.76,7510.0,23,352,0.1063,0.008371
2026-09-18 14:37:03,SPX,7635.19,7640.76,7765.0,651,33,0.0744,0.008371
2026-09-18 14:37:03,SPX,7635.19,7640.76,7505.0,16,178,0.108,0.008371
2026-09-18 14:37:03,SPX,7635.19,7640.76,7770.0,500,30,0.0758,0.008371
2026-09-18 14:37:03,SPX,7635.19,7640.76,7500.0,36,4019,0.1096,0.008371
2026-09-18 14:37:03,SPX,7635.19,7640.76,7775.0,1623,142,0.0771,0.008371
2026-09-18 14:37:03,SPX,7635.19,7640.76,7495.0,13,485,0.1112,0.008371
2026-09-18 14:37:03,SPX,7635.19,7640.76,7780.0,630,27,0.0784,0.008371
2026-09-18 14:37:03,SPX,7635.19,7640.76,7490.0,21,419,0.1127,0.008371
2026-09-18 14:37:03,SPX,7635.19,7640.76,7785.0,385,0,0.0796,0.008371
2026-09-18 14:37:03,SPX,7635.19,7640.76,7485.0,5,192,0.1143,0.008371
2026-09-18 14:37:03,SPX,7635.19,7640.76,7790.0,523,77,0.0806,0.008371
2026-09-18 14:37:03,SPX,7635.19,7640.76,7480.0,8,1378,0.1161,0.008371
2026-09-18 14:37:03,SPX,7635.19,7640.76,7795.0,673,0,0.0815,0.008371
2026-09-18 14:37:03,SPX,7635.19,7640.76,7475.0,94,826,0.1181,0.008371
2026-09-18 14:37:03,SPX,7635.19,7640.76,7800.0,1966,588,0.0821,0.008371
2026-09-18 14:37:03,SPX,7635.19,7640.76,7470.0,11,312,0.1203,0.008371
2026-09-18 14:37:03,SPX,7635.19,7640.76,7805.0,513,7,0.0826,0.008371
2026-09-18 14:37:03,SPX,7635.19,7640.76,7465.0,0,165,0.1227,0.008371
2026-09-18 14:37:03,SPX,7635.19,7640.76,7810.0,649,5,0.0829,0.008371
2026-09-18 14:37:03,SPX,7635.19,7640.76,7460.0,22,229,0.1251,0.008371
2026-09-18 14:37:03,SPX,7635.19,7640.76,7815.0,594,0,0.0833,0.008371
2026-09-18 14:37:03,SPX,7635.19,7640.76,7455.0,3,1253,0.1275,0.008371
2026-09-18 14:37:03,SPX,7635.19,7640.76,7820.0,775,13,0.0836,0.008371
2026-09-18 14:37:03,SPX,7635.19,7640.76,7450.0,32,1041,0.1299,0.008371
2026-09-18 14:37:03,SPX,7635.19,7640.76,7825.0,810,17,0.0838,0.008371
2026-09-18 14:37:03,SPX,7635.19,7640.76,7445.0,11,188,0.1323,0.008371
2026-09-18 14:37:03,SPX,7635.19,7640.76,7830.0,681,0,0.0838,0.008371
2026-09-18 14:37:03,SPX,7635.19,7640.76,7440.0,3,152,0.1347,0.008371
2026-09-18 14:37:03,SPX,7635.19,7640.76,7835.0,168,0,0.0838,0.008371
2026-09-18 14:37:03,SPX,7635.19,7640.76,7435.0,1,140,0.137,0.008371
2026-09-18 14:37:03,SPX,7635.19,7640.76,7840.0,648,2,0.0836,0.008371
2026-09-18 14:37:03,SPX,7635.19,7640.76,7430.0,3,543,0.1394,0.008371
2026-09-18 14:37:03,SPX,7635.19,7640.76,7845.0,218,0,0.0834,0.008371
2026-09-18 14:37:03,SPX,7635.19,7640.76,7425.0,9,2271,0.1417,0.008371
2026-09-18 14:37:03,SPX,7635.19,7640.76,7850.0,1125,13,0.0831,0.008371
2026-09-18 14:37:03,SPX,7635.19,7640.76,7420.0,4,217,0.144,0.008371
2026-09-18 14:37:03,SPX,7635.19,7640.76,7415.0,5,186,0.1464,0.008371
2026-09-18 14:37:03,SPX,7635.19,7640.76,7860.0,604,105,0.0823,0.008371
2026-09-18 14:37:03,SPX,7635.19,7640.76,7410.0,2,190,0.1487,0.008371
2026-09-18 14:37:03,SPX,7635.19,7640.76,7405.0,1,179,0.1511,0.008371
2026-09-18 14:37:03,SPX,7635.19,7640.76,7870.0,663,0,0.0812,0.008371
2026-09-18 14:37:03,SPX,7635.19,7640.76,7400.0,9,1858,0.1534,0.008371
2026-09-18 14:37:03,SPX,7635.19,7640.76,7875.0,1280,1,0.0806,0.008371
2026-09-18 14:37:03,SPX,7635.19,7640.76,7395.0,1,177,0.1558,0.008371
2026-09-18 14:37:03,SPX,7635.19,7640.76,7880.0,639,0,0.08,0.008371
2026-09-18 14:37:03,SPX,7635.19,7640.76,7390.0,0,237,0.1582,0.008371
2026-09-18 14:37:03,SPX,7635.19,7640.76,7635.0,76,174,0.0831,0.011109
2026-09-18 14:37:03,SPX,7635.19,7640.76,7640.0,433,318,0.0818,0.011109
2026-09-18 14:37:03,SPX,7635.19,7640.76,7630.0,602,122,0.0842,0.011109
2026-09-18 14:37:03,SPX,7635.19,7640.76,7645.0,78,2060,0.0808,0.011109
2026-09-18 14:37:03,SPX,7635.19,7640.76,7625.0,454,502,0.0855,0.011109
2026-09-18 14:37:03,SPX,7635.19,7640.76,7650.0,210,314,0.0797,0.011109
2026-09-18 14:37:03,SPX,7635.19,7640.76,7620.0,150,2055,0.0868,0.011109
2026-09-18 14:37:03,SPX,7635.19,7640.76,7655.0,93,56,0.0787,0.011109
2026-09-18 14:37:03,SPX,7635.19,7640.76,7615.0,112,136,0.0885,0.011109
2026-09-18 14:37:03,SPX,7635.19,7640.76,7660.0,217,386,0.0779,0.011109
2026-09-18 14:37:03,SPX,7635.19,7640.76,7610.0,227,117,0.0899,0.011109
2026-09-18 14:37:03,SPX,7635.19,7640.76,7665.0,131,90,0.0771,0.011109
2026-09-18 14:37:03,SPX,7635.19,7640.76,7605.0,106,95,0.0911,0.011109
2026-09-18 14:37:03,SPX,7635.19,7640.76,7670.0,2103,146,0.0765,0.011109
2026-09-18 14:37:03,SPX,7635.19,7640.76,7600.0,351,1083,0.0922,0.011109
2026-09-18 14:37:03,SPX,7635.19,7640.76,7675.0,1179,441,0.0761,0.011109
2026-09-18 14:37:03,SPX,7635.19,7640.76,7595.0,69,277,0.0935,0.011109
2026-09-18 14:37:03,SPX,7635.19,7640.76,7680.0,451,168,0.0755,0.011109
2026-09-18 14:37:03,SPX,7635.19,7640.76,7590.0,77,683,0.0953,0.011109
2026-09-18 14:37:03,SPX,7635.19,7640.76,7685.0,405,81,0.0748,0.011109
2026-09-18 14:37:03,SPX,7635.19,7640.76,7585.0,225,1355,0.097,0.011109
2026-09-18 14:37:03,SPX,7635.19,7640.76,7690.0,154,280,0.0741,0.011109
2026-09-18 14:37:03,SPX,7635.19,7640.76,7580.0,502,480,0.0982,0.011109
2026-09-18 14:37:03,SPX,7635.19,7640.76,7695.0,2011,55,0.0734,0.011109
2026-09-18 14:37:03,SPX,7635.19,7640.76,7575.0,48,509,0.0992,0.011109
2026-09-18 14:37:03,SPX,7635.19,7640.76,7700.0,837,353,0.0726,0.011109
2026-09-18 14:37:03,SPX,7635.19,7640.76,7570.0,51,283,0.1004,0.011109
2026-09-18 14:37:03,SPX,7635.19,7640.76,7705.0,164,1,0.072,0.011109
2026-09-18 14:37:03,SPX,7635.19,7640.76,7565.0,29,113,0.1016,0.011109
2026-09-18 14:37:03,SPX,7635.19,7640.76,7710.0,331,31,0.0715,0.011109
2026-09-18 14:37:03,SPX,7635.19,7640.76,7560.0,44,1112,0.1032,0.011109
2026-09-18 14:37:03,SPX,7635.19,7640.76,7715.0,384,27,0.0711,0.011109
2026-09-18 14:37:03,SPX,7635.19,7640.76,7555.0,56,77,0.1044,0.011109
2026-09-18 14:37:03,SPX,7635.19,7640.76,7720.0,459,32,0.0709,0.011109
2026-09-18 14:37:03,SPX,7635.19,7640.76,7550.0,58,1439,0.1061,0.011109
2026-09-18 14:37:03,SPX,7635.19,7640.76,7725.0,304,82,0.0709,0.011109
2026-09-18 14:37:03,SPX,7635.19,7640.76,7545.0,27,0,0.1076,0.011109
2026-09-18 14:37:03,SPX,7635.19,7640.76,7525.0,47,256,0.1138,0.011109
2026-09-18 14:37:03,SPX,7635.19,7640.76,7750.0,1213,281,0.0713,0.011109
2026-09-18 14:37:03,SPX,7635.19,7640.76,7520.0,9,143,0.1153,0.011109
2026-09-18 14:37:03,SPX,7635.19,7640.76,7755.0,2213,7,0.0716,0.011109
2026-09-18 14:37:03,SPX,7635.19,7640.76,7515.0,14,210,0.1166,0.011109
2026-09-18 14:37:03,SPX,7635.19,7640.76,7760.0,935,13,0.0719,0.011109
2026-09-18 14:37:03,SPX,7635.19,7640.76,7510.0,48,680,0.1178,0.011109
2026-09-18 14:37:03,SPX,7635.19,7640.76,7765.0,776,12,0.0724,0.011109
2026-09-18 14:37:03,SPX,7635.19,7640.76,7505.0,8,277,0.1191,0.011109
2026-09-18 14:37:03,SPX,7635.19,7640.76,7770.0,301,27,0.073,0.011109
2026-09-18 14:37:03,SPX,7635.19,7640.76,7500.0,73,1273,0.1204,0.011109
2026-09-18 14:37:03,SPX,7635.19,7640.76,7775.0,2316,14,0.0737,0.011109
2026-09-18 14:37:03,SPX,7635.19,7640.76,7495.0,14,131,0.122,0.011109
2026-09-18 14:37:03,SPX,7635.19,7640.76,7780.0,741,23,0.0746,0.011109
2026-09-18 14:37:03,SPX,7635.19,7640.76,7490.0,64,463,0.1236,0.011109
2026-09-18 14:37:03,SPX,7635.19,7640.76,7785.0,814,2,0.0756,0.011109
2026-09-18 14:37:03,SPX,7635.19,7640.76,7485.0,122,539,0.1253,0.011109
2026-09-18 14:37:03,SPX,7635.19,7640.76,7790.0,458,15,0.0767,0.011109
2026-09-18 14:37:03,SPX,7635.19,7640.76,7480.0,62,514,0.127,0.011109
2026-09-18 14:37:03,SPX,7635.19,7640.76,7795.0,441,0,0.078,0.011109
2026-09-18 14:37:03,SPX,7635.19,7640.76,7475.0,13,604,0.1287,0.011109
2026-09-18 14:37:03,SPX,7635.19,7640.76,7800.0,1860,98,0.0794,0.011109
2026-09-18 14:37:03,SPX,7635.19,7640.76,7470.0,1,614,0.1304,0.011109
2026-09-18 14:37:03,SPX,7635.19,7640.76,7805.0,290,0,0.081,0.011109
2026-09-18 14:37:03,SPX,7635.19,7640.76,7465.0,1,329,0.1321,0.011109
2026-09-18 14:37:03,SPX,7635.19,7640.76,7810.0,617,9,0.0826,0.011109
2026-09-18 14:37:03,SPX,7635.19,7640.76,7460.0,1,320,0.1338,0.011109
2026-09-18 14:37:03,SPX,7635.19,7640.76,7815.0,359,1,0.0844,0.011109
2026-09-18 14:37:03,SPX,7635.19,7640.76,7455.0,1,62,0.1354,0.011109
2026-09-18 14:37:03,SPX,7635.19,7640.76,7820.0,258,7,0.0863,0.011109
2026-09-18 14:37:03,SPX,7635.19,7640.76,7450.0,18,363,0.137,0.011109
2026-09-18 14:37:03,SPX,7635.19,7640.76,7825.0,666,5,0.0882,0.011109
2026-09-18 14:37:03,SPX,7635.19,7640.76,7445.0,1,81,0.1386,0.011109
2026-09-18 14:37:03,SPX,7635.19,7640.76,7830.0,489,2,0.0902,0.011109
2026-09-18 14:37:03,SPX,7635.19,7640.76,7440.0,2,350,0.1402,0.011109
2026-09-18 14:37:03,SPX,7635.19,7640.76,7435.0,4,322,0.1418,0.011109
2026-09-18 14:37:03,SPX,7635.19,7640.76,7840.0,629,0,0.0944,0.011109
2026-09-18 14:37:03,SPX,7635.19,7640.76,7430.0,2,386,0.1434,0.011109
2026-09-18 14:37:03,SPX,7635.19,7640.76,7425.0,0,651,0.145,0.011109
2026-09-18 14:37:03,SPX,7635.19,7640.76,7850.0,1056,6,0.0986,0.011109
2026-09-18 14:37:03,SPX,7635.19,7640.76,7420.0,2,459,0.1467,0.011109
2026-09-18 14:37:03,SPX,7635.19,7640.76,7415.0,2,52,0.1483,0.011109
2026-09-18 14:37:03,SPX,7635.19,7640.76,7860.0,391,0,0.1028,0.011109
2026-09-18 14:37:03,SPX,7635.19,7640.76,7410.0,4,241,0.15,0.011109
2026-09-18 14:37:03,SPX,7635.19,7640.76,7405.0,0,58,0.1518,0.011109
2026-09-18 14:37:03,SPX,7635.19,7640.76,7870.0,471,0,0.107,0.011109
2026-09-18 14:37:03,SPX,7635.19,7640.76,7400.0,5,526,0.1536,0.011109
2026-09-18 14:37:03,SPX,7635.19,7640.76,7875.0,418,3,0.1089,0.011109
2026-09-18 14:37:03,SPX,7635.19,7640.76,7395.0,0,384,0.1554,0.011109
2026-09-18 14:37:03,SPX,7635.19,7640.76,7880.0,345,5,0.1108,0.011109
2026-09-18 14:37:03,SPX,7635.19,7640.76,7390.0,0,144,0.1572,0.011109
2026-09-18 15:07:28,SPX,7642.74,7643.86,7645.0,2364,1011,0.1281,0.0001
2026-09-18 15:07:28,SPX,7642.74,7643.86,7640.0,1740,2228,0.1312,0.0001
2026-09-18 15:07:28,SPX,7642.74,7643.86,7650.0,8069,7952,0.13,0.0001
2026-09-18 15:07:28,SPX,7642.74,7643.86,7635.0,1775,1781,0.1388,0.0001
2026-09-18 15:07:28,SPX,7642.74,7643.86,7655.0,1659,1780,0.1379,0.0001
2026-09-18 15:07:28,SPX,7642.74,7643.86,7630.0,1708,2992,0.1488,0.0001
2026-09-18 15:07:28,SPX,7642.74,7643.86,7660.0,3139,2320,0.1488,0.0001
2026-09-18 15:07:28,SPX,7642.74,7643.86,7625.0,2714,5754,0.1642,0.0001
2026-09-18 15:07:28,SPX,7642.74,7643.86,7665.0,1718,666,0.1594,0.0001
2026-09-18 15:07:28,SPX,7642.74,7643.86,7620.0,1349,1067,0.1796,0.0001
2026-09-18 15:07:28,SPX,7642.74,7643.86,7670.0,4130,745,0.1749,0.0001
2026-09-18 15:07:28,SPX,7642.74,7643.86,7615.0,1072,3137,0.1969,0.0001
2026-09-18 15:07:28,SPX,7642.74,7643.86,7675.0,6657,2897,0.1938,0.0001
2026-09-18 15:07:28,SPX,7642.74,7643.86,7610.0,1041,1959,0.2133,0.0001
2026-09-18 15:07:28,SPX,7642.74,7643.86,7680.0,3734,571,0.2121,0.0001
2026-09-18 15:07:28,SPX,7642.74,7643.86,7605.0,977,2877,0.2419,0.0001
2026-09-18 15:07:28,SPX,7642.74,7643.86,7685.0,2693,528,0.2335,0.0001
2026-09-18 15:07:28,SPX,7642.74,7643.86,7600.0,4544,9839,0.2657,0.0001
2026-09-18 15:07:28,SPX,7642.74,7643.86,7690.0,2281,1758,0.2452,0.0001
2026-09-18 15:07:28,SPX,7642.74,7643.86,7595.0,377,2219,0.2881,0.0001
2026-09-18 15:07:28,SPX,7642.74,7643.86,7695.0,2511,633,0.263,0.0001
2026-09-18 15:07:28,SPX,7642.74,7643.86,7590.0,567,2230,0.3123,0.0001
2026-09-18 15:07:28,SPX,7642.74,7643.86,7700.0,15419,5033,0.2803,0.0001
2026-09-18 15:07:28,SPX,7642.74,7643.86,7585.0,390,1291,0.3287,0.0001
2026-09-18 15:07:28,SPX,7642.74,7643.86,7705.0,4697,706,0.2969,0.0001
2026-09-18 15:07:28,SPX,7642.74,7643.86,7580.0,665,2224,0.3433,0.0001
2026-09-18 15:07:28,SPX,7642.74,7643.86,7710.0,2673,392,0.3138,0.0001
2026-09-18 15:07:28,SPX,7642.74,7643.86,7575.0,684,3253,0.3611,0.0001
2026-09-18 15:07:28,SPX,7642.74,7643.86,7715.0,2888,369,0.3318,0.0001
2026-09-18 15:07:28,SPX,7642.74,7643.86,7570.0,412,1774,0.3823,0.0001
2026-09-18 15:07:28,SPX,7642.74,7643.86,7720.0,2920,1279,0.3508,0.0001
2026-09-18 15:07:28,SPX,7642.74,7643.86,7565.0,680,996,0.4051,0.0001
2026-09-18 15:07:28,SPX,7642.74,7643.86,7725.0,5475,1260,0.3701,0.0001
2026-09-18 15:07:28,SPX,7642.74,7643.86,7560.0,406,1642,0.4288,0.0001
2026-09-18 15:07:28,SPX,7642.74,7643.86,7730.0,4490,466,0.3889,0.0001
2026-09-18 15:07:28,SPX,7642.74,7643.86,7555.0,308,1274,0.4529,0.0001
2026-09-18 15:07:28,SPX,7642.74,7643.86,7735.0,2575,669,0.4063,0.0001
2026-09-18 15:07:28,SPX,7642.74,7643.86,7550.0,2770,11995,0.4771,0.0001
2026-09-18 15:07:28,SPX,7642.74,7643.86,7740.0,1873,426,0.4221,0.0001
2026-09-18 15:07:28,SPX,7642.74,7643.86,7545.0,1955,0,0.5012,0.0001
2026-09-18 15:07:28,SPX,7642.74,7643.86,7745.0,1301,180,0.4363,0.0001
2026-09-18 15:07:28,SPX,7642.74,7643.86,7540.0,164,0,0.5252,0.0001
2026-09-18 15:07:28,SPX,7642.74,7643.86,7750.0,4479,0,0.4487,0.0001
2026-09-18 15:07:28,SPX,7642.74,7643.86,7535.0,196,2718,0.5486,0.0001
2026-09-18 15:07:28,SPX,7642.74,7643.86,7755.0,2952,147,0.4594,0.0001
2026-09-18 15:07:28,SPX,7642.74,7643.86,7530.0,197,1877,0.571,0.0001
2026-09-18 15:07:28,SPX,7642.74,7643.86,7760.0,3417,88,0.4684,0.0001
2026-09-18 15:07:28,SPX,7642.74,7643.86,7525.0,236,2945,0.593,0.0001
2026-09-18 15:07:28,SPX,7642.74,7643.86,7765.0,5868,225,0.476,0.0001
2026-09-18 15:07:28,SPX,7642.74,7643.86,7520.0,232,3022,0.6139,0.0001
2026-09-18 15:07:28,SPX,7642.74,7643.86,7770.0,4212,242,0.4821,0.0001
2026-09-18 15:07:28,SPX,7642.74,7643.86,7515.0,146,1027,0.6333,0.0001
2026-09-18 15:07:28,SPX,7642.74,7643.86,7775.0,2737,470,0.486,0.0001
2026-09-18 15:07:28,SPX,7642.74,7643.86,7510.0,153,2200,0.6519,0.0001
2026-09-18 15:07:28,SPX,7642.74,7643.86,7780.0,5741,251,0.4888,0.0001
2026-09-18 15:07:28,SPX,7642.74,7643.86,7505.0,90,2020,0.6695,0.0001
2026-09-18 15:07:28,SPX,7642.74,7643.86,7785.0,1694,242,0.4907,0.0001
2026-09-18 15:07:28,SPX,7642.74,7643.86,7500.0,869,7492,0.6858,0.0001
2026-09-18 15:07:28,SPX,7642.74,7643.86,7790.0,2201,181,0.4918,0.0001
2026-09-18 15:07:28,SPX,7642.74,7643.86,7495.0,576,2455,0.7009,0.0001
2026-09-18 15:07:28,SPX,7642.74,7643.86,7795.0,1063,147,0.4924,0.0001
2026-09-18 15:07:28,SPX,7642.74,7643.86,7490.0,72,1331,0.7143,0.0001
2026-09-18 15:07:28,SPX,7642.74,7643.86,7800.0,5517,671,0.4926,0.0001
2026-09-18 15:07:28,SPX,7642.74,7643.86,7485.0,64,4029,0.7259,0.0001
2026-09-18 15:07:28,SPX,7642.74,7643.86,7805.0,7965,62,0.4924,0.0001
2026-09-18 15:07:28,SPX,7642.74,7643.86,7480.0,112,1800,0.7355,0.0001
2026-09-18 15:07:28,SPX,7642.74,7643.86,7810.0,1530,79,0.492,0.0001
2026-09-18 15:07:28,SPX,7642.74,7643.86,7475.0,343,4793,0.743,0.0001
2026-09-18 15:07:28,SPX,7642.74,7643.86,7815.0,1982,47,0.4913,0.0001
2026-09-18 15:07:28,SPX,7642.74,7643.86,7470.0,97,1487,0.7482,0.0001
2026-09-18 15:07:28,SPX,7642.74,7643.86,7820.0,3083,83,0.4906,0.0001
2026-09-18 15:07:28,SPX,7642.74,7643.86,7465.0,31,3010,0.7508,0.0001
2026-09-18 15:07:28,SPX,7642.74,7643.86,7825.0,2828,125,0.4897,0.0001
2026-09-18 15:07:28,SPX,7642.74,7643.86,7460.0,98,1219,0.7506,0.0001
2026-09-18 15:07:28,SPX,7642.74,7643.86,7830.0,1315,77,0.4888,0.0001
2026-09-18 15:07:28,SPX,7642.74,7643.86,7455.0,74,1809,0.748,0.0001
2026-09-18 15:07:28,SPX,7642.74,7643.86,7835.0,695,18,0.4879,0.0001
2026-09-18 15:07:28,SPX,7642.74,7643.86,7450.0,345,4652,0.7443,0.0001
2026-09-18 15:07:28,SPX,7642.74,7643.86,7840.0,2146,57,0.4869,0.0001
2026-09-18 15:07:28,SPX,7642.74,7643.86,7445.0,71,2883,0.7378,0.0001
2026-09-18 15:07:28,SPX,7642.74,7643.86,7845.0,647,35,0.4859,0.0001
2026-09-18 15:07:28,SPX,7642.74,7643.86,7440.0,83,2643,0.7299,0.0001
2026-09-18 15:07:28,SPX,7642.74,7643.86,7850.0,4627,66,0.4849,0.0001
2026-09-18 15:07:28,SPX,7642.74,7643.86,7435.0,26,2072,0.721,0.0001
2026-09-18 15:07:28,SPX,7642.74,7643.86,7855.0,5587,27,0.484,0.0001
2026-09-18 15:07:28,SPX,7642.74,7643.86,7430.0,166,968,0.7113,0.0001
2026-09-18 15:07:28,SPX,7642.74,7643.86,7860.0,3849,124,0.483,0.0001
2026-09-18 15:07:28,SPX,7642.74,7643.86,7425.0,448,3761,0.701,0.0001
2026-09-18 15:07:28,SPX,7642.74,7643.86,7865.0,902,11,0.482,0.0001
2026-09-18 15:07:28,SPX,7642.74,7643.86,7420.0,101,889,0.6902,0.0001
2026-09-18 15:07:28,SPX,7642.74,7643.86,7870.0,5254,20,0.4811,0.0001
2026-09-18 15:07:28,SPX,7642.74,7643.86,7415.0,54,762,0.6793,0.0001
2026-09-18 15:07:28,SPX,7642.74,7643.86,7875.0,1892,71,0.4801,0.0001
2026-09-18 15:07:28,SPX,7642.74,7643.86,7410.0,269,1178,0.6686,0.0001
2026-09-18 15:07:28,SPX,7642.74,7643.86,7880.0,715,54,0.4792,0.0001
2026-09-18 15:07:28,SPX,7642.74,7643.86,7405.0,158,6263,0.6581,0.0001
2026-09-18 15:07:28,SPX,7642.74,7643.86,7885.0,727,19,0.4783,0.0001
2026-09-18 15:07:28,SPX,7642.74,7643.86,7400.0,1059,9186,0.648,0.0001
2026-09-18 15:07:28,SPX,7642.74,7643.86,7890.0,2803,34,0.4775,0.0001
2026-09-18 15:07:28,SPX,7642.74,7643.86,7395.0,30,2242,0.6384,0.0001
2026-09-18 15:07:28,SPX,7642.74,7643.86,7645.0,224,1154,0.0655,0.008313
2026-09-18 15:07:28,SPX,7642.74,7643.86,7640.0,406,508,0.0666,0.008313
2026-09-18 15:07:28,SPX,7642.74,7643.86,7650.0,972,773,0.0647,0.008313
2026-09-18 15:07:28,SPX,7642.74,7643.86,7635.0,241,434,0.0677,0.008313
2026-09-18 15:07:28,SPX,7642.74,7643.86,7655.0,479,200,0.0638,0.008313
2026-09-18 15:07:28,SPX,7642.74,7643.86,7630.0,294,456,0.0688,0.008313
2026-09-18 15:07:28,SPX,7642.74,7643.86,7660.0,593,249,0.0629,0.008313
2026-09-18 15:07:28,SPX,7642.74,7643.86,7625.0,460,1569,0.07,0.008313
2026-09-18 15:07:28,SPX,7642.74,7643.86,7665.0,399,121,0.0619,0.008313
2026-09-18 15:07:28,SPX,7642.74,7643.86,7620.0,273,1140,0.0713,0.008313
2026-09-18 15:07:28,SPX,7642.74,7643.86,7670.0,1418,229,0.0609,0.008313
2026-09-18 15:07:28,SPX,7642.74,7643.86,7615.0,229,229,0.0723,0.008313
2026-09-18 15:07:28,SPX,7642.74,7643.86,7675.0,620,689,0.06,0.008313
2026-09-18 15:07:28,SPX,7642.74,7643.86,7610.0,178,352,0.0746,0.008313
2026-09-18 15:07:28,SPX,7642.74,7643.86,7680.0,711,110,0.0595,0.008313
2026-09-18 15:07:28,SPX,7642.74,7643.86,7605.0,138,233,0.0756,0.008313
2026-09-18 15:07:28,SPX,7642.74,7643.86,7685.0,692,67,0.0591,0.008313
2026-09-18 15:07:28,SPX,7642.74,7643.86,7600.0,703,1529,0.0767,0.008313
2026-09-18 15:07:28,SPX,7642.74,7643.86,7690.0,674,179,0.0587,0.008313
2026-09-18 15:07:28,SPX,7642.74,7643.86,7595.0,112,296,0.0782,0.008313
2026-09-18 15:07:28,SPX,7642.74,7643.86,7695.0,1414,66,0.0581,0.008313
2026-09-18 15:07:28,SPX,7642.74,7643.86,7590.0,120,459,0.0794,0.008313
2026-09-18 15:07:28,SPX,7642.74,7643.86,7700.0,4856,3413,0.0576,0.008313
2026-09-18 15:07:28,SPX,7642.74,7643.86,7585.0,451,408,0.0816,0.008313
2026-09-18 15:07:28,SPX,7642.74,7643.86,7705.0,894,71,0.0569,0.008313
2026-09-18 15:07:28,SPX,7642.74,7643.86,7580.0,94,545,0.0823,0.008313
2026-09-18 15:07:28,SPX,7642.74,7643.86,7710.0,742,131,0.0564,0.008313
2026-09-18 15:07:28,SPX,7642.74,7643.86,7575.0,89,871,0.0838,0.008313
2026-09-18 15:07:28,SPX,7642.74,7643.86,7715.0,731,194,0.056,0.008313
2026-09-18 15:07:28,SPX,7642.74,7643.86,7570.0,89,285,0.0863,0.008313
2026-09-18 15:07:28,SPX,7642.74,7643.86,7720.0,1095,229,0.0559,0.008313
2026-09-18 15:07:28,SPX,7642.74,7643.86,7565.0,52,254,0.0878,0.008313
2026-09-18 15:07:28,SPX,7642.74,7643.86,7725.0,1139,410,0.0561,0.008313
2026-09-18 15:07:28,SPX,7642.74,7643.86,7560.0,218,436,0.0892,0.008313
2026-09-18 15:07:28,SPX,7642.74,7643.86,7730.0,986,162,0.0567,0.008313
2026-09-18 15:07:28,SPX,7642.74,7643.86,7555.0,33,230,0.0897,0.008313
2026-09-18 15:07:28,SPX,7642.74,7643.86,7735.0,653,192,0.0576,0.008313
2026-09-18 15:07:28,SPX,7642.74,7643.86,7550.0,133,2133,0.0912,0.008313
2026-09-18 15:07:28,SPX,7642.74,7643.86,7740.0,946,196,0.0588,0.008313
2026-09-18 15:07:28,SPX,7642.74,7643.86,7545.0,18,300,0.0935,0.008313
2026-09-18 15:07:28,SPX,7642.74,7643.86,7745.0,450,31,0.0602,0.008313
2026-09-18 15:07:28,SPX,7642.74,7643.86,7540.0,71,330,0.0943,0.008313
2026-09-18 15:07:28,SPX,7642.74,7643.86,7750.0,1698,276,0.0617,0.008313
2026-09-18 15:07:28,SPX,7642.74,7643.86,7535.0,50,229,0.0965,0.008313
2026-09-18 15:07:28,SPX,7642.74,7643.86,7755.0,595,16,0.0635,0.008313
2026-09-18 15:07:28,SPX,7642.74,7643.86,7530.0,43,381,0.0983,0.008313
2026-09-18 15:07:28,SPX,7642.74,7643.86,7760.0,685,96,0.0655,0.008313
2026-09-18 15:07:28,SPX,7642.74,7643.86,7525.0,54,433,0.0998,0.008313
2026-09-18 15:07:28,SPX,7642.74,7643.86,7765.0,651,33,0.0675,0.008313
2026-09-18 15:07:28,SPX,7642.74,7643.86,7520.0,32,673,0.1012,0.008313
2026-09-18 15:07:28,SPX,7642.74,7643.86,7770.0,500,30,0.0699,0.008313
2026-09-18 15:07:28,SPX,7642.74,7643.86,7515.0,42,637,0.1023,0.008313
2026-09-18 15:07:28,SPX,7642.74,7643.86,7775.0,1623,142,0.0716,0.008313
2026-09-18 15:07:28,SPX,7642.74,7643.86,7510.0,23,352,0.1034,0.008313
2026-09-18 15:07:28,SPX,7642.74,7643.86,7780.0,630,27,0.0731,0.008313
2026-09-18 15:07:28,SPX,7642.74,7643.86,7505.0,16,178,0.1047,0.008313
2026-09-18 15:07:28,SPX,7642.74,7643.86,7785.0,385,0,0.0744,0.008313
2026-09-18 15:07:28,SPX,7642.74,7643.86,7500.0,36,4019,0.1063,0.008313
2026-09-18 15:07:28,SPX,7642.74,7643.86,7790.0,523,77,0.0758,0.008313
2026-09-18 15:07:28,SPX,7642.74,7643.86,7495.0,13,485,0.1083,0.008313
2026-09-18 15:07:28,SPX,7642.74,7643.86,7795.0,673,0,0.0781,0.008313
2026-09-18 15:07:28,SPX,7642.74,7643.86,7490.0,21,419,0.1105,0.008313
2026-09-18 15:07:28,SPX,7642.74,7643.86,7800.0,1966,588,0.0806,0.008313
2026-09-18 15:07:28,SPX,7642.74,7643.86,7485.0,5,192,0.1129,0.008313
2026-09-18 15:07:28,SPX,7642.74,7643.86,7805.0,513,7,0.082,0.008313
2026-09-18 15:07:28,SPX,7642.74,7643.86,7480.0,8,1378,0.1153,0.008313
2026-09-18 15:07:28,SPX,7642.74,7643.86,7810.0,649,5,0.0824,0.008313
2026-09-18 15:07:28,SPX,7642.74,7643.86,7475.0,94,826,0.1177,0.008313
2026-09-18 15:07:28,SPX,7642.74,7643.86,7815.0,594,0,0.0826,0.008313
2026-09-18 15:07:28,SPX,7642.74,7643.86,7470.0,11,312,0.1201,0.008313
2026-09-18 15:07:28,SPX,7642.74,7643.86,7820.0,775,13,0.0826,0.008313
2026-09-18 15:07:28,SPX,7642.74,7643.86,7465.0,0,165,0.1224,0.008313
2026-09-18 15:07:28,SPX,7642.74,7643.86,7825.0,810,17,0.0826,0.008313
2026-09-18 15:07:28,SPX,7642.74,7643.86,7460.0,22,229,0.1247,0.008313
2026-09-18 15:07:28,SPX,7642.74,7643.86,7830.0,681,0,0.0824,0.008313
2026-09-18 15:07:28,SPX,7642.74,7643.86,7455.0,3,1253,0.1269,0.008313
2026-09-18 15:07:28,SPX,7642.74,7643.86,7835.0,168,0,0.0821,0.008313
2026-09-18 15:07:28,SPX,7642.74,7643.86,7450.0,32,1041,0.1291,0.008313
2026-09-18 15:07:28,SPX,7642.74,7643.86,7840.0,648,2,0.0817,0.008313
2026-09-18 15:07:28,SPX,7642.74,7643.86,7445.0,11,188,0.1312,0.008313
2026-09-18 15:07:28,SPX,7642.74,7643.86,7845.0,218,0,0.0812,0.008313
2026-09-18 15:07:28,SPX,7642.74,7643.86,7440.0,3,152,0.1334,0.008313
2026-09-18 15:07:28,SPX,7642.74,7643.86,7850.0,1125,13,0.0806,0.008313
2026-09-18 15:07:28,SPX,7642.74,7643.86,7435.0,1,140,0.1356,0.008313
2026-09-18 15:07:28,SPX,7642.74,7643.86,7430.0,3,543,0.1377,0.008313
2026-09-18 15:07:28,SPX,7642.74,7643.86,7860.0,604,105,0.0795,0.008313
2026-09-18 15:07:28,SPX,7642.74,7643.86,7425.0,9,2271,0.1399,0.008313
2026-09-18 15:07:28,SPX,7642.74,7643.86,7420.0,4,217,0.1422,0.008313
2026-09-18 15:07:28,SPX,7642.74,7643.86,7870.0,663,0,0.0784,0.008313
2026-09-18 15:07:28,SPX,7642.74,7643.86,7415.0,5,186,0.1445,0.008313
2026-09-18 15:07:28,SPX,7642.74,7643.86,7875.0,1280,1,0.0778,0.008313
2026-09-18 15:07:28,SPX,7642.74,7643.86,7410.0,2,190,0.1468,0.008313
2026-09-18 15:07:28,SPX,7642.74,7643.86,7880.0,639,0,0.0772,0.008313
2026-09-18 15:07:28,SPX,7642.74,7643.86,7405.0,1,179,0.1492,0.008313
2026-09-18 15:07:28,SPX,7642.74,7643.86,7400.0,9,1858,0.1516,0.008313
2026-09-18 15:07:28,SPX,7642.74,7643.86,7890.0,503,0,0.0759,0.008313
2026-09-18 15:07:28,SPX,7642.74,7643.86,7395.0,1,177,0.1541,0.008313
2026-09-18 15:07:28,SPX,7642.74,7643.86,7645.0,78,2060,0.079,0.011051
2026-09-18 15:07:28,SPX,7642.74,7643.86,7640.0,433,318,0.0804,0.011051
2026-09-18 15:07:28,SPX,7642.74,7643.86,7650.0,210,314,0.078,0.011051
2026-09-18 15:07:28,SPX,7642.74,7643.86,7635.0,76,174,0.0813,0.011051
2026-09-18 15:07:28,SPX,7642.74,7643.86,7655.0,93,56,0.0769,0.011051
2026-09-18 15:07:28,SPX,7642.74,7643.86,7630.0,602,122,0.083,0.011051
2026-09-18 15:07:28,SPX,7642.74,7643.86,7660.0,217,386,0.0759,0.011051
2026-09-18 15:07:28,SPX,7642.74,7643.86,7625.0,454,502,0.0845,0.011051
2026-09-18 15:07:28,SPX,7642.74,7643.86,7665.0,131,90,0.075,0.011051
2026-09-18 15:07:28,SPX,7642.74,7643.86,7620.0,150,2055,0.086,0.011051
2026-09-18 15:07:28,SPX,7642.74,7643.86,7670.0,2103,146,0.0743,0.011051
2026-09-18 15:07:28,SPX,7642.74,7643.86,7615.0,112,136,0.0871,0.011051
2026-09-18 15:07:28,SPX,7642.74,7643.86,7675.0,1179,441,0.0736,0.011051
2026-09-18 15:07:28,SPX,7642.74,7643.86,7610.0,227,117,0.0881,0.011051
2026-09-18 15:07:28,SPX,7642.74,7643.86,7680.0,451,168,0.073,0.011051
2026-09-18 15:07:28,SPX,7642.74,7643.86,7605.0,106,95,0.0894,0.011051
2026-09-18 15:07:28,SPX,7642.74,7643.86,7685.0,405,81,0.0722,0.011051
2026-09-18 15:07:28,SPX,7642.74,7643.86,7600.0,351,1083,0.091,0.011051
2026-09-18 15:07:28,SPX,7642.74,7643.86,7690.0,154,280,0.0713,0.011051
2026-09-18 15:07:28,SPX,7642.74,7643.86,7595.0,69,277,0.0927,0.011051
2026-09-18 15:07:28,SPX,7642.74,7643.86,7695.0,2011,55,0.0704,0.011051
2026-09-18 15:07:28,SPX,7642.74,7643.86,7590.0,77,683,0.094,0.011051
2026-09-18 15:07:28,SPX,7642.74,7643.86,7700.0,837,353,0.0694,0.011051
2026-09-18 15:07:28,SPX,7642.74,7643.86,7585.0,225,1355,0.0952,0.011051
2026-09-18 15:07:28,SPX,7642.74,7643.86,7705.0,164,1,0.0686,0.011051
2026-09-18 15:07:28,SPX,7642.74,7643.86,7580.0,502,480,0.0966,0.011051
2026-09-18 15:07:28,SPX,7642.74,7643.86,7710.0,331,31,0.0681,0.011051
2026-09-18 15:07:28,SPX,7642.74,7643.86,7575.0,48,509,0.0979,0.011051
2026-09-18 15:07:28,SPX,7642.74,7643.86,7715.0,384,27,0.0678,0.011051
2026-09-18 15:07:28,SPX,7642.74,7643.86,7570.0,51,283,0.0989,0.011051
2026-09-18 15:07:28,SPX,7642.74,7643.86,7720.0,459,32,0.0677,0.011051
2026-09-18 15:07:28,SPX,7642.74,7643.86,7565.0,29,113,0.1003,0.011051
2026-09-18 15:07:28,SPX,7642.74,7643.86,7725.0,304,82,0.0675,0.011051
2026-09-18 15:07:28,SPX,7642.74,7643.86,7560.0,44,1112,0.1017,0.011051
2026-09-18 15:07:28,SPX,7642.74,7643.86,7730.0,221,25,0.0674,0.011051
2026-09-18 15:07:28,SPX,7642.74,7643.86,7555.0,56,77,0.1034,0.011051
2026-09-18 15:07:28,SPX,7642.74,7643.86,7735.0,190,11,0.0673,0.011051
2026-09-18 15:07:28,SPX,7642.74,7643.86,7550.0,58,1439,0.1046,0.011051
2026-09-18 15:07:28,SPX,7642.74,7643.86,7740.0,458,135,0.0671,0.011051
2026-09-18 15:07:28,SPX,7642.74,7643.86,7545.0,27,109,0.1062,0.011051
2026-09-18 15:07:28,SPX,7642.74,7643.86,7745.0,407,2,0.0669,0.011051
2026-09-18 15:07:28,SPX,7642.74,7643.86,7540.0,14,201,0.1079,0.011051
2026-09-18 15:07:28,SPX,7642.74,7643.86,7750.0,1213,281,0.0668,0.011051
2026-09-18 15:07:28,SPX,7642.74,7643.86,7535.0,19,132,0.1097,0.011051
2026-09-18 15:07:28,SPX,7642.74,7643.86,7755.0,2213,7,0.0668,0.011051
2026-09-18 15:07:28,SPX,7642.74,7643.86,7530.0,22,435,0.1113,0.011051
2026-09-18 15:07:28,SPX,7642.74,7643.86,7760.0,935,13,0.067,0.011051
2026-09-18 15:07:28,SPX,7642.74,7643.86,7525.0,47,256,0.1129,0.011051
2026-09-18 15:07:28,SPX,7642.74,7643.86,7765.0,776,12,0.0673,0.011051
2026-09-18 15:07:28,SPX,7642.74,7643.86,7520.0,9,143,0.1145,0.011051
2026-09-18 15:07:28,SPX,7642.74,7643.86,7770.0,301,27,0.0679,0.011051
2026-09-18 15:07:28,SPX,7642.74,7643.86,7515.0,14,210,0.1159,0.011051
2026-09-18 15:07:28,SPX,7642.74,7643.86,7775.0,2316,14,0.0687,0.011051
2026-09-18 15:07:28,SPX,7642.74,7643.86,7510.0,48,680,0.1172,0.011051
2026-09-18 15:07:28,SPX,7642.74,7643.86,7780.0,741,23,0.0696,0.011051
2026-09-18 15:07:28,SPX,7642.74,7643.86,7505.0,8,277,0.1185,0.011051
2026-09-18 15:07:28,SPX,7642.74,7643.86,7785.0,814,2,0.0707,0.011051
2026-09-18 15:07:28,SPX,7642.74,7643.86,7500.0,73,1273,0.1199,0.011051
2026-09-18 15:07:28,SPX,7642.74,7643.86,7790.0,458,15,0.072,0.011051
2026-09-18 15:07:28,SPX,7642.74,7643.86,7495.0,14,131,0.1214,0.011051
2026-09-18 15:07:28,SPX,7642.74,7643.86,7795.0,441,0,0.0733,0.011051
2026-09-18 15:07:28,SPX,7642.74,7643.86,7490.0,64,463,0.1229,0.011051
2026-09-18 15:07:28,SPX,7642.74,7643.86,7800.0,1860,98,0.0749,0.011051
2026-09-18 15:07:28,SPX,7642.74,7643.86,7485.0,122,539,0.1245,0.011051
2026-09-18 15:07:28,SPX,7642.74,7643.86,7805.0,290,0,0.0765,0.011051
2026-09-18 15:07:28,SPX,7642.74,7643.86,7480.0,62,514,0.1262,0.011051
2026-09-18 15:07:28,SPX,7642.74,7643.86,7810.0,617,9,0.0782,0.011051
2026-09-18 15:07:28,SPX,7642.74,7643.86,7475.0,13,604,0.1279,0.011051
2026-09-18 15:07:28,SPX,7642.74,7643.86,7815.0,359,1,0.08,0.011051
2026-09-18 15:07:28,SPX,7642.74,7643.86,7470.0,1,614,0.1296,0.011051
2026-09-18 15:07:28,SPX,7642.74,7643.86,7820.0,258,7,0.082,0.011051
2026-09-18 15:07:28,SPX,7642.74,7643.86,7465.0,1,329,0.1312,0.011051
2026-09-18 15:07:28,SPX,7642.74,7643.86,7825.0,666,5,0.084,0.011051
2026-09-18 15:07:28,SPX,7642.74,7643.86,7460.0,1,320,0.1329,0.011051
2026-09-18 15:07:28,SPX,7642.74,7643.86,7830.0,489,2,0.0861,0.011051
2026-09-18 15:07:28,SPX,7642.74,7643.86,7455.0,1,62,0.1345,0.011051
2026-09-18 15:07:28,SPX,7642.74,7643.86,7450.0,18,363,0.1361,0.011051
2026-09-18 15:07:28,SPX,7642.74,7643.86,7840.0,629,0,0.0904,0.011051
2026-09-18 15:07:28,SPX,7642.74,7643.86,7445.0,1,81,0.1377,0.011051
2026-09-18 15:07:28,SPX,7642.74,7643.86,7440.0,2,350,0.1393,0.011051
2026-09-18 15:07:28,SPX,7642.74,7643.86,7850.0,1056,6,0.0948,0.011051
2026-09-18 15:07:28,SPX,7642.74,7643.86,7435.0,4,322,0.1409,0.011051
2026-09-18 15:07:28,SPX,7642.74,7643.86,7430.0,2,386,0.1425,0.011051
2026-09-18 15:07:28,SPX,7642.74,7643.86,7860.0,391,0,0.0993,0.011051
2026-09-18 15:07:28,SPX,7642.74,7643.86,7425.0,0,651,0.1442,0.011051
2026-09-18 15:07:28,SPX,7642.74,7643.86,7420.0,2,459,0.1458,0.011051
2026-09-18 15:07:28,SPX,7642.74,7643.86,7870.0,471,0,0.1036,0.011051
2026-09-18 15:07:28,SPX,7642.74,7643.86,7415.0,2,52,0.1475,0.011051
2026-09-18 15:07:28,SPX,7642.74,7643.86,7875.0,418,3,0.1057,0.011051
2026-09-18 15:07:28,SPX,7642.74,7643.86,7410.0,4,241,0.1492,0.011051
2026-09-18 15:07:28,SPX,7642.74,7643.86,7880.0,345,5,0.1077,0.011051
2026-09-18 15:07:28,SPX,7642.74,7643.86,7405.0,0,58,0.151,0.011051
2026-09-18 15:07:28,SPX,7642.74,7643.86,7400.0,5,526,0.1527,0.011051
2026-09-18 15:07:28,SPX,7642.74,7643.86,7890.0,602,0,0.1114,0.011051
2026-09-18 15:07:28,SPX,7642.74,7643.86,7395.0,0,384,0.1545,0.011051
2026-09-18 15:37:52,SPX,7637.21,7641.62,7635.0,1775,1781,0.1529,4.2e-05
2026-09-18 15:37:52,SPX,7637.21,7641.62,7640.0,1740,2228,0.1486,4.2e-05
2026-09-18 15:37:52,SPX,7637.21,7641.62,7630.0,1708,2992,0.1641,4.2e-05
2026-09-18 15:37:52,SPX,7637.21,7641.62,7645.0,2364,1011,0.1533,4.2e-05
2026-09-18 15:37:52,SPX,7637.21,7641.62,7625.0,2714,5754,0.1838,4.2e-05
2026-09-18 15:37:52,SPX,7637.21,7641.62,7650.0,8069,7952,0.1653,4.2e-05
2026-09-18 15:37:52,SPX,7637.21,7641.62,7620.0,1349,1067,0.2079,4.2e-05
2026-09-18 15:37:52,SPX,7637.21,7641.62,7655.0,1659,1780,0.1881,4.2e-05
2026-09-18 15:37:52,SPX,7637.21,7641.62,7615.0,1072,3137,0.236,4.2e-05
2026-09-18 15:37:52,SPX,7637.21,7641.62,7660.0,3139,2320,0.215,4.2e-05
2026-09-18 15:37:52,SPX,7637.21,7641.62,7610.0,1041,1959,0.2725,4.2e-05
2026-09-18 15:37:52,SPX,7637.21,7641.62,7665.0,1718,666,0.2445,4.2e-05
2026-09-18 15:37:52,SPX,7637.21,7641.62,7605.0,977,2877,0.3079,4.2e-05
2026-09-18 15:37:52,SPX,7637.21,7641.62,7670.0,4130,745,0.2788,4.2e-05
2026-09-18 15:37:52,SPX,7637.21,7641.62,7600.0,4544,9839,0.3416,4.2e-05
2026-09-18 15:37:52,SPX,7637.21,7641.62,7675.0,6657,2897,0.3021,4.2e-05
2026-09-18 15:37:52,SPX,7637.21,7641.62,7595.0,377,2219,0.3731,4.2e-05
2026-09-18 15:37:52,SPX,7637.21,7641.62,7680.0,3734,571,0.337,4.2e-05
2026-09-18 15:37:52,SPX,7637.21,7641.62,7590.0,567,2230,0.4025,4.2e-05
2026-09-18 15:37:52,SPX,7637.21,7641.62,7685.0,2693,528,0.3707,4.2e-05
2026-09-18 15:37:52,SPX,7637.21,7641.62,7585.0,390,1291,0.4319,4.2e-05
2026-09-18 15:37:52,SPX,7637.21,7641.62,7690.0,2281,1758,0.4002,4.2e-05
2026-09-18 15:37:52,SPX,7637.21,7641.62,7580.0,665,2224,0.4628,4.2e-05
2026-09-18 15:37:52,SPX,7637.21,7641.62,7695.0,2511,633,0.4226,4.2e-05
2026-09-18 15:37:52,SPX,7637.21,7641.62,7575.0,684,3253,0.4942,4.2e-05
2026-09-18 15:37:52,SPX,7637.21,7641.62,7700.0,15419,5033,0.4384,4.2e-05
2026-09-18 15:37:52,SPX,7637.21,7641.62,7570.0,412,1774,0.525,4.2e-05
2026-09-18 15:37:52,SPX,7637.21,7641.62,7705.0,4697,706,0.4483,4.2e-05
2026-09-18 15:37:52,SPX,7637.21,7641.62,7565.0,680,996,0.5547,4.2e-05
2026-09-18 15:37:52,SPX,7637.21,7641.62,7710.0,2673,392,0.4553,4.2e-05
2026-09-18 15:37:52,SPX,7637.21,7641.62,7560.0,406,1642,0.5833,4.2e-05
2026-09-18 15:37:52,SPX,7637.21,7641.62,7715.0,2888,369,0.4613,4.2e-05
2026-09-18 15:37:52,SPX,7637.21,7641.62,7555.0,308,1274,0.6103,4.2e-05
2026-09-18 15:37:52,SPX,7637.21,7641.62,7720.0,2920,1279,0.4675,4.2e-05
2026-09-18 15:37:52,SPX,7637.21,7641.62,7550.0,2770,11995,0.635,4.2e-05
2026-09-18 15:37:52,SPX,7637.21,7641.62,7725.0,5475,1260,0.4736,4.2e-05
2026-09-18 15:37:52,SPX,7637.21,7641.62,7545.0,1955,3057,0.657,4.2e-05
2026-09-18 15:37:52,SPX,7637.21,7641.62,7730.0,4490,466,0.4798,4.2e-05
2026-09-18 15:37:52,SPX,7637.21,7641.62,7540.0,164,2595,0.676,4.2e-05
2026-09-18 15:37:52,SPX,7637.21,7641.62,7735.0,2575,669,0.4855,4.2e-05
2026-09-18 15:37:52,SPX,7637.21,7641.62,7535.0,196,2718,0.6919,4.2e-05
2026-09-18 15:37:52,SPX,7637.21,7641.62,7740.0,1873,426,0.4913,4.2e-05
2026-09-18 15:37:52,SPX,7637.21,7641.62,7530.0,197,1877,0.7049,4.2e-05
2026-09-18 15:37:52,SPX,7637.21,7641.62,7745.0,1301,180,0.497,4.2e-05
2026-09-18 15:37:52,SPX,7637.21,7641.62,7525.0,236,2945,0.7157,4.2e-05
2026-09-18 15:37:52,SPX,7637.21,7641.62,7750.0,4479,1453,0.5023,4.2e-05
2026-09-18 15:37:52,SPX,7637.21,7641.62,7520.0,232,3022,0.7241,4.2e-05
2026-09-18 15:37:52,SPX,7637.21,7641.62,7755.0,2952,147,0.507,4.2e-05
2026-09-18 15:37:52,SPX,7637.21,7641.62,7515.0,146,1027,0.7306,4.2e-05
2026-09-18 15:37:52,SPX,7637.21,7641.62,7760.0,3417,88,0.511,4.2e-05
2026-09-18 15:37:52,SPX,7637.21,7641.62,7510.0,153,2200,0.7353,4.2e-05
2026-09-18 15:37:52,SPX,7637.21,7641.62,7765.0,5868,225,0.5143,4.2e-05
2026-09-18 15:37:52,SPX,7637.21,7641.62,7505.0,90,2020,0.7385,4.2e-05
2026-09-18 15:37:52,SPX,7637.21,7641.62,7770.0,4212,242,0.5169,4.2e-05
2026-09-18 15:37:52,SPX,7637.21,7641.62,7500.0,869,7492,0.7404,4.2e-05
2026-09-18 15:37:52,SPX,7637.21,7641.62,7775.0,2737,470,0.5178,4.2e-05
2026-09-18 15:37:52,SPX,7637.21,7641.62,7495.0,576,2455,0.741,4.2e-05
2026-09-18 15:37:52,SPX,7637.21,7641.62,7780.0,5741,251,0.5181,4.2e-05
2026-09-18 15:37:52,SPX,7637.21,7641.62,7490.0,72,1331,0.7408,4.2e-05
2026-09-18 15:37:52,SPX,7637.21,7641.62,7785.0,1694,242,0.5181,4.2e-05
2026-09-18 15:37:52,SPX,7637.21,7641.62,7485.0,64,4029,0.7405,4.2e-05
2026-09-18 15:37:52,SPX,7637.21,7641.62,7790.0,2201,181,0.5177,4.2e-05
2026-09-18 15:37:52,SPX,7637.21,7641.62,7480.0,112,1800,0.7399,4.2e-05
2026-09-18 15:37:52,SPX,7637.21,7641.62,7795.0,1063,147,0.5171,4.2e-05
2026-09-18 15:37:52,SPX,7637.21,7641.62,7475.0,343,4793,0.7387,4.2e-05
2026-09-18 15:37:52,SPX,7637.21,7641.62,7800.0,5517,671,0.5162,4.2e-05
2026-09-18 15:37:52,SPX,7637.21,7641.62,7470.0,97,1487,0.7366,4.2e-05
2026-09-18 15:37:52,SPX,7637.21,7641.62,7805.0,7965,62,0.5152,4.2e-05
2026-09-18 15:37:52,SPX,7637.21,7641.62,7465.0,31,3010,0.7336,4.2e-05
2026-09-18 15:37:52,SPX,7637.21,7641.62,7810.0,1530,79,0.5141,4.2e-05
2026-09-18 15:37:52,SPX,7637.21,7641.62,7460.0,98,1219,0.7296,4.2e-05
2026-09-18 15:37:52,SPX,7637.21,7641.62,7815.0,1982,47,0.5129,4.2e-05
2026-09-18 15:37:52,SPX,7637.21,7641.62,7455.0,74,1809,0.7245,4.2e-05
2026-09-18 15:37:52,SPX,7637.21,7641.62,7820.0,3083,83,0.5117,4.2e-05
2026-09-18 15:37:52,SPX,7637.21,7641.62,7450.0,345,4652,0.7191,4.2e-05
2026-09-18 15:37:52,SPX,7637.21,7641.62,7825.0,2828,125,0.5104,4.2e-05
2026-09-18 15:37:52,SPX,7637.21,7641.62,7445.0,71,2883,0.7124,4.2e-05
2026-09-18 15:37:52,SPX,7637.21,7641.62,7830.0,1315,77,0.5091,4.2e-05
2026-09-18 15:37:52,SPX,7637.21,7641.62,7440.0,83,2643,0.7053,4.2e-05
2026-09-18 15:37:52,SPX,7637.21,7641.62,7835.0,695,18,0.5079,4.2e-05
2026-09-18 15:37:52,SPX,7637.21,7641.62,7435.0,26,2072,0.6978,4.2e-05
2026-09-18 15:37:52,SPX,7637.21,7641.62,7840.0,2146,57,0.5066,4.2e-05
2026-09-18 15:37:52,SPX,7637.21,7641.62,7430.0,166,968,0.6897,4.2e-05
2026-09-18 15:37:52,SPX,7637.21,7641.62,7845.0,647,35,0.5053,4.2e-05
2026-09-18 15:37:52,SPX,7637.21,7641.62,7425.0,448,3761,0.6814,4.2e-05
2026-09-18 15:37:52,SPX,7637.21,7641.62,7850.0,4627,66,0.5041,4.2e-05
2026-09-18 15:37:52,SPX,7637.21,7641.62,7420.0,101,889,0.6728,4.2e-05
2026-09-18 15:37:52,SPX,7637.21,7641.62,7855.0,5587,27,0.5029,4.2e-05
2026-09-18 15:37:52,SPX,7637.21,7641.62,7415.0,54,762,0.6643,4.2e-05
2026-09-18 15:37:52,SPX,7637.21,7641.62,7860.0,3849,124,0.5017,4.2e-05
2026-09-18 15:37:52,SPX,7637.21,7641.62,7410.0,269,1178,0.6562,4.2e-05
2026-09-18 15:37:52,SPX,7637.21,7641.62,7865.0,902,11,0.5005,4.2e-05
2026-09-18 15:37:52,SPX,7637.21,7641.62,7405.0,158,6263,0.6485,4.2e-05
2026-09-18 15:37:52,SPX,7637.21,7641.62,7870.0,5254,20,0.4993,4.2e-05
2026-09-18 15:37:52,SPX,7637.21,7641.62,7400.0,1059,9186,0.6413,4.2e-05
2026-09-18 15:37:52,SPX,7637.21,7641.62,7875.0,1892,71,0.4981,4.2e-05
2026-09-18 15:37:52,SPX,7637.21,7641.62,7395.0,30,2242,0.6345,4.2e-05
2026-09-18 15:37:52,SPX,7637.21,7641.62,7880.0,715,54,0.497,4.2e-05
2026-09-18 15:37:52,SPX,7637.21,7641.62,7390.0,33,1231,0.6287,4.2e-05
2026-09-18 15:37:52,SPX,7637.21,7641.62,7885.0,727,19,0.496,4.2e-05
2026-09-18 15:37:52,SPX,7637.21,7641.62,7635.0,241,434,0.0666,0.008256
2026-09-18 15:37:52,SPX,7637.21,7641.62,7640.0,406,508,0.0656,0.008256
2026-09-18 15:37:52,SPX,7637.21,7641.62,7630.0,294,456,0.0677,0.008256
2026-09-18 15:37:52,SPX,7637.21,7641.62,7645.0,224,1154,0.0647,0.008256
2026-09-18 15:37:52,SPX,7637.21,7641.62,7625.0,460,1569,0.0689,0.008256
2026-09-18 15:37:52,SPX,7637.21,7641.62,7650.0,972,773,0.0638,0.008256
2026-09-18 15:37:52,SPX,7637.21,7641.62,7620.0,273,1140,0.07,0.008256
2026-09-18 15:37:52,SPX,7637.21,7641.62,7655.0,479,200,0.063,0.008256
2026-09-18 15:37:52,SPX,7637.21,7641.62,7615.0,229,229,0.0712,0.008256
2026-09-18 15:37:52,SPX,7637.21,7641.62,7660.0,593,249,0.0619,0.008256
2026-09-18 15:37:52,SPX,7637.21,7641.62,7610.0,178,352,0.0726,0.008256
2026-09-18 15:37:52,SPX,7637.21,7641.62,7665.0,399,121,0.0609,0.008256
2026-09-18 15:37:52,SPX,7637.21,7641.62,7605.0,138,233,0.0746,0.008256
2026-09-18 15:37:52,SPX,7637.21,7641.62,7670.0,1418,229,0.0601,0.008256
2026-09-18 15:37:52,SPX,7637.21,7641.62,7600.0,703,1529,0.0754,0.008256
2026-09-18 15:37:52,SPX,7637.21,7641.62,7675.0,620,689,0.0597,0.008256
2026-09-18 15:37:52,SPX,7637.21,7641.62,7595.0,112,296,0.0768,0.008256
2026-09-18 15:37:52,SPX,7637.21,7641.62,7680.0,711,110,0.0594,0.008256
2026-09-18 15:37:52,SPX,7637.21,7641.62,7590.0,120,459,0.0781,0.008256
2026-09-18 15:37:52,SPX,7637.21,7641.62,7685.0,692,67,0.059,0.008256
2026-09-18 15:37:52,SPX,7637.21,7641.62,7585.0,451,408,0.0795,0.008256
2026-09-18 15:37:52,SPX,7637.21,7641.62,7690.0,674,179,0.0585,0.008256
2026-09-18 15:37:52,SPX,7637.21,7641.62,7580.0,94,545,0.0817,0.008256
2026-09-18 15:37:52,SPX,7637.21,7641.62,7695.0,1414,66,0.058,0.008256
2026-09-18 15:37:52,SPX,7637.21,7641.62,7575.0,89,871,0.0826,0.008256
2026-09-18 15:37:52,SPX,7637.21,7641.62,7700.0,4856,3413,0.0575,0.008256
2026-09-18 15:37:52,SPX,7637.21,7641.62,7570.0,89,285,0.0838,0.008256
2026-09-18 15:37:52,SPX,7637.21,7641.62,7705.0,894,71,0.0572,0.008256
2026-09-18 15:37:52,SPX,7637.21,7641.62,7565.0,52,254,0.086,0.008256
2026-09-18 15:37:52,SPX,7637.21,7641.62,7710.0,742,131,0.057,0.008256
2026-09-18 15:37:52,SPX,7637.21,7641.62,7560.0,218,436,0.0874,0.008256
2026-09-18 15:37:52,SPX,7637.21,7641.62,7715.0,731,194,0.0571,0.008256
2026-09-18 15:37:52,SPX,7637.21,7641.62,7555.0,33,230,0.0886,0.008256
2026-09-18 15:37:52,SPX,7637.21,7641.62,7720.0,1095,229,0.0576,0.008256
2026-09-18 15:37:52,SPX,7637.21,7641.62,7550.0,133,2133,0.0895,0.008256
2026-09-18 15:37:52,SPX,7637.21,7641.62,7725.0,1139,410,0.0584,0.008256
2026-09-18 15:37:52,SPX,7637.21,7641.62,7545.0,18,300,0.0913,0.008256
2026-09-18 15:37:52,SPX,7637.21,7641.62,7730.0,986,162,0.0595,0.008256
2026-09-18 15:37:52,SPX,7637.21,7641.62,7540.0,71,330,0.0933,0.008256
2026-09-18 15:37:52,SPX,7637.21,7641.62,7735.0,653,192,0.0609,0.008256
2026-09-18 15:37:52,SPX,7637.21,7641.62,7535.0,50,229,0.094,0.008256
2026-09-18 15:37:52,SPX,7637.21,7641.62,7740.0,946,196,0.0624,0.008256
2026-09-18 15:37:52,SPX,7637.21,7641.62,7530.0,43,381,0.0957,0.008256
2026-09-18 15:37:52,SPX,7637.21,7641.62,7745.0,450,31,0.0641,0.008256
2026-09-18 15:37:52,SPX,7637.21,7641.62,7525.0,54,433,0.0976,0.008256
2026-09-18 15:37:52,SPX,7637.21,7641.62,7750.0,1698,276,0.0658,0.008256
2026-09-18 15:37:52,SPX,7637.21,7641.62,7520.0,32,673,0.0996,0.008256
2026-09-18 15:37:52,SPX,7637.21,7641.62,7755.0,595,16,0.0675,0.008256
2026-09-18 15:37:52,SPX,7637.21,7641.62,7515.0,42,637,0.1014,0.008256
2026-09-18 15:37:52,SPX,7637.21,7641.62,7760.0,685,96,0.0691,0.008256
2026-09-18 15:37:52,SPX,7637.21,7641.62,7510.0,23,352,0.1016,0.008256
2026-09-18 15:37:52,SPX,7637.21,7641.62,7765.0,651,33,0.0692,0.008256
2026-09-18 15:37:52,SPX,7637.21,7641.62,7505.0,16,178,0.1029,0.008256
2026-09-18 15:37:52,SPX,7637.21,7641.62,7770.0,500,30,0.0709,0.008256
2026-09-18 15:37:52,SPX,7637.21,7641.62,7500.0,36,4019,0.1045,0.008256
2026-09-18 15:37:52,SPX,7637.21,7641.62,7775.0,1623,142,0.0725,0.008256
2026-09-18 15:37:52,SPX,7637.21,7641.62,7495.0,13,485,0.1064,0.008256
2026-09-18 15:37:52,SPX,7637.21,7641.62,7780.0,630,27,0.0739,0.008256
2026-09-18 15:37:52,SPX,7637.21,7641.62,7490.0,21,419,0.1086,0.008256
2026-09-18 15:37:52,SPX,7637.21,7641.62,7785.0,385,0,0.0752,0.008256
2026-09-18 15:37:52,SPX,7637.21,7641.62,7485.0,5,192,0.1109,0.008256
2026-09-18 15:37:52,SPX,7637.21,7641.62,7790.0,523,77,0.0763,0.008256
2026-09-18 15:37:52,SPX,7637.21,7641.62,7480.0,8,1378,0.1133,0.008256
2026-09-18 15:37:52,SPX,7637.21,7641.62,7795.0,673,0,0.0773,0.008256
2026-09-18 15:37:52,SPX,7637.21,7641.62,7475.0,94,826,0.1156,0.008256
2026-09-18 15:37:52,SPX,7637.21,7641.62,7800.0,1966,588,0.0781,0.008256
2026-09-18 15:37:52,SPX,7637.21,7641.62,7470.0,11,312,0.1178,0.008256
2026-09-18 15:37:52,SPX,7637.21,7641.62,7805.0,513,7,0.0788,0.008256
2026-09-18 15:37:52,SPX,7637.21,7641.62,7465.0,0,165,0.12,0.008256
2026-09-18 15:37:52,SPX,7637.21,7641.62,7810.0,649,5,0.0793,0.008256
2026-09-18 15:37:52,SPX,7637.21,7641.62,7460.0,22,229,0.1221,0.008256
2026-09-18 15:37:52,SPX,7637.21,7641.62,7815.0,594,0,0.0797,0.008256
2026-09-18 15:37:52,SPX,7637.21,7641.62,7455.0,3,1253,0.1243,0.008256
2026-09-18 15:37:52,SPX,7637.21,7641.62,7820.0,775,13,0.08,0.008256
2026-09-18 15:37:52,SPX,7637.21,7641.62,7450.0,32,1041,0.1264,0.008256
2026-09-18 15:37:52,SPX,7637.21,7641.62,7825.0,810,17,0.0801,0.008256
2026-09-18 15:37:52,SPX,7637.21,7641.62,7445.0,11,188,0.1285,0.008256
2026-09-18 15:37:52,SPX,7637.21,7641.62,7830.0,681,0,0.0802,0.008256
2026-09-18 15:37:52,SPX,7637.21,7641.62,7440.0,3,152,0.1306,0.008256
2026-09-18 15:37:52,SPX,7637.21,7641.62,7835.0,168,0,0.0801,0.008256
2026-09-18 15:37:52,SPX,7637.21,7641.62,7435.0,1,140,0.1327,0.008256
2026-09-18 15:37:52,SPX,7637.21,7641.62,7840.0,648,2,0.0799,0.008256
2026-09-18 15:37:52,SPX,7637.21,7641.62,7430.0,3,543,0.1349,0.008256
2026-09-18 15:37:52,SPX,7637.21,7641.62,7845.0,218,0,0.0797,0.008256
2026-09-18 15:37:52,SPX,7637.21,7641.62,7425.0,9,2271,0.1371,0.008256
2026-09-18 15:37:52,SPX,7637.21,7641.62,7850.0,1125,13,0.0794,0.008256
2026-09-18 15:37:52,SPX,7637.21,7641.62,7420.0,4,217,0.1393,0.008256
2026-09-18 15:37:52,SPX,7637.21,7641.62,7415.0,5,186,0.1416,0.008256
2026-09-18 15:37:52,SPX,7637.21,7641.62,7860.0,604,105,0.0785,0.008256
2026-09-18 15:37:52,SPX,7637.21,7641.62,7410.0,2,190,0.144,0.008256
2026-09-18 15:37:52,SPX,7637.21,7641.62,7405.0,1,179,0.1464,0.008256
2026-09-18 15:37:52,SPX,7637.21,7641.62,7870.0,663,0,0.0775,0.008256
2026-09-18 15:37:52,SPX,7637.21,7641.62,7400.0,9,1858,0.1489,0.008256
2026-09-18 15:37:52,SPX,7637.21,7641.62,7875.0,1280,1,0.0769,0.008256
2026-09-18 15:37:52,SPX,7637.21,7641.62,7395.0,1,177,0.1515,0.008256
2026-09-18 15:37:52,SPX,7637.21,7641.62,7880.0,639,0,0.0763,0.008256
2026-09-18 15:37:52,SPX,7637.21,7641.62,7390.0,0,237,0.154,0.008256
2026-09-18 15:37:52,SPX,7637.21,7641.62,7635.0,76,174,0.0813,0.010993
2026-09-18 15:37:52,SPX,7637.21,7641.62,7640.0,433,318,0.08,0.010993
2026-09-18 15:37:52,SPX,7637.21,7641.62,7630.0,602,122,0.0824,0.010993
2026-09-18 15:37:52,SPX,7637.21,7641.62,7645.0,78,2060,0.0789,0.010993
2026-09-18 15:37:52,SPX,7637.21,7641.62,7625.0,454,502,0.084,0.010993
2026-09-18 15:37:52,SPX,7637.21,7641.62,7650.0,210,314,0.0779,0.010993
2026-09-18 15:37:52,SPX,7637.21,7641.62,7620.0,150,2055,0.0855,0.010993
2026-09-18 15:37:52,SPX,7637.21,7641.62,7655.0,93,56,0.0768,0.010993
2026-09-18 15:37:52,SPX,7637.21,7641.62,7615.0,112,136,0.087,0.010993
2026-09-18 15:37:52,SPX,7637.21,7641.62,7660.0,217,386,0.0759,0.010993
2026-09-18 15:37:52,SPX,7637.21,7641.62,7610.0,227,117,0.0879,0.010993
2026-09-18 15:37:52,SPX,7637.21,7641.62,7665.0,131,90,0.075,0.010993
2026-09-18 15:37:52,SPX,7637.21,7641.62,7605.0,106,95,0.089,0.010993
2026-09-18 15:37:52,SPX,7637.21,7641.62,7670.0,2103,146,0.0742,0.010993
2026-09-18 15:37:52,SPX,7637.21,7641.62,7600.0,351,1083,0.0905,0.010993
2026-09-18 15:37:52,SPX,7637.21,7641.62,7675.0,1179,441,0.0735,0.010993
2026-09-18 15:37:52,SPX,7637.21,7641.62,7595.0,69,277,0.0922,0.010993
2026-09-18 15:37:52,SPX,7637.21,7641.62,7680.0,451,168,0.0728,0.010993
2026-09-18 15:37:52,SPX,7637.21,7641.62,7590.0,77,683,0.0937,0.010993
2026-09-18 15:37:52,SPX,7637.21,7641.62,7685.0,405,81,0.072,0.010993
2026-09-18 15:37:52,SPX,7637.21,7641.62,7585.0,225,1355,0.0952,0.010993
2026-09-18 15:37:52,SPX,7637.21,7641.62,7690.0,154,280,0.0711,0.010993
2026-09-18 15:37:52,SPX,7637.21,7641.62,7580.0,502,480,0.0964,0.010993
2026-09-18 15:37:52,SPX,7637.21,7641.62,7695.0,2011,55,0.0702,0.010993
2026-09-18 15:37:52,SPX,7637.21,7641.62,7575.0,48,509,0.0975,0.010993
2026-09-18 15:37:52,SPX,7637.21,7641.62,7700.0,837,353,0.0695,0.010993
2026-09-18 15:37:52,SPX,7637.21,7641.62,7570.0,51,283,0.0988,0.010993
2026-09-18 15:37:52,SPX,7637.21,7641.62,7705.0,164,1,0.069,0.010993
2026-09-18 15:37:52,SPX,7637.21,7641.62,7565.0,29,113,0.1,0.010993
2026-09-18 15:37:52,SPX,7637.21,7641.62,7710.0,331,31,0.0686,0.010993
2026-09-18 15:37:52,SPX,7637.21,7641.62,7560.0,44,1112,0.1018,0.010993
2026-09-18 15:37:52,SPX,7637.21,7641.62,7715.0,384,27,0.0684,0.010993
2026-09-18 15:37:52,SPX,7637.21,7641.62,7555.0,56,77,0.1031,0.010993
2026-09-18 15:37:52,SPX,7637.21,7641.62,7720.0,459,32,0.0682,0.010993
2026-09-18 15:37:52,SPX,7637.21,7641.62,7550.0,58,1439,0.1045,0.010993
2026-09-18 15:37:52,SPX,7637.21,7641.62,7725.0,304,82,0.0681,0.010993
2026-09-18 15:37:52,SPX,7637.21,7641.62,7545.0,27,109,0.1059,0.010993
2026-09-18 15:37:52,SPX,7637.21,7641.62,7730.0,221,25,0.068,0.010993
2026-09-18 15:37:52,SPX,7637.21,7641.62,7540.0,14,201,0.1076,0.010993
2026-09-18 15:37:52,SPX,7637.21,7641.62,7735.0,190,11,0.0679,0.010993
2026-09-18 15:37:52,SPX,7637.21,7641.62,7535.0,19,132,0.1096,0.010993
2026-09-18 15:37:52,SPX,7637.21,7641.62,7740.0,458,135,0.0678,0.010993
2026-09-18 15:37:52,SPX,7637.21,7641.62,7530.0,22,435,0.1114,0.010993
2026-09-18 15:37:52,SPX,7637.21,7641.62,7745.0,407,2,0.0678,0.010993
2026-09-18 15:37:52,SPX,7637.21,7641.62,7525.0,47,256,0.113,0.010993
2026-09-18 15:37:52,SPX,7637.21,7641.62,7750.0,1213,281,0.0678,0.010993
2026-09-18 15:37:52,SPX,7637.21,7641.62,7520.0,9,143,0.1143,0.010993
2026-09-18 15:37:52,SPX,7637.21,7641.62,7755.0,2213,7,0.0681,0.010993
2026-09-18 15:37:52,SPX,7637.21,7641.62,7515.0,14,210,0.1155,0.010993
2026-09-18 15:37:52,SPX,7637.21,7641.62,7760.0,935,13,0.0684,0.010993
2026-09-18 15:37:52,SPX,7637.21,7641.62,7510.0,48,680,0.1169,0.010993
2026-09-18 15:37:52,SPX,7637.21,7641.62,7765.0,776,12,0.069,0.010993
2026-09-18 15:37:52,SPX,7637.21,7641.62,7505.0,8,277,0.1182,0.010993
2026-09-18 15:37:52,SPX,7637.21,7641.62,7770.0,301,27,0.0697,0.010993
2026-09-18 15:37:52,SPX,7637.21,7641.62,7500.0,73,1273,0.1196,0.010993
2026-09-18 15:37:52,SPX,7637.21,7641.62,7775.0,2316,14,0.0705,0.010993
2026-09-18 15:37:52,SPX,7637.21,7641.62,7495.0,14,131,0.1211,0.010993
2026-09-18 15:37:52,SPX,7637.21,7641.62,7780.0,741,23,0.0715,0.010993
2026-09-18 15:37:52,SPX,7637.21,7641.62,7490.0,64,463,0.1227,0.010993
2026-09-18 15:37:52,SPX,7637.21,7641.62,7785.0,814,2,0.0727,0.010993
2026-09-18 15:37:52,SPX,7637.21,7641.62,7485.0,122,539,0.1243,0.010993
2026-09-18 15:37:52,SPX,7637.21,7641.62,7790.0,458,15,0.0739,0.010993
2026-09-18 15:37:52,SPX,7637.21,7641.62,7480.0,62,514,0.126,0.010993
2026-09-18 15:37:52,SPX,7637.21,7641.62,7795.0,441,0,0.0753,0.010993
2026-09-18 15:37:52,SPX,7637.21,7641.62,7475.0,13,604,0.1278,0.010993
2026-09-18 15:37:52,SPX,7637.21,7641.62,7800.0,1860,98,0.0768,0.010993
2026-09-18 15:37:52,SPX,7637.21,7641.62,7470.0,1,614,0.1295,0.010993
2026-09-18 15:37:52,SPX,7637.21,7641.62,7805.0,290,0,0.0784,0.010993
2026-09-18 15:37:52,SPX,7637.21,7641.62,7465.0,1,329,0.1312,0.010993
2026-09-18 15:37:52,SPX,7637.21,7641.62,7810.0,617,9,0.0801,0.010993
2026-09-18 15:37:52,SPX,7637.21,7641.62,7460.0,1,320,0.1328,0.010993
2026-09-18 15:37:52,SPX,7637.21,7641.62,7815.0,359,1,0.082,0.010993
2026-09-18 15:37:52,SPX,7637.21,7641.62,7455.0,1,62,0.1344,0.010993
2026-09-18 15:37:52,SPX,7637.21,7641.62,7820.0,258,7,0.0839,0.010993
2026-09-18 15:37:52,SPX,7637.21,7641.62,7450.0,18,363,0.136,0.010993
2026-09-18 15:37:52,SPX,7637.21,7641.62,7825.0,666,5,0.0858,0.010993
2026-09-18 15:37:52,SPX,7637.21,7641.62,7445.0,1,81,0.1376,0.010993
2026-09-18 15:37:52,SPX,7637.21,7641.62,7830.0,489,2,0.0879,0.010993
2026-09-18 15:37:52,SPX,7637.21,7641.62,7440.0,2,350,0.1392,0.010993
2026-09-18 15:37:52,SPX,7637.21,7641.62,7435.0,4,322,0.1408,0.010993
2026-09-18 15:37:52,SPX,7637.21,7641.62,7840.0,629,0,0.0921,0.010993
2026-09-18 15:37:52,SPX,7637.21,7641.62,7430.0,2,386,0.1423,0.010993
2026-09-18 15:37:52,SPX,7637.21,7641.62,7425.0,0,651,0.144,0.010993
2026-09-18 15:37:52,SPX,7637.21,7641.62,7850.0,1056,6,0.0965,0.010993
2026-09-18 15:37:52,SPX,7637.21,7641.62,7420.0,2,459,0.1456,0.010993
2026-09-18 15:37:52,SPX,7637.21,7641.62,7415.0,2,52,0.1473,0.010993
2026-09-18 15:37:52,SPX,7637.21,7641.62,7860.0,391,0,0.1009,0.010993
2026-09-18 15:37:52,SPX,7637.21,7641.62,7410.0,4,241,0.149,0.010993
2026-09-18 15:37:52,SPX,7637.21,7641.62,7405.0,0,58,0.1508,0.010993
2026-09-18 15:37:52,SPX,7637.21,7641.62,7870.0,471,0,0.1053,0.010993
2026-09-18 15:37:52,SPX,7637.21,7641.62,7400.0,5,526,0.1526,0.010993
2026-09-18 15:37:52,SPX,7637.21,7641.62,7875.0,418,3,0.1075,0.010993
2026-09-18 15:37:52,SPX,7637.21,7641.62,7395.0,0,384,0.1544,0.010993
2026-09-18 15:37:52,SPX,7637.21,7641.62,7880.0,345,5,0.1096,0.010993
2026-09-18 15:37:52,SPX,7637.21,7641.62,7390.0,0,144,0.1563,0.010993
