timestamp,symbol,spot,gflip,strike,oi_call,oi_put,iv,T
2026-09-16 09:09:35,SPX,7585.73,7634.66,7585.0,1009,1287,0.315,0.00078
2026-09-16 09:09:35,SPX,7585.73,7634.66,7590.0,901,1203,0.3121,0.00078
2026-09-16 09:09:35,SPX,7585.73,7634.66,7580.0,613,1441,0.3172,0.00078
2026-09-16 09:09:35,SPX,7585.73,7634.66,7595.0,665,1256,0.3095,0.00078
2026-09-16 09:09:35,SPX,7585.73,7634.66,7575.0,354,1633,0.3196,0.00078
2026-09-16 09:09:35,SPX,7585.73,7634.66,7600.0,1581,2828,0.3063,0.00078
2026-09-16 09:09:35,SPX,7585.73,7634.66,7570.0,258,1147,0.3224,0.00078
2026-09-16 09:09:35,SPX,7585.73,7634.66,7605.0,536,385,0.3037,0.00078
2026-09-16 09:09:35,SPX,7585.73,7634.66,7565.0,106,585,0.325,0.00078
2026-09-16 09:09:35,SPX,7585.73,7634.66,7610.0,728,696,0.3005,0.00078
2026-09-16 09:09:35,SPX,7585.73,7634.66,7560.0,205,864,0.3268,0.00078
2026-09-16 09:09:35,SPX,7585.73,7634.66,7615.0,696,248,0.2978,0.00078
2026-09-16 09:09:35,SPX,7585.73,7634.66,7555.0,115,425,0.3291,0.00078
2026-09-16 09:09:35,SPX,7585.73,7634.66,7620.0,1590,465,0.2951,0.00078
2026-09-16 09:09:35,SPX,7585.73,7634.66,7550.0,203,1759,0.3311,0.00078
2026-09-16 09:09:35,SPX,7585.73,7634.66,7625.0,1035,3421,0.2927,0.00078
2026-09-16 09:09:35,SPX,7585.73,7634.66,7545.0,68,696,0.3336,0.00078
2026-09-16 09:09:35,SPX,7585.73,7634.66,7630.0,699,395,0.2893,0.00078
2026-09-16 09:09:35,SPX,7585.73,7634.66,7540.0,110,1186,0.3344,0.00078
2026-09-16 09:09:35,SPX,7585.73,7634.66,7635.0,872,633,0.2867,0.00078
2026-09-16 09:09:35,SPX,7585.73,7634.66,7535.0,91,984,0.336,0.00078
2026-09-16 09:09:35,SPX,7585.73,7634.66,7640.0,1498,305,0.2844,0.00078
2026-09-16 09:09:35,SPX,7585.73,7634.66,7530.0,136,1307,0.3378,0.00078
2026-09-16 09:09:35,SPX,7585.73,7634.66,7645.0,900,604,0.2813,0.00078
2026-09-16 09:09:35,SPX,7585.73,7634.66,7525.0,1254,3613,0.3403,0.00078
2026-09-16 09:09:35,SPX,7585.73,7634.66,7650.0,5504,4413,0.2788,0.00078
2026-09-16 09:09:35,SPX,7585.73,7634.66,7520.0,1244,1619,0.342,0.00078
2026-09-16 09:09:35,SPX,7585.73,7634.66,7655.0,1381,781,0.2769,0.00078
2026-09-16 09:09:35,SPX,7585.73,7634.66,7515.0,119,819,0.3449,0.00078
2026-09-16 09:09:35,SPX,7585.73,7634.66,7660.0,1545,335,0.2751,0.00078
2026-09-16 09:09:35,SPX,7585.73,7634.66,7510.0,132,1033,0.3475,0.00078
2026-09-16 09:09:35,SPX,7585.73,7634.66,7665.0,1030,330,0.2732,0.00078
2026-09-16 09:09:35,SPX,7585.73,7634.66,7505.0,94,629,0.3498,0.00078
2026-09-16 09:09:35,SPX,7585.73,7634.66,7670.0,1760,823,0.2722,0.00078
2026-09-16 09:09:35,SPX,7585.73,7634.66,7500.0,259,4369,0.3516,0.00078
2026-09-16 09:09:35,SPX,7585.73,7634.66,7675.0,5088,1003,0.2708,0.00078
2026-09-16 09:09:35,SPX,7585.73,7634.66,7495.0,67,773,0.3532,0.00078
2026-09-16 09:09:35,SPX,7585.73,7634.66,7680.0,1642,862,0.2694,0.00078
2026-09-16 09:09:35,SPX,7585.73,7634.66,7490.0,41,1228,0.355,0.00078
2026-09-16 09:09:35,SPX,7585.73,7634.66,7685.0,2259,346,0.269,0.00078
2026-09-16 09:09:35,SPX,7585.73,7634.66,7485.0,19,656,0.3565,0.00078
2026-09-16 09:09:35,SPX,7585.73,7634.66,7690.0,1304,255,0.2678,0.00078
2026-09-16 09:09:35,SPX,7585.73,7634.66,7480.0,28,1242,0.3585,0.00078
2026-09-16 09:09:35,SPX,7585.73,7634.66,7695.0,1192,117,0.2679,0.00078
2026-09-16 09:09:35,SPX,7585.73,7634.66,7475.0,33,1674,0.361,0.00078
2026-09-16 09:09:35,SPX,7585.73,7634.66,7700.0,3233,798,0.2683,0.00078
2026-09-16 09:09:35,SPX,7585.73,7634.66,7470.0,33,1552,0.364,0.00078
2026-09-16 09:09:35,SPX,7585.73,7634.66,7705.0,1040,2079,0.2691,0.00078
2026-09-16 09:09:35,SPX,7585.73,7634.66,7465.0,4,1127,0.3673,0.00078
2026-09-16 09:09:35,SPX,7585.73,7634.66,7710.0,1456,97,0.2702,0.00078
2026-09-16 09:09:35,SPX,7585.73,7634.66,7460.0,41,1524,0.3708,0.00078
2026-09-16 09:09:35,SPX,7585.73,7634.66,7715.0,843,1322,0.2719,0.00078
2026-09-16 09:09:35,SPX,7585.73,7634.66,7455.0,27,768,0.3744,0.00078
2026-09-16 09:09:35,SPX,7585.73,7634.66,7720.0,2356,225,0.2743,0.00078
2026-09-16 09:09:35,SPX,7585.73,7634.66,7450.0,107,2811,0.3781,0.00078
2026-09-16 09:09:35,SPX,7585.73,7634.66,7725.0,1699,115,0.2773,0.00078
2026-09-16 09:09:35,SPX,7585.73,7634.66,7445.0,2,1150,0.15,0.00078
2026-09-16 09:09:35,SPX,7585.73,7634.66,7730.0,3073,2050,0.15,0.00078
2026-09-16 09:09:35,SPX,7585.73,7634.66,7440.0,6,2097,0.15,0.00078
2026-09-16 09:09:35,SPX,7585.73,7634.66,7735.0,1086,50,0.2849,0.00078
2026-09-16 09:09:35,SPX,7585.73,7634.66,7435.0,4,929,0.15,0.00078
2026-09-16 09:09:35,SPX,7585.73,7634.66,7740.0,1998,1349,0.2894,0.00078
2026-09-16 09:09:35,SPX,7585.73,7634.66,7430.0,8,973,0.394,0.00078
2026-09-16 09:09:35,SPX,7585.73,7634.66,7425.0,9,0,0.3985,0.00078
2026-09-16 09:09:35,SPX,7585.73,7634.66,7750.0,1793,0,0.2991,0.00078
2026-09-16 09:09:35,SPX,7585.73,7634.66,7760.0,780,0,0.3093,0.00078
2026-09-16 09:09:35,SPX,7585.73,7634.66,7765.0,2335,34,0.3145,0.00078
2026-09-16 09:09:35,SPX,7585.73,7634.66,7405.0,5,3661,0.4187,0.00078
2026-09-16 09:09:35,SPX,7585.73,7634.66,7770.0,1592,40,0.3198,0.00078
2026-09-16 09:09:35,SPX,7585.73,7634.66,7400.0,93,4633,0.4242,0.00078
2026-09-16 09:09:35,SPX,7585.73,7634.66,7775.0,2381,67,0.3252,0.00078
2026-09-16 09:09:35,SPX,7585.73,7634.66,7395.0,0,1647,0.4299,0.00078
2026-09-16 09:09:35,SPX,7585.73,7634.66,7780.0,4304,28,0.3306,0.00078
2026-09-16 09:09:35,SPX,7585.73,7634.66,7390.0,30,2806,0.4357,0.00078
2026-09-16 09:09:35,SPX,7585.73,7634.66,7785.0,492,113,0.15,0.00078
2026-09-16 09:09:35,SPX,7585.73,7634.66,7385.0,1,1088,0.4416,0.00078
2026-09-16 09:09:35,SPX,7585.73,7634.66,7790.0,3122,27,0.3419,0.00078
2026-09-16 09:09:35,SPX,7585.73,7634.66,7380.0,4,4519,0.4476,0.00078
2026-09-16 09:09:35,SPX,7585.73,7634.66,7375.0,0,1131,0.4538,0.00078
2026-09-16 09:09:35,SPX,7585.73,7634.66,7800.0,2895,52,0.3535,0.00078
2026-09-16 09:09:35,SPX,7585.73,7634.66,7370.0,24,0,0.4601,0.00078
2026-09-16 09:09:35,SPX,7585.73,7634.66,7805.0,0,8,0.3593,0.00078
2026-09-16 09:09:35,SPX,7585.73,7634.66,7365.0,0,537,0.4664,0.00078
2026-09-16 09:09:35,SPX,7585.73,7634.66,7810.0,688,0,0.365,0.00078
2026-09-16 09:09:35,SPX,7585.73,7634.66,7360.0,0,3673,0.4728,0.00078
2026-09-16 09:09:35,SPX,7585.73,7634.66,7355.0,0,524,0.15,0.00078
2026-09-16 09:09:35,SPX,7585.73,7634.66,7820.0,1539,62,0.3762,0.00078
2026-09-16 09:09:35,SPX,7585.73,7634.66,7350.0,0,3952,0.4859,0.00078
2026-09-16 09:09:35,SPX,7585.73,7634.66,7825.0,1183,0,0.3815,0.00078
2026-09-16 09:09:35,SPX,7585.73,7634.66,7345.0,0,167,0.4925,0.00078
2026-09-16 09:09:35,SPX,7585.73,7634.66,7830.0,744,129,0.3867,0.00078
2026-09-16 09:09:35,SPX,7585.73,7634.66,7340.0,1,2679,0.4992,0.00078
2026-09-16 09:09:35,SPX,7585.73,7634.66,7835.0,585,30,0.3915,0.00078
2026-09-16 09:09:35,SPX,7585.73,7634.66,7585.0,213,349,0.2081,0.003518
2026-09-16 09:09:35,SPX,7585.73,7634.66,7590.0,120,337,0.2065,0.003518
2026-09-16 09:09:35,SPX,7585.73,7634.66,7580.0,334,832,0.2101,0.003518
2026-09-16 09:09:35,SPX,7585.73,7634.66,7595.0,191,566,0.2048,0.003518
2026-09-16 09:09:35,SPX,7585.73,7634.66,7575.0,119,382,0.212,0.003518
2026-09-16 09:09:35,SPX,7585.73,7634.66,7600.0,396,861,0.2028,0.003518
2026-09-16 09:09:35,SPX,7585.73,7634.66,7570.0,178,645,0.2136,0.003518
2026-09-16 09:09:35,SPX,7585.73,7634.66,7605.0,235,186,0.2015,0.003518
2026-09-16 09:09:35,SPX,7585.73,7634.66,7565.0,81,184,0.2165,0.003518
2026-09-16 09:09:35,SPX,7585.73,7634.66,7610.0,518,379,0.1996,0.003518
2026-09-16 09:09:35,SPX,7585.73,7634.66,7560.0,74,443,0.2173,0.003518
2026-09-16 09:09:35,SPX,7585.73,7634.66,7615.0,213,167,0.1982,0.003518
2026-09-16 09:09:35,SPX,7585.73,7634.66,7555.0,104,255,0.2189,0.003518
2026-09-16 09:09:35,SPX,7585.73,7634.66,7620.0,224,227,0.1969,0.003518
2026-09-16 09:09:35,SPX,7585.73,7634.66,7550.0,110,498,0.2206,0.003518
2026-09-16 09:09:35,SPX,7585.73,7634.66,7625.0,337,668,0.1956,0.003518
2026-09-16 09:09:35,SPX,7585.73,7634.66,7545.0,99,166,0.222,0.003518
2026-09-16 09:09:35,SPX,7585.73,7634.66,7630.0,308,317,0.1942,0.003518
2026-09-16 09:09:35,SPX,7585.73,7634.66,7540.0,22,759,0.2235,0.003518
2026-09-16 09:09:35,SPX,7585.73,7634.66,7635.0,171,165,0.1927,0.003518
2026-09-16 09:09:35,SPX,7585.73,7634.66,7535.0,47,242,0.2254,0.003518
2026-09-16 09:09:35,SPX,7585.73,7634.66,7640.0,187,315,0.1911,0.003518
2026-09-16 09:09:35,SPX,7585.73,7634.66,7530.0,28,286,0.2275,0.003518
2026-09-16 09:09:35,SPX,7585.73,7634.66,7645.0,441,200,0.1892,0.003518
2026-09-16 09:09:35,SPX,7585.73,7634.66,7525.0,90,526,0.2299,0.003518
2026-09-16 09:09:35,SPX,7585.73,7634.66,7650.0,528,3373,0.1872,0.003518
2026-09-16 09:09:35,SPX,7585.73,7634.66,7520.0,22,451,0.2322,0.003518
2026-09-16 09:09:35,SPX,7585.73,7634.66,7655.0,418,204,0.1854,0.003518
2026-09-16 09:09:35,SPX,7585.73,7634.66,7515.0,24,224,0.2345,0.003518
2026-09-16 09:09:35,SPX,7585.73,7634.66,7660.0,564,308,0.1838,0.003518
2026-09-16 09:09:35,SPX,7585.73,7634.66,7510.0,64,420,0.2364,0.003518
2026-09-16 09:09:35,SPX,7585.73,7634.66,7665.0,308,137,0.1825,0.003518
2026-09-16 09:09:35,SPX,7585.73,7634.66,7505.0,23,199,0.238,0.003518
2026-09-16 09:09:35,SPX,7585.73,7634.66,7670.0,1238,550,0.1814,0.003518
2026-09-16 09:09:35,SPX,7585.73,7634.66,7500.0,76,2764,0.2392,0.003518
2026-09-16 09:09:35,SPX,7585.73,7634.66,7675.0,4504,3959,0.1805,0.003518
2026-09-16 09:09:35,SPX,7585.73,7634.66,7495.0,2,158,0.2404,0.003518
2026-09-16 09:09:35,SPX,7585.73,7634.66,7680.0,979,193,0.1796,0.003518
2026-09-16 09:09:35,SPX,7585.73,7634.66,7490.0,2,821,0.2417,0.003518
2026-09-16 09:09:35,SPX,7585.73,7634.66,7685.0,224,88,0.1788,0.003518
2026-09-16 09:09:35,SPX,7585.73,7634.66,7485.0,0,350,0.2432,0.003518
2026-09-16 09:09:35,SPX,7585.73,7634.66,7690.0,656,304,0.1779,0.003518
2026-09-16 09:09:35,SPX,7585.73,7634.66,7480.0,32,390,0.2449,0.003518
2026-09-16 09:09:35,SPX,7585.73,7634.66,7695.0,261,208,0.177,0.003518
2026-09-16 09:09:35,SPX,7585.73,7634.66,7475.0,5,600,0.2468,0.003518
2026-09-16 09:09:35,SPX,7585.73,7634.66,7700.0,4669,304,0.176,0.003518
2026-09-16 09:09:35,SPX,7585.73,7634.66,7470.0,35,922,0.2489,0.003518
2026-09-16 09:09:35,SPX,7585.73,7634.66,7705.0,708,157,0.1749,0.003518
2026-09-16 09:09:35,SPX,7585.73,7634.66,7465.0,8,146,0.2511,0.003518
2026-09-16 09:09:35,SPX,7585.73,7634.66,7710.0,413,137,0.1738,0.003518
2026-09-16 09:09:35,SPX,7585.73,7634.66,7460.0,1,846,0.2533,0.003518
2026-09-16 09:09:35,SPX,7585.73,7634.66,7715.0,306,166,0.1728,0.003518
2026-09-16 09:09:35,SPX,7585.73,7634.66,7455.0,0,135,0.2556,0.003518
2026-09-16 09:09:35,SPX,7585.73,7634.66,7720.0,385,199,0.1719,0.003518
2026-09-16 09:09:35,SPX,7585.73,7634.66,7450.0,36,3615,0.2578,0.003518
2026-09-16 09:09:35,SPX,7585.73,7634.66,7725.0,1017,163,0.171,0.003518
2026-09-16 09:09:35,SPX,7585.73,7634.66,7445.0,0,207,0.2599,0.003518
2026-09-16 09:09:35,SPX,7585.73,7634.66,7730.0,659,126,0.1704,0.003518
2026-09-16 09:09:35,SPX,7585.73,7634.66,7440.0,7,542,0.2619,0.003518
2026-09-16 09:09:35,SPX,7585.73,7634.66,7735.0,460,38,0.1699,0.003518
2026-09-16 09:09:35,SPX,7585.73,7634.66,7435.0,0,197,0.2639,0.003518
2026-09-16 09:09:35,SPX,7585.73,7634.66,7740.0,646,124,0.1696,0.003518
2026-09-16 09:09:35,SPX,7585.73,7634.66,7430.0,2,276,0.2658,0.003518
2026-09-16 09:09:35,SPX,7585.73,7634.66,7745.0,338,28,0.1694,0.003518
2026-09-16 09:09:35,SPX,7585.73,7634.66,7425.0,30,1695,0.2677,0.003518
2026-09-16 09:09:35,SPX,7585.73,7634.66,7750.0,940,168,0.1695,0.003518
2026-09-16 09:09:35,SPX,7585.73,7634.66,7420.0,26,1347,0.2695,0.003518
2026-09-16 09:09:35,SPX,7585.73,7634.66,7755.0,281,37,0.1697,0.003518
2026-09-16 09:09:35,SPX,7585.73,7634.66,7415.0,0,167,0.2713,0.003518
2026-09-16 09:09:35,SPX,7585.73,7634.66,7760.0,659,96,0.1702,0.003518
2026-09-16 09:09:35,SPX,7585.73,7634.66,7410.0,1,216,0.2731,0.003518
2026-09-16 09:09:35,SPX,7585.73,7634.66,7765.0,277,48,0.171,0.003518
2026-09-16 09:09:35,SPX,7585.73,7634.66,7405.0,10,141,0.2749,0.003518
2026-09-16 09:09:35,SPX,7585.73,7634.66,7770.0,1165,63,0.1719,0.003518
2026-09-16 09:09:35,SPX,7585.73,7634.66,7400.0,18,1023,0.2768,0.003518
2026-09-16 09:09:35,SPX,7585.73,7634.66,7775.0,967,57,0.1724,0.003518
2026-09-16 09:09:35,SPX,7585.73,7634.66,7395.0,0,114,0.2785,0.003518
2026-09-16 09:09:35,SPX,7585.73,7634.66,7780.0,445,39,0.1738,0.003518
2026-09-16 09:09:35,SPX,7585.73,7634.66,7390.0,0,1244,0.2805,0.003518
2026-09-16 09:09:35,SPX,7585.73,7634.66,7785.0,307,9,0.1753,0.003518
2026-09-16 09:09:35,SPX,7585.73,7634.66,7385.0,1,131,0.2826,0.003518
2026-09-16 09:09:35,SPX,7585.73,7634.66,7790.0,390,24,0.1771,0.003518
2026-09-16 09:09:35,SPX,7585.73,7634.66,7380.0,30,1143,0.2847,0.003518
2026-09-16 09:09:35,SPX,7585.73,7634.66,7795.0,433,5,0.179,0.003518
2026-09-16 09:09:35,SPX,7585.73,7634.66,7375.0,5,270,0.2869,0.003518
2026-09-16 09:09:35,SPX,7585.73,7634.66,7800.0,2764,91,0.1811,0.003518
2026-09-16 09:09:35,SPX,7585.73,7634.66,7370.0,30,197,0.2892,0.003518
2026-09-16 09:09:35,SPX,7585.73,7634.66,7805.0,1724,3,0.1833,0.003518
2026-09-16 09:09:35,SPX,7585.73,7634.66,7365.0,0,126,0.2915,0.003518
2026-09-16 09:09:35,SPX,7585.73,7634.66,7810.0,508,4,0.1857,0.003518
2026-09-16 09:09:35,SPX,7585.73,7634.66,7360.0,3,296,0.294,0.003518
2026-09-16 09:09:35,SPX,7585.73,7634.66,7815.0,404,2,0.1881,0.003518
2026-09-16 09:09:35,SPX,7585.73,7634.66,7355.0,0,333,0.2965,0.003518
2026-09-16 09:09:35,SPX,7585.73,7634.66,7820.0,309,16,0.1906,0.003518
2026-09-16 09:09:35,SPX,7585.73,7634.66,7350.0,30,1040,0.2991,0.003518
2026-09-16 09:09:35,SPX,7585.73,7634.66,7825.0,790,61,0.1932,0.003518
2026-09-16 09:09:35,SPX,7585.73,7634.66,7345.0,0,256,0.3018,0.003518
2026-09-16 09:09:35,SPX,7585.73,7634.66,7830.0,512,3,0.1959,0.003518
2026-09-16 09:09:35,SPX,7585.73,7634.66,7340.0,0,311,0.3045,0.003518
2026-09-16 09:09:35,SPX,7585.73,7634.66,7835.0,489,0,0.1986,0.003518
2026-09-16 09:09:35,SPX,7585.73,7634.66,7585.0,467,562,0.1946,0.006256
2026-09-16 09:09:35,SPX,7585.73,7634.66,7590.0,523,1071,0.1938,0.006256
2026-09-16 09:09:35,SPX,7585.73,7634.66,7580.0,737,884,0.1959,0.006256
2026-09-16 09:09:35,SPX,7585.73,7634.66,7595.0,256,748,0.1918,0.006256
2026-09-16 09:09:35,SPX,7585.73,7634.66,7575.0,563,2354,0.1978,0.006256
2026-09-16 09:09:35,SPX,7585.73,7634.66,7600.0,4452,6174,0.1903,0.006256
2026-09-16 09:09:35,SPX,7585.73,7634.66,7570.0,304,911,0.1996,0.006256
2026-09-16 09:09:35,SPX,7585.73,7634.66,7605.0,681,2783,0.1886,0.006256
2026-09-16 09:09:35,SPX,7585.73,7634.66,7565.0,642,565,0.201,0.006256
2026-09-16 09:09:35,SPX,7585.73,7634.66,7610.0,613,1017,0.1872,0.006256
2026-09-16 09:09:35,SPX,7585.73,7634.66,7560.0,209,975,0.2021,0.006256
2026-09-16 09:09:35,SPX,7585.73,7634.66,7615.0,824,2306,0.1855,0.006256
2026-09-16 09:09:35,SPX,7585.73,7634.66,7555.0,71,646,0.2034,0.006256
2026-09-16 09:09:35,SPX,7585.73,7634.66,7620.0,677,534,0.184,0.006256
2026-09-16 09:09:35,SPX,7585.73,7634.66,7550.0,2542,8001,0.205,0.006256
2026-09-16 09:09:35,SPX,7585.73,7634.66,7625.0,1644,4596,0.1827,0.006256
2026-09-16 09:09:35,SPX,7585.73,7634.66,7545.0,1938,2223,0.2068,0.006256
2026-09-16 09:09:35,SPX,7585.73,7634.66,7630.0,449,3371,0.1813,0.006256
2026-09-16 09:09:35,SPX,7585.73,7634.66,7540.0,112,1224,0.2087,0.006256
2026-09-16 09:09:35,SPX,7585.73,7634.66,7635.0,935,1265,0.18,0.006256
2026-09-16 09:09:35,SPX,7585.73,7634.66,7535.0,138,1053,0.2105,0.006256
2026-09-16 09:09:35,SPX,7585.73,7634.66,7640.0,847,1282,0.1788,0.006256
2026-09-16 09:09:35,SPX,7585.73,7634.66,7530.0,107,902,0.2122,0.006256
2026-09-16 09:09:35,SPX,7585.73,7634.66,7645.0,516,396,0.1777,0.006256
2026-09-16 09:09:35,SPX,7585.73,7634.66,7525.0,224,1094,0.2137,0.006256
2026-09-16 09:09:35,SPX,7585.73,7634.66,7650.0,5583,6131,0.1766,0.006256
2026-09-16 09:09:35,SPX,7585.73,7634.66,7520.0,81,1121,0.215,0.006256
2026-09-16 09:09:35,SPX,7585.73,7634.66,7655.0,541,3273,0.1754,0.006256
2026-09-16 09:09:35,SPX,7585.73,7634.66,7515.0,98,857,0.2162,0.006256
2026-09-16 09:09:35,SPX,7585.73,7634.66,7660.0,2366,2501,0.174,0.006256
2026-09-16 09:09:35,SPX,7585.73,7634.66,7510.0,151,791,0.2175,0.006256
2026-09-16 09:09:35,SPX,7585.73,7634.66,7665.0,587,424,0.1726,0.006256
2026-09-16 09:09:35,SPX,7585.73,7634.66,7505.0,101,570,0.2191,0.006256
2026-09-16 09:09:35,SPX,7585.73,7634.66,7670.0,956,765,0.1711,0.006256
2026-09-16 09:09:35,SPX,7585.73,7634.66,7500.0,819,4301,0.2209,0.006256
2026-09-16 09:09:35,SPX,7585.73,7634.66,7675.0,4951,3262,0.1697,0.006256
2026-09-16 09:09:35,SPX,7585.73,7634.66,7495.0,617,1363,0.2229,0.006256
2026-09-16 09:09:35,SPX,7585.73,7634.66,7680.0,3640,675,0.1684,0.006256
2026-09-16 09:09:35,SPX,7585.73,7634.66,7490.0,69,888,0.225,0.006256
2026-09-16 09:09:35,SPX,7585.73,7634.66,7685.0,948,449,0.1672,0.006256
2026-09-16 09:09:35,SPX,7585.73,7634.66,7485.0,57,460,0.2268,0.006256
2026-09-16 09:09:35,SPX,7585.73,7634.66,7690.0,848,1633,0.1662,0.006256
2026-09-16 09:09:35,SPX,7585.73,7634.66,7480.0,116,1004,0.2281,0.006256
2026-09-16 09:09:35,SPX,7585.73,7634.66,7695.0,1848,661,0.1652,0.006256
2026-09-16 09:09:35,SPX,7585.73,7634.66,7475.0,331,1654,0.2292,0.006256
2026-09-16 09:09:35,SPX,7585.73,7634.66,7700.0,6428,2978,0.1643,0.006256
2026-09-16 09:09:35,SPX,7585.73,7634.66,7470.0,106,1040,0.2309,0.006256
2026-09-16 09:09:35,SPX,7585.73,7634.66,7705.0,3427,674,0.1635,0.006256
2026-09-16 09:09:35,SPX,7585.73,7634.66,7465.0,36,699,0.2338,0.006256
2026-09-16 09:09:35,SPX,7585.73,7634.66,7710.0,685,395,0.1627,0.006256
2026-09-16 09:09:35,SPX,7585.73,7634.66,7460.0,48,936,0.2358,0.006256
2026-09-16 09:09:35,SPX,7585.73,7634.66,7715.0,1261,358,0.1619,0.006256
2026-09-16 09:09:35,SPX,7585.73,7634.66,7455.0,72,498,0.2375,0.006256
2026-09-16 09:09:35,SPX,7585.73,7634.66,7720.0,691,1183,0.1611,0.006256
2026-09-16 09:09:35,SPX,7585.73,7634.66,7450.0,345,2994,0.239,0.006256
2026-09-16 09:09:35,SPX,7585.73,7634.66,7725.0,3172,1236,0.1603,0.006256
2026-09-16 09:09:35,SPX,7585.73,7634.66,7445.0,70,637,0.2408,0.006256
2026-09-16 09:09:35,SPX,7585.73,7634.66,7730.0,742,502,0.1595,0.006256
2026-09-16 09:09:35,SPX,7585.73,7634.66,7440.0,99,1414,0.2423,0.006256
2026-09-16 09:09:35,SPX,7585.73,7634.66,7735.0,1089,670,0.1587,0.006256
2026-09-16 09:09:35,SPX,7585.73,7634.66,7435.0,20,1668,0.2437,0.006256
2026-09-16 09:09:35,SPX,7585.73,7634.66,7740.0,1180,403,0.1579,0.006256
2026-09-16 09:09:35,SPX,7585.73,7634.66,7430.0,84,684,0.2452,0.006256
2026-09-16 09:09:35,SPX,7585.73,7634.66,7745.0,756,201,0.1571,0.006256
2026-09-16 09:09:35,SPX,7585.73,7634.66,7425.0,437,2470,0.2471,0.006256
2026-09-16 09:09:35,SPX,7585.73,7634.66,7750.0,3322,1482,0.1564,0.006256
2026-09-16 09:09:35,SPX,7585.73,7634.66,7420.0,96,701,0.249,0.006256
2026-09-16 09:09:35,SPX,7585.73,7634.66,7755.0,1070,202,0.1558,0.006256
2026-09-16 09:09:35,SPX,7585.73,7634.66,7415.0,54,789,0.2508,0.006256
2026-09-16 09:09:35,SPX,7585.73,7634.66,7760.0,1383,88,0.1553,0.006256
2026-09-16 09:09:35,SPX,7585.73,7634.66,7410.0,280,1211,0.2528,0.006256
2026-09-16 09:09:35,SPX,7585.73,7634.66,7765.0,1371,221,0.155,0.006256
2026-09-16 09:09:35,SPX,7585.73,7634.66,7405.0,156,555,0.255,0.006256
2026-09-16 09:09:35,SPX,7585.73,7634.66,7770.0,1023,281,0.1547,0.006256
2026-09-16 09:09:35,SPX,7585.73,7634.66,7400.0,1053,5844,0.2572,0.006256
2026-09-16 09:09:35,SPX,7585.73,7634.66,7775.0,2270,480,0.1546,0.006256
2026-09-16 09:09:35,SPX,7585.73,7634.66,7395.0,31,2121,0.2593,0.006256
2026-09-16 09:09:35,SPX,7585.73,7634.66,7780.0,1885,250,0.1546,0.006256
2026-09-16 09:09:35,SPX,7585.73,7634.66,7390.0,35,889,0.2615,0.006256
2026-09-16 09:09:35,SPX,7585.73,7634.66,7785.0,1490,259,0.1548,0.006256
2026-09-16 09:09:35,SPX,7585.73,7634.66,7385.0,78,608,0.2636,0.006256
2026-09-16 09:09:35,SPX,7585.73,7634.66,7790.0,1372,180,0.1551,0.006256
2026-09-16 09:09:35,SPX,7585.73,7634.66,7380.0,68,1297,0.2656,0.006256
2026-09-16 09:09:35,SPX,7585.73,7634.66,7795.0,657,146,0.1556,0.006256
2026-09-16 09:09:35,SPX,7585.73,7634.66,7375.0,138,1788,0.2674,0.006256
2026-09-16 09:09:35,SPX,7585.73,7634.66,7800.0,5534,704,0.1562,0.006256
2026-09-16 09:09:35,SPX,7585.73,7634.66,7370.0,99,816,0.2692,0.006256
2026-09-16 09:09:35,SPX,7585.73,7634.66,7805.0,1041,62,0.1569,0.006256
2026-09-16 09:09:35,SPX,7585.73,7634.66,7365.0,78,295,0.271,0.006256
2026-09-16 09:09:35,SPX,7585.73,7634.66,7810.0,1002,79,0.1578,0.006256
2026-09-16 09:09:35,SPX,7585.73,7634.66,7360.0,37,1655,0.2729,0.006256
2026-09-16 09:09:35,SPX,7585.73,7634.66,7815.0,1981,47,0.1587,0.006256
2026-09-16 09:09:35,SPX,7585.73,7634.66,7355.0,51,363,0.2748,0.006256
2026-09-16 09:09:35,SPX,7585.73,7634.66,7820.0,3113,76,0.1598,0.006256
2026-09-16 09:09:35,SPX,7585.73,7634.66,7350.0,119,2872,0.2768,0.006256
2026-09-16 09:09:35,SPX,7585.73,7634.66,7825.0,2682,125,0.161,0.006256
2026-09-16 09:09:35,SPX,7585.73,7634.66,7345.0,181,463,0.2788,0.006256
2026-09-16 09:09:35,SPX,7585.73,7634.66,7830.0,1325,69,0.1623,0.006256
2026-09-16 09:09:35,SPX,7585.73,7634.66,7340.0,70,997,0.2809,0.006256
2026-09-16 09:09:35,SPX,7585.73,7634.66,7835.0,698,18,0.1636,0.006256
2026-09-16 09:32:59,SPX,7604.88,7634.22,7605.0,536,385,0.3061,0.000736
2026-09-16 09:32:59,SPX,7604.88,7634.22,7600.0,1581,2828,0.3099,0.000736
2026-09-16 09:32:59,SPX,7604.88,7634.22,7610.0,728,696,0.3033,0.000736
2026-09-16 09:32:59,SPX,7604.88,7634.22,7595.0,665,1256,0.3135,0.000736
2026-09-16 09:32:59,SPX,7604.88,7634.22,7615.0,696,248,0.3009,0.000736
2026-09-16 09:32:59,SPX,7604.88,7634.22,7590.0,901,1203,0.3163,0.000736
2026-09-16 09:32:59,SPX,7604.88,7634.22,7620.0,1590,465,0.2982,0.000736
2026-09-16 09:32:59,SPX,7604.88,7634.22,7585.0,1009,1287,0.3183,0.000736
2026-09-16 09:32:59,SPX,7604.88,7634.22,7625.0,1035,3421,0.295,0.000736
2026-09-16 09:32:59,SPX,7604.88,7634.22,7580.0,613,1441,0.3201,0.000736
2026-09-16 09:32:59,SPX,7604.88,7634.22,7630.0,699,395,0.2922,0.000736
2026-09-16 09:32:59,SPX,7604.88,7634.22,7575.0,354,1633,0.3227,0.000736
2026-09-16 09:32:59,SPX,7604.88,7634.22,7635.0,872,633,0.2895,0.000736
2026-09-16 09:32:59,SPX,7604.88,7634.22,7570.0,258,1147,0.3264,0.000736
2026-09-16 09:32:59,SPX,7604.88,7634.22,7640.0,1498,305,0.2862,0.000736
2026-09-16 09:32:59,SPX,7604.88,7634.22,7565.0,106,585,0.3294,0.000736
2026-09-16 09:32:59,SPX,7604.88,7634.22,7645.0,900,604,0.2827,0.000736
2026-09-16 09:32:59,SPX,7604.88,7634.22,7560.0,205,864,0.3313,0.000736
2026-09-16 09:32:59,SPX,7604.88,7634.22,7650.0,5504,4413,0.2795,0.000736
2026-09-16 09:32:59,SPX,7604.88,7634.22,7555.0,115,425,0.3331,0.000736
2026-09-16 09:32:59,SPX,7604.88,7634.22,7655.0,1381,781,0.277,0.000736
2026-09-16 09:32:59,SPX,7604.88,7634.22,7550.0,203,1759,0.3348,0.000736
2026-09-16 09:32:59,SPX,7604.88,7634.22,7660.0,1545,335,0.275,0.000736
2026-09-16 09:32:59,SPX,7604.88,7634.22,7545.0,68,696,0.3371,0.000736
2026-09-16 09:32:59,SPX,7604.88,7634.22,7665.0,1030,330,0.2736,0.000736
2026-09-16 09:32:59,SPX,7604.88,7634.22,7540.0,110,1186,0.3391,0.000736
2026-09-16 09:32:59,SPX,7604.88,7634.22,7670.0,1760,823,0.2726,0.000736
2026-09-16 09:32:59,SPX,7604.88,7634.22,7535.0,91,984,0.3414,0.000736
2026-09-16 09:32:59,SPX,7604.88,7634.22,7675.0,5088,1003,0.2718,0.000736
2026-09-16 09:32:59,SPX,7604.88,7634.22,7530.0,136,1307,0.345,0.000736
2026-09-16 09:32:59,SPX,7604.88,7634.22,7680.0,1642,862,0.271,0.000736
2026-09-16 09:32:59,SPX,7604.88,7634.22,7525.0,1254,3613,0.3473,0.000736
2026-09-16 09:32:59,SPX,7604.88,7634.22,7685.0,2259,346,0.2704,0.000736
2026-09-16 09:32:59,SPX,7604.88,7634.22,7520.0,1244,1619,0.3497,0.000736
2026-09-16 09:32:59,SPX,7604.88,7634.22,7690.0,1304,255,0.27,0.000736
2026-09-16 09:32:59,SPX,7604.88,7634.22,7515.0,119,819,0.3514,0.000736
2026-09-16 09:32:59,SPX,7604.88,7634.22,7695.0,0,117,0.2699,0.000736
2026-09-16 09:32:59,SPX,7604.88,7634.22,7495.0,0,773,0.3578,0.000736
2026-09-16 09:32:59,SPX,7604.88,7634.22,7715.0,843,1322,0.2738,0.000736
2026-09-16 09:32:59,SPX,7604.88,7634.22,7490.0,41,1228,0.3603,0.000736
2026-09-16 09:32:59,SPX,7604.88,7634.22,7720.0,2356,225,0.2762,0.000736
2026-09-16 09:32:59,SPX,7604.88,7634.22,7485.0,19,656,0.3633,0.000736
2026-09-16 09:32:59,SPX,7604.88,7634.22,7725.0,1699,115,0.2792,0.000736
2026-09-16 09:32:59,SPX,7604.88,7634.22,7480.0,28,1242,0.3668,0.000736
2026-09-16 09:32:59,SPX,7604.88,7634.22,7730.0,3073,2050,0.2828,0.000736
2026-09-16 09:32:59,SPX,7604.88,7634.22,7475.0,33,1674,0.3705,0.000736
2026-09-16 09:32:59,SPX,7604.88,7634.22,7735.0,1086,50,0.2868,0.000736
2026-09-16 09:32:59,SPX,7604.88,7634.22,7470.0,33,1552,0.3743,0.000736
2026-09-16 09:32:59,SPX,7604.88,7634.22,7740.0,1998,1349,0.2913,0.000736
2026-09-16 09:32:59,SPX,7604.88,7634.22,7465.0,4,1127,0.3782,0.000736
2026-09-16 09:32:59,SPX,7604.88,7634.22,7745.0,813,131,0.2961,0.000736
2026-09-16 09:32:59,SPX,7604.88,7634.22,7460.0,41,1524,0.3821,0.000736
2026-09-16 09:32:59,SPX,7604.88,7634.22,7750.0,1793,322,0.3012,0.000736
2026-09-16 09:32:59,SPX,7604.88,7634.22,7455.0,27,768,0.386,0.000736
2026-09-16 09:32:59,SPX,7604.88,7634.22,7755.0,2859,49,0.3065,0.000736
2026-09-16 09:32:59,SPX,7604.88,7634.22,7450.0,107,2811,0.3899,0.000736
2026-09-16 09:32:59,SPX,7604.88,7634.22,7760.0,780,60,0.312,0.000736
2026-09-16 09:32:59,SPX,7604.88,7634.22,7445.0,2,1150,0.3941,0.000736
2026-09-16 09:32:59,SPX,7604.88,7634.22,7765.0,2335,34,0.3175,0.000736
2026-09-16 09:32:59,SPX,7604.88,7634.22,7440.0,6,2097,0.3984,0.000736
2026-09-16 09:32:59,SPX,7604.88,7634.22,7770.0,1592,40,0.3232,0.000736
2026-09-16 09:32:59,SPX,7604.88,7634.22,7435.0,4,929,0.4031,0.000736
2026-09-16 09:32:59,SPX,7604.88,7634.22,7775.0,2381,67,0.3289,0.000736
2026-09-16 09:32:59,SPX,7604.88,7634.22,7430.0,8,973,0.408,0.000736
2026-09-16 09:32:59,SPX,7604.88,7634.22,7780.0,4304,28,0.3348,0.000736
2026-09-16 09:32:59,SPX,7604.88,7634.22,7425.0,9,1181,0.4133,0.000736
2026-09-16 09:32:59,SPX,7604.88,7634.22,7785.0,492,113,0.3407,0.000736
2026-09-16 09:32:59,SPX,7604.88,7634.22,7420.0,38,1350,0.419,0.000736
2026-09-16 09:32:59,SPX,7604.88,7634.22,7790.0,3122,27,0.3468,0.000736
2026-09-16 09:32:59,SPX,7604.88,7634.22,7415.0,2,1866,0.4249,0.000736
2026-09-16 09:32:59,SPX,7604.88,7634.22,7795.0,563,12,0.3529,0.000736
2026-09-16 09:32:59,SPX,7604.88,7634.22,7410.0,6,958,0.4311,0.000736
2026-09-16 09:32:59,SPX,7604.88,7634.22,7800.0,2895,52,0.359,0.000736
2026-09-16 09:32:59,SPX,7604.88,7634.22,7405.0,5,3661,0.4375,0.000736
2026-09-16 09:32:59,SPX,7604.88,7634.22,7805.0,1769,8,0.365,0.000736
2026-09-16 09:32:59,SPX,7604.88,7634.22,7400.0,93,4633,0.4441,0.000736
2026-09-16 09:32:59,SPX,7604.88,7634.22,7810.0,688,32,0.3709,0.000736
2026-09-16 09:32:59,SPX,7604.88,7634.22,7395.0,0,1647,0.4509,0.000736
2026-09-16 09:32:59,SPX,7604.88,7634.22,7815.0,598,4,0.3768,0.000736
2026-09-16 09:32:59,SPX,7604.88,7634.22,7390.0,30,2806,0.4578,0.000736
2026-09-16 09:32:59,SPX,7604.88,7634.22,7820.0,1539,62,0.3826,0.000736
2026-09-16 09:32:59,SPX,7604.88,7634.22,7385.0,1,1088,0.4648,0.000736
2026-09-16 09:32:59,SPX,7604.88,7634.22,7825.0,1183,53,0.3883,0.000736
2026-09-16 09:32:59,SPX,7604.88,7634.22,7380.0,4,4519,0.4718,0.000736
2026-09-16 09:32:59,SPX,7604.88,7634.22,7830.0,744,129,0.3939,0.000736
2026-09-16 09:32:59,SPX,7604.88,7634.22,7375.0,0,1131,0.4788,0.000736
2026-09-16 09:32:59,SPX,7604.88,7634.22,7835.0,585,30,0.3992,0.000736
2026-09-16 09:32:59,SPX,7604.88,7634.22,7370.0,24,559,0.4858,0.000736
2026-09-16 09:32:59,SPX,7604.88,7634.22,7840.0,706,1,0.4041,0.000736
2026-09-16 09:32:59,SPX,7604.88,7634.22,7365.0,10,537,0.4927,0.000736
2026-09-16 09:32:59,SPX,7604.88,7634.22,7845.0,243,7,0.4084,0.000736
2026-09-16 09:32:59,SPX,7604.88,7634.22,7360.0,12,3673,0.4995,0.000736
2026-09-16 09:32:59,SPX,7604.88,7634.22,7850.0,1588,129,0.412,0.000736
2026-09-16 09:32:59,SPX,7604.88,7634.22,7355.0,0,524,0.5062,0.000736
2026-09-16 09:32:59,SPX,7604.88,7634.22,7605.0,235,186,0.2011,0.003474
2026-09-16 09:32:59,SPX,7604.88,7634.22,7600.0,396,861,0.203,0.003474
2026-09-16 09:32:59,SPX,7604.88,7634.22,7610.0,518,379,0.1993,0.003474
2026-09-16 09:32:59,SPX,7604.88,7634.22,7595.0,191,566,0.2043,0.003474
2026-09-16 09:32:59,SPX,7604.88,7634.22,7615.0,213,167,0.1976,0.003474
2026-09-16 09:32:59,SPX,7604.88,7634.22,7590.0,120,337,0.2065,0.003474
2026-09-16 09:32:59,SPX,7604.88,7634.22,7620.0,224,227,0.1959,0.003474
2026-09-16 09:32:59,SPX,7604.88,7634.22,7585.0,213,349,0.2084,0.003474
2026-09-16 09:32:59,SPX,7604.88,7634.22,7625.0,337,668,0.1944,0.003474
2026-09-16 09:32:59,SPX,7604.88,7634.22,7580.0,334,832,0.21,0.003474
2026-09-16 09:32:59,SPX,7604.88,7634.22,7630.0,308,317,0.1931,0.003474
2026-09-16 09:32:59,SPX,7604.88,7634.22,7575.0,119,382,0.2124,0.003474
2026-09-16 09:32:59,SPX,7604.88,7634.22,7635.0,171,165,0.1917,0.003474
2026-09-16 09:32:59,SPX,7604.88,7634.22,7570.0,178,645,0.2136,0.003474
2026-09-16 09:32:59,SPX,7604.88,7634.22,7640.0,187,315,0.1901,0.003474
2026-09-16 09:32:59,SPX,7604.88,7634.22,7565.0,81,184,0.2154,0.003474
2026-09-16 09:32:59,SPX,7604.88,7634.22,7645.0,441,200,0.1882,0.003474
2026-09-16 09:32:59,SPX,7604.88,7634.22,7560.0,74,443,0.2173,0.003474
2026-09-16 09:32:59,SPX,7604.88,7634.22,7650.0,528,3373,0.1863,0.003474
2026-09-16 09:32:59,SPX,7604.88,7634.22,7555.0,104,255,0.219,0.003474
2026-09-16 09:32:59,SPX,7604.88,7634.22,7655.0,418,204,0.1845,0.003474
2026-09-16 09:32:59,SPX,7604.88,7634.22,7550.0,110,498,0.2205,0.003474
2026-09-16 09:32:59,SPX,7604.88,7634.22,7660.0,564,308,0.1829,0.003474
2026-09-16 09:32:59,SPX,7604.88,7634.22,7545.0,99,166,0.2222,0.003474
2026-09-16 09:32:59,SPX,7604.88,7634.22,7665.0,308,137,0.1816,0.003474
2026-09-16 09:32:59,SPX,7604.88,7634.22,7540.0,22,759,0.2241,0.003474
2026-09-16 09:32:59,SPX,7604.88,7634.22,7670.0,1238,550,0.1804,0.003474
2026-09-16 09:32:59,SPX,7604.88,7634.22,7535.0,47,242,0.2262,0.003474
2026-09-16 09:32:59,SPX,7604.88,7634.22,7675.0,4504,3959,0.1794,0.003474
2026-09-16 09:32:59,SPX,7604.88,7634.22,7530.0,28,286,0.2283,0.003474
2026-09-16 09:32:59,SPX,7604.88,7634.22,7680.0,979,193,0.1784,0.003474
2026-09-16 09:32:59,SPX,7604.88,7634.22,7525.0,90,526,0.2303,0.003474
2026-09-16 09:32:59,SPX,7604.88,7634.22,7685.0,224,88,0.1775,0.003474
2026-09-16 09:32:59,SPX,7604.88,7634.22,7520.0,22,451,0.2322,0.003474
2026-09-16 09:32:59,SPX,7604.88,7634.22,7690.0,656,304,0.1765,0.003474
2026-09-16 09:32:59,SPX,7604.88,7634.22,7515.0,24,224,0.234,0.003474
2026-09-16 09:32:59,SPX,7604.88,7634.22,7695.0,261,208,0.1755,0.003474
2026-09-16 09:32:59,SPX,7604.88,7634.22,7510.0,64,420,0.2357,0.003474
2026-09-16 09:32:59,SPX,7604.88,7634.22,7700.0,4669,304,0.1745,0.003474
2026-09-16 09:32:59,SPX,7604.88,7634.22,7505.0,23,199,0.2372,0.003474
2026-09-16 09:32:59,SPX,7604.88,7634.22,7705.0,708,157,0.1735,0.003474
2026-09-16 09:32:59,SPX,7604.88,7634.22,7500.0,76,2764,0.2385,0.003474
2026-09-16 09:32:59,SPX,7604.88,7634.22,7710.0,413,137,0.1725,0.003474
2026-09-16 09:32:59,SPX,7604.88,7634.22,7495.0,2,158,0.2398,0.003474
2026-09-16 09:32:59,SPX,7604.88,7634.22,7715.0,306,166,0.1716,0.003474
2026-09-16 09:32:59,SPX,7604.88,7634.22,7490.0,2,821,0.2412,0.003474
2026-09-16 09:32:59,SPX,7604.88,7634.22,7720.0,385,199,0.1708,0.003474
2026-09-16 09:32:59,SPX,7604.88,7634.22,7485.0,0,350,0.2428,0.003474
2026-09-16 09:32:59,SPX,7604.88,7634.22,7725.0,1017,163,0.1701,0.003474
2026-09-16 09:32:59,SPX,7604.88,7634.22,7480.0,32,390,0.2446,0.003474
2026-09-16 09:32:59,SPX,7604.88,7634.22,7730.0,659,126,0.1695,0.003474
2026-09-16 09:32:59,SPX,7604.88,7634.22,7475.0,5,600,0.2466,0.003474
2026-09-16 09:32:59,SPX,7604.88,7634.22,7735.0,460,38,0.1692,0.003474
2026-09-16 09:32:59,SPX,7604.88,7634.22,7470.0,35,922,0.2487,0.003474
2026-09-16 09:32:59,SPX,7604.88,7634.22,7740.0,646,124,0.169,0.003474
2026-09-16 09:32:59,SPX,7604.88,7634.22,7465.0,8,146,0.2508,0.003474
2026-09-16 09:32:59,SPX,7604.88,7634.22,7745.0,338,28,0.169,0.003474
2026-09-16 09:32:59,SPX,7604.88,7634.22,7460.0,1,846,0.253,0.003474
2026-09-16 09:32:59,SPX,7604.88,7634.22,7750.0,940,168,0.1692,0.003474
2026-09-16 09:32:59,SPX,7604.88,7634.22,7455.0,0,135,0.255,0.003474
2026-09-16 09:32:59,SPX,7604.88,7634.22,7755.0,281,37,0.1695,0.003474
2026-09-16 09:32:59,SPX,7604.88,7634.22,7450.0,36,3615,0.257,0.003474
2026-09-16 09:32:59,SPX,7604.88,7634.22,7760.0,659,96,0.1701,0.003474
2026-09-16 09:32:59,SPX,7604.88,7634.22,7445.0,0,207,0.2589,0.003474
2026-09-16 09:32:59,SPX,7604.88,7634.22,7765.0,277,48,0.1709,0.003474
2026-09-16 09:32:59,SPX,7604.88,7634.22,7440.0,7,542,0.2607,0.003474
2026-09-16 09:32:59,SPX,7604.88,7634.22,7770.0,1165,63,0.1719,0.003474
2026-09-16 09:32:59,SPX,7604.88,7634.22,7435.0,0,197,0.2624,0.003474
2026-09-16 09:32:59,SPX,7604.88,7634.22,7775.0,967,57,0.173,0.003474
2026-09-16 09:32:59,SPX,7604.88,7634.22,7430.0,2,276,0.2641,0.003474
2026-09-16 09:32:59,SPX,7604.88,7634.22,7780.0,445,39,0.1744,0.003474
2026-09-16 09:32:59,SPX,7604.88,7634.22,7425.0,30,1695,0.2658,0.003474
2026-09-16 09:32:59,SPX,7604.88,7634.22,7785.0,307,9,0.1759,0.003474
2026-09-16 09:32:59,SPX,7604.88,7634.22,7420.0,26,1347,0.2675,0.003474
2026-09-16 09:32:59,SPX,7604.88,7634.22,7790.0,390,24,0.1775,0.003474
2026-09-16 09:32:59,SPX,7604.88,7634.22,7415.0,0,167,0.2691,0.003474
2026-09-16 09:32:59,SPX,7604.88,7634.22,7795.0,433,5,0.1794,0.003474
2026-09-16 09:32:59,SPX,7604.88,7634.22,7410.0,1,216,0.2709,0.003474
2026-09-16 09:32:59,SPX,7604.88,7634.22,7800.0,2764,91,0.1813,0.003474
2026-09-16 09:32:59,SPX,7604.88,7634.22,7405.0,10,141,0.2727,0.003474
2026-09-16 09:32:59,SPX,7604.88,7634.22,7805.0,1724,3,0.1834,0.003474
2026-09-16 09:32:59,SPX,7604.88,7634.22,7400.0,18,1023,0.2745,0.003474
2026-09-16 09:32:59,SPX,7604.88,7634.22,7810.0,508,4,0.1856,0.003474
2026-09-16 09:32:59,SPX,7604.88,7634.22,7395.0,0,114,0.2765,0.003474
2026-09-16 09:32:59,SPX,7604.88,7634.22,7815.0,404,2,0.188,0.003474
2026-09-16 09:32:59,SPX,7604.88,7634.22,7390.0,0,1244,0.2785,0.003474
2026-09-16 09:32:59,SPX,7604.88,7634.22,7820.0,309,16,0.1904,0.003474
2026-09-16 09:32:59,SPX,7604.88,7634.22,7385.0,1,131,0.2807,0.003474
2026-09-16 09:32:59,SPX,7604.88,7634.22,7825.0,790,61,0.1929,0.003474
2026-09-16 09:32:59,SPX,7604.88,7634.22,7380.0,30,1143,0.2829,0.003474
2026-09-16 09:32:59,SPX,7604.88,7634.22,7830.0,512,3,0.1955,0.003474
2026-09-16 09:32:59,SPX,7604.88,7634.22,7375.0,5,270,0.2853,0.003474
2026-09-16 09:32:59,SPX,7604.88,7634.22,7835.0,489,0,0.1983,0.003474
2026-09-16 09:32:59,SPX,7604.88,7634.22,7370.0,30,197,0.2877,0.003474
2026-09-16 09:32:59,SPX,7604.88,7634.22,7840.0,382,23,0.2011,0.003474
2026-09-16 09:32:59,SPX,7604.88,7634.22,7365.0,0,126,0.2902,0.003474
2026-09-16 09:32:59,SPX,7604.88,7634.22,7845.0,408,0,0.204,0.003474
2026-09-16 09:32:59,SPX,7604.88,7634.22,7360.0,3,296,0.2928,0.003474
2026-09-16 09:32:59,SPX,7604.88,7634.22,7850.0,593,45,0.2069,0.003474
2026-09-16 09:32:59,SPX,7604.88,7634.22,7355.0,0,333,0.2956,0.003474
2026-09-16 09:32:59,SPX,7604.88,7634.22,7605.0,681,2783,0.1857,0.006212
2026-09-16 09:32:59,SPX,7604.88,7634.22,7600.0,4452,6174,0.187,0.006212
2026-09-16 09:32:59,SPX,7604.88,7634.22,7610.0,613,1017,0.1841,0.006212
2026-09-16 09:32:59,SPX,7604.88,7634.22,7595.0,256,748,0.1888,0.006212
2026-09-16 09:32:59,SPX,7604.88,7634.22,7615.0,824,2306,0.1827,0.006212
2026-09-16 09:32:59,SPX,7604.88,7634.22,7590.0,523,1071,0.1902,0.006212
2026-09-16 09:32:59,SPX,7604.88,7634.22,7620.0,677,534,0.1813,0.006212
2026-09-16 09:32:59,SPX,7604.88,7634.22,7585.0,467,562,0.1917,0.006212
2026-09-16 09:32:59,SPX,7604.88,7634.22,7625.0,1644,4596,0.1797,0.006212
2026-09-16 09:32:59,SPX,7604.88,7634.22,7580.0,737,884,0.1931,0.006212
2026-09-16 09:32:59,SPX,7604.88,7634.22,7630.0,449,3371,0.178,0.006212
2026-09-16 09:32:59,SPX,7604.88,7634.22,7575.0,563,2354,0.1941,0.006212
2026-09-16 09:32:59,SPX,7604.88,7634.22,7635.0,935,1265,0.1765,0.006212
2026-09-16 09:32:59,SPX,7604.88,7634.22,7570.0,304,911,0.1959,0.006212
2026-09-16 09:32:59,SPX,7604.88,7634.22,7640.0,847,1282,0.1752,0.006212
2026-09-16 09:32:59,SPX,7604.88,7634.22,7565.0,642,565,0.1974,0.006212
2026-09-16 09:32:59,SPX,7604.88,7634.22,7645.0,516,396,0.1737,0.006212
2026-09-16 09:32:59,SPX,7604.88,7634.22,7560.0,209,975,0.1985,0.006212
2026-09-16 09:32:59,SPX,7604.88,7634.22,7650.0,5583,6131,0.1721,0.006212
2026-09-16 09:32:59,SPX,7604.88,7634.22,7555.0,71,646,0.2,0.006212
2026-09-16 09:32:59,SPX,7604.88,7634.22,7655.0,541,3273,0.1707,0.006212
2026-09-16 09:32:59,SPX,7604.88,7634.22,7550.0,2542,8001,0.2014,0.006212
2026-09-16 09:32:59,SPX,7604.88,7634.22,7660.0,2366,2501,0.1696,0.006212
2026-09-16 09:32:59,SPX,7604.88,7634.22,7545.0,1938,2223,0.2032,0.006212
2026-09-16 09:32:59,SPX,7604.88,7634.22,7665.0,587,424,0.1685,0.006212
2026-09-16 09:32:59,SPX,7604.88,7634.22,7540.0,112,1224,0.205,0.006212
2026-09-16 09:32:59,SPX,7604.88,7634.22,7670.0,956,765,0.1673,0.006212
2026-09-16 09:32:59,SPX,7604.88,7634.22,7535.0,138,1053,0.2064,0.006212
2026-09-16 09:32:59,SPX,7604.88,7634.22,7675.0,4951,3262,0.1662,0.006212
2026-09-16 09:32:59,SPX,7604.88,7634.22,7530.0,107,902,0.2078,0.006212
2026-09-16 09:32:59,SPX,7604.88,7634.22,7680.0,3640,675,0.1651,0.006212
2026-09-16 09:32:59,SPX,7604.88,7634.22,7525.0,224,1094,0.2097,0.006212
2026-09-16 09:32:59,SPX,7604.88,7634.22,7685.0,948,449,0.1639,0.006212
2026-09-16 09:32:59,SPX,7604.88,7634.22,7520.0,81,1121,0.2117,0.006212
2026-09-16 09:32:59,SPX,7604.88,7634.22,7690.0,848,1633,0.1626,0.006212
2026-09-16 09:32:59,SPX,7604.88,7634.22,7515.0,98,857,0.2131,0.006212
2026-09-16 09:32:59,SPX,7604.88,7634.22,7695.0,1848,661,0.1614,0.006212
2026-09-16 09:32:59,SPX,7604.88,7634.22,7510.0,151,791,0.2143,0.006212
2026-09-16 09:32:59,SPX,7604.88,7634.22,7700.0,6428,2978,0.1601,0.006212
2026-09-16 09:32:59,SPX,7604.88,7634.22,7505.0,101,570,0.2157,0.006212
2026-09-16 09:32:59,SPX,7604.88,7634.22,7705.0,3427,674,0.1591,0.006212
2026-09-16 09:32:59,SPX,7604.88,7634.22,7500.0,819,4301,0.2173,0.006212
2026-09-16 09:32:59,SPX,7604.88,7634.22,7710.0,685,395,0.1581,0.006212
2026-09-16 09:32:59,SPX,7604.88,7634.22,7495.0,617,1363,0.2195,0.006212
2026-09-16 09:32:59,SPX,7604.88,7634.22,7715.0,1261,358,0.1573,0.006212
2026-09-16 09:32:59,SPX,7604.88,7634.22,7490.0,69,888,0.2217,0.006212
2026-09-16 09:32:59,SPX,7604.88,7634.22,7720.0,691,1183,0.1567,0.006212
2026-09-16 09:32:59,SPX,7604.88,7634.22,7485.0,57,460,0.2227,0.006212
2026-09-16 09:32:59,SPX,7604.88,7634.22,7725.0,3172,1236,0.1562,0.006212
2026-09-16 09:32:59,SPX,7604.88,7634.22,7480.0,116,1004,0.2236,0.006212
2026-09-16 09:32:59,SPX,7604.88,7634.22,7730.0,742,502,0.1557,0.006212
2026-09-16 09:32:59,SPX,7604.88,7634.22,7475.0,331,1654,0.2258,0.006212
2026-09-16 09:32:59,SPX,7604.88,7634.22,7735.0,1089,670,0.1553,0.006212
2026-09-16 09:32:59,SPX,7604.88,7634.22,7470.0,106,1040,0.2285,0.006212
2026-09-16 09:32:59,SPX,7604.88,7634.22,7740.0,1180,403,0.1549,0.006212
2026-09-16 09:32:59,SPX,7604.88,7634.22,7465.0,36,699,0.2303,0.006212
2026-09-16 09:32:59,SPX,7604.88,7634.22,7745.0,756,201,0.1546,0.006212
2026-09-16 09:32:59,SPX,7604.88,7634.22,7460.0,48,936,0.232,0.006212
2026-09-16 09:32:59,SPX,7604.88,7634.22,7750.0,3322,1482,0.1543,0.006212
2026-09-16 09:32:59,SPX,7604.88,7634.22,7455.0,72,498,0.2336,0.006212
2026-09-16 09:32:59,SPX,7604.88,7634.22,7755.0,1070,202,0.1541,0.006212
2026-09-16 09:32:59,SPX,7604.88,7634.22,7450.0,345,2994,0.2348,0.006212
2026-09-16 09:32:59,SPX,7604.88,7634.22,7760.0,1383,88,0.154,0.006212
2026-09-16 09:32:59,SPX,7604.88,7634.22,7445.0,70,637,0.2368,0.006212
2026-09-16 09:32:59,SPX,7604.88,7634.22,7765.0,1371,221,0.154,0.006212
2026-09-16 09:32:59,SPX,7604.88,7634.22,7440.0,99,1414,0.2386,0.006212
2026-09-16 09:32:59,SPX,7604.88,7634.22,7770.0,1023,281,0.1541,0.006212
2026-09-16 09:32:59,SPX,7604.88,7634.22,7435.0,20,1668,0.2411,0.006212
2026-09-16 09:32:59,SPX,7604.88,7634.22,7775.0,2270,480,0.1543,0.006212
2026-09-16 09:32:59,SPX,7604.88,7634.22,7430.0,84,684,0.2425,0.006212
2026-09-16 09:32:59,SPX,7604.88,7634.22,7780.0,1885,250,0.1546,0.006212
2026-09-16 09:32:59,SPX,7604.88,7634.22,7425.0,437,2470,0.244,0.006212
2026-09-16 09:32:59,SPX,7604.88,7634.22,7785.0,1490,259,0.155,0.006212
2026-09-16 09:32:59,SPX,7604.88,7634.22,7420.0,96,701,0.2455,0.006212
2026-09-16 09:32:59,SPX,7604.88,7634.22,7790.0,1372,180,0.1555,0.006212
2026-09-16 09:32:59,SPX,7604.88,7634.22,7415.0,54,789,0.2467,0.006212
2026-09-16 09:32:59,SPX,7604.88,7634.22,7795.0,657,146,0.1562,0.006212
2026-09-16 09:32:59,SPX,7604.88,7634.22,7410.0,280,1211,0.2483,0.006212
2026-09-16 09:32:59,SPX,7604.88,7634.22,7800.0,5534,704,0.1569,0.006212
2026-09-16 09:32:59,SPX,7604.88,7634.22,7405.0,156,555,0.2508,0.006212
2026-09-16 09:32:59,SPX,7604.88,7634.22,7805.0,1041,62,0.1578,0.006212
2026-09-16 09:32:59,SPX,7604.88,7634.22,7400.0,1053,5844,0.2526,0.006212
2026-09-16 09:32:59,SPX,7604.88,7634.22,7810.0,1002,79,0.1588,0.006212
2026-09-16 09:32:59,SPX,7604.88,7634.22,7395.0,31,2121,0.2545,0.006212
2026-09-16 09:32:59,SPX,7604.88,7634.22,7815.0,1981,47,0.1599,0.006212
2026-09-16 09:32:59,SPX,7604.88,7634.22,7390.0,35,889,0.2568,0.006212
2026-09-16 09:32:59,SPX,7604.88,7634.22,7820.0,3113,76,0.1612,0.006212
2026-09-16 09:32:59,SPX,7604.88,7634.22,7385.0,78,608,0.2591,0.006212
2026-09-16 09:32:59,SPX,7604.88,7634.22,7825.0,2682,125,0.1625,0.006212
2026-09-16 09:32:59,SPX,7604.88,7634.22,7380.0,68,1297,0.2614,0.006212
2026-09-16 09:32:59,SPX,7604.88,7634.22,7830.0,1325,69,0.1639,0.006212
2026-09-16 09:32:59,SPX,7604.88,7634.22,7375.0,138,1788,0.2636,0.006212
2026-09-16 09:32:59,SPX,7604.88,7634.22,7835.0,698,18,0.1654,0.006212
2026-09-16 09:32:59,SPX,7604.88,7634.22,7370.0,99,816,0.2658,0.006212
2026-09-16 09:32:59,SPX,7604.88,7634.22,7840.0,1847,57,0.1669,0.006212
2026-09-16 09:32:59,SPX,7604.88,7634.22,7365.0,78,295,0.2681,0.006212
2026-09-16 09:32:59,SPX,7604.88,7634.22,7845.0,511,35,0.1686,0.006212
2026-09-16 09:32:59,SPX,7604.88,7634.22,7360.0,37,1655,0.2702,0.006212
2026-09-16 09:32:59,SPX,7604.88,7634.22,7850.0,3733,59,0.1703,0.006212
2026-09-16 09:32:59,SPX,7604.88,7634.22,7355.0,51,363,0.2722,0.006212
2026-09-16 10:03:48,SPX,7612.35,7632.43,7610.0,728,696,0.2793,0.000677
2026-09-16 10:03:48,SPX,7612.35,7632.43,7615.0,696,248,0.2765,0.000677
2026-09-16 10:03:48,SPX,7612.35,7632.43,7605.0,536,385,0.2824,0.000677
2026-09-16 10:03:48,SPX,7612.35,7632.43,7620.0,1590,465,0.2741,0.000677
2026-09-16 10:03:48,SPX,7612.35,7632.43,7600.0,1581,2828,0.2846,0.000677
2026-09-16 10:03:48,SPX,7612.35,7632.43,7625.0,1035,3421,0.2717,0.000677
2026-09-16 10:03:48,SPX,7612.35,7632.43,7595.0,665,1256,0.2884,0.000677
2026-09-16 10:03:48,SPX,7612.35,7632.43,7630.0,699,395,0.2683,0.000677
2026-09-16 10:03:48,SPX,7612.35,7632.43,7590.0,901,1203,0.2917,0.000677
2026-09-16 10:03:48,SPX,7612.35,7632.43,7635.0,872,633,0.2665,0.000677
2026-09-16 10:03:48,SPX,7612.35,7632.43,7585.0,1009,1287,0.2947,0.000677
2026-09-16 10:03:48,SPX,7612.35,7632.43,7640.0,1498,305,0.265,0.000677
2026-09-16 10:03:48,SPX,7612.35,7632.43,7580.0,613,1441,0.2984,0.000677
2026-09-16 10:03:48,SPX,7612.35,7632.43,7645.0,900,604,0.2633,0.000677
2026-09-16 10:03:48,SPX,7612.35,7632.43,7575.0,354,1633,0.3018,0.000677
2026-09-16 10:03:48,SPX,7612.35,7632.43,7650.0,5504,4413,0.262,0.000677
2026-09-16 10:03:48,SPX,7612.35,7632.43,7570.0,258,1147,0.3048,0.000677
2026-09-16 10:03:48,SPX,7612.35,7632.43,7655.0,1381,781,0.2604,0.000677
2026-09-16 10:03:48,SPX,7612.35,7632.43,7565.0,106,585,0.308,0.000677
2026-09-16 10:03:48,SPX,7612.35,7632.43,7660.0,1545,335,0.2591,0.000677
2026-09-16 10:03:48,SPX,7612.35,7632.43,7560.0,205,864,0.3111,0.000677
2026-09-16 10:03:48,SPX,7612.35,7632.43,7665.0,1030,330,0.2581,0.000677
2026-09-16 10:03:48,SPX,7612.35,7632.43,7555.0,115,425,0.3148,0.000677
2026-09-16 10:03:48,SPX,7612.35,7632.43,7670.0,1760,823,0.2575,0.000677
2026-09-16 10:03:48,SPX,7612.35,7632.43,7550.0,203,1759,0.3183,0.000677
2026-09-16 10:03:48,SPX,7612.35,7632.43,7675.0,5088,1003,0.2575,0.000677
2026-09-16 10:03:48,SPX,7612.35,7632.43,7545.0,68,696,0.3216,0.000677
2026-09-16 10:03:48,SPX,7612.35,7632.43,7680.0,1642,862,0.2579,0.000677
2026-09-16 10:03:48,SPX,7612.35,7632.43,7540.0,110,1186,0.3252,0.000677
2026-09-16 10:03:48,SPX,7612.35,7632.43,7685.0,2259,346,0.2585,0.000677
2026-09-16 10:03:48,SPX,7612.35,7632.43,7535.0,91,984,0.328,0.000677
2026-09-16 10:03:48,SPX,7612.35,7632.43,7690.0,1304,255,0.2591,0.000677
2026-09-16 10:03:48,SPX,7612.35,7632.43,7530.0,136,1307,0.3291,0.000677
2026-09-16 10:03:48,SPX,7612.35,7632.43,7695.0,1192,117,0.2607,0.000677
2026-09-16 10:03:48,SPX,7612.35,7632.43,7525.0,1254,3613,0.3337,0.000677
2026-09-16 10:03:48,SPX,7612.35,7632.43,7700.0,3233,798,0.2615,0.000677
2026-09-16 10:03:48,SPX,7612.35,7632.43,7520.0,1244,1619,0.3378,0.000677
2026-09-16 10:03:48,SPX,7612.35,7632.43,7705.0,1040,2079,0.264,0.000677
2026-09-16 10:03:48,SPX,7612.35,7632.43,7515.0,119,819,0.3396,0.000677
2026-09-16 10:03:48,SPX,7612.35,7632.43,7710.0,1456,97,0.2658,0.000677
2026-09-16 10:03:48,SPX,7612.35,7632.43,7510.0,132,1033,0.3435,0.000677
2026-09-16 10:03:48,SPX,7612.35,7632.43,7715.0,843,1322,0.268,0.000677
2026-09-16 10:03:48,SPX,7612.35,7632.43,7505.0,94,629,0.3478,0.000677
2026-09-16 10:03:48,SPX,7612.35,7632.43,7720.0,2356,225,0.2706,0.000677
2026-09-16 10:03:48,SPX,7612.35,7632.43,7500.0,259,4369,0.3518,0.000677
2026-09-16 10:03:48,SPX,7612.35,7632.43,7725.0,1699,115,0.2738,0.000677
2026-09-16 10:03:48,SPX,7612.35,7632.43,7495.0,67,773,0.3554,0.000677
2026-09-16 10:03:48,SPX,7612.35,7632.43,7730.0,3073,2050,0.2783,0.000677
2026-09-16 10:03:48,SPX,7612.35,7632.43,7490.0,41,1228,0.3603,0.000677
2026-09-16 10:03:48,SPX,7612.35,7632.43,7735.0,1086,50,0.2824,0.000677
2026-09-16 10:03:48,SPX,7612.35,7632.43,7485.0,19,656,0.364,0.000677
2026-09-16 10:03:48,SPX,7612.35,7632.43,7740.0,1998,1349,0.2866,0.000677
2026-09-16 10:03:48,SPX,7612.35,7632.43,7480.0,28,1242,0.3667,0.000677
2026-09-16 10:03:48,SPX,7612.35,7632.43,7745.0,813,131,0.2901,0.000677
2026-09-16 10:03:48,SPX,7612.35,7632.43,7475.0,33,1674,0.3703,0.000677
2026-09-16 10:03:48,SPX,7612.35,7632.43,7750.0,1793,322,0.2949,0.000677
2026-09-16 10:03:48,SPX,7612.35,7632.43,7470.0,33,1552,0.3746,0.000677
2026-09-16 10:03:48,SPX,7612.35,7632.43,7755.0,2859,49,0.3001,0.000677
2026-09-16 10:03:48,SPX,7612.35,7632.43,7465.0,4,1127,0.3793,0.000677
2026-09-16 10:03:48,SPX,7612.35,7632.43,7760.0,780,60,0.3054,0.000677
2026-09-16 10:03:48,SPX,7612.35,7632.43,7460.0,41,1524,0.3846,0.000677
2026-09-16 10:03:48,SPX,7612.35,7632.43,7765.0,2335,34,0.3106,0.000677
2026-09-16 10:03:48,SPX,7612.35,7632.43,7455.0,27,768,0.3903,0.000677
2026-09-16 10:03:48,SPX,7612.35,7632.43,7770.0,1592,40,0.3158,0.000677
2026-09-16 10:03:48,SPX,7612.35,7632.43,7450.0,107,2811,0.3964,0.000677
2026-09-16 10:03:48,SPX,7612.35,7632.43,7775.0,2381,67,0.3209,0.000677
2026-09-16 10:03:48,SPX,7612.35,7632.43,7445.0,2,1150,0.4026,0.000677
2026-09-16 10:03:48,SPX,7612.35,7632.43,7780.0,4304,28,0.3262,0.000677
2026-09-16 10:03:48,SPX,7612.35,7632.43,7440.0,6,2097,0.4087,0.000677
2026-09-16 10:03:48,SPX,7612.35,7632.43,7785.0,492,113,0.3318,0.000677
2026-09-16 10:03:48,SPX,7612.35,7632.43,7435.0,4,929,0.4148,0.000677
2026-09-16 10:03:48,SPX,7612.35,7632.43,7790.0,3122,27,0.3378,0.000677
2026-09-16 10:03:48,SPX,7612.35,7632.43,7430.0,8,973,0.4208,0.000677
2026-09-16 10:03:48,SPX,7612.35,7632.43,7795.0,563,12,0.3443,0.000677
2026-09-16 10:03:48,SPX,7612.35,7632.43,7425.0,9,1181,0.4268,0.000677
2026-09-16 10:03:48,SPX,7612.35,7632.43,7800.0,2895,52,0.3511,0.000677
2026-09-16 10:03:48,SPX,7612.35,7632.43,7420.0,38,1350,0.4328,0.000677
2026-09-16 10:03:48,SPX,7612.35,7632.43,7805.0,1769,8,0.3579,0.000677
2026-09-16 10:03:48,SPX,7612.35,7632.43,7415.0,2,1866,0.4388,0.000677
2026-09-16 10:03:48,SPX,7612.35,7632.43,7810.0,688,32,0.3644,0.000677
2026-09-16 10:03:48,SPX,7612.35,7632.43,7410.0,6,958,0.4447,0.000677
2026-09-16 10:03:48,SPX,7612.35,7632.43,7815.0,598,4,0.3703,0.000677
2026-09-16 10:03:48,SPX,7612.35,7632.43,7405.0,5,3661,0.4507,0.000677
2026-09-16 10:03:48,SPX,7612.35,7632.43,7820.0,1539,62,0.3753,0.000677
2026-09-16 10:03:48,SPX,7612.35,7632.43,7400.0,93,4633,0.4568,0.000677
2026-09-16 10:03:48,SPX,7612.35,7632.43,7825.0,1183,53,0.3792,0.000677
2026-09-16 10:03:48,SPX,7612.35,7632.43,7395.0,0,1647,0.463,0.000677
2026-09-16 10:03:48,SPX,7612.35,7632.43,7830.0,744,129,0.3821,0.000677
2026-09-16 10:03:48,SPX,7612.35,7632.43,7390.0,30,2806,0.4694,0.000677
2026-09-16 10:03:48,SPX,7612.35,7632.43,7835.0,585,30,0.3838,0.000677
2026-09-16 10:03:48,SPX,7612.35,7632.43,7385.0,1,1088,0.4759,0.000677
2026-09-16 10:03:48,SPX,7612.35,7632.43,7840.0,706,1,0.3845,0.000677
2026-09-16 10:03:48,SPX,7612.35,7632.43,7380.0,4,4519,0.4825,0.000677
2026-09-16 10:03:48,SPX,7612.35,7632.43,7845.0,243,7,0.3843,0.000677
2026-09-16 10:03:48,SPX,7612.35,7632.43,7375.0,0,1131,0.4892,0.000677
2026-09-16 10:03:48,SPX,7612.35,7632.43,7850.0,1588,129,0.3835,0.000677
2026-09-16 10:03:48,SPX,7612.35,7632.43,7370.0,24,559,0.496,0.000677
2026-09-16 10:03:48,SPX,7612.35,7632.43,7855.0,274,0,0.3821,0.000677
2026-09-16 10:03:48,SPX,7612.35,7632.43,7365.0,10,537,0.5029,0.000677
2026-09-16 10:03:48,SPX,7612.35,7632.43,7860.0,630,3,0.3802,0.000677
2026-09-16 10:03:48,SPX,7612.35,7632.43,7610.0,518,379,0.1865,0.003415
2026-09-16 10:03:48,SPX,7612.35,7632.43,7615.0,213,167,0.1847,0.003415
2026-09-16 10:03:48,SPX,7612.35,7632.43,7605.0,235,186,0.1886,0.003415
2026-09-16 10:03:48,SPX,7612.35,7632.43,7620.0,224,227,0.1832,0.003415
2026-09-16 10:03:48,SPX,7612.35,7632.43,7600.0,396,861,0.1905,0.003415
2026-09-16 10:03:48,SPX,7612.35,7632.43,7625.0,337,668,0.1816,0.003415
2026-09-16 10:03:48,SPX,7612.35,7632.43,7595.0,191,566,0.1928,0.003415
2026-09-16 10:03:48,SPX,7612.35,7632.43,7630.0,308,317,0.18,0.003415
2026-09-16 10:03:48,SPX,7612.35,7632.43,7590.0,120,337,0.1946,0.003415
2026-09-16 10:03:48,SPX,7612.35,7632.43,7635.0,171,165,0.1786,0.003415
2026-09-16 10:03:48,SPX,7612.35,7632.43,7585.0,213,349,0.196,0.003415
2026-09-16 10:03:48,SPX,7612.35,7632.43,7640.0,187,315,0.177,0.003415
2026-09-16 10:03:48,SPX,7612.35,7632.43,7580.0,334,832,0.1981,0.003415
2026-09-16 10:03:48,SPX,7612.35,7632.43,7645.0,441,200,0.1752,0.003415
2026-09-16 10:03:48,SPX,7612.35,7632.43,7575.0,119,382,0.2002,0.003415
2026-09-16 10:03:48,SPX,7612.35,7632.43,7650.0,528,3373,0.1733,0.003415
2026-09-16 10:03:48,SPX,7612.35,7632.43,7570.0,178,645,0.2024,0.003415
2026-09-16 10:03:48,SPX,7612.35,7632.43,7655.0,418,204,0.1717,0.003415
2026-09-16 10:03:48,SPX,7612.35,7632.43,7565.0,81,184,0.2041,0.003415
2026-09-16 10:03:48,SPX,7612.35,7632.43,7660.0,564,308,0.1702,0.003415
2026-09-16 10:03:48,SPX,7612.35,7632.43,7560.0,74,443,0.2057,0.003415
2026-09-16 10:03:48,SPX,7612.35,7632.43,7665.0,308,137,0.1691,0.003415
2026-09-16 10:03:48,SPX,7612.35,7632.43,7555.0,104,255,0.2077,0.003415
2026-09-16 10:03:48,SPX,7612.35,7632.43,7670.0,1238,550,0.1681,0.003415
2026-09-16 10:03:48,SPX,7612.35,7632.43,7550.0,110,498,0.2104,0.003415
2026-09-16 10:03:48,SPX,7612.35,7632.43,7675.0,4504,3959,0.1674,0.003415
2026-09-16 10:03:48,SPX,7612.35,7632.43,7545.0,99,166,0.2114,0.003415
2026-09-16 10:03:48,SPX,7612.35,7632.43,7680.0,979,193,0.1667,0.003415
2026-09-16 10:03:48,SPX,7612.35,7632.43,7540.0,22,759,0.2133,0.003415
2026-09-16 10:03:48,SPX,7612.35,7632.43,7685.0,224,88,0.1661,0.003415
2026-09-16 10:03:48,SPX,7612.35,7632.43,7535.0,47,242,0.2153,0.003415
2026-09-16 10:03:48,SPX,7612.35,7632.43,7690.0,656,304,0.1655,0.003415
2026-09-16 10:03:48,SPX,7612.35,7632.43,7530.0,28,286,0.2171,0.003415
2026-09-16 10:03:48,SPX,7612.35,7632.43,7695.0,261,208,0.1649,0.003415
2026-09-16 10:03:48,SPX,7612.35,7632.43,7525.0,90,526,0.2194,0.003415
2026-09-16 10:03:48,SPX,7612.35,7632.43,7700.0,4669,304,0.1643,0.003415
2026-09-16 10:03:48,SPX,7612.35,7632.43,7520.0,22,451,0.2216,0.003415
2026-09-16 10:03:48,SPX,7612.35,7632.43,7705.0,708,157,0.1638,0.003415
2026-09-16 10:03:48,SPX,7612.35,7632.43,7515.0,24,224,0.2238,0.003415
2026-09-16 10:03:48,SPX,7612.35,7632.43,7710.0,413,137,0.1633,0.003415
2026-09-16 10:03:48,SPX,7612.35,7632.43,7510.0,64,420,0.2262,0.003415
2026-09-16 10:03:48,SPX,7612.35,7632.43,7715.0,306,166,0.163,0.003415
2026-09-16 10:03:48,SPX,7612.35,7632.43,7505.0,23,199,0.2282,0.003415
2026-09-16 10:03:48,SPX,7612.35,7632.43,7720.0,385,199,0.1628,0.003415
2026-09-16 10:03:48,SPX,7612.35,7632.43,7500.0,76,2764,0.2299,0.003415
2026-09-16 10:03:48,SPX,7612.35,7632.43,7725.0,1017,163,0.1628,0.003415
2026-09-16 10:03:48,SPX,7612.35,7632.43,7495.0,2,158,0.2315,0.003415
2026-09-16 10:03:48,SPX,7612.35,7632.43,7730.0,659,126,0.163,0.003415
2026-09-16 10:03:48,SPX,7612.35,7632.43,7490.0,2,821,0.233,0.003415
2026-09-16 10:03:48,SPX,7612.35,7632.43,7735.0,460,38,0.1633,0.003415
2026-09-16 10:03:48,SPX,7612.35,7632.43,7485.0,0,350,0.2346,0.003415
2026-09-16 10:03:48,SPX,7612.35,7632.43,7740.0,646,124,0.1638,0.003415
2026-09-16 10:03:48,SPX,7612.35,7632.43,7480.0,32,390,0.2363,0.003415
2026-09-16 10:03:48,SPX,7612.35,7632.43,7745.0,338,28,0.1645,0.003415
2026-09-16 10:03:48,SPX,7612.35,7632.43,7475.0,5,600,0.2382,0.003415
2026-09-16 10:03:48,SPX,7612.35,7632.43,7750.0,940,168,0.1655,0.003415
2026-09-16 10:03:48,SPX,7612.35,7632.43,7470.0,35,922,0.2403,0.003415
2026-09-16 10:03:48,SPX,7612.35,7632.43,7755.0,281,37,0.1666,0.003415
2026-09-16 10:03:48,SPX,7612.35,7632.43,7465.0,8,146,0.2424,0.003415
2026-09-16 10:03:48,SPX,7612.35,7632.43,7760.0,659,96,0.1679,0.003415
2026-09-16 10:03:48,SPX,7612.35,7632.43,7460.0,1,846,0.2445,0.003415
2026-09-16 10:03:48,SPX,7612.35,7632.43,7765.0,277,48,0.1694,0.003415
2026-09-16 10:03:48,SPX,7612.35,7632.43,7455.0,0,135,0.2467,0.003415
2026-09-16 10:03:48,SPX,7612.35,7632.43,7770.0,1165,63,0.171,0.003415
2026-09-16 10:03:48,SPX,7612.35,7632.43,7450.0,36,3615,0.2489,0.003415
2026-09-16 10:03:48,SPX,7612.35,7632.43,7775.0,967,57,0.1726,0.003415
2026-09-16 10:03:48,SPX,7612.35,7632.43,7445.0,0,207,0.2512,0.003415
2026-09-16 10:03:48,SPX,7612.35,7632.43,7780.0,445,39,0.1744,0.003415
2026-09-16 10:03:48,SPX,7612.35,7632.43,7440.0,7,542,0.2534,0.003415
2026-09-16 10:03:48,SPX,7612.35,7632.43,7785.0,307,9,0.1763,0.003415
2026-09-16 10:03:48,SPX,7612.35,7632.43,7435.0,0,197,0.2556,0.003415
2026-09-16 10:03:48,SPX,7612.35,7632.43,7790.0,390,24,0.1783,0.003415
2026-09-16 10:03:48,SPX,7612.35,7632.43,7430.0,2,276,0.2578,0.003415
2026-09-16 10:03:48,SPX,7612.35,7632.43,7795.0,433,5,0.1803,0.003415
2026-09-16 10:03:48,SPX,7612.35,7632.43,7425.0,30,1695,0.26,0.003415
2026-09-16 10:03:48,SPX,7612.35,7632.43,7800.0,2764,91,0.1824,0.003415
2026-09-16 10:03:48,SPX,7612.35,7632.43,7420.0,26,1347,0.2622,0.003415
2026-09-16 10:03:48,SPX,7612.35,7632.43,7805.0,1724,3,0.1846,0.003415
2026-09-16 10:03:48,SPX,7612.35,7632.43,7415.0,0,167,0.2645,0.003415
2026-09-16 10:03:48,SPX,7612.35,7632.43,7810.0,508,4,0.1868,0.003415
2026-09-16 10:03:48,SPX,7612.35,7632.43,7410.0,1,216,0.2668,0.003415
2026-09-16 10:03:48,SPX,7612.35,7632.43,7815.0,404,2,0.1891,0.003415
2026-09-16 10:03:48,SPX,7612.35,7632.43,7405.0,10,141,0.2691,0.003415
2026-09-16 10:03:48,SPX,7612.35,7632.43,7820.0,309,16,0.1914,0.003415
2026-09-16 10:03:48,SPX,7612.35,7632.43,7400.0,18,1023,0.2715,0.003415
2026-09-16 10:03:48,SPX,7612.35,7632.43,7825.0,790,61,0.1937,0.003415
2026-09-16 10:03:48,SPX,7612.35,7632.43,7395.0,0,114,0.2739,0.003415
2026-09-16 10:03:48,SPX,7612.35,7632.43,7830.0,512,3,0.1961,0.003415
2026-09-16 10:03:48,SPX,7612.35,7632.43,7390.0,0,1244,0.2764,0.003415
2026-09-16 10:03:48,SPX,7612.35,7632.43,7835.0,489,0,0.1985,0.003415
2026-09-16 10:03:48,SPX,7612.35,7632.43,7385.0,1,131,0.279,0.003415
2026-09-16 10:03:48,SPX,7612.35,7632.43,7840.0,382,23,0.2009,0.003415
2026-09-16 10:03:48,SPX,7612.35,7632.43,7380.0,30,1143,0.2816,0.003415
2026-09-16 10:03:48,SPX,7612.35,7632.43,7845.0,408,0,0.2034,0.003415
2026-09-16 10:03:48,SPX,7612.35,7632.43,7375.0,5,270,0.2842,0.003415
2026-09-16 10:03:48,SPX,7612.35,7632.43,7850.0,593,45,0.2059,0.003415
2026-09-16 10:03:48,SPX,7612.35,7632.43,7370.0,30,197,0.287,0.003415
2026-09-16 10:03:48,SPX,7612.35,7632.43,7855.0,232,1,0.2084,0.003415
2026-09-16 10:03:48,SPX,7612.35,7632.43,7365.0,0,126,0.2898,0.003415
2026-09-16 10:03:48,SPX,7612.35,7632.43,7860.0,295,0,0.211,0.003415
2026-09-16 10:03:48,SPX,7612.35,7632.43,7610.0,613,1017,0.1807,0.006153
2026-09-16 10:03:48,SPX,7612.35,7632.43,7615.0,824,2306,0.179,0.006153
2026-09-16 10:03:48,SPX,7612.35,7632.43,7605.0,681,2783,0.1823,0.006153
2026-09-16 10:03:48,SPX,7612.35,7632.43,7620.0,677,534,0.1773,0.006153
2026-09-16 10:03:48,SPX,7612.35,7632.43,7600.0,4452,6174,0.1839,0.006153
2026-09-16 10:03:48,SPX,7612.35,7632.43,7625.0,1644,4596,0.1755,0.006153
2026-09-16 10:03:48,SPX,7612.35,7632.43,7595.0,256,748,0.1855,0.006153
2026-09-16 10:03:48,SPX,7612.35,7632.43,7630.0,449,3371,0.174,0.006153
2026-09-16 10:03:48,SPX,7612.35,7632.43,7590.0,523,1071,0.187,0.006153
2026-09-16 10:03:48,SPX,7612.35,7632.43,7635.0,935,1265,0.1725,0.006153
2026-09-16 10:03:48,SPX,7612.35,7632.43,7585.0,467,562,0.1887,0.006153
2026-09-16 10:03:48,SPX,7612.35,7632.43,7640.0,847,1282,0.171,0.006153
2026-09-16 10:03:48,SPX,7612.35,7632.43,7580.0,737,884,0.1901,0.006153
2026-09-16 10:03:48,SPX,7612.35,7632.43,7645.0,516,396,0.1694,0.006153
2026-09-16 10:03:48,SPX,7612.35,7632.43,7575.0,563,2354,0.1911,0.006153
2026-09-16 10:03:48,SPX,7612.35,7632.43,7650.0,5583,6131,0.1679,0.006153
2026-09-16 10:03:48,SPX,7612.35,7632.43,7570.0,304,911,0.193,0.006153
2026-09-16 10:03:48,SPX,7612.35,7632.43,7655.0,541,3273,0.1666,0.006153
2026-09-16 10:03:48,SPX,7612.35,7632.43,7565.0,642,565,0.1947,0.006153
2026-09-16 10:03:48,SPX,7612.35,7632.43,7660.0,2366,2501,0.1655,0.006153
2026-09-16 10:03:48,SPX,7612.35,7632.43,7560.0,209,975,0.196,0.006153
2026-09-16 10:03:48,SPX,7612.35,7632.43,7665.0,587,424,0.1644,0.006153
2026-09-16 10:03:48,SPX,7612.35,7632.43,7555.0,71,646,0.1978,0.006153
2026-09-16 10:03:48,SPX,7612.35,7632.43,7670.0,956,765,0.1633,0.006153
2026-09-16 10:03:48,SPX,7612.35,7632.43,7550.0,2542,8001,0.1997,0.006153
2026-09-16 10:03:48,SPX,7612.35,7632.43,7675.0,4951,3262,0.1622,0.006153
2026-09-16 10:03:48,SPX,7612.35,7632.43,7545.0,1938,2223,0.2016,0.006153
2026-09-16 10:03:48,SPX,7612.35,7632.43,7680.0,3640,675,0.1609,0.006153
2026-09-16 10:03:48,SPX,7612.35,7632.43,7540.0,112,1224,0.2032,0.006153
2026-09-16 10:03:48,SPX,7612.35,7632.43,7685.0,948,449,0.1597,0.006153
2026-09-16 10:03:48,SPX,7612.35,7632.43,7535.0,138,1053,0.2045,0.006153
2026-09-16 10:03:48,SPX,7612.35,7632.43,7690.0,848,1633,0.1584,0.006153
2026-09-16 10:03:48,SPX,7612.35,7632.43,7530.0,107,902,0.206,0.006153
2026-09-16 10:03:48,SPX,7612.35,7632.43,7695.0,1848,661,0.1572,0.006153
2026-09-16 10:03:48,SPX,7612.35,7632.43,7525.0,224,1094,0.2079,0.006153
2026-09-16 10:03:48,SPX,7612.35,7632.43,7700.0,6428,2978,0.1561,0.006153
2026-09-16 10:03:48,SPX,7612.35,7632.43,7520.0,81,1121,0.2097,0.006153
2026-09-16 10:03:48,SPX,7612.35,7632.43,7705.0,3427,674,0.1552,0.006153
2026-09-16 10:03:48,SPX,7612.35,7632.43,7515.0,98,857,0.2113,0.006153
2026-09-16 10:03:48,SPX,7612.35,7632.43,7710.0,685,395,0.1545,0.006153
2026-09-16 10:03:48,SPX,7612.35,7632.43,7510.0,151,791,0.213,0.006153
2026-09-16 10:03:48,SPX,7612.35,7632.43,7715.0,1261,358,0.1539,0.006153
2026-09-16 10:03:48,SPX,7612.35,7632.43,7505.0,101,570,0.2145,0.006153
2026-09-16 10:03:48,SPX,7612.35,7632.43,7720.0,691,1183,0.1535,0.006153
2026-09-16 10:03:48,SPX,7612.35,7632.43,7500.0,819,4301,0.2167,0.006153
2026-09-16 10:03:48,SPX,7612.35,7632.43,7725.0,3172,1236,0.153,0.006153
2026-09-16 10:03:48,SPX,7612.35,7632.43,7495.0,617,1363,0.219,0.006153
2026-09-16 10:03:48,SPX,7612.35,7632.43,7730.0,742,502,0.1527,0.006153
2026-09-16 10:03:48,SPX,7612.35,7632.43,7490.0,69,888,0.2202,0.006153
2026-09-16 10:03:48,SPX,7612.35,7632.43,7735.0,1089,670,0.1523,0.006153
2026-09-16 10:03:48,SPX,7612.35,7632.43,7485.0,57,460,0.2199,0.006153
2026-09-16 10:03:48,SPX,7612.35,7632.43,7740.0,1180,403,0.152,0.006153
2026-09-16 10:03:48,SPX,7612.35,7632.43,7480.0,116,1004,0.2212,0.006153
2026-09-16 10:03:48,SPX,7612.35,7632.43,7745.0,756,201,0.1518,0.006153
2026-09-16 10:03:48,SPX,7612.35,7632.43,7475.0,331,1654,0.2239,0.006153
2026-09-16 10:03:48,SPX,7612.35,7632.43,7750.0,3322,1482,0.1517,0.006153
2026-09-16 10:03:48,SPX,7612.35,7632.43,7470.0,106,1040,0.2254,0.006153
2026-09-16 10:03:48,SPX,7612.35,7632.43,7755.0,1070,202,0.1517,0.006153
2026-09-16 10:03:48,SPX,7612.35,7632.43,7465.0,36,699,0.2279,0.006153
2026-09-16 10:03:48,SPX,7612.35,7632.43,7760.0,1383,88,0.1517,0.006153
2026-09-16 10:03:48,SPX,7612.35,7632.43,7460.0,48,936,0.2289,0.006153
2026-09-16 10:03:48,SPX,7612.35,7632.43,7765.0,1371,221,0.1518,0.006153
2026-09-16 10:03:48,SPX,7612.35,7632.43,7455.0,72,498,0.231,0.006153
2026-09-16 10:03:48,SPX,7612.35,7632.43,7770.0,1023,281,0.152,0.006153
2026-09-16 10:03:48,SPX,7612.35,7632.43,7450.0,345,2994,0.2328,0.006153
2026-09-16 10:03:48,SPX,7612.35,7632.43,7775.0,2270,480,0.1523,0.006153
2026-09-16 10:03:48,SPX,7612.35,7632.43,7445.0,70,637,0.2345,0.006153
2026-09-16 10:03:48,SPX,7612.35,7632.43,7780.0,1885,250,0.1527,0.006153
2026-09-16 10:03:48,SPX,7612.35,7632.43,7440.0,99,1414,0.2368,0.006153
2026-09-16 10:03:48,SPX,7612.35,7632.43,7785.0,1490,259,0.1533,0.006153
2026-09-16 10:03:48,SPX,7612.35,7632.43,7435.0,20,1668,0.239,0.006153
2026-09-16 10:03:48,SPX,7612.35,7632.43,7790.0,1372,180,0.154,0.006153
2026-09-16 10:03:48,SPX,7612.35,7632.43,7430.0,84,684,0.2399,0.006153
2026-09-16 10:03:48,SPX,7612.35,7632.43,7795.0,657,146,0.1549,0.006153
2026-09-16 10:03:48,SPX,7612.35,7632.43,7425.0,437,2470,0.241,0.006153
2026-09-16 10:03:48,SPX,7612.35,7632.43,7800.0,5534,704,0.1559,0.006153
2026-09-16 10:03:48,SPX,7612.35,7632.43,7420.0,96,701,0.2445,0.006153
2026-09-16 10:03:48,SPX,7612.35,7632.43,7805.0,1041,62,0.157,0.006153
2026-09-16 10:03:48,SPX,7612.35,7632.43,7415.0,54,789,0.2462,0.006153
2026-09-16 10:03:48,SPX,7612.35,7632.43,7810.0,1002,79,0.1582,0.006153
2026-09-16 10:03:48,SPX,7612.35,7632.43,7410.0,280,1211,0.2478,0.006153
2026-09-16 10:03:48,SPX,7612.35,7632.43,7815.0,1981,47,0.1596,0.006153
2026-09-16 10:03:48,SPX,7612.35,7632.43,7405.0,156,555,0.2499,0.006153
2026-09-16 10:03:48,SPX,7612.35,7632.43,7820.0,3113,76,0.1611,0.006153
2026-09-16 10:03:48,SPX,7612.35,7632.43,7400.0,1053,5844,0.2518,0.006153
2026-09-16 10:03:48,SPX,7612.35,7632.43,7825.0,2682,125,0.1628,0.006153
2026-09-16 10:03:48,SPX,7612.35,7632.43,7395.0,31,2121,0.2535,0.006153
2026-09-16 10:03:48,SPX,7612.35,7632.43,7830.0,1325,69,0.1645,0.006153
2026-09-16 10:03:48,SPX,7612.35,7632.43,7390.0,35,889,0.2551,0.006153
2026-09-16 10:03:48,SPX,7612.35,7632.43,7835.0,698,18,0.1663,0.006153
2026-09-16 10:03:48,SPX,7612.35,7632.43,7385.0,78,608,0.2569,0.006153
2026-09-16 10:03:48,SPX,7612.35,7632.43,7840.0,1847,57,0.1682,0.006153
2026-09-16 10:03:48,SPX,7612.35,7632.43,7380.0,68,1297,0.2592,0.006153
2026-09-16 10:03:48,SPX,7612.35,7632.43,7845.0,511,35,0.1702,0.006153
2026-09-16 10:03:48,SPX,7612.35,7632.43,7375.0,138,1788,0.2618,0.006153
2026-09-16 10:03:48,SPX,7612.35,7632.43,7850.0,3733,59,0.1723,0.006153
2026-09-16 10:03:48,SPX,7612.35,7632.43,7370.0,99,816,0.2643,0.006153
2026-09-16 10:03:48,SPX,7612.35,7632.43,7855.0,801,26,0.1743,0.006153
2026-09-16 10:03:48,SPX,7612.35,7632.43,7365.0,78,295,0.2666,0.006153
2026-09-16 10:03:48,SPX,7612.35,7632.43,7860.0,818,19,0.1765,0.006153
2026-09-16 10:34:01,SPX,7601.05,7631.15,7600.0,1581,2828,0.3017,0.00062
2026-09-16 10:34:01,SPX,7601.05,7631.15,7605.0,536,385,0.2988,0.00062
2026-09-16 10:34:01,SPX,7601.05,7631.15,7595.0,665,1256,0.3038,0.00062
2026-09-16 10:34:01,SPX,7601.05,7631.15,7610.0,728,696,0.296,0.00062
2026-09-16 10:34:01,SPX,7601.05,7631.15,7590.0,901,1203,0.3069,0.00062
2026-09-16 10:34:01,SPX,7601.05,7631.15,7615.0,696,248,0.2938,0.00062
2026-09-16 10:34:01,SPX,7601.05,7631.15,7585.0,1009,1287,0.3094,0.00062
2026-09-16 10:34:01,SPX,7601.05,7631.15,7620.0,1590,465,0.2912,0.00062
2026-09-16 10:34:01,SPX,7601.05,7631.15,7580.0,613,1441,0.3115,0.00062
2026-09-16 10:34:01,SPX,7601.05,7631.15,7625.0,1035,3421,0.2893,0.00062
2026-09-16 10:34:01,SPX,7601.05,7631.15,7575.0,354,1633,0.315,0.00062
2026-09-16 10:34:01,SPX,7601.05,7631.15,7630.0,699,395,0.2872,0.00062
2026-09-16 10:34:01,SPX,7601.05,7631.15,7570.0,258,1147,0.3178,0.00062
2026-09-16 10:34:01,SPX,7601.05,7631.15,7635.0,872,633,0.2855,0.00062
2026-09-16 10:34:01,SPX,7601.05,7631.15,7565.0,106,585,0.3209,0.00062
2026-09-16 10:34:01,SPX,7601.05,7631.15,7640.0,1498,305,0.2837,0.00062
2026-09-16 10:34:01,SPX,7601.05,7631.15,7560.0,205,864,0.3231,0.00062
2026-09-16 10:34:01,SPX,7601.05,7631.15,7645.0,900,604,0.2817,0.00062
2026-09-16 10:34:01,SPX,7601.05,7631.15,7555.0,115,425,0.3259,0.00062
2026-09-16 10:34:01,SPX,7601.05,7631.15,7650.0,5504,4413,0.2797,0.00062
2026-09-16 10:34:01,SPX,7601.05,7631.15,7550.0,203,1759,0.329,0.00062
2026-09-16 10:34:01,SPX,7601.05,7631.15,7655.0,1381,781,0.2783,0.00062
2026-09-16 10:34:01,SPX,7601.05,7631.15,7545.0,68,696,0.3323,0.00062
2026-09-16 10:34:01,SPX,7601.05,7631.15,7660.0,1545,335,0.2774,0.00062
2026-09-16 10:34:01,SPX,7601.05,7631.15,7540.0,110,1186,0.335,0.00062
2026-09-16 10:34:01,SPX,7601.05,7631.15,7665.0,1030,330,0.277,0.00062
2026-09-16 10:34:01,SPX,7601.05,7631.15,7535.0,91,984,0.3367,0.00062
2026-09-16 10:34:01,SPX,7601.05,7631.15,7670.0,1760,823,0.277,0.00062
2026-09-16 10:34:01,SPX,7601.05,7631.15,7530.0,136,1307,0.3397,0.00062
2026-09-16 10:34:01,SPX,7601.05,7631.15,7675.0,5088,1003,0.2771,0.00062
2026-09-16 10:34:01,SPX,7601.05,7631.15,7525.0,1254,3613,0.3421,0.00062
2026-09-16 10:34:01,SPX,7601.05,7631.15,7680.0,1642,862,0.2773,0.00062
2026-09-16 10:34:01,SPX,7601.05,7631.15,7520.0,1244,1619,0.3447,0.00062
2026-09-16 10:34:01,SPX,7601.05,7631.15,7685.0,2259,346,0.2775,0.00062
2026-09-16 10:34:01,SPX,7601.05,7631.15,7515.0,119,819,0.3477,0.00062
2026-09-16 10:34:01,SPX,7601.05,7631.15,7690.0,1304,255,0.2777,0.00062
2026-09-16 10:34:01,SPX,7601.05,7631.15,7510.0,132,1033,0.3516,0.00062
2026-09-16 10:34:01,SPX,7601.05,7631.15,7695.0,1192,117,0.2782,0.00062
2026-09-16 10:34:01,SPX,7601.05,7631.15,7505.0,94,629,0.3548,0.00062
2026-09-16 10:34:01,SPX,7601.05,7631.15,7700.0,3233,798,0.2793,0.00062
2026-09-16 10:34:01,SPX,7601.05,7631.15,7500.0,259,4369,0.3586,0.00062
2026-09-16 10:34:01,SPX,7601.05,7631.15,7705.0,1040,2079,0.2808,0.00062
2026-09-16 10:34:01,SPX,7601.05,7631.15,7495.0,67,773,0.3628,0.00062
2026-09-16 10:34:01,SPX,7601.05,7631.15,7710.0,1456,97,0.2827,0.00062
2026-09-16 10:34:01,SPX,7601.05,7631.15,7490.0,41,1228,0.3662,0.00062
2026-09-16 10:34:01,SPX,7601.05,7631.15,7715.0,843,1322,0.2852,0.00062
2026-09-16 10:34:01,SPX,7601.05,7631.15,7485.0,19,656,0.369,0.00062
2026-09-16 10:34:01,SPX,7601.05,7631.15,7720.0,2356,225,0.2882,0.00062
2026-09-16 10:34:01,SPX,7601.05,7631.15,7480.0,28,1242,0.372,0.00062
2026-09-16 10:34:01,SPX,7601.05,7631.15,7725.0,1699,115,0.2917,0.00062
2026-09-16 10:34:01,SPX,7601.05,7631.15,7475.0,33,1674,0.3754,0.00062
2026-09-16 10:34:01,SPX,7601.05,7631.15,7730.0,3073,2050,0.3005,0.00062
2026-09-16 10:34:01,SPX,7601.05,7631.15,7470.0,33,1552,0.3795,0.00062
2026-09-16 10:34:01,SPX,7601.05,7631.15,7735.0,1086,50,0.3049,0.00062
2026-09-16 10:34:01,SPX,7601.05,7631.15,7465.0,4,1127,0.384,0.00062
2026-09-16 10:34:01,SPX,7601.05,7631.15,7740.0,1998,1349,0.3096,0.00062
2026-09-16 10:34:01,SPX,7601.05,7631.15,7460.0,41,1524,0.389,0.00062
2026-09-16 10:34:01,SPX,7601.05,7631.15,7745.0,813,131,0.3146,0.00062
2026-09-16 10:34:01,SPX,7601.05,7631.15,7455.0,27,768,0.3943,0.00062
2026-09-16 10:34:01,SPX,7601.05,7631.15,7750.0,1793,322,0.3199,0.00062
2026-09-16 10:34:01,SPX,7601.05,7631.15,7450.0,107,2811,0.4,0.00062
2026-09-16 10:34:01,SPX,7601.05,7631.15,7755.0,2859,49,0.3254,0.00062
2026-09-16 10:34:01,SPX,7601.05,7631.15,7445.0,2,1150,0.4057,0.00062
2026-09-16 10:34:01,SPX,7601.05,7631.15,7760.0,780,60,0.3313,0.00062
2026-09-16 10:34:01,SPX,7601.05,7631.15,7440.0,6,2097,0.4115,0.00062
2026-09-16 10:34:01,SPX,7601.05,7631.15,7765.0,2335,34,0.3376,0.00062
2026-09-16 10:34:01,SPX,7601.05,7631.15,7435.0,4,929,0.4172,0.00062
2026-09-16 10:34:01,SPX,7601.05,7631.15,7770.0,1592,40,0.3442,0.00062
2026-09-16 10:34:01,SPX,7601.05,7631.15,7430.0,8,973,0.4228,0.00062
2026-09-16 10:34:01,SPX,7601.05,7631.15,7775.0,2381,67,0.3512,0.00062
2026-09-16 10:34:01,SPX,7601.05,7631.15,7425.0,9,1181,0.4285,0.00062
2026-09-16 10:34:01,SPX,7601.05,7631.15,7780.0,4304,28,0.3585,0.00062
2026-09-16 10:34:01,SPX,7601.05,7631.15,7420.0,38,1350,0.4342,0.00062
2026-09-16 10:34:01,SPX,7601.05,7631.15,7785.0,492,113,0.3659,0.00062
2026-09-16 10:34:01,SPX,7601.05,7631.15,7415.0,2,1866,0.4401,0.00062
2026-09-16 10:34:01,SPX,7601.05,7631.15,7790.0,3122,27,0.3733,0.00062
2026-09-16 10:34:01,SPX,7601.05,7631.15,7410.0,6,958,0.446,0.00062
2026-09-16 10:34:01,SPX,7601.05,7631.15,7795.0,563,12,0.3804,0.00062
2026-09-16 10:34:01,SPX,7601.05,7631.15,7405.0,5,3661,0.4522,0.00062
2026-09-16 10:34:01,SPX,7601.05,7631.15,7800.0,2895,52,0.3869,0.00062
2026-09-16 10:34:01,SPX,7601.05,7631.15,7400.0,93,4633,0.4586,0.00062
2026-09-16 10:34:01,SPX,7601.05,7631.15,7805.0,1769,8,0.3926,0.00062
2026-09-16 10:34:01,SPX,7601.05,7631.15,7395.0,0,1647,0.4652,0.00062
2026-09-16 10:34:01,SPX,7601.05,7631.15,7810.0,688,32,0.3973,0.00062
2026-09-16 10:34:01,SPX,7601.05,7631.15,7390.0,30,2806,0.4719,0.00062
2026-09-16 10:34:01,SPX,7601.05,7631.15,7815.0,598,4,0.4011,0.00062
2026-09-16 10:34:01,SPX,7601.05,7631.15,7385.0,1,1088,0.4788,0.00062
2026-09-16 10:34:01,SPX,7601.05,7631.15,7820.0,1539,62,0.4037,0.00062
2026-09-16 10:34:01,SPX,7601.05,7631.15,7380.0,4,4519,0.4857,0.00062
2026-09-16 10:34:01,SPX,7601.05,7631.15,7825.0,1183,53,0.4053,0.00062
2026-09-16 10:34:01,SPX,7601.05,7631.15,7375.0,0,1131,0.4928,0.00062
2026-09-16 10:34:01,SPX,7601.05,7631.15,7830.0,744,129,0.4059,0.00062
2026-09-16 10:34:01,SPX,7601.05,7631.15,7370.0,24,559,0.4999,0.00062
2026-09-16 10:34:01,SPX,7601.05,7631.15,7835.0,585,30,0.4057,0.00062
2026-09-16 10:34:01,SPX,7601.05,7631.15,7365.0,10,537,0.507,0.00062
2026-09-16 10:34:01,SPX,7601.05,7631.15,7840.0,706,1,0.4047,0.00062
2026-09-16 10:34:01,SPX,7601.05,7631.15,7360.0,12,3673,0.5142,0.00062
2026-09-16 10:34:01,SPX,7601.05,7631.15,7845.0,243,7,0.4032,0.00062
2026-09-16 10:34:01,SPX,7601.05,7631.15,7355.0,0,524,0.5213,0.00062
2026-09-16 10:34:01,SPX,7601.05,7631.15,7850.0,1588,129,0.4011,0.00062
2026-09-16 10:34:01,SPX,7601.05,7631.15,7600.0,396,861,0.1964,0.003358
2026-09-16 10:34:01,SPX,7601.05,7631.15,7605.0,235,186,0.1947,0.003358
2026-09-16 10:34:01,SPX,7601.05,7631.15,7595.0,191,566,0.1981,0.003358
2026-09-16 10:34:01,SPX,7601.05,7631.15,7610.0,518,379,0.193,0.003358
2026-09-16 10:34:01,SPX,7601.05,7631.15,7590.0,120,337,0.1997,0.003358
2026-09-16 10:34:01,SPX,7601.05,7631.15,7615.0,213,167,0.1915,0.003358
2026-09-16 10:34:01,SPX,7601.05,7631.15,7585.0,213,349,0.2017,0.003358
2026-09-16 10:34:01,SPX,7601.05,7631.15,7620.0,224,227,0.19,0.003358
2026-09-16 10:34:01,SPX,7601.05,7631.15,7580.0,334,832,0.2032,0.003358
2026-09-16 10:34:01,SPX,7601.05,7631.15,7625.0,337,668,0.1886,0.003358
2026-09-16 10:34:01,SPX,7601.05,7631.15,7575.0,119,382,0.2051,0.003358
2026-09-16 10:34:01,SPX,7601.05,7631.15,7630.0,308,317,0.1872,0.003358
2026-09-16 10:34:01,SPX,7601.05,7631.15,7570.0,178,645,0.2069,0.003358
2026-09-16 10:34:01,SPX,7601.05,7631.15,7635.0,171,165,0.1856,0.003358
2026-09-16 10:34:01,SPX,7601.05,7631.15,7565.0,81,184,0.209,0.003358
2026-09-16 10:34:01,SPX,7601.05,7631.15,7640.0,187,315,0.1839,0.003358
2026-09-16 10:34:01,SPX,7601.05,7631.15,7560.0,74,443,0.2105,0.003358
2026-09-16 10:34:01,SPX,7601.05,7631.15,7645.0,441,200,0.1822,0.003358
2026-09-16 10:34:01,SPX,7601.05,7631.15,7555.0,104,255,0.2128,0.003358
2026-09-16 10:34:01,SPX,7601.05,7631.15,7650.0,528,3373,0.1806,0.003358
2026-09-16 10:34:01,SPX,7601.05,7631.15,7550.0,110,498,0.2147,0.003358
2026-09-16 10:34:01,SPX,7601.05,7631.15,7655.0,418,204,0.1792,0.003358
2026-09-16 10:34:01,SPX,7601.05,7631.15,7545.0,99,166,0.2157,0.003358
2026-09-16 10:34:01,SPX,7601.05,7631.15,7660.0,564,308,0.1781,0.003358
2026-09-16 10:34:01,SPX,7601.05,7631.15,7540.0,22,759,0.217,0.003358
2026-09-16 10:34:01,SPX,7601.05,7631.15,7665.0,308,137,0.1773,0.003358
2026-09-16 10:34:01,SPX,7601.05,7631.15,7535.0,47,242,0.2185,0.003358
2026-09-16 10:34:01,SPX,7601.05,7631.15,7670.0,1238,550,0.1765,0.003358
2026-09-16 10:34:01,SPX,7601.05,7631.15,7530.0,28,286,0.2212,0.003358
2026-09-16 10:34:01,SPX,7601.05,7631.15,7675.0,4504,3959,0.1758,0.003358
2026-09-16 10:34:01,SPX,7601.05,7631.15,7525.0,90,526,0.2224,0.003358
2026-09-16 10:34:01,SPX,7601.05,7631.15,7680.0,979,193,0.1751,0.003358
2026-09-16 10:34:01,SPX,7601.05,7631.15,7520.0,22,451,0.2236,0.003358
2026-09-16 10:34:01,SPX,7601.05,7631.15,7685.0,224,88,0.1745,0.003358
2026-09-16 10:34:01,SPX,7601.05,7631.15,7515.0,24,224,0.2253,0.003358
2026-09-16 10:34:01,SPX,7601.05,7631.15,7690.0,656,304,0.1738,0.003358
2026-09-16 10:34:01,SPX,7601.05,7631.15,7510.0,64,420,0.2274,0.003358
2026-09-16 10:34:01,SPX,7601.05,7631.15,7695.0,261,208,0.1731,0.003358
2026-09-16 10:34:01,SPX,7601.05,7631.15,7505.0,23,199,0.2289,0.003358
2026-09-16 10:34:01,SPX,7601.05,7631.15,7700.0,4669,304,0.1724,0.003358
2026-09-16 10:34:01,SPX,7601.05,7631.15,7500.0,76,2764,0.2308,0.003358
2026-09-16 10:34:01,SPX,7601.05,7631.15,7705.0,708,157,0.1719,0.003358
2026-09-16 10:34:01,SPX,7601.05,7631.15,7495.0,2,158,0.2329,0.003358
2026-09-16 10:34:01,SPX,7601.05,7631.15,7710.0,413,137,0.1715,0.003358
2026-09-16 10:34:01,SPX,7601.05,7631.15,7490.0,2,821,0.2347,0.003358
2026-09-16 10:34:01,SPX,7601.05,7631.15,7715.0,306,166,0.1713,0.003358
2026-09-16 10:34:01,SPX,7601.05,7631.15,7485.0,0,350,0.2361,0.003358
2026-09-16 10:34:01,SPX,7601.05,7631.15,7720.0,385,199,0.1712,0.003358
2026-09-16 10:34:01,SPX,7601.05,7631.15,7480.0,32,390,0.2373,0.003358
2026-09-16 10:34:01,SPX,7601.05,7631.15,7725.0,1017,163,0.1712,0.003358
2026-09-16 10:34:01,SPX,7601.05,7631.15,7475.0,5,600,0.2386,0.003358
2026-09-16 10:34:01,SPX,7601.05,7631.15,7730.0,659,126,0.1714,0.003358
2026-09-16 10:34:01,SPX,7601.05,7631.15,7470.0,35,922,0.2401,0.003358
2026-09-16 10:34:01,SPX,7601.05,7631.15,7735.0,460,38,0.1718,0.003358
2026-09-16 10:34:01,SPX,7601.05,7631.15,7465.0,8,146,0.2417,0.003358
2026-09-16 10:34:01,SPX,7601.05,7631.15,7740.0,646,124,0.1724,0.003358
2026-09-16 10:34:01,SPX,7601.05,7631.15,7460.0,1,846,0.2435,0.003358
2026-09-16 10:34:01,SPX,7601.05,7631.15,7745.0,338,28,0.1732,0.003358
2026-09-16 10:34:01,SPX,7601.05,7631.15,7455.0,0,135,0.2453,0.003358
2026-09-16 10:34:01,SPX,7601.05,7631.15,7750.0,940,168,0.1741,0.003358
2026-09-16 10:34:01,SPX,7601.05,7631.15,7450.0,36,3615,0.2472,0.003358
2026-09-16 10:34:01,SPX,7601.05,7631.15,7755.0,281,37,0.1752,0.003358
2026-09-16 10:34:01,SPX,7601.05,7631.15,7445.0,0,207,0.2491,0.003358
2026-09-16 10:34:01,SPX,7601.05,7631.15,7760.0,659,96,0.1764,0.003358
2026-09-16 10:34:01,SPX,7601.05,7631.15,7440.0,7,542,0.2511,0.003358
2026-09-16 10:34:01,SPX,7601.05,7631.15,7765.0,277,48,0.1777,0.003358
2026-09-16 10:34:01,SPX,7601.05,7631.15,7435.0,0,197,0.2531,0.003358
2026-09-16 10:34:01,SPX,7601.05,7631.15,7770.0,1165,63,0.1793,0.003358
2026-09-16 10:34:01,SPX,7601.05,7631.15,7430.0,2,276,0.2551,0.003358
2026-09-16 10:34:01,SPX,7601.05,7631.15,7775.0,967,57,0.181,0.003358
2026-09-16 10:34:01,SPX,7601.05,7631.15,7425.0,30,1695,0.2572,0.003358
2026-09-16 10:34:01,SPX,7601.05,7631.15,7780.0,445,39,0.1828,0.003358
2026-09-16 10:34:01,SPX,7601.05,7631.15,7420.0,26,1347,0.2592,0.003358
2026-09-16 10:34:01,SPX,7601.05,7631.15,7785.0,307,9,0.1848,0.003358
2026-09-16 10:34:01,SPX,7601.05,7631.15,7415.0,0,167,0.2613,0.003358
2026-09-16 10:34:01,SPX,7601.05,7631.15,7790.0,390,24,0.1869,0.003358
2026-09-16 10:34:01,SPX,7601.05,7631.15,7410.0,1,216,0.2635,0.003358
2026-09-16 10:34:01,SPX,7601.05,7631.15,7795.0,433,5,0.1892,0.003358
2026-09-16 10:34:01,SPX,7601.05,7631.15,7405.0,10,141,0.2656,0.003358
2026-09-16 10:34:01,SPX,7601.05,7631.15,7800.0,2764,91,0.1915,0.003358
2026-09-16 10:34:01,SPX,7601.05,7631.15,7400.0,18,1023,0.2677,0.003358
2026-09-16 10:34:01,SPX,7601.05,7631.15,7805.0,1724,3,0.1939,0.003358
2026-09-16 10:34:01,SPX,7601.05,7631.15,7395.0,0,114,0.2699,0.003358
2026-09-16 10:34:01,SPX,7601.05,7631.15,7810.0,508,4,0.1963,0.003358
2026-09-16 10:34:01,SPX,7601.05,7631.15,7390.0,0,1244,0.2722,0.003358
2026-09-16 10:34:01,SPX,7601.05,7631.15,7815.0,404,2,0.1988,0.003358
2026-09-16 10:34:01,SPX,7601.05,7631.15,7385.0,1,131,0.2745,0.003358
2026-09-16 10:34:01,SPX,7601.05,7631.15,7820.0,309,16,0.2013,0.003358
2026-09-16 10:34:01,SPX,7601.05,7631.15,7380.0,30,1143,0.2769,0.003358
2026-09-16 10:34:01,SPX,7601.05,7631.15,7825.0,790,61,0.2038,0.003358
2026-09-16 10:34:01,SPX,7601.05,7631.15,7375.0,5,270,0.2793,0.003358
2026-09-16 10:34:01,SPX,7601.05,7631.15,7830.0,512,3,0.2064,0.003358
2026-09-16 10:34:01,SPX,7601.05,7631.15,7370.0,30,197,0.2819,0.003358
2026-09-16 10:34:01,SPX,7601.05,7631.15,7835.0,489,0,0.2089,0.003358
2026-09-16 10:34:01,SPX,7601.05,7631.15,7365.0,0,126,0.2845,0.003358
2026-09-16 10:34:01,SPX,7601.05,7631.15,7840.0,382,23,0.2115,0.003358
2026-09-16 10:34:01,SPX,7601.05,7631.15,7360.0,3,296,0.2872,0.003358
2026-09-16 10:34:01,SPX,7601.05,7631.15,7845.0,408,0,0.2142,0.003358
2026-09-16 10:34:01,SPX,7601.05,7631.15,7355.0,0,333,0.29,0.003358
2026-09-16 10:34:01,SPX,7601.05,7631.15,7850.0,593,45,0.2168,0.003358
2026-09-16 10:34:01,SPX,7601.05,7631.15,7600.0,4452,6174,0.1865,0.006095
2026-09-16 10:34:01,SPX,7601.05,7631.15,7605.0,681,2783,0.1849,0.006095
2026-09-16 10:34:01,SPX,7601.05,7631.15,7595.0,256,748,0.1878,0.006095
2026-09-16 10:34:01,SPX,7601.05,7631.15,7610.0,613,1017,0.1835,0.006095
2026-09-16 10:34:01,SPX,7601.05,7631.15,7590.0,523,1071,0.1892,0.006095
2026-09-16 10:34:01,SPX,7601.05,7631.15,7615.0,824,2306,0.1818,0.006095
2026-09-16 10:34:01,SPX,7601.05,7631.15,7585.0,467,562,0.1909,0.006095
2026-09-16 10:34:01,SPX,7601.05,7631.15,7620.0,677,534,0.1802,0.006095
2026-09-16 10:34:01,SPX,7601.05,7631.15,7580.0,737,884,0.1924,0.006095
2026-09-16 10:34:01,SPX,7601.05,7631.15,7625.0,1644,4596,0.1789,0.006095
2026-09-16 10:34:01,SPX,7601.05,7631.15,7575.0,563,2354,0.1936,0.006095
2026-09-16 10:34:01,SPX,7601.05,7631.15,7630.0,449,3371,0.1773,0.006095
2026-09-16 10:34:01,SPX,7601.05,7631.15,7570.0,304,911,0.1953,0.006095
2026-09-16 10:34:01,SPX,7601.05,7631.15,7635.0,935,1265,0.176,0.006095
2026-09-16 10:34:01,SPX,7601.05,7631.15,7565.0,642,565,0.1966,0.006095
2026-09-16 10:34:01,SPX,7601.05,7631.15,7640.0,847,1282,0.1744,0.006095
2026-09-16 10:34:01,SPX,7601.05,7631.15,7560.0,209,975,0.1981,0.006095
2026-09-16 10:34:01,SPX,7601.05,7631.15,7645.0,516,396,0.1732,0.006095
2026-09-16 10:34:01,SPX,7601.05,7631.15,7555.0,71,646,0.1989,0.006095
2026-09-16 10:34:01,SPX,7601.05,7631.15,7650.0,5583,6131,0.1716,0.006095
2026-09-16 10:34:01,SPX,7601.05,7631.15,7550.0,2542,8001,0.2002,0.006095
2026-09-16 10:34:01,SPX,7601.05,7631.15,7655.0,541,3273,0.1704,0.006095
2026-09-16 10:34:01,SPX,7601.05,7631.15,7545.0,1938,2223,0.2025,0.006095
2026-09-16 10:34:01,SPX,7601.05,7631.15,7660.0,2366,2501,0.1692,0.006095
2026-09-16 10:34:01,SPX,7601.05,7631.15,7540.0,112,1224,0.204,0.006095
2026-09-16 10:34:01,SPX,7601.05,7631.15,7665.0,587,424,0.1682,0.006095
2026-09-16 10:34:01,SPX,7601.05,7631.15,7535.0,138,1053,0.2048,0.006095
2026-09-16 10:34:01,SPX,7601.05,7631.15,7670.0,956,765,0.1672,0.006095
2026-09-16 10:34:01,SPX,7601.05,7631.15,7530.0,107,902,0.2062,0.006095
2026-09-16 10:34:01,SPX,7601.05,7631.15,7675.0,4951,3262,0.1662,0.006095
2026-09-16 10:34:01,SPX,7601.05,7631.15,7525.0,224,1094,0.2079,0.006095
2026-09-16 10:34:01,SPX,7601.05,7631.15,7680.0,3640,675,0.1653,0.006095
2026-09-16 10:34:01,SPX,7601.05,7631.15,7520.0,81,1121,0.2098,0.006095
2026-09-16 10:34:01,SPX,7601.05,7631.15,7685.0,948,449,0.1643,0.006095
2026-09-16 10:34:01,SPX,7601.05,7631.15,7515.0,98,857,0.2117,0.006095
2026-09-16 10:34:01,SPX,7601.05,7631.15,7690.0,848,1633,0.1631,0.006095
2026-09-16 10:34:01,SPX,7601.05,7631.15,7510.0,151,791,0.2132,0.006095
2026-09-16 10:34:01,SPX,7601.05,7631.15,7695.0,1848,661,0.1619,0.006095
2026-09-16 10:34:01,SPX,7601.05,7631.15,7505.0,101,570,0.2143,0.006095
2026-09-16 10:34:01,SPX,7601.05,7631.15,7700.0,6428,2978,0.1608,0.006095
2026-09-16 10:34:01,SPX,7601.05,7631.15,7500.0,819,4301,0.2156,0.006095
2026-09-16 10:34:01,SPX,7601.05,7631.15,7705.0,3427,674,0.1599,0.006095
2026-09-16 10:34:01,SPX,7601.05,7631.15,7495.0,617,1363,0.2171,0.006095
2026-09-16 10:34:01,SPX,7601.05,7631.15,7710.0,685,395,0.1591,0.006095
2026-09-16 10:34:01,SPX,7601.05,7631.15,7490.0,69,888,0.2187,0.006095
2026-09-16 10:34:01,SPX,7601.05,7631.15,7715.0,1261,358,0.1585,0.006095
2026-09-16 10:34:01,SPX,7601.05,7631.15,7485.0,57,460,0.2203,0.006095
2026-09-16 10:34:01,SPX,7601.05,7631.15,7720.0,691,1183,0.158,0.006095
2026-09-16 10:34:01,SPX,7601.05,7631.15,7480.0,116,1004,0.2217,0.006095
2026-09-16 10:34:01,SPX,7601.05,7631.15,7725.0,3172,1236,0.1576,0.006095
2026-09-16 10:34:01,SPX,7601.05,7631.15,7475.0,331,1654,0.2232,0.006095
2026-09-16 10:34:01,SPX,7601.05,7631.15,7730.0,742,502,0.1573,0.006095
2026-09-16 10:34:01,SPX,7601.05,7631.15,7470.0,106,1040,0.2255,0.006095
2026-09-16 10:34:01,SPX,7601.05,7631.15,7735.0,1089,670,0.1571,0.006095
2026-09-16 10:34:01,SPX,7601.05,7631.15,7465.0,36,699,0.228,0.006095
2026-09-16 10:34:01,SPX,7601.05,7631.15,7740.0,1180,403,0.157,0.006095
2026-09-16 10:34:01,SPX,7601.05,7631.15,7460.0,48,936,0.2294,0.006095
2026-09-16 10:34:01,SPX,7601.05,7631.15,7745.0,756,201,0.157,0.006095
2026-09-16 10:34:01,SPX,7601.05,7631.15,7455.0,72,498,0.23,0.006095
2026-09-16 10:34:01,SPX,7601.05,7631.15,7750.0,3322,1482,0.157,0.006095
2026-09-16 10:34:01,SPX,7601.05,7631.15,7450.0,345,2994,0.2314,0.006095
2026-09-16 10:34:01,SPX,7601.05,7631.15,7755.0,1070,202,0.1571,0.006095
2026-09-16 10:34:01,SPX,7601.05,7631.15,7445.0,70,637,0.2341,0.006095
2026-09-16 10:34:01,SPX,7601.05,7631.15,7760.0,1383,88,0.1573,0.006095
2026-09-16 10:34:01,SPX,7601.05,7631.15,7440.0,99,1414,0.2358,0.006095
2026-09-16 10:34:01,SPX,7601.05,7631.15,7765.0,1371,221,0.1575,0.006095
2026-09-16 10:34:01,SPX,7601.05,7631.15,7435.0,20,1668,0.2384,0.006095
2026-09-16 10:34:01,SPX,7601.05,7631.15,7770.0,1023,281,0.1579,0.006095
2026-09-16 10:34:01,SPX,7601.05,7631.15,7430.0,84,684,0.24,0.006095
2026-09-16 10:34:01,SPX,7601.05,7631.15,7775.0,2270,480,0.1583,0.006095
2026-09-16 10:34:01,SPX,7601.05,7631.15,7425.0,437,2470,0.2412,0.006095
2026-09-16 10:34:01,SPX,7601.05,7631.15,7780.0,1885,250,0.1589,0.006095
2026-09-16 10:34:01,SPX,7601.05,7631.15,7420.0,96,701,0.2434,0.006095
2026-09-16 10:34:01,SPX,7601.05,7631.15,7785.0,1490,259,0.1596,0.006095
2026-09-16 10:34:01,SPX,7601.05,7631.15,7415.0,54,789,0.2453,0.006095
2026-09-16 10:34:01,SPX,7601.05,7631.15,7790.0,1372,180,0.1604,0.006095
2026-09-16 10:34:01,SPX,7601.05,7631.15,7410.0,280,1211,0.247,0.006095
2026-09-16 10:34:01,SPX,7601.05,7631.15,7795.0,657,146,0.1613,0.006095
2026-09-16 10:34:01,SPX,7601.05,7631.15,7405.0,156,555,0.2487,0.006095
2026-09-16 10:34:01,SPX,7601.05,7631.15,7800.0,5534,704,0.1624,0.006095
2026-09-16 10:34:01,SPX,7601.05,7631.15,7400.0,1053,5844,0.2504,0.006095
2026-09-16 10:34:01,SPX,7601.05,7631.15,7805.0,1041,62,0.1636,0.006095
2026-09-16 10:34:01,SPX,7601.05,7631.15,7395.0,31,2121,0.2519,0.006095
2026-09-16 10:34:01,SPX,7601.05,7631.15,7810.0,1002,79,0.1649,0.006095
2026-09-16 10:34:01,SPX,7601.05,7631.15,7390.0,35,889,0.2531,0.006095
2026-09-16 10:34:01,SPX,7601.05,7631.15,7815.0,1981,47,0.1664,0.006095
2026-09-16 10:34:01,SPX,7601.05,7631.15,7385.0,78,608,0.2547,0.006095
2026-09-16 10:34:01,SPX,7601.05,7631.15,7820.0,3113,76,0.168,0.006095
2026-09-16 10:34:01,SPX,7601.05,7631.15,7380.0,68,1297,0.2566,0.006095
2026-09-16 10:34:01,SPX,7601.05,7631.15,7825.0,2682,125,0.1696,0.006095
2026-09-16 10:34:01,SPX,7601.05,7631.15,7375.0,138,1788,0.2588,0.006095
2026-09-16 10:34:01,SPX,7601.05,7631.15,7830.0,1325,69,0.1714,0.006095
2026-09-16 10:34:01,SPX,7601.05,7631.15,7370.0,99,816,0.2614,0.006095
2026-09-16 10:34:01,SPX,7601.05,7631.15,7835.0,698,18,0.1733,0.006095
2026-09-16 10:34:01,SPX,7601.05,7631.15,7365.0,78,295,0.2637,0.006095
2026-09-16 10:34:01,SPX,7601.05,7631.15,7840.0,1847,57,0.1752,0.006095
2026-09-16 10:34:01,SPX,7601.05,7631.15,7845.0,511,35,0.1773,0.006095
2026-09-16 10:34:01,SPX,7601.05,7631.15,7355.0,51,363,0.2682,0.006095
2026-09-16 10:34:01,SPX,7601.05,7631.15,7850.0,3733,59,0.1794,0.006095
2026-09-16 11:04:15,SPX,7614.53,7632.87,7615.0,696,248,0.3301,0.000562
2026-09-16 11:04:15,SPX,7614.53,7632.87,7610.0,728,696,0.3336,0.000562
2026-09-16 11:04:15,SPX,7614.53,7632.87,7620.0,1590,465,0.3276,0.000562
2026-09-16 11:04:15,SPX,7614.53,7632.87,7605.0,536,385,0.3367,0.000562
2026-09-16 11:04:15,SPX,7614.53,7632.87,7625.0,1035,3421,0.3246,0.000562
2026-09-16 11:04:15,SPX,7614.53,7632.87,7600.0,1581,2828,0.3397,0.000562
2026-09-16 11:04:15,SPX,7614.53,7632.87,7630.0,699,395,0.3211,0.000562
2026-09-16 11:04:15,SPX,7614.53,7632.87,7595.0,665,1256,0.3426,0.000562
2026-09-16 11:04:15,SPX,7614.53,7632.87,7635.0,872,633,0.3184,0.000562
2026-09-16 11:04:15,SPX,7614.53,7632.87,7590.0,901,1203,0.345,0.000562
2026-09-16 11:04:15,SPX,7614.53,7632.87,7640.0,1498,305,0.3155,0.000562
2026-09-16 11:04:15,SPX,7614.53,7632.87,7585.0,1009,1287,0.348,0.000562
2026-09-16 11:04:15,SPX,7614.53,7632.87,7645.0,900,604,0.3127,0.000562
2026-09-16 11:04:15,SPX,7614.53,7632.87,7580.0,613,1441,0.3514,0.000562
2026-09-16 11:04:15,SPX,7614.53,7632.87,7650.0,5504,4413,0.3098,0.000562
2026-09-16 11:04:15,SPX,7614.53,7632.87,7575.0,354,1633,0.3542,0.000562
2026-09-16 11:04:15,SPX,7614.53,7632.87,7655.0,1381,781,0.3065,0.000562
2026-09-16 11:04:15,SPX,7614.53,7632.87,7570.0,258,1147,0.3566,0.000562
2026-09-16 11:04:15,SPX,7614.53,7632.87,7660.0,1545,335,0.3036,0.000562
2026-09-16 11:04:15,SPX,7614.53,7632.87,7565.0,106,585,0.3591,0.000562
2026-09-16 11:04:15,SPX,7614.53,7632.87,7665.0,1030,330,0.301,0.000562
2026-09-16 11:04:15,SPX,7614.53,7632.87,7560.0,205,864,0.3613,0.000562
2026-09-16 11:04:15,SPX,7614.53,7632.87,7670.0,1760,823,0.299,0.000562
2026-09-16 11:04:15,SPX,7614.53,7632.87,7555.0,115,425,0.3635,0.000562
2026-09-16 11:04:15,SPX,7614.53,7632.87,7675.0,5088,1003,0.2974,0.000562
2026-09-16 11:04:15,SPX,7614.53,7632.87,7550.0,203,1759,0.3661,0.000562
2026-09-16 11:04:15,SPX,7614.53,7632.87,7680.0,1642,862,0.2959,0.000562
2026-09-16 11:04:15,SPX,7614.53,7632.87,7545.0,68,696,0.3687,0.000562
2026-09-16 11:04:15,SPX,7614.53,7632.87,7685.0,2259,346,0.2945,0.000562
2026-09-16 11:04:15,SPX,7614.53,7632.87,7540.0,110,1186,0.3708,0.000562
2026-09-16 11:04:15,SPX,7614.53,7632.87,7690.0,1304,255,0.2931,0.000562
2026-09-16 11:04:15,SPX,7614.53,7632.87,7535.0,91,984,0.3746,0.000562
2026-09-16 11:04:15,SPX,7614.53,7632.87,7695.0,1192,117,0.2924,0.000562
2026-09-16 11:04:15,SPX,7614.53,7632.87,7530.0,136,1307,0.3779,0.000562
2026-09-16 11:04:15,SPX,7614.53,7632.87,7700.0,3233,798,0.2918,0.000562
2026-09-16 11:04:15,SPX,7614.53,7632.87,7525.0,1254,3613,0.3798,0.000562
2026-09-16 11:04:15,SPX,7614.53,7632.87,7705.0,1040,2079,0.2917,0.000562
2026-09-16 11:04:15,SPX,7614.53,7632.87,7520.0,1244,1619,0.382,0.000562
2026-09-16 11:04:15,SPX,7614.53,7632.87,7710.0,1456,97,0.2921,0.000562
2026-09-16 11:04:15,SPX,7614.53,7632.87,7515.0,119,819,0.3846,0.000562
2026-09-16 11:04:15,SPX,7614.53,7632.87,7715.0,843,1322,0.2931,0.000562
2026-09-16 11:04:15,SPX,7614.53,7632.87,7510.0,132,1033,0.3868,0.000562
2026-09-16 11:04:15,SPX,7614.53,7632.87,7720.0,2356,225,0.2945,0.000562
2026-09-16 11:04:15,SPX,7614.53,7632.87,7505.0,94,629,0.389,0.000562
2026-09-16 11:04:15,SPX,7614.53,7632.87,7725.0,1699,115,0.2963,0.000562
2026-09-16 11:04:15,SPX,7614.53,7632.87,7500.0,259,4369,0.3924,0.000562
2026-09-16 11:04:15,SPX,7614.53,7632.87,7730.0,3073,2050,0.2986,0.000562
2026-09-16 11:04:15,SPX,7614.53,7632.87,7495.0,67,773,0.3963,0.000562
2026-09-16 11:04:15,SPX,7614.53,7632.87,7735.0,1086,50,0.3016,0.000562
2026-09-16 11:04:15,SPX,7614.53,7632.87,7490.0,41,1228,0.4002,0.000562
2026-09-16 11:04:15,SPX,7614.53,7632.87,7740.0,1998,1349,0.3052,0.000562
2026-09-16 11:04:15,SPX,7614.53,7632.87,7485.0,19,656,0.4043,0.000562
2026-09-16 11:04:15,SPX,7614.53,7632.87,7745.0,813,131,0.3093,0.000562
2026-09-16 11:04:15,SPX,7614.53,7632.87,7480.0,28,1242,0.4086,0.000562
2026-09-16 11:04:15,SPX,7614.53,7632.87,7750.0,1793,322,0.314,0.000562
2026-09-16 11:04:15,SPX,7614.53,7632.87,7475.0,33,1674,0.4131,0.000562
2026-09-16 11:04:15,SPX,7614.53,7632.87,7755.0,2859,49,0.3194,0.000562
2026-09-16 11:04:15,SPX,7614.53,7632.87,7470.0,33,1552,0.4177,0.000562
2026-09-16 11:04:15,SPX,7614.53,7632.87,7760.0,780,60,0.3253,0.000562
2026-09-16 11:04:15,SPX,7614.53,7632.87,7465.0,4,1127,0.4224,0.000562
2026-09-16 11:04:15,SPX,7614.53,7632.87,7765.0,2335,34,0.3316,0.000562
2026-09-16 11:04:15,SPX,7614.53,7632.87,7460.0,41,1524,0.4272,0.000562
2026-09-16 11:04:15,SPX,7614.53,7632.87,7770.0,1592,40,0.3381,0.000562
2026-09-16 11:04:15,SPX,7614.53,7632.87,7455.0,27,768,0.4322,0.000562
2026-09-16 11:04:15,SPX,7614.53,7632.87,7775.0,2381,67,0.3448,0.000562
2026-09-16 11:04:15,SPX,7614.53,7632.87,7450.0,107,2811,0.4373,0.000562
2026-09-16 11:04:15,SPX,7614.53,7632.87,7780.0,4304,28,0.3515,0.000562
2026-09-16 11:04:15,SPX,7614.53,7632.87,7445.0,2,1150,0.4426,0.000562
2026-09-16 11:04:15,SPX,7614.53,7632.87,7785.0,492,113,0.3582,0.000562
2026-09-16 11:04:15,SPX,7614.53,7632.87,7440.0,6,2097,0.4482,0.000562
2026-09-16 11:04:15,SPX,7614.53,7632.87,7790.0,3122,27,0.3649,0.000562
2026-09-16 11:04:15,SPX,7614.53,7632.87,7435.0,4,929,0.454,0.000562
2026-09-16 11:04:15,SPX,7614.53,7632.87,7795.0,563,12,0.3715,0.000562
2026-09-16 11:04:15,SPX,7614.53,7632.87,7430.0,8,973,0.4601,0.000562
2026-09-16 11:04:15,SPX,7614.53,7632.87,7800.0,2895,52,0.3779,0.000562
2026-09-16 11:04:15,SPX,7614.53,7632.87,7425.0,9,1181,0.4666,0.000562
2026-09-16 11:04:15,SPX,7614.53,7632.87,7805.0,1769,8,0.3838,0.000562
2026-09-16 11:04:15,SPX,7614.53,7632.87,7420.0,38,1350,0.4733,0.000562
2026-09-16 11:04:15,SPX,7614.53,7632.87,7810.0,688,32,0.3892,0.000562
2026-09-16 11:04:15,SPX,7614.53,7632.87,7415.0,2,1866,0.4802,0.000562
2026-09-16 11:04:15,SPX,7614.53,7632.87,7815.0,598,4,0.3938,0.000562
2026-09-16 11:04:15,SPX,7614.53,7632.87,7410.0,6,958,0.4872,0.000562
2026-09-16 11:04:15,SPX,7614.53,7632.87,7820.0,1539,62,0.3976,0.000562
2026-09-16 11:04:15,SPX,7614.53,7632.87,7405.0,5,3661,0.4943,0.000562
2026-09-16 11:04:15,SPX,7614.53,7632.87,7825.0,1183,53,0.4003,0.000562
2026-09-16 11:04:15,SPX,7614.53,7632.87,7400.0,93,4633,0.5015,0.000562
2026-09-16 11:04:15,SPX,7614.53,7632.87,7830.0,744,129,0.4022,0.000562
2026-09-16 11:04:15,SPX,7614.53,7632.87,7395.0,0,1647,0.5086,0.000562
2026-09-16 11:04:15,SPX,7614.53,7632.87,7835.0,585,30,0.4031,0.000562
2026-09-16 11:04:15,SPX,7614.53,7632.87,7390.0,30,2806,0.5158,0.000562
2026-09-16 11:04:15,SPX,7614.53,7632.87,7840.0,706,1,0.4034,0.000562
2026-09-16 11:04:15,SPX,7614.53,7632.87,7385.0,1,1088,0.523,0.000562
2026-09-16 11:04:15,SPX,7614.53,7632.87,7845.0,243,7,0.403,0.000562
2026-09-16 11:04:15,SPX,7614.53,7632.87,7380.0,4,4519,0.5302,0.000562
2026-09-16 11:04:15,SPX,7614.53,7632.87,7850.0,1588,129,0.4021,0.000562
2026-09-16 11:04:15,SPX,7614.53,7632.87,7375.0,0,1131,0.5375,0.000562
2026-09-16 11:04:15,SPX,7614.53,7632.87,7855.0,274,0,0.4008,0.000562
2026-09-16 11:04:15,SPX,7614.53,7632.87,7370.0,24,559,0.5447,0.000562
2026-09-16 11:04:15,SPX,7614.53,7632.87,7860.0,630,3,0.3992,0.000562
2026-09-16 11:04:15,SPX,7614.53,7632.87,7365.0,10,537,0.5517,0.000562
2026-09-16 11:04:15,SPX,7614.53,7632.87,7615.0,213,167,0.1964,0.0033
2026-09-16 11:04:15,SPX,7614.53,7632.87,7610.0,518,379,0.1982,0.0033
2026-09-16 11:04:15,SPX,7614.53,7632.87,7620.0,224,227,0.1945,0.0033
2026-09-16 11:04:15,SPX,7614.53,7632.87,7605.0,235,186,0.2001,0.0033
2026-09-16 11:04:15,SPX,7614.53,7632.87,7625.0,337,668,0.1927,0.0033
2026-09-16 11:04:15,SPX,7614.53,7632.87,7600.0,396,861,0.2016,0.0033
2026-09-16 11:04:15,SPX,7614.53,7632.87,7630.0,308,317,0.1909,0.0033
2026-09-16 11:04:15,SPX,7614.53,7632.87,7595.0,191,566,0.2039,0.0033
2026-09-16 11:04:15,SPX,7614.53,7632.87,7635.0,171,165,0.1894,0.0033
2026-09-16 11:04:15,SPX,7614.53,7632.87,7590.0,120,337,0.2055,0.0033
2026-09-16 11:04:15,SPX,7614.53,7632.87,7640.0,187,315,0.1877,0.0033
2026-09-16 11:04:15,SPX,7614.53,7632.87,7585.0,213,349,0.2071,0.0033
2026-09-16 11:04:15,SPX,7614.53,7632.87,7645.0,441,200,0.1859,0.0033
2026-09-16 11:04:15,SPX,7614.53,7632.87,7580.0,334,832,0.2097,0.0033
2026-09-16 11:04:15,SPX,7614.53,7632.87,7650.0,528,3373,0.1841,0.0033
2026-09-16 11:04:15,SPX,7614.53,7632.87,7575.0,119,382,0.2112,0.0033
2026-09-16 11:04:15,SPX,7614.53,7632.87,7655.0,418,204,0.1822,0.0033
2026-09-16 11:04:15,SPX,7614.53,7632.87,7570.0,178,645,0.2135,0.0033
2026-09-16 11:04:15,SPX,7614.53,7632.87,7660.0,564,308,0.1803,0.0033
2026-09-16 11:04:15,SPX,7614.53,7632.87,7565.0,81,184,0.2144,0.0033
2026-09-16 11:04:15,SPX,7614.53,7632.87,7665.0,308,137,0.1787,0.0033
2026-09-16 11:04:15,SPX,7614.53,7632.87,7560.0,74,443,0.2168,0.0033
2026-09-16 11:04:15,SPX,7614.53,7632.87,7670.0,1238,550,0.1772,0.0033
2026-09-16 11:04:15,SPX,7614.53,7632.87,7555.0,104,255,0.2187,0.0033
2026-09-16 11:04:15,SPX,7614.53,7632.87,7675.0,4504,3959,0.176,0.0033
2026-09-16 11:04:15,SPX,7614.53,7632.87,7550.0,110,498,0.2204,0.0033
2026-09-16 11:04:15,SPX,7614.53,7632.87,7680.0,979,193,0.1756,0.0033
2026-09-16 11:04:15,SPX,7614.53,7632.87,7545.0,99,166,0.2216,0.0033
2026-09-16 11:04:15,SPX,7614.53,7632.87,7685.0,224,88,0.1748,0.0033
2026-09-16 11:04:15,SPX,7614.53,7632.87,7540.0,22,759,0.2228,0.0033
2026-09-16 11:04:15,SPX,7614.53,7632.87,7690.0,656,304,0.174,0.0033
2026-09-16 11:04:15,SPX,7614.53,7632.87,7535.0,47,242,0.2248,0.0033
2026-09-16 11:04:15,SPX,7614.53,7632.87,7695.0,261,208,0.1733,0.0033
2026-09-16 11:04:15,SPX,7614.53,7632.87,7530.0,28,286,0.2264,0.0033
2026-09-16 11:04:15,SPX,7614.53,7632.87,7700.0,4669,304,0.1725,0.0033
2026-09-16 11:04:15,SPX,7614.53,7632.87,7525.0,90,526,0.2282,0.0033
2026-09-16 11:04:15,SPX,7614.53,7632.87,7705.0,708,157,0.1718,0.0033
2026-09-16 11:04:15,SPX,7614.53,7632.87,7520.0,22,451,0.2303,0.0033
2026-09-16 11:04:15,SPX,7614.53,7632.87,7710.0,413,137,0.1711,0.0033
2026-09-16 11:04:15,SPX,7614.53,7632.87,7515.0,24,224,0.2323,0.0033
2026-09-16 11:04:15,SPX,7614.53,7632.87,7715.0,306,166,0.1705,0.0033
2026-09-16 11:04:15,SPX,7614.53,7632.87,7510.0,64,420,0.2342,0.0033
2026-09-16 11:04:15,SPX,7614.53,7632.87,7720.0,385,199,0.1701,0.0033
2026-09-16 11:04:15,SPX,7614.53,7632.87,7505.0,23,199,0.236,0.0033
2026-09-16 11:04:15,SPX,7614.53,7632.87,7725.0,1017,163,0.1698,0.0033
2026-09-16 11:04:15,SPX,7614.53,7632.87,7500.0,76,2764,0.2375,0.0033
2026-09-16 11:04:15,SPX,7614.53,7632.87,7730.0,659,126,0.1697,0.0033
2026-09-16 11:04:15,SPX,7614.53,7632.87,7495.0,2,158,0.2388,0.0033
2026-09-16 11:04:15,SPX,7614.53,7632.87,7735.0,460,38,0.1697,0.0033
2026-09-16 11:04:15,SPX,7614.53,7632.87,7490.0,2,821,0.24,0.0033
2026-09-16 11:04:15,SPX,7614.53,7632.87,7740.0,646,124,0.17,0.0033
2026-09-16 11:04:15,SPX,7614.53,7632.87,7485.0,0,350,0.2412,0.0033
2026-09-16 11:04:15,SPX,7614.53,7632.87,7745.0,338,28,0.1705,0.0033
2026-09-16 11:04:15,SPX,7614.53,7632.87,7480.0,32,390,0.2425,0.0033
2026-09-16 11:04:15,SPX,7614.53,7632.87,7750.0,940,168,0.1712,0.0033
2026-09-16 11:04:15,SPX,7614.53,7632.87,7475.0,5,600,0.2441,0.0033
2026-09-16 11:04:15,SPX,7614.53,7632.87,7755.0,281,37,0.1721,0.0033
2026-09-16 11:04:15,SPX,7614.53,7632.87,7470.0,35,922,0.2458,0.0033
2026-09-16 11:04:15,SPX,7614.53,7632.87,7760.0,659,96,0.1731,0.0033
2026-09-16 11:04:15,SPX,7614.53,7632.87,7465.0,8,146,0.2477,0.0033
2026-09-16 11:04:15,SPX,7614.53,7632.87,7765.0,277,48,0.1743,0.0033
2026-09-16 11:04:15,SPX,7614.53,7632.87,7460.0,1,846,0.2497,0.0033
2026-09-16 11:04:15,SPX,7614.53,7632.87,7770.0,1165,63,0.1756,0.0033
2026-09-16 11:04:15,SPX,7614.53,7632.87,7455.0,0,135,0.2518,0.0033
2026-09-16 11:04:15,SPX,7614.53,7632.87,7775.0,967,57,0.177,0.0033
2026-09-16 11:04:15,SPX,7614.53,7632.87,7450.0,36,3615,0.254,0.0033
2026-09-16 11:04:15,SPX,7614.53,7632.87,7780.0,445,39,0.1785,0.0033
2026-09-16 11:04:15,SPX,7614.53,7632.87,7445.0,0,207,0.2562,0.0033
2026-09-16 11:04:15,SPX,7614.53,7632.87,7785.0,307,9,0.1802,0.0033
2026-09-16 11:04:15,SPX,7614.53,7632.87,7440.0,7,542,0.2584,0.0033
2026-09-16 11:04:15,SPX,7614.53,7632.87,7790.0,390,24,0.1819,0.0033
2026-09-16 11:04:15,SPX,7614.53,7632.87,7435.0,0,197,0.2606,0.0033
2026-09-16 11:04:15,SPX,7614.53,7632.87,7795.0,433,5,0.1838,0.0033
2026-09-16 11:04:15,SPX,7614.53,7632.87,7430.0,2,276,0.2628,0.0033
2026-09-16 11:04:15,SPX,7614.53,7632.87,7800.0,2764,91,0.1858,0.0033
2026-09-16 11:04:15,SPX,7614.53,7632.87,7425.0,30,1695,0.265,0.0033
2026-09-16 11:04:15,SPX,7614.53,7632.87,7805.0,1724,3,0.1879,0.0033
2026-09-16 11:04:15,SPX,7614.53,7632.87,7420.0,26,1347,0.2671,0.0033
2026-09-16 11:04:15,SPX,7614.53,7632.87,7810.0,508,4,0.1901,0.0033
2026-09-16 11:04:15,SPX,7614.53,7632.87,7415.0,0,167,0.2693,0.0033
2026-09-16 11:04:15,SPX,7614.53,7632.87,7815.0,404,2,0.1924,0.0033
2026-09-16 11:04:15,SPX,7614.53,7632.87,7410.0,1,216,0.2714,0.0033
2026-09-16 11:04:15,SPX,7614.53,7632.87,7820.0,309,16,0.1948,0.0033
2026-09-16 11:04:15,SPX,7614.53,7632.87,7405.0,10,141,0.2736,0.0033
2026-09-16 11:04:15,SPX,7614.53,7632.87,7825.0,790,61,0.1972,0.0033
2026-09-16 11:04:15,SPX,7614.53,7632.87,7400.0,18,1023,0.2759,0.0033
2026-09-16 11:04:15,SPX,7614.53,7632.87,7830.0,512,3,0.1997,0.0033
2026-09-16 11:04:15,SPX,7614.53,7632.87,7395.0,0,114,0.2782,0.0033
2026-09-16 11:04:15,SPX,7614.53,7632.87,7835.0,489,0,0.2022,0.0033
2026-09-16 11:04:15,SPX,7614.53,7632.87,7390.0,0,1244,0.2806,0.0033
2026-09-16 11:04:15,SPX,7614.53,7632.87,7840.0,382,23,0.2046,0.0033
2026-09-16 11:04:15,SPX,7614.53,7632.87,7385.0,1,131,0.283,0.0033
2026-09-16 11:04:15,SPX,7614.53,7632.87,7845.0,408,0,0.2071,0.0033
2026-09-16 11:04:15,SPX,7614.53,7632.87,7380.0,30,1143,0.2855,0.0033
2026-09-16 11:04:15,SPX,7614.53,7632.87,7850.0,593,45,0.2095,0.0033
2026-09-16 11:04:15,SPX,7614.53,7632.87,7375.0,5,270,0.2881,0.0033
2026-09-16 11:04:15,SPX,7614.53,7632.87,7855.0,232,1,0.2119,0.0033
2026-09-16 11:04:15,SPX,7614.53,7632.87,7370.0,30,197,0.2908,0.0033
2026-09-16 11:04:15,SPX,7614.53,7632.87,7860.0,295,0,0.2143,0.0033
2026-09-16 11:04:15,SPX,7614.53,7632.87,7365.0,0,126,0.2936,0.0033
2026-09-16 11:04:15,SPX,7614.53,7632.87,7615.0,824,2306,0.1848,0.006038
2026-09-16 11:04:15,SPX,7614.53,7632.87,7610.0,613,1017,0.1865,0.006038
2026-09-16 11:04:15,SPX,7614.53,7632.87,7620.0,677,534,0.1832,0.006038
2026-09-16 11:04:15,SPX,7614.53,7632.87,7605.0,681,2783,0.1881,0.006038
2026-09-16 11:04:15,SPX,7614.53,7632.87,7625.0,1644,4596,0.1817,0.006038
2026-09-16 11:04:15,SPX,7614.53,7632.87,7600.0,4452,6174,0.1896,0.006038
2026-09-16 11:04:15,SPX,7614.53,7632.87,7630.0,449,3371,0.1801,0.006038
2026-09-16 11:04:15,SPX,7614.53,7632.87,7595.0,256,748,0.1911,0.006038
2026-09-16 11:04:15,SPX,7614.53,7632.87,7635.0,935,1265,0.1783,0.006038
2026-09-16 11:04:15,SPX,7614.53,7632.87,7590.0,523,1071,0.1926,0.006038
2026-09-16 11:04:15,SPX,7614.53,7632.87,7640.0,847,1282,0.1774,0.006038
2026-09-16 11:04:15,SPX,7614.53,7632.87,7585.0,467,562,0.1936,0.006038
2026-09-16 11:04:15,SPX,7614.53,7632.87,7645.0,516,396,0.1756,0.006038
2026-09-16 11:04:15,SPX,7614.53,7632.87,7580.0,737,884,0.1948,0.006038
2026-09-16 11:04:15,SPX,7614.53,7632.87,7650.0,5583,6131,0.1742,0.006038
2026-09-16 11:04:15,SPX,7614.53,7632.87,7575.0,563,2354,0.197,0.006038
2026-09-16 11:04:15,SPX,7614.53,7632.87,7655.0,541,3273,0.1725,0.006038
2026-09-16 11:04:15,SPX,7614.53,7632.87,7570.0,304,911,0.1987,0.006038
2026-09-16 11:04:15,SPX,7614.53,7632.87,7660.0,2366,2501,0.1712,0.006038
2026-09-16 11:04:15,SPX,7614.53,7632.87,7565.0,642,565,0.1997,0.006038
2026-09-16 11:04:15,SPX,7614.53,7632.87,7665.0,587,424,0.17,0.006038
2026-09-16 11:04:15,SPX,7614.53,7632.87,7560.0,209,975,0.201,0.006038
2026-09-16 11:04:15,SPX,7614.53,7632.87,7670.0,956,765,0.169,0.006038
2026-09-16 11:04:15,SPX,7614.53,7632.87,7555.0,71,646,0.2023,0.006038
2026-09-16 11:04:15,SPX,7614.53,7632.87,7675.0,4951,3262,0.168,0.006038
2026-09-16 11:04:15,SPX,7614.53,7632.87,7550.0,2542,8001,0.2041,0.006038
2026-09-16 11:04:15,SPX,7614.53,7632.87,7680.0,3640,675,0.167,0.006038
2026-09-16 11:04:15,SPX,7614.53,7632.87,7545.0,1938,2223,0.2062,0.006038
2026-09-16 11:04:15,SPX,7614.53,7632.87,7685.0,948,449,0.1657,0.006038
2026-09-16 11:04:15,SPX,7614.53,7632.87,7540.0,112,1224,0.208,0.006038
2026-09-16 11:04:15,SPX,7614.53,7632.87,7690.0,848,1633,0.1643,0.006038
2026-09-16 11:04:15,SPX,7614.53,7632.87,7535.0,138,1053,0.2092,0.006038
2026-09-16 11:04:15,SPX,7614.53,7632.87,7695.0,1848,661,0.1628,0.006038
2026-09-16 11:04:15,SPX,7614.53,7632.87,7530.0,107,902,0.2103,0.006038
2026-09-16 11:04:15,SPX,7614.53,7632.87,7700.0,6428,2978,0.1614,0.006038
2026-09-16 11:04:15,SPX,7614.53,7632.87,7525.0,224,1094,0.2119,0.006038
2026-09-16 11:04:15,SPX,7614.53,7632.87,7705.0,3427,674,0.1603,0.006038
2026-09-16 11:04:15,SPX,7614.53,7632.87,7520.0,81,1121,0.2135,0.006038
2026-09-16 11:04:15,SPX,7614.53,7632.87,7710.0,685,395,0.1593,0.006038
2026-09-16 11:04:15,SPX,7614.53,7632.87,7515.0,98,857,0.215,0.006038
2026-09-16 11:04:15,SPX,7614.53,7632.87,7715.0,1261,358,0.1586,0.006038
2026-09-16 11:04:15,SPX,7614.53,7632.87,7510.0,151,791,0.2166,0.006038
2026-09-16 11:04:15,SPX,7614.53,7632.87,7720.0,691,1183,0.1581,0.006038
2026-09-16 11:04:15,SPX,7614.53,7632.87,7505.0,101,570,0.2181,0.006038
2026-09-16 11:04:15,SPX,7614.53,7632.87,7725.0,3172,1236,0.1577,0.006038
2026-09-16 11:04:15,SPX,7614.53,7632.87,7500.0,819,4301,0.2201,0.006038
2026-09-16 11:04:15,SPX,7614.53,7632.87,7730.0,742,502,0.1574,0.006038
2026-09-16 11:04:15,SPX,7614.53,7632.87,7495.0,617,1363,0.2222,0.006038
2026-09-16 11:04:15,SPX,7614.53,7632.87,7735.0,1089,670,0.1571,0.006038
2026-09-16 11:04:15,SPX,7614.53,7632.87,7490.0,69,888,0.2233,0.006038
2026-09-16 11:04:15,SPX,7614.53,7632.87,7740.0,1180,403,0.1569,0.006038
2026-09-16 11:04:15,SPX,7614.53,7632.87,7485.0,57,460,0.2241,0.006038
2026-09-16 11:04:15,SPX,7614.53,7632.87,7745.0,756,201,0.1567,0.006038
2026-09-16 11:04:15,SPX,7614.53,7632.87,7480.0,116,1004,0.2263,0.006038
2026-09-16 11:04:15,SPX,7614.53,7632.87,7750.0,3322,1482,0.1566,0.006038
2026-09-16 11:04:15,SPX,7614.53,7632.87,7475.0,331,1654,0.2286,0.006038
2026-09-16 11:04:15,SPX,7614.53,7632.87,7755.0,1070,202,0.1565,0.006038
2026-09-16 11:04:15,SPX,7614.53,7632.87,7470.0,106,1040,0.2308,0.006038
2026-09-16 11:04:15,SPX,7614.53,7632.87,7760.0,1383,88,0.1565,0.006038
2026-09-16 11:04:15,SPX,7614.53,7632.87,7465.0,36,699,0.2324,0.006038
2026-09-16 11:04:15,SPX,7614.53,7632.87,7765.0,1371,221,0.1565,0.006038
2026-09-16 11:04:15,SPX,7614.53,7632.87,7460.0,48,936,0.2345,0.006038
2026-09-16 11:04:15,SPX,7614.53,7632.87,7770.0,1023,281,0.1566,0.006038
2026-09-16 11:04:15,SPX,7614.53,7632.87,7455.0,72,498,0.2353,0.006038
2026-09-16 11:04:15,SPX,7614.53,7632.87,7775.0,2270,480,0.1569,0.006038
2026-09-16 11:04:15,SPX,7614.53,7632.87,7450.0,345,2994,0.238,0.006038
2026-09-16 11:04:15,SPX,7614.53,7632.87,7780.0,1885,250,0.1572,0.006038
2026-09-16 11:04:15,SPX,7614.53,7632.87,7445.0,70,637,0.2396,0.006038
2026-09-16 11:04:15,SPX,7614.53,7632.87,7785.0,1490,259,0.1577,0.006038
2026-09-16 11:04:15,SPX,7614.53,7632.87,7440.0,99,1414,0.2407,0.006038
2026-09-16 11:04:15,SPX,7614.53,7632.87,7790.0,1372,180,0.1583,0.006038
2026-09-16 11:04:15,SPX,7614.53,7632.87,7435.0,20,1668,0.243,0.006038
2026-09-16 11:04:15,SPX,7614.53,7632.87,7795.0,657,146,0.1591,0.006038
2026-09-16 11:04:15,SPX,7614.53,7632.87,7430.0,84,684,0.2449,0.006038
2026-09-16 11:04:15,SPX,7614.53,7632.87,7800.0,5534,704,0.16,0.006038
2026-09-16 11:04:15,SPX,7614.53,7632.87,7425.0,437,2470,0.2467,0.006038
2026-09-16 11:04:15,SPX,7614.53,7632.87,7805.0,1041,62,0.161,0.006038
2026-09-16 11:04:15,SPX,7614.53,7632.87,7420.0,96,701,0.2484,0.006038
2026-09-16 11:04:15,SPX,7614.53,7632.87,7810.0,1002,79,0.1621,0.006038
2026-09-16 11:04:15,SPX,7614.53,7632.87,7415.0,54,789,0.2502,0.006038
2026-09-16 11:04:15,SPX,7614.53,7632.87,7815.0,1981,47,0.1635,0.006038
2026-09-16 11:04:15,SPX,7614.53,7632.87,7410.0,280,1211,0.2522,0.006038
2026-09-16 11:04:15,SPX,7614.53,7632.87,7820.0,3113,76,0.1649,0.006038
2026-09-16 11:04:15,SPX,7614.53,7632.87,7405.0,156,555,0.2536,0.006038
2026-09-16 11:04:15,SPX,7614.53,7632.87,7825.0,2682,125,0.1665,0.006038
2026-09-16 11:04:15,SPX,7614.53,7632.87,7400.0,1053,5844,0.2546,0.006038
2026-09-16 11:04:15,SPX,7614.53,7632.87,7830.0,1325,69,0.1681,0.006038
2026-09-16 11:04:15,SPX,7614.53,7632.87,7395.0,31,2121,0.2564,0.006038
2026-09-16 11:04:15,SPX,7614.53,7632.87,7835.0,698,18,0.1699,0.006038
2026-09-16 11:04:15,SPX,7614.53,7632.87,7390.0,35,889,0.2587,0.006038
2026-09-16 11:04:15,SPX,7614.53,7632.87,7840.0,1847,57,0.1718,0.006038
2026-09-16 11:04:15,SPX,7614.53,7632.87,7385.0,78,608,0.2613,0.006038
2026-09-16 11:04:15,SPX,7614.53,7632.87,7845.0,511,35,0.1738,0.006038
2026-09-16 11:04:15,SPX,7614.53,7632.87,7380.0,68,1297,0.2635,0.006038
2026-09-16 11:04:15,SPX,7614.53,7632.87,7850.0,3733,59,0.1758,0.006038
2026-09-16 11:04:15,SPX,7614.53,7632.87,7375.0,138,1788,0.2658,0.006038
2026-09-16 11:04:15,SPX,7614.53,7632.87,7855.0,801,26,0.1779,0.006038
2026-09-16 11:04:15,SPX,7614.53,7632.87,7370.0,99,816,0.2681,0.006038
2026-09-16 11:04:15,SPX,7614.53,7632.87,7860.0,818,19,0.1801,0.006038
2026-09-16 11:04:15,SPX,7614.53,7632.87,7365.0,78,295,0.2704,0.006038
2026-09-16 11:34:26,SPX,7612.32,7632.68,7610.0,728,696,0.3382,0.000505
2026-09-16 11:34:26,SPX,7612.32,7632.68,7615.0,696,248,0.3357,0.000505
2026-09-16 11:34:26,SPX,7612.32,7632.68,7605.0,536,385,0.3423,0.000505
2026-09-16 11:34:26,SPX,7612.32,7632.68,7620.0,1590,465,0.3326,0.000505
2026-09-16 11:34:26,SPX,7612.32,7632.68,7600.0,1581,2828,0.3459,0.000505
2026-09-16 11:34:26,SPX,7612.32,7632.68,7625.0,1035,3421,0.3298,0.000505
2026-09-16 11:34:26,SPX,7612.32,7632.68,7595.0,665,1256,0.3483,0.000505
2026-09-16 11:34:26,SPX,7612.32,7632.68,7630.0,699,395,0.3271,0.000505
2026-09-16 11:34:26,SPX,7612.32,7632.68,7590.0,901,1203,0.3513,0.000505
2026-09-16 11:34:26,SPX,7612.32,7632.68,7635.0,872,633,0.3244,0.000505
2026-09-16 11:34:26,SPX,7612.32,7632.68,7585.0,1009,1287,0.355,0.000505
2026-09-16 11:34:26,SPX,7612.32,7632.68,7640.0,1498,305,0.3221,0.000505
2026-09-16 11:34:26,SPX,7612.32,7632.68,7580.0,613,1441,0.3583,0.000505
2026-09-16 11:34:26,SPX,7612.32,7632.68,7645.0,900,604,0.3197,0.000505
2026-09-16 11:34:26,SPX,7612.32,7632.68,7575.0,354,1633,0.361,0.000505
2026-09-16 11:34:26,SPX,7612.32,7632.68,7650.0,5504,4413,0.3173,0.000505
2026-09-16 11:34:26,SPX,7612.32,7632.68,7570.0,258,1147,0.3645,0.000505
2026-09-16 11:34:26,SPX,7612.32,7632.68,7655.0,1381,781,0.3152,0.000505
2026-09-16 11:34:26,SPX,7612.32,7632.68,7565.0,106,585,0.368,0.000505
2026-09-16 11:34:26,SPX,7612.32,7632.68,7660.0,1545,335,0.3135,0.000505
2026-09-16 11:34:26,SPX,7612.32,7632.68,7560.0,205,864,0.3703,0.000505
2026-09-16 11:34:26,SPX,7612.32,7632.68,7665.0,1030,330,0.3121,0.000505
2026-09-16 11:34:26,SPX,7612.32,7632.68,7555.0,115,425,0.3737,0.000505
2026-09-16 11:34:26,SPX,7612.32,7632.68,7670.0,1760,823,0.3108,0.000505
2026-09-16 11:34:26,SPX,7612.32,7632.68,7550.0,203,1759,0.3781,0.000505
2026-09-16 11:34:26,SPX,7612.32,7632.68,7675.0,5088,1003,0.3097,0.000505
2026-09-16 11:34:26,SPX,7612.32,7632.68,7545.0,68,696,0.3805,0.000505
2026-09-16 11:34:26,SPX,7612.32,7632.68,7680.0,1642,862,0.3087,0.000505
2026-09-16 11:34:26,SPX,7612.32,7632.68,7540.0,110,1186,0.3837,0.000505
2026-09-16 11:34:26,SPX,7612.32,7632.68,7685.0,2259,346,0.3079,0.000505
2026-09-16 11:34:26,SPX,7612.32,7632.68,7535.0,91,984,0.3877,0.000505
2026-09-16 11:34:26,SPX,7612.32,7632.68,7690.0,1304,255,0.3078,0.000505
2026-09-16 11:34:26,SPX,7612.32,7632.68,7530.0,136,1307,0.3918,0.000505
2026-09-16 11:34:26,SPX,7612.32,7632.68,7695.0,1192,117,0.3078,0.000505
2026-09-16 11:34:26,SPX,7612.32,7632.68,7525.0,1254,3613,0.3962,0.000505
2026-09-16 11:34:26,SPX,7612.32,7632.68,7700.0,3233,798,0.3079,0.000505
2026-09-16 11:34:26,SPX,7612.32,7632.68,7520.0,1244,1619,0.4004,0.000505
2026-09-16 11:34:26,SPX,7612.32,7632.68,7705.0,1040,2079,0.3085,0.000505
2026-09-16 11:34:26,SPX,7612.32,7632.68,7515.0,119,819,0.4046,0.000505
2026-09-16 11:34:26,SPX,7612.32,7632.68,7710.0,1456,97,0.3097,0.000505
2026-09-16 11:34:26,SPX,7612.32,7632.68,7510.0,132,1033,0.4092,0.000505
2026-09-16 11:34:26,SPX,7612.32,7632.68,7715.0,843,1322,0.3116,0.000505
2026-09-16 11:34:26,SPX,7612.32,7632.68,7505.0,94,629,0.4132,0.000505
2026-09-16 11:34:26,SPX,7612.32,7632.68,7720.0,2356,225,0.3141,0.000505
2026-09-16 11:34:26,SPX,7612.32,7632.68,7500.0,259,4369,0.4169,0.000505
2026-09-16 11:34:26,SPX,7612.32,7632.68,7725.0,1699,115,0.3171,0.000505
2026-09-16 11:34:26,SPX,7612.32,7632.68,7495.0,67,773,0.4211,0.000505
2026-09-16 11:34:26,SPX,7612.32,7632.68,7730.0,3073,2050,0.3207,0.000505
2026-09-16 11:34:26,SPX,7612.32,7632.68,7490.0,41,1228,0.4254,0.000505
2026-09-16 11:34:26,SPX,7612.32,7632.68,7735.0,1086,50,0.3246,0.000505
2026-09-16 11:34:26,SPX,7612.32,7632.68,7485.0,19,656,0.4299,0.000505
2026-09-16 11:34:26,SPX,7612.32,7632.68,7740.0,1998,1349,0.329,0.000505
2026-09-16 11:34:26,SPX,7612.32,7632.68,7480.0,28,1242,0.4349,0.000505
2026-09-16 11:34:26,SPX,7612.32,7632.68,7745.0,813,131,0.3339,0.000505
2026-09-16 11:34:26,SPX,7612.32,7632.68,7475.0,33,1674,0.4402,0.000505
2026-09-16 11:34:26,SPX,7612.32,7632.68,7750.0,1793,322,0.3392,0.000505
2026-09-16 11:34:26,SPX,7612.32,7632.68,7470.0,33,1552,0.4458,0.000505
2026-09-16 11:34:26,SPX,7612.32,7632.68,7755.0,2859,49,0.3449,0.000505
2026-09-16 11:34:26,SPX,7612.32,7632.68,7465.0,4,1127,0.4514,0.000505
2026-09-16 11:34:26,SPX,7612.32,7632.68,7760.0,780,60,0.3507,0.000505
2026-09-16 11:34:26,SPX,7612.32,7632.68,7460.0,41,1524,0.4569,0.000505
2026-09-16 11:34:26,SPX,7612.32,7632.68,7765.0,2335,34,0.3567,0.000505
2026-09-16 11:34:26,SPX,7612.32,7632.68,7455.0,27,768,0.4624,0.000505
2026-09-16 11:34:26,SPX,7612.32,7632.68,7770.0,1592,40,0.3627,0.000505
2026-09-16 11:34:26,SPX,7612.32,7632.68,7450.0,107,2811,0.4678,0.000505
2026-09-16 11:34:26,SPX,7612.32,7632.68,7775.0,2381,67,0.3688,0.000505
2026-09-16 11:34:26,SPX,7612.32,7632.68,7445.0,2,1150,0.4733,0.000505
2026-09-16 11:34:26,SPX,7612.32,7632.68,7780.0,4304,28,0.375,0.000505
2026-09-16 11:34:26,SPX,7612.32,7632.68,7440.0,6,2097,0.4788,0.000505
2026-09-16 11:34:26,SPX,7612.32,7632.68,7785.0,492,113,0.3814,0.000505
2026-09-16 11:34:26,SPX,7612.32,7632.68,7435.0,4,929,0.4845,0.000505
2026-09-16 11:34:26,SPX,7612.32,7632.68,7790.0,3122,27,0.3881,0.000505
2026-09-16 11:34:26,SPX,7612.32,7632.68,7430.0,8,973,0.4904,0.000505
2026-09-16 11:34:26,SPX,7612.32,7632.68,7795.0,563,12,0.395,0.000505
2026-09-16 11:34:26,SPX,7612.32,7632.68,7425.0,9,1181,0.4966,0.000505
2026-09-16 11:34:26,SPX,7612.32,7632.68,7800.0,2895,52,0.4021,0.000505
2026-09-16 11:34:26,SPX,7612.32,7632.68,7420.0,38,1350,0.5031,0.000505
2026-09-16 11:34:26,SPX,7612.32,7632.68,7805.0,1769,8,0.4089,0.000505
2026-09-16 11:34:26,SPX,7612.32,7632.68,7415.0,2,1866,0.5099,0.000505
2026-09-16 11:34:26,SPX,7612.32,7632.68,7810.0,688,32,0.4152,0.000505
2026-09-16 11:34:26,SPX,7612.32,7632.68,7410.0,6,958,0.5169,0.000505
2026-09-16 11:34:26,SPX,7612.32,7632.68,7815.0,598,4,0.4208,0.000505
2026-09-16 11:34:26,SPX,7612.32,7632.68,7405.0,5,3661,0.5242,0.000505
2026-09-16 11:34:26,SPX,7612.32,7632.68,7820.0,1539,62,0.4254,0.000505
2026-09-16 11:34:26,SPX,7612.32,7632.68,7400.0,93,4633,0.5317,0.000505
2026-09-16 11:34:26,SPX,7612.32,7632.68,7825.0,1183,53,0.4289,0.000505
2026-09-16 11:34:26,SPX,7612.32,7632.68,7395.0,0,1647,0.5391,0.000505
2026-09-16 11:34:26,SPX,7612.32,7632.68,7830.0,744,129,0.4313,0.000505
2026-09-16 11:34:26,SPX,7612.32,7632.68,7390.0,30,2806,0.5466,0.000505
2026-09-16 11:34:26,SPX,7612.32,7632.68,7835.0,585,30,0.4326,0.000505
2026-09-16 11:34:26,SPX,7612.32,7632.68,7385.0,1,1088,0.5539,0.000505
2026-09-16 11:34:26,SPX,7612.32,7632.68,7840.0,706,1,0.433,0.000505
2026-09-16 11:34:26,SPX,7612.32,7632.68,7380.0,4,4519,0.5611,0.000505
2026-09-16 11:34:26,SPX,7612.32,7632.68,7845.0,243,7,0.4326,0.000505
2026-09-16 11:34:26,SPX,7612.32,7632.68,7375.0,0,1131,0.5682,0.000505
2026-09-16 11:34:26,SPX,7612.32,7632.68,7850.0,1588,129,0.4316,0.000505
2026-09-16 11:34:26,SPX,7612.32,7632.68,7370.0,24,559,0.5751,0.000505
2026-09-16 11:34:26,SPX,7612.32,7632.68,7855.0,274,0,0.4301,0.000505
2026-09-16 11:34:26,SPX,7612.32,7632.68,7365.0,10,537,0.5819,0.000505
2026-09-16 11:34:26,SPX,7612.32,7632.68,7860.0,630,3,0.4281,0.000505
2026-09-16 11:34:26,SPX,7612.32,7632.68,7610.0,518,379,0.1998,0.003243
2026-09-16 11:34:26,SPX,7612.32,7632.68,7615.0,213,167,0.1979,0.003243
2026-09-16 11:34:26,SPX,7612.32,7632.68,7605.0,235,186,0.2018,0.003243
2026-09-16 11:34:26,SPX,7612.32,7632.68,7620.0,224,227,0.1959,0.003243
2026-09-16 11:34:26,SPX,7612.32,7632.68,7600.0,396,861,0.2031,0.003243
2026-09-16 11:34:26,SPX,7612.32,7632.68,7625.0,337,668,0.1939,0.003243
2026-09-16 11:34:26,SPX,7612.32,7632.68,7595.0,191,566,0.2048,0.003243
2026-09-16 11:34:26,SPX,7612.32,7632.68,7630.0,308,317,0.1923,0.003243
2026-09-16 11:34:26,SPX,7612.32,7632.68,7590.0,120,337,0.2069,0.003243
2026-09-16 11:34:26,SPX,7612.32,7632.68,7635.0,171,165,0.1906,0.003243
2026-09-16 11:34:26,SPX,7612.32,7632.68,7585.0,213,349,0.2086,0.003243
2026-09-16 11:34:26,SPX,7612.32,7632.68,7640.0,187,315,0.1887,0.003243
2026-09-16 11:34:26,SPX,7612.32,7632.68,7580.0,334,832,0.2104,0.003243
2026-09-16 11:34:26,SPX,7612.32,7632.68,7645.0,441,200,0.1873,0.003243
2026-09-16 11:34:26,SPX,7612.32,7632.68,7575.0,119,382,0.2128,0.003243
2026-09-16 11:34:26,SPX,7612.32,7632.68,7650.0,528,3373,0.1858,0.003243
2026-09-16 11:34:26,SPX,7612.32,7632.68,7570.0,178,645,0.2146,0.003243
2026-09-16 11:34:26,SPX,7612.32,7632.68,7655.0,418,204,0.1844,0.003243
2026-09-16 11:34:26,SPX,7612.32,7632.68,7565.0,81,184,0.2165,0.003243
2026-09-16 11:34:26,SPX,7612.32,7632.68,7660.0,564,308,0.1832,0.003243
2026-09-16 11:34:26,SPX,7612.32,7632.68,7560.0,74,443,0.2177,0.003243
2026-09-16 11:34:26,SPX,7612.32,7632.68,7665.0,308,137,0.182,0.003243
2026-09-16 11:34:26,SPX,7612.32,7632.68,7555.0,104,255,0.2197,0.003243
2026-09-16 11:34:26,SPX,7612.32,7632.68,7670.0,1238,550,0.1808,0.003243
2026-09-16 11:34:26,SPX,7612.32,7632.68,7550.0,110,498,0.2212,0.003243
2026-09-16 11:34:26,SPX,7612.32,7632.68,7675.0,4504,3959,0.1795,0.003243
2026-09-16 11:34:26,SPX,7612.32,7632.68,7545.0,99,166,0.223,0.003243
2026-09-16 11:34:26,SPX,7612.32,7632.68,7680.0,979,193,0.1781,0.003243
2026-09-16 11:34:26,SPX,7612.32,7632.68,7540.0,22,759,0.225,0.003243
2026-09-16 11:34:26,SPX,7612.32,7632.68,7685.0,224,88,0.1767,0.003243
2026-09-16 11:34:26,SPX,7612.32,7632.68,7535.0,47,242,0.2267,0.003243
2026-09-16 11:34:26,SPX,7612.32,7632.68,7690.0,656,304,0.1756,0.003243
2026-09-16 11:34:26,SPX,7612.32,7632.68,7530.0,28,286,0.2285,0.003243
2026-09-16 11:34:26,SPX,7612.32,7632.68,7695.0,261,208,0.1748,0.003243
2026-09-16 11:34:26,SPX,7612.32,7632.68,7525.0,90,526,0.2301,0.003243
2026-09-16 11:34:26,SPX,7612.32,7632.68,7700.0,4669,304,0.174,0.003243
2026-09-16 11:34:26,SPX,7612.32,7632.68,7520.0,22,451,0.2321,0.003243
2026-09-16 11:34:26,SPX,7612.32,7632.68,7705.0,708,157,0.1734,0.003243
2026-09-16 11:34:26,SPX,7612.32,7632.68,7515.0,24,224,0.2343,0.003243
2026-09-16 11:34:26,SPX,7612.32,7632.68,7710.0,413,137,0.1729,0.003243
2026-09-16 11:34:26,SPX,7612.32,7632.68,7510.0,64,420,0.2365,0.003243
2026-09-16 11:34:26,SPX,7612.32,7632.68,7715.0,306,166,0.1725,0.003243
2026-09-16 11:34:26,SPX,7612.32,7632.68,7505.0,23,199,0.2386,0.003243
2026-09-16 11:34:26,SPX,7612.32,7632.68,7720.0,385,199,0.1723,0.003243
2026-09-16 11:34:26,SPX,7612.32,7632.68,7500.0,76,2764,0.2405,0.003243
2026-09-16 11:34:26,SPX,7612.32,7632.68,7725.0,1017,163,0.1722,0.003243
2026-09-16 11:34:26,SPX,7612.32,7632.68,7495.0,2,158,0.2422,0.003243
2026-09-16 11:34:26,SPX,7612.32,7632.68,7730.0,659,126,0.1722,0.003243
2026-09-16 11:34:26,SPX,7612.32,7632.68,7490.0,2,821,0.2438,0.003243
2026-09-16 11:34:26,SPX,7612.32,7632.68,7735.0,460,38,0.1722,0.003243
2026-09-16 11:34:26,SPX,7612.32,7632.68,7485.0,0,350,0.2454,0.003243
2026-09-16 11:34:26,SPX,7612.32,7632.68,7740.0,646,124,0.1723,0.003243
2026-09-16 11:34:26,SPX,7612.32,7632.68,7480.0,32,390,0.247,0.003243
2026-09-16 11:34:26,SPX,7612.32,7632.68,7745.0,338,28,0.1724,0.003243
2026-09-16 11:34:26,SPX,7612.32,7632.68,7475.0,5,600,0.2488,0.003243
2026-09-16 11:34:26,SPX,7612.32,7632.68,7750.0,940,168,0.1727,0.003243
2026-09-16 11:34:26,SPX,7612.32,7632.68,7470.0,35,922,0.2507,0.003243
2026-09-16 11:34:26,SPX,7612.32,7632.68,7755.0,281,37,0.173,0.003243
2026-09-16 11:34:26,SPX,7612.32,7632.68,7465.0,8,146,0.2528,0.003243
2026-09-16 11:34:26,SPX,7612.32,7632.68,7760.0,659,96,0.1734,0.003243
2026-09-16 11:34:26,SPX,7612.32,7632.68,7460.0,1,846,0.255,0.003243
2026-09-16 11:34:26,SPX,7612.32,7632.68,7765.0,277,48,0.1741,0.003243
2026-09-16 11:34:26,SPX,7612.32,7632.68,7455.0,0,135,0.2572,0.003243
2026-09-16 11:34:26,SPX,7612.32,7632.68,7770.0,1165,63,0.1749,0.003243
2026-09-16 11:34:26,SPX,7612.32,7632.68,7450.0,36,3615,0.2595,0.003243
2026-09-16 11:34:26,SPX,7612.32,7632.68,7775.0,967,57,0.1758,0.003243
2026-09-16 11:34:26,SPX,7612.32,7632.68,7445.0,0,207,0.2618,0.003243
2026-09-16 11:34:26,SPX,7612.32,7632.68,7780.0,445,39,0.177,0.003243
2026-09-16 11:34:26,SPX,7612.32,7632.68,7440.0,7,542,0.2641,0.003243
2026-09-16 11:34:26,SPX,7612.32,7632.68,7785.0,307,9,0.1783,0.003243
2026-09-16 11:34:26,SPX,7612.32,7632.68,7435.0,0,197,0.2663,0.003243
2026-09-16 11:34:26,SPX,7612.32,7632.68,7790.0,390,24,0.1798,0.003243
2026-09-16 11:34:26,SPX,7612.32,7632.68,7430.0,2,276,0.2685,0.003243
2026-09-16 11:34:26,SPX,7612.32,7632.68,7795.0,433,5,0.1814,0.003243
2026-09-16 11:34:26,SPX,7612.32,7632.68,7425.0,30,1695,0.2707,0.003243
2026-09-16 11:34:26,SPX,7612.32,7632.68,7800.0,2764,91,0.1832,0.003243
2026-09-16 11:34:26,SPX,7612.32,7632.68,7420.0,26,1347,0.2729,0.003243
2026-09-16 11:34:26,SPX,7612.32,7632.68,7805.0,1724,3,0.1851,0.003243
2026-09-16 11:34:26,SPX,7612.32,7632.68,7415.0,0,167,0.2752,0.003243
2026-09-16 11:34:26,SPX,7612.32,7632.68,7810.0,508,4,0.1871,0.003243
2026-09-16 11:34:26,SPX,7612.32,7632.68,7410.0,1,216,0.2774,0.003243
2026-09-16 11:34:26,SPX,7612.32,7632.68,7815.0,404,2,0.1893,0.003243
2026-09-16 11:34:26,SPX,7612.32,7632.68,7405.0,10,141,0.2798,0.003243
2026-09-16 11:34:26,SPX,7612.32,7632.68,7820.0,309,16,0.1916,0.003243
2026-09-16 11:34:26,SPX,7612.32,7632.68,7400.0,18,1023,0.2821,0.003243
2026-09-16 11:34:26,SPX,7612.32,7632.68,7825.0,790,61,0.194,0.003243
2026-09-16 11:34:26,SPX,7612.32,7632.68,7395.0,0,114,0.2845,0.003243
2026-09-16 11:34:26,SPX,7612.32,7632.68,7830.0,512,3,0.1966,0.003243
2026-09-16 11:34:26,SPX,7612.32,7632.68,7390.0,0,1244,0.287,0.003243
2026-09-16 11:34:26,SPX,7612.32,7632.68,7835.0,489,0,0.1992,0.003243
2026-09-16 11:34:26,SPX,7612.32,7632.68,7385.0,1,131,0.2895,0.003243
2026-09-16 11:34:26,SPX,7612.32,7632.68,7840.0,382,23,0.2019,0.003243
2026-09-16 11:34:26,SPX,7612.32,7632.68,7380.0,30,1143,0.2921,0.003243
2026-09-16 11:34:26,SPX,7612.32,7632.68,7845.0,408,0,0.2047,0.003243
2026-09-16 11:34:26,SPX,7612.32,7632.68,7375.0,5,270,0.2947,0.003243
2026-09-16 11:34:26,SPX,7612.32,7632.68,7850.0,593,45,0.2075,0.003243
2026-09-16 11:34:26,SPX,7612.32,7632.68,7370.0,30,197,0.2974,0.003243
2026-09-16 11:34:26,SPX,7612.32,7632.68,7855.0,232,1,0.2103,0.003243
2026-09-16 11:34:26,SPX,7612.32,7632.68,7365.0,0,126,0.3002,0.003243
2026-09-16 11:34:26,SPX,7612.32,7632.68,7860.0,295,0,0.2132,0.003243
2026-09-16 11:34:26,SPX,7612.32,7632.68,7610.0,613,1017,0.1866,0.005981
2026-09-16 11:34:26,SPX,7612.32,7632.68,7615.0,824,2306,0.1859,0.005981
2026-09-16 11:34:26,SPX,7612.32,7632.68,7605.0,681,2783,0.1887,0.005981
2026-09-16 11:34:26,SPX,7612.32,7632.68,7620.0,677,534,0.1844,0.005981
2026-09-16 11:34:26,SPX,7612.32,7632.68,7600.0,4452,6174,0.1902,0.005981
2026-09-16 11:34:26,SPX,7612.32,7632.68,7625.0,1644,4596,0.183,0.005981
2026-09-16 11:34:26,SPX,7612.32,7632.68,7595.0,256,748,0.1919,0.005981
2026-09-16 11:34:26,SPX,7612.32,7632.68,7630.0,449,3371,0.1815,0.005981
2026-09-16 11:34:26,SPX,7612.32,7632.68,7590.0,523,1071,0.1933,0.005981
2026-09-16 11:34:26,SPX,7612.32,7632.68,7635.0,935,1265,0.1801,0.005981
2026-09-16 11:34:26,SPX,7612.32,7632.68,7585.0,467,562,0.1947,0.005981
2026-09-16 11:34:26,SPX,7612.32,7632.68,7640.0,847,1282,0.1787,0.005981
2026-09-16 11:34:26,SPX,7612.32,7632.68,7580.0,737,884,0.1963,0.005981
2026-09-16 11:34:26,SPX,7612.32,7632.68,7645.0,516,396,0.1771,0.005981
2026-09-16 11:34:26,SPX,7612.32,7632.68,7575.0,563,2354,0.1979,0.005981
2026-09-16 11:34:26,SPX,7612.32,7632.68,7650.0,5583,6131,0.1753,0.005981
2026-09-16 11:34:26,SPX,7612.32,7632.68,7570.0,304,911,0.1988,0.005981
2026-09-16 11:34:26,SPX,7612.32,7632.68,7655.0,541,3273,0.1741,0.005981
2026-09-16 11:34:26,SPX,7612.32,7632.68,7565.0,642,565,0.1999,0.005981
2026-09-16 11:34:26,SPX,7612.32,7632.68,7660.0,2366,2501,0.1727,0.005981
2026-09-16 11:34:26,SPX,7612.32,7632.68,7560.0,209,975,0.2023,0.005981
2026-09-16 11:34:26,SPX,7612.32,7632.68,7665.0,587,424,0.1713,0.005981
2026-09-16 11:34:26,SPX,7612.32,7632.68,7555.0,71,646,0.2037,0.005981
2026-09-16 11:34:26,SPX,7612.32,7632.68,7550.0,2542,8001,0.2045,0.005981
2026-09-16 11:34:26,SPX,7612.32,7632.68,7675.0,4951,3262,0.1692,0.005981
2026-09-16 11:34:26,SPX,7612.32,7632.68,7545.0,1938,2223,0.206,0.005981
2026-09-16 11:34:26,SPX,7612.32,7632.68,7680.0,3640,675,0.1682,0.005981
2026-09-16 11:34:26,SPX,7612.32,7632.68,7540.0,112,1224,0.2075,0.005981
2026-09-16 11:34:26,SPX,7612.32,7632.68,7685.0,948,449,0.1671,0.005981
2026-09-16 11:34:26,SPX,7612.32,7632.68,7535.0,138,1053,0.2096,0.005981
2026-09-16 11:34:26,SPX,7612.32,7632.68,7690.0,848,1633,0.166,0.005981
2026-09-16 11:34:26,SPX,7612.32,7632.68,7530.0,107,902,0.2116,0.005981
2026-09-16 11:34:26,SPX,7612.32,7632.68,7695.0,1848,661,0.1649,0.005981
2026-09-16 11:34:26,SPX,7612.32,7632.68,7525.0,224,1094,0.2129,0.005981
2026-09-16 11:34:26,SPX,7612.32,7632.68,7700.0,6428,2978,0.1637,0.005981
2026-09-16 11:34:26,SPX,7612.32,7632.68,7520.0,81,1121,0.2143,0.005981
2026-09-16 11:34:26,SPX,7612.32,7632.68,7705.0,3427,674,0.1626,0.005981
2026-09-16 11:34:26,SPX,7612.32,7632.68,7515.0,98,857,0.2162,0.005981
2026-09-16 11:34:26,SPX,7612.32,7632.68,7710.0,685,395,0.1616,0.005981
2026-09-16 11:34:26,SPX,7612.32,7632.68,7510.0,151,791,0.218,0.005981
2026-09-16 11:34:26,SPX,7612.32,7632.68,7715.0,1261,358,0.1607,0.005981
2026-09-16 11:34:26,SPX,7612.32,7632.68,7505.0,101,570,0.2191,0.005981
2026-09-16 11:34:26,SPX,7612.32,7632.68,7720.0,691,1183,0.1599,0.005981
2026-09-16 11:34:26,SPX,7612.32,7632.68,7500.0,819,4301,0.2203,0.005981
2026-09-16 11:34:26,SPX,7612.32,7632.68,7725.0,3172,1236,0.1594,0.005981
2026-09-16 11:34:26,SPX,7612.32,7632.68,7495.0,617,1363,0.2223,0.005981
2026-09-16 11:34:26,SPX,7612.32,7632.68,7730.0,742,502,0.1589,0.005981
2026-09-16 11:34:26,SPX,7612.32,7632.68,7490.0,69,0,0.2241,0.005981
2026-09-16 11:34:26,SPX,7612.32,7632.68,7735.0,1089,670,0.1585,0.005981
2026-09-16 11:34:26,SPX,7612.32,7632.68,7485.0,57,460,0.2264,0.005981
2026-09-16 11:34:26,SPX,7612.32,7632.68,7740.0,1180,403,0.1581,0.005981
2026-09-16 11:34:26,SPX,7612.32,7632.68,7480.0,116,1004,0.2279,0.005981
2026-09-16 11:34:26,SPX,7612.32,7632.68,7745.0,756,201,0.1578,0.005981
2026-09-16 11:34:26,SPX,7612.32,7632.68,7475.0,331,1654,0.2291,0.005981
2026-09-16 11:34:26,SPX,7612.32,7632.68,7750.0,3322,1482,0.1575,0.005981
2026-09-16 11:34:26,SPX,7612.32,7632.68,7470.0,106,1040,0.2308,0.005981
2026-09-16 11:34:26,SPX,7612.32,7632.68,7755.0,1070,202,0.1573,0.005981
2026-09-16 11:34:26,SPX,7612.32,7632.68,7465.0,36,699,0.2339,0.005981
2026-09-16 11:34:26,SPX,7612.32,7632.68,7760.0,1383,88,0.1571,0.005981
2026-09-16 11:34:26,SPX,7612.32,7632.68,7460.0,48,936,0.2351,0.005981
2026-09-16 11:34:26,SPX,7612.32,7632.68,7765.0,1371,221,0.1571,0.005981
2026-09-16 11:34:26,SPX,7612.32,7632.68,7455.0,72,498,0.2371,0.005981
2026-09-16 11:34:26,SPX,7612.32,7632.68,7770.0,1023,281,0.1572,0.005981
2026-09-16 11:34:26,SPX,7612.32,7632.68,7450.0,345,2994,0.239,0.005981
2026-09-16 11:34:26,SPX,7612.32,7632.68,7775.0,2270,480,0.1573,0.005981
2026-09-16 11:34:26,SPX,7612.32,7632.68,7445.0,70,637,0.2405,0.005981
2026-09-16 11:34:26,SPX,7612.32,7632.68,7780.0,1885,250,0.1577,0.005981
2026-09-16 11:34:26,SPX,7612.32,7632.68,7440.0,99,1414,0.243,0.005981
2026-09-16 11:34:26,SPX,7612.32,7632.68,7785.0,1490,259,0.1581,0.005981
2026-09-16 11:34:26,SPX,7612.32,7632.68,7435.0,20,1668,0.2441,0.005981
2026-09-16 11:34:26,SPX,7612.32,7632.68,7790.0,1372,180,0.1586,0.005981
2026-09-16 11:34:26,SPX,7612.32,7632.68,7430.0,84,684,0.2462,0.005981
2026-09-16 11:34:26,SPX,7612.32,7632.68,7795.0,657,146,0.1593,0.005981
2026-09-16 11:34:26,SPX,7612.32,7632.68,7425.0,437,2470,0.2481,0.005981
2026-09-16 11:34:26,SPX,7612.32,7632.68,7800.0,5534,704,0.16,0.005981
2026-09-16 11:34:26,SPX,7612.32,7632.68,7420.0,96,701,0.25,0.005981
2026-09-16 11:34:26,SPX,7612.32,7632.68,7805.0,1041,62,0.161,0.005981
2026-09-16 11:34:26,SPX,7612.32,7632.68,7415.0,54,789,0.2517,0.005981
2026-09-16 11:34:26,SPX,7612.32,7632.68,7810.0,1002,79,0.1621,0.005981
2026-09-16 11:34:26,SPX,7612.32,7632.68,7410.0,280,1211,0.2534,0.005981
2026-09-16 11:34:26,SPX,7612.32,7632.68,7815.0,1981,47,0.1634,0.005981
2026-09-16 11:34:26,SPX,7612.32,7632.68,7405.0,156,555,0.2554,0.005981
2026-09-16 11:34:26,SPX,7612.32,7632.68,7820.0,3113,76,0.1649,0.005981
2026-09-16 11:34:26,SPX,7612.32,7632.68,7400.0,1053,5844,0.2573,0.005981
2026-09-16 11:34:26,SPX,7612.32,7632.68,7825.0,2682,125,0.1664,0.005981
2026-09-16 11:34:26,SPX,7612.32,7632.68,7395.0,31,2121,0.2591,0.005981
2026-09-16 11:34:26,SPX,7612.32,7632.68,7830.0,1325,69,0.1681,0.005981
2026-09-16 11:34:26,SPX,7612.32,7632.68,7390.0,35,889,0.2607,0.005981
2026-09-16 11:34:26,SPX,7612.32,7632.68,7835.0,698,18,0.1699,0.005981
2026-09-16 11:34:26,SPX,7612.32,7632.68,7385.0,78,608,0.2624,0.005981
2026-09-16 11:34:26,SPX,7612.32,7632.68,7840.0,1847,57,0.1718,0.005981
2026-09-16 11:34:26,SPX,7612.32,7632.68,7380.0,68,1297,0.2645,0.005981
2026-09-16 11:34:26,SPX,7612.32,7632.68,7845.0,511,35,0.1738,0.005981
2026-09-16 11:34:26,SPX,7612.32,7632.68,7375.0,138,1788,0.267,0.005981
2026-09-16 11:34:26,SPX,7612.32,7632.68,7850.0,3733,59,0.1759,0.005981
2026-09-16 11:34:26,SPX,7612.32,7632.68,7370.0,99,816,0.2695,0.005981
2026-09-16 11:34:26,SPX,7612.32,7632.68,7855.0,801,26,0.178,0.005981
2026-09-16 11:34:26,SPX,7612.32,7632.68,7365.0,78,295,0.2719,0.005981
2026-09-16 11:34:26,SPX,7612.32,7632.68,7860.0,818,19,0.1802,0.005981
2026-09-16 12:04:56,SPX,7616.5,7633.05,7615.0,696,248,0.3668,0.000447
2026-09-16 12:04:56,SPX,7616.5,7633.05,7620.0,1590,465,0.3637,0.000447
2026-09-16 12:04:56,SPX,7616.5,7633.05,7610.0,728,696,0.3699,0.000447
2026-09-16 12:04:56,SPX,7616.5,7633.05,7625.0,1035,3421,0.3614,0.000447
2026-09-16 12:04:56,SPX,7616.5,7633.05,7605.0,536,385,0.3723,0.000447
2026-09-16 12:04:56,SPX,7616.5,7633.05,7630.0,699,395,0.3587,0.000447
2026-09-16 12:04:56,SPX,7616.5,7633.05,7600.0,1581,2828,0.3758,0.000447
2026-09-16 12:04:56,SPX,7616.5,7633.05,7635.0,872,633,0.3567,0.000447
2026-09-16 12:04:56,SPX,7616.5,7633.05,7595.0,665,1256,0.3791,0.000447
2026-09-16 12:04:56,SPX,7616.5,7633.05,7640.0,1498,305,0.3544,0.000447
2026-09-16 12:04:56,SPX,7616.5,7633.05,7590.0,901,1203,0.3821,0.000447
2026-09-16 12:04:56,SPX,7616.5,7633.05,7645.0,900,604,0.3523,0.000447
2026-09-16 12:04:56,SPX,7616.5,7633.05,7585.0,1009,1287,0.3846,0.000447
2026-09-16 12:04:56,SPX,7616.5,7633.05,7650.0,5504,4413,0.3514,0.000447
2026-09-16 12:04:56,SPX,7616.5,7633.05,7580.0,613,1441,0.3877,0.000447
2026-09-16 12:04:56,SPX,7616.5,7633.05,7655.0,1381,781,0.3498,0.000447
2026-09-16 12:04:56,SPX,7616.5,7633.05,7575.0,354,1633,0.3919,0.000447
2026-09-16 12:04:56,SPX,7616.5,7633.05,7660.0,1545,335,0.3472,0.000447
2026-09-16 12:04:56,SPX,7616.5,7633.05,7570.0,258,1147,0.3955,0.000447
2026-09-16 12:04:56,SPX,7616.5,7633.05,7665.0,1030,330,0.3461,0.000447
2026-09-16 12:04:56,SPX,7616.5,7633.05,7565.0,106,585,0.398,0.000447
2026-09-16 12:04:56,SPX,7616.5,7633.05,7670.0,1760,823,0.345,0.000447
2026-09-16 12:04:56,SPX,7616.5,7633.05,7560.0,205,864,0.4018,0.000447
2026-09-16 12:04:56,SPX,7616.5,7633.05,7675.0,5088,1003,0.3444,0.000447
2026-09-16 12:04:56,SPX,7616.5,7633.05,7555.0,115,425,0.4053,0.000447
2026-09-16 12:04:56,SPX,7616.5,7633.05,7680.0,1642,862,0.3437,0.000447
2026-09-16 12:04:56,SPX,7616.5,7633.05,7550.0,203,1759,0.4091,0.000447
2026-09-16 12:04:56,SPX,7616.5,7633.05,7685.0,2259,346,0.3432,0.000447
2026-09-16 12:04:56,SPX,7616.5,7633.05,7545.0,68,696,0.4125,0.000447
2026-09-16 12:04:56,SPX,7616.5,7633.05,7690.0,1304,255,0.3433,0.000447
2026-09-16 12:04:56,SPX,7616.5,7633.05,7540.0,110,1186,0.4148,0.000447
2026-09-16 12:04:56,SPX,7616.5,7633.05,7695.0,1192,117,0.3438,0.000447
2026-09-16 12:04:56,SPX,7616.5,7633.05,7535.0,91,984,0.4187,0.000447
2026-09-16 12:04:56,SPX,7616.5,7633.05,7700.0,3233,798,0.344,0.000447
2026-09-16 12:04:56,SPX,7616.5,7633.05,7530.0,136,1307,0.4228,0.000447
2026-09-16 12:04:56,SPX,7616.5,7633.05,7705.0,1040,2079,0.3449,0.000447
2026-09-16 12:04:56,SPX,7616.5,7633.05,7525.0,1254,3613,0.4276,0.000447
2026-09-16 12:04:56,SPX,7616.5,7633.05,7710.0,1456,97,0.3452,0.000447
2026-09-16 12:04:56,SPX,7616.5,7633.05,7520.0,1244,1619,0.4314,0.000447
2026-09-16 12:04:56,SPX,7616.5,7633.05,7715.0,843,1322,0.3463,0.000447
2026-09-16 12:04:56,SPX,7616.5,7633.05,7515.0,119,819,0.436,0.000447
2026-09-16 12:04:56,SPX,7616.5,7633.05,7720.0,2356,225,0.348,0.000447
2026-09-16 12:04:56,SPX,7616.5,7633.05,7510.0,132,1033,0.4412,0.000447
2026-09-16 12:04:56,SPX,7616.5,7633.05,7725.0,1699,115,0.3501,0.000447
2026-09-16 12:04:56,SPX,7616.5,7633.05,7505.0,94,629,0.4456,0.000447
2026-09-16 12:04:56,SPX,7616.5,7633.05,7730.0,3073,2050,0.3528,0.000447
2026-09-16 12:04:56,SPX,7616.5,7633.05,7500.0,259,4369,0.4492,0.000447
2026-09-16 12:04:56,SPX,7616.5,7633.05,7735.0,1086,50,0.3557,0.000447
2026-09-16 12:04:56,SPX,7616.5,7633.05,7495.0,67,773,0.4525,0.000447
2026-09-16 12:04:56,SPX,7616.5,7633.05,7740.0,1998,1349,0.3597,0.000447
2026-09-16 12:04:56,SPX,7616.5,7633.05,7490.0,41,1228,0.4562,0.000447
2026-09-16 12:04:56,SPX,7616.5,7633.05,7745.0,813,131,0.3643,0.000447
2026-09-16 12:04:56,SPX,7616.5,7633.05,7485.0,19,656,0.4606,0.000447
2026-09-16 12:04:56,SPX,7616.5,7633.05,7750.0,1793,322,0.3696,0.000447
2026-09-16 12:04:56,SPX,7616.5,7633.05,7480.0,28,1242,0.4657,0.000447
2026-09-16 12:04:56,SPX,7616.5,7633.05,7755.0,2859,49,0.3751,0.000447
2026-09-16 12:04:56,SPX,7616.5,7633.05,7475.0,33,1674,0.4712,0.000447
2026-09-16 12:04:56,SPX,7616.5,7633.05,7760.0,780,60,0.3797,0.000447
2026-09-16 12:04:56,SPX,7616.5,7633.05,7470.0,33,1552,0.4768,0.000447
2026-09-16 12:04:56,SPX,7616.5,7633.05,7765.0,2335,34,0.3854,0.000447
2026-09-16 12:04:56,SPX,7616.5,7633.05,7465.0,4,1127,0.4826,0.000447
2026-09-16 12:04:56,SPX,7616.5,7633.05,7770.0,1592,40,0.3911,0.000447
2026-09-16 12:04:56,SPX,7616.5,7633.05,7460.0,41,1524,0.4883,0.000447
2026-09-16 12:04:56,SPX,7616.5,7633.05,7775.0,2381,67,0.3967,0.000447
2026-09-16 12:04:56,SPX,7616.5,7633.05,7455.0,27,768,0.4941,0.000447
2026-09-16 12:04:56,SPX,7616.5,7633.05,7780.0,4304,28,0.4021,0.000447
2026-09-16 12:04:56,SPX,7616.5,7633.05,7450.0,107,2811,0.5001,0.000447
2026-09-16 12:04:56,SPX,7616.5,7633.05,7785.0,492,113,0.4078,0.000447
2026-09-16 12:04:56,SPX,7616.5,7633.05,7445.0,2,1150,0.506,0.000447
2026-09-16 12:04:56,SPX,7616.5,7633.05,7790.0,3122,27,0.4138,0.000447
2026-09-16 12:04:56,SPX,7616.5,7633.05,7440.0,6,2097,0.5121,0.000447
2026-09-16 12:04:56,SPX,7616.5,7633.05,7795.0,563,12,0.4204,0.000447
2026-09-16 12:04:56,SPX,7616.5,7633.05,7435.0,4,929,0.5184,0.000447
2026-09-16 12:04:56,SPX,7616.5,7633.05,7800.0,2895,52,0.4278,0.000447
2026-09-16 12:04:56,SPX,7616.5,7633.05,7430.0,8,973,0.5248,0.000447
2026-09-16 12:04:56,SPX,7616.5,7633.05,7805.0,1769,8,0.4356,0.000447
2026-09-16 12:04:56,SPX,7616.5,7633.05,7425.0,9,1181,0.5313,0.000447
2026-09-16 12:04:56,SPX,7616.5,7633.05,7810.0,688,32,0.4438,0.000447
2026-09-16 12:04:56,SPX,7616.5,7633.05,7420.0,38,1350,0.5381,0.000447
2026-09-16 12:04:56,SPX,7616.5,7633.05,7815.0,598,4,0.4519,0.000447
2026-09-16 12:04:56,SPX,7616.5,7633.05,7415.0,2,1866,0.545,0.000447
2026-09-16 12:04:56,SPX,7616.5,7633.05,7820.0,1539,62,0.4594,0.000447
2026-09-16 12:04:56,SPX,7616.5,7633.05,7410.0,6,958,0.5521,0.000447
2026-09-16 12:04:56,SPX,7616.5,7633.05,7825.0,1183,53,0.4661,0.000447
2026-09-16 12:04:56,SPX,7616.5,7633.05,7405.0,5,3661,0.5593,0.000447
2026-09-16 12:04:56,SPX,7616.5,7633.05,7830.0,744,129,0.4717,0.000447
2026-09-16 12:04:56,SPX,7616.5,7633.05,7400.0,93,4633,0.5667,0.000447
2026-09-16 12:04:56,SPX,7616.5,7633.05,7835.0,585,30,0.476,0.000447
2026-09-16 12:04:56,SPX,7616.5,7633.05,7395.0,0,1647,0.5741,0.000447
2026-09-16 12:04:56,SPX,7616.5,7633.05,7840.0,706,1,0.4788,0.000447
2026-09-16 12:04:56,SPX,7616.5,7633.05,7390.0,30,2806,0.5817,0.000447
2026-09-16 12:04:56,SPX,7616.5,7633.05,7845.0,243,7,0.4802,0.000447
2026-09-16 12:04:56,SPX,7616.5,7633.05,7385.0,1,1088,0.5893,0.000447
2026-09-16 12:04:56,SPX,7616.5,7633.05,7850.0,1588,129,0.4804,0.000447
2026-09-16 12:04:56,SPX,7616.5,7633.05,7380.0,4,4519,0.5971,0.000447
2026-09-16 12:04:56,SPX,7616.5,7633.05,7855.0,274,0,0.4797,0.000447
2026-09-16 12:04:56,SPX,7616.5,7633.05,7375.0,0,1131,0.605,0.000447
2026-09-16 12:04:56,SPX,7616.5,7633.05,7860.0,630,3,0.4783,0.000447
2026-09-16 12:04:56,SPX,7616.5,7633.05,7370.0,24,559,0.6129,0.000447
2026-09-16 12:04:56,SPX,7616.5,7633.05,7865.0,1289,6,0.4763,0.000447
2026-09-16 12:04:56,SPX,7616.5,7633.05,7615.0,213,167,0.2027,0.003185
2026-09-16 12:04:56,SPX,7616.5,7633.05,7620.0,224,227,0.2014,0.003185
2026-09-16 12:04:56,SPX,7616.5,7633.05,7610.0,518,379,0.2048,0.003185
2026-09-16 12:04:56,SPX,7616.5,7633.05,7625.0,337,668,0.1992,0.003185
2026-09-16 12:04:56,SPX,7616.5,7633.05,7605.0,235,186,0.2067,0.003185
2026-09-16 12:04:56,SPX,7616.5,7633.05,7630.0,308,317,0.1975,0.003185
2026-09-16 12:04:56,SPX,7616.5,7633.05,7600.0,396,861,0.2087,0.003185
2026-09-16 12:04:56,SPX,7616.5,7633.05,7635.0,171,165,0.1958,0.003185
2026-09-16 12:04:56,SPX,7616.5,7633.05,7595.0,191,566,0.2105,0.003185
2026-09-16 12:04:56,SPX,7616.5,7633.05,7640.0,187,315,0.1939,0.003185
2026-09-16 12:04:56,SPX,7616.5,7633.05,7590.0,120,337,0.2124,0.003185
2026-09-16 12:04:56,SPX,7616.5,7633.05,7645.0,441,200,0.192,0.003185
2026-09-16 12:04:56,SPX,7616.5,7633.05,7585.0,213,349,0.2145,0.003185
2026-09-16 12:04:56,SPX,7616.5,7633.05,7650.0,528,3373,0.1904,0.003185
2026-09-16 12:04:56,SPX,7616.5,7633.05,7580.0,334,832,0.2164,0.003185
2026-09-16 12:04:56,SPX,7616.5,7633.05,7655.0,418,204,0.1887,0.003185
2026-09-16 12:04:56,SPX,7616.5,7633.05,7575.0,119,382,0.2184,0.003185
2026-09-16 12:04:56,SPX,7616.5,7633.05,7660.0,564,308,0.1876,0.003185
2026-09-16 12:04:56,SPX,7616.5,7633.05,7570.0,178,645,0.2209,0.003185
2026-09-16 12:04:56,SPX,7616.5,7633.05,7665.0,308,137,0.1865,0.003185
2026-09-16 12:04:56,SPX,7616.5,7633.05,7565.0,81,184,0.2215,0.003185
2026-09-16 12:04:56,SPX,7616.5,7633.05,7670.0,1238,550,0.1853,0.003185
2026-09-16 12:04:56,SPX,7616.5,7633.05,7560.0,0,443,0.2228,0.003185
2026-09-16 12:04:56,SPX,7616.5,7633.05,7675.0,4504,3959,0.1841,0.003185
2026-09-16 12:04:56,SPX,7616.5,7633.05,7555.0,104,255,0.2258,0.003185
2026-09-16 12:04:56,SPX,7616.5,7633.05,7680.0,979,193,0.183,0.003185
2026-09-16 12:04:56,SPX,7616.5,7633.05,7550.0,110,498,0.2269,0.003185
2026-09-16 12:04:56,SPX,7616.5,7633.05,7685.0,224,88,0.1817,0.003185
2026-09-16 12:04:56,SPX,7616.5,7633.05,7545.0,99,166,0.2291,0.003185
2026-09-16 12:04:56,SPX,7616.5,7633.05,7690.0,656,304,0.1804,0.003185
2026-09-16 12:04:56,SPX,7616.5,7633.05,7540.0,22,759,0.2308,0.003185
2026-09-16 12:04:56,SPX,7616.5,7633.05,7695.0,261,208,0.1792,0.003185
2026-09-16 12:04:56,SPX,7616.5,7633.05,7535.0,47,242,0.2321,0.003185
2026-09-16 12:04:56,SPX,7616.5,7633.05,7700.0,4669,304,0.178,0.003185
2026-09-16 12:04:56,SPX,7616.5,7633.05,7530.0,28,286,0.2343,0.003185
2026-09-16 12:04:56,SPX,7616.5,7633.05,7705.0,708,157,0.177,0.003185
2026-09-16 12:04:56,SPX,7616.5,7633.05,7525.0,90,526,0.2368,0.003185
2026-09-16 12:04:56,SPX,7616.5,7633.05,7710.0,413,137,0.1763,0.003185
2026-09-16 12:04:56,SPX,7616.5,7633.05,7520.0,22,451,0.2393,0.003185
2026-09-16 12:04:56,SPX,7616.5,7633.05,7715.0,306,166,0.1758,0.003185
2026-09-16 12:04:56,SPX,7616.5,7633.05,7515.0,24,224,0.2416,0.003185
2026-09-16 12:04:56,SPX,7616.5,7633.05,7720.0,385,199,0.1755,0.003185
2026-09-16 12:04:56,SPX,7616.5,7633.05,7510.0,64,420,0.2436,0.003185
2026-09-16 12:04:56,SPX,7616.5,7633.05,7725.0,1017,163,0.1752,0.003185
2026-09-16 12:04:56,SPX,7616.5,7633.05,7505.0,23,199,0.2453,0.003185
2026-09-16 12:04:56,SPX,7616.5,7633.05,7730.0,659,126,0.175,0.003185
2026-09-16 12:04:56,SPX,7616.5,7633.05,7500.0,76,2764,0.2469,0.003185
2026-09-16 12:04:56,SPX,7616.5,7633.05,7735.0,460,38,0.1748,0.003185
2026-09-16 12:04:56,SPX,7616.5,7633.05,7495.0,2,158,0.2485,0.003185
2026-09-16 12:04:56,SPX,7616.5,7633.05,7740.0,646,124,0.1746,0.003185
2026-09-16 12:04:56,SPX,7616.5,7633.05,7490.0,2,821,0.2501,0.003185
2026-09-16 12:04:56,SPX,7616.5,7633.05,7745.0,338,28,0.1745,0.003185
2026-09-16 12:04:56,SPX,7616.5,7633.05,7485.0,0,350,0.2517,0.003185
2026-09-16 12:04:56,SPX,7616.5,7633.05,7750.0,940,168,0.1745,0.003185
2026-09-16 12:04:56,SPX,7616.5,7633.05,7480.0,32,390,0.2534,0.003185
2026-09-16 12:04:56,SPX,7616.5,7633.05,7755.0,281,37,0.1746,0.003185
2026-09-16 12:04:56,SPX,7616.5,7633.05,7475.0,5,600,0.2552,0.003185
2026-09-16 12:04:56,SPX,7616.5,7633.05,7760.0,659,96,0.1747,0.003185
2026-09-16 12:04:56,SPX,7616.5,7633.05,7470.0,35,922,0.2572,0.003185
2026-09-16 12:04:56,SPX,7616.5,7633.05,7765.0,277,48,0.175,0.003185
2026-09-16 12:04:56,SPX,7616.5,7633.05,7465.0,8,146,0.2593,0.003185
2026-09-16 12:04:56,SPX,7616.5,7633.05,7770.0,1165,63,0.1755,0.003185
2026-09-16 12:04:56,SPX,7616.5,7633.05,7460.0,1,846,0.2615,0.003185
2026-09-16 12:04:56,SPX,7616.5,7633.05,7775.0,967,57,0.1761,0.003185
2026-09-16 12:04:56,SPX,7616.5,7633.05,7455.0,0,135,0.2638,0.003185
2026-09-16 12:04:56,SPX,7616.5,7633.05,7780.0,445,39,0.177,0.003185
2026-09-16 12:04:56,SPX,7616.5,7633.05,7450.0,36,3615,0.2661,0.003185
2026-09-16 12:04:56,SPX,7616.5,7633.05,7785.0,307,9,0.1782,0.003185
2026-09-16 12:04:56,SPX,7616.5,7633.05,7445.0,0,207,0.2684,0.003185
2026-09-16 12:04:56,SPX,7616.5,7633.05,7790.0,390,24,0.1795,0.003185
2026-09-16 12:04:56,SPX,7616.5,7633.05,7440.0,7,542,0.2707,0.003185
2026-09-16 12:04:56,SPX,7616.5,7633.05,7795.0,433,0,0.1811,0.003185
2026-09-16 12:04:56,SPX,7616.5,7633.05,7435.0,0,197,0.273,0.003185
2026-09-16 12:04:56,SPX,7616.5,7633.05,7800.0,2764,91,0.1828,0.003185
2026-09-16 12:04:56,SPX,7616.5,7633.05,7430.0,2,276,0.2753,0.003185
2026-09-16 12:04:56,SPX,7616.5,7633.05,7805.0,1724,3,0.1848,0.003185
2026-09-16 12:04:56,SPX,7616.5,7633.05,7425.0,30,1695,0.2775,0.003185
2026-09-16 12:04:56,SPX,7616.5,7633.05,7810.0,508,4,0.187,0.003185
2026-09-16 12:04:56,SPX,7616.5,7633.05,7420.0,26,1347,0.2798,0.003185
2026-09-16 12:04:56,SPX,7616.5,7633.05,7815.0,404,2,0.1893,0.003185
2026-09-16 12:04:56,SPX,7616.5,7633.05,7415.0,0,167,0.2821,0.003185
2026-09-16 12:04:56,SPX,7616.5,7633.05,7820.0,309,16,0.1917,0.003185
2026-09-16 12:04:56,SPX,7616.5,7633.05,7410.0,1,216,0.2844,0.003185
2026-09-16 12:04:56,SPX,7616.5,7633.05,7825.0,790,61,0.1943,0.003185
2026-09-16 12:04:56,SPX,7616.5,7633.05,7405.0,10,141,0.2867,0.003185
2026-09-16 12:04:56,SPX,7616.5,7633.05,7830.0,512,3,0.197,0.003185
2026-09-16 12:04:56,SPX,7616.5,7633.05,7400.0,18,1023,0.2891,0.003185
2026-09-16 12:04:56,SPX,7616.5,7633.05,7835.0,489,0,0.1999,0.003185
2026-09-16 12:04:56,SPX,7616.5,7633.05,7395.0,0,114,0.2915,0.003185
2026-09-16 12:04:56,SPX,7616.5,7633.05,7840.0,382,23,0.2028,0.003185
2026-09-16 12:04:56,SPX,7616.5,7633.05,7390.0,0,1244,0.294,0.003185
2026-09-16 12:04:56,SPX,7616.5,7633.05,7845.0,408,0,0.2059,0.003185
2026-09-16 12:04:56,SPX,7616.5,7633.05,7385.0,1,131,0.2966,0.003185
2026-09-16 12:04:56,SPX,7616.5,7633.05,7850.0,593,45,0.209,0.003185
2026-09-16 12:04:56,SPX,7616.5,7633.05,7380.0,30,1143,0.2992,0.003185
2026-09-16 12:04:56,SPX,7616.5,7633.05,7855.0,232,1,0.2123,0.003185
2026-09-16 12:04:56,SPX,7616.5,7633.05,7375.0,5,270,0.3019,0.003185
2026-09-16 12:04:56,SPX,7616.5,7633.05,7860.0,295,0,0.2157,0.003185
2026-09-16 12:04:56,SPX,7616.5,7633.05,7370.0,30,197,0.3046,0.003185
2026-09-16 12:04:56,SPX,7616.5,7633.05,7865.0,199,0,0.2191,0.003185
2026-09-16 12:04:56,SPX,7616.5,7633.05,7615.0,824,2306,0.1885,0.005923
2026-09-16 12:04:56,SPX,7616.5,7633.05,7620.0,677,534,0.1871,0.005923
2026-09-16 12:04:56,SPX,7616.5,7633.05,7610.0,613,1017,0.1901,0.005923
2026-09-16 12:04:56,SPX,7616.5,7633.05,7625.0,1644,4596,0.1856,0.005923
2026-09-16 12:04:56,SPX,7616.5,7633.05,7605.0,681,2783,0.1916,0.005923
2026-09-16 12:04:56,SPX,7616.5,7633.05,7630.0,449,3371,0.1839,0.005923
2026-09-16 12:04:56,SPX,7616.5,7633.05,7600.0,4452,6174,0.1932,0.005923
2026-09-16 12:04:56,SPX,7616.5,7633.05,7635.0,935,1265,0.1823,0.005923
2026-09-16 12:04:56,SPX,7616.5,7633.05,7595.0,256,748,0.1947,0.005923
2026-09-16 12:04:56,SPX,7616.5,7633.05,7640.0,847,1282,0.1806,0.005923
2026-09-16 12:04:56,SPX,7616.5,7633.05,7590.0,523,1071,0.1962,0.005923
2026-09-16 12:04:56,SPX,7616.5,7633.05,7645.0,516,396,0.179,0.005923
2026-09-16 12:04:56,SPX,7616.5,7633.05,7585.0,467,562,0.1976,0.005923
2026-09-16 12:04:56,SPX,7616.5,7633.05,7650.0,5583,6131,0.1776,0.005923
2026-09-16 12:04:56,SPX,7616.5,7633.05,7580.0,737,884,0.1989,0.005923
2026-09-16 12:04:56,SPX,7616.5,7633.05,7655.0,541,3273,0.1763,0.005923
2026-09-16 12:04:56,SPX,7616.5,7633.05,7575.0,563,2354,0.1999,0.005923
2026-09-16 12:04:56,SPX,7616.5,7633.05,7660.0,2366,2501,0.1749,0.005923
2026-09-16 12:04:56,SPX,7616.5,7633.05,7570.0,304,911,0.2022,0.005923
2026-09-16 12:04:56,SPX,7616.5,7633.05,7665.0,587,424,0.1737,0.005923
2026-09-16 12:04:56,SPX,7616.5,7633.05,7565.0,642,565,0.2039,0.005923
2026-09-16 12:04:56,SPX,7616.5,7633.05,7670.0,956,765,0.1727,0.005923
2026-09-16 12:04:56,SPX,7616.5,7633.05,7560.0,0,975,0.2048,0.005923
2026-09-16 12:04:56,SPX,7616.5,7633.05,7675.0,4951,3262,0.1717,0.005923
2026-09-16 12:04:56,SPX,7616.5,7633.05,7555.0,71,646,0.2061,0.005923
2026-09-16 12:04:56,SPX,7616.5,7633.05,7680.0,3640,675,0.1705,0.005923
2026-09-16 12:04:56,SPX,7616.5,7633.05,7550.0,2542,8001,0.2078,0.005923
2026-09-16 12:04:56,SPX,7616.5,7633.05,7685.0,948,449,0.1692,0.005923
2026-09-16 12:04:56,SPX,7616.5,7633.05,7545.0,1938,2223,0.2098,0.005923
2026-09-16 12:04:56,SPX,7616.5,7633.05,7690.0,848,1633,0.1678,0.005923
2026-09-16 12:04:56,SPX,7616.5,7633.05,7540.0,112,1224,0.2116,0.005923
2026-09-16 12:04:56,SPX,7616.5,7633.05,7695.0,1848,661,0.1666,0.005923
2026-09-16 12:04:56,SPX,7616.5,7633.05,7535.0,138,1053,0.213,0.005923
2026-09-16 12:04:56,SPX,7616.5,7633.05,7700.0,6428,2978,0.1654,0.005923
2026-09-16 12:04:56,SPX,7616.5,7633.05,7530.0,107,902,0.2145,0.005923
2026-09-16 12:04:56,SPX,7616.5,7633.05,7705.0,3427,674,0.1643,0.005923
2026-09-16 12:04:56,SPX,7616.5,7633.05,7525.0,224,1094,0.2164,0.005923
2026-09-16 12:04:56,SPX,7616.5,7633.05,7710.0,685,395,0.1634,0.005923
2026-09-16 12:04:56,SPX,7616.5,7633.05,7520.0,81,1121,0.2183,0.005923
2026-09-16 12:04:56,SPX,7616.5,7633.05,7715.0,1261,358,0.1627,0.005923
2026-09-16 12:04:56,SPX,7616.5,7633.05,7515.0,98,857,0.2198,0.005923
2026-09-16 12:04:56,SPX,7616.5,7633.05,7720.0,691,1183,0.162,0.005923
2026-09-16 12:04:56,SPX,7616.5,7633.05,7510.0,151,791,0.221,0.005923
2026-09-16 12:04:56,SPX,7616.5,7633.05,7725.0,3172,1236,0.1613,0.005923
2026-09-16 12:04:56,SPX,7616.5,7633.05,7505.0,101,570,0.2225,0.005923
2026-09-16 12:04:56,SPX,7616.5,7633.05,7730.0,742,502,0.1607,0.005923
2026-09-16 12:04:56,SPX,7616.5,7633.05,7500.0,819,4301,0.224,0.005923
2026-09-16 12:04:56,SPX,7616.5,7633.05,7735.0,1089,670,0.1601,0.005923
2026-09-16 12:04:56,SPX,7616.5,7633.05,7495.0,617,1363,0.2261,0.005923
2026-09-16 12:04:56,SPX,7616.5,7633.05,7740.0,1180,403,0.1595,0.005923
2026-09-16 12:04:56,SPX,7616.5,7633.05,7490.0,69,888,0.2282,0.005923
2026-09-16 12:04:56,SPX,7616.5,7633.05,7745.0,756,201,0.1589,0.005923
2026-09-16 12:04:56,SPX,7616.5,7633.05,7485.0,57,460,0.2294,0.005923
2026-09-16 12:04:56,SPX,7616.5,7633.05,7750.0,3322,1482,0.1584,0.005923
2026-09-16 12:04:56,SPX,7616.5,7633.05,7480.0,116,1004,0.2304,0.005923
2026-09-16 12:04:56,SPX,7616.5,7633.05,7755.0,1070,202,0.1579,0.005923
2026-09-16 12:04:56,SPX,7616.5,7633.05,7475.0,331,1654,0.2323,0.005923
2026-09-16 12:04:56,SPX,7616.5,7633.05,7760.0,1383,88,0.1574,0.005923
2026-09-16 12:04:56,SPX,7616.5,7633.05,7470.0,106,1040,0.2353,0.005923
2026-09-16 12:04:56,SPX,7616.5,7633.05,7765.0,1371,221,0.1571,0.005923
2026-09-16 12:04:56,SPX,7616.5,7633.05,7465.0,36,699,0.2365,0.005923
2026-09-16 12:04:56,SPX,7616.5,7633.05,7770.0,1023,281,0.157,0.005923
2026-09-16 12:04:56,SPX,7616.5,7633.05,7460.0,48,936,0.2386,0.005923
2026-09-16 12:04:56,SPX,7616.5,7633.05,7775.0,2270,480,0.1569,0.005923
2026-09-16 12:04:56,SPX,7616.5,7633.05,7455.0,72,498,0.2405,0.005923
2026-09-16 12:04:56,SPX,7616.5,7633.05,7780.0,1885,250,0.157,0.005923
2026-09-16 12:04:56,SPX,7616.5,7633.05,7450.0,345,2994,0.2422,0.005923
2026-09-16 12:04:56,SPX,7616.5,7633.05,7785.0,1490,259,0.1572,0.005923
2026-09-16 12:04:56,SPX,7616.5,7633.05,7445.0,70,637,0.2437,0.005923
2026-09-16 12:04:56,SPX,7616.5,7633.05,7790.0,1372,180,0.1576,0.005923
2026-09-16 12:04:56,SPX,7616.5,7633.05,7440.0,99,1414,0.2461,0.005923
2026-09-16 12:04:56,SPX,7616.5,7633.05,7795.0,657,146,0.1581,0.005923
2026-09-16 12:04:56,SPX,7616.5,7633.05,7435.0,20,1668,0.2482,0.005923
2026-09-16 12:04:56,SPX,7616.5,7633.05,7800.0,5534,704,0.1588,0.005923
2026-09-16 12:04:56,SPX,7616.5,7633.05,7430.0,84,684,0.2488,0.005923
2026-09-16 12:04:56,SPX,7616.5,7633.05,7805.0,1041,62,0.1597,0.005923
2026-09-16 12:04:56,SPX,7616.5,7633.05,7425.0,437,2470,0.25,0.005923
2026-09-16 12:04:56,SPX,7616.5,7633.05,7810.0,1002,79,0.1608,0.005923
2026-09-16 12:04:56,SPX,7616.5,7633.05,7420.0,96,701,0.2536,0.005923
2026-09-16 12:04:56,SPX,7616.5,7633.05,7815.0,1981,47,0.1621,0.005923
2026-09-16 12:04:56,SPX,7616.5,7633.05,7415.0,54,789,0.2551,0.005923
2026-09-16 12:04:56,SPX,7616.5,7633.05,7820.0,3113,76,0.1635,0.005923
2026-09-16 12:04:56,SPX,7616.5,7633.05,7410.0,280,1211,0.2572,0.005923
2026-09-16 12:04:56,SPX,7616.5,7633.05,7825.0,2682,125,0.1651,0.005923
2026-09-16 12:04:56,SPX,7616.5,7633.05,7405.0,156,555,0.2587,0.005923
2026-09-16 12:04:56,SPX,7616.5,7633.05,7830.0,1325,69,0.1668,0.005923
2026-09-16 12:04:56,SPX,7616.5,7633.05,7400.0,1053,5844,0.2604,0.005923
2026-09-16 12:04:56,SPX,7616.5,7633.05,7835.0,698,18,0.1686,0.005923
2026-09-16 12:04:56,SPX,7616.5,7633.05,7395.0,31,2121,0.2621,0.005923
2026-09-16 12:04:56,SPX,7616.5,7633.05,7840.0,1847,57,0.1705,0.005923
2026-09-16 12:04:56,SPX,7616.5,7633.05,7390.0,35,889,0.2636,0.005923
2026-09-16 12:04:56,SPX,7616.5,7633.05,7845.0,511,35,0.1725,0.005923
2026-09-16 12:04:56,SPX,7616.5,7633.05,7385.0,78,608,0.2655,0.005923
2026-09-16 12:04:56,SPX,7616.5,7633.05,7850.0,3733,59,0.1746,0.005923
2026-09-16 12:04:56,SPX,7616.5,7633.05,7380.0,68,1297,0.2679,0.005923
2026-09-16 12:04:56,SPX,7616.5,7633.05,7855.0,801,26,0.1767,0.005923
2026-09-16 12:04:56,SPX,7616.5,7633.05,7375.0,138,1788,0.2705,0.005923
2026-09-16 12:04:56,SPX,7616.5,7633.05,7860.0,818,19,0.1789,0.005923
2026-09-16 12:04:56,SPX,7616.5,7633.05,7370.0,99,816,0.273,0.005923
2026-09-16 12:04:56,SPX,7616.5,7633.05,7865.0,681,11,0.1812,0.005923
2026-09-16 12:34:58,SPX,7609.32,7625.89,7610.0,728,696,0.406,0.00039
2026-09-16 12:34:58,SPX,7609.32,7625.89,7605.0,536,385,0.4094,0.00039
2026-09-16 12:34:58,SPX,7609.32,7625.89,7615.0,696,248,0.4025,0.00039
2026-09-16 12:34:58,SPX,7609.32,7625.89,7600.0,1581,2828,0.4129,0.00039
2026-09-16 12:34:58,SPX,7609.32,7625.89,7620.0,1590,465,0.4,0.00039
2026-09-16 12:34:58,SPX,7609.32,7625.89,7595.0,665,1256,0.15,0.00039
2026-09-16 12:34:58,SPX,7609.32,7625.89,7625.0,1035,3421,0.3842,0.00039
2026-09-16 12:34:58,SPX,7609.32,7625.89,7590.0,901,1203,0.15,0.00039
2026-09-16 12:34:58,SPX,7609.32,7625.89,7630.0,699,395,0.4256,0.00039
2026-09-16 12:34:58,SPX,7609.32,7625.89,7585.0,1009,1287,0.4218,0.00039
2026-09-16 12:34:58,SPX,7609.32,7625.89,7635.0,872,633,0.3911,0.00039
2026-09-16 12:34:58,SPX,7609.32,7625.89,7580.0,613,1441,0.4021,0.00039
2026-09-16 12:34:58,SPX,7609.32,7625.89,7640.0,1498,305,0.15,0.00039
2026-09-16 12:34:58,SPX,7609.32,7625.89,7575.0,354,1633,0.4285,0.00039
2026-09-16 12:34:58,SPX,7609.32,7625.89,7645.0,900,0,0.3859,0.00039
2026-09-16 12:34:58,SPX,7609.32,7625.89,7570.0,258,1147,0.4312,0.00039
2026-09-16 12:34:58,SPX,7609.32,7625.89,7650.0,5504,0,0.3832,0.00039
2026-09-16 12:34:58,SPX,7609.32,7625.89,7655.0,1381,0,0.15,0.00039
2026-09-16 12:34:58,SPX,7609.32,7625.89,7560.0,0,864,0.15,0.00039
2026-09-16 12:34:58,SPX,7609.32,7625.89,7555.0,0,425,0.4398,0.00039
2026-09-16 12:34:58,SPX,7609.32,7625.89,7665.0,0,330,0.3754,0.00039
2026-09-16 12:34:58,SPX,7609.32,7625.89,7550.0,203,1759,0.4428,0.00039
2026-09-16 12:34:58,SPX,7609.32,7625.89,7670.0,1760,823,0.3742,0.00039
2026-09-16 12:34:58,SPX,7609.32,7625.89,7545.0,68,696,0.4451,0.00039
2026-09-16 12:34:58,SPX,7609.32,7625.89,7675.0,5088,1003,0.3727,0.00039
2026-09-16 12:34:58,SPX,7609.32,7625.89,7540.0,110,1186,0.4492,0.00039
2026-09-16 12:34:58,SPX,7609.32,7625.89,7680.0,1642,862,0.3715,0.00039
2026-09-16 12:34:58,SPX,7609.32,7625.89,7535.0,91,984,0.4522,0.00039
2026-09-16 12:34:58,SPX,7609.32,7625.89,7685.0,2259,346,0.3706,0.00039
2026-09-16 12:34:58,SPX,7609.32,7625.89,7530.0,136,1307,0.4536,0.00039
2026-09-16 12:34:58,SPX,7609.32,7625.89,7690.0,1304,255,0.3701,0.00039
2026-09-16 12:34:58,SPX,7609.32,7625.89,7525.0,1254,3613,0.4569,0.00039
2026-09-16 12:34:58,SPX,7609.32,7625.89,7695.0,1192,117,0.3699,0.00039
2026-09-16 12:34:58,SPX,7609.32,7625.89,7520.0,1244,1619,0.4604,0.00039
2026-09-16 12:34:58,SPX,7609.32,7625.89,7700.0,3233,798,0.3703,0.00039
2026-09-16 12:34:58,SPX,7609.32,7625.89,7515.0,119,819,0.4627,0.00039
2026-09-16 12:34:58,SPX,7609.32,7625.89,7705.0,1040,2079,0.3714,0.00039
2026-09-16 12:34:58,SPX,7609.32,7625.89,7510.0,132,1033,0.467,0.00039
2026-09-16 12:34:58,SPX,7609.32,7625.89,7710.0,1456,97,0.373,0.00039
2026-09-16 12:34:58,SPX,7609.32,7625.89,7505.0,94,629,0.4699,0.00039
2026-09-16 12:34:58,SPX,7609.32,7625.89,7715.0,843,1322,0.3749,0.00039
2026-09-16 12:34:58,SPX,7609.32,7625.89,7500.0,259,4369,0.4741,0.00039
2026-09-16 12:34:58,SPX,7609.32,7625.89,7720.0,2356,225,0.377,0.00039
2026-09-16 12:34:58,SPX,7609.32,7625.89,7495.0,67,773,0.4782,0.00039
2026-09-16 12:34:58,SPX,7609.32,7625.89,7725.0,1699,115,0.3806,0.00039
2026-09-16 12:34:58,SPX,7609.32,7625.89,7490.0,41,1228,0.4818,0.00039
2026-09-16 12:34:58,SPX,7609.32,7625.89,7730.0,3073,2050,0.3823,0.00039
2026-09-16 12:34:58,SPX,7609.32,7625.89,7485.0,19,656,0.4856,0.00039
2026-09-16 12:34:58,SPX,7609.32,7625.89,7735.0,1086,50,0.3864,0.00039
2026-09-16 12:34:58,SPX,7609.32,7625.89,7480.0,28,1242,0.4895,0.00039
2026-09-16 12:34:58,SPX,7609.32,7625.89,7740.0,1998,1349,0.3912,0.00039
2026-09-16 12:34:58,SPX,7609.32,7625.89,7475.0,33,1674,0.4938,0.00039
2026-09-16 12:34:58,SPX,7609.32,7625.89,7745.0,813,131,0.3962,0.00039
2026-09-16 12:34:58,SPX,7609.32,7625.89,7470.0,33,1552,0.4984,0.00039
2026-09-16 12:34:58,SPX,7609.32,7625.89,7750.0,1793,322,0.4012,0.00039
2026-09-16 12:34:58,SPX,7609.32,7625.89,7465.0,4,1127,0.5026,0.00039
2026-09-16 12:34:58,SPX,7609.32,7625.89,7755.0,2859,49,0.4064,0.00039
2026-09-16 12:34:58,SPX,7609.32,7625.89,7460.0,41,1524,0.506,0.00039
2026-09-16 12:34:58,SPX,7609.32,7625.89,7760.0,780,60,0.4116,0.00039
2026-09-16 12:34:58,SPX,7609.32,7625.89,7455.0,27,768,0.5132,0.00039
2026-09-16 12:34:58,SPX,7609.32,7625.89,7765.0,2335,34,0.4172,0.00039
2026-09-16 12:34:58,SPX,7609.32,7625.89,7450.0,107,2811,0.5203,0.00039
2026-09-16 12:34:58,SPX,7609.32,7625.89,7770.0,1592,40,0.423,0.00039
2026-09-16 12:34:58,SPX,7609.32,7625.89,7445.0,2,1150,0.5261,0.00039
2026-09-16 12:34:58,SPX,7609.32,7625.89,7775.0,2381,67,0.4293,0.00039
2026-09-16 12:34:58,SPX,7609.32,7625.89,7440.0,6,2097,0.5316,0.00039
2026-09-16 12:34:58,SPX,7609.32,7625.89,7780.0,4304,28,0.4359,0.00039
2026-09-16 12:34:58,SPX,7609.32,7625.89,7435.0,4,929,0.5373,0.00039
2026-09-16 12:34:58,SPX,7609.32,7625.89,7785.0,492,113,0.4429,0.00039
2026-09-16 12:34:58,SPX,7609.32,7625.89,7430.0,8,973,0.5435,0.00039
2026-09-16 12:34:58,SPX,7609.32,7625.89,7790.0,3122,27,0.4504,0.00039
2026-09-16 12:34:58,SPX,7609.32,7625.89,7425.0,9,1181,0.5502,0.00039
2026-09-16 12:34:58,SPX,7609.32,7625.89,7795.0,563,12,0.4583,0.00039
2026-09-16 12:34:58,SPX,7609.32,7625.89,7420.0,38,1350,0.5573,0.00039
2026-09-16 12:34:58,SPX,7609.32,7625.89,7800.0,2895,52,0.4666,0.00039
2026-09-16 12:34:58,SPX,7609.32,7625.89,7415.0,2,1866,0.5646,0.00039
2026-09-16 12:34:58,SPX,7609.32,7625.89,7805.0,1769,8,0.4752,0.00039
2026-09-16 12:34:58,SPX,7609.32,7625.89,7410.0,6,958,0.5722,0.00039
2026-09-16 12:34:58,SPX,7609.32,7625.89,7810.0,688,32,0.4836,0.00039
2026-09-16 12:34:58,SPX,7609.32,7625.89,7405.0,5,3661,0.5801,0.00039
2026-09-16 12:34:58,SPX,7609.32,7625.89,7815.0,598,4,0.4916,0.00039
2026-09-16 12:34:58,SPX,7609.32,7625.89,7400.0,93,4633,0.5881,0.00039
2026-09-16 12:34:58,SPX,7609.32,7625.89,7820.0,1539,62,0.4988,0.00039
2026-09-16 12:34:58,SPX,7609.32,7625.89,7395.0,0,1647,0.5963,0.00039
2026-09-16 12:34:58,SPX,7609.32,7625.89,7825.0,1183,53,0.505,0.00039
2026-09-16 12:34:58,SPX,7609.32,7625.89,7390.0,30,2806,0.6047,0.00039
2026-09-16 12:34:58,SPX,7609.32,7625.89,7830.0,744,129,0.5099,0.00039
2026-09-16 12:34:58,SPX,7609.32,7625.89,7385.0,1,1088,0.6132,0.00039
2026-09-16 12:34:58,SPX,7609.32,7625.89,7835.0,585,30,0.5135,0.00039
2026-09-16 12:34:58,SPX,7609.32,7625.89,7380.0,4,4519,0.6218,0.00039
2026-09-16 12:34:58,SPX,7609.32,7625.89,7840.0,706,1,0.5157,0.00039
2026-09-16 12:34:58,SPX,7609.32,7625.89,7375.0,0,1131,0.6305,0.00039
2026-09-16 12:34:58,SPX,7609.32,7625.89,7845.0,243,7,0.5166,0.00039
2026-09-16 12:34:58,SPX,7609.32,7625.89,7370.0,24,559,0.6393,0.00039
2026-09-16 12:34:58,SPX,7609.32,7625.89,7850.0,1588,129,0.5165,0.00039
2026-09-16 12:34:58,SPX,7609.32,7625.89,7365.0,10,537,0.6481,0.00039
2026-09-16 12:34:58,SPX,7609.32,7625.89,7855.0,274,0,0.5155,0.00039
2026-09-16 12:34:58,SPX,7609.32,7625.89,7360.0,12,3673,0.6569,0.00039
2026-09-16 12:34:58,SPX,7609.32,7625.89,7610.0,518,379,0.2093,0.003128
2026-09-16 12:34:58,SPX,7609.32,7625.89,7605.0,235,186,0.21,0.003128
2026-09-16 12:34:58,SPX,7609.32,7625.89,7615.0,213,167,0.2069,0.003128
2026-09-16 12:34:58,SPX,7609.32,7625.89,7600.0,396,861,0.2121,0.003128
2026-09-16 12:34:58,SPX,7609.32,7625.89,7620.0,224,227,0.2051,0.003128
2026-09-16 12:34:58,SPX,7609.32,7625.89,7595.0,191,566,0.2142,0.003128
2026-09-16 12:34:58,SPX,7609.32,7625.89,7625.0,337,668,0.2032,0.003128
2026-09-16 12:34:58,SPX,7609.32,7625.89,7590.0,120,337,0.2158,0.003128
2026-09-16 12:34:58,SPX,7609.32,7625.89,7630.0,308,317,0.2012,0.003128
2026-09-16 12:34:58,SPX,7609.32,7625.89,7585.0,213,349,0.2179,0.003128
2026-09-16 12:34:58,SPX,7609.32,7625.89,7635.0,171,165,0.1997,0.003128
2026-09-16 12:34:58,SPX,7609.32,7625.89,7580.0,334,832,0.2196,0.003128
2026-09-16 12:34:58,SPX,7609.32,7625.89,7640.0,187,315,0.1983,0.003128
2026-09-16 12:34:58,SPX,7609.32,7625.89,7575.0,119,382,0.2217,0.003128
2026-09-16 12:34:58,SPX,7609.32,7625.89,7645.0,441,200,0.1968,0.003128
2026-09-16 12:34:58,SPX,7609.32,7625.89,7570.0,178,645,0.2235,0.003128
2026-09-16 12:34:58,SPX,7609.32,7625.89,7650.0,528,3373,0.1954,0.003128
2026-09-16 12:34:58,SPX,7609.32,7625.89,7565.0,81,184,0.2252,0.003128
2026-09-16 12:34:58,SPX,7609.32,7625.89,7655.0,418,204,0.1942,0.003128
2026-09-16 12:34:58,SPX,7609.32,7625.89,7560.0,74,443,0.2271,0.003128
2026-09-16 12:34:58,SPX,7609.32,7625.89,7660.0,564,308,0.1929,0.003128
2026-09-16 12:34:58,SPX,7609.32,7625.89,7555.0,104,255,0.2298,0.003128
2026-09-16 12:34:58,SPX,7609.32,7625.89,7665.0,308,137,0.1914,0.003128
2026-09-16 12:34:58,SPX,7609.32,7625.89,7550.0,110,498,0.2305,0.003128
2026-09-16 12:34:58,SPX,7609.32,7625.89,7670.0,1238,550,0.1898,0.003128
2026-09-16 12:34:58,SPX,7609.32,7625.89,7545.0,99,166,0.2325,0.003128
2026-09-16 12:34:58,SPX,7609.32,7625.89,7675.0,4504,3959,0.1882,0.003128
2026-09-16 12:34:58,SPX,7609.32,7625.89,7540.0,22,759,0.2338,0.003128
2026-09-16 12:34:58,SPX,7609.32,7625.89,7680.0,979,193,0.1868,0.003128
2026-09-16 12:34:58,SPX,7609.32,7625.89,7535.0,47,242,0.2358,0.003128
2026-09-16 12:34:58,SPX,7609.32,7625.89,7685.0,224,88,0.1855,0.003128
2026-09-16 12:34:58,SPX,7609.32,7625.89,7530.0,28,286,0.2376,0.003128
2026-09-16 12:34:58,SPX,7609.32,7625.89,7690.0,656,304,0.1844,0.003128
2026-09-16 12:34:58,SPX,7609.32,7625.89,7525.0,90,526,0.2395,0.003128
2026-09-16 12:34:58,SPX,7609.32,7625.89,7695.0,261,208,0.1834,0.003128
2026-09-16 12:34:58,SPX,7609.32,7625.89,7520.0,22,451,0.241,0.003128
2026-09-16 12:34:58,SPX,7609.32,7625.89,7700.0,4669,304,0.1825,0.003128
2026-09-16 12:34:58,SPX,7609.32,7625.89,7515.0,24,224,0.2429,0.003128
2026-09-16 12:34:58,SPX,7609.32,7625.89,7705.0,708,157,0.1818,0.003128
2026-09-16 12:34:58,SPX,7609.32,7625.89,7510.0,64,420,0.2452,0.003128
2026-09-16 12:34:58,SPX,7609.32,7625.89,7710.0,413,137,0.1811,0.003128
2026-09-16 12:34:58,SPX,7609.32,7625.89,7505.0,23,199,0.2474,0.003128
2026-09-16 12:34:58,SPX,7609.32,7625.89,7715.0,306,166,0.1805,0.003128
2026-09-16 12:34:58,SPX,7609.32,7625.89,7500.0,76,2764,0.2493,0.003128
2026-09-16 12:34:58,SPX,7609.32,7625.89,7720.0,385,199,0.18,0.003128
2026-09-16 12:34:58,SPX,7609.32,7625.89,7495.0,2,158,0.251,0.003128
2026-09-16 12:34:58,SPX,7609.32,7625.89,7725.0,1017,163,0.1795,0.003128
2026-09-16 12:34:58,SPX,7609.32,7625.89,7490.0,2,821,0.2527,0.003128
2026-09-16 12:34:58,SPX,7609.32,7625.89,7730.0,659,126,0.179,0.003128
2026-09-16 12:34:58,SPX,7609.32,7625.89,7485.0,0,350,0.2543,0.003128
2026-09-16 12:34:58,SPX,7609.32,7625.89,7735.0,460,38,0.1786,0.003128
2026-09-16 12:34:58,SPX,7609.32,7625.89,7480.0,32,390,0.2558,0.003128
2026-09-16 12:34:58,SPX,7609.32,7625.89,7740.0,646,124,0.1783,0.003128
2026-09-16 12:34:58,SPX,7609.32,7625.89,7475.0,5,600,0.2573,0.003128
2026-09-16 12:34:58,SPX,7609.32,7625.89,7745.0,338,28,0.1781,0.003128
2026-09-16 12:34:58,SPX,7609.32,7625.89,7470.0,35,922,0.2588,0.003128
2026-09-16 12:34:58,SPX,7609.32,7625.89,7750.0,940,168,0.178,0.003128
2026-09-16 12:34:58,SPX,7609.32,7625.89,7465.0,8,146,0.2604,0.003128
2026-09-16 12:34:58,SPX,7609.32,7625.89,7755.0,281,37,0.1781,0.003128
2026-09-16 12:34:58,SPX,7609.32,7625.89,7460.0,1,846,0.2622,0.003128
2026-09-16 12:34:58,SPX,7609.32,7625.89,7760.0,659,96,0.1783,0.003128
2026-09-16 12:34:58,SPX,7609.32,7625.89,7455.0,0,135,0.2641,0.003128
2026-09-16 12:34:58,SPX,7609.32,7625.89,7765.0,277,48,0.1788,0.003128
2026-09-16 12:34:58,SPX,7609.32,7625.89,7450.0,36,3615,0.2661,0.003128
2026-09-16 12:34:58,SPX,7609.32,7625.89,7770.0,1165,63,0.1795,0.003128
2026-09-16 12:34:58,SPX,7609.32,7625.89,7445.0,0,207,0.2682,0.003128
2026-09-16 12:34:58,SPX,7609.32,7625.89,7775.0,967,57,0.1804,0.003128
2026-09-16 12:34:58,SPX,7609.32,7625.89,7440.0,7,542,0.2703,0.003128
2026-09-16 12:34:58,SPX,7609.32,7625.89,7780.0,445,39,0.1816,0.003128
2026-09-16 12:34:58,SPX,7609.32,7625.89,7435.0,0,197,0.2724,0.003128
2026-09-16 12:34:58,SPX,7609.32,7625.89,7785.0,307,9,0.1829,0.003128
2026-09-16 12:34:58,SPX,7609.32,7625.89,7430.0,2,276,0.2746,0.003128
2026-09-16 12:34:58,SPX,7609.32,7625.89,7790.0,390,24,0.1844,0.003128
2026-09-16 12:34:58,SPX,7609.32,7625.89,7425.0,30,1695,0.2768,0.003128
2026-09-16 12:34:58,SPX,7609.32,7625.89,7795.0,433,5,0.186,0.003128
2026-09-16 12:34:58,SPX,7609.32,7625.89,7420.0,26,1347,0.279,0.003128
2026-09-16 12:34:58,SPX,7609.32,7625.89,7800.0,2764,91,0.1877,0.003128
2026-09-16 12:34:58,SPX,7609.32,7625.89,7415.0,0,167,0.2812,0.003128
2026-09-16 12:34:58,SPX,7609.32,7625.89,7805.0,1724,3,0.1895,0.003128
2026-09-16 12:34:58,SPX,7609.32,7625.89,7410.0,1,216,0.2833,0.003128
2026-09-16 12:34:58,SPX,7609.32,7625.89,7810.0,508,4,0.1913,0.003128
2026-09-16 12:34:58,SPX,7609.32,7625.89,7405.0,10,141,0.2855,0.003128
2026-09-16 12:34:58,SPX,7609.32,7625.89,7815.0,404,2,0.1932,0.003128
2026-09-16 12:34:58,SPX,7609.32,7625.89,7400.0,18,1023,0.2878,0.003128
2026-09-16 12:34:58,SPX,7609.32,7625.89,7820.0,309,16,0.1953,0.003128
2026-09-16 12:34:58,SPX,7609.32,7625.89,7825.0,790,61,0.1974,0.003128
2026-09-16 12:34:58,SPX,7609.32,7625.89,7830.0,512,3,0.1997,0.003128
2026-09-16 12:34:58,SPX,7609.32,7625.89,7385.0,1,131,0.2946,0.003128
2026-09-16 12:34:58,SPX,7609.32,7625.89,7835.0,489,0,0.2022,0.003128
2026-09-16 12:34:58,SPX,7609.32,7625.89,7375.0,5,270,0.2994,0.003128
2026-09-16 12:34:58,SPX,7609.32,7625.89,7845.0,408,0,0.2076,0.003128
2026-09-16 12:34:58,SPX,7609.32,7625.89,7370.0,30,197,0.3019,0.003128
2026-09-16 12:34:58,SPX,7609.32,7625.89,7850.0,593,45,0.2106,0.003128
2026-09-16 12:34:58,SPX,7609.32,7625.89,7365.0,0,126,0.3044,0.003128
2026-09-16 12:34:58,SPX,7609.32,7625.89,7855.0,232,1,0.2136,0.003128
2026-09-16 12:34:58,SPX,7609.32,7625.89,7360.0,3,296,0.307,0.003128
2026-09-16 12:34:58,SPX,7609.32,7625.89,7610.0,613,1017,0.191,0.005866
2026-09-16 12:34:58,SPX,7609.32,7625.89,7605.0,681,2783,0.1924,0.005866
2026-09-16 12:34:58,SPX,7609.32,7625.89,7615.0,824,2306,0.1895,0.005866
2026-09-16 12:34:58,SPX,7609.32,7625.89,7600.0,4452,6174,0.1939,0.005866
2026-09-16 12:34:58,SPX,7609.32,7625.89,7620.0,677,534,0.1878,0.005866
2026-09-16 12:34:58,SPX,7609.32,7625.89,7595.0,256,748,0.1954,0.005866
2026-09-16 12:34:58,SPX,7609.32,7625.89,7625.0,1644,4596,0.1862,0.005866
2026-09-16 12:34:58,SPX,7609.32,7625.89,7590.0,523,1071,0.1968,0.005866
2026-09-16 12:34:58,SPX,7609.32,7625.89,7630.0,449,3371,0.1847,0.005866
2026-09-16 12:34:58,SPX,7609.32,7625.89,7585.0,467,562,0.1983,0.005866
2026-09-16 12:34:58,SPX,7609.32,7625.89,7635.0,935,1265,0.1833,0.005866
2026-09-16 12:34:58,SPX,7609.32,7625.89,7580.0,737,884,0.1996,0.005866
2026-09-16 12:34:58,SPX,7609.32,7625.89,7640.0,847,1282,0.1818,0.005866
2026-09-16 12:34:58,SPX,7609.32,7625.89,7575.0,563,2354,0.2005,0.005866
2026-09-16 12:34:58,SPX,7609.32,7625.89,7645.0,516,396,0.1802,0.005866
2026-09-16 12:34:58,SPX,7609.32,7625.89,7570.0,304,911,0.2026,0.005866
2026-09-16 12:34:58,SPX,7609.32,7625.89,7650.0,5583,6131,0.1787,0.005866
2026-09-16 12:34:58,SPX,7609.32,7625.89,7565.0,642,565,0.2041,0.005866
2026-09-16 12:34:58,SPX,7609.32,7625.89,7655.0,541,3273,0.1774,0.005866
2026-09-16 12:34:58,SPX,7609.32,7625.89,7560.0,209,975,0.2051,0.005866
2026-09-16 12:34:58,SPX,7609.32,7625.89,7660.0,2366,2501,0.1763,0.005866
2026-09-16 12:34:58,SPX,7609.32,7625.89,7555.0,71,646,0.2064,0.005866
2026-09-16 12:34:58,SPX,7609.32,7625.89,7665.0,587,424,0.1752,0.005866
2026-09-16 12:34:58,SPX,7609.32,7625.89,7550.0,2542,8001,0.2077,0.005866
2026-09-16 12:34:58,SPX,7609.32,7625.89,7670.0,956,765,0.174,0.005866
2026-09-16 12:34:58,SPX,7609.32,7625.89,7545.0,1938,2223,0.2096,0.005866
2026-09-16 12:34:58,SPX,7609.32,7625.89,7675.0,4951,3262,0.1727,0.005866
2026-09-16 12:34:58,SPX,7609.32,7625.89,7540.0,112,1224,0.2117,0.005866
2026-09-16 12:34:58,SPX,7609.32,7625.89,7680.0,3640,675,0.1713,0.005866
2026-09-16 12:34:58,SPX,7609.32,7625.89,7535.0,138,1053,0.2133,0.005866
2026-09-16 12:34:58,SPX,7609.32,7625.89,7685.0,948,449,0.1699,0.005866
2026-09-16 12:34:58,SPX,7609.32,7625.89,7530.0,107,902,0.2144,0.005866
2026-09-16 12:34:58,SPX,7609.32,7625.89,7690.0,848,1633,0.1686,0.005866
2026-09-16 12:34:58,SPX,7609.32,7625.89,7525.0,224,1094,0.2157,0.005866
2026-09-16 12:34:58,SPX,7609.32,7625.89,7695.0,1848,661,0.1674,0.005866
2026-09-16 12:34:58,SPX,7609.32,7625.89,7520.0,81,1121,0.2173,0.005866
2026-09-16 12:34:58,SPX,7609.32,7625.89,7700.0,6428,2978,0.1664,0.005866
2026-09-16 12:34:58,SPX,7609.32,7625.89,7515.0,98,857,0.2189,0.005866
2026-09-16 12:34:58,SPX,7609.32,7625.89,7705.0,3427,674,0.1655,0.005866
2026-09-16 12:34:58,SPX,7609.32,7625.89,7510.0,151,791,0.2202,0.005866
2026-09-16 12:34:58,SPX,7609.32,7625.89,7710.0,685,395,0.1647,0.005866
2026-09-16 12:34:58,SPX,7609.32,7625.89,7505.0,101,570,0.2216,0.005866
2026-09-16 12:34:58,SPX,7609.32,7625.89,7715.0,1261,358,0.164,0.005866
2026-09-16 12:34:58,SPX,7609.32,7625.89,7500.0,819,4301,0.2228,0.005866
2026-09-16 12:34:58,SPX,7609.32,7625.89,7720.0,691,1183,0.1634,0.005866
2026-09-16 12:34:58,SPX,7609.32,7625.89,7495.0,617,1363,0.2249,0.005866
2026-09-16 12:34:58,SPX,7609.32,7625.89,7725.0,3172,1236,0.1627,0.005866
2026-09-16 12:34:58,SPX,7609.32,7625.89,7490.0,69,888,0.2271,0.005866
2026-09-16 12:34:58,SPX,7609.32,7625.89,7730.0,742,502,0.1621,0.005866
2026-09-16 12:34:58,SPX,7609.32,7625.89,7485.0,57,460,0.2285,0.005866
2026-09-16 12:34:58,SPX,7609.32,7625.89,7735.0,1089,670,0.1615,0.005866
2026-09-16 12:34:58,SPX,7609.32,7625.89,7480.0,116,1004,0.2292,0.005866
2026-09-16 12:34:58,SPX,7609.32,7625.89,7740.0,1180,403,0.1609,0.005866
2026-09-16 12:34:58,SPX,7609.32,7625.89,7475.0,331,1654,0.2315,0.005866
2026-09-16 12:34:58,SPX,7609.32,7625.89,7745.0,756,201,0.1603,0.005866
2026-09-16 12:34:58,SPX,7609.32,7625.89,7470.0,106,1040,0.234,0.005866
2026-09-16 12:34:58,SPX,7609.32,7625.89,7750.0,3322,1482,0.1597,0.005866
2026-09-16 12:34:58,SPX,7609.32,7625.89,7465.0,36,699,0.2357,0.005866
2026-09-16 12:34:58,SPX,7609.32,7625.89,7755.0,1070,202,0.1592,0.005866
2026-09-16 12:34:58,SPX,7609.32,7625.89,7460.0,48,936,0.2369,0.005866
2026-09-16 12:34:58,SPX,7609.32,7625.89,7760.0,1383,88,0.1588,0.005866
2026-09-16 12:34:58,SPX,7609.32,7625.89,7455.0,72,498,0.2391,0.005866
2026-09-16 12:34:58,SPX,7609.32,7625.89,7765.0,1371,221,0.1586,0.005866
2026-09-16 12:34:58,SPX,7609.32,7625.89,7450.0,345,2994,0.2403,0.005866
2026-09-16 12:34:58,SPX,7609.32,7625.89,7770.0,1023,281,0.1584,0.005866
2026-09-16 12:34:58,SPX,7609.32,7625.89,7445.0,70,637,0.2422,0.005866
2026-09-16 12:34:58,SPX,7609.32,7625.89,7775.0,2270,480,0.1585,0.005866
2026-09-16 12:34:58,SPX,7609.32,7625.89,7440.0,99,1414,0.2447,0.005866
2026-09-16 12:34:58,SPX,7609.32,7625.89,7780.0,1885,250,0.1586,0.005866
2026-09-16 12:34:58,SPX,7609.32,7625.89,7435.0,0,1668,0.246,0.005866
2026-09-16 12:34:58,SPX,7609.32,7625.89,7785.0,1490,259,0.159,0.005866
2026-09-16 12:34:58,SPX,7609.32,7625.89,7430.0,84,684,0.2483,0.005866
2026-09-16 12:34:58,SPX,7609.32,7625.89,7790.0,1372,180,0.1595,0.005866
2026-09-16 12:34:58,SPX,7609.32,7625.89,7425.0,437,2470,0.2492,0.005866
2026-09-16 12:34:58,SPX,7609.32,7625.89,7795.0,657,146,0.1602,0.005866
2026-09-16 12:34:58,SPX,7609.32,7625.89,7420.0,96,701,0.2511,0.005866
2026-09-16 12:34:58,SPX,7609.32,7625.89,7800.0,5534,704,0.161,0.005866
2026-09-16 12:34:58,SPX,7609.32,7625.89,7415.0,54,789,0.2529,0.005866
2026-09-16 12:34:58,SPX,7609.32,7625.89,7805.0,1041,62,0.162,0.005866
2026-09-16 12:34:58,SPX,7609.32,7625.89,7410.0,280,1211,0.2548,0.005866
2026-09-16 12:34:58,SPX,7609.32,7625.89,7810.0,1002,79,0.1632,0.005866
2026-09-16 12:34:58,SPX,7609.32,7625.89,7405.0,156,555,0.2563,0.005866
2026-09-16 12:34:58,SPX,7609.32,7625.89,7815.0,1981,47,0.1645,0.005866
2026-09-16 12:34:58,SPX,7609.32,7625.89,7400.0,1053,5844,0.2583,0.005866
2026-09-16 12:34:58,SPX,7609.32,7625.89,7820.0,3113,76,0.166,0.005866
2026-09-16 12:34:58,SPX,7609.32,7625.89,7395.0,31,2121,0.2602,0.005866
2026-09-16 12:34:58,SPX,7609.32,7625.89,7825.0,2682,125,0.1676,0.005866
2026-09-16 12:34:58,SPX,7609.32,7625.89,7390.0,35,889,0.2618,0.005866
2026-09-16 12:34:58,SPX,7609.32,7625.89,7830.0,1325,69,0.1693,0.005866
2026-09-16 12:34:58,SPX,7609.32,7625.89,7385.0,78,608,0.2633,0.005866
2026-09-16 12:34:58,SPX,7609.32,7625.89,7835.0,698,18,0.1711,0.005866
2026-09-16 12:34:58,SPX,7609.32,7625.89,7380.0,68,1297,0.2649,0.005866
2026-09-16 12:34:58,SPX,7609.32,7625.89,7840.0,1847,57,0.1729,0.005866
2026-09-16 12:34:58,SPX,7609.32,7625.89,7375.0,138,1788,0.2667,0.005866
2026-09-16 12:34:58,SPX,7609.32,7625.89,7845.0,511,35,0.1749,0.005866
2026-09-16 12:34:58,SPX,7609.32,7625.89,7370.0,99,816,0.2689,0.005866
2026-09-16 12:34:58,SPX,7609.32,7625.89,7850.0,3733,59,0.177,0.005866
2026-09-16 12:34:58,SPX,7609.32,7625.89,7365.0,78,295,0.2713,0.005866
2026-09-16 12:34:58,SPX,7609.32,7625.89,7855.0,801,26,0.1791,0.005866
2026-09-16 12:34:58,SPX,7609.32,7625.89,7360.0,37,1655,0.2737,0.005866
2026-09-16 13:05:23,SPX,7605.05,7618.41,7605.0,536,385,0.4309,0.000332
2026-09-16 13:05:23,SPX,7605.05,7618.41,7610.0,728,696,0.4278,0.000332
2026-09-16 13:05:23,SPX,7605.05,7618.41,7600.0,1581,2828,0.435,0.000332
2026-09-16 13:05:23,SPX,7605.05,7618.41,7615.0,696,248,0.4238,0.000332
2026-09-16 13:05:23,SPX,7605.05,7618.41,7595.0,665,1256,0.4383,0.000332
2026-09-16 13:05:23,SPX,7605.05,7618.41,7620.0,1590,0,0.4204,0.000332
2026-09-16 13:05:23,SPX,7605.05,7618.41,7590.0,901,0,0.4407,0.000332
2026-09-16 13:05:23,SPX,7605.05,7618.41,7570.0,258,1147,0.4543,0.000332
2026-09-16 13:05:23,SPX,7605.05,7618.41,7645.0,900,604,0.4063,0.000332
2026-09-16 13:05:23,SPX,7605.05,7618.41,7565.0,106,585,0.4572,0.000332
2026-09-16 13:05:23,SPX,7605.05,7618.41,7650.0,5504,4413,0.4037,0.000332
2026-09-16 13:05:23,SPX,7605.05,7618.41,7560.0,205,864,0.4599,0.000332
2026-09-16 13:05:23,SPX,7605.05,7618.41,7655.0,1381,781,0.4017,0.000332
2026-09-16 13:05:23,SPX,7605.05,7618.41,7555.0,115,425,0.463,0.000332
2026-09-16 13:05:23,SPX,7605.05,7618.41,7660.0,1545,335,0.3989,0.000332
2026-09-16 13:05:23,SPX,7605.05,7618.41,7550.0,203,1759,0.4659,0.000332
2026-09-16 13:05:23,SPX,7605.05,7618.41,7665.0,1030,330,0.3978,0.000332
2026-09-16 13:05:23,SPX,7605.05,7618.41,7545.0,68,696,0.4691,0.000332
2026-09-16 13:05:23,SPX,7605.05,7618.41,7670.0,1760,823,0.3969,0.000332
2026-09-16 13:05:23,SPX,7605.05,7618.41,7540.0,110,1186,0.4728,0.000332
2026-09-16 13:05:23,SPX,7605.05,7618.41,7675.0,5088,1003,0.3951,0.000332
2026-09-16 13:05:23,SPX,7605.05,7618.41,7535.0,91,984,0.476,0.000332
2026-09-16 13:05:23,SPX,7605.05,7618.41,7680.0,1642,862,0.394,0.000332
2026-09-16 13:05:23,SPX,7605.05,7618.41,7530.0,136,1307,0.4795,0.000332
2026-09-16 13:05:23,SPX,7605.05,7618.41,7685.0,2259,346,0.394,0.000332
2026-09-16 13:05:23,SPX,7605.05,7618.41,7525.0,1254,3613,0.4819,0.000332
2026-09-16 13:05:23,SPX,7605.05,7618.41,7690.0,1304,255,0.3958,0.000332
2026-09-16 13:05:23,SPX,7605.05,7618.41,7520.0,1244,1619,0.4864,0.000332
2026-09-16 13:05:23,SPX,7605.05,7618.41,7695.0,1192,117,0.3958,0.000332
2026-09-16 13:05:23,SPX,7605.05,7618.41,7515.0,119,819,0.4894,0.000332
2026-09-16 13:05:23,SPX,7605.05,7618.41,7700.0,3233,798,0.3964,0.000332
2026-09-16 13:05:23,SPX,7605.05,7618.41,7510.0,132,1033,0.4932,0.000332
2026-09-16 13:05:23,SPX,7605.05,7618.41,7705.0,1040,2079,0.3981,0.000332
2026-09-16 13:05:23,SPX,7605.05,7618.41,7505.0,94,629,0.4968,0.000332
2026-09-16 13:05:23,SPX,7605.05,7618.41,7710.0,1456,97,0.4005,0.000332
2026-09-16 13:05:23,SPX,7605.05,7618.41,7500.0,259,4369,0.5001,0.000332
2026-09-16 13:05:23,SPX,7605.05,7618.41,7715.0,843,1322,0.4034,0.000332
2026-09-16 13:05:23,SPX,7605.05,7618.41,7495.0,67,773,0.5037,0.000332
2026-09-16 13:05:23,SPX,7605.05,7618.41,7720.0,2356,225,0.4067,0.000332
2026-09-16 13:05:23,SPX,7605.05,7618.41,7490.0,41,1228,0.5081,0.000332
2026-09-16 13:05:23,SPX,7605.05,7618.41,7725.0,1699,115,0.4104,0.000332
2026-09-16 13:05:23,SPX,7605.05,7618.41,7485.0,19,656,0.5134,0.000332
2026-09-16 13:05:23,SPX,7605.05,7618.41,7730.0,3073,2050,0.4145,0.000332
2026-09-16 13:05:23,SPX,7605.05,7618.41,7480.0,28,1242,0.5183,0.000332
2026-09-16 13:05:23,SPX,7605.05,7618.41,7735.0,1086,50,0.4194,0.000332
2026-09-16 13:05:23,SPX,7605.05,7618.41,7475.0,33,1674,0.5233,0.000332
2026-09-16 13:05:23,SPX,7605.05,7618.41,7740.0,1998,1349,0.4249,0.000332
2026-09-16 13:05:23,SPX,7605.05,7618.41,7470.0,33,1552,0.5283,0.000332
2026-09-16 13:05:23,SPX,7605.05,7618.41,7745.0,813,131,0.431,0.000332
2026-09-16 13:05:23,SPX,7605.05,7618.41,7465.0,4,1127,0.5334,0.000332
2026-09-16 13:05:23,SPX,7605.05,7618.41,7750.0,1793,322,0.4375,0.000332
2026-09-16 13:05:23,SPX,7605.05,7618.41,7460.0,41,1524,0.5386,0.000332
2026-09-16 13:05:23,SPX,7605.05,7618.41,7755.0,2859,49,0.4445,0.000332
2026-09-16 13:05:23,SPX,7605.05,7618.41,7455.0,27,768,0.544,0.000332
2026-09-16 13:05:23,SPX,7605.05,7618.41,7760.0,780,60,0.4517,0.000332
2026-09-16 13:05:23,SPX,7605.05,7618.41,7450.0,107,2811,0.5504,0.000332
2026-09-16 13:05:23,SPX,7605.05,7618.41,7765.0,2335,34,0.4593,0.000332
2026-09-16 13:05:23,SPX,7605.05,7618.41,7445.0,2,1150,0.5566,0.000332
2026-09-16 13:05:23,SPX,7605.05,7618.41,7770.0,1592,40,0.4672,0.000332
2026-09-16 13:05:23,SPX,7605.05,7618.41,7440.0,6,2097,0.563,0.000332
2026-09-16 13:05:23,SPX,7605.05,7618.41,7775.0,2381,67,0.4753,0.000332
2026-09-16 13:05:23,SPX,7605.05,7618.41,7435.0,4,929,0.5696,0.000332
2026-09-16 13:05:23,SPX,7605.05,7618.41,7780.0,4304,28,0.4838,0.000332
2026-09-16 13:05:23,SPX,7605.05,7618.41,7430.0,8,973,0.5765,0.000332
2026-09-16 13:05:23,SPX,7605.05,7618.41,7785.0,492,113,0.4926,0.000332
2026-09-16 13:05:23,SPX,7605.05,7618.41,7425.0,9,1181,0.5838,0.000332
2026-09-16 13:05:23,SPX,7605.05,7618.41,7790.0,3122,27,0.5018,0.000332
2026-09-16 13:05:23,SPX,7605.05,7618.41,7420.0,38,1350,0.5915,0.000332
2026-09-16 13:05:23,SPX,7605.05,7618.41,7795.0,563,12,0.5114,0.000332
2026-09-16 13:05:23,SPX,7605.05,7618.41,7415.0,2,1866,0.5995,0.000332
2026-09-16 13:05:23,SPX,7605.05,7618.41,7800.0,2895,52,0.5214,0.000332
2026-09-16 13:05:23,SPX,7605.05,7618.41,7410.0,6,958,0.6076,0.000332
2026-09-16 13:05:23,SPX,7605.05,7618.41,7805.0,1769,8,0.5316,0.000332
2026-09-16 13:05:23,SPX,7605.05,7618.41,7405.0,5,3661,0.6158,0.000332
2026-09-16 13:05:23,SPX,7605.05,7618.41,7810.0,688,32,0.5418,0.000332
2026-09-16 13:05:23,SPX,7605.05,7618.41,7400.0,93,4633,0.6242,0.000332
2026-09-16 13:05:23,SPX,7605.05,7618.41,7815.0,598,4,0.5517,0.000332
2026-09-16 13:05:23,SPX,7605.05,7618.41,7395.0,0,1647,0.6326,0.000332
2026-09-16 13:05:23,SPX,7605.05,7618.41,7820.0,1539,62,0.5608,0.000332
2026-09-16 13:05:23,SPX,7605.05,7618.41,7390.0,30,2806,0.6412,0.000332
2026-09-16 13:05:23,SPX,7605.05,7618.41,7825.0,1183,53,0.569,0.000332
2026-09-16 13:05:23,SPX,7605.05,7618.41,7385.0,1,1088,0.6498,0.000332
2026-09-16 13:05:23,SPX,7605.05,7618.41,7830.0,744,129,0.576,0.000332
2026-09-16 13:05:23,SPX,7605.05,7618.41,7380.0,4,4519,0.6586,0.000332
2026-09-16 13:05:23,SPX,7605.05,7618.41,7835.0,585,30,0.5815,0.000332
2026-09-16 13:05:23,SPX,7605.05,7618.41,7375.0,0,1131,0.6676,0.000332
2026-09-16 13:05:23,SPX,7605.05,7618.41,7840.0,706,1,0.5855,0.000332
2026-09-16 13:05:23,SPX,7605.05,7618.41,7370.0,24,559,0.6767,0.000332
2026-09-16 13:05:23,SPX,7605.05,7618.41,7845.0,243,7,0.588,0.000332
2026-09-16 13:05:23,SPX,7605.05,7618.41,7855.0,274,0,0.5891,0.000332
2026-09-16 13:05:23,SPX,7605.05,7618.41,7605.0,235,186,0.2088,0.00307
2026-09-16 13:05:23,SPX,7605.05,7618.41,7610.0,518,379,0.207,0.00307
2026-09-16 13:05:23,SPX,7605.05,7618.41,7600.0,396,861,0.2107,0.00307
2026-09-16 13:05:23,SPX,7605.05,7618.41,7615.0,213,167,0.2051,0.00307
2026-09-16 13:05:23,SPX,7605.05,7618.41,7595.0,191,566,0.2124,0.00307
2026-09-16 13:05:23,SPX,7605.05,7618.41,7620.0,224,227,0.2032,0.00307
2026-09-16 13:05:23,SPX,7605.05,7618.41,7590.0,120,337,0.2147,0.00307
2026-09-16 13:05:23,SPX,7605.05,7618.41,7625.0,337,668,0.2014,0.00307
2026-09-16 13:05:23,SPX,7605.05,7618.41,7585.0,213,349,0.2153,0.00307
2026-09-16 13:05:23,SPX,7605.05,7618.41,7630.0,308,317,0.1998,0.00307
2026-09-16 13:05:23,SPX,7605.05,7618.41,7580.0,334,832,0.2178,0.00307
2026-09-16 13:05:23,SPX,7605.05,7618.41,7635.0,171,165,0.1981,0.00307
2026-09-16 13:05:23,SPX,7605.05,7618.41,7575.0,119,382,0.2202,0.00307
2026-09-16 13:05:23,SPX,7605.05,7618.41,7640.0,187,315,0.1965,0.00307
2026-09-16 13:05:23,SPX,7605.05,7618.41,7570.0,178,645,0.2213,0.00307
2026-09-16 13:05:23,SPX,7605.05,7618.41,7645.0,441,200,0.1951,0.00307
2026-09-16 13:05:23,SPX,7605.05,7618.41,7565.0,81,184,0.2229,0.00307
2026-09-16 13:05:23,SPX,7605.05,7618.41,7650.0,528,3373,0.1938,0.00307
2026-09-16 13:05:23,SPX,7605.05,7618.41,7560.0,74,443,0.2243,0.00307
2026-09-16 13:05:23,SPX,7605.05,7618.41,7655.0,418,204,0.1924,0.00307
2026-09-16 13:05:23,SPX,7605.05,7618.41,7555.0,104,255,0.2266,0.00307
2026-09-16 13:05:23,SPX,7605.05,7618.41,7660.0,564,308,0.1911,0.00307
2026-09-16 13:05:23,SPX,7605.05,7618.41,7550.0,110,498,0.2284,0.00307
2026-09-16 13:05:23,SPX,7605.05,7618.41,7665.0,308,137,0.1899,0.00307
2026-09-16 13:05:23,SPX,7605.05,7618.41,7545.0,99,166,0.2307,0.00307
2026-09-16 13:05:23,SPX,7605.05,7618.41,7670.0,1238,550,0.1885,0.00307
2026-09-16 13:05:23,SPX,7605.05,7618.41,7540.0,22,759,0.2317,0.00307
2026-09-16 13:05:23,SPX,7605.05,7618.41,7675.0,4504,3959,0.1868,0.00307
2026-09-16 13:05:23,SPX,7605.05,7618.41,7535.0,47,242,0.2332,0.00307
2026-09-16 13:05:23,SPX,7605.05,7618.41,7680.0,979,193,0.1853,0.00307
2026-09-16 13:05:23,SPX,7605.05,7618.41,7530.0,28,286,0.2349,0.00307
2026-09-16 13:05:23,SPX,7605.05,7618.41,7685.0,224,88,0.184,0.00307
2026-09-16 13:05:23,SPX,7605.05,7618.41,7525.0,90,526,0.2364,0.00307
2026-09-16 13:05:23,SPX,7605.05,7618.41,7690.0,656,304,0.1829,0.00307
2026-09-16 13:05:23,SPX,7605.05,7618.41,7520.0,22,451,0.2384,0.00307
2026-09-16 13:05:23,SPX,7605.05,7618.41,7695.0,261,208,0.1819,0.00307
2026-09-16 13:05:23,SPX,7605.05,7618.41,7515.0,24,224,0.2404,0.00307
2026-09-16 13:05:23,SPX,7605.05,7618.41,7700.0,4669,304,0.1812,0.00307
2026-09-16 13:05:23,SPX,7605.05,7618.41,7510.0,64,420,0.2424,0.00307
2026-09-16 13:05:23,SPX,7605.05,7618.41,7705.0,708,157,0.1805,0.00307
2026-09-16 13:05:23,SPX,7605.05,7618.41,7505.0,23,199,0.2443,0.00307
2026-09-16 13:05:23,SPX,7605.05,7618.41,7710.0,413,137,0.1799,0.00307
2026-09-16 13:05:23,SPX,7605.05,7618.41,7500.0,76,2764,0.2462,0.00307
2026-09-16 13:05:23,SPX,7605.05,7618.41,7715.0,306,166,0.1793,0.00307
2026-09-16 13:05:23,SPX,7605.05,7618.41,7495.0,2,158,0.2477,0.00307
2026-09-16 13:05:23,SPX,7605.05,7618.41,7720.0,385,199,0.1787,0.00307
2026-09-16 13:05:23,SPX,7605.05,7618.41,7490.0,2,821,0.249,0.00307
2026-09-16 13:05:23,SPX,7605.05,7618.41,7725.0,1017,163,0.178,0.00307
2026-09-16 13:05:23,SPX,7605.05,7618.41,7485.0,0,350,0.2503,0.00307
2026-09-16 13:05:23,SPX,7605.05,7618.41,7730.0,659,126,0.1774,0.00307
2026-09-16 13:05:23,SPX,7605.05,7618.41,7480.0,32,390,0.2517,0.00307
2026-09-16 13:05:23,SPX,7605.05,7618.41,7735.0,460,38,0.1769,0.00307
2026-09-16 13:05:23,SPX,7605.05,7618.41,7475.0,5,600,0.2532,0.00307
2026-09-16 13:05:23,SPX,7605.05,7618.41,7740.0,646,124,0.1764,0.00307
2026-09-16 13:05:23,SPX,7605.05,7618.41,7470.0,35,922,0.2548,0.00307
2026-09-16 13:05:23,SPX,7605.05,7618.41,7745.0,338,28,0.1761,0.00307
2026-09-16 13:05:23,SPX,7605.05,7618.41,7465.0,8,146,0.2566,0.00307
2026-09-16 13:05:23,SPX,7605.05,7618.41,7750.0,940,168,0.176,0.00307
2026-09-16 13:05:23,SPX,7605.05,7618.41,7460.0,1,846,0.2585,0.00307
2026-09-16 13:05:23,SPX,7605.05,7618.41,7755.0,281,37,0.1762,0.00307
2026-09-16 13:05:23,SPX,7605.05,7618.41,7455.0,0,135,0.2606,0.00307
2026-09-16 13:05:23,SPX,7605.05,7618.41,7760.0,659,96,0.1766,0.00307
2026-09-16 13:05:23,SPX,7605.05,7618.41,7450.0,36,3615,0.2626,0.00307
2026-09-16 13:05:23,SPX,7605.05,7618.41,7765.0,277,48,0.1772,0.00307
2026-09-16 13:05:23,SPX,7605.05,7618.41,7445.0,0,207,0.2647,0.00307
2026-09-16 13:05:23,SPX,7605.05,7618.41,7770.0,1165,63,0.178,0.00307
2026-09-16 13:05:23,SPX,7605.05,7618.41,7440.0,7,542,0.2668,0.00307
2026-09-16 13:05:23,SPX,7605.05,7618.41,7775.0,967,57,0.1791,0.00307
2026-09-16 13:05:23,SPX,7605.05,7618.41,7435.0,0,197,0.2688,0.00307
2026-09-16 13:05:23,SPX,7605.05,7618.41,7780.0,445,39,0.1803,0.00307
2026-09-16 13:05:23,SPX,7605.05,7618.41,7430.0,2,276,0.2709,0.00307
2026-09-16 13:05:23,SPX,7605.05,7618.41,7785.0,307,9,0.1817,0.00307
2026-09-16 13:05:23,SPX,7605.05,7618.41,7425.0,30,1695,0.2729,0.00307
2026-09-16 13:05:23,SPX,7605.05,7618.41,7790.0,390,24,0.1833,0.00307
2026-09-16 13:05:23,SPX,7605.05,7618.41,7420.0,26,1347,0.2749,0.00307
2026-09-16 13:05:23,SPX,7605.05,7618.41,7795.0,433,5,0.1851,0.00307
2026-09-16 13:05:23,SPX,7605.05,7618.41,7415.0,0,167,0.277,0.00307
2026-09-16 13:05:23,SPX,7605.05,7618.41,7800.0,2764,91,0.187,0.00307
2026-09-16 13:05:23,SPX,7605.05,7618.41,7410.0,1,216,0.2791,0.00307
2026-09-16 13:05:23,SPX,7605.05,7618.41,7805.0,1724,3,0.1891,0.00307
2026-09-16 13:05:23,SPX,7605.05,7618.41,7405.0,10,141,0.2813,0.00307
2026-09-16 13:05:23,SPX,7605.05,7618.41,7810.0,508,4,0.1914,0.00307
2026-09-16 13:05:23,SPX,7605.05,7618.41,7400.0,18,1023,0.2835,0.00307
2026-09-16 13:05:23,SPX,7605.05,7618.41,7815.0,404,2,0.1938,0.00307
2026-09-16 13:05:23,SPX,7605.05,7618.41,7395.0,0,114,0.2858,0.00307
2026-09-16 13:05:23,SPX,7605.05,7618.41,7820.0,309,16,0.1963,0.00307
2026-09-16 13:05:23,SPX,7605.05,7618.41,7390.0,0,1244,0.2882,0.00307
2026-09-16 13:05:23,SPX,7605.05,7618.41,7825.0,790,61,0.199,0.00307
2026-09-16 13:05:23,SPX,7605.05,7618.41,7385.0,1,131,0.2906,0.00307
2026-09-16 13:05:23,SPX,7605.05,7618.41,7830.0,512,3,0.2018,0.00307
2026-09-16 13:05:23,SPX,7605.05,7618.41,7380.0,30,1143,0.2931,0.00307
2026-09-16 13:05:23,SPX,7605.05,7618.41,7835.0,489,0,0.2048,0.00307
2026-09-16 13:05:23,SPX,7605.05,7618.41,7375.0,5,270,0.2957,0.00307
2026-09-16 13:05:23,SPX,7605.05,7618.41,7840.0,382,23,0.2078,0.00307
2026-09-16 13:05:23,SPX,7605.05,7618.41,7370.0,30,197,0.2983,0.00307
2026-09-16 13:05:23,SPX,7605.05,7618.41,7845.0,408,0,0.2109,0.00307
2026-09-16 13:05:23,SPX,7605.05,7618.41,7365.0,0,126,0.301,0.00307
2026-09-16 13:05:23,SPX,7605.05,7618.41,7850.0,593,45,0.2142,0.00307
2026-09-16 13:05:23,SPX,7605.05,7618.41,7360.0,3,296,0.3037,0.00307
2026-09-16 13:05:23,SPX,7605.05,7618.41,7855.0,232,1,0.2175,0.00307
2026-09-16 13:05:23,SPX,7605.05,7618.41,7605.0,681,2783,0.1917,0.005808
2026-09-16 13:05:23,SPX,7605.05,7618.41,7600.0,4452,0,0.1932,0.005808
2026-09-16 13:05:23,SPX,7605.05,7618.41,7580.0,0,884,0.1988,0.005808
2026-09-16 13:05:23,SPX,7605.05,7618.41,7635.0,935,1265,0.1826,0.005808
2026-09-16 13:05:23,SPX,7605.05,7618.41,7575.0,563,2354,0.2001,0.005808
2026-09-16 13:05:23,SPX,7605.05,7618.41,7640.0,847,1282,0.1813,0.005808
2026-09-16 13:05:23,SPX,7605.05,7618.41,7570.0,304,911,0.201,0.005808
2026-09-16 13:05:23,SPX,7605.05,7618.41,7645.0,516,396,0.1797,0.005808
2026-09-16 13:05:23,SPX,7605.05,7618.41,7565.0,642,565,0.2031,0.005808
2026-09-16 13:05:23,SPX,7605.05,7618.41,7650.0,5583,6131,0.1781,0.005808
2026-09-16 13:05:23,SPX,7605.05,7618.41,7560.0,209,975,0.2045,0.005808
2026-09-16 13:05:23,SPX,7605.05,7618.41,7655.0,541,3273,0.177,0.005808
2026-09-16 13:05:23,SPX,7605.05,7618.41,7555.0,71,646,0.2055,0.005808
2026-09-16 13:05:23,SPX,7605.05,7618.41,7660.0,2366,2501,0.1757,0.005808
2026-09-16 13:05:23,SPX,7605.05,7618.41,7550.0,2542,8001,0.2069,0.005808
2026-09-16 13:05:23,SPX,7605.05,7618.41,7665.0,587,424,0.1747,0.005808
2026-09-16 13:05:23,SPX,7605.05,7618.41,7545.0,1938,2223,0.208,0.005808
2026-09-16 13:05:23,SPX,7605.05,7618.41,7670.0,956,765,0.1738,0.005808
2026-09-16 13:05:23,SPX,7605.05,7618.41,7540.0,112,1224,0.2098,0.005808
2026-09-16 13:05:23,SPX,7605.05,7618.41,7675.0,4951,3262,0.1725,0.005808
2026-09-16 13:05:23,SPX,7605.05,7618.41,7535.0,138,1053,0.2114,0.005808
2026-09-16 13:05:23,SPX,7605.05,7618.41,7680.0,3640,675,0.1711,0.005808
2026-09-16 13:05:23,SPX,7605.05,7618.41,7530.0,107,902,0.2128,0.005808
2026-09-16 13:05:23,SPX,7605.05,7618.41,7685.0,948,449,0.1698,0.005808
2026-09-16 13:05:23,SPX,7605.05,7618.41,7525.0,224,1094,0.2142,0.005808
2026-09-16 13:05:23,SPX,7605.05,7618.41,7690.0,848,1633,0.1685,0.005808
2026-09-16 13:05:23,SPX,7605.05,7618.41,7520.0,81,1121,0.2161,0.005808
2026-09-16 13:05:23,SPX,7605.05,7618.41,7695.0,1848,661,0.1672,0.005808
2026-09-16 13:05:23,SPX,7605.05,7618.41,7515.0,98,857,0.2181,0.005808
2026-09-16 13:05:23,SPX,7605.05,7618.41,7700.0,6428,2978,0.1661,0.005808
2026-09-16 13:05:23,SPX,7605.05,7618.41,7510.0,151,791,0.2195,0.005808
2026-09-16 13:05:23,SPX,7605.05,7618.41,7705.0,3427,674,0.1651,0.005808
2026-09-16 13:05:23,SPX,7605.05,7618.41,7505.0,101,570,0.2206,0.005808
2026-09-16 13:05:23,SPX,7605.05,7618.41,7710.0,685,395,0.1643,0.005808
2026-09-16 13:05:23,SPX,7605.05,7618.41,7500.0,819,4301,0.2219,0.005808
2026-09-16 13:05:23,SPX,7605.05,7618.41,7715.0,1261,358,0.1635,0.005808
2026-09-16 13:05:23,SPX,7605.05,7618.41,7495.0,617,1363,0.223,0.005808
2026-09-16 13:05:23,SPX,7605.05,7618.41,7720.0,691,1183,0.1629,0.005808
2026-09-16 13:05:23,SPX,7605.05,7618.41,7490.0,69,888,0.225,0.005808
2026-09-16 13:05:23,SPX,7605.05,7618.41,7725.0,3172,1236,0.1623,0.005808
2026-09-16 13:05:23,SPX,7605.05,7618.41,7485.0,57,460,0.227,0.005808
2026-09-16 13:05:23,SPX,7605.05,7618.41,7730.0,742,502,0.1618,0.005808
2026-09-16 13:05:23,SPX,7605.05,7618.41,7480.0,116,1004,0.2284,0.005808
2026-09-16 13:05:23,SPX,7605.05,7618.41,7735.0,1089,670,0.1612,0.005808
2026-09-16 13:05:23,SPX,7605.05,7618.41,7475.0,331,1654,0.2295,0.005808
2026-09-16 13:05:23,SPX,7605.05,7618.41,7740.0,1180,403,0.1607,0.005808
2026-09-16 13:05:23,SPX,7605.05,7618.41,7470.0,106,1040,0.2313,0.005808
2026-09-16 13:05:23,SPX,7605.05,7618.41,7745.0,756,201,0.1601,0.005808
2026-09-16 13:05:23,SPX,7605.05,7618.41,7465.0,36,699,0.2333,0.005808
2026-09-16 13:05:23,SPX,7605.05,7618.41,7750.0,3322,1482,0.1596,0.005808
2026-09-16 13:05:23,SPX,7605.05,7618.41,7460.0,48,936,0.2347,0.005808
2026-09-16 13:05:23,SPX,7605.05,7618.41,7755.0,1070,202,0.1591,0.005808
2026-09-16 13:05:23,SPX,7605.05,7618.41,7455.0,72,498,0.2371,0.005808
2026-09-16 13:05:23,SPX,7605.05,7618.41,7760.0,1383,88,0.1587,0.005808
2026-09-16 13:05:23,SPX,7605.05,7618.41,7450.0,345,2994,0.2379,0.005808
2026-09-16 13:05:23,SPX,7605.05,7618.41,7765.0,1371,221,0.1584,0.005808
2026-09-16 13:05:23,SPX,7605.05,7618.41,7445.0,70,637,0.2399,0.005808
2026-09-16 13:05:23,SPX,7605.05,7618.41,7770.0,1023,281,0.1583,0.005808
2026-09-16 13:05:23,SPX,7605.05,7618.41,7440.0,99,1414,0.2416,0.005808
2026-09-16 13:05:23,SPX,7605.05,7618.41,7775.0,2270,480,0.1583,0.005808
2026-09-16 13:05:23,SPX,7605.05,7618.41,7435.0,20,1668,0.2431,0.005808
2026-09-16 13:05:23,SPX,7605.05,7618.41,7780.0,1885,250,0.1584,0.005808
2026-09-16 13:05:23,SPX,7605.05,7618.41,7430.0,84,684,0.2454,0.005808
2026-09-16 13:05:23,SPX,7605.05,7618.41,7785.0,1490,259,0.1588,0.005808
2026-09-16 13:05:23,SPX,7605.05,7618.41,7425.0,437,2470,0.2463,0.005808
2026-09-16 13:05:23,SPX,7605.05,7618.41,7790.0,1372,180,0.1593,0.005808
2026-09-16 13:05:23,SPX,7605.05,7618.41,7420.0,96,701,0.2482,0.005808
2026-09-16 13:05:23,SPX,7605.05,7618.41,7795.0,657,146,0.16,0.005808
2026-09-16 13:05:23,SPX,7605.05,7618.41,7415.0,54,789,0.25,0.005808
2026-09-16 13:05:23,SPX,7605.05,7618.41,7800.0,5534,704,0.1609,0.005808
2026-09-16 13:05:23,SPX,7605.05,7618.41,7410.0,280,1211,0.2521,0.005808
2026-09-16 13:05:23,SPX,7605.05,7618.41,7805.0,1041,62,0.1619,0.005808
2026-09-16 13:05:23,SPX,7605.05,7618.41,7405.0,156,555,0.2535,0.005808
2026-09-16 13:05:23,SPX,7605.05,7618.41,7810.0,1002,79,0.1631,0.005808
2026-09-16 13:05:23,SPX,7605.05,7618.41,7400.0,1053,5844,0.2552,0.005808
2026-09-16 13:05:23,SPX,7605.05,7618.41,7815.0,1981,47,0.1645,0.005808
2026-09-16 13:05:23,SPX,7605.05,7618.41,7395.0,31,2121,0.2567,0.005808
2026-09-16 13:05:23,SPX,7605.05,7618.41,7820.0,3113,76,0.166,0.005808
2026-09-16 13:05:23,SPX,7605.05,7618.41,7390.0,35,889,0.2575,0.005808
2026-09-16 13:05:23,SPX,7605.05,7618.41,7825.0,2682,125,0.1676,0.005808
2026-09-16 13:05:23,SPX,7605.05,7618.41,7385.0,78,608,0.2589,0.005808
2026-09-16 13:05:23,SPX,7605.05,7618.41,7830.0,1325,69,0.1694,0.005808
2026-09-16 13:05:23,SPX,7605.05,7618.41,7380.0,68,1297,0.261,0.005808
2026-09-16 13:05:23,SPX,7605.05,7618.41,7835.0,698,18,0.1712,0.005808
2026-09-16 13:05:23,SPX,7605.05,7618.41,7375.0,138,1788,0.2636,0.005808
2026-09-16 13:05:23,SPX,7605.05,7618.41,7840.0,1847,57,0.1732,0.005808
2026-09-16 13:05:23,SPX,7605.05,7618.41,7370.0,99,816,0.2653,0.005808
2026-09-16 13:05:23,SPX,7605.05,7618.41,7845.0,511,35,0.1752,0.005808
2026-09-16 13:05:23,SPX,7605.05,7618.41,7365.0,78,295,0.2673,0.005808
2026-09-16 13:05:23,SPX,7605.05,7618.41,7850.0,3733,59,0.1773,0.005808
2026-09-16 13:05:23,SPX,7605.05,7618.41,7360.0,0,1655,0.2699,0.005808
2026-09-16 13:05:23,SPX,7605.05,7618.41,7855.0,801,26,0.1795,0.005808
2026-09-16 13:35:46,SPX,7608.62,7633.45,7610.0,728,696,0.466,0.000274
2026-09-16 13:35:46,SPX,7608.62,7633.45,7605.0,536,385,0.4698,0.000274
2026-09-16 13:35:46,SPX,7608.62,7633.45,7615.0,696,248,0.4618,0.000274
2026-09-16 13:35:46,SPX,7608.62,7633.45,7600.0,1581,2828,0.4735,0.000274
2026-09-16 13:35:46,SPX,7608.62,7633.45,7620.0,1590,465,0.4579,0.000274
2026-09-16 13:35:46,SPX,7608.62,7633.45,7595.0,665,1256,0.4777,0.000274
2026-09-16 13:35:46,SPX,7608.62,7633.45,7625.0,1035,3421,0.4542,0.000274
2026-09-16 13:35:46,SPX,7608.62,7633.45,7590.0,901,1203,0.4816,0.000274
2026-09-16 13:35:46,SPX,7608.62,7633.45,7630.0,699,395,0.4499,0.000274
2026-09-16 13:35:46,SPX,7608.62,7633.45,7585.0,1009,1287,0.4863,0.000274
2026-09-16 13:35:46,SPX,7608.62,7633.45,7635.0,872,633,0.447,0.000274
2026-09-16 13:35:46,SPX,7608.62,7633.45,7580.0,613,1441,0.4911,0.000274
2026-09-16 13:35:46,SPX,7608.62,7633.45,7640.0,1498,305,0.4441,0.000274
2026-09-16 13:35:46,SPX,7608.62,7633.45,7575.0,354,1633,0.4947,0.000274
2026-09-16 13:35:46,SPX,7608.62,7633.45,7645.0,900,604,0.4401,0.000274
2026-09-16 13:35:46,SPX,7608.62,7633.45,7570.0,258,1147,0.4987,0.000274
2026-09-16 13:35:46,SPX,7608.62,7633.45,7650.0,5504,4413,0.4373,0.000274
2026-09-16 13:35:46,SPX,7608.62,7633.45,7565.0,106,585,0.5024,0.000274
2026-09-16 13:35:46,SPX,7608.62,7633.45,7655.0,1381,781,0.4349,0.000274
2026-09-16 13:35:46,SPX,7608.62,7633.45,7560.0,205,864,0.5067,0.000274
2026-09-16 13:35:46,SPX,7608.62,7633.45,7660.0,1545,335,0.4328,0.000274
2026-09-16 13:35:46,SPX,7608.62,7633.45,7555.0,115,425,0.5112,0.000274
2026-09-16 13:35:46,SPX,7608.62,7633.45,7665.0,1030,330,0.4309,0.000274
2026-09-16 13:35:46,SPX,7608.62,7633.45,7550.0,203,1759,0.5147,0.000274
2026-09-16 13:35:46,SPX,7608.62,7633.45,7670.0,1760,823,0.4293,0.000274
2026-09-16 13:35:46,SPX,7608.62,7633.45,7545.0,68,696,0.5183,0.000274
2026-09-16 13:35:46,SPX,7608.62,7633.45,7675.0,5088,1003,0.4281,0.000274
2026-09-16 13:35:46,SPX,7608.62,7633.45,7540.0,110,1186,0.5213,0.000274
2026-09-16 13:35:46,SPX,7608.62,7633.45,7680.0,1642,862,0.4274,0.000274
2026-09-16 13:35:46,SPX,7608.62,7633.45,7535.0,91,984,0.5257,0.000274
2026-09-16 13:35:46,SPX,7608.62,7633.45,7685.0,2259,346,0.4276,0.000274
2026-09-16 13:35:46,SPX,7608.62,7633.45,7530.0,136,1307,0.5298,0.000274
2026-09-16 13:35:46,SPX,7608.62,7633.45,7690.0,1304,255,0.4281,0.000274
2026-09-16 13:35:46,SPX,7608.62,7633.45,7525.0,1254,3613,0.5353,0.000274
2026-09-16 13:35:46,SPX,7608.62,7633.45,7695.0,1192,117,0.4289,0.000274
2026-09-16 13:35:46,SPX,7608.62,7633.45,7520.0,1244,1619,0.5394,0.000274
2026-09-16 13:35:46,SPX,7608.62,7633.45,7700.0,3233,798,0.4302,0.000274
2026-09-16 13:35:46,SPX,7608.62,7633.45,7515.0,119,819,0.5421,0.000274
2026-09-16 13:35:46,SPX,7608.62,7633.45,7705.0,1040,2079,0.4319,0.000274
2026-09-16 13:35:46,SPX,7608.62,7633.45,7510.0,132,1033,0.5455,0.000274
2026-09-16 13:35:46,SPX,7608.62,7633.45,7710.0,1456,97,0.4341,0.000274
2026-09-16 13:35:46,SPX,7608.62,7633.45,7505.0,94,629,0.5488,0.000274
2026-09-16 13:35:46,SPX,7608.62,7633.45,7715.0,843,1322,0.4368,0.000274
2026-09-16 13:35:46,SPX,7608.62,7633.45,7500.0,259,4369,0.553,0.000274
2026-09-16 13:35:46,SPX,7608.62,7633.45,7720.0,2356,225,0.4402,0.000274
2026-09-16 13:35:46,SPX,7608.62,7633.45,7495.0,67,773,0.558,0.000274
2026-09-16 13:35:46,SPX,7608.62,7633.45,7725.0,1699,115,0.4442,0.000274
2026-09-16 13:35:46,SPX,7608.62,7633.45,7490.0,41,1228,0.5633,0.000274
2026-09-16 13:35:46,SPX,7608.62,7633.45,7730.0,3073,2050,0.4493,0.000274
2026-09-16 13:35:46,SPX,7608.62,7633.45,7485.0,19,656,0.5688,0.000274
2026-09-16 13:35:46,SPX,7608.62,7633.45,7735.0,1086,50,0.4549,0.000274
2026-09-16 13:35:46,SPX,7608.62,7633.45,7480.0,28,1242,0.5743,0.000274
2026-09-16 13:35:46,SPX,7608.62,7633.45,7740.0,1998,1349,0.461,0.000274
2026-09-16 13:35:46,SPX,7608.62,7633.45,7475.0,33,1674,0.5798,0.000274
2026-09-16 13:35:46,SPX,7608.62,7633.45,7745.0,813,131,0.4675,0.000274
2026-09-16 13:35:46,SPX,7608.62,7633.45,7470.0,33,1552,0.5852,0.000274
2026-09-16 13:35:46,SPX,7608.62,7633.45,7750.0,1793,322,0.4744,0.000274
2026-09-16 13:35:46,SPX,7608.62,7633.45,7465.0,4,1127,0.5907,0.000274
2026-09-16 13:35:46,SPX,7608.62,7633.45,7755.0,2859,49,0.15,0.000274
2026-09-16 13:35:46,SPX,7608.62,7633.45,7460.0,41,1524,0.5965,0.000274
2026-09-16 13:35:46,SPX,7608.62,7633.45,7760.0,780,60,0.15,0.000274
2026-09-16 13:35:46,SPX,7608.62,7633.45,7455.0,27,768,0.6026,0.000274
2026-09-16 13:35:46,SPX,7608.62,7633.45,7765.0,2335,34,0.15,0.000274
2026-09-16 13:35:46,SPX,7608.62,7633.45,7450.0,107,2811,0.6091,0.000274
2026-09-16 13:35:46,SPX,7608.62,7633.45,7770.0,1592,40,0.15,0.000274
2026-09-16 13:35:46,SPX,7608.62,7633.45,7445.0,2,1150,0.6161,0.000274
2026-09-16 13:35:46,SPX,7608.62,7633.45,7775.0,2381,67,0.5132,0.000274
2026-09-16 13:35:46,SPX,7608.62,7633.45,7440.0,6,2097,0.6235,0.000274
2026-09-16 13:35:46,SPX,7608.62,7633.45,7780.0,4304,28,0.522,0.000274
2026-09-16 13:35:46,SPX,7608.62,7633.45,7435.0,4,929,0.6314,0.000274
2026-09-16 13:35:46,SPX,7608.62,7633.45,7785.0,492,113,0.5312,0.000274
2026-09-16 13:35:46,SPX,7608.62,7633.45,7430.0,8,973,0.6397,0.000274
2026-09-16 13:35:46,SPX,7608.62,7633.45,7790.0,3122,27,0.541,0.000274
2026-09-16 13:35:46,SPX,7608.62,7633.45,7425.0,9,1181,0.6482,0.000274
2026-09-16 13:35:46,SPX,7608.62,7633.45,7795.0,563,12,0.5514,0.000274
2026-09-16 13:35:46,SPX,7608.62,7633.45,7420.0,38,1350,0.657,0.000274
2026-09-16 13:35:46,SPX,7608.62,7633.45,7800.0,2895,52,0.562,0.000274
2026-09-16 13:35:46,SPX,7608.62,7633.45,7415.0,2,1866,0.6659,0.000274
2026-09-16 13:35:46,SPX,7608.62,7633.45,7805.0,1769,8,0.5726,0.000274
2026-09-16 13:35:46,SPX,7608.62,7633.45,7410.0,6,958,0.6749,0.000274
2026-09-16 13:35:46,SPX,7608.62,7633.45,7810.0,688,32,0.5827,0.000274
2026-09-16 13:35:46,SPX,7608.62,7633.45,7405.0,5,3661,0.6841,0.000274
2026-09-16 13:35:46,SPX,7608.62,7633.45,7815.0,598,4,0.5919,0.000274
2026-09-16 13:35:46,SPX,7608.62,7633.45,7400.0,93,4633,0.6933,0.000274
2026-09-16 13:35:46,SPX,7608.62,7633.45,7820.0,1539,62,0.5999,0.000274
2026-09-16 13:35:46,SPX,7608.62,7633.45,7830.0,0,129,0.6114,0.000274
2026-09-16 13:35:46,SPX,7608.62,7633.45,7380.0,4,4519,0.7323,0.000274
2026-09-16 13:35:46,SPX,7608.62,7633.45,7840.0,706,1,0.6164,0.000274
2026-09-16 13:35:46,SPX,7608.62,7633.45,7375.0,0,1131,0.7424,0.000274
2026-09-16 13:35:46,SPX,7608.62,7633.45,7845.0,243,7,0.6168,0.000274
2026-09-16 13:35:46,SPX,7608.62,7633.45,7370.0,24,559,0.7526,0.000274
2026-09-16 13:35:46,SPX,7608.62,7633.45,7850.0,1588,129,0.6161,0.000274
2026-09-16 13:35:46,SPX,7608.62,7633.45,7365.0,10,537,0.7629,0.000274
2026-09-16 13:35:46,SPX,7608.62,7633.45,7855.0,274,0,0.6144,0.000274
2026-09-16 13:35:46,SPX,7608.62,7633.45,7360.0,12,3673,0.7733,0.000274
2026-09-16 13:35:46,SPX,7608.62,7633.45,7610.0,518,379,0.2046,0.003012
2026-09-16 13:35:46,SPX,7608.62,7633.45,7605.0,235,186,0.2069,0.003012
2026-09-16 13:35:46,SPX,7608.62,7633.45,7615.0,213,167,0.2028,0.003012
2026-09-16 13:35:46,SPX,7608.62,7633.45,7600.0,396,861,0.2082,0.003012
2026-09-16 13:35:46,SPX,7608.62,7633.45,7620.0,224,227,0.201,0.003012
2026-09-16 13:35:46,SPX,7608.62,7633.45,7595.0,191,566,0.2101,0.003012
2026-09-16 13:35:46,SPX,7608.62,7633.45,7625.0,337,668,0.199,0.003012
2026-09-16 13:35:46,SPX,7608.62,7633.45,7590.0,120,337,0.2123,0.003012
2026-09-16 13:35:46,SPX,7608.62,7633.45,7630.0,308,317,0.1975,0.003012
2026-09-16 13:35:46,SPX,7608.62,7633.45,7585.0,213,349,0.2144,0.003012
2026-09-16 13:35:46,SPX,7608.62,7633.45,7635.0,171,165,0.1958,0.003012
2026-09-16 13:35:46,SPX,7608.62,7633.45,7580.0,334,832,0.2156,0.003012
2026-09-16 13:35:46,SPX,7608.62,7633.45,7640.0,187,315,0.1941,0.003012
2026-09-16 13:35:46,SPX,7608.62,7633.45,7575.0,119,382,0.2173,0.003012
2026-09-16 13:35:46,SPX,7608.62,7633.45,7645.0,441,200,0.1927,0.003012
2026-09-16 13:35:46,SPX,7608.62,7633.45,7570.0,178,645,0.2191,0.003012
2026-09-16 13:35:46,SPX,7608.62,7633.45,7650.0,528,3373,0.1915,0.003012
2026-09-16 13:35:46,SPX,7608.62,7633.45,7565.0,81,184,0.2206,0.003012
2026-09-16 13:35:46,SPX,7608.62,7633.45,7655.0,418,204,0.1903,0.003012
2026-09-16 13:35:46,SPX,7608.62,7633.45,7560.0,74,443,0.2226,0.003012
2026-09-16 13:35:46,SPX,7608.62,7633.45,7660.0,564,308,0.1889,0.003012
2026-09-16 13:35:46,SPX,7608.62,7633.45,7555.0,104,255,0.2247,0.003012
2026-09-16 13:35:46,SPX,7608.62,7633.45,7665.0,308,137,0.1873,0.003012
2026-09-16 13:35:46,SPX,7608.62,7633.45,7550.0,110,498,0.2261,0.003012
2026-09-16 13:35:46,SPX,7608.62,7633.45,7670.0,1238,550,0.1856,0.003012
2026-09-16 13:35:46,SPX,7608.62,7633.45,7545.0,99,166,0.2284,0.003012
2026-09-16 13:35:46,SPX,7608.62,7633.45,7675.0,4504,3959,0.1841,0.003012
2026-09-16 13:35:46,SPX,7608.62,7633.45,7540.0,22,759,0.2297,0.003012
2026-09-16 13:35:46,SPX,7608.62,7633.45,7680.0,979,193,0.1828,0.003012
2026-09-16 13:35:46,SPX,7608.62,7633.45,7535.0,47,242,0.2309,0.003012
2026-09-16 13:35:46,SPX,7608.62,7633.45,7685.0,224,88,0.1819,0.003012
2026-09-16 13:35:46,SPX,7608.62,7633.45,7530.0,28,286,0.233,0.003012
2026-09-16 13:35:46,SPX,7608.62,7633.45,7690.0,656,304,0.1811,0.003012
2026-09-16 13:35:46,SPX,7608.62,7633.45,7525.0,90,526,0.2345,0.003012
2026-09-16 13:35:46,SPX,7608.62,7633.45,7695.0,261,208,0.1805,0.003012
2026-09-16 13:35:46,SPX,7608.62,7633.45,7520.0,22,451,0.2357,0.003012
2026-09-16 13:35:46,SPX,7608.62,7633.45,7700.0,4669,304,0.1799,0.003012
2026-09-16 13:35:46,SPX,7608.62,7633.45,7515.0,24,224,0.2375,0.003012
2026-09-16 13:35:46,SPX,7608.62,7633.45,7705.0,708,157,0.1793,0.003012
2026-09-16 13:35:46,SPX,7608.62,7633.45,7510.0,64,420,0.2394,0.003012
2026-09-16 13:35:46,SPX,7608.62,7633.45,7710.0,413,137,0.1787,0.003012
2026-09-16 13:35:46,SPX,7608.62,7633.45,7505.0,23,199,0.2415,0.003012
2026-09-16 13:35:46,SPX,7608.62,7633.45,7715.0,306,166,0.1781,0.003012
2026-09-16 13:35:46,SPX,7608.62,7633.45,7500.0,76,2764,0.2436,0.003012
2026-09-16 13:35:46,SPX,7608.62,7633.45,7720.0,385,199,0.1774,0.003012
2026-09-16 13:35:46,SPX,7608.62,7633.45,7495.0,2,158,0.2457,0.003012
2026-09-16 13:35:46,SPX,7608.62,7633.45,7725.0,1017,163,0.1767,0.003012
2026-09-16 13:35:46,SPX,7608.62,7633.45,7490.0,2,821,0.2475,0.003012
2026-09-16 13:35:46,SPX,7608.62,7633.45,7730.0,659,126,0.1761,0.003012
2026-09-16 13:35:46,SPX,7608.62,7633.45,7485.0,0,350,0.2489,0.003012
2026-09-16 13:35:46,SPX,7608.62,7633.45,7735.0,460,38,0.1755,0.003012
2026-09-16 13:35:46,SPX,7608.62,7633.45,7480.0,32,390,0.2501,0.003012
2026-09-16 13:35:46,SPX,7608.62,7633.45,7740.0,646,124,0.1751,0.003012
2026-09-16 13:35:46,SPX,7608.62,7633.45,7475.0,5,600,0.2513,0.003012
2026-09-16 13:35:46,SPX,7608.62,7633.45,7745.0,338,28,0.1748,0.003012
2026-09-16 13:35:46,SPX,7608.62,7633.45,7470.0,35,922,0.2527,0.003012
2026-09-16 13:35:46,SPX,7608.62,7633.45,7750.0,940,168,0.1747,0.003012
2026-09-16 13:35:46,SPX,7608.62,7633.45,7465.0,8,146,0.2543,0.003012
2026-09-16 13:35:46,SPX,7608.62,7633.45,7755.0,281,37,0.1749,0.003012
2026-09-16 13:35:46,SPX,7608.62,7633.45,7460.0,1,846,0.2562,0.003012
2026-09-16 13:35:46,SPX,7608.62,7633.45,7760.0,659,96,0.1753,0.003012
2026-09-16 13:35:46,SPX,7608.62,7633.45,7455.0,0,135,0.2582,0.003012
2026-09-16 13:35:46,SPX,7608.62,7633.45,7765.0,277,48,0.1759,0.003012
2026-09-16 13:35:46,SPX,7608.62,7633.45,7450.0,36,3615,0.2604,0.003012
2026-09-16 13:35:46,SPX,7608.62,7633.45,7770.0,1165,63,0.1769,0.003012
2026-09-16 13:35:46,SPX,7608.62,7633.45,7445.0,0,207,0.2626,0.003012
2026-09-16 13:35:46,SPX,7608.62,7633.45,7775.0,967,57,0.1781,0.003012
2026-09-16 13:35:46,SPX,7608.62,7633.45,7440.0,7,542,0.2649,0.003012
2026-09-16 13:35:46,SPX,7608.62,7633.45,7780.0,445,39,0.1797,0.003012
2026-09-16 13:35:46,SPX,7608.62,7633.45,7435.0,0,197,0.2671,0.003012
2026-09-16 13:35:46,SPX,7608.62,7633.45,7785.0,307,9,0.1814,0.003012
2026-09-16 13:35:46,SPX,7608.62,7633.45,7430.0,2,276,0.2694,0.003012
2026-09-16 13:35:46,SPX,7608.62,7633.45,7790.0,390,24,0.1834,0.003012
2026-09-16 13:35:46,SPX,7608.62,7633.45,7425.0,30,1695,0.2716,0.003012
2026-09-16 13:35:46,SPX,7608.62,7633.45,7795.0,433,5,0.1856,0.003012
2026-09-16 13:35:46,SPX,7608.62,7633.45,7420.0,26,1347,0.2739,0.003012
2026-09-16 13:35:46,SPX,7608.62,7633.45,7800.0,2764,91,0.1879,0.003012
2026-09-16 13:35:46,SPX,7608.62,7633.45,7415.0,0,167,0.2761,0.003012
2026-09-16 13:35:46,SPX,7608.62,7633.45,7805.0,1724,3,0.1903,0.003012
2026-09-16 13:35:46,SPX,7608.62,7633.45,7410.0,1,216,0.2783,0.003012
2026-09-16 13:35:46,SPX,7608.62,7633.45,7810.0,508,4,0.1927,0.003012
2026-09-16 13:35:46,SPX,7608.62,7633.45,7405.0,10,141,0.2806,0.003012
2026-09-16 13:35:46,SPX,7608.62,7633.45,7815.0,404,2,0.1953,0.003012
2026-09-16 13:35:46,SPX,7608.62,7633.45,7400.0,18,1023,0.2829,0.003012
2026-09-16 13:35:46,SPX,7608.62,7633.45,7820.0,309,16,0.1979,0.003012
2026-09-16 13:35:46,SPX,7608.62,7633.45,7395.0,0,114,0.2851,0.003012
2026-09-16 13:35:46,SPX,7608.62,7633.45,7825.0,790,61,0.2006,0.003012
2026-09-16 13:35:46,SPX,7608.62,7633.45,7390.0,0,1244,0.2875,0.003012
2026-09-16 13:35:46,SPX,7608.62,7633.45,7830.0,512,3,0.2034,0.003012
2026-09-16 13:35:46,SPX,7608.62,7633.45,7385.0,1,131,0.2899,0.003012
2026-09-16 13:35:46,SPX,7608.62,7633.45,7835.0,489,0,0.2063,0.003012
2026-09-16 13:35:46,SPX,7608.62,7633.45,7380.0,30,1143,0.2923,0.003012
2026-09-16 13:35:46,SPX,7608.62,7633.45,7840.0,382,23,0.2093,0.003012
2026-09-16 13:35:46,SPX,7608.62,7633.45,7375.0,5,270,0.2948,0.003012
2026-09-16 13:35:46,SPX,7608.62,7633.45,7845.0,408,0,0.2125,0.003012
2026-09-16 13:35:46,SPX,7608.62,7633.45,7370.0,30,197,0.2974,0.003012
2026-09-16 13:35:46,SPX,7608.62,7633.45,7850.0,593,45,0.2157,0.003012
2026-09-16 13:35:46,SPX,7608.62,7633.45,7365.0,0,126,0.3001,0.003012
2026-09-16 13:35:46,SPX,7608.62,7633.45,7855.0,232,1,0.219,0.003012
2026-09-16 13:35:46,SPX,7608.62,7633.45,7360.0,3,296,0.3029,0.003012
2026-09-16 13:35:46,SPX,7608.62,7633.45,7610.0,613,1017,0.1887,0.00575
2026-09-16 13:35:46,SPX,7608.62,7633.45,7605.0,681,2783,0.1902,0.00575
2026-09-16 13:35:46,SPX,7608.62,7633.45,7615.0,824,2306,0.1871,0.00575
2026-09-16 13:35:46,SPX,7608.62,7633.45,7600.0,4452,6174,0.1917,0.00575
2026-09-16 13:35:46,SPX,7608.62,7633.45,7620.0,677,534,0.1855,0.00575
2026-09-16 13:35:46,SPX,7608.62,7633.45,7595.0,256,748,0.1932,0.00575
2026-09-16 13:35:46,SPX,7608.62,7633.45,7625.0,1644,4596,0.1838,0.00575
2026-09-16 13:35:46,SPX,7608.62,7633.45,7590.0,523,1071,0.1946,0.00575
2026-09-16 13:35:46,SPX,7608.62,7633.45,7630.0,449,3371,0.1824,0.00575
2026-09-16 13:35:46,SPX,7608.62,7633.45,7585.0,467,562,0.1961,0.00575
2026-09-16 13:35:46,SPX,7608.62,7633.45,7635.0,935,1265,0.181,0.00575
2026-09-16 13:35:46,SPX,7608.62,7633.45,7580.0,737,884,0.1975,0.00575
2026-09-16 13:35:46,SPX,7608.62,7633.45,7640.0,847,1282,0.1795,0.00575
2026-09-16 13:35:46,SPX,7608.62,7633.45,7575.0,563,2354,0.199,0.00575
2026-09-16 13:35:46,SPX,7608.62,7633.45,7645.0,516,396,0.1777,0.00575
2026-09-16 13:35:46,SPX,7608.62,7633.45,7570.0,304,911,0.2003,0.00575
2026-09-16 13:35:46,SPX,7608.62,7633.45,7650.0,5583,6131,0.1763,0.00575
2026-09-16 13:35:46,SPX,7608.62,7633.45,7565.0,642,565,0.2018,0.00575
2026-09-16 13:35:46,SPX,7608.62,7633.45,7655.0,541,3273,0.175,0.00575
2026-09-16 13:35:46,SPX,7608.62,7633.45,7560.0,209,975,0.2032,0.00575
2026-09-16 13:35:46,SPX,7608.62,7633.45,7660.0,2366,2501,0.1738,0.00575
2026-09-16 13:35:46,SPX,7608.62,7633.45,7555.0,71,646,0.2042,0.00575
2026-09-16 13:35:46,SPX,7608.62,7633.45,7665.0,587,424,0.1728,0.00575
2026-09-16 13:35:46,SPX,7608.62,7633.45,7550.0,2542,8001,0.2055,0.00575
2026-09-16 13:35:46,SPX,7608.62,7633.45,7670.0,956,765,0.1718,0.00575
2026-09-16 13:35:46,SPX,7608.62,7633.45,7545.0,1938,2223,0.2073,0.00575
2026-09-16 13:35:46,SPX,7608.62,7633.45,7675.0,4951,3262,0.1708,0.00575
2026-09-16 13:35:46,SPX,7608.62,7633.45,7540.0,112,1224,0.209,0.00575
2026-09-16 13:35:46,SPX,7608.62,7633.45,7680.0,3640,675,0.1696,0.00575
2026-09-16 13:35:46,SPX,7608.62,7633.45,7535.0,138,1053,0.2102,0.00575
2026-09-16 13:35:46,SPX,7608.62,7633.45,7685.0,948,449,0.1682,0.00575
2026-09-16 13:35:46,SPX,7608.62,7633.45,7530.0,107,902,0.2114,0.00575
2026-09-16 13:35:46,SPX,7608.62,7633.45,7690.0,848,1633,0.1668,0.00575
2026-09-16 13:35:46,SPX,7608.62,7633.45,7525.0,224,1094,0.2134,0.00575
2026-09-16 13:35:46,SPX,7608.62,7633.45,7695.0,1848,661,0.1655,0.00575
2026-09-16 13:35:46,SPX,7608.62,7633.45,7520.0,81,1121,0.2154,0.00575
2026-09-16 13:35:46,SPX,7608.62,7633.45,7700.0,6428,2978,0.1643,0.00575
2026-09-16 13:35:46,SPX,7608.62,7633.45,7515.0,98,857,0.2165,0.00575
2026-09-16 13:35:46,SPX,7608.62,7633.45,7705.0,3427,674,0.1633,0.00575
2026-09-16 13:35:46,SPX,7608.62,7633.45,7510.0,151,791,0.2172,0.00575
2026-09-16 13:35:46,SPX,7608.62,7633.45,7710.0,685,395,0.1624,0.00575
2026-09-16 13:35:46,SPX,7608.62,7633.45,7505.0,101,570,0.2187,0.00575
2026-09-16 13:35:46,SPX,7608.62,7633.45,7715.0,1261,358,0.1617,0.00575
2026-09-16 13:35:46,SPX,7608.62,7633.45,7500.0,819,4301,0.2203,0.00575
2026-09-16 13:35:46,SPX,7608.62,7633.45,7720.0,691,1183,0.161,0.00575
2026-09-16 13:35:46,SPX,7608.62,7633.45,7495.0,617,1363,0.2224,0.00575
2026-09-16 13:35:46,SPX,7608.62,7633.45,7725.0,3172,1236,0.1604,0.00575
2026-09-16 13:35:46,SPX,7608.62,7633.45,7490.0,69,888,0.2244,0.00575
2026-09-16 13:35:46,SPX,7608.62,7633.45,7730.0,742,502,0.1598,0.00575
2026-09-16 13:35:46,SPX,7608.62,7633.45,7485.0,57,460,0.2251,0.00575
2026-09-16 13:35:46,SPX,7608.62,7633.45,7735.0,1089,670,0.1592,0.00575
2026-09-16 13:35:46,SPX,7608.62,7633.45,7480.0,116,1004,0.2262,0.00575
2026-09-16 13:35:46,SPX,7608.62,7633.45,7740.0,1180,403,0.1587,0.00575
2026-09-16 13:35:46,SPX,7608.62,7633.45,7475.0,331,1654,0.2287,0.00575
2026-09-16 13:35:46,SPX,7608.62,7633.45,7745.0,756,201,0.1582,0.00575
2026-09-16 13:35:46,SPX,7608.62,7633.45,7470.0,106,1040,0.2307,0.00575
2026-09-16 13:35:46,SPX,7608.62,7633.45,7750.0,3322,1482,0.1578,0.00575
2026-09-16 13:35:46,SPX,7608.62,7633.45,7465.0,36,699,0.2322,0.00575
2026-09-16 13:35:46,SPX,7608.62,7633.45,7755.0,1070,202,0.1574,0.00575
2026-09-16 13:35:46,SPX,7608.62,7633.45,7460.0,48,936,0.2333,0.00575
2026-09-16 13:35:46,SPX,7608.62,7633.45,7760.0,1383,88,0.1572,0.00575
2026-09-16 13:35:46,SPX,7608.62,7633.45,7455.0,72,498,0.2354,0.00575
2026-09-16 13:35:46,SPX,7608.62,7633.45,7765.0,1371,221,0.1571,0.00575
2026-09-16 13:35:46,SPX,7608.62,7633.45,7450.0,345,2994,0.2374,0.00575
2026-09-16 13:35:46,SPX,7608.62,7633.45,7770.0,1023,281,0.1572,0.00575
2026-09-16 13:35:46,SPX,7608.62,7633.45,7445.0,70,637,0.2388,0.00575
2026-09-16 13:35:46,SPX,7608.62,7633.45,7775.0,2270,480,0.1574,0.00575
2026-09-16 13:35:46,SPX,7608.62,7633.45,7440.0,99,1414,0.2401,0.00575
2026-09-16 13:35:46,SPX,7608.62,7633.45,7780.0,1885,250,0.1578,0.00575
2026-09-16 13:35:46,SPX,7608.62,7633.45,7435.0,20,1668,0.2425,0.00575
2026-09-16 13:35:46,SPX,7608.62,7633.45,7785.0,1490,259,0.1583,0.00575
2026-09-16 13:35:46,SPX,7608.62,7633.45,7430.0,84,684,0.2433,0.00575
2026-09-16 13:35:46,SPX,7608.62,7633.45,7790.0,1372,180,0.1589,0.00575
2026-09-16 13:35:46,SPX,7608.62,7633.45,7425.0,437,2470,0.2452,0.00575
2026-09-16 13:35:46,SPX,7608.62,7633.45,7795.0,657,146,0.1597,0.00575
2026-09-16 13:35:46,SPX,7608.62,7633.45,7420.0,96,701,0.247,0.00575
2026-09-16 13:35:46,SPX,7608.62,7633.45,7800.0,5534,704,0.1606,0.00575
2026-09-16 13:35:46,SPX,7608.62,7633.45,7415.0,54,789,0.2485,0.00575
2026-09-16 13:35:46,SPX,7608.62,7633.45,7805.0,1041,62,0.1616,0.00575
2026-09-16 13:35:46,SPX,7608.62,7633.45,7410.0,280,1211,0.2508,0.00575
2026-09-16 13:35:46,SPX,7608.62,7633.45,7810.0,1002,79,0.1628,0.00575
2026-09-16 13:35:46,SPX,7608.62,7633.45,7405.0,156,555,0.2521,0.00575
2026-09-16 13:35:46,SPX,7608.62,7633.45,7815.0,1981,47,0.1642,0.00575
2026-09-16 13:35:46,SPX,7608.62,7633.45,7400.0,1053,5844,0.2539,0.00575
2026-09-16 13:35:46,SPX,7608.62,7633.45,7820.0,3113,76,0.1656,0.00575
2026-09-16 13:35:46,SPX,7608.62,7633.45,7395.0,31,2121,0.2539,0.00575
2026-09-16 13:35:46,SPX,7608.62,7633.45,7825.0,2682,125,0.1673,0.00575
2026-09-16 13:35:46,SPX,7608.62,7633.45,7390.0,35,889,0.2555,0.00575
2026-09-16 13:35:46,SPX,7608.62,7633.45,7830.0,1325,69,0.169,0.00575
2026-09-16 13:35:46,SPX,7608.62,7633.45,7385.0,78,608,0.2589,0.00575
2026-09-16 13:35:46,SPX,7608.62,7633.45,7835.0,698,18,0.1708,0.00575
2026-09-16 13:35:46,SPX,7608.62,7633.45,7380.0,68,1297,0.2602,0.00575
2026-09-16 13:35:46,SPX,7608.62,7633.45,7840.0,1847,57,0.1728,0.00575
2026-09-16 13:35:46,SPX,7608.62,7633.45,7375.0,138,1788,0.2616,0.00575
2026-09-16 13:35:46,SPX,7608.62,7633.45,7845.0,511,35,0.1748,0.00575
2026-09-16 13:35:46,SPX,7608.62,7633.45,7370.0,99,816,0.2643,0.00575
2026-09-16 13:35:46,SPX,7608.62,7633.45,7850.0,3733,59,0.1769,0.00575
2026-09-16 13:35:46,SPX,7608.62,7633.45,7365.0,78,295,0.2662,0.00575
2026-09-16 13:35:46,SPX,7608.62,7633.45,7855.0,801,26,0.1791,0.00575
2026-09-16 13:35:46,SPX,7608.62,7633.45,7360.0,37,1655,0.2681,0.00575
2026-09-16 14:06:15,SPX,7607.69,7632.4,7610.0,728,696,0.4549,0.000216
2026-09-16 14:06:15,SPX,7607.69,7632.4,7605.0,536,385,0.4583,0.000216
2026-09-16 14:06:15,SPX,7607.69,7632.4,7615.0,696,248,0.451,0.000216
2026-09-16 14:06:15,SPX,7607.69,7632.4,7600.0,1581,2828,0.4632,0.000216
2026-09-16 14:06:15,SPX,7607.69,7632.4,7620.0,1590,465,0.447,0.000216
2026-09-16 14:06:15,SPX,7607.69,7632.4,7595.0,665,1256,0.4673,0.000216
2026-09-16 14:06:15,SPX,7607.69,7632.4,7625.0,1035,3421,0.4441,0.000216
2026-09-16 14:06:15,SPX,7607.69,7632.4,7590.0,901,1203,0.472,0.000216
2026-09-16 14:06:15,SPX,7607.69,7632.4,7630.0,699,395,0.4415,0.000216
2026-09-16 14:06:15,SPX,7607.69,7632.4,7585.0,1009,1287,0.4781,0.000216
2026-09-16 14:06:15,SPX,7607.69,7632.4,7635.0,872,633,0.438,0.000216
2026-09-16 14:06:15,SPX,7607.69,7632.4,7580.0,613,1441,0.4826,0.000216
2026-09-16 14:06:15,SPX,7607.69,7632.4,7640.0,1498,305,0.4364,0.000216
2026-09-16 14:06:15,SPX,7607.69,7632.4,7575.0,354,1633,0.4881,0.000216
2026-09-16 14:06:15,SPX,7607.69,7632.4,7645.0,900,604,0.4335,0.000216
2026-09-16 14:06:15,SPX,7607.69,7632.4,7570.0,258,1147,0.4928,0.000216
2026-09-16 14:06:15,SPX,7607.69,7632.4,7650.0,5504,4413,0.4301,0.000216
2026-09-16 14:06:15,SPX,7607.69,7632.4,7565.0,106,585,0.4979,0.000216
2026-09-16 14:06:15,SPX,7607.69,7632.4,7655.0,1381,781,0.4284,0.000216
2026-09-16 14:06:15,SPX,7607.69,7632.4,7560.0,205,864,0.5037,0.000216
2026-09-16 14:06:15,SPX,7607.69,7632.4,7660.0,1545,335,0.4282,0.000216
2026-09-16 14:06:15,SPX,7607.69,7632.4,7555.0,115,425,0.5095,0.000216
2026-09-16 14:06:15,SPX,7607.69,7632.4,7665.0,1030,330,0.4283,0.000216
2026-09-16 14:06:15,SPX,7607.69,7632.4,7550.0,203,1759,0.5149,0.000216
2026-09-16 14:06:15,SPX,7607.69,7632.4,7670.0,1760,823,0.4291,0.000216
2026-09-16 14:06:15,SPX,7607.69,7632.4,7545.0,68,696,0.522,0.000216
2026-09-16 14:06:15,SPX,7607.69,7632.4,7675.0,5088,1003,0.4301,0.000216
2026-09-16 14:06:15,SPX,7607.69,7632.4,7540.0,110,1186,0.5289,0.000216
2026-09-16 14:06:15,SPX,7607.69,7632.4,7680.0,1642,862,0.431,0.000216
2026-09-16 14:06:15,SPX,7607.69,7632.4,7535.0,91,984,0.5351,0.000216
2026-09-16 14:06:15,SPX,7607.69,7632.4,7685.0,2259,346,0.4317,0.000216
2026-09-16 14:06:15,SPX,7607.69,7632.4,7530.0,136,1307,0.543,0.000216
2026-09-16 14:06:15,SPX,7607.69,7632.4,7690.0,1304,255,0.4329,0.000216
2026-09-16 14:06:15,SPX,7607.69,7632.4,7525.0,1254,3613,0.5485,0.000216
2026-09-16 14:06:15,SPX,7607.69,7632.4,7695.0,1192,117,0.4346,0.000216
2026-09-16 14:06:15,SPX,7607.69,7632.4,7520.0,1244,1619,0.5537,0.000216
2026-09-16 14:06:15,SPX,7607.69,7632.4,7700.0,3233,798,0.437,0.000216
2026-09-16 14:06:15,SPX,7607.69,7632.4,7515.0,119,819,0.5596,0.000216
2026-09-16 14:06:15,SPX,7607.69,7632.4,7705.0,1040,2079,0.4399,0.000216
2026-09-16 14:06:15,SPX,7607.69,7632.4,7510.0,132,1033,0.566,0.000216
2026-09-16 14:06:15,SPX,7607.69,7632.4,7710.0,1456,97,0.4433,0.000216
2026-09-16 14:06:15,SPX,7607.69,7632.4,7505.0,94,629,0.5741,0.000216
2026-09-16 14:06:15,SPX,7607.69,7632.4,7715.0,843,1322,0.4472,0.000216
2026-09-16 14:06:15,SPX,7607.69,7632.4,7500.0,259,4369,0.5815,0.000216
2026-09-16 14:06:15,SPX,7607.69,7632.4,7720.0,2356,225,0.4519,0.000216
2026-09-16 14:06:15,SPX,7607.69,7632.4,7495.0,67,773,0.5885,0.000216
2026-09-16 14:06:15,SPX,7607.69,7632.4,7725.0,1699,115,0.4577,0.000216
2026-09-16 14:06:15,SPX,7607.69,7632.4,7490.0,41,1228,0.5941,0.000216
2026-09-16 14:06:15,SPX,7607.69,7632.4,7730.0,3073,2050,0.464,0.000216
2026-09-16 14:06:15,SPX,7607.69,7632.4,7485.0,19,656,0.5992,0.000216
2026-09-16 14:06:15,SPX,7607.69,7632.4,7735.0,1086,50,0.4707,0.000216
2026-09-16 14:06:15,SPX,7607.69,7632.4,7480.0,28,1242,0.6051,0.000216
2026-09-16 14:06:15,SPX,7607.69,7632.4,7740.0,1998,1349,0.4779,0.000216
2026-09-16 14:06:15,SPX,7607.69,7632.4,7475.0,33,1674,0.6121,0.000216
2026-09-16 14:06:15,SPX,7607.69,7632.4,7745.0,813,131,0.4858,0.000216
2026-09-16 14:06:15,SPX,7607.69,7632.4,7470.0,33,1552,0.6199,0.000216
2026-09-16 14:06:15,SPX,7607.69,7632.4,7750.0,1793,322,0.4946,0.000216
2026-09-16 14:06:15,SPX,7607.69,7632.4,7465.0,4,1127,0.6289,0.000216
2026-09-16 14:06:15,SPX,7607.69,7632.4,7755.0,2859,49,0.5042,0.000216
2026-09-16 14:06:15,SPX,7607.69,7632.4,7460.0,41,1524,0.6385,0.000216
2026-09-16 14:06:15,SPX,7607.69,7632.4,7760.0,780,60,0.514,0.000216
2026-09-16 14:06:15,SPX,7607.69,7632.4,7455.0,27,768,0.6489,0.000216
2026-09-16 14:06:15,SPX,7607.69,7632.4,7765.0,2335,34,0.5247,0.000216
2026-09-16 14:06:15,SPX,7607.69,7632.4,7450.0,107,2811,0.6594,0.000216
2026-09-16 14:06:15,SPX,7607.69,7632.4,7770.0,1592,40,0.5356,0.000216
2026-09-16 14:06:15,SPX,7607.69,7632.4,7445.0,2,1150,0.6696,0.000216
2026-09-16 14:06:15,SPX,7607.69,7632.4,7775.0,2381,67,0.5464,0.000216
2026-09-16 14:06:15,SPX,7607.69,7632.4,7440.0,6,2097,0.6795,0.000216
2026-09-16 14:06:15,SPX,7607.69,7632.4,7780.0,4304,28,0.557,0.000216
2026-09-16 14:06:15,SPX,7607.69,7632.4,7435.0,4,929,0.6893,0.000216
2026-09-16 14:06:15,SPX,7607.69,7632.4,7785.0,492,113,0.5672,0.000216
2026-09-16 14:06:15,SPX,7607.69,7632.4,7430.0,8,973,0.6989,0.000216
2026-09-16 14:06:15,SPX,7607.69,7632.4,7790.0,3122,27,0.5773,0.000216
2026-09-16 14:06:15,SPX,7607.69,7632.4,7425.0,9,1181,0.7087,0.000216
2026-09-16 14:06:15,SPX,7607.69,7632.4,7795.0,563,12,0.5871,0.000216
2026-09-16 14:06:15,SPX,7607.69,7632.4,7420.0,38,1350,0.7186,0.000216
2026-09-16 14:06:15,SPX,7607.69,7632.4,7800.0,2895,52,0.597,0.000216
2026-09-16 14:06:15,SPX,7607.69,7632.4,7415.0,2,1866,0.7287,0.000216
2026-09-16 14:06:15,SPX,7607.69,7632.4,7805.0,1769,8,0.6068,0.000216
2026-09-16 14:06:15,SPX,7607.69,7632.4,7410.0,6,958,0.7391,0.000216
2026-09-16 14:06:15,SPX,7607.69,7632.4,7810.0,688,32,0.6164,0.000216
2026-09-16 14:06:15,SPX,7607.69,7632.4,7405.0,5,3661,0.7496,0.000216
2026-09-16 14:06:15,SPX,7607.69,7632.4,7815.0,598,4,0.6256,0.000216
2026-09-16 14:06:15,SPX,7607.69,7632.4,7400.0,93,4633,0.7604,0.000216
2026-09-16 14:06:15,SPX,7607.69,7632.4,7820.0,1539,62,0.6341,0.000216
2026-09-16 14:06:15,SPX,7607.69,7632.4,7395.0,0,1647,0.7715,0.000216
2026-09-16 14:06:15,SPX,7607.69,7632.4,7825.0,1183,53,0.6417,0.000216
2026-09-16 14:06:15,SPX,7607.69,7632.4,7390.0,30,2806,0.7829,0.000216
2026-09-16 14:06:15,SPX,7607.69,7632.4,7830.0,744,129,0.6482,0.000216
2026-09-16 14:06:15,SPX,7607.69,7632.4,7385.0,1,1088,0.7946,0.000216
2026-09-16 14:06:15,SPX,7607.69,7632.4,7835.0,585,30,0.6534,0.000216
2026-09-16 14:06:15,SPX,7607.69,7632.4,7380.0,4,4519,0.8066,0.000216
2026-09-16 14:06:15,SPX,7607.69,7632.4,7840.0,706,1,0.6572,0.000216
2026-09-16 14:06:15,SPX,7607.69,7632.4,7375.0,0,1131,0.8184,0.000216
2026-09-16 14:06:15,SPX,7607.69,7632.4,7845.0,243,7,0.6596,0.000216
2026-09-16 14:06:15,SPX,7607.69,7632.4,7370.0,24,559,0.8296,0.000216
2026-09-16 14:06:15,SPX,7607.69,7632.4,7850.0,1588,129,0.6607,0.000216
2026-09-16 14:06:15,SPX,7607.69,7632.4,7365.0,10,537,0.8402,0.000216
2026-09-16 14:06:15,SPX,7607.69,7632.4,7855.0,274,0,0.6607,0.000216
2026-09-16 14:06:15,SPX,7607.69,7632.4,7360.0,12,3673,0.8503,0.000216
2026-09-16 14:06:15,SPX,7607.69,7632.4,7610.0,518,379,0.1968,0.002954
2026-09-16 14:06:15,SPX,7607.69,7632.4,7605.0,235,186,0.1984,0.002954
2026-09-16 14:06:15,SPX,7607.69,7632.4,7615.0,213,167,0.1945,0.002954
2026-09-16 14:06:15,SPX,7607.69,7632.4,7600.0,396,861,0.2009,0.002954
2026-09-16 14:06:15,SPX,7607.69,7632.4,7620.0,224,227,0.1929,0.002954
2026-09-16 14:06:15,SPX,7607.69,7632.4,7595.0,191,566,0.2037,0.002954
2026-09-16 14:06:15,SPX,7607.69,7632.4,7625.0,337,668,0.1915,0.002954
2026-09-16 14:06:15,SPX,7607.69,7632.4,7590.0,120,337,0.2045,0.002954
2026-09-16 14:06:15,SPX,7607.69,7632.4,7630.0,308,317,0.1899,0.002954
2026-09-16 14:06:15,SPX,7607.69,7632.4,7585.0,213,349,0.2053,0.002954
2026-09-16 14:06:15,SPX,7607.69,7632.4,7635.0,171,165,0.1887,0.002954
2026-09-16 14:06:15,SPX,7607.69,7632.4,7580.0,334,832,0.2079,0.002954
2026-09-16 14:06:15,SPX,7607.69,7632.4,7640.0,187,315,0.1874,0.002954
2026-09-16 14:06:15,SPX,7607.69,7632.4,7575.0,119,382,0.2106,0.002954
2026-09-16 14:06:15,SPX,7607.69,7632.4,7645.0,441,200,0.1861,0.002954
2026-09-16 14:06:15,SPX,7607.69,7632.4,7570.0,178,645,0.2128,0.002954
2026-09-16 14:06:15,SPX,7607.69,7632.4,7650.0,528,3373,0.1849,0.002954
2026-09-16 14:06:15,SPX,7607.69,7632.4,7565.0,81,184,0.2138,0.002954
2026-09-16 14:06:15,SPX,7607.69,7632.4,7655.0,418,204,0.1837,0.002954
2026-09-16 14:06:15,SPX,7607.69,7632.4,7560.0,74,443,0.2146,0.002954
2026-09-16 14:06:15,SPX,7607.69,7632.4,7660.0,564,308,0.1822,0.002954
2026-09-16 14:06:15,SPX,7607.69,7632.4,7555.0,104,255,0.2161,0.002954
2026-09-16 14:06:15,SPX,7607.69,7632.4,7665.0,308,137,0.1809,0.002954
2026-09-16 14:06:15,SPX,7607.69,7632.4,7550.0,110,498,0.218,0.002954
2026-09-16 14:06:15,SPX,7607.69,7632.4,7670.0,1238,550,0.1796,0.002954
2026-09-16 14:06:15,SPX,7607.69,7632.4,7545.0,99,166,0.2205,0.002954
2026-09-16 14:06:15,SPX,7607.69,7632.4,7675.0,4504,3959,0.1785,0.002954
2026-09-16 14:06:15,SPX,7607.69,7632.4,7540.0,22,759,0.2218,0.002954
2026-09-16 14:06:15,SPX,7607.69,7632.4,7680.0,979,193,0.1776,0.002954
2026-09-16 14:06:15,SPX,7607.69,7632.4,7535.0,47,242,0.2237,0.002954
2026-09-16 14:06:15,SPX,7607.69,7632.4,7685.0,224,88,0.1769,0.002954
2026-09-16 14:06:15,SPX,7607.69,7632.4,7530.0,28,286,0.2258,0.002954
2026-09-16 14:06:15,SPX,7607.69,7632.4,7690.0,656,304,0.1763,0.002954
2026-09-16 14:06:15,SPX,7607.69,7632.4,7525.0,90,526,0.2282,0.002954
2026-09-16 14:06:15,SPX,7607.69,7632.4,7695.0,261,208,0.1758,0.002954
2026-09-16 14:06:15,SPX,7607.69,7632.4,7520.0,22,451,0.2307,0.002954
2026-09-16 14:06:15,SPX,7607.69,7632.4,7700.0,4669,304,0.1752,0.002954
2026-09-16 14:06:15,SPX,7607.69,7632.4,7515.0,24,224,0.233,0.002954
2026-09-16 14:06:15,SPX,7607.69,7632.4,7705.0,708,157,0.1747,0.002954
2026-09-16 14:06:15,SPX,7607.69,7632.4,7510.0,64,420,0.235,0.002954
2026-09-16 14:06:15,SPX,7607.69,7632.4,7710.0,413,137,0.1742,0.002954
2026-09-16 14:06:15,SPX,7607.69,7632.4,7505.0,23,199,0.2366,0.002954
2026-09-16 14:06:15,SPX,7607.69,7632.4,7715.0,306,166,0.1737,0.002954
2026-09-16 14:06:15,SPX,7607.69,7632.4,7500.0,76,2764,0.2378,0.002954
2026-09-16 14:06:15,SPX,7607.69,7632.4,7720.0,385,199,0.1733,0.002954
2026-09-16 14:06:15,SPX,7607.69,7632.4,7495.0,2,158,0.2391,0.002954
2026-09-16 14:06:15,SPX,7607.69,7632.4,7725.0,1017,163,0.173,0.002954
2026-09-16 14:06:15,SPX,7607.69,7632.4,7490.0,2,821,0.2407,0.002954
2026-09-16 14:06:15,SPX,7607.69,7632.4,7730.0,659,126,0.1727,0.002954
2026-09-16 14:06:15,SPX,7607.69,7632.4,7485.0,0,350,0.2425,0.002954
2026-09-16 14:06:15,SPX,7607.69,7632.4,7735.0,460,38,0.1726,0.002954
2026-09-16 14:06:15,SPX,7607.69,7632.4,7480.0,32,390,0.2445,0.002954
2026-09-16 14:06:15,SPX,7607.69,7632.4,7740.0,646,124,0.1726,0.002954
2026-09-16 14:06:15,SPX,7607.69,7632.4,7475.0,5,600,0.2466,0.002954
2026-09-16 14:06:15,SPX,7607.69,7632.4,7745.0,338,28,0.1729,0.002954
2026-09-16 14:06:15,SPX,7607.69,7632.4,7470.0,35,922,0.2489,0.002954
2026-09-16 14:06:15,SPX,7607.69,7632.4,7750.0,940,168,0.1734,0.002954
2026-09-16 14:06:15,SPX,7607.69,7632.4,7465.0,8,146,0.2513,0.002954
2026-09-16 14:06:15,SPX,7607.69,7632.4,7755.0,281,37,0.1741,0.002954
2026-09-16 14:06:15,SPX,7607.69,7632.4,7460.0,1,846,0.2538,0.002954
2026-09-16 14:06:15,SPX,7607.69,7632.4,7760.0,659,96,0.1751,0.002954
2026-09-16 14:06:15,SPX,7607.69,7632.4,7455.0,0,135,0.2562,0.002954
2026-09-16 14:06:15,SPX,7607.69,7632.4,7765.0,277,48,0.1763,0.002954
2026-09-16 14:06:15,SPX,7607.69,7632.4,7450.0,36,3615,0.2586,0.002954
2026-09-16 14:06:15,SPX,7607.69,7632.4,7770.0,1165,63,0.1779,0.002954
2026-09-16 14:06:15,SPX,7607.69,7632.4,7445.0,0,207,0.261,0.002954
2026-09-16 14:06:15,SPX,7607.69,7632.4,7775.0,967,57,0.1796,0.002954
2026-09-16 14:06:15,SPX,7607.69,7632.4,7440.0,7,542,0.2634,0.002954
2026-09-16 14:06:15,SPX,7607.69,7632.4,7780.0,445,39,0.1817,0.002954
2026-09-16 14:06:15,SPX,7607.69,7632.4,7435.0,0,197,0.2657,0.002954
2026-09-16 14:06:15,SPX,7607.69,7632.4,7785.0,307,9,0.1839,0.002954
2026-09-16 14:06:15,SPX,7607.69,7632.4,7430.0,2,276,0.268,0.002954
2026-09-16 14:06:15,SPX,7607.69,7632.4,7790.0,390,24,0.1863,0.002954
2026-09-16 14:06:15,SPX,7607.69,7632.4,7425.0,30,1695,0.2704,0.002954
2026-09-16 14:06:15,SPX,7607.69,7632.4,7795.0,433,5,0.1888,0.002954
2026-09-16 14:06:15,SPX,7607.69,7632.4,7420.0,26,1347,0.2727,0.002954
2026-09-16 14:06:15,SPX,7607.69,7632.4,7800.0,2764,91,0.1914,0.002954
2026-09-16 14:06:15,SPX,7607.69,7632.4,7415.0,0,167,0.2751,0.002954
2026-09-16 14:06:15,SPX,7607.69,7632.4,7805.0,1724,3,0.194,0.002954
2026-09-16 14:06:15,SPX,7607.69,7632.4,7410.0,1,216,0.2775,0.002954
2026-09-16 14:06:15,SPX,7607.69,7632.4,7810.0,508,4,0.1966,0.002954
2026-09-16 14:06:15,SPX,7607.69,7632.4,7405.0,10,141,0.28,0.002954
2026-09-16 14:06:15,SPX,7607.69,7632.4,7815.0,404,2,0.1993,0.002954
2026-09-16 14:06:15,SPX,7607.69,7632.4,7400.0,18,1023,0.2825,0.002954
2026-09-16 14:06:15,SPX,7607.69,7632.4,7820.0,309,16,0.202,0.002954
2026-09-16 14:06:15,SPX,7607.69,7632.4,7395.0,0,114,0.2851,0.002954
2026-09-16 14:06:15,SPX,7607.69,7632.4,7825.0,790,61,0.2047,0.002954
2026-09-16 14:06:15,SPX,7607.69,7632.4,7390.0,0,1244,0.2878,0.002954
2026-09-16 14:06:15,SPX,7607.69,7632.4,7830.0,512,3,0.2075,0.002954
2026-09-16 14:06:15,SPX,7607.69,7632.4,7385.0,1,131,0.2906,0.002954
2026-09-16 14:06:15,SPX,7607.69,7632.4,7835.0,489,0,0.2104,0.002954
2026-09-16 14:06:15,SPX,7607.69,7632.4,7380.0,30,1143,0.2935,0.002954
2026-09-16 14:06:15,SPX,7607.69,7632.4,7840.0,382,23,0.2134,0.002954
2026-09-16 14:06:15,SPX,7607.69,7632.4,7375.0,5,270,0.2964,0.002954
2026-09-16 14:06:15,SPX,7607.69,7632.4,7845.0,408,0,0.2165,0.002954
2026-09-16 14:06:15,SPX,7607.69,7632.4,7370.0,30,197,0.2995,0.002954
2026-09-16 14:06:15,SPX,7607.69,7632.4,7850.0,593,45,0.2197,0.002954
2026-09-16 14:06:15,SPX,7607.69,7632.4,7365.0,0,126,0.3026,0.002954
2026-09-16 14:06:15,SPX,7607.69,7632.4,7855.0,232,1,0.2229,0.002954
2026-09-16 14:06:15,SPX,7607.69,7632.4,7360.0,3,296,0.3059,0.002954
2026-09-16 14:06:15,SPX,7607.69,7632.4,7610.0,613,1017,0.1832,0.005692
2026-09-16 14:06:15,SPX,7607.69,7632.4,7605.0,681,2783,0.1846,0.005692
2026-09-16 14:06:15,SPX,7607.69,7632.4,7615.0,824,2306,0.1816,0.005692
2026-09-16 14:06:15,SPX,7607.69,7632.4,7600.0,4452,6174,0.1863,0.005692
2026-09-16 14:06:15,SPX,7607.69,7632.4,7620.0,677,534,0.1802,0.005692
2026-09-16 14:06:15,SPX,7607.69,7632.4,7595.0,256,748,0.1878,0.005692
2026-09-16 14:06:15,SPX,7607.69,7632.4,7625.0,1644,4596,0.179,0.005692
2026-09-16 14:06:15,SPX,7607.69,7632.4,7590.0,523,1071,0.1895,0.005692
2026-09-16 14:06:15,SPX,7607.69,7632.4,7630.0,449,3371,0.178,0.005692
2026-09-16 14:06:15,SPX,7607.69,7632.4,7585.0,467,562,0.1911,0.005692
2026-09-16 14:06:15,SPX,7607.69,7632.4,7635.0,935,1265,0.1769,0.005692
2026-09-16 14:06:15,SPX,7607.69,7632.4,7580.0,737,884,0.1927,0.005692
2026-09-16 14:06:15,SPX,7607.69,7632.4,7640.0,847,1282,0.1757,0.005692
2026-09-16 14:06:15,SPX,7607.69,7632.4,7575.0,563,2354,0.1943,0.005692
2026-09-16 14:06:15,SPX,7607.69,7632.4,7645.0,516,396,0.1744,0.005692
2026-09-16 14:06:15,SPX,7607.69,7632.4,7570.0,304,911,0.1959,0.005692
2026-09-16 14:06:15,SPX,7607.69,7632.4,7650.0,5583,6131,0.1729,0.005692
2026-09-16 14:06:15,SPX,7607.69,7632.4,7565.0,642,565,0.1975,0.005692
2026-09-16 14:06:15,SPX,7607.69,7632.4,7655.0,541,3273,0.1713,0.005692
2026-09-16 14:06:15,SPX,7607.69,7632.4,7560.0,209,975,0.1985,0.005692
2026-09-16 14:06:15,SPX,7607.69,7632.4,7660.0,2366,2501,0.1697,0.005692
2026-09-16 14:06:15,SPX,7607.69,7632.4,7555.0,71,646,0.1996,0.005692
2026-09-16 14:06:15,SPX,7607.69,7632.4,7665.0,587,424,0.1683,0.005692
2026-09-16 14:06:15,SPX,7607.69,7632.4,7550.0,2542,8001,0.2018,0.005692
2026-09-16 14:06:15,SPX,7607.69,7632.4,7670.0,956,765,0.1671,0.005692
2026-09-16 14:06:15,SPX,7607.69,7632.4,7545.0,1938,2223,0.2038,0.005692
2026-09-16 14:06:15,SPX,7607.69,7632.4,7675.0,4951,3262,0.1662,0.005692
2026-09-16 14:06:15,SPX,7607.69,7632.4,7540.0,112,1224,0.2045,0.005692
2026-09-16 14:06:15,SPX,7607.69,7632.4,7680.0,3640,675,0.1654,0.005692
2026-09-16 14:06:15,SPX,7607.69,7632.4,7535.0,138,1053,0.2055,0.005692
2026-09-16 14:06:15,SPX,7607.69,7632.4,7685.0,948,449,0.1647,0.005692
2026-09-16 14:06:15,SPX,7607.69,7632.4,7530.0,107,902,0.2071,0.005692
2026-09-16 14:06:15,SPX,7607.69,7632.4,7690.0,848,1633,0.1641,0.005692
2026-09-16 14:06:15,SPX,7607.69,7632.4,7525.0,224,1094,0.2092,0.005692
2026-09-16 14:06:15,SPX,7607.69,7632.4,7695.0,1848,661,0.1636,0.005692
2026-09-16 14:06:15,SPX,7607.69,7632.4,7520.0,81,1121,0.2112,0.005692
2026-09-16 14:06:15,SPX,7607.69,7632.4,7700.0,6428,2978,0.163,0.005692
2026-09-16 14:06:15,SPX,7607.69,7632.4,7515.0,98,857,0.2128,0.005692
2026-09-16 14:06:15,SPX,7607.69,7632.4,7705.0,3427,674,0.1624,0.005692
2026-09-16 14:06:15,SPX,7607.69,7632.4,7510.0,151,791,0.2142,0.005692
2026-09-16 14:06:15,SPX,7607.69,7632.4,7710.0,685,395,0.1617,0.005692
2026-09-16 14:06:15,SPX,7607.69,7632.4,7505.0,101,570,0.216,0.005692
2026-09-16 14:06:15,SPX,7607.69,7632.4,7715.0,1261,358,0.161,0.005692
2026-09-16 14:06:15,SPX,7607.69,7632.4,7500.0,819,4301,0.2178,0.005692
2026-09-16 14:06:15,SPX,7607.69,7632.4,7720.0,691,1183,0.1603,0.005692
2026-09-16 14:06:15,SPX,7607.69,7632.4,7495.0,617,1363,0.2191,0.005692
2026-09-16 14:06:15,SPX,7607.69,7632.4,7725.0,3172,1236,0.1596,0.005692
2026-09-16 14:06:15,SPX,7607.69,7632.4,7490.0,69,888,0.2202,0.005692
2026-09-16 14:06:15,SPX,7607.69,7632.4,7730.0,742,502,0.1589,0.005692
2026-09-16 14:06:15,SPX,7607.69,7632.4,7485.0,57,460,0.2217,0.005692
2026-09-16 14:06:15,SPX,7607.69,7632.4,7735.0,1089,670,0.1561,0.005692
2026-09-16 14:06:15,SPX,7607.69,7632.4,7480.0,116,1004,0.2232,0.005692
2026-09-16 14:06:15,SPX,7607.69,7632.4,7740.0,1180,403,0.1556,0.005692
2026-09-16 14:06:15,SPX,7607.69,7632.4,7475.0,331,1654,0.2237,0.005692
2026-09-16 14:06:15,SPX,7607.69,7632.4,7745.0,756,201,0.1551,0.005692
2026-09-16 14:06:15,SPX,7607.69,7632.4,7470.0,106,1040,0.225,0.005692
2026-09-16 14:06:15,SPX,7607.69,7632.4,7750.0,3322,1482,0.1546,0.005692
2026-09-16 14:06:15,SPX,7607.69,7632.4,7465.0,36,699,0.2279,0.005692
2026-09-16 14:06:15,SPX,7607.69,7632.4,7755.0,1070,202,0.1543,0.005692
2026-09-16 14:06:15,SPX,7607.69,7632.4,7460.0,48,936,0.2301,0.005692
2026-09-16 14:06:15,SPX,7607.69,7632.4,7760.0,1383,88,0.154,0.005692
2026-09-16 14:06:15,SPX,7607.69,7632.4,7455.0,72,498,0.2315,0.005692
2026-09-16 14:06:15,SPX,7607.69,7632.4,7765.0,1371,221,0.1539,0.005692
2026-09-16 14:06:15,SPX,7607.69,7632.4,7450.0,345,2994,0.2338,0.005692
2026-09-16 14:06:15,SPX,7607.69,7632.4,7770.0,1023,281,0.154,0.005692
2026-09-16 14:06:15,SPX,7607.69,7632.4,7445.0,70,637,0.2359,0.005692
2026-09-16 14:06:15,SPX,7607.69,7632.4,7775.0,2270,480,0.1543,0.005692
2026-09-16 14:06:15,SPX,7607.69,7632.4,7440.0,99,1414,0.2377,0.005692
2026-09-16 14:06:15,SPX,7607.69,7632.4,7780.0,1885,250,0.1548,0.005692
2026-09-16 14:06:15,SPX,7607.69,7632.4,7435.0,20,1668,0.2393,0.005692
2026-09-16 14:06:15,SPX,7607.69,7632.4,7785.0,1490,259,0.1555,0.005692
2026-09-16 14:06:15,SPX,7607.69,7632.4,7430.0,84,684,0.241,0.005692
2026-09-16 14:06:15,SPX,7607.69,7632.4,7790.0,1372,180,0.1563,0.005692
2026-09-16 14:06:15,SPX,7607.69,7632.4,7425.0,437,2470,0.2431,0.005692
2026-09-16 14:06:15,SPX,7607.69,7632.4,7795.0,657,146,0.1573,0.005692
2026-09-16 14:06:15,SPX,7607.69,7632.4,7420.0,96,701,0.2446,0.005692
2026-09-16 14:06:15,SPX,7607.69,7632.4,7800.0,5534,704,0.1584,0.005692
2026-09-16 14:06:15,SPX,7607.69,7632.4,7415.0,54,789,0.2454,0.005692
2026-09-16 14:06:15,SPX,7607.69,7632.4,7805.0,1041,62,0.1596,0.005692
2026-09-16 14:06:15,SPX,7607.69,7632.4,7410.0,280,1211,0.2465,0.005692
2026-09-16 14:06:15,SPX,7607.69,7632.4,7810.0,1002,79,0.161,0.005692
2026-09-16 14:06:15,SPX,7607.69,7632.4,7405.0,156,555,0.2483,0.005692
2026-09-16 14:06:15,SPX,7607.69,7632.4,7815.0,1981,47,0.1624,0.005692
2026-09-16 14:06:15,SPX,7607.69,7632.4,7400.0,1053,5844,0.2513,0.005692
2026-09-16 14:06:15,SPX,7607.69,7632.4,7820.0,3113,76,0.1639,0.005692
2026-09-16 14:06:15,SPX,7607.69,7632.4,7395.0,31,2121,0.2528,0.005692
2026-09-16 14:06:15,SPX,7607.69,7632.4,7825.0,2682,125,0.1655,0.005692
2026-09-16 14:06:15,SPX,7607.69,7632.4,7390.0,35,889,0.2545,0.005692
2026-09-16 14:06:15,SPX,7607.69,7632.4,7830.0,1325,69,0.1672,0.005692
2026-09-16 14:06:15,SPX,7607.69,7632.4,7385.0,78,608,0.2571,0.005692
2026-09-16 14:06:15,SPX,7607.69,7632.4,7835.0,698,18,0.1689,0.005692
2026-09-16 14:06:15,SPX,7607.69,7632.4,7380.0,68,1297,0.2599,0.005692
2026-09-16 14:06:15,SPX,7607.69,7632.4,7840.0,1847,57,0.1707,0.005692
2026-09-16 14:06:15,SPX,7607.69,7632.4,7375.0,138,1788,0.2625,0.005692
2026-09-16 14:06:15,SPX,7607.69,7632.4,7845.0,511,35,0.1725,0.005692
2026-09-16 14:06:15,SPX,7607.69,7632.4,7370.0,99,816,0.2649,0.005692
2026-09-16 14:06:15,SPX,7607.69,7632.4,7850.0,3733,59,0.1743,0.005692
2026-09-16 14:06:15,SPX,7607.69,7632.4,7365.0,78,295,0.2675,0.005692
2026-09-16 14:06:15,SPX,7607.69,7632.4,7855.0,801,26,0.1762,0.005692
2026-09-16 14:06:15,SPX,7607.69,7632.4,7360.0,37,1655,0.27,0.005692
2026-09-16 14:36:39,SPX,7588.36,7631.19,7590.0,901,1203,0.5134,0.000158
2026-09-16 14:36:39,SPX,7588.36,7631.19,7585.0,1009,1287,0.517,0.000158
2026-09-16 14:36:39,SPX,7588.36,7631.19,7595.0,665,1256,0.5081,0.000158
2026-09-16 14:36:39,SPX,7588.36,7631.19,7580.0,613,1441,0.5217,0.000158
2026-09-16 14:36:39,SPX,7588.36,7631.19,7600.0,1581,2828,0.5039,0.000158
2026-09-16 14:36:39,SPX,7588.36,7631.19,7575.0,354,1633,0.5258,0.000158
2026-09-16 14:36:39,SPX,7588.36,7631.19,7605.0,536,385,0.4996,0.000158
2026-09-16 14:36:39,SPX,7588.36,7631.19,7570.0,258,1147,0.5297,0.000158
2026-09-16 14:36:39,SPX,7588.36,7631.19,7610.0,728,696,0.4963,0.000158
2026-09-16 14:36:39,SPX,7588.36,7631.19,7565.0,106,585,0.534,0.000158
2026-09-16 14:36:39,SPX,7588.36,7631.19,7615.0,696,248,0.4918,0.000158
2026-09-16 14:36:39,SPX,7588.36,7631.19,7560.0,205,864,0.5383,0.000158
2026-09-16 14:36:39,SPX,7588.36,7631.19,7620.0,1590,465,0.4878,0.000158
2026-09-16 14:36:39,SPX,7588.36,7631.19,7555.0,115,425,0.5428,0.000158
2026-09-16 14:36:39,SPX,7588.36,7631.19,7625.0,1035,3421,0.4842,0.000158
2026-09-16 14:36:39,SPX,7588.36,7631.19,7550.0,203,1759,0.5479,0.000158
2026-09-16 14:36:39,SPX,7588.36,7631.19,7630.0,699,395,0.4809,0.000158
2026-09-16 14:36:39,SPX,7588.36,7631.19,7545.0,68,696,0.5522,0.000158
2026-09-16 14:36:39,SPX,7588.36,7631.19,7635.0,872,633,0.4783,0.000158
2026-09-16 14:36:39,SPX,7588.36,7631.19,7540.0,110,1186,0.5562,0.000158
2026-09-16 14:36:39,SPX,7588.36,7631.19,7640.0,1498,305,0.4749,0.000158
2026-09-16 14:36:39,SPX,7588.36,7631.19,7535.0,91,984,0.5612,0.000158
2026-09-16 14:36:39,SPX,7588.36,7631.19,7645.0,900,604,0.4728,0.000158
2026-09-16 14:36:39,SPX,7588.36,7631.19,7530.0,136,1307,0.5652,0.000158
2026-09-16 14:36:39,SPX,7588.36,7631.19,7650.0,5504,4413,0.4705,0.000158
2026-09-16 14:36:39,SPX,7588.36,7631.19,7525.0,1254,3613,0.5702,0.000158
2026-09-16 14:36:39,SPX,7588.36,7631.19,7655.0,1381,781,0.4693,0.000158
2026-09-16 14:36:39,SPX,7588.36,7631.19,7520.0,1244,1619,0.5765,0.000158
2026-09-16 14:36:39,SPX,7588.36,7631.19,7660.0,1545,335,0.4683,0.000158
2026-09-16 14:36:39,SPX,7588.36,7631.19,7515.0,119,819,0.5814,0.000158
2026-09-16 14:36:39,SPX,7588.36,7631.19,7665.0,1030,330,0.4679,0.000158
2026-09-16 14:36:39,SPX,7588.36,7631.19,7510.0,132,1033,0.5877,0.000158
2026-09-16 14:36:39,SPX,7588.36,7631.19,7670.0,1760,823,0.4675,0.000158
2026-09-16 14:36:39,SPX,7588.36,7631.19,7505.0,94,629,0.595,0.000158
2026-09-16 14:36:39,SPX,7588.36,7631.19,7675.0,5088,1003,0.467,0.000158
2026-09-16 14:36:39,SPX,7588.36,7631.19,7500.0,259,4369,0.6013,0.000158
2026-09-16 14:36:39,SPX,7588.36,7631.19,7680.0,1642,862,0.4663,0.000158
2026-09-16 14:36:39,SPX,7588.36,7631.19,7495.0,67,773,0.608,0.000158
2026-09-16 14:36:39,SPX,7588.36,7631.19,7685.0,2259,346,0.4683,0.000158
2026-09-16 14:36:39,SPX,7588.36,7631.19,7490.0,41,1228,0.6155,0.000158
2026-09-16 14:36:39,SPX,7588.36,7631.19,7690.0,1304,255,0.4714,0.000158
2026-09-16 14:36:39,SPX,7588.36,7631.19,7485.0,19,656,0.6232,0.000158
2026-09-16 14:36:39,SPX,7588.36,7631.19,7695.0,1192,117,0.4755,0.000158
2026-09-16 14:36:39,SPX,7588.36,7631.19,7480.0,28,1242,0.6303,0.000158
2026-09-16 14:36:39,SPX,7588.36,7631.19,7700.0,3233,798,0.4818,0.000158
2026-09-16 14:36:39,SPX,7588.36,7631.19,7475.0,33,1674,0.6368,0.000158
2026-09-16 14:36:39,SPX,7588.36,7631.19,7705.0,1040,2079,0.4863,0.000158
2026-09-16 14:36:39,SPX,7588.36,7631.19,7470.0,33,1552,0.644,0.000158
2026-09-16 14:36:39,SPX,7588.36,7631.19,7710.0,1456,97,0.4956,0.000158
2026-09-16 14:36:39,SPX,7588.36,7631.19,7465.0,4,1127,0.6523,0.000158
2026-09-16 14:36:39,SPX,7588.36,7631.19,7715.0,843,1322,0.5057,0.000158
2026-09-16 14:36:39,SPX,7588.36,7631.19,7460.0,41,1524,0.6632,0.000158
2026-09-16 14:36:39,SPX,7588.36,7631.19,7720.0,2356,225,0.5156,0.000158
2026-09-16 14:36:39,SPX,7588.36,7631.19,7455.0,27,768,0.6734,0.000158
2026-09-16 14:36:39,SPX,7588.36,7631.19,7725.0,1699,115,0.526,0.000158
2026-09-16 14:36:39,SPX,7588.36,7631.19,7450.0,107,2811,0.6838,0.000158
2026-09-16 14:36:39,SPX,7588.36,7631.19,7730.0,3073,2050,0.5388,0.000158
2026-09-16 14:36:39,SPX,7588.36,7631.19,7445.0,2,1150,0.6945,0.000158
2026-09-16 14:36:39,SPX,7588.36,7631.19,7735.0,1086,50,0.5521,0.000158
2026-09-16 14:36:39,SPX,7588.36,7631.19,7440.0,6,2097,0.7051,0.000158
2026-09-16 14:36:39,SPX,7588.36,7631.19,7740.0,1998,1349,0.5656,0.000158
2026-09-16 14:36:39,SPX,7588.36,7631.19,7435.0,4,929,0.7158,0.000158
2026-09-16 14:36:39,SPX,7588.36,7631.19,7745.0,813,131,0.579,0.000158
2026-09-16 14:36:39,SPX,7588.36,7631.19,7430.0,8,973,0.7268,0.000158
2026-09-16 14:36:39,SPX,7588.36,7631.19,7750.0,1793,322,0.592,0.000158
2026-09-16 14:36:39,SPX,7588.36,7631.19,7425.0,9,1181,0.738,0.000158
2026-09-16 14:36:39,SPX,7588.36,7631.19,7755.0,2859,49,0.6043,0.000158
2026-09-16 14:36:39,SPX,7588.36,7631.19,7420.0,38,1350,0.7497,0.000158
2026-09-16 14:36:39,SPX,7588.36,7631.19,7760.0,780,60,0.6157,0.000158
2026-09-16 14:36:39,SPX,7588.36,7631.19,7415.0,2,1866,0.7618,0.000158
2026-09-16 14:36:39,SPX,7588.36,7631.19,7765.0,2335,34,0.6259,0.000158
2026-09-16 14:36:39,SPX,7588.36,7631.19,7410.0,6,958,0.7742,0.000158
2026-09-16 14:36:39,SPX,7588.36,7631.19,7770.0,1592,40,0.6348,0.000158
2026-09-16 14:36:39,SPX,7588.36,7631.19,7405.0,5,3661,0.7869,0.000158
2026-09-16 14:36:39,SPX,7588.36,7631.19,7775.0,2381,67,0.6423,0.000158
2026-09-16 14:36:39,SPX,7588.36,7631.19,7400.0,93,4633,0.7997,0.000158
2026-09-16 14:36:39,SPX,7588.36,7631.19,7780.0,4304,28,0.6485,0.000158
2026-09-16 14:36:39,SPX,7588.36,7631.19,7395.0,0,1647,0.8126,0.000158
2026-09-16 14:36:39,SPX,7588.36,7631.19,7785.0,492,113,0.6532,0.000158
2026-09-16 14:36:39,SPX,7588.36,7631.19,7390.0,30,2806,0.8255,0.000158
2026-09-16 14:36:39,SPX,7588.36,7631.19,7790.0,3122,27,0.6566,0.000158
2026-09-16 14:36:39,SPX,7588.36,7631.19,7385.0,1,1088,0.8387,0.000158
2026-09-16 14:36:39,SPX,7588.36,7631.19,7795.0,563,12,0.6589,0.000158
2026-09-16 14:36:39,SPX,7588.36,7631.19,7380.0,4,4519,0.852,0.000158
2026-09-16 14:36:39,SPX,7588.36,7631.19,7800.0,2895,52,0.6601,0.000158
2026-09-16 14:36:39,SPX,7588.36,7631.19,7375.0,0,1131,0.8657,0.000158
2026-09-16 14:36:39,SPX,7588.36,7631.19,7805.0,1769,8,0.6604,0.000158
2026-09-16 14:36:39,SPX,7588.36,7631.19,7370.0,24,559,0.8797,0.000158
2026-09-16 14:36:39,SPX,7588.36,7631.19,7810.0,688,32,0.66,0.000158
2026-09-16 14:36:39,SPX,7588.36,7631.19,7365.0,10,537,0.8937,0.000158
2026-09-16 14:36:39,SPX,7588.36,7631.19,7815.0,598,4,0.6591,0.000158
2026-09-16 14:36:39,SPX,7588.36,7631.19,7360.0,12,3673,0.9084,0.000158
2026-09-16 14:36:39,SPX,7588.36,7631.19,7820.0,1539,62,0.6577,0.000158
2026-09-16 14:36:39,SPX,7588.36,7631.19,7355.0,0,524,0.9254,0.000158
2026-09-16 14:36:39,SPX,7588.36,7631.19,7825.0,1183,53,0.6559,0.000158
2026-09-16 14:36:39,SPX,7588.36,7631.19,7350.0,4,3952,0.9411,0.000158
2026-09-16 14:36:39,SPX,7588.36,7631.19,7830.0,744,129,0.6538,0.000158
2026-09-16 14:36:39,SPX,7588.36,7631.19,7345.0,0,167,0.9571,0.000158
2026-09-16 14:36:39,SPX,7588.36,7631.19,7835.0,585,30,0.6515,0.000158
2026-09-16 14:36:39,SPX,7588.36,7631.19,7340.0,1,2679,0.9733,0.000158
2026-09-16 14:36:39,SPX,7588.36,7631.19,7590.0,120,337,0.2039,0.002896
2026-09-16 14:36:39,SPX,7588.36,7631.19,7585.0,213,349,0.207,0.002896
2026-09-16 14:36:39,SPX,7588.36,7631.19,7595.0,191,566,0.2019,0.002896
2026-09-16 14:36:39,SPX,7588.36,7631.19,7580.0,334,832,0.2097,0.002896
2026-09-16 14:36:39,SPX,7588.36,7631.19,7600.0,396,861,0.2004,0.002896
2026-09-16 14:36:39,SPX,7588.36,7631.19,7575.0,119,382,0.211,0.002896
2026-09-16 14:36:39,SPX,7588.36,7631.19,7605.0,235,186,0.199,0.002896
2026-09-16 14:36:39,SPX,7588.36,7631.19,7570.0,178,645,0.2116,0.002896
2026-09-16 14:36:39,SPX,7588.36,7631.19,7610.0,518,379,0.1976,0.002896
2026-09-16 14:36:39,SPX,7588.36,7631.19,7565.0,81,184,0.2132,0.002896
2026-09-16 14:36:39,SPX,7588.36,7631.19,7615.0,213,167,0.1967,0.002896
2026-09-16 14:36:39,SPX,7588.36,7631.19,7560.0,74,443,0.2149,0.002896
2026-09-16 14:36:39,SPX,7588.36,7631.19,7620.0,224,227,0.1955,0.002896
2026-09-16 14:36:39,SPX,7588.36,7631.19,7555.0,104,255,0.2167,0.002896
2026-09-16 14:36:39,SPX,7588.36,7631.19,7625.0,337,668,0.1939,0.002896
2026-09-16 14:36:39,SPX,7588.36,7631.19,7550.0,110,498,0.2192,0.002896
2026-09-16 14:36:39,SPX,7588.36,7631.19,7630.0,308,317,0.1922,0.002896
2026-09-16 14:36:39,SPX,7588.36,7631.19,7545.0,99,166,0.2201,0.002896
2026-09-16 14:36:39,SPX,7588.36,7631.19,7635.0,171,165,0.1906,0.002896
2026-09-16 14:36:39,SPX,7588.36,7631.19,7540.0,22,759,0.222,0.002896
2026-09-16 14:36:39,SPX,7588.36,7631.19,7640.0,187,315,0.1892,0.002896
2026-09-16 14:36:39,SPX,7588.36,7631.19,7535.0,47,242,0.2241,0.002896
2026-09-16 14:36:39,SPX,7588.36,7631.19,7645.0,441,200,0.1878,0.002896
2026-09-16 14:36:39,SPX,7588.36,7631.19,7530.0,28,286,0.2256,0.002896
2026-09-16 14:36:39,SPX,7588.36,7631.19,7650.0,528,3373,0.186,0.002896
2026-09-16 14:36:39,SPX,7588.36,7631.19,7525.0,90,526,0.2277,0.002896
2026-09-16 14:36:39,SPX,7588.36,7631.19,7655.0,418,204,0.1841,0.002896
2026-09-16 14:36:39,SPX,7588.36,7631.19,7520.0,22,451,0.2299,0.002896
2026-09-16 14:36:39,SPX,7588.36,7631.19,7660.0,564,308,0.1825,0.002896
2026-09-16 14:36:39,SPX,7588.36,7631.19,7515.0,24,224,0.2321,0.002896
2026-09-16 14:36:39,SPX,7588.36,7631.19,7665.0,308,137,0.1812,0.002896
2026-09-16 14:36:39,SPX,7588.36,7631.19,7510.0,64,420,0.2341,0.002896
2026-09-16 14:36:39,SPX,7588.36,7631.19,7670.0,1238,550,0.1801,0.002896
2026-09-16 14:36:39,SPX,7588.36,7631.19,7505.0,23,199,0.236,0.002896
2026-09-16 14:36:39,SPX,7588.36,7631.19,7675.0,4504,3959,0.1793,0.002896
2026-09-16 14:36:39,SPX,7588.36,7631.19,7500.0,76,2764,0.2379,0.002896
2026-09-16 14:36:39,SPX,7588.36,7631.19,7680.0,979,193,0.1786,0.002896
2026-09-16 14:36:39,SPX,7588.36,7631.19,7495.0,2,158,0.2398,0.002896
2026-09-16 14:36:39,SPX,7588.36,7631.19,7685.0,224,88,0.1779,0.002896
2026-09-16 14:36:39,SPX,7588.36,7631.19,7490.0,2,821,0.2416,0.002896
2026-09-16 14:36:39,SPX,7588.36,7631.19,7690.0,656,304,0.1772,0.002896
2026-09-16 14:36:39,SPX,7588.36,7631.19,7485.0,0,350,0.2432,0.002896
2026-09-16 14:36:39,SPX,7588.36,7631.19,7695.0,261,208,0.1764,0.002896
2026-09-16 14:36:39,SPX,7588.36,7631.19,7480.0,32,390,0.2446,0.002896
2026-09-16 14:36:39,SPX,7588.36,7631.19,7700.0,4669,304,0.1756,0.002896
2026-09-16 14:36:39,SPX,7588.36,7631.19,7475.0,5,600,0.2459,0.002896
2026-09-16 14:36:39,SPX,7588.36,7631.19,7705.0,708,157,0.1749,0.002896
2026-09-16 14:36:39,SPX,7588.36,7631.19,7470.0,35,922,0.2473,0.002896
2026-09-16 14:36:39,SPX,7588.36,7631.19,7710.0,413,137,0.1741,0.002896
2026-09-16 14:36:39,SPX,7588.36,7631.19,7465.0,8,146,0.2489,0.002896
2026-09-16 14:36:39,SPX,7588.36,7631.19,7715.0,306,166,0.1735,0.002896
2026-09-16 14:36:39,SPX,7588.36,7631.19,7460.0,1,846,0.2507,0.002896
2026-09-16 14:36:39,SPX,7588.36,7631.19,7720.0,385,199,0.173,0.002896
2026-09-16 14:36:39,SPX,7588.36,7631.19,7455.0,0,135,0.2527,0.002896
2026-09-16 14:36:39,SPX,7588.36,7631.19,7725.0,1017,163,0.1726,0.002896
2026-09-16 14:36:39,SPX,7588.36,7631.19,7450.0,36,3615,0.2548,0.002896
2026-09-16 14:36:39,SPX,7588.36,7631.19,7730.0,659,126,0.1724,0.002896
2026-09-16 14:36:39,SPX,7588.36,7631.19,7445.0,0,207,0.2571,0.002896
2026-09-16 14:36:39,SPX,7588.36,7631.19,7735.0,460,38,0.1724,0.002896
2026-09-16 14:36:39,SPX,7588.36,7631.19,7440.0,7,542,0.2595,0.002896
2026-09-16 14:36:39,SPX,7588.36,7631.19,7740.0,646,124,0.1726,0.002896
2026-09-16 14:36:39,SPX,7588.36,7631.19,7435.0,0,197,0.2618,0.002896
2026-09-16 14:36:39,SPX,7588.36,7631.19,7745.0,338,28,0.173,0.002896
2026-09-16 14:36:39,SPX,7588.36,7631.19,7430.0,2,276,0.2642,0.002896
2026-09-16 14:36:39,SPX,7588.36,7631.19,7750.0,940,168,0.1738,0.002896
2026-09-16 14:36:39,SPX,7588.36,7631.19,7425.0,30,1695,0.2666,0.002896
2026-09-16 14:36:39,SPX,7588.36,7631.19,7755.0,281,37,0.1749,0.002896
2026-09-16 14:36:39,SPX,7588.36,7631.19,7420.0,26,1347,0.2689,0.002896
2026-09-16 14:36:39,SPX,7588.36,7631.19,7760.0,659,96,0.1764,0.002896
2026-09-16 14:36:39,SPX,7588.36,7631.19,7415.0,0,167,0.2712,0.002896
2026-09-16 14:36:39,SPX,7588.36,7631.19,7765.0,277,48,0.1781,0.002896
2026-09-16 14:36:39,SPX,7588.36,7631.19,7410.0,1,216,0.2734,0.002896
2026-09-16 14:36:39,SPX,7588.36,7631.19,7770.0,1165,63,0.1802,0.002896
2026-09-16 14:36:39,SPX,7588.36,7631.19,7405.0,10,141,0.2757,0.002896
2026-09-16 14:36:39,SPX,7588.36,7631.19,7775.0,967,57,0.1824,0.002896
2026-09-16 14:36:39,SPX,7588.36,7631.19,7400.0,18,1023,0.278,0.002896
2026-09-16 14:36:39,SPX,7588.36,7631.19,7780.0,445,39,0.1849,0.002896
2026-09-16 14:36:39,SPX,7588.36,7631.19,7395.0,0,114,0.2803,0.002896
2026-09-16 14:36:39,SPX,7588.36,7631.19,7785.0,307,9,0.1875,0.002896
2026-09-16 14:36:39,SPX,7588.36,7631.19,7390.0,0,1244,0.2827,0.002896
2026-09-16 14:36:39,SPX,7588.36,7631.19,7790.0,390,24,0.1902,0.002896
2026-09-16 14:36:39,SPX,7588.36,7631.19,7385.0,1,131,0.2851,0.002896
2026-09-16 14:36:39,SPX,7588.36,7631.19,7795.0,433,5,0.1931,0.002896
2026-09-16 14:36:39,SPX,7588.36,7631.19,7380.0,30,1143,0.2876,0.002896
2026-09-16 14:36:39,SPX,7588.36,7631.19,7800.0,2764,91,0.1961,0.002896
2026-09-16 14:36:39,SPX,7588.36,7631.19,7375.0,5,270,0.2902,0.002896
2026-09-16 14:36:39,SPX,7588.36,7631.19,7805.0,1724,3,0.1991,0.002896
2026-09-16 14:36:39,SPX,7588.36,7631.19,7370.0,30,197,0.2929,0.002896
2026-09-16 14:36:39,SPX,7588.36,7631.19,7810.0,508,4,0.2022,0.002896
2026-09-16 14:36:39,SPX,7588.36,7631.19,7365.0,0,126,0.2957,0.002896
2026-09-16 14:36:39,SPX,7588.36,7631.19,7815.0,404,2,0.2053,0.002896
2026-09-16 14:36:39,SPX,7588.36,7631.19,7360.0,3,296,0.2985,0.002896
2026-09-16 14:36:39,SPX,7588.36,7631.19,7820.0,309,16,0.2084,0.002896
2026-09-16 14:36:39,SPX,7588.36,7631.19,7355.0,0,333,0.3015,0.002896
2026-09-16 14:36:39,SPX,7588.36,7631.19,7825.0,790,61,0.2115,0.002896
2026-09-16 14:36:39,SPX,7588.36,7631.19,7350.0,30,1040,0.3045,0.002896
2026-09-16 14:36:39,SPX,7588.36,7631.19,7830.0,512,3,0.2146,0.002896
2026-09-16 14:36:39,SPX,7588.36,7631.19,7345.0,0,256,0.3076,0.002896
2026-09-16 14:36:39,SPX,7588.36,7631.19,7835.0,489,0,0.2177,0.002896
2026-09-16 14:36:39,SPX,7588.36,7631.19,7340.0,0,311,0.3108,0.002896
2026-09-16 14:36:39,SPX,7588.36,7631.19,7590.0,523,1071,0.19,0.005634
2026-09-16 14:36:39,SPX,7588.36,7631.19,7585.0,467,562,0.1914,0.005634
2026-09-16 14:36:39,SPX,7588.36,7631.19,7595.0,256,748,0.1886,0.005634
2026-09-16 14:36:39,SPX,7588.36,7631.19,7580.0,737,884,0.1932,0.005634
2026-09-16 14:36:39,SPX,7588.36,7631.19,7600.0,4452,6174,0.1869,0.005634
2026-09-16 14:36:39,SPX,7588.36,7631.19,7575.0,563,2354,0.1939,0.005634
2026-09-16 14:36:39,SPX,7588.36,7631.19,7605.0,681,2783,0.1857,0.005634
2026-09-16 14:36:39,SPX,7588.36,7631.19,7570.0,304,911,0.1959,0.005634
2026-09-16 14:36:39,SPX,7588.36,7631.19,7610.0,613,1017,0.1845,0.005634
2026-09-16 14:36:39,SPX,7588.36,7631.19,7565.0,642,565,0.1975,0.005634
2026-09-16 14:36:39,SPX,7588.36,7631.19,7615.0,824,2306,0.1835,0.005634
2026-09-16 14:36:39,SPX,7588.36,7631.19,7560.0,209,975,0.1993,0.005634
2026-09-16 14:36:39,SPX,7588.36,7631.19,7620.0,677,534,0.1826,0.005634
2026-09-16 14:36:39,SPX,7588.36,7631.19,7555.0,71,646,0.1994,0.005634
2026-09-16 14:36:39,SPX,7588.36,7631.19,7625.0,1644,4596,0.1816,0.005634
2026-09-16 14:36:39,SPX,7588.36,7631.19,7550.0,2542,8001,0.2015,0.005634
2026-09-16 14:36:39,SPX,7588.36,7631.19,7630.0,449,3371,0.1803,0.005634
2026-09-16 14:36:39,SPX,7588.36,7631.19,7545.0,1938,2223,0.2041,0.005634
2026-09-16 14:36:39,SPX,7588.36,7631.19,7635.0,935,1265,0.1788,0.005634
2026-09-16 14:36:39,SPX,7588.36,7631.19,7540.0,112,1224,0.2041,0.005634
2026-09-16 14:36:39,SPX,7588.36,7631.19,7640.0,847,1282,0.1772,0.005634
2026-09-16 14:36:39,SPX,7588.36,7631.19,7535.0,138,1053,0.2053,0.005634
2026-09-16 14:36:39,SPX,7588.36,7631.19,7645.0,516,396,0.1757,0.005634
2026-09-16 14:36:39,SPX,7588.36,7631.19,7530.0,107,902,0.2083,0.005634
2026-09-16 14:36:39,SPX,7588.36,7631.19,7650.0,5583,6131,0.1741,0.005634
2026-09-16 14:36:39,SPX,7588.36,7631.19,7525.0,224,1094,0.2101,0.005634
2026-09-16 14:36:39,SPX,7588.36,7631.19,7655.0,541,3273,0.1726,0.005634
2026-09-16 14:36:39,SPX,7588.36,7631.19,7520.0,81,1121,0.2105,0.005634
2026-09-16 14:36:39,SPX,7588.36,7631.19,7660.0,2366,2501,0.1713,0.005634
2026-09-16 14:36:39,SPX,7588.36,7631.19,7515.0,98,857,0.2114,0.005634
2026-09-16 14:36:39,SPX,7588.36,7631.19,7665.0,587,424,0.17,0.005634
2026-09-16 14:36:39,SPX,7588.36,7631.19,7510.0,151,791,0.2129,0.005634
2026-09-16 14:36:39,SPX,7588.36,7631.19,7670.0,956,765,0.169,0.005634
2026-09-16 14:36:39,SPX,7588.36,7631.19,7505.0,101,570,0.2151,0.005634
2026-09-16 14:36:39,SPX,7588.36,7631.19,7675.0,4951,3262,0.1681,0.005634
2026-09-16 14:36:39,SPX,7588.36,7631.19,7500.0,819,4301,0.2173,0.005634
2026-09-16 14:36:39,SPX,7588.36,7631.19,7680.0,3640,675,0.1673,0.005634
2026-09-16 14:36:39,SPX,7588.36,7631.19,7495.0,617,1363,0.2188,0.005634
2026-09-16 14:36:39,SPX,7588.36,7631.19,7685.0,948,449,0.1665,0.005634
2026-09-16 14:36:39,SPX,7588.36,7631.19,7490.0,69,888,0.2202,0.005634
2026-09-16 14:36:39,SPX,7588.36,7631.19,7690.0,848,1633,0.1658,0.005634
2026-09-16 14:36:39,SPX,7588.36,7631.19,7485.0,57,460,0.2219,0.005634
2026-09-16 14:36:39,SPX,7588.36,7631.19,7695.0,1848,661,0.165,0.005634
2026-09-16 14:36:39,SPX,7588.36,7631.19,7480.0,116,1004,0.2234,0.005634
2026-09-16 14:36:39,SPX,7588.36,7631.19,7700.0,6428,2978,0.1642,0.005634
2026-09-16 14:36:39,SPX,7588.36,7631.19,7475.0,331,1654,0.2243,0.005634
2026-09-16 14:36:39,SPX,7588.36,7631.19,7705.0,3427,674,0.1634,0.005634
2026-09-16 14:36:39,SPX,7588.36,7631.19,7470.0,106,1040,0.2252,0.005634
2026-09-16 14:36:39,SPX,7588.36,7631.19,7710.0,685,395,0.1625,0.005634
2026-09-16 14:36:39,SPX,7588.36,7631.19,7465.0,36,699,0.2266,0.005634
2026-09-16 14:36:39,SPX,7588.36,7631.19,7715.0,1261,358,0.1641,0.005634
2026-09-16 14:36:39,SPX,7588.36,7631.19,7460.0,48,936,0.2278,0.005634
2026-09-16 14:36:39,SPX,7588.36,7631.19,7720.0,691,1183,0.1633,0.005634
2026-09-16 14:36:39,SPX,7588.36,7631.19,7455.0,72,498,0.2291,0.005634
2026-09-16 14:36:39,SPX,7588.36,7631.19,7725.0,3172,1236,0.1626,0.005634
2026-09-16 14:36:39,SPX,7588.36,7631.19,7450.0,345,2994,0.2305,0.005634
2026-09-16 14:36:39,SPX,7588.36,7631.19,7730.0,742,502,0.162,0.005634
2026-09-16 14:36:39,SPX,7588.36,7631.19,7445.0,70,637,0.2326,0.005634
2026-09-16 14:36:39,SPX,7588.36,7631.19,7735.0,1089,670,0.1615,0.005634
2026-09-16 14:36:39,SPX,7588.36,7631.19,7440.0,99,1414,0.2349,0.005634
2026-09-16 14:36:39,SPX,7588.36,7631.19,7740.0,1180,403,0.1612,0.005634
2026-09-16 14:36:39,SPX,7588.36,7631.19,7435.0,20,1668,0.2365,0.005634
2026-09-16 14:36:39,SPX,7588.36,7631.19,7745.0,756,201,0.161,0.005634
2026-09-16 14:36:39,SPX,7588.36,7631.19,7430.0,84,684,0.2372,0.005634
2026-09-16 14:36:39,SPX,7588.36,7631.19,7750.0,3322,1482,0.161,0.005634
2026-09-16 14:36:39,SPX,7588.36,7631.19,7425.0,437,2470,0.2383,0.005634
2026-09-16 14:36:39,SPX,7588.36,7631.19,7755.0,1070,202,0.1612,0.005634
2026-09-16 14:36:39,SPX,7588.36,7631.19,7420.0,96,701,0.2413,0.005634
2026-09-16 14:36:39,SPX,7588.36,7631.19,7760.0,1383,88,0.1615,0.005634
2026-09-16 14:36:39,SPX,7588.36,7631.19,7415.0,54,789,0.2432,0.005634
2026-09-16 14:36:39,SPX,7588.36,7631.19,7765.0,1371,221,0.162,0.005634
2026-09-16 14:36:39,SPX,7588.36,7631.19,7410.0,280,1211,0.2447,0.005634
2026-09-16 14:36:39,SPX,7588.36,7631.19,7770.0,1023,281,0.1628,0.005634
2026-09-16 14:36:39,SPX,7588.36,7631.19,7405.0,156,555,0.2469,0.005634
2026-09-16 14:36:39,SPX,7588.36,7631.19,7775.0,2270,480,0.1637,0.005634
2026-09-16 14:36:39,SPX,7588.36,7631.19,7400.0,1053,5844,0.2489,0.005634
2026-09-16 14:36:39,SPX,7588.36,7631.19,7780.0,1885,250,0.1648,0.005634
2026-09-16 14:36:39,SPX,7588.36,7631.19,7395.0,31,2121,0.2508,0.005634
2026-09-16 14:36:39,SPX,7588.36,7631.19,7785.0,1490,259,0.166,0.005634
2026-09-16 14:36:39,SPX,7588.36,7631.19,7390.0,35,889,0.252,0.005634
2026-09-16 14:36:39,SPX,7588.36,7631.19,7790.0,1372,180,0.1673,0.005634
2026-09-16 14:36:39,SPX,7588.36,7631.19,7385.0,78,608,0.2535,0.005634
2026-09-16 14:36:39,SPX,7588.36,7631.19,7795.0,657,146,0.1688,0.005634
2026-09-16 14:36:39,SPX,7588.36,7631.19,7380.0,68,1297,0.2551,0.005634
2026-09-16 14:36:39,SPX,7588.36,7631.19,7800.0,5534,704,0.1704,0.005634
2026-09-16 14:36:39,SPX,7588.36,7631.19,7375.0,138,1788,0.2563,0.005634
2026-09-16 14:36:39,SPX,7588.36,7631.19,7805.0,1041,62,0.1721,0.005634
2026-09-16 14:36:39,SPX,7588.36,7631.19,7370.0,99,816,0.258,0.005634
2026-09-16 14:36:39,SPX,7588.36,7631.19,7810.0,1002,79,0.1739,0.005634
2026-09-16 14:36:39,SPX,7588.36,7631.19,7365.0,78,295,0.2598,0.005634
2026-09-16 14:36:39,SPX,7588.36,7631.19,7815.0,1981,47,0.1758,0.005634
2026-09-16 14:36:39,SPX,7588.36,7631.19,7360.0,37,1655,0.2614,0.005634
2026-09-16 14:36:39,SPX,7588.36,7631.19,7820.0,3113,76,0.1777,0.005634
2026-09-16 14:36:39,SPX,7588.36,7631.19,7355.0,51,363,0.2635,0.005634
2026-09-16 14:36:39,SPX,7588.36,7631.19,7825.0,2682,125,0.1797,0.005634
2026-09-16 14:36:39,SPX,7588.36,7631.19,7350.0,119,2872,0.2662,0.005634
2026-09-16 14:36:39,SPX,7588.36,7631.19,7830.0,1325,69,0.1818,0.005634
2026-09-16 14:36:39,SPX,7588.36,7631.19,7345.0,181,463,0.2686,0.005634
2026-09-16 14:36:39,SPX,7588.36,7631.19,7835.0,698,18,0.1839,0.005634
2026-09-16 14:36:39,SPX,7588.36,7631.19,7340.0,70,997,0.271,0.005634
2026-09-16 15:07:07,SPX,7558.45,7629.77,7560.0,205,864,0.4723,0.000101
2026-09-16 15:07:07,SPX,7558.45,7629.77,7555.0,115,425,0.4737,0.000101
2026-09-16 15:07:07,SPX,7558.45,7629.77,7565.0,106,585,0.4717,0.000101
2026-09-16 15:07:07,SPX,7558.45,7629.77,7550.0,203,1759,0.4729,0.000101
2026-09-16 15:07:07,SPX,7558.45,7629.77,7570.0,258,1147,0.4715,0.000101
2026-09-16 15:07:07,SPX,7558.45,7629.77,7545.0,68,696,0.4755,0.000101
2026-09-16 15:07:07,SPX,7558.45,7629.77,7575.0,354,1633,0.4719,0.000101
2026-09-16 15:07:07,SPX,7558.45,7629.77,7540.0,110,1186,0.4765,0.000101
2026-09-16 15:07:07,SPX,7558.45,7629.77,7580.0,613,1441,0.4728,0.000101
2026-09-16 15:07:07,SPX,7558.45,7629.77,7535.0,91,984,0.4782,0.000101
2026-09-16 15:07:07,SPX,7558.45,7629.77,7585.0,1009,1287,0.474,0.000101
2026-09-16 15:07:07,SPX,7558.45,7629.77,7530.0,136,1307,0.4809,0.000101
2026-09-16 15:07:07,SPX,7558.45,7629.77,7590.0,901,1203,0.4756,0.000101
2026-09-16 15:07:07,SPX,7558.45,7629.77,7525.0,1254,3613,0.4834,0.000101
2026-09-16 15:07:07,SPX,7558.45,7629.77,7595.0,665,1256,0.4778,0.000101
2026-09-16 15:07:07,SPX,7558.45,7629.77,7520.0,1244,1619,0.4854,0.000101
2026-09-16 15:07:07,SPX,7558.45,7629.77,7600.0,1581,2828,0.4802,0.000101
2026-09-16 15:07:07,SPX,7558.45,7629.77,7515.0,119,819,0.4908,0.000101
2026-09-16 15:07:07,SPX,7558.45,7629.77,7605.0,536,385,0.4839,0.000101
2026-09-16 15:07:07,SPX,7558.45,7629.77,7510.0,132,1033,0.499,0.000101
2026-09-16 15:07:07,SPX,7558.45,7629.77,7610.0,728,696,0.4884,0.000101
2026-09-16 15:07:07,SPX,7558.45,7629.77,7505.0,94,629,0.5023,0.000101
2026-09-16 15:07:07,SPX,7558.45,7629.77,7615.0,696,248,0.4927,0.000101
2026-09-16 15:07:07,SPX,7558.45,7629.77,7500.0,259,4369,0.507,0.000101
2026-09-16 15:07:07,SPX,7558.45,7629.77,7620.0,1590,465,0.498,0.000101
2026-09-16 15:07:07,SPX,7558.45,7629.77,7495.0,67,773,0.5144,0.000101
2026-09-16 15:07:07,SPX,7558.45,7629.77,7625.0,1035,3421,0.503,0.000101
2026-09-16 15:07:07,SPX,7558.45,7629.77,7490.0,41,1228,0.5234,0.000101
2026-09-16 15:07:07,SPX,7558.45,7629.77,7630.0,699,395,0.5079,0.000101
2026-09-16 15:07:07,SPX,7558.45,7629.77,7485.0,19,656,0.5334,0.000101
2026-09-16 15:07:07,SPX,7558.45,7629.77,7635.0,872,633,0.5132,0.000101
2026-09-16 15:07:07,SPX,7558.45,7629.77,7480.0,28,1242,0.5427,0.000101
2026-09-16 15:07:07,SPX,7558.45,7629.77,7640.0,1498,305,0.519,0.000101
2026-09-16 15:07:07,SPX,7558.45,7629.77,7475.0,33,1674,0.5511,0.000101
2026-09-16 15:07:07,SPX,7558.45,7629.77,7645.0,900,604,0.5253,0.000101
2026-09-16 15:07:07,SPX,7558.45,7629.77,7470.0,33,1552,0.5593,0.000101
2026-09-16 15:07:07,SPX,7558.45,7629.77,7650.0,5504,4413,0.5328,0.000101
2026-09-16 15:07:07,SPX,7558.45,7629.77,7465.0,4,1127,0.5675,0.000101
2026-09-16 15:07:07,SPX,7558.45,7629.77,7655.0,1381,781,0.5409,0.000101
2026-09-16 15:07:07,SPX,7558.45,7629.77,7460.0,41,1524,0.5763,0.000101
2026-09-16 15:07:07,SPX,7558.45,7629.77,7660.0,1545,335,0.5495,0.000101
2026-09-16 15:07:07,SPX,7558.45,7629.77,7455.0,27,768,0.5863,0.000101
2026-09-16 15:07:07,SPX,7558.45,7629.77,7665.0,1030,330,0.5585,0.000101
2026-09-16 15:07:07,SPX,7558.45,7629.77,7450.0,107,2811,0.5983,0.000101
2026-09-16 15:07:07,SPX,7558.45,7629.77,7670.0,1760,823,0.5697,0.000101
2026-09-16 15:07:07,SPX,7558.45,7629.77,7445.0,2,1150,0.6124,0.000101
2026-09-16 15:07:07,SPX,7558.45,7629.77,7675.0,5088,1003,0.5881,0.000101
2026-09-16 15:07:07,SPX,7558.45,7629.77,7440.0,6,2097,0.6283,0.000101
2026-09-16 15:07:07,SPX,7558.45,7629.77,7680.0,1642,862,0.5994,0.000101
2026-09-16 15:07:07,SPX,7558.45,7629.77,7435.0,4,929,0.6445,0.000101
2026-09-16 15:07:07,SPX,7558.45,7629.77,7685.0,2259,346,0.6115,0.000101
2026-09-16 15:07:07,SPX,7558.45,7629.77,7430.0,8,973,0.6598,0.000101
2026-09-16 15:07:07,SPX,7558.45,7629.77,7690.0,1304,255,0.6241,0.000101
2026-09-16 15:07:07,SPX,7558.45,7629.77,7425.0,9,1181,0.6753,0.000101
2026-09-16 15:07:07,SPX,7558.45,7629.77,7695.0,1192,117,0.6367,0.000101
2026-09-16 15:07:07,SPX,7558.45,7629.77,7420.0,38,1350,0.6933,0.000101
2026-09-16 15:07:07,SPX,7558.45,7629.77,7700.0,3233,798,0.6497,0.000101
2026-09-16 15:07:07,SPX,7558.45,7629.77,7415.0,2,1866,0.7133,0.000101
2026-09-16 15:07:07,SPX,7558.45,7629.77,7705.0,1040,2079,0.662,0.000101
2026-09-16 15:07:07,SPX,7558.45,7629.77,7410.0,6,958,0.734,0.000101
2026-09-16 15:07:07,SPX,7558.45,7629.77,7710.0,1456,97,0.6742,0.000101
2026-09-16 15:07:07,SPX,7558.45,7629.77,7405.0,5,3661,0.7547,0.000101
2026-09-16 15:07:07,SPX,7558.45,7629.77,7715.0,843,1322,0.6852,0.000101
2026-09-16 15:07:07,SPX,7558.45,7629.77,7400.0,93,4633,0.7755,0.000101
2026-09-16 15:07:07,SPX,7558.45,7629.77,7720.0,2356,225,0.6943,0.000101
2026-09-16 15:07:07,SPX,7558.45,7629.77,7395.0,0,1647,0.7963,0.000101
2026-09-16 15:07:07,SPX,7558.45,7629.77,7725.0,1699,115,0.7017,0.000101
2026-09-16 15:07:07,SPX,7558.45,7629.77,7390.0,30,2806,0.8171,0.000101
2026-09-16 15:07:07,SPX,7558.45,7629.77,7730.0,3073,2050,0.7079,0.000101
2026-09-16 15:07:07,SPX,7558.45,7629.77,7385.0,1,1088,0.8373,0.000101
2026-09-16 15:07:07,SPX,7558.45,7629.77,7735.0,1086,50,0.7127,0.000101
2026-09-16 15:07:07,SPX,7558.45,7629.77,7380.0,4,4519,0.8566,0.000101
2026-09-16 15:07:07,SPX,7558.45,7629.77,7740.0,1998,1349,0.7164,0.000101
2026-09-16 15:07:07,SPX,7558.45,7629.77,7375.0,0,1131,0.8748,0.000101
2026-09-16 15:07:07,SPX,7558.45,7629.77,7745.0,813,131,0.7189,0.000101
2026-09-16 15:07:07,SPX,7558.45,7629.77,7370.0,24,559,0.8917,0.000101
2026-09-16 15:07:07,SPX,7558.45,7629.77,7750.0,1793,322,0.7204,0.000101
2026-09-16 15:07:07,SPX,7558.45,7629.77,7365.0,10,537,0.9073,0.000101
2026-09-16 15:07:07,SPX,7558.45,7629.77,7755.0,2859,49,0.7209,0.000101
2026-09-16 15:07:07,SPX,7558.45,7629.77,7360.0,12,3673,0.9216,0.000101
2026-09-16 15:07:07,SPX,7558.45,7629.77,7760.0,780,60,0.7203,0.000101
2026-09-16 15:07:07,SPX,7558.45,7629.77,7355.0,0,524,0.9348,0.000101
2026-09-16 15:07:07,SPX,7558.45,7629.77,7765.0,2335,34,0.7189,0.000101
2026-09-16 15:07:07,SPX,7558.45,7629.77,7350.0,4,3952,0.9466,0.000101
2026-09-16 15:07:07,SPX,7558.45,7629.77,7770.0,1592,40,0.7166,0.000101
2026-09-16 15:07:07,SPX,7558.45,7629.77,7345.0,0,167,0.9573,0.000101
2026-09-16 15:07:07,SPX,7558.45,7629.77,7775.0,2381,67,0.7137,0.000101
2026-09-16 15:07:07,SPX,7558.45,7629.77,7340.0,1,2679,0.9669,0.000101
2026-09-16 15:07:07,SPX,7558.45,7629.77,7780.0,4304,28,0.7102,0.000101
2026-09-16 15:07:07,SPX,7558.45,7629.77,7335.0,0,2609,0.9753,0.000101
2026-09-16 15:07:07,SPX,7558.45,7629.77,7785.0,492,113,0.7062,0.000101
2026-09-16 15:07:07,SPX,7558.45,7629.77,7330.0,3,960,0.9828,0.000101
2026-09-16 15:07:07,SPX,7558.45,7629.77,7790.0,3122,27,0.7019,0.000101
2026-09-16 15:07:07,SPX,7558.45,7629.77,7325.0,0,1532,0.9896,0.000101
2026-09-16 15:07:07,SPX,7558.45,7629.77,7795.0,563,12,0.6973,0.000101
2026-09-16 15:07:07,SPX,7558.45,7629.77,7320.0,2,690,0.9958,0.000101
2026-09-16 15:07:07,SPX,7558.45,7629.77,7800.0,2895,52,0.6925,0.000101
2026-09-16 15:07:07,SPX,7558.45,7629.77,7315.0,0,345,1.0013,0.000101
2026-09-16 15:07:07,SPX,7558.45,7629.77,7805.0,1769,8,0.6877,0.000101
2026-09-16 15:07:07,SPX,7558.45,7629.77,7310.0,5,487,1.0063,0.000101
2026-09-16 15:07:07,SPX,7558.45,7629.77,7560.0,74,443,0.2022,0.002838
2026-09-16 15:07:07,SPX,7558.45,7629.77,7555.0,104,255,0.2035,0.002838
2026-09-16 15:07:07,SPX,7558.45,7629.77,7565.0,81,184,0.2009,0.002838
2026-09-16 15:07:07,SPX,7558.45,7629.77,7550.0,110,498,0.2049,0.002838
2026-09-16 15:07:07,SPX,7558.45,7629.77,7570.0,178,645,0.1997,0.002838
2026-09-16 15:07:07,SPX,7558.45,7629.77,7545.0,99,166,0.2069,0.002838
2026-09-16 15:07:07,SPX,7558.45,7629.77,7575.0,119,382,0.1985,0.002838
2026-09-16 15:07:07,SPX,7558.45,7629.77,7540.0,22,759,0.2093,0.002838
2026-09-16 15:07:07,SPX,7558.45,7629.77,7580.0,334,832,0.1975,0.002838
2026-09-16 15:07:07,SPX,7558.45,7629.77,7535.0,47,242,0.2106,0.002838
2026-09-16 15:07:07,SPX,7558.45,7629.77,7585.0,213,349,0.1962,0.002838
2026-09-16 15:07:07,SPX,7558.45,7629.77,7530.0,28,286,0.2111,0.002838
2026-09-16 15:07:07,SPX,7558.45,7629.77,7590.0,120,337,0.1948,0.002838
2026-09-16 15:07:07,SPX,7558.45,7629.77,7525.0,90,526,0.212,0.002838
2026-09-16 15:07:07,SPX,7558.45,7629.77,7595.0,191,566,0.1932,0.002838
2026-09-16 15:07:07,SPX,7558.45,7629.77,7520.0,22,451,0.2134,0.002838
2026-09-16 15:07:07,SPX,7558.45,7629.77,7600.0,396,861,0.1918,0.002838
2026-09-16 15:07:07,SPX,7558.45,7629.77,7515.0,24,224,0.2148,0.002838
2026-09-16 15:07:07,SPX,7558.45,7629.77,7605.0,235,186,0.1905,0.002838
2026-09-16 15:07:07,SPX,7558.45,7629.77,7510.0,64,420,0.2178,0.002838
2026-09-16 15:07:07,SPX,7558.45,7629.77,7610.0,518,379,0.1894,0.002838
2026-09-16 15:07:07,SPX,7558.45,7629.77,7505.0,23,199,0.2189,0.002838
2026-09-16 15:07:07,SPX,7558.45,7629.77,7615.0,213,167,0.1885,0.002838
2026-09-16 15:07:07,SPX,7558.45,7629.77,7500.0,76,2764,0.22,0.002838
2026-09-16 15:07:07,SPX,7558.45,7629.77,7620.0,224,227,0.1878,0.002838
2026-09-16 15:07:07,SPX,7558.45,7629.77,7495.0,2,158,0.2217,0.002838
2026-09-16 15:07:07,SPX,7558.45,7629.77,7625.0,337,668,0.1869,0.002838
2026-09-16 15:07:07,SPX,7558.45,7629.77,7490.0,2,821,0.2234,0.002838
2026-09-16 15:07:07,SPX,7558.45,7629.77,7630.0,308,317,0.1858,0.002838
2026-09-16 15:07:07,SPX,7558.45,7629.77,7485.0,0,350,0.2253,0.002838
2026-09-16 15:07:07,SPX,7558.45,7629.77,7635.0,171,165,0.1846,0.002838
2026-09-16 15:07:07,SPX,7558.45,7629.77,7480.0,32,390,0.2273,0.002838
2026-09-16 15:07:07,SPX,7558.45,7629.77,7640.0,187,315,0.1834,0.002838
2026-09-16 15:07:07,SPX,7558.45,7629.77,7475.0,5,600,0.2292,0.002838
2026-09-16 15:07:07,SPX,7558.45,7629.77,7645.0,441,200,0.1823,0.002838
2026-09-16 15:07:07,SPX,7558.45,7629.77,7470.0,35,922,0.2311,0.002838
2026-09-16 15:07:07,SPX,7558.45,7629.77,7650.0,528,3373,0.1814,0.002838
2026-09-16 15:07:07,SPX,7558.45,7629.77,7465.0,8,146,0.233,0.002838
2026-09-16 15:07:07,SPX,7558.45,7629.77,7655.0,418,204,0.1806,0.002838
2026-09-16 15:07:07,SPX,7558.45,7629.77,7460.0,1,846,0.235,0.002838
2026-09-16 15:07:07,SPX,7558.45,7629.77,7660.0,564,308,0.1799,0.002838
2026-09-16 15:07:07,SPX,7558.45,7629.77,7455.0,0,135,0.237,0.002838
2026-09-16 15:07:07,SPX,7558.45,7629.77,7665.0,308,137,0.1792,0.002838
2026-09-16 15:07:07,SPX,7558.45,7629.77,7450.0,36,3615,0.2388,0.002838
2026-09-16 15:07:07,SPX,7558.45,7629.77,7670.0,1238,550,0.1785,0.002838
2026-09-16 15:07:07,SPX,7558.45,7629.77,7445.0,0,207,0.2403,0.002838
2026-09-16 15:07:07,SPX,7558.45,7629.77,7675.0,4504,3959,0.1779,0.002838
2026-09-16 15:07:07,SPX,7558.45,7629.77,7440.0,7,542,0.242,0.002838
2026-09-16 15:07:07,SPX,7558.45,7629.77,7680.0,979,193,0.1773,0.002838
2026-09-16 15:07:07,SPX,7558.45,7629.77,7435.0,0,197,0.2437,0.002838
2026-09-16 15:07:07,SPX,7558.45,7629.77,7685.0,224,88,0.1766,0.002838
2026-09-16 15:07:07,SPX,7558.45,7629.77,7430.0,2,276,0.2457,0.002838
2026-09-16 15:07:07,SPX,7558.45,7629.77,7690.0,656,304,0.176,0.002838
2026-09-16 15:07:07,SPX,7558.45,7629.77,7425.0,30,1695,0.2478,0.002838
2026-09-16 15:07:07,SPX,7558.45,7629.77,7695.0,261,208,0.1755,0.002838
2026-09-16 15:07:07,SPX,7558.45,7629.77,7420.0,26,1347,0.2502,0.002838
2026-09-16 15:07:07,SPX,7558.45,7629.77,7700.0,4669,304,0.175,0.002838
2026-09-16 15:07:07,SPX,7558.45,7629.77,7415.0,0,167,0.2528,0.002838
2026-09-16 15:07:07,SPX,7558.45,7629.77,7705.0,708,157,0.1746,0.002838
2026-09-16 15:07:07,SPX,7558.45,7629.77,7410.0,1,216,0.2555,0.002838
2026-09-16 15:07:07,SPX,7558.45,7629.77,7710.0,413,137,0.1743,0.002838
2026-09-16 15:07:07,SPX,7558.45,7629.77,7405.0,10,141,0.2583,0.002838
2026-09-16 15:07:07,SPX,7558.45,7629.77,7715.0,306,166,0.1742,0.002838
2026-09-16 15:07:07,SPX,7558.45,7629.77,7400.0,18,1023,0.2611,0.002838
2026-09-16 15:07:07,SPX,7558.45,7629.77,7720.0,385,199,0.1743,0.002838
2026-09-16 15:07:07,SPX,7558.45,7629.77,7395.0,0,114,0.2639,0.002838
2026-09-16 15:07:07,SPX,7558.45,7629.77,7725.0,1017,163,0.1746,0.002838
2026-09-16 15:07:07,SPX,7558.45,7629.77,7390.0,0,1244,0.2667,0.002838
2026-09-16 15:07:07,SPX,7558.45,7629.77,7730.0,659,126,0.1751,0.002838
2026-09-16 15:07:07,SPX,7558.45,7629.77,7385.0,1,131,0.2694,0.002838
2026-09-16 15:07:07,SPX,7558.45,7629.77,7735.0,460,38,0.1759,0.002838
2026-09-16 15:07:07,SPX,7558.45,7629.77,7380.0,0,1143,0.2722,0.002838
2026-09-16 15:07:07,SPX,7558.45,7629.77,7375.0,5,270,0.2749,0.002838
2026-09-16 15:07:07,SPX,7558.45,7629.77,7745.0,338,28,0.178,0.002838
2026-09-16 15:07:07,SPX,7558.45,7629.77,7370.0,30,197,0.2777,0.002838
2026-09-16 15:07:07,SPX,7558.45,7629.77,7750.0,940,168,0.1794,0.002838
2026-09-16 15:07:07,SPX,7558.45,7629.77,7365.0,0,126,0.2805,0.002838
2026-09-16 15:07:07,SPX,7558.45,7629.77,7755.0,281,37,0.1811,0.002838
2026-09-16 15:07:07,SPX,7558.45,7629.77,7360.0,3,296,0.2834,0.002838
2026-09-16 15:07:07,SPX,7558.45,7629.77,7760.0,659,96,0.1831,0.002838
2026-09-16 15:07:07,SPX,7558.45,7629.77,7355.0,0,333,0.2863,0.002838
2026-09-16 15:07:07,SPX,7558.45,7629.77,7765.0,277,48,0.1853,0.002838
2026-09-16 15:07:07,SPX,7558.45,7629.77,7350.0,30,1040,0.2892,0.002838
2026-09-16 15:07:07,SPX,7558.45,7629.77,7770.0,1165,63,0.1878,0.002838
2026-09-16 15:07:07,SPX,7558.45,7629.77,7345.0,0,256,0.2923,0.002838
2026-09-16 15:07:07,SPX,7558.45,7629.77,7775.0,967,57,0.1905,0.002838
2026-09-16 15:07:07,SPX,7558.45,7629.77,7340.0,0,311,0.2954,0.002838
2026-09-16 15:07:07,SPX,7558.45,7629.77,7780.0,445,39,0.1933,0.002838
2026-09-16 15:07:07,SPX,7558.45,7629.77,7335.0,0,267,0.2986,0.002838
2026-09-16 15:07:07,SPX,7558.45,7629.77,7785.0,307,9,0.1964,0.002838
2026-09-16 15:07:07,SPX,7558.45,7629.77,7330.0,0,165,0.3019,0.002838
2026-09-16 15:07:07,SPX,7558.45,7629.77,7790.0,390,24,0.1995,0.002838
2026-09-16 15:07:07,SPX,7558.45,7629.77,7325.0,0,367,0.3053,0.002838
2026-09-16 15:07:07,SPX,7558.45,7629.77,7795.0,433,5,0.2026,0.002838
2026-09-16 15:07:07,SPX,7558.45,7629.77,7320.0,0,201,0.3087,0.002838
2026-09-16 15:07:07,SPX,7558.45,7629.77,7800.0,2764,91,0.2058,0.002838
2026-09-16 15:07:07,SPX,7558.45,7629.77,7315.0,3,100,0.3122,0.002838
2026-09-16 15:07:07,SPX,7558.45,7629.77,7805.0,1724,3,0.2092,0.002838
2026-09-16 15:07:07,SPX,7558.45,7629.77,7310.0,0,176,0.3158,0.002838
2026-09-16 15:07:07,SPX,7558.45,7629.77,7560.0,209,975,0.1834,0.005576
2026-09-16 15:07:07,SPX,7558.45,7629.77,7555.0,71,646,0.1846,0.005576
2026-09-16 15:07:07,SPX,7558.45,7629.77,7565.0,642,565,0.1816,0.005576
2026-09-16 15:07:07,SPX,7558.45,7629.77,7550.0,2542,8001,0.1862,0.005576
2026-09-16 15:07:07,SPX,7558.45,7629.77,7570.0,304,911,0.1799,0.005576
2026-09-16 15:07:07,SPX,7558.45,7629.77,7545.0,1938,2223,0.1875,0.005576
2026-09-16 15:07:07,SPX,7558.45,7629.77,7575.0,563,2354,0.1793,0.005576
2026-09-16 15:07:07,SPX,7558.45,7629.77,7540.0,112,1224,0.1888,0.005576
2026-09-16 15:07:07,SPX,7558.45,7629.77,7580.0,737,884,0.1776,0.005576
2026-09-16 15:07:07,SPX,7558.45,7629.77,7535.0,138,1053,0.1902,0.005576
2026-09-16 15:07:07,SPX,7558.45,7629.77,7585.0,467,562,0.1764,0.005576
2026-09-16 15:07:07,SPX,7558.45,7629.77,7530.0,107,902,0.1919,0.005576
2026-09-16 15:07:07,SPX,7558.45,7629.77,7590.0,523,1071,0.1752,0.005576
2026-09-16 15:07:07,SPX,7558.45,7629.77,7525.0,224,1094,0.1941,0.005576
2026-09-16 15:07:07,SPX,7558.45,7629.77,7595.0,256,748,0.174,0.005576
2026-09-16 15:07:07,SPX,7558.45,7629.77,7520.0,81,1121,0.1945,0.005576
2026-09-16 15:07:07,SPX,7558.45,7629.77,7600.0,4452,6174,0.1729,0.005576
2026-09-16 15:07:07,SPX,7558.45,7629.77,7515.0,98,857,0.1952,0.005576
2026-09-16 15:07:07,SPX,7558.45,7629.77,7605.0,681,2783,0.1717,0.005576
2026-09-16 15:07:07,SPX,7558.45,7629.77,7510.0,151,791,0.1972,0.005576
2026-09-16 15:07:07,SPX,7558.45,7629.77,7610.0,613,1017,0.1706,0.005576
2026-09-16 15:07:07,SPX,7558.45,7629.77,7505.0,101,570,0.1982,0.005576
2026-09-16 15:07:07,SPX,7558.45,7629.77,7615.0,824,2306,0.1696,0.005576
2026-09-16 15:07:07,SPX,7558.45,7629.77,7500.0,819,4301,0.1995,0.005576
2026-09-16 15:07:07,SPX,7558.45,7629.77,7620.0,677,534,0.1688,0.005576
2026-09-16 15:07:07,SPX,7558.45,7629.77,7495.0,617,1363,0.203,0.005576
2026-09-16 15:07:07,SPX,7558.45,7629.77,7625.0,1644,4596,0.1679,0.005576
2026-09-16 15:07:07,SPX,7558.45,7629.77,7490.0,69,888,0.2051,0.005576
2026-09-16 15:07:07,SPX,7558.45,7629.77,7630.0,449,3371,0.1671,0.005576
2026-09-16 15:07:07,SPX,7558.45,7629.77,7485.0,57,460,0.2062,0.005576
2026-09-16 15:07:07,SPX,7558.45,7629.77,7635.0,935,1265,0.1662,0.005576
2026-09-16 15:07:07,SPX,7558.45,7629.77,7480.0,116,1004,0.2072,0.005576
2026-09-16 15:07:07,SPX,7558.45,7629.77,7640.0,847,1282,0.1653,0.005576
2026-09-16 15:07:07,SPX,7558.45,7629.77,7475.0,331,1654,0.209,0.005576
2026-09-16 15:07:07,SPX,7558.45,7629.77,7645.0,516,396,0.1644,0.005576
2026-09-16 15:07:07,SPX,7558.45,7629.77,7470.0,106,1040,0.2109,0.005576
2026-09-16 15:07:07,SPX,7558.45,7629.77,7650.0,5583,6131,0.1633,0.005576
2026-09-16 15:07:07,SPX,7558.45,7629.77,7465.0,36,699,0.2123,0.005576
2026-09-16 15:07:07,SPX,7558.45,7629.77,7655.0,541,3273,0.1621,0.005576
2026-09-16 15:07:07,SPX,7558.45,7629.77,7460.0,48,936,0.2134,0.005576
2026-09-16 15:07:07,SPX,7558.45,7629.77,7660.0,2366,2501,0.161,0.005576
2026-09-16 15:07:07,SPX,7558.45,7629.77,7455.0,72,498,0.2141,0.005576
2026-09-16 15:07:07,SPX,7558.45,7629.77,7665.0,587,424,0.16,0.005576
2026-09-16 15:07:07,SPX,7558.45,7629.77,7450.0,345,2994,0.2165,0.005576
2026-09-16 15:07:07,SPX,7558.45,7629.77,7670.0,956,765,0.1591,0.005576
2026-09-16 15:07:07,SPX,7558.45,7629.77,7445.0,70,637,0.2194,0.005576
2026-09-16 15:07:07,SPX,7558.45,7629.77,7675.0,4951,3262,0.1584,0.005576
2026-09-16 15:07:07,SPX,7558.45,7629.77,7440.0,99,1414,0.2205,0.005576
2026-09-16 15:07:07,SPX,7558.45,7629.77,7680.0,3640,675,0.1579,0.005576
2026-09-16 15:07:07,SPX,7558.45,7629.77,7435.0,20,1668,0.221,0.005576
2026-09-16 15:07:07,SPX,7558.45,7629.77,7685.0,948,449,0.1574,0.005576
2026-09-16 15:07:07,SPX,7558.45,7629.77,7430.0,84,684,0.2232,0.005576
2026-09-16 15:07:07,SPX,7558.45,7629.77,7690.0,848,1633,0.1571,0.005576
2026-09-16 15:07:07,SPX,7558.45,7629.77,7425.0,437,2470,0.2259,0.005576
2026-09-16 15:07:07,SPX,7558.45,7629.77,7695.0,1848,661,0.1567,0.005576
2026-09-16 15:07:07,SPX,7558.45,7629.77,7420.0,96,701,0.2276,0.005576
2026-09-16 15:07:07,SPX,7558.45,7629.77,7700.0,6428,2978,0.1564,0.005576
2026-09-16 15:07:07,SPX,7558.45,7629.77,7415.0,54,789,0.2293,0.005576
2026-09-16 15:07:07,SPX,7558.45,7629.77,7705.0,3427,674,0.156,0.005576
2026-09-16 15:07:07,SPX,7558.45,7629.77,7410.0,280,1211,0.2315,0.005576
2026-09-16 15:07:07,SPX,7558.45,7629.77,7710.0,685,395,0.1556,0.005576
2026-09-16 15:07:07,SPX,7558.45,7629.77,7405.0,156,555,0.2335,0.005576
2026-09-16 15:07:07,SPX,7558.45,7629.77,7715.0,1261,358,0.1553,0.005576
2026-09-16 15:07:07,SPX,7558.45,7629.77,7400.0,1053,5844,0.2353,0.005576
2026-09-16 15:07:07,SPX,7558.45,7629.77,7720.0,691,1183,0.155,0.005576
2026-09-16 15:07:07,SPX,7558.45,7629.77,7395.0,31,2121,0.2369,0.005576
2026-09-16 15:07:07,SPX,7558.45,7629.77,7725.0,3172,1236,0.1547,0.005576
2026-09-16 15:07:07,SPX,7558.45,7629.77,7390.0,35,889,0.2383,0.005576
2026-09-16 15:07:07,SPX,7558.45,7629.77,7730.0,742,502,0.1546,0.005576
2026-09-16 15:07:07,SPX,7558.45,7629.77,7385.0,78,608,0.2394,0.005576
2026-09-16 15:07:07,SPX,7558.45,7629.77,7735.0,1089,670,0.1545,0.005576
2026-09-16 15:07:07,SPX,7558.45,7629.77,7380.0,68,1297,0.2405,0.005576
2026-09-16 15:07:07,SPX,7558.45,7629.77,7740.0,1180,403,0.1546,0.005576
2026-09-16 15:07:07,SPX,7558.45,7629.77,7375.0,138,1788,0.2443,0.005576
2026-09-16 15:07:07,SPX,7558.45,7629.77,7745.0,756,201,0.1549,0.005576
2026-09-16 15:07:07,SPX,7558.45,7629.77,7370.0,99,816,0.246,0.005576
2026-09-16 15:07:07,SPX,7558.45,7629.77,7750.0,3322,1482,0.1553,0.005576
2026-09-16 15:07:07,SPX,7558.45,7629.77,7365.0,78,295,0.2476,0.005576
2026-09-16 15:07:07,SPX,7558.45,7629.77,7755.0,1070,202,0.1559,0.005576
2026-09-16 15:07:07,SPX,7558.45,7629.77,7360.0,37,1655,0.2499,0.005576
2026-09-16 15:07:07,SPX,7558.45,7629.77,7760.0,1383,88,0.1566,0.005576
2026-09-16 15:07:07,SPX,7558.45,7629.77,7355.0,51,363,0.2519,0.005576
2026-09-16 15:07:07,SPX,7558.45,7629.77,7765.0,1371,221,0.1576,0.005576
2026-09-16 15:07:07,SPX,7558.45,7629.77,7350.0,119,2872,0.2536,0.005576
2026-09-16 15:07:07,SPX,7558.45,7629.77,7770.0,1023,281,0.1588,0.005576
2026-09-16 15:07:07,SPX,7558.45,7629.77,7345.0,181,463,0.2553,0.005576
2026-09-16 15:07:07,SPX,7558.45,7629.77,7775.0,2270,480,0.1601,0.005576
2026-09-16 15:07:07,SPX,7558.45,7629.77,7340.0,70,997,0.2572,0.005576
2026-09-16 15:07:07,SPX,7558.45,7629.77,7780.0,1885,250,0.1615,0.005576
2026-09-16 15:07:07,SPX,7558.45,7629.77,7335.0,11,566,0.2597,0.005576
2026-09-16 15:07:07,SPX,7558.45,7629.77,7785.0,1490,259,0.1631,0.005576
2026-09-16 15:07:07,SPX,7558.45,7629.77,7330.0,55,1217,0.2624,0.005576
2026-09-16 15:07:07,SPX,7558.45,7629.77,7790.0,1372,180,0.1649,0.005576
2026-09-16 15:07:07,SPX,7558.45,7629.77,7325.0,305,1762,0.2649,0.005576
2026-09-16 15:07:07,SPX,7558.45,7629.77,7795.0,657,146,0.1667,0.005576
2026-09-16 15:07:07,SPX,7558.45,7629.77,7320.0,97,1007,0.2673,0.005576
2026-09-16 15:07:07,SPX,7558.45,7629.77,7800.0,5534,704,0.1687,0.005576
2026-09-16 15:07:07,SPX,7558.45,7629.77,7315.0,23,993,0.2696,0.005576
2026-09-16 15:07:07,SPX,7558.45,7629.77,7805.0,1041,62,0.1707,0.005576
2026-09-16 15:07:07,SPX,7558.45,7629.77,7310.0,25,429,0.272,0.005576
2026-09-16 15:37:31,SPX,7534.96,7629.54,7535.0,91,984,0.4708,4.3e-05
2026-09-16 15:37:31,SPX,7534.96,7629.54,7530.0,136,1307,0.4752,4.3e-05
2026-09-16 15:37:31,SPX,7534.96,7629.54,7540.0,110,1186,0.4711,4.3e-05
2026-09-16 15:37:31,SPX,7534.96,7629.54,7525.0,1254,3613,0.4753,4.3e-05
2026-09-16 15:37:31,SPX,7534.96,7629.54,7545.0,68,696,0.4734,4.3e-05
2026-09-16 15:37:31,SPX,7534.96,7629.54,7520.0,1244,1619,0.4808,4.3e-05
2026-09-16 15:37:31,SPX,7534.96,7629.54,7550.0,203,1759,0.4748,4.3e-05
2026-09-16 15:37:31,SPX,7534.96,7629.54,7515.0,119,819,0.4871,4.3e-05
2026-09-16 15:37:31,SPX,7534.96,7629.54,7555.0,115,425,0.4776,4.3e-05
2026-09-16 15:37:31,SPX,7534.96,7629.54,7510.0,132,1033,0.495,4.3e-05
2026-09-16 15:37:31,SPX,7534.96,7629.54,7560.0,205,864,0.4826,4.3e-05
2026-09-16 15:37:31,SPX,7534.96,7629.54,7505.0,94,629,0.5029,4.3e-05
2026-09-16 15:37:31,SPX,7534.96,7629.54,7565.0,106,585,0.4902,4.3e-05
2026-09-16 15:37:31,SPX,7534.96,7629.54,7500.0,259,4369,0.5107,4.3e-05
2026-09-16 15:37:31,SPX,7534.96,7629.54,7570.0,258,1147,0.5002,4.3e-05
2026-09-16 15:37:31,SPX,7534.96,7629.54,7495.0,67,773,0.5235,4.3e-05
2026-09-16 15:37:31,SPX,7534.96,7629.54,7575.0,354,1633,0.5128,4.3e-05
2026-09-16 15:37:31,SPX,7534.96,7629.54,7490.0,41,1228,0.5361,4.3e-05
2026-09-16 15:37:31,SPX,7534.96,7629.54,7580.0,613,1441,0.5279,4.3e-05
2026-09-16 15:37:31,SPX,7534.96,7629.54,7485.0,19,656,0.5515,4.3e-05
2026-09-16 15:37:31,SPX,7534.96,7629.54,7585.0,1009,1287,0.5456,4.3e-05
2026-09-16 15:37:31,SPX,7534.96,7629.54,7480.0,28,1242,0.5678,4.3e-05
2026-09-16 15:37:31,SPX,7534.96,7629.54,7590.0,901,1203,0.5648,4.3e-05
2026-09-16 15:37:31,SPX,7534.96,7629.54,7475.0,33,1674,0.5853,4.3e-05
2026-09-16 15:37:31,SPX,7534.96,7629.54,7595.0,665,1256,0.5842,4.3e-05
2026-09-16 15:37:31,SPX,7534.96,7629.54,7470.0,33,1552,0.603,4.3e-05
2026-09-16 15:37:31,SPX,7534.96,7629.54,7600.0,1581,2828,0.6029,4.3e-05
2026-09-16 15:37:31,SPX,7534.96,7629.54,7465.0,4,1127,0.6226,4.3e-05
2026-09-16 15:37:31,SPX,7534.96,7629.54,7605.0,536,385,0.6216,4.3e-05
2026-09-16 15:37:31,SPX,7534.96,7629.54,7460.0,41,1524,0.6443,4.3e-05
2026-09-16 15:37:31,SPX,7534.96,7629.54,7610.0,728,696,0.64,4.3e-05
2026-09-16 15:37:31,SPX,7534.96,7629.54,7455.0,27,768,0.6679,4.3e-05
2026-09-16 15:37:31,SPX,7534.96,7629.54,7615.0,696,248,0.6581,4.3e-05
2026-09-16 15:37:31,SPX,7534.96,7629.54,7450.0,107,2811,0.6931,4.3e-05
2026-09-16 15:37:31,SPX,7534.96,7629.54,7620.0,1590,465,0.6759,4.3e-05
2026-09-16 15:37:31,SPX,7534.96,7629.54,7445.0,2,1150,0.7199,4.3e-05
2026-09-16 15:37:31,SPX,7534.96,7629.54,7625.0,1035,3421,0.6927,4.3e-05
2026-09-16 15:37:31,SPX,7534.96,7629.54,7440.0,6,2097,0.7477,4.3e-05
2026-09-16 15:37:31,SPX,7534.96,7629.54,7630.0,699,395,0.7083,4.3e-05
2026-09-16 15:37:31,SPX,7534.96,7629.54,7435.0,4,929,0.7761,4.3e-05
2026-09-16 15:37:31,SPX,7534.96,7629.54,7635.0,872,633,0.7231,4.3e-05
2026-09-16 15:37:31,SPX,7534.96,7629.54,7430.0,8,973,0.8042,4.3e-05
2026-09-16 15:37:31,SPX,7534.96,7629.54,7640.0,1498,305,0.7369,4.3e-05
2026-09-16 15:37:31,SPX,7534.96,7629.54,7425.0,9,1181,0.8313,4.3e-05
2026-09-16 15:37:31,SPX,7534.96,7629.54,7645.0,900,604,0.7495,4.3e-05
2026-09-16 15:37:31,SPX,7534.96,7629.54,7420.0,38,1350,0.8566,4.3e-05
2026-09-16 15:37:31,SPX,7534.96,7629.54,7650.0,5504,4413,0.7612,4.3e-05
2026-09-16 15:37:31,SPX,7534.96,7629.54,7415.0,2,1866,0.8791,4.3e-05
2026-09-16 15:37:31,SPX,7534.96,7629.54,7655.0,1381,781,0.7713,4.3e-05
2026-09-16 15:37:31,SPX,7534.96,7629.54,7410.0,6,958,0.898,4.3e-05
2026-09-16 15:37:31,SPX,7534.96,7629.54,7660.0,1545,335,0.78,4.3e-05
2026-09-16 15:37:31,SPX,7534.96,7629.54,7405.0,5,3661,0.9131,4.3e-05
2026-09-16 15:37:31,SPX,7534.96,7629.54,7665.0,1030,330,0.7878,4.3e-05
2026-09-16 15:37:31,SPX,7534.96,7629.54,7400.0,93,4633,0.9245,4.3e-05
2026-09-16 15:37:31,SPX,7534.96,7629.54,7670.0,1760,823,0.7951,4.3e-05
2026-09-16 15:37:31,SPX,7534.96,7629.54,7395.0,0,1647,0.9332,4.3e-05
2026-09-16 15:37:31,SPX,7534.96,7629.54,7675.0,5088,1003,0.8043,4.3e-05
2026-09-16 15:37:31,SPX,7534.96,7629.54,7390.0,30,2806,0.9403,4.3e-05
2026-09-16 15:37:31,SPX,7534.96,7629.54,7680.0,1642,862,0.8081,4.3e-05
2026-09-16 15:37:31,SPX,7534.96,7629.54,7385.0,1,1088,0.9475,4.3e-05
2026-09-16 15:37:31,SPX,7534.96,7629.54,7685.0,2259,346,0.8106,4.3e-05
2026-09-16 15:37:31,SPX,7534.96,7629.54,7380.0,4,4519,0.9535,4.3e-05
2026-09-16 15:37:31,SPX,7534.96,7629.54,7690.0,1304,255,0.8118,4.3e-05
2026-09-16 15:37:31,SPX,7534.96,7629.54,7375.0,0,1131,0.9583,4.3e-05
2026-09-16 15:37:31,SPX,7534.96,7629.54,7695.0,1192,117,0.8117,4.3e-05
2026-09-16 15:37:31,SPX,7534.96,7629.54,7370.0,24,559,0.9607,4.3e-05
2026-09-16 15:37:31,SPX,7534.96,7629.54,7700.0,3233,798,0.8108,4.3e-05
2026-09-16 15:37:31,SPX,7534.96,7629.54,7365.0,10,537,0.9598,4.3e-05
2026-09-16 15:37:31,SPX,7534.96,7629.54,7705.0,1040,2079,0.8087,4.3e-05
2026-09-16 15:37:31,SPX,7534.96,7629.54,7360.0,12,3673,0.9568,4.3e-05
2026-09-16 15:37:31,SPX,7534.96,7629.54,7710.0,1456,97,0.806,4.3e-05
2026-09-16 15:37:31,SPX,7534.96,7629.54,7355.0,0,524,0.9533,4.3e-05
2026-09-16 15:37:31,SPX,7534.96,7629.54,7715.0,843,1322,0.8025,4.3e-05
2026-09-16 15:37:31,SPX,7534.96,7629.54,7350.0,4,3952,0.9499,4.3e-05
2026-09-16 15:37:31,SPX,7534.96,7629.54,7720.0,2356,225,0.7979,4.3e-05
2026-09-16 15:37:31,SPX,7534.96,7629.54,7345.0,0,167,0.9468,4.3e-05
2026-09-16 15:37:31,SPX,7534.96,7629.54,7725.0,1699,115,0.7925,4.3e-05
2026-09-16 15:37:31,SPX,7534.96,7629.54,7340.0,1,2679,0.944,4.3e-05
2026-09-16 15:37:31,SPX,7534.96,7629.54,7730.0,3073,2050,0.7868,4.3e-05
2026-09-16 15:37:31,SPX,7534.96,7629.54,7335.0,0,2609,0.9417,4.3e-05
2026-09-16 15:37:31,SPX,7534.96,7629.54,7735.0,1086,50,0.7809,4.3e-05
2026-09-16 15:37:31,SPX,7534.96,7629.54,7330.0,3,960,0.9402,4.3e-05
2026-09-16 15:37:31,SPX,7534.96,7629.54,7740.0,1998,1349,0.7749,4.3e-05
2026-09-16 15:37:31,SPX,7534.96,7629.54,7325.0,0,1532,0.9394,4.3e-05
2026-09-16 15:37:31,SPX,7534.96,7629.54,7745.0,813,131,0.7689,4.3e-05
2026-09-16 15:37:31,SPX,7534.96,7629.54,7320.0,2,690,0.9395,4.3e-05
2026-09-16 15:37:31,SPX,7534.96,7629.54,7750.0,1793,322,0.763,4.3e-05
2026-09-16 15:37:31,SPX,7534.96,7629.54,7315.0,0,345,0.9403,4.3e-05
2026-09-16 15:37:31,SPX,7534.96,7629.54,7755.0,2859,49,0.7571,4.3e-05
2026-09-16 15:37:31,SPX,7534.96,7629.54,7310.0,5,487,0.9416,4.3e-05
2026-09-16 15:37:31,SPX,7534.96,7629.54,7760.0,780,60,0.7514,4.3e-05
2026-09-16 15:37:31,SPX,7534.96,7629.54,7305.0,5,4696,0.9433,4.3e-05
2026-09-16 15:37:31,SPX,7534.96,7629.54,7765.0,2335,34,0.7458,4.3e-05
2026-09-16 15:37:31,SPX,7534.96,7629.54,7300.0,9,3128,0.9454,4.3e-05
2026-09-16 15:37:31,SPX,7534.96,7629.54,7770.0,1592,40,0.7403,4.3e-05
2026-09-16 15:37:31,SPX,7534.96,7629.54,7295.0,0,210,0.9477,4.3e-05
2026-09-16 15:37:31,SPX,7534.96,7629.54,7775.0,2381,67,0.735,4.3e-05
2026-09-16 15:37:31,SPX,7534.96,7629.54,7290.0,30,302,0.9504,4.3e-05
2026-09-16 15:37:31,SPX,7534.96,7629.54,7780.0,4304,28,0.7299,4.3e-05
2026-09-16 15:37:31,SPX,7534.96,7629.54,7285.0,0,152,0.9533,4.3e-05
2026-09-16 15:37:31,SPX,7534.96,7629.54,7535.0,47,242,0.2006,0.002781
2026-09-16 15:37:31,SPX,7534.96,7629.54,7530.0,28,286,0.1918,0.002781
2026-09-16 15:37:31,SPX,7534.96,7629.54,7540.0,22,759,0.15,0.002781
2026-09-16 15:37:31,SPX,7534.96,7629.54,7525.0,90,526,0.2062,0.002781
2026-09-16 15:37:31,SPX,7534.96,7629.54,7545.0,99,166,0.198,0.002781
2026-09-16 15:37:31,SPX,7534.96,7629.54,7520.0,22,451,0.15,0.002781
2026-09-16 15:37:31,SPX,7534.96,7629.54,7550.0,110,498,0.1871,0.002781
2026-09-16 15:37:31,SPX,7534.96,7629.54,7515.0,24,224,0.15,0.002781
2026-09-16 15:37:31,SPX,7534.96,7629.54,7555.0,104,255,0.1949,0.002781
2026-09-16 15:37:31,SPX,7534.96,7629.54,7510.0,64,420,0.15,0.002781
2026-09-16 15:37:31,SPX,7534.96,7629.54,7560.0,74,0,0.15,0.002781
2026-09-16 15:37:31,SPX,7534.96,7629.54,7505.0,23,0,0.2116,0.002781
2026-09-16 15:37:31,SPX,7534.96,7629.54,7575.0,0,382,0.1878,0.002781
2026-09-16 15:37:31,SPX,7534.96,7629.54,7485.0,0,350,0.2194,0.002781
2026-09-16 15:37:31,SPX,7534.96,7629.54,7585.0,213,0,0.1852,0.002781
2026-09-16 15:37:31,SPX,7534.96,7629.54,7480.0,32,390,0.2203,0.002781
2026-09-16 15:37:31,SPX,7534.96,7629.54,7590.0,120,337,0.1841,0.002781
2026-09-16 15:37:31,SPX,7534.96,7629.54,7475.0,5,600,0.221,0.002781
2026-09-16 15:37:31,SPX,7534.96,7629.54,7595.0,191,566,0.1832,0.002781
2026-09-16 15:37:31,SPX,7534.96,7629.54,7470.0,35,922,0.2229,0.002781
2026-09-16 15:37:31,SPX,7534.96,7629.54,7600.0,396,861,0.1822,0.002781
2026-09-16 15:37:31,SPX,7534.96,7629.54,7465.0,8,146,0.2253,0.002781
2026-09-16 15:37:31,SPX,7534.96,7629.54,7605.0,235,186,0.1812,0.002781
2026-09-16 15:37:31,SPX,7534.96,7629.54,7460.0,1,846,0.2274,0.002781
2026-09-16 15:37:31,SPX,7534.96,7629.54,7610.0,518,379,0.1802,0.002781
2026-09-16 15:37:31,SPX,7534.96,7629.54,7455.0,0,135,0.2297,0.002781
2026-09-16 15:37:31,SPX,7534.96,7629.54,7615.0,213,167,0.1791,0.002781
2026-09-16 15:37:31,SPX,7534.96,7629.54,7450.0,36,3615,0.2319,0.002781
2026-09-16 15:37:31,SPX,7534.96,7629.54,7620.0,224,227,0.178,0.002781
2026-09-16 15:37:31,SPX,7534.96,7629.54,7445.0,0,207,0.2335,0.002781
2026-09-16 15:37:31,SPX,7534.96,7629.54,7625.0,337,668,0.1769,0.002781
2026-09-16 15:37:31,SPX,7534.96,7629.54,7440.0,7,542,0.2347,0.002781
2026-09-16 15:37:31,SPX,7534.96,7629.54,7630.0,308,317,0.1758,0.002781
2026-09-16 15:37:31,SPX,7534.96,7629.54,7435.0,0,197,0.2359,0.002781
2026-09-16 15:37:31,SPX,7534.96,7629.54,7635.0,171,165,0.1749,0.002781
2026-09-16 15:37:31,SPX,7534.96,7629.54,7430.0,2,276,0.2373,0.002781
2026-09-16 15:37:31,SPX,7534.96,7629.54,7640.0,187,315,0.1741,0.002781
2026-09-16 15:37:31,SPX,7534.96,7629.54,7425.0,30,1695,0.2389,0.002781
2026-09-16 15:37:31,SPX,7534.96,7629.54,7645.0,441,200,0.1734,0.002781
2026-09-16 15:37:31,SPX,7534.96,7629.54,7420.0,26,1347,0.2408,0.002781
2026-09-16 15:37:31,SPX,7534.96,7629.54,7650.0,528,3373,0.1729,0.002781
2026-09-16 15:37:31,SPX,7534.96,7629.54,7415.0,0,167,0.2429,0.002781
2026-09-16 15:37:31,SPX,7534.96,7629.54,7655.0,418,204,0.1726,0.002781
2026-09-16 15:37:31,SPX,7534.96,7629.54,7410.0,1,216,0.245,0.002781
2026-09-16 15:37:31,SPX,7534.96,7629.54,7660.0,564,308,0.1725,0.002781
2026-09-16 15:37:31,SPX,7534.96,7629.54,7405.0,10,141,0.2472,0.002781
2026-09-16 15:37:31,SPX,7534.96,7629.54,7665.0,308,137,0.1725,0.002781
2026-09-16 15:37:31,SPX,7534.96,7629.54,7400.0,18,1023,0.2495,0.002781
2026-09-16 15:37:31,SPX,7534.96,7629.54,7670.0,1238,550,0.1727,0.002781
2026-09-16 15:37:31,SPX,7534.96,7629.54,7395.0,0,114,0.2518,0.002781
2026-09-16 15:37:31,SPX,7534.96,7629.54,7675.0,4504,3959,0.1731,0.002781
2026-09-16 15:37:31,SPX,7534.96,7629.54,7390.0,0,1244,0.2542,0.002781
2026-09-16 15:37:31,SPX,7534.96,7629.54,7680.0,979,193,0.1736,0.002781
2026-09-16 15:37:31,SPX,7534.96,7629.54,7385.0,1,131,0.2566,0.002781
2026-09-16 15:37:31,SPX,7534.96,7629.54,7685.0,224,88,0.1743,0.002781
2026-09-16 15:37:31,SPX,7534.96,7629.54,7380.0,30,1143,0.259,0.002781
2026-09-16 15:37:31,SPX,7534.96,7629.54,7690.0,656,304,0.1754,0.002781
2026-09-16 15:37:31,SPX,7534.96,7629.54,7375.0,5,270,0.2614,0.002781
2026-09-16 15:37:31,SPX,7534.96,7629.54,7695.0,261,208,0.1767,0.002781
2026-09-16 15:37:31,SPX,7534.96,7629.54,7370.0,30,197,0.2639,0.002781
2026-09-16 15:37:31,SPX,7534.96,7629.54,7700.0,4669,304,0.1782,0.002781
2026-09-16 15:37:31,SPX,7534.96,7629.54,7365.0,0,126,0.2664,0.002781
2026-09-16 15:37:31,SPX,7534.96,7629.54,7705.0,708,157,0.1796,0.002781
2026-09-16 15:37:31,SPX,7534.96,7629.54,7360.0,3,296,0.269,0.002781
2026-09-16 15:37:31,SPX,7534.96,7629.54,7710.0,413,137,0.1806,0.002781
2026-09-16 15:37:31,SPX,7534.96,7629.54,7355.0,0,333,0.2716,0.002781
2026-09-16 15:37:31,SPX,7534.96,7629.54,7715.0,306,166,0.1816,0.002781
2026-09-16 15:37:31,SPX,7534.96,7629.54,7350.0,30,1040,0.2743,0.002781
2026-09-16 15:37:31,SPX,7534.96,7629.54,7720.0,385,199,0.1833,0.002781
2026-09-16 15:37:31,SPX,7534.96,7629.54,7345.0,0,256,0.2771,0.002781
2026-09-16 15:37:31,SPX,7534.96,7629.54,7725.0,1017,163,0.1854,0.002781
2026-09-16 15:37:31,SPX,7534.96,7629.54,7340.0,0,311,0.2799,0.002781
2026-09-16 15:37:31,SPX,7534.96,7629.54,7730.0,659,126,0.1878,0.002781
2026-09-16 15:37:31,SPX,7534.96,7629.54,7335.0,0,267,0.2829,0.002781
2026-09-16 15:37:31,SPX,7534.96,7629.54,7735.0,460,38,0.1904,0.002781
2026-09-16 15:37:31,SPX,7534.96,7629.54,7330.0,0,165,0.2859,0.002781
2026-09-16 15:37:31,SPX,7534.96,7629.54,7740.0,646,124,0.1932,0.002781
2026-09-16 15:37:31,SPX,7534.96,7629.54,7325.0,0,367,0.2891,0.002781
2026-09-16 15:37:31,SPX,7534.96,7629.54,7745.0,338,28,0.196,0.002781
2026-09-16 15:37:31,SPX,7534.96,7629.54,7320.0,0,201,0.2924,0.002781
2026-09-16 15:37:31,SPX,7534.96,7629.54,7750.0,940,168,0.1989,0.002781
2026-09-16 15:37:31,SPX,7534.96,7629.54,7315.0,3,100,0.2958,0.002781
2026-09-16 15:37:31,SPX,7534.96,7629.54,7755.0,281,37,0.2019,0.002781
2026-09-16 15:37:31,SPX,7534.96,7629.54,7310.0,0,176,0.2992,0.002781
2026-09-16 15:37:31,SPX,7534.96,7629.54,7760.0,659,96,0.2048,0.002781
2026-09-16 15:37:31,SPX,7534.96,7629.54,7305.0,0,17,0.3028,0.002781
2026-09-16 15:37:31,SPX,7534.96,7629.54,7765.0,277,48,0.2077,0.002781
2026-09-16 15:37:31,SPX,7534.96,7629.54,7300.0,0,1150,0.3065,0.002781
2026-09-16 15:37:31,SPX,7534.96,7629.54,7770.0,1165,63,0.2106,0.002781
2026-09-16 15:37:31,SPX,7534.96,7629.54,7295.0,0,46,0.3102,0.002781
2026-09-16 15:37:31,SPX,7534.96,7629.54,7775.0,967,57,0.2133,0.002781
2026-09-16 15:37:31,SPX,7534.96,7629.54,7290.0,0,441,0.314,0.002781
2026-09-16 15:37:31,SPX,7534.96,7629.54,7780.0,445,39,0.2158,0.002781
2026-09-16 15:37:31,SPX,7534.96,7629.54,7285.0,0,32,0.3179,0.002781
2026-09-16 15:37:31,SPX,7534.96,7629.54,7535.0,138,1053,0.186,0.005518
2026-09-16 15:37:31,SPX,7534.96,7629.54,7530.0,107,902,0.1876,0.005518
2026-09-16 15:37:31,SPX,7534.96,7629.54,7540.0,112,1224,0.1843,0.005518
2026-09-16 15:37:31,SPX,7534.96,7629.54,7525.0,224,1094,0.1889,0.005518
2026-09-16 15:37:31,SPX,7534.96,7629.54,7545.0,1938,2223,0.1828,0.005518
2026-09-16 15:37:31,SPX,7534.96,7629.54,7520.0,81,1121,0.1905,0.005518
2026-09-16 15:37:31,SPX,7534.96,7629.54,7550.0,2542,8001,0.1818,0.005518
2026-09-16 15:37:31,SPX,7534.96,7629.54,7515.0,98,857,0.1921,0.005518
2026-09-16 15:37:31,SPX,7534.96,7629.54,7555.0,71,646,0.1802,0.005518
2026-09-16 15:37:31,SPX,7534.96,7629.54,7510.0,151,791,0.1935,0.005518
2026-09-16 15:37:31,SPX,7534.96,7629.54,7560.0,209,975,0.179,0.005518
2026-09-16 15:37:31,SPX,7534.96,7629.54,7505.0,101,570,0.1954,0.005518
2026-09-16 15:37:31,SPX,7534.96,7629.54,7565.0,642,565,0.1779,0.005518
2026-09-16 15:37:31,SPX,7534.96,7629.54,7500.0,819,4301,0.1975,0.005518
2026-09-16 15:37:31,SPX,7534.96,7629.54,7570.0,304,911,0.1769,0.005518
2026-09-16 15:37:31,SPX,7534.96,7629.54,7495.0,617,1363,0.1977,0.005518
2026-09-16 15:37:31,SPX,7534.96,7629.54,7575.0,563,2354,0.1759,0.005518
2026-09-16 15:37:31,SPX,7534.96,7629.54,7490.0,69,888,0.1999,0.005518
2026-09-16 15:37:31,SPX,7534.96,7629.54,7580.0,737,884,0.1748,0.005518
2026-09-16 15:37:31,SPX,7534.96,7629.54,7485.0,57,460,0.2021,0.005518
2026-09-16 15:37:31,SPX,7534.96,7629.54,7585.0,467,562,0.1736,0.005518
2026-09-16 15:37:31,SPX,7534.96,7629.54,7480.0,116,1004,0.2034,0.005518
2026-09-16 15:37:31,SPX,7534.96,7629.54,7590.0,523,1071,0.1723,0.005518
2026-09-16 15:37:31,SPX,7534.96,7629.54,7475.0,331,1654,0.2044,0.005518
2026-09-16 15:37:31,SPX,7534.96,7629.54,7595.0,256,748,0.1707,0.005518
2026-09-16 15:37:31,SPX,7534.96,7629.54,7470.0,106,1040,0.2057,0.005518
2026-09-16 15:37:31,SPX,7534.96,7629.54,7600.0,4452,6174,0.1692,0.005518
2026-09-16 15:37:31,SPX,7534.96,7629.54,7465.0,36,699,0.2076,0.005518
2026-09-16 15:37:31,SPX,7534.96,7629.54,7605.0,681,2783,0.1678,0.005518
2026-09-16 15:37:31,SPX,7534.96,7629.54,7460.0,48,936,0.2098,0.005518
2026-09-16 15:37:31,SPX,7534.96,7629.54,7610.0,613,1017,0.1665,0.005518
2026-09-16 15:37:31,SPX,7534.96,7629.54,7455.0,72,498,0.2117,0.005518
2026-09-16 15:37:31,SPX,7534.96,7629.54,7615.0,824,2306,0.1654,0.005518
2026-09-16 15:37:31,SPX,7534.96,7629.54,7450.0,345,2994,0.213,0.005518
2026-09-16 15:37:31,SPX,7534.96,7629.54,7620.0,677,534,0.1645,0.005518
2026-09-16 15:37:31,SPX,7534.96,7629.54,7445.0,70,637,0.2143,0.005518
2026-09-16 15:37:31,SPX,7534.96,7629.54,7625.0,1644,4596,0.1637,0.005518
2026-09-16 15:37:31,SPX,7534.96,7629.54,7440.0,99,1414,0.216,0.005518
2026-09-16 15:37:31,SPX,7534.96,7629.54,7630.0,449,3371,0.1631,0.005518
2026-09-16 15:37:31,SPX,7534.96,7629.54,7435.0,20,1668,0.2176,0.005518
2026-09-16 15:37:31,SPX,7534.96,7629.54,7635.0,935,1265,0.1625,0.005518
2026-09-16 15:37:31,SPX,7534.96,7629.54,7430.0,84,684,0.2191,0.005518
2026-09-16 15:37:31,SPX,7534.96,7629.54,7640.0,847,1282,0.162,0.005518
2026-09-16 15:37:31,SPX,7534.96,7629.54,7425.0,437,2470,0.2209,0.005518
2026-09-16 15:37:31,SPX,7534.96,7629.54,7645.0,516,396,0.1615,0.005518
2026-09-16 15:37:31,SPX,7534.96,7629.54,7420.0,96,701,0.2228,0.005518
2026-09-16 15:37:31,SPX,7534.96,7629.54,7650.0,5583,6131,0.1611,0.005518
2026-09-16 15:37:31,SPX,7534.96,7629.54,7415.0,54,789,0.2254,0.005518
2026-09-16 15:37:31,SPX,7534.96,7629.54,7655.0,541,3273,0.1607,0.005518
2026-09-16 15:37:31,SPX,7534.96,7629.54,7410.0,280,1211,0.2276,0.005518
2026-09-16 15:37:31,SPX,7534.96,7629.54,7660.0,2366,2501,0.1608,0.005518
2026-09-16 15:37:31,SPX,7534.96,7629.54,7405.0,156,555,0.2286,0.005518
2026-09-16 15:37:31,SPX,7534.96,7629.54,7665.0,587,424,0.1605,0.005518
2026-09-16 15:37:31,SPX,7534.96,7629.54,7400.0,1053,5844,0.2309,0.005518
2026-09-16 15:37:31,SPX,7534.96,7629.54,7670.0,956,765,0.1603,0.005518
2026-09-16 15:37:31,SPX,7534.96,7629.54,7395.0,31,2121,0.233,0.005518
2026-09-16 15:37:31,SPX,7534.96,7629.54,7675.0,4951,3262,0.1603,0.005518
2026-09-16 15:37:31,SPX,7534.96,7629.54,7390.0,35,889,0.2334,0.005518
2026-09-16 15:37:31,SPX,7534.96,7629.54,7680.0,3640,675,0.1605,0.005518
2026-09-16 15:37:31,SPX,7534.96,7629.54,7385.0,78,608,0.2372,0.005518
2026-09-16 15:37:31,SPX,7534.96,7629.54,7685.0,948,449,0.1609,0.005518
2026-09-16 15:37:31,SPX,7534.96,7629.54,7380.0,68,1297,0.2386,0.005518
2026-09-16 15:37:31,SPX,7534.96,7629.54,7690.0,848,1633,0.1614,0.005518
2026-09-16 15:37:31,SPX,7534.96,7629.54,7375.0,138,1788,0.2407,0.005518
2026-09-16 15:37:31,SPX,7534.96,7629.54,7695.0,1848,661,0.1621,0.005518
2026-09-16 15:37:31,SPX,7534.96,7629.54,7370.0,99,816,0.2425,0.005518
2026-09-16 15:37:31,SPX,7534.96,7629.54,7700.0,6428,2978,0.1629,0.005518
2026-09-16 15:37:31,SPX,7534.96,7629.54,7365.0,78,295,0.2442,0.005518
2026-09-16 15:37:31,SPX,7534.96,7629.54,7705.0,3427,674,0.1639,0.005518
2026-09-16 15:37:31,SPX,7534.96,7629.54,7360.0,37,1655,0.2462,0.005518
2026-09-16 15:37:31,SPX,7534.96,7629.54,7710.0,685,395,0.1649,0.005518
2026-09-16 15:37:31,SPX,7534.96,7629.54,7355.0,51,363,0.2476,0.005518
2026-09-16 15:37:31,SPX,7534.96,7629.54,7715.0,1261,358,0.166,0.005518
2026-09-16 15:37:31,SPX,7534.96,7629.54,7350.0,119,2872,0.2488,0.005518
2026-09-16 15:37:31,SPX,7534.96,7629.54,7720.0,691,1183,0.1671,0.005518
2026-09-16 15:37:31,SPX,7534.96,7629.54,7345.0,181,463,0.2509,0.005518
2026-09-16 15:37:31,SPX,7534.96,7629.54,7725.0,3172,1236,0.1684,0.005518
2026-09-16 15:37:31,SPX,7534.96,7629.54,7340.0,70,997,0.2524,0.005518
2026-09-16 15:37:31,SPX,7534.96,7629.54,7730.0,742,502,0.1696,0.005518
2026-09-16 15:37:31,SPX,7534.96,7629.54,7335.0,11,566,0.254,0.005518
2026-09-16 15:37:31,SPX,7534.96,7629.54,7735.0,1089,670,0.171,0.005518
2026-09-16 15:37:31,SPX,7534.96,7629.54,7330.0,55,1217,0.2564,0.005518
2026-09-16 15:37:31,SPX,7534.96,7629.54,7740.0,1180,403,0.1724,0.005518
2026-09-16 15:37:31,SPX,7534.96,7629.54,7325.0,305,1762,0.2588,0.005518
2026-09-16 15:37:31,SPX,7534.96,7629.54,7745.0,756,201,0.1739,0.005518
2026-09-16 15:37:31,SPX,7534.96,7629.54,7320.0,97,1007,0.2613,0.005518
2026-09-16 15:37:31,SPX,7534.96,7629.54,7750.0,3322,1482,0.1754,0.005518
2026-09-16 15:37:31,SPX,7534.96,7629.54,7315.0,23,993,0.2639,0.005518
2026-09-16 15:37:31,SPX,7534.96,7629.54,7755.0,1070,202,0.177,0.005518
2026-09-16 15:37:31,SPX,7534.96,7629.54,7310.0,25,429,0.2665,0.005518
2026-09-16 15:37:31,SPX,7534.96,7629.54,7760.0,1383,88,0.1787,0.005518
2026-09-16 15:37:31,SPX,7534.96,7629.54,7305.0,13,522,0.2689,0.005518
2026-09-16 15:37:31,SPX,7534.96,7629.54,7765.0,1371,221,0.1804,0.005518
2026-09-16 15:37:31,SPX,7534.96,7629.54,7300.0,609,3118,0.2711,0.005518
2026-09-16 15:37:31,SPX,7534.96,7629.54,7770.0,1023,281,0.1822,0.005518
2026-09-16 15:37:31,SPX,7534.96,7629.54,7295.0,5,546,0.273,0.005518
2026-09-16 15:37:31,SPX,7534.96,7629.54,7775.0,2270,480,0.1841,0.005518
2026-09-16 15:37:31,SPX,7534.96,7629.54,7290.0,47,518,0.2749,0.005518
2026-09-16 15:37:31,SPX,7534.96,7629.54,7780.0,1885,250,0.186,0.005518
2026-09-16 15:37:31,SPX,7534.96,7629.54,7285.0,8,539,0.2767,0.005518
