timestamp,symbol,spot,gflip,strike,oi_call,oi_put,iv,T
2026-09-15 09:33:36,SPX,7606.77,7642.38,7605.0,369,727,0.1549,0.000735
2026-09-15 09:33:36,SPX,7606.77,7642.38,7610.0,407,1239,0.1522,0.000735
2026-09-15 09:33:36,SPX,7606.77,7642.38,7600.0,1628,4377,0.1578,0.000735
2026-09-15 09:33:36,SPX,7606.77,7642.38,7615.0,397,2534,0.1496,0.000735
2026-09-15 09:33:36,SPX,7606.77,7642.38,7595.0,347,3640,0.1602,0.000735
2026-09-15 09:33:36,SPX,7606.77,7642.38,7620.0,1077,2661,0.1123,0.000735
2026-09-15 09:33:36,SPX,7606.77,7642.38,7590.0,318,1495,0.1629,0.000735
2026-09-15 09:33:36,SPX,7606.77,7642.38,7625.0,1051,2203,0.1467,0.000735
2026-09-15 09:33:36,SPX,7606.77,7642.38,7630.0,1307,1454,0.1463,0.000735
2026-09-15 09:33:36,SPX,7606.77,7642.38,7575.0,142,2632,0.1736,0.000735
2026-09-15 09:33:36,SPX,7606.77,7642.38,7640.0,0,774,0.1462,0.000735
2026-09-15 09:33:36,SPX,7606.77,7642.38,7570.0,0,1632,0.1766,0.000735
2026-09-15 09:33:36,SPX,7606.77,7642.38,7645.0,0,360,0.1462,0.000735
2026-09-15 09:33:36,SPX,7606.77,7642.38,7565.0,688,0,0.1811,0.000735
2026-09-15 09:33:36,SPX,7606.77,7642.38,7650.0,2860,2876,0.1471,0.000735
2026-09-15 09:33:36,SPX,7606.77,7642.38,7560.0,655,1715,0.1874,0.000735
2026-09-15 09:33:36,SPX,7606.77,7642.38,7660.0,3439,0,0.1501,0.000735
2026-09-15 09:33:36,SPX,7606.77,7642.38,7550.0,117,4119,0.197,0.000735
2026-09-15 09:33:36,SPX,7606.77,7642.38,7545.0,22,976,0.202,0.000735
2026-09-15 09:33:36,SPX,7606.77,7642.38,7670.0,2107,659,0.1567,0.000735
2026-09-15 09:33:36,SPX,7606.77,7642.38,7540.0,68,1297,0.2076,0.000735
2026-09-15 09:33:36,SPX,7606.77,7642.38,7675.0,4786,1606,0.1607,0.000735
2026-09-15 09:33:36,SPX,7606.77,7642.38,7535.0,59,1994,0.2129,0.000735
2026-09-15 09:33:36,SPX,7606.77,7642.38,7680.0,3240,555,0.1648,0.000735
2026-09-15 09:33:36,SPX,7606.77,7642.38,7530.0,60,3712,0.2179,0.000735
2026-09-15 09:33:36,SPX,7606.77,7642.38,7685.0,2362,813,0.1692,0.000735
2026-09-15 09:33:36,SPX,7606.77,7642.38,7525.0,131,2949,0.2226,0.000735
2026-09-15 09:33:36,SPX,7606.77,7642.38,7690.0,1579,427,0.1738,0.000735
2026-09-15 09:33:36,SPX,7606.77,7642.38,7520.0,64,2119,0.2288,0.000735
2026-09-15 09:33:36,SPX,7606.77,7642.38,7695.0,2022,164,0.1789,0.000735
2026-09-15 09:33:36,SPX,7606.77,7642.38,7515.0,33,1288,0.2349,0.000735
2026-09-15 09:33:36,SPX,7606.77,7642.38,7700.0,4610,864,0.1843,0.000735
2026-09-15 09:33:36,SPX,7606.77,7642.38,7510.0,37,2084,0.2419,0.000735
2026-09-15 09:33:36,SPX,7606.77,7642.38,7705.0,1433,446,0.19,0.000735
2026-09-15 09:33:36,SPX,7606.77,7642.38,7505.0,12,2186,0.2486,0.000735
2026-09-15 09:33:36,SPX,7606.77,7642.38,7710.0,2583,749,0.1961,0.000735
2026-09-15 09:33:36,SPX,7606.77,7642.38,7500.0,70,6429,0.2548,0.000735
2026-09-15 09:33:36,SPX,7606.77,7642.38,7715.0,2171,175,0.2026,0.000735
2026-09-15 09:33:36,SPX,7606.77,7642.38,7495.0,3,2086,0.2608,0.000735
2026-09-15 09:33:36,SPX,7606.77,7642.38,7720.0,1689,343,0.2096,0.000735
2026-09-15 09:33:36,SPX,7606.77,7642.38,7490.0,22,1425,0.2667,0.000735
2026-09-15 09:33:36,SPX,7606.77,7642.38,7725.0,7849,224,0.217,0.000735
2026-09-15 09:33:36,SPX,7606.77,7642.38,7485.0,2,2340,0.2727,0.000735
2026-09-15 09:33:36,SPX,7606.77,7642.38,7730.0,1070,245,0.2246,0.000735
2026-09-15 09:33:36,SPX,7606.77,7642.38,7480.0,16,1328,0.2789,0.000735
2026-09-15 09:33:36,SPX,7606.77,7642.38,7735.0,1377,59,0.232,0.000735
2026-09-15 09:33:36,SPX,7606.77,7642.38,7475.0,7,2599,0.2852,0.000735
2026-09-15 09:33:36,SPX,7606.77,7642.38,7740.0,974,87,0.2391,0.000735
2026-09-15 09:33:36,SPX,7606.77,7642.38,7470.0,2,769,0.2916,0.000735
2026-09-15 09:33:36,SPX,7606.77,7642.38,7745.0,1326,79,0.2457,0.000735
2026-09-15 09:33:36,SPX,7606.77,7642.38,7465.0,0,3434,0.298,0.000735
2026-09-15 09:33:36,SPX,7606.77,7642.38,7750.0,2400,819,0.2518,0.000735
2026-09-15 09:33:36,SPX,7606.77,7642.38,7460.0,10,1810,0.3043,0.000735
2026-09-15 09:33:36,SPX,7606.77,7642.38,7755.0,652,51,0.2574,0.000735
2026-09-15 09:33:36,SPX,7606.77,7642.38,7455.0,14,427,0.3105,0.000735
2026-09-15 09:33:36,SPX,7606.77,7642.38,7760.0,749,62,0.2623,0.000735
2026-09-15 09:33:36,SPX,7606.77,7642.38,7450.0,12,4782,0.3168,0.000735
2026-09-15 09:33:36,SPX,7606.77,7642.38,7765.0,813,22,0.2667,0.000735
2026-09-15 09:33:36,SPX,7606.77,7642.38,7445.0,2,568,0.3232,0.000735
2026-09-15 09:33:36,SPX,7606.77,7642.38,7770.0,937,43,0.2706,0.000735
2026-09-15 09:33:36,SPX,7606.77,7642.38,7440.0,34,1197,0.3297,0.000735
2026-09-15 09:33:36,SPX,7606.77,7642.38,7775.0,1187,25,0.2739,0.000735
2026-09-15 09:33:36,SPX,7606.77,7642.38,7435.0,0,3101,0.3365,0.000735
2026-09-15 09:33:36,SPX,7606.77,7642.38,7780.0,1310,129,0.2768,0.000735
2026-09-15 09:33:36,SPX,7606.77,7642.38,7430.0,4,1433,0.3435,0.000735
2026-09-15 09:33:36,SPX,7606.77,7642.38,7785.0,4397,26,0.2793,0.000735
2026-09-15 09:33:36,SPX,7606.77,7642.38,7425.0,10,3151,0.3509,0.000735
2026-09-15 09:33:36,SPX,7606.77,7642.38,7790.0,1945,83,0.2813,0.000735
2026-09-15 09:33:36,SPX,7606.77,7642.38,7420.0,3,828,0.3587,0.000735
2026-09-15 09:33:36,SPX,7606.77,7642.38,7795.0,398,1,0.2879,0.000735
2026-09-15 09:33:36,SPX,7606.77,7642.38,7415.0,0,511,0.3625,0.000735
2026-09-15 09:33:36,SPX,7606.77,7642.38,7800.0,2963,70,0.2887,0.000735
2026-09-15 09:33:36,SPX,7606.77,7642.38,7410.0,32,660,0.3695,0.000735
2026-09-15 09:33:36,SPX,7606.77,7642.38,7805.0,836,9,0.2892,0.000735
2026-09-15 09:33:36,SPX,7606.77,7642.38,7405.0,0,268,0.3765,0.000735
2026-09-15 09:33:36,SPX,7606.77,7642.38,7810.0,1015,7,0.2896,0.000735
2026-09-15 09:33:36,SPX,7606.77,7642.38,7400.0,14,3697,0.3836,0.000735
2026-09-15 09:33:36,SPX,7606.77,7642.38,7815.0,559,3,0.2897,0.000735
2026-09-15 09:33:36,SPX,7606.77,7642.38,7395.0,0,298,0.3907,0.000735
2026-09-15 09:33:36,SPX,7606.77,7642.38,7820.0,731,19,0.2896,0.000735
2026-09-15 09:33:36,SPX,7606.77,7642.38,7390.0,1,488,0.398,0.000735
2026-09-15 09:33:36,SPX,7606.77,7642.38,7825.0,2294,50,0.2894,0.000735
2026-09-15 09:33:36,SPX,7606.77,7642.38,7385.0,0,1903,0.4053,0.000735
2026-09-15 09:33:36,SPX,7606.77,7642.38,7830.0,1760,3,0.289,0.000735
2026-09-15 09:33:36,SPX,7606.77,7642.38,7380.0,2,2659,0.4128,0.000735
2026-09-15 09:33:36,SPX,7606.77,7642.38,7835.0,453,0,0.2884,0.000735
2026-09-15 09:33:36,SPX,7606.77,7642.38,7375.0,22,575,0.4205,0.000735
2026-09-15 09:33:36,SPX,7606.77,7642.38,7840.0,485,8,0.2877,0.000735
2026-09-15 09:33:36,SPX,7606.77,7642.38,7370.0,1,1752,0.4283,0.000735
2026-09-15 09:33:36,SPX,7606.77,7642.38,7845.0,439,1,0.2869,0.000735
2026-09-15 09:33:36,SPX,7606.77,7642.38,7365.0,10,4516,0.4363,0.000735
2026-09-15 09:33:36,SPX,7606.77,7642.38,7850.0,736,39,0.2861,0.000735
2026-09-15 09:33:36,SPX,7606.77,7642.38,7360.0,26,625,0.4443,0.000735
2026-09-15 09:33:36,SPX,7606.77,7642.38,7855.0,255,0,0.2852,0.000735
2026-09-15 09:33:36,SPX,7606.77,7642.38,7605.0,181,231,0.179,0.003472
2026-09-15 09:33:36,SPX,7606.77,7642.38,7610.0,120,528,0.1766,0.003472
2026-09-15 09:33:36,SPX,7606.77,7642.38,7600.0,708,2728,0.181,0.003472
2026-09-15 09:33:36,SPX,7606.77,7642.38,7615.0,179,188,0.1758,0.003472
2026-09-15 09:33:36,SPX,7606.77,7642.38,7595.0,109,539,0.1824,0.003472
2026-09-15 09:33:36,SPX,7606.77,7642.38,7620.0,221,316,0.1741,0.003472
2026-09-15 09:33:36,SPX,7606.77,7642.38,7590.0,105,464,0.1835,0.003472
2026-09-15 09:33:36,SPX,7606.77,7642.38,7625.0,219,3446,0.1725,0.003472
2026-09-15 09:33:36,SPX,7606.77,7642.38,7585.0,138,528,0.1848,0.003472
2026-09-15 09:33:36,SPX,7606.77,7642.38,7630.0,316,396,0.1708,0.003472
2026-09-15 09:33:36,SPX,7606.77,7642.38,7580.0,99,709,0.1869,0.003472
2026-09-15 09:33:36,SPX,7606.77,7642.38,7635.0,246,549,0.1697,0.003472
2026-09-15 09:33:36,SPX,7606.77,7642.38,7575.0,74,685,0.1891,0.003472
2026-09-15 09:33:36,SPX,7606.77,7642.38,7640.0,297,292,0.1687,0.003472
2026-09-15 09:33:36,SPX,7606.77,7642.38,7570.0,48,829,0.191,0.003472
2026-09-15 09:33:36,SPX,7606.77,7642.38,7645.0,166,464,0.1674,0.003472
2026-09-15 09:33:36,SPX,7606.77,7642.38,7565.0,17,272,0.1925,0.003472
2026-09-15 09:33:36,SPX,7606.77,7642.38,7650.0,4112,4427,0.1659,0.003472
2026-09-15 09:33:36,SPX,7606.77,7642.38,7560.0,49,506,0.1936,0.003472
2026-09-15 09:33:36,SPX,7606.77,7642.38,7655.0,166,786,0.1643,0.003472
2026-09-15 09:33:36,SPX,7606.77,7642.38,7555.0,51,301,0.1949,0.003472
2026-09-15 09:33:36,SPX,7606.77,7642.38,7660.0,415,261,0.1627,0.003472
2026-09-15 09:33:36,SPX,7606.77,7642.38,7550.0,91,1255,0.1966,0.003472
2026-09-15 09:33:36,SPX,7606.77,7642.38,7665.0,242,282,0.1611,0.003472
2026-09-15 09:33:36,SPX,7606.77,7642.38,7545.0,13,400,0.199,0.003472
2026-09-15 09:33:36,SPX,7606.77,7642.38,7670.0,476,497,0.1598,0.003472
2026-09-15 09:33:36,SPX,7606.77,7642.38,7540.0,38,700,0.1998,0.003472
2026-09-15 09:33:36,SPX,7606.77,7642.38,7675.0,3673,996,0.1587,0.003472
2026-09-15 09:33:36,SPX,7606.77,7642.38,7535.0,30,338,0.2017,0.003472
2026-09-15 09:33:36,SPX,7606.77,7642.38,7680.0,696,901,0.1577,0.003472
2026-09-15 09:33:36,SPX,7606.77,7642.38,7530.0,27,446,0.2035,0.003472
2026-09-15 09:33:36,SPX,7606.77,7642.38,7685.0,1005,237,0.1568,0.003472
2026-09-15 09:33:36,SPX,7606.77,7642.38,7525.0,24,2555,0.2054,0.003472
2026-09-15 09:33:36,SPX,7606.77,7642.38,7690.0,493,125,0.156,0.003472
2026-09-15 09:33:36,SPX,7606.77,7642.38,7520.0,37,1073,0.2074,0.003472
2026-09-15 09:33:36,SPX,7606.77,7642.38,7695.0,392,112,0.1551,0.003472
2026-09-15 09:33:36,SPX,7606.77,7642.38,7515.0,43,329,0.2095,0.003472
2026-09-15 09:33:36,SPX,7606.77,7642.38,7700.0,1586,807,0.1542,0.003472
2026-09-15 09:33:36,SPX,7606.77,7642.38,7510.0,51,518,0.2113,0.003472
2026-09-15 09:33:36,SPX,7606.77,7642.38,7705.0,458,2049,0.1533,0.003472
2026-09-15 09:33:36,SPX,7606.77,7642.38,7505.0,39,354,0.2128,0.003472
2026-09-15 09:33:36,SPX,7606.77,7642.38,7710.0,938,121,0.1524,0.003472
2026-09-15 09:33:36,SPX,7606.77,7642.38,7500.0,39,2795,0.2144,0.003472
2026-09-15 09:33:36,SPX,7606.77,7642.38,7715.0,439,1316,0.1517,0.003472
2026-09-15 09:33:36,SPX,7606.77,7642.38,7495.0,0,249,0.2161,0.003472
2026-09-15 09:33:36,SPX,7606.77,7642.38,7720.0,456,60,0.1511,0.003472
2026-09-15 09:33:36,SPX,7606.77,7642.38,7490.0,0,396,0.2177,0.003472
2026-09-15 09:33:36,SPX,7606.77,7642.38,7725.0,1340,110,0.1506,0.003472
2026-09-15 09:33:36,SPX,7606.77,7642.38,7485.0,2,229,0.2194,0.003472
2026-09-15 09:33:36,SPX,7606.77,7642.38,7730.0,2856,2056,0.1504,0.003472
2026-09-15 09:33:36,SPX,7606.77,7642.38,7480.0,7,493,0.2212,0.003472
2026-09-15 09:33:36,SPX,7606.77,7642.38,7735.0,662,23,0.1503,0.003472
2026-09-15 09:33:36,SPX,7606.77,7642.38,7475.0,25,1133,0.223,0.003472
2026-09-15 09:33:36,SPX,7606.77,7642.38,7740.0,2013,1352,0.1505,0.003472
2026-09-15 09:33:36,SPX,7606.77,7642.38,7470.0,26,856,0.225,0.003472
2026-09-15 09:33:36,SPX,7606.77,7642.38,7745.0,733,146,0.1509,0.003472
2026-09-15 09:33:36,SPX,7606.77,7642.38,7465.0,0,510,0.2271,0.003472
2026-09-15 09:33:36,SPX,7606.77,7642.38,7750.0,1605,299,0.1515,0.003472
2026-09-15 09:33:36,SPX,7606.77,7642.38,7460.0,25,536,0.2292,0.003472
2026-09-15 09:33:36,SPX,7606.77,7642.38,7755.0,2979,33,0.1524,0.003472
2026-09-15 09:33:36,SPX,7606.77,7642.38,7455.0,1,219,0.2314,0.003472
2026-09-15 09:33:36,SPX,7606.77,7642.38,7760.0,502,60,0.1535,0.003472
2026-09-15 09:33:36,SPX,7606.77,7642.38,7450.0,4,963,0.2336,0.003472
2026-09-15 09:33:36,SPX,7606.77,7642.38,7765.0,1830,27,0.1549,0.003472
2026-09-15 09:33:36,SPX,7606.77,7642.38,7445.0,0,190,0.2358,0.003472
2026-09-15 09:33:36,SPX,7606.77,7642.38,7770.0,1017,30,0.1564,0.003472
2026-09-15 09:33:36,SPX,7606.77,7642.38,7440.0,3,235,0.2381,0.003472
2026-09-15 09:33:36,SPX,7606.77,7642.38,7775.0,1252,62,0.1582,0.003472
2026-09-15 09:33:36,SPX,7606.77,7642.38,7435.0,3,170,0.2404,0.003472
2026-09-15 09:33:36,SPX,7606.77,7642.38,7780.0,954,32,0.1601,0.003472
2026-09-15 09:33:36,SPX,7606.77,7642.38,7430.0,3,207,0.2426,0.003472
2026-09-15 09:33:36,SPX,7606.77,7642.38,7785.0,381,280,0.1621,0.003472
2026-09-15 09:33:36,SPX,7606.77,7642.38,7425.0,9,413,0.2449,0.003472
2026-09-15 09:33:36,SPX,7606.77,7642.38,7790.0,3000,24,0.1643,0.003472
2026-09-15 09:33:36,SPX,7606.77,7642.38,7420.0,1,743,0.2472,0.003472
2026-09-15 09:33:36,SPX,7606.77,7642.38,7795.0,380,13,0.1666,0.003472
2026-09-15 09:33:36,SPX,7606.77,7642.38,7415.0,1,1153,0.2496,0.003472
2026-09-15 09:33:36,SPX,7606.77,7642.38,7800.0,2907,50,0.169,0.003472
2026-09-15 09:33:36,SPX,7606.77,7642.38,7410.0,1,414,0.252,0.003472
2026-09-15 09:33:36,SPX,7606.77,7642.38,7805.0,1757,2,0.1716,0.003472
2026-09-15 09:33:36,SPX,7606.77,7642.38,7405.0,5,328,0.2544,0.003472
2026-09-15 09:33:36,SPX,7606.77,7642.38,7810.0,529,32,0.1742,0.003472
2026-09-15 09:33:36,SPX,7606.77,7642.38,7400.0,56,2707,0.2569,0.003472
2026-09-15 09:33:36,SPX,7606.77,7642.38,7815.0,461,4,0.1769,0.003472
2026-09-15 09:33:36,SPX,7606.77,7642.38,7395.0,0,1474,0.2594,0.003472
2026-09-15 09:33:36,SPX,7606.77,7642.38,7820.0,1308,62,0.1797,0.003472
2026-09-15 09:33:36,SPX,7606.77,7642.38,7390.0,30,6437,0.2621,0.003472
2026-09-15 09:33:36,SPX,7606.77,7642.38,7825.0,1101,42,0.1826,0.003472
2026-09-15 09:33:36,SPX,7606.77,7642.38,7385.0,1,253,0.2648,0.003472
2026-09-15 09:33:36,SPX,7606.77,7642.38,7830.0,592,128,0.1856,0.003472
2026-09-15 09:33:36,SPX,7606.77,7642.38,7380.0,1,6484,0.2675,0.003472
2026-09-15 09:33:36,SPX,7606.77,7642.38,7835.0,372,30,0.1887,0.003472
2026-09-15 09:33:36,SPX,7606.77,7642.38,7375.0,0,499,0.2703,0.003472
2026-09-15 09:33:36,SPX,7606.77,7642.38,7840.0,516,1,0.1918,0.003472
2026-09-15 09:33:36,SPX,7606.77,7642.38,7370.0,24,209,0.2732,0.003472
2026-09-15 09:33:36,SPX,7606.77,7642.38,7845.0,248,1,0.195,0.003472
2026-09-15 09:33:36,SPX,7606.77,7642.38,7365.0,0,311,0.2762,0.003472
2026-09-15 09:33:36,SPX,7606.77,7642.38,7850.0,1278,123,0.1983,0.003472
2026-09-15 09:33:36,SPX,7606.77,7642.38,7360.0,2,445,0.2792,0.003472
2026-09-15 09:33:36,SPX,7606.77,7642.38,7855.0,229,0,0.2017,0.003472
2026-09-15 09:33:36,SPX,7606.77,7642.38,7605.0,174,143,0.1754,0.00621
2026-09-15 09:33:36,SPX,7606.77,7642.38,7610.0,133,353,0.1736,0.00621
2026-09-15 09:33:36,SPX,7606.77,7642.38,7600.0,169,1835,0.1766,0.00621
2026-09-15 09:33:36,SPX,7606.77,7642.38,7615.0,144,109,0.1721,0.00621
2026-09-15 09:33:36,SPX,7606.77,7642.38,7595.0,129,389,0.1781,0.00621
2026-09-15 09:33:36,SPX,7606.77,7642.38,7620.0,125,190,0.1706,0.00621
2026-09-15 09:33:36,SPX,7606.77,7642.38,7590.0,77,210,0.1798,0.00621
2026-09-15 09:33:36,SPX,7606.77,7642.38,7625.0,190,625,0.1687,0.00621
2026-09-15 09:33:36,SPX,7606.77,7642.38,7585.0,56,235,0.181,0.00621
2026-09-15 09:33:36,SPX,7606.77,7642.38,7630.0,152,296,0.1679,0.00621
2026-09-15 09:33:36,SPX,7606.77,7642.38,7580.0,220,604,0.1824,0.00621
2026-09-15 09:33:36,SPX,7606.77,7642.38,7635.0,132,172,0.1656,0.00621
2026-09-15 09:33:36,SPX,7606.77,7642.38,7575.0,67,350,0.1838,0.00621
2026-09-15 09:33:36,SPX,7606.77,7642.38,7640.0,105,218,0.1643,0.00621
2026-09-15 09:33:36,SPX,7606.77,7642.38,7570.0,88,153,0.1853,0.00621
2026-09-15 09:33:36,SPX,7606.77,7642.38,7645.0,179,150,0.163,0.00621
2026-09-15 09:33:36,SPX,7606.77,7642.38,7565.0,76,116,0.187,0.00621
2026-09-15 09:33:36,SPX,7606.77,7642.38,7650.0,289,3384,0.1617,0.00621
2026-09-15 09:33:36,SPX,7606.77,7642.38,7560.0,59,278,0.1889,0.00621
2026-09-15 09:33:36,SPX,7606.77,7642.38,7655.0,261,193,0.1603,0.00621
2026-09-15 09:33:36,SPX,7606.77,7642.38,7555.0,50,195,0.1907,0.00621
2026-09-15 09:33:36,SPX,7606.77,7642.38,7660.0,410,256,0.159,0.00621
2026-09-15 09:33:36,SPX,7606.77,7642.38,7550.0,81,474,0.1925,0.00621
2026-09-15 09:33:36,SPX,7606.77,7642.38,7665.0,144,136,0.1578,0.00621
2026-09-15 09:33:36,SPX,7606.77,7642.38,7545.0,74,134,0.194,0.00621
2026-09-15 09:33:36,SPX,7606.77,7642.38,7670.0,822,544,0.1567,0.00621
2026-09-15 09:33:36,SPX,7606.77,7642.38,7540.0,20,581,0.1954,0.00621
2026-09-15 09:33:36,SPX,7606.77,7642.38,7675.0,3893,3939,0.1558,0.00621
2026-09-15 09:33:36,SPX,7606.77,7642.38,7535.0,12,248,0.1969,0.00621
2026-09-15 09:33:36,SPX,7606.77,7642.38,7680.0,658,171,0.155,0.00621
2026-09-15 09:33:36,SPX,7606.77,7642.38,7530.0,13,266,0.1983,0.00621
2026-09-15 09:33:36,SPX,7606.77,7642.38,7685.0,147,65,0.1539,0.00621
2026-09-15 09:33:36,SPX,7606.77,7642.38,7525.0,31,444,0.1998,0.00621
2026-09-15 09:33:36,SPX,7606.77,7642.38,7690.0,492,304,0.1524,0.00621
2026-09-15 09:33:36,SPX,7606.77,7642.38,7520.0,3,290,0.2012,0.00621
2026-09-15 09:33:36,SPX,7606.77,7642.38,7695.0,191,205,0.1511,0.00621
2026-09-15 09:33:36,SPX,7606.77,7642.38,7515.0,9,179,0.2027,0.00621
2026-09-15 09:33:36,SPX,7606.77,7642.38,7700.0,3694,295,0.1502,0.00621
2026-09-15 09:33:36,SPX,7606.77,7642.38,7510.0,55,274,0.2043,0.00621
2026-09-15 09:33:36,SPX,7606.77,7642.38,7705.0,530,158,0.1495,0.00621
2026-09-15 09:33:36,SPX,7606.77,7642.38,7505.0,21,120,0.206,0.00621
2026-09-15 09:33:36,SPX,7606.77,7642.38,7710.0,321,137,0.1486,0.00621
2026-09-15 09:33:36,SPX,7606.77,7642.38,7500.0,76,1593,0.2077,0.00621
2026-09-15 09:33:36,SPX,7606.77,7642.38,7715.0,217,167,0.1475,0.00621
2026-09-15 09:33:36,SPX,7606.77,7642.38,7495.0,4,96,0.2094,0.00621
2026-09-15 09:33:36,SPX,7606.77,7642.38,7720.0,290,119,0.1463,0.00621
2026-09-15 09:33:36,SPX,7606.77,7642.38,7490.0,4,291,0.2111,0.00621
2026-09-15 09:33:36,SPX,7606.77,7642.38,7725.0,881,155,0.145,0.00621
2026-09-15 09:33:36,SPX,7606.77,7642.38,7485.0,0,122,0.2129,0.00621
2026-09-15 09:33:36,SPX,7606.77,7642.38,7730.0,496,116,0.1439,0.00621
2026-09-15 09:33:36,SPX,7606.77,7642.38,7480.0,32,239,0.2145,0.00621
2026-09-15 09:33:36,SPX,7606.77,7642.38,7735.0,474,36,0.143,0.00621
2026-09-15 09:33:36,SPX,7606.77,7642.38,7475.0,4,257,0.2162,0.00621
2026-09-15 09:33:36,SPX,7606.77,7642.38,7740.0,601,119,0.1423,0.00621
2026-09-15 09:33:36,SPX,7606.77,7642.38,7470.0,31,706,0.218,0.00621
2026-09-15 09:33:36,SPX,7606.77,7642.38,7745.0,306,28,0.1419,0.00621
2026-09-15 09:33:36,SPX,7606.77,7642.38,7465.0,3,62,0.2197,0.00621
2026-09-15 09:33:36,SPX,7606.77,7642.38,7750.0,990,167,0.1418,0.00621
2026-09-15 09:33:36,SPX,7606.77,7642.38,7460.0,1,471,0.2214,0.00621
2026-09-15 09:33:36,SPX,7606.77,7642.38,7755.0,247,31,0.1418,0.00621
2026-09-15 09:33:36,SPX,7606.77,7642.38,7455.0,0,119,0.2231,0.00621
2026-09-15 09:33:36,SPX,7606.77,7642.38,7760.0,646,97,0.1419,0.00621
2026-09-15 09:33:36,SPX,7606.77,7642.38,7450.0,36,2980,0.2248,0.00621
2026-09-15 09:33:36,SPX,7606.77,7642.38,7765.0,200,43,0.1421,0.00621
2026-09-15 09:33:36,SPX,7606.77,7642.38,7445.0,0,135,0.2265,0.00621
2026-09-15 09:33:36,SPX,7606.77,7642.38,7770.0,1265,63,0.1425,0.00621
2026-09-15 09:33:36,SPX,7606.77,7642.38,7440.0,7,483,0.2282,0.00621
2026-09-15 09:33:36,SPX,7606.77,7642.38,7775.0,861,57,0.1429,0.00621
2026-09-15 09:33:36,SPX,7606.77,7642.38,7435.0,0,112,0.2299,0.00621
2026-09-15 09:33:36,SPX,7606.77,7642.38,7780.0,462,39,0.1434,0.00621
2026-09-15 09:33:36,SPX,7606.77,7642.38,7430.0,2,261,0.2316,0.00621
2026-09-15 09:33:36,SPX,7606.77,7642.38,7785.0,265,9,0.1439,0.00621
2026-09-15 09:33:36,SPX,7606.77,7642.38,7425.0,0,1625,0.2333,0.00621
2026-09-15 09:33:36,SPX,7606.77,7642.38,7790.0,349,25,0.1446,0.00621
2026-09-15 09:33:36,SPX,7606.77,7642.38,7420.0,26,1343,0.2351,0.00621
2026-09-15 09:33:36,SPX,7606.77,7642.38,7795.0,399,5,0.1453,0.00621
2026-09-15 09:33:36,SPX,7606.77,7642.38,7415.0,0,135,0.2369,0.00621
2026-09-15 09:33:36,SPX,7606.77,7642.38,7800.0,3010,91,0.1461,0.00621
2026-09-15 09:33:36,SPX,7606.77,7642.38,7410.0,1,167,0.2387,0.00621
2026-09-15 09:33:36,SPX,7606.77,7642.38,7805.0,1854,3,0.1469,0.00621
2026-09-15 09:33:36,SPX,7606.77,7642.38,7405.0,0,98,0.2406,0.00621
2026-09-15 09:33:36,SPX,7606.77,7642.38,7810.0,485,4,0.1479,0.00621
2026-09-15 09:33:36,SPX,7606.77,7642.38,7400.0,9,976,0.2425,0.00621
2026-09-15 09:33:36,SPX,7606.77,7642.38,7815.0,405,2,0.1489,0.00621
2026-09-15 09:33:36,SPX,7606.77,7642.38,7395.0,0,86,0.2444,0.00621
2026-09-15 09:33:36,SPX,7606.77,7642.38,7820.0,319,16,0.15,0.00621
2026-09-15 09:33:36,SPX,7606.77,7642.38,7390.0,0,296,0.2464,0.00621
2026-09-15 09:33:36,SPX,7606.77,7642.38,7825.0,716,61,0.1512,0.00621
2026-09-15 09:33:36,SPX,7606.77,7642.38,7385.0,1,82,0.2484,0.00621
2026-09-15 09:33:36,SPX,7606.77,7642.38,7830.0,485,3,0.1525,0.00621
2026-09-15 09:33:36,SPX,7606.77,7642.38,7380.0,30,179,0.2505,0.00621
2026-09-15 09:33:36,SPX,7606.77,7642.38,7835.0,483,0,0.1539,0.00621
2026-09-15 09:33:36,SPX,7606.77,7642.38,7375.0,5,243,0.2526,0.00621
2026-09-15 09:33:36,SPX,7606.77,7642.38,7840.0,367,25,0.1553,0.00621
2026-09-15 09:33:36,SPX,7606.77,7642.38,7370.0,30,169,0.2548,0.00621
2026-09-15 09:33:36,SPX,7606.77,7642.38,7845.0,393,0,0.1569,0.00621
2026-09-15 09:33:36,SPX,7606.77,7642.38,7365.0,0,55,0.257,0.00621
2026-09-15 09:33:36,SPX,7606.77,7642.38,7850.0,621,45,0.1585,0.00621
2026-09-15 09:33:36,SPX,7606.77,7642.38,7360.0,3,223,0.2592,0.00621
2026-09-15 09:33:36,SPX,7606.77,7642.38,7855.0,226,1,0.1602,0.00621
2026-09-15 09:34:18,SPX,7604.25,7638.26,7605.0,369,727,0.1567,0.000733
2026-09-15 09:34:18,SPX,7604.25,7638.26,7600.0,1628,4377,0.1592,0.000733
2026-09-15 09:34:18,SPX,7604.25,7638.26,7610.0,407,1239,0.1552,0.000733
2026-09-15 09:34:18,SPX,7604.25,7638.26,7595.0,347,3640,0.1617,0.000733
2026-09-15 09:34:18,SPX,7604.25,7638.26,7615.0,397,2534,0.1535,0.000733
2026-09-15 09:34:18,SPX,7604.25,7638.26,7590.0,318,1495,0.1631,0.000733
2026-09-15 09:34:18,SPX,7604.25,7638.26,7620.0,1077,2661,0.1516,0.000733
2026-09-15 09:34:18,SPX,7604.25,7638.26,7585.0,219,1148,0.1666,0.000733
2026-09-15 09:34:18,SPX,7604.25,7638.26,7625.0,1051,2203,0.1504,0.000733
2026-09-15 09:34:18,SPX,7604.25,7638.26,7580.0,182,3113,0.1694,0.000733
2026-09-15 09:34:18,SPX,7604.25,7638.26,7630.0,1307,1454,0.1505,0.000733
2026-09-15 09:34:18,SPX,7604.25,7638.26,7575.0,142,2632,0.1729,0.000733
2026-09-15 09:34:18,SPX,7604.25,7638.26,7635.0,949,911,0.1505,0.000733
2026-09-15 09:34:18,SPX,7604.25,7638.26,7570.0,175,1632,0.1731,0.000733
2026-09-15 09:34:18,SPX,7604.25,7638.26,7640.0,1221,774,0.1512,0.000733
2026-09-15 09:34:18,SPX,7604.25,7638.26,7565.0,688,1156,0.1795,0.000733
2026-09-15 09:34:18,SPX,7604.25,7638.26,7645.0,905,360,0.1528,0.000733
2026-09-15 09:34:18,SPX,7604.25,7638.26,7560.0,655,1715,0.181,0.000733
2026-09-15 09:34:18,SPX,7604.25,7638.26,7650.0,2860,2876,0.155,0.000733
2026-09-15 09:34:18,SPX,7604.25,7638.26,7555.0,160,910,0.1855,0.000733
2026-09-15 09:34:18,SPX,7604.25,7638.26,7655.0,1499,374,0.1578,0.000733
2026-09-15 09:34:18,SPX,7604.25,7638.26,7550.0,117,4119,0.1905,0.000733
2026-09-15 09:34:18,SPX,7604.25,7638.26,7660.0,3439,498,0.1614,0.000733
2026-09-15 09:34:18,SPX,7604.25,7638.26,7545.0,22,976,0.1954,0.000733
2026-09-15 09:34:18,SPX,7604.25,7638.26,7665.0,2015,485,0.1653,0.000733
2026-09-15 09:34:18,SPX,7604.25,7638.26,7540.0,68,1297,0.1994,0.000733
2026-09-15 09:34:18,SPX,7604.25,7638.26,7670.0,2107,659,0.1697,0.000733
2026-09-15 09:34:18,SPX,7604.25,7638.26,7535.0,59,1994,0.2057,0.000733
2026-09-15 09:34:18,SPX,7604.25,7638.26,7675.0,4786,1606,0.1743,0.000733
2026-09-15 09:34:18,SPX,7604.25,7638.26,7530.0,60,3712,0.2109,0.000733
2026-09-15 09:34:18,SPX,7604.25,7638.26,7680.0,3240,555,0.1789,0.000733
2026-09-15 09:34:18,SPX,7604.25,7638.26,7525.0,131,2949,0.2162,0.000733
2026-09-15 09:34:18,SPX,7604.25,7638.26,7685.0,2362,813,0.1838,0.000733
2026-09-15 09:34:18,SPX,7604.25,7638.26,7520.0,64,2119,0.2198,0.000733
2026-09-15 09:34:18,SPX,7604.25,7638.26,7690.0,1579,427,0.1891,0.000733
2026-09-15 09:34:18,SPX,7604.25,7638.26,7515.0,33,1288,0.2243,0.000733
2026-09-15 09:34:18,SPX,7604.25,7638.26,7695.0,2022,164,0.1947,0.000733
2026-09-15 09:34:18,SPX,7604.25,7638.26,7510.0,37,2084,0.231,0.000733
2026-09-15 09:34:18,SPX,7604.25,7638.26,7700.0,4610,864,0.2006,0.000733
2026-09-15 09:34:18,SPX,7604.25,7638.26,7505.0,12,2186,0.2389,0.000733
2026-09-15 09:34:18,SPX,7604.25,7638.26,7705.0,1433,446,0.2068,0.000733
2026-09-15 09:34:18,SPX,7604.25,7638.26,7500.0,70,6429,0.2465,0.000733
2026-09-15 09:34:18,SPX,7604.25,7638.26,7710.0,2583,749,0.2131,0.000733
2026-09-15 09:34:18,SPX,7604.25,7638.26,7495.0,3,2086,0.2536,0.000733
2026-09-15 09:34:18,SPX,7604.25,7638.26,7715.0,2171,175,0.2198,0.000733
2026-09-15 09:34:18,SPX,7604.25,7638.26,7490.0,22,1425,0.2601,0.000733
2026-09-15 09:34:18,SPX,7604.25,7638.26,7720.0,1689,343,0.2266,0.000733
2026-09-15 09:34:18,SPX,7604.25,7638.26,7485.0,2,2340,0.2664,0.000733
2026-09-15 09:34:18,SPX,7604.25,7638.26,7725.0,7849,224,0.2335,0.000733
2026-09-15 09:34:18,SPX,7604.25,7638.26,7480.0,16,1328,0.2725,0.000733
2026-09-15 09:34:18,SPX,7604.25,7638.26,7730.0,1070,245,0.2403,0.000733
2026-09-15 09:34:18,SPX,7604.25,7638.26,7475.0,7,2599,0.2787,0.000733
2026-09-15 09:34:18,SPX,7604.25,7638.26,7735.0,1377,59,0.2469,0.000733
2026-09-15 09:34:18,SPX,7604.25,7638.26,7470.0,2,769,0.285,0.000733
2026-09-15 09:34:18,SPX,7604.25,7638.26,7740.0,974,87,0.253,0.000733
2026-09-15 09:34:18,SPX,7604.25,7638.26,7465.0,0,3434,0.2916,0.000733
2026-09-15 09:34:18,SPX,7604.25,7638.26,7745.0,1326,79,0.2587,0.000733
2026-09-15 09:34:18,SPX,7604.25,7638.26,7460.0,10,1810,0.2983,0.000733
2026-09-15 09:34:18,SPX,7604.25,7638.26,7750.0,2400,819,0.264,0.000733
2026-09-15 09:34:18,SPX,7604.25,7638.26,7455.0,14,427,0.3052,0.000733
2026-09-15 09:34:18,SPX,7604.25,7638.26,7755.0,652,51,0.2687,0.000733
2026-09-15 09:34:18,SPX,7604.25,7638.26,7450.0,12,4782,0.3123,0.000733
2026-09-15 09:34:18,SPX,7604.25,7638.26,7760.0,749,62,0.2726,0.000733
2026-09-15 09:34:18,SPX,7604.25,7638.26,7445.0,2,568,0.3195,0.000733
2026-09-15 09:34:18,SPX,7604.25,7638.26,7765.0,813,22,0.276,0.000733
2026-09-15 09:34:18,SPX,7604.25,7638.26,7440.0,34,1197,0.3267,0.000733
2026-09-15 09:34:18,SPX,7604.25,7638.26,7770.0,937,43,0.279,0.000733
2026-09-15 09:34:18,SPX,7604.25,7638.26,7435.0,0,3101,0.334,0.000733
2026-09-15 09:34:18,SPX,7604.25,7638.26,7775.0,1187,25,0.2815,0.000733
2026-09-15 09:34:18,SPX,7604.25,7638.26,7430.0,4,1433,0.3412,0.000733
2026-09-15 09:34:18,SPX,7604.25,7638.26,7780.0,1310,129,0.2836,0.000733
2026-09-15 09:34:18,SPX,7604.25,7638.26,7425.0,10,3151,0.3484,0.000733
2026-09-15 09:34:18,SPX,7604.25,7638.26,7785.0,4397,26,0.2854,0.000733
2026-09-15 09:34:18,SPX,7604.25,7638.26,7420.0,3,828,0.3555,0.000733
2026-09-15 09:34:18,SPX,7604.25,7638.26,7790.0,1945,83,0.2868,0.000733
2026-09-15 09:34:18,SPX,7604.25,7638.26,7415.0,0,511,0.3625,0.000733
2026-09-15 09:34:18,SPX,7604.25,7638.26,7795.0,398,1,0.2879,0.000733
2026-09-15 09:34:18,SPX,7604.25,7638.26,7410.0,32,660,0.3695,0.000733
2026-09-15 09:34:18,SPX,7604.25,7638.26,7800.0,2963,70,0.2887,0.000733
2026-09-15 09:34:18,SPX,7604.25,7638.26,7405.0,0,268,0.3765,0.000733
2026-09-15 09:34:18,SPX,7604.25,7638.26,7805.0,836,9,0.2892,0.000733
2026-09-15 09:34:18,SPX,7604.25,7638.26,7400.0,14,3697,0.3836,0.000733
2026-09-15 09:34:18,SPX,7604.25,7638.26,7810.0,1015,7,0.2896,0.000733
2026-09-15 09:34:18,SPX,7604.25,7638.26,7395.0,0,298,0.3907,0.000733
2026-09-15 09:34:18,SPX,7604.25,7638.26,7815.0,559,3,0.2897,0.000733
2026-09-15 09:34:18,SPX,7604.25,7638.26,7390.0,1,488,0.398,0.000733
2026-09-15 09:34:18,SPX,7604.25,7638.26,7820.0,731,19,0.2896,0.000733
2026-09-15 09:34:18,SPX,7604.25,7638.26,7385.0,0,1903,0.4053,0.000733
2026-09-15 09:34:18,SPX,7604.25,7638.26,7825.0,2294,50,0.2894,0.000733
2026-09-15 09:34:18,SPX,7604.25,7638.26,7380.0,2,2659,0.4128,0.000733
2026-09-15 09:34:18,SPX,7604.25,7638.26,7830.0,1760,3,0.289,0.000733
2026-09-15 09:34:18,SPX,7604.25,7638.26,7375.0,22,575,0.4205,0.000733
2026-09-15 09:34:18,SPX,7604.25,7638.26,7835.0,453,0,0.2884,0.000733
2026-09-15 09:34:18,SPX,7604.25,7638.26,7370.0,1,1752,0.4283,0.000733
2026-09-15 09:34:18,SPX,7604.25,7638.26,7840.0,485,8,0.2877,0.000733
2026-09-15 09:34:18,SPX,7604.25,7638.26,7365.0,10,4516,0.4363,0.000733
2026-09-15 09:34:18,SPX,7604.25,7638.26,7845.0,439,1,0.2869,0.000733
2026-09-15 09:34:18,SPX,7604.25,7638.26,7360.0,26,625,0.4443,0.000733
2026-09-15 09:34:18,SPX,7604.25,7638.26,7850.0,736,39,0.2861,0.000733
2026-09-15 09:34:18,SPX,7604.25,7638.26,7355.0,0,285,0.4527,0.000733
2026-09-15 09:34:18,SPX,7604.25,7638.26,7605.0,181,231,0.179,0.003471
2026-09-15 09:34:18,SPX,7604.25,7638.26,7600.0,708,2728,0.181,0.003471
2026-09-15 09:34:18,SPX,7604.25,7638.26,7610.0,120,528,0.1766,0.003471
2026-09-15 09:34:18,SPX,7604.25,7638.26,7595.0,109,539,0.1824,0.003471
2026-09-15 09:34:18,SPX,7604.25,7638.26,7615.0,179,188,0.1758,0.003471
2026-09-15 09:34:18,SPX,7604.25,7638.26,7590.0,105,464,0.1835,0.003471
2026-09-15 09:34:18,SPX,7604.25,7638.26,7620.0,221,316,0.1741,0.003471
2026-09-15 09:34:18,SPX,7604.25,7638.26,7585.0,138,528,0.1848,0.003471
2026-09-15 09:34:18,SPX,7604.25,7638.26,7625.0,219,3446,0.1725,0.003471
2026-09-15 09:34:18,SPX,7604.25,7638.26,7580.0,99,709,0.1869,0.003471
2026-09-15 09:34:18,SPX,7604.25,7638.26,7630.0,316,396,0.1708,0.003471
2026-09-15 09:34:18,SPX,7604.25,7638.26,7575.0,74,685,0.1891,0.003471
2026-09-15 09:34:18,SPX,7604.25,7638.26,7635.0,246,549,0.1697,0.003471
2026-09-15 09:34:18,SPX,7604.25,7638.26,7570.0,48,829,0.191,0.003471
2026-09-15 09:34:18,SPX,7604.25,7638.26,7640.0,297,292,0.1687,0.003471
2026-09-15 09:34:18,SPX,7604.25,7638.26,7565.0,17,272,0.1925,0.003471
2026-09-15 09:34:18,SPX,7604.25,7638.26,7645.0,166,464,0.1674,0.003471
2026-09-15 09:34:18,SPX,7604.25,7638.26,7560.0,49,506,0.1936,0.003471
2026-09-15 09:34:18,SPX,7604.25,7638.26,7650.0,4112,4427,0.1659,0.003471
2026-09-15 09:34:18,SPX,7604.25,7638.26,7555.0,51,301,0.1949,0.003471
2026-09-15 09:34:18,SPX,7604.25,7638.26,7655.0,166,786,0.1643,0.003471
2026-09-15 09:34:18,SPX,7604.25,7638.26,7550.0,91,1255,0.1966,0.003471
2026-09-15 09:34:18,SPX,7604.25,7638.26,7660.0,415,261,0.1627,0.003471
2026-09-15 09:34:18,SPX,7604.25,7638.26,7545.0,13,400,0.199,0.003471
2026-09-15 09:34:18,SPX,7604.25,7638.26,7665.0,242,282,0.1611,0.003471
2026-09-15 09:34:18,SPX,7604.25,7638.26,7540.0,38,700,0.1998,0.003471
2026-09-15 09:34:18,SPX,7604.25,7638.26,7670.0,476,497,0.1598,0.003471
2026-09-15 09:34:18,SPX,7604.25,7638.26,7535.0,30,338,0.2017,0.003471
2026-09-15 09:34:18,SPX,7604.25,7638.26,7675.0,3673,996,0.1587,0.003471
2026-09-15 09:34:18,SPX,7604.25,7638.26,7530.0,27,446,0.2035,0.003471
2026-09-15 09:34:18,SPX,7604.25,7638.26,7680.0,696,901,0.1577,0.003471
2026-09-15 09:34:18,SPX,7604.25,7638.26,7525.0,24,2555,0.2054,0.003471
2026-09-15 09:34:18,SPX,7604.25,7638.26,7685.0,1005,237,0.1568,0.003471
2026-09-15 09:34:18,SPX,7604.25,7638.26,7520.0,37,1073,0.2074,0.003471
2026-09-15 09:34:18,SPX,7604.25,7638.26,7690.0,493,125,0.156,0.003471
2026-09-15 09:34:18,SPX,7604.25,7638.26,7515.0,43,329,0.2095,0.003471
2026-09-15 09:34:18,SPX,7604.25,7638.26,7695.0,392,112,0.1551,0.003471
2026-09-15 09:34:18,SPX,7604.25,7638.26,7510.0,51,518,0.2113,0.003471
2026-09-15 09:34:18,SPX,7604.25,7638.26,7700.0,1586,807,0.1542,0.003471
2026-09-15 09:34:18,SPX,7604.25,7638.26,7505.0,39,354,0.2128,0.003471
2026-09-15 09:34:18,SPX,7604.25,7638.26,7705.0,458,2049,0.1533,0.003471
2026-09-15 09:34:18,SPX,7604.25,7638.26,7500.0,39,2795,0.2144,0.003471
2026-09-15 09:34:18,SPX,7604.25,7638.26,7710.0,938,121,0.1524,0.003471
2026-09-15 09:34:18,SPX,7604.25,7638.26,7495.0,0,249,0.2161,0.003471
2026-09-15 09:34:18,SPX,7604.25,7638.26,7715.0,439,1316,0.1517,0.003471
2026-09-15 09:34:18,SPX,7604.25,7638.26,7490.0,0,396,0.2177,0.003471
2026-09-15 09:34:18,SPX,7604.25,7638.26,7720.0,456,60,0.1511,0.003471
2026-09-15 09:34:18,SPX,7604.25,7638.26,7485.0,2,229,0.2194,0.003471
2026-09-15 09:34:18,SPX,7604.25,7638.26,7725.0,1340,110,0.1506,0.003471
2026-09-15 09:34:18,SPX,7604.25,7638.26,7480.0,7,493,0.2212,0.003471
2026-09-15 09:34:18,SPX,7604.25,7638.26,7730.0,2856,2056,0.1504,0.003471
2026-09-15 09:34:18,SPX,7604.25,7638.26,7475.0,25,1133,0.223,0.003471
2026-09-15 09:34:18,SPX,7604.25,7638.26,7735.0,662,23,0.1503,0.003471
2026-09-15 09:34:18,SPX,7604.25,7638.26,7470.0,26,856,0.225,0.003471
2026-09-15 09:34:18,SPX,7604.25,7638.26,7740.0,2013,1352,0.1505,0.003471
2026-09-15 09:34:18,SPX,7604.25,7638.26,7465.0,0,510,0.2271,0.003471
2026-09-15 09:34:18,SPX,7604.25,7638.26,7745.0,733,146,0.1509,0.003471
2026-09-15 09:34:18,SPX,7604.25,7638.26,7460.0,25,536,0.2292,0.003471
2026-09-15 09:34:18,SPX,7604.25,7638.26,7750.0,1605,299,0.1515,0.003471
2026-09-15 09:34:18,SPX,7604.25,7638.26,7455.0,1,219,0.2314,0.003471
2026-09-15 09:34:18,SPX,7604.25,7638.26,7755.0,2979,33,0.1524,0.003471
2026-09-15 09:34:18,SPX,7604.25,7638.26,7450.0,4,963,0.2336,0.003471
2026-09-15 09:34:18,SPX,7604.25,7638.26,7760.0,502,60,0.1535,0.003471
2026-09-15 09:34:18,SPX,7604.25,7638.26,7445.0,0,190,0.2358,0.003471
2026-09-15 09:34:18,SPX,7604.25,7638.26,7765.0,1830,27,0.1549,0.003471
2026-09-15 09:34:18,SPX,7604.25,7638.26,7440.0,3,235,0.2381,0.003471
2026-09-15 09:34:18,SPX,7604.25,7638.26,7770.0,1017,30,0.1564,0.003471
2026-09-15 09:34:18,SPX,7604.25,7638.26,7435.0,3,170,0.2404,0.003471
2026-09-15 09:34:18,SPX,7604.25,7638.26,7775.0,1252,62,0.1582,0.003471
2026-09-15 09:34:18,SPX,7604.25,7638.26,7430.0,3,207,0.2426,0.003471
2026-09-15 09:34:18,SPX,7604.25,7638.26,7780.0,954,32,0.1601,0.003471
2026-09-15 09:34:18,SPX,7604.25,7638.26,7425.0,9,413,0.2449,0.003471
2026-09-15 09:34:18,SPX,7604.25,7638.26,7785.0,381,280,0.1621,0.003471
2026-09-15 09:34:18,SPX,7604.25,7638.26,7420.0,1,743,0.2472,0.003471
2026-09-15 09:34:18,SPX,7604.25,7638.26,7790.0,3000,24,0.1643,0.003471
2026-09-15 09:34:18,SPX,7604.25,7638.26,7415.0,1,1153,0.2496,0.003471
2026-09-15 09:34:18,SPX,7604.25,7638.26,7795.0,380,13,0.1666,0.003471
2026-09-15 09:34:18,SPX,7604.25,7638.26,7410.0,1,414,0.252,0.003471
2026-09-15 09:34:18,SPX,7604.25,7638.26,7800.0,2907,50,0.169,0.003471
2026-09-15 09:34:18,SPX,7604.25,7638.26,7405.0,5,328,0.2544,0.003471
2026-09-15 09:34:18,SPX,7604.25,7638.26,7805.0,1757,2,0.1716,0.003471
2026-09-15 09:34:18,SPX,7604.25,7638.26,7400.0,56,2707,0.2569,0.003471
2026-09-15 09:34:18,SPX,7604.25,7638.26,7810.0,529,32,0.1742,0.003471
2026-09-15 09:34:18,SPX,7604.25,7638.26,7395.0,0,1474,0.2594,0.003471
2026-09-15 09:34:18,SPX,7604.25,7638.26,7815.0,461,4,0.1769,0.003471
2026-09-15 09:34:18,SPX,7604.25,7638.26,7390.0,30,6437,0.2621,0.003471
2026-09-15 09:34:18,SPX,7604.25,7638.26,7820.0,1308,62,0.1797,0.003471
2026-09-15 09:34:18,SPX,7604.25,7638.26,7385.0,1,253,0.2648,0.003471
2026-09-15 09:34:18,SPX,7604.25,7638.26,7825.0,1101,42,0.1826,0.003471
2026-09-15 09:34:18,SPX,7604.25,7638.26,7380.0,1,6484,0.2675,0.003471
2026-09-15 09:34:18,SPX,7604.25,7638.26,7830.0,592,128,0.1856,0.003471
2026-09-15 09:34:18,SPX,7604.25,7638.26,7375.0,0,499,0.2703,0.003471
2026-09-15 09:34:18,SPX,7604.25,7638.26,7835.0,372,30,0.1887,0.003471
2026-09-15 09:34:18,SPX,7604.25,7638.26,7370.0,24,209,0.2732,0.003471
2026-09-15 09:34:18,SPX,7604.25,7638.26,7840.0,516,1,0.1918,0.003471
2026-09-15 09:34:18,SPX,7604.25,7638.26,7365.0,0,311,0.2762,0.003471
2026-09-15 09:34:18,SPX,7604.25,7638.26,7845.0,248,1,0.195,0.003471
2026-09-15 09:34:18,SPX,7604.25,7638.26,7360.0,2,445,0.2792,0.003471
2026-09-15 09:34:18,SPX,7604.25,7638.26,7850.0,1278,123,0.1983,0.003471
2026-09-15 09:34:18,SPX,7604.25,7638.26,7355.0,0,177,0.2823,0.003471
2026-09-15 09:34:18,SPX,7604.25,7638.26,7605.0,174,143,0.1754,0.006209
2026-09-15 09:34:18,SPX,7604.25,7638.26,7600.0,169,1835,0.1766,0.006209
2026-09-15 09:34:18,SPX,7604.25,7638.26,7610.0,133,353,0.1736,0.006209
2026-09-15 09:34:18,SPX,7604.25,7638.26,7595.0,129,389,0.1781,0.006209
2026-09-15 09:34:18,SPX,7604.25,7638.26,7615.0,144,109,0.1721,0.006209
2026-09-15 09:34:18,SPX,7604.25,7638.26,7590.0,77,210,0.1798,0.006209
2026-09-15 09:34:18,SPX,7604.25,7638.26,7620.0,125,190,0.1706,0.006209
2026-09-15 09:34:18,SPX,7604.25,7638.26,7585.0,56,235,0.181,0.006209
2026-09-15 09:34:18,SPX,7604.25,7638.26,7625.0,190,625,0.1687,0.006209
2026-09-15 09:34:18,SPX,7604.25,7638.26,7580.0,220,604,0.1824,0.006209
2026-09-15 09:34:18,SPX,7604.25,7638.26,7630.0,152,296,0.1679,0.006209
2026-09-15 09:34:18,SPX,7604.25,7638.26,7575.0,67,350,0.1838,0.006209
2026-09-15 09:34:18,SPX,7604.25,7638.26,7635.0,132,172,0.1656,0.006209
2026-09-15 09:34:18,SPX,7604.25,7638.26,7570.0,88,153,0.1853,0.006209
2026-09-15 09:34:18,SPX,7604.25,7638.26,7640.0,105,218,0.1643,0.006209
2026-09-15 09:34:18,SPX,7604.25,7638.26,7565.0,76,116,0.187,0.006209
2026-09-15 09:34:18,SPX,7604.25,7638.26,7645.0,179,150,0.163,0.006209
2026-09-15 09:34:18,SPX,7604.25,7638.26,7560.0,59,278,0.1889,0.006209
2026-09-15 09:34:18,SPX,7604.25,7638.26,7650.0,289,3384,0.1617,0.006209
2026-09-15 09:34:18,SPX,7604.25,7638.26,7555.0,50,195,0.1907,0.006209
2026-09-15 09:34:18,SPX,7604.25,7638.26,7655.0,261,193,0.1603,0.006209
2026-09-15 09:34:18,SPX,7604.25,7638.26,7550.0,81,474,0.1925,0.006209
2026-09-15 09:34:18,SPX,7604.25,7638.26,7660.0,410,256,0.159,0.006209
2026-09-15 09:34:18,SPX,7604.25,7638.26,7545.0,74,134,0.194,0.006209
2026-09-15 09:34:18,SPX,7604.25,7638.26,7665.0,144,136,0.1578,0.006209
2026-09-15 09:34:18,SPX,7604.25,7638.26,7540.0,20,581,0.1954,0.006209
2026-09-15 09:34:18,SPX,7604.25,7638.26,7670.0,822,544,0.1567,0.006209
2026-09-15 09:34:18,SPX,7604.25,7638.26,7535.0,12,248,0.1969,0.006209
2026-09-15 09:34:18,SPX,7604.25,7638.26,7675.0,3893,3939,0.1558,0.006209
2026-09-15 09:34:18,SPX,7604.25,7638.26,7530.0,13,266,0.1983,0.006209
2026-09-15 09:34:18,SPX,7604.25,7638.26,7680.0,658,171,0.155,0.006209
2026-09-15 09:34:18,SPX,7604.25,7638.26,7525.0,31,444,0.1998,0.006209
2026-09-15 09:34:18,SPX,7604.25,7638.26,7685.0,147,65,0.1539,0.006209
2026-09-15 09:34:18,SPX,7604.25,7638.26,7520.0,3,290,0.2012,0.006209
2026-09-15 09:34:18,SPX,7604.25,7638.26,7690.0,492,304,0.1524,0.006209
2026-09-15 09:34:18,SPX,7604.25,7638.26,7515.0,9,179,0.2027,0.006209
2026-09-15 09:34:18,SPX,7604.25,7638.26,7695.0,191,205,0.1511,0.006209
2026-09-15 09:34:18,SPX,7604.25,7638.26,7510.0,55,274,0.2043,0.006209
2026-09-15 09:34:18,SPX,7604.25,7638.26,7700.0,3694,295,0.1502,0.006209
2026-09-15 09:34:18,SPX,7604.25,7638.26,7505.0,21,120,0.206,0.006209
2026-09-15 09:34:18,SPX,7604.25,7638.26,7705.0,530,158,0.1495,0.006209
2026-09-15 09:34:18,SPX,7604.25,7638.26,7500.0,76,1593,0.2077,0.006209
2026-09-15 09:34:18,SPX,7604.25,7638.26,7710.0,321,137,0.1486,0.006209
2026-09-15 09:34:18,SPX,7604.25,7638.26,7495.0,4,96,0.2094,0.006209
2026-09-15 09:34:18,SPX,7604.25,7638.26,7715.0,217,167,0.1475,0.006209
2026-09-15 09:34:18,SPX,7604.25,7638.26,7490.0,4,291,0.2111,0.006209
2026-09-15 09:34:18,SPX,7604.25,7638.26,7720.0,290,119,0.1463,0.006209
2026-09-15 09:34:18,SPX,7604.25,7638.26,7485.0,0,122,0.2129,0.006209
2026-09-15 09:34:18,SPX,7604.25,7638.26,7725.0,881,155,0.145,0.006209
2026-09-15 09:34:18,SPX,7604.25,7638.26,7480.0,32,239,0.2145,0.006209
2026-09-15 09:34:18,SPX,7604.25,7638.26,7730.0,496,116,0.1439,0.006209
2026-09-15 09:34:18,SPX,7604.25,7638.26,7475.0,4,257,0.2162,0.006209
2026-09-15 09:34:18,SPX,7604.25,7638.26,7735.0,474,36,0.143,0.006209
2026-09-15 09:34:18,SPX,7604.25,7638.26,7470.0,31,706,0.218,0.006209
2026-09-15 09:34:18,SPX,7604.25,7638.26,7740.0,601,119,0.1423,0.006209
2026-09-15 09:34:18,SPX,7604.25,7638.26,7465.0,3,62,0.2197,0.006209
2026-09-15 09:34:18,SPX,7604.25,7638.26,7745.0,306,28,0.1419,0.006209
2026-09-15 09:34:18,SPX,7604.25,7638.26,7460.0,1,471,0.2214,0.006209
2026-09-15 09:34:18,SPX,7604.25,7638.26,7750.0,990,167,0.1418,0.006209
2026-09-15 09:34:18,SPX,7604.25,7638.26,7455.0,0,119,0.2231,0.006209
2026-09-15 09:34:18,SPX,7604.25,7638.26,7755.0,247,31,0.1418,0.006209
2026-09-15 09:34:18,SPX,7604.25,7638.26,7450.0,36,2980,0.2248,0.006209
2026-09-15 09:34:18,SPX,7604.25,7638.26,7760.0,646,97,0.1419,0.006209
2026-09-15 09:34:18,SPX,7604.25,7638.26,7445.0,0,135,0.2265,0.006209
2026-09-15 09:34:18,SPX,7604.25,7638.26,7765.0,200,43,0.1421,0.006209
2026-09-15 09:34:18,SPX,7604.25,7638.26,7440.0,7,483,0.2282,0.006209
2026-09-15 09:34:18,SPX,7604.25,7638.26,7770.0,1265,63,0.1425,0.006209
2026-09-15 09:34:18,SPX,7604.25,7638.26,7435.0,0,112,0.2299,0.006209
2026-09-15 09:34:18,SPX,7604.25,7638.26,7775.0,861,57,0.1429,0.006209
2026-09-15 09:34:18,SPX,7604.25,7638.26,7430.0,2,261,0.2316,0.006209
2026-09-15 09:34:18,SPX,7604.25,7638.26,7780.0,462,39,0.1434,0.006209
2026-09-15 09:34:18,SPX,7604.25,7638.26,7425.0,0,1625,0.2333,0.006209
2026-09-15 09:34:18,SPX,7604.25,7638.26,7785.0,265,9,0.1439,0.006209
2026-09-15 09:34:18,SPX,7604.25,7638.26,7420.0,26,1343,0.2351,0.006209
2026-09-15 09:34:18,SPX,7604.25,7638.26,7790.0,349,25,0.1446,0.006209
2026-09-15 09:34:18,SPX,7604.25,7638.26,7415.0,0,135,0.2369,0.006209
2026-09-15 09:34:18,SPX,7604.25,7638.26,7795.0,399,5,0.1453,0.006209
2026-09-15 09:34:18,SPX,7604.25,7638.26,7410.0,1,167,0.2387,0.006209
2026-09-15 09:34:18,SPX,7604.25,7638.26,7800.0,3010,91,0.1461,0.006209
2026-09-15 09:34:18,SPX,7604.25,7638.26,7405.0,0,98,0.2406,0.006209
2026-09-15 09:34:18,SPX,7604.25,7638.26,7805.0,1854,3,0.1469,0.006209
2026-09-15 09:34:18,SPX,7604.25,7638.26,7400.0,9,976,0.2425,0.006209
2026-09-15 09:34:18,SPX,7604.25,7638.26,7810.0,485,4,0.1479,0.006209
2026-09-15 09:34:18,SPX,7604.25,7638.26,7395.0,0,86,0.2444,0.006209
2026-09-15 09:34:18,SPX,7604.25,7638.26,7815.0,405,2,0.1489,0.006209
2026-09-15 09:34:18,SPX,7604.25,7638.26,7390.0,0,296,0.2464,0.006209
2026-09-15 09:34:18,SPX,7604.25,7638.26,7820.0,319,16,0.15,0.006209
2026-09-15 09:34:18,SPX,7604.25,7638.26,7385.0,1,82,0.2484,0.006209
2026-09-15 09:34:18,SPX,7604.25,7638.26,7825.0,716,61,0.1512,0.006209
2026-09-15 09:34:18,SPX,7604.25,7638.26,7380.0,30,179,0.2505,0.006209
2026-09-15 09:34:18,SPX,7604.25,7638.26,7830.0,485,3,0.1525,0.006209
2026-09-15 09:34:18,SPX,7604.25,7638.26,7375.0,5,243,0.2526,0.006209
2026-09-15 09:34:18,SPX,7604.25,7638.26,7835.0,483,0,0.1539,0.006209
2026-09-15 09:34:18,SPX,7604.25,7638.26,7370.0,30,169,0.2548,0.006209
2026-09-15 09:34:18,SPX,7604.25,7638.26,7840.0,367,25,0.1553,0.006209
2026-09-15 09:34:18,SPX,7604.25,7638.26,7365.0,0,55,0.257,0.006209
2026-09-15 09:34:18,SPX,7604.25,7638.26,7845.0,393,0,0.1569,0.006209
2026-09-15 09:34:18,SPX,7604.25,7638.26,7360.0,3,223,0.2592,0.006209
2026-09-15 09:34:18,SPX,7604.25,7638.26,7850.0,621,45,0.1585,0.006209
2026-09-15 09:34:18,SPX,7604.25,7638.26,7355.0,0,61,0.2615,0.006209
2026-09-15 10:04:00,SPX,7603.18,7637.0,7605.0,369,727,0.1362,0.000677
2026-09-15 10:04:00,SPX,7603.18,7637.0,7600.0,1628,4377,0.1383,0.000677
2026-09-15 10:04:00,SPX,7603.18,7637.0,7610.0,407,1239,0.1347,0.000677
2026-09-15 10:04:00,SPX,7603.18,7637.0,7595.0,347,3640,0.1415,0.000677
2026-09-15 10:04:00,SPX,7603.18,7637.0,7615.0,397,2534,0.1333,0.000677
2026-09-15 10:04:00,SPX,7603.18,7637.0,7590.0,318,1495,0.1444,0.000677
2026-09-15 10:04:00,SPX,7603.18,7637.0,7620.0,1077,2661,0.1332,0.000677
2026-09-15 10:04:00,SPX,7603.18,7637.0,7585.0,219,1148,0.148,0.000677
2026-09-15 10:04:00,SPX,7603.18,7637.0,7625.0,1051,2203,0.1327,0.000677
2026-09-15 10:04:00,SPX,7603.18,7637.0,7580.0,182,3113,0.1525,0.000677
2026-09-15 10:04:00,SPX,7603.18,7637.0,7630.0,1307,1454,0.1336,0.000677
2026-09-15 10:04:00,SPX,7603.18,7637.0,7575.0,142,2632,0.1564,0.000677
2026-09-15 10:04:00,SPX,7603.18,7637.0,7635.0,949,911,0.135,0.000677
2026-09-15 10:04:00,SPX,7603.18,7637.0,7570.0,175,1632,0.1611,0.000677
2026-09-15 10:04:00,SPX,7603.18,7637.0,7640.0,1221,774,0.1366,0.000677
2026-09-15 10:04:00,SPX,7603.18,7637.0,7565.0,688,1156,0.1665,0.000677
2026-09-15 10:04:00,SPX,7603.18,7637.0,7645.0,905,360,0.1391,0.000677
2026-09-15 10:04:00,SPX,7603.18,7637.0,7560.0,655,1715,0.171,0.000677
2026-09-15 10:04:00,SPX,7603.18,7637.0,7650.0,2860,2876,0.1425,0.000677
2026-09-15 10:04:00,SPX,7603.18,7637.0,7555.0,160,910,0.1766,0.000677
2026-09-15 10:04:00,SPX,7603.18,7637.0,7655.0,1499,374,0.1471,0.000677
2026-09-15 10:04:00,SPX,7603.18,7637.0,7550.0,117,4119,0.1813,0.000677
2026-09-15 10:04:00,SPX,7603.18,7637.0,7660.0,3439,498,0.1527,0.000677
2026-09-15 10:04:00,SPX,7603.18,7637.0,7545.0,22,976,0.19,0.000677
2026-09-15 10:04:00,SPX,7603.18,7637.0,7665.0,2015,485,0.1586,0.000677
2026-09-15 10:04:00,SPX,7603.18,7637.0,7540.0,68,1297,0.1941,0.000677
2026-09-15 10:04:00,SPX,7603.18,7637.0,7670.0,2107,659,0.1641,0.000677
2026-09-15 10:04:00,SPX,7603.18,7637.0,7535.0,59,1994,0.1993,0.000677
2026-09-15 10:04:00,SPX,7603.18,7637.0,7675.0,4786,1606,0.1693,0.000677
2026-09-15 10:04:00,SPX,7603.18,7637.0,7530.0,60,3712,0.2094,0.000677
2026-09-15 10:04:00,SPX,7603.18,7637.0,7680.0,3240,555,0.1746,0.000677
2026-09-15 10:04:00,SPX,7603.18,7637.0,7525.0,131,2949,0.2148,0.000677
2026-09-15 10:04:00,SPX,7603.18,7637.0,7685.0,2362,813,0.1803,0.000677
2026-09-15 10:04:00,SPX,7603.18,7637.0,7520.0,64,2119,0.2214,0.000677
2026-09-15 10:04:00,SPX,7603.18,7637.0,7690.0,1579,427,0.1865,0.000677
2026-09-15 10:04:00,SPX,7603.18,7637.0,7515.0,33,1288,0.2275,0.000677
2026-09-15 10:04:00,SPX,7603.18,7637.0,7695.0,2022,164,0.193,0.000677
2026-09-15 10:04:00,SPX,7603.18,7637.0,7510.0,37,2084,0.2322,0.000677
2026-09-15 10:04:00,SPX,7603.18,7637.0,7700.0,4610,864,0.2,0.000677
2026-09-15 10:04:00,SPX,7603.18,7637.0,7505.0,12,2186,0.2389,0.000677
2026-09-15 10:04:00,SPX,7603.18,7637.0,7705.0,1433,446,0.2074,0.000677
2026-09-15 10:04:00,SPX,7603.18,7637.0,7500.0,70,6429,0.247,0.000677
2026-09-15 10:04:00,SPX,7603.18,7637.0,7710.0,2583,749,0.2151,0.000677
2026-09-15 10:04:00,SPX,7603.18,7637.0,7495.0,3,2086,0.2548,0.000677
2026-09-15 10:04:00,SPX,7603.18,7637.0,7715.0,2171,175,0.2231,0.000677
2026-09-15 10:04:00,SPX,7603.18,7637.0,7490.0,22,1425,0.2626,0.000677
2026-09-15 10:04:00,SPX,7603.18,7637.0,7720.0,1689,343,0.231,0.000677
2026-09-15 10:04:00,SPX,7603.18,7637.0,7485.0,2,2340,0.2707,0.000677
2026-09-15 10:04:00,SPX,7603.18,7637.0,7725.0,7849,224,0.2388,0.000677
2026-09-15 10:04:00,SPX,7603.18,7637.0,7480.0,16,1328,0.279,0.000677
2026-09-15 10:04:00,SPX,7603.18,7637.0,7730.0,1070,245,0.2463,0.000677
2026-09-15 10:04:00,SPX,7603.18,7637.0,7475.0,7,2599,0.2869,0.000677
2026-09-15 10:04:00,SPX,7603.18,7637.0,7735.0,1377,59,0.2534,0.000677
2026-09-15 10:04:00,SPX,7603.18,7637.0,7470.0,2,769,0.2944,0.000677
2026-09-15 10:04:00,SPX,7603.18,7637.0,7740.0,974,87,0.2599,0.000677
2026-09-15 10:04:00,SPX,7603.18,7637.0,7465.0,0,3434,0.3016,0.000677
2026-09-15 10:04:00,SPX,7603.18,7637.0,7745.0,1326,79,0.266,0.000677
2026-09-15 10:04:00,SPX,7603.18,7637.0,7460.0,10,1810,0.3084,0.000677
2026-09-15 10:04:00,SPX,7603.18,7637.0,7750.0,2400,819,0.2715,0.000677
2026-09-15 10:04:00,SPX,7603.18,7637.0,7455.0,14,427,0.3153,0.000677
2026-09-15 10:04:00,SPX,7603.18,7637.0,7755.0,652,51,0.2765,0.000677
2026-09-15 10:04:00,SPX,7603.18,7637.0,7450.0,12,4782,0.3222,0.000677
2026-09-15 10:04:00,SPX,7603.18,7637.0,7760.0,749,62,0.2809,0.000677
2026-09-15 10:04:00,SPX,7603.18,7637.0,7445.0,2,568,0.3292,0.000677
2026-09-15 10:04:00,SPX,7603.18,7637.0,7765.0,813,22,0.2847,0.000677
2026-09-15 10:04:00,SPX,7603.18,7637.0,7440.0,34,1197,0.3362,0.000677
2026-09-15 10:04:00,SPX,7603.18,7637.0,7770.0,937,43,0.2879,0.000677
2026-09-15 10:04:00,SPX,7603.18,7637.0,7435.0,0,3101,0.3432,0.000677
2026-09-15 10:04:00,SPX,7603.18,7637.0,7775.0,1187,25,0.2907,0.000677
2026-09-15 10:04:00,SPX,7603.18,7637.0,7430.0,4,1433,0.3501,0.000677
2026-09-15 10:04:00,SPX,7603.18,7637.0,7780.0,1310,129,0.293,0.000677
2026-09-15 10:04:00,SPX,7603.18,7637.0,7425.0,10,3151,0.3572,0.000677
2026-09-15 10:04:00,SPX,7603.18,7637.0,7785.0,4397,26,0.2949,0.000677
2026-09-15 10:04:00,SPX,7603.18,7637.0,7420.0,3,828,0.3643,0.000677
2026-09-15 10:04:00,SPX,7603.18,7637.0,7790.0,1945,83,0.2965,0.000677
2026-09-15 10:04:00,SPX,7603.18,7637.0,7415.0,0,511,0.3716,0.000677
2026-09-15 10:04:00,SPX,7603.18,7637.0,7795.0,398,1,0.2977,0.000677
2026-09-15 10:04:00,SPX,7603.18,7637.0,7410.0,32,660,0.3792,0.000677
2026-09-15 10:04:00,SPX,7603.18,7637.0,7800.0,2963,70,0.2986,0.000677
2026-09-15 10:04:00,SPX,7603.18,7637.0,7405.0,0,268,0.387,0.000677
2026-09-15 10:04:00,SPX,7603.18,7637.0,7805.0,836,9,0.2993,0.000677
2026-09-15 10:04:00,SPX,7603.18,7637.0,7400.0,14,3697,0.3951,0.000677
2026-09-15 10:04:00,SPX,7603.18,7637.0,7810.0,1015,7,0.2997,0.000677
2026-09-15 10:04:00,SPX,7603.18,7637.0,7395.0,0,298,0.4034,0.000677
2026-09-15 10:04:00,SPX,7603.18,7637.0,7815.0,559,3,0.2999,0.000677
2026-09-15 10:04:00,SPX,7603.18,7637.0,7390.0,1,488,0.4119,0.000677
2026-09-15 10:04:00,SPX,7603.18,7637.0,7820.0,731,19,0.2999,0.000677
2026-09-15 10:04:00,SPX,7603.18,7637.0,7385.0,0,1903,0.4204,0.000677
2026-09-15 10:04:00,SPX,7603.18,7637.0,7825.0,2294,50,0.2997,0.000677
2026-09-15 10:04:00,SPX,7603.18,7637.0,7380.0,2,2659,0.4289,0.000677
2026-09-15 10:04:00,SPX,7603.18,7637.0,7830.0,1760,3,0.2993,0.000677
2026-09-15 10:04:00,SPX,7603.18,7637.0,7375.0,22,575,0.4374,0.000677
2026-09-15 10:04:00,SPX,7603.18,7637.0,7835.0,453,0,0.2988,0.000677
2026-09-15 10:04:00,SPX,7603.18,7637.0,7370.0,1,1752,0.4458,0.000677
2026-09-15 10:04:00,SPX,7603.18,7637.0,7840.0,485,8,0.2982,0.000677
2026-09-15 10:04:00,SPX,7603.18,7637.0,7365.0,10,4516,0.4542,0.000677
2026-09-15 10:04:00,SPX,7603.18,7637.0,7845.0,439,1,0.2974,0.000677
2026-09-15 10:04:00,SPX,7603.18,7637.0,7360.0,26,625,0.4624,0.000677
2026-09-15 10:04:00,SPX,7603.18,7637.0,7850.0,736,39,0.2966,0.000677
2026-09-15 10:04:00,SPX,7603.18,7637.0,7355.0,0,285,0.4707,0.000677
2026-09-15 10:04:00,SPX,7603.18,7637.0,7605.0,181,231,0.1721,0.003415
2026-09-15 10:04:00,SPX,7603.18,7637.0,7600.0,708,2728,0.1742,0.003415
2026-09-15 10:04:00,SPX,7603.18,7637.0,7610.0,120,528,0.1711,0.003415
2026-09-15 10:04:00,SPX,7603.18,7637.0,7595.0,109,539,0.176,0.003415
2026-09-15 10:04:00,SPX,7603.18,7637.0,7615.0,179,188,0.1693,0.003415
2026-09-15 10:04:00,SPX,7603.18,7637.0,7590.0,105,464,0.1778,0.003415
2026-09-15 10:04:00,SPX,7603.18,7637.0,7620.0,221,316,0.1679,0.003415
2026-09-15 10:04:00,SPX,7603.18,7637.0,7585.0,138,528,0.1791,0.003415
2026-09-15 10:04:00,SPX,7603.18,7637.0,7625.0,219,3446,0.1662,0.003415
2026-09-15 10:04:00,SPX,7603.18,7637.0,7580.0,99,709,0.1802,0.003415
2026-09-15 10:04:00,SPX,7603.18,7637.0,7630.0,316,396,0.1647,0.003415
2026-09-15 10:04:00,SPX,7603.18,7637.0,7575.0,74,685,0.1817,0.003415
2026-09-15 10:04:00,SPX,7603.18,7637.0,7635.0,246,549,0.1635,0.003415
2026-09-15 10:04:00,SPX,7603.18,7637.0,7570.0,48,829,0.1837,0.003415
2026-09-15 10:04:00,SPX,7603.18,7637.0,7640.0,297,292,0.1622,0.003415
2026-09-15 10:04:00,SPX,7603.18,7637.0,7565.0,17,272,0.1858,0.003415
2026-09-15 10:04:00,SPX,7603.18,7637.0,7645.0,166,464,0.1611,0.003415
2026-09-15 10:04:00,SPX,7603.18,7637.0,7560.0,49,506,0.1874,0.003415
2026-09-15 10:04:00,SPX,7603.18,7637.0,7650.0,4112,4427,0.16,0.003415
2026-09-15 10:04:00,SPX,7603.18,7637.0,7555.0,51,301,0.1888,0.003415
2026-09-15 10:04:00,SPX,7603.18,7637.0,7655.0,166,786,0.1584,0.003415
2026-09-15 10:04:00,SPX,7603.18,7637.0,7550.0,91,1255,0.1901,0.003415
2026-09-15 10:04:00,SPX,7603.18,7637.0,7660.0,415,261,0.1568,0.003415
2026-09-15 10:04:00,SPX,7603.18,7637.0,7545.0,13,400,0.1915,0.003415
2026-09-15 10:04:00,SPX,7603.18,7637.0,7665.0,242,282,0.1552,0.003415
2026-09-15 10:04:00,SPX,7603.18,7637.0,7540.0,38,700,0.193,0.003415
2026-09-15 10:04:00,SPX,7603.18,7637.0,7670.0,476,497,0.1539,0.003415
2026-09-15 10:04:00,SPX,7603.18,7637.0,7535.0,30,338,0.1945,0.003415
2026-09-15 10:04:00,SPX,7603.18,7637.0,7675.0,3673,996,0.1527,0.003415
2026-09-15 10:04:00,SPX,7603.18,7637.0,7530.0,27,446,0.1968,0.003415
2026-09-15 10:04:00,SPX,7603.18,7637.0,7680.0,696,901,0.1516,0.003415
2026-09-15 10:04:00,SPX,7603.18,7637.0,7525.0,24,2555,0.1978,0.003415
2026-09-15 10:04:00,SPX,7603.18,7637.0,7685.0,1005,237,0.1507,0.003415
2026-09-15 10:04:00,SPX,7603.18,7637.0,7520.0,37,1073,0.1994,0.003415
2026-09-15 10:04:00,SPX,7603.18,7637.0,7690.0,493,125,0.1498,0.003415
2026-09-15 10:04:00,SPX,7603.18,7637.0,7515.0,43,329,0.2008,0.003415
2026-09-15 10:04:00,SPX,7603.18,7637.0,7695.0,392,112,0.1488,0.003415
2026-09-15 10:04:00,SPX,7603.18,7637.0,7510.0,51,518,0.2028,0.003415
2026-09-15 10:04:00,SPX,7603.18,7637.0,7700.0,1586,807,0.1479,0.003415
2026-09-15 10:04:00,SPX,7603.18,7637.0,7505.0,39,354,0.2047,0.003415
2026-09-15 10:04:00,SPX,7603.18,7637.0,7705.0,458,2049,0.1469,0.003415
2026-09-15 10:04:00,SPX,7603.18,7637.0,7500.0,39,2795,0.2067,0.003415
2026-09-15 10:04:00,SPX,7603.18,7637.0,7710.0,938,121,0.146,0.003415
2026-09-15 10:04:00,SPX,7603.18,7637.0,7495.0,0,249,0.2088,0.003415
2026-09-15 10:04:00,SPX,7603.18,7637.0,7715.0,439,1316,0.1452,0.003415
2026-09-15 10:04:00,SPX,7603.18,7637.0,7490.0,0,396,0.2107,0.003415
2026-09-15 10:04:00,SPX,7603.18,7637.0,7720.0,456,0,0.1446,0.003415
2026-09-15 10:04:00,SPX,7603.18,7637.0,7725.0,0,110,0.1442,0.003415
2026-09-15 10:04:00,SPX,7603.18,7637.0,7480.0,0,493,0.2136,0.003415
2026-09-15 10:04:00,SPX,7603.18,7637.0,7730.0,2856,2056,0.144,0.003415
2026-09-15 10:04:00,SPX,7603.18,7637.0,7475.0,25,1133,0.215,0.003415
2026-09-15 10:04:00,SPX,7603.18,7637.0,7735.0,662,23,0.1441,0.003415
2026-09-15 10:04:00,SPX,7603.18,7637.0,7470.0,26,856,0.2166,0.003415
2026-09-15 10:04:00,SPX,7603.18,7637.0,7740.0,2013,1352,0.1445,0.003415
2026-09-15 10:04:00,SPX,7603.18,7637.0,7465.0,0,510,0.2184,0.003415
2026-09-15 10:04:00,SPX,7603.18,7637.0,7745.0,733,146,0.1452,0.003415
2026-09-15 10:04:00,SPX,7603.18,7637.0,7460.0,25,536,0.2204,0.003415
2026-09-15 10:04:00,SPX,7603.18,7637.0,7750.0,1605,299,0.1462,0.003415
2026-09-15 10:04:00,SPX,7603.18,7637.0,7455.0,1,219,0.2225,0.003415
2026-09-15 10:04:00,SPX,7603.18,7637.0,7755.0,2979,33,0.1475,0.003415
2026-09-15 10:04:00,SPX,7603.18,7637.0,7450.0,4,963,0.2249,0.003415
2026-09-15 10:04:00,SPX,7603.18,7637.0,7760.0,502,60,0.1491,0.003415
2026-09-15 10:04:00,SPX,7603.18,7637.0,7445.0,0,190,0.2272,0.003415
2026-09-15 10:04:00,SPX,7603.18,7637.0,7765.0,1830,27,0.151,0.003415
2026-09-15 10:04:00,SPX,7603.18,7637.0,7440.0,3,235,0.2296,0.003415
2026-09-15 10:04:00,SPX,7603.18,7637.0,7770.0,1017,30,0.1531,0.003415
2026-09-15 10:04:00,SPX,7603.18,7637.0,7435.0,3,170,0.232,0.003415
2026-09-15 10:04:00,SPX,7603.18,7637.0,7775.0,1252,62,0.1554,0.003415
2026-09-15 10:04:00,SPX,7603.18,7637.0,7430.0,3,207,0.2343,0.003415
2026-09-15 10:04:00,SPX,7603.18,7637.0,7780.0,954,32,0.1579,0.003415
2026-09-15 10:04:00,SPX,7603.18,7637.0,7425.0,0,413,0.15,0.003415
2026-09-15 10:04:00,SPX,7603.18,7637.0,7420.0,1,0,0.2389,0.003415
2026-09-15 10:04:00,SPX,7603.18,7637.0,7790.0,3000,24,0.1632,0.003415
2026-09-15 10:04:00,SPX,7603.18,7637.0,7415.0,1,1153,0.2411,0.003415
2026-09-15 10:04:00,SPX,7603.18,7637.0,7795.0,380,13,0.166,0.003415
2026-09-15 10:04:00,SPX,7603.18,7637.0,7410.0,1,414,0.2434,0.003415
2026-09-15 10:04:00,SPX,7603.18,7637.0,7800.0,2907,50,0.1687,0.003415
2026-09-15 10:04:00,SPX,7603.18,7637.0,7405.0,5,328,0.2457,0.003415
2026-09-15 10:04:00,SPX,7603.18,7637.0,7805.0,1757,2,0.1715,0.003415
2026-09-15 10:04:00,SPX,7603.18,7637.0,7400.0,56,2707,0.2481,0.003415
2026-09-15 10:04:00,SPX,7603.18,7637.0,7810.0,529,32,0.1743,0.003415
2026-09-15 10:04:00,SPX,7603.18,7637.0,7395.0,0,1474,0.2505,0.003415
2026-09-15 10:04:00,SPX,7603.18,7637.0,7815.0,461,4,0.1771,0.003415
2026-09-15 10:04:00,SPX,7603.18,7637.0,7390.0,30,6437,0.253,0.003415
2026-09-15 10:04:00,SPX,7603.18,7637.0,7820.0,1308,62,0.1798,0.003415
2026-09-15 10:04:00,SPX,7603.18,7637.0,7385.0,1,253,0.2556,0.003415
2026-09-15 10:04:00,SPX,7603.18,7637.0,7825.0,1101,42,0.1825,0.003415
2026-09-15 10:04:00,SPX,7603.18,7637.0,7380.0,1,6484,0.2583,0.003415
2026-09-15 10:04:00,SPX,7603.18,7637.0,7830.0,592,128,0.1852,0.003415
2026-09-15 10:04:00,SPX,7603.18,7637.0,7375.0,0,499,0.2611,0.003415
2026-09-15 10:04:00,SPX,7603.18,7637.0,7835.0,372,30,0.1878,0.003415
2026-09-15 10:04:00,SPX,7603.18,7637.0,7370.0,24,209,0.264,0.003415
2026-09-15 10:04:00,SPX,7603.18,7637.0,7840.0,516,1,0.1905,0.003415
2026-09-15 10:04:00,SPX,7603.18,7637.0,7365.0,0,311,0.2671,0.003415
2026-09-15 10:04:00,SPX,7603.18,7637.0,7845.0,248,1,0.1931,0.003415
2026-09-15 10:04:00,SPX,7603.18,7637.0,7360.0,2,445,0.2702,0.003415
2026-09-15 10:04:00,SPX,7603.18,7637.0,7850.0,1278,123,0.1959,0.003415
2026-09-15 10:04:00,SPX,7603.18,7637.0,7355.0,0,177,0.2734,0.003415
2026-09-15 10:04:00,SPX,7603.18,7637.0,7605.0,174,0,0.1696,0.006153
2026-09-15 10:04:00,SPX,7603.18,7637.0,7610.0,133,0,0.1679,0.006153
2026-09-15 10:04:00,SPX,7603.18,7637.0,7615.0,144,0,0.1663,0.006153
2026-09-15 10:04:00,SPX,7603.18,7637.0,7590.0,0,210,0.1741,0.006153
2026-09-15 10:04:00,SPX,7603.18,7637.0,7625.0,0,625,0.1638,0.006153
2026-09-15 10:04:00,SPX,7603.18,7637.0,7630.0,0,296,0.1622,0.006153
2026-09-15 10:04:00,SPX,7603.18,7637.0,7575.0,67,350,0.1781,0.006153
2026-09-15 10:04:00,SPX,7603.18,7637.0,7635.0,132,172,0.1608,0.006153
2026-09-15 10:04:00,SPX,7603.18,7637.0,7570.0,88,153,0.1795,0.006153
2026-09-15 10:04:00,SPX,7603.18,7637.0,7640.0,105,218,0.1595,0.006153
2026-09-15 10:04:00,SPX,7603.18,7637.0,7565.0,76,116,0.181,0.006153
2026-09-15 10:04:00,SPX,7603.18,7637.0,7645.0,179,150,0.1582,0.006153
2026-09-15 10:04:00,SPX,7603.18,7637.0,7560.0,59,278,0.1824,0.006153
2026-09-15 10:04:00,SPX,7603.18,7637.0,7650.0,289,3384,0.1571,0.006153
2026-09-15 10:04:00,SPX,7603.18,7637.0,7555.0,50,195,0.1838,0.006153
2026-09-15 10:04:00,SPX,7603.18,7637.0,7655.0,261,193,0.1561,0.006153
2026-09-15 10:04:00,SPX,7603.18,7637.0,7550.0,81,474,0.1854,0.006153
2026-09-15 10:04:00,SPX,7603.18,7637.0,7660.0,410,256,0.1549,0.006153
2026-09-15 10:04:00,SPX,7603.18,7637.0,7545.0,74,134,0.1867,0.006153
2026-09-15 10:04:00,SPX,7603.18,7637.0,7665.0,144,136,0.1537,0.006153
2026-09-15 10:04:00,SPX,7603.18,7637.0,7540.0,20,581,0.1884,0.006153
2026-09-15 10:04:00,SPX,7603.18,7637.0,7670.0,822,544,0.1526,0.006153
2026-09-15 10:04:00,SPX,7603.18,7637.0,7535.0,12,248,0.1902,0.006153
2026-09-15 10:04:00,SPX,7603.18,7637.0,7675.0,3893,3939,0.1514,0.006153
2026-09-15 10:04:00,SPX,7603.18,7637.0,7530.0,13,266,0.192,0.006153
2026-09-15 10:04:00,SPX,7603.18,7637.0,7680.0,658,171,0.1502,0.006153
2026-09-15 10:04:00,SPX,7603.18,7637.0,7525.0,31,444,0.1939,0.006153
2026-09-15 10:04:00,SPX,7603.18,7637.0,7685.0,147,65,0.1491,0.006153
2026-09-15 10:04:00,SPX,7603.18,7637.0,7520.0,3,290,0.1957,0.006153
2026-09-15 10:04:00,SPX,7603.18,7637.0,7690.0,492,304,0.1478,0.006153
2026-09-15 10:04:00,SPX,7603.18,7637.0,7515.0,9,179,0.1971,0.006153
2026-09-15 10:04:00,SPX,7603.18,7637.0,7695.0,191,205,0.1465,0.006153
2026-09-15 10:04:00,SPX,7603.18,7637.0,7510.0,55,274,0.1984,0.006153
2026-09-15 10:04:00,SPX,7603.18,7637.0,7700.0,3694,295,0.1452,0.006153
2026-09-15 10:04:00,SPX,7603.18,7637.0,7505.0,21,120,0.1996,0.006153
2026-09-15 10:04:00,SPX,7603.18,7637.0,7705.0,530,158,0.144,0.006153
2026-09-15 10:04:00,SPX,7603.18,7637.0,7500.0,76,1593,0.2009,0.006153
2026-09-15 10:04:00,SPX,7603.18,7637.0,7710.0,321,137,0.1429,0.006153
2026-09-15 10:04:00,SPX,7603.18,7637.0,7495.0,4,96,0.2023,0.006153
2026-09-15 10:04:00,SPX,7603.18,7637.0,7715.0,217,167,0.142,0.006153
2026-09-15 10:04:00,SPX,7603.18,7637.0,7490.0,4,291,0.2038,0.006153
2026-09-15 10:04:00,SPX,7603.18,7637.0,7720.0,290,119,0.1411,0.006153
2026-09-15 10:04:00,SPX,7603.18,7637.0,7485.0,0,122,0.2054,0.006153
2026-09-15 10:04:00,SPX,7603.18,7637.0,7725.0,881,155,0.1403,0.006153
2026-09-15 10:04:00,SPX,7603.18,7637.0,7480.0,32,239,0.2071,0.006153
2026-09-15 10:04:00,SPX,7603.18,7637.0,7730.0,496,116,0.1396,0.006153
2026-09-15 10:04:00,SPX,7603.18,7637.0,7475.0,4,257,0.2089,0.006153
2026-09-15 10:04:00,SPX,7603.18,7637.0,7735.0,474,36,0.139,0.006153
2026-09-15 10:04:00,SPX,7603.18,7637.0,7470.0,31,706,0.2107,0.006153
2026-09-15 10:04:00,SPX,7603.18,7637.0,7740.0,601,119,0.1384,0.006153
2026-09-15 10:04:00,SPX,7603.18,7637.0,7465.0,3,62,0.2125,0.006153
2026-09-15 10:04:00,SPX,7603.18,7637.0,7745.0,306,28,0.1378,0.006153
2026-09-15 10:04:00,SPX,7603.18,7637.0,7460.0,1,471,0.2143,0.006153
2026-09-15 10:04:00,SPX,7603.18,7637.0,7750.0,990,167,0.1374,0.006153
2026-09-15 10:04:00,SPX,7603.18,7637.0,7455.0,0,119,0.2161,0.006153
2026-09-15 10:04:00,SPX,7603.18,7637.0,7755.0,247,31,0.1371,0.006153
2026-09-15 10:04:00,SPX,7603.18,7637.0,7450.0,36,2980,0.2179,0.006153
2026-09-15 10:04:00,SPX,7603.18,7637.0,7760.0,646,97,0.1368,0.006153
2026-09-15 10:04:00,SPX,7603.18,7637.0,7445.0,0,135,0.2197,0.006153
2026-09-15 10:04:00,SPX,7603.18,7637.0,7765.0,200,43,0.1367,0.006153
2026-09-15 10:04:00,SPX,7603.18,7637.0,7440.0,7,483,0.2215,0.006153
2026-09-15 10:04:00,SPX,7603.18,7637.0,7770.0,1265,63,0.1367,0.006153
2026-09-15 10:04:00,SPX,7603.18,7637.0,7435.0,0,112,0.2232,0.006153
2026-09-15 10:04:00,SPX,7603.18,7637.0,7775.0,861,57,0.1369,0.006153
2026-09-15 10:04:00,SPX,7603.18,7637.0,7430.0,2,261,0.2249,0.006153
2026-09-15 10:04:00,SPX,7603.18,7637.0,7780.0,462,39,0.1372,0.006153
2026-09-15 10:04:00,SPX,7603.18,7637.0,7425.0,0,1625,0.2267,0.006153
2026-09-15 10:04:00,SPX,7603.18,7637.0,7785.0,265,9,0.1376,0.006153
2026-09-15 10:04:00,SPX,7603.18,7637.0,7420.0,26,1343,0.2284,0.006153
2026-09-15 10:04:00,SPX,7603.18,7637.0,7790.0,349,25,0.1382,0.006153
2026-09-15 10:04:00,SPX,7603.18,7637.0,7415.0,0,135,0.2312,0.006153
2026-09-15 10:04:00,SPX,7603.18,7637.0,7795.0,399,5,0.1401,0.006153
2026-09-15 10:04:00,SPX,7603.18,7637.0,7410.0,1,167,0.233,0.006153
2026-09-15 10:04:00,SPX,7603.18,7637.0,7800.0,3010,91,0.141,0.006153
2026-09-15 10:04:00,SPX,7603.18,7637.0,7405.0,0,98,0.2348,0.006153
2026-09-15 10:04:00,SPX,7603.18,7637.0,7805.0,1854,3,0.142,0.006153
2026-09-15 10:04:00,SPX,7603.18,7637.0,7400.0,9,976,0.2366,0.006153
2026-09-15 10:04:00,SPX,7603.18,7637.0,7810.0,485,4,0.1431,0.006153
2026-09-15 10:04:00,SPX,7603.18,7637.0,7395.0,0,86,0.2385,0.006153
2026-09-15 10:04:00,SPX,7603.18,7637.0,7815.0,405,2,0.1443,0.006153
2026-09-15 10:04:00,SPX,7603.18,7637.0,7390.0,0,296,0.2404,0.006153
2026-09-15 10:04:00,SPX,7603.18,7637.0,7820.0,319,16,0.1457,0.006153
2026-09-15 10:04:00,SPX,7603.18,7637.0,7385.0,1,82,0.2423,0.006153
2026-09-15 10:04:00,SPX,7603.18,7637.0,7825.0,716,61,0.1471,0.006153
2026-09-15 10:04:00,SPX,7603.18,7637.0,7380.0,30,179,0.2443,0.006153
2026-09-15 10:04:00,SPX,7603.18,7637.0,7830.0,485,3,0.1487,0.006153
2026-09-15 10:04:00,SPX,7603.18,7637.0,7375.0,5,243,0.2463,0.006153
2026-09-15 10:04:00,SPX,7603.18,7637.0,7835.0,483,0,0.1503,0.006153
2026-09-15 10:04:00,SPX,7603.18,7637.0,7370.0,30,169,0.2483,0.006153
2026-09-15 10:04:00,SPX,7603.18,7637.0,7840.0,367,25,0.1521,0.006153
2026-09-15 10:04:00,SPX,7603.18,7637.0,7365.0,0,55,0.2504,0.006153
2026-09-15 10:04:00,SPX,7603.18,7637.0,7845.0,393,0,0.1539,0.006153
2026-09-15 10:04:00,SPX,7603.18,7637.0,7360.0,3,223,0.2525,0.006153
2026-09-15 10:04:00,SPX,7603.18,7637.0,7850.0,621,45,0.1558,0.006153
2026-09-15 10:04:00,SPX,7603.18,7637.0,7355.0,0,61,0.2547,0.006153
2026-09-15 10:34:23,SPX,7584.87,7635.43,7585.0,219,1148,0.1507,0.000619
2026-09-15 10:34:23,SPX,7584.87,7635.43,7580.0,182,3113,0.1537,0.000619
2026-09-15 10:34:23,SPX,7584.87,7635.43,7590.0,318,1495,0.1488,0.000619
2026-09-15 10:34:23,SPX,7584.87,7635.43,7575.0,142,2632,0.1558,0.000619
2026-09-15 10:34:23,SPX,7584.87,7635.43,7595.0,347,3640,0.1471,0.000619
2026-09-15 10:34:23,SPX,7584.87,7635.43,7570.0,175,1632,0.1611,0.000619
2026-09-15 10:34:23,SPX,7584.87,7635.43,7600.0,1628,4377,0.1461,0.000619
2026-09-15 10:34:23,SPX,7584.87,7635.43,7565.0,688,1156,0.1648,0.000619
2026-09-15 10:34:23,SPX,7584.87,7635.43,7605.0,369,727,0.1458,0.000619
2026-09-15 10:34:23,SPX,7584.87,7635.43,7560.0,655,1715,0.17,0.000619
2026-09-15 10:34:23,SPX,7584.87,7635.43,7610.0,407,1239,0.1465,0.000619
2026-09-15 10:34:23,SPX,7584.87,7635.43,7555.0,160,910,0.1753,0.000619
2026-09-15 10:34:23,SPX,7584.87,7635.43,7615.0,397,2534,0.1476,0.000619
2026-09-15 10:34:23,SPX,7584.87,7635.43,7550.0,117,4119,0.1802,0.000619
2026-09-15 10:34:23,SPX,7584.87,7635.43,7620.0,1077,2661,0.1495,0.000619
2026-09-15 10:34:23,SPX,7584.87,7635.43,7545.0,22,976,0.1862,0.000619
2026-09-15 10:34:23,SPX,7584.87,7635.43,7625.0,1051,2203,0.1525,0.000619
2026-09-15 10:34:23,SPX,7584.87,7635.43,7540.0,68,1297,0.192,0.000619
2026-09-15 10:34:23,SPX,7584.87,7635.43,7630.0,1307,1454,0.1559,0.000619
2026-09-15 10:34:23,SPX,7584.87,7635.43,7535.0,59,1994,0.1968,0.000619
2026-09-15 10:34:23,SPX,7584.87,7635.43,7635.0,949,911,0.16,0.000619
2026-09-15 10:34:23,SPX,7584.87,7635.43,7530.0,60,3712,0.2023,0.000619
2026-09-15 10:34:23,SPX,7584.87,7635.43,7640.0,1221,774,0.1657,0.000619
2026-09-15 10:34:23,SPX,7584.87,7635.43,7525.0,131,2949,0.2096,0.000619
2026-09-15 10:34:23,SPX,7584.87,7635.43,7645.0,905,360,0.1727,0.000619
2026-09-15 10:34:23,SPX,7584.87,7635.43,7520.0,64,2119,0.2145,0.000619
2026-09-15 10:34:23,SPX,7584.87,7635.43,7650.0,2860,2876,0.1799,0.000619
2026-09-15 10:34:23,SPX,7584.87,7635.43,7515.0,33,1288,0.2196,0.000619
2026-09-15 10:34:23,SPX,7584.87,7635.43,7655.0,1499,374,0.1863,0.000619
2026-09-15 10:34:23,SPX,7584.87,7635.43,7510.0,37,2084,0.2279,0.000619
2026-09-15 10:34:23,SPX,7584.87,7635.43,7660.0,3439,498,0.192,0.000619
2026-09-15 10:34:23,SPX,7584.87,7635.43,7505.0,12,2186,0.2333,0.000619
2026-09-15 10:34:23,SPX,7584.87,7635.43,7665.0,2015,485,0.1975,0.000619
2026-09-15 10:34:23,SPX,7584.87,7635.43,7500.0,70,6429,0.2389,0.000619
2026-09-15 10:34:23,SPX,7584.87,7635.43,7670.0,2107,659,0.2033,0.000619
2026-09-15 10:34:23,SPX,7584.87,7635.43,7495.0,3,2086,0.2437,0.000619
2026-09-15 10:34:23,SPX,7584.87,7635.43,7675.0,4786,1606,0.2095,0.000619
2026-09-15 10:34:23,SPX,7584.87,7635.43,7490.0,22,1425,0.2495,0.000619
2026-09-15 10:34:23,SPX,7584.87,7635.43,7680.0,3240,555,0.2162,0.000619
2026-09-15 10:34:23,SPX,7584.87,7635.43,7485.0,2,2340,0.2557,0.000619
2026-09-15 10:34:23,SPX,7584.87,7635.43,7685.0,2362,813,0.223,0.000619
2026-09-15 10:34:23,SPX,7584.87,7635.43,7480.0,16,1328,0.2638,0.000619
2026-09-15 10:34:23,SPX,7584.87,7635.43,7690.0,1579,427,0.23,0.000619
2026-09-15 10:34:23,SPX,7584.87,7635.43,7475.0,7,2599,0.2722,0.000619
2026-09-15 10:34:23,SPX,7584.87,7635.43,7695.0,2022,164,0.2372,0.000619
2026-09-15 10:34:23,SPX,7584.87,7635.43,7470.0,2,769,0.2803,0.000619
2026-09-15 10:34:23,SPX,7584.87,7635.43,7700.0,4610,864,0.2445,0.000619
2026-09-15 10:34:23,SPX,7584.87,7635.43,7465.0,0,3434,0.2886,0.000619
2026-09-15 10:34:23,SPX,7584.87,7635.43,7705.0,1433,446,0.252,0.000619
2026-09-15 10:34:23,SPX,7584.87,7635.43,7460.0,10,1810,0.297,0.000619
2026-09-15 10:34:23,SPX,7584.87,7635.43,7710.0,2583,749,0.2599,0.000619
2026-09-15 10:34:23,SPX,7584.87,7635.43,7455.0,14,427,0.3048,0.000619
2026-09-15 10:34:23,SPX,7584.87,7635.43,7715.0,2171,175,0.2679,0.000619
2026-09-15 10:34:23,SPX,7584.87,7635.43,7450.0,12,4782,0.3122,0.000619
2026-09-15 10:34:23,SPX,7584.87,7635.43,7720.0,1689,343,0.2757,0.000619
2026-09-15 10:34:23,SPX,7584.87,7635.43,7445.0,2,568,0.3193,0.000619
2026-09-15 10:34:23,SPX,7584.87,7635.43,7725.0,7849,224,0.2831,0.000619
2026-09-15 10:34:23,SPX,7584.87,7635.43,7440.0,34,1197,0.3261,0.000619
2026-09-15 10:34:23,SPX,7584.87,7635.43,7730.0,1070,245,0.2899,0.000619
2026-09-15 10:34:23,SPX,7584.87,7635.43,7435.0,0,3101,0.3328,0.000619
2026-09-15 10:34:23,SPX,7584.87,7635.43,7735.0,1377,59,0.296,0.000619
2026-09-15 10:34:23,SPX,7584.87,7635.43,7430.0,4,1433,0.3395,0.000619
2026-09-15 10:34:23,SPX,7584.87,7635.43,7740.0,974,87,0.3016,0.000619
2026-09-15 10:34:23,SPX,7584.87,7635.43,7425.0,10,3151,0.3463,0.000619
2026-09-15 10:34:23,SPX,7584.87,7635.43,7745.0,1326,79,0.3065,0.000619
2026-09-15 10:34:23,SPX,7584.87,7635.43,7420.0,3,828,0.3532,0.000619
2026-09-15 10:34:23,SPX,7584.87,7635.43,7750.0,2400,819,0.3108,0.000619
2026-09-15 10:34:23,SPX,7584.87,7635.43,7415.0,0,511,0.3603,0.000619
2026-09-15 10:34:23,SPX,7584.87,7635.43,7755.0,652,51,0.316,0.000619
2026-09-15 10:34:23,SPX,7584.87,7635.43,7410.0,32,660,0.3676,0.000619
2026-09-15 10:34:23,SPX,7584.87,7635.43,7760.0,749,62,0.3192,0.000619
2026-09-15 10:34:23,SPX,7584.87,7635.43,7405.0,0,268,0.3752,0.000619
2026-09-15 10:34:23,SPX,7584.87,7635.43,7765.0,813,22,0.3217,0.000619
2026-09-15 10:34:23,SPX,7584.87,7635.43,7400.0,14,3697,0.3831,0.000619
2026-09-15 10:34:23,SPX,7584.87,7635.43,7770.0,937,43,0.3237,0.000619
2026-09-15 10:34:23,SPX,7584.87,7635.43,7395.0,0,298,0.3913,0.000619
2026-09-15 10:34:23,SPX,7584.87,7635.43,7775.0,1187,25,0.3254,0.000619
2026-09-15 10:34:23,SPX,7584.87,7635.43,7390.0,1,488,0.3997,0.000619
2026-09-15 10:34:23,SPX,7584.87,7635.43,7780.0,1310,129,0.3266,0.000619
2026-09-15 10:34:23,SPX,7584.87,7635.43,7385.0,0,1903,0.4083,0.000619
2026-09-15 10:34:23,SPX,7584.87,7635.43,7785.0,4397,26,0.3275,0.000619
2026-09-15 10:34:23,SPX,7584.87,7635.43,7380.0,2,2659,0.4171,0.000619
2026-09-15 10:34:23,SPX,7584.87,7635.43,7790.0,1945,83,0.3279,0.000619
2026-09-15 10:34:23,SPX,7584.87,7635.43,7375.0,22,575,0.426,0.000619
2026-09-15 10:34:23,SPX,7584.87,7635.43,7795.0,398,1,0.328,0.000619
2026-09-15 10:34:23,SPX,7584.87,7635.43,7370.0,1,1752,0.435,0.000619
2026-09-15 10:34:23,SPX,7584.87,7635.43,7800.0,2963,70,0.3277,0.000619
2026-09-15 10:34:23,SPX,7584.87,7635.43,7365.0,10,4516,0.4441,0.000619
2026-09-15 10:34:23,SPX,7584.87,7635.43,7805.0,836,9,0.3273,0.000619
2026-09-15 10:34:23,SPX,7584.87,7635.43,7360.0,26,625,0.4531,0.000619
2026-09-15 10:34:23,SPX,7584.87,7635.43,7810.0,1015,7,0.3266,0.000619
2026-09-15 10:34:23,SPX,7584.87,7635.43,7355.0,0,285,0.4621,0.000619
2026-09-15 10:34:23,SPX,7584.87,7635.43,7815.0,559,3,0.3258,0.000619
2026-09-15 10:34:23,SPX,7584.87,7635.43,7350.0,14,4506,0.4712,0.000619
2026-09-15 10:34:23,SPX,7584.87,7635.43,7820.0,731,19,0.3248,0.000619
2026-09-15 10:34:23,SPX,7584.87,7635.43,7345.0,0,186,0.4802,0.000619
2026-09-15 10:34:23,SPX,7584.87,7635.43,7825.0,2294,50,0.3238,0.000619
2026-09-15 10:34:23,SPX,7584.87,7635.43,7340.0,3,752,0.4892,0.000619
2026-09-15 10:34:23,SPX,7584.87,7635.43,7830.0,1760,3,0.3226,0.000619
2026-09-15 10:34:23,SPX,7584.87,7635.43,7335.0,0,228,0.4983,0.000619
2026-09-15 10:34:23,SPX,7584.87,7635.43,7585.0,138,528,0.1882,0.003357
2026-09-15 10:34:23,SPX,7584.87,7635.43,7580.0,99,709,0.1901,0.003357
2026-09-15 10:34:23,SPX,7584.87,7635.43,7590.0,105,464,0.186,0.003357
2026-09-15 10:34:23,SPX,7584.87,7635.43,7575.0,74,685,0.15,0.003357
2026-09-15 10:34:23,SPX,7584.87,7635.43,7595.0,109,539,0.1847,0.003357
2026-09-15 10:34:23,SPX,7584.87,7635.43,7570.0,48,829,0.1922,0.003357
2026-09-15 10:34:23,SPX,7584.87,7635.43,7600.0,708,2728,0.1789,0.003357
2026-09-15 10:34:23,SPX,7584.87,7635.43,7565.0,17,272,0.1941,0.003357
2026-09-15 10:34:23,SPX,7584.87,7635.43,7605.0,181,231,0.1814,0.003357
2026-09-15 10:34:23,SPX,7584.87,7635.43,7560.0,49,506,0.1966,0.003357
2026-09-15 10:34:23,SPX,7584.87,7635.43,7610.0,120,0,0.1799,0.003357
2026-09-15 10:34:23,SPX,7584.87,7635.43,7550.0,91,0,0.1996,0.003357
2026-09-15 10:34:23,SPX,7584.87,7635.43,7625.0,0,3446,0.15,0.003357
2026-09-15 10:34:23,SPX,7584.87,7635.43,7630.0,316,396,0.1746,0.003357
2026-09-15 10:34:23,SPX,7584.87,7635.43,7535.0,30,338,0.2044,0.003357
2026-09-15 10:34:23,SPX,7584.87,7635.43,7635.0,246,549,0.1738,0.003357
2026-09-15 10:34:23,SPX,7584.87,7635.43,7530.0,27,446,0.2058,0.003357
2026-09-15 10:34:23,SPX,7584.87,7635.43,7640.0,297,292,0.1724,0.003357
2026-09-15 10:34:23,SPX,7584.87,7635.43,7525.0,24,2555,0.2085,0.003357
2026-09-15 10:34:23,SPX,7584.87,7635.43,7645.0,166,464,0.1706,0.003357
2026-09-15 10:34:23,SPX,7584.87,7635.43,7520.0,37,1073,0.2095,0.003357
2026-09-15 10:34:23,SPX,7584.87,7635.43,7650.0,4112,4427,0.169,0.003357
2026-09-15 10:34:23,SPX,7584.87,7635.43,7515.0,43,329,0.2113,0.003357
2026-09-15 10:34:23,SPX,7584.87,7635.43,7655.0,166,786,0.1675,0.003357
2026-09-15 10:34:23,SPX,7584.87,7635.43,7510.0,51,518,0.2127,0.003357
2026-09-15 10:34:23,SPX,7584.87,7635.43,7660.0,415,261,0.1661,0.003357
2026-09-15 10:34:23,SPX,7584.87,7635.43,7505.0,39,354,0.2145,0.003357
2026-09-15 10:34:23,SPX,7584.87,7635.43,7665.0,242,282,0.1649,0.003357
2026-09-15 10:34:23,SPX,7584.87,7635.43,7500.0,39,2795,0.2168,0.003357
2026-09-15 10:34:23,SPX,7584.87,7635.43,7670.0,476,497,0.1638,0.003357
2026-09-15 10:34:23,SPX,7584.87,7635.43,7495.0,0,249,0.2187,0.003357
2026-09-15 10:34:23,SPX,7584.87,7635.43,7675.0,3673,996,0.1629,0.003357
2026-09-15 10:34:23,SPX,7584.87,7635.43,7490.0,0,396,0.2207,0.003357
2026-09-15 10:34:23,SPX,7584.87,7635.43,7680.0,696,901,0.162,0.003357
2026-09-15 10:34:23,SPX,7584.87,7635.43,7485.0,2,229,0.223,0.003357
2026-09-15 10:34:23,SPX,7584.87,7635.43,7685.0,1005,237,0.1612,0.003357
2026-09-15 10:34:23,SPX,7584.87,7635.43,7480.0,7,493,0.2254,0.003357
2026-09-15 10:34:23,SPX,7584.87,7635.43,7690.0,493,125,0.1603,0.003357
2026-09-15 10:34:23,SPX,7584.87,7635.43,7475.0,25,1133,0.2274,0.003357
2026-09-15 10:34:23,SPX,7584.87,7635.43,7695.0,392,112,0.1595,0.003357
2026-09-15 10:34:23,SPX,7584.87,7635.43,7470.0,26,856,0.229,0.003357
2026-09-15 10:34:23,SPX,7584.87,7635.43,7700.0,1586,807,0.1586,0.003357
2026-09-15 10:34:23,SPX,7584.87,7635.43,7465.0,0,510,0.2305,0.003357
2026-09-15 10:34:23,SPX,7584.87,7635.43,7705.0,458,2049,0.1578,0.003357
2026-09-15 10:34:23,SPX,7584.87,7635.43,7460.0,25,536,0.2321,0.003357
2026-09-15 10:34:23,SPX,7584.87,7635.43,7710.0,938,121,0.1572,0.003357
2026-09-15 10:34:23,SPX,7584.87,7635.43,7455.0,1,219,0.2339,0.003357
2026-09-15 10:34:23,SPX,7584.87,7635.43,7715.0,439,1316,0.1567,0.003357
2026-09-15 10:34:23,SPX,7584.87,7635.43,7450.0,4,963,0.2359,0.003357
2026-09-15 10:34:23,SPX,7584.87,7635.43,7720.0,456,60,0.1564,0.003357
2026-09-15 10:34:23,SPX,7584.87,7635.43,7445.0,0,190,0.238,0.003357
2026-09-15 10:34:23,SPX,7584.87,7635.43,7725.0,1340,110,0.1564,0.003357
2026-09-15 10:34:23,SPX,7584.87,7635.43,7440.0,3,235,0.2402,0.003357
2026-09-15 10:34:23,SPX,7584.87,7635.43,7730.0,2856,2056,0.1567,0.003357
2026-09-15 10:34:23,SPX,7584.87,7635.43,7435.0,3,170,0.2426,0.003357
2026-09-15 10:34:23,SPX,7584.87,7635.43,7735.0,662,23,0.1573,0.003357
2026-09-15 10:34:23,SPX,7584.87,7635.43,7430.0,3,207,0.2449,0.003357
2026-09-15 10:34:23,SPX,7584.87,7635.43,7740.0,2013,1352,0.1581,0.003357
2026-09-15 10:34:23,SPX,7584.87,7635.43,7425.0,9,413,0.2473,0.003357
2026-09-15 10:34:23,SPX,7584.87,7635.43,7745.0,733,146,0.1592,0.003357
2026-09-15 10:34:23,SPX,7584.87,7635.43,7420.0,1,743,0.2496,0.003357
2026-09-15 10:34:23,SPX,7584.87,7635.43,7750.0,1605,299,0.1605,0.003357
2026-09-15 10:34:23,SPX,7584.87,7635.43,7415.0,1,1153,0.2519,0.003357
2026-09-15 10:34:23,SPX,7584.87,7635.43,7755.0,2979,33,0.162,0.003357
2026-09-15 10:34:23,SPX,7584.87,7635.43,7410.0,1,414,0.2542,0.003357
2026-09-15 10:34:23,SPX,7584.87,7635.43,7760.0,502,60,0.1637,0.003357
2026-09-15 10:34:23,SPX,7584.87,7635.43,7405.0,5,328,0.2565,0.003357
2026-09-15 10:34:23,SPX,7584.87,7635.43,7765.0,1830,27,0.1656,0.003357
2026-09-15 10:34:23,SPX,7584.87,7635.43,7400.0,56,2707,0.2589,0.003357
2026-09-15 10:34:23,SPX,7584.87,7635.43,7770.0,1017,30,0.1677,0.003357
2026-09-15 10:34:23,SPX,7584.87,7635.43,7395.0,0,1474,0.2612,0.003357
2026-09-15 10:34:23,SPX,7584.87,7635.43,7775.0,1252,62,0.1699,0.003357
2026-09-15 10:34:23,SPX,7584.87,7635.43,7390.0,30,6437,0.2636,0.003357
2026-09-15 10:34:23,SPX,7584.87,7635.43,7780.0,954,32,0.1724,0.003357
2026-09-15 10:34:23,SPX,7584.87,7635.43,7385.0,1,253,0.266,0.003357
2026-09-15 10:34:23,SPX,7584.87,7635.43,7785.0,381,280,0.175,0.003357
2026-09-15 10:34:23,SPX,7584.87,7635.43,7380.0,1,6484,0.2685,0.003357
2026-09-15 10:34:23,SPX,7584.87,7635.43,7790.0,3000,24,0.1778,0.003357
2026-09-15 10:34:23,SPX,7584.87,7635.43,7375.0,0,499,0.271,0.003357
2026-09-15 10:34:23,SPX,7584.87,7635.43,7795.0,380,13,0.1807,0.003357
2026-09-15 10:34:23,SPX,7584.87,7635.43,7370.0,24,209,0.2736,0.003357
2026-09-15 10:34:23,SPX,7584.87,7635.43,7800.0,2907,50,0.1837,0.003357
2026-09-15 10:34:23,SPX,7584.87,7635.43,7365.0,0,311,0.2763,0.003357
2026-09-15 10:34:23,SPX,7584.87,7635.43,7805.0,1757,2,0.1868,0.003357
2026-09-15 10:34:23,SPX,7584.87,7635.43,7360.0,2,445,0.279,0.003357
2026-09-15 10:34:23,SPX,7584.87,7635.43,7810.0,529,32,0.1899,0.003357
2026-09-15 10:34:23,SPX,7584.87,7635.43,7355.0,0,177,0.2818,0.003357
2026-09-15 10:34:23,SPX,7584.87,7635.43,7815.0,461,4,0.1931,0.003357
2026-09-15 10:34:23,SPX,7584.87,7635.43,7350.0,1,1518,0.2846,0.003357
2026-09-15 10:34:23,SPX,7584.87,7635.43,7820.0,1308,62,0.1964,0.003357
2026-09-15 10:34:23,SPX,7584.87,7635.43,7345.0,0,36,0.2875,0.003357
2026-09-15 10:34:23,SPX,7584.87,7635.43,7825.0,1101,42,0.1997,0.003357
2026-09-15 10:34:23,SPX,7584.87,7635.43,7340.0,1,237,0.2905,0.003357
2026-09-15 10:34:23,SPX,7584.87,7635.43,7830.0,592,128,0.2031,0.003357
2026-09-15 10:34:23,SPX,7584.87,7635.43,7335.0,0,2528,0.2936,0.003357
2026-09-15 10:34:23,SPX,7584.87,7635.43,7585.0,56,235,0.1807,0.006095
2026-09-15 10:34:23,SPX,7584.87,7635.43,7580.0,220,604,0.1817,0.006095
2026-09-15 10:34:23,SPX,7584.87,7635.43,7590.0,77,210,0.1796,0.006095
2026-09-15 10:34:23,SPX,7584.87,7635.43,7575.0,67,350,0.184,0.006095
2026-09-15 10:34:23,SPX,7584.87,7635.43,7595.0,129,389,0.1782,0.006095
2026-09-15 10:34:23,SPX,7584.87,7635.43,7570.0,88,153,0.1853,0.006095
2026-09-15 10:34:23,SPX,7584.87,7635.43,7600.0,169,1835,0.1766,0.006095
2026-09-15 10:34:23,SPX,7584.87,7635.43,7565.0,76,116,0.1868,0.006095
2026-09-15 10:34:23,SPX,7584.87,7635.43,7605.0,174,143,0.1751,0.006095
2026-09-15 10:34:23,SPX,7584.87,7635.43,7560.0,59,278,0.1884,0.006095
2026-09-15 10:34:23,SPX,7584.87,7635.43,7610.0,133,353,0.1736,0.006095
2026-09-15 10:34:23,SPX,7584.87,7635.43,7555.0,50,195,0.19,0.006095
2026-09-15 10:34:23,SPX,7584.87,7635.43,7615.0,144,109,0.1722,0.006095
2026-09-15 10:34:23,SPX,7584.87,7635.43,7550.0,81,474,0.1913,0.006095
2026-09-15 10:34:23,SPX,7584.87,7635.43,7620.0,125,190,0.1707,0.006095
2026-09-15 10:34:23,SPX,7584.87,7635.43,7545.0,74,134,0.1929,0.006095
2026-09-15 10:34:23,SPX,7584.87,7635.43,7625.0,190,625,0.1693,0.006095
2026-09-15 10:34:23,SPX,7584.87,7635.43,7540.0,20,581,0.1944,0.006095
2026-09-15 10:34:23,SPX,7584.87,7635.43,7630.0,152,296,0.1678,0.006095
2026-09-15 10:34:23,SPX,7584.87,7635.43,7535.0,12,248,0.1959,0.006095
2026-09-15 10:34:23,SPX,7584.87,7635.43,7635.0,132,172,0.1663,0.006095
2026-09-15 10:34:23,SPX,7584.87,7635.43,7530.0,13,266,0.1978,0.006095
2026-09-15 10:34:23,SPX,7584.87,7635.43,7640.0,105,218,0.1648,0.006095
2026-09-15 10:34:23,SPX,7584.87,7635.43,7525.0,31,444,0.1996,0.006095
2026-09-15 10:34:23,SPX,7584.87,7635.43,7645.0,179,150,0.1638,0.006095
2026-09-15 10:34:23,SPX,7584.87,7635.43,7520.0,3,290,0.2014,0.006095
2026-09-15 10:34:23,SPX,7584.87,7635.43,7650.0,289,3384,0.1625,0.006095
2026-09-15 10:34:23,SPX,7584.87,7635.43,7515.0,9,179,0.2031,0.006095
2026-09-15 10:34:23,SPX,7584.87,7635.43,7655.0,261,193,0.1614,0.006095
2026-09-15 10:34:23,SPX,7584.87,7635.43,7510.0,55,274,0.2047,0.006095
2026-09-15 10:34:23,SPX,7584.87,7635.43,7660.0,410,256,0.1604,0.006095
2026-09-15 10:34:23,SPX,7584.87,7635.43,7505.0,21,120,0.2064,0.006095
2026-09-15 10:34:23,SPX,7584.87,7635.43,7665.0,144,136,0.1592,0.006095
2026-09-15 10:34:23,SPX,7584.87,7635.43,7500.0,76,1593,0.2081,0.006095
2026-09-15 10:34:23,SPX,7584.87,7635.43,7670.0,822,544,0.1582,0.006095
2026-09-15 10:34:23,SPX,7584.87,7635.43,7495.0,4,96,0.2097,0.006095
2026-09-15 10:34:23,SPX,7584.87,7635.43,7675.0,3893,3939,0.1573,0.006095
2026-09-15 10:34:23,SPX,7584.87,7635.43,7490.0,4,291,0.2112,0.006095
2026-09-15 10:34:23,SPX,7584.87,7635.43,7680.0,658,171,0.1562,0.006095
2026-09-15 10:34:23,SPX,7584.87,7635.43,7485.0,0,122,0.2128,0.006095
2026-09-15 10:34:23,SPX,7584.87,7635.43,7685.0,147,65,0.155,0.006095
2026-09-15 10:34:23,SPX,7584.87,7635.43,7480.0,32,239,0.2144,0.006095
2026-09-15 10:34:23,SPX,7584.87,7635.43,7690.0,492,304,0.1537,0.006095
2026-09-15 10:34:23,SPX,7584.87,7635.43,7475.0,4,257,0.2161,0.006095
2026-09-15 10:34:23,SPX,7584.87,7635.43,7695.0,191,205,0.1526,0.006095
2026-09-15 10:34:23,SPX,7584.87,7635.43,7470.0,31,706,0.2178,0.006095
2026-09-15 10:34:23,SPX,7584.87,7635.43,7700.0,3694,295,0.1515,0.006095
2026-09-15 10:34:23,SPX,7584.87,7635.43,7465.0,3,62,0.2196,0.006095
2026-09-15 10:34:23,SPX,7584.87,7635.43,7705.0,530,158,0.1504,0.006095
2026-09-15 10:34:23,SPX,7584.87,7635.43,7460.0,1,471,0.2214,0.006095
2026-09-15 10:34:23,SPX,7584.87,7635.43,7710.0,321,137,0.1494,0.006095
2026-09-15 10:34:23,SPX,7584.87,7635.43,7455.0,0,119,0.2233,0.006095
2026-09-15 10:34:23,SPX,7584.87,7635.43,7715.0,217,167,0.1484,0.006095
2026-09-15 10:34:23,SPX,7584.87,7635.43,7450.0,36,2980,0.2251,0.006095
2026-09-15 10:34:23,SPX,7584.87,7635.43,7720.0,290,119,0.1475,0.006095
2026-09-15 10:34:23,SPX,7584.87,7635.43,7445.0,0,135,0.227,0.006095
2026-09-15 10:34:23,SPX,7584.87,7635.43,7725.0,881,155,0.1468,0.006095
2026-09-15 10:34:23,SPX,7584.87,7635.43,7440.0,7,483,0.2289,0.006095
2026-09-15 10:34:23,SPX,7584.87,7635.43,7730.0,496,116,0.1463,0.006095
2026-09-15 10:34:23,SPX,7584.87,7635.43,7435.0,0,112,0.2307,0.006095
2026-09-15 10:34:23,SPX,7584.87,7635.43,7735.0,474,36,0.1459,0.006095
2026-09-15 10:34:23,SPX,7584.87,7635.43,7430.0,2,261,0.2326,0.006095
2026-09-15 10:34:23,SPX,7584.87,7635.43,7740.0,601,119,0.1457,0.006095
2026-09-15 10:34:23,SPX,7584.87,7635.43,7425.0,0,1625,0.2345,0.006095
2026-09-15 10:34:23,SPX,7584.87,7635.43,7745.0,306,28,0.1455,0.006095
2026-09-15 10:34:23,SPX,7584.87,7635.43,7420.0,26,1343,0.2363,0.006095
2026-09-15 10:34:23,SPX,7584.87,7635.43,7750.0,990,167,0.1455,0.006095
2026-09-15 10:34:23,SPX,7584.87,7635.43,7415.0,0,135,0.2381,0.006095
2026-09-15 10:34:23,SPX,7584.87,7635.43,7755.0,247,31,0.1455,0.006095
2026-09-15 10:34:23,SPX,7584.87,7635.43,7410.0,1,167,0.24,0.006095
2026-09-15 10:34:23,SPX,7584.87,7635.43,7760.0,646,97,0.1456,0.006095
2026-09-15 10:34:23,SPX,7584.87,7635.43,7405.0,0,98,0.2419,0.006095
2026-09-15 10:34:23,SPX,7584.87,7635.43,7765.0,200,43,0.1458,0.006095
2026-09-15 10:34:23,SPX,7584.87,7635.43,7400.0,9,976,0.2437,0.006095
2026-09-15 10:34:23,SPX,7584.87,7635.43,7770.0,1265,63,0.1461,0.006095
2026-09-15 10:34:23,SPX,7584.87,7635.43,7395.0,0,86,0.2456,0.006095
2026-09-15 10:34:23,SPX,7584.87,7635.43,7775.0,861,57,0.1465,0.006095
2026-09-15 10:34:23,SPX,7584.87,7635.43,7390.0,0,296,0.2476,0.006095
2026-09-15 10:34:23,SPX,7584.87,7635.43,7780.0,462,39,0.147,0.006095
2026-09-15 10:34:23,SPX,7584.87,7635.43,7385.0,1,82,0.2495,0.006095
2026-09-15 10:34:23,SPX,7584.87,7635.43,7785.0,265,9,0.1477,0.006095
2026-09-15 10:34:23,SPX,7584.87,7635.43,7380.0,30,179,0.2515,0.006095
2026-09-15 10:34:23,SPX,7584.87,7635.43,7790.0,349,25,0.1485,0.006095
2026-09-15 10:34:23,SPX,7584.87,7635.43,7375.0,5,243,0.2535,0.006095
2026-09-15 10:34:23,SPX,7584.87,7635.43,7795.0,399,5,0.1494,0.006095
2026-09-15 10:34:23,SPX,7584.87,7635.43,7370.0,30,169,0.2556,0.006095
2026-09-15 10:34:23,SPX,7584.87,7635.43,7800.0,3010,91,0.1504,0.006095
2026-09-15 10:34:23,SPX,7584.87,7635.43,7365.0,0,55,0.2576,0.006095
2026-09-15 10:34:23,SPX,7584.87,7635.43,7805.0,1854,3,0.1516,0.006095
2026-09-15 10:34:23,SPX,7584.87,7635.43,7360.0,3,223,0.2598,0.006095
2026-09-15 10:34:23,SPX,7584.87,7635.43,7810.0,485,4,0.1529,0.006095
2026-09-15 10:34:23,SPX,7584.87,7635.43,7355.0,0,61,0.2619,0.006095
2026-09-15 10:34:23,SPX,7584.87,7635.43,7815.0,405,2,0.1543,0.006095
2026-09-15 10:34:23,SPX,7584.87,7635.43,7350.0,30,911,0.2641,0.006095
2026-09-15 10:34:23,SPX,7584.87,7635.43,7820.0,319,16,0.1558,0.006095
2026-09-15 10:34:23,SPX,7584.87,7635.43,7345.0,0,113,0.2663,0.006095
2026-09-15 10:34:23,SPX,7584.87,7635.43,7825.0,716,61,0.1574,0.006095
2026-09-15 10:34:23,SPX,7584.87,7635.43,7340.0,0,283,0.2686,0.006095
2026-09-15 10:34:23,SPX,7584.87,7635.43,7830.0,485,3,0.1591,0.006095
2026-09-15 10:34:23,SPX,7584.87,7635.43,7335.0,0,241,0.2709,0.006095
2026-09-15 11:04:49,SPX,7577.88,7634.85,7580.0,182,3113,0.1504,0.000561
2026-09-15 11:04:49,SPX,7577.88,7634.85,7575.0,142,2632,0.1521,0.000561
2026-09-15 11:04:49,SPX,7577.88,7634.85,7585.0,219,1148,0.1489,0.000561
2026-09-15 11:04:49,SPX,7577.88,7634.85,7570.0,175,1632,0.1561,0.000561
2026-09-15 11:04:49,SPX,7577.88,7634.85,7590.0,318,1495,0.1478,0.000561
2026-09-15 11:04:49,SPX,7577.88,7634.85,7565.0,688,1156,0.1588,0.000561
2026-09-15 11:04:49,SPX,7577.88,7634.85,7595.0,347,3640,0.1483,0.000561
2026-09-15 11:04:49,SPX,7577.88,7634.85,7560.0,655,1715,0.162,0.000561
2026-09-15 11:04:49,SPX,7577.88,7634.85,7600.0,1628,4377,0.1492,0.000561
2026-09-15 11:04:49,SPX,7577.88,7634.85,7555.0,160,910,0.1675,0.000561
2026-09-15 11:04:49,SPX,7577.88,7634.85,7605.0,369,727,0.151,0.000561
2026-09-15 11:04:49,SPX,7577.88,7634.85,7550.0,117,4119,0.1719,0.000561
2026-09-15 11:04:49,SPX,7577.88,7634.85,7610.0,407,1239,0.1539,0.000561
2026-09-15 11:04:49,SPX,7577.88,7634.85,7545.0,22,976,0.1766,0.000561
2026-09-15 11:04:49,SPX,7577.88,7634.85,7615.0,397,2534,0.1584,0.000561
2026-09-15 11:04:49,SPX,7577.88,7634.85,7540.0,68,1297,0.1827,0.000561
2026-09-15 11:04:49,SPX,7577.88,7634.85,7620.0,1077,2661,0.1633,0.000561
2026-09-15 11:04:49,SPX,7577.88,7634.85,7535.0,59,1994,0.1879,0.000561
2026-09-15 11:04:49,SPX,7577.88,7634.85,7625.0,1051,2203,0.1675,0.000561
2026-09-15 11:04:49,SPX,7577.88,7634.85,7530.0,60,3712,0.1931,0.000561
2026-09-15 11:04:49,SPX,7577.88,7634.85,7630.0,1307,1454,0.173,0.000561
2026-09-15 11:04:49,SPX,7577.88,7634.85,7525.0,131,2949,0.1983,0.000561
2026-09-15 11:04:49,SPX,7577.88,7634.85,7635.0,949,911,0.1805,0.000561
2026-09-15 11:04:49,SPX,7577.88,7634.85,7520.0,64,2119,0.2072,0.000561
2026-09-15 11:04:49,SPX,7577.88,7634.85,7640.0,1221,774,0.1867,0.000561
2026-09-15 11:04:49,SPX,7577.88,7634.85,7515.0,33,1288,0.2101,0.000561
2026-09-15 11:04:49,SPX,7577.88,7634.85,7645.0,905,360,0.1941,0.000561
2026-09-15 11:04:49,SPX,7577.88,7634.85,7510.0,37,2084,0.2161,0.000561
2026-09-15 11:04:49,SPX,7577.88,7634.85,7650.0,2860,2876,0.2031,0.000561
2026-09-15 11:04:49,SPX,7577.88,7634.85,7505.0,12,2186,0.225,0.000561
2026-09-15 11:04:49,SPX,7577.88,7634.85,7655.0,1499,374,0.2121,0.000561
2026-09-15 11:04:49,SPX,7577.88,7634.85,7500.0,70,6429,0.233,0.000561
2026-09-15 11:04:49,SPX,7577.88,7634.85,7660.0,3439,498,0.2204,0.000561
2026-09-15 11:04:49,SPX,7577.88,7634.85,7495.0,3,2086,0.2397,0.000561
2026-09-15 11:04:49,SPX,7577.88,7634.85,7665.0,2015,485,0.2277,0.000561
2026-09-15 11:04:49,SPX,7577.88,7634.85,7490.0,22,1425,0.2448,0.000561
2026-09-15 11:04:49,SPX,7577.88,7634.85,7670.0,2107,659,0.15,0.000561
2026-09-15 11:04:49,SPX,7577.88,7634.85,7485.0,2,2340,0.2499,0.000561
2026-09-15 11:04:49,SPX,7577.88,7634.85,7675.0,4786,1606,0.15,0.000561
2026-09-15 11:04:49,SPX,7577.88,7634.85,7480.0,16,1328,0.2579,0.000561
2026-09-15 11:04:49,SPX,7577.88,7634.85,7680.0,3240,555,0.2476,0.000561
2026-09-15 11:04:49,SPX,7577.88,7634.85,7475.0,7,2599,0.15,0.000561
2026-09-15 11:04:49,SPX,7577.88,7634.85,7685.0,2362,813,0.15,0.000561
2026-09-15 11:04:49,SPX,7577.88,7634.85,7470.0,2,769,0.2759,0.000561
2026-09-15 11:04:49,SPX,7577.88,7634.85,7690.0,1579,0,0.262,0.000561
2026-09-15 11:04:49,SPX,7577.88,7634.85,7465.0,0,3434,0.2849,0.000561
2026-09-15 11:04:49,SPX,7577.88,7634.85,7695.0,0,164,0.2697,0.000561
2026-09-15 11:04:49,SPX,7577.88,7634.85,7460.0,10,1810,0.2933,0.000561
2026-09-15 11:04:49,SPX,7577.88,7634.85,7700.0,4610,864,0.2775,0.000561
2026-09-15 11:04:49,SPX,7577.88,7634.85,7455.0,14,427,0.3013,0.000561
2026-09-15 11:04:49,SPX,7577.88,7634.85,7705.0,1433,446,0.2853,0.000561
2026-09-15 11:04:49,SPX,7577.88,7634.85,7450.0,12,4782,0.3087,0.000561
2026-09-15 11:04:49,SPX,7577.88,7634.85,7710.0,2583,749,0.2931,0.000561
2026-09-15 11:04:49,SPX,7577.88,7634.85,7445.0,2,568,0.3159,0.000561
2026-09-15 11:04:49,SPX,7577.88,7634.85,7715.0,2171,175,0.3008,0.000561
2026-09-15 11:04:49,SPX,7577.88,7634.85,7440.0,34,1197,0.3229,0.000561
2026-09-15 11:04:49,SPX,7577.88,7634.85,7720.0,1689,343,0.3085,0.000561
2026-09-15 11:04:49,SPX,7577.88,7634.85,7435.0,0,3101,0.33,0.000561
2026-09-15 11:04:49,SPX,7577.88,7634.85,7725.0,7849,224,0.3162,0.000561
2026-09-15 11:04:49,SPX,7577.88,7634.85,7430.0,4,1433,0.3372,0.000561
2026-09-15 11:04:49,SPX,7577.88,7634.85,7730.0,1070,245,0.3243,0.000561
2026-09-15 11:04:49,SPX,7577.88,7634.85,7425.0,10,3151,0.3447,0.000561
2026-09-15 11:04:49,SPX,7577.88,7634.85,7735.0,1377,59,0.3329,0.000561
2026-09-15 11:04:49,SPX,7577.88,7634.85,7420.0,3,828,0.3526,0.000561
2026-09-15 11:04:49,SPX,7577.88,7634.85,7740.0,974,87,0.3421,0.000561
2026-09-15 11:04:49,SPX,7577.88,7634.85,7415.0,0,511,0.361,0.000561
2026-09-15 11:04:49,SPX,7577.88,7634.85,7745.0,1326,79,0.3515,0.000561
2026-09-15 11:04:49,SPX,7577.88,7634.85,7410.0,32,660,0.3697,0.000561
2026-09-15 11:04:49,SPX,7577.88,7634.85,7750.0,2400,819,0.3609,0.000561
2026-09-15 11:04:49,SPX,7577.88,7634.85,7405.0,0,268,0.3788,0.000561
2026-09-15 11:04:49,SPX,7577.88,7634.85,7755.0,652,51,0.37,0.000561
2026-09-15 11:04:49,SPX,7577.88,7634.85,7400.0,14,3697,0.3882,0.000561
2026-09-15 11:04:49,SPX,7577.88,7634.85,7760.0,749,62,0.3783,0.000561
2026-09-15 11:04:49,SPX,7577.88,7634.85,7395.0,0,298,0.3976,0.000561
2026-09-15 11:04:49,SPX,7577.88,7634.85,7765.0,813,22,0.3858,0.000561
2026-09-15 11:04:49,SPX,7577.88,7634.85,7390.0,1,488,0.4071,0.000561
2026-09-15 11:04:49,SPX,7577.88,7634.85,7770.0,937,43,0.3921,0.000561
2026-09-15 11:04:49,SPX,7577.88,7634.85,7385.0,0,1903,0.4166,0.000561
2026-09-15 11:04:49,SPX,7577.88,7634.85,7775.0,1187,25,0.3973,0.000561
2026-09-15 11:04:49,SPX,7577.88,7634.85,7380.0,2,2659,0.4261,0.000561
2026-09-15 11:04:49,SPX,7577.88,7634.85,7780.0,1310,129,0.4014,0.000561
2026-09-15 11:04:49,SPX,7577.88,7634.85,7375.0,22,575,0.4357,0.000561
2026-09-15 11:04:49,SPX,7577.88,7634.85,7785.0,4397,26,0.4043,0.000561
2026-09-15 11:04:49,SPX,7577.88,7634.85,7370.0,1,1752,0.4453,0.000561
2026-09-15 11:04:49,SPX,7577.88,7634.85,7790.0,1945,83,0.406,0.000561
2026-09-15 11:04:49,SPX,7577.88,7634.85,7365.0,10,4516,0.4549,0.000561
2026-09-15 11:04:49,SPX,7577.88,7634.85,7795.0,398,1,0.4066,0.000561
2026-09-15 11:04:49,SPX,7577.88,7634.85,7360.0,26,625,0.4645,0.000561
2026-09-15 11:04:49,SPX,7577.88,7634.85,7800.0,2963,70,0.4062,0.000561
2026-09-15 11:04:49,SPX,7577.88,7634.85,7355.0,0,285,0.4741,0.000561
2026-09-15 11:04:49,SPX,7577.88,7634.85,7805.0,836,9,0.405,0.000561
2026-09-15 11:04:49,SPX,7577.88,7634.85,7350.0,14,4506,0.4836,0.000561
2026-09-15 11:04:49,SPX,7577.88,7634.85,7810.0,1015,7,0.4031,0.000561
2026-09-15 11:04:49,SPX,7577.88,7634.85,7345.0,0,186,0.4931,0.000561
2026-09-15 11:04:49,SPX,7577.88,7634.85,7815.0,559,3,0.4007,0.000561
2026-09-15 11:04:49,SPX,7577.88,7634.85,7340.0,3,752,0.5026,0.000561
2026-09-15 11:04:49,SPX,7577.88,7634.85,7820.0,731,19,0.398,0.000561
2026-09-15 11:04:49,SPX,7577.88,7634.85,7335.0,0,228,0.5121,0.000561
2026-09-15 11:04:49,SPX,7577.88,7634.85,7825.0,2294,50,0.3952,0.000561
2026-09-15 11:04:49,SPX,7577.88,7634.85,7330.0,1,215,0.5215,0.000561
2026-09-15 11:04:49,SPX,7577.88,7634.85,7580.0,99,709,0.1929,0.003299
2026-09-15 11:04:49,SPX,7577.88,7634.85,7575.0,74,685,0.1938,0.003299
2026-09-15 11:04:49,SPX,7577.88,7634.85,7585.0,138,528,0.1907,0.003299
2026-09-15 11:04:49,SPX,7577.88,7634.85,7570.0,48,829,0.195,0.003299
2026-09-15 11:04:49,SPX,7577.88,7634.85,7590.0,105,464,0.1886,0.003299
2026-09-15 11:04:49,SPX,7577.88,7634.85,7565.0,17,272,0.1969,0.003299
2026-09-15 11:04:49,SPX,7577.88,7634.85,7595.0,109,539,0.1872,0.003299
2026-09-15 11:04:49,SPX,7577.88,7634.85,7560.0,49,506,0.1987,0.003299
2026-09-15 11:04:49,SPX,7577.88,7634.85,7600.0,708,2728,0.1856,0.003299
2026-09-15 11:04:49,SPX,7577.88,7634.85,7555.0,51,301,0.1997,0.003299
2026-09-15 11:04:49,SPX,7577.88,7634.85,7605.0,181,0,0.1843,0.003299
2026-09-15 11:04:49,SPX,7577.88,7634.85,7550.0,0,1255,0.2016,0.003299
2026-09-15 11:04:49,SPX,7577.88,7634.85,7545.0,0,400,0.2034,0.003299
2026-09-15 11:04:49,SPX,7577.88,7634.85,7540.0,38,0,0.2052,0.003299
2026-09-15 11:04:49,SPX,7577.88,7634.85,7620.0,0,316,0.18,0.003299
2026-09-15 11:04:49,SPX,7577.88,7634.85,7625.0,219,3446,0.1791,0.003299
2026-09-15 11:04:49,SPX,7577.88,7634.85,7630.0,316,396,0.178,0.003299
2026-09-15 11:04:49,SPX,7577.88,7634.85,7525.0,24,2555,0.2104,0.003299
2026-09-15 11:04:49,SPX,7577.88,7634.85,7635.0,246,549,0.1765,0.003299
2026-09-15 11:04:49,SPX,7577.88,7634.85,7520.0,37,1073,0.212,0.003299
2026-09-15 11:04:49,SPX,7577.88,7634.85,7640.0,297,292,0.175,0.003299
2026-09-15 11:04:49,SPX,7577.88,7634.85,7515.0,43,329,0.2138,0.003299
2026-09-15 11:04:49,SPX,7577.88,7634.85,7645.0,166,464,0.1735,0.003299
2026-09-15 11:04:49,SPX,7577.88,7634.85,7510.0,51,518,0.2157,0.003299
2026-09-15 11:04:49,SPX,7577.88,7634.85,7650.0,4112,4427,0.1721,0.003299
2026-09-15 11:04:49,SPX,7577.88,7634.85,7505.0,39,354,0.2173,0.003299
2026-09-15 11:04:49,SPX,7577.88,7634.85,7655.0,166,786,0.1708,0.003299
2026-09-15 11:04:49,SPX,7577.88,7634.85,7500.0,39,2795,0.2194,0.003299
2026-09-15 11:04:49,SPX,7577.88,7634.85,7660.0,415,261,0.1696,0.003299
2026-09-15 11:04:49,SPX,7577.88,7634.85,7495.0,0,249,0.2217,0.003299
2026-09-15 11:04:49,SPX,7577.88,7634.85,7665.0,242,282,0.1685,0.003299
2026-09-15 11:04:49,SPX,7577.88,7634.85,7490.0,0,396,0.2242,0.003299
2026-09-15 11:04:49,SPX,7577.88,7634.85,7670.0,476,497,0.1676,0.003299
2026-09-15 11:04:49,SPX,7577.88,7634.85,7485.0,2,229,0.2265,0.003299
2026-09-15 11:04:49,SPX,7577.88,7634.85,7675.0,3673,996,0.1667,0.003299
2026-09-15 11:04:49,SPX,7577.88,7634.85,7480.0,7,493,0.2283,0.003299
2026-09-15 11:04:49,SPX,7577.88,7634.85,7680.0,696,901,0.1659,0.003299
2026-09-15 11:04:49,SPX,7577.88,7634.85,7475.0,25,1133,0.2298,0.003299
2026-09-15 11:04:49,SPX,7577.88,7634.85,7685.0,1005,237,0.1652,0.003299
2026-09-15 11:04:49,SPX,7577.88,7634.85,7470.0,26,856,0.2313,0.003299
2026-09-15 11:04:49,SPX,7577.88,7634.85,7690.0,493,125,0.1644,0.003299
2026-09-15 11:04:49,SPX,7577.88,7634.85,7465.0,0,510,0.2329,0.003299
2026-09-15 11:04:49,SPX,7577.88,7634.85,7695.0,392,112,0.1637,0.003299
2026-09-15 11:04:49,SPX,7577.88,7634.85,7460.0,25,536,0.2347,0.003299
2026-09-15 11:04:49,SPX,7577.88,7634.85,7700.0,1586,807,0.163,0.003299
2026-09-15 11:04:49,SPX,7577.88,7634.85,7455.0,1,219,0.2366,0.003299
2026-09-15 11:04:49,SPX,7577.88,7634.85,7705.0,458,2049,0.1625,0.003299
2026-09-15 11:04:49,SPX,7577.88,7634.85,7450.0,4,963,0.2386,0.003299
2026-09-15 11:04:49,SPX,7577.88,7634.85,7710.0,938,121,0.1621,0.003299
2026-09-15 11:04:49,SPX,7577.88,7634.85,7445.0,0,190,0.2407,0.003299
2026-09-15 11:04:49,SPX,7577.88,7634.85,7715.0,439,1316,0.1619,0.003299
2026-09-15 11:04:49,SPX,7577.88,7634.85,7440.0,3,235,0.2429,0.003299
2026-09-15 11:04:49,SPX,7577.88,7634.85,7720.0,456,60,0.1619,0.003299
2026-09-15 11:04:49,SPX,7577.88,7634.85,7435.0,3,170,0.2451,0.003299
2026-09-15 11:04:49,SPX,7577.88,7634.85,7725.0,1340,110,0.1622,0.003299
2026-09-15 11:04:49,SPX,7577.88,7634.85,7430.0,3,207,0.2474,0.003299
2026-09-15 11:04:49,SPX,7577.88,7634.85,7730.0,2856,2056,0.1627,0.003299
2026-09-15 11:04:49,SPX,7577.88,7634.85,7425.0,9,413,0.2497,0.003299
2026-09-15 11:04:49,SPX,7577.88,7634.85,7735.0,662,23,0.1635,0.003299
2026-09-15 11:04:49,SPX,7577.88,7634.85,7420.0,1,743,0.252,0.003299
2026-09-15 11:04:49,SPX,7577.88,7634.85,7740.0,2013,1352,0.1644,0.003299
2026-09-15 11:04:49,SPX,7577.88,7634.85,7415.0,1,1153,0.2544,0.003299
2026-09-15 11:04:49,SPX,7577.88,7634.85,7745.0,733,146,0.1656,0.003299
2026-09-15 11:04:49,SPX,7577.88,7634.85,7410.0,1,414,0.2567,0.003299
2026-09-15 11:04:49,SPX,7577.88,7634.85,7750.0,1605,299,0.1669,0.003299
2026-09-15 11:04:49,SPX,7577.88,7634.85,7405.0,5,328,0.2591,0.003299
2026-09-15 11:04:49,SPX,7577.88,7634.85,7755.0,2979,33,0.1685,0.003299
2026-09-15 11:04:49,SPX,7577.88,7634.85,7400.0,56,2707,0.2615,0.003299
2026-09-15 11:04:49,SPX,7577.88,7634.85,7760.0,502,60,0.1702,0.003299
2026-09-15 11:04:49,SPX,7577.88,7634.85,7395.0,0,1474,0.2639,0.003299
2026-09-15 11:04:49,SPX,7577.88,7634.85,7765.0,1830,27,0.1721,0.003299
2026-09-15 11:04:49,SPX,7577.88,7634.85,7390.0,30,6437,0.2663,0.003299
2026-09-15 11:04:49,SPX,7577.88,7634.85,7770.0,1017,30,0.1742,0.003299
2026-09-15 11:04:49,SPX,7577.88,7634.85,7385.0,1,253,0.2688,0.003299
2026-09-15 11:04:49,SPX,7577.88,7634.85,7775.0,1252,62,0.1765,0.003299
2026-09-15 11:04:49,SPX,7577.88,7634.85,7380.0,1,6484,0.2713,0.003299
2026-09-15 11:04:49,SPX,7577.88,7634.85,7780.0,954,32,0.179,0.003299
2026-09-15 11:04:49,SPX,7577.88,7634.85,7375.0,0,499,0.2738,0.003299
2026-09-15 11:04:49,SPX,7577.88,7634.85,7785.0,381,280,0.1816,0.003299
2026-09-15 11:04:49,SPX,7577.88,7634.85,7370.0,24,209,0.2764,0.003299
2026-09-15 11:04:49,SPX,7577.88,7634.85,7790.0,3000,24,0.1844,0.003299
2026-09-15 11:04:49,SPX,7577.88,7634.85,7365.0,0,311,0.2791,0.003299
2026-09-15 11:04:49,SPX,7577.88,7634.85,7795.0,380,13,0.1873,0.003299
2026-09-15 11:04:49,SPX,7577.88,7634.85,7360.0,2,445,0.2819,0.003299
2026-09-15 11:04:49,SPX,7577.88,7634.85,7800.0,2907,50,0.1902,0.003299
2026-09-15 11:04:49,SPX,7577.88,7634.85,7355.0,0,177,0.2847,0.003299
2026-09-15 11:04:49,SPX,7577.88,7634.85,7805.0,1757,2,0.1933,0.003299
2026-09-15 11:04:49,SPX,7577.88,7634.85,7350.0,1,1518,0.2876,0.003299
2026-09-15 11:04:49,SPX,7577.88,7634.85,7810.0,529,32,0.1965,0.003299
2026-09-15 11:04:49,SPX,7577.88,7634.85,7345.0,0,36,0.2906,0.003299
2026-09-15 11:04:49,SPX,7577.88,7634.85,7815.0,461,4,0.1997,0.003299
2026-09-15 11:04:49,SPX,7577.88,7634.85,7340.0,1,237,0.2936,0.003299
2026-09-15 11:04:49,SPX,7577.88,7634.85,7820.0,1308,62,0.203,0.003299
2026-09-15 11:04:49,SPX,7577.88,7634.85,7335.0,0,2528,0.2967,0.003299
2026-09-15 11:04:49,SPX,7577.88,7634.85,7825.0,1101,42,0.2063,0.003299
2026-09-15 11:04:49,SPX,7577.88,7634.85,7330.0,0,118,0.2998,0.003299
2026-09-15 11:04:49,SPX,7577.88,7634.85,7580.0,220,604,0.1839,0.006037
2026-09-15 11:04:49,SPX,7577.88,7634.85,7575.0,67,350,0.1854,0.006037
2026-09-15 11:04:49,SPX,7577.88,7634.85,7585.0,56,235,0.1826,0.006037
2026-09-15 11:04:49,SPX,7577.88,7634.85,7570.0,88,153,0.1869,0.006037
2026-09-15 11:04:49,SPX,7577.88,7634.85,7590.0,77,210,0.1815,0.006037
2026-09-15 11:04:49,SPX,7577.88,7634.85,7565.0,76,116,0.1884,0.006037
2026-09-15 11:04:49,SPX,7577.88,7634.85,7595.0,129,389,0.1796,0.006037
2026-09-15 11:04:49,SPX,7577.88,7634.85,7560.0,59,278,0.1901,0.006037
2026-09-15 11:04:49,SPX,7577.88,7634.85,7600.0,169,1835,0.1782,0.006037
2026-09-15 11:04:49,SPX,7577.88,7634.85,7555.0,50,195,0.1919,0.006037
2026-09-15 11:04:49,SPX,7577.88,7634.85,7605.0,174,143,0.1769,0.006037
2026-09-15 11:04:49,SPX,7577.88,7634.85,7550.0,81,474,0.1936,0.006037
2026-09-15 11:04:49,SPX,7577.88,7634.85,7610.0,133,353,0.1757,0.006037
2026-09-15 11:04:49,SPX,7577.88,7634.85,7545.0,74,134,0.1954,0.006037
2026-09-15 11:04:49,SPX,7577.88,7634.85,7615.0,144,109,0.1745,0.006037
2026-09-15 11:04:49,SPX,7577.88,7634.85,7540.0,20,581,0.1972,0.006037
2026-09-15 11:04:49,SPX,7577.88,7634.85,7620.0,125,190,0.1734,0.006037
2026-09-15 11:04:49,SPX,7577.88,7634.85,7535.0,12,248,0.1989,0.006037
2026-09-15 11:04:49,SPX,7577.88,7634.85,7625.0,190,625,0.1721,0.006037
2026-09-15 11:04:49,SPX,7577.88,7634.85,7530.0,13,266,0.2004,0.006037
2026-09-15 11:04:49,SPX,7577.88,7634.85,7630.0,152,296,0.1707,0.006037
2026-09-15 11:04:49,SPX,7577.88,7634.85,7525.0,31,444,0.2019,0.006037
2026-09-15 11:04:49,SPX,7577.88,7634.85,7635.0,132,172,0.1691,0.006037
2026-09-15 11:04:49,SPX,7577.88,7634.85,7520.0,3,290,0.2033,0.006037
2026-09-15 11:04:49,SPX,7577.88,7634.85,7640.0,105,218,0.1676,0.006037
2026-09-15 11:04:49,SPX,7577.88,7634.85,7515.0,9,179,0.2048,0.006037
2026-09-15 11:04:49,SPX,7577.88,7634.85,7645.0,179,150,0.1662,0.006037
2026-09-15 11:04:49,SPX,7577.88,7634.85,7510.0,55,274,0.2064,0.006037
2026-09-15 11:04:49,SPX,7577.88,7634.85,7650.0,289,3384,0.165,0.006037
2026-09-15 11:04:49,SPX,7577.88,7634.85,7505.0,21,120,0.208,0.006037
2026-09-15 11:04:49,SPX,7577.88,7634.85,7655.0,261,193,0.1638,0.006037
2026-09-15 11:04:49,SPX,7577.88,7634.85,7500.0,76,1593,0.2096,0.006037
2026-09-15 11:04:49,SPX,7577.88,7634.85,7660.0,410,256,0.1627,0.006037
2026-09-15 11:04:49,SPX,7577.88,7634.85,7495.0,4,96,0.2114,0.006037
2026-09-15 11:04:49,SPX,7577.88,7634.85,7665.0,144,136,0.1618,0.006037
2026-09-15 11:04:49,SPX,7577.88,7634.85,7490.0,4,291,0.2132,0.006037
2026-09-15 11:04:49,SPX,7577.88,7634.85,7670.0,822,544,0.1608,0.006037
2026-09-15 11:04:49,SPX,7577.88,7634.85,7485.0,0,122,0.215,0.006037
2026-09-15 11:04:49,SPX,7577.88,7634.85,7675.0,3893,3939,0.1598,0.006037
2026-09-15 11:04:49,SPX,7577.88,7634.85,7480.0,32,239,0.2168,0.006037
2026-09-15 11:04:49,SPX,7577.88,7634.85,7680.0,658,171,0.1588,0.006037
2026-09-15 11:04:49,SPX,7577.88,7634.85,7475.0,4,257,0.2187,0.006037
2026-09-15 11:04:49,SPX,7577.88,7634.85,7685.0,147,65,0.1578,0.006037
2026-09-15 11:04:49,SPX,7577.88,7634.85,7470.0,31,706,0.2205,0.006037
2026-09-15 11:04:49,SPX,7577.88,7634.85,7690.0,492,304,0.1568,0.006037
2026-09-15 11:04:49,SPX,7577.88,7634.85,7465.0,3,62,0.2224,0.006037
2026-09-15 11:04:49,SPX,7577.88,7634.85,7695.0,191,205,0.1558,0.006037
2026-09-15 11:04:49,SPX,7577.88,7634.85,7460.0,1,471,0.2242,0.006037
2026-09-15 11:04:49,SPX,7577.88,7634.85,7700.0,3694,295,0.1548,0.006037
2026-09-15 11:04:49,SPX,7577.88,7634.85,7455.0,0,119,0.226,0.006037
2026-09-15 11:04:49,SPX,7577.88,7634.85,7705.0,530,158,0.1539,0.006037
2026-09-15 11:04:49,SPX,7577.88,7634.85,7450.0,36,2980,0.2278,0.006037
2026-09-15 11:04:49,SPX,7577.88,7634.85,7710.0,321,137,0.153,0.006037
2026-09-15 11:04:49,SPX,7577.88,7634.85,7445.0,0,135,0.2295,0.006037
2026-09-15 11:04:49,SPX,7577.88,7634.85,7715.0,217,167,0.1521,0.006037
2026-09-15 11:04:49,SPX,7577.88,7634.85,7440.0,7,483,0.2313,0.006037
2026-09-15 11:04:49,SPX,7577.88,7634.85,7720.0,290,119,0.1513,0.006037
2026-09-15 11:04:49,SPX,7577.88,7634.85,7435.0,0,112,0.2331,0.006037
2026-09-15 11:04:49,SPX,7577.88,7634.85,7725.0,881,155,0.1506,0.006037
2026-09-15 11:04:49,SPX,7577.88,7634.85,7430.0,2,261,0.2349,0.006037
2026-09-15 11:04:49,SPX,7577.88,7634.85,7730.0,496,116,0.1501,0.006037
2026-09-15 11:04:49,SPX,7577.88,7634.85,7425.0,0,1625,0.2367,0.006037
2026-09-15 11:04:49,SPX,7577.88,7634.85,7735.0,474,36,0.1497,0.006037
2026-09-15 11:04:49,SPX,7577.88,7634.85,7420.0,26,1343,0.2385,0.006037
2026-09-15 11:04:49,SPX,7577.88,7634.85,7740.0,601,119,0.1494,0.006037
2026-09-15 11:04:49,SPX,7577.88,7634.85,7415.0,0,135,0.2403,0.006037
2026-09-15 11:04:49,SPX,7577.88,7634.85,7745.0,306,28,0.1492,0.006037
2026-09-15 11:04:49,SPX,7577.88,7634.85,7410.0,1,167,0.2422,0.006037
2026-09-15 11:04:49,SPX,7577.88,7634.85,7750.0,990,167,0.1491,0.006037
2026-09-15 11:04:49,SPX,7577.88,7634.85,7405.0,0,98,0.244,0.006037
2026-09-15 11:04:49,SPX,7577.88,7634.85,7755.0,247,31,0.1492,0.006037
2026-09-15 11:04:49,SPX,7577.88,7634.85,7400.0,9,976,0.246,0.006037
2026-09-15 11:04:49,SPX,7577.88,7634.85,7760.0,646,97,0.1494,0.006037
2026-09-15 11:04:49,SPX,7577.88,7634.85,7395.0,0,86,0.2479,0.006037
2026-09-15 11:04:49,SPX,7577.88,7634.85,7765.0,200,43,0.1498,0.006037
2026-09-15 11:04:49,SPX,7577.88,7634.85,7390.0,0,296,0.2499,0.006037
2026-09-15 11:04:49,SPX,7577.88,7634.85,7770.0,1265,63,0.1503,0.006037
2026-09-15 11:04:49,SPX,7577.88,7634.85,7385.0,1,82,0.2519,0.006037
2026-09-15 11:04:49,SPX,7577.88,7634.85,7775.0,861,57,0.1508,0.006037
2026-09-15 11:04:49,SPX,7577.88,7634.85,7380.0,30,179,0.254,0.006037
2026-09-15 11:04:49,SPX,7577.88,7634.85,7780.0,462,39,0.1515,0.006037
2026-09-15 11:04:49,SPX,7577.88,7634.85,7375.0,5,243,0.2561,0.006037
2026-09-15 11:04:49,SPX,7577.88,7634.85,7785.0,265,9,0.1524,0.006037
2026-09-15 11:04:49,SPX,7577.88,7634.85,7370.0,30,169,0.2582,0.006037
2026-09-15 11:04:49,SPX,7577.88,7634.85,7790.0,349,25,0.1533,0.006037
2026-09-15 11:04:49,SPX,7577.88,7634.85,7365.0,0,55,0.2604,0.006037
2026-09-15 11:04:49,SPX,7577.88,7634.85,7795.0,399,5,0.1543,0.006037
2026-09-15 11:04:49,SPX,7577.88,7634.85,7360.0,3,223,0.2626,0.006037
2026-09-15 11:04:49,SPX,7577.88,7634.85,7800.0,3010,91,0.1554,0.006037
2026-09-15 11:04:49,SPX,7577.88,7634.85,7355.0,0,61,0.2649,0.006037
2026-09-15 11:04:49,SPX,7577.88,7634.85,7805.0,1854,3,0.1567,0.006037
2026-09-15 11:04:49,SPX,7577.88,7634.85,7350.0,30,911,0.2671,0.006037
2026-09-15 11:04:49,SPX,7577.88,7634.85,7810.0,485,4,0.158,0.006037
2026-09-15 11:04:49,SPX,7577.88,7634.85,7345.0,0,113,0.2694,0.006037
2026-09-15 11:04:49,SPX,7577.88,7634.85,7815.0,405,2,0.1594,0.006037
2026-09-15 11:04:49,SPX,7577.88,7634.85,7340.0,0,283,0.2717,0.006037
2026-09-15 11:04:49,SPX,7577.88,7634.85,7820.0,319,16,0.1609,0.006037
2026-09-15 11:04:49,SPX,7577.88,7634.85,7335.0,0,241,0.2741,0.006037
2026-09-15 11:04:49,SPX,7577.88,7634.85,7825.0,716,61,0.1625,0.006037
2026-09-15 11:04:49,SPX,7577.88,7634.85,7330.0,0,119,0.2764,0.006037
2026-09-15 11:35:12,SPX,7581.9,7633.54,7580.0,182,3113,0.1403,0.000503
2026-09-15 11:35:12,SPX,7581.9,7633.54,7585.0,219,1148,0.1372,0.000503
2026-09-15 11:35:12,SPX,7581.9,7633.54,7575.0,142,2632,0.1434,0.000503
2026-09-15 11:35:12,SPX,7581.9,7633.54,7590.0,318,1495,0.1368,0.000503
2026-09-15 11:35:12,SPX,7581.9,7633.54,7570.0,175,1632,0.1473,0.000503
2026-09-15 11:35:12,SPX,7581.9,7633.54,7595.0,347,3640,0.138,0.000503
2026-09-15 11:35:12,SPX,7581.9,7633.54,7565.0,688,1156,0.1511,0.000503
2026-09-15 11:35:12,SPX,7581.9,7633.54,7600.0,1628,4377,0.1381,0.000503
2026-09-15 11:35:12,SPX,7581.9,7633.54,7560.0,655,1715,0.1559,0.000503
2026-09-15 11:35:12,SPX,7581.9,7633.54,7605.0,369,727,0.1391,0.000503
2026-09-15 11:35:12,SPX,7581.9,7633.54,7555.0,160,910,0.1613,0.000503
2026-09-15 11:35:12,SPX,7581.9,7633.54,7610.0,407,1239,0.1419,0.000503
2026-09-15 11:35:12,SPX,7581.9,7633.54,7550.0,117,4119,0.1661,0.000503
2026-09-15 11:35:12,SPX,7581.9,7633.54,7615.0,397,2534,0.146,0.000503
2026-09-15 11:35:12,SPX,7581.9,7633.54,7545.0,22,976,0.174,0.000503
2026-09-15 11:35:12,SPX,7581.9,7633.54,7620.0,1077,2661,0.1519,0.000503
2026-09-15 11:35:12,SPX,7581.9,7633.54,7540.0,68,1297,0.1804,0.000503
2026-09-15 11:35:12,SPX,7581.9,7633.54,7625.0,1051,2203,0.1577,0.000503
2026-09-15 11:35:12,SPX,7581.9,7633.54,7535.0,59,1994,0.188,0.000503
2026-09-15 11:35:12,SPX,7581.9,7633.54,7630.0,1307,1454,0.1635,0.000503
2026-09-15 11:35:12,SPX,7581.9,7633.54,7530.0,60,3712,0.1929,0.000503
2026-09-15 11:35:12,SPX,7581.9,7633.54,7635.0,949,911,0.1724,0.000503
2026-09-15 11:35:12,SPX,7581.9,7633.54,7525.0,131,2949,0.2008,0.000503
2026-09-15 11:35:12,SPX,7581.9,7633.54,7640.0,1221,774,0.1791,0.000503
2026-09-15 11:35:12,SPX,7581.9,7633.54,7520.0,64,2119,0.2103,0.000503
2026-09-15 11:35:12,SPX,7581.9,7633.54,7645.0,905,360,0.1873,0.000503
2026-09-15 11:35:12,SPX,7581.9,7633.54,7515.0,33,1288,0.2148,0.000503
2026-09-15 11:35:12,SPX,7581.9,7633.54,7650.0,2860,2876,0.1957,0.000503
2026-09-15 11:35:12,SPX,7581.9,7633.54,7510.0,37,2084,0.223,0.000503
2026-09-15 11:35:12,SPX,7581.9,7633.54,7655.0,1499,374,0.2064,0.000503
2026-09-15 11:35:12,SPX,7581.9,7633.54,7505.0,12,2186,0.2346,0.000503
2026-09-15 11:35:12,SPX,7581.9,7633.54,7660.0,3439,498,0.2157,0.000503
2026-09-15 11:35:12,SPX,7581.9,7633.54,7500.0,70,6429,0.2407,0.000503
2026-09-15 11:35:12,SPX,7581.9,7633.54,7665.0,2015,485,0.2249,0.000503
2026-09-15 11:35:12,SPX,7581.9,7633.54,7495.0,3,2086,0.2463,0.000503
2026-09-15 11:35:12,SPX,7581.9,7633.54,7670.0,2107,659,0.2343,0.000503
2026-09-15 11:35:12,SPX,7581.9,7633.54,7490.0,22,1425,0.2559,0.000503
2026-09-15 11:35:12,SPX,7581.9,7633.54,7675.0,4786,1606,0.2433,0.000503
2026-09-15 11:35:12,SPX,7581.9,7633.54,7485.0,2,2340,0.2658,0.000503
2026-09-15 11:35:12,SPX,7581.9,7633.54,7680.0,3240,555,0.2519,0.000503
2026-09-15 11:35:12,SPX,7581.9,7633.54,7480.0,16,1328,0.2751,0.000503
2026-09-15 11:35:12,SPX,7581.9,7633.54,7685.0,2362,813,0.2599,0.000503
2026-09-15 11:35:12,SPX,7581.9,7633.54,7475.0,7,2599,0.2845,0.000503
2026-09-15 11:35:12,SPX,7581.9,7633.54,7690.0,1579,427,0.2678,0.000503
2026-09-15 11:35:12,SPX,7581.9,7633.54,7470.0,2,769,0.2943,0.000503
2026-09-15 11:35:12,SPX,7581.9,7633.54,7695.0,2022,164,0.2757,0.000503
2026-09-15 11:35:12,SPX,7581.9,7633.54,7465.0,0,3434,0.3034,0.000503
2026-09-15 11:35:12,SPX,7581.9,7633.54,7700.0,4610,864,0.2837,0.000503
2026-09-15 11:35:12,SPX,7581.9,7633.54,7460.0,10,1810,0.3112,0.000503
2026-09-15 11:35:12,SPX,7581.9,7633.54,7705.0,1433,446,0.2919,0.000503
2026-09-15 11:35:12,SPX,7581.9,7633.54,7455.0,14,427,0.3197,0.000503
2026-09-15 11:35:12,SPX,7581.9,7633.54,7710.0,2583,749,0.3003,0.000503
2026-09-15 11:35:12,SPX,7581.9,7633.54,7450.0,12,4782,0.3282,0.000503
2026-09-15 11:35:12,SPX,7581.9,7633.54,7715.0,2171,175,0.3088,0.000503
2026-09-15 11:35:12,SPX,7581.9,7633.54,7445.0,2,568,0.3363,0.000503
2026-09-15 11:35:12,SPX,7581.9,7633.54,7720.0,1689,343,0.3175,0.000503
2026-09-15 11:35:12,SPX,7581.9,7633.54,7440.0,34,1197,0.344,0.000503
2026-09-15 11:35:12,SPX,7581.9,7633.54,7725.0,7849,224,0.3264,0.000503
2026-09-15 11:35:12,SPX,7581.9,7633.54,7435.0,0,3101,0.3516,0.000503
2026-09-15 11:35:12,SPX,7581.9,7633.54,7730.0,1070,245,0.3356,0.000503
2026-09-15 11:35:12,SPX,7581.9,7633.54,7430.0,4,1433,0.3595,0.000503
2026-09-15 11:35:12,SPX,7581.9,7633.54,7735.0,1377,59,0.3453,0.000503
2026-09-15 11:35:12,SPX,7581.9,7633.54,7425.0,10,3151,0.3679,0.000503
2026-09-15 11:35:12,SPX,7581.9,7633.54,7740.0,974,87,0.3555,0.000503
2026-09-15 11:35:12,SPX,7581.9,7633.54,7420.0,3,828,0.3768,0.000503
2026-09-15 11:35:12,SPX,7581.9,7633.54,7745.0,1326,79,0.3658,0.000503
2026-09-15 11:35:12,SPX,7581.9,7633.54,7415.0,0,511,0.3861,0.000503
2026-09-15 11:35:12,SPX,7581.9,7633.54,7750.0,2400,819,0.376,0.000503
2026-09-15 11:35:12,SPX,7581.9,7633.54,7410.0,32,660,0.3957,0.000503
2026-09-15 11:35:12,SPX,7581.9,7633.54,7755.0,652,51,0.3857,0.000503
2026-09-15 11:35:12,SPX,7581.9,7633.54,7405.0,0,268,0.4055,0.000503
2026-09-15 11:35:12,SPX,7581.9,7633.54,7760.0,749,62,0.3948,0.000503
2026-09-15 11:35:12,SPX,7581.9,7633.54,7400.0,14,3697,0.4155,0.000503
2026-09-15 11:35:12,SPX,7581.9,7633.54,7765.0,813,22,0.4031,0.000503
2026-09-15 11:35:12,SPX,7581.9,7633.54,7395.0,0,298,0.4255,0.000503
2026-09-15 11:35:12,SPX,7581.9,7633.54,7770.0,937,43,0.4104,0.000503
2026-09-15 11:35:12,SPX,7581.9,7633.54,7390.0,1,488,0.4354,0.000503
2026-09-15 11:35:12,SPX,7581.9,7633.54,7775.0,1187,25,0.4169,0.000503
2026-09-15 11:35:12,SPX,7581.9,7633.54,7385.0,0,1903,0.4454,0.000503
2026-09-15 11:35:12,SPX,7581.9,7633.54,7780.0,1310,129,0.4224,0.000503
2026-09-15 11:35:12,SPX,7581.9,7633.54,7380.0,2,2659,0.4554,0.000503
2026-09-15 11:35:12,SPX,7581.9,7633.54,7785.0,4397,26,0.4269,0.000503
2026-09-15 11:35:12,SPX,7581.9,7633.54,7375.0,22,575,0.4654,0.000503
2026-09-15 11:35:12,SPX,7581.9,7633.54,7790.0,1945,83,0.4304,0.000503
2026-09-15 11:35:12,SPX,7581.9,7633.54,7370.0,1,1752,0.4754,0.000503
2026-09-15 11:35:12,SPX,7581.9,7633.54,7795.0,398,1,0.4327,0.000503
2026-09-15 11:35:12,SPX,7581.9,7633.54,7365.0,10,4516,0.4856,0.000503
2026-09-15 11:35:12,SPX,7581.9,7633.54,7800.0,2963,70,0.4342,0.000503
2026-09-15 11:35:12,SPX,7581.9,7633.54,7360.0,26,625,0.4957,0.000503
2026-09-15 11:35:12,SPX,7581.9,7633.54,7805.0,836,9,0.4349,0.000503
2026-09-15 11:35:12,SPX,7581.9,7633.54,7355.0,0,285,0.506,0.000503
2026-09-15 11:35:12,SPX,7581.9,7633.54,7810.0,1015,7,0.4349,0.000503
2026-09-15 11:35:12,SPX,7581.9,7633.54,7350.0,14,4506,0.5162,0.000503
2026-09-15 11:35:12,SPX,7581.9,7633.54,7815.0,559,3,0.4343,0.000503
2026-09-15 11:35:12,SPX,7581.9,7633.54,7345.0,0,186,0.5264,0.000503
2026-09-15 11:35:12,SPX,7581.9,7633.54,7820.0,731,19,0.4331,0.000503
2026-09-15 11:35:12,SPX,7581.9,7633.54,7340.0,3,752,0.5365,0.000503
2026-09-15 11:35:12,SPX,7581.9,7633.54,7825.0,2294,50,0.4315,0.000503
2026-09-15 11:35:12,SPX,7581.9,7633.54,7335.0,0,228,0.5465,0.000503
2026-09-15 11:35:12,SPX,7581.9,7633.54,7830.0,1760,3,0.4296,0.000503
2026-09-15 11:35:12,SPX,7581.9,7633.54,7580.0,99,709,0.1924,0.003241
2026-09-15 11:35:12,SPX,7581.9,7633.54,7585.0,138,528,0.1912,0.003241
2026-09-15 11:35:12,SPX,7581.9,7633.54,7575.0,74,685,0.1935,0.003241
2026-09-15 11:35:12,SPX,7581.9,7633.54,7590.0,105,464,0.1895,0.003241
2026-09-15 11:35:12,SPX,7581.9,7633.54,7570.0,48,829,0.1952,0.003241
2026-09-15 11:35:12,SPX,7581.9,7633.54,7595.0,109,539,0.1873,0.003241
2026-09-15 11:35:12,SPX,7581.9,7633.54,7565.0,17,272,0.1975,0.003241
2026-09-15 11:35:12,SPX,7581.9,7633.54,7600.0,708,2728,0.1861,0.003241
2026-09-15 11:35:12,SPX,7581.9,7633.54,7560.0,49,506,0.1995,0.003241
2026-09-15 11:35:12,SPX,7581.9,7633.54,7605.0,181,231,0.1844,0.003241
2026-09-15 11:35:12,SPX,7581.9,7633.54,7555.0,51,301,0.2007,0.003241
2026-09-15 11:35:12,SPX,7581.9,7633.54,7610.0,120,528,0.1827,0.003241
2026-09-15 11:35:12,SPX,7581.9,7633.54,7550.0,91,1255,0.202,0.003241
2026-09-15 11:35:12,SPX,7581.9,7633.54,7615.0,179,188,0.1811,0.003241
2026-09-15 11:35:12,SPX,7581.9,7633.54,7545.0,13,400,0.2036,0.003241
2026-09-15 11:35:12,SPX,7581.9,7633.54,7620.0,221,316,0.1797,0.003241
2026-09-15 11:35:12,SPX,7581.9,7633.54,7540.0,38,700,0.2058,0.003241
2026-09-15 11:35:12,SPX,7581.9,7633.54,7625.0,219,3446,0.1784,0.003241
2026-09-15 11:35:12,SPX,7581.9,7633.54,7535.0,30,338,0.2075,0.003241
2026-09-15 11:35:12,SPX,7581.9,7633.54,7630.0,316,396,0.1772,0.003241
2026-09-15 11:35:12,SPX,7581.9,7633.54,7530.0,27,446,0.2093,0.003241
2026-09-15 11:35:12,SPX,7581.9,7633.54,7635.0,246,549,0.1763,0.003241
2026-09-15 11:35:12,SPX,7581.9,7633.54,7525.0,24,2555,0.2118,0.003241
2026-09-15 11:35:12,SPX,7581.9,7633.54,7640.0,297,292,0.1751,0.003241
2026-09-15 11:35:12,SPX,7581.9,7633.54,7520.0,37,1073,0.213,0.003241
2026-09-15 11:35:12,SPX,7581.9,7633.54,7645.0,166,464,0.1737,0.003241
2026-09-15 11:35:12,SPX,7581.9,7633.54,7515.0,43,329,0.2144,0.003241
2026-09-15 11:35:12,SPX,7581.9,7633.54,7650.0,4112,4427,0.1721,0.003241
2026-09-15 11:35:12,SPX,7581.9,7633.54,7510.0,51,518,0.216,0.003241
2026-09-15 11:35:12,SPX,7581.9,7633.54,7655.0,166,786,0.1705,0.003241
2026-09-15 11:35:12,SPX,7581.9,7633.54,7505.0,39,354,0.2184,0.003241
2026-09-15 11:35:12,SPX,7581.9,7633.54,7660.0,415,261,0.169,0.003241
2026-09-15 11:35:12,SPX,7581.9,7633.54,7500.0,39,2795,0.2198,0.003241
2026-09-15 11:35:12,SPX,7581.9,7633.54,7665.0,242,282,0.1676,0.003241
2026-09-15 11:35:12,SPX,7581.9,7633.54,7495.0,0,249,0.2218,0.003241
2026-09-15 11:35:12,SPX,7581.9,7633.54,7670.0,476,497,0.1665,0.003241
2026-09-15 11:35:12,SPX,7581.9,7633.54,7490.0,0,396,0.2238,0.003241
2026-09-15 11:35:12,SPX,7581.9,7633.54,7675.0,3673,996,0.1657,0.003241
2026-09-15 11:35:12,SPX,7581.9,7633.54,7485.0,2,229,0.2257,0.003241
2026-09-15 11:35:12,SPX,7581.9,7633.54,7680.0,696,901,0.1651,0.003241
2026-09-15 11:35:12,SPX,7581.9,7633.54,7480.0,7,493,0.2279,0.003241
2026-09-15 11:35:12,SPX,7581.9,7633.54,7685.0,1005,237,0.1647,0.003241
2026-09-15 11:35:12,SPX,7581.9,7633.54,7475.0,25,1133,0.2302,0.003241
2026-09-15 11:35:12,SPX,7581.9,7633.54,7690.0,493,125,0.1642,0.003241
2026-09-15 11:35:12,SPX,7581.9,7633.54,7470.0,26,856,0.2321,0.003241
2026-09-15 11:35:12,SPX,7581.9,7633.54,7695.0,392,112,0.1638,0.003241
2026-09-15 11:35:12,SPX,7581.9,7633.54,7465.0,0,510,0.2336,0.003241
2026-09-15 11:35:12,SPX,7581.9,7633.54,7700.0,1586,807,0.1633,0.003241
2026-09-15 11:35:12,SPX,7581.9,7633.54,7460.0,25,536,0.235,0.003241
2026-09-15 11:35:12,SPX,7581.9,7633.54,7705.0,458,2049,0.1627,0.003241
2026-09-15 11:35:12,SPX,7581.9,7633.54,7455.0,1,219,0.2365,0.003241
2026-09-15 11:35:12,SPX,7581.9,7633.54,7710.0,938,121,0.1621,0.003241
2026-09-15 11:35:12,SPX,7581.9,7633.54,7450.0,4,963,0.2382,0.003241
2026-09-15 11:35:12,SPX,7581.9,7633.54,7715.0,439,1316,0.1616,0.003241
2026-09-15 11:35:12,SPX,7581.9,7633.54,7445.0,0,190,0.2402,0.003241
2026-09-15 11:35:12,SPX,7581.9,7633.54,7720.0,456,60,0.1612,0.003241
2026-09-15 11:35:12,SPX,7581.9,7633.54,7440.0,3,235,0.2423,0.003241
2026-09-15 11:35:12,SPX,7581.9,7633.54,7725.0,1340,110,0.1609,0.003241
2026-09-15 11:35:12,SPX,7581.9,7633.54,7435.0,3,170,0.2445,0.003241
2026-09-15 11:35:12,SPX,7581.9,7633.54,7730.0,2856,2056,0.1609,0.003241
2026-09-15 11:35:12,SPX,7581.9,7633.54,7430.0,3,207,0.2469,0.003241
2026-09-15 11:35:12,SPX,7581.9,7633.54,7735.0,662,23,0.1611,0.003241
2026-09-15 11:35:12,SPX,7581.9,7633.54,7425.0,9,413,0.2493,0.003241
2026-09-15 11:35:12,SPX,7581.9,7633.54,7740.0,2013,1352,0.1616,0.003241
2026-09-15 11:35:12,SPX,7581.9,7633.54,7420.0,1,743,0.2518,0.003241
2026-09-15 11:35:12,SPX,7581.9,7633.54,7745.0,733,146,0.1624,0.003241
2026-09-15 11:35:12,SPX,7581.9,7633.54,7415.0,1,1153,0.2542,0.003241
2026-09-15 11:35:12,SPX,7581.9,7633.54,7750.0,1605,299,0.1634,0.003241
2026-09-15 11:35:12,SPX,7581.9,7633.54,7410.0,1,414,0.2567,0.003241
2026-09-15 11:35:12,SPX,7581.9,7633.54,7755.0,2979,33,0.1647,0.003241
2026-09-15 11:35:12,SPX,7581.9,7633.54,7405.0,5,328,0.2591,0.003241
2026-09-15 11:35:12,SPX,7581.9,7633.54,7760.0,502,60,0.1663,0.003241
2026-09-15 11:35:12,SPX,7581.9,7633.54,7400.0,56,2707,0.2615,0.003241
2026-09-15 11:35:12,SPX,7581.9,7633.54,7765.0,1830,27,0.168,0.003241
2026-09-15 11:35:12,SPX,7581.9,7633.54,7395.0,0,1474,0.2639,0.003241
2026-09-15 11:35:12,SPX,7581.9,7633.54,7770.0,1017,30,0.1698,0.003241
2026-09-15 11:35:12,SPX,7581.9,7633.54,7390.0,30,6437,0.2664,0.003241
2026-09-15 11:35:12,SPX,7581.9,7633.54,7775.0,1252,62,0.1718,0.003241
2026-09-15 11:35:12,SPX,7581.9,7633.54,7385.0,1,253,0.2688,0.003241
2026-09-15 11:35:12,SPX,7581.9,7633.54,7780.0,954,32,0.174,0.003241
2026-09-15 11:35:12,SPX,7581.9,7633.54,7380.0,1,6484,0.2713,0.003241
2026-09-15 11:35:12,SPX,7581.9,7633.54,7785.0,381,280,0.1762,0.003241
2026-09-15 11:35:12,SPX,7581.9,7633.54,7375.0,0,499,0.2738,0.003241
2026-09-15 11:35:12,SPX,7581.9,7633.54,7790.0,3000,24,0.1787,0.003241
2026-09-15 11:35:12,SPX,7581.9,7633.54,7370.0,24,209,0.2763,0.003241
2026-09-15 11:35:12,SPX,7581.9,7633.54,7795.0,380,13,0.1812,0.003241
2026-09-15 11:35:12,SPX,7581.9,7633.54,7365.0,0,311,0.279,0.003241
2026-09-15 11:35:12,SPX,7581.9,7633.54,7800.0,2907,50,0.1839,0.003241
2026-09-15 11:35:12,SPX,7581.9,7633.54,7360.0,2,445,0.2817,0.003241
2026-09-15 11:35:12,SPX,7581.9,7633.54,7805.0,1757,2,0.1869,0.003241
2026-09-15 11:35:12,SPX,7581.9,7633.54,7355.0,0,177,0.2844,0.003241
2026-09-15 11:35:12,SPX,7581.9,7633.54,7810.0,529,32,0.19,0.003241
2026-09-15 11:35:12,SPX,7581.9,7633.54,7350.0,1,1518,0.2873,0.003241
2026-09-15 11:35:12,SPX,7581.9,7633.54,7815.0,461,4,0.1932,0.003241
2026-09-15 11:35:12,SPX,7581.9,7633.54,7345.0,0,36,0.2902,0.003241
2026-09-15 11:35:12,SPX,7581.9,7633.54,7820.0,1308,62,0.1967,0.003241
2026-09-15 11:35:12,SPX,7581.9,7633.54,7340.0,1,237,0.2932,0.003241
2026-09-15 11:35:12,SPX,7581.9,7633.54,7825.0,1101,42,0.2003,0.003241
2026-09-15 11:35:12,SPX,7581.9,7633.54,7335.0,0,2528,0.2963,0.003241
2026-09-15 11:35:12,SPX,7581.9,7633.54,7830.0,592,128,0.204,0.003241
2026-09-15 11:35:12,SPX,7581.9,7633.54,7580.0,220,604,0.1835,0.005979
2026-09-15 11:35:12,SPX,7581.9,7633.54,7585.0,56,235,0.182,0.005979
2026-09-15 11:35:12,SPX,7581.9,7633.54,7575.0,67,350,0.1849,0.005979
2026-09-15 11:35:12,SPX,7581.9,7633.54,7590.0,77,210,0.1806,0.005979
2026-09-15 11:35:12,SPX,7581.9,7633.54,7570.0,88,153,0.1864,0.005979
2026-09-15 11:35:12,SPX,7581.9,7633.54,7595.0,129,389,0.1794,0.005979
2026-09-15 11:35:12,SPX,7581.9,7633.54,7565.0,76,116,0.1877,0.005979
2026-09-15 11:35:12,SPX,7581.9,7633.54,7600.0,169,1835,0.1776,0.005979
2026-09-15 11:35:12,SPX,7581.9,7633.54,7560.0,59,278,0.1891,0.005979
2026-09-15 11:35:12,SPX,7581.9,7633.54,7605.0,174,143,0.1761,0.005979
2026-09-15 11:35:12,SPX,7581.9,7633.54,7555.0,50,195,0.1906,0.005979
2026-09-15 11:35:12,SPX,7581.9,7633.54,7610.0,133,353,0.1746,0.005979
2026-09-15 11:35:12,SPX,7581.9,7633.54,7550.0,81,474,0.1922,0.005979
2026-09-15 11:35:12,SPX,7581.9,7633.54,7615.0,144,109,0.1733,0.005979
2026-09-15 11:35:12,SPX,7581.9,7633.54,7545.0,74,134,0.1937,0.005979
2026-09-15 11:35:12,SPX,7581.9,7633.54,7620.0,125,190,0.1718,0.005979
2026-09-15 11:35:12,SPX,7581.9,7633.54,7540.0,20,581,0.1955,0.005979
2026-09-15 11:35:12,SPX,7581.9,7633.54,7625.0,190,625,0.1702,0.005979
2026-09-15 11:35:12,SPX,7581.9,7633.54,7535.0,12,248,0.1974,0.005979
2026-09-15 11:35:12,SPX,7581.9,7633.54,7630.0,152,296,0.1689,0.005979
2026-09-15 11:35:12,SPX,7581.9,7633.54,7530.0,13,266,0.1991,0.005979
2026-09-15 11:35:12,SPX,7581.9,7633.54,7635.0,132,172,0.1676,0.005979
2026-09-15 11:35:12,SPX,7581.9,7633.54,7525.0,31,444,0.2007,0.005979
2026-09-15 11:35:12,SPX,7581.9,7633.54,7640.0,105,218,0.1665,0.005979
2026-09-15 11:35:12,SPX,7581.9,7633.54,7520.0,3,290,0.2022,0.005979
2026-09-15 11:35:12,SPX,7581.9,7633.54,7645.0,179,150,0.1654,0.005979
2026-09-15 11:35:12,SPX,7581.9,7633.54,7515.0,9,179,0.2036,0.005979
2026-09-15 11:35:12,SPX,7581.9,7633.54,7650.0,289,3384,0.1643,0.005979
2026-09-15 11:35:12,SPX,7581.9,7633.54,7510.0,55,274,0.205,0.005979
2026-09-15 11:35:12,SPX,7581.9,7633.54,7655.0,261,193,0.1631,0.005979
2026-09-15 11:35:12,SPX,7581.9,7633.54,7505.0,21,120,0.2065,0.005979
2026-09-15 11:35:12,SPX,7581.9,7633.54,7660.0,410,256,0.162,0.005979
2026-09-15 11:35:12,SPX,7581.9,7633.54,7500.0,76,1593,0.2081,0.005979
2026-09-15 11:35:12,SPX,7581.9,7633.54,7665.0,144,136,0.161,0.005979
2026-09-15 11:35:12,SPX,7581.9,7633.54,7495.0,4,96,0.2098,0.005979
2026-09-15 11:35:12,SPX,7581.9,7633.54,7670.0,822,544,0.16,0.005979
2026-09-15 11:35:12,SPX,7581.9,7633.54,7490.0,4,291,0.2116,0.005979
2026-09-15 11:35:12,SPX,7581.9,7633.54,7675.0,3893,3939,0.1591,0.005979
2026-09-15 11:35:12,SPX,7581.9,7633.54,7485.0,0,122,0.2134,0.005979
2026-09-15 11:35:12,SPX,7581.9,7633.54,7680.0,658,171,0.158,0.005979
2026-09-15 11:35:12,SPX,7581.9,7633.54,7480.0,32,239,0.2153,0.005979
2026-09-15 11:35:12,SPX,7581.9,7633.54,7685.0,147,65,0.1568,0.005979
2026-09-15 11:35:12,SPX,7581.9,7633.54,7475.0,4,257,0.2172,0.005979
2026-09-15 11:35:12,SPX,7581.9,7633.54,7690.0,492,304,0.1557,0.005979
2026-09-15 11:35:12,SPX,7581.9,7633.54,7470.0,31,706,0.219,0.005979
2026-09-15 11:35:12,SPX,7581.9,7633.54,7695.0,191,205,0.1547,0.005979
2026-09-15 11:35:12,SPX,7581.9,7633.54,7465.0,3,62,0.2209,0.005979
2026-09-15 11:35:12,SPX,7581.9,7633.54,7700.0,3694,295,0.1538,0.005979
2026-09-15 11:35:12,SPX,7581.9,7633.54,7460.0,1,471,0.2227,0.005979
2026-09-15 11:35:12,SPX,7581.9,7633.54,7705.0,530,158,0.153,0.005979
2026-09-15 11:35:12,SPX,7581.9,7633.54,7455.0,0,119,0.2246,0.005979
2026-09-15 11:35:12,SPX,7581.9,7633.54,7710.0,321,137,0.1522,0.005979
2026-09-15 11:35:12,SPX,7581.9,7633.54,7450.0,36,2980,0.2264,0.005979
2026-09-15 11:35:12,SPX,7581.9,7633.54,7715.0,217,167,0.1515,0.005979
2026-09-15 11:35:12,SPX,7581.9,7633.54,7445.0,0,135,0.2282,0.005979
2026-09-15 11:35:12,SPX,7581.9,7633.54,7720.0,290,119,0.1508,0.005979
2026-09-15 11:35:12,SPX,7581.9,7633.54,7440.0,7,483,0.2299,0.005979
2026-09-15 11:35:12,SPX,7581.9,7633.54,7725.0,881,155,0.1501,0.005979
2026-09-15 11:35:12,SPX,7581.9,7633.54,7435.0,0,112,0.2317,0.005979
2026-09-15 11:35:12,SPX,7581.9,7633.54,7730.0,496,116,0.1496,0.005979
2026-09-15 11:35:12,SPX,7581.9,7633.54,7430.0,2,261,0.2335,0.005979
2026-09-15 11:35:12,SPX,7581.9,7633.54,7735.0,474,36,0.1493,0.005979
2026-09-15 11:35:12,SPX,7581.9,7633.54,7425.0,0,1625,0.2353,0.005979
2026-09-15 11:35:12,SPX,7581.9,7633.54,7740.0,601,119,0.1491,0.005979
2026-09-15 11:35:12,SPX,7581.9,7633.54,7420.0,26,1343,0.2371,0.005979
2026-09-15 11:35:12,SPX,7581.9,7633.54,7745.0,306,28,0.149,0.005979
2026-09-15 11:35:12,SPX,7581.9,7633.54,7415.0,0,135,0.2389,0.005979
2026-09-15 11:35:12,SPX,7581.9,7633.54,7750.0,990,167,0.1491,0.005979
2026-09-15 11:35:12,SPX,7581.9,7633.54,7410.0,1,167,0.2407,0.005979
2026-09-15 11:35:12,SPX,7581.9,7633.54,7755.0,247,31,0.1492,0.005979
2026-09-15 11:35:12,SPX,7581.9,7633.54,7405.0,0,98,0.2426,0.005979
2026-09-15 11:35:12,SPX,7581.9,7633.54,7760.0,646,97,0.1495,0.005979
2026-09-15 11:35:12,SPX,7581.9,7633.54,7400.0,9,976,0.2445,0.005979
2026-09-15 11:35:12,SPX,7581.9,7633.54,7765.0,200,43,0.1498,0.005979
2026-09-15 11:35:12,SPX,7581.9,7633.54,7395.0,0,86,0.2464,0.005979
2026-09-15 11:35:12,SPX,7581.9,7633.54,7770.0,1265,63,0.1502,0.005979
2026-09-15 11:35:12,SPX,7581.9,7633.54,7390.0,0,296,0.2484,0.005979
2026-09-15 11:35:12,SPX,7581.9,7633.54,7775.0,861,57,0.1507,0.005979
2026-09-15 11:35:12,SPX,7581.9,7633.54,7385.0,1,82,0.2504,0.005979
2026-09-15 11:35:12,SPX,7581.9,7633.54,7780.0,462,39,0.1513,0.005979
2026-09-15 11:35:12,SPX,7581.9,7633.54,7380.0,30,179,0.2524,0.005979
2026-09-15 11:35:12,SPX,7581.9,7633.54,7785.0,265,9,0.152,0.005979
2026-09-15 11:35:12,SPX,7581.9,7633.54,7375.0,5,243,0.2545,0.005979
2026-09-15 11:35:12,SPX,7581.9,7633.54,7790.0,349,25,0.1528,0.005979
2026-09-15 11:35:12,SPX,7581.9,7633.54,7370.0,30,169,0.2566,0.005979
2026-09-15 11:35:12,SPX,7581.9,7633.54,7795.0,399,5,0.1536,0.005979
2026-09-15 11:35:12,SPX,7581.9,7633.54,7365.0,0,55,0.2587,0.005979
2026-09-15 11:35:12,SPX,7581.9,7633.54,7800.0,3010,91,0.15,0.005979
2026-09-15 11:35:12,SPX,7581.9,7633.54,7360.0,3,223,0.2609,0.005979
2026-09-15 11:35:12,SPX,7581.9,7633.54,7805.0,1854,3,0.15,0.005979
2026-09-15 11:35:12,SPX,7581.9,7633.54,7355.0,0,61,0.2631,0.005979
2026-09-15 11:35:12,SPX,7581.9,7633.54,7810.0,485,4,0.1569,0.005979
2026-09-15 11:35:12,SPX,7581.9,7633.54,7350.0,30,911,0.2653,0.005979
2026-09-15 11:35:12,SPX,7581.9,7633.54,7815.0,405,2,0.1582,0.005979
2026-09-15 11:35:12,SPX,7581.9,7633.54,7345.0,0,113,0.2676,0.005979
2026-09-15 11:35:12,SPX,7581.9,7633.54,7820.0,319,16,0.1596,0.005979
2026-09-15 11:35:12,SPX,7581.9,7633.54,7340.0,0,283,0.2698,0.005979
2026-09-15 11:35:12,SPX,7581.9,7633.54,7825.0,716,61,0.1611,0.005979
2026-09-15 11:35:12,SPX,7581.9,7633.54,7335.0,0,241,0.2722,0.005979
2026-09-15 11:35:12,SPX,7581.9,7633.54,7830.0,485,3,0.1627,0.005979
2026-09-15 12:05:39,SPX,7583.62,7633.42,7585.0,219,1148,0.1318,0.000446
2026-09-15 12:05:39,SPX,7583.62,7633.42,7580.0,182,3113,0.1325,0.000446
2026-09-15 12:05:39,SPX,7583.62,7633.42,7590.0,318,1495,0.1318,0.000446
2026-09-15 12:05:39,SPX,7583.62,7633.42,7575.0,142,2632,0.135,0.000446
2026-09-15 12:05:39,SPX,7583.62,7633.42,7595.0,347,3640,0.1327,0.000446
2026-09-15 12:05:39,SPX,7583.62,7633.42,7570.0,175,1632,0.138,0.000446
2026-09-15 12:05:39,SPX,7583.62,7633.42,7600.0,1628,4377,0.134,0.000446
2026-09-15 12:05:39,SPX,7583.62,7633.42,7565.0,688,1156,0.1434,0.000446
2026-09-15 12:05:39,SPX,7583.62,7633.42,7605.0,369,727,0.1369,0.000446
2026-09-15 12:05:39,SPX,7583.62,7633.42,7560.0,655,1715,0.1489,0.000446
2026-09-15 12:05:39,SPX,7583.62,7633.42,7610.0,407,1239,0.1422,0.000446
2026-09-15 12:05:39,SPX,7583.62,7633.42,7555.0,160,910,0.1547,0.000446
2026-09-15 12:05:39,SPX,7583.62,7633.42,7615.0,397,2534,0.1478,0.000446
2026-09-15 12:05:39,SPX,7583.62,7633.42,7550.0,117,4119,0.1593,0.000446
2026-09-15 12:05:39,SPX,7583.62,7633.42,7620.0,1077,2661,0.1549,0.000446
2026-09-15 12:05:39,SPX,7583.62,7633.42,7545.0,22,976,0.1674,0.000446
2026-09-15 12:05:39,SPX,7583.62,7633.42,7625.0,1051,2203,0.1618,0.000446
2026-09-15 12:05:39,SPX,7583.62,7633.42,7540.0,68,1297,0.175,0.000446
2026-09-15 12:05:39,SPX,7583.62,7633.42,7630.0,1307,1454,0.1695,0.000446
2026-09-15 12:05:39,SPX,7583.62,7633.42,7535.0,59,1994,0.1843,0.000446
2026-09-15 12:05:39,SPX,7583.62,7633.42,7635.0,949,911,0.1766,0.000446
2026-09-15 12:05:39,SPX,7583.62,7633.42,7530.0,60,3712,0.1869,0.000446
2026-09-15 12:05:39,SPX,7583.62,7633.42,7640.0,1221,774,0.1833,0.000446
2026-09-15 12:05:39,SPX,7583.62,7633.42,7525.0,131,2949,0.1971,0.000446
2026-09-15 12:05:39,SPX,7583.62,7633.42,7645.0,905,360,0.1932,0.000446
2026-09-15 12:05:39,SPX,7583.62,7633.42,7520.0,64,2119,0.2081,0.000446
2026-09-15 12:05:39,SPX,7583.62,7633.42,7650.0,2860,2876,0.2044,0.000446
2026-09-15 12:05:39,SPX,7583.62,7633.42,7515.0,33,1288,0.2153,0.000446
2026-09-15 12:05:39,SPX,7583.62,7633.42,7655.0,1499,374,0.2145,0.000446
2026-09-15 12:05:39,SPX,7583.62,7633.42,7510.0,37,2084,0.2275,0.000446
2026-09-15 12:05:39,SPX,7583.62,7633.42,7660.0,3439,498,0.2234,0.000446
2026-09-15 12:05:39,SPX,7583.62,7633.42,7505.0,12,2186,0.2317,0.000446
2026-09-15 12:05:39,SPX,7583.62,7633.42,7665.0,2015,485,0.2314,0.000446
2026-09-15 12:05:39,SPX,7583.62,7633.42,7500.0,70,6429,0.2398,0.000446
2026-09-15 12:05:39,SPX,7583.62,7633.42,7670.0,2107,659,0.239,0.000446
2026-09-15 12:05:39,SPX,7583.62,7633.42,7495.0,3,2086,0.2514,0.000446
2026-09-15 12:05:39,SPX,7583.62,7633.42,7675.0,4786,1606,0.2466,0.000446
2026-09-15 12:05:39,SPX,7583.62,7633.42,7490.0,22,1425,0.2632,0.000446
2026-09-15 12:05:39,SPX,7583.62,7633.42,7680.0,3240,555,0.2544,0.000446
2026-09-15 12:05:39,SPX,7583.62,7633.42,7485.0,2,2340,0.2753,0.000446
2026-09-15 12:05:39,SPX,7583.62,7633.42,7685.0,2362,813,0.2627,0.000446
2026-09-15 12:05:39,SPX,7583.62,7633.42,7480.0,16,1328,0.2874,0.000446
2026-09-15 12:05:39,SPX,7583.62,7633.42,7690.0,1579,427,0.2715,0.000446
2026-09-15 12:05:39,SPX,7583.62,7633.42,7470.0,2,0,0.3083,0.000446
2026-09-15 12:05:39,SPX,7583.62,7633.42,7700.0,4610,864,0.2903,0.000446
2026-09-15 12:05:39,SPX,7583.62,7633.42,7465.0,0,3434,0.3165,0.000446
2026-09-15 12:05:39,SPX,7583.62,7633.42,7705.0,1433,446,0.3,0.000446
2026-09-15 12:05:39,SPX,7583.62,7633.42,7460.0,10,1810,0.3238,0.000446
2026-09-15 12:05:39,SPX,7583.62,7633.42,7710.0,2583,749,0.3099,0.000446
2026-09-15 12:05:39,SPX,7583.62,7633.42,7455.0,14,427,0.3309,0.000446
2026-09-15 12:05:39,SPX,7583.62,7633.42,7715.0,2171,175,0.3202,0.000446
2026-09-15 12:05:39,SPX,7583.62,7633.42,7450.0,12,4782,0.3386,0.000446
2026-09-15 12:05:39,SPX,7583.62,7633.42,7720.0,1689,343,0.3307,0.000446
2026-09-15 12:05:39,SPX,7583.62,7633.42,7445.0,2,568,0.347,0.000446
2026-09-15 12:05:39,SPX,7583.62,7633.42,7725.0,7849,224,0.3416,0.000446
2026-09-15 12:05:39,SPX,7583.62,7633.42,7440.0,34,1197,0.3562,0.000446
2026-09-15 12:05:39,SPX,7583.62,7633.42,7730.0,1070,245,0.3524,0.000446
2026-09-15 12:05:39,SPX,7583.62,7633.42,7435.0,0,3101,0.366,0.000446
2026-09-15 12:05:39,SPX,7583.62,7633.42,7735.0,1377,59,0.363,0.000446
2026-09-15 12:05:39,SPX,7583.62,7633.42,7430.0,4,1433,0.3764,0.000446
2026-09-15 12:05:39,SPX,7583.62,7633.42,7740.0,974,87,0.373,0.000446
2026-09-15 12:05:39,SPX,7583.62,7633.42,7425.0,10,3151,0.3871,0.000446
2026-09-15 12:05:39,SPX,7583.62,7633.42,7745.0,1326,79,0.3824,0.000446
2026-09-15 12:05:39,SPX,7583.62,7633.42,7420.0,3,828,0.398,0.000446
2026-09-15 12:05:39,SPX,7583.62,7633.42,7750.0,2400,819,0.3908,0.000446
2026-09-15 12:05:39,SPX,7583.62,7633.42,7415.0,0,511,0.409,0.000446
2026-09-15 12:05:39,SPX,7583.62,7633.42,7755.0,652,51,0.3983,0.000446
2026-09-15 12:05:39,SPX,7583.62,7633.42,7410.0,32,660,0.4199,0.000446
2026-09-15 12:05:39,SPX,7583.62,7633.42,7760.0,749,62,0.4048,0.000446
2026-09-15 12:05:39,SPX,7583.62,7633.42,7405.0,0,268,0.4307,0.000446
2026-09-15 12:05:39,SPX,7583.62,7633.42,7765.0,813,22,0.4103,0.000446
2026-09-15 12:05:39,SPX,7583.62,7633.42,7400.0,14,3697,0.4413,0.000446
2026-09-15 12:05:39,SPX,7583.62,7633.42,7770.0,937,43,0.4147,0.000446
2026-09-15 12:05:39,SPX,7583.62,7633.42,7395.0,0,298,0.4519,0.000446
2026-09-15 12:05:39,SPX,7583.62,7633.42,7775.0,1187,25,0.4182,0.000446
2026-09-15 12:05:39,SPX,7583.62,7633.42,7390.0,1,488,0.4625,0.000446
2026-09-15 12:05:39,SPX,7583.62,7633.42,7780.0,1310,129,0.4206,0.000446
2026-09-15 12:05:39,SPX,7583.62,7633.42,7385.0,0,1903,0.4732,0.000446
2026-09-15 12:05:39,SPX,7583.62,7633.42,7785.0,4397,26,0.4221,0.000446
2026-09-15 12:05:39,SPX,7583.62,7633.42,7380.0,2,2659,0.4839,0.000446
2026-09-15 12:05:39,SPX,7583.62,7633.42,7790.0,1945,83,0.4228,0.000446
2026-09-15 12:05:39,SPX,7583.62,7633.42,7375.0,22,575,0.4947,0.000446
2026-09-15 12:05:39,SPX,7583.62,7633.42,7795.0,398,1,0.4231,0.000446
2026-09-15 12:05:39,SPX,7583.62,7633.42,7370.0,1,1752,0.5056,0.000446
2026-09-15 12:05:39,SPX,7583.62,7633.42,7800.0,2963,70,0.4228,0.000446
2026-09-15 12:05:39,SPX,7583.62,7633.42,7365.0,10,4516,0.5165,0.000446
2026-09-15 12:05:39,SPX,7583.62,7633.42,7805.0,836,9,0.4221,0.000446
2026-09-15 12:05:39,SPX,7583.62,7633.42,7360.0,26,625,0.5273,0.000446
2026-09-15 12:05:39,SPX,7583.62,7633.42,7810.0,1015,7,0.421,0.000446
2026-09-15 12:05:39,SPX,7583.62,7633.42,7355.0,0,285,0.5379,0.000446
2026-09-15 12:05:39,SPX,7583.62,7633.42,7815.0,559,3,0.4196,0.000446
2026-09-15 12:05:39,SPX,7583.62,7633.42,7350.0,14,4506,0.5482,0.000446
2026-09-15 12:05:39,SPX,7583.62,7633.42,7820.0,731,19,0.4181,0.000446
2026-09-15 12:05:39,SPX,7583.62,7633.42,7345.0,0,186,0.5584,0.000446
2026-09-15 12:05:39,SPX,7583.62,7633.42,7825.0,2294,50,0.4165,0.000446
2026-09-15 12:05:39,SPX,7583.62,7633.42,7340.0,3,752,0.5682,0.000446
2026-09-15 12:05:39,SPX,7583.62,7633.42,7830.0,1760,3,0.4148,0.000446
2026-09-15 12:05:39,SPX,7583.62,7633.42,7335.0,0,228,0.5777,0.000446
2026-09-15 12:05:39,SPX,7583.62,7633.42,7585.0,138,528,0.1889,0.003183
2026-09-15 12:05:39,SPX,7583.62,7633.42,7580.0,99,709,0.1911,0.003183
2026-09-15 12:05:39,SPX,7583.62,7633.42,7590.0,105,464,0.1873,0.003183
2026-09-15 12:05:39,SPX,7583.62,7633.42,7575.0,74,685,0.1931,0.003183
2026-09-15 12:05:39,SPX,7583.62,7633.42,7595.0,109,539,0.1859,0.003183
2026-09-15 12:05:39,SPX,7583.62,7633.42,7570.0,48,829,0.1943,0.003183
2026-09-15 12:05:39,SPX,7583.62,7633.42,7600.0,708,2728,0.1848,0.003183
2026-09-15 12:05:39,SPX,7583.62,7633.42,7565.0,17,272,0.1954,0.003183
2026-09-15 12:05:39,SPX,7583.62,7633.42,7605.0,181,231,0.1829,0.003183
2026-09-15 12:05:39,SPX,7583.62,7633.42,7560.0,49,506,0.1971,0.003183
2026-09-15 12:05:39,SPX,7583.62,7633.42,7610.0,120,528,0.1814,0.003183
2026-09-15 12:05:39,SPX,7583.62,7633.42,7555.0,51,301,0.1994,0.003183
2026-09-15 12:05:39,SPX,7583.62,7633.42,7615.0,179,188,0.18,0.003183
2026-09-15 12:05:39,SPX,7583.62,7633.42,7550.0,91,1255,0.2013,0.003183
2026-09-15 12:05:39,SPX,7583.62,7633.42,7620.0,221,316,0.1784,0.003183
2026-09-15 12:05:39,SPX,7583.62,7633.42,7545.0,13,400,0.2025,0.003183
2026-09-15 12:05:39,SPX,7583.62,7633.42,7625.0,219,3446,0.1773,0.003183
2026-09-15 12:05:39,SPX,7583.62,7633.42,7540.0,38,700,0.2037,0.003183
2026-09-15 12:05:39,SPX,7583.62,7633.42,7630.0,316,396,0.1758,0.003183
2026-09-15 12:05:39,SPX,7583.62,7633.42,7535.0,30,338,0.205,0.003183
2026-09-15 12:05:39,SPX,7583.62,7633.42,7635.0,246,549,0.1746,0.003183
2026-09-15 12:05:39,SPX,7583.62,7633.42,7530.0,27,446,0.2071,0.003183
2026-09-15 12:05:39,SPX,7583.62,7633.42,7640.0,297,292,0.1736,0.003183
2026-09-15 12:05:39,SPX,7583.62,7633.42,7525.0,24,2555,0.2087,0.003183
2026-09-15 12:05:39,SPX,7583.62,7633.42,7645.0,166,464,0.1728,0.003183
2026-09-15 12:05:39,SPX,7583.62,7633.42,7520.0,37,1073,0.211,0.003183
2026-09-15 12:05:39,SPX,7583.62,7633.42,7650.0,4112,4427,0.1718,0.003183
2026-09-15 12:05:39,SPX,7583.62,7633.42,7515.0,43,329,0.2124,0.003183
2026-09-15 12:05:39,SPX,7583.62,7633.42,7655.0,166,786,0.1704,0.003183
2026-09-15 12:05:39,SPX,7583.62,7633.42,7510.0,51,518,0.15,0.003183
2026-09-15 12:05:39,SPX,7583.62,7633.42,7660.0,415,261,0.1647,0.003183
2026-09-15 12:05:39,SPX,7583.62,7633.42,7505.0,39,354,0.2162,0.003183
2026-09-15 12:05:39,SPX,7583.62,7633.42,7665.0,242,282,0.1675,0.003183
2026-09-15 12:05:39,SPX,7583.62,7633.42,7500.0,39,2795,0.2218,0.003183
2026-09-15 12:05:39,SPX,7583.62,7633.42,7670.0,476,497,0.1662,0.003183
2026-09-15 12:05:39,SPX,7583.62,7633.42,7675.0,3673,996,0.1652,0.003183
2026-09-15 12:05:39,SPX,7583.62,7633.42,7490.0,0,396,0.2229,0.003183
2026-09-15 12:05:39,SPX,7583.62,7633.42,7680.0,696,0,0.1645,0.003183
2026-09-15 12:05:39,SPX,7583.62,7633.42,7485.0,0,229,0.225,0.003183
2026-09-15 12:05:39,SPX,7583.62,7633.42,7480.0,7,0,0.2267,0.003183
2026-09-15 12:05:39,SPX,7583.62,7633.42,7690.0,493,125,0.1635,0.003183
2026-09-15 12:05:39,SPX,7583.62,7633.42,7695.0,0,112,0.1633,0.003183
2026-09-15 12:05:39,SPX,7583.62,7633.42,7470.0,0,856,0.2298,0.003183
2026-09-15 12:05:39,SPX,7583.62,7633.42,7700.0,1586,807,0.1632,0.003183
2026-09-15 12:05:39,SPX,7583.62,7633.42,7465.0,0,510,0.2316,0.003183
2026-09-15 12:05:39,SPX,7583.62,7633.42,7705.0,458,2049,0.1631,0.003183
2026-09-15 12:05:39,SPX,7583.62,7633.42,7460.0,25,536,0.2334,0.003183
2026-09-15 12:05:39,SPX,7583.62,7633.42,7710.0,938,121,0.1631,0.003183
2026-09-15 12:05:39,SPX,7583.62,7633.42,7455.0,1,219,0.2355,0.003183
2026-09-15 12:05:39,SPX,7583.62,7633.42,7715.0,439,1316,0.1631,0.003183
2026-09-15 12:05:39,SPX,7583.62,7633.42,7450.0,4,963,0.2376,0.003183
2026-09-15 12:05:39,SPX,7583.62,7633.42,7720.0,456,60,0.1632,0.003183
2026-09-15 12:05:39,SPX,7583.62,7633.42,7445.0,0,190,0.2398,0.003183
2026-09-15 12:05:39,SPX,7583.62,7633.42,7725.0,1340,110,0.1633,0.003183
2026-09-15 12:05:39,SPX,7583.62,7633.42,7440.0,3,235,0.242,0.003183
2026-09-15 12:05:39,SPX,7583.62,7633.42,7730.0,2856,2056,0.1635,0.003183
2026-09-15 12:05:39,SPX,7583.62,7633.42,7435.0,3,170,0.2444,0.003183
2026-09-15 12:05:39,SPX,7583.62,7633.42,7735.0,662,23,0.1638,0.003183
2026-09-15 12:05:39,SPX,7583.62,7633.42,7430.0,3,207,0.2467,0.003183
2026-09-15 12:05:39,SPX,7583.62,7633.42,7740.0,2013,1352,0.1644,0.003183
2026-09-15 12:05:39,SPX,7583.62,7633.42,7425.0,9,413,0.2492,0.003183
2026-09-15 12:05:39,SPX,7583.62,7633.42,7745.0,733,146,0.1652,0.003183
2026-09-15 12:05:39,SPX,7583.62,7633.42,7420.0,1,743,0.2516,0.003183
2026-09-15 12:05:39,SPX,7583.62,7633.42,7750.0,1605,299,0.1662,0.003183
2026-09-15 12:05:39,SPX,7583.62,7633.42,7415.0,1,1153,0.254,0.003183
2026-09-15 12:05:39,SPX,7583.62,7633.42,7755.0,2979,33,0.1675,0.003183
2026-09-15 12:05:39,SPX,7583.62,7633.42,7410.0,1,414,0.2565,0.003183
2026-09-15 12:05:39,SPX,7583.62,7633.42,7760.0,502,60,0.169,0.003183
2026-09-15 12:05:39,SPX,7583.62,7633.42,7405.0,5,328,0.2589,0.003183
2026-09-15 12:05:39,SPX,7583.62,7633.42,7765.0,1830,27,0.1707,0.003183
2026-09-15 12:05:39,SPX,7583.62,7633.42,7400.0,56,2707,0.2614,0.003183
2026-09-15 12:05:39,SPX,7583.62,7633.42,7770.0,1017,30,0.1725,0.003183
2026-09-15 12:05:39,SPX,7583.62,7633.42,7395.0,0,1474,0.2638,0.003183
2026-09-15 12:05:39,SPX,7583.62,7633.42,7775.0,1252,62,0.1745,0.003183
2026-09-15 12:05:39,SPX,7583.62,7633.42,7390.0,30,6437,0.2663,0.003183
2026-09-15 12:05:39,SPX,7583.62,7633.42,7780.0,954,32,0.1767,0.003183
2026-09-15 12:05:39,SPX,7583.62,7633.42,7385.0,1,253,0.2689,0.003183
2026-09-15 12:05:39,SPX,7583.62,7633.42,7785.0,381,280,0.1791,0.003183
2026-09-15 12:05:39,SPX,7583.62,7633.42,7380.0,1,6484,0.2715,0.003183
2026-09-15 12:05:39,SPX,7583.62,7633.42,7790.0,3000,24,0.1816,0.003183
2026-09-15 12:05:39,SPX,7583.62,7633.42,7375.0,0,499,0.2742,0.003183
2026-09-15 12:05:39,SPX,7583.62,7633.42,7795.0,380,13,0.1843,0.003183
2026-09-15 12:05:39,SPX,7583.62,7633.42,7370.0,24,209,0.2769,0.003183
2026-09-15 12:05:39,SPX,7583.62,7633.42,7800.0,2907,50,0.1872,0.003183
2026-09-15 12:05:39,SPX,7583.62,7633.42,7365.0,0,311,0.2797,0.003183
2026-09-15 12:05:39,SPX,7583.62,7633.42,7805.0,1757,2,0.1902,0.003183
2026-09-15 12:05:39,SPX,7583.62,7633.42,7360.0,2,445,0.2826,0.003183
2026-09-15 12:05:39,SPX,7583.62,7633.42,7810.0,529,32,0.1936,0.003183
2026-09-15 12:05:39,SPX,7583.62,7633.42,7355.0,0,177,0.2856,0.003183
2026-09-15 12:05:39,SPX,7583.62,7633.42,7815.0,461,4,0.1971,0.003183
2026-09-15 12:05:39,SPX,7583.62,7633.42,7350.0,1,1518,0.2887,0.003183
2026-09-15 12:05:39,SPX,7583.62,7633.42,7820.0,1308,62,0.2009,0.003183
2026-09-15 12:05:39,SPX,7583.62,7633.42,7345.0,0,36,0.2918,0.003183
2026-09-15 12:05:39,SPX,7583.62,7633.42,7825.0,1101,42,0.2048,0.003183
2026-09-15 12:05:39,SPX,7583.62,7633.42,7340.0,1,237,0.295,0.003183
2026-09-15 12:05:39,SPX,7583.62,7633.42,7830.0,592,128,0.2089,0.003183
2026-09-15 12:05:39,SPX,7583.62,7633.42,7335.0,0,2528,0.2984,0.003183
2026-09-15 12:05:39,SPX,7583.62,7633.42,7585.0,56,235,0.1814,0.005921
2026-09-15 12:05:39,SPX,7583.62,7633.42,7580.0,220,604,0.1827,0.005921
2026-09-15 12:05:39,SPX,7583.62,7633.42,7590.0,77,210,0.1799,0.005921
2026-09-15 12:05:39,SPX,7583.62,7633.42,7575.0,67,350,0.184,0.005921
2026-09-15 12:05:39,SPX,7583.62,7633.42,7595.0,129,389,0.1782,0.005921
2026-09-15 12:05:39,SPX,7583.62,7633.42,7570.0,88,153,0.185,0.005921
2026-09-15 12:05:39,SPX,7583.62,7633.42,7600.0,169,1835,0.1765,0.005921
2026-09-15 12:05:39,SPX,7583.62,7633.42,7565.0,76,116,0.1872,0.005921
2026-09-15 12:05:39,SPX,7583.62,7633.42,7605.0,174,143,0.1749,0.005921
2026-09-15 12:05:39,SPX,7583.62,7633.42,7560.0,59,278,0.1883,0.005921
2026-09-15 12:05:39,SPX,7583.62,7633.42,7610.0,133,353,0.1741,0.005921
2026-09-15 12:05:39,SPX,7583.62,7633.42,7555.0,50,195,0.1896,0.005921
2026-09-15 12:05:39,SPX,7583.62,7633.42,7615.0,144,109,0.1724,0.005921
2026-09-15 12:05:39,SPX,7583.62,7633.42,7550.0,81,474,0.191,0.005921
2026-09-15 12:05:39,SPX,7583.62,7633.42,7620.0,125,190,0.1712,0.005921
2026-09-15 12:05:39,SPX,7583.62,7633.42,7545.0,74,134,0.1926,0.005921
2026-09-15 12:05:39,SPX,7583.62,7633.42,7625.0,190,625,0.1696,0.005921
2026-09-15 12:05:39,SPX,7583.62,7633.42,7540.0,20,581,0.1942,0.005921
2026-09-15 12:05:39,SPX,7583.62,7633.42,7630.0,152,296,0.1685,0.005921
2026-09-15 12:05:39,SPX,7583.62,7633.42,7535.0,12,248,0.1958,0.005921
2026-09-15 12:05:39,SPX,7583.62,7633.42,7635.0,132,172,0.167,0.005921
2026-09-15 12:05:39,SPX,7583.62,7633.42,7530.0,13,266,0.1976,0.005921
2026-09-15 12:05:39,SPX,7583.62,7633.42,7640.0,105,218,0.1659,0.005921
2026-09-15 12:05:39,SPX,7583.62,7633.42,7525.0,31,444,0.1995,0.005921
2026-09-15 12:05:39,SPX,7583.62,7633.42,7645.0,179,150,0.165,0.005921
2026-09-15 12:05:39,SPX,7583.62,7633.42,7520.0,3,290,0.2012,0.005921
2026-09-15 12:05:39,SPX,7583.62,7633.42,7650.0,289,3384,0.164,0.005921
2026-09-15 12:05:39,SPX,7583.62,7633.42,7515.0,9,179,0.2028,0.005921
2026-09-15 12:05:39,SPX,7583.62,7633.42,7655.0,261,193,0.163,0.005921
2026-09-15 12:05:39,SPX,7583.62,7633.42,7510.0,55,274,0.2044,0.005921
2026-09-15 12:05:39,SPX,7583.62,7633.42,7660.0,410,256,0.1618,0.005921
2026-09-15 12:05:39,SPX,7583.62,7633.42,7505.0,21,120,0.206,0.005921
2026-09-15 12:05:39,SPX,7583.62,7633.42,7665.0,144,136,0.1604,0.005921
2026-09-15 12:05:39,SPX,7583.62,7633.42,7500.0,76,1593,0.2075,0.005921
2026-09-15 12:05:39,SPX,7583.62,7633.42,7670.0,822,544,0.1593,0.005921
2026-09-15 12:05:39,SPX,7583.62,7633.42,7495.0,4,96,0.2091,0.005921
2026-09-15 12:05:39,SPX,7583.62,7633.42,7675.0,3893,3939,0.1582,0.005921
2026-09-15 12:05:39,SPX,7583.62,7633.42,7490.0,4,291,0.2106,0.005921
2026-09-15 12:05:39,SPX,7583.62,7633.42,7680.0,658,171,0.1571,0.005921
2026-09-15 12:05:39,SPX,7583.62,7633.42,7485.0,0,122,0.2122,0.005921
2026-09-15 12:05:39,SPX,7583.62,7633.42,7685.0,147,65,0.156,0.005921
2026-09-15 12:05:39,SPX,7583.62,7633.42,7480.0,32,239,0.2139,0.005921
2026-09-15 12:05:39,SPX,7583.62,7633.42,7690.0,492,304,0.155,0.005921
2026-09-15 12:05:39,SPX,7583.62,7633.42,7475.0,4,257,0.2156,0.005921
2026-09-15 12:05:39,SPX,7583.62,7633.42,7695.0,191,205,0.1541,0.005921
2026-09-15 12:05:39,SPX,7583.62,7633.42,7470.0,31,706,0.2173,0.005921
2026-09-15 12:05:39,SPX,7583.62,7633.42,7700.0,3694,295,0.1534,0.005921
2026-09-15 12:05:39,SPX,7583.62,7633.42,7465.0,3,62,0.2191,0.005921
2026-09-15 12:05:39,SPX,7583.62,7633.42,7705.0,530,158,0.1527,0.005921
2026-09-15 12:05:39,SPX,7583.62,7633.42,7460.0,1,471,0.2209,0.005921
2026-09-15 12:05:39,SPX,7583.62,7633.42,7710.0,321,137,0.1521,0.005921
2026-09-15 12:05:39,SPX,7583.62,7633.42,7455.0,0,119,0.2228,0.005921
2026-09-15 12:05:39,SPX,7583.62,7633.42,7715.0,217,167,0.1515,0.005921
2026-09-15 12:05:39,SPX,7583.62,7633.42,7450.0,36,2980,0.2247,0.005921
2026-09-15 12:05:39,SPX,7583.62,7633.42,7720.0,290,119,0.151,0.005921
2026-09-15 12:05:39,SPX,7583.62,7633.42,7445.0,0,135,0.2266,0.005921
2026-09-15 12:05:39,SPX,7583.62,7633.42,7725.0,881,155,0.1506,0.005921
2026-09-15 12:05:39,SPX,7583.62,7633.42,7440.0,7,483,0.2285,0.005921
2026-09-15 12:05:39,SPX,7583.62,7633.42,7730.0,496,116,0.1503,0.005921
2026-09-15 12:05:39,SPX,7583.62,7633.42,7435.0,0,112,0.2304,0.005921
2026-09-15 12:05:39,SPX,7583.62,7633.42,7735.0,474,36,0.1501,0.005921
2026-09-15 12:05:39,SPX,7583.62,7633.42,7430.0,2,261,0.2322,0.005921
2026-09-15 12:05:39,SPX,7583.62,7633.42,7740.0,601,119,0.1499,0.005921
2026-09-15 12:05:39,SPX,7583.62,7633.42,7425.0,0,1625,0.2341,0.005921
2026-09-15 12:05:39,SPX,7583.62,7633.42,7745.0,306,28,0.1499,0.005921
2026-09-15 12:05:39,SPX,7583.62,7633.42,7420.0,26,1343,0.236,0.005921
2026-09-15 12:05:39,SPX,7583.62,7633.42,7750.0,990,167,0.1499,0.005921
2026-09-15 12:05:39,SPX,7583.62,7633.42,7415.0,0,135,0.2378,0.005921
2026-09-15 12:05:39,SPX,7583.62,7633.42,7755.0,247,31,0.15,0.005921
2026-09-15 12:05:39,SPX,7583.62,7633.42,7410.0,1,167,0.2397,0.005921
2026-09-15 12:05:39,SPX,7583.62,7633.42,7760.0,646,97,0.1502,0.005921
2026-09-15 12:05:39,SPX,7583.62,7633.42,7405.0,0,98,0.2416,0.005921
2026-09-15 12:05:39,SPX,7583.62,7633.42,7765.0,200,43,0.1505,0.005921
2026-09-15 12:05:39,SPX,7583.62,7633.42,7400.0,9,976,0.2435,0.005921
2026-09-15 12:05:39,SPX,7583.62,7633.42,7770.0,1265,63,0.1509,0.005921
2026-09-15 12:05:39,SPX,7583.62,7633.42,7395.0,0,86,0.2454,0.005921
2026-09-15 12:05:39,SPX,7583.62,7633.42,7775.0,861,57,0.1514,0.005921
2026-09-15 12:05:39,SPX,7583.62,7633.42,7390.0,0,296,0.2474,0.005921
2026-09-15 12:05:39,SPX,7583.62,7633.42,7780.0,462,39,0.152,0.005921
2026-09-15 12:05:39,SPX,7583.62,7633.42,7385.0,1,82,0.2494,0.005921
2026-09-15 12:05:39,SPX,7583.62,7633.42,7785.0,265,9,0.1527,0.005921
2026-09-15 12:05:39,SPX,7583.62,7633.42,7380.0,30,179,0.2514,0.005921
2026-09-15 12:05:39,SPX,7583.62,7633.42,7790.0,349,25,0.1536,0.005921
2026-09-15 12:05:39,SPX,7583.62,7633.42,7375.0,5,243,0.2535,0.005921
2026-09-15 12:05:39,SPX,7583.62,7633.42,7795.0,399,5,0.1546,0.005921
2026-09-15 12:05:39,SPX,7583.62,7633.42,7370.0,30,169,0.2556,0.005921
2026-09-15 12:05:39,SPX,7583.62,7633.42,7800.0,3010,91,0.1557,0.005921
2026-09-15 12:05:39,SPX,7583.62,7633.42,7365.0,0,55,0.2578,0.005921
2026-09-15 12:05:39,SPX,7583.62,7633.42,7805.0,1854,3,0.1569,0.005921
2026-09-15 12:05:39,SPX,7583.62,7633.42,7360.0,3,223,0.2599,0.005921
2026-09-15 12:05:39,SPX,7583.62,7633.42,7810.0,485,4,0.1582,0.005921
2026-09-15 12:05:39,SPX,7583.62,7633.42,7355.0,0,61,0.2622,0.005921
2026-09-15 12:05:39,SPX,7583.62,7633.42,7815.0,405,2,0.1596,0.005921
2026-09-15 12:05:39,SPX,7583.62,7633.42,7350.0,30,911,0.2644,0.005921
2026-09-15 12:05:39,SPX,7583.62,7633.42,7820.0,319,16,0.1611,0.005921
2026-09-15 12:05:39,SPX,7583.62,7633.42,7345.0,0,113,0.2667,0.005921
2026-09-15 12:05:39,SPX,7583.62,7633.42,7825.0,716,61,0.1627,0.005921
2026-09-15 12:05:39,SPX,7583.62,7633.42,7340.0,0,283,0.269,0.005921
2026-09-15 12:05:39,SPX,7583.62,7633.42,7830.0,485,3,0.1644,0.005921
2026-09-15 12:05:39,SPX,7583.62,7633.42,7335.0,0,241,0.2714,0.005921
2026-09-15 12:36:01,SPX,7588.57,7634.16,7590.0,318,1495,0.1323,0.000388
2026-09-15 12:36:01,SPX,7588.57,7634.16,7585.0,219,1148,0.1336,0.000388
2026-09-15 12:36:01,SPX,7588.57,7634.16,7595.0,347,3640,0.1311,0.000388
2026-09-15 12:36:01,SPX,7588.57,7634.16,7580.0,182,3113,0.1359,0.000388
2026-09-15 12:36:01,SPX,7588.57,7634.16,7600.0,1628,4377,0.1315,0.000388
2026-09-15 12:36:01,SPX,7588.57,7634.16,7575.0,142,2632,0.1392,0.000388
2026-09-15 12:36:01,SPX,7588.57,7634.16,7605.0,369,727,0.1337,0.000388
2026-09-15 12:36:01,SPX,7588.57,7634.16,7570.0,175,1632,0.1432,0.000388
2026-09-15 12:36:01,SPX,7588.57,7634.16,7610.0,407,1239,0.1364,0.000388
2026-09-15 12:36:01,SPX,7588.57,7634.16,7565.0,688,1156,0.147,0.000388
2026-09-15 12:36:01,SPX,7588.57,7634.16,7615.0,397,2534,0.139,0.000388
2026-09-15 12:36:01,SPX,7588.57,7634.16,7560.0,655,1715,0.1521,0.000388
2026-09-15 12:36:01,SPX,7588.57,7634.16,7620.0,1077,2661,0.1435,0.000388
2026-09-15 12:36:01,SPX,7588.57,7634.16,7555.0,160,910,0.1565,0.000388
2026-09-15 12:36:01,SPX,7588.57,7634.16,7625.0,1051,2203,0.1496,0.000388
2026-09-15 12:36:01,SPX,7588.57,7634.16,7550.0,117,4119,0.1633,0.000388
2026-09-15 12:36:01,SPX,7588.57,7634.16,7630.0,1307,1454,0.1577,0.000388
2026-09-15 12:36:01,SPX,7588.57,7634.16,7545.0,22,976,0.1712,0.000388
2026-09-15 12:36:01,SPX,7588.57,7634.16,7635.0,949,911,0.1668,0.000388
2026-09-15 12:36:01,SPX,7588.57,7634.16,7540.0,68,1297,0.1792,0.000388
2026-09-15 12:36:01,SPX,7588.57,7634.16,7640.0,1221,774,0.1774,0.000388
2026-09-15 12:36:01,SPX,7588.57,7634.16,7535.0,59,1994,0.1871,0.000388
2026-09-15 12:36:01,SPX,7588.57,7634.16,7645.0,905,360,0.1867,0.000388
2026-09-15 12:36:01,SPX,7588.57,7634.16,7530.0,60,3712,0.1979,0.000388
2026-09-15 12:36:01,SPX,7588.57,7634.16,7650.0,2860,2876,0.1947,0.000388
2026-09-15 12:36:01,SPX,7588.57,7634.16,7525.0,131,2949,0.208,0.000388
2026-09-15 12:36:01,SPX,7588.57,7634.16,7655.0,1499,374,0.2028,0.000388
2026-09-15 12:36:01,SPX,7588.57,7634.16,7520.0,64,2119,0.2166,0.000388
2026-09-15 12:36:01,SPX,7588.57,7634.16,7660.0,3439,498,0.15,0.000388
2026-09-15 12:36:01,SPX,7588.57,7634.16,7515.0,33,1288,0.2242,0.000388
2026-09-15 12:36:01,SPX,7588.57,7634.16,7665.0,2015,485,0.22,0.000388
2026-09-15 12:36:01,SPX,7588.57,7634.16,7510.0,37,2084,0.236,0.000388
2026-09-15 12:36:01,SPX,7588.57,7634.16,7670.0,2107,659,0.2293,0.000388
2026-09-15 12:36:01,SPX,7588.57,7634.16,7505.0,12,2186,0.249,0.000388
2026-09-15 12:36:01,SPX,7588.57,7634.16,7675.0,4786,1606,0.2393,0.000388
2026-09-15 12:36:01,SPX,7588.57,7634.16,7500.0,70,6429,0.2608,0.000388
2026-09-15 12:36:01,SPX,7588.57,7634.16,7495.0,0,2086,0.2716,0.000388
2026-09-15 12:36:01,SPX,7588.57,7634.16,7690.0,1579,0,0.2734,0.000388
2026-09-15 12:36:01,SPX,7588.57,7634.16,7695.0,2022,0,0.2853,0.000388
2026-09-15 12:36:01,SPX,7588.57,7634.16,7480.0,16,1328,0.303,0.000388
2026-09-15 12:36:01,SPX,7588.57,7634.16,7700.0,4610,864,0.297,0.000388
2026-09-15 12:36:01,SPX,7588.57,7634.16,7475.0,7,2599,0.3132,0.000388
2026-09-15 12:36:01,SPX,7588.57,7634.16,7705.0,1433,446,0.3087,0.000388
2026-09-15 12:36:01,SPX,7588.57,7634.16,7470.0,2,769,0.3233,0.000388
2026-09-15 12:36:01,SPX,7588.57,7634.16,7710.0,2583,749,0.3203,0.000388
2026-09-15 12:36:01,SPX,7588.57,7634.16,7465.0,0,3434,0.3336,0.000388
2026-09-15 12:36:01,SPX,7588.57,7634.16,7715.0,2171,175,0.3318,0.000388
2026-09-15 12:36:01,SPX,7588.57,7634.16,7460.0,0,1810,0.3443,0.000388
2026-09-15 12:36:01,SPX,7588.57,7634.16,7720.0,1689,343,0.343,0.000388
2026-09-15 12:36:01,SPX,7588.57,7634.16,7455.0,14,427,0.3556,0.000388
2026-09-15 12:36:01,SPX,7588.57,7634.16,7725.0,7849,224,0.3536,0.000388
2026-09-15 12:36:01,SPX,7588.57,7634.16,7450.0,12,4782,0.3671,0.000388
2026-09-15 12:36:01,SPX,7588.57,7634.16,7730.0,1070,245,0.3634,0.000388
2026-09-15 12:36:01,SPX,7588.57,7634.16,7445.0,2,568,0.3788,0.000388
2026-09-15 12:36:01,SPX,7588.57,7634.16,7735.0,1377,59,0.3721,0.000388
2026-09-15 12:36:01,SPX,7588.57,7634.16,7440.0,34,1197,0.3906,0.000388
2026-09-15 12:36:01,SPX,7588.57,7634.16,7740.0,974,87,0.3799,0.000388
2026-09-15 12:36:01,SPX,7588.57,7634.16,7435.0,0,3101,0.4023,0.000388
2026-09-15 12:36:01,SPX,7588.57,7634.16,7745.0,1326,79,0.3865,0.000388
2026-09-15 12:36:01,SPX,7588.57,7634.16,7430.0,4,1433,0.4138,0.000388
2026-09-15 12:36:01,SPX,7588.57,7634.16,7750.0,2400,819,0.3922,0.000388
2026-09-15 12:36:01,SPX,7588.57,7634.16,7425.0,10,3151,0.4251,0.000388
2026-09-15 12:36:01,SPX,7588.57,7634.16,7755.0,652,51,0.3968,0.000388
2026-09-15 12:36:01,SPX,7588.57,7634.16,7760.0,0,62,0.4006,0.000388
2026-09-15 12:36:01,SPX,7588.57,7634.16,7415.0,0,511,0.4471,0.000388
2026-09-15 12:36:01,SPX,7588.57,7634.16,7765.0,813,22,0.4034,0.000388
2026-09-15 12:36:01,SPX,7588.57,7634.16,7410.0,32,660,0.4579,0.000388
2026-09-15 12:36:01,SPX,7588.57,7634.16,7770.0,937,43,0.4054,0.000388
2026-09-15 12:36:01,SPX,7588.57,7634.16,7405.0,0,268,0.4684,0.000388
2026-09-15 12:36:01,SPX,7588.57,7634.16,7775.0,1187,25,0.4066,0.000388
2026-09-15 12:36:01,SPX,7588.57,7634.16,7400.0,14,3697,0.4787,0.000388
2026-09-15 12:36:01,SPX,7588.57,7634.16,7780.0,1310,129,0.4072,0.000388
2026-09-15 12:36:01,SPX,7588.57,7634.16,7395.0,0,298,0.4888,0.000388
2026-09-15 12:36:01,SPX,7588.57,7634.16,7785.0,4397,26,0.4073,0.000388
2026-09-15 12:36:01,SPX,7588.57,7634.16,7390.0,1,488,0.4986,0.000388
2026-09-15 12:36:01,SPX,7588.57,7634.16,7790.0,1945,83,0.407,0.000388
2026-09-15 12:36:01,SPX,7588.57,7634.16,7385.0,0,1903,0.5081,0.000388
2026-09-15 12:36:01,SPX,7588.57,7634.16,7795.0,398,1,0.4068,0.000388
2026-09-15 12:36:01,SPX,7588.57,7634.16,7380.0,2,2659,0.5174,0.000388
2026-09-15 12:36:01,SPX,7588.57,7634.16,7800.0,2963,70,0.4063,0.000388
2026-09-15 12:36:01,SPX,7588.57,7634.16,7375.0,22,575,0.5264,0.000388
2026-09-15 12:36:01,SPX,7588.57,7634.16,7805.0,836,9,0.4057,0.000388
2026-09-15 12:36:01,SPX,7588.57,7634.16,7370.0,1,1752,0.5351,0.000388
2026-09-15 12:36:01,SPX,7588.57,7634.16,7810.0,1015,7,0.405,0.000388
2026-09-15 12:36:01,SPX,7588.57,7634.16,7365.0,10,4516,0.5435,0.000388
2026-09-15 12:36:01,SPX,7588.57,7634.16,7815.0,559,3,0.4042,0.000388
2026-09-15 12:36:01,SPX,7588.57,7634.16,7360.0,26,625,0.5514,0.000388
2026-09-15 12:36:01,SPX,7588.57,7634.16,7820.0,731,19,0.4033,0.000388
2026-09-15 12:36:01,SPX,7588.57,7634.16,7355.0,0,285,0.559,0.000388
2026-09-15 12:36:01,SPX,7588.57,7634.16,7825.0,2294,50,0.4025,0.000388
2026-09-15 12:36:01,SPX,7588.57,7634.16,7350.0,14,4506,0.5657,0.000388
2026-09-15 12:36:01,SPX,7588.57,7634.16,7830.0,1760,3,0.4016,0.000388
2026-09-15 12:36:01,SPX,7588.57,7634.16,7345.0,0,186,0.5722,0.000388
2026-09-15 12:36:01,SPX,7588.57,7634.16,7835.0,453,0,0.4008,0.000388
2026-09-15 12:36:01,SPX,7588.57,7634.16,7340.0,3,752,0.5782,0.000388
2026-09-15 12:36:01,SPX,7588.57,7634.16,7590.0,105,464,0.1905,0.003126
2026-09-15 12:36:01,SPX,7588.57,7634.16,7585.0,138,528,0.1918,0.003126
2026-09-15 12:36:01,SPX,7588.57,7634.16,7595.0,109,539,0.189,0.003126
2026-09-15 12:36:01,SPX,7588.57,7634.16,7580.0,99,709,0.1932,0.003126
2026-09-15 12:36:01,SPX,7588.57,7634.16,7600.0,708,2728,0.1865,0.003126
2026-09-15 12:36:01,SPX,7588.57,7634.16,7575.0,74,685,0.1951,0.003126
2026-09-15 12:36:01,SPX,7588.57,7634.16,7605.0,181,231,0.1851,0.003126
2026-09-15 12:36:01,SPX,7588.57,7634.16,7570.0,48,829,0.1971,0.003126
2026-09-15 12:36:01,SPX,7588.57,7634.16,7610.0,120,528,0.1833,0.003126
2026-09-15 12:36:01,SPX,7588.57,7634.16,7565.0,17,272,0.1986,0.003126
2026-09-15 12:36:01,SPX,7588.57,7634.16,7615.0,179,188,0.1818,0.003126
2026-09-15 12:36:01,SPX,7588.57,7634.16,7560.0,49,506,0.1997,0.003126
2026-09-15 12:36:01,SPX,7588.57,7634.16,7620.0,221,316,0.1803,0.003126
2026-09-15 12:36:01,SPX,7588.57,7634.16,7555.0,51,301,0.201,0.003126
2026-09-15 12:36:01,SPX,7588.57,7634.16,7625.0,219,3446,0.1792,0.003126
2026-09-15 12:36:01,SPX,7588.57,7634.16,7550.0,91,1255,0.2028,0.003126
2026-09-15 12:36:01,SPX,7588.57,7634.16,7630.0,316,396,0.1778,0.003126
2026-09-15 12:36:01,SPX,7588.57,7634.16,7545.0,13,400,0.2043,0.003126
2026-09-15 12:36:01,SPX,7588.57,7634.16,7540.0,0,700,0.2063,0.003126
2026-09-15 12:36:01,SPX,7588.57,7634.16,7640.0,297,292,0.1754,0.003126
2026-09-15 12:36:01,SPX,7588.57,7634.16,7535.0,30,338,0.2079,0.003126
2026-09-15 12:36:01,SPX,7588.57,7634.16,7645.0,166,464,0.1743,0.003126
2026-09-15 12:36:01,SPX,7588.57,7634.16,7530.0,27,446,0.2099,0.003126
2026-09-15 12:36:01,SPX,7588.57,7634.16,7650.0,4112,4427,0.1729,0.003126
2026-09-15 12:36:01,SPX,7588.57,7634.16,7525.0,24,2555,0.2111,0.003126
2026-09-15 12:36:01,SPX,7588.57,7634.16,7655.0,166,786,0.1718,0.003126
2026-09-15 12:36:01,SPX,7588.57,7634.16,7520.0,37,1073,0.213,0.003126
2026-09-15 12:36:01,SPX,7588.57,7634.16,7660.0,415,261,0.1706,0.003126
2026-09-15 12:36:01,SPX,7588.57,7634.16,7515.0,43,329,0.2145,0.003126
2026-09-15 12:36:01,SPX,7588.57,7634.16,7665.0,242,282,0.1692,0.003126
2026-09-15 12:36:01,SPX,7588.57,7634.16,7510.0,51,518,0.2162,0.003126
2026-09-15 12:36:01,SPX,7588.57,7634.16,7670.0,476,497,0.1678,0.003126
2026-09-15 12:36:01,SPX,7588.57,7634.16,7505.0,39,354,0.2184,0.003126
2026-09-15 12:36:01,SPX,7588.57,7634.16,7675.0,3673,996,0.1667,0.003126
2026-09-15 12:36:01,SPX,7588.57,7634.16,7500.0,39,2795,0.2204,0.003126
2026-09-15 12:36:01,SPX,7588.57,7634.16,7680.0,696,901,0.1658,0.003126
2026-09-15 12:36:01,SPX,7588.57,7634.16,7495.0,0,249,0.2228,0.003126
2026-09-15 12:36:01,SPX,7588.57,7634.16,7685.0,1005,237,0.1652,0.003126
2026-09-15 12:36:01,SPX,7588.57,7634.16,7490.0,0,396,0.2249,0.003126
2026-09-15 12:36:01,SPX,7588.57,7634.16,7690.0,493,125,0.1647,0.003126
2026-09-15 12:36:01,SPX,7588.57,7634.16,7485.0,2,229,0.2267,0.003126
2026-09-15 12:36:01,SPX,7588.57,7634.16,7695.0,392,112,0.1644,0.003126
2026-09-15 12:36:01,SPX,7588.57,7634.16,7480.0,7,493,0.2282,0.003126
2026-09-15 12:36:01,SPX,7588.57,7634.16,7700.0,1586,807,0.1642,0.003126
2026-09-15 12:36:01,SPX,7588.57,7634.16,7475.0,25,1133,0.2295,0.003126
2026-09-15 12:36:01,SPX,7588.57,7634.16,7705.0,458,2049,0.164,0.003126
2026-09-15 12:36:01,SPX,7588.57,7634.16,7470.0,26,856,0.231,0.003126
2026-09-15 12:36:01,SPX,7588.57,7634.16,7710.0,938,121,0.1638,0.003126
2026-09-15 12:36:01,SPX,7588.57,7634.16,7465.0,0,510,0.2326,0.003126
2026-09-15 12:36:01,SPX,7588.57,7634.16,7715.0,439,1316,0.1637,0.003126
2026-09-15 12:36:01,SPX,7588.57,7634.16,7460.0,25,536,0.2343,0.003126
2026-09-15 12:36:01,SPX,7588.57,7634.16,7720.0,456,60,0.1636,0.003126
2026-09-15 12:36:01,SPX,7588.57,7634.16,7455.0,1,219,0.2364,0.003126
2026-09-15 12:36:01,SPX,7588.57,7634.16,7725.0,1340,110,0.1636,0.003126
2026-09-15 12:36:01,SPX,7588.57,7634.16,7450.0,4,963,0.2386,0.003126
2026-09-15 12:36:01,SPX,7588.57,7634.16,7730.0,2856,2056,0.1637,0.003126
2026-09-15 12:36:01,SPX,7588.57,7634.16,7445.0,0,190,0.2409,0.003126
2026-09-15 12:36:01,SPX,7588.57,7634.16,7735.0,662,23,0.164,0.003126
2026-09-15 12:36:01,SPX,7588.57,7634.16,7440.0,3,235,0.2434,0.003126
2026-09-15 12:36:01,SPX,7588.57,7634.16,7740.0,2013,1352,0.1645,0.003126
2026-09-15 12:36:01,SPX,7588.57,7634.16,7435.0,3,170,0.2459,0.003126
2026-09-15 12:36:01,SPX,7588.57,7634.16,7745.0,733,146,0.1653,0.003126
2026-09-15 12:36:01,SPX,7588.57,7634.16,7430.0,3,207,0.2484,0.003126
2026-09-15 12:36:01,SPX,7588.57,7634.16,7750.0,1605,299,0.1662,0.003126
2026-09-15 12:36:01,SPX,7588.57,7634.16,7425.0,9,413,0.2509,0.003126
2026-09-15 12:36:01,SPX,7588.57,7634.16,7755.0,2979,33,0.1675,0.003126
2026-09-15 12:36:01,SPX,7588.57,7634.16,7420.0,1,743,0.2534,0.003126
2026-09-15 12:36:01,SPX,7588.57,7634.16,7760.0,502,60,0.1689,0.003126
2026-09-15 12:36:01,SPX,7588.57,7634.16,7415.0,1,1153,0.2559,0.003126
2026-09-15 12:36:01,SPX,7588.57,7634.16,7765.0,1830,27,0.1706,0.003126
2026-09-15 12:36:01,SPX,7588.57,7634.16,7410.0,1,414,0.2583,0.003126
2026-09-15 12:36:01,SPX,7588.57,7634.16,7770.0,1017,30,0.1726,0.003126
2026-09-15 12:36:01,SPX,7588.57,7634.16,7405.0,5,328,0.2608,0.003126
2026-09-15 12:36:01,SPX,7588.57,7634.16,7775.0,1252,62,0.1748,0.003126
2026-09-15 12:36:01,SPX,7588.57,7634.16,7400.0,56,2707,0.2633,0.003126
2026-09-15 12:36:01,SPX,7588.57,7634.16,7780.0,954,32,0.1771,0.003126
2026-09-15 12:36:01,SPX,7588.57,7634.16,7395.0,0,1474,0.2658,0.003126
2026-09-15 12:36:01,SPX,7588.57,7634.16,7785.0,381,280,0.1796,0.003126
2026-09-15 12:36:01,SPX,7588.57,7634.16,7390.0,30,6437,0.2684,0.003126
2026-09-15 12:36:01,SPX,7588.57,7634.16,7790.0,3000,24,0.1823,0.003126
2026-09-15 12:36:01,SPX,7588.57,7634.16,7385.0,1,253,0.271,0.003126
2026-09-15 12:36:01,SPX,7588.57,7634.16,7795.0,380,13,0.1851,0.003126
2026-09-15 12:36:01,SPX,7588.57,7634.16,7380.0,1,6484,0.2737,0.003126
2026-09-15 12:36:01,SPX,7588.57,7634.16,7800.0,2907,50,0.1881,0.003126
2026-09-15 12:36:01,SPX,7588.57,7634.16,7375.0,0,499,0.2765,0.003126
2026-09-15 12:36:01,SPX,7588.57,7634.16,7805.0,1757,2,0.1911,0.003126
2026-09-15 12:36:01,SPX,7588.57,7634.16,7370.0,24,209,0.2794,0.003126
2026-09-15 12:36:01,SPX,7588.57,7634.16,7810.0,529,32,0.1942,0.003126
2026-09-15 12:36:01,SPX,7588.57,7634.16,7365.0,0,311,0.2823,0.003126
2026-09-15 12:36:01,SPX,7588.57,7634.16,7815.0,461,4,0.1974,0.003126
2026-09-15 12:36:01,SPX,7588.57,7634.16,7360.0,2,445,0.2853,0.003126
2026-09-15 12:36:01,SPX,7588.57,7634.16,7820.0,1308,62,0.2007,0.003126
2026-09-15 12:36:01,SPX,7588.57,7634.16,7355.0,0,177,0.2884,0.003126
2026-09-15 12:36:01,SPX,7588.57,7634.16,7825.0,1101,42,0.2041,0.003126
2026-09-15 12:36:01,SPX,7588.57,7634.16,7350.0,1,1518,0.2916,0.003126
2026-09-15 12:36:01,SPX,7588.57,7634.16,7830.0,592,128,0.2077,0.003126
2026-09-15 12:36:01,SPX,7588.57,7634.16,7345.0,0,36,0.2949,0.003126
2026-09-15 12:36:01,SPX,7588.57,7634.16,7835.0,372,30,0.2114,0.003126
2026-09-15 12:36:01,SPX,7588.57,7634.16,7340.0,1,237,0.2983,0.003126
2026-09-15 12:36:01,SPX,7588.57,7634.16,7590.0,77,210,0.1814,0.005864
2026-09-15 12:36:01,SPX,7588.57,7634.16,7585.0,56,235,0.1833,0.005864
2026-09-15 12:36:01,SPX,7588.57,7634.16,7595.0,129,389,0.1799,0.005864
2026-09-15 12:36:01,SPX,7588.57,7634.16,7580.0,220,604,0.1844,0.005864
2026-09-15 12:36:01,SPX,7588.57,7634.16,7600.0,169,1835,0.1783,0.005864
2026-09-15 12:36:01,SPX,7588.57,7634.16,7575.0,67,350,0.1859,0.005864
2026-09-15 12:36:01,SPX,7588.57,7634.16,7605.0,174,143,0.1768,0.005864
2026-09-15 12:36:01,SPX,7588.57,7634.16,7570.0,88,153,0.1872,0.005864
2026-09-15 12:36:01,SPX,7588.57,7634.16,7610.0,133,353,0.1754,0.005864
2026-09-15 12:36:01,SPX,7588.57,7634.16,7565.0,76,116,0.1885,0.005864
2026-09-15 12:36:01,SPX,7588.57,7634.16,7615.0,144,0,0.1738,0.005864
2026-09-15 12:36:01,SPX,7588.57,7634.16,7635.0,132,172,0.1688,0.005864
2026-09-15 12:36:01,SPX,7588.57,7634.16,7540.0,20,581,0.1958,0.005864
2026-09-15 12:36:01,SPX,7588.57,7634.16,7640.0,105,218,0.1677,0.005864
2026-09-15 12:36:01,SPX,7588.57,7634.16,7535.0,12,248,0.1977,0.005864
2026-09-15 12:36:01,SPX,7588.57,7634.16,7645.0,179,150,0.1666,0.005864
2026-09-15 12:36:01,SPX,7588.57,7634.16,7530.0,13,266,0.1995,0.005864
2026-09-15 12:36:01,SPX,7588.57,7634.16,7650.0,289,3384,0.1652,0.005864
2026-09-15 12:36:01,SPX,7588.57,7634.16,7525.0,31,444,0.2013,0.005864
2026-09-15 12:36:01,SPX,7588.57,7634.16,7655.0,261,193,0.1638,0.005864
2026-09-15 12:36:01,SPX,7588.57,7634.16,7520.0,3,290,0.203,0.005864
2026-09-15 12:36:01,SPX,7588.57,7634.16,7660.0,410,256,0.1623,0.005864
2026-09-15 12:36:01,SPX,7588.57,7634.16,7515.0,9,179,0.2045,0.005864
2026-09-15 12:36:01,SPX,7588.57,7634.16,7665.0,144,136,0.1608,0.005864
2026-09-15 12:36:01,SPX,7588.57,7634.16,7510.0,55,274,0.2059,0.005864
2026-09-15 12:36:01,SPX,7588.57,7634.16,7670.0,822,544,0.1595,0.005864
2026-09-15 12:36:01,SPX,7588.57,7634.16,7505.0,21,120,0.2073,0.005864
2026-09-15 12:36:01,SPX,7588.57,7634.16,7675.0,3893,3939,0.1583,0.005864
2026-09-15 12:36:01,SPX,7588.57,7634.16,7500.0,76,1593,0.2087,0.005864
2026-09-15 12:36:01,SPX,7588.57,7634.16,7680.0,658,171,0.1573,0.005864
2026-09-15 12:36:01,SPX,7588.57,7634.16,7495.0,4,96,0.2102,0.005864
2026-09-15 12:36:01,SPX,7588.57,7634.16,7685.0,147,65,0.1565,0.005864
2026-09-15 12:36:01,SPX,7588.57,7634.16,7490.0,4,291,0.2118,0.005864
2026-09-15 12:36:01,SPX,7588.57,7634.16,7690.0,492,304,0.1557,0.005864
2026-09-15 12:36:01,SPX,7588.57,7634.16,7485.0,0,122,0.2135,0.005864
2026-09-15 12:36:01,SPX,7588.57,7634.16,7695.0,191,205,0.155,0.005864
2026-09-15 12:36:01,SPX,7588.57,7634.16,7480.0,32,239,0.2152,0.005864
2026-09-15 12:36:01,SPX,7588.57,7634.16,7700.0,3694,295,0.1543,0.005864
2026-09-15 12:36:01,SPX,7588.57,7634.16,7475.0,4,257,0.2171,0.005864
2026-09-15 12:36:01,SPX,7588.57,7634.16,7705.0,530,158,0.1537,0.005864
2026-09-15 12:36:01,SPX,7588.57,7634.16,7470.0,31,706,0.2189,0.005864
2026-09-15 12:36:01,SPX,7588.57,7634.16,7710.0,321,137,0.1531,0.005864
2026-09-15 12:36:01,SPX,7588.57,7634.16,7465.0,3,62,0.2208,0.005864
2026-09-15 12:36:01,SPX,7588.57,7634.16,7715.0,217,167,0.1525,0.005864
2026-09-15 12:36:01,SPX,7588.57,7634.16,7460.0,1,471,0.2227,0.005864
2026-09-15 12:36:01,SPX,7588.57,7634.16,7720.0,290,119,0.1519,0.005864
2026-09-15 12:36:01,SPX,7588.57,7634.16,7455.0,0,119,0.2246,0.005864
2026-09-15 12:36:01,SPX,7588.57,7634.16,7725.0,881,155,0.1514,0.005864
2026-09-15 12:36:01,SPX,7588.57,7634.16,7450.0,36,2980,0.2264,0.005864
2026-09-15 12:36:01,SPX,7588.57,7634.16,7730.0,496,116,0.1509,0.005864
2026-09-15 12:36:01,SPX,7588.57,7634.16,7445.0,0,135,0.2283,0.005864
2026-09-15 12:36:01,SPX,7588.57,7634.16,7735.0,474,36,0.1505,0.005864
2026-09-15 12:36:01,SPX,7588.57,7634.16,7440.0,7,483,0.2302,0.005864
2026-09-15 12:36:01,SPX,7588.57,7634.16,7740.0,601,119,0.1502,0.005864
2026-09-15 12:36:01,SPX,7588.57,7634.16,7435.0,0,112,0.232,0.005864
2026-09-15 12:36:01,SPX,7588.57,7634.16,7745.0,306,28,0.15,0.005864
2026-09-15 12:36:01,SPX,7588.57,7634.16,7430.0,2,261,0.2338,0.005864
2026-09-15 12:36:01,SPX,7588.57,7634.16,7750.0,990,167,0.15,0.005864
2026-09-15 12:36:01,SPX,7588.57,7634.16,7425.0,0,1625,0.2356,0.005864
2026-09-15 12:36:01,SPX,7588.57,7634.16,7755.0,247,31,0.15,0.005864
2026-09-15 12:36:01,SPX,7588.57,7634.16,7420.0,26,1343,0.2374,0.005864
2026-09-15 12:36:01,SPX,7588.57,7634.16,7760.0,646,97,0.1502,0.005864
2026-09-15 12:36:01,SPX,7588.57,7634.16,7415.0,0,135,0.2393,0.005864
2026-09-15 12:36:01,SPX,7588.57,7634.16,7765.0,200,43,0.1505,0.005864
2026-09-15 12:36:01,SPX,7588.57,7634.16,7410.0,1,167,0.2411,0.005864
2026-09-15 12:36:01,SPX,7588.57,7634.16,7770.0,1265,63,0.151,0.005864
2026-09-15 12:36:01,SPX,7588.57,7634.16,7405.0,0,98,0.243,0.005864
2026-09-15 12:36:01,SPX,7588.57,7634.16,7775.0,861,57,0.1516,0.005864
2026-09-15 12:36:01,SPX,7588.57,7634.16,7400.0,9,976,0.2449,0.005864
2026-09-15 12:36:01,SPX,7588.57,7634.16,7780.0,462,39,0.1523,0.005864
2026-09-15 12:36:01,SPX,7588.57,7634.16,7395.0,0,86,0.2469,0.005864
2026-09-15 12:36:01,SPX,7588.57,7634.16,7785.0,265,9,0.1532,0.005864
2026-09-15 12:36:01,SPX,7588.57,7634.16,7390.0,0,296,0.2488,0.005864
2026-09-15 12:36:01,SPX,7588.57,7634.16,7790.0,349,25,0.1542,0.005864
2026-09-15 12:36:01,SPX,7588.57,7634.16,7385.0,1,82,0.2509,0.005864
2026-09-15 12:36:01,SPX,7588.57,7634.16,7795.0,399,5,0.1553,0.005864
2026-09-15 12:36:01,SPX,7588.57,7634.16,7380.0,30,179,0.253,0.005864
2026-09-15 12:36:01,SPX,7588.57,7634.16,7800.0,3010,91,0.1565,0.005864
2026-09-15 12:36:01,SPX,7588.57,7634.16,7375.0,5,243,0.2551,0.005864
2026-09-15 12:36:01,SPX,7588.57,7634.16,7805.0,1854,3,0.1578,0.005864
2026-09-15 12:36:01,SPX,7588.57,7634.16,7370.0,30,169,0.2572,0.005864
2026-09-15 12:36:01,SPX,7588.57,7634.16,7810.0,485,4,0.1592,0.005864
2026-09-15 12:36:01,SPX,7588.57,7634.16,7365.0,0,55,0.2594,0.005864
2026-09-15 12:36:01,SPX,7588.57,7634.16,7815.0,405,2,0.1607,0.005864
2026-09-15 12:36:01,SPX,7588.57,7634.16,7360.0,3,223,0.2617,0.005864
2026-09-15 12:36:01,SPX,7588.57,7634.16,7820.0,319,16,0.1623,0.005864
2026-09-15 12:36:01,SPX,7588.57,7634.16,7355.0,0,61,0.264,0.005864
2026-09-15 12:36:01,SPX,7588.57,7634.16,7825.0,716,61,0.164,0.005864
2026-09-15 12:36:01,SPX,7588.57,7634.16,7350.0,30,911,0.2663,0.005864
2026-09-15 12:36:01,SPX,7588.57,7634.16,7830.0,485,3,0.1657,0.005864
2026-09-15 12:36:01,SPX,7588.57,7634.16,7345.0,0,113,0.2687,0.005864
2026-09-15 12:36:01,SPX,7588.57,7634.16,7835.0,483,0,0.1675,0.005864
2026-09-15 12:36:01,SPX,7588.57,7634.16,7340.0,0,283,0.2711,0.005864
2026-09-15 13:06:27,SPX,7584.59,7633.02,7585.0,219,1148,0.126,0.00033
2026-09-15 13:06:27,SPX,7584.59,7633.02,7580.0,182,3113,0.1273,0.00033
2026-09-15 13:06:27,SPX,7584.59,7633.02,7590.0,318,1495,0.1258,0.00033
2026-09-15 13:06:27,SPX,7584.59,7633.02,7575.0,142,2632,0.1306,0.00033
2026-09-15 13:06:27,SPX,7584.59,7633.02,7595.0,347,3640,0.1247,0.00033
2026-09-15 13:06:27,SPX,7584.59,7633.02,7570.0,175,1632,0.1364,0.00033
2026-09-15 13:06:27,SPX,7584.59,7633.02,7600.0,1628,4377,0.1259,0.00033
2026-09-15 13:06:27,SPX,7584.59,7633.02,7565.0,688,1156,0.142,0.00033
2026-09-15 13:06:27,SPX,7584.59,7633.02,7605.0,369,727,0.1285,0.00033
2026-09-15 13:06:27,SPX,7584.59,7633.02,7560.0,655,1715,0.148,0.00033
2026-09-15 13:06:27,SPX,7584.59,7633.02,7610.0,407,1239,0.1317,0.00033
2026-09-15 13:06:27,SPX,7584.59,7633.02,7555.0,160,910,0.1569,0.00033
2026-09-15 13:06:27,SPX,7584.59,7633.02,7615.0,397,2534,0.137,0.00033
2026-09-15 13:06:27,SPX,7584.59,7633.02,7550.0,117,4119,0.1622,0.00033
2026-09-15 13:06:27,SPX,7584.59,7633.02,7620.0,1077,2661,0.1429,0.00033
2026-09-15 13:06:27,SPX,7584.59,7633.02,7545.0,22,976,0.1724,0.00033
2026-09-15 13:06:27,SPX,7584.59,7633.02,7625.0,1051,2203,0.1499,0.00033
2026-09-15 13:06:27,SPX,7584.59,7633.02,7540.0,68,1297,0.183,0.00033
2026-09-15 13:06:27,SPX,7584.59,7633.02,7630.0,1307,1454,0.1593,0.00033
2026-09-15 13:06:27,SPX,7584.59,7633.02,7535.0,59,1994,0.1943,0.00033
2026-09-15 13:06:27,SPX,7584.59,7633.02,7635.0,949,911,0.1707,0.00033
2026-09-15 13:06:27,SPX,7584.59,7633.02,7530.0,60,3712,0.2051,0.00033
2026-09-15 13:06:27,SPX,7584.59,7633.02,7640.0,1221,774,0.1826,0.00033
2026-09-15 13:06:27,SPX,7584.59,7633.02,7525.0,131,2949,0.2119,0.00033
2026-09-15 13:06:27,SPX,7584.59,7633.02,7645.0,905,360,0.1933,0.00033
2026-09-15 13:06:27,SPX,7584.59,7633.02,7520.0,64,2119,0.2242,0.00033
2026-09-15 13:06:27,SPX,7584.59,7633.02,7650.0,2860,2876,0.2026,0.00033
2026-09-15 13:06:27,SPX,7584.59,7633.02,7515.0,33,1288,0.2367,0.00033
2026-09-15 13:06:27,SPX,7584.59,7633.02,7655.0,1499,374,0.2108,0.00033
2026-09-15 13:06:27,SPX,7584.59,7633.02,7510.0,37,2084,0.2479,0.00033
2026-09-15 13:06:27,SPX,7584.59,7633.02,7660.0,3439,498,0.219,0.00033
2026-09-15 13:06:27,SPX,7584.59,7633.02,7505.0,12,2186,0.2584,0.00033
2026-09-15 13:06:27,SPX,7584.59,7633.02,7665.0,2015,485,0.2294,0.00033
2026-09-15 13:06:27,SPX,7584.59,7633.02,7500.0,70,6429,0.2686,0.00033
2026-09-15 13:06:27,SPX,7584.59,7633.02,7670.0,2107,659,0.2406,0.00033
2026-09-15 13:06:27,SPX,7584.59,7633.02,7495.0,3,2086,0.279,0.00033
2026-09-15 13:06:27,SPX,7584.59,7633.02,7675.0,4786,1606,0.2522,0.00033
2026-09-15 13:06:27,SPX,7584.59,7633.02,7490.0,22,1425,0.2899,0.00033
2026-09-15 13:06:27,SPX,7584.59,7633.02,7680.0,3240,555,0.2647,0.00033
2026-09-15 13:06:27,SPX,7584.59,7633.02,7485.0,2,2340,0.3014,0.00033
2026-09-15 13:06:27,SPX,7584.59,7633.02,7685.0,2362,813,0.2779,0.00033
2026-09-15 13:06:27,SPX,7584.59,7633.02,7480.0,16,1328,0.3135,0.00033
2026-09-15 13:06:27,SPX,7584.59,7633.02,7690.0,1579,427,0.2911,0.00033
2026-09-15 13:06:27,SPX,7584.59,7633.02,7475.0,7,2599,0.3259,0.00033
2026-09-15 13:06:27,SPX,7584.59,7633.02,7695.0,2022,164,0.3035,0.00033
2026-09-15 13:06:27,SPX,7584.59,7633.02,7470.0,2,769,0.3384,0.00033
2026-09-15 13:06:27,SPX,7584.59,7633.02,7700.0,4610,864,0.3153,0.00033
2026-09-15 13:06:27,SPX,7584.59,7633.02,7465.0,0,3434,0.3508,0.00033
2026-09-15 13:06:27,SPX,7584.59,7633.02,7705.0,1433,446,0.3263,0.00033
2026-09-15 13:06:27,SPX,7584.59,7633.02,7460.0,10,1810,0.3631,0.00033
2026-09-15 13:06:27,SPX,7584.59,7633.02,7710.0,2583,749,0.3367,0.00033
2026-09-15 13:06:27,SPX,7584.59,7633.02,7455.0,14,427,0.3752,0.00033
2026-09-15 13:06:27,SPX,7584.59,7633.02,7715.0,2171,175,0.3462,0.00033
2026-09-15 13:06:27,SPX,7584.59,7633.02,7450.0,12,4782,0.3871,0.00033
2026-09-15 13:06:27,SPX,7584.59,7633.02,7720.0,1689,343,0.3549,0.00033
2026-09-15 13:06:27,SPX,7584.59,7633.02,7445.0,2,568,0.3988,0.00033
2026-09-15 13:06:27,SPX,7584.59,7633.02,7725.0,7849,224,0.3629,0.00033
2026-09-15 13:06:27,SPX,7584.59,7633.02,7440.0,34,1197,0.4108,0.00033
2026-09-15 13:06:27,SPX,7584.59,7633.02,7730.0,1070,245,0.3699,0.00033
2026-09-15 13:06:27,SPX,7584.59,7633.02,7435.0,0,3101,0.423,0.00033
2026-09-15 13:06:27,SPX,7584.59,7633.02,7735.0,1377,59,0.376,0.00033
2026-09-15 13:06:27,SPX,7584.59,7633.02,7430.0,4,1433,0.4355,0.00033
2026-09-15 13:06:27,SPX,7584.59,7633.02,7740.0,974,87,0.3813,0.00033
2026-09-15 13:06:27,SPX,7584.59,7633.02,7425.0,10,3151,0.4482,0.00033
2026-09-15 13:06:27,SPX,7584.59,7633.02,7745.0,1326,79,0.3858,0.00033
2026-09-15 13:06:27,SPX,7584.59,7633.02,7420.0,3,828,0.461,0.00033
2026-09-15 13:06:27,SPX,7584.59,7633.02,7750.0,2400,819,0.3895,0.00033
2026-09-15 13:06:27,SPX,7584.59,7633.02,7415.0,0,511,0.4738,0.00033
2026-09-15 13:06:27,SPX,7584.59,7633.02,7755.0,652,51,0.3925,0.00033
2026-09-15 13:06:27,SPX,7584.59,7633.02,7410.0,32,660,0.4864,0.00033
2026-09-15 13:06:27,SPX,7584.59,7633.02,7760.0,749,62,0.3948,0.00033
2026-09-15 13:06:27,SPX,7584.59,7633.02,7405.0,0,268,0.4985,0.00033
2026-09-15 13:06:27,SPX,7584.59,7633.02,7765.0,813,22,0.3965,0.00033
2026-09-15 13:06:27,SPX,7584.59,7633.02,7400.0,14,3697,0.51,0.00033
2026-09-15 13:06:27,SPX,7584.59,7633.02,7770.0,937,43,0.3978,0.00033
2026-09-15 13:06:27,SPX,7584.59,7633.02,7395.0,0,298,0.5211,0.00033
2026-09-15 13:06:27,SPX,7584.59,7633.02,7775.0,1187,25,0.3986,0.00033
2026-09-15 13:06:27,SPX,7584.59,7633.02,7390.0,1,488,0.5317,0.00033
2026-09-15 13:06:27,SPX,7584.59,7633.02,7780.0,1310,129,0.3991,0.00033
2026-09-15 13:06:27,SPX,7584.59,7633.02,7385.0,0,1903,0.5416,0.00033
2026-09-15 13:06:27,SPX,7584.59,7633.02,7785.0,4397,26,0.3993,0.00033
2026-09-15 13:06:27,SPX,7584.59,7633.02,7380.0,2,2659,0.5506,0.00033
2026-09-15 13:06:27,SPX,7584.59,7633.02,7790.0,1945,83,0.3993,0.00033
2026-09-15 13:06:27,SPX,7584.59,7633.02,7375.0,22,575,0.5579,0.00033
2026-09-15 13:06:27,SPX,7584.59,7633.02,7795.0,398,1,0.3993,0.00033
2026-09-15 13:06:27,SPX,7584.59,7633.02,7370.0,1,1752,0.5637,0.00033
2026-09-15 13:06:27,SPX,7584.59,7633.02,7800.0,2963,70,0.3992,0.00033
2026-09-15 13:06:27,SPX,7584.59,7633.02,7365.0,10,4516,0.5692,0.00033
2026-09-15 13:06:27,SPX,7584.59,7633.02,7805.0,836,9,0.3989,0.00033
2026-09-15 13:06:27,SPX,7584.59,7633.02,7360.0,26,625,0.5766,0.00033
2026-09-15 13:06:27,SPX,7584.59,7633.02,7810.0,1015,7,0.3986,0.00033
2026-09-15 13:06:27,SPX,7584.59,7633.02,7355.0,0,285,0.5872,0.00033
2026-09-15 13:06:27,SPX,7584.59,7633.02,7815.0,559,3,0.3982,0.00033
2026-09-15 13:06:27,SPX,7584.59,7633.02,7350.0,14,4506,0.6002,0.00033
2026-09-15 13:06:27,SPX,7584.59,7633.02,7820.0,731,19,0.3978,0.00033
2026-09-15 13:06:27,SPX,7584.59,7633.02,7345.0,0,186,0.612,0.00033
2026-09-15 13:06:27,SPX,7584.59,7633.02,7825.0,2294,50,0.3973,0.00033
2026-09-15 13:06:27,SPX,7584.59,7633.02,7340.0,3,752,0.6158,0.00033
2026-09-15 13:06:27,SPX,7584.59,7633.02,7830.0,1760,3,0.3967,0.00033
2026-09-15 13:06:27,SPX,7584.59,7633.02,7335.0,0,228,0.6159,0.00033
2026-09-15 13:06:27,SPX,7584.59,7633.02,7585.0,138,528,0.1903,0.003068
2026-09-15 13:06:27,SPX,7584.59,7633.02,7580.0,99,709,0.1918,0.003068
2026-09-15 13:06:27,SPX,7584.59,7633.02,7590.0,105,464,0.1887,0.003068
2026-09-15 13:06:27,SPX,7584.59,7633.02,7575.0,74,685,0.1931,0.003068
2026-09-15 13:06:27,SPX,7584.59,7633.02,7595.0,109,539,0.1869,0.003068
2026-09-15 13:06:27,SPX,7584.59,7633.02,7570.0,48,829,0.1953,0.003068
2026-09-15 13:06:27,SPX,7584.59,7633.02,7600.0,708,2728,0.1857,0.003068
2026-09-15 13:06:27,SPX,7584.59,7633.02,7565.0,17,272,0.196,0.003068
2026-09-15 13:06:27,SPX,7584.59,7633.02,7605.0,181,231,0.1841,0.003068
2026-09-15 13:06:27,SPX,7584.59,7633.02,7560.0,49,506,0.1976,0.003068
2026-09-15 13:06:27,SPX,7584.59,7633.02,7610.0,120,528,0.183,0.003068
2026-09-15 13:06:27,SPX,7584.59,7633.02,7555.0,51,301,0.1992,0.003068
2026-09-15 13:06:27,SPX,7584.59,7633.02,7615.0,179,188,0.1815,0.003068
2026-09-15 13:06:27,SPX,7584.59,7633.02,7550.0,91,1255,0.2007,0.003068
2026-09-15 13:06:27,SPX,7584.59,7633.02,7620.0,221,316,0.1806,0.003068
2026-09-15 13:06:27,SPX,7584.59,7633.02,7545.0,13,400,0.2023,0.003068
2026-09-15 13:06:27,SPX,7584.59,7633.02,7625.0,219,3446,0.1795,0.003068
2026-09-15 13:06:27,SPX,7584.59,7633.02,7540.0,38,700,0.2039,0.003068
2026-09-15 13:06:27,SPX,7584.59,7633.02,7630.0,316,396,0.1786,0.003068
2026-09-15 13:06:27,SPX,7584.59,7633.02,7535.0,30,338,0.2056,0.003068
2026-09-15 13:06:27,SPX,7584.59,7633.02,7635.0,246,549,0.1774,0.003068
2026-09-15 13:06:27,SPX,7584.59,7633.02,7530.0,27,446,0.208,0.003068
2026-09-15 13:06:27,SPX,7584.59,7633.02,7640.0,297,292,0.1758,0.003068
2026-09-15 13:06:27,SPX,7584.59,7633.02,7525.0,24,2555,0.2095,0.003068
2026-09-15 13:06:27,SPX,7584.59,7633.02,7645.0,166,464,0.174,0.003068
2026-09-15 13:06:27,SPX,7584.59,7633.02,7520.0,37,1073,0.2104,0.003068
2026-09-15 13:06:27,SPX,7584.59,7633.02,7650.0,4112,4427,0.1723,0.003068
2026-09-15 13:06:27,SPX,7584.59,7633.02,7515.0,43,329,0.2122,0.003068
2026-09-15 13:06:27,SPX,7584.59,7633.02,7655.0,166,786,0.1708,0.003068
2026-09-15 13:06:27,SPX,7584.59,7633.02,7510.0,51,518,0.2132,0.003068
2026-09-15 13:06:27,SPX,7584.59,7633.02,7660.0,415,261,0.1695,0.003068
2026-09-15 13:06:27,SPX,7584.59,7633.02,7505.0,39,354,0.2147,0.003068
2026-09-15 13:06:27,SPX,7584.59,7633.02,7665.0,242,282,0.1686,0.003068
2026-09-15 13:06:27,SPX,7584.59,7633.02,7500.0,39,2795,0.2165,0.003068
2026-09-15 13:06:27,SPX,7584.59,7633.02,7670.0,476,497,0.1678,0.003068
2026-09-15 13:06:27,SPX,7584.59,7633.02,7495.0,0,249,0.2185,0.003068
2026-09-15 13:06:27,SPX,7584.59,7633.02,7675.0,3673,996,0.1672,0.003068
2026-09-15 13:06:27,SPX,7584.59,7633.02,7490.0,0,396,0.2206,0.003068
2026-09-15 13:06:27,SPX,7584.59,7633.02,7680.0,696,901,0.1667,0.003068
2026-09-15 13:06:27,SPX,7584.59,7633.02,7485.0,2,229,0.2227,0.003068
2026-09-15 13:06:27,SPX,7584.59,7633.02,7685.0,1005,237,0.1661,0.003068
2026-09-15 13:06:27,SPX,7584.59,7633.02,7480.0,7,493,0.2247,0.003068
2026-09-15 13:06:27,SPX,7584.59,7633.02,7690.0,493,125,0.1656,0.003068
2026-09-15 13:06:27,SPX,7584.59,7633.02,7475.0,25,1133,0.2264,0.003068
2026-09-15 13:06:27,SPX,7584.59,7633.02,7695.0,392,112,0.165,0.003068
2026-09-15 13:06:27,SPX,7584.59,7633.02,7470.0,26,856,0.228,0.003068
2026-09-15 13:06:27,SPX,7584.59,7633.02,7700.0,1586,807,0.1645,0.003068
2026-09-15 13:06:27,SPX,7584.59,7633.02,7465.0,0,510,0.2296,0.003068
2026-09-15 13:06:27,SPX,7584.59,7633.02,7705.0,458,2049,0.1641,0.003068
2026-09-15 13:06:27,SPX,7584.59,7633.02,7460.0,25,536,0.2312,0.003068
2026-09-15 13:06:27,SPX,7584.59,7633.02,7710.0,938,121,0.1638,0.003068
2026-09-15 13:06:27,SPX,7584.59,7633.02,7455.0,1,219,0.2327,0.003068
2026-09-15 13:06:27,SPX,7584.59,7633.02,7715.0,439,1316,0.1636,0.003068
2026-09-15 13:06:27,SPX,7584.59,7633.02,7450.0,4,963,0.2343,0.003068
2026-09-15 13:06:27,SPX,7584.59,7633.02,7720.0,456,60,0.1636,0.003068
2026-09-15 13:06:27,SPX,7584.59,7633.02,7445.0,0,190,0.2361,0.003068
2026-09-15 13:06:27,SPX,7584.59,7633.02,7725.0,1340,110,0.1638,0.003068
2026-09-15 13:06:27,SPX,7584.59,7633.02,7440.0,3,235,0.2382,0.003068
2026-09-15 13:06:27,SPX,7584.59,7633.02,7730.0,2856,2056,0.1643,0.003068
2026-09-15 13:06:27,SPX,7584.59,7633.02,7435.0,3,170,0.2404,0.003068
2026-09-15 13:06:27,SPX,7584.59,7633.02,7735.0,662,23,0.165,0.003068
2026-09-15 13:06:27,SPX,7584.59,7633.02,7430.0,3,207,0.2427,0.003068
2026-09-15 13:06:27,SPX,7584.59,7633.02,7740.0,2013,1352,0.1659,0.003068
2026-09-15 13:06:27,SPX,7584.59,7633.02,7425.0,9,413,0.2451,0.003068
2026-09-15 13:06:27,SPX,7584.59,7633.02,7745.0,733,146,0.167,0.003068
2026-09-15 13:06:27,SPX,7584.59,7633.02,7420.0,1,743,0.2476,0.003068
2026-09-15 13:06:27,SPX,7584.59,7633.02,7750.0,1605,299,0.1684,0.003068
2026-09-15 13:06:27,SPX,7584.59,7633.02,7415.0,1,1153,0.25,0.003068
2026-09-15 13:06:27,SPX,7584.59,7633.02,7755.0,2979,33,0.1699,0.003068
2026-09-15 13:06:27,SPX,7584.59,7633.02,7410.0,1,414,0.2525,0.003068
2026-09-15 13:06:27,SPX,7584.59,7633.02,7760.0,502,60,0.1717,0.003068
2026-09-15 13:06:27,SPX,7584.59,7633.02,7405.0,5,328,0.2549,0.003068
2026-09-15 13:06:27,SPX,7584.59,7633.02,7765.0,1830,27,0.1737,0.003068
2026-09-15 13:06:27,SPX,7584.59,7633.02,7400.0,56,2707,0.2574,0.003068
2026-09-15 13:06:27,SPX,7584.59,7633.02,7770.0,1017,30,0.1758,0.003068
2026-09-15 13:06:27,SPX,7584.59,7633.02,7395.0,0,1474,0.2598,0.003068
2026-09-15 13:06:27,SPX,7584.59,7633.02,7775.0,1252,62,0.178,0.003068
2026-09-15 13:06:27,SPX,7584.59,7633.02,7390.0,30,6437,0.2623,0.003068
2026-09-15 13:06:27,SPX,7584.59,7633.02,7780.0,954,32,0.1803,0.003068
2026-09-15 13:06:27,SPX,7584.59,7633.02,7385.0,1,253,0.2649,0.003068
2026-09-15 13:06:27,SPX,7584.59,7633.02,7785.0,381,280,0.183,0.003068
2026-09-15 13:06:27,SPX,7584.59,7633.02,7380.0,1,6484,0.2675,0.003068
2026-09-15 13:06:27,SPX,7584.59,7633.02,7790.0,3000,24,0.1859,0.003068
2026-09-15 13:06:27,SPX,7584.59,7633.02,7375.0,0,499,0.2703,0.003068
2026-09-15 13:06:27,SPX,7584.59,7633.02,7795.0,380,13,0.1888,0.003068
2026-09-15 13:06:27,SPX,7584.59,7633.02,7370.0,24,209,0.2731,0.003068
2026-09-15 13:06:27,SPX,7584.59,7633.02,7800.0,2907,50,0.1919,0.003068
2026-09-15 13:06:27,SPX,7584.59,7633.02,7365.0,0,311,0.276,0.003068
2026-09-15 13:06:27,SPX,7584.59,7633.02,7805.0,1757,2,0.1951,0.003068
2026-09-15 13:06:27,SPX,7584.59,7633.02,7360.0,2,445,0.2791,0.003068
2026-09-15 13:06:27,SPX,7584.59,7633.02,7810.0,529,32,0.1983,0.003068
2026-09-15 13:06:27,SPX,7584.59,7633.02,7355.0,0,177,0.2822,0.003068
2026-09-15 13:06:27,SPX,7584.59,7633.02,7815.0,461,4,0.2016,0.003068
2026-09-15 13:06:27,SPX,7584.59,7633.02,7350.0,1,1518,0.2854,0.003068
2026-09-15 13:06:27,SPX,7584.59,7633.02,7820.0,1308,62,0.205,0.003068
2026-09-15 13:06:27,SPX,7584.59,7633.02,7345.0,0,36,0.2887,0.003068
2026-09-15 13:06:27,SPX,7584.59,7633.02,7825.0,1101,42,0.2083,0.003068
2026-09-15 13:06:27,SPX,7584.59,7633.02,7340.0,1,237,0.2921,0.003068
2026-09-15 13:06:27,SPX,7584.59,7633.02,7830.0,592,128,0.2117,0.003068
2026-09-15 13:06:27,SPX,7584.59,7633.02,7335.0,0,2528,0.2956,0.003068
2026-09-15 13:06:27,SPX,7584.59,7633.02,7585.0,56,235,0.1814,0.005806
2026-09-15 13:06:27,SPX,7584.59,7633.02,7580.0,220,604,0.1833,0.005806
2026-09-15 13:06:27,SPX,7584.59,7633.02,7590.0,77,210,0.1802,0.005806
2026-09-15 13:06:27,SPX,7584.59,7633.02,7575.0,67,350,0.1843,0.005806
2026-09-15 13:06:27,SPX,7584.59,7633.02,7595.0,129,389,0.1786,0.005806
2026-09-15 13:06:27,SPX,7584.59,7633.02,7570.0,88,153,0.1855,0.005806
2026-09-15 13:06:27,SPX,7584.59,7633.02,7600.0,169,1835,0.177,0.005806
2026-09-15 13:06:27,SPX,7584.59,7633.02,7565.0,76,116,0.1869,0.005806
2026-09-15 13:06:27,SPX,7584.59,7633.02,7605.0,174,143,0.1756,0.005806
2026-09-15 13:06:27,SPX,7584.59,7633.02,7560.0,59,278,0.1883,0.005806
2026-09-15 13:06:27,SPX,7584.59,7633.02,7610.0,133,353,0.1745,0.005806
2026-09-15 13:06:27,SPX,7584.59,7633.02,7555.0,50,195,0.1899,0.005806
2026-09-15 13:06:27,SPX,7584.59,7633.02,7615.0,144,109,0.1732,0.005806
2026-09-15 13:06:27,SPX,7584.59,7633.02,7550.0,81,474,0.1912,0.005806
2026-09-15 13:06:27,SPX,7584.59,7633.02,7620.0,125,190,0.1719,0.005806
2026-09-15 13:06:27,SPX,7584.59,7633.02,7545.0,74,134,0.1925,0.005806
2026-09-15 13:06:27,SPX,7584.59,7633.02,7625.0,190,625,0.1707,0.005806
2026-09-15 13:06:27,SPX,7584.59,7633.02,7540.0,20,581,0.194,0.005806
2026-09-15 13:06:27,SPX,7584.59,7633.02,7630.0,152,296,0.1695,0.005806
2026-09-15 13:06:27,SPX,7584.59,7633.02,7535.0,12,248,0.1957,0.005806
2026-09-15 13:06:27,SPX,7584.59,7633.02,7635.0,132,172,0.1683,0.005806
2026-09-15 13:06:27,SPX,7584.59,7633.02,7530.0,13,266,0.1975,0.005806
2026-09-15 13:06:27,SPX,7584.59,7633.02,7640.0,105,218,0.1672,0.005806
2026-09-15 13:06:27,SPX,7584.59,7633.02,7525.0,31,444,0.1991,0.005806
2026-09-15 13:06:27,SPX,7584.59,7633.02,7645.0,179,150,0.1661,0.005806
2026-09-15 13:06:27,SPX,7584.59,7633.02,7520.0,3,290,0.2006,0.005806
2026-09-15 13:06:27,SPX,7584.59,7633.02,7650.0,289,3384,0.1639,0.005806
2026-09-15 13:06:27,SPX,7584.59,7633.02,7515.0,9,179,0.202,0.005806
2026-09-15 13:06:27,SPX,7584.59,7633.02,7655.0,261,193,0.1627,0.005806
2026-09-15 13:06:27,SPX,7584.59,7633.02,7510.0,55,274,0.2034,0.005806
2026-09-15 13:06:27,SPX,7584.59,7633.02,7660.0,410,256,0.1615,0.005806
2026-09-15 13:06:27,SPX,7584.59,7633.02,7505.0,21,120,0.2047,0.005806
2026-09-15 13:06:27,SPX,7584.59,7633.02,7665.0,144,136,0.1604,0.005806
2026-09-15 13:06:27,SPX,7584.59,7633.02,7500.0,76,1593,0.206,0.005806
2026-09-15 13:06:27,SPX,7584.59,7633.02,7670.0,822,544,0.1593,0.005806
2026-09-15 13:06:27,SPX,7584.59,7633.02,7495.0,4,96,0.2075,0.005806
2026-09-15 13:06:27,SPX,7584.59,7633.02,7675.0,3893,3939,0.1582,0.005806
2026-09-15 13:06:27,SPX,7584.59,7633.02,7490.0,4,291,0.209,0.005806
2026-09-15 13:06:27,SPX,7584.59,7633.02,7680.0,658,171,0.1571,0.005806
2026-09-15 13:06:27,SPX,7584.59,7633.02,7485.0,0,122,0.2106,0.005806
2026-09-15 13:06:27,SPX,7584.59,7633.02,7685.0,147,65,0.156,0.005806
2026-09-15 13:06:27,SPX,7584.59,7633.02,7480.0,32,239,0.2123,0.005806
2026-09-15 13:06:27,SPX,7584.59,7633.02,7690.0,492,304,0.1549,0.005806
2026-09-15 13:06:27,SPX,7584.59,7633.02,7475.0,4,257,0.214,0.005806
2026-09-15 13:06:27,SPX,7584.59,7633.02,7695.0,191,205,0.1538,0.005806
2026-09-15 13:06:27,SPX,7584.59,7633.02,7470.0,31,706,0.2158,0.005806
2026-09-15 13:06:27,SPX,7584.59,7633.02,7700.0,3694,295,0.1528,0.005806
2026-09-15 13:06:27,SPX,7584.59,7633.02,7465.0,3,62,0.2175,0.005806
2026-09-15 13:06:27,SPX,7584.59,7633.02,7705.0,530,158,0.152,0.005806
2026-09-15 13:06:27,SPX,7584.59,7633.02,7460.0,1,471,0.2193,0.005806
2026-09-15 13:06:27,SPX,7584.59,7633.02,7710.0,321,137,0.1513,0.005806
2026-09-15 13:06:27,SPX,7584.59,7633.02,7455.0,0,119,0.221,0.005806
2026-09-15 13:06:27,SPX,7584.59,7633.02,7715.0,217,167,0.1508,0.005806
2026-09-15 13:06:27,SPX,7584.59,7633.02,7450.0,36,2980,0.2228,0.005806
2026-09-15 13:06:27,SPX,7584.59,7633.02,7720.0,290,119,0.1505,0.005806
2026-09-15 13:06:27,SPX,7584.59,7633.02,7445.0,0,135,0.2245,0.005806
2026-09-15 13:06:27,SPX,7584.59,7633.02,7725.0,881,155,0.1502,0.005806
2026-09-15 13:06:27,SPX,7584.59,7633.02,7440.0,7,483,0.2262,0.005806
2026-09-15 13:06:27,SPX,7584.59,7633.02,7730.0,496,116,0.1501,0.005806
2026-09-15 13:06:27,SPX,7584.59,7633.02,7435.0,0,112,0.2279,0.005806
2026-09-15 13:06:27,SPX,7584.59,7633.02,7735.0,474,36,0.1501,0.005806
2026-09-15 13:06:27,SPX,7584.59,7633.02,7430.0,2,261,0.2296,0.005806
2026-09-15 13:06:27,SPX,7584.59,7633.02,7740.0,601,119,0.1501,0.005806
2026-09-15 13:06:27,SPX,7584.59,7633.02,7425.0,0,1625,0.2314,0.005806
2026-09-15 13:06:27,SPX,7584.59,7633.02,7745.0,306,28,0.1503,0.005806
2026-09-15 13:06:27,SPX,7584.59,7633.02,7420.0,26,1343,0.2331,0.005806
2026-09-15 13:06:27,SPX,7584.59,7633.02,7750.0,990,167,0.1505,0.005806
2026-09-15 13:06:27,SPX,7584.59,7633.02,7415.0,0,135,0.2348,0.005806
2026-09-15 13:06:27,SPX,7584.59,7633.02,7755.0,247,31,0.1508,0.005806
2026-09-15 13:06:27,SPX,7584.59,7633.02,7410.0,1,167,0.2366,0.005806
2026-09-15 13:06:27,SPX,7584.59,7633.02,7760.0,646,97,0.1512,0.005806
2026-09-15 13:06:27,SPX,7584.59,7633.02,7405.0,0,98,0.2384,0.005806
2026-09-15 13:06:27,SPX,7584.59,7633.02,7765.0,200,43,0.1517,0.005806
2026-09-15 13:06:27,SPX,7584.59,7633.02,7400.0,9,976,0.2403,0.005806
2026-09-15 13:06:27,SPX,7584.59,7633.02,7770.0,1265,63,0.1523,0.005806
2026-09-15 13:06:27,SPX,7584.59,7633.02,7395.0,0,86,0.2422,0.005806
2026-09-15 13:06:27,SPX,7584.59,7633.02,7775.0,861,57,0.1529,0.005806
2026-09-15 13:06:27,SPX,7584.59,7633.02,7390.0,0,296,0.2441,0.005806
2026-09-15 13:06:27,SPX,7584.59,7633.02,7780.0,462,39,0.1537,0.005806
2026-09-15 13:06:27,SPX,7584.59,7633.02,7385.0,1,82,0.2461,0.005806
2026-09-15 13:06:27,SPX,7584.59,7633.02,7785.0,265,9,0.1546,0.005806
2026-09-15 13:06:27,SPX,7584.59,7633.02,7380.0,30,179,0.2481,0.005806
2026-09-15 13:06:27,SPX,7584.59,7633.02,7790.0,349,25,0.1555,0.005806
2026-09-15 13:06:27,SPX,7584.59,7633.02,7375.0,5,243,0.2501,0.005806
2026-09-15 13:06:27,SPX,7584.59,7633.02,7795.0,399,5,0.1566,0.005806
2026-09-15 13:06:27,SPX,7584.59,7633.02,7370.0,30,169,0.2522,0.005806
2026-09-15 13:06:27,SPX,7584.59,7633.02,7800.0,3010,91,0.1577,0.005806
2026-09-15 13:06:27,SPX,7584.59,7633.02,7365.0,0,55,0.2543,0.005806
2026-09-15 13:06:27,SPX,7584.59,7633.02,7805.0,1854,3,0.159,0.005806
2026-09-15 13:06:27,SPX,7584.59,7633.02,7360.0,3,223,0.2565,0.005806
2026-09-15 13:06:27,SPX,7584.59,7633.02,7810.0,485,4,0.1603,0.005806
2026-09-15 13:06:27,SPX,7584.59,7633.02,7355.0,0,61,0.2588,0.005806
2026-09-15 13:06:27,SPX,7584.59,7633.02,7815.0,405,2,0.1617,0.005806
2026-09-15 13:06:27,SPX,7584.59,7633.02,7350.0,30,911,0.261,0.005806
2026-09-15 13:06:27,SPX,7584.59,7633.02,7820.0,319,16,0.1633,0.005806
2026-09-15 13:06:27,SPX,7584.59,7633.02,7345.0,0,113,0.2634,0.005806
2026-09-15 13:06:27,SPX,7584.59,7633.02,7825.0,716,61,0.1649,0.005806
2026-09-15 13:06:27,SPX,7584.59,7633.02,7340.0,0,283,0.2657,0.005806
2026-09-15 13:06:27,SPX,7584.59,7633.02,7830.0,485,3,0.1666,0.005806
2026-09-15 13:06:27,SPX,7584.59,7633.02,7335.0,0,241,0.2681,0.005806
2026-09-15 13:36:51,SPX,7582.21,7632.88,7580.0,182,3113,0.1147,0.000272
2026-09-15 13:36:51,SPX,7582.21,7632.88,7585.0,219,1148,0.1121,0.000272
2026-09-15 13:36:51,SPX,7582.21,7632.88,7575.0,142,2632,0.1209,0.000272
2026-09-15 13:36:51,SPX,7582.21,7632.88,7590.0,318,1495,0.1124,0.000272
2026-09-15 13:36:51,SPX,7582.21,7632.88,7570.0,175,1632,0.1258,0.000272
2026-09-15 13:36:51,SPX,7582.21,7632.88,7595.0,347,3640,0.1135,0.000272
2026-09-15 13:36:51,SPX,7582.21,7632.88,7565.0,688,1156,0.1336,0.000272
2026-09-15 13:36:51,SPX,7582.21,7632.88,7600.0,1628,4377,0.1164,0.000272
2026-09-15 13:36:51,SPX,7582.21,7632.88,7560.0,655,1715,0.1419,0.000272
2026-09-15 13:36:51,SPX,7582.21,7632.88,7605.0,369,727,0.1231,0.000272
2026-09-15 13:36:51,SPX,7582.21,7632.88,7555.0,160,910,0.1521,0.000272
2026-09-15 13:36:51,SPX,7582.21,7632.88,7610.0,407,1239,0.133,0.000272
2026-09-15 13:36:51,SPX,7582.21,7632.88,7550.0,117,4119,0.1611,0.000272
2026-09-15 13:36:51,SPX,7582.21,7632.88,7615.0,397,2534,0.1439,0.000272
2026-09-15 13:36:51,SPX,7582.21,7632.88,7545.0,22,976,0.1728,0.000272
2026-09-15 13:36:51,SPX,7582.21,7632.88,7620.0,1077,2661,0.1542,0.000272
2026-09-15 13:36:51,SPX,7582.21,7632.88,7540.0,68,1297,0.1821,0.000272
2026-09-15 13:36:51,SPX,7582.21,7632.88,7625.0,1051,2203,0.1637,0.000272
2026-09-15 13:36:51,SPX,7582.21,7632.88,7535.0,59,1994,0.1992,0.000272
2026-09-15 13:36:51,SPX,7582.21,7632.88,7630.0,1307,1454,0.173,0.000272
2026-09-15 13:36:51,SPX,7582.21,7632.88,7530.0,60,3712,0.2039,0.000272
2026-09-15 13:36:51,SPX,7582.21,7632.88,7635.0,949,911,0.1829,0.000272
2026-09-15 13:36:51,SPX,7582.21,7632.88,7525.0,131,2949,0.2131,0.000272
2026-09-15 13:36:51,SPX,7582.21,7632.88,7640.0,1221,774,0.194,0.000272
2026-09-15 13:36:51,SPX,7582.21,7632.88,7520.0,64,2119,0.2268,0.000272
2026-09-15 13:36:51,SPX,7582.21,7632.88,7645.0,905,360,0.2054,0.000272
2026-09-15 13:36:51,SPX,7582.21,7632.88,7515.0,33,1288,0.2437,0.000272
2026-09-15 13:36:51,SPX,7582.21,7632.88,7650.0,2860,2876,0.2177,0.000272
2026-09-15 13:36:51,SPX,7582.21,7632.88,7510.0,37,2084,0.2583,0.000272
2026-09-15 13:36:51,SPX,7582.21,7632.88,7655.0,1499,374,0.2312,0.000272
2026-09-15 13:36:51,SPX,7582.21,7632.88,7505.0,12,2186,0.2719,0.000272
2026-09-15 13:36:51,SPX,7582.21,7632.88,7660.0,3439,498,0.2456,0.000272
2026-09-15 13:36:51,SPX,7582.21,7632.88,7500.0,70,6429,0.2854,0.000272
2026-09-15 13:36:51,SPX,7582.21,7632.88,7665.0,2015,485,0.2604,0.000272
2026-09-15 13:36:51,SPX,7582.21,7632.88,7495.0,3,2086,0.2981,0.000272
2026-09-15 13:36:51,SPX,7582.21,7632.88,7670.0,2107,659,0.2752,0.000272
2026-09-15 13:36:51,SPX,7582.21,7632.88,7490.0,22,1425,0.3096,0.000272
2026-09-15 13:36:51,SPX,7582.21,7632.88,7675.0,4786,1606,0.2896,0.000272
2026-09-15 13:36:51,SPX,7582.21,7632.88,7485.0,2,2340,0.3207,0.000272
2026-09-15 13:36:51,SPX,7582.21,7632.88,7680.0,3240,555,0.3035,0.000272
2026-09-15 13:36:51,SPX,7582.21,7632.88,7480.0,16,1328,0.3319,0.000272
2026-09-15 13:36:51,SPX,7582.21,7632.88,7685.0,2362,813,0.3165,0.000272
2026-09-15 13:36:51,SPX,7582.21,7632.88,7475.0,7,2599,0.3438,0.000272
2026-09-15 13:36:51,SPX,7582.21,7632.88,7690.0,1579,427,0.3285,0.000272
2026-09-15 13:36:51,SPX,7582.21,7632.88,7470.0,2,769,0.3565,0.000272
2026-09-15 13:36:51,SPX,7582.21,7632.88,7695.0,2022,164,0.3388,0.000272
2026-09-15 13:36:51,SPX,7582.21,7632.88,7465.0,0,3434,0.3702,0.000272
2026-09-15 13:36:51,SPX,7582.21,7632.88,7700.0,4610,864,0.3481,0.000272
2026-09-15 13:36:51,SPX,7582.21,7632.88,7460.0,10,1810,0.3846,0.000272
2026-09-15 13:36:51,SPX,7582.21,7632.88,7705.0,1433,446,0.3563,0.000272
2026-09-15 13:36:51,SPX,7582.21,7632.88,7455.0,14,427,0.3996,0.000272
2026-09-15 13:36:51,SPX,7582.21,7632.88,7710.0,2583,749,0.3636,0.000272
2026-09-15 13:36:51,SPX,7582.21,7632.88,7450.0,12,4782,0.4149,0.000272
2026-09-15 13:36:51,SPX,7582.21,7632.88,7715.0,2171,175,0.37,0.000272
2026-09-15 13:36:51,SPX,7582.21,7632.88,7445.0,2,568,0.4303,0.000272
2026-09-15 13:36:51,SPX,7582.21,7632.88,7720.0,1689,343,0.3755,0.000272
2026-09-15 13:36:51,SPX,7582.21,7632.88,7440.0,34,1197,0.4456,0.000272
2026-09-15 13:36:51,SPX,7582.21,7632.88,7725.0,7849,224,0.3802,0.000272
2026-09-15 13:36:51,SPX,7582.21,7632.88,7435.0,0,3101,0.4607,0.000272
2026-09-15 13:36:51,SPX,7582.21,7632.88,7730.0,1070,245,0.3841,0.000272
2026-09-15 13:36:51,SPX,7582.21,7632.88,7430.0,4,1433,0.4755,0.000272
2026-09-15 13:36:51,SPX,7582.21,7632.88,7735.0,1377,59,0.3874,0.000272
2026-09-15 13:36:51,SPX,7582.21,7632.88,7425.0,10,3151,0.4896,0.000272
2026-09-15 13:36:51,SPX,7582.21,7632.88,7740.0,974,87,0.39,0.000272
2026-09-15 13:36:51,SPX,7582.21,7632.88,7420.0,3,828,0.5029,0.000272
2026-09-15 13:36:51,SPX,7582.21,7632.88,7745.0,1326,79,0.3921,0.000272
2026-09-15 13:36:51,SPX,7582.21,7632.88,7415.0,0,511,0.5156,0.000272
2026-09-15 13:36:51,SPX,7582.21,7632.88,7750.0,2400,819,0.3936,0.000272
2026-09-15 13:36:51,SPX,7582.21,7632.88,7410.0,32,660,0.5276,0.000272
2026-09-15 13:36:51,SPX,7582.21,7632.88,7755.0,652,51,0.3948,0.000272
2026-09-15 13:36:51,SPX,7582.21,7632.88,7405.0,0,268,0.5389,0.000272
2026-09-15 13:36:51,SPX,7582.21,7632.88,7760.0,749,62,0.3955,0.000272
2026-09-15 13:36:51,SPX,7582.21,7632.88,7400.0,14,3697,0.5495,0.000272
2026-09-15 13:36:51,SPX,7582.21,7632.88,7765.0,813,22,0.3959,0.000272
2026-09-15 13:36:51,SPX,7582.21,7632.88,7395.0,0,298,0.5591,0.000272
2026-09-15 13:36:51,SPX,7582.21,7632.88,7770.0,937,43,0.396,0.000272
2026-09-15 13:36:51,SPX,7582.21,7632.88,7390.0,1,488,0.5679,0.000272
2026-09-15 13:36:51,SPX,7582.21,7632.88,7775.0,1187,25,0.396,0.000272
2026-09-15 13:36:51,SPX,7582.21,7632.88,7385.0,0,1903,0.5758,0.000272
2026-09-15 13:36:51,SPX,7582.21,7632.88,7780.0,1310,129,0.15,0.000272
2026-09-15 13:36:51,SPX,7582.21,7632.88,7380.0,2,2659,0.5827,0.000272
2026-09-15 13:36:51,SPX,7582.21,7632.88,7785.0,4397,26,0.3953,0.000272
2026-09-15 13:36:51,SPX,7582.21,7632.88,7375.0,22,575,0.5885,0.000272
2026-09-15 13:36:51,SPX,7582.21,7632.88,7790.0,1945,83,0.3949,0.000272
2026-09-15 13:36:51,SPX,7582.21,7632.88,7370.0,1,1752,0.593,0.000272
2026-09-15 13:36:51,SPX,7582.21,7632.88,7795.0,398,1,0.3945,0.000272
2026-09-15 13:36:51,SPX,7582.21,7632.88,7365.0,10,4516,0.5964,0.000272
2026-09-15 13:36:51,SPX,7582.21,7632.88,7800.0,2963,70,0.3941,0.000272
2026-09-15 13:36:51,SPX,7582.21,7632.88,7360.0,26,625,0.5991,0.000272
2026-09-15 13:36:51,SPX,7582.21,7632.88,7805.0,836,9,0.3936,0.000272
2026-09-15 13:36:51,SPX,7582.21,7632.88,7355.0,0,285,0.6015,0.000272
2026-09-15 13:36:51,SPX,7582.21,7632.88,7810.0,1015,7,0.3931,0.000272
2026-09-15 13:36:51,SPX,7582.21,7632.88,7350.0,14,4506,0.6039,0.000272
2026-09-15 13:36:51,SPX,7582.21,7632.88,7815.0,559,3,0.15,0.000272
2026-09-15 13:36:51,SPX,7582.21,7632.88,7345.0,0,186,0.6058,0.000272
2026-09-15 13:36:51,SPX,7582.21,7632.88,7820.0,731,19,0.3919,0.000272
2026-09-15 13:36:51,SPX,7582.21,7632.88,7340.0,3,752,0.6054,0.000272
2026-09-15 13:36:51,SPX,7582.21,7632.88,7825.0,2294,50,0.3913,0.000272
2026-09-15 13:36:51,SPX,7582.21,7632.88,7335.0,0,228,0.6034,0.000272
2026-09-15 13:36:51,SPX,7582.21,7632.88,7830.0,1760,3,0.3906,0.000272
2026-09-15 13:36:51,SPX,7582.21,7632.88,7580.0,99,709,0.1917,0.00301
2026-09-15 13:36:51,SPX,7582.21,7632.88,7585.0,138,528,0.19,0.00301
2026-09-15 13:36:51,SPX,7582.21,7632.88,7575.0,74,685,0.1935,0.00301
2026-09-15 13:36:51,SPX,7582.21,7632.88,7590.0,105,464,0.1885,0.00301
2026-09-15 13:36:51,SPX,7582.21,7632.88,7570.0,48,829,0.1956,0.00301
2026-09-15 13:36:51,SPX,7582.21,7632.88,7595.0,109,539,0.1871,0.00301
2026-09-15 13:36:51,SPX,7582.21,7632.88,7565.0,17,272,0.1967,0.00301
2026-09-15 13:36:51,SPX,7582.21,7632.88,7600.0,708,2728,0.1859,0.00301
2026-09-15 13:36:51,SPX,7582.21,7632.88,7560.0,49,506,0.198,0.00301
2026-09-15 13:36:51,SPX,7582.21,7632.88,7605.0,181,231,0.1846,0.00301
2026-09-15 13:36:51,SPX,7582.21,7632.88,7555.0,51,301,0.1997,0.00301
2026-09-15 13:36:51,SPX,7582.21,7632.88,7610.0,120,528,0.1832,0.00301
2026-09-15 13:36:51,SPX,7582.21,7632.88,7550.0,91,1255,0.2019,0.00301
2026-09-15 13:36:51,SPX,7582.21,7632.88,7615.0,179,188,0.1817,0.00301
2026-09-15 13:36:51,SPX,7582.21,7632.88,7545.0,13,400,0.2038,0.00301
2026-09-15 13:36:51,SPX,7582.21,7632.88,7620.0,221,316,0.18,0.00301
2026-09-15 13:36:51,SPX,7582.21,7632.88,7540.0,38,700,0.2051,0.00301
2026-09-15 13:36:51,SPX,7582.21,7632.88,7625.0,219,3446,0.1783,0.00301
2026-09-15 13:36:51,SPX,7582.21,7632.88,7535.0,30,338,0.206,0.00301
2026-09-15 13:36:51,SPX,7582.21,7632.88,7630.0,316,396,0.1767,0.00301
2026-09-15 13:36:51,SPX,7582.21,7632.88,7530.0,27,446,0.2071,0.00301
2026-09-15 13:36:51,SPX,7582.21,7632.88,7635.0,246,549,0.1752,0.00301
2026-09-15 13:36:51,SPX,7582.21,7632.88,7525.0,24,2555,0.2088,0.00301
2026-09-15 13:36:51,SPX,7582.21,7632.88,7640.0,297,292,0.174,0.00301
2026-09-15 13:36:51,SPX,7582.21,7632.88,7520.0,37,1073,0.2107,0.00301
2026-09-15 13:36:51,SPX,7582.21,7632.88,7645.0,166,464,0.1728,0.00301
2026-09-15 13:36:51,SPX,7582.21,7632.88,7515.0,43,329,0.2128,0.00301
2026-09-15 13:36:51,SPX,7582.21,7632.88,7650.0,4112,4427,0.1717,0.00301
2026-09-15 13:36:51,SPX,7582.21,7632.88,7510.0,51,518,0.2147,0.00301
2026-09-15 13:36:51,SPX,7582.21,7632.88,7655.0,166,786,0.1706,0.00301
2026-09-15 13:36:51,SPX,7582.21,7632.88,7505.0,39,354,0.216,0.00301
2026-09-15 13:36:51,SPX,7582.21,7632.88,7660.0,415,261,0.1695,0.00301
2026-09-15 13:36:51,SPX,7582.21,7632.88,7500.0,39,2795,0.2175,0.00301
2026-09-15 13:36:51,SPX,7582.21,7632.88,7665.0,242,282,0.1682,0.00301
2026-09-15 13:36:51,SPX,7582.21,7632.88,7495.0,0,249,0.2199,0.00301
2026-09-15 13:36:51,SPX,7582.21,7632.88,7670.0,476,497,0.167,0.00301
2026-09-15 13:36:51,SPX,7582.21,7632.88,7490.0,0,396,0.2222,0.00301
2026-09-15 13:36:51,SPX,7582.21,7632.88,7675.0,3673,996,0.1657,0.00301
2026-09-15 13:36:51,SPX,7582.21,7632.88,7485.0,2,229,0.2247,0.00301
2026-09-15 13:36:51,SPX,7582.21,7632.88,7680.0,696,901,0.1645,0.00301
2026-09-15 13:36:51,SPX,7582.21,7632.88,7480.0,7,493,0.2271,0.00301
2026-09-15 13:36:51,SPX,7582.21,7632.88,7685.0,1005,237,0.1634,0.00301
2026-09-15 13:36:51,SPX,7582.21,7632.88,7475.0,25,1133,0.2291,0.00301
2026-09-15 13:36:51,SPX,7582.21,7632.88,7690.0,493,125,0.1624,0.00301
2026-09-15 13:36:51,SPX,7582.21,7632.88,7470.0,26,856,0.2306,0.00301
2026-09-15 13:36:51,SPX,7582.21,7632.88,7695.0,392,112,0.1616,0.00301
2026-09-15 13:36:51,SPX,7582.21,7632.88,7465.0,0,510,0.2322,0.00301
2026-09-15 13:36:51,SPX,7582.21,7632.88,7700.0,1586,807,0.1609,0.00301
2026-09-15 13:36:51,SPX,7582.21,7632.88,7460.0,25,536,0.2338,0.00301
2026-09-15 13:36:51,SPX,7582.21,7632.88,7705.0,458,2049,0.1605,0.00301
2026-09-15 13:36:51,SPX,7582.21,7632.88,7455.0,1,219,0.2356,0.00301
2026-09-15 13:36:51,SPX,7582.21,7632.88,7710.0,938,121,0.15,0.00301
2026-09-15 13:36:51,SPX,7582.21,7632.88,7450.0,4,963,0.15,0.00301
2026-09-15 13:36:51,SPX,7582.21,7632.88,7715.0,439,1316,0.1603,0.00301
2026-09-15 13:36:51,SPX,7582.21,7632.88,7445.0,0,190,0.2393,0.00301
2026-09-15 13:36:51,SPX,7582.21,7632.88,7720.0,456,60,0.1605,0.00301
2026-09-15 13:36:51,SPX,7582.21,7632.88,7440.0,3,235,0.15,0.00301
2026-09-15 13:36:51,SPX,7582.21,7632.88,7725.0,1340,110,0.1609,0.00301
2026-09-15 13:36:51,SPX,7582.21,7632.88,7435.0,3,170,0.2437,0.00301
2026-09-15 13:36:51,SPX,7582.21,7632.88,7730.0,2856,2056,0.1613,0.00301
2026-09-15 13:36:51,SPX,7582.21,7632.88,7430.0,3,0,0.15,0.00301
2026-09-15 13:36:51,SPX,7582.21,7632.88,7735.0,0,23,0.1618,0.00301
2026-09-15 13:36:51,SPX,7582.21,7632.88,7425.0,0,413,0.2488,0.00301
2026-09-15 13:36:51,SPX,7582.21,7632.88,7740.0,0,1352,0.1623,0.00301
2026-09-15 13:36:51,SPX,7582.21,7632.88,7420.0,1,0,0.2515,0.00301
2026-09-15 13:36:51,SPX,7582.21,7632.88,7750.0,1605,0,0.1644,0.00301
2026-09-15 13:36:51,SPX,7582.21,7632.88,7410.0,1,0,0.257,0.00301
2026-09-15 13:36:51,SPX,7582.21,7632.88,7755.0,2979,33,0.166,0.00301
2026-09-15 13:36:51,SPX,7582.21,7632.88,7405.0,5,328,0.2598,0.00301
2026-09-15 13:36:51,SPX,7582.21,7632.88,7760.0,502,60,0.168,0.00301
2026-09-15 13:36:51,SPX,7582.21,7632.88,7400.0,56,2707,0.2626,0.00301
2026-09-15 13:36:51,SPX,7582.21,7632.88,7765.0,1830,27,0.1703,0.00301
2026-09-15 13:36:51,SPX,7582.21,7632.88,7395.0,0,1474,0.2654,0.00301
2026-09-15 13:36:51,SPX,7582.21,7632.88,7770.0,1017,30,0.1729,0.00301
2026-09-15 13:36:51,SPX,7582.21,7632.88,7390.0,30,6437,0.2682,0.00301
2026-09-15 13:36:51,SPX,7582.21,7632.88,7775.0,1252,62,0.1756,0.00301
2026-09-15 13:36:51,SPX,7582.21,7632.88,7385.0,1,253,0.2711,0.00301
2026-09-15 13:36:51,SPX,7582.21,7632.88,7780.0,954,32,0.1785,0.00301
2026-09-15 13:36:51,SPX,7582.21,7632.88,7380.0,1,6484,0.274,0.00301
2026-09-15 13:36:51,SPX,7582.21,7632.88,7785.0,381,280,0.1815,0.00301
2026-09-15 13:36:51,SPX,7582.21,7632.88,7375.0,0,499,0.2769,0.00301
2026-09-15 13:36:51,SPX,7582.21,7632.88,7790.0,3000,24,0.1845,0.00301
2026-09-15 13:36:51,SPX,7582.21,7632.88,7370.0,24,209,0.2799,0.00301
2026-09-15 13:36:51,SPX,7582.21,7632.88,7795.0,380,13,0.1875,0.00301
2026-09-15 13:36:51,SPX,7582.21,7632.88,7365.0,0,311,0.2829,0.00301
2026-09-15 13:36:51,SPX,7582.21,7632.88,7800.0,2907,50,0.1905,0.00301
2026-09-15 13:36:51,SPX,7582.21,7632.88,7360.0,2,445,0.286,0.00301
2026-09-15 13:36:51,SPX,7582.21,7632.88,7805.0,1757,2,0.1934,0.00301
2026-09-15 13:36:51,SPX,7582.21,7632.88,7355.0,0,177,0.2892,0.00301
2026-09-15 13:36:51,SPX,7582.21,7632.88,7810.0,529,32,0.1962,0.00301
2026-09-15 13:36:51,SPX,7582.21,7632.88,7350.0,1,1518,0.2924,0.00301
2026-09-15 13:36:51,SPX,7582.21,7632.88,7815.0,461,4,0.1987,0.00301
2026-09-15 13:36:51,SPX,7582.21,7632.88,7345.0,0,36,0.2957,0.00301
2026-09-15 13:36:51,SPX,7582.21,7632.88,7820.0,1308,62,0.201,0.00301
2026-09-15 13:36:51,SPX,7582.21,7632.88,7340.0,1,237,0.2991,0.00301
2026-09-15 13:36:51,SPX,7582.21,7632.88,7825.0,1101,42,0.2029,0.00301
2026-09-15 13:36:51,SPX,7582.21,7632.88,7335.0,0,2528,0.3026,0.00301
2026-09-15 13:36:51,SPX,7582.21,7632.88,7830.0,592,128,0.2043,0.00301
2026-09-15 13:36:51,SPX,7582.21,7632.88,7580.0,220,604,0.1828,0.005748
2026-09-15 13:36:51,SPX,7582.21,7632.88,7585.0,56,235,0.1819,0.005748
2026-09-15 13:36:51,SPX,7582.21,7632.88,7575.0,67,350,0.1842,0.005748
2026-09-15 13:36:51,SPX,7582.21,7632.88,7590.0,77,210,0.1799,0.005748
2026-09-15 13:36:51,SPX,7582.21,7632.88,7570.0,88,153,0.1859,0.005748
2026-09-15 13:36:51,SPX,7582.21,7632.88,7595.0,129,389,0.1784,0.005748
2026-09-15 13:36:51,SPX,7582.21,7632.88,7565.0,76,116,0.1874,0.005748
2026-09-15 13:36:51,SPX,7582.21,7632.88,7600.0,169,1835,0.1771,0.005748
2026-09-15 13:36:51,SPX,7582.21,7632.88,7560.0,59,278,0.1887,0.005748
2026-09-15 13:36:51,SPX,7582.21,7632.88,7605.0,174,143,0.1756,0.005748
2026-09-15 13:36:51,SPX,7582.21,7632.88,7555.0,50,195,0.1898,0.005748
2026-09-15 13:36:51,SPX,7582.21,7632.88,7610.0,133,353,0.1739,0.005748
2026-09-15 13:36:51,SPX,7582.21,7632.88,7550.0,81,474,0.1913,0.005748
2026-09-15 13:36:51,SPX,7582.21,7632.88,7615.0,144,109,0.1725,0.005748
2026-09-15 13:36:51,SPX,7582.21,7632.88,7545.0,74,134,0.1928,0.005748
2026-09-15 13:36:51,SPX,7582.21,7632.88,7620.0,125,190,0.171,0.005748
2026-09-15 13:36:51,SPX,7582.21,7632.88,7540.0,20,581,0.1946,0.005748
2026-09-15 13:36:51,SPX,7582.21,7632.88,7625.0,190,625,0.1696,0.005748
2026-09-15 13:36:51,SPX,7582.21,7632.88,7535.0,12,248,0.1964,0.005748
2026-09-15 13:36:51,SPX,7582.21,7632.88,7630.0,152,296,0.1682,0.005748
2026-09-15 13:36:51,SPX,7582.21,7632.88,7530.0,13,266,0.1982,0.005748
2026-09-15 13:36:51,SPX,7582.21,7632.88,7635.0,132,172,0.1667,0.005748
2026-09-15 13:36:51,SPX,7582.21,7632.88,7525.0,31,444,0.1999,0.005748
2026-09-15 13:36:51,SPX,7582.21,7632.88,7640.0,105,218,0.1653,0.005748
2026-09-15 13:36:51,SPX,7582.21,7632.88,7520.0,3,290,0.2015,0.005748
2026-09-15 13:36:51,SPX,7582.21,7632.88,7645.0,179,150,0.1642,0.005748
2026-09-15 13:36:51,SPX,7582.21,7632.88,7515.0,9,179,0.2029,0.005748
2026-09-15 13:36:51,SPX,7582.21,7632.88,7650.0,289,3384,0.1631,0.005748
2026-09-15 13:36:51,SPX,7582.21,7632.88,7510.0,55,274,0.2043,0.005748
2026-09-15 13:36:51,SPX,7582.21,7632.88,7655.0,261,193,0.1618,0.005748
2026-09-15 13:36:51,SPX,7582.21,7632.88,7505.0,21,120,0.2056,0.005748
2026-09-15 13:36:51,SPX,7582.21,7632.88,7660.0,410,256,0.1607,0.005748
2026-09-15 13:36:51,SPX,7582.21,7632.88,7500.0,76,1593,0.2071,0.005748
2026-09-15 13:36:51,SPX,7582.21,7632.88,7665.0,144,136,0.1596,0.005748
2026-09-15 13:36:51,SPX,7582.21,7632.88,7495.0,4,96,0.2086,0.005748
2026-09-15 13:36:51,SPX,7582.21,7632.88,7670.0,822,544,0.1584,0.005748
2026-09-15 13:36:51,SPX,7582.21,7632.88,7490.0,4,291,0.2102,0.005748
2026-09-15 13:36:51,SPX,7582.21,7632.88,7675.0,3893,3939,0.157,0.005748
2026-09-15 13:36:51,SPX,7582.21,7632.88,7485.0,0,122,0.212,0.005748
2026-09-15 13:36:51,SPX,7582.21,7632.88,7680.0,658,171,0.1558,0.005748
2026-09-15 13:36:51,SPX,7582.21,7632.88,7480.0,32,239,0.2138,0.005748
2026-09-15 13:36:51,SPX,7582.21,7632.88,7685.0,147,65,0.1548,0.005748
2026-09-15 13:36:51,SPX,7582.21,7632.88,7475.0,4,257,0.2156,0.005748
2026-09-15 13:36:51,SPX,7582.21,7632.88,7690.0,492,304,0.1538,0.005748
2026-09-15 13:36:51,SPX,7582.21,7632.88,7470.0,31,706,0.2175,0.005748
2026-09-15 13:36:51,SPX,7582.21,7632.88,7695.0,191,205,0.1528,0.005748
2026-09-15 13:36:51,SPX,7582.21,7632.88,7465.0,3,62,0.2194,0.005748
2026-09-15 13:36:51,SPX,7582.21,7632.88,7700.0,3694,295,0.1518,0.005748
2026-09-15 13:36:51,SPX,7582.21,7632.88,7460.0,1,471,0.2213,0.005748
2026-09-15 13:36:51,SPX,7582.21,7632.88,7705.0,530,158,0.1507,0.005748
2026-09-15 13:36:51,SPX,7582.21,7632.88,7455.0,0,119,0.2231,0.005748
2026-09-15 13:36:51,SPX,7582.21,7632.88,7710.0,321,137,0.1497,0.005748
2026-09-15 13:36:51,SPX,7582.21,7632.88,7450.0,36,2980,0.2249,0.005748
2026-09-15 13:36:51,SPX,7582.21,7632.88,7715.0,217,167,0.1488,0.005748
2026-09-15 13:36:51,SPX,7582.21,7632.88,7445.0,0,135,0.2266,0.005748
2026-09-15 13:36:51,SPX,7582.21,7632.88,7720.0,290,119,0.1479,0.005748
2026-09-15 13:36:51,SPX,7582.21,7632.88,7440.0,7,483,0.2284,0.005748
2026-09-15 13:36:51,SPX,7582.21,7632.88,7725.0,881,155,0.1473,0.005748
2026-09-15 13:36:51,SPX,7582.21,7632.88,7435.0,0,112,0.2301,0.005748
2026-09-15 13:36:51,SPX,7582.21,7632.88,7730.0,496,116,0.1468,0.005748
2026-09-15 13:36:51,SPX,7582.21,7632.88,7430.0,2,261,0.2319,0.005748
2026-09-15 13:36:51,SPX,7582.21,7632.88,7735.0,474,36,0.1465,0.005748
2026-09-15 13:36:51,SPX,7582.21,7632.88,7425.0,0,1625,0.2336,0.005748
2026-09-15 13:36:51,SPX,7582.21,7632.88,7740.0,601,119,0.1464,0.005748
2026-09-15 13:36:51,SPX,7582.21,7632.88,7420.0,26,1343,0.2354,0.005748
2026-09-15 13:36:51,SPX,7582.21,7632.88,7745.0,306,28,0.1464,0.005748
2026-09-15 13:36:51,SPX,7582.21,7632.88,7415.0,0,135,0.2371,0.005748
2026-09-15 13:36:51,SPX,7582.21,7632.88,7750.0,990,167,0.1465,0.005748
2026-09-15 13:36:51,SPX,7582.21,7632.88,7410.0,1,167,0.239,0.005748
2026-09-15 13:36:51,SPX,7582.21,7632.88,7755.0,247,31,0.1467,0.005748
2026-09-15 13:36:51,SPX,7582.21,7632.88,7405.0,0,98,0.2408,0.005748
2026-09-15 13:36:51,SPX,7582.21,7632.88,7760.0,646,97,0.1471,0.005748
2026-09-15 13:36:51,SPX,7582.21,7632.88,7400.0,9,976,0.2427,0.005748
2026-09-15 13:36:51,SPX,7582.21,7632.88,7765.0,200,43,0.1475,0.005748
2026-09-15 13:36:51,SPX,7582.21,7632.88,7395.0,0,86,0.2447,0.005748
2026-09-15 13:36:51,SPX,7582.21,7632.88,7770.0,1265,63,0.1481,0.005748
2026-09-15 13:36:51,SPX,7582.21,7632.88,7390.0,0,296,0.2467,0.005748
2026-09-15 13:36:51,SPX,7582.21,7632.88,7775.0,861,57,0.1488,0.005748
2026-09-15 13:36:51,SPX,7582.21,7632.88,7385.0,1,82,0.2487,0.005748
2026-09-15 13:36:51,SPX,7582.21,7632.88,7780.0,462,39,0.1495,0.005748
2026-09-15 13:36:51,SPX,7582.21,7632.88,7380.0,30,179,0.2508,0.005748
2026-09-15 13:36:51,SPX,7582.21,7632.88,7785.0,265,9,0.1504,0.005748
2026-09-15 13:36:51,SPX,7582.21,7632.88,7375.0,5,243,0.2529,0.005748
2026-09-15 13:36:51,SPX,7582.21,7632.88,7790.0,349,25,0.1513,0.005748
2026-09-15 13:36:51,SPX,7582.21,7632.88,7370.0,30,169,0.2551,0.005748
2026-09-15 13:36:51,SPX,7582.21,7632.88,7795.0,399,5,0.1524,0.005748
2026-09-15 13:36:51,SPX,7582.21,7632.88,7365.0,0,55,0.2573,0.005748
2026-09-15 13:36:51,SPX,7582.21,7632.88,7800.0,3010,91,0.1536,0.005748
2026-09-15 13:36:51,SPX,7582.21,7632.88,7360.0,3,223,0.2595,0.005748
2026-09-15 13:36:51,SPX,7582.21,7632.88,7805.0,1854,3,0.1548,0.005748
2026-09-15 13:36:51,SPX,7582.21,7632.88,7355.0,0,61,0.2619,0.005748
2026-09-15 13:36:51,SPX,7582.21,7632.88,7810.0,485,4,0.1562,0.005748
2026-09-15 13:36:51,SPX,7582.21,7632.88,7350.0,30,911,0.2642,0.005748
2026-09-15 13:36:51,SPX,7582.21,7632.88,7815.0,405,2,0.1576,0.005748
2026-09-15 13:36:51,SPX,7582.21,7632.88,7345.0,0,113,0.2666,0.005748
2026-09-15 13:36:51,SPX,7582.21,7632.88,7820.0,319,16,0.1592,0.005748
2026-09-15 13:36:51,SPX,7582.21,7632.88,7340.0,0,283,0.269,0.005748
2026-09-15 13:36:51,SPX,7582.21,7632.88,7825.0,716,61,0.1608,0.005748
2026-09-15 13:36:51,SPX,7582.21,7632.88,7335.0,0,241,0.2715,0.005748
2026-09-15 13:36:51,SPX,7582.21,7632.88,7830.0,485,3,0.1626,0.005748
2026-09-15 14:07:15,SPX,7585.8,7633.02,7585.0,219,1148,0.1112,0.000214
2026-09-15 14:07:15,SPX,7585.8,7633.02,7590.0,318,1495,0.111,0.000214
2026-09-15 14:07:15,SPX,7585.8,7633.02,7580.0,182,3113,0.1143,0.000214
2026-09-15 14:07:15,SPX,7585.8,7633.02,7595.0,347,3640,0.1109,0.000214
2026-09-15 14:07:15,SPX,7585.8,7633.02,7575.0,142,2632,0.1206,0.000214
2026-09-15 14:07:15,SPX,7585.8,7633.02,7600.0,1628,4377,0.1167,0.000214
2026-09-15 14:07:15,SPX,7585.8,7633.02,7570.0,175,1632,0.129,0.000214
2026-09-15 14:07:15,SPX,7585.8,7633.02,7605.0,369,727,0.1232,0.000214
2026-09-15 14:07:15,SPX,7585.8,7633.02,7565.0,688,1156,0.1425,0.000214
2026-09-15 14:07:15,SPX,7585.8,7633.02,7610.0,407,1239,0.1294,0.000214
2026-09-15 14:07:15,SPX,7585.8,7633.02,7560.0,655,1715,0.1531,0.000214
2026-09-15 14:07:15,SPX,7585.8,7633.02,7615.0,397,2534,0.1407,0.000214
2026-09-15 14:07:15,SPX,7585.8,7633.02,7555.0,160,910,0.1641,0.000214
2026-09-15 14:07:15,SPX,7585.8,7633.02,7620.0,1077,2661,0.1566,0.000214
2026-09-15 14:07:15,SPX,7585.8,7633.02,7550.0,117,4119,0.1759,0.000214
2026-09-15 14:07:15,SPX,7585.8,7633.02,7625.0,1051,2203,0.1709,0.000214
2026-09-15 14:07:15,SPX,7585.8,7633.02,7545.0,22,976,0.1894,0.000214
2026-09-15 14:07:15,SPX,7585.8,7633.02,7630.0,1307,1454,0.1839,0.000214
2026-09-15 14:07:15,SPX,7585.8,7633.02,7540.0,68,1297,0.2004,0.000214
2026-09-15 14:07:15,SPX,7585.8,7633.02,7635.0,949,911,0.1946,0.000214
2026-09-15 14:07:15,SPX,7585.8,7633.02,7535.0,59,1994,0.2171,0.000214
2026-09-15 14:07:15,SPX,7585.8,7633.02,7640.0,1221,774,0.2043,0.000214
2026-09-15 14:07:15,SPX,7585.8,7633.02,7530.0,60,3712,0.231,0.000214
2026-09-15 14:07:15,SPX,7585.8,7633.02,7645.0,905,360,0.2173,0.000214
2026-09-15 14:07:15,SPX,7585.8,7633.02,7525.0,131,2949,0.2461,0.000214
2026-09-15 14:07:15,SPX,7585.8,7633.02,7650.0,2860,2876,0.2306,0.000214
2026-09-15 14:07:15,SPX,7585.8,7633.02,7520.0,64,2119,0.2672,0.000214
2026-09-15 14:07:15,SPX,7585.8,7633.02,7655.0,1499,374,0.2478,0.000214
2026-09-15 14:07:15,SPX,7585.8,7633.02,7515.0,33,1288,0.2826,0.000214
2026-09-15 14:07:15,SPX,7585.8,7633.02,7660.0,3439,498,0.2659,0.000214
2026-09-15 14:07:15,SPX,7585.8,7633.02,7510.0,37,2084,0.2927,0.000214
2026-09-15 14:07:15,SPX,7585.8,7633.02,7665.0,2015,485,0.2837,0.000214
2026-09-15 14:07:15,SPX,7585.8,7633.02,7505.0,12,2186,0.3002,0.000214
2026-09-15 14:07:15,SPX,7585.8,7633.02,7670.0,2107,659,0.3005,0.000214
2026-09-15 14:07:15,SPX,7585.8,7633.02,7500.0,70,6429,0.3092,0.000214
2026-09-15 14:07:15,SPX,7585.8,7633.02,7675.0,4786,1606,0.316,0.000214
2026-09-15 14:07:15,SPX,7585.8,7633.02,7495.0,3,2086,0.3212,0.000214
2026-09-15 14:07:15,SPX,7585.8,7633.02,7680.0,3240,555,0.33,0.000214
2026-09-15 14:07:15,SPX,7585.8,7633.02,7490.0,22,1425,0.3361,0.000214
2026-09-15 14:07:15,SPX,7585.8,7633.02,7685.0,2362,813,0.3425,0.000214
2026-09-15 14:07:15,SPX,7585.8,7633.02,7485.0,2,2340,0.3531,0.000214
2026-09-15 14:07:15,SPX,7585.8,7633.02,7690.0,1579,427,0.3536,0.000214
2026-09-15 14:07:15,SPX,7585.8,7633.02,7480.0,16,1328,0.3715,0.000214
2026-09-15 14:07:15,SPX,7585.8,7633.02,7695.0,2022,164,0.3628,0.000214
2026-09-15 14:07:15,SPX,7585.8,7633.02,7475.0,7,2599,0.3907,0.000214
2026-09-15 14:07:15,SPX,7585.8,7633.02,7700.0,4610,864,0.3706,0.000214
2026-09-15 14:07:15,SPX,7585.8,7633.02,7470.0,2,769,0.4102,0.000214
2026-09-15 14:07:15,SPX,7585.8,7633.02,7705.0,1433,446,0.3772,0.000214
2026-09-15 14:07:15,SPX,7585.8,7633.02,7465.0,0,3434,0.4295,0.000214
2026-09-15 14:07:15,SPX,7585.8,7633.02,7710.0,2583,749,0.3827,0.000214
2026-09-15 14:07:15,SPX,7585.8,7633.02,7460.0,10,1810,0.4484,0.000214
2026-09-15 14:07:15,SPX,7585.8,7633.02,7715.0,2171,175,0.3872,0.000214
2026-09-15 14:07:15,SPX,7585.8,7633.02,7455.0,14,427,0.4668,0.000214
2026-09-15 14:07:15,SPX,7585.8,7633.02,7720.0,1689,343,0.3909,0.000214
2026-09-15 14:07:15,SPX,7585.8,7633.02,7450.0,12,4782,0.4843,0.000214
2026-09-15 14:07:15,SPX,7585.8,7633.02,7725.0,7849,224,0.394,0.000214
2026-09-15 14:07:15,SPX,7585.8,7633.02,7445.0,2,568,0.5011,0.000214
2026-09-15 14:07:15,SPX,7585.8,7633.02,7730.0,1070,245,0.3964,0.000214
2026-09-15 14:07:15,SPX,7585.8,7633.02,7440.0,34,1197,0.5172,0.000214
2026-09-15 14:07:15,SPX,7585.8,7633.02,7735.0,1377,59,0.3983,0.000214
2026-09-15 14:07:15,SPX,7585.8,7633.02,7435.0,0,3101,0.5327,0.000214
2026-09-15 14:07:15,SPX,7585.8,7633.02,7740.0,974,87,0.3997,0.000214
2026-09-15 14:07:15,SPX,7585.8,7633.02,7430.0,4,1433,0.5475,0.000214
2026-09-15 14:07:15,SPX,7585.8,7633.02,7745.0,1326,79,0.4007,0.000214
2026-09-15 14:07:15,SPX,7585.8,7633.02,7425.0,10,3151,0.5614,0.000214
2026-09-15 14:07:15,SPX,7585.8,7633.02,7750.0,2400,819,0.4014,0.000214
2026-09-15 14:07:15,SPX,7585.8,7633.02,7420.0,3,828,0.5732,0.000214
2026-09-15 14:07:15,SPX,7585.8,7633.02,7755.0,652,51,0.4019,0.000214
2026-09-15 14:07:15,SPX,7585.8,7633.02,7415.0,0,511,0.5839,0.000214
2026-09-15 14:07:15,SPX,7585.8,7633.02,7760.0,749,62,0.4021,0.000214
2026-09-15 14:07:15,SPX,7585.8,7633.02,7410.0,32,660,0.5937,0.000214
2026-09-15 14:07:15,SPX,7585.8,7633.02,7765.0,813,22,0.4021,0.000214
2026-09-15 14:07:15,SPX,7585.8,7633.02,7405.0,0,268,0.6025,0.000214
2026-09-15 14:07:15,SPX,7585.8,7633.02,7770.0,937,43,0.402,0.000214
2026-09-15 14:07:15,SPX,7585.8,7633.02,7400.0,14,3697,0.6104,0.000214
2026-09-15 14:07:15,SPX,7585.8,7633.02,7775.0,1187,25,0.4018,0.000214
2026-09-15 14:07:15,SPX,7585.8,7633.02,7395.0,0,298,0.6173,0.000214
2026-09-15 14:07:15,SPX,7585.8,7633.02,7780.0,1310,129,0.4014,0.000214
2026-09-15 14:07:15,SPX,7585.8,7633.02,7390.0,1,488,0.6232,0.000214
2026-09-15 14:07:15,SPX,7585.8,7633.02,7785.0,4397,26,0.401,0.000214
2026-09-15 14:07:15,SPX,7585.8,7633.02,7385.0,0,1903,0.6282,0.000214
2026-09-15 14:07:15,SPX,7585.8,7633.02,7790.0,1945,83,0.4004,0.000214
2026-09-15 14:07:15,SPX,7585.8,7633.02,7380.0,2,2659,0.6321,0.000214
2026-09-15 14:07:15,SPX,7585.8,7633.02,7795.0,398,1,0.3996,0.000214
2026-09-15 14:07:15,SPX,7585.8,7633.02,7375.0,22,575,0.6349,0.000214
2026-09-15 14:07:15,SPX,7585.8,7633.02,7800.0,2963,70,0.3987,0.000214
2026-09-15 14:07:15,SPX,7585.8,7633.02,7370.0,1,1752,0.6366,0.000214
2026-09-15 14:07:15,SPX,7585.8,7633.02,7805.0,836,9,0.3978,0.000214
2026-09-15 14:07:15,SPX,7585.8,7633.02,7365.0,10,4516,0.6371,0.000214
2026-09-15 14:07:15,SPX,7585.8,7633.02,7810.0,1015,7,0.3969,0.000214
2026-09-15 14:07:15,SPX,7585.8,7633.02,7360.0,26,625,0.6364,0.000214
2026-09-15 14:07:15,SPX,7585.8,7633.02,7815.0,559,3,0.3959,0.000214
2026-09-15 14:07:15,SPX,7585.8,7633.02,7355.0,0,285,0.6347,0.000214
2026-09-15 14:07:15,SPX,7585.8,7633.02,7820.0,731,19,0.395,0.000214
2026-09-15 14:07:15,SPX,7585.8,7633.02,7350.0,14,4506,0.6327,0.000214
2026-09-15 14:07:15,SPX,7585.8,7633.02,7825.0,2294,50,0.394,0.000214
2026-09-15 14:07:15,SPX,7585.8,7633.02,7345.0,0,186,0.6301,0.000214
2026-09-15 14:07:15,SPX,7585.8,7633.02,7830.0,1760,3,0.393,0.000214
2026-09-15 14:07:15,SPX,7585.8,7633.02,7340.0,3,752,0.6263,0.000214
2026-09-15 14:07:15,SPX,7585.8,7633.02,7835.0,453,0,0.392,0.000214
2026-09-15 14:07:15,SPX,7585.8,7633.02,7585.0,138,528,0.1886,0.002952
2026-09-15 14:07:15,SPX,7585.8,7633.02,7590.0,105,464,0.1872,0.002952
2026-09-15 14:07:15,SPX,7585.8,7633.02,7580.0,99,709,0.1904,0.002952
2026-09-15 14:07:15,SPX,7585.8,7633.02,7595.0,109,539,0.1856,0.002952
2026-09-15 14:07:15,SPX,7585.8,7633.02,7575.0,74,685,0.1921,0.002952
2026-09-15 14:07:15,SPX,7585.8,7633.02,7600.0,708,2728,0.184,0.002952
2026-09-15 14:07:15,SPX,7585.8,7633.02,7570.0,48,829,0.1937,0.002952
2026-09-15 14:07:15,SPX,7585.8,7633.02,7605.0,181,231,0.1826,0.002952
2026-09-15 14:07:15,SPX,7585.8,7633.02,7565.0,17,272,0.1951,0.002952
2026-09-15 14:07:15,SPX,7585.8,7633.02,7610.0,120,528,0.1811,0.002952
2026-09-15 14:07:15,SPX,7585.8,7633.02,7560.0,49,506,0.1968,0.002952
2026-09-15 14:07:15,SPX,7585.8,7633.02,7615.0,179,188,0.1797,0.002952
2026-09-15 14:07:15,SPX,7585.8,7633.02,7555.0,51,301,0.1984,0.002952
2026-09-15 14:07:15,SPX,7585.8,7633.02,7620.0,221,316,0.1786,0.002952
2026-09-15 14:07:15,SPX,7585.8,7633.02,7550.0,91,1255,0.2007,0.002952
2026-09-15 14:07:15,SPX,7585.8,7633.02,7625.0,219,3446,0.1775,0.002952
2026-09-15 14:07:15,SPX,7585.8,7633.02,7545.0,13,400,0.2017,0.002952
2026-09-15 14:07:15,SPX,7585.8,7633.02,7630.0,316,396,0.1759,0.002952
2026-09-15 14:07:15,SPX,7585.8,7633.02,7540.0,38,700,0.2033,0.002952
2026-09-15 14:07:15,SPX,7585.8,7633.02,7635.0,246,549,0.174,0.002952
2026-09-15 14:07:15,SPX,7585.8,7633.02,7535.0,30,338,0.2047,0.002952
2026-09-15 14:07:15,SPX,7585.8,7633.02,7640.0,297,292,0.1723,0.002952
2026-09-15 14:07:15,SPX,7585.8,7633.02,7530.0,27,446,0.2061,0.002952
2026-09-15 14:07:15,SPX,7585.8,7633.02,7645.0,166,464,0.1708,0.002952
2026-09-15 14:07:15,SPX,7585.8,7633.02,7525.0,24,2555,0.2078,0.002952
2026-09-15 14:07:15,SPX,7585.8,7633.02,7650.0,4112,4427,0.1696,0.002952
2026-09-15 14:07:15,SPX,7585.8,7633.02,7520.0,37,1073,0.2095,0.002952
2026-09-15 14:07:15,SPX,7585.8,7633.02,7655.0,166,786,0.1685,0.002952
2026-09-15 14:07:15,SPX,7585.8,7633.02,7515.0,43,329,0.2108,0.002952
2026-09-15 14:07:15,SPX,7585.8,7633.02,7660.0,415,261,0.1676,0.002952
2026-09-15 14:07:15,SPX,7585.8,7633.02,7510.0,51,518,0.2127,0.002952
2026-09-15 14:07:15,SPX,7585.8,7633.02,7665.0,242,282,0.1666,0.002952
2026-09-15 14:07:15,SPX,7585.8,7633.02,7505.0,39,354,0.2149,0.002952
2026-09-15 14:07:15,SPX,7585.8,7633.02,7670.0,476,497,0.1654,0.002952
2026-09-15 14:07:15,SPX,7585.8,7633.02,7500.0,39,2795,0.217,0.002952
2026-09-15 14:07:15,SPX,7585.8,7633.02,7675.0,3673,996,0.1642,0.002952
2026-09-15 14:07:15,SPX,7585.8,7633.02,7495.0,0,249,0.2192,0.002952
2026-09-15 14:07:15,SPX,7585.8,7633.02,7680.0,696,901,0.1628,0.002952
2026-09-15 14:07:15,SPX,7585.8,7633.02,7490.0,0,396,0.2213,0.002952
2026-09-15 14:07:15,SPX,7585.8,7633.02,7685.0,1005,237,0.1614,0.002952
2026-09-15 14:07:15,SPX,7585.8,7633.02,7485.0,2,229,0.2234,0.002952
2026-09-15 14:07:15,SPX,7585.8,7633.02,7690.0,493,125,0.16,0.002952
2026-09-15 14:07:15,SPX,7585.8,7633.02,7480.0,7,493,0.2252,0.002952
2026-09-15 14:07:15,SPX,7585.8,7633.02,7695.0,392,112,0.1587,0.002952
2026-09-15 14:07:15,SPX,7585.8,7633.02,7475.0,25,1133,0.2268,0.002952
2026-09-15 14:07:15,SPX,7585.8,7633.02,7700.0,1586,807,0.1577,0.002952
2026-09-15 14:07:15,SPX,7585.8,7633.02,7470.0,26,856,0.2284,0.002952
2026-09-15 14:07:15,SPX,7585.8,7633.02,7705.0,458,2049,0.1569,0.002952
2026-09-15 14:07:15,SPX,7585.8,7633.02,7465.0,0,510,0.2302,0.002952
2026-09-15 14:07:15,SPX,7585.8,7633.02,7710.0,938,121,0.1564,0.002952
2026-09-15 14:07:15,SPX,7585.8,7633.02,7460.0,25,536,0.2321,0.002952
2026-09-15 14:07:15,SPX,7585.8,7633.02,7715.0,439,1316,0.1562,0.002952
2026-09-15 14:07:15,SPX,7585.8,7633.02,7455.0,1,219,0.2342,0.002952
2026-09-15 14:07:15,SPX,7585.8,7633.02,7720.0,456,60,0.1563,0.002952
2026-09-15 14:07:15,SPX,7585.8,7633.02,7450.0,4,963,0.2365,0.002952
2026-09-15 14:07:15,SPX,7585.8,7633.02,7725.0,1340,110,0.1567,0.002952
2026-09-15 14:07:15,SPX,7585.8,7633.02,7445.0,0,190,0.2389,0.002952
2026-09-15 14:07:15,SPX,7585.8,7633.02,7730.0,2856,2056,0.1573,0.002952
2026-09-15 14:07:15,SPX,7585.8,7633.02,7440.0,3,235,0.2415,0.002952
2026-09-15 14:07:15,SPX,7585.8,7633.02,7735.0,662,23,0.1581,0.002952
2026-09-15 14:07:15,SPX,7585.8,7633.02,7435.0,3,170,0.2442,0.002952
2026-09-15 14:07:15,SPX,7585.8,7633.02,7740.0,2013,1352,0.159,0.002952
2026-09-15 14:07:15,SPX,7585.8,7633.02,7430.0,3,207,0.247,0.002952
2026-09-15 14:07:15,SPX,7585.8,7633.02,7745.0,733,146,0.16,0.002952
2026-09-15 14:07:15,SPX,7585.8,7633.02,7425.0,9,413,0.2498,0.002952
2026-09-15 14:07:15,SPX,7585.8,7633.02,7750.0,1605,299,0.1612,0.002952
2026-09-15 14:07:15,SPX,7585.8,7633.02,7420.0,1,743,0.2527,0.002952
2026-09-15 14:07:15,SPX,7585.8,7633.02,7755.0,2979,33,0.1626,0.002952
2026-09-15 14:07:15,SPX,7585.8,7633.02,7415.0,1,1153,0.2556,0.002952
2026-09-15 14:07:15,SPX,7585.8,7633.02,7760.0,502,60,0.1642,0.002952
2026-09-15 14:07:15,SPX,7585.8,7633.02,7410.0,1,414,0.2585,0.002952
2026-09-15 14:07:15,SPX,7585.8,7633.02,7765.0,1830,27,0.1661,0.002952
2026-09-15 14:07:15,SPX,7585.8,7633.02,7405.0,5,328,0.2615,0.002952
2026-09-15 14:07:15,SPX,7585.8,7633.02,7770.0,1017,30,0.1685,0.002952
2026-09-15 14:07:15,SPX,7585.8,7633.02,7400.0,56,2707,0.2644,0.002952
2026-09-15 14:07:15,SPX,7585.8,7633.02,7775.0,1252,62,0.1713,0.002952
2026-09-15 14:07:15,SPX,7585.8,7633.02,7395.0,0,1474,0.2675,0.002952
2026-09-15 14:07:15,SPX,7585.8,7633.02,7780.0,954,32,0.1743,0.002952
2026-09-15 14:07:15,SPX,7585.8,7633.02,7390.0,30,6437,0.2705,0.002952
2026-09-15 14:07:15,SPX,7585.8,7633.02,7785.0,381,280,0.1776,0.002952
2026-09-15 14:07:15,SPX,7585.8,7633.02,7385.0,1,253,0.2736,0.002952
2026-09-15 14:07:15,SPX,7585.8,7633.02,7790.0,3000,24,0.181,0.002952
2026-09-15 14:07:15,SPX,7585.8,7633.02,7380.0,1,6484,0.2768,0.002952
2026-09-15 14:07:15,SPX,7585.8,7633.02,7795.0,380,13,0.1842,0.002952
2026-09-15 14:07:15,SPX,7585.8,7633.02,7375.0,0,499,0.2801,0.002952
2026-09-15 14:07:15,SPX,7585.8,7633.02,7800.0,2907,50,0.1871,0.002952
2026-09-15 14:07:15,SPX,7585.8,7633.02,7370.0,24,209,0.2834,0.002952
2026-09-15 14:07:15,SPX,7585.8,7633.02,7805.0,1757,2,0.1897,0.002952
2026-09-15 14:07:15,SPX,7585.8,7633.02,7365.0,0,311,0.2869,0.002952
2026-09-15 14:07:15,SPX,7585.8,7633.02,7810.0,529,32,0.1918,0.002952
2026-09-15 14:07:15,SPX,7585.8,7633.02,7360.0,2,445,0.2904,0.002952
2026-09-15 14:07:15,SPX,7585.8,7633.02,7815.0,461,4,0.1935,0.002952
2026-09-15 14:07:15,SPX,7585.8,7633.02,7355.0,0,177,0.294,0.002952
2026-09-15 14:07:15,SPX,7585.8,7633.02,7820.0,1308,62,0.1947,0.002952
2026-09-15 14:07:15,SPX,7585.8,7633.02,7350.0,1,1518,0.2977,0.002952
2026-09-15 14:07:15,SPX,7585.8,7633.02,7825.0,1101,42,0.1954,0.002952
2026-09-15 14:07:15,SPX,7585.8,7633.02,7345.0,0,36,0.3015,0.002952
2026-09-15 14:07:15,SPX,7585.8,7633.02,7830.0,592,128,0.1956,0.002952
2026-09-15 14:07:15,SPX,7585.8,7633.02,7340.0,1,237,0.3053,0.002952
2026-09-15 14:07:15,SPX,7585.8,7633.02,7835.0,372,30,0.1955,0.002952
2026-09-15 14:07:15,SPX,7585.8,7633.02,7585.0,56,235,0.1812,0.00569
2026-09-15 14:07:15,SPX,7585.8,7633.02,7590.0,77,210,0.1791,0.00569
2026-09-15 14:07:15,SPX,7585.8,7633.02,7580.0,220,604,0.1823,0.00569
2026-09-15 14:07:15,SPX,7585.8,7633.02,7595.0,129,389,0.1777,0.00569
2026-09-15 14:07:15,SPX,7585.8,7633.02,7575.0,67,350,0.1836,0.00569
2026-09-15 14:07:15,SPX,7585.8,7633.02,7600.0,169,1835,0.1763,0.00569
2026-09-15 14:07:15,SPX,7585.8,7633.02,7570.0,88,153,0.185,0.00569
2026-09-15 14:07:15,SPX,7585.8,7633.02,7605.0,174,143,0.1748,0.00569
2026-09-15 14:07:15,SPX,7585.8,7633.02,7565.0,76,116,0.1864,0.00569
2026-09-15 14:07:15,SPX,7585.8,7633.02,7610.0,133,353,0.173,0.00569
2026-09-15 14:07:15,SPX,7585.8,7633.02,7560.0,59,278,0.188,0.00569
2026-09-15 14:07:15,SPX,7585.8,7633.02,7615.0,144,109,0.1716,0.00569
2026-09-15 14:07:15,SPX,7585.8,7633.02,7555.0,50,195,0.1895,0.00569
2026-09-15 14:07:15,SPX,7585.8,7633.02,7620.0,125,190,0.1702,0.00569
2026-09-15 14:07:15,SPX,7585.8,7633.02,7550.0,81,474,0.1908,0.00569
2026-09-15 14:07:15,SPX,7585.8,7633.02,7625.0,190,625,0.1687,0.00569
2026-09-15 14:07:15,SPX,7585.8,7633.02,7545.0,74,134,0.1924,0.00569
2026-09-15 14:07:15,SPX,7585.8,7633.02,7630.0,152,296,0.1672,0.00569
2026-09-15 14:07:15,SPX,7585.8,7633.02,7540.0,20,581,0.1939,0.00569
2026-09-15 14:07:15,SPX,7585.8,7633.02,7635.0,132,172,0.1659,0.00569
2026-09-15 14:07:15,SPX,7585.8,7633.02,7535.0,12,248,0.1956,0.00569
2026-09-15 14:07:15,SPX,7585.8,7633.02,7640.0,105,218,0.1646,0.00569
2026-09-15 14:07:15,SPX,7585.8,7633.02,7530.0,13,266,0.1975,0.00569
2026-09-15 14:07:15,SPX,7585.8,7633.02,7645.0,179,150,0.1635,0.00569
2026-09-15 14:07:15,SPX,7585.8,7633.02,7525.0,31,444,0.1993,0.00569
2026-09-15 14:07:15,SPX,7585.8,7633.02,7650.0,289,3384,0.1623,0.00569
2026-09-15 14:07:15,SPX,7585.8,7633.02,7520.0,3,290,0.2009,0.00569
2026-09-15 14:07:15,SPX,7585.8,7633.02,7655.0,261,193,0.1611,0.00569
2026-09-15 14:07:15,SPX,7585.8,7633.02,7515.0,9,179,0.2025,0.00569
2026-09-15 14:07:15,SPX,7585.8,7633.02,7660.0,410,256,0.1598,0.00569
2026-09-15 14:07:15,SPX,7585.8,7633.02,7510.0,55,274,0.204,0.00569
2026-09-15 14:07:15,SPX,7585.8,7633.02,7665.0,144,136,0.1585,0.00569
2026-09-15 14:07:15,SPX,7585.8,7633.02,7505.0,21,120,0.2054,0.00569
2026-09-15 14:07:15,SPX,7585.8,7633.02,7670.0,822,544,0.1571,0.00569
2026-09-15 14:07:15,SPX,7585.8,7633.02,7500.0,76,1593,0.2069,0.00569
2026-09-15 14:07:15,SPX,7585.8,7633.02,7675.0,3893,3939,0.1557,0.00569
2026-09-15 14:07:15,SPX,7585.8,7633.02,7495.0,4,96,0.2085,0.00569
2026-09-15 14:07:15,SPX,7585.8,7633.02,7680.0,658,171,0.1543,0.00569
2026-09-15 14:07:15,SPX,7585.8,7633.02,7490.0,4,291,0.21,0.00569
2026-09-15 14:07:15,SPX,7585.8,7633.02,7685.0,147,65,0.153,0.00569
2026-09-15 14:07:15,SPX,7585.8,7633.02,7485.0,0,122,0.2117,0.00569
2026-09-15 14:07:15,SPX,7585.8,7633.02,7690.0,492,304,0.1518,0.00569
2026-09-15 14:07:15,SPX,7585.8,7633.02,7480.0,32,239,0.2134,0.00569
2026-09-15 14:07:15,SPX,7585.8,7633.02,7695.0,191,205,0.1508,0.00569
2026-09-15 14:07:15,SPX,7585.8,7633.02,7475.0,4,257,0.2152,0.00569
2026-09-15 14:07:15,SPX,7585.8,7633.02,7700.0,3694,295,0.15,0.00569
2026-09-15 14:07:15,SPX,7585.8,7633.02,7470.0,31,706,0.217,0.00569
2026-09-15 14:07:15,SPX,7585.8,7633.02,7705.0,530,158,0.1491,0.00569
2026-09-15 14:07:15,SPX,7585.8,7633.02,7465.0,3,62,0.2189,0.00569
2026-09-15 14:07:15,SPX,7585.8,7633.02,7710.0,321,137,0.1484,0.00569
2026-09-15 14:07:15,SPX,7585.8,7633.02,7460.0,1,471,0.2208,0.00569
2026-09-15 14:07:15,SPX,7585.8,7633.02,7715.0,217,167,0.1476,0.00569
2026-09-15 14:07:15,SPX,7585.8,7633.02,7455.0,0,119,0.2227,0.00569
2026-09-15 14:07:15,SPX,7585.8,7633.02,7720.0,290,119,0.1469,0.00569
2026-09-15 14:07:15,SPX,7585.8,7633.02,7450.0,36,2980,0.2245,0.00569
2026-09-15 14:07:15,SPX,7585.8,7633.02,7725.0,881,155,0.1461,0.00569
2026-09-15 14:07:15,SPX,7585.8,7633.02,7445.0,0,135,0.2264,0.00569
2026-09-15 14:07:15,SPX,7585.8,7633.02,7730.0,496,116,0.1454,0.00569
2026-09-15 14:07:15,SPX,7585.8,7633.02,7440.0,7,483,0.2282,0.00569
2026-09-15 14:07:15,SPX,7585.8,7633.02,7735.0,474,36,0.1447,0.00569
2026-09-15 14:07:15,SPX,7585.8,7633.02,7435.0,0,112,0.23,0.00569
2026-09-15 14:07:15,SPX,7585.8,7633.02,7740.0,601,119,0.1442,0.00569
2026-09-15 14:07:15,SPX,7585.8,7633.02,7430.0,2,261,0.2319,0.00569
2026-09-15 14:07:15,SPX,7585.8,7633.02,7745.0,306,28,0.1436,0.00569
2026-09-15 14:07:15,SPX,7585.8,7633.02,7425.0,0,1625,0.2337,0.00569
2026-09-15 14:07:15,SPX,7585.8,7633.02,7750.0,990,167,0.1432,0.00569
2026-09-15 14:07:15,SPX,7585.8,7633.02,7420.0,26,1343,0.2356,0.00569
2026-09-15 14:07:15,SPX,7585.8,7633.02,7755.0,247,31,0.143,0.00569
2026-09-15 14:07:15,SPX,7585.8,7633.02,7415.0,0,135,0.2375,0.00569
2026-09-15 14:07:15,SPX,7585.8,7633.02,7760.0,646,97,0.1429,0.00569
2026-09-15 14:07:15,SPX,7585.8,7633.02,7410.0,1,167,0.2394,0.00569
2026-09-15 14:07:15,SPX,7585.8,7633.02,7765.0,200,43,0.1429,0.00569
2026-09-15 14:07:15,SPX,7585.8,7633.02,7405.0,0,98,0.2414,0.00569
2026-09-15 14:07:15,SPX,7585.8,7633.02,7770.0,1265,63,0.1431,0.00569
2026-09-15 14:07:15,SPX,7585.8,7633.02,7400.0,9,976,0.2433,0.00569
2026-09-15 14:07:15,SPX,7585.8,7633.02,7775.0,861,57,0.1435,0.00569
2026-09-15 14:07:15,SPX,7585.8,7633.02,7395.0,0,86,0.2454,0.00569
2026-09-15 14:07:15,SPX,7585.8,7633.02,7780.0,462,39,0.1441,0.00569
2026-09-15 14:07:15,SPX,7585.8,7633.02,7390.0,0,296,0.2474,0.00569
2026-09-15 14:07:15,SPX,7585.8,7633.02,7785.0,265,9,0.1449,0.00569
2026-09-15 14:07:15,SPX,7585.8,7633.02,7385.0,1,82,0.2495,0.00569
2026-09-15 14:07:15,SPX,7585.8,7633.02,7790.0,349,25,0.1458,0.00569
2026-09-15 14:07:15,SPX,7585.8,7633.02,7380.0,30,179,0.2517,0.00569
2026-09-15 14:07:15,SPX,7585.8,7633.02,7795.0,399,5,0.1469,0.00569
2026-09-15 14:07:15,SPX,7585.8,7633.02,7375.0,5,243,0.2539,0.00569
2026-09-15 14:07:15,SPX,7585.8,7633.02,7800.0,3010,91,0.1482,0.00569
2026-09-15 14:07:15,SPX,7585.8,7633.02,7370.0,30,169,0.2561,0.00569
2026-09-15 14:07:15,SPX,7585.8,7633.02,7805.0,1854,3,0.1496,0.00569
2026-09-15 14:07:15,SPX,7585.8,7633.02,7365.0,0,55,0.2584,0.00569
2026-09-15 14:07:15,SPX,7585.8,7633.02,7810.0,485,4,0.1512,0.00569
2026-09-15 14:07:15,SPX,7585.8,7633.02,7360.0,3,223,0.2607,0.00569
2026-09-15 14:07:15,SPX,7585.8,7633.02,7815.0,405,2,0.1529,0.00569
2026-09-15 14:07:15,SPX,7585.8,7633.02,7355.0,0,61,0.2631,0.00569
2026-09-15 14:07:15,SPX,7585.8,7633.02,7820.0,319,16,0.1548,0.00569
2026-09-15 14:07:15,SPX,7585.8,7633.02,7350.0,30,911,0.2655,0.00569
2026-09-15 14:07:15,SPX,7585.8,7633.02,7825.0,716,61,0.1568,0.00569
2026-09-15 14:07:15,SPX,7585.8,7633.02,7345.0,0,113,0.268,0.00569
2026-09-15 14:07:15,SPX,7585.8,7633.02,7830.0,485,3,0.1589,0.00569
2026-09-15 14:07:15,SPX,7585.8,7633.02,7340.0,0,283,0.2705,0.00569
2026-09-15 14:07:15,SPX,7585.8,7633.02,7835.0,483,0,0.1611,0.00569
2026-09-15 14:37:39,SPX,7584.0,7633.4,7585.0,219,1148,0.1149,0.000157
2026-09-15 14:37:39,SPX,7584.0,7633.4,7580.0,182,3113,0.1185,0.000157
2026-09-15 14:37:39,SPX,7584.0,7633.4,7590.0,318,1495,0.1145,0.000157
2026-09-15 14:37:39,SPX,7584.0,7633.4,7575.0,142,2632,0.1273,0.000157
2026-09-15 14:37:39,SPX,7584.0,7633.4,7595.0,347,3640,0.118,0.000157
2026-09-15 14:37:39,SPX,7584.0,7633.4,7570.0,175,1632,0.138,0.000157
2026-09-15 14:37:39,SPX,7584.0,7633.4,7600.0,1628,4377,0.1251,0.000157
2026-09-15 14:37:39,SPX,7584.0,7633.4,7565.0,688,1156,0.1506,0.000157
2026-09-15 14:37:39,SPX,7584.0,7633.4,7605.0,369,727,0.1332,0.000157
2026-09-15 14:37:39,SPX,7584.0,7633.4,7560.0,655,1715,0.1645,0.000157
2026-09-15 14:37:39,SPX,7584.0,7633.4,7610.0,407,1239,0.1458,0.000157
2026-09-15 14:37:39,SPX,7584.0,7633.4,7555.0,160,910,0.1806,0.000157
2026-09-15 14:37:39,SPX,7584.0,7633.4,7615.0,397,2534,0.1605,0.000157
2026-09-15 14:37:39,SPX,7584.0,7633.4,7550.0,117,4119,0.1983,0.000157
2026-09-15 14:37:39,SPX,7584.0,7633.4,7620.0,1077,2661,0.1768,0.000157
2026-09-15 14:37:39,SPX,7584.0,7633.4,7545.0,22,976,0.2148,0.000157
2026-09-15 14:37:39,SPX,7584.0,7633.4,7625.0,1051,2203,0.1939,0.000157
2026-09-15 14:37:39,SPX,7584.0,7633.4,7540.0,68,1297,0.2294,0.000157
2026-09-15 14:37:39,SPX,7584.0,7633.4,7630.0,1307,1454,0.2078,0.000157
2026-09-15 14:37:39,SPX,7584.0,7633.4,7535.0,59,1994,0.2472,0.000157
2026-09-15 14:37:39,SPX,7584.0,7633.4,7635.0,949,911,0.221,0.000157
2026-09-15 14:37:39,SPX,7584.0,7633.4,7530.0,60,3712,0.2676,0.000157
2026-09-15 14:37:39,SPX,7584.0,7633.4,7640.0,1221,774,0.2366,0.000157
2026-09-15 14:37:39,SPX,7584.0,7633.4,7525.0,131,2949,0.2862,0.000157
2026-09-15 14:37:39,SPX,7584.0,7633.4,7645.0,905,360,0.2519,0.000157
2026-09-15 14:37:39,SPX,7584.0,7633.4,7520.0,64,2119,0.3031,0.000157
2026-09-15 14:37:39,SPX,7584.0,7633.4,7650.0,2860,2876,0.2669,0.000157
2026-09-15 14:37:39,SPX,7584.0,7633.4,7515.0,33,1288,0.3187,0.000157
2026-09-15 14:37:39,SPX,7584.0,7633.4,7655.0,1499,374,0.2836,0.000157
2026-09-15 14:37:39,SPX,7584.0,7633.4,7510.0,37,2084,0.3329,0.000157
2026-09-15 14:37:39,SPX,7584.0,7633.4,7660.0,3439,498,0.2992,0.000157
2026-09-15 14:37:39,SPX,7584.0,7633.4,7505.0,12,2186,0.3463,0.000157
2026-09-15 14:37:39,SPX,7584.0,7633.4,7665.0,2015,485,0.3143,0.000157
2026-09-15 14:37:39,SPX,7584.0,7633.4,7500.0,70,6429,0.3611,0.000157
2026-09-15 14:37:39,SPX,7584.0,7633.4,7670.0,2107,659,0.3289,0.000157
2026-09-15 14:37:39,SPX,7584.0,7633.4,7495.0,3,2086,0.3781,0.000157
2026-09-15 14:37:39,SPX,7584.0,7633.4,7675.0,4786,1606,0.3432,0.000157
2026-09-15 14:37:39,SPX,7584.0,7633.4,7490.0,22,1425,0.3967,0.000157
2026-09-15 14:37:39,SPX,7584.0,7633.4,7680.0,3240,555,0.356,0.000157
2026-09-15 14:37:39,SPX,7584.0,7633.4,7485.0,2,2340,0.4163,0.000157
2026-09-15 14:37:39,SPX,7584.0,7633.4,7685.0,2362,813,0.3678,0.000157
2026-09-15 14:37:39,SPX,7584.0,7633.4,7480.0,16,1328,0.4364,0.000157
2026-09-15 14:37:39,SPX,7584.0,7633.4,7690.0,1579,427,0.3785,0.000157
2026-09-15 14:37:39,SPX,7584.0,7633.4,7475.0,7,2599,0.4564,0.000157
2026-09-15 14:37:39,SPX,7584.0,7633.4,7695.0,2022,164,0.3874,0.000157
2026-09-15 14:37:39,SPX,7584.0,7633.4,7470.0,2,769,0.4759,0.000157
2026-09-15 14:37:39,SPX,7584.0,7633.4,7700.0,4610,864,0.395,0.000157
2026-09-15 14:37:39,SPX,7584.0,7633.4,7465.0,0,3434,0.4949,0.000157
2026-09-15 14:37:39,SPX,7584.0,7633.4,7705.0,1433,446,0.4015,0.000157
2026-09-15 14:37:39,SPX,7584.0,7633.4,7460.0,10,1810,0.5134,0.000157
2026-09-15 14:37:39,SPX,7584.0,7633.4,7710.0,2583,749,0.4068,0.000157
2026-09-15 14:37:39,SPX,7584.0,7633.4,7455.0,14,427,0.5315,0.000157
2026-09-15 14:37:39,SPX,7584.0,7633.4,7715.0,2171,175,0.411,0.000157
2026-09-15 14:37:39,SPX,7584.0,7633.4,7450.0,12,4782,0.5493,0.000157
2026-09-15 14:37:39,SPX,7584.0,7633.4,7720.0,1689,343,0.4144,0.000157
2026-09-15 14:37:39,SPX,7584.0,7633.4,7445.0,2,568,0.5663,0.000157
2026-09-15 14:37:39,SPX,7584.0,7633.4,7725.0,7849,224,0.4171,0.000157
2026-09-15 14:37:39,SPX,7584.0,7633.4,7440.0,34,1197,0.5816,0.000157
2026-09-15 14:37:39,SPX,7584.0,7633.4,7730.0,1070,245,0.4192,0.000157
2026-09-15 14:37:39,SPX,7584.0,7633.4,7435.0,0,3101,0.596,0.000157
2026-09-15 14:37:39,SPX,7584.0,7633.4,7735.0,1377,59,0.4205,0.000157
2026-09-15 14:37:39,SPX,7584.0,7633.4,7430.0,4,1433,0.6095,0.000157
2026-09-15 14:37:39,SPX,7584.0,7633.4,7740.0,974,87,0.4214,0.000157
2026-09-15 14:37:39,SPX,7584.0,7633.4,7425.0,10,3151,0.622,0.000157
2026-09-15 14:37:39,SPX,7584.0,7633.4,7745.0,1326,79,0.4219,0.000157
2026-09-15 14:37:39,SPX,7584.0,7633.4,7420.0,3,828,0.6332,0.000157
2026-09-15 14:37:39,SPX,7584.0,7633.4,7750.0,2400,819,0.4222,0.000157
2026-09-15 14:37:39,SPX,7584.0,7633.4,7415.0,0,511,0.6439,0.000157
2026-09-15 14:37:39,SPX,7584.0,7633.4,7755.0,652,51,0.4221,0.000157
2026-09-15 14:37:39,SPX,7584.0,7633.4,7410.0,32,660,0.654,0.000157
2026-09-15 14:37:39,SPX,7584.0,7633.4,7760.0,749,62,0.4219,0.000157
2026-09-15 14:37:39,SPX,7584.0,7633.4,7405.0,0,268,0.6636,0.000157
2026-09-15 14:37:39,SPX,7584.0,7633.4,7765.0,813,22,0.4215,0.000157
2026-09-15 14:37:39,SPX,7584.0,7633.4,7400.0,14,3697,0.6726,0.000157
2026-09-15 14:37:39,SPX,7584.0,7633.4,7770.0,937,43,0.421,0.000157
2026-09-15 14:37:39,SPX,7584.0,7633.4,7395.0,0,298,0.6809,0.000157
2026-09-15 14:37:39,SPX,7584.0,7633.4,7775.0,1187,25,0.4204,0.000157
2026-09-15 14:37:39,SPX,7584.0,7633.4,7390.0,1,488,0.6881,0.000157
2026-09-15 14:37:39,SPX,7584.0,7633.4,7780.0,1310,129,0.4197,0.000157
2026-09-15 14:37:39,SPX,7584.0,7633.4,7385.0,0,1903,0.694,0.000157
2026-09-15 14:37:39,SPX,7584.0,7633.4,7785.0,4397,26,0.4189,0.000157
2026-09-15 14:37:39,SPX,7584.0,7633.4,7380.0,2,2659,0.6982,0.000157
2026-09-15 14:37:39,SPX,7584.0,7633.4,7790.0,1945,83,0.4179,0.000157
2026-09-15 14:37:39,SPX,7584.0,7633.4,7375.0,22,575,0.7006,0.000157
2026-09-15 14:37:39,SPX,7584.0,7633.4,7795.0,398,1,0.4164,0.000157
2026-09-15 14:37:39,SPX,7584.0,7633.4,7370.0,1,1752,0.701,0.000157
2026-09-15 14:37:39,SPX,7584.0,7633.4,7800.0,2963,70,0.4148,0.000157
2026-09-15 14:37:39,SPX,7584.0,7633.4,7365.0,10,4516,0.6995,0.000157
2026-09-15 14:37:39,SPX,7584.0,7633.4,7805.0,836,9,0.4133,0.000157
2026-09-15 14:37:39,SPX,7584.0,7633.4,7360.0,26,625,0.6965,0.000157
2026-09-15 14:37:39,SPX,7584.0,7633.4,7810.0,1015,7,0.4118,0.000157
2026-09-15 14:37:39,SPX,7584.0,7633.4,7355.0,0,285,0.6921,0.000157
2026-09-15 14:37:39,SPX,7584.0,7633.4,7815.0,559,3,0.4102,0.000157
2026-09-15 14:37:39,SPX,7584.0,7633.4,7350.0,14,4506,0.6874,0.000157
2026-09-15 14:37:39,SPX,7584.0,7633.4,7820.0,731,19,0.4087,0.000157
2026-09-15 14:37:39,SPX,7584.0,7633.4,7345.0,0,186,0.6822,0.000157
2026-09-15 14:37:39,SPX,7584.0,7633.4,7825.0,2294,50,0.4072,0.000157
2026-09-15 14:37:39,SPX,7584.0,7633.4,7340.0,3,752,0.6763,0.000157
2026-09-15 14:37:39,SPX,7584.0,7633.4,7830.0,1760,3,0.4057,0.000157
2026-09-15 14:37:39,SPX,7584.0,7633.4,7335.0,0,228,0.6698,0.000157
2026-09-15 14:37:39,SPX,7584.0,7633.4,7585.0,138,528,0.1921,0.002894
2026-09-15 14:37:39,SPX,7584.0,7633.4,7580.0,99,709,0.1936,0.002894
2026-09-15 14:37:39,SPX,7584.0,7633.4,7590.0,105,464,0.1904,0.002894
2026-09-15 14:37:39,SPX,7584.0,7633.4,7575.0,74,685,0.195,0.002894
2026-09-15 14:37:39,SPX,7584.0,7633.4,7595.0,109,539,0.1892,0.002894
2026-09-15 14:37:39,SPX,7584.0,7633.4,7570.0,48,829,0.1966,0.002894
2026-09-15 14:37:39,SPX,7584.0,7633.4,7600.0,708,2728,0.1874,0.002894
2026-09-15 14:37:39,SPX,7584.0,7633.4,7565.0,17,272,0.1987,0.002894
2026-09-15 14:37:39,SPX,7584.0,7633.4,7605.0,181,231,0.186,0.002894
2026-09-15 14:37:39,SPX,7584.0,7633.4,7560.0,49,506,0.1999,0.002894
2026-09-15 14:37:39,SPX,7584.0,7633.4,7610.0,120,528,0.1845,0.002894
2026-09-15 14:37:39,SPX,7584.0,7633.4,7555.0,51,301,0.2014,0.002894
2026-09-15 14:37:39,SPX,7584.0,7633.4,7615.0,179,188,0.1833,0.002894
2026-09-15 14:37:39,SPX,7584.0,7633.4,7550.0,91,1255,0.2023,0.002894
2026-09-15 14:37:39,SPX,7584.0,7633.4,7620.0,221,316,0.1821,0.002894
2026-09-15 14:37:39,SPX,7584.0,7633.4,7545.0,13,400,0.2038,0.002894
2026-09-15 14:37:39,SPX,7584.0,7633.4,7625.0,219,3446,0.1808,0.002894
2026-09-15 14:37:39,SPX,7584.0,7633.4,7540.0,38,700,0.2054,0.002894
2026-09-15 14:37:39,SPX,7584.0,7633.4,7630.0,316,396,0.1792,0.002894
2026-09-15 14:37:39,SPX,7584.0,7633.4,7535.0,30,338,0.2071,0.002894
2026-09-15 14:37:39,SPX,7584.0,7633.4,7635.0,246,549,0.1774,0.002894
2026-09-15 14:37:39,SPX,7584.0,7633.4,7530.0,27,446,0.2087,0.002894
2026-09-15 14:37:39,SPX,7584.0,7633.4,7640.0,297,292,0.1756,0.002894
2026-09-15 14:37:39,SPX,7584.0,7633.4,7525.0,24,2555,0.2099,0.002894
2026-09-15 14:37:39,SPX,7584.0,7633.4,7645.0,166,464,0.174,0.002894
2026-09-15 14:37:39,SPX,7584.0,7633.4,7520.0,37,1073,0.2112,0.002894
2026-09-15 14:37:39,SPX,7584.0,7633.4,7650.0,4112,4427,0.1726,0.002894
2026-09-15 14:37:39,SPX,7584.0,7633.4,7515.0,43,329,0.2131,0.002894
2026-09-15 14:37:39,SPX,7584.0,7633.4,7655.0,166,786,0.1714,0.002894
2026-09-15 14:37:39,SPX,7584.0,7633.4,7510.0,51,518,0.2152,0.002894
2026-09-15 14:37:39,SPX,7584.0,7633.4,7660.0,415,261,0.1704,0.002894
2026-09-15 14:37:39,SPX,7584.0,7633.4,7505.0,39,354,0.2171,0.002894
2026-09-15 14:37:39,SPX,7584.0,7633.4,7665.0,242,282,0.1694,0.002894
2026-09-15 14:37:39,SPX,7584.0,7633.4,7500.0,39,2795,0.2188,0.002894
2026-09-15 14:37:39,SPX,7584.0,7633.4,7670.0,476,497,0.1683,0.002894
2026-09-15 14:37:39,SPX,7584.0,7633.4,7495.0,0,249,0.2206,0.002894
2026-09-15 14:37:39,SPX,7584.0,7633.4,7675.0,3673,996,0.1671,0.002894
2026-09-15 14:37:39,SPX,7584.0,7633.4,7490.0,0,396,0.2226,0.002894
2026-09-15 14:37:39,SPX,7584.0,7633.4,7680.0,696,901,0.1657,0.002894
2026-09-15 14:37:39,SPX,7584.0,7633.4,7485.0,2,229,0.2245,0.002894
2026-09-15 14:37:39,SPX,7584.0,7633.4,7685.0,1005,237,0.1642,0.002894
2026-09-15 14:37:39,SPX,7584.0,7633.4,7480.0,7,493,0.2261,0.002894
2026-09-15 14:37:39,SPX,7584.0,7633.4,7690.0,493,125,0.1628,0.002894
2026-09-15 14:37:39,SPX,7584.0,7633.4,7475.0,25,1133,0.2275,0.002894
2026-09-15 14:37:39,SPX,7584.0,7633.4,7695.0,392,112,0.1614,0.002894
2026-09-15 14:37:39,SPX,7584.0,7633.4,7470.0,26,856,0.229,0.002894
2026-09-15 14:37:39,SPX,7584.0,7633.4,7700.0,1586,0,0.1603,0.002894
2026-09-15 14:37:39,SPX,7584.0,7633.4,7465.0,0,510,0.2306,0.002894
2026-09-15 14:37:39,SPX,7584.0,7633.4,7705.0,458,2049,0.1594,0.002894
2026-09-15 14:37:39,SPX,7584.0,7633.4,7460.0,25,536,0.2324,0.002894
2026-09-15 14:37:39,SPX,7584.0,7633.4,7710.0,938,121,0.1588,0.002894
2026-09-15 14:37:39,SPX,7584.0,7633.4,7455.0,1,219,0.2343,0.002894
2026-09-15 14:37:39,SPX,7584.0,7633.4,7715.0,439,1316,0.1586,0.002894
2026-09-15 14:37:39,SPX,7584.0,7633.4,7450.0,4,963,0.2364,0.002894
2026-09-15 14:37:39,SPX,7584.0,7633.4,7720.0,456,60,0.1586,0.002894
2026-09-15 14:37:39,SPX,7584.0,7633.4,7445.0,0,190,0.2386,0.002894
2026-09-15 14:37:39,SPX,7584.0,7633.4,7725.0,1340,110,0.159,0.002894
2026-09-15 14:37:39,SPX,7584.0,7633.4,7440.0,3,235,0.2411,0.002894
2026-09-15 14:37:39,SPX,7584.0,7633.4,7730.0,2856,2056,0.1597,0.002894
2026-09-15 14:37:39,SPX,7584.0,7633.4,7435.0,3,170,0.2438,0.002894
2026-09-15 14:37:39,SPX,7584.0,7633.4,7735.0,662,23,0.1606,0.002894
2026-09-15 14:37:39,SPX,7584.0,7633.4,7430.0,3,207,0.2466,0.002894
2026-09-15 14:37:39,SPX,7584.0,7633.4,7740.0,2013,1352,0.1618,0.002894
2026-09-15 14:37:39,SPX,7584.0,7633.4,7425.0,9,413,0.2495,0.002894
2026-09-15 14:37:39,SPX,7584.0,7633.4,7745.0,733,146,0.163,0.002894
2026-09-15 14:37:39,SPX,7584.0,7633.4,7420.0,1,743,0.2525,0.002894
2026-09-15 14:37:39,SPX,7584.0,7633.4,7750.0,1605,299,0.1645,0.002894
2026-09-15 14:37:39,SPX,7584.0,7633.4,7415.0,1,1153,0.2555,0.002894
2026-09-15 14:37:39,SPX,7584.0,7633.4,7755.0,2979,33,0.166,0.002894
2026-09-15 14:37:39,SPX,7584.0,7633.4,7410.0,1,414,0.2585,0.002894
2026-09-15 14:37:39,SPX,7584.0,7633.4,7760.0,502,60,0.1677,0.002894
2026-09-15 14:37:39,SPX,7584.0,7633.4,7405.0,5,328,0.2615,0.002894
2026-09-15 14:37:39,SPX,7584.0,7633.4,7765.0,1830,27,0.1697,0.002894
2026-09-15 14:37:39,SPX,7584.0,7633.4,7400.0,56,2707,0.2646,0.002894
2026-09-15 14:37:39,SPX,7584.0,7633.4,7770.0,1017,30,0.1722,0.002894
2026-09-15 14:37:39,SPX,7584.0,7633.4,7395.0,0,1474,0.2677,0.002894
2026-09-15 14:37:39,SPX,7584.0,7633.4,7775.0,1252,62,0.1751,0.002894
2026-09-15 14:37:39,SPX,7584.0,7633.4,7390.0,30,6437,0.2709,0.002894
2026-09-15 14:37:39,SPX,7584.0,7633.4,7780.0,954,32,0.1785,0.002894
2026-09-15 14:37:39,SPX,7584.0,7633.4,7385.0,1,253,0.2742,0.002894
2026-09-15 14:37:39,SPX,7584.0,7633.4,7785.0,381,280,0.1822,0.002894
2026-09-15 14:37:39,SPX,7584.0,7633.4,7380.0,1,6484,0.2775,0.002894
2026-09-15 14:37:39,SPX,7584.0,7633.4,7790.0,3000,24,0.1861,0.002894
2026-09-15 14:37:39,SPX,7584.0,7633.4,7375.0,0,499,0.2809,0.002894
2026-09-15 14:37:39,SPX,7584.0,7633.4,7795.0,380,13,0.1899,0.002894
2026-09-15 14:37:39,SPX,7584.0,7633.4,7370.0,24,209,0.2844,0.002894
2026-09-15 14:37:39,SPX,7584.0,7633.4,7800.0,2907,50,0.1935,0.002894
2026-09-15 14:37:39,SPX,7584.0,7633.4,7365.0,0,311,0.2879,0.002894
2026-09-15 14:37:39,SPX,7584.0,7633.4,7805.0,1757,2,0.1968,0.002894
2026-09-15 14:37:39,SPX,7584.0,7633.4,7360.0,2,445,0.2916,0.002894
2026-09-15 14:37:39,SPX,7584.0,7633.4,7810.0,529,32,0.1996,0.002894
2026-09-15 14:37:39,SPX,7584.0,7633.4,7355.0,0,177,0.2953,0.002894
2026-09-15 14:37:39,SPX,7584.0,7633.4,7815.0,461,4,0.2018,0.002894
2026-09-15 14:37:39,SPX,7584.0,7633.4,7350.0,1,1518,0.2992,0.002894
2026-09-15 14:37:39,SPX,7584.0,7633.4,7820.0,1308,62,0.2036,0.002894
2026-09-15 14:37:39,SPX,7584.0,7633.4,7345.0,0,36,0.303,0.002894
2026-09-15 14:37:39,SPX,7584.0,7633.4,7825.0,1101,42,0.2048,0.002894
2026-09-15 14:37:39,SPX,7584.0,7633.4,7340.0,1,237,0.307,0.002894
2026-09-15 14:37:39,SPX,7584.0,7633.4,7830.0,592,128,0.2056,0.002894
2026-09-15 14:37:39,SPX,7584.0,7633.4,7335.0,0,2528,0.311,0.002894
2026-09-15 14:37:39,SPX,7584.0,7633.4,7585.0,56,235,0.1824,0.005632
2026-09-15 14:37:39,SPX,7584.0,7633.4,7580.0,220,604,0.1841,0.005632
2026-09-15 14:37:39,SPX,7584.0,7633.4,7590.0,77,210,0.181,0.005632
2026-09-15 14:37:39,SPX,7584.0,7633.4,7575.0,67,350,0.1857,0.005632
2026-09-15 14:37:39,SPX,7584.0,7633.4,7595.0,129,389,0.1797,0.005632
2026-09-15 14:37:39,SPX,7584.0,7633.4,7570.0,88,153,0.187,0.005632
2026-09-15 14:37:39,SPX,7584.0,7633.4,7600.0,169,1835,0.1781,0.005632
2026-09-15 14:37:39,SPX,7584.0,7633.4,7565.0,76,116,0.1883,0.005632
2026-09-15 14:37:39,SPX,7584.0,7633.4,7605.0,174,143,0.1765,0.005632
2026-09-15 14:37:39,SPX,7584.0,7633.4,7560.0,59,278,0.1896,0.005632
2026-09-15 14:37:39,SPX,7584.0,7633.4,7610.0,133,353,0.1749,0.005632
2026-09-15 14:37:39,SPX,7584.0,7633.4,7555.0,50,195,0.1913,0.005632
2026-09-15 14:37:39,SPX,7584.0,7633.4,7615.0,144,109,0.1736,0.005632
2026-09-15 14:37:39,SPX,7584.0,7633.4,7550.0,81,474,0.1927,0.005632
2026-09-15 14:37:39,SPX,7584.0,7633.4,7620.0,125,190,0.1721,0.005632
2026-09-15 14:37:39,SPX,7584.0,7633.4,7545.0,74,134,0.194,0.005632
2026-09-15 14:37:39,SPX,7584.0,7633.4,7625.0,190,625,0.1705,0.005632
2026-09-15 14:37:39,SPX,7584.0,7633.4,7540.0,20,581,0.1951,0.005632
2026-09-15 14:37:39,SPX,7584.0,7633.4,7630.0,152,296,0.169,0.005632
2026-09-15 14:37:39,SPX,7584.0,7633.4,7535.0,12,248,0.1965,0.005632
2026-09-15 14:37:39,SPX,7584.0,7633.4,7635.0,132,172,0.1676,0.005632
2026-09-15 14:37:39,SPX,7584.0,7633.4,7530.0,13,266,0.1984,0.005632
2026-09-15 14:37:39,SPX,7584.0,7633.4,7640.0,105,218,0.1664,0.005632
2026-09-15 14:37:39,SPX,7584.0,7633.4,7525.0,31,444,0.2004,0.005632
2026-09-15 14:37:39,SPX,7584.0,7633.4,7645.0,179,150,0.1651,0.005632
2026-09-15 14:37:39,SPX,7584.0,7633.4,7520.0,3,290,0.2022,0.005632
2026-09-15 14:37:39,SPX,7584.0,7633.4,7650.0,289,3384,0.164,0.005632
2026-09-15 14:37:39,SPX,7584.0,7633.4,7515.0,9,179,0.2038,0.005632
2026-09-15 14:37:39,SPX,7584.0,7633.4,7655.0,261,193,0.1629,0.005632
2026-09-15 14:37:39,SPX,7584.0,7633.4,7510.0,55,274,0.2051,0.005632
2026-09-15 14:37:39,SPX,7584.0,7633.4,7660.0,410,256,0.1616,0.005632
2026-09-15 14:37:39,SPX,7584.0,7633.4,7505.0,21,120,0.2064,0.005632
2026-09-15 14:37:39,SPX,7584.0,7633.4,7665.0,144,136,0.16,0.005632
2026-09-15 14:37:39,SPX,7584.0,7633.4,7500.0,76,1593,0.2077,0.005632
2026-09-15 14:37:39,SPX,7584.0,7633.4,7670.0,822,544,0.1584,0.005632
2026-09-15 14:37:39,SPX,7584.0,7633.4,7495.0,4,96,0.209,0.005632
2026-09-15 14:37:39,SPX,7584.0,7633.4,7675.0,3893,3939,0.1569,0.005632
2026-09-15 14:37:39,SPX,7584.0,7633.4,7490.0,4,291,0.2105,0.005632
2026-09-15 14:37:39,SPX,7584.0,7633.4,7680.0,658,171,0.1554,0.005632
2026-09-15 14:37:39,SPX,7584.0,7633.4,7485.0,0,122,0.2121,0.005632
2026-09-15 14:37:39,SPX,7584.0,7633.4,7685.0,147,65,0.1541,0.005632
2026-09-15 14:37:39,SPX,7584.0,7633.4,7480.0,32,239,0.2138,0.005632
2026-09-15 14:37:39,SPX,7584.0,7633.4,7690.0,492,304,0.1529,0.005632
2026-09-15 14:37:39,SPX,7584.0,7633.4,7475.0,4,257,0.2155,0.005632
2026-09-15 14:37:39,SPX,7584.0,7633.4,7695.0,191,205,0.1519,0.005632
2026-09-15 14:37:39,SPX,7584.0,7633.4,7470.0,31,706,0.2173,0.005632
2026-09-15 14:37:39,SPX,7584.0,7633.4,7700.0,3694,295,0.151,0.005632
2026-09-15 14:37:39,SPX,7584.0,7633.4,7465.0,3,62,0.2191,0.005632
2026-09-15 14:37:39,SPX,7584.0,7633.4,7705.0,530,158,0.1502,0.005632
2026-09-15 14:37:39,SPX,7584.0,7633.4,7460.0,1,471,0.2209,0.005632
2026-09-15 14:37:39,SPX,7584.0,7633.4,7710.0,321,137,0.1495,0.005632
2026-09-15 14:37:39,SPX,7584.0,7633.4,7455.0,0,119,0.2228,0.005632
2026-09-15 14:37:39,SPX,7584.0,7633.4,7715.0,217,167,0.1488,0.005632
2026-09-15 14:37:39,SPX,7584.0,7633.4,7450.0,36,2980,0.2246,0.005632
2026-09-15 14:37:39,SPX,7584.0,7633.4,7720.0,290,119,0.1482,0.005632
2026-09-15 14:37:39,SPX,7584.0,7633.4,7445.0,0,135,0.2264,0.005632
2026-09-15 14:37:39,SPX,7584.0,7633.4,7725.0,881,155,0.1476,0.005632
2026-09-15 14:37:39,SPX,7584.0,7633.4,7440.0,7,483,0.2282,0.005632
2026-09-15 14:37:39,SPX,7584.0,7633.4,7730.0,496,116,0.147,0.005632
2026-09-15 14:37:39,SPX,7584.0,7633.4,7435.0,0,112,0.23,0.005632
2026-09-15 14:37:39,SPX,7584.0,7633.4,7735.0,474,36,0.1465,0.005632
2026-09-15 14:37:39,SPX,7584.0,7633.4,7430.0,2,261,0.2318,0.005632
2026-09-15 14:37:39,SPX,7584.0,7633.4,7740.0,601,119,0.1459,0.005632
2026-09-15 14:37:39,SPX,7584.0,7633.4,7425.0,0,1625,0.2336,0.005632
2026-09-15 14:37:39,SPX,7584.0,7633.4,7745.0,306,28,0.1455,0.005632
2026-09-15 14:37:39,SPX,7584.0,7633.4,7420.0,26,1343,0.2354,0.005632
2026-09-15 14:37:39,SPX,7584.0,7633.4,7750.0,990,167,0.1452,0.005632
2026-09-15 14:37:39,SPX,7584.0,7633.4,7415.0,0,135,0.2372,0.005632
2026-09-15 14:37:39,SPX,7584.0,7633.4,7755.0,247,31,0.1449,0.005632
2026-09-15 14:37:39,SPX,7584.0,7633.4,7410.0,1,167,0.2391,0.005632
2026-09-15 14:37:39,SPX,7584.0,7633.4,7760.0,646,97,0.1448,0.005632
2026-09-15 14:37:39,SPX,7584.0,7633.4,7405.0,0,98,0.2409,0.005632
2026-09-15 14:37:39,SPX,7584.0,7633.4,7765.0,200,43,0.1448,0.005632
2026-09-15 14:37:39,SPX,7584.0,7633.4,7400.0,9,976,0.2428,0.005632
2026-09-15 14:37:39,SPX,7584.0,7633.4,7770.0,1265,63,0.145,0.005632
2026-09-15 14:37:39,SPX,7584.0,7633.4,7395.0,0,86,0.2448,0.005632
2026-09-15 14:37:39,SPX,7584.0,7633.4,7775.0,861,57,0.1453,0.005632
2026-09-15 14:37:39,SPX,7584.0,7633.4,7390.0,0,296,0.2468,0.005632
2026-09-15 14:37:39,SPX,7584.0,7633.4,7780.0,462,39,0.1458,0.005632
2026-09-15 14:37:39,SPX,7584.0,7633.4,7385.0,1,82,0.2488,0.005632
2026-09-15 14:37:39,SPX,7584.0,7633.4,7785.0,265,9,0.1464,0.005632
2026-09-15 14:37:39,SPX,7584.0,7633.4,7380.0,30,179,0.2509,0.005632
2026-09-15 14:37:39,SPX,7584.0,7633.4,7790.0,349,25,0.1473,0.005632
2026-09-15 14:37:39,SPX,7584.0,7633.4,7375.0,5,243,0.2531,0.005632
2026-09-15 14:37:39,SPX,7584.0,7633.4,7795.0,399,5,0.1483,0.005632
2026-09-15 14:37:39,SPX,7584.0,7633.4,7370.0,30,169,0.2553,0.005632
2026-09-15 14:37:39,SPX,7584.0,7633.4,7800.0,3010,91,0.1494,0.005632
2026-09-15 14:37:39,SPX,7584.0,7633.4,7365.0,0,55,0.2575,0.005632
2026-09-15 14:37:39,SPX,7584.0,7633.4,7805.0,1854,3,0.1508,0.005632
2026-09-15 14:37:39,SPX,7584.0,7633.4,7360.0,3,223,0.2598,0.005632
2026-09-15 14:37:39,SPX,7584.0,7633.4,7810.0,485,4,0.1523,0.005632
2026-09-15 14:37:39,SPX,7584.0,7633.4,7355.0,0,61,0.2621,0.005632
2026-09-15 14:37:39,SPX,7584.0,7633.4,7815.0,405,2,0.1539,0.005632
2026-09-15 14:37:39,SPX,7584.0,7633.4,7350.0,30,911,0.2645,0.005632
2026-09-15 14:37:39,SPX,7584.0,7633.4,7820.0,319,16,0.1557,0.005632
2026-09-15 14:37:39,SPX,7584.0,7633.4,7345.0,0,113,0.267,0.005632
2026-09-15 14:37:39,SPX,7584.0,7633.4,7825.0,716,61,0.1576,0.005632
2026-09-15 14:37:39,SPX,7584.0,7633.4,7340.0,0,283,0.2694,0.005632
2026-09-15 14:37:39,SPX,7584.0,7633.4,7830.0,485,3,0.1597,0.005632
2026-09-15 14:37:39,SPX,7584.0,7633.4,7335.0,0,241,0.272,0.005632
2026-09-15 15:08:04,SPX,7584.93,7634.88,7585.0,219,1148,0.1204,9.9e-05
2026-09-15 15:08:04,SPX,7584.93,7634.88,7580.0,182,3113,0.1249,9.9e-05
2026-09-15 15:08:04,SPX,7584.93,7634.88,7590.0,318,1495,0.1208,9.9e-05
2026-09-15 15:08:04,SPX,7584.93,7634.88,7575.0,142,2632,0.1329,9.9e-05
2026-09-15 15:08:04,SPX,7584.93,7634.88,7595.0,347,3640,0.1245,9.9e-05
2026-09-15 15:08:04,SPX,7584.93,7634.88,7570.0,175,1632,0.1449,9.9e-05
2026-09-15 15:08:04,SPX,7584.93,7634.88,7600.0,1628,4377,0.132,9.9e-05
2026-09-15 15:08:04,SPX,7584.93,7634.88,7565.0,688,1156,0.16,9.9e-05
2026-09-15 15:08:04,SPX,7584.93,7634.88,7605.0,369,727,0.1403,9.9e-05
2026-09-15 15:08:04,SPX,7584.93,7634.88,7560.0,655,1715,0.1778,9.9e-05
2026-09-15 15:08:04,SPX,7584.93,7634.88,7610.0,407,1239,0.1559,9.9e-05
2026-09-15 15:08:04,SPX,7584.93,7634.88,7555.0,160,910,0.1981,9.9e-05
2026-09-15 15:08:04,SPX,7584.93,7634.88,7615.0,397,2534,0.1673,9.9e-05
2026-09-15 15:08:04,SPX,7584.93,7634.88,7550.0,117,4119,0.2178,9.9e-05
2026-09-15 15:08:04,SPX,7584.93,7634.88,7620.0,1077,2661,0.1836,9.9e-05
2026-09-15 15:08:04,SPX,7584.93,7634.88,7545.0,22,976,0.2349,9.9e-05
2026-09-15 15:08:04,SPX,7584.93,7634.88,7625.0,1051,2203,0.2014,9.9e-05
2026-09-15 15:08:04,SPX,7584.93,7634.88,7540.0,68,1297,0.2526,9.9e-05
2026-09-15 15:08:04,SPX,7584.93,7634.88,7630.0,1307,1454,0.218,9.9e-05
2026-09-15 15:08:04,SPX,7584.93,7634.88,7535.0,59,1994,0.2729,9.9e-05
2026-09-15 15:08:04,SPX,7584.93,7634.88,7635.0,949,911,0.2357,9.9e-05
2026-09-15 15:08:04,SPX,7584.93,7634.88,7530.0,60,3712,0.2947,9.9e-05
2026-09-15 15:08:04,SPX,7584.93,7634.88,7640.0,1221,774,0.255,9.9e-05
2026-09-15 15:08:04,SPX,7584.93,7634.88,7525.0,131,2949,0.3177,9.9e-05
2026-09-15 15:08:04,SPX,7584.93,7634.88,7645.0,905,360,0.2744,9.9e-05
2026-09-15 15:08:04,SPX,7584.93,7634.88,7520.0,64,2119,0.3416,9.9e-05
2026-09-15 15:08:04,SPX,7584.93,7634.88,7650.0,2860,2876,0.2934,9.9e-05
2026-09-15 15:08:04,SPX,7584.93,7634.88,7515.0,33,1288,0.3657,9.9e-05
2026-09-15 15:08:04,SPX,7584.93,7634.88,7655.0,1499,374,0.3124,9.9e-05
2026-09-15 15:08:04,SPX,7584.93,7634.88,7510.0,37,2084,0.3888,9.9e-05
2026-09-15 15:08:04,SPX,7584.93,7634.88,7660.0,3439,498,0.3299,9.9e-05
2026-09-15 15:08:04,SPX,7584.93,7634.88,7505.0,12,2186,0.4105,9.9e-05
2026-09-15 15:08:04,SPX,7584.93,7634.88,7665.0,2015,485,0.3458,9.9e-05
2026-09-15 15:08:04,SPX,7584.93,7634.88,7500.0,70,6429,0.4305,9.9e-05
2026-09-15 15:08:04,SPX,7584.93,7634.88,7670.0,2107,659,0.3602,9.9e-05
2026-09-15 15:08:04,SPX,7584.93,7634.88,7495.0,3,2086,0.4492,9.9e-05
2026-09-15 15:08:04,SPX,7584.93,7634.88,7675.0,4786,1606,0.373,9.9e-05
2026-09-15 15:08:04,SPX,7584.93,7634.88,7490.0,22,1425,0.4668,9.9e-05
2026-09-15 15:08:04,SPX,7584.93,7634.88,7680.0,3240,555,0.3838,9.9e-05
2026-09-15 15:08:04,SPX,7584.93,7634.88,7485.0,2,2340,0.4832,9.9e-05
2026-09-15 15:08:04,SPX,7584.93,7634.88,7685.0,2362,813,0.3931,9.9e-05
2026-09-15 15:08:04,SPX,7584.93,7634.88,7480.0,16,1328,0.4983,9.9e-05
2026-09-15 15:08:04,SPX,7584.93,7634.88,7690.0,1579,427,0.4008,9.9e-05
2026-09-15 15:08:04,SPX,7584.93,7634.88,7475.0,7,2599,0.5119,9.9e-05
2026-09-15 15:08:04,SPX,7584.93,7634.88,7695.0,2022,164,0.4064,9.9e-05
2026-09-15 15:08:04,SPX,7584.93,7634.88,7470.0,2,769,0.5239,9.9e-05
2026-09-15 15:08:04,SPX,7584.93,7634.88,7700.0,4610,864,0.4107,9.9e-05
2026-09-15 15:08:04,SPX,7584.93,7634.88,7465.0,0,3434,0.5345,9.9e-05
2026-09-15 15:08:04,SPX,7584.93,7634.88,7705.0,1433,446,0.4141,9.9e-05
2026-09-15 15:08:04,SPX,7584.93,7634.88,7460.0,10,1810,0.5437,9.9e-05
2026-09-15 15:08:04,SPX,7584.93,7634.88,7710.0,2583,749,0.4165,9.9e-05
2026-09-15 15:08:04,SPX,7584.93,7634.88,7455.0,14,427,0.5515,9.9e-05
2026-09-15 15:08:04,SPX,7584.93,7634.88,7715.0,2171,175,0.4182,9.9e-05
2026-09-15 15:08:04,SPX,7584.93,7634.88,7450.0,12,4782,0.5576,9.9e-05
2026-09-15 15:08:04,SPX,7584.93,7634.88,7720.0,1689,343,0.4193,9.9e-05
2026-09-15 15:08:04,SPX,7584.93,7634.88,7445.0,2,568,0.5623,9.9e-05
2026-09-15 15:08:04,SPX,7584.93,7634.88,7725.0,7849,224,0.4199,9.9e-05
2026-09-15 15:08:04,SPX,7584.93,7634.88,7440.0,34,1197,0.5671,9.9e-05
2026-09-15 15:08:04,SPX,7584.93,7634.88,7730.0,1070,245,0.4201,9.9e-05
2026-09-15 15:08:04,SPX,7584.93,7634.88,7435.0,0,3101,0.5709,9.9e-05
2026-09-15 15:08:04,SPX,7584.93,7634.88,7735.0,1377,59,0.4199,9.9e-05
2026-09-15 15:08:04,SPX,7584.93,7634.88,7430.0,4,1433,0.5736,9.9e-05
2026-09-15 15:08:04,SPX,7584.93,7634.88,7740.0,974,87,0.4194,9.9e-05
2026-09-15 15:08:04,SPX,7584.93,7634.88,7425.0,10,3151,0.5753,9.9e-05
2026-09-15 15:08:04,SPX,7584.93,7634.88,7745.0,1326,79,0.4187,9.9e-05
2026-09-15 15:08:04,SPX,7584.93,7634.88,7420.0,3,828,0.5797,9.9e-05
2026-09-15 15:08:04,SPX,7584.93,7634.88,7750.0,2400,819,0.4179,9.9e-05
2026-09-15 15:08:04,SPX,7584.93,7634.88,7415.0,0,511,0.5842,9.9e-05
2026-09-15 15:08:04,SPX,7584.93,7634.88,7755.0,652,51,0.4168,9.9e-05
2026-09-15 15:08:04,SPX,7584.93,7634.88,7410.0,32,660,0.5887,9.9e-05
2026-09-15 15:08:04,SPX,7584.93,7634.88,7760.0,749,62,0.4156,9.9e-05
2026-09-15 15:08:04,SPX,7584.93,7634.88,7405.0,0,268,0.5934,9.9e-05
2026-09-15 15:08:04,SPX,7584.93,7634.88,7765.0,813,22,0.4143,9.9e-05
2026-09-15 15:08:04,SPX,7584.93,7634.88,7400.0,14,3697,0.5981,9.9e-05
2026-09-15 15:08:04,SPX,7584.93,7634.88,7770.0,937,43,0.4128,9.9e-05
2026-09-15 15:08:04,SPX,7584.93,7634.88,7395.0,0,298,0.5988,9.9e-05
2026-09-15 15:08:04,SPX,7584.93,7634.88,7775.0,1187,25,0.4101,9.9e-05
2026-09-15 15:08:04,SPX,7584.93,7634.88,7390.0,1,488,0.6032,9.9e-05
2026-09-15 15:08:04,SPX,7584.93,7634.88,7780.0,1310,129,0.4084,9.9e-05
2026-09-15 15:08:04,SPX,7584.93,7634.88,7385.0,0,1903,0.6072,9.9e-05
2026-09-15 15:08:04,SPX,7584.93,7634.88,7785.0,4397,26,0.4066,9.9e-05
2026-09-15 15:08:04,SPX,7584.93,7634.88,7380.0,2,2659,0.6105,9.9e-05
2026-09-15 15:08:04,SPX,7584.93,7634.88,7790.0,1945,83,0.4048,9.9e-05
2026-09-15 15:08:04,SPX,7584.93,7634.88,7375.0,22,575,0.613,9.9e-05
2026-09-15 15:08:04,SPX,7584.93,7634.88,7795.0,398,1,0.4034,9.9e-05
2026-09-15 15:08:04,SPX,7584.93,7634.88,7370.0,1,1752,0.6147,9.9e-05
2026-09-15 15:08:04,SPX,7584.93,7634.88,7800.0,2963,70,0.4021,9.9e-05
2026-09-15 15:08:04,SPX,7584.93,7634.88,7365.0,10,4516,0.6153,9.9e-05
2026-09-15 15:08:04,SPX,7584.93,7634.88,7805.0,836,9,0.4008,9.9e-05
2026-09-15 15:08:04,SPX,7584.93,7634.88,7360.0,26,625,0.6152,9.9e-05
2026-09-15 15:08:04,SPX,7584.93,7634.88,7810.0,1015,7,0.3994,9.9e-05
2026-09-15 15:08:04,SPX,7584.93,7634.88,7355.0,0,285,0.6141,9.9e-05
2026-09-15 15:08:04,SPX,7584.93,7634.88,7815.0,559,3,0.3981,9.9e-05
2026-09-15 15:08:04,SPX,7584.93,7634.88,7350.0,14,4506,0.6138,9.9e-05
2026-09-15 15:08:04,SPX,7584.93,7634.88,7820.0,731,19,0.3968,9.9e-05
2026-09-15 15:08:04,SPX,7584.93,7634.88,7345.0,0,186,0.6131,9.9e-05
2026-09-15 15:08:04,SPX,7584.93,7634.88,7825.0,2294,50,0.3954,9.9e-05
2026-09-15 15:08:04,SPX,7584.93,7634.88,7340.0,3,752,0.6118,9.9e-05
2026-09-15 15:08:04,SPX,7584.93,7634.88,7830.0,1760,3,0.3941,9.9e-05
2026-09-15 15:08:04,SPX,7584.93,7634.88,7335.0,0,228,0.61,9.9e-05
2026-09-15 15:08:04,SPX,7584.93,7634.88,7585.0,138,528,0.1928,0.002837
2026-09-15 15:08:04,SPX,7584.93,7634.88,7580.0,99,709,0.1949,0.002837
2026-09-15 15:08:04,SPX,7584.93,7634.88,7590.0,105,464,0.1917,0.002837
2026-09-15 15:08:04,SPX,7584.93,7634.88,7575.0,74,685,0.1959,0.002837
2026-09-15 15:08:04,SPX,7584.93,7634.88,7595.0,109,539,0.1898,0.002837
2026-09-15 15:08:04,SPX,7584.93,7634.88,7570.0,48,829,0.1976,0.002837
2026-09-15 15:08:04,SPX,7584.93,7634.88,7600.0,708,2728,0.1883,0.002837
2026-09-15 15:08:04,SPX,7584.93,7634.88,7565.0,17,272,0.1987,0.002837
2026-09-15 15:08:04,SPX,7584.93,7634.88,7605.0,181,231,0.1866,0.002837
2026-09-15 15:08:04,SPX,7584.93,7634.88,7560.0,49,506,0.2004,0.002837
2026-09-15 15:08:04,SPX,7584.93,7634.88,7610.0,120,528,0.1854,0.002837
2026-09-15 15:08:04,SPX,7584.93,7634.88,7555.0,51,301,0.2018,0.002837
2026-09-15 15:08:04,SPX,7584.93,7634.88,7615.0,179,188,0.1842,0.002837
2026-09-15 15:08:04,SPX,7584.93,7634.88,7550.0,91,1255,0.2027,0.002837
2026-09-15 15:08:04,SPX,7584.93,7634.88,7620.0,221,316,0.1827,0.002837
2026-09-15 15:08:04,SPX,7584.93,7634.88,7545.0,13,400,0.2042,0.002837
2026-09-15 15:08:04,SPX,7584.93,7634.88,7625.0,219,3446,0.181,0.002837
2026-09-15 15:08:04,SPX,7584.93,7634.88,7540.0,38,700,0.2058,0.002837
2026-09-15 15:08:04,SPX,7584.93,7634.88,7630.0,316,396,0.1793,0.002837
2026-09-15 15:08:04,SPX,7584.93,7634.88,7535.0,30,338,0.2072,0.002837
2026-09-15 15:08:04,SPX,7584.93,7634.88,7635.0,246,549,0.1775,0.002837
2026-09-15 15:08:04,SPX,7584.93,7634.88,7530.0,27,446,0.2083,0.002837
2026-09-15 15:08:04,SPX,7584.93,7634.88,7640.0,297,292,0.1756,0.002837
2026-09-15 15:08:04,SPX,7584.93,7634.88,7525.0,24,2555,0.21,0.002837
2026-09-15 15:08:04,SPX,7584.93,7634.88,7645.0,166,464,0.1738,0.002837
2026-09-15 15:08:04,SPX,7584.93,7634.88,7520.0,37,1073,0.2113,0.002837
2026-09-15 15:08:04,SPX,7584.93,7634.88,7650.0,4112,4427,0.1722,0.002837
2026-09-15 15:08:04,SPX,7584.93,7634.88,7515.0,43,329,0.2126,0.002837
2026-09-15 15:08:04,SPX,7584.93,7634.88,7655.0,166,786,0.1707,0.002837
2026-09-15 15:08:04,SPX,7584.93,7634.88,7510.0,51,518,0.2147,0.002837
2026-09-15 15:08:04,SPX,7584.93,7634.88,7660.0,415,261,0.1694,0.002837
2026-09-15 15:08:04,SPX,7584.93,7634.88,7505.0,39,354,0.2157,0.002837
2026-09-15 15:08:04,SPX,7584.93,7634.88,7665.0,242,282,0.168,0.002837
2026-09-15 15:08:04,SPX,7584.93,7634.88,7500.0,39,2795,0.2172,0.002837
2026-09-15 15:08:04,SPX,7584.93,7634.88,7670.0,476,497,0.1665,0.002837
2026-09-15 15:08:04,SPX,7584.93,7634.88,7495.0,0,249,0.219,0.002837
2026-09-15 15:08:04,SPX,7584.93,7634.88,7675.0,3673,996,0.165,0.002837
2026-09-15 15:08:04,SPX,7584.93,7634.88,7490.0,0,396,0.2207,0.002837
2026-09-15 15:08:04,SPX,7584.93,7634.88,7680.0,696,901,0.1633,0.002837
2026-09-15 15:08:04,SPX,7584.93,7634.88,7485.0,2,229,0.2223,0.002837
2026-09-15 15:08:04,SPX,7584.93,7634.88,7685.0,1005,237,0.1615,0.002837
2026-09-15 15:08:04,SPX,7584.93,7634.88,7480.0,7,493,0.2243,0.002837
2026-09-15 15:08:04,SPX,7584.93,7634.88,7690.0,493,125,0.1599,0.002837
2026-09-15 15:08:04,SPX,7584.93,7634.88,7475.0,25,1133,0.226,0.002837
2026-09-15 15:08:04,SPX,7584.93,7634.88,7695.0,392,112,0.1583,0.002837
2026-09-15 15:08:04,SPX,7584.93,7634.88,7470.0,26,856,0.2275,0.002837
2026-09-15 15:08:04,SPX,7584.93,7634.88,7700.0,1586,807,0.1569,0.002837
2026-09-15 15:08:04,SPX,7584.93,7634.88,7465.0,0,510,0.2295,0.002837
2026-09-15 15:08:04,SPX,7584.93,7634.88,7705.0,458,2049,0.1558,0.002837
2026-09-15 15:08:04,SPX,7584.93,7634.88,7460.0,25,536,0.2315,0.002837
2026-09-15 15:08:04,SPX,7584.93,7634.88,7710.0,938,121,0.155,0.002837
2026-09-15 15:08:04,SPX,7584.93,7634.88,7455.0,1,219,0.2333,0.002837
2026-09-15 15:08:04,SPX,7584.93,7634.88,7715.0,439,1316,0.1546,0.002837
2026-09-15 15:08:04,SPX,7584.93,7634.88,7450.0,4,963,0.2351,0.002837
2026-09-15 15:08:04,SPX,7584.93,7634.88,7720.0,456,60,0.1546,0.002837
2026-09-15 15:08:04,SPX,7584.93,7634.88,7445.0,0,190,0.2368,0.002837
2026-09-15 15:08:04,SPX,7584.93,7634.88,7725.0,1340,110,0.1549,0.002837
2026-09-15 15:08:04,SPX,7584.93,7634.88,7440.0,3,235,0.2386,0.002837
2026-09-15 15:08:04,SPX,7584.93,7634.88,7730.0,2856,2056,0.1553,0.002837
2026-09-15 15:08:04,SPX,7584.93,7634.88,7435.0,3,170,0.2406,0.002837
2026-09-15 15:08:04,SPX,7584.93,7634.88,7735.0,662,23,0.1559,0.002837
2026-09-15 15:08:04,SPX,7584.93,7634.88,7430.0,3,207,0.2429,0.002837
2026-09-15 15:08:04,SPX,7584.93,7634.88,7740.0,2013,1352,0.1571,0.002837
2026-09-15 15:08:04,SPX,7584.93,7634.88,7425.0,9,413,0.2454,0.002837
2026-09-15 15:08:04,SPX,7584.93,7634.88,7745.0,733,146,0.1586,0.002837
2026-09-15 15:08:04,SPX,7584.93,7634.88,7420.0,1,743,0.2482,0.002837
2026-09-15 15:08:04,SPX,7584.93,7634.88,7750.0,1605,299,0.1603,0.002837
2026-09-15 15:08:04,SPX,7584.93,7634.88,7415.0,1,1153,0.2511,0.002837
2026-09-15 15:08:04,SPX,7584.93,7634.88,7755.0,2979,33,0.1625,0.002837
2026-09-15 15:08:04,SPX,7584.93,7634.88,7410.0,1,414,0.2541,0.002837
2026-09-15 15:08:04,SPX,7584.93,7634.88,7760.0,502,60,0.165,0.002837
2026-09-15 15:08:04,SPX,7584.93,7634.88,7405.0,5,328,0.2572,0.002837
2026-09-15 15:08:04,SPX,7584.93,7634.88,7765.0,1830,27,0.1681,0.002837
2026-09-15 15:08:04,SPX,7584.93,7634.88,7400.0,56,2707,0.2603,0.002837
2026-09-15 15:08:04,SPX,7584.93,7634.88,7770.0,1017,30,0.1717,0.002837
2026-09-15 15:08:04,SPX,7584.93,7634.88,7395.0,0,1474,0.2636,0.002837
2026-09-15 15:08:04,SPX,7584.93,7634.88,7775.0,1252,62,0.1757,0.002837
2026-09-15 15:08:04,SPX,7584.93,7634.88,7390.0,30,6437,0.267,0.002837
2026-09-15 15:08:04,SPX,7584.93,7634.88,7780.0,954,32,0.1799,0.002837
2026-09-15 15:08:04,SPX,7584.93,7634.88,7385.0,1,253,0.2704,0.002837
2026-09-15 15:08:04,SPX,7584.93,7634.88,7785.0,381,280,0.1841,0.002837
2026-09-15 15:08:04,SPX,7584.93,7634.88,7380.0,1,6484,0.2739,0.002837
2026-09-15 15:08:04,SPX,7584.93,7634.88,7790.0,3000,24,0.1882,0.002837
2026-09-15 15:08:04,SPX,7584.93,7634.88,7375.0,0,499,0.2774,0.002837
2026-09-15 15:08:04,SPX,7584.93,7634.88,7795.0,380,13,0.192,0.002837
2026-09-15 15:08:04,SPX,7584.93,7634.88,7370.0,24,209,0.281,0.002837
2026-09-15 15:08:04,SPX,7584.93,7634.88,7800.0,2907,50,0.1955,0.002837
2026-09-15 15:08:04,SPX,7584.93,7634.88,7365.0,0,311,0.2846,0.002837
2026-09-15 15:08:04,SPX,7584.93,7634.88,7805.0,1757,2,0.1985,0.002837
2026-09-15 15:08:04,SPX,7584.93,7634.88,7360.0,2,445,0.2882,0.002837
2026-09-15 15:08:04,SPX,7584.93,7634.88,7810.0,529,32,0.2012,0.002837
2026-09-15 15:08:04,SPX,7584.93,7634.88,7355.0,0,177,0.2919,0.002837
2026-09-15 15:08:04,SPX,7584.93,7634.88,7815.0,461,4,0.2034,0.002837
2026-09-15 15:08:04,SPX,7584.93,7634.88,7350.0,1,1518,0.2956,0.002837
2026-09-15 15:08:04,SPX,7584.93,7634.88,7820.0,1308,62,0.2051,0.002837
2026-09-15 15:08:04,SPX,7584.93,7634.88,7345.0,0,36,0.2994,0.002837
2026-09-15 15:08:04,SPX,7584.93,7634.88,7825.0,1101,42,0.2063,0.002837
2026-09-15 15:08:04,SPX,7584.93,7634.88,7340.0,1,237,0.3032,0.002837
2026-09-15 15:08:04,SPX,7584.93,7634.88,7830.0,592,128,0.2071,0.002837
2026-09-15 15:08:04,SPX,7584.93,7634.88,7335.0,0,2528,0.3071,0.002837
2026-09-15 15:08:04,SPX,7584.93,7634.88,7585.0,56,235,0.1818,0.005574
2026-09-15 15:08:04,SPX,7584.93,7634.88,7580.0,220,604,0.1835,0.005574
2026-09-15 15:08:04,SPX,7584.93,7634.88,7590.0,77,210,0.1801,0.005574
2026-09-15 15:08:04,SPX,7584.93,7634.88,7575.0,67,350,0.1854,0.005574
2026-09-15 15:08:04,SPX,7584.93,7634.88,7595.0,129,389,0.1784,0.005574
2026-09-15 15:08:04,SPX,7584.93,7634.88,7570.0,88,153,0.1863,0.005574
2026-09-15 15:08:04,SPX,7584.93,7634.88,7600.0,169,1835,0.1778,0.005574
2026-09-15 15:08:04,SPX,7584.93,7634.88,7565.0,76,116,0.1878,0.005574
2026-09-15 15:08:04,SPX,7584.93,7634.88,7605.0,174,143,0.176,0.005574
2026-09-15 15:08:04,SPX,7584.93,7634.88,7560.0,59,278,0.189,0.005574
2026-09-15 15:08:04,SPX,7584.93,7634.88,7610.0,133,353,0.1744,0.005574
2026-09-15 15:08:04,SPX,7584.93,7634.88,7555.0,50,195,0.1902,0.005574
2026-09-15 15:08:04,SPX,7584.93,7634.88,7615.0,144,109,0.1727,0.005574
2026-09-15 15:08:04,SPX,7584.93,7634.88,7550.0,81,474,0.1915,0.005574
2026-09-15 15:08:04,SPX,7584.93,7634.88,7620.0,125,190,0.1711,0.005574
2026-09-15 15:08:04,SPX,7584.93,7634.88,7545.0,74,134,0.193,0.005574
2026-09-15 15:08:04,SPX,7584.93,7634.88,7625.0,190,625,0.1699,0.005574
2026-09-15 15:08:04,SPX,7584.93,7634.88,7540.0,20,581,0.1944,0.005574
2026-09-15 15:08:04,SPX,7584.93,7634.88,7630.0,152,296,0.1684,0.005574
2026-09-15 15:08:04,SPX,7584.93,7634.88,7535.0,12,248,0.1958,0.005574
2026-09-15 15:08:04,SPX,7584.93,7634.88,7635.0,132,172,0.1671,0.005574
2026-09-15 15:08:04,SPX,7584.93,7634.88,7530.0,13,266,0.1973,0.005574
2026-09-15 15:08:04,SPX,7584.93,7634.88,7640.0,105,218,0.1659,0.005574
2026-09-15 15:08:04,SPX,7584.93,7634.88,7525.0,31,444,0.1991,0.005574
2026-09-15 15:08:04,SPX,7584.93,7634.88,7645.0,179,150,0.1647,0.005574
2026-09-15 15:08:04,SPX,7584.93,7634.88,7520.0,3,290,0.2008,0.005574
2026-09-15 15:08:04,SPX,7584.93,7634.88,7650.0,289,3384,0.1634,0.005574
2026-09-15 15:08:04,SPX,7584.93,7634.88,7515.0,9,179,0.2025,0.005574
2026-09-15 15:08:04,SPX,7584.93,7634.88,7655.0,261,193,0.1618,0.005574
2026-09-15 15:08:04,SPX,7584.93,7634.88,7510.0,55,274,0.2042,0.005574
2026-09-15 15:08:04,SPX,7584.93,7634.88,7660.0,410,256,0.1602,0.005574
2026-09-15 15:08:04,SPX,7584.93,7634.88,7505.0,21,120,0.2057,0.005574
2026-09-15 15:08:04,SPX,7584.93,7634.88,7665.0,144,136,0.1586,0.005574
2026-09-15 15:08:04,SPX,7584.93,7634.88,7500.0,76,1593,0.207,0.005574
2026-09-15 15:08:04,SPX,7584.93,7634.88,7670.0,822,544,0.157,0.005574
2026-09-15 15:08:04,SPX,7584.93,7634.88,7495.0,4,96,0.2082,0.005574
2026-09-15 15:08:04,SPX,7584.93,7634.88,7675.0,3893,3939,0.1555,0.005574
2026-09-15 15:08:04,SPX,7584.93,7634.88,7490.0,4,291,0.2095,0.005574
2026-09-15 15:08:04,SPX,7584.93,7634.88,7680.0,658,171,0.1541,0.005574
2026-09-15 15:08:04,SPX,7584.93,7634.88,7485.0,0,122,0.211,0.005574
2026-09-15 15:08:04,SPX,7584.93,7634.88,7685.0,147,65,0.1529,0.005574
2026-09-15 15:08:04,SPX,7584.93,7634.88,7480.0,32,239,0.2125,0.005574
2026-09-15 15:08:04,SPX,7584.93,7634.88,7690.0,492,304,0.1518,0.005574
2026-09-15 15:08:04,SPX,7584.93,7634.88,7475.0,4,257,0.214,0.005574
2026-09-15 15:08:04,SPX,7584.93,7634.88,7695.0,191,205,0.1509,0.005574
2026-09-15 15:08:04,SPX,7584.93,7634.88,7470.0,31,706,0.2157,0.005574
2026-09-15 15:08:04,SPX,7584.93,7634.88,7700.0,3694,295,0.1499,0.005574
2026-09-15 15:08:04,SPX,7584.93,7634.88,7465.0,3,62,0.2174,0.005574
2026-09-15 15:08:04,SPX,7584.93,7634.88,7705.0,530,158,0.1491,0.005574
2026-09-15 15:08:04,SPX,7584.93,7634.88,7460.0,1,471,0.2192,0.005574
2026-09-15 15:08:04,SPX,7584.93,7634.88,7710.0,321,137,0.1482,0.005574
2026-09-15 15:08:04,SPX,7584.93,7634.88,7455.0,0,119,0.2209,0.005574
2026-09-15 15:08:04,SPX,7584.93,7634.88,7715.0,217,167,0.1473,0.005574
2026-09-15 15:08:04,SPX,7584.93,7634.88,7450.0,36,2980,0.2227,0.005574
2026-09-15 15:08:04,SPX,7584.93,7634.88,7720.0,290,119,0.1464,0.005574
2026-09-15 15:08:04,SPX,7584.93,7634.88,7445.0,0,135,0.2245,0.005574
2026-09-15 15:08:04,SPX,7584.93,7634.88,7725.0,881,155,0.1455,0.005574
2026-09-15 15:08:04,SPX,7584.93,7634.88,7440.0,7,483,0.2263,0.005574
2026-09-15 15:08:04,SPX,7584.93,7634.88,7730.0,496,116,0.1447,0.005574
2026-09-15 15:08:04,SPX,7584.93,7634.88,7435.0,0,112,0.228,0.005574
2026-09-15 15:08:04,SPX,7584.93,7634.88,7735.0,474,36,0.1439,0.005574
2026-09-15 15:08:04,SPX,7584.93,7634.88,7430.0,2,261,0.2298,0.005574
2026-09-15 15:08:04,SPX,7584.93,7634.88,7740.0,601,119,0.1432,0.005574
2026-09-15 15:08:04,SPX,7584.93,7634.88,7425.0,0,1625,0.2315,0.005574
2026-09-15 15:08:04,SPX,7584.93,7634.88,7745.0,306,28,0.1426,0.005574
2026-09-15 15:08:04,SPX,7584.93,7634.88,7420.0,26,1343,0.2333,0.005574
2026-09-15 15:08:04,SPX,7584.93,7634.88,7750.0,990,167,0.1422,0.005574
2026-09-15 15:08:04,SPX,7584.93,7634.88,7415.0,0,135,0.235,0.005574
2026-09-15 15:08:04,SPX,7584.93,7634.88,7755.0,247,31,0.1419,0.005574
2026-09-15 15:08:04,SPX,7584.93,7634.88,7410.0,1,167,0.2368,0.005574
2026-09-15 15:08:04,SPX,7584.93,7634.88,7760.0,646,97,0.1418,0.005574
2026-09-15 15:08:04,SPX,7584.93,7634.88,7405.0,0,98,0.2386,0.005574
2026-09-15 15:08:04,SPX,7584.93,7634.88,7765.0,200,43,0.1419,0.005574
2026-09-15 15:08:04,SPX,7584.93,7634.88,7400.0,9,976,0.2405,0.005574
2026-09-15 15:08:04,SPX,7584.93,7634.88,7770.0,1265,63,0.1421,0.005574
2026-09-15 15:08:04,SPX,7584.93,7634.88,7395.0,0,86,0.2423,0.005574
2026-09-15 15:08:04,SPX,7584.93,7634.88,7775.0,861,57,0.1425,0.005574
2026-09-15 15:08:04,SPX,7584.93,7634.88,7390.0,0,296,0.2443,0.005574
2026-09-15 15:08:04,SPX,7584.93,7634.88,7780.0,462,39,0.1431,0.005574
2026-09-15 15:08:04,SPX,7584.93,7634.88,7385.0,1,82,0.2462,0.005574
2026-09-15 15:08:04,SPX,7584.93,7634.88,7785.0,265,9,0.1439,0.005574
2026-09-15 15:08:04,SPX,7584.93,7634.88,7380.0,30,179,0.2482,0.005574
2026-09-15 15:08:04,SPX,7584.93,7634.88,7790.0,349,25,0.1448,0.005574
2026-09-15 15:08:04,SPX,7584.93,7634.88,7375.0,5,243,0.2503,0.005574
2026-09-15 15:08:04,SPX,7584.93,7634.88,7795.0,399,5,0.1459,0.005574
2026-09-15 15:08:04,SPX,7584.93,7634.88,7370.0,30,169,0.2524,0.005574
2026-09-15 15:08:04,SPX,7584.93,7634.88,7800.0,3010,91,0.1472,0.005574
2026-09-15 15:08:04,SPX,7584.93,7634.88,7365.0,0,55,0.2546,0.005574
2026-09-15 15:08:04,SPX,7584.93,7634.88,7805.0,1854,3,0.1486,0.005574
2026-09-15 15:08:04,SPX,7584.93,7634.88,7360.0,3,223,0.2568,0.005574
2026-09-15 15:08:04,SPX,7584.93,7634.88,7810.0,485,4,0.1502,0.005574
2026-09-15 15:08:04,SPX,7584.93,7634.88,7355.0,0,61,0.2591,0.005574
2026-09-15 15:08:04,SPX,7584.93,7634.88,7815.0,405,2,0.1519,0.005574
2026-09-15 15:08:04,SPX,7584.93,7634.88,7350.0,30,911,0.2615,0.005574
2026-09-15 15:08:04,SPX,7584.93,7634.88,7820.0,319,16,0.1538,0.005574
2026-09-15 15:08:04,SPX,7584.93,7634.88,7345.0,0,113,0.2639,0.005574
2026-09-15 15:08:04,SPX,7584.93,7634.88,7825.0,716,61,0.1558,0.005574
2026-09-15 15:08:04,SPX,7584.93,7634.88,7340.0,0,283,0.2663,0.005574
2026-09-15 15:08:04,SPX,7584.93,7634.88,7830.0,485,3,0.1579,0.005574
2026-09-15 15:08:04,SPX,7584.93,7634.88,7335.0,0,241,0.2688,0.005574
2026-09-15 15:38:28,SPX,7579.94,7637.73,7580.0,182,3113,0.1387,4.1e-05
2026-09-15 15:38:28,SPX,7579.94,7637.73,7575.0,142,2632,0.1486,4.1e-05
2026-09-15 15:38:28,SPX,7579.94,7637.73,7585.0,219,1148,0.1373,4.1e-05
2026-09-15 15:38:28,SPX,7579.94,7637.73,7570.0,175,1632,0.1665,4.1e-05
2026-09-15 15:38:28,SPX,7579.94,7637.73,7590.0,318,1495,0.1419,4.1e-05
2026-09-15 15:38:28,SPX,7579.94,7637.73,7565.0,688,1156,0.1907,4.1e-05
2026-09-15 15:38:28,SPX,7579.94,7637.73,7595.0,347,3640,0.1565,4.1e-05
2026-09-15 15:38:28,SPX,7579.94,7637.73,7560.0,655,1715,0.2225,4.1e-05
2026-09-15 15:38:28,SPX,7579.94,7637.73,7600.0,1628,4377,0.1696,4.1e-05
2026-09-15 15:38:28,SPX,7579.94,7637.73,7555.0,160,910,0.15,4.1e-05
2026-09-15 15:38:28,SPX,7579.94,7637.73,7605.0,369,727,0.1909,4.1e-05
2026-09-15 15:38:28,SPX,7579.94,7637.73,7550.0,117,4119,0.15,4.1e-05
2026-09-15 15:38:28,SPX,7579.94,7637.73,7610.0,407,1239,0.15,4.1e-05
2026-09-15 15:38:28,SPX,7579.94,7637.73,7545.0,22,976,0.15,4.1e-05
2026-09-15 15:38:28,SPX,7579.94,7637.73,7615.0,397,0,0.2349,4.1e-05
2026-09-15 15:38:28,SPX,7579.94,7637.73,7630.0,0,1454,0.2687,4.1e-05
2026-09-15 15:38:28,SPX,7579.94,7637.73,7635.0,0,911,0.2863,4.1e-05
2026-09-15 15:38:28,SPX,7579.94,7637.73,7520.0,64,2119,0.4519,4.1e-05
2026-09-15 15:38:28,SPX,7579.94,7637.73,7640.0,1221,774,0.3045,4.1e-05
2026-09-15 15:38:28,SPX,7579.94,7637.73,7515.0,33,1288,0.47,4.1e-05
2026-09-15 15:38:28,SPX,7579.94,7637.73,7645.0,905,360,0.322,4.1e-05
2026-09-15 15:38:28,SPX,7579.94,7637.73,7510.0,37,2084,0.4844,4.1e-05
2026-09-15 15:38:28,SPX,7579.94,7637.73,7650.0,2860,2876,0.3377,4.1e-05
2026-09-15 15:38:28,SPX,7579.94,7637.73,7505.0,12,2186,0.4953,4.1e-05
2026-09-15 15:38:28,SPX,7579.94,7637.73,7655.0,1499,374,0.3519,4.1e-05
2026-09-15 15:38:28,SPX,7579.94,7637.73,7500.0,70,6429,0.5035,4.1e-05
2026-09-15 15:38:28,SPX,7579.94,7637.73,7660.0,3439,498,0.364,4.1e-05
2026-09-15 15:38:28,SPX,7579.94,7637.73,7495.0,3,2086,0.5101,4.1e-05
2026-09-15 15:38:28,SPX,7579.94,7637.73,7665.0,2015,485,0.3741,4.1e-05
2026-09-15 15:38:28,SPX,7579.94,7637.73,7490.0,22,1425,0.5157,4.1e-05
2026-09-15 15:38:28,SPX,7579.94,7637.73,7670.0,2107,659,0.3824,4.1e-05
2026-09-15 15:38:28,SPX,7579.94,7637.73,7485.0,2,2340,0.5206,4.1e-05
2026-09-15 15:38:28,SPX,7579.94,7637.73,7675.0,4786,1606,0.3894,4.1e-05
2026-09-15 15:38:28,SPX,7579.94,7637.73,7480.0,16,1328,0.5249,4.1e-05
2026-09-15 15:38:28,SPX,7579.94,7637.73,7680.0,3240,555,0.3949,4.1e-05
2026-09-15 15:38:28,SPX,7579.94,7637.73,7475.0,7,2599,0.5287,4.1e-05
2026-09-15 15:38:28,SPX,7579.94,7637.73,7685.0,2362,813,0.3993,4.1e-05
2026-09-15 15:38:28,SPX,7579.94,7637.73,7470.0,2,769,0.5318,4.1e-05
2026-09-15 15:38:28,SPX,7579.94,7637.73,7690.0,1579,427,0.4026,4.1e-05
2026-09-15 15:38:28,SPX,7579.94,7637.73,7465.0,0,3434,0.5343,4.1e-05
2026-09-15 15:38:28,SPX,7579.94,7637.73,7695.0,2022,164,0.4047,4.1e-05
2026-09-15 15:38:28,SPX,7579.94,7637.73,7460.0,10,1810,0.536,4.1e-05
2026-09-15 15:38:28,SPX,7579.94,7637.73,7700.0,4610,864,0.4062,4.1e-05
2026-09-15 15:38:28,SPX,7579.94,7637.73,7455.0,14,427,0.5368,4.1e-05
2026-09-15 15:38:28,SPX,7579.94,7637.73,7705.0,1433,446,0.4072,4.1e-05
2026-09-15 15:38:28,SPX,7579.94,7637.73,7450.0,12,4782,0.5366,4.1e-05
2026-09-15 15:38:28,SPX,7579.94,7637.73,7710.0,2583,749,0.4078,4.1e-05
2026-09-15 15:38:28,SPX,7579.94,7637.73,7445.0,2,568,0.5358,4.1e-05
2026-09-15 15:38:28,SPX,7579.94,7637.73,7715.0,2171,175,0.408,4.1e-05
2026-09-15 15:38:28,SPX,7579.94,7637.73,7440.0,34,1197,0.5368,4.1e-05
2026-09-15 15:38:28,SPX,7579.94,7637.73,7720.0,1689,343,0.4079,4.1e-05
2026-09-15 15:38:28,SPX,7579.94,7637.73,7435.0,0,3101,0.5373,4.1e-05
2026-09-15 15:38:28,SPX,7579.94,7637.73,7725.0,7849,224,0.4075,4.1e-05
2026-09-15 15:38:28,SPX,7579.94,7637.73,7430.0,4,1433,0.5372,4.1e-05
2026-09-15 15:38:28,SPX,7579.94,7637.73,7730.0,1070,245,0.4069,4.1e-05
2026-09-15 15:38:28,SPX,7579.94,7637.73,7425.0,10,3151,0.5365,4.1e-05
2026-09-15 15:38:28,SPX,7579.94,7637.73,7735.0,1377,59,0.4062,4.1e-05
2026-09-15 15:38:28,SPX,7579.94,7637.73,7420.0,3,828,0.5395,4.1e-05
2026-09-15 15:38:28,SPX,7579.94,7637.73,7740.0,974,87,0.4052,4.1e-05
2026-09-15 15:38:28,SPX,7579.94,7637.73,7415.0,0,511,0.5426,4.1e-05
2026-09-15 15:38:28,SPX,7579.94,7637.73,7745.0,1326,79,0.4041,4.1e-05
2026-09-15 15:38:28,SPX,7579.94,7637.73,7410.0,32,660,0.546,4.1e-05
2026-09-15 15:38:28,SPX,7579.94,7637.73,7750.0,2400,819,0.4028,4.1e-05
2026-09-15 15:38:28,SPX,7579.94,7637.73,7405.0,0,268,0.5496,4.1e-05
2026-09-15 15:38:28,SPX,7579.94,7637.73,7755.0,652,51,0.4014,4.1e-05
2026-09-15 15:38:28,SPX,7579.94,7637.73,7400.0,14,3697,0.5534,4.1e-05
2026-09-15 15:38:28,SPX,7579.94,7637.73,7760.0,749,62,0.3998,4.1e-05
2026-09-15 15:38:28,SPX,7579.94,7637.73,7395.0,0,298,0.5572,4.1e-05
2026-09-15 15:38:28,SPX,7579.94,7637.73,7765.0,813,22,0.3981,4.1e-05
2026-09-15 15:38:28,SPX,7579.94,7637.73,7390.0,1,488,0.5592,4.1e-05
2026-09-15 15:38:28,SPX,7579.94,7637.73,7770.0,937,43,0.3954,4.1e-05
2026-09-15 15:38:28,SPX,7579.94,7637.73,7385.0,0,1903,0.5628,4.1e-05
2026-09-15 15:38:28,SPX,7579.94,7637.73,7775.0,1187,25,0.3934,4.1e-05
2026-09-15 15:38:28,SPX,7579.94,7637.73,7380.0,2,2659,0.5661,4.1e-05
2026-09-15 15:38:28,SPX,7579.94,7637.73,7780.0,1310,129,0.3913,4.1e-05
2026-09-15 15:38:28,SPX,7579.94,7637.73,7375.0,22,575,0.5688,4.1e-05
2026-09-15 15:38:28,SPX,7579.94,7637.73,7785.0,4397,26,0.389,4.1e-05
2026-09-15 15:38:28,SPX,7579.94,7637.73,7370.0,1,1752,0.5709,4.1e-05
2026-09-15 15:38:28,SPX,7579.94,7637.73,7790.0,1945,83,0.3868,4.1e-05
2026-09-15 15:38:28,SPX,7579.94,7637.73,7365.0,10,4516,0.5724,4.1e-05
2026-09-15 15:38:28,SPX,7579.94,7637.73,7795.0,398,1,0.3858,4.1e-05
2026-09-15 15:38:28,SPX,7579.94,7637.73,7360.0,26,625,0.5734,4.1e-05
2026-09-15 15:38:28,SPX,7579.94,7637.73,7800.0,2963,70,0.3847,4.1e-05
2026-09-15 15:38:28,SPX,7579.94,7637.73,7355.0,0,285,0.5736,4.1e-05
2026-09-15 15:38:28,SPX,7579.94,7637.73,7805.0,836,9,0.3837,4.1e-05
2026-09-15 15:38:28,SPX,7579.94,7637.73,7350.0,14,4506,0.5746,4.1e-05
2026-09-15 15:38:28,SPX,7579.94,7637.73,7810.0,1015,7,0.3826,4.1e-05
2026-09-15 15:38:28,SPX,7579.94,7637.73,7345.0,0,186,0.5755,4.1e-05
2026-09-15 15:38:28,SPX,7579.94,7637.73,7815.0,559,3,0.3815,4.1e-05
2026-09-15 15:38:28,SPX,7579.94,7637.73,7340.0,3,752,0.5759,4.1e-05
2026-09-15 15:38:28,SPX,7579.94,7637.73,7820.0,731,19,0.3804,4.1e-05
2026-09-15 15:38:28,SPX,7579.94,7637.73,7335.0,0,228,0.5757,4.1e-05
2026-09-15 15:38:28,SPX,7579.94,7637.73,7825.0,2294,50,0.3793,4.1e-05
2026-09-15 15:38:28,SPX,7579.94,7637.73,7330.0,1,215,0.575,4.1e-05
2026-09-15 15:38:28,SPX,7579.94,7637.73,7580.0,99,709,0.1933,0.002779
2026-09-15 15:38:28,SPX,7579.94,7637.73,7575.0,74,685,0.15,0.002779
2026-09-15 15:38:28,SPX,7579.94,7637.73,7585.0,138,528,0.15,0.002779
2026-09-15 15:38:28,SPX,7579.94,7637.73,7570.0,48,829,0.15,0.002779
2026-09-15 15:38:28,SPX,7579.94,7637.73,7590.0,105,464,0.15,0.002779
2026-09-15 15:38:28,SPX,7579.94,7637.73,7565.0,17,272,0.15,0.002779
2026-09-15 15:38:28,SPX,7579.94,7637.73,7595.0,109,539,0.189,0.002779
2026-09-15 15:38:28,SPX,7579.94,7637.73,7560.0,49,506,0.1992,0.002779
2026-09-15 15:38:28,SPX,7579.94,7637.73,7600.0,708,2728,0.1875,0.002779
2026-09-15 15:38:28,SPX,7579.94,7637.73,7555.0,51,301,0.2002,0.002779
2026-09-15 15:38:28,SPX,7579.94,7637.73,7605.0,181,0,0.1865,0.002779
2026-09-15 15:38:28,SPX,7579.94,7637.73,7550.0,0,1255,0.2015,0.002779
2026-09-15 15:38:28,SPX,7579.94,7637.73,7615.0,0,188,0.1841,0.002779
2026-09-15 15:38:28,SPX,7579.94,7637.73,7540.0,0,700,0.204,0.002779
2026-09-15 15:38:28,SPX,7579.94,7637.73,7620.0,221,0,0.1826,0.002779
2026-09-15 15:38:28,SPX,7579.94,7637.73,7535.0,0,338,0.2057,0.002779
2026-09-15 15:38:28,SPX,7579.94,7637.73,7625.0,0,3446,0.1808,0.002779
2026-09-15 15:38:28,SPX,7579.94,7637.73,7530.0,27,446,0.2065,0.002779
2026-09-15 15:38:28,SPX,7579.94,7637.73,7630.0,316,396,0.1791,0.002779
2026-09-15 15:38:28,SPX,7579.94,7637.73,7525.0,24,2555,0.2083,0.002779
2026-09-15 15:38:28,SPX,7579.94,7637.73,7635.0,246,549,0.1774,0.002779
2026-09-15 15:38:28,SPX,7579.94,7637.73,7520.0,37,1073,0.2089,0.002779
2026-09-15 15:38:28,SPX,7579.94,7637.73,7640.0,297,292,0.1759,0.002779
2026-09-15 15:38:28,SPX,7579.94,7637.73,7515.0,43,329,0.2109,0.002779
2026-09-15 15:38:28,SPX,7579.94,7637.73,7645.0,166,464,0.1744,0.002779
2026-09-15 15:38:28,SPX,7579.94,7637.73,7510.0,51,518,0.2121,0.002779
2026-09-15 15:38:28,SPX,7579.94,7637.73,7650.0,4112,4427,0.173,0.002779
2026-09-15 15:38:28,SPX,7579.94,7637.73,7505.0,39,354,0.2137,0.002779
2026-09-15 15:38:28,SPX,7579.94,7637.73,7655.0,166,786,0.1716,0.002779
2026-09-15 15:38:28,SPX,7579.94,7637.73,7500.0,39,2795,0.216,0.002779
2026-09-15 15:38:28,SPX,7579.94,7637.73,7660.0,415,261,0.1703,0.002779
2026-09-15 15:38:28,SPX,7579.94,7637.73,7495.0,0,249,0.2176,0.002779
2026-09-15 15:38:28,SPX,7579.94,7637.73,7665.0,242,282,0.1688,0.002779
2026-09-15 15:38:28,SPX,7579.94,7637.73,7490.0,0,396,0.2187,0.002779
2026-09-15 15:38:28,SPX,7579.94,7637.73,7670.0,476,497,0.1672,0.002779
2026-09-15 15:38:28,SPX,7579.94,7637.73,7485.0,2,229,0.2208,0.002779
2026-09-15 15:38:28,SPX,7579.94,7637.73,7675.0,3673,996,0.1656,0.002779
2026-09-15 15:38:28,SPX,7579.94,7637.73,7480.0,7,493,0.2229,0.002779
2026-09-15 15:38:28,SPX,7579.94,7637.73,7680.0,696,901,0.164,0.002779
2026-09-15 15:38:28,SPX,7579.94,7637.73,7475.0,25,1133,0.2242,0.002779
2026-09-15 15:38:28,SPX,7579.94,7637.73,7685.0,1005,237,0.1625,0.002779
2026-09-15 15:38:28,SPX,7579.94,7637.73,7470.0,26,856,0.2254,0.002779
2026-09-15 15:38:28,SPX,7579.94,7637.73,7690.0,493,125,0.1613,0.002779
2026-09-15 15:38:28,SPX,7579.94,7637.73,7465.0,0,510,0.227,0.002779
2026-09-15 15:38:28,SPX,7579.94,7637.73,7695.0,392,112,0.1602,0.002779
2026-09-15 15:38:28,SPX,7579.94,7637.73,7460.0,25,536,0.2288,0.002779
2026-09-15 15:38:28,SPX,7579.94,7637.73,7700.0,1586,807,0.1594,0.002779
2026-09-15 15:38:28,SPX,7579.94,7637.73,7455.0,1,219,0.2305,0.002779
2026-09-15 15:38:28,SPX,7579.94,7637.73,7705.0,458,2049,0.1587,0.002779
2026-09-15 15:38:28,SPX,7579.94,7637.73,7450.0,4,963,0.2324,0.002779
2026-09-15 15:38:28,SPX,7579.94,7637.73,7710.0,938,121,0.1581,0.002779
2026-09-15 15:38:28,SPX,7579.94,7637.73,7445.0,0,190,0.2343,0.002779
2026-09-15 15:38:28,SPX,7579.94,7637.73,7715.0,439,1316,0.1579,0.002779
2026-09-15 15:38:28,SPX,7579.94,7637.73,7440.0,3,235,0.2364,0.002779
2026-09-15 15:38:28,SPX,7579.94,7637.73,7720.0,456,60,0.1579,0.002779
2026-09-15 15:38:28,SPX,7579.94,7637.73,7435.0,3,170,0.2386,0.002779
2026-09-15 15:38:28,SPX,7579.94,7637.73,7725.0,1340,110,0.1582,0.002779
2026-09-15 15:38:28,SPX,7579.94,7637.73,7430.0,3,207,0.2409,0.002779
2026-09-15 15:38:28,SPX,7579.94,7637.73,7730.0,2856,2056,0.1586,0.002779
2026-09-15 15:38:28,SPX,7579.94,7637.73,7425.0,9,413,0.2435,0.002779
2026-09-15 15:38:28,SPX,7579.94,7637.73,7735.0,662,23,0.1593,0.002779
2026-09-15 15:38:28,SPX,7579.94,7637.73,7420.0,1,743,0.2463,0.002779
2026-09-15 15:38:28,SPX,7579.94,7637.73,7740.0,2013,1352,0.1604,0.002779
2026-09-15 15:38:28,SPX,7579.94,7637.73,7415.0,1,1153,0.2493,0.002779
2026-09-15 15:38:28,SPX,7579.94,7637.73,7745.0,733,146,0.1618,0.002779
2026-09-15 15:38:28,SPX,7579.94,7637.73,7410.0,1,414,0.2525,0.002779
2026-09-15 15:38:28,SPX,7579.94,7637.73,7750.0,1605,299,0.1635,0.002779
2026-09-15 15:38:28,SPX,7579.94,7637.73,7405.0,5,328,0.2558,0.002779
2026-09-15 15:38:28,SPX,7579.94,7637.73,7755.0,2979,33,0.1657,0.002779
2026-09-15 15:38:28,SPX,7579.94,7637.73,7400.0,56,2707,0.2592,0.002779
2026-09-15 15:38:28,SPX,7579.94,7637.73,7760.0,502,60,0.1699,0.002779
2026-09-15 15:38:28,SPX,7579.94,7637.73,7395.0,0,1474,0.2626,0.002779
2026-09-15 15:38:28,SPX,7579.94,7637.73,7765.0,1830,27,0.1731,0.002779
2026-09-15 15:38:28,SPX,7579.94,7637.73,7390.0,30,6437,0.266,0.002779
2026-09-15 15:38:28,SPX,7579.94,7637.73,7770.0,1017,30,0.1765,0.002779
2026-09-15 15:38:28,SPX,7579.94,7637.73,7385.0,1,253,0.2695,0.002779
2026-09-15 15:38:28,SPX,7579.94,7637.73,7775.0,1252,62,0.1802,0.002779
2026-09-15 15:38:28,SPX,7579.94,7637.73,7380.0,1,6484,0.2731,0.002779
2026-09-15 15:38:28,SPX,7579.94,7637.73,7780.0,954,32,0.184,0.002779
2026-09-15 15:38:28,SPX,7579.94,7637.73,7375.0,0,499,0.2766,0.002779
2026-09-15 15:38:28,SPX,7579.94,7637.73,7785.0,381,280,0.1878,0.002779
2026-09-15 15:38:28,SPX,7579.94,7637.73,7370.0,24,209,0.2803,0.002779
2026-09-15 15:38:28,SPX,7579.94,7637.73,7790.0,3000,24,0.1913,0.002779
2026-09-15 15:38:28,SPX,7579.94,7637.73,7365.0,0,311,0.284,0.002779
2026-09-15 15:38:28,SPX,7579.94,7637.73,7795.0,380,13,0.1943,0.002779
2026-09-15 15:38:28,SPX,7579.94,7637.73,7360.0,2,445,0.2877,0.002779
2026-09-15 15:38:28,SPX,7579.94,7637.73,7800.0,2907,50,0.1968,0.002779
2026-09-15 15:38:28,SPX,7579.94,7637.73,7355.0,0,177,0.2916,0.002779
2026-09-15 15:38:28,SPX,7579.94,7637.73,7805.0,1757,2,0.1987,0.002779
2026-09-15 15:38:28,SPX,7579.94,7637.73,7350.0,1,1518,0.2954,0.002779
2026-09-15 15:38:28,SPX,7579.94,7637.73,7810.0,529,32,0.2002,0.002779
2026-09-15 15:38:28,SPX,7579.94,7637.73,7345.0,0,36,0.2994,0.002779
2026-09-15 15:38:28,SPX,7579.94,7637.73,7815.0,0,4,0.2011,0.002779
2026-09-15 15:38:28,SPX,7579.94,7637.73,7340.0,1,237,0.3034,0.002779
2026-09-15 15:38:28,SPX,7579.94,7637.73,7820.0,1308,62,0.2015,0.002779
2026-09-15 15:38:28,SPX,7579.94,7637.73,7335.0,0,2528,0.3075,0.002779
2026-09-15 15:38:28,SPX,7579.94,7637.73,7825.0,1101,42,0.2014,0.002779
2026-09-15 15:38:28,SPX,7579.94,7637.73,7330.0,0,118,0.3116,0.002779
2026-09-15 15:38:28,SPX,7579.94,7637.73,7580.0,220,604,0.1831,0.005517
2026-09-15 15:38:28,SPX,7579.94,7637.73,7575.0,67,350,0.1847,0.005517
2026-09-15 15:38:28,SPX,7579.94,7637.73,7585.0,56,235,0.1817,0.005517
2026-09-15 15:38:28,SPX,7579.94,7637.73,7570.0,88,153,0.1858,0.005517
2026-09-15 15:38:28,SPX,7579.94,7637.73,7590.0,77,210,0.1802,0.005517
2026-09-15 15:38:28,SPX,7579.94,7637.73,7565.0,76,116,0.1872,0.005517
2026-09-15 15:38:28,SPX,7579.94,7637.73,7595.0,129,389,0.1787,0.005517
2026-09-15 15:38:28,SPX,7579.94,7637.73,7560.0,59,278,0.1885,0.005517
2026-09-15 15:38:28,SPX,7579.94,7637.73,7600.0,169,1835,0.1774,0.005517
2026-09-15 15:38:28,SPX,7579.94,7637.73,7555.0,50,195,0.1898,0.005517
2026-09-15 15:38:28,SPX,7579.94,7637.73,7605.0,174,143,0.1757,0.005517
2026-09-15 15:38:28,SPX,7579.94,7637.73,7550.0,81,474,0.191,0.005517
2026-09-15 15:38:28,SPX,7579.94,7637.73,7610.0,133,353,0.174,0.005517
2026-09-15 15:38:28,SPX,7579.94,7637.73,7545.0,74,134,0.1922,0.005517
2026-09-15 15:38:28,SPX,7579.94,7637.73,7615.0,144,109,0.1733,0.005517
2026-09-15 15:38:28,SPX,7579.94,7637.73,7540.0,20,581,0.1936,0.005517
2026-09-15 15:38:28,SPX,7579.94,7637.73,7620.0,125,190,0.1715,0.005517
2026-09-15 15:38:28,SPX,7579.94,7637.73,7535.0,12,248,0.195,0.005517
2026-09-15 15:38:28,SPX,7579.94,7637.73,7625.0,190,625,0.1699,0.005517
2026-09-15 15:38:28,SPX,7579.94,7637.73,7530.0,13,266,0.1962,0.005517
2026-09-15 15:38:28,SPX,7579.94,7637.73,7630.0,152,296,0.1686,0.005517
2026-09-15 15:38:28,SPX,7579.94,7637.73,7525.0,31,444,0.1977,0.005517
2026-09-15 15:38:28,SPX,7579.94,7637.73,7635.0,132,172,0.1671,0.005517
2026-09-15 15:38:28,SPX,7579.94,7637.73,7520.0,3,290,0.1994,0.005517
2026-09-15 15:38:28,SPX,7579.94,7637.73,7640.0,105,218,0.1658,0.005517
2026-09-15 15:38:28,SPX,7579.94,7637.73,7515.0,9,179,0.2011,0.005517
2026-09-15 15:38:28,SPX,7579.94,7637.73,7645.0,179,150,0.1647,0.005517
2026-09-15 15:38:28,SPX,7579.94,7637.73,7510.0,55,274,0.2028,0.005517
2026-09-15 15:38:28,SPX,7579.94,7637.73,7650.0,289,3384,0.1636,0.005517
2026-09-15 15:38:28,SPX,7579.94,7637.73,7505.0,21,120,0.2044,0.005517
2026-09-15 15:38:28,SPX,7579.94,7637.73,7655.0,261,193,0.1624,0.005517
2026-09-15 15:38:28,SPX,7579.94,7637.73,7500.0,76,1593,0.2058,0.005517
2026-09-15 15:38:28,SPX,7579.94,7637.73,7660.0,410,256,0.161,0.005517
2026-09-15 15:38:28,SPX,7579.94,7637.73,7495.0,4,96,0.2071,0.005517
2026-09-15 15:38:28,SPX,7579.94,7637.73,7665.0,144,136,0.1597,0.005517
2026-09-15 15:38:28,SPX,7579.94,7637.73,7490.0,4,291,0.2083,0.005517
2026-09-15 15:38:28,SPX,7579.94,7637.73,7670.0,822,544,0.1583,0.005517
2026-09-15 15:38:28,SPX,7579.94,7637.73,7485.0,0,122,0.2097,0.005517
2026-09-15 15:38:28,SPX,7579.94,7637.73,7675.0,3893,3939,0.1568,0.005517
2026-09-15 15:38:28,SPX,7579.94,7637.73,7480.0,32,239,0.2111,0.005517
2026-09-15 15:38:28,SPX,7579.94,7637.73,7680.0,658,171,0.1554,0.005517
2026-09-15 15:38:28,SPX,7579.94,7637.73,7475.0,4,257,0.2126,0.005517
2026-09-15 15:38:28,SPX,7579.94,7637.73,7685.0,147,65,0.1541,0.005517
2026-09-15 15:38:28,SPX,7579.94,7637.73,7470.0,31,706,0.2142,0.005517
2026-09-15 15:38:28,SPX,7579.94,7637.73,7690.0,492,304,0.153,0.005517
2026-09-15 15:38:28,SPX,7579.94,7637.73,7465.0,3,62,0.2159,0.005517
2026-09-15 15:38:28,SPX,7579.94,7637.73,7695.0,191,205,0.1519,0.005517
2026-09-15 15:38:28,SPX,7579.94,7637.73,7460.0,1,471,0.2176,0.005517
2026-09-15 15:38:28,SPX,7579.94,7637.73,7700.0,3694,295,0.151,0.005517
2026-09-15 15:38:28,SPX,7579.94,7637.73,7455.0,0,119,0.2194,0.005517
2026-09-15 15:38:28,SPX,7579.94,7637.73,7705.0,530,158,0.1501,0.005517
2026-09-15 15:38:28,SPX,7579.94,7637.73,7450.0,36,2980,0.2212,0.005517
2026-09-15 15:38:28,SPX,7579.94,7637.73,7710.0,321,137,0.1493,0.005517
2026-09-15 15:38:28,SPX,7579.94,7637.73,7445.0,0,135,0.223,0.005517
2026-09-15 15:38:28,SPX,7579.94,7637.73,7715.0,217,167,0.1485,0.005517
2026-09-15 15:38:28,SPX,7579.94,7637.73,7440.0,7,483,0.2248,0.005517
2026-09-15 15:38:28,SPX,7579.94,7637.73,7720.0,290,119,0.1476,0.005517
2026-09-15 15:38:28,SPX,7579.94,7637.73,7435.0,0,112,0.2266,0.005517
2026-09-15 15:38:28,SPX,7579.94,7637.73,7725.0,881,155,0.1469,0.005517
2026-09-15 15:38:28,SPX,7579.94,7637.73,7430.0,2,261,0.2283,0.005517
2026-09-15 15:38:28,SPX,7579.94,7637.73,7730.0,496,116,0.1461,0.005517
2026-09-15 15:38:28,SPX,7579.94,7637.73,7425.0,0,1625,0.2301,0.005517
2026-09-15 15:38:28,SPX,7579.94,7637.73,7735.0,474,36,0.1454,0.005517
2026-09-15 15:38:28,SPX,7579.94,7637.73,7420.0,26,1343,0.2318,0.005517
2026-09-15 15:38:28,SPX,7579.94,7637.73,7740.0,601,119,0.1447,0.005517
2026-09-15 15:38:28,SPX,7579.94,7637.73,7415.0,0,135,0.2336,0.005517
2026-09-15 15:38:28,SPX,7579.94,7637.73,7745.0,306,28,0.1442,0.005517
2026-09-15 15:38:28,SPX,7579.94,7637.73,7410.0,1,167,0.2353,0.005517
2026-09-15 15:38:28,SPX,7579.94,7637.73,7750.0,990,167,0.1437,0.005517
2026-09-15 15:38:28,SPX,7579.94,7637.73,7405.0,0,98,0.2371,0.005517
2026-09-15 15:38:28,SPX,7579.94,7637.73,7755.0,247,31,0.1434,0.005517
2026-09-15 15:38:28,SPX,7579.94,7637.73,7400.0,9,976,0.239,0.005517
2026-09-15 15:38:28,SPX,7579.94,7637.73,7760.0,646,97,0.1432,0.005517
2026-09-15 15:38:28,SPX,7579.94,7637.73,7395.0,0,86,0.2408,0.005517
2026-09-15 15:38:28,SPX,7579.94,7637.73,7765.0,200,43,0.1433,0.005517
2026-09-15 15:38:28,SPX,7579.94,7637.73,7390.0,0,296,0.2427,0.005517
2026-09-15 15:38:28,SPX,7579.94,7637.73,7770.0,1265,63,0.1435,0.005517
2026-09-15 15:38:28,SPX,7579.94,7637.73,7385.0,1,82,0.2447,0.005517
2026-09-15 15:38:28,SPX,7579.94,7637.73,7775.0,861,57,0.1439,0.005517
2026-09-15 15:38:28,SPX,7579.94,7637.73,7380.0,30,179,0.2467,0.005517
2026-09-15 15:38:28,SPX,7579.94,7637.73,7780.0,462,39,0.1446,0.005517
2026-09-15 15:38:28,SPX,7579.94,7637.73,7375.0,5,243,0.2488,0.005517
2026-09-15 15:38:28,SPX,7579.94,7637.73,7785.0,265,9,0.1454,0.005517
2026-09-15 15:38:28,SPX,7579.94,7637.73,7370.0,30,169,0.2509,0.005517
2026-09-15 15:38:28,SPX,7579.94,7637.73,7790.0,349,25,0.1465,0.005517
2026-09-15 15:38:28,SPX,7579.94,7637.73,7365.0,0,55,0.253,0.005517
2026-09-15 15:38:28,SPX,7579.94,7637.73,7795.0,399,5,0.1477,0.005517
2026-09-15 15:38:28,SPX,7579.94,7637.73,7360.0,3,223,0.2552,0.005517
2026-09-15 15:38:28,SPX,7579.94,7637.73,7800.0,3010,91,0.1491,0.005517
2026-09-15 15:38:28,SPX,7579.94,7637.73,7355.0,0,61,0.2575,0.005517
2026-09-15 15:38:28,SPX,7579.94,7637.73,7805.0,1854,3,0.1508,0.005517
2026-09-15 15:38:28,SPX,7579.94,7637.73,7350.0,30,911,0.2598,0.005517
2026-09-15 15:38:28,SPX,7579.94,7637.73,7810.0,485,4,0.1525,0.005517
2026-09-15 15:38:28,SPX,7579.94,7637.73,7345.0,0,113,0.2622,0.005517
2026-09-15 15:38:28,SPX,7579.94,7637.73,7815.0,405,2,0.1545,0.005517
2026-09-15 15:38:28,SPX,7579.94,7637.73,7340.0,0,283,0.2646,0.005517
2026-09-15 15:38:28,SPX,7579.94,7637.73,7820.0,319,16,0.1565,0.005517
2026-09-15 15:38:28,SPX,7579.94,7637.73,7335.0,0,241,0.2671,0.005517
2026-09-15 15:38:28,SPX,7579.94,7637.73,7825.0,716,61,0.1588,0.005517
2026-09-15 15:38:28,SPX,7579.94,7637.73,7330.0,0,119,0.2696,0.005517
