timestamp,symbol,spot,gflip,strike,oi_call,oi_put,iv,T
2026-09-21 08:49:13,SPX,7650.5,7646.85,7650.0,2820,1523,0.1589,0.000819
2026-09-21 08:49:13,SPX,7650.5,7646.85,7655.0,2475,300,0.1536,0.000819
2026-09-21 08:49:13,SPX,7650.5,7646.85,7645.0,1505,1350,0.1639,0.000819
2026-09-21 08:49:13,SPX,7650.5,7646.85,7660.0,1291,303,0.1482,0.000819
2026-09-21 08:49:13,SPX,7650.5,7646.85,7640.0,1937,1427,0.1725,0.000819
2026-09-21 08:49:13,SPX,7650.5,7646.85,7665.0,1182,173,0.1429,0.000819
2026-09-21 08:49:13,SPX,7650.5,7646.85,7635.0,1159,899,0.1769,0.000819
2026-09-21 08:49:13,SPX,7650.5,7646.85,7670.0,1298,247,0.1374,0.000819
2026-09-21 08:49:13,SPX,7650.5,7646.85,7630.0,996,2074,0.1812,0.000819
2026-09-21 08:49:13,SPX,7650.5,7646.85,7675.0,2246,734,0.1325,0.000819
2026-09-21 08:49:13,SPX,7650.5,7646.85,7625.0,1140,2822,0.1881,0.000819
2026-09-21 08:49:13,SPX,7650.5,7646.85,7680.0,1599,128,0.1276,0.000819
2026-09-21 08:49:13,SPX,7650.5,7646.85,7620.0,438,1881,0.1957,0.000819
2026-09-21 08:49:13,SPX,7650.5,7646.85,7685.0,1983,254,0.1233,0.000819
2026-09-21 08:49:13,SPX,7650.5,7646.85,7615.0,311,1459,0.2034,0.000819
2026-09-21 08:49:13,SPX,7650.5,7646.85,7690.0,1584,356,0.1191,0.000819
2026-09-21 08:49:13,SPX,7650.5,7646.85,7610.0,324,1457,0.2105,0.000819
2026-09-21 08:49:13,SPX,7650.5,7646.85,7695.0,2627,125,0.1161,0.000819
2026-09-21 08:49:13,SPX,7650.5,7646.85,7605.0,269,1198,0.2168,0.000819
2026-09-21 08:49:13,SPX,7650.5,7646.85,7700.0,8600,3999,0.1139,0.000819
2026-09-21 08:49:13,SPX,7650.5,7646.85,7600.0,815,3228,0.2225,0.000819
2026-09-21 08:49:13,SPX,7650.5,7646.85,7705.0,3206,81,0.1127,0.000819
2026-09-21 08:49:13,SPX,7650.5,7646.85,7595.0,162,1148,0.2276,0.000819
2026-09-21 08:49:13,SPX,7650.5,7646.85,7710.0,2696,135,0.1122,0.000819
2026-09-21 08:49:13,SPX,7650.5,7646.85,7590.0,123,1593,0.2324,0.000819
2026-09-21 08:49:13,SPX,7650.5,7646.85,7715.0,2195,204,0.1117,0.000819
2026-09-21 08:49:13,SPX,7650.5,7646.85,7585.0,531,2022,0.2373,0.000819
2026-09-21 08:49:13,SPX,7650.5,7646.85,7720.0,2095,361,0.112,0.000819
2026-09-21 08:49:13,SPX,7650.5,7646.85,7580.0,126,1298,0.2424,0.000819
2026-09-21 08:49:13,SPX,7650.5,7646.85,7725.0,2265,392,0.1137,0.000819
2026-09-21 08:49:13,SPX,7650.5,7646.85,7575.0,959,2486,0.2479,0.000819
2026-09-21 08:49:13,SPX,7650.5,7646.85,7730.0,1321,181,0.1165,0.000819
2026-09-21 08:49:13,SPX,7650.5,7646.85,7570.0,990,1630,0.2536,0.000819
2026-09-21 08:49:13,SPX,7650.5,7646.85,7735.0,1535,196,0.1189,0.000819
2026-09-21 08:49:13,SPX,7650.5,7646.85,7565.0,93,1481,0.2596,0.000819
2026-09-21 08:49:13,SPX,7650.5,7646.85,7740.0,1504,193,0.1211,0.000819
2026-09-21 08:49:13,SPX,7650.5,7646.85,7560.0,244,2038,0.2659,0.000819
2026-09-21 08:49:13,SPX,7650.5,7646.85,7745.0,776,37,0.1235,0.000819
2026-09-21 08:49:13,SPX,7650.5,7646.85,7555.0,68,2289,0.2724,0.000819
2026-09-21 08:49:13,SPX,7650.5,7646.85,7750.0,2528,308,0.1267,0.000819
2026-09-21 08:49:13,SPX,7650.5,7646.85,7550.0,181,3102,0.279,0.000819
2026-09-21 08:49:13,SPX,7650.5,7646.85,7755.0,1505,34,0.1306,0.000819
2026-09-21 08:49:13,SPX,7650.5,7646.85,7545.0,37,1460,0.2858,0.000819
2026-09-21 08:49:13,SPX,7650.5,7646.85,7760.0,2830,95,0.1354,0.000819
2026-09-21 08:49:13,SPX,7650.5,7646.85,7540.0,91,1396,0.2927,0.000819
2026-09-21 08:49:13,SPX,7650.5,7646.85,7765.0,944,38,0.1408,0.000819
2026-09-21 08:49:13,SPX,7650.5,7646.85,7535.0,48,1245,0.2997,0.000819
2026-09-21 08:49:13,SPX,7650.5,7646.85,7770.0,1320,41,0.1469,0.000819
2026-09-21 08:49:13,SPX,7650.5,7646.85,7530.0,64,2076,0.3068,0.000819
2026-09-21 08:49:13,SPX,7650.5,7646.85,7775.0,1679,143,0.1533,0.000819
2026-09-21 08:49:13,SPX,7650.5,7646.85,7525.0,66,3247,0.3138,0.000819
2026-09-21 08:49:13,SPX,7650.5,7646.85,7780.0,903,34,0.16,0.000819
2026-09-21 08:49:13,SPX,7650.5,7646.85,7520.0,38,3803,0.3209,0.000819
2026-09-21 08:49:13,SPX,7650.5,7646.85,7785.0,0,14,0.1666,0.000819
2026-09-21 08:49:13,SPX,7650.5,7646.85,7515.0,42,2080,0.3278,0.000819
2026-09-21 08:49:13,SPX,7650.5,7646.85,7790.0,752,0,0.1732,0.000819
2026-09-21 08:49:13,SPX,7650.5,7646.85,7510.0,24,1634,0.3345,0.000819
2026-09-21 08:49:13,SPX,7650.5,7646.85,7505.0,17,754,0.3409,0.000819
2026-09-21 08:49:13,SPX,7650.5,7646.85,7500.0,39,5088,0.3472,0.000819
2026-09-21 08:49:13,SPX,7650.5,7646.85,7495.0,12,954,0.3532,0.000819
2026-09-21 08:49:13,SPX,7650.5,7646.85,7810.0,609,6,0.196,0.000819
2026-09-21 08:49:13,SPX,7650.5,7646.85,7490.0,21,1598,0.3592,0.000819
2026-09-21 08:49:13,SPX,7650.5,7646.85,7815.0,930,0,0.2005,0.000819
2026-09-21 08:49:13,SPX,7650.5,7646.85,7485.0,6,623,0.3651,0.000819
2026-09-21 08:49:13,SPX,7650.5,7646.85,7820.0,1034,22,0.2046,0.000819
2026-09-21 08:49:13,SPX,7650.5,7646.85,7480.0,10,1795,0.371,0.000819
2026-09-21 08:49:13,SPX,7650.5,7646.85,7825.0,1658,23,0.2081,0.000819
2026-09-21 08:49:13,SPX,7650.5,7646.85,7475.0,94,1195,0.3768,0.000819
2026-09-21 08:49:13,SPX,7650.5,7646.85,7830.0,849,0,0.2111,0.000819
2026-09-21 08:49:13,SPX,7650.5,7646.85,7470.0,11,2153,0.3825,0.000819
2026-09-21 08:49:13,SPX,7650.5,7646.85,7835.0,381,0,0.2136,0.000819
2026-09-21 08:49:13,SPX,7650.5,7646.85,7465.0,2,399,0.3881,0.000819
2026-09-21 08:49:13,SPX,7650.5,7646.85,7840.0,670,3,0.2157,0.000819
2026-09-21 08:49:13,SPX,7650.5,7646.85,7460.0,22,547,0.3935,0.000819
2026-09-21 08:49:13,SPX,7650.5,7646.85,7845.0,369,1,0.2172,0.000819
2026-09-21 08:49:13,SPX,7650.5,7646.85,7455.0,3,2851,0.3986,0.000819
2026-09-21 08:49:13,SPX,7650.5,7646.85,7850.0,2471,18,0.2183,0.000819
2026-09-21 08:49:13,SPX,7650.5,7646.85,7450.0,36,1873,0.4033,0.000819
2026-09-21 08:49:13,SPX,7650.5,7646.85,7855.0,2,0,0.219,0.000819
2026-09-21 08:49:13,SPX,7650.5,7646.85,7445.0,12,1312,0.4077,0.000819
2026-09-21 08:49:13,SPX,7650.5,7646.85,7860.0,1255,105,0.2193,0.000819
2026-09-21 08:49:13,SPX,7650.5,7646.85,7440.0,11,1127,0.4116,0.000819
2026-09-21 08:49:13,SPX,7650.5,7646.85,7865.0,15,0,0.2194,0.000819
2026-09-21 08:49:13,SPX,7650.5,7646.85,7435.0,11,1032,0.415,0.000819
2026-09-21 08:49:13,SPX,7650.5,7646.85,7870.0,692,0,0.2192,0.000819
2026-09-21 08:49:13,SPX,7650.5,7646.85,7430.0,19,6188,0.418,0.000819
2026-09-21 08:49:13,SPX,7650.5,7646.85,7875.0,1297,1,0.2188,0.000819
2026-09-21 08:49:13,SPX,7650.5,7646.85,7425.0,9,2380,0.4207,0.000819
2026-09-21 08:49:13,SPX,7650.5,7646.85,7880.0,2025,6,0.2183,0.000819
2026-09-21 08:49:13,SPX,7650.5,7646.85,7420.0,9,507,0.4231,0.000819
2026-09-21 08:49:13,SPX,7650.5,7646.85,7415.0,5,277,0.4252,0.000819
2026-09-21 08:49:13,SPX,7650.5,7646.85,7890.0,503,22,0.2166,0.000819
2026-09-21 08:49:13,SPX,7650.5,7646.85,7410.0,4,456,0.427,0.000819
2026-09-21 08:49:13,SPX,7650.5,7646.85,7405.0,1,1784,0.4284,0.000819
2026-09-21 08:49:13,SPX,7650.5,7646.85,7900.0,1037,21,0.2145,0.000819
2026-09-21 08:49:13,SPX,7650.5,7646.85,7650.0,5409,535,0.125,0.003557
2026-09-21 08:49:13,SPX,7650.5,7646.85,7655.0,315,98,0.1226,0.003557
2026-09-21 08:49:13,SPX,7650.5,7646.85,7645.0,239,2182,0.1279,0.003557
2026-09-21 08:49:13,SPX,7650.5,7646.85,7660.0,423,292,0.1206,0.003557
2026-09-21 08:49:13,SPX,7650.5,7646.85,7640.0,856,4191,0.1312,0.003557
2026-09-21 08:49:13,SPX,7650.5,7646.85,7665.0,324,89,0.1181,0.003557
2026-09-21 08:49:13,SPX,7650.5,7646.85,7635.0,211,245,0.1344,0.003557
2026-09-21 08:49:13,SPX,7650.5,7646.85,7670.0,2285,138,0.1154,0.003557
2026-09-21 08:49:13,SPX,7650.5,7646.85,7630.0,563,278,0.1375,0.003557
2026-09-21 08:49:13,SPX,7650.5,7646.85,7675.0,5195,825,0.1124,0.003557
2026-09-21 08:49:13,SPX,7650.5,7646.85,7625.0,591,981,0.1407,0.003557
2026-09-21 08:49:13,SPX,7650.5,7646.85,7680.0,688,224,0.1104,0.003557
2026-09-21 08:49:13,SPX,7650.5,7646.85,7620.0,255,2253,0.1434,0.003557
2026-09-21 08:49:13,SPX,7650.5,7646.85,7685.0,598,93,0.1079,0.003557
2026-09-21 08:49:13,SPX,7650.5,7646.85,7615.0,157,4227,0.1458,0.003557
2026-09-21 08:49:13,SPX,7650.5,7646.85,7690.0,748,286,0.1055,0.003557
2026-09-21 08:49:13,SPX,7650.5,7646.85,7610.0,145,363,0.1493,0.003557
2026-09-21 08:49:13,SPX,7650.5,7646.85,7695.0,2376,67,0.1035,0.003557
2026-09-21 08:49:13,SPX,7650.5,7646.85,7605.0,137,107,0.1524,0.003557
2026-09-21 08:49:13,SPX,7650.5,7646.85,7700.0,1722,355,0.1014,0.003557
2026-09-21 08:49:13,SPX,7650.5,7646.85,7600.0,379,2310,0.1552,0.003557
2026-09-21 08:49:13,SPX,7650.5,7646.85,7705.0,391,17,0.0995,0.003557
2026-09-21 08:49:13,SPX,7650.5,7646.85,7595.0,92,334,0.1576,0.003557
2026-09-21 08:49:13,SPX,7650.5,7646.85,7710.0,914,111,0.0977,0.003557
2026-09-21 08:49:13,SPX,7650.5,7646.85,7590.0,69,710,0.1598,0.003557
2026-09-21 08:49:13,SPX,7650.5,7646.85,7715.0,534,33,0.096,0.003557
2026-09-21 08:49:13,SPX,7650.5,7646.85,7585.0,226,3244,0.1624,0.003557
2026-09-21 08:49:13,SPX,7650.5,7646.85,7720.0,532,30,0.0947,0.003557
2026-09-21 08:49:13,SPX,7650.5,7646.85,7580.0,381,566,0.1655,0.003557
2026-09-21 08:49:13,SPX,7650.5,7646.85,7725.0,1132,117,0.0938,0.003557
2026-09-21 08:49:13,SPX,7650.5,7646.85,7575.0,51,1638,0.169,0.003557
2026-09-21 08:49:13,SPX,7650.5,7646.85,7730.0,432,74,0.0932,0.003557
2026-09-21 08:49:13,SPX,7650.5,7646.85,7570.0,81,372,0.1726,0.003557
2026-09-21 08:49:13,SPX,7650.5,7646.85,7735.0,530,11,0.0931,0.003557
2026-09-21 08:49:13,SPX,7650.5,7646.85,7565.0,36,190,0.1762,0.003557
2026-09-21 08:49:13,SPX,7650.5,7646.85,7740.0,697,135,0.0935,0.003557
2026-09-21 08:49:13,SPX,7650.5,7646.85,7560.0,37,979,0.1797,0.003557
2026-09-21 08:49:13,SPX,7650.5,7646.85,7745.0,550,2,0.0941,0.003557
2026-09-21 08:49:13,SPX,7650.5,7646.85,7555.0,55,85,0.1829,0.003557
2026-09-21 08:49:13,SPX,7650.5,7646.85,7750.0,1979,277,0.0947,0.003557
2026-09-21 08:49:13,SPX,7650.5,7646.85,7550.0,54,2207,0.1861,0.003557
2026-09-21 08:49:13,SPX,7650.5,7646.85,7755.0,2301,8,0.0954,0.003557
2026-09-21 08:49:13,SPX,7650.5,7646.85,7545.0,29,148,0.189,0.003557
2026-09-21 08:49:13,SPX,7650.5,7646.85,7760.0,1025,13,0.0961,0.003557
2026-09-21 08:49:13,SPX,7650.5,7646.85,7540.0,16,247,0.1919,0.003557
2026-09-21 08:49:13,SPX,7650.5,7646.85,7765.0,464,12,0.0968,0.003557
2026-09-21 08:49:13,SPX,7650.5,7646.85,7535.0,20,281,0.1947,0.003557
2026-09-21 08:49:13,SPX,7650.5,7646.85,7770.0,318,27,0.0975,0.003557
2026-09-21 08:49:13,SPX,7650.5,7646.85,7530.0,21,529,0.1975,0.003557
2026-09-21 08:49:13,SPX,7650.5,7646.85,7775.0,2198,14,0.0983,0.003557
2026-09-21 08:49:13,SPX,7650.5,7646.85,7525.0,47,363,0.2002,0.003557
2026-09-21 08:49:13,SPX,7650.5,7646.85,7780.0,704,23,0.0994,0.003557
2026-09-21 08:49:13,SPX,7650.5,7646.85,7520.0,11,227,0.203,0.003557
2026-09-21 08:49:13,SPX,7650.5,7646.85,7785.0,802,2,0.1007,0.003557
2026-09-21 08:49:13,SPX,7650.5,7646.85,7515.0,14,275,0.2059,0.003557
2026-09-21 08:49:13,SPX,7650.5,7646.85,7790.0,457,15,0.1022,0.003557
2026-09-21 08:49:13,SPX,7650.5,7646.85,7510.0,43,685,0.2089,0.003557
2026-09-21 08:49:13,SPX,7650.5,7646.85,7795.0,532,0,0.1041,0.003557
2026-09-21 08:49:13,SPX,7650.5,7646.85,7505.0,9,293,0.2119,0.003557
2026-09-21 08:49:13,SPX,7650.5,7646.85,7800.0,1808,99,0.1062,0.003557
2026-09-21 08:49:13,SPX,7650.5,7646.85,7500.0,73,1458,0.215,0.003557
2026-09-21 08:49:13,SPX,7650.5,7646.85,7805.0,387,0,0.1085,0.003557
2026-09-21 08:49:13,SPX,7650.5,7646.85,7495.0,14,165,0.2181,0.003557
2026-09-21 08:49:13,SPX,7650.5,7646.85,7810.0,661,9,0.111,0.003557
2026-09-21 08:49:13,SPX,7650.5,7646.85,7490.0,63,459,0.2213,0.003557
2026-09-21 08:49:13,SPX,7650.5,7646.85,7815.0,364,1,0.1136,0.003557
2026-09-21 08:49:13,SPX,7650.5,7646.85,7485.0,122,609,0.2246,0.003557
2026-09-21 08:49:13,SPX,7650.5,7646.85,7820.0,256,7,0.1163,0.003557
2026-09-21 08:49:13,SPX,7650.5,7646.85,7480.0,62,1676,0.228,0.003557
2026-09-21 08:49:13,SPX,7650.5,7646.85,7825.0,1062,5,0.119,0.003557
2026-09-21 08:49:13,SPX,7650.5,7646.85,7475.0,11,613,0.2314,0.003557
2026-09-21 08:49:13,SPX,7650.5,7646.85,7830.0,557,2,0.1218,0.003557
2026-09-21 08:49:13,SPX,7650.5,7646.85,7470.0,1,597,0.2348,0.003557
2026-09-21 08:49:13,SPX,7650.5,7646.85,7465.0,1,361,0.2383,0.003557
2026-09-21 08:49:13,SPX,7650.5,7646.85,7840.0,571,0,0.1278,0.003557
2026-09-21 08:49:13,SPX,7650.5,7646.85,7460.0,1,331,0.2418,0.003557
2026-09-21 08:49:13,SPX,7650.5,7646.85,7455.0,1,1262,0.2453,0.003557
2026-09-21 08:49:13,SPX,7650.5,7646.85,7850.0,964,6,0.1342,0.003557
2026-09-21 08:49:13,SPX,7650.5,7646.85,7450.0,17,303,0.2488,0.003557
2026-09-21 08:49:13,SPX,7650.5,7646.85,7445.0,1,121,0.2523,0.003557
2026-09-21 08:49:13,SPX,7650.5,7646.85,7860.0,390,0,0.1406,0.003557
2026-09-21 08:49:13,SPX,7650.5,7646.85,7440.0,2,465,0.2558,0.003557
2026-09-21 08:49:13,SPX,7650.5,7646.85,7435.0,4,432,0.2593,0.003557
2026-09-21 08:49:13,SPX,7650.5,7646.85,7870.0,471,0,0.1464,0.003557
2026-09-21 08:49:13,SPX,7650.5,7646.85,7430.0,2,6415,0.2627,0.003557
2026-09-21 08:49:13,SPX,7650.5,7646.85,7875.0,453,3,0.149,0.003557
2026-09-21 08:49:13,SPX,7650.5,7646.85,7425.0,0,623,0.2662,0.003557
2026-09-21 08:49:13,SPX,7650.5,7646.85,7880.0,346,5,0.1516,0.003557
2026-09-21 08:49:13,SPX,7650.5,7646.85,7420.0,2,6420,0.2697,0.003557
2026-09-21 08:49:13,SPX,7650.5,7646.85,7415.0,2,66,0.2731,0.003557
2026-09-21 08:49:13,SPX,7650.5,7646.85,7890.0,573,0,0.1563,0.003557
2026-09-21 08:49:13,SPX,7650.5,7646.85,7410.0,4,183,0.2765,0.003557
2026-09-21 08:49:13,SPX,7650.5,7646.85,7405.0,0,80,0.2799,0.003557
2026-09-21 08:49:13,SPX,7650.5,7646.85,7900.0,871,9,0.16,0.003557
2026-09-21 08:49:13,SPX,7650.5,7646.85,7650.0,840,358,0.1213,0.006295
2026-09-21 08:49:13,SPX,7650.5,7646.85,7655.0,922,139,0.1191,0.006295
2026-09-21 08:49:13,SPX,7650.5,7646.85,7645.0,595,119,0.1232,0.006295
2026-09-21 08:49:13,SPX,7650.5,7646.85,7660.0,246,167,0.1168,0.006295
2026-09-21 08:49:13,SPX,7650.5,7646.85,7640.0,207,348,0.1251,0.006295
2026-09-21 08:49:13,SPX,7650.5,7646.85,7665.0,485,111,0.1143,0.006295
2026-09-21 08:49:13,SPX,7650.5,7646.85,7635.0,473,1160,0.1269,0.006295
2026-09-21 08:49:13,SPX,7650.5,7646.85,7670.0,1202,153,0.1127,0.006295
2026-09-21 08:49:13,SPX,7650.5,7646.85,7630.0,508,415,0.1284,0.006295
2026-09-21 08:49:13,SPX,7650.5,7646.85,7675.0,345,482,0.111,0.006295
2026-09-21 08:49:13,SPX,7650.5,7646.85,7625.0,523,379,0.1304,0.006295
2026-09-21 08:49:13,SPX,7650.5,7646.85,7680.0,348,97,0.1092,0.006295
2026-09-21 08:49:13,SPX,7650.5,7646.85,7620.0,163,367,0.1328,0.006295
2026-09-21 08:49:13,SPX,7650.5,7646.85,7685.0,472,70,0.1075,0.006295
2026-09-21 08:49:13,SPX,7650.5,7646.85,7615.0,119,439,0.1352,0.006295
2026-09-21 08:49:13,SPX,7650.5,7646.85,7690.0,503,94,0.1059,0.006295
2026-09-21 08:49:13,SPX,7650.5,7646.85,7610.0,145,1660,0.1376,0.006295
2026-09-21 08:49:13,SPX,7650.5,7646.85,7695.0,1346,23,0.1045,0.006295
2026-09-21 08:49:13,SPX,7650.5,7646.85,7605.0,293,116,0.14,0.006295
2026-09-21 08:49:13,SPX,7650.5,7646.85,7700.0,545,205,0.1032,0.006295
2026-09-21 08:49:13,SPX,7650.5,7646.85,7600.0,367,726,0.1423,0.006295
2026-09-21 08:49:13,SPX,7650.5,7646.85,7705.0,173,18,0.1019,0.006295
2026-09-21 08:49:13,SPX,7650.5,7646.85,7595.0,88,148,0.1443,0.006295
2026-09-21 08:49:13,SPX,7650.5,7646.85,7710.0,273,24,0.1007,0.006295
2026-09-21 08:49:13,SPX,7650.5,7646.85,7590.0,101,177,0.1463,0.006295
2026-09-21 08:49:13,SPX,7650.5,7646.85,7715.0,396,23,0.0994,0.006295
2026-09-21 08:49:13,SPX,7650.5,7646.85,7585.0,88,367,0.1482,0.006295
2026-09-21 08:49:13,SPX,7650.5,7646.85,7720.0,581,32,0.0981,0.006295
2026-09-21 08:49:13,SPX,7650.5,7646.85,7580.0,59,405,0.1501,0.006295
2026-09-21 08:49:13,SPX,7650.5,7646.85,7725.0,1169,40,0.0969,0.006295
2026-09-21 08:49:13,SPX,7650.5,7646.85,7575.0,86,1035,0.1521,0.006295
2026-09-21 08:49:13,SPX,7650.5,7646.85,7730.0,699,146,0.0958,0.006295
2026-09-21 08:49:13,SPX,7650.5,7646.85,7570.0,43,155,0.1541,0.006295
2026-09-21 08:49:13,SPX,7650.5,7646.85,7735.0,724,5,0.0949,0.006295
2026-09-21 08:49:13,SPX,7650.5,7646.85,7565.0,40,147,0.1563,0.006295
2026-09-21 08:49:13,SPX,7650.5,7646.85,7740.0,565,48,0.0942,0.006295
2026-09-21 08:49:13,SPX,7650.5,7646.85,7560.0,53,479,0.1586,0.006295
2026-09-21 08:49:13,SPX,7650.5,7646.85,7745.0,546,0,0.0937,0.006295
2026-09-21 08:49:13,SPX,7650.5,7646.85,7555.0,31,243,0.1611,0.006295
2026-09-21 08:49:13,SPX,7650.5,7646.85,7750.0,2183,133,0.0935,0.006295
2026-09-21 08:49:13,SPX,7650.5,7646.85,7550.0,48,1776,0.1636,0.006295
2026-09-21 08:49:13,SPX,7650.5,7646.85,7755.0,389,5,0.0933,0.006295
2026-09-21 08:49:13,SPX,7650.5,7646.85,7545.0,20,607,0.1662,0.006295
2026-09-21 08:49:13,SPX,7650.5,7646.85,7760.0,819,18,0.0932,0.006295
2026-09-21 08:49:13,SPX,7650.5,7646.85,7540.0,53,518,0.1688,0.006295
2026-09-21 08:49:13,SPX,7650.5,7646.85,7765.0,1706,3,0.0931,0.006295
2026-09-21 08:49:13,SPX,7650.5,7646.85,7535.0,37,258,0.1714,0.006295
2026-09-21 08:49:13,SPX,7650.5,7646.85,7770.0,2119,18,0.093,0.006295
2026-09-21 08:49:13,SPX,7650.5,7646.85,7530.0,50,173,0.1739,0.006295
2026-09-21 08:49:13,SPX,7650.5,7646.85,7775.0,1259,31,0.0928,0.006295
2026-09-21 08:49:13,SPX,7650.5,7646.85,7525.0,20,286,0.1763,0.006295
2026-09-21 08:49:13,SPX,7650.5,7646.85,7780.0,707,3,0.0928,0.006295
2026-09-21 08:49:13,SPX,7650.5,7646.85,7520.0,10,187,0.1787,0.006295
2026-09-21 08:49:13,SPX,7650.5,7646.85,7785.0,979,18,0.0927,0.006295
2026-09-21 08:49:13,SPX,7650.5,7646.85,7515.0,3,120,0.1811,0.006295
2026-09-21 08:49:13,SPX,7650.5,7646.85,7790.0,3378,5,0.0928,0.006295
2026-09-21 08:49:13,SPX,7650.5,7646.85,7510.0,2,499,0.1834,0.006295
2026-09-21 08:49:13,SPX,7650.5,7646.85,7795.0,1047,0,0.0929,0.006295
2026-09-21 08:49:13,SPX,7650.5,7646.85,7505.0,29,168,0.1856,0.006295
2026-09-21 08:49:13,SPX,7650.5,7646.85,7800.0,1221,454,0.0932,0.006295
2026-09-21 08:49:13,SPX,7650.5,7646.85,7500.0,94,1237,0.1879,0.006295
2026-09-21 08:49:13,SPX,7650.5,7646.85,7805.0,367,5,0.0936,0.006295
2026-09-21 08:49:13,SPX,7650.5,7646.85,7495.0,5,200,0.1902,0.006295
2026-09-21 08:49:13,SPX,7650.5,7646.85,7810.0,591,5,0.0942,0.006295
2026-09-21 08:49:13,SPX,7650.5,7646.85,7490.0,1,149,0.1924,0.006295
2026-09-21 08:49:13,SPX,7650.5,7646.85,7815.0,319,3,0.095,0.006295
2026-09-21 08:49:13,SPX,7650.5,7646.85,7485.0,0,89,0.1947,0.006295
2026-09-21 08:49:13,SPX,7650.5,7646.85,7820.0,625,10,0.096,0.006295
2026-09-21 08:49:13,SPX,7650.5,7646.85,7480.0,0,404,0.197,0.006295
2026-09-21 08:49:13,SPX,7650.5,7646.85,7825.0,588,4,0.0972,0.006295
2026-09-21 08:49:13,SPX,7650.5,7646.85,7475.0,4,637,0.1994,0.006295
2026-09-21 08:49:13,SPX,7650.5,7646.85,7830.0,337,10,0.0985,0.006295
2026-09-21 08:49:13,SPX,7650.5,7646.85,7470.0,3,281,0.2017,0.006295
2026-09-21 08:49:13,SPX,7650.5,7646.85,7835.0,77,0,0.1001,0.006295
2026-09-21 08:49:13,SPX,7650.5,7646.85,7465.0,1,194,0.2041,0.006295
2026-09-21 08:49:13,SPX,7650.5,7646.85,7840.0,384,0,0.1017,0.006295
2026-09-21 08:49:13,SPX,7650.5,7646.85,7460.0,3,899,0.2065,0.006295
2026-09-21 08:49:13,SPX,7650.5,7646.85,7845.0,7,0,0.1035,0.006295
2026-09-21 08:49:13,SPX,7650.5,7646.85,7455.0,0,383,0.209,0.006295
2026-09-21 08:49:13,SPX,7650.5,7646.85,7850.0,3164,10,0.1056,0.006295
2026-09-21 08:49:13,SPX,7650.5,7646.85,7450.0,15,1806,0.2112,0.006295
2026-09-21 08:49:13,SPX,7650.5,7646.85,7855.0,9,0,0.1076,0.006295
2026-09-21 08:49:13,SPX,7650.5,7646.85,7445.0,1,1609,0.2137,0.006295
2026-09-21 08:49:13,SPX,7650.5,7646.85,7860.0,311,0,0.1097,0.006295
2026-09-21 08:49:13,SPX,7650.5,7646.85,7440.0,0,298,0.2163,0.006295
2026-09-21 08:49:13,SPX,7650.5,7646.85,7865.0,40,0,0.1119,0.006295
2026-09-21 08:49:13,SPX,7650.5,7646.85,7435.0,0,549,0.2188,0.006295
2026-09-21 08:49:13,SPX,7650.5,7646.85,7870.0,569,0,0.1142,0.006295
2026-09-21 08:49:13,SPX,7650.5,7646.85,7430.0,1,354,0.2214,0.006295
2026-09-21 08:49:13,SPX,7650.5,7646.85,7875.0,360,3,0.1166,0.006295
2026-09-21 08:49:13,SPX,7650.5,7646.85,7425.0,1,536,0.224,0.006295
2026-09-21 08:49:13,SPX,7650.5,7646.85,7880.0,478,1,0.119,0.006295
2026-09-21 08:49:13,SPX,7650.5,7646.85,7420.0,3,214,0.2265,0.006295
2026-09-21 08:49:13,SPX,7650.5,7646.85,7415.0,0,582,0.2292,0.006295
2026-09-21 08:49:13,SPX,7650.5,7646.85,7890.0,232,0,0.1241,0.006295
2026-09-21 08:49:13,SPX,7650.5,7646.85,7410.0,0,165,0.2318,0.006295
2026-09-21 08:49:13,SPX,7650.5,7646.85,7405.0,0,197,0.2344,0.006295
2026-09-21 08:49:13,SPX,7650.5,7646.85,7900.0,970,0,0.1291,0.006295
2026-09-21 09:32:59,SPX,7696.5,7645.33,7695.0,2627,125,0.1194,0.000736
2026-09-21 09:32:59,SPX,7696.5,7645.33,7700.0,8600,3999,0.1184,0.000736
2026-09-21 09:32:59,SPX,7696.5,7645.33,7690.0,1584,356,0.124,0.000736
2026-09-21 09:32:59,SPX,7696.5,7645.33,7705.0,3206,81,0.1156,0.000736
2026-09-21 09:32:59,SPX,7696.5,7645.33,7685.0,1983,254,0.1261,0.000736
2026-09-21 09:32:59,SPX,7696.5,7645.33,7710.0,2696,135,0.1143,0.000736
2026-09-21 09:32:59,SPX,7696.5,7645.33,7680.0,1599,128,0.1312,0.000736
2026-09-21 09:32:59,SPX,7696.5,7645.33,7715.0,2195,204,0.1151,0.000736
2026-09-21 09:32:59,SPX,7696.5,7645.33,7675.0,2246,734,0.1364,0.000736
2026-09-21 09:32:59,SPX,7696.5,7645.33,7720.0,2095,361,0.1158,0.000736
2026-09-21 09:32:59,SPX,7696.5,7645.33,7670.0,1298,247,0.1413,0.000736
2026-09-21 09:32:59,SPX,7696.5,7645.33,7725.0,2265,392,0.1178,0.000736
2026-09-21 09:32:59,SPX,7696.5,7645.33,7665.0,1182,173,0.145,0.000736
2026-09-21 09:32:59,SPX,7696.5,7645.33,7730.0,1321,181,0.1207,0.000736
2026-09-21 09:32:59,SPX,7696.5,7645.33,7660.0,1291,303,0.1511,0.000736
2026-09-21 09:32:59,SPX,7696.5,7645.33,7735.0,1535,196,0.1243,0.000736
2026-09-21 09:32:59,SPX,7696.5,7645.33,7655.0,2475,300,0.1561,0.000736
2026-09-21 09:32:59,SPX,7696.5,7645.33,7740.0,1504,193,0.1282,0.000736
2026-09-21 09:32:59,SPX,7696.5,7645.33,7650.0,2820,1523,0.1615,0.000736
2026-09-21 09:32:59,SPX,7696.5,7645.33,7745.0,776,37,0.1325,0.000736
2026-09-21 09:32:59,SPX,7696.5,7645.33,7645.0,1505,1350,0.167,0.000736
2026-09-21 09:32:59,SPX,7696.5,7645.33,7750.0,2528,308,0.1373,0.000736
2026-09-21 09:32:59,SPX,7696.5,7645.33,7640.0,1937,1427,0.1706,0.000736
2026-09-21 09:32:59,SPX,7696.5,7645.33,7755.0,1505,34,0.1424,0.000736
2026-09-21 09:32:59,SPX,7696.5,7645.33,7635.0,1159,899,0.1763,0.000736
2026-09-21 09:32:59,SPX,7696.5,7645.33,7760.0,2830,95,0.1476,0.000736
2026-09-21 09:32:59,SPX,7696.5,7645.33,7630.0,996,2074,0.1855,0.000736
2026-09-21 09:32:59,SPX,7696.5,7645.33,7765.0,944,38,0.153,0.000736
2026-09-21 09:32:59,SPX,7696.5,7645.33,7625.0,1140,2822,0.1891,0.000736
2026-09-21 09:32:59,SPX,7696.5,7645.33,7770.0,1320,41,0.1589,0.000736
2026-09-21 09:32:59,SPX,7696.5,7645.33,7620.0,438,1881,0.1938,0.000736
2026-09-21 09:32:59,SPX,7696.5,7645.33,7775.0,1679,143,0.1652,0.000736
2026-09-21 09:32:59,SPX,7696.5,7645.33,7615.0,311,1459,0.204,0.000736
2026-09-21 09:32:59,SPX,7696.5,7645.33,7780.0,903,34,0.172,0.000736
2026-09-21 09:32:59,SPX,7696.5,7645.33,7610.0,324,1457,0.2095,0.000736
2026-09-21 09:32:59,SPX,7696.5,7645.33,7785.0,2955,14,0.179,0.000736
2026-09-21 09:32:59,SPX,7696.5,7645.33,7605.0,269,1198,0.2156,0.000736
2026-09-21 09:32:59,SPX,7696.5,7645.33,7790.0,752,79,0.1862,0.000736
2026-09-21 09:32:59,SPX,7696.5,7645.33,7600.0,815,3228,0.2221,0.000736
2026-09-21 09:32:59,SPX,7696.5,7645.33,7795.0,1006,0,0.1936,0.000736
2026-09-21 09:32:59,SPX,7696.5,7645.33,7595.0,162,1148,0.2288,0.000736
2026-09-21 09:32:59,SPX,7696.5,7645.33,7800.0,2025,591,0.2009,0.000736
2026-09-21 09:32:59,SPX,7696.5,7645.33,7590.0,123,1593,0.2354,0.000736
2026-09-21 09:32:59,SPX,7696.5,7645.33,7805.0,627,7,0.2081,0.000736
2026-09-21 09:32:59,SPX,7696.5,7645.33,7585.0,531,2022,0.2419,0.000736
2026-09-21 09:32:59,SPX,7696.5,7645.33,7810.0,609,6,0.2148,0.000736
2026-09-21 09:32:59,SPX,7696.5,7645.33,7580.0,126,1298,0.2491,0.000736
2026-09-21 09:32:59,SPX,7696.5,7645.33,7815.0,930,0,0.2212,0.000736
2026-09-21 09:32:59,SPX,7696.5,7645.33,7575.0,959,2486,0.2566,0.000736
2026-09-21 09:32:59,SPX,7696.5,7645.33,7820.0,1034,22,0.227,0.000736
2026-09-21 09:32:59,SPX,7696.5,7645.33,7570.0,990,1630,0.2639,0.000736
2026-09-21 09:32:59,SPX,7696.5,7645.33,7825.0,1658,23,0.2326,0.000736
2026-09-21 09:32:59,SPX,7696.5,7645.33,7565.0,93,1481,0.2706,0.000736
2026-09-21 09:32:59,SPX,7696.5,7645.33,7830.0,849,0,0.2379,0.000736
2026-09-21 09:32:59,SPX,7696.5,7645.33,7560.0,244,2038,0.2771,0.000736
2026-09-21 09:32:59,SPX,7696.5,7645.33,7835.0,381,0,0.243,0.000736
2026-09-21 09:32:59,SPX,7696.5,7645.33,7555.0,68,2289,0.2834,0.000736
2026-09-21 09:32:59,SPX,7696.5,7645.33,7840.0,670,3,0.2507,0.000736
2026-09-21 09:32:59,SPX,7696.5,7645.33,7550.0,181,3102,0.2897,0.000736
2026-09-21 09:32:59,SPX,7696.5,7645.33,7845.0,369,1,0.2555,0.000736
2026-09-21 09:32:59,SPX,7696.5,7645.33,7545.0,37,1460,0.2962,0.000736
2026-09-21 09:32:59,SPX,7696.5,7645.33,7850.0,2471,18,0.2592,0.000736
2026-09-21 09:32:59,SPX,7696.5,7645.33,7540.0,91,1396,0.3028,0.000736
2026-09-21 09:32:59,SPX,7696.5,7645.33,7855.0,2,0,0.2625,0.000736
2026-09-21 09:32:59,SPX,7696.5,7645.33,7535.0,48,1245,0.3096,0.000736
2026-09-21 09:32:59,SPX,7696.5,7645.33,7860.0,1255,105,0.2657,0.000736
2026-09-21 09:32:59,SPX,7696.5,7645.33,7530.0,64,2076,0.3165,0.000736
2026-09-21 09:32:59,SPX,7696.5,7645.33,7865.0,15,0,0.2689,0.000736
2026-09-21 09:32:59,SPX,7696.5,7645.33,7525.0,66,3247,0.3235,0.000736
2026-09-21 09:32:59,SPX,7696.5,7645.33,7870.0,692,0,0.272,0.000736
2026-09-21 09:32:59,SPX,7696.5,7645.33,7520.0,38,3803,0.3306,0.000736
2026-09-21 09:32:59,SPX,7696.5,7645.33,7875.0,1297,1,0.2747,0.000736
2026-09-21 09:32:59,SPX,7696.5,7645.33,7515.0,42,2080,0.3378,0.000736
2026-09-21 09:32:59,SPX,7696.5,7645.33,7880.0,2025,6,0.2771,0.000736
2026-09-21 09:32:59,SPX,7696.5,7645.33,7510.0,24,1634,0.345,0.000736
2026-09-21 09:32:59,SPX,7696.5,7645.33,7505.0,17,754,0.3523,0.000736
2026-09-21 09:32:59,SPX,7696.5,7645.33,7890.0,503,22,0.2805,0.000736
2026-09-21 09:32:59,SPX,7696.5,7645.33,7500.0,39,5088,0.3596,0.000736
2026-09-21 09:32:59,SPX,7696.5,7645.33,7495.0,12,954,0.367,0.000736
2026-09-21 09:32:59,SPX,7696.5,7645.33,7900.0,1037,21,0.2808,0.000736
2026-09-21 09:32:59,SPX,7696.5,7645.33,7490.0,21,1598,0.3744,0.000736
2026-09-21 09:32:59,SPX,7696.5,7645.33,7485.0,6,623,0.382,0.000736
2026-09-21 09:32:59,SPX,7696.5,7645.33,7910.0,454,5,0.2772,0.000736
2026-09-21 09:32:59,SPX,7696.5,7645.33,7480.0,10,1795,0.3897,0.000736
2026-09-21 09:32:59,SPX,7696.5,7645.33,7475.0,94,1195,0.3975,0.000736
2026-09-21 09:32:59,SPX,7696.5,7645.33,7920.0,459,0,0.2706,0.000736
2026-09-21 09:32:59,SPX,7696.5,7645.33,7470.0,11,2153,0.4056,0.000736
2026-09-21 09:32:59,SPX,7696.5,7645.33,7925.0,558,33,0.2666,0.000736
2026-09-21 09:32:59,SPX,7696.5,7645.33,7465.0,2,399,0.4138,0.000736
2026-09-21 09:32:59,SPX,7696.5,7645.33,7930.0,148,0,0.2624,0.000736
2026-09-21 09:32:59,SPX,7696.5,7645.33,7460.0,22,547,0.4221,0.000736
2026-09-21 09:32:59,SPX,7696.5,7645.33,7455.0,3,2851,0.4304,0.000736
2026-09-21 09:32:59,SPX,7696.5,7645.33,7940.0,56,10,0.2535,0.000736
2026-09-21 09:32:59,SPX,7696.5,7645.33,7450.0,36,1873,0.4388,0.000736
2026-09-21 09:32:59,SPX,7696.5,7645.33,7695.0,2376,67,0.1021,0.003474
2026-09-21 09:32:59,SPX,7696.5,7645.33,7700.0,1722,355,0.1003,0.003474
2026-09-21 09:32:59,SPX,7696.5,7645.33,7690.0,748,286,0.1042,0.003474
2026-09-21 09:32:59,SPX,7696.5,7645.33,7705.0,391,17,0.0989,0.003474
2026-09-21 09:32:59,SPX,7696.5,7645.33,7685.0,598,93,0.1064,0.003474
2026-09-21 09:32:59,SPX,7696.5,7645.33,7710.0,914,111,0.0982,0.003474
2026-09-21 09:32:59,SPX,7696.5,7645.33,7680.0,688,224,0.1087,0.003474
2026-09-21 09:32:59,SPX,7696.5,7645.33,7715.0,534,33,0.0978,0.003474
2026-09-21 09:32:59,SPX,7696.5,7645.33,7675.0,5195,825,0.111,0.003474
2026-09-21 09:32:59,SPX,7696.5,7645.33,7720.0,532,30,0.0974,0.003474
2026-09-21 09:32:59,SPX,7696.5,7645.33,7670.0,2285,138,0.1136,0.003474
2026-09-21 09:32:59,SPX,7696.5,7645.33,7725.0,1132,117,0.0967,0.003474
2026-09-21 09:32:59,SPX,7696.5,7645.33,7665.0,324,89,0.116,0.003474
2026-09-21 09:32:59,SPX,7696.5,7645.33,7730.0,432,74,0.0958,0.003474
2026-09-21 09:32:59,SPX,7696.5,7645.33,7660.0,423,292,0.1177,0.003474
2026-09-21 09:32:59,SPX,7696.5,7645.33,7735.0,530,11,0.0951,0.003474
2026-09-21 09:32:59,SPX,7696.5,7645.33,7655.0,315,98,0.1206,0.003474
2026-09-21 09:32:59,SPX,7696.5,7645.33,7740.0,697,135,0.0945,0.003474
2026-09-21 09:32:59,SPX,7696.5,7645.33,7650.0,5409,535,0.1237,0.003474
2026-09-21 09:32:59,SPX,7696.5,7645.33,7745.0,550,2,0.0943,0.003474
2026-09-21 09:32:59,SPX,7696.5,7645.33,7645.0,239,2182,0.1262,0.003474
2026-09-21 09:32:59,SPX,7696.5,7645.33,7750.0,1979,277,0.0944,0.003474
2026-09-21 09:32:59,SPX,7696.5,7645.33,7640.0,856,4191,0.1284,0.003474
2026-09-21 09:32:59,SPX,7696.5,7645.33,7755.0,2301,8,0.0949,0.003474
2026-09-21 09:32:59,SPX,7696.5,7645.33,7635.0,211,245,0.1305,0.003474
2026-09-21 09:32:59,SPX,7696.5,7645.33,7760.0,1025,13,0.0957,0.003474
2026-09-21 09:32:59,SPX,7696.5,7645.33,7630.0,563,278,0.133,0.003474
2026-09-21 09:32:59,SPX,7696.5,7645.33,7765.0,464,12,0.0967,0.003474
2026-09-21 09:32:59,SPX,7696.5,7645.33,7625.0,591,981,0.1359,0.003474
2026-09-21 09:32:59,SPX,7696.5,7645.33,7770.0,318,27,0.0978,0.003474
2026-09-21 09:32:59,SPX,7696.5,7645.33,7620.0,255,2253,0.1389,0.003474
2026-09-21 09:32:59,SPX,7696.5,7645.33,7775.0,2198,14,0.098,0.003474
2026-09-21 09:32:59,SPX,7696.5,7645.33,7615.0,157,4227,0.1385,0.003474
2026-09-21 09:32:59,SPX,7696.5,7645.33,7780.0,704,23,0.0997,0.003474
2026-09-21 09:32:59,SPX,7696.5,7645.33,7610.0,145,363,0.141,0.003474
2026-09-21 09:32:59,SPX,7696.5,7645.33,7785.0,802,2,0.1017,0.003474
2026-09-21 09:32:59,SPX,7696.5,7645.33,7605.0,137,107,0.142,0.003474
2026-09-21 09:32:59,SPX,7696.5,7645.33,7790.0,457,15,0.104,0.003474
2026-09-21 09:32:59,SPX,7696.5,7645.33,7600.0,379,2310,0.1458,0.003474
2026-09-21 09:32:59,SPX,7696.5,7645.33,7795.0,532,0,0.1064,0.003474
2026-09-21 09:32:59,SPX,7696.5,7645.33,7595.0,92,334,0.1493,0.003474
2026-09-21 09:32:59,SPX,7696.5,7645.33,7800.0,1808,99,0.109,0.003474
2026-09-21 09:32:59,SPX,7696.5,7645.33,7590.0,69,710,0.1524,0.003474
2026-09-21 09:32:59,SPX,7696.5,7645.33,7805.0,387,0,0.1116,0.003474
2026-09-21 09:32:59,SPX,7696.5,7645.33,7585.0,226,3244,0.1553,0.003474
2026-09-21 09:32:59,SPX,7696.5,7645.33,7810.0,661,9,0.1144,0.003474
2026-09-21 09:32:59,SPX,7696.5,7645.33,7580.0,381,566,0.1576,0.003474
2026-09-21 09:32:59,SPX,7696.5,7645.33,7815.0,364,1,0.1171,0.003474
2026-09-21 09:32:59,SPX,7696.5,7645.33,7575.0,51,1638,0.1601,0.003474
2026-09-21 09:32:59,SPX,7696.5,7645.33,7820.0,256,7,0.12,0.003474
2026-09-21 09:32:59,SPX,7696.5,7645.33,7570.0,81,372,0.1628,0.003474
2026-09-21 09:32:59,SPX,7696.5,7645.33,7825.0,1062,5,0.1229,0.003474
2026-09-21 09:32:59,SPX,7696.5,7645.33,7565.0,36,190,0.1658,0.003474
2026-09-21 09:32:59,SPX,7696.5,7645.33,7830.0,557,2,0.1258,0.003474
2026-09-21 09:32:59,SPX,7696.5,7645.33,7560.0,37,979,0.1691,0.003474
2026-09-21 09:32:59,SPX,7696.5,7645.33,7555.0,55,85,0.1724,0.003474
2026-09-21 09:32:59,SPX,7696.5,7645.33,7840.0,571,0,0.1319,0.003474
2026-09-21 09:32:59,SPX,7696.5,7645.33,7550.0,54,2207,0.1758,0.003474
2026-09-21 09:32:59,SPX,7696.5,7645.33,7545.0,29,148,0.1792,0.003474
2026-09-21 09:32:59,SPX,7696.5,7645.33,7850.0,964,6,0.1379,0.003474
2026-09-21 09:32:59,SPX,7696.5,7645.33,7540.0,16,247,0.1825,0.003474
2026-09-21 09:32:59,SPX,7696.5,7645.33,7535.0,20,281,0.1856,0.003474
2026-09-21 09:32:59,SPX,7696.5,7645.33,7860.0,390,0,0.1435,0.003474
2026-09-21 09:32:59,SPX,7696.5,7645.33,7530.0,21,529,0.1887,0.003474
2026-09-21 09:32:59,SPX,7696.5,7645.33,7520.0,11,0,0.1946,0.003474
2026-09-21 09:32:59,SPX,7696.5,7645.33,7875.0,0,3,0.1516,0.003474
2026-09-21 09:32:59,SPX,7696.5,7645.33,7515.0,14,275,0.1976,0.003474
2026-09-21 09:32:59,SPX,7696.5,7645.33,7880.0,346,5,0.1541,0.003474
2026-09-21 09:32:59,SPX,7696.5,7645.33,7510.0,43,685,0.2005,0.003474
2026-09-21 09:32:59,SPX,7696.5,7645.33,7505.0,9,293,0.2035,0.003474
2026-09-21 09:32:59,SPX,7696.5,7645.33,7890.0,573,0,0.1583,0.003474
2026-09-21 09:32:59,SPX,7696.5,7645.33,7500.0,73,1458,0.2065,0.003474
2026-09-21 09:32:59,SPX,7696.5,7645.33,7495.0,14,165,0.2097,0.003474
2026-09-21 09:32:59,SPX,7696.5,7645.33,7900.0,871,9,0.1604,0.003474
2026-09-21 09:32:59,SPX,7696.5,7645.33,7490.0,63,459,0.2128,0.003474
2026-09-21 09:32:59,SPX,7696.5,7645.33,7485.0,122,609,0.2161,0.003474
2026-09-21 09:32:59,SPX,7696.5,7645.33,7910.0,353,0,0.1599,0.003474
2026-09-21 09:32:59,SPX,7696.5,7645.33,7480.0,62,1676,0.2194,0.003474
2026-09-21 09:32:59,SPX,7696.5,7645.33,7475.0,11,613,0.2229,0.003474
2026-09-21 09:32:59,SPX,7696.5,7645.33,7920.0,268,0,0.1575,0.003474
2026-09-21 09:32:59,SPX,7696.5,7645.33,7470.0,1,597,0.2263,0.003474
2026-09-21 09:32:59,SPX,7696.5,7645.33,7925.0,202,0,0.1559,0.003474
2026-09-21 09:32:59,SPX,7696.5,7645.33,7465.0,1,361,0.2299,0.003474
2026-09-21 09:32:59,SPX,7696.5,7645.33,7930.0,148,0,0.154,0.003474
2026-09-21 09:32:59,SPX,7696.5,7645.33,7460.0,1,331,0.2335,0.003474
2026-09-21 09:32:59,SPX,7696.5,7645.33,7455.0,1,1262,0.2372,0.003474
2026-09-21 09:32:59,SPX,7696.5,7645.33,7940.0,16,0,0.1497,0.003474
2026-09-21 09:32:59,SPX,7696.5,7645.33,7450.0,17,303,0.2408,0.003474
2026-09-21 09:32:59,SPX,7696.5,7645.33,7695.0,1346,23,0.102,0.006212
2026-09-21 09:32:59,SPX,7696.5,7645.33,7700.0,545,205,0.1008,0.006212
2026-09-21 09:32:59,SPX,7696.5,7645.33,7690.0,503,94,0.1033,0.006212
2026-09-21 09:32:59,SPX,7696.5,7645.33,7705.0,173,18,0.0996,0.006212
2026-09-21 09:32:59,SPX,7696.5,7645.33,7685.0,472,70,0.1046,0.006212
2026-09-21 09:32:59,SPX,7696.5,7645.33,7710.0,273,24,0.0985,0.006212
2026-09-21 09:32:59,SPX,7696.5,7645.33,7680.0,348,97,0.1061,0.006212
2026-09-21 09:32:59,SPX,7696.5,7645.33,7715.0,396,23,0.0976,0.006212
2026-09-21 09:32:59,SPX,7696.5,7645.33,7675.0,345,482,0.1074,0.006212
2026-09-21 09:32:59,SPX,7696.5,7645.33,7720.0,581,32,0.0966,0.006212
2026-09-21 09:32:59,SPX,7696.5,7645.33,7670.0,1202,153,0.1092,0.006212
2026-09-21 09:32:59,SPX,7696.5,7645.33,7725.0,1169,40,0.0956,0.006212
2026-09-21 09:32:59,SPX,7696.5,7645.33,7665.0,485,111,0.1105,0.006212
2026-09-21 09:32:59,SPX,7696.5,7645.33,7730.0,699,146,0.0948,0.006212
2026-09-21 09:32:59,SPX,7696.5,7645.33,7660.0,246,167,0.1122,0.006212
2026-09-21 09:32:59,SPX,7696.5,7645.33,7735.0,724,5,0.094,0.006212
2026-09-21 09:32:59,SPX,7696.5,7645.33,7655.0,922,139,0.1143,0.006212
2026-09-21 09:32:59,SPX,7696.5,7645.33,7740.0,565,48,0.0932,0.006212
2026-09-21 09:32:59,SPX,7696.5,7645.33,7650.0,840,358,0.1168,0.006212
2026-09-21 09:32:59,SPX,7696.5,7645.33,7745.0,546,0,0.0927,0.006212
2026-09-21 09:32:59,SPX,7696.5,7645.33,7645.0,595,119,0.1181,0.006212
2026-09-21 09:32:59,SPX,7696.5,7645.33,7750.0,2183,133,0.0924,0.006212
2026-09-21 09:32:59,SPX,7696.5,7645.33,7640.0,207,348,0.1194,0.006212
2026-09-21 09:32:59,SPX,7696.5,7645.33,7755.0,389,5,0.0922,0.006212
2026-09-21 09:32:59,SPX,7696.5,7645.33,7635.0,473,1160,0.1222,0.006212
2026-09-21 09:32:59,SPX,7696.5,7645.33,7760.0,819,18,0.0922,0.006212
2026-09-21 09:32:59,SPX,7696.5,7645.33,7630.0,508,415,0.1242,0.006212
2026-09-21 09:32:59,SPX,7696.5,7645.33,7765.0,1706,3,0.0922,0.006212
2026-09-21 09:32:59,SPX,7696.5,7645.33,7625.0,523,379,0.1254,0.006212
2026-09-21 09:32:59,SPX,7696.5,7645.33,7770.0,2119,18,0.0922,0.006212
2026-09-21 09:32:59,SPX,7696.5,7645.33,7620.0,163,367,0.127,0.006212
2026-09-21 09:32:59,SPX,7696.5,7645.33,7775.0,1259,31,0.0923,0.006212
2026-09-21 09:32:59,SPX,7696.5,7645.33,7615.0,119,439,0.1294,0.006212
2026-09-21 09:32:59,SPX,7696.5,7645.33,7780.0,707,3,0.0924,0.006212
2026-09-21 09:32:59,SPX,7696.5,7645.33,7610.0,145,1660,0.1313,0.006212
2026-09-21 09:32:59,SPX,7696.5,7645.33,7785.0,979,18,0.0926,0.006212
2026-09-21 09:32:59,SPX,7696.5,7645.33,7605.0,293,116,0.1336,0.006212
2026-09-21 09:32:59,SPX,7696.5,7645.33,7790.0,3378,5,0.0929,0.006212
2026-09-21 09:32:59,SPX,7696.5,7645.33,7600.0,367,726,0.1358,0.006212
2026-09-21 09:32:59,SPX,7696.5,7645.33,7795.0,1047,0,0.0933,0.006212
2026-09-21 09:32:59,SPX,7696.5,7645.33,7595.0,88,148,0.1383,0.006212
2026-09-21 09:32:59,SPX,7696.5,7645.33,7800.0,1221,454,0.0938,0.006212
2026-09-21 09:32:59,SPX,7696.5,7645.33,7590.0,101,177,0.1406,0.006212
2026-09-21 09:32:59,SPX,7696.5,7645.33,7805.0,367,5,0.0944,0.006212
2026-09-21 09:32:59,SPX,7696.5,7645.33,7585.0,88,367,0.1426,0.006212
2026-09-21 09:32:59,SPX,7696.5,7645.33,7810.0,591,5,0.0951,0.006212
2026-09-21 09:32:59,SPX,7696.5,7645.33,7580.0,59,405,0.1448,0.006212
2026-09-21 09:32:59,SPX,7696.5,7645.33,7815.0,319,3,0.0961,0.006212
2026-09-21 09:32:59,SPX,7696.5,7645.33,7575.0,86,1035,0.1471,0.006212
2026-09-21 09:32:59,SPX,7696.5,7645.33,7820.0,625,10,0.0972,0.006212
2026-09-21 09:32:59,SPX,7696.5,7645.33,7570.0,43,155,0.149,0.006212
2026-09-21 09:32:59,SPX,7696.5,7645.33,7825.0,588,4,0.0984,0.006212
2026-09-21 09:32:59,SPX,7696.5,7645.33,7565.0,40,147,0.151,0.006212
2026-09-21 09:32:59,SPX,7696.5,7645.33,7830.0,337,10,0.0999,0.006212
2026-09-21 09:32:59,SPX,7696.5,7645.33,7560.0,53,479,0.153,0.006212
2026-09-21 09:32:59,SPX,7696.5,7645.33,7835.0,77,0,0.1014,0.006212
2026-09-21 09:32:59,SPX,7696.5,7645.33,7555.0,31,243,0.155,0.006212
2026-09-21 09:32:59,SPX,7696.5,7645.33,7840.0,384,0,0.1032,0.006212
2026-09-21 09:32:59,SPX,7696.5,7645.33,7550.0,48,1776,0.1571,0.006212
2026-09-21 09:32:59,SPX,7696.5,7645.33,7845.0,7,0,0.105,0.006212
2026-09-21 09:32:59,SPX,7696.5,7645.33,7545.0,20,607,0.1594,0.006212
2026-09-21 09:32:59,SPX,7696.5,7645.33,7850.0,3164,10,0.107,0.006212
2026-09-21 09:32:59,SPX,7696.5,7645.33,7540.0,53,518,0.1617,0.006212
2026-09-21 09:32:59,SPX,7696.5,7645.33,7855.0,9,0,0.1092,0.006212
2026-09-21 09:32:59,SPX,7696.5,7645.33,7535.0,37,258,0.1642,0.006212
2026-09-21 09:32:59,SPX,7696.5,7645.33,7860.0,311,0,0.1115,0.006212
2026-09-21 09:32:59,SPX,7696.5,7645.33,7530.0,50,173,0.1667,0.006212
2026-09-21 09:32:59,SPX,7696.5,7645.33,7865.0,40,0,0.1139,0.006212
2026-09-21 09:32:59,SPX,7696.5,7645.33,7525.0,20,286,0.1693,0.006212
2026-09-21 09:32:59,SPX,7696.5,7645.33,7870.0,569,0,0.1164,0.006212
2026-09-21 09:32:59,SPX,7696.5,7645.33,7520.0,10,187,0.1718,0.006212
2026-09-21 09:32:59,SPX,7696.5,7645.33,7875.0,360,3,0.1191,0.006212
2026-09-21 09:32:59,SPX,7696.5,7645.33,7515.0,3,120,0.1743,0.006212
2026-09-21 09:32:59,SPX,7696.5,7645.33,7880.0,478,1,0.1218,0.006212
2026-09-21 09:32:59,SPX,7696.5,7645.33,7510.0,2,499,0.1767,0.006212
2026-09-21 09:32:59,SPX,7696.5,7645.33,7505.0,29,168,0.1791,0.006212
2026-09-21 09:32:59,SPX,7696.5,7645.33,7890.0,232,0,0.1274,0.006212
2026-09-21 09:32:59,SPX,7696.5,7645.33,7500.0,94,1237,0.1814,0.006212
2026-09-21 09:32:59,SPX,7696.5,7645.33,7495.0,5,200,0.1837,0.006212
2026-09-21 09:32:59,SPX,7696.5,7645.33,7900.0,970,0,0.1327,0.006212
2026-09-21 09:32:59,SPX,7696.5,7645.33,7490.0,1,149,0.186,0.006212
2026-09-21 09:32:59,SPX,7696.5,7645.33,7485.0,0,89,0.1883,0.006212
2026-09-21 09:32:59,SPX,7696.5,7645.33,7910.0,290,1,0.1375,0.006212
2026-09-21 09:32:59,SPX,7696.5,7645.33,7480.0,0,404,0.1906,0.006212
2026-09-21 09:32:59,SPX,7696.5,7645.33,7475.0,4,637,0.1929,0.006212
2026-09-21 09:32:59,SPX,7696.5,7645.33,7920.0,91,0,0.1413,0.006212
2026-09-21 09:32:59,SPX,7696.5,7645.33,7470.0,3,281,0.1952,0.006212
2026-09-21 09:32:59,SPX,7696.5,7645.33,7925.0,700,4,0.1428,0.006212
2026-09-21 09:32:59,SPX,7696.5,7645.33,7465.0,1,194,0.1975,0.006212
2026-09-21 09:32:59,SPX,7696.5,7645.33,7930.0,125,0,0.144,0.006212
2026-09-21 09:32:59,SPX,7696.5,7645.33,7460.0,3,899,0.1999,0.006212
2026-09-21 09:32:59,SPX,7696.5,7645.33,7455.0,0,383,0.2023,0.006212
2026-09-21 09:32:59,SPX,7696.5,7645.33,7450.0,15,1806,0.2048,0.006212
2026-09-21 10:03:21,SPX,7708.6,7646.97,7710.0,2696,135,0.0995,0.000678
2026-09-21 10:03:21,SPX,7708.6,7646.97,7705.0,3206,81,0.1014,0.000678
2026-09-21 10:03:21,SPX,7708.6,7646.97,7715.0,2195,204,0.0991,0.000678
2026-09-21 10:03:21,SPX,7708.6,7646.97,7700.0,8600,3999,0.1046,0.000678
2026-09-21 10:03:21,SPX,7708.6,7646.97,7720.0,2095,361,0.0992,0.000678
2026-09-21 10:03:21,SPX,7708.6,7646.97,7695.0,2627,125,0.1089,0.000678
2026-09-21 10:03:21,SPX,7708.6,7646.97,7725.0,2265,392,0.1002,0.000678
2026-09-21 10:03:21,SPX,7708.6,7646.97,7690.0,1584,356,0.1137,0.000678
2026-09-21 10:03:21,SPX,7708.6,7646.97,7730.0,1321,181,0.1028,0.000678
2026-09-21 10:03:21,SPX,7708.6,7646.97,7685.0,1983,254,0.1194,0.000678
2026-09-21 10:03:21,SPX,7708.6,7646.97,7735.0,1535,196,0.1061,0.000678
2026-09-21 10:03:21,SPX,7708.6,7646.97,7680.0,1599,128,0.1259,0.000678
2026-09-21 10:03:21,SPX,7708.6,7646.97,7740.0,1504,193,0.1102,0.000678
2026-09-21 10:03:21,SPX,7708.6,7646.97,7675.0,2246,734,0.1324,0.000678
2026-09-21 10:03:21,SPX,7708.6,7646.97,7745.0,776,37,0.1149,0.000678
2026-09-21 10:03:21,SPX,7708.6,7646.97,7670.0,1298,247,0.1391,0.000678
2026-09-21 10:03:21,SPX,7708.6,7646.97,7750.0,2528,308,0.1205,0.000678
2026-09-21 10:03:21,SPX,7708.6,7646.97,7665.0,1182,173,0.1467,0.000678
2026-09-21 10:03:21,SPX,7708.6,7646.97,7755.0,1505,34,0.1266,0.000678
2026-09-21 10:03:21,SPX,7708.6,7646.97,7660.0,1291,303,0.1518,0.000678
2026-09-21 10:03:21,SPX,7708.6,7646.97,7760.0,2830,95,0.1327,0.000678
2026-09-21 10:03:21,SPX,7708.6,7646.97,7655.0,2475,300,0.1605,0.000678
2026-09-21 10:03:21,SPX,7708.6,7646.97,7765.0,944,38,0.1387,0.000678
2026-09-21 10:03:21,SPX,7708.6,7646.97,7650.0,2820,1523,0.1647,0.000678
2026-09-21 10:03:21,SPX,7708.6,7646.97,7770.0,1320,41,0.1449,0.000678
2026-09-21 10:03:21,SPX,7708.6,7646.97,7645.0,1505,1350,0.1751,0.000678
2026-09-21 10:03:21,SPX,7708.6,7646.97,7775.0,1679,143,0.1514,0.000678
2026-09-21 10:03:21,SPX,7708.6,7646.97,7640.0,1937,1427,0.1787,0.000678
2026-09-21 10:03:21,SPX,7708.6,7646.97,7780.0,903,34,0.1579,0.000678
2026-09-21 10:03:21,SPX,7708.6,7646.97,7635.0,1159,899,0.1884,0.000678
2026-09-21 10:03:21,SPX,7708.6,7646.97,7785.0,2955,14,0.1645,0.000678
2026-09-21 10:03:21,SPX,7708.6,7646.97,7630.0,996,2074,0.1956,0.000678
2026-09-21 10:03:21,SPX,7708.6,7646.97,7790.0,752,79,0.1715,0.000678
2026-09-21 10:03:21,SPX,7708.6,7646.97,7625.0,1140,2822,0.2027,0.000678
2026-09-21 10:03:21,SPX,7708.6,7646.97,7795.0,1006,0,0.1788,0.000678
2026-09-21 10:03:21,SPX,7708.6,7646.97,7620.0,438,1881,0.2122,0.000678
2026-09-21 10:03:21,SPX,7708.6,7646.97,7800.0,2025,591,0.1862,0.000678
2026-09-21 10:03:21,SPX,7708.6,7646.97,7615.0,311,1459,0.2186,0.000678
2026-09-21 10:03:21,SPX,7708.6,7646.97,7805.0,627,7,0.1935,0.000678
2026-09-21 10:03:21,SPX,7708.6,7646.97,7610.0,324,1457,0.226,0.000678
2026-09-21 10:03:21,SPX,7708.6,7646.97,7810.0,609,6,0.2004,0.000678
2026-09-21 10:03:21,SPX,7708.6,7646.97,7605.0,269,1198,0.2329,0.000678
2026-09-21 10:03:21,SPX,7708.6,7646.97,7815.0,930,0,0.2069,0.000678
2026-09-21 10:03:21,SPX,7708.6,7646.97,7600.0,815,3228,0.239,0.000678
2026-09-21 10:03:21,SPX,7708.6,7646.97,7820.0,1034,22,0.2129,0.000678
2026-09-21 10:03:21,SPX,7708.6,7646.97,7595.0,162,1148,0.2466,0.000678
2026-09-21 10:03:21,SPX,7708.6,7646.97,7825.0,1658,23,0.2184,0.000678
2026-09-21 10:03:21,SPX,7708.6,7646.97,7590.0,123,1593,0.2556,0.000678
2026-09-21 10:03:21,SPX,7708.6,7646.97,7830.0,849,0,0.2234,0.000678
2026-09-21 10:03:21,SPX,7708.6,7646.97,7585.0,531,2022,0.2649,0.000678
2026-09-21 10:03:21,SPX,7708.6,7646.97,7835.0,381,0,0.2279,0.000678
2026-09-21 10:03:21,SPX,7708.6,7646.97,7580.0,126,1298,0.2741,0.000678
2026-09-21 10:03:21,SPX,7708.6,7646.97,7840.0,670,3,0.2318,0.000678
2026-09-21 10:03:21,SPX,7708.6,7646.97,7575.0,959,2486,0.2831,0.000678
2026-09-21 10:03:21,SPX,7708.6,7646.97,7845.0,369,1,0.2351,0.000678
2026-09-21 10:03:21,SPX,7708.6,7646.97,7570.0,990,1630,0.2919,0.000678
2026-09-21 10:03:21,SPX,7708.6,7646.97,7850.0,2471,18,0.2379,0.000678
2026-09-21 10:03:21,SPX,7708.6,7646.97,7565.0,93,1481,0.3004,0.000678
2026-09-21 10:03:21,SPX,7708.6,7646.97,7855.0,2,0,0.2402,0.000678
2026-09-21 10:03:21,SPX,7708.6,7646.97,7560.0,244,2038,0.3085,0.000678
2026-09-21 10:03:21,SPX,7708.6,7646.97,7860.0,1255,105,0.2421,0.000678
2026-09-21 10:03:21,SPX,7708.6,7646.97,7555.0,68,2289,0.3162,0.000678
2026-09-21 10:03:21,SPX,7708.6,7646.97,7865.0,15,0,0.2436,0.000678
2026-09-21 10:03:21,SPX,7708.6,7646.97,7550.0,181,3102,0.3236,0.000678
2026-09-21 10:03:21,SPX,7708.6,7646.97,7870.0,692,0,0.2449,0.000678
2026-09-21 10:03:21,SPX,7708.6,7646.97,7545.0,37,1460,0.3308,0.000678
2026-09-21 10:03:21,SPX,7708.6,7646.97,7875.0,1297,1,0.2457,0.000678
2026-09-21 10:03:21,SPX,7708.6,7646.97,7540.0,91,1396,0.3378,0.000678
2026-09-21 10:03:21,SPX,7708.6,7646.97,7880.0,2025,6,0.2463,0.000678
2026-09-21 10:03:21,SPX,7708.6,7646.97,7535.0,48,1245,0.3447,0.000678
2026-09-21 10:03:21,SPX,7708.6,7646.97,7530.0,64,2076,0.3515,0.000678
2026-09-21 10:03:21,SPX,7708.6,7646.97,7890.0,503,22,0.2465,0.000678
2026-09-21 10:03:21,SPX,7708.6,7646.97,7525.0,66,3247,0.3583,0.000678
2026-09-21 10:03:21,SPX,7708.6,7646.97,7520.0,38,3803,0.3652,0.000678
2026-09-21 10:03:21,SPX,7708.6,7646.97,7900.0,1037,21,0.2458,0.000678
2026-09-21 10:03:21,SPX,7708.6,7646.97,7515.0,42,2080,0.3723,0.000678
2026-09-21 10:03:21,SPX,7708.6,7646.97,7510.0,24,1634,0.3795,0.000678
2026-09-21 10:03:21,SPX,7708.6,7646.97,7910.0,454,5,0.2441,0.000678
2026-09-21 10:03:21,SPX,7708.6,7646.97,7505.0,17,754,0.3869,0.000678
2026-09-21 10:03:21,SPX,7708.6,7646.97,7500.0,39,5088,0.3945,0.000678
2026-09-21 10:03:21,SPX,7708.6,7646.97,7920.0,459,0,0.2416,0.000678
2026-09-21 10:03:21,SPX,7708.6,7646.97,7495.0,12,954,0.4022,0.000678
2026-09-21 10:03:21,SPX,7708.6,7646.97,7925.0,558,33,0.2401,0.000678
2026-09-21 10:03:21,SPX,7708.6,7646.97,7490.0,21,1598,0.4101,0.000678
2026-09-21 10:03:21,SPX,7708.6,7646.97,7930.0,148,0,0.2384,0.000678
2026-09-21 10:03:21,SPX,7708.6,7646.97,7485.0,6,623,0.4182,0.000678
2026-09-21 10:03:21,SPX,7708.6,7646.97,7480.0,10,1795,0.4265,0.000678
2026-09-21 10:03:21,SPX,7708.6,7646.97,7940.0,56,10,0.2347,0.000678
2026-09-21 10:03:21,SPX,7708.6,7646.97,7475.0,94,1195,0.435,0.000678
2026-09-21 10:03:21,SPX,7708.6,7646.97,7470.0,11,2153,0.4436,0.000678
2026-09-21 10:03:21,SPX,7708.6,7646.97,7950.0,693,3,0.2306,0.000678
2026-09-21 10:03:21,SPX,7708.6,7646.97,7465.0,2,399,0.4521,0.000678
2026-09-21 10:03:21,SPX,7708.6,7646.97,7460.0,22,547,0.4607,0.000678
2026-09-21 10:03:21,SPX,7708.6,7646.97,7710.0,914,111,0.0987,0.003416
2026-09-21 10:03:21,SPX,7708.6,7646.97,7705.0,391,17,0.1,0.003416
2026-09-21 10:03:21,SPX,7708.6,7646.97,7715.0,534,33,0.0977,0.003416
2026-09-21 10:03:21,SPX,7708.6,7646.97,7700.0,1722,355,0.1018,0.003416
2026-09-21 10:03:21,SPX,7708.6,7646.97,7720.0,532,30,0.0964,0.003416
2026-09-21 10:03:21,SPX,7708.6,7646.97,7695.0,2376,67,0.1033,0.003416
2026-09-21 10:03:21,SPX,7708.6,7646.97,7725.0,1132,117,0.0949,0.003416
2026-09-21 10:03:21,SPX,7708.6,7646.97,7690.0,748,286,0.1049,0.003416
2026-09-21 10:03:21,SPX,7708.6,7646.97,7730.0,432,74,0.0935,0.003416
2026-09-21 10:03:21,SPX,7708.6,7646.97,7685.0,598,93,0.1068,0.003416
2026-09-21 10:03:21,SPX,7708.6,7646.97,7735.0,530,11,0.0926,0.003416
2026-09-21 10:03:21,SPX,7708.6,7646.97,7680.0,688,224,0.1087,0.003416
2026-09-21 10:03:21,SPX,7708.6,7646.97,7740.0,697,135,0.0922,0.003416
2026-09-21 10:03:21,SPX,7708.6,7646.97,7675.0,5195,825,0.1106,0.003416
2026-09-21 10:03:21,SPX,7708.6,7646.97,7745.0,550,2,0.0921,0.003416
2026-09-21 10:03:21,SPX,7708.6,7646.97,7670.0,2285,138,0.1129,0.003416
2026-09-21 10:03:21,SPX,7708.6,7646.97,7750.0,1979,277,0.0918,0.003416
2026-09-21 10:03:21,SPX,7708.6,7646.97,7665.0,324,89,0.1149,0.003416
2026-09-21 10:03:21,SPX,7708.6,7646.97,7755.0,2301,8,0.0915,0.003416
2026-09-21 10:03:21,SPX,7708.6,7646.97,7660.0,423,292,0.1175,0.003416
2026-09-21 10:03:21,SPX,7708.6,7646.97,7760.0,1025,13,0.0912,0.003416
2026-09-21 10:03:21,SPX,7708.6,7646.97,7655.0,315,98,0.1202,0.003416
2026-09-21 10:03:21,SPX,7708.6,7646.97,7765.0,464,12,0.091,0.003416
2026-09-21 10:03:21,SPX,7708.6,7646.97,7650.0,5409,535,0.1225,0.003416
2026-09-21 10:03:21,SPX,7708.6,7646.97,7770.0,318,27,0.0912,0.003416
2026-09-21 10:03:21,SPX,7708.6,7646.97,7645.0,239,2182,0.1249,0.003416
2026-09-21 10:03:21,SPX,7708.6,7646.97,7775.0,2198,14,0.0917,0.003416
2026-09-21 10:03:21,SPX,7708.6,7646.97,7640.0,856,4191,0.1271,0.003416
2026-09-21 10:03:21,SPX,7708.6,7646.97,7780.0,704,23,0.0926,0.003416
2026-09-21 10:03:21,SPX,7708.6,7646.97,7635.0,211,245,0.1294,0.003416
2026-09-21 10:03:21,SPX,7708.6,7646.97,7785.0,802,2,0.0939,0.003416
2026-09-21 10:03:21,SPX,7708.6,7646.97,7630.0,0,278,0.132,0.003416
2026-09-21 10:03:21,SPX,7708.6,7646.97,7790.0,457,15,0.0956,0.003416
2026-09-21 10:03:21,SPX,7708.6,7646.97,7625.0,591,981,0.1348,0.003416
2026-09-21 10:03:21,SPX,7708.6,7646.97,7795.0,532,0,0.0975,0.003416
2026-09-21 10:03:21,SPX,7708.6,7646.97,7620.0,255,2253,0.1378,0.003416
2026-09-21 10:03:21,SPX,7708.6,7646.97,7800.0,1808,99,0.0996,0.003416
2026-09-21 10:03:21,SPX,7708.6,7646.97,7615.0,157,4227,0.1408,0.003416
2026-09-21 10:03:21,SPX,7708.6,7646.97,7805.0,387,0,0.1018,0.003416
2026-09-21 10:03:21,SPX,7708.6,7646.97,7610.0,145,363,0.1441,0.003416
2026-09-21 10:03:21,SPX,7708.6,7646.97,7810.0,661,9,0.104,0.003416
2026-09-21 10:03:21,SPX,7708.6,7646.97,7605.0,137,107,0.1475,0.003416
2026-09-21 10:03:21,SPX,7708.6,7646.97,7815.0,364,1,0.106,0.003416
2026-09-21 10:03:21,SPX,7708.6,7646.97,7600.0,379,2310,0.1505,0.003416
2026-09-21 10:03:21,SPX,7708.6,7646.97,7820.0,256,7,0.108,0.003416
2026-09-21 10:03:21,SPX,7708.6,7646.97,7595.0,92,334,0.1531,0.003416
2026-09-21 10:03:21,SPX,7708.6,7646.97,7825.0,1062,5,0.1099,0.003416
2026-09-21 10:03:21,SPX,7708.6,7646.97,7590.0,69,710,0.1563,0.003416
2026-09-21 10:03:21,SPX,7708.6,7646.97,7830.0,557,2,0.1119,0.003416
2026-09-21 10:03:21,SPX,7708.6,7646.97,7585.0,226,3244,0.1591,0.003416
2026-09-21 10:03:21,SPX,7708.6,7646.97,7580.0,381,566,0.1615,0.003416
2026-09-21 10:03:21,SPX,7708.6,7646.97,7840.0,571,0,0.1166,0.003416
2026-09-21 10:03:21,SPX,7708.6,7646.97,7575.0,51,1638,0.1641,0.003416
2026-09-21 10:03:21,SPX,7708.6,7646.97,7570.0,81,372,0.1671,0.003416
2026-09-21 10:03:21,SPX,7708.6,7646.97,7850.0,964,6,0.1226,0.003416
2026-09-21 10:03:21,SPX,7708.6,7646.97,7565.0,36,190,0.1703,0.003416
2026-09-21 10:03:21,SPX,7708.6,7646.97,7560.0,37,979,0.1738,0.003416
2026-09-21 10:03:21,SPX,7708.6,7646.97,7860.0,390,0,0.1291,0.003416
2026-09-21 10:03:21,SPX,7708.6,7646.97,7555.0,55,85,0.1773,0.003416
2026-09-21 10:03:21,SPX,7708.6,7646.97,7550.0,54,2207,0.1807,0.003416
2026-09-21 10:03:21,SPX,7708.6,7646.97,7870.0,471,0,0.1337,0.003416
2026-09-21 10:03:21,SPX,7708.6,7646.97,7545.0,29,148,0.1841,0.003416
2026-09-21 10:03:21,SPX,7708.6,7646.97,7875.0,453,3,0.135,0.003416
2026-09-21 10:03:21,SPX,7708.6,7646.97,7540.0,16,247,0.1874,0.003416
2026-09-21 10:03:21,SPX,7708.6,7646.97,7880.0,346,5,0.1356,0.003416
2026-09-21 10:03:21,SPX,7708.6,7646.97,7535.0,20,281,0.1906,0.003416
2026-09-21 10:03:21,SPX,7708.6,7646.97,7530.0,21,529,0.1938,0.003416
2026-09-21 10:03:21,SPX,7708.6,7646.97,7890.0,573,0,0.1347,0.003416
2026-09-21 10:03:21,SPX,7708.6,7646.97,7525.0,47,363,0.1968,0.003416
2026-09-21 10:03:21,SPX,7708.6,7646.97,7520.0,11,227,0.1998,0.003416
2026-09-21 10:03:21,SPX,7708.6,7646.97,7900.0,871,9,0.132,0.003416
2026-09-21 10:03:21,SPX,7708.6,7646.97,7515.0,14,275,0.2028,0.003416
2026-09-21 10:03:21,SPX,7708.6,7646.97,7510.0,43,685,0.2058,0.003416
2026-09-21 10:03:21,SPX,7708.6,7646.97,7910.0,353,0,0.1283,0.003416
2026-09-21 10:03:21,SPX,7708.6,7646.97,7505.0,9,293,0.2089,0.003416
2026-09-21 10:03:21,SPX,7708.6,7646.97,7500.0,73,1458,0.2119,0.003416
2026-09-21 10:03:21,SPX,7708.6,7646.97,7920.0,268,0,0.1246,0.003416
2026-09-21 10:03:21,SPX,7708.6,7646.97,7495.0,14,165,0.215,0.003416
2026-09-21 10:03:21,SPX,7708.6,7646.97,7925.0,202,0,0.1231,0.003416
2026-09-21 10:03:21,SPX,7708.6,7646.97,7490.0,63,459,0.2181,0.003416
2026-09-21 10:03:21,SPX,7708.6,7646.97,7930.0,148,0,0.1216,0.003416
2026-09-21 10:03:21,SPX,7708.6,7646.97,7485.0,122,609,0.2213,0.003416
2026-09-21 10:03:21,SPX,7708.6,7646.97,7480.0,62,1676,0.2245,0.003416
2026-09-21 10:03:21,SPX,7708.6,7646.97,7940.0,16,0,0.1189,0.003416
2026-09-21 10:03:21,SPX,7708.6,7646.97,7475.0,11,613,0.2278,0.003416
2026-09-21 10:03:21,SPX,7708.6,7646.97,7470.0,1,597,0.2312,0.003416
2026-09-21 10:03:21,SPX,7708.6,7646.97,7950.0,488,4,0.1162,0.003416
2026-09-21 10:03:21,SPX,7708.6,7646.97,7465.0,1,361,0.2345,0.003416
2026-09-21 10:03:21,SPX,7708.6,7646.97,7460.0,1,331,0.238,0.003416
2026-09-21 10:03:21,SPX,7708.6,7646.97,7710.0,273,24,0.1011,0.006154
2026-09-21 10:03:21,SPX,7708.6,7646.97,7705.0,173,18,0.1021,0.006154
2026-09-21 10:03:21,SPX,7708.6,7646.97,7715.0,396,23,0.1003,0.006154
2026-09-21 10:03:21,SPX,7708.6,7646.97,7700.0,545,205,0.1032,0.006154
2026-09-21 10:03:21,SPX,7708.6,7646.97,7720.0,581,32,0.0993,0.006154
2026-09-21 10:03:21,SPX,7708.6,7646.97,7695.0,1346,23,0.1044,0.006154
2026-09-21 10:03:21,SPX,7708.6,7646.97,7725.0,1169,40,0.0984,0.006154
2026-09-21 10:03:21,SPX,7708.6,7646.97,7690.0,503,94,0.1058,0.006154
2026-09-21 10:03:21,SPX,7708.6,7646.97,7730.0,699,146,0.0976,0.006154
2026-09-21 10:03:21,SPX,7708.6,7646.97,7685.0,472,70,0.1069,0.006154
2026-09-21 10:03:21,SPX,7708.6,7646.97,7735.0,724,5,0.0967,0.006154
2026-09-21 10:03:21,SPX,7708.6,7646.97,7680.0,348,97,0.1087,0.006154
2026-09-21 10:03:21,SPX,7708.6,7646.97,7740.0,565,48,0.0957,0.006154
2026-09-21 10:03:21,SPX,7708.6,7646.97,7675.0,345,482,0.1098,0.006154
2026-09-21 10:03:21,SPX,7708.6,7646.97,7745.0,546,0,0.0948,0.006154
2026-09-21 10:03:21,SPX,7708.6,7646.97,7670.0,1202,153,0.1115,0.006154
2026-09-21 10:03:21,SPX,7708.6,7646.97,7750.0,2183,133,0.094,0.006154
2026-09-21 10:03:21,SPX,7708.6,7646.97,7665.0,485,111,0.113,0.006154
2026-09-21 10:03:21,SPX,7708.6,7646.97,7755.0,389,5,0.0932,0.006154
2026-09-21 10:03:21,SPX,7708.6,7646.97,7660.0,246,167,0.1146,0.006154
2026-09-21 10:03:21,SPX,7708.6,7646.97,7760.0,819,18,0.0927,0.006154
2026-09-21 10:03:21,SPX,7708.6,7646.97,7655.0,922,139,0.1163,0.006154
2026-09-21 10:03:21,SPX,7708.6,7646.97,7765.0,1706,3,0.0923,0.006154
2026-09-21 10:03:21,SPX,7708.6,7646.97,7650.0,840,358,0.118,0.006154
2026-09-21 10:03:21,SPX,7708.6,7646.97,7770.0,2119,18,0.0921,0.006154
2026-09-21 10:03:21,SPX,7708.6,7646.97,7645.0,595,119,0.1199,0.006154
2026-09-21 10:03:21,SPX,7708.6,7646.97,7775.0,1259,31,0.0919,0.006154
2026-09-21 10:03:21,SPX,7708.6,7646.97,7640.0,207,348,0.1226,0.006154
2026-09-21 10:03:21,SPX,7708.6,7646.97,7780.0,707,3,0.0918,0.006154
2026-09-21 10:03:21,SPX,7708.6,7646.97,7635.0,473,1160,0.1241,0.006154
2026-09-21 10:03:21,SPX,7708.6,7646.97,7785.0,979,18,0.0917,0.006154
2026-09-21 10:03:21,SPX,7708.6,7646.97,7630.0,508,415,0.1253,0.006154
2026-09-21 10:03:21,SPX,7708.6,7646.97,7790.0,3378,5,0.0917,0.006154
2026-09-21 10:03:21,SPX,7708.6,7646.97,7625.0,523,379,0.1271,0.006154
2026-09-21 10:03:21,SPX,7708.6,7646.97,7795.0,1047,0,0.0917,0.006154
2026-09-21 10:03:21,SPX,7708.6,7646.97,7620.0,163,367,0.1297,0.006154
2026-09-21 10:03:21,SPX,7708.6,7646.97,7800.0,1221,454,0.0918,0.006154
2026-09-21 10:03:21,SPX,7708.6,7646.97,7615.0,119,439,0.1316,0.006154
2026-09-21 10:03:21,SPX,7708.6,7646.97,7805.0,367,5,0.0919,0.006154
2026-09-21 10:03:21,SPX,7708.6,7646.97,7610.0,145,1660,0.133,0.006154
2026-09-21 10:03:21,SPX,7708.6,7646.97,7810.0,591,5,0.0922,0.006154
2026-09-21 10:03:21,SPX,7708.6,7646.97,7605.0,293,116,0.1352,0.006154
2026-09-21 10:03:21,SPX,7708.6,7646.97,7815.0,319,3,0.0927,0.006154
2026-09-21 10:03:21,SPX,7708.6,7646.97,7600.0,367,726,0.1375,0.006154
2026-09-21 10:03:21,SPX,7708.6,7646.97,7820.0,625,10,0.0933,0.006154
2026-09-21 10:03:21,SPX,7708.6,7646.97,7595.0,88,148,0.1399,0.006154
2026-09-21 10:03:21,SPX,7708.6,7646.97,7825.0,588,4,0.0942,0.006154
2026-09-21 10:03:21,SPX,7708.6,7646.97,7590.0,101,177,0.1424,0.006154
2026-09-21 10:03:21,SPX,7708.6,7646.97,7830.0,337,10,0.0952,0.006154
2026-09-21 10:03:21,SPX,7708.6,7646.97,7585.0,88,367,0.1446,0.006154
2026-09-21 10:03:21,SPX,7708.6,7646.97,7835.0,77,0,0.0964,0.006154
2026-09-21 10:03:21,SPX,7708.6,7646.97,7580.0,59,405,0.1465,0.006154
2026-09-21 10:03:21,SPX,7708.6,7646.97,7840.0,384,0,0.0977,0.006154
2026-09-21 10:03:21,SPX,7708.6,7646.97,7575.0,86,1035,0.1482,0.006154
2026-09-21 10:03:21,SPX,7708.6,7646.97,7845.0,7,0,0.0991,0.006154
2026-09-21 10:03:21,SPX,7708.6,7646.97,7570.0,43,155,0.15,0.006154
2026-09-21 10:03:21,SPX,7708.6,7646.97,7850.0,3164,10,0.1006,0.006154
2026-09-21 10:03:21,SPX,7708.6,7646.97,7565.0,40,147,0.1519,0.006154
2026-09-21 10:03:21,SPX,7708.6,7646.97,7855.0,9,0,0.1023,0.006154
2026-09-21 10:03:21,SPX,7708.6,7646.97,7560.0,53,479,0.154,0.006154
2026-09-21 10:03:21,SPX,7708.6,7646.97,7860.0,311,0,0.104,0.006154
2026-09-21 10:03:21,SPX,7708.6,7646.97,7555.0,31,243,0.1562,0.006154
2026-09-21 10:03:21,SPX,7708.6,7646.97,7865.0,40,0,0.1059,0.006154
2026-09-21 10:03:21,SPX,7708.6,7646.97,7550.0,48,1776,0.1587,0.006154
2026-09-21 10:03:21,SPX,7708.6,7646.97,7870.0,569,0,0.1079,0.006154
2026-09-21 10:03:21,SPX,7708.6,7646.97,7545.0,20,607,0.1613,0.006154
2026-09-21 10:03:21,SPX,7708.6,7646.97,7875.0,360,3,0.11,0.006154
2026-09-21 10:03:21,SPX,7708.6,7646.97,7540.0,53,518,0.1639,0.006154
2026-09-21 10:03:21,SPX,7708.6,7646.97,7880.0,478,1,0.1122,0.006154
2026-09-21 10:03:21,SPX,7708.6,7646.97,7535.0,37,258,0.1665,0.006154
2026-09-21 10:03:21,SPX,7708.6,7646.97,7530.0,50,173,0.169,0.006154
2026-09-21 10:03:21,SPX,7708.6,7646.97,7890.0,232,0,0.1167,0.006154
2026-09-21 10:03:21,SPX,7708.6,7646.97,7525.0,20,286,0.1715,0.006154
2026-09-21 10:03:21,SPX,7708.6,7646.97,7520.0,10,187,0.1739,0.006154
2026-09-21 10:03:21,SPX,7708.6,7646.97,7900.0,970,0,0.1215,0.006154
2026-09-21 10:03:21,SPX,7708.6,7646.97,7515.0,3,120,0.1762,0.006154
2026-09-21 10:03:21,SPX,7708.6,7646.97,7510.0,2,499,0.1785,0.006154
2026-09-21 10:03:21,SPX,7708.6,7646.97,7910.0,290,1,0.1264,0.006154
2026-09-21 10:03:21,SPX,7708.6,7646.97,7505.0,29,168,0.1808,0.006154
2026-09-21 10:03:21,SPX,7708.6,7646.97,7500.0,94,1237,0.1831,0.006154
2026-09-21 10:03:21,SPX,7708.6,7646.97,7920.0,91,0,0.1314,0.006154
2026-09-21 10:03:21,SPX,7708.6,7646.97,7495.0,5,200,0.1854,0.006154
2026-09-21 10:03:21,SPX,7708.6,7646.97,7925.0,700,4,0.134,0.006154
2026-09-21 10:03:21,SPX,7708.6,7646.97,7490.0,1,149,0.1877,0.006154
2026-09-21 10:03:21,SPX,7708.6,7646.97,7930.0,125,0,0.1366,0.006154
2026-09-21 10:03:21,SPX,7708.6,7646.97,7485.0,0,89,0.1899,0.006154
2026-09-21 10:03:21,SPX,7708.6,7646.97,7480.0,0,404,0.1923,0.006154
2026-09-21 10:03:21,SPX,7708.6,7646.97,7475.0,4,637,0.1946,0.006154
2026-09-21 10:03:21,SPX,7708.6,7646.97,7470.0,3,281,0.197,0.006154
2026-09-21 10:03:21,SPX,7708.6,7646.97,7950.0,631,0,0.1461,0.006154
2026-09-21 10:03:21,SPX,7708.6,7646.97,7465.0,1,194,0.1994,0.006154
2026-09-21 10:03:21,SPX,7708.6,7646.97,7460.0,3,899,0.2018,0.006154
2026-09-21 10:33:34,SPX,7721.9,7645.21,7720.0,2095,361,0.1075,0.000621
2026-09-21 10:33:34,SPX,7721.9,7645.21,7725.0,2265,392,0.1068,0.000621
2026-09-21 10:33:34,SPX,7721.9,7645.21,7715.0,2195,204,0.1101,0.000621
2026-09-21 10:33:34,SPX,7721.9,7645.21,7730.0,1321,181,0.1081,0.000621
2026-09-21 10:33:34,SPX,7721.9,7645.21,7710.0,2696,135,0.1118,0.000621
2026-09-21 10:33:34,SPX,7721.9,7645.21,7735.0,1535,196,0.1093,0.000621
2026-09-21 10:33:34,SPX,7721.9,7645.21,7705.0,3206,81,0.1155,0.000621
2026-09-21 10:33:34,SPX,7721.9,7645.21,7740.0,1504,193,0.1119,0.000621
2026-09-21 10:33:34,SPX,7721.9,7645.21,7700.0,8600,3999,0.121,0.000621
2026-09-21 10:33:34,SPX,7721.9,7645.21,7745.0,776,37,0.1148,0.000621
2026-09-21 10:33:34,SPX,7721.9,7645.21,7695.0,2627,125,0.1272,0.000621
2026-09-21 10:33:34,SPX,7721.9,7645.21,7750.0,2528,308,0.1194,0.000621
2026-09-21 10:33:34,SPX,7721.9,7645.21,7690.0,1584,356,0.1334,0.000621
2026-09-21 10:33:34,SPX,7721.9,7645.21,7755.0,1505,34,0.1242,0.000621
2026-09-21 10:33:34,SPX,7721.9,7645.21,7685.0,1983,254,0.14,0.000621
2026-09-21 10:33:34,SPX,7721.9,7645.21,7760.0,2830,95,0.1292,0.000621
2026-09-21 10:33:34,SPX,7721.9,7645.21,7680.0,1599,128,0.1474,0.000621
2026-09-21 10:33:34,SPX,7721.9,7645.21,7765.0,944,38,0.1361,0.000621
2026-09-21 10:33:34,SPX,7721.9,7645.21,7675.0,2246,734,0.1551,0.000621
2026-09-21 10:33:34,SPX,7721.9,7645.21,7770.0,1320,41,0.143,0.000621
2026-09-21 10:33:34,SPX,7721.9,7645.21,7670.0,1298,247,0.1622,0.000621
2026-09-21 10:33:34,SPX,7721.9,7645.21,7775.0,1679,143,0.1492,0.000621
2026-09-21 10:33:34,SPX,7721.9,7645.21,7665.0,1182,173,0.1686,0.000621
2026-09-21 10:33:34,SPX,7721.9,7645.21,7780.0,903,34,0.1548,0.000621
2026-09-21 10:33:34,SPX,7721.9,7645.21,7660.0,1291,303,0.1776,0.000621
2026-09-21 10:33:34,SPX,7721.9,7645.21,7785.0,2955,14,0.1602,0.000621
2026-09-21 10:33:34,SPX,7721.9,7645.21,7655.0,2475,300,0.1862,0.000621
2026-09-21 10:33:34,SPX,7721.9,7645.21,7790.0,752,79,0.1657,0.000621
2026-09-21 10:33:34,SPX,7721.9,7645.21,7650.0,2820,1523,0.1937,0.000621
2026-09-21 10:33:34,SPX,7721.9,7645.21,7795.0,1006,0,0.1715,0.000621
2026-09-21 10:33:34,SPX,7721.9,7645.21,7645.0,1505,1350,0.2024,0.000621
2026-09-21 10:33:34,SPX,7721.9,7645.21,7800.0,2025,591,0.1777,0.000621
2026-09-21 10:33:34,SPX,7721.9,7645.21,7640.0,1937,1427,0.2128,0.000621
2026-09-21 10:33:34,SPX,7721.9,7645.21,7805.0,627,7,0.1844,0.000621
2026-09-21 10:33:34,SPX,7721.9,7645.21,7635.0,1159,899,0.2197,0.000621
2026-09-21 10:33:34,SPX,7721.9,7645.21,7810.0,609,6,0.1912,0.000621
2026-09-21 10:33:34,SPX,7721.9,7645.21,7630.0,996,2074,0.2285,0.000621
2026-09-21 10:33:34,SPX,7721.9,7645.21,7815.0,930,0,0.1982,0.000621
2026-09-21 10:33:34,SPX,7721.9,7645.21,7625.0,1140,2822,0.2387,0.000621
2026-09-21 10:33:34,SPX,7721.9,7645.21,7820.0,1034,22,0.205,0.000621
2026-09-21 10:33:34,SPX,7721.9,7645.21,7620.0,438,1881,0.2483,0.000621
2026-09-21 10:33:34,SPX,7721.9,7645.21,7825.0,1658,23,0.2116,0.000621
2026-09-21 10:33:34,SPX,7721.9,7645.21,7615.0,311,1459,0.2579,0.000621
2026-09-21 10:33:34,SPX,7721.9,7645.21,7830.0,849,0,0.2179,0.000621
2026-09-21 10:33:34,SPX,7721.9,7645.21,7610.0,324,1457,0.2672,0.000621
2026-09-21 10:33:34,SPX,7721.9,7645.21,7835.0,381,0,0.2237,0.000621
2026-09-21 10:33:34,SPX,7721.9,7645.21,7605.0,269,1198,0.2758,0.000621
2026-09-21 10:33:34,SPX,7721.9,7645.21,7840.0,670,3,0.2291,0.000621
2026-09-21 10:33:34,SPX,7721.9,7645.21,7600.0,815,3228,0.2842,0.000621
2026-09-21 10:33:34,SPX,7721.9,7645.21,7845.0,369,1,0.2339,0.000621
2026-09-21 10:33:34,SPX,7721.9,7645.21,7595.0,162,1148,0.15,0.000621
2026-09-21 10:33:34,SPX,7721.9,7645.21,7850.0,2471,18,0.15,0.000621
2026-09-21 10:33:34,SPX,7721.9,7645.21,7590.0,123,1593,0.3011,0.000621
2026-09-21 10:33:34,SPX,7721.9,7645.21,7855.0,2,0,0.242,0.000621
2026-09-21 10:33:34,SPX,7721.9,7645.21,7585.0,531,2022,0.3098,0.000621
2026-09-21 10:33:34,SPX,7721.9,7645.21,7860.0,1255,105,0.2452,0.000621
2026-09-21 10:33:34,SPX,7721.9,7645.21,7580.0,126,1298,0.3157,0.000621
2026-09-21 10:33:34,SPX,7721.9,7645.21,7865.0,15,0,0.2476,0.000621
2026-09-21 10:33:34,SPX,7721.9,7645.21,7575.0,959,2486,0.15,0.000621
2026-09-21 10:33:34,SPX,7721.9,7645.21,7870.0,692,0,0.2493,0.000621
2026-09-21 10:33:34,SPX,7721.9,7645.21,7570.0,990,1630,0.15,0.000621
2026-09-21 10:33:34,SPX,7721.9,7645.21,7875.0,1297,1,0.15,0.000621
2026-09-21 10:33:34,SPX,7721.9,7645.21,7565.0,93,1481,0.15,0.000621
2026-09-21 10:33:34,SPX,7721.9,7645.21,7880.0,2025,6,0.15,0.000621
2026-09-21 10:33:34,SPX,7721.9,7645.21,7560.0,244,2038,0.3515,0.000621
2026-09-21 10:33:34,SPX,7721.9,7645.21,7555.0,68,2289,0.3595,0.000621
2026-09-21 10:33:34,SPX,7721.9,7645.21,7890.0,503,22,0.15,0.000621
2026-09-21 10:33:34,SPX,7721.9,7645.21,7550.0,181,3102,0.3677,0.000621
2026-09-21 10:33:34,SPX,7721.9,7645.21,7545.0,37,1460,0.3759,0.000621
2026-09-21 10:33:34,SPX,7721.9,7645.21,7900.0,1037,21,0.2509,0.000621
2026-09-21 10:33:34,SPX,7721.9,7645.21,7540.0,91,1396,0.384,0.000621
2026-09-21 10:33:34,SPX,7721.9,7645.21,7535.0,48,1245,0.3919,0.000621
2026-09-21 10:33:34,SPX,7721.9,7645.21,7910.0,454,5,0.249,0.000621
2026-09-21 10:33:34,SPX,7721.9,7645.21,7530.0,64,2076,0.3997,0.000621
2026-09-21 10:33:34,SPX,7721.9,7645.21,7525.0,66,3247,0.4072,0.000621
2026-09-21 10:33:34,SPX,7721.9,7645.21,7920.0,459,0,0.2463,0.000621
2026-09-21 10:33:34,SPX,7721.9,7645.21,7520.0,38,3803,0.4145,0.000621
2026-09-21 10:33:34,SPX,7721.9,7645.21,7925.0,558,33,0.2447,0.000621
2026-09-21 10:33:34,SPX,7721.9,7645.21,7515.0,42,2080,0.4216,0.000621
2026-09-21 10:33:34,SPX,7721.9,7645.21,7930.0,148,0,0.243,0.000621
2026-09-21 10:33:34,SPX,7721.9,7645.21,7510.0,24,1634,0.4287,0.000621
2026-09-21 10:33:34,SPX,7721.9,7645.21,7505.0,17,754,0.4357,0.000621
2026-09-21 10:33:34,SPX,7721.9,7645.21,7940.0,56,10,0.2394,0.000621
2026-09-21 10:33:34,SPX,7721.9,7645.21,7500.0,39,5088,0.4428,0.000621
2026-09-21 10:33:34,SPX,7721.9,7645.21,7495.0,12,954,0.45,0.000621
2026-09-21 10:33:34,SPX,7721.9,7645.21,7950.0,693,3,0.2354,0.000621
2026-09-21 10:33:34,SPX,7721.9,7645.21,7490.0,21,1598,0.4572,0.000621
2026-09-21 10:33:34,SPX,7721.9,7645.21,7485.0,6,623,0.4644,0.000621
2026-09-21 10:33:34,SPX,7721.9,7645.21,7480.0,10,1795,0.4718,0.000621
2026-09-21 10:33:34,SPX,7721.9,7645.21,7475.0,94,1195,0.4791,0.000621
2026-09-21 10:33:34,SPX,7721.9,7645.21,7720.0,532,30,0.0982,0.003358
2026-09-21 10:33:34,SPX,7721.9,7645.21,7725.0,1132,117,0.0961,0.003358
2026-09-21 10:33:34,SPX,7721.9,7645.21,7715.0,534,33,0.0991,0.003358
2026-09-21 10:33:34,SPX,7721.9,7645.21,7730.0,432,74,0.0952,0.003358
2026-09-21 10:33:34,SPX,7721.9,7645.21,7710.0,914,111,0.1003,0.003358
2026-09-21 10:33:34,SPX,7721.9,7645.21,7735.0,530,11,0.0945,0.003358
2026-09-21 10:33:34,SPX,7721.9,7645.21,7705.0,391,17,0.1026,0.003358
2026-09-21 10:33:34,SPX,7721.9,7645.21,7740.0,697,135,0.0936,0.003358
2026-09-21 10:33:34,SPX,7721.9,7645.21,7700.0,1722,355,0.1037,0.003358
2026-09-21 10:33:34,SPX,7721.9,7645.21,7745.0,550,2,0.0932,0.003358
2026-09-21 10:33:34,SPX,7721.9,7645.21,7695.0,2376,67,0.1056,0.003358
2026-09-21 10:33:34,SPX,7721.9,7645.21,7750.0,1979,277,0.0928,0.003358
2026-09-21 10:33:34,SPX,7721.9,7645.21,7690.0,748,286,0.1082,0.003358
2026-09-21 10:33:34,SPX,7721.9,7645.21,7755.0,2301,8,0.0929,0.003358
2026-09-21 10:33:34,SPX,7721.9,7645.21,7685.0,598,93,0.1099,0.003358
2026-09-21 10:33:34,SPX,7721.9,7645.21,7760.0,1025,13,0.0925,0.003358
2026-09-21 10:33:34,SPX,7721.9,7645.21,7680.0,688,224,0.1126,0.003358
2026-09-21 10:33:34,SPX,7721.9,7645.21,7765.0,464,12,0.0929,0.003358
2026-09-21 10:33:34,SPX,7721.9,7645.21,7675.0,5195,825,0.1139,0.003358
2026-09-21 10:33:34,SPX,7721.9,7645.21,7770.0,318,27,0.093,0.003358
2026-09-21 10:33:34,SPX,7721.9,7645.21,7670.0,2285,138,0.116,0.003358
2026-09-21 10:33:34,SPX,7721.9,7645.21,7775.0,2198,14,0.0934,0.003358
2026-09-21 10:33:34,SPX,7721.9,7645.21,7665.0,324,89,0.1189,0.003358
2026-09-21 10:33:34,SPX,7721.9,7645.21,7780.0,704,23,0.0939,0.003358
2026-09-21 10:33:34,SPX,7721.9,7645.21,7660.0,423,292,0.1221,0.003358
2026-09-21 10:33:34,SPX,7721.9,7645.21,7785.0,802,2,0.0948,0.003358
2026-09-21 10:33:34,SPX,7721.9,7645.21,7655.0,315,98,0.1247,0.003358
2026-09-21 10:33:34,SPX,7721.9,7645.21,7790.0,457,15,0.0962,0.003358
2026-09-21 10:33:34,SPX,7721.9,7645.21,7650.0,5409,535,0.1269,0.003358
2026-09-21 10:33:34,SPX,7721.9,7645.21,7795.0,532,0,0.0977,0.003358
2026-09-21 10:33:34,SPX,7721.9,7645.21,7645.0,239,2182,0.1289,0.003358
2026-09-21 10:33:34,SPX,7721.9,7645.21,7800.0,1808,99,0.0994,0.003358
2026-09-21 10:33:34,SPX,7721.9,7645.21,7640.0,856,4191,0.1313,0.003358
2026-09-21 10:33:34,SPX,7721.9,7645.21,7805.0,387,0,0.101,0.003358
2026-09-21 10:33:34,SPX,7721.9,7645.21,7635.0,211,245,0.1341,0.003358
2026-09-21 10:33:34,SPX,7721.9,7645.21,7810.0,661,9,0.1025,0.003358
2026-09-21 10:33:34,SPX,7721.9,7645.21,7630.0,563,278,0.1371,0.003358
2026-09-21 10:33:34,SPX,7721.9,7645.21,7815.0,364,1,0.104,0.003358
2026-09-21 10:33:34,SPX,7721.9,7645.21,7625.0,591,981,0.1403,0.003358
2026-09-21 10:33:34,SPX,7721.9,7645.21,7820.0,256,7,0.1056,0.003358
2026-09-21 10:33:34,SPX,7721.9,7645.21,7620.0,255,2253,0.1437,0.003358
2026-09-21 10:33:34,SPX,7721.9,7645.21,7825.0,1062,5,0.1074,0.003358
2026-09-21 10:33:34,SPX,7721.9,7645.21,7615.0,157,4227,0.1472,0.003358
2026-09-21 10:33:34,SPX,7721.9,7645.21,7830.0,557,2,0.1094,0.003358
2026-09-21 10:33:34,SPX,7721.9,7645.21,7610.0,145,363,0.1504,0.003358
2026-09-21 10:33:34,SPX,7721.9,7645.21,7605.0,137,107,0.1533,0.003358
2026-09-21 10:33:34,SPX,7721.9,7645.21,7840.0,571,0,0.1143,0.003358
2026-09-21 10:33:34,SPX,7721.9,7645.21,7600.0,379,2310,0.1561,0.003358
2026-09-21 10:33:34,SPX,7721.9,7645.21,7595.0,92,334,0.1592,0.003358
2026-09-21 10:33:34,SPX,7721.9,7645.21,7850.0,964,6,0.1189,0.003358
2026-09-21 10:33:34,SPX,7721.9,7645.21,7590.0,69,710,0.1615,0.003358
2026-09-21 10:33:34,SPX,7721.9,7645.21,7585.0,226,3244,0.1637,0.003358
2026-09-21 10:33:34,SPX,7721.9,7645.21,7860.0,390,0,0.1233,0.003358
2026-09-21 10:33:34,SPX,7721.9,7645.21,7580.0,381,566,0.1668,0.003358
2026-09-21 10:33:34,SPX,7721.9,7645.21,7575.0,51,1638,0.1705,0.003358
2026-09-21 10:33:34,SPX,7721.9,7645.21,7570.0,81,372,0.1743,0.003358
2026-09-21 10:33:34,SPX,7721.9,7645.21,7875.0,453,3,0.1325,0.003358
2026-09-21 10:33:34,SPX,7721.9,7645.21,7565.0,36,190,0.1781,0.003358
2026-09-21 10:33:34,SPX,7721.9,7645.21,7880.0,346,5,0.1363,0.003358
2026-09-21 10:33:34,SPX,7721.9,7645.21,7560.0,37,979,0.1818,0.003358
2026-09-21 10:33:34,SPX,7721.9,7645.21,7555.0,55,85,0.1854,0.003358
2026-09-21 10:33:34,SPX,7721.9,7645.21,7890.0,573,0,0.1442,0.003358
2026-09-21 10:33:34,SPX,7721.9,7645.21,7550.0,54,2207,0.1888,0.003358
2026-09-21 10:33:34,SPX,7721.9,7645.21,7545.0,29,148,0.1921,0.003358
2026-09-21 10:33:34,SPX,7721.9,7645.21,7900.0,871,9,0.1518,0.003358
2026-09-21 10:33:34,SPX,7721.9,7645.21,7540.0,16,247,0.1952,0.003358
2026-09-21 10:33:34,SPX,7721.9,7645.21,7535.0,20,281,0.1983,0.003358
2026-09-21 10:33:34,SPX,7721.9,7645.21,7910.0,353,0,0.1571,0.003358
2026-09-21 10:33:34,SPX,7721.9,7645.21,7530.0,21,529,0.2014,0.003358
2026-09-21 10:33:34,SPX,7721.9,7645.21,7525.0,47,363,0.2044,0.003358
2026-09-21 10:33:34,SPX,7721.9,7645.21,7920.0,268,0,0.1593,0.003358
2026-09-21 10:33:34,SPX,7721.9,7645.21,7520.0,11,227,0.2074,0.003358
2026-09-21 10:33:34,SPX,7721.9,7645.21,7925.0,202,0,0.1589,0.003358
2026-09-21 10:33:34,SPX,7721.9,7645.21,7515.0,14,275,0.2105,0.003358
2026-09-21 10:33:34,SPX,7721.9,7645.21,7930.0,148,0,0.1572,0.003358
2026-09-21 10:33:34,SPX,7721.9,7645.21,7510.0,43,685,0.2136,0.003358
2026-09-21 10:33:34,SPX,7721.9,7645.21,7505.0,9,293,0.2167,0.003358
2026-09-21 10:33:34,SPX,7721.9,7645.21,7940.0,16,0,0.1514,0.003358
2026-09-21 10:33:34,SPX,7721.9,7645.21,7500.0,73,1458,0.2198,0.003358
2026-09-21 10:33:34,SPX,7721.9,7645.21,7495.0,14,165,0.223,0.003358
2026-09-21 10:33:34,SPX,7721.9,7645.21,7950.0,488,4,0.1443,0.003358
2026-09-21 10:33:34,SPX,7721.9,7645.21,7490.0,63,459,0.2263,0.003358
2026-09-21 10:33:34,SPX,7721.9,7645.21,7485.0,122,609,0.2296,0.003358
2026-09-21 10:33:34,SPX,7721.9,7645.21,7480.0,62,1676,0.2329,0.003358
2026-09-21 10:33:34,SPX,7721.9,7645.21,7475.0,11,613,0.2363,0.003358
2026-09-21 10:33:34,SPX,7721.9,7645.21,7720.0,581,32,0.1007,0.006096
2026-09-21 10:33:34,SPX,7721.9,7645.21,7725.0,1169,40,0.0998,0.006096
2026-09-21 10:33:34,SPX,7721.9,7645.21,7715.0,396,23,0.1015,0.006096
2026-09-21 10:33:34,SPX,7721.9,7645.21,7730.0,699,146,0.0988,0.006096
2026-09-21 10:33:34,SPX,7721.9,7645.21,7710.0,273,24,0.1025,0.006096
2026-09-21 10:33:34,SPX,7721.9,7645.21,7735.0,724,5,0.0981,0.006096
2026-09-21 10:33:34,SPX,7721.9,7645.21,7705.0,173,18,0.1035,0.006096
2026-09-21 10:33:34,SPX,7721.9,7645.21,7740.0,565,48,0.0975,0.006096
2026-09-21 10:33:34,SPX,7721.9,7645.21,7700.0,545,205,0.1049,0.006096
2026-09-21 10:33:34,SPX,7721.9,7645.21,7745.0,546,0,0.0967,0.006096
2026-09-21 10:33:34,SPX,7721.9,7645.21,7695.0,1346,23,0.106,0.006096
2026-09-21 10:33:34,SPX,7721.9,7645.21,7750.0,2183,133,0.0959,0.006096
2026-09-21 10:33:34,SPX,7721.9,7645.21,7690.0,503,94,0.1074,0.006096
2026-09-21 10:33:34,SPX,7721.9,7645.21,7755.0,389,5,0.0951,0.006096
2026-09-21 10:33:34,SPX,7721.9,7645.21,7685.0,472,70,0.1085,0.006096
2026-09-21 10:33:34,SPX,7721.9,7645.21,7760.0,819,18,0.0945,0.006096
2026-09-21 10:33:34,SPX,7721.9,7645.21,7680.0,348,97,0.11,0.006096
2026-09-21 10:33:34,SPX,7721.9,7645.21,7765.0,1706,3,0.094,0.006096
2026-09-21 10:33:34,SPX,7721.9,7645.21,7675.0,345,482,0.1119,0.006096
2026-09-21 10:33:34,SPX,7721.9,7645.21,7770.0,2119,18,0.0938,0.006096
2026-09-21 10:33:34,SPX,7721.9,7645.21,7670.0,1202,153,0.1134,0.006096
2026-09-21 10:33:34,SPX,7721.9,7645.21,7775.0,1259,31,0.0936,0.006096
2026-09-21 10:33:34,SPX,7721.9,7645.21,7665.0,485,111,0.115,0.006096
2026-09-21 10:33:34,SPX,7721.9,7645.21,7780.0,707,3,0.0936,0.006096
2026-09-21 10:33:34,SPX,7721.9,7645.21,7660.0,246,167,0.1173,0.006096
2026-09-21 10:33:34,SPX,7721.9,7645.21,7785.0,979,18,0.0936,0.006096
2026-09-21 10:33:34,SPX,7721.9,7645.21,7655.0,922,139,0.1194,0.006096
2026-09-21 10:33:34,SPX,7721.9,7645.21,7790.0,3378,5,0.0937,0.006096
2026-09-21 10:33:34,SPX,7721.9,7645.21,7650.0,840,358,0.1203,0.006096
2026-09-21 10:33:34,SPX,7721.9,7645.21,7795.0,1047,0,0.0938,0.006096
2026-09-21 10:33:34,SPX,7721.9,7645.21,7645.0,595,119,0.1226,0.006096
2026-09-21 10:33:34,SPX,7721.9,7645.21,7800.0,1221,454,0.0939,0.006096
2026-09-21 10:33:34,SPX,7721.9,7645.21,7640.0,207,348,0.1246,0.006096
2026-09-21 10:33:34,SPX,7721.9,7645.21,7805.0,367,5,0.094,0.006096
2026-09-21 10:33:34,SPX,7721.9,7645.21,7635.0,473,1160,0.1254,0.006096
2026-09-21 10:33:34,SPX,7721.9,7645.21,7810.0,591,5,0.0942,0.006096
2026-09-21 10:33:34,SPX,7721.9,7645.21,7630.0,508,415,0.1276,0.006096
2026-09-21 10:33:34,SPX,7721.9,7645.21,7815.0,319,3,0.0945,0.006096
2026-09-21 10:33:34,SPX,7721.9,7645.21,7625.0,523,379,0.1302,0.006096
2026-09-21 10:33:34,SPX,7721.9,7645.21,7820.0,625,10,0.0949,0.006096
2026-09-21 10:33:34,SPX,7721.9,7645.21,7620.0,163,367,0.1328,0.006096
2026-09-21 10:33:34,SPX,7721.9,7645.21,7825.0,588,4,0.0953,0.006096
2026-09-21 10:33:34,SPX,7721.9,7645.21,7615.0,119,439,0.1345,0.006096
2026-09-21 10:33:34,SPX,7721.9,7645.21,7830.0,337,10,0.0959,0.006096
2026-09-21 10:33:34,SPX,7721.9,7645.21,7610.0,145,1660,0.1356,0.006096
2026-09-21 10:33:34,SPX,7721.9,7645.21,7835.0,77,0,0.0966,0.006096
2026-09-21 10:33:34,SPX,7721.9,7645.21,7605.0,293,116,0.1379,0.006096
2026-09-21 10:33:34,SPX,7721.9,7645.21,7840.0,384,0,0.0973,0.006096
2026-09-21 10:33:34,SPX,7721.9,7645.21,7600.0,367,726,0.1406,0.006096
2026-09-21 10:33:34,SPX,7721.9,7645.21,7845.0,7,0,0.0982,0.006096
2026-09-21 10:33:34,SPX,7721.9,7645.21,7595.0,88,148,0.1427,0.006096
2026-09-21 10:33:34,SPX,7721.9,7645.21,7850.0,3164,10,0.0993,0.006096
2026-09-21 10:33:34,SPX,7721.9,7645.21,7590.0,101,177,0.1446,0.006096
2026-09-21 10:33:34,SPX,7721.9,7645.21,7855.0,9,0,0.1004,0.006096
2026-09-21 10:33:34,SPX,7721.9,7645.21,7585.0,88,367,0.1463,0.006096
2026-09-21 10:33:34,SPX,7721.9,7645.21,7860.0,311,0,0.1017,0.006096
2026-09-21 10:33:34,SPX,7721.9,7645.21,7580.0,59,405,0.1481,0.006096
2026-09-21 10:33:34,SPX,7721.9,7645.21,7865.0,40,0,0.103,0.006096
2026-09-21 10:33:34,SPX,7721.9,7645.21,7575.0,86,1035,0.1501,0.006096
2026-09-21 10:33:34,SPX,7721.9,7645.21,7870.0,569,0,0.1045,0.006096
2026-09-21 10:33:34,SPX,7721.9,7645.21,7570.0,43,155,0.1524,0.006096
2026-09-21 10:33:34,SPX,7721.9,7645.21,7875.0,360,3,0.1061,0.006096
2026-09-21 10:33:34,SPX,7721.9,7645.21,7565.0,40,147,0.1548,0.006096
2026-09-21 10:33:34,SPX,7721.9,7645.21,7880.0,478,1,0.1077,0.006096
2026-09-21 10:33:34,SPX,7721.9,7645.21,7560.0,53,479,0.1574,0.006096
2026-09-21 10:33:34,SPX,7721.9,7645.21,7555.0,31,243,0.1601,0.006096
2026-09-21 10:33:34,SPX,7721.9,7645.21,7890.0,232,0,0.1113,0.006096
2026-09-21 10:33:34,SPX,7721.9,7645.21,7550.0,48,1776,0.1628,0.006096
2026-09-21 10:33:34,SPX,7721.9,7645.21,7545.0,20,607,0.1654,0.006096
2026-09-21 10:33:34,SPX,7721.9,7645.21,7900.0,970,0,0.1152,0.006096
2026-09-21 10:33:34,SPX,7721.9,7645.21,7540.0,53,518,0.168,0.006096
2026-09-21 10:33:34,SPX,7721.9,7645.21,7535.0,37,258,0.1704,0.006096
2026-09-21 10:33:34,SPX,7721.9,7645.21,7910.0,290,1,0.1196,0.006096
2026-09-21 10:33:34,SPX,7721.9,7645.21,7530.0,50,173,0.1728,0.006096
2026-09-21 10:33:34,SPX,7721.9,7645.21,7525.0,20,286,0.1752,0.006096
2026-09-21 10:33:34,SPX,7721.9,7645.21,7920.0,91,0,0.1235,0.006096
2026-09-21 10:33:34,SPX,7721.9,7645.21,7520.0,10,187,0.1775,0.006096
2026-09-21 10:33:34,SPX,7721.9,7645.21,7925.0,700,4,0.1256,0.006096
2026-09-21 10:33:34,SPX,7721.9,7645.21,7515.0,3,120,0.1799,0.006096
2026-09-21 10:33:34,SPX,7721.9,7645.21,7930.0,125,0,0.1278,0.006096
2026-09-21 10:33:34,SPX,7721.9,7645.21,7510.0,2,499,0.1823,0.006096
2026-09-21 10:33:34,SPX,7721.9,7645.21,7505.0,29,168,0.1847,0.006096
2026-09-21 10:33:34,SPX,7721.9,7645.21,7500.0,94,1237,0.1871,0.006096
2026-09-21 10:33:34,SPX,7721.9,7645.21,7495.0,5,200,0.1895,0.006096
2026-09-21 10:33:34,SPX,7721.9,7645.21,7950.0,631,0,0.1378,0.006096
2026-09-21 10:33:34,SPX,7721.9,7645.21,7490.0,1,149,0.1919,0.006096
2026-09-21 10:33:34,SPX,7721.9,7645.21,7485.0,0,89,0.1943,0.006096
2026-09-21 10:33:34,SPX,7721.9,7645.21,7480.0,0,404,0.1967,0.006096
2026-09-21 10:33:34,SPX,7721.9,7645.21,7475.0,4,637,0.1991,0.006096
2026-09-21 11:03:49,SPX,7722.54,7646.85,7725.0,2265,392,0.098,0.000563
2026-09-21 11:03:49,SPX,7722.54,7646.85,7720.0,2095,361,0.1003,0.000563
2026-09-21 11:03:49,SPX,7722.54,7646.85,7730.0,1321,181,0.0984,0.000563
2026-09-21 11:03:49,SPX,7722.54,7646.85,7715.0,2195,204,0.1027,0.000563
2026-09-21 11:03:49,SPX,7722.54,7646.85,7735.0,1535,196,0.0996,0.000563
2026-09-21 11:03:49,SPX,7722.54,7646.85,7710.0,2696,135,0.1066,0.000563
2026-09-21 11:03:49,SPX,7722.54,7646.85,7740.0,1504,193,0.1019,0.000563
2026-09-21 11:03:49,SPX,7722.54,7646.85,7705.0,3206,81,0.1127,0.000563
2026-09-21 11:03:49,SPX,7722.54,7646.85,7745.0,776,37,0.1057,0.000563
2026-09-21 11:03:49,SPX,7722.54,7646.85,7700.0,8600,3999,0.1191,0.000563
2026-09-21 11:03:49,SPX,7722.54,7646.85,7750.0,2528,308,0.1106,0.000563
2026-09-21 11:03:49,SPX,7722.54,7646.85,7695.0,2627,125,0.1276,0.000563
2026-09-21 11:03:49,SPX,7722.54,7646.85,7755.0,1505,34,0.1166,0.000563
2026-09-21 11:03:49,SPX,7722.54,7646.85,7690.0,1584,356,0.1329,0.000563
2026-09-21 11:03:49,SPX,7722.54,7646.85,7760.0,2830,95,0.1239,0.000563
2026-09-21 11:03:49,SPX,7722.54,7646.85,7685.0,1983,254,0.1436,0.000563
2026-09-21 11:03:49,SPX,7722.54,7646.85,7765.0,944,38,0.1309,0.000563
2026-09-21 11:03:49,SPX,7722.54,7646.85,7680.0,1599,128,0.1503,0.000563
2026-09-21 11:03:49,SPX,7722.54,7646.85,7770.0,1320,41,0.1375,0.000563
2026-09-21 11:03:49,SPX,7722.54,7646.85,7675.0,2246,734,0.1603,0.000563
2026-09-21 11:03:49,SPX,7722.54,7646.85,7775.0,1679,143,0.1439,0.000563
2026-09-21 11:03:49,SPX,7722.54,7646.85,7670.0,1298,247,0.1711,0.000563
2026-09-21 11:03:49,SPX,7722.54,7646.85,7780.0,903,34,0.1502,0.000563
2026-09-21 11:03:49,SPX,7722.54,7646.85,7665.0,1182,173,0.1765,0.000563
2026-09-21 11:03:49,SPX,7722.54,7646.85,7785.0,2955,14,0.1567,0.000563
2026-09-21 11:03:49,SPX,7722.54,7646.85,7660.0,1291,303,0.1849,0.000563
2026-09-21 11:03:49,SPX,7722.54,7646.85,7790.0,752,79,0.1636,0.000563
2026-09-21 11:03:49,SPX,7722.54,7646.85,7655.0,2475,300,0.196,0.000563
2026-09-21 11:03:49,SPX,7722.54,7646.85,7795.0,1006,0,0.1707,0.000563
2026-09-21 11:03:49,SPX,7722.54,7646.85,7650.0,2820,1523,0.2065,0.000563
2026-09-21 11:03:49,SPX,7722.54,7646.85,7800.0,2025,591,0.1783,0.000563
2026-09-21 11:03:49,SPX,7722.54,7646.85,7645.0,1505,1350,0.2128,0.000563
2026-09-21 11:03:49,SPX,7722.54,7646.85,7805.0,627,7,0.1866,0.000563
2026-09-21 11:03:49,SPX,7722.54,7646.85,7640.0,1937,1427,0.2222,0.000563
2026-09-21 11:03:49,SPX,7722.54,7646.85,7810.0,609,6,0.1955,0.000563
2026-09-21 11:03:49,SPX,7722.54,7646.85,7635.0,1159,899,0.2321,0.000563
2026-09-21 11:03:49,SPX,7722.54,7646.85,7815.0,930,0,0.2047,0.000563
2026-09-21 11:03:49,SPX,7722.54,7646.85,7630.0,996,2074,0.2419,0.000563
2026-09-21 11:03:49,SPX,7722.54,7646.85,7820.0,1034,22,0.2135,0.000563
2026-09-21 11:03:49,SPX,7722.54,7646.85,7625.0,1140,2822,0.2487,0.000563
2026-09-21 11:03:49,SPX,7722.54,7646.85,7825.0,1658,23,0.2218,0.000563
2026-09-21 11:03:49,SPX,7722.54,7646.85,7620.0,438,1881,0.2565,0.000563
2026-09-21 11:03:49,SPX,7722.54,7646.85,7830.0,849,0,0.2294,0.000563
2026-09-21 11:03:49,SPX,7722.54,7646.85,7615.0,311,1459,0.2658,0.000563
2026-09-21 11:03:49,SPX,7722.54,7646.85,7835.0,381,0,0.2362,0.000563
2026-09-21 11:03:49,SPX,7722.54,7646.85,7610.0,324,1457,0.2768,0.000563
2026-09-21 11:03:49,SPX,7722.54,7646.85,7840.0,670,3,0.2424,0.000563
2026-09-21 11:03:49,SPX,7722.54,7646.85,7605.0,269,1198,0.288,0.000563
2026-09-21 11:03:49,SPX,7722.54,7646.85,7845.0,369,1,0.2479,0.000563
2026-09-21 11:03:49,SPX,7722.54,7646.85,7600.0,815,3228,0.2984,0.000563
2026-09-21 11:03:49,SPX,7722.54,7646.85,7850.0,2471,18,0.2526,0.000563
2026-09-21 11:03:49,SPX,7722.54,7646.85,7595.0,162,1148,0.3078,0.000563
2026-09-21 11:03:49,SPX,7722.54,7646.85,7855.0,2,0,0.2566,0.000563
2026-09-21 11:03:49,SPX,7722.54,7646.85,7590.0,123,1593,0.3164,0.000563
2026-09-21 11:03:49,SPX,7722.54,7646.85,7860.0,1255,105,0.26,0.000563
2026-09-21 11:03:49,SPX,7722.54,7646.85,7585.0,531,2022,0.3247,0.000563
2026-09-21 11:03:49,SPX,7722.54,7646.85,7865.0,15,0,0.2625,0.000563
2026-09-21 11:03:49,SPX,7722.54,7646.85,7580.0,126,1298,0.3331,0.000563
2026-09-21 11:03:49,SPX,7722.54,7646.85,7870.0,692,0,0.2642,0.000563
2026-09-21 11:03:49,SPX,7722.54,7646.85,7575.0,959,2486,0.3416,0.000563
2026-09-21 11:03:49,SPX,7722.54,7646.85,7875.0,1297,1,0.2654,0.000563
2026-09-21 11:03:49,SPX,7722.54,7646.85,7570.0,990,1630,0.3504,0.000563
2026-09-21 11:03:49,SPX,7722.54,7646.85,7880.0,2025,6,0.2661,0.000563
2026-09-21 11:03:49,SPX,7722.54,7646.85,7565.0,93,1481,0.3592,0.000563
2026-09-21 11:03:49,SPX,7722.54,7646.85,7560.0,244,2038,0.3679,0.000563
2026-09-21 11:03:49,SPX,7722.54,7646.85,7890.0,503,22,0.266,0.000563
2026-09-21 11:03:49,SPX,7722.54,7646.85,7555.0,68,2289,0.3763,0.000563
2026-09-21 11:03:49,SPX,7722.54,7646.85,7550.0,181,3102,0.3845,0.000563
2026-09-21 11:03:49,SPX,7722.54,7646.85,7900.0,1037,21,0.2646,0.000563
2026-09-21 11:03:49,SPX,7722.54,7646.85,7545.0,37,1460,0.3924,0.000563
2026-09-21 11:03:49,SPX,7722.54,7646.85,7540.0,91,1396,0.4002,0.000563
2026-09-21 11:03:49,SPX,7722.54,7646.85,7910.0,454,5,0.2621,0.000563
2026-09-21 11:03:49,SPX,7722.54,7646.85,7535.0,48,1245,0.408,0.000563
2026-09-21 11:03:49,SPX,7722.54,7646.85,7530.0,64,2076,0.4158,0.000563
2026-09-21 11:03:49,SPX,7722.54,7646.85,7920.0,459,0,0.2589,0.000563
2026-09-21 11:03:49,SPX,7722.54,7646.85,7525.0,66,3247,0.4236,0.000563
2026-09-21 11:03:49,SPX,7722.54,7646.85,7925.0,558,33,0.2571,0.000563
2026-09-21 11:03:49,SPX,7722.54,7646.85,7520.0,38,3803,0.4314,0.000563
2026-09-21 11:03:49,SPX,7722.54,7646.85,7930.0,148,0,0.2552,0.000563
2026-09-21 11:03:49,SPX,7722.54,7646.85,7515.0,42,2080,0.4392,0.000563
2026-09-21 11:03:49,SPX,7722.54,7646.85,7510.0,24,1634,0.4472,0.000563
2026-09-21 11:03:49,SPX,7722.54,7646.85,7940.0,56,10,0.2512,0.000563
2026-09-21 11:03:49,SPX,7722.54,7646.85,7505.0,17,754,0.4552,0.000563
2026-09-21 11:03:49,SPX,7722.54,7646.85,7500.0,39,5088,0.4634,0.000563
2026-09-21 11:03:49,SPX,7722.54,7646.85,7950.0,693,3,0.2469,0.000563
2026-09-21 11:03:49,SPX,7722.54,7646.85,7495.0,12,954,0.4718,0.000563
2026-09-21 11:03:49,SPX,7722.54,7646.85,7490.0,21,1598,0.4805,0.000563
2026-09-21 11:03:49,SPX,7722.54,7646.85,7485.0,6,623,0.4894,0.000563
2026-09-21 11:03:49,SPX,7722.54,7646.85,7480.0,10,1795,0.4987,0.000563
2026-09-21 11:03:49,SPX,7722.54,7646.85,7475.0,94,1195,0.5081,0.000563
2026-09-21 11:03:49,SPX,7722.54,7646.85,7725.0,1132,117,0.0957,0.003301
2026-09-21 11:03:49,SPX,7722.54,7646.85,7720.0,532,30,0.0978,0.003301
2026-09-21 11:03:49,SPX,7722.54,7646.85,7730.0,432,74,0.0948,0.003301
2026-09-21 11:03:49,SPX,7722.54,7646.85,7715.0,534,33,0.0987,0.003301
2026-09-21 11:03:49,SPX,7722.54,7646.85,7735.0,530,11,0.0941,0.003301
2026-09-21 11:03:49,SPX,7722.54,7646.85,7710.0,914,111,0.1009,0.003301
2026-09-21 11:03:49,SPX,7722.54,7646.85,7740.0,697,0,0.0936,0.003301
2026-09-21 11:03:49,SPX,7722.54,7646.85,7705.0,391,17,0.1023,0.003301
2026-09-21 11:03:49,SPX,7722.54,7646.85,7745.0,550,2,0.093,0.003301
2026-09-21 11:03:49,SPX,7722.54,7646.85,7700.0,1722,355,0.1045,0.003301
2026-09-21 11:03:49,SPX,7722.54,7646.85,7750.0,1979,277,0.0921,0.003301
2026-09-21 11:03:49,SPX,7722.54,7646.85,7695.0,2376,67,0.1069,0.003301
2026-09-21 11:03:49,SPX,7722.54,7646.85,7755.0,2301,8,0.092,0.003301
2026-09-21 11:03:49,SPX,7722.54,7646.85,7690.0,748,286,0.1086,0.003301
2026-09-21 11:03:49,SPX,7722.54,7646.85,7760.0,1025,13,0.0919,0.003301
2026-09-21 11:03:49,SPX,7722.54,7646.85,7685.0,598,93,0.1104,0.003301
2026-09-21 11:03:49,SPX,7722.54,7646.85,7765.0,464,12,0.092,0.003301
2026-09-21 11:03:49,SPX,7722.54,7646.85,7680.0,688,224,0.113,0.003301
2026-09-21 11:03:49,SPX,7722.54,7646.85,7770.0,318,27,0.0925,0.003301
2026-09-21 11:03:49,SPX,7722.54,7646.85,7675.0,5195,825,0.1153,0.003301
2026-09-21 11:03:49,SPX,7722.54,7646.85,7775.0,2198,14,0.0932,0.003301
2026-09-21 11:03:49,SPX,7722.54,7646.85,7670.0,2285,138,0.1185,0.003301
2026-09-21 11:03:49,SPX,7722.54,7646.85,7780.0,704,23,0.0943,0.003301
2026-09-21 11:03:49,SPX,7722.54,7646.85,7665.0,324,89,0.1211,0.003301
2026-09-21 11:03:49,SPX,7722.54,7646.85,7785.0,802,2,0.0957,0.003301
2026-09-21 11:03:49,SPX,7722.54,7646.85,7660.0,423,292,0.1233,0.003301
2026-09-21 11:03:49,SPX,7722.54,7646.85,7790.0,457,15,0.0972,0.003301
2026-09-21 11:03:49,SPX,7722.54,7646.85,7655.0,315,98,0.1256,0.003301
2026-09-21 11:03:49,SPX,7722.54,7646.85,7795.0,532,0,0.0987,0.003301
2026-09-21 11:03:49,SPX,7722.54,7646.85,7650.0,5409,535,0.1284,0.003301
2026-09-21 11:03:49,SPX,7722.54,7646.85,7800.0,1808,99,0.1,0.003301
2026-09-21 11:03:49,SPX,7722.54,7646.85,7645.0,239,2182,0.1314,0.003301
2026-09-21 11:03:49,SPX,7722.54,7646.85,7805.0,387,0,0.1013,0.003301
2026-09-21 11:03:49,SPX,7722.54,7646.85,7640.0,856,4191,0.1341,0.003301
2026-09-21 11:03:49,SPX,7722.54,7646.85,7810.0,661,9,0.1026,0.003301
2026-09-21 11:03:49,SPX,7722.54,7646.85,7635.0,211,245,0.1368,0.003301
2026-09-21 11:03:49,SPX,7722.54,7646.85,7815.0,364,1,0.1041,0.003301
2026-09-21 11:03:49,SPX,7722.54,7646.85,7630.0,563,278,0.1404,0.003301
2026-09-21 11:03:49,SPX,7722.54,7646.85,7820.0,256,7,0.1058,0.003301
2026-09-21 11:03:49,SPX,7722.54,7646.85,7625.0,591,981,0.1439,0.003301
2026-09-21 11:03:49,SPX,7722.54,7646.85,7825.0,1062,5,0.1076,0.003301
2026-09-21 11:03:49,SPX,7722.54,7646.85,7620.0,255,2253,0.1461,0.003301
2026-09-21 11:03:49,SPX,7722.54,7646.85,7830.0,557,2,0.1097,0.003301
2026-09-21 11:03:49,SPX,7722.54,7646.85,7615.0,157,4227,0.1498,0.003301
2026-09-21 11:03:49,SPX,7722.54,7646.85,7610.0,145,363,0.1536,0.003301
2026-09-21 11:03:49,SPX,7722.54,7646.85,7840.0,571,0,0.1146,0.003301
2026-09-21 11:03:49,SPX,7722.54,7646.85,7605.0,137,107,0.1569,0.003301
2026-09-21 11:03:49,SPX,7722.54,7646.85,7600.0,379,2310,0.1599,0.003301
2026-09-21 11:03:49,SPX,7722.54,7646.85,7850.0,964,6,0.1203,0.003301
2026-09-21 11:03:49,SPX,7722.54,7646.85,7595.0,92,334,0.1626,0.003301
2026-09-21 11:03:49,SPX,7722.54,7646.85,7590.0,69,710,0.1651,0.003301
2026-09-21 11:03:49,SPX,7722.54,7646.85,7860.0,390,0,0.1268,0.003301
2026-09-21 11:03:49,SPX,7722.54,7646.85,7585.0,226,3244,0.1677,0.003301
2026-09-21 11:03:49,SPX,7722.54,7646.85,7580.0,381,566,0.1709,0.003301
2026-09-21 11:03:49,SPX,7722.54,7646.85,7870.0,471,0,0.1338,0.003301
2026-09-21 11:03:49,SPX,7722.54,7646.85,7575.0,51,1638,0.1744,0.003301
2026-09-21 11:03:49,SPX,7722.54,7646.85,7875.0,453,3,0.1372,0.003301
2026-09-21 11:03:49,SPX,7722.54,7646.85,7570.0,81,372,0.1781,0.003301
2026-09-21 11:03:49,SPX,7722.54,7646.85,7880.0,346,5,0.1404,0.003301
2026-09-21 11:03:49,SPX,7722.54,7646.85,7565.0,36,190,0.1815,0.003301
2026-09-21 11:03:49,SPX,7722.54,7646.85,7560.0,37,979,0.1847,0.003301
2026-09-21 11:03:49,SPX,7722.54,7646.85,7890.0,573,0,0.1462,0.003301
2026-09-21 11:03:49,SPX,7722.54,7646.85,7555.0,55,85,0.1879,0.003301
2026-09-21 11:03:49,SPX,7722.54,7646.85,7550.0,54,2207,0.1912,0.003301
2026-09-21 11:03:49,SPX,7722.54,7646.85,7900.0,871,9,0.1515,0.003301
2026-09-21 11:03:49,SPX,7722.54,7646.85,7545.0,29,148,0.1945,0.003301
2026-09-21 11:03:49,SPX,7722.54,7646.85,7540.0,16,247,0.1978,0.003301
2026-09-21 11:03:49,SPX,7722.54,7646.85,7910.0,353,0,0.1565,0.003301
2026-09-21 11:03:49,SPX,7722.54,7646.85,7535.0,20,281,0.2011,0.003301
2026-09-21 11:03:49,SPX,7722.54,7646.85,7530.0,21,529,0.2044,0.003301
2026-09-21 11:03:49,SPX,7722.54,7646.85,7920.0,268,0,0.1606,0.003301
2026-09-21 11:03:49,SPX,7722.54,7646.85,7525.0,47,363,0.2077,0.003301
2026-09-21 11:03:49,SPX,7722.54,7646.85,7925.0,202,0,0.1619,0.003301
2026-09-21 11:03:49,SPX,7722.54,7646.85,7520.0,11,227,0.2109,0.003301
2026-09-21 11:03:49,SPX,7722.54,7646.85,7930.0,148,0,0.1624,0.003301
2026-09-21 11:03:49,SPX,7722.54,7646.85,7515.0,14,275,0.2142,0.003301
2026-09-21 11:03:49,SPX,7722.54,7646.85,7510.0,43,685,0.2174,0.003301
2026-09-21 11:03:49,SPX,7722.54,7646.85,7940.0,16,0,0.1607,0.003301
2026-09-21 11:03:49,SPX,7722.54,7646.85,7505.0,9,293,0.2206,0.003301
2026-09-21 11:03:49,SPX,7722.54,7646.85,7500.0,73,1458,0.2238,0.003301
2026-09-21 11:03:49,SPX,7722.54,7646.85,7950.0,488,4,0.1567,0.003301
2026-09-21 11:03:49,SPX,7722.54,7646.85,7495.0,14,165,0.2271,0.003301
2026-09-21 11:03:49,SPX,7722.54,7646.85,7490.0,63,459,0.2303,0.003301
2026-09-21 11:03:49,SPX,7722.54,7646.85,7485.0,122,609,0.2336,0.003301
2026-09-21 11:03:49,SPX,7722.54,7646.85,7480.0,62,1676,0.2369,0.003301
2026-09-21 11:03:49,SPX,7722.54,7646.85,7475.0,11,613,0.2402,0.003301
2026-09-21 11:03:49,SPX,7722.54,7646.85,7725.0,1169,40,0.0983,0.006039
2026-09-21 11:03:49,SPX,7722.54,7646.85,7720.0,581,32,0.0992,0.006039
2026-09-21 11:03:49,SPX,7722.54,7646.85,7730.0,699,146,0.0974,0.006039
2026-09-21 11:03:49,SPX,7722.54,7646.85,7715.0,396,23,0.1003,0.006039
2026-09-21 11:03:49,SPX,7722.54,7646.85,7735.0,724,5,0.0965,0.006039
2026-09-21 11:03:49,SPX,7722.54,7646.85,7710.0,273,24,0.1013,0.006039
2026-09-21 11:03:49,SPX,7722.54,7646.85,7740.0,565,48,0.0955,0.006039
2026-09-21 11:03:49,SPX,7722.54,7646.85,7705.0,173,18,0.1023,0.006039
2026-09-21 11:03:49,SPX,7722.54,7646.85,7745.0,546,0,0.0946,0.006039
2026-09-21 11:03:49,SPX,7722.54,7646.85,7700.0,545,205,0.1036,0.006039
2026-09-21 11:03:49,SPX,7722.54,7646.85,7750.0,2183,133,0.0939,0.006039
2026-09-21 11:03:49,SPX,7722.54,7646.85,7695.0,1346,23,0.105,0.006039
2026-09-21 11:03:49,SPX,7722.54,7646.85,7755.0,389,5,0.0935,0.006039
2026-09-21 11:03:49,SPX,7722.54,7646.85,7690.0,503,94,0.1062,0.006039
2026-09-21 11:03:49,SPX,7722.54,7646.85,7760.0,819,18,0.0932,0.006039
2026-09-21 11:03:49,SPX,7722.54,7646.85,7685.0,472,70,0.1079,0.006039
2026-09-21 11:03:49,SPX,7722.54,7646.85,7765.0,1706,3,0.0931,0.006039
2026-09-21 11:03:49,SPX,7722.54,7646.85,7680.0,348,97,0.1095,0.006039
2026-09-21 11:03:49,SPX,7722.54,7646.85,7770.0,2119,18,0.093,0.006039
2026-09-21 11:03:49,SPX,7722.54,7646.85,7675.0,345,482,0.1117,0.006039
2026-09-21 11:03:49,SPX,7722.54,7646.85,7775.0,1259,31,0.0929,0.006039
2026-09-21 11:03:49,SPX,7722.54,7646.85,7670.0,1202,153,0.1135,0.006039
2026-09-21 11:03:49,SPX,7722.54,7646.85,7780.0,707,3,0.0927,0.006039
2026-09-21 11:03:49,SPX,7722.54,7646.85,7665.0,485,111,0.1147,0.006039
2026-09-21 11:03:49,SPX,7722.54,7646.85,7785.0,979,18,0.0926,0.006039
2026-09-21 11:03:49,SPX,7722.54,7646.85,7660.0,246,167,0.117,0.006039
2026-09-21 11:03:49,SPX,7722.54,7646.85,7790.0,3378,5,0.0927,0.006039
2026-09-21 11:03:49,SPX,7722.54,7646.85,7655.0,922,139,0.1188,0.006039
2026-09-21 11:03:49,SPX,7722.54,7646.85,7795.0,1047,0,0.0928,0.006039
2026-09-21 11:03:49,SPX,7722.54,7646.85,7650.0,840,358,0.1202,0.006039
2026-09-21 11:03:49,SPX,7722.54,7646.85,7800.0,1221,454,0.093,0.006039
2026-09-21 11:03:49,SPX,7722.54,7646.85,7645.0,595,119,0.1213,0.006039
2026-09-21 11:03:49,SPX,7722.54,7646.85,7805.0,367,5,0.0932,0.006039
2026-09-21 11:03:49,SPX,7722.54,7646.85,7640.0,207,348,0.1234,0.006039
2026-09-21 11:03:49,SPX,7722.54,7646.85,7810.0,591,5,0.0935,0.006039
2026-09-21 11:03:49,SPX,7722.54,7646.85,7635.0,473,1160,0.1255,0.006039
2026-09-21 11:03:49,SPX,7722.54,7646.85,7815.0,319,3,0.094,0.006039
2026-09-21 11:03:49,SPX,7722.54,7646.85,7630.0,508,415,0.1276,0.006039
2026-09-21 11:03:49,SPX,7722.54,7646.85,7820.0,625,10,0.0947,0.006039
2026-09-21 11:03:49,SPX,7722.54,7646.85,7625.0,523,379,0.13,0.006039
2026-09-21 11:03:49,SPX,7722.54,7646.85,7825.0,588,4,0.0955,0.006039
2026-09-21 11:03:49,SPX,7722.54,7646.85,7620.0,163,367,0.1325,0.006039
2026-09-21 11:03:49,SPX,7722.54,7646.85,7830.0,337,10,0.0964,0.006039
2026-09-21 11:03:49,SPX,7722.54,7646.85,7615.0,119,439,0.1344,0.006039
2026-09-21 11:03:49,SPX,7722.54,7646.85,7835.0,77,0,0.0974,0.006039
2026-09-21 11:03:49,SPX,7722.54,7646.85,7610.0,145,1660,0.1358,0.006039
2026-09-21 11:03:49,SPX,7722.54,7646.85,7840.0,384,0,0.0986,0.006039
2026-09-21 11:03:49,SPX,7722.54,7646.85,7605.0,293,116,0.1383,0.006039
2026-09-21 11:03:49,SPX,7722.54,7646.85,7845.0,7,0,0.0998,0.006039
2026-09-21 11:03:49,SPX,7722.54,7646.85,7600.0,367,726,0.141,0.006039
2026-09-21 11:03:49,SPX,7722.54,7646.85,7850.0,3164,10,0.101,0.006039
2026-09-21 11:03:49,SPX,7722.54,7646.85,7595.0,88,148,0.1431,0.006039
2026-09-21 11:03:49,SPX,7722.54,7646.85,7855.0,9,0,0.1023,0.006039
2026-09-21 11:03:49,SPX,7722.54,7646.85,7590.0,101,177,0.1453,0.006039
2026-09-21 11:03:49,SPX,7722.54,7646.85,7860.0,311,0,0.1037,0.006039
2026-09-21 11:03:49,SPX,7722.54,7646.85,7585.0,88,367,0.1473,0.006039
2026-09-21 11:03:49,SPX,7722.54,7646.85,7865.0,40,0,0.1053,0.006039
2026-09-21 11:03:49,SPX,7722.54,7646.85,7580.0,59,405,0.1493,0.006039
2026-09-21 11:03:49,SPX,7722.54,7646.85,7870.0,569,0,0.1071,0.006039
2026-09-21 11:03:49,SPX,7722.54,7646.85,7575.0,86,1035,0.1514,0.006039
2026-09-21 11:03:49,SPX,7722.54,7646.85,7875.0,360,3,0.109,0.006039
2026-09-21 11:03:49,SPX,7722.54,7646.85,7570.0,43,155,0.1537,0.006039
2026-09-21 11:03:49,SPX,7722.54,7646.85,7880.0,478,1,0.111,0.006039
2026-09-21 11:03:49,SPX,7722.54,7646.85,7565.0,40,147,0.1561,0.006039
2026-09-21 11:03:49,SPX,7722.54,7646.85,7560.0,53,479,0.1587,0.006039
2026-09-21 11:03:49,SPX,7722.54,7646.85,7890.0,232,0,0.1149,0.006039
2026-09-21 11:03:49,SPX,7722.54,7646.85,7555.0,31,243,0.1614,0.006039
2026-09-21 11:03:49,SPX,7722.54,7646.85,7550.0,48,1776,0.1641,0.006039
2026-09-21 11:03:49,SPX,7722.54,7646.85,7900.0,970,0,0.1186,0.006039
2026-09-21 11:03:49,SPX,7722.54,7646.85,7545.0,20,607,0.1668,0.006039
2026-09-21 11:03:49,SPX,7722.54,7646.85,7540.0,53,518,0.1695,0.006039
2026-09-21 11:03:49,SPX,7722.54,7646.85,7910.0,290,1,0.122,0.006039
2026-09-21 11:03:49,SPX,7722.54,7646.85,7535.0,37,258,0.172,0.006039
2026-09-21 11:03:49,SPX,7722.54,7646.85,7530.0,50,173,0.1745,0.006039
2026-09-21 11:03:49,SPX,7722.54,7646.85,7920.0,91,0,0.1253,0.006039
2026-09-21 11:03:49,SPX,7722.54,7646.85,7525.0,20,286,0.177,0.006039
2026-09-21 11:03:49,SPX,7722.54,7646.85,7925.0,700,4,0.1269,0.006039
2026-09-21 11:03:49,SPX,7722.54,7646.85,7520.0,10,187,0.1793,0.006039
2026-09-21 11:03:49,SPX,7722.54,7646.85,7930.0,125,0,0.1285,0.006039
2026-09-21 11:03:49,SPX,7722.54,7646.85,7515.0,3,120,0.1816,0.006039
2026-09-21 11:03:49,SPX,7722.54,7646.85,7510.0,2,499,0.1839,0.006039
2026-09-21 11:03:49,SPX,7722.54,7646.85,7505.0,29,168,0.1862,0.006039
2026-09-21 11:03:49,SPX,7722.54,7646.85,7500.0,94,1237,0.1884,0.006039
2026-09-21 11:03:49,SPX,7722.54,7646.85,7950.0,631,0,0.1355,0.006039
2026-09-21 11:03:49,SPX,7722.54,7646.85,7495.0,5,200,0.1907,0.006039
2026-09-21 11:03:49,SPX,7722.54,7646.85,7490.0,1,149,0.193,0.006039
2026-09-21 11:03:49,SPX,7722.54,7646.85,7485.0,0,89,0.1954,0.006039
2026-09-21 11:03:49,SPX,7722.54,7646.85,7480.0,0,404,0.1978,0.006039
2026-09-21 11:03:49,SPX,7722.54,7646.85,7475.0,4,637,0.2002,0.006039
2026-09-21 11:34:03,SPX,7729.79,7646.48,7730.0,1321,181,0.1005,0.000506
2026-09-21 11:34:03,SPX,7729.79,7646.48,7725.0,2265,392,0.1032,0.000506
2026-09-21 11:34:03,SPX,7729.79,7646.48,7735.0,1535,196,0.099,0.000506
2026-09-21 11:34:03,SPX,7729.79,7646.48,7720.0,2095,361,0.108,0.000506
2026-09-21 11:34:03,SPX,7729.79,7646.48,7740.0,1504,193,0.1007,0.000506
2026-09-21 11:34:03,SPX,7729.79,7646.48,7715.0,2195,204,0.1135,0.000506
2026-09-21 11:34:03,SPX,7729.79,7646.48,7745.0,776,37,0.1028,0.000506
2026-09-21 11:34:03,SPX,7729.79,7646.48,7710.0,2696,135,0.1205,0.000506
2026-09-21 11:34:03,SPX,7729.79,7646.48,7750.0,2528,308,0.1059,0.000506
2026-09-21 11:34:03,SPX,7729.79,7646.48,7705.0,3206,81,0.1287,0.000506
2026-09-21 11:34:03,SPX,7729.79,7646.48,7755.0,1505,34,0.1116,0.000506
2026-09-21 11:34:03,SPX,7729.79,7646.48,7700.0,8600,3999,0.1378,0.000506
2026-09-21 11:34:03,SPX,7729.79,7646.48,7760.0,2830,95,0.1188,0.000506
2026-09-21 11:34:03,SPX,7729.79,7646.48,7695.0,2627,125,0.1466,0.000506
2026-09-21 11:34:03,SPX,7729.79,7646.48,7765.0,944,38,0.1257,0.000506
2026-09-21 11:34:03,SPX,7729.79,7646.48,7690.0,1584,356,0.1571,0.000506
2026-09-21 11:34:03,SPX,7729.79,7646.48,7770.0,1320,41,0.1317,0.000506
2026-09-21 11:34:03,SPX,7729.79,7646.48,7685.0,1983,254,0.1677,0.000506
2026-09-21 11:34:03,SPX,7729.79,7646.48,7775.0,1679,143,0.1377,0.000506
2026-09-21 11:34:03,SPX,7729.79,7646.48,7680.0,1599,128,0.1776,0.000506
2026-09-21 11:34:03,SPX,7729.79,7646.48,7780.0,903,34,0.144,0.000506
2026-09-21 11:34:03,SPX,7729.79,7646.48,7675.0,2246,734,0.1842,0.000506
2026-09-21 11:34:03,SPX,7729.79,7646.48,7785.0,2955,14,0.1506,0.000506
2026-09-21 11:34:03,SPX,7729.79,7646.48,7670.0,1298,247,0.1972,0.000506
2026-09-21 11:34:03,SPX,7729.79,7646.48,7790.0,752,79,0.1577,0.000506
2026-09-21 11:34:03,SPX,7729.79,7646.48,7665.0,1182,173,0.204,0.000506
2026-09-21 11:34:03,SPX,7729.79,7646.48,7795.0,1006,0,0.1653,0.000506
2026-09-21 11:34:03,SPX,7729.79,7646.48,7660.0,1291,303,0.2158,0.000506
2026-09-21 11:34:03,SPX,7729.79,7646.48,7800.0,2025,591,0.1734,0.000506
2026-09-21 11:34:03,SPX,7729.79,7646.48,7655.0,2475,300,0.2259,0.000506
2026-09-21 11:34:03,SPX,7729.79,7646.48,7805.0,627,7,0.182,0.000506
2026-09-21 11:34:03,SPX,7729.79,7646.48,7650.0,2820,1523,0.2372,0.000506
2026-09-21 11:34:03,SPX,7729.79,7646.48,7810.0,609,6,0.1908,0.000506
2026-09-21 11:34:03,SPX,7729.79,7646.48,7645.0,1505,1350,0.2435,0.000506
2026-09-21 11:34:03,SPX,7729.79,7646.48,7815.0,930,0,0.1998,0.000506
2026-09-21 11:34:03,SPX,7729.79,7646.48,7640.0,1937,1427,0.2512,0.000506
2026-09-21 11:34:03,SPX,7729.79,7646.48,7820.0,1034,22,0.2086,0.000506
2026-09-21 11:34:03,SPX,7729.79,7646.48,7635.0,1159,899,0.2599,0.000506
2026-09-21 11:34:03,SPX,7729.79,7646.48,7825.0,1658,23,0.2171,0.000506
2026-09-21 11:34:03,SPX,7729.79,7646.48,7630.0,996,2074,0.2687,0.000506
2026-09-21 11:34:03,SPX,7729.79,7646.48,7830.0,849,0,0.2252,0.000506
2026-09-21 11:34:03,SPX,7729.79,7646.48,7625.0,1140,2822,0.279,0.000506
2026-09-21 11:34:03,SPX,7729.79,7646.48,7835.0,381,0,0.2328,0.000506
2026-09-21 11:34:03,SPX,7729.79,7646.48,7620.0,438,1881,0.2905,0.000506
2026-09-21 11:34:03,SPX,7729.79,7646.48,7840.0,670,3,0.2398,0.000506
2026-09-21 11:34:03,SPX,7729.79,7646.48,7615.0,311,1459,0.3016,0.000506
2026-09-21 11:34:03,SPX,7729.79,7646.48,7845.0,369,1,0.2459,0.000506
2026-09-21 11:34:03,SPX,7729.79,7646.48,7610.0,324,1457,0.3117,0.000506
2026-09-21 11:34:03,SPX,7729.79,7646.48,7850.0,2471,18,0.2512,0.000506
2026-09-21 11:34:03,SPX,7729.79,7646.48,7605.0,269,1198,0.3212,0.000506
2026-09-21 11:34:03,SPX,7729.79,7646.48,7855.0,2,0,0.2559,0.000506
2026-09-21 11:34:03,SPX,7729.79,7646.48,7600.0,815,3228,0.3304,0.000506
2026-09-21 11:34:03,SPX,7729.79,7646.48,7860.0,1255,105,0.2599,0.000506
2026-09-21 11:34:03,SPX,7729.79,7646.48,7595.0,162,1148,0.3397,0.000506
2026-09-21 11:34:03,SPX,7729.79,7646.48,7865.0,15,0,0.2631,0.000506
2026-09-21 11:34:03,SPX,7729.79,7646.48,7590.0,123,1593,0.3492,0.000506
2026-09-21 11:34:03,SPX,7729.79,7646.48,7870.0,692,0,0.2656,0.000506
2026-09-21 11:34:03,SPX,7729.79,7646.48,7585.0,531,2022,0.3585,0.000506
2026-09-21 11:34:03,SPX,7729.79,7646.48,7875.0,1297,1,0.2675,0.000506
2026-09-21 11:34:03,SPX,7729.79,7646.48,7580.0,126,1298,0.3674,0.000506
2026-09-21 11:34:03,SPX,7729.79,7646.48,7880.0,2025,6,0.2689,0.000506
2026-09-21 11:34:03,SPX,7729.79,7646.48,7575.0,959,2486,0.3757,0.000506
2026-09-21 11:34:03,SPX,7729.79,7646.48,7570.0,990,1630,0.384,0.000506
2026-09-21 11:34:03,SPX,7729.79,7646.48,7890.0,503,22,0.2703,0.000506
2026-09-21 11:34:03,SPX,7729.79,7646.48,7565.0,93,1481,0.3927,0.000506
2026-09-21 11:34:03,SPX,7729.79,7646.48,7560.0,244,2038,0.4018,0.000506
2026-09-21 11:34:03,SPX,7729.79,7646.48,7900.0,1037,21,0.27,0.000506
2026-09-21 11:34:03,SPX,7729.79,7646.48,7555.0,68,2289,0.4115,0.000506
2026-09-21 11:34:03,SPX,7729.79,7646.48,7550.0,181,3102,0.4214,0.000506
2026-09-21 11:34:03,SPX,7729.79,7646.48,7910.0,454,5,0.2685,0.000506
2026-09-21 11:34:03,SPX,7729.79,7646.48,7545.0,37,1460,0.4315,0.000506
2026-09-21 11:34:03,SPX,7729.79,7646.48,7540.0,91,1396,0.4415,0.000506
2026-09-21 11:34:03,SPX,7729.79,7646.48,7920.0,459,0,0.2658,0.000506
2026-09-21 11:34:03,SPX,7729.79,7646.48,7535.0,48,1245,0.451,0.000506
2026-09-21 11:34:03,SPX,7729.79,7646.48,7925.0,558,33,0.2641,0.000506
2026-09-21 11:34:03,SPX,7729.79,7646.48,7530.0,64,2076,0.4601,0.000506
2026-09-21 11:34:03,SPX,7729.79,7646.48,7930.0,148,0,0.2623,0.000506
2026-09-21 11:34:03,SPX,7729.79,7646.48,7525.0,66,3247,0.4685,0.000506
2026-09-21 11:34:03,SPX,7729.79,7646.48,7520.0,38,3803,0.4764,0.000506
2026-09-21 11:34:03,SPX,7729.79,7646.48,7940.0,56,10,0.2582,0.000506
2026-09-21 11:34:03,SPX,7729.79,7646.48,7515.0,42,2080,0.484,0.000506
2026-09-21 11:34:03,SPX,7729.79,7646.48,7510.0,24,1634,0.4914,0.000506
2026-09-21 11:34:03,SPX,7729.79,7646.48,7950.0,693,3,0.2537,0.000506
2026-09-21 11:34:03,SPX,7729.79,7646.48,7505.0,17,754,0.4989,0.000506
2026-09-21 11:34:03,SPX,7729.79,7646.48,7500.0,39,5088,0.5065,0.000506
2026-09-21 11:34:03,SPX,7729.79,7646.48,7495.0,12,954,0.5144,0.000506
2026-09-21 11:34:03,SPX,7729.79,7646.48,7490.0,21,1598,0.5226,0.000506
2026-09-21 11:34:03,SPX,7729.79,7646.48,7485.0,6,623,0.5311,0.000506
2026-09-21 11:34:03,SPX,7729.79,7646.48,7975.0,308,1,0.2414,0.000506
2026-09-21 11:34:03,SPX,7729.79,7646.48,7480.0,10,1795,0.5397,0.000506
2026-09-21 11:34:03,SPX,7729.79,7646.48,7730.0,432,74,0.0979,0.003243
2026-09-21 11:34:03,SPX,7729.79,7646.48,7725.0,1132,117,0.099,0.003243
2026-09-21 11:34:03,SPX,7729.79,7646.48,7735.0,530,11,0.0966,0.003243
2026-09-21 11:34:03,SPX,7729.79,7646.48,7720.0,532,30,0.1005,0.003243
2026-09-21 11:34:03,SPX,7729.79,7646.48,7740.0,697,135,0.0954,0.003243
2026-09-21 11:34:03,SPX,7729.79,7646.48,7715.0,534,33,0.1021,0.003243
2026-09-21 11:34:03,SPX,7729.79,7646.48,7745.0,550,2,0.0949,0.003243
2026-09-21 11:34:03,SPX,7729.79,7646.48,7710.0,914,111,0.1037,0.003243
2026-09-21 11:34:03,SPX,7729.79,7646.48,7750.0,1979,277,0.0946,0.003243
2026-09-21 11:34:03,SPX,7729.79,7646.48,7705.0,391,17,0.1063,0.003243
2026-09-21 11:34:03,SPX,7729.79,7646.48,7755.0,2301,8,0.0945,0.003243
2026-09-21 11:34:03,SPX,7729.79,7646.48,7700.0,1722,355,0.1075,0.003243
2026-09-21 11:34:03,SPX,7729.79,7646.48,7760.0,1025,13,0.094,0.003243
2026-09-21 11:34:03,SPX,7729.79,7646.48,7695.0,2376,67,0.1105,0.003243
2026-09-21 11:34:03,SPX,7729.79,7646.48,7765.0,464,12,0.0937,0.003243
2026-09-21 11:34:03,SPX,7729.79,7646.48,7690.0,748,286,0.1121,0.003243
2026-09-21 11:34:03,SPX,7729.79,7646.48,7770.0,318,27,0.0943,0.003243
2026-09-21 11:34:03,SPX,7729.79,7646.48,7685.0,598,93,0.1143,0.003243
2026-09-21 11:34:03,SPX,7729.79,7646.48,7775.0,2198,14,0.0956,0.003243
2026-09-21 11:34:03,SPX,7729.79,7646.48,7680.0,688,224,0.1167,0.003243
2026-09-21 11:34:03,SPX,7729.79,7646.48,7780.0,704,23,0.0966,0.003243
2026-09-21 11:34:03,SPX,7729.79,7646.48,7675.0,5195,825,0.1201,0.003243
2026-09-21 11:34:03,SPX,7729.79,7646.48,7785.0,802,2,0.0977,0.003243
2026-09-21 11:34:03,SPX,7729.79,7646.48,7670.0,2285,138,0.1227,0.003243
2026-09-21 11:34:03,SPX,7729.79,7646.48,7790.0,457,15,0.0993,0.003243
2026-09-21 11:34:03,SPX,7729.79,7646.48,7665.0,324,89,0.1254,0.003243
2026-09-21 11:34:03,SPX,7729.79,7646.48,7795.0,532,0,0.101,0.003243
2026-09-21 11:34:03,SPX,7729.79,7646.48,7660.0,423,292,0.1278,0.003243
2026-09-21 11:34:03,SPX,7729.79,7646.48,7800.0,1808,99,0.1027,0.003243
2026-09-21 11:34:03,SPX,7729.79,7646.48,7655.0,315,98,0.1309,0.003243
2026-09-21 11:34:03,SPX,7729.79,7646.48,7805.0,387,0,0.1042,0.003243
2026-09-21 11:34:03,SPX,7729.79,7646.48,7650.0,5409,535,0.1346,0.003243
2026-09-21 11:34:03,SPX,7729.79,7646.48,7810.0,661,9,0.1057,0.003243
2026-09-21 11:34:03,SPX,7729.79,7646.48,7645.0,239,2182,0.1379,0.003243
2026-09-21 11:34:03,SPX,7729.79,7646.48,7815.0,364,1,0.1073,0.003243
2026-09-21 11:34:03,SPX,7729.79,7646.48,7640.0,856,4191,0.1408,0.003243
2026-09-21 11:34:03,SPX,7729.79,7646.48,7820.0,256,7,0.1089,0.003243
2026-09-21 11:34:03,SPX,7729.79,7646.48,7635.0,211,245,0.144,0.003243
2026-09-21 11:34:03,SPX,7729.79,7646.48,7825.0,1062,5,0.1107,0.003243
2026-09-21 11:34:03,SPX,7729.79,7646.48,7630.0,563,278,0.1473,0.003243
2026-09-21 11:34:03,SPX,7729.79,7646.48,7830.0,557,2,0.1126,0.003243
2026-09-21 11:34:03,SPX,7729.79,7646.48,7625.0,591,981,0.1497,0.003243
2026-09-21 11:34:03,SPX,7729.79,7646.48,7620.0,255,2253,0.1522,0.003243
2026-09-21 11:34:03,SPX,7729.79,7646.48,7840.0,571,0,0.117,0.003243
2026-09-21 11:34:03,SPX,7729.79,7646.48,7615.0,157,4227,0.1556,0.003243
2026-09-21 11:34:03,SPX,7729.79,7646.48,7610.0,145,363,0.1596,0.003243
2026-09-21 11:34:03,SPX,7729.79,7646.48,7850.0,964,6,0.1218,0.003243
2026-09-21 11:34:03,SPX,7729.79,7646.48,7605.0,137,107,0.1632,0.003243
2026-09-21 11:34:03,SPX,7729.79,7646.48,7600.0,379,2310,0.1663,0.003243
2026-09-21 11:34:03,SPX,7729.79,7646.48,7860.0,390,0,0.1273,0.003243
2026-09-21 11:34:03,SPX,7729.79,7646.48,7595.0,92,334,0.1689,0.003243
2026-09-21 11:34:03,SPX,7729.79,7646.48,7590.0,69,710,0.1717,0.003243
2026-09-21 11:34:03,SPX,7729.79,7646.48,7870.0,471,0,0.1332,0.003243
2026-09-21 11:34:03,SPX,7729.79,7646.48,7585.0,226,3244,0.1745,0.003243
2026-09-21 11:34:03,SPX,7729.79,7646.48,7875.0,453,3,0.1363,0.003243
2026-09-21 11:34:03,SPX,7729.79,7646.48,7580.0,381,566,0.1776,0.003243
2026-09-21 11:34:03,SPX,7729.79,7646.48,7880.0,346,5,0.1395,0.003243
2026-09-21 11:34:03,SPX,7729.79,7646.48,7575.0,51,1638,0.1807,0.003243
2026-09-21 11:34:03,SPX,7729.79,7646.48,7570.0,81,372,0.1841,0.003243
2026-09-21 11:34:03,SPX,7729.79,7646.48,7890.0,573,0,0.1458,0.003243
2026-09-21 11:34:03,SPX,7729.79,7646.48,7565.0,36,190,0.1877,0.003243
2026-09-21 11:34:03,SPX,7729.79,7646.48,7560.0,37,979,0.1913,0.003243
2026-09-21 11:34:03,SPX,7729.79,7646.48,7900.0,871,9,0.152,0.003243
2026-09-21 11:34:03,SPX,7729.79,7646.48,7555.0,55,85,0.1949,0.003243
2026-09-21 11:34:03,SPX,7729.79,7646.48,7550.0,54,2207,0.1984,0.003243
2026-09-21 11:34:03,SPX,7729.79,7646.48,7910.0,353,0,0.1577,0.003243
2026-09-21 11:34:03,SPX,7729.79,7646.48,7545.0,29,148,0.2019,0.003243
2026-09-21 11:34:03,SPX,7729.79,7646.48,7540.0,16,247,0.2053,0.003243
2026-09-21 11:34:03,SPX,7729.79,7646.48,7920.0,268,0,0.1632,0.003243
2026-09-21 11:34:03,SPX,7729.79,7646.48,7535.0,20,281,0.2087,0.003243
2026-09-21 11:34:03,SPX,7729.79,7646.48,7925.0,202,0,0.166,0.003243
2026-09-21 11:34:03,SPX,7729.79,7646.48,7530.0,21,529,0.212,0.003243
2026-09-21 11:34:03,SPX,7729.79,7646.48,7930.0,148,0,0.1687,0.003243
2026-09-21 11:34:03,SPX,7729.79,7646.48,7525.0,47,363,0.2152,0.003243
2026-09-21 11:34:03,SPX,7729.79,7646.48,7520.0,11,227,0.2184,0.003243
2026-09-21 11:34:03,SPX,7729.79,7646.48,7940.0,16,0,0.1726,0.003243
2026-09-21 11:34:03,SPX,7729.79,7646.48,7515.0,14,275,0.2216,0.003243
2026-09-21 11:34:03,SPX,7729.79,7646.48,7510.0,43,685,0.2247,0.003243
2026-09-21 11:34:03,SPX,7729.79,7646.48,7950.0,488,4,0.1734,0.003243
2026-09-21 11:34:03,SPX,7729.79,7646.48,7505.0,9,293,0.2278,0.003243
2026-09-21 11:34:03,SPX,7729.79,7646.48,7500.0,73,1458,0.2309,0.003243
2026-09-21 11:34:03,SPX,7729.79,7646.48,7495.0,14,165,0.2348,0.003243
2026-09-21 11:34:03,SPX,7729.79,7646.48,7490.0,63,459,0.2379,0.003243
2026-09-21 11:34:03,SPX,7729.79,7646.48,7485.0,122,609,0.2411,0.003243
2026-09-21 11:34:03,SPX,7729.79,7646.48,7975.0,165,0,0.1621,0.003243
2026-09-21 11:34:03,SPX,7729.79,7646.48,7480.0,62,1676,0.2443,0.003243
2026-09-21 11:34:03,SPX,7729.79,7646.48,7730.0,699,146,0.1006,0.005981
2026-09-21 11:34:03,SPX,7729.79,7646.48,7725.0,1169,40,0.1018,0.005981
2026-09-21 11:34:03,SPX,7729.79,7646.48,7735.0,724,5,0.0995,0.005981
2026-09-21 11:34:03,SPX,7729.79,7646.48,7720.0,581,32,0.1028,0.005981
2026-09-21 11:34:03,SPX,7729.79,7646.48,7740.0,565,48,0.0986,0.005981
2026-09-21 11:34:03,SPX,7729.79,7646.48,7715.0,396,23,0.1038,0.005981
2026-09-21 11:34:03,SPX,7729.79,7646.48,7745.0,546,0,0.0979,0.005981
2026-09-21 11:34:03,SPX,7729.79,7646.48,7710.0,273,24,0.1049,0.005981
2026-09-21 11:34:03,SPX,7729.79,7646.48,7750.0,2183,133,0.0974,0.005981
2026-09-21 11:34:03,SPX,7729.79,7646.48,7705.0,173,18,0.1059,0.005981
2026-09-21 11:34:03,SPX,7729.79,7646.48,7755.0,389,5,0.0971,0.005981
2026-09-21 11:34:03,SPX,7729.79,7646.48,7700.0,545,205,0.107,0.005981
2026-09-21 11:34:03,SPX,7729.79,7646.48,7760.0,819,18,0.0969,0.005981
2026-09-21 11:34:03,SPX,7729.79,7646.48,7695.0,1346,23,0.1084,0.005981
2026-09-21 11:34:03,SPX,7729.79,7646.48,7765.0,1706,3,0.0968,0.005981
2026-09-21 11:34:03,SPX,7729.79,7646.48,7690.0,503,94,0.1099,0.005981
2026-09-21 11:34:03,SPX,7729.79,7646.48,7770.0,2119,18,0.0967,0.005981
2026-09-21 11:34:03,SPX,7729.79,7646.48,7685.0,472,70,0.1114,0.005981
2026-09-21 11:34:03,SPX,7729.79,7646.48,7775.0,1259,31,0.0966,0.005981
2026-09-21 11:34:03,SPX,7729.79,7646.48,7680.0,348,97,0.113,0.005981
2026-09-21 11:34:03,SPX,7729.79,7646.48,7780.0,707,3,0.0966,0.005981
2026-09-21 11:34:03,SPX,7729.79,7646.48,7675.0,345,482,0.1147,0.005981
2026-09-21 11:34:03,SPX,7729.79,7646.48,7785.0,979,18,0.0966,0.005981
2026-09-21 11:34:03,SPX,7729.79,7646.48,7670.0,1202,153,0.1166,0.005981
2026-09-21 11:34:03,SPX,7729.79,7646.48,7790.0,3378,5,0.0967,0.005981
2026-09-21 11:34:03,SPX,7729.79,7646.48,7665.0,485,111,0.1189,0.005981
2026-09-21 11:34:03,SPX,7729.79,7646.48,7795.0,1047,0,0.0969,0.005981
2026-09-21 11:34:03,SPX,7729.79,7646.48,7660.0,246,167,0.1208,0.005981
2026-09-21 11:34:03,SPX,7729.79,7646.48,7800.0,1221,454,0.0973,0.005981
2026-09-21 11:34:03,SPX,7729.79,7646.48,7655.0,922,139,0.1225,0.005981
2026-09-21 11:34:03,SPX,7729.79,7646.48,7805.0,367,5,0.0977,0.005981
2026-09-21 11:34:03,SPX,7729.79,7646.48,7650.0,840,358,0.1241,0.005981
2026-09-21 11:34:03,SPX,7729.79,7646.48,7810.0,591,5,0.0982,0.005981
2026-09-21 11:34:03,SPX,7729.79,7646.48,7645.0,595,119,0.1259,0.005981
2026-09-21 11:34:03,SPX,7729.79,7646.48,7815.0,319,3,0.0989,0.005981
2026-09-21 11:34:03,SPX,7729.79,7646.48,7640.0,207,348,0.1276,0.005981
2026-09-21 11:34:03,SPX,7729.79,7646.48,7820.0,625,10,0.0997,0.005981
2026-09-21 11:34:03,SPX,7729.79,7646.48,7635.0,473,1160,0.1301,0.005981
2026-09-21 11:34:03,SPX,7729.79,7646.48,7825.0,588,4,0.1005,0.005981
2026-09-21 11:34:03,SPX,7729.79,7646.48,7630.0,508,415,0.132,0.005981
2026-09-21 11:34:03,SPX,7729.79,7646.48,7830.0,337,10,0.1015,0.005981
2026-09-21 11:34:03,SPX,7729.79,7646.48,7625.0,523,379,0.1345,0.005981
2026-09-21 11:34:03,SPX,7729.79,7646.48,7835.0,77,0,0.1024,0.005981
2026-09-21 11:34:03,SPX,7729.79,7646.48,7620.0,0,367,0.1366,0.005981
2026-09-21 11:34:03,SPX,7729.79,7646.48,7840.0,384,0,0.1034,0.005981
2026-09-21 11:34:03,SPX,7729.79,7646.48,7615.0,119,439,0.1383,0.005981
2026-09-21 11:34:03,SPX,7729.79,7646.48,7845.0,7,0,0.1045,0.005981
2026-09-21 11:34:03,SPX,7729.79,7646.48,7610.0,145,1660,0.1408,0.005981
2026-09-21 11:34:03,SPX,7729.79,7646.48,7850.0,3164,10,0.1055,0.005981
2026-09-21 11:34:03,SPX,7729.79,7646.48,7605.0,293,116,0.1437,0.005981
2026-09-21 11:34:03,SPX,7729.79,7646.48,7855.0,9,0,0.1066,0.005981
2026-09-21 11:34:03,SPX,7729.79,7646.48,7600.0,367,726,0.1462,0.005981
2026-09-21 11:34:03,SPX,7729.79,7646.48,7860.0,311,0,0.1078,0.005981
2026-09-21 11:34:03,SPX,7729.79,7646.48,7595.0,88,148,0.1483,0.005981
2026-09-21 11:34:03,SPX,7729.79,7646.48,7865.0,40,0,0.109,0.005981
2026-09-21 11:34:03,SPX,7729.79,7646.48,7590.0,101,177,0.1502,0.005981
2026-09-21 11:34:03,SPX,7729.79,7646.48,7870.0,569,0,0.1103,0.005981
2026-09-21 11:34:03,SPX,7729.79,7646.48,7585.0,88,367,0.152,0.005981
2026-09-21 11:34:03,SPX,7729.79,7646.48,7875.0,360,3,0.1117,0.005981
2026-09-21 11:34:03,SPX,7729.79,7646.48,7580.0,59,405,0.154,0.005981
2026-09-21 11:34:03,SPX,7729.79,7646.48,7880.0,478,1,0.1131,0.005981
2026-09-21 11:34:03,SPX,7729.79,7646.48,7575.0,86,1035,0.1563,0.005981
2026-09-21 11:34:03,SPX,7729.79,7646.48,7570.0,43,155,0.1587,0.005981
2026-09-21 11:34:03,SPX,7729.79,7646.48,7890.0,232,0,0.116,0.005981
2026-09-21 11:34:03,SPX,7729.79,7646.48,7565.0,40,147,0.1613,0.005981
2026-09-21 11:34:03,SPX,7729.79,7646.48,7560.0,53,479,0.164,0.005981
2026-09-21 11:34:03,SPX,7729.79,7646.48,7900.0,970,0,0.1189,0.005981
2026-09-21 11:34:03,SPX,7729.79,7646.48,7555.0,31,243,0.1667,0.005981
2026-09-21 11:34:03,SPX,7729.79,7646.48,7550.0,48,1776,0.1694,0.005981
2026-09-21 11:34:03,SPX,7729.79,7646.48,7910.0,290,1,0.1219,0.005981
2026-09-21 11:34:03,SPX,7729.79,7646.48,7545.0,20,607,0.172,0.005981
2026-09-21 11:34:03,SPX,7729.79,7646.48,7540.0,53,518,0.1746,0.005981
2026-09-21 11:34:03,SPX,7729.79,7646.48,7920.0,91,0,0.1251,0.005981
2026-09-21 11:34:03,SPX,7729.79,7646.48,7535.0,37,258,0.1771,0.005981
2026-09-21 11:34:03,SPX,7729.79,7646.48,7925.0,700,4,0.1267,0.005981
2026-09-21 11:34:03,SPX,7729.79,7646.48,7530.0,50,173,0.1796,0.005981
2026-09-21 11:34:03,SPX,7729.79,7646.48,7930.0,125,0,0.1285,0.005981
2026-09-21 11:34:03,SPX,7729.79,7646.48,7525.0,20,286,0.182,0.005981
2026-09-21 11:34:03,SPX,7729.79,7646.48,7520.0,10,187,0.1844,0.005981
2026-09-21 11:34:03,SPX,7729.79,7646.48,7515.0,3,120,0.1868,0.005981
2026-09-21 11:34:03,SPX,7729.79,7646.48,7510.0,2,499,0.1892,0.005981
2026-09-21 11:34:03,SPX,7729.79,7646.48,7950.0,631,0,0.1361,0.005981
2026-09-21 11:34:03,SPX,7729.79,7646.48,7505.0,29,168,0.1916,0.005981
2026-09-21 11:34:03,SPX,7729.79,7646.48,7500.0,94,1237,0.194,0.005981
2026-09-21 11:34:03,SPX,7729.79,7646.48,7495.0,5,200,0.1964,0.005981
2026-09-21 11:34:03,SPX,7729.79,7646.48,7490.0,1,149,0.1988,0.005981
2026-09-21 11:34:03,SPX,7729.79,7646.48,7485.0,0,89,0.2013,0.005981
2026-09-21 11:34:03,SPX,7729.79,7646.48,7975.0,261,0,0.1481,0.005981
2026-09-21 11:34:03,SPX,7729.79,7646.48,7480.0,0,404,0.2037,0.005981
2026-09-21 12:04:17,SPX,7737.55,7642.08,7740.0,1504,193,0.1,0.000448
2026-09-21 12:04:17,SPX,7737.55,7642.08,7735.0,1535,196,0.1009,0.000448
2026-09-21 12:04:17,SPX,7737.55,7642.08,7745.0,776,37,0.1012,0.000448
2026-09-21 12:04:17,SPX,7737.55,7642.08,7730.0,1321,181,0.1048,0.000448
2026-09-21 12:04:17,SPX,7737.55,7642.08,7750.0,2528,308,0.1034,0.000448
2026-09-21 12:04:17,SPX,7737.55,7642.08,7725.0,2265,392,0.1093,0.000448
2026-09-21 12:04:17,SPX,7737.55,7642.08,7755.0,1505,34,0.1077,0.000448
2026-09-21 12:04:17,SPX,7737.55,7642.08,7720.0,2095,361,0.1162,0.000448
2026-09-21 12:04:17,SPX,7737.55,7642.08,7760.0,2830,95,0.113,0.000448
2026-09-21 12:04:17,SPX,7737.55,7642.08,7715.0,2195,204,0.1224,0.000448
2026-09-21 12:04:17,SPX,7737.55,7642.08,7765.0,944,38,0.1189,0.000448
2026-09-21 12:04:17,SPX,7737.55,7642.08,7710.0,2696,135,0.1311,0.000448
2026-09-21 12:04:17,SPX,7737.55,7642.08,7770.0,1320,41,0.1254,0.000448
2026-09-21 12:04:17,SPX,7737.55,7642.08,7705.0,3206,81,0.1398,0.000448
2026-09-21 12:04:17,SPX,7737.55,7642.08,7775.0,1679,143,0.1331,0.000448
2026-09-21 12:04:17,SPX,7737.55,7642.08,7700.0,8600,3999,0.15,0.000448
2026-09-21 12:04:17,SPX,7737.55,7642.08,7780.0,903,34,0.1414,0.000448
2026-09-21 12:04:17,SPX,7737.55,7642.08,7695.0,2627,125,0.1605,0.000448
2026-09-21 12:04:17,SPX,7737.55,7642.08,7785.0,2955,14,0.1489,0.000448
2026-09-21 12:04:17,SPX,7737.55,7642.08,7690.0,1584,356,0.1709,0.000448
2026-09-21 12:04:17,SPX,7737.55,7642.08,7790.0,752,79,0.1555,0.000448
2026-09-21 12:04:17,SPX,7737.55,7642.08,7685.0,1983,254,0.1802,0.000448
2026-09-21 12:04:17,SPX,7737.55,7642.08,7795.0,1006,0,0.1622,0.000448
2026-09-21 12:04:17,SPX,7737.55,7642.08,7680.0,1599,128,0.1905,0.000448
2026-09-21 12:04:17,SPX,7737.55,7642.08,7800.0,2025,591,0.1697,0.000448
2026-09-21 12:04:17,SPX,7737.55,7642.08,7675.0,2246,734,0.2069,0.000448
2026-09-21 12:04:17,SPX,7737.55,7642.08,7805.0,627,7,0.1756,0.000448
2026-09-21 12:04:17,SPX,7737.55,7642.08,7670.0,1298,247,0.2199,0.000448
2026-09-21 12:04:17,SPX,7737.55,7642.08,7810.0,609,6,0.1846,0.000448
2026-09-21 12:04:17,SPX,7737.55,7642.08,7665.0,1182,173,0.2285,0.000448
2026-09-21 12:04:17,SPX,7737.55,7642.08,7815.0,930,0,0.1941,0.000448
2026-09-21 12:04:17,SPX,7737.55,7642.08,7660.0,1291,303,0.2383,0.000448
2026-09-21 12:04:17,SPX,7737.55,7642.08,7820.0,1034,22,0.2036,0.000448
2026-09-21 12:04:17,SPX,7737.55,7642.08,7655.0,2475,300,0.2481,0.000448
2026-09-21 12:04:17,SPX,7737.55,7642.08,7825.0,1658,23,0.2131,0.000448
2026-09-21 12:04:17,SPX,7737.55,7642.08,7650.0,2820,1523,0.2575,0.000448
2026-09-21 12:04:17,SPX,7737.55,7642.08,7830.0,849,0,0.2223,0.000448
2026-09-21 12:04:17,SPX,7737.55,7642.08,7645.0,1505,1350,0.268,0.000448
2026-09-21 12:04:17,SPX,7737.55,7642.08,7835.0,381,0,0.2311,0.000448
2026-09-21 12:04:17,SPX,7737.55,7642.08,7640.0,1937,1427,0.2798,0.000448
2026-09-21 12:04:17,SPX,7737.55,7642.08,7840.0,670,3,0.2394,0.000448
2026-09-21 12:04:17,SPX,7737.55,7642.08,7635.0,1159,899,0.2916,0.000448
2026-09-21 12:04:17,SPX,7737.55,7642.08,7845.0,369,1,0.2468,0.000448
2026-09-21 12:04:17,SPX,7737.55,7642.08,7630.0,996,2074,0.3029,0.000448
2026-09-21 12:04:17,SPX,7737.55,7642.08,7850.0,2471,18,0.2535,0.000448
2026-09-21 12:04:17,SPX,7737.55,7642.08,7625.0,1140,2822,0.3136,0.000448
2026-09-21 12:04:17,SPX,7737.55,7642.08,7855.0,2,0,0.2594,0.000448
2026-09-21 12:04:17,SPX,7737.55,7642.08,7620.0,438,1881,0.324,0.000448
2026-09-21 12:04:17,SPX,7737.55,7642.08,7860.0,1255,105,0.2645,0.000448
2026-09-21 12:04:17,SPX,7737.55,7642.08,7615.0,311,1459,0.3341,0.000448
2026-09-21 12:04:17,SPX,7737.55,7642.08,7865.0,15,0,0.2687,0.000448
2026-09-21 12:04:17,SPX,7737.55,7642.08,7610.0,324,1457,0.3439,0.000448
2026-09-21 12:04:17,SPX,7737.55,7642.08,7870.0,692,0,0.272,0.000448
2026-09-21 12:04:17,SPX,7737.55,7642.08,7605.0,269,1198,0.3534,0.000448
2026-09-21 12:04:17,SPX,7737.55,7642.08,7875.0,1297,1,0.2746,0.000448
2026-09-21 12:04:17,SPX,7737.55,7642.08,7600.0,815,3228,0.3628,0.000448
2026-09-21 12:04:17,SPX,7737.55,7642.08,7880.0,2025,6,0.2766,0.000448
2026-09-21 12:04:17,SPX,7737.55,7642.08,7595.0,162,1148,0.3722,0.000448
2026-09-21 12:04:17,SPX,7737.55,7642.08,7590.0,123,1593,0.3819,0.000448
2026-09-21 12:04:17,SPX,7737.55,7642.08,7890.0,503,22,0.2789,0.000448
2026-09-21 12:04:17,SPX,7737.55,7642.08,7585.0,531,2022,0.3918,0.000448
2026-09-21 12:04:17,SPX,7737.55,7642.08,7580.0,126,1298,0.4019,0.000448
2026-09-21 12:04:17,SPX,7737.55,7642.08,7900.0,1037,21,0.2792,0.000448
2026-09-21 12:04:17,SPX,7737.55,7642.08,7575.0,959,2486,0.4119,0.000448
2026-09-21 12:04:17,SPX,7737.55,7642.08,7570.0,990,1630,0.4217,0.000448
2026-09-21 12:04:17,SPX,7737.55,7642.08,7910.0,454,5,0.2779,0.000448
2026-09-21 12:04:17,SPX,7737.55,7642.08,7565.0,93,1481,0.4312,0.000448
2026-09-21 12:04:17,SPX,7737.55,7642.08,7560.0,244,2038,0.4403,0.000448
2026-09-21 12:04:17,SPX,7737.55,7642.08,7920.0,459,0,0.2753,0.000448
2026-09-21 12:04:17,SPX,7737.55,7642.08,7555.0,68,2289,0.449,0.000448
2026-09-21 12:04:17,SPX,7737.55,7642.08,7925.0,558,33,0.2736,0.000448
2026-09-21 12:04:17,SPX,7737.55,7642.08,7550.0,181,3102,0.4574,0.000448
2026-09-21 12:04:17,SPX,7737.55,7642.08,7930.0,148,0,0.2717,0.000448
2026-09-21 12:04:17,SPX,7737.55,7642.08,7545.0,37,1460,0.4656,0.000448
2026-09-21 12:04:17,SPX,7737.55,7642.08,7540.0,91,1396,0.4738,0.000448
2026-09-21 12:04:17,SPX,7737.55,7642.08,7940.0,56,10,0.2675,0.000448
2026-09-21 12:04:17,SPX,7737.55,7642.08,7535.0,48,1245,0.15,0.000448
2026-09-21 12:04:17,SPX,7737.55,7642.08,7530.0,64,2076,0.15,0.000448
2026-09-21 12:04:17,SPX,7737.55,7642.08,7950.0,693,3,0.15,0.000448
2026-09-21 12:04:17,SPX,7737.55,7642.08,7525.0,66,3247,0.4996,0.000448
2026-09-21 12:04:17,SPX,7737.55,7642.08,7520.0,38,3803,0.15,0.000448
2026-09-21 12:04:17,SPX,7737.55,7642.08,7515.0,42,2080,0.15,0.000448
2026-09-21 12:04:17,SPX,7737.55,7642.08,7510.0,24,1634,0.15,0.000448
2026-09-21 12:04:17,SPX,7737.55,7642.08,7505.0,17,754,0.15,0.000448
2026-09-21 12:04:17,SPX,7737.55,7642.08,7975.0,308,1,0.15,0.000448
2026-09-21 12:04:17,SPX,7737.55,7642.08,7500.0,39,0,0.15,0.000448
2026-09-21 12:04:17,SPX,7737.55,7642.08,7735.0,0,11,0.15,0.003186
2026-09-21 12:04:17,SPX,7737.55,7642.08,7730.0,432,0,0.1015,0.003186
2026-09-21 12:04:17,SPX,7737.55,7642.08,7720.0,0,30,0.1045,0.003186
2026-09-21 12:04:17,SPX,7737.55,7642.08,7760.0,1025,13,0.0961,0.003186
2026-09-21 12:04:17,SPX,7737.55,7642.08,7715.0,534,33,0.1065,0.003186
2026-09-21 12:04:17,SPX,7737.55,7642.08,7765.0,464,12,0.0964,0.003186
2026-09-21 12:04:17,SPX,7737.55,7642.08,7710.0,914,111,0.1085,0.003186
2026-09-21 12:04:17,SPX,7737.55,7642.08,7770.0,318,27,0.0971,0.003186
2026-09-21 12:04:17,SPX,7737.55,7642.08,7705.0,391,17,0.1103,0.003186
2026-09-21 12:04:17,SPX,7737.55,7642.08,7775.0,2198,14,0.0979,0.003186
2026-09-21 12:04:17,SPX,7737.55,7642.08,7700.0,1722,355,0.1132,0.003186
2026-09-21 12:04:17,SPX,7737.55,7642.08,7780.0,704,23,0.0988,0.003186
2026-09-21 12:04:17,SPX,7737.55,7642.08,7695.0,2376,67,0.1157,0.003186
2026-09-21 12:04:17,SPX,7737.55,7642.08,7785.0,802,2,0.0998,0.003186
2026-09-21 12:04:17,SPX,7737.55,7642.08,7690.0,748,286,0.1176,0.003186
2026-09-21 12:04:17,SPX,7737.55,7642.08,7790.0,457,15,0.1009,0.003186
2026-09-21 12:04:17,SPX,7737.55,7642.08,7685.0,598,93,0.1201,0.003186
2026-09-21 12:04:17,SPX,7737.55,7642.08,7795.0,532,0,0.1021,0.003186
2026-09-21 12:04:17,SPX,7737.55,7642.08,7680.0,688,224,0.124,0.003186
2026-09-21 12:04:17,SPX,7737.55,7642.08,7800.0,1808,99,0.1034,0.003186
2026-09-21 12:04:17,SPX,7737.55,7642.08,7675.0,5195,825,0.1261,0.003186
2026-09-21 12:04:17,SPX,7737.55,7642.08,7805.0,387,0,0.1049,0.003186
2026-09-21 12:04:17,SPX,7737.55,7642.08,7670.0,2285,138,0.129,0.003186
2026-09-21 12:04:17,SPX,7737.55,7642.08,7810.0,661,9,0.1065,0.003186
2026-09-21 12:04:17,SPX,7737.55,7642.08,7665.0,324,89,0.1326,0.003186
2026-09-21 12:04:17,SPX,7737.55,7642.08,7815.0,364,1,0.1082,0.003186
2026-09-21 12:04:17,SPX,7737.55,7642.08,7660.0,423,292,0.1355,0.003186
2026-09-21 12:04:17,SPX,7737.55,7642.08,7820.0,256,7,0.11,0.003186
2026-09-21 12:04:17,SPX,7737.55,7642.08,7655.0,315,98,0.1381,0.003186
2026-09-21 12:04:17,SPX,7737.55,7642.08,7825.0,1062,5,0.1119,0.003186
2026-09-21 12:04:17,SPX,7737.55,7642.08,7650.0,5409,535,0.1409,0.003186
2026-09-21 12:04:17,SPX,7737.55,7642.08,7830.0,557,2,0.1139,0.003186
2026-09-21 12:04:17,SPX,7737.55,7642.08,7645.0,239,2182,0.1442,0.003186
2026-09-21 12:04:17,SPX,7737.55,7642.08,7640.0,856,4191,0.1478,0.003186
2026-09-21 12:04:17,SPX,7737.55,7642.08,7840.0,571,0,0.1181,0.003186
2026-09-21 12:04:17,SPX,7737.55,7642.08,7635.0,211,245,0.1513,0.003186
2026-09-21 12:04:17,SPX,7737.55,7642.08,7630.0,563,278,0.1548,0.003186
2026-09-21 12:04:17,SPX,7737.55,7642.08,7850.0,964,6,0.1228,0.003186
2026-09-21 12:04:17,SPX,7737.55,7642.08,7625.0,591,981,0.1582,0.003186
2026-09-21 12:04:17,SPX,7737.55,7642.08,7620.0,255,2253,0.1613,0.003186
2026-09-21 12:04:17,SPX,7737.55,7642.08,7860.0,390,0,0.1278,0.003186
2026-09-21 12:04:17,SPX,7737.55,7642.08,7615.0,157,4227,0.1654,0.003186
2026-09-21 12:04:17,SPX,7737.55,7642.08,7610.0,145,363,0.1686,0.003186
2026-09-21 12:04:17,SPX,7737.55,7642.08,7870.0,471,0,0.1331,0.003186
2026-09-21 12:04:17,SPX,7737.55,7642.08,7605.0,137,107,0.1715,0.003186
2026-09-21 12:04:17,SPX,7737.55,7642.08,7875.0,453,3,0.1359,0.003186
2026-09-21 12:04:17,SPX,7737.55,7642.08,7600.0,379,2310,0.1744,0.003186
2026-09-21 12:04:17,SPX,7737.55,7642.08,7880.0,346,5,0.1386,0.003186
2026-09-21 12:04:17,SPX,7737.55,7642.08,7595.0,92,334,0.1772,0.003186
2026-09-21 12:04:17,SPX,7737.55,7642.08,7590.0,69,710,0.1803,0.003186
2026-09-21 12:04:17,SPX,7737.55,7642.08,7890.0,573,0,0.1442,0.003186
2026-09-21 12:04:17,SPX,7737.55,7642.08,7585.0,226,3244,0.1836,0.003186
2026-09-21 12:04:17,SPX,7737.55,7642.08,7580.0,381,566,0.1872,0.003186
2026-09-21 12:04:17,SPX,7737.55,7642.08,7900.0,871,9,0.1499,0.003186
2026-09-21 12:04:17,SPX,7737.55,7642.08,7575.0,51,1638,0.1909,0.003186
2026-09-21 12:04:17,SPX,7737.55,7642.08,7570.0,81,372,0.1947,0.003186
2026-09-21 12:04:17,SPX,7737.55,7642.08,7910.0,353,0,0.1557,0.003186
2026-09-21 12:04:17,SPX,7737.55,7642.08,7565.0,36,190,0.1983,0.003186
2026-09-21 12:04:17,SPX,7737.55,7642.08,7560.0,37,979,0.2019,0.003186
2026-09-21 12:04:17,SPX,7737.55,7642.08,7920.0,268,0,0.1615,0.003186
2026-09-21 12:04:17,SPX,7737.55,7642.08,7555.0,55,85,0.2053,0.003186
2026-09-21 12:04:17,SPX,7737.55,7642.08,7925.0,202,0,0.1643,0.003186
2026-09-21 12:04:17,SPX,7737.55,7642.08,7550.0,54,2207,0.2085,0.003186
2026-09-21 12:04:17,SPX,7737.55,7642.08,7930.0,148,0,0.1668,0.003186
2026-09-21 12:04:17,SPX,7737.55,7642.08,7545.0,29,148,0.2117,0.003186
2026-09-21 12:04:17,SPX,7737.55,7642.08,7540.0,16,247,0.2147,0.003186
2026-09-21 12:04:17,SPX,7737.55,7642.08,7940.0,16,0,0.1725,0.003186
2026-09-21 12:04:17,SPX,7737.55,7642.08,7535.0,20,281,0.2177,0.003186
2026-09-21 12:04:17,SPX,7737.55,7642.08,7530.0,21,529,0.2207,0.003186
2026-09-21 12:04:17,SPX,7737.55,7642.08,7950.0,488,4,0.1796,0.003186
2026-09-21 12:04:17,SPX,7737.55,7642.08,7525.0,47,363,0.2237,0.003186
2026-09-21 12:04:17,SPX,7737.55,7642.08,7520.0,11,227,0.2267,0.003186
2026-09-21 12:04:17,SPX,7737.55,7642.08,7515.0,14,275,0.2297,0.003186
2026-09-21 12:04:17,SPX,7737.55,7642.08,7510.0,43,685,0.2327,0.003186
2026-09-21 12:04:17,SPX,7737.55,7642.08,7505.0,9,293,0.2358,0.003186
2026-09-21 12:04:17,SPX,7737.55,7642.08,7975.0,165,0,0.1857,0.003186
2026-09-21 12:04:17,SPX,7737.55,7642.08,7500.0,73,1458,0.2389,0.003186
2026-09-21 12:04:17,SPX,7737.55,7642.08,7495.0,14,165,0.242,0.003186
2026-09-21 12:04:17,SPX,7737.55,7642.08,7490.0,63,459,0.2451,0.003186
2026-09-21 12:04:17,SPX,7737.55,7642.08,7740.0,565,48,0.1031,0.005924
2026-09-21 12:04:17,SPX,7737.55,7642.08,7735.0,724,5,0.1037,0.005924
2026-09-21 12:04:17,SPX,7737.55,7642.08,7745.0,546,0,0.1023,0.005924
2026-09-21 12:04:17,SPX,7737.55,7642.08,7730.0,699,146,0.1043,0.005924
2026-09-21 12:04:17,SPX,7737.55,7642.08,7750.0,2183,133,0.1017,0.005924
2026-09-21 12:04:17,SPX,7737.55,7642.08,7725.0,1169,40,0.1052,0.005924
2026-09-21 12:04:17,SPX,7737.55,7642.08,7755.0,389,5,0.1013,0.005924
2026-09-21 12:04:17,SPX,7737.55,7642.08,7720.0,581,32,0.1063,0.005924
2026-09-21 12:04:17,SPX,7737.55,7642.08,7760.0,819,18,0.1008,0.005924
2026-09-21 12:04:17,SPX,7737.55,7642.08,7715.0,396,23,0.1073,0.005924
2026-09-21 12:04:17,SPX,7737.55,7642.08,7765.0,1706,3,0.1002,0.005924
2026-09-21 12:04:17,SPX,7737.55,7642.08,7710.0,273,24,0.1086,0.005924
2026-09-21 12:04:17,SPX,7737.55,7642.08,7770.0,2119,18,0.0998,0.005924
2026-09-21 12:04:17,SPX,7737.55,7642.08,7705.0,173,18,0.1097,0.005924
2026-09-21 12:04:17,SPX,7737.55,7642.08,7775.0,1259,31,0.0997,0.005924
2026-09-21 12:04:17,SPX,7737.55,7642.08,7700.0,545,205,0.1112,0.005924
2026-09-21 12:04:17,SPX,7737.55,7642.08,7780.0,707,3,0.0997,0.005924
2026-09-21 12:04:17,SPX,7737.55,7642.08,7695.0,1346,23,0.1133,0.005924
2026-09-21 12:04:17,SPX,7737.55,7642.08,7785.0,979,18,0.0998,0.005924
2026-09-21 12:04:17,SPX,7737.55,7642.08,7690.0,503,94,0.1152,0.005924
2026-09-21 12:04:17,SPX,7737.55,7642.08,7790.0,3378,5,0.1002,0.005924
2026-09-21 12:04:17,SPX,7737.55,7642.08,7685.0,472,70,0.1163,0.005924
2026-09-21 12:04:17,SPX,7737.55,7642.08,7795.0,1047,0,0.1006,0.005924
2026-09-21 12:04:17,SPX,7737.55,7642.08,7680.0,348,97,0.1185,0.005924
2026-09-21 12:04:17,SPX,7737.55,7642.08,7800.0,1221,454,0.1011,0.005924
2026-09-21 12:04:17,SPX,7737.55,7642.08,7675.0,345,482,0.1198,0.005924
2026-09-21 12:04:17,SPX,7737.55,7642.08,7805.0,367,5,0.1016,0.005924
2026-09-21 12:04:17,SPX,7737.55,7642.08,7670.0,1202,153,0.1213,0.005924
2026-09-21 12:04:17,SPX,7737.55,7642.08,7810.0,591,5,0.102,0.005924
2026-09-21 12:04:17,SPX,7737.55,7642.08,7665.0,485,111,0.1241,0.005924
2026-09-21 12:04:17,SPX,7737.55,7642.08,7815.0,319,3,0.1025,0.005924
2026-09-21 12:04:17,SPX,7737.55,7642.08,7660.0,246,167,0.126,0.005924
2026-09-21 12:04:17,SPX,7737.55,7642.08,7820.0,625,10,0.103,0.005924
2026-09-21 12:04:17,SPX,7737.55,7642.08,7655.0,922,139,0.1277,0.005924
2026-09-21 12:04:17,SPX,7737.55,7642.08,7825.0,588,4,0.1035,0.005924
2026-09-21 12:04:17,SPX,7737.55,7642.08,7650.0,840,358,0.1292,0.005924
2026-09-21 12:04:17,SPX,7737.55,7642.08,7830.0,337,10,0.1042,0.005924
2026-09-21 12:04:17,SPX,7737.55,7642.08,7645.0,595,119,0.1311,0.005924
2026-09-21 12:04:17,SPX,7737.55,7642.08,7835.0,77,0,0.1049,0.005924
2026-09-21 12:04:17,SPX,7737.55,7642.08,7640.0,207,348,0.1332,0.005924
2026-09-21 12:04:17,SPX,7737.55,7642.08,7840.0,384,0,0.1057,0.005924
2026-09-21 12:04:17,SPX,7737.55,7642.08,7635.0,473,1160,0.1356,0.005924
2026-09-21 12:04:17,SPX,7737.55,7642.08,7845.0,7,0,0.1066,0.005924
2026-09-21 12:04:17,SPX,7737.55,7642.08,7630.0,508,415,0.1384,0.005924
2026-09-21 12:04:17,SPX,7737.55,7642.08,7850.0,3164,10,0.1076,0.005924
2026-09-21 12:04:17,SPX,7737.55,7642.08,7625.0,523,379,0.1413,0.005924
2026-09-21 12:04:17,SPX,7737.55,7642.08,7855.0,9,0,0.1087,0.005924
2026-09-21 12:04:17,SPX,7737.55,7642.08,7620.0,163,367,0.1436,0.005924
2026-09-21 12:04:17,SPX,7737.55,7642.08,7860.0,311,0,0.1098,0.005924
2026-09-21 12:04:17,SPX,7737.55,7642.08,7615.0,119,439,0.1454,0.005924
2026-09-21 12:04:17,SPX,7737.55,7642.08,7865.0,40,0,0.15,0.005924
2026-09-21 12:04:17,SPX,7737.55,7642.08,7610.0,145,1660,0.15,0.005924
2026-09-21 12:04:17,SPX,7737.55,7642.08,7870.0,569,0,0.1123,0.005924
2026-09-21 12:04:17,SPX,7737.55,7642.08,7605.0,293,116,0.1501,0.005924
2026-09-21 12:04:17,SPX,7737.55,7642.08,7875.0,360,3,0.1137,0.005924
2026-09-21 12:04:17,SPX,7737.55,7642.08,7600.0,367,726,0.1523,0.005924
2026-09-21 12:04:17,SPX,7737.55,7642.08,7880.0,478,1,0.15,0.005924
2026-09-21 12:04:17,SPX,7737.55,7642.08,7595.0,88,148,0.1544,0.005924
2026-09-21 12:04:17,SPX,7737.55,7642.08,7590.0,101,177,0.15,0.005924
2026-09-21 12:04:17,SPX,7737.55,7642.08,7890.0,232,0,0.15,0.005924
2026-09-21 12:04:17,SPX,7737.55,7642.08,7900.0,970,0,0.1213,0.005924
2026-09-21 12:04:17,SPX,7737.55,7642.08,7555.0,31,243,0.1748,0.005924
2026-09-21 12:04:17,SPX,7737.55,7642.08,7925.0,700,4,0.1293,0.005924
2026-09-21 12:04:17,SPX,7737.55,7642.08,7550.0,48,1776,0.1775,0.005924
2026-09-21 12:04:17,SPX,7737.55,7642.08,7930.0,125,0,0.1309,0.005924
2026-09-21 12:04:17,SPX,7737.55,7642.08,7545.0,20,607,0.1802,0.005924
2026-09-21 12:04:17,SPX,7737.55,7642.08,7540.0,53,518,0.1828,0.005924
2026-09-21 12:04:17,SPX,7737.55,7642.08,7535.0,37,258,0.1853,0.005924
2026-09-21 12:04:17,SPX,7737.55,7642.08,7530.0,50,173,0.1877,0.005924
2026-09-21 12:04:17,SPX,7737.55,7642.08,7950.0,631,0,0.1375,0.005924
2026-09-21 12:04:17,SPX,7737.55,7642.08,7525.0,20,286,0.1901,0.005924
2026-09-21 12:04:17,SPX,7737.55,7642.08,7520.0,10,187,0.1925,0.005924
2026-09-21 12:04:17,SPX,7737.55,7642.08,7515.0,3,120,0.1948,0.005924
2026-09-21 12:04:17,SPX,7737.55,7642.08,7510.0,2,499,0.1972,0.005924
2026-09-21 12:04:17,SPX,7737.55,7642.08,7505.0,29,168,0.1995,0.005924
2026-09-21 12:04:17,SPX,7737.55,7642.08,7975.0,261,0,0.1454,0.005924
2026-09-21 12:04:17,SPX,7737.55,7642.08,7500.0,94,1237,0.2019,0.005924
2026-09-21 12:04:17,SPX,7737.55,7642.08,7495.0,5,200,0.2043,0.005924
2026-09-21 12:04:17,SPX,7737.55,7642.08,7490.0,1,149,0.2067,0.005924
2026-09-21 12:34:29,SPX,7754.28,7641.67,7755.0,1505,34,0.1237,0.000391
2026-09-21 12:34:29,SPX,7754.28,7641.67,7750.0,2528,308,0.1251,0.000391
2026-09-21 12:34:29,SPX,7754.28,7641.67,7760.0,2830,95,0.1253,0.000391
2026-09-21 12:34:29,SPX,7754.28,7641.67,7745.0,776,37,0.1281,0.000391
2026-09-21 12:34:29,SPX,7754.28,7641.67,7765.0,944,38,0.1273,0.000391
2026-09-21 12:34:29,SPX,7754.28,7641.67,7740.0,1504,193,0.1305,0.000391
2026-09-21 12:34:29,SPX,7754.28,7641.67,7770.0,1320,41,0.1305,0.000391
2026-09-21 12:34:29,SPX,7754.28,7641.67,7735.0,1535,196,0.1354,0.000391
2026-09-21 12:34:29,SPX,7754.28,7641.67,7775.0,1679,143,0.135,0.000391
2026-09-21 12:34:29,SPX,7754.28,7641.67,7730.0,1321,181,0.1429,0.000391
2026-09-21 12:34:29,SPX,7754.28,7641.67,7780.0,903,34,0.1411,0.000391
2026-09-21 12:34:29,SPX,7754.28,7641.67,7725.0,2265,392,0.1495,0.000391
2026-09-21 12:34:29,SPX,7754.28,7641.67,7785.0,2955,14,0.1491,0.000391
2026-09-21 12:34:29,SPX,7754.28,7641.67,7720.0,2095,361,0.1587,0.000391
2026-09-21 12:34:29,SPX,7754.28,7641.67,7790.0,752,79,0.1569,0.000391
2026-09-21 12:34:29,SPX,7754.28,7641.67,7715.0,2195,204,0.1686,0.000391
2026-09-21 12:34:29,SPX,7754.28,7641.67,7795.0,1006,0,0.1663,0.000391
2026-09-21 12:34:29,SPX,7754.28,7641.67,7710.0,2696,135,0.1788,0.000391
2026-09-21 12:34:29,SPX,7754.28,7641.67,7800.0,2025,591,0.1755,0.000391
2026-09-21 12:34:29,SPX,7754.28,7641.67,7705.0,3206,81,0.1924,0.000391
2026-09-21 12:34:29,SPX,7754.28,7641.67,7805.0,627,7,0.1836,0.000391
2026-09-21 12:34:29,SPX,7754.28,7641.67,7700.0,8600,3999,0.2033,0.000391
2026-09-21 12:34:29,SPX,7754.28,7641.67,7810.0,609,6,0.1913,0.000391
2026-09-21 12:34:29,SPX,7754.28,7641.67,7695.0,2627,125,0.2146,0.000391
2026-09-21 12:34:29,SPX,7754.28,7641.67,7815.0,930,0,0.1996,0.000391
2026-09-21 12:34:29,SPX,7754.28,7641.67,7690.0,1584,356,0.2287,0.000391
2026-09-21 12:34:29,SPX,7754.28,7641.67,7820.0,1034,22,0.208,0.000391
2026-09-21 12:34:29,SPX,7754.28,7641.67,7685.0,1983,254,0.2403,0.000391
2026-09-21 12:34:29,SPX,7754.28,7641.67,7825.0,1658,23,0.2152,0.000391
2026-09-21 12:34:29,SPX,7754.28,7641.67,7680.0,1599,128,0.2512,0.000391
2026-09-21 12:34:29,SPX,7754.28,7641.67,7830.0,849,0,0.2221,0.000391
2026-09-21 12:34:29,SPX,7754.28,7641.67,7675.0,2246,734,0.2648,0.000391
2026-09-21 12:34:29,SPX,7754.28,7641.67,7835.0,381,0,0.2292,0.000391
2026-09-21 12:34:29,SPX,7754.28,7641.67,7670.0,1298,247,0.2721,0.000391
2026-09-21 12:34:29,SPX,7754.28,7641.67,7840.0,670,3,0.2365,0.000391
2026-09-21 12:34:29,SPX,7754.28,7641.67,7665.0,1182,173,0.2827,0.000391
2026-09-21 12:34:29,SPX,7754.28,7641.67,7845.0,369,1,0.244,0.000391
2026-09-21 12:34:29,SPX,7754.28,7641.67,7660.0,1291,303,0.2956,0.000391
2026-09-21 12:34:29,SPX,7754.28,7641.67,7850.0,2471,18,0.2515,0.000391
2026-09-21 12:34:29,SPX,7754.28,7641.67,7655.0,2475,300,0.3071,0.000391
2026-09-21 12:34:29,SPX,7754.28,7641.67,7855.0,2,0,0.2588,0.000391
2026-09-21 12:34:29,SPX,7754.28,7641.67,7650.0,2820,1523,0.3183,0.000391
2026-09-21 12:34:29,SPX,7754.28,7641.67,7860.0,1255,105,0.2658,0.000391
2026-09-21 12:34:29,SPX,7754.28,7641.67,7645.0,1505,1350,0.3293,0.000391
2026-09-21 12:34:29,SPX,7754.28,7641.67,7865.0,15,0,0.2724,0.000391
2026-09-21 12:34:29,SPX,7754.28,7641.67,7640.0,1937,1427,0.34,0.000391
2026-09-21 12:34:29,SPX,7754.28,7641.67,7870.0,692,0,0.2783,0.000391
2026-09-21 12:34:29,SPX,7754.28,7641.67,7635.0,1159,899,0.3506,0.000391
2026-09-21 12:34:29,SPX,7754.28,7641.67,7875.0,1297,1,0.2836,0.000391
2026-09-21 12:34:29,SPX,7754.28,7641.67,7630.0,996,2074,0.3612,0.000391
2026-09-21 12:34:29,SPX,7754.28,7641.67,7880.0,2025,6,0.288,0.000391
2026-09-21 12:34:29,SPX,7754.28,7641.67,7625.0,1140,2822,0.3719,0.000391
2026-09-21 12:34:29,SPX,7754.28,7641.67,7620.0,438,1881,0.3825,0.000391
2026-09-21 12:34:29,SPX,7754.28,7641.67,7890.0,503,22,0.2946,0.000391
2026-09-21 12:34:29,SPX,7754.28,7641.67,7615.0,311,1459,0.3928,0.000391
2026-09-21 12:34:29,SPX,7754.28,7641.67,7610.0,324,1457,0.4025,0.000391
2026-09-21 12:34:29,SPX,7754.28,7641.67,7900.0,1037,21,0.2981,0.000391
2026-09-21 12:34:29,SPX,7754.28,7641.67,7605.0,269,1198,0.4121,0.000391
2026-09-21 12:34:29,SPX,7754.28,7641.67,7600.0,815,3228,0.422,0.000391
2026-09-21 12:34:29,SPX,7754.28,7641.67,7910.0,454,5,0.299,0.000391
2026-09-21 12:34:29,SPX,7754.28,7641.67,7595.0,162,1148,0.4323,0.000391
2026-09-21 12:34:29,SPX,7754.28,7641.67,7590.0,123,1593,0.443,0.000391
2026-09-21 12:34:29,SPX,7754.28,7641.67,7920.0,459,0,0.298,0.000391
2026-09-21 12:34:29,SPX,7754.28,7641.67,7585.0,531,2022,0.4538,0.000391
2026-09-21 12:34:29,SPX,7754.28,7641.67,7925.0,558,33,0.2968,0.000391
2026-09-21 12:34:29,SPX,7754.28,7641.67,7580.0,126,1298,0.4645,0.000391
2026-09-21 12:34:29,SPX,7754.28,7641.67,7930.0,148,0,0.2954,0.000391
2026-09-21 12:34:29,SPX,7754.28,7641.67,7575.0,959,2486,0.475,0.000391
2026-09-21 12:34:29,SPX,7754.28,7641.67,7570.0,990,1630,0.4852,0.000391
2026-09-21 12:34:29,SPX,7754.28,7641.67,7940.0,56,10,0.2916,0.000391
2026-09-21 12:34:29,SPX,7754.28,7641.67,7565.0,93,1481,0.4951,0.000391
2026-09-21 12:34:29,SPX,7754.28,7641.67,7560.0,244,2038,0.5048,0.000391
2026-09-21 12:34:29,SPX,7754.28,7641.67,7950.0,693,3,0.2871,0.000391
2026-09-21 12:34:29,SPX,7754.28,7641.67,7555.0,68,2289,0.5143,0.000391
2026-09-21 12:34:29,SPX,7754.28,7641.67,7550.0,181,3102,0.5237,0.000391
2026-09-21 12:34:29,SPX,7754.28,7641.67,7545.0,37,1460,0.5333,0.000391
2026-09-21 12:34:29,SPX,7754.28,7641.67,7540.0,91,1396,0.5428,0.000391
2026-09-21 12:34:29,SPX,7754.28,7641.67,7535.0,48,1245,0.5525,0.000391
2026-09-21 12:34:29,SPX,7754.28,7641.67,7975.0,308,1,0.2739,0.000391
2026-09-21 12:34:29,SPX,7754.28,7641.67,7530.0,64,2076,0.5623,0.000391
2026-09-21 12:34:29,SPX,7754.28,7641.67,7525.0,66,3247,0.5721,0.000391
2026-09-21 12:34:29,SPX,7754.28,7641.67,7520.0,38,3803,0.5821,0.000391
2026-09-21 12:34:29,SPX,7754.28,7641.67,7515.0,42,2080,0.5921,0.000391
2026-09-21 12:34:29,SPX,7754.28,7641.67,7510.0,24,1634,0.6022,0.000391
2026-09-21 12:34:29,SPX,7754.28,7641.67,8000.0,835,1,0.259,0.000391
2026-09-21 12:34:29,SPX,7754.28,7641.67,7505.0,17,754,0.6124,0.000391
2026-09-21 12:34:29,SPX,7754.28,7641.67,7755.0,2301,8,0.1086,0.003129
2026-09-21 12:34:29,SPX,7754.28,7641.67,7750.0,1979,277,0.1095,0.003129
2026-09-21 12:34:29,SPX,7754.28,7641.67,7760.0,1025,13,0.1079,0.003129
2026-09-21 12:34:29,SPX,7754.28,7641.67,7745.0,550,2,0.1105,0.003129
2026-09-21 12:34:29,SPX,7754.28,7641.67,7765.0,464,12,0.1074,0.003129
2026-09-21 12:34:29,SPX,7754.28,7641.67,7740.0,697,135,0.1114,0.003129
2026-09-21 12:34:29,SPX,7754.28,7641.67,7770.0,318,27,0.107,0.003129
2026-09-21 12:34:29,SPX,7754.28,7641.67,7735.0,530,11,0.1135,0.003129
2026-09-21 12:34:29,SPX,7754.28,7641.67,7775.0,2198,14,0.1066,0.003129
2026-09-21 12:34:29,SPX,7754.28,7641.67,7730.0,432,74,0.1148,0.003129
2026-09-21 12:34:29,SPX,7754.28,7641.67,7780.0,704,23,0.1065,0.003129
2026-09-21 12:34:29,SPX,7754.28,7641.67,7725.0,1132,117,0.1159,0.003129
2026-09-21 12:34:29,SPX,7754.28,7641.67,7785.0,802,2,0.1066,0.003129
2026-09-21 12:34:29,SPX,7754.28,7641.67,7720.0,532,30,0.1185,0.003129
2026-09-21 12:34:29,SPX,7754.28,7641.67,7790.0,457,15,0.107,0.003129
2026-09-21 12:34:29,SPX,7754.28,7641.67,7715.0,534,33,0.121,0.003129
2026-09-21 12:34:29,SPX,7754.28,7641.67,7795.0,532,0,0.1078,0.003129
2026-09-21 12:34:29,SPX,7754.28,7641.67,7710.0,914,111,0.1228,0.003129
2026-09-21 12:34:29,SPX,7754.28,7641.67,7800.0,1808,99,0.1087,0.003129
2026-09-21 12:34:29,SPX,7754.28,7641.67,7705.0,391,17,0.1248,0.003129
2026-09-21 12:34:29,SPX,7754.28,7641.67,7805.0,387,0,0.1098,0.003129
2026-09-21 12:34:29,SPX,7754.28,7641.67,7700.0,1722,355,0.1272,0.003129
2026-09-21 12:34:29,SPX,7754.28,7641.67,7810.0,661,9,0.1109,0.003129
2026-09-21 12:34:29,SPX,7754.28,7641.67,7695.0,2376,67,0.1294,0.003129
2026-09-21 12:34:29,SPX,7754.28,7641.67,7815.0,364,1,0.1121,0.003129
2026-09-21 12:34:29,SPX,7754.28,7641.67,7690.0,748,286,0.1323,0.003129
2026-09-21 12:34:29,SPX,7754.28,7641.67,7820.0,256,7,0.1132,0.003129
2026-09-21 12:34:29,SPX,7754.28,7641.67,7685.0,598,93,0.1352,0.003129
2026-09-21 12:34:29,SPX,7754.28,7641.67,7825.0,1062,5,0.1143,0.003129
2026-09-21 12:34:29,SPX,7754.28,7641.67,7680.0,688,224,0.1384,0.003129
2026-09-21 12:34:29,SPX,7754.28,7641.67,7830.0,557,2,0.1155,0.003129
2026-09-21 12:34:29,SPX,7754.28,7641.67,7675.0,5195,825,0.1413,0.003129
2026-09-21 12:34:29,SPX,7754.28,7641.67,7670.0,2285,138,0.1443,0.003129
2026-09-21 12:34:29,SPX,7754.28,7641.67,7840.0,571,0,0.1181,0.003129
2026-09-21 12:34:29,SPX,7754.28,7641.67,7665.0,324,89,0.1469,0.003129
2026-09-21 12:34:29,SPX,7754.28,7641.67,7660.0,423,292,0.15,0.003129
2026-09-21 12:34:29,SPX,7754.28,7641.67,7850.0,964,6,0.1212,0.003129
2026-09-21 12:34:29,SPX,7754.28,7641.67,7655.0,315,98,0.1537,0.003129
2026-09-21 12:34:29,SPX,7754.28,7641.67,7650.0,5409,535,0.1572,0.003129
2026-09-21 12:34:29,SPX,7754.28,7641.67,7860.0,390,0,0.1247,0.003129
2026-09-21 12:34:29,SPX,7754.28,7641.67,7645.0,239,2182,0.1611,0.003129
2026-09-21 12:34:29,SPX,7754.28,7641.67,7640.0,856,4191,0.1642,0.003129
2026-09-21 12:34:29,SPX,7754.28,7641.67,7870.0,471,0,0.1284,0.003129
2026-09-21 12:34:29,SPX,7754.28,7641.67,7635.0,211,245,0.1666,0.003129
2026-09-21 12:34:29,SPX,7754.28,7641.67,7875.0,453,3,0.1304,0.003129
2026-09-21 12:34:29,SPX,7754.28,7641.67,7630.0,563,278,0.1707,0.003129
2026-09-21 12:34:29,SPX,7754.28,7641.67,7880.0,346,5,0.1325,0.003129
2026-09-21 12:34:29,SPX,7754.28,7641.67,7625.0,591,981,0.1743,0.003129
2026-09-21 12:34:29,SPX,7754.28,7641.67,7620.0,255,2253,0.1776,0.003129
2026-09-21 12:34:29,SPX,7754.28,7641.67,7890.0,573,0,0.137,0.003129
2026-09-21 12:34:29,SPX,7754.28,7641.67,7615.0,157,4227,0.181,0.003129
2026-09-21 12:34:29,SPX,7754.28,7641.67,7610.0,145,363,0.1839,0.003129
2026-09-21 12:34:29,SPX,7754.28,7641.67,7900.0,871,9,0.1419,0.003129
2026-09-21 12:34:29,SPX,7754.28,7641.67,7605.0,137,107,0.1866,0.003129
2026-09-21 12:34:29,SPX,7754.28,7641.67,7600.0,379,2310,0.1895,0.003129
2026-09-21 12:34:29,SPX,7754.28,7641.67,7910.0,353,0,0.1471,0.003129
2026-09-21 12:34:29,SPX,7754.28,7641.67,7595.0,92,334,0.1927,0.003129
2026-09-21 12:34:29,SPX,7754.28,7641.67,7590.0,69,710,0.1961,0.003129
2026-09-21 12:34:29,SPX,7754.28,7641.67,7920.0,268,0,0.1526,0.003129
2026-09-21 12:34:29,SPX,7754.28,7641.67,7585.0,226,3244,0.1996,0.003129
2026-09-21 12:34:29,SPX,7754.28,7641.67,7925.0,202,0,0.1555,0.003129
2026-09-21 12:34:29,SPX,7754.28,7641.67,7580.0,381,566,0.2033,0.003129
2026-09-21 12:34:29,SPX,7754.28,7641.67,7930.0,148,0,0.1585,0.003129
2026-09-21 12:34:29,SPX,7754.28,7641.67,7575.0,51,1638,0.2068,0.003129
2026-09-21 12:34:29,SPX,7754.28,7641.67,7570.0,81,372,0.2103,0.003129
2026-09-21 12:34:29,SPX,7754.28,7641.67,7940.0,16,0,0.1651,0.003129
2026-09-21 12:34:29,SPX,7754.28,7641.67,7565.0,36,190,0.2136,0.003129
2026-09-21 12:34:29,SPX,7754.28,7641.67,7560.0,37,979,0.2168,0.003129
2026-09-21 12:34:29,SPX,7754.28,7641.67,7950.0,488,4,0.1722,0.003129
2026-09-21 12:34:29,SPX,7754.28,7641.67,7555.0,55,85,0.22,0.003129
2026-09-21 12:34:29,SPX,7754.28,7641.67,7550.0,54,2207,0.223,0.003129
2026-09-21 12:34:29,SPX,7754.28,7641.67,7545.0,29,148,0.2261,0.003129
2026-09-21 12:34:29,SPX,7754.28,7641.67,7540.0,16,247,0.2292,0.003129
2026-09-21 12:34:29,SPX,7754.28,7641.67,7535.0,20,281,0.2323,0.003129
2026-09-21 12:34:29,SPX,7754.28,7641.67,7975.0,165,0,0.1882,0.003129
2026-09-21 12:34:29,SPX,7754.28,7641.67,7530.0,21,529,0.2354,0.003129
2026-09-21 12:34:29,SPX,7754.28,7641.67,7525.0,47,363,0.2386,0.003129
2026-09-21 12:34:29,SPX,7754.28,7641.67,7520.0,11,227,0.2418,0.003129
2026-09-21 12:34:29,SPX,7754.28,7641.67,7515.0,14,275,0.2449,0.003129
2026-09-21 12:34:29,SPX,7754.28,7641.67,7510.0,43,685,0.2481,0.003129
2026-09-21 12:34:29,SPX,7754.28,7641.67,8000.0,303,5,0.194,0.003129
2026-09-21 12:34:29,SPX,7754.28,7641.67,7505.0,9,293,0.2513,0.003129
2026-09-21 12:34:29,SPX,7754.28,7641.67,7755.0,389,5,0.1092,0.005866
2026-09-21 12:34:29,SPX,7754.28,7641.67,7750.0,2183,133,0.1098,0.005866
2026-09-21 12:34:29,SPX,7754.28,7641.67,7760.0,819,18,0.1089,0.005866
2026-09-21 12:34:29,SPX,7754.28,7641.67,7745.0,546,0,0.1106,0.005866
2026-09-21 12:34:29,SPX,7754.28,7641.67,7765.0,1706,3,0.1084,0.005866
2026-09-21 12:34:29,SPX,7754.28,7641.67,7740.0,565,48,0.1114,0.005866
2026-09-21 12:34:29,SPX,7754.28,7641.67,7770.0,2119,18,0.1076,0.005866
2026-09-21 12:34:29,SPX,7754.28,7641.67,7735.0,724,5,0.1121,0.005866
2026-09-21 12:34:29,SPX,7754.28,7641.67,7775.0,1259,31,0.107,0.005866
2026-09-21 12:34:29,SPX,7754.28,7641.67,7730.0,699,146,0.113,0.005866
2026-09-21 12:34:29,SPX,7754.28,7641.67,7780.0,707,3,0.1065,0.005866
2026-09-21 12:34:29,SPX,7754.28,7641.67,7725.0,1169,40,0.1139,0.005866
2026-09-21 12:34:29,SPX,7754.28,7641.67,7785.0,979,18,0.1062,0.005866
2026-09-21 12:34:29,SPX,7754.28,7641.67,7720.0,581,32,0.1151,0.005866
2026-09-21 12:34:29,SPX,7754.28,7641.67,7790.0,3378,5,0.1061,0.005866
2026-09-21 12:34:29,SPX,7754.28,7641.67,7715.0,396,23,0.1164,0.005866
2026-09-21 12:34:29,SPX,7754.28,7641.67,7795.0,1047,0,0.1061,0.005866
2026-09-21 12:34:29,SPX,7754.28,7641.67,7710.0,273,24,0.1177,0.005866
2026-09-21 12:34:29,SPX,7754.28,7641.67,7800.0,1221,454,0.1063,0.005866
2026-09-21 12:34:29,SPX,7754.28,7641.67,7705.0,173,18,0.1189,0.005866
2026-09-21 12:34:29,SPX,7754.28,7641.67,7805.0,367,5,0.1066,0.005866
2026-09-21 12:34:29,SPX,7754.28,7641.67,7700.0,545,205,0.1203,0.005866
2026-09-21 12:34:29,SPX,7754.28,7641.67,7810.0,591,5,0.107,0.005866
2026-09-21 12:34:29,SPX,7754.28,7641.67,7695.0,1346,23,0.1218,0.005866
2026-09-21 12:34:29,SPX,7754.28,7641.67,7815.0,319,3,0.1074,0.005866
2026-09-21 12:34:29,SPX,7754.28,7641.67,7690.0,503,94,0.1235,0.005866
2026-09-21 12:34:29,SPX,7754.28,7641.67,7820.0,0,10,0.1078,0.005866
2026-09-21 12:34:29,SPX,7754.28,7641.67,7685.0,472,70,0.1254,0.005866
2026-09-21 12:34:29,SPX,7754.28,7641.67,7825.0,588,4,0.1082,0.005866
2026-09-21 12:34:29,SPX,7754.28,7641.67,7680.0,348,97,0.127,0.005866
2026-09-21 12:34:29,SPX,7754.28,7641.67,7830.0,337,10,0.1086,0.005866
2026-09-21 12:34:29,SPX,7754.28,7641.67,7675.0,345,482,0.1288,0.005866
2026-09-21 12:34:29,SPX,7754.28,7641.67,7835.0,77,0,0.109,0.005866
2026-09-21 12:34:29,SPX,7754.28,7641.67,7670.0,1202,153,0.1316,0.005866
2026-09-21 12:34:29,SPX,7754.28,7641.67,7840.0,384,0,0.1095,0.005866
2026-09-21 12:34:29,SPX,7754.28,7641.67,7665.0,485,111,0.1335,0.005866
2026-09-21 12:34:29,SPX,7754.28,7641.67,7845.0,7,0,0.1101,0.005866
2026-09-21 12:34:29,SPX,7754.28,7641.67,7660.0,246,167,0.1341,0.005866
2026-09-21 12:34:29,SPX,7754.28,7641.67,7850.0,3164,10,0.1107,0.005866
2026-09-21 12:34:29,SPX,7754.28,7641.67,7655.0,922,139,0.1364,0.005866
2026-09-21 12:34:29,SPX,7754.28,7641.67,7855.0,9,0,0.1114,0.005866
2026-09-21 12:34:29,SPX,7754.28,7641.67,7650.0,840,358,0.1385,0.005866
2026-09-21 12:34:29,SPX,7754.28,7641.67,7860.0,311,0,0.1122,0.005866
2026-09-21 12:34:29,SPX,7754.28,7641.67,7645.0,595,119,0.1417,0.005866
2026-09-21 12:34:29,SPX,7754.28,7641.67,7865.0,40,0,0.113,0.005866
2026-09-21 12:34:29,SPX,7754.28,7641.67,7640.0,207,348,0.1439,0.005866
2026-09-21 12:34:29,SPX,7754.28,7641.67,7870.0,569,0,0.114,0.005866
2026-09-21 12:34:29,SPX,7754.28,7641.67,7635.0,473,1160,0.1456,0.005866
2026-09-21 12:34:29,SPX,7754.28,7641.67,7875.0,360,3,0.1149,0.005866
2026-09-21 12:34:29,SPX,7754.28,7641.67,7630.0,508,415,0.1481,0.005866
2026-09-21 12:34:29,SPX,7754.28,7641.67,7880.0,478,1,0.116,0.005866
2026-09-21 12:34:29,SPX,7754.28,7641.67,7625.0,523,379,0.1506,0.005866
2026-09-21 12:34:29,SPX,7754.28,7641.67,7620.0,163,367,0.153,0.005866
2026-09-21 12:34:29,SPX,7754.28,7641.67,7890.0,232,0,0.1182,0.005866
2026-09-21 12:34:29,SPX,7754.28,7641.67,7615.0,119,439,0.1556,0.005866
2026-09-21 12:34:29,SPX,7754.28,7641.67,7610.0,145,1660,0.1583,0.005866
2026-09-21 12:34:29,SPX,7754.28,7641.67,7900.0,970,0,0.1207,0.005866
2026-09-21 12:34:29,SPX,7754.28,7641.67,7605.0,293,116,0.1607,0.005866
2026-09-21 12:34:29,SPX,7754.28,7641.67,7600.0,367,726,0.1628,0.005866
2026-09-21 12:34:29,SPX,7754.28,7641.67,7910.0,290,1,0.1235,0.005866
2026-09-21 12:34:29,SPX,7754.28,7641.67,7595.0,88,148,0.165,0.005866
2026-09-21 12:34:29,SPX,7754.28,7641.67,7590.0,101,177,0.1673,0.005866
2026-09-21 12:34:29,SPX,7754.28,7641.67,7920.0,91,0,0.1268,0.005866
2026-09-21 12:34:29,SPX,7754.28,7641.67,7585.0,88,367,0.1697,0.005866
2026-09-21 12:34:29,SPX,7754.28,7641.67,7925.0,700,4,0.1285,0.005866
2026-09-21 12:34:29,SPX,7754.28,7641.67,7580.0,59,405,0.1721,0.005866
2026-09-21 12:34:29,SPX,7754.28,7641.67,7930.0,125,0,0.1302,0.005866
2026-09-21 12:34:29,SPX,7754.28,7641.67,7575.0,86,1035,0.1746,0.005866
2026-09-21 12:34:29,SPX,7754.28,7641.67,7570.0,43,155,0.1771,0.005866
2026-09-21 12:34:29,SPX,7754.28,7641.67,7565.0,40,147,0.1797,0.005866
2026-09-21 12:34:29,SPX,7754.28,7641.67,7560.0,53,479,0.1823,0.005866
2026-09-21 12:34:29,SPX,7754.28,7641.67,7950.0,631,0,0.1371,0.005866
2026-09-21 12:34:29,SPX,7754.28,7641.67,7555.0,31,243,0.185,0.005866
2026-09-21 12:34:29,SPX,7754.28,7641.67,7550.0,48,1776,0.1877,0.005866
2026-09-21 12:34:29,SPX,7754.28,7641.67,7545.0,20,607,0.1904,0.005866
2026-09-21 12:34:29,SPX,7754.28,7641.67,7540.0,53,518,0.193,0.005866
2026-09-21 12:34:29,SPX,7754.28,7641.67,7535.0,37,258,0.1956,0.005866
2026-09-21 12:34:29,SPX,7754.28,7641.67,7975.0,261,0,0.1458,0.005866
2026-09-21 12:34:29,SPX,7754.28,7641.67,7530.0,50,173,0.1982,0.005866
2026-09-21 12:34:29,SPX,7754.28,7641.67,7525.0,20,286,0.2007,0.005866
2026-09-21 12:34:29,SPX,7754.28,7641.67,7520.0,10,187,0.2032,0.005866
2026-09-21 12:34:29,SPX,7754.28,7641.67,7515.0,3,120,0.2056,0.005866
2026-09-21 12:34:29,SPX,7754.28,7641.67,7510.0,2,499,0.2081,0.005866
2026-09-21 12:34:29,SPX,7754.28,7641.67,8000.0,707,0,0.1535,0.005866
2026-09-21 12:34:29,SPX,7754.28,7641.67,7505.0,29,168,0.2105,0.005866
2026-09-21 13:04:44,SPX,7753.71,7642.48,7755.0,1505,34,0.1148,0.000333
2026-09-21 13:04:44,SPX,7753.71,7642.48,7750.0,2528,308,0.1163,0.000333
2026-09-21 13:04:44,SPX,7753.71,7642.48,7760.0,2830,95,0.1157,0.000333
2026-09-21 13:04:44,SPX,7753.71,7642.48,7745.0,776,37,0.119,0.000333
2026-09-21 13:04:44,SPX,7753.71,7642.48,7765.0,944,38,0.1188,0.000333
2026-09-21 13:04:44,SPX,7753.71,7642.48,7740.0,1504,193,0.1248,0.000333
2026-09-21 13:04:44,SPX,7753.71,7642.48,7770.0,1320,41,0.1232,0.000333
2026-09-21 13:04:44,SPX,7753.71,7642.48,7735.0,1535,196,0.1311,0.000333
2026-09-21 13:04:44,SPX,7753.71,7642.48,7775.0,1679,143,0.1286,0.000333
2026-09-21 13:04:44,SPX,7753.71,7642.48,7730.0,1321,181,0.1408,0.000333
2026-09-21 13:04:44,SPX,7753.71,7642.48,7780.0,903,34,0.1362,0.000333
2026-09-21 13:04:44,SPX,7753.71,7642.48,7725.0,2265,392,0.1511,0.000333
2026-09-21 13:04:44,SPX,7753.71,7642.48,7785.0,2955,14,0.1465,0.000333
2026-09-21 13:04:44,SPX,7753.71,7642.48,7720.0,2095,361,0.1614,0.000333
2026-09-21 13:04:44,SPX,7753.71,7642.48,7790.0,752,79,0.1572,0.000333
2026-09-21 13:04:44,SPX,7753.71,7642.48,7715.0,2195,204,0.1746,0.000333
2026-09-21 13:04:44,SPX,7753.71,7642.48,7795.0,1006,0,0.1674,0.000333
2026-09-21 13:04:44,SPX,7753.71,7642.48,7710.0,2696,135,0.1863,0.000333
2026-09-21 13:04:44,SPX,7753.71,7642.48,7800.0,2025,591,0.1774,0.000333
2026-09-21 13:04:44,SPX,7753.71,7642.48,7705.0,3206,81,0.1996,0.000333
2026-09-21 13:04:44,SPX,7753.71,7642.48,7805.0,627,7,0.1869,0.000333
2026-09-21 13:04:44,SPX,7753.71,7642.48,7700.0,8600,3999,0.2127,0.000333
2026-09-21 13:04:44,SPX,7753.71,7642.48,7810.0,609,6,0.1956,0.000333
2026-09-21 13:04:44,SPX,7753.71,7642.48,7695.0,2627,125,0.2232,0.000333
2026-09-21 13:04:44,SPX,7753.71,7642.48,7815.0,930,0,0.2039,0.000333
2026-09-21 13:04:44,SPX,7753.71,7642.48,7690.0,1584,356,0.2384,0.000333
2026-09-21 13:04:44,SPX,7753.71,7642.48,7820.0,1034,22,0.2124,0.000333
2026-09-21 13:04:44,SPX,7753.71,7642.48,7685.0,1983,254,0.2513,0.000333
2026-09-21 13:04:44,SPX,7753.71,7642.48,7825.0,1658,23,0.2215,0.000333
2026-09-21 13:04:44,SPX,7753.71,7642.48,7680.0,1599,128,0.2659,0.000333
2026-09-21 13:04:44,SPX,7753.71,7642.48,7830.0,849,0,0.231,0.000333
2026-09-21 13:04:44,SPX,7753.71,7642.48,7675.0,2246,734,0.2782,0.000333
2026-09-21 13:04:44,SPX,7753.71,7642.48,7835.0,381,0,0.2408,0.000333
2026-09-21 13:04:44,SPX,7753.71,7642.48,7670.0,1298,247,0.2893,0.000333
2026-09-21 13:04:44,SPX,7753.71,7642.48,7840.0,670,3,0.2507,0.000333
2026-09-21 13:04:44,SPX,7753.71,7642.48,7665.0,1182,173,0.3009,0.000333
2026-09-21 13:04:44,SPX,7753.71,7642.48,7845.0,369,1,0.2605,0.000333
2026-09-21 13:04:44,SPX,7753.71,7642.48,7660.0,1291,303,0.3146,0.000333
2026-09-21 13:04:44,SPX,7753.71,7642.48,7850.0,2471,18,0.27,0.000333
2026-09-21 13:04:44,SPX,7753.71,7642.48,7655.0,2475,300,0.3271,0.000333
2026-09-21 13:04:44,SPX,7753.71,7642.48,7855.0,2,0,0.2791,0.000333
2026-09-21 13:04:44,SPX,7753.71,7642.48,7650.0,2820,1523,0.3392,0.000333
2026-09-21 13:04:44,SPX,7753.71,7642.48,7860.0,1255,105,0.2876,0.000333
2026-09-21 13:04:44,SPX,7753.71,7642.48,7645.0,1505,1350,0.3514,0.000333
2026-09-21 13:04:44,SPX,7753.71,7642.48,7865.0,15,0,0.2953,0.000333
2026-09-21 13:04:44,SPX,7753.71,7642.48,7640.0,1937,1427,0.3635,0.000333
2026-09-21 13:04:44,SPX,7753.71,7642.48,7870.0,692,0,0.3023,0.000333
2026-09-21 13:04:44,SPX,7753.71,7642.48,7635.0,1159,899,0.3755,0.000333
2026-09-21 13:04:44,SPX,7753.71,7642.48,7875.0,1297,1,0.3084,0.000333
2026-09-21 13:04:44,SPX,7753.71,7642.48,7630.0,996,2074,0.3874,0.000333
2026-09-21 13:04:44,SPX,7753.71,7642.48,7880.0,2025,6,0.3135,0.000333
2026-09-21 13:04:44,SPX,7753.71,7642.48,7625.0,1140,2822,0.3992,0.000333
2026-09-21 13:04:44,SPX,7753.71,7642.48,7620.0,438,1881,0.411,0.000333
2026-09-21 13:04:44,SPX,7753.71,7642.48,7890.0,503,22,0.3213,0.000333
2026-09-21 13:04:44,SPX,7753.71,7642.48,7615.0,311,1459,0.4225,0.000333
2026-09-21 13:04:44,SPX,7753.71,7642.48,7610.0,324,1457,0.4337,0.000333
2026-09-21 13:04:44,SPX,7753.71,7642.48,7900.0,1037,21,0.3261,0.000333
2026-09-21 13:04:44,SPX,7753.71,7642.48,7605.0,269,1198,0.4445,0.000333
2026-09-21 13:04:44,SPX,7753.71,7642.48,7600.0,815,3228,0.455,0.000333
2026-09-21 13:04:44,SPX,7753.71,7642.48,7910.0,454,5,0.3281,0.000333
2026-09-21 13:04:44,SPX,7753.71,7642.48,7595.0,162,1148,0.4657,0.000333
2026-09-21 13:04:44,SPX,7753.71,7642.48,7590.0,123,1593,0.4764,0.000333
2026-09-21 13:04:44,SPX,7753.71,7642.48,7920.0,459,0,0.3278,0.000333
2026-09-21 13:04:44,SPX,7753.71,7642.48,7585.0,531,2022,0.4873,0.000333
2026-09-21 13:04:44,SPX,7753.71,7642.48,7925.0,558,33,0.3269,0.000333
2026-09-21 13:04:44,SPX,7753.71,7642.48,7580.0,126,1298,0.4982,0.000333
2026-09-21 13:04:44,SPX,7753.71,7642.48,7930.0,148,0,0.3257,0.000333
2026-09-21 13:04:44,SPX,7753.71,7642.48,7575.0,959,2486,0.509,0.000333
2026-09-21 13:04:44,SPX,7753.71,7642.48,7570.0,990,1630,0.5196,0.000333
2026-09-21 13:04:44,SPX,7753.71,7642.48,7940.0,56,10,0.3222,0.000333
2026-09-21 13:04:44,SPX,7753.71,7642.48,7565.0,93,1481,0.5301,0.000333
2026-09-21 13:04:44,SPX,7753.71,7642.48,7560.0,244,2038,0.5405,0.000333
2026-09-21 13:04:44,SPX,7753.71,7642.48,7950.0,693,3,0.3176,0.000333
2026-09-21 13:04:44,SPX,7753.71,7642.48,7555.0,68,2289,0.5507,0.000333
2026-09-21 13:04:44,SPX,7753.71,7642.48,7550.0,181,3102,0.561,0.000333
2026-09-21 13:04:44,SPX,7753.71,7642.48,7545.0,37,1460,0.5713,0.000333
2026-09-21 13:04:44,SPX,7753.71,7642.48,7540.0,91,1396,0.5817,0.000333
2026-09-21 13:04:44,SPX,7753.71,7642.48,7535.0,48,1245,0.5922,0.000333
2026-09-21 13:04:44,SPX,7753.71,7642.48,7975.0,308,1,0.3038,0.000333
2026-09-21 13:04:44,SPX,7753.71,7642.48,7530.0,64,2076,0.6028,0.000333
2026-09-21 13:04:44,SPX,7753.71,7642.48,7525.0,66,3247,0.6135,0.000333
2026-09-21 13:04:44,SPX,7753.71,7642.48,7520.0,38,3803,0.6243,0.000333
2026-09-21 13:04:44,SPX,7753.71,7642.48,7515.0,42,2080,0.6352,0.000333
2026-09-21 13:04:44,SPX,7753.71,7642.48,7510.0,24,1634,0.6462,0.000333
2026-09-21 13:04:44,SPX,7753.71,7642.48,8000.0,835,1,0.2881,0.000333
2026-09-21 13:04:44,SPX,7753.71,7642.48,7505.0,17,754,0.6573,0.000333
2026-09-21 13:04:44,SPX,7753.71,7642.48,7755.0,2301,8,0.1043,0.003071
2026-09-21 13:04:44,SPX,7753.71,7642.48,7750.0,1979,277,0.105,0.003071
2026-09-21 13:04:44,SPX,7753.71,7642.48,7760.0,1025,13,0.1034,0.003071
2026-09-21 13:04:44,SPX,7753.71,7642.48,7745.0,550,2,0.1062,0.003071
2026-09-21 13:04:44,SPX,7753.71,7642.48,7765.0,464,12,0.1027,0.003071
2026-09-21 13:04:44,SPX,7753.71,7642.48,7740.0,697,135,0.1076,0.003071
2026-09-21 13:04:44,SPX,7753.71,7642.48,7770.0,318,27,0.102,0.003071
2026-09-21 13:04:44,SPX,7753.71,7642.48,7735.0,530,11,0.1091,0.003071
2026-09-21 13:04:44,SPX,7753.71,7642.48,7775.0,2198,14,0.1015,0.003071
2026-09-21 13:04:44,SPX,7753.71,7642.48,7730.0,432,74,0.1106,0.003071
2026-09-21 13:04:44,SPX,7753.71,7642.48,7780.0,704,23,0.1015,0.003071
2026-09-21 13:04:44,SPX,7753.71,7642.48,7725.0,1132,117,0.1133,0.003071
2026-09-21 13:04:44,SPX,7753.71,7642.48,7785.0,802,2,0.1021,0.003071
2026-09-21 13:04:44,SPX,7753.71,7642.48,7720.0,532,30,0.1148,0.003071
2026-09-21 13:04:44,SPX,7753.71,7642.48,7790.0,457,15,0.1029,0.003071
2026-09-21 13:04:44,SPX,7753.71,7642.48,7715.0,534,33,0.1167,0.003071
2026-09-21 13:04:44,SPX,7753.71,7642.48,7795.0,532,0,0.1038,0.003071
2026-09-21 13:04:44,SPX,7753.71,7642.48,7710.0,914,111,0.1194,0.003071
2026-09-21 13:04:44,SPX,7753.71,7642.48,7800.0,1808,99,0.1047,0.003071
2026-09-21 13:04:44,SPX,7753.71,7642.48,7705.0,391,17,0.1215,0.003071
2026-09-21 13:04:44,SPX,7753.71,7642.48,7805.0,387,0,0.1056,0.003071
2026-09-21 13:04:44,SPX,7753.71,7642.48,7700.0,1722,355,0.1243,0.003071
2026-09-21 13:04:44,SPX,7753.71,7642.48,7810.0,661,9,0.1065,0.003071
2026-09-21 13:04:44,SPX,7753.71,7642.48,7695.0,2376,67,0.1278,0.003071
2026-09-21 13:04:44,SPX,7753.71,7642.48,7815.0,364,1,0.1074,0.003071
2026-09-21 13:04:44,SPX,7753.71,7642.48,7690.0,748,286,0.1303,0.003071
2026-09-21 13:04:44,SPX,7753.71,7642.48,7820.0,256,7,0.1084,0.003071
2026-09-21 13:04:44,SPX,7753.71,7642.48,7685.0,598,93,0.1331,0.003071
2026-09-21 13:04:44,SPX,7753.71,7642.48,7825.0,1062,5,0.1096,0.003071
2026-09-21 13:04:44,SPX,7753.71,7642.48,7680.0,688,224,0.1353,0.003071
2026-09-21 13:04:44,SPX,7753.71,7642.48,7830.0,557,2,0.1109,0.003071
2026-09-21 13:04:44,SPX,7753.71,7642.48,7675.0,5195,825,0.1386,0.003071
2026-09-21 13:04:44,SPX,7753.71,7642.48,7670.0,2285,138,0.1428,0.003071
2026-09-21 13:04:44,SPX,7753.71,7642.48,7840.0,571,0,0.114,0.003071
2026-09-21 13:04:44,SPX,7753.71,7642.48,7665.0,324,89,0.1463,0.003071
2026-09-21 13:04:44,SPX,7753.71,7642.48,7660.0,423,292,0.1497,0.003071
2026-09-21 13:04:44,SPX,7753.71,7642.48,7850.0,964,6,0.1179,0.003071
2026-09-21 13:04:44,SPX,7753.71,7642.48,7655.0,315,98,0.153,0.003071
2026-09-21 13:04:44,SPX,7753.71,7642.48,7650.0,5409,535,0.1563,0.003071
2026-09-21 13:04:44,SPX,7753.71,7642.48,7860.0,390,0,0.1223,0.003071
2026-09-21 13:04:44,SPX,7753.71,7642.48,7645.0,239,2182,0.1592,0.003071
2026-09-21 13:04:44,SPX,7753.71,7642.48,7640.0,856,4191,0.1614,0.003071
2026-09-21 13:04:44,SPX,7753.71,7642.48,7870.0,471,0,0.127,0.003071
2026-09-21 13:04:44,SPX,7753.71,7642.48,7635.0,211,245,0.1659,0.003071
2026-09-21 13:04:44,SPX,7753.71,7642.48,7875.0,453,3,0.1294,0.003071
2026-09-21 13:04:44,SPX,7753.71,7642.48,7630.0,563,278,0.1704,0.003071
2026-09-21 13:04:44,SPX,7753.71,7642.48,7880.0,346,5,0.1318,0.003071
2026-09-21 13:04:44,SPX,7753.71,7642.48,7625.0,591,981,0.1743,0.003071
2026-09-21 13:04:44,SPX,7753.71,7642.48,7620.0,255,2253,0.1775,0.003071
2026-09-21 13:04:44,SPX,7753.71,7642.48,7890.0,573,0,0.1368,0.003071
2026-09-21 13:04:44,SPX,7753.71,7642.48,7615.0,157,4227,0.1805,0.003071
2026-09-21 13:04:44,SPX,7753.71,7642.48,7610.0,145,363,0.1835,0.003071
2026-09-21 13:04:44,SPX,7753.71,7642.48,7900.0,871,9,0.1421,0.003071
2026-09-21 13:04:44,SPX,7753.71,7642.48,7605.0,137,107,0.1865,0.003071
2026-09-21 13:04:44,SPX,7753.71,7642.48,7600.0,379,2310,0.1896,0.003071
2026-09-21 13:04:44,SPX,7753.71,7642.48,7595.0,92,334,0.193,0.003071
2026-09-21 13:04:44,SPX,7753.71,7642.48,7590.0,69,710,0.1965,0.003071
2026-09-21 13:04:44,SPX,7753.71,7642.48,7920.0,268,0,0.153,0.003071
2026-09-21 13:04:44,SPX,7753.71,7642.48,7585.0,226,3244,0.2003,0.003071
2026-09-21 13:04:44,SPX,7753.71,7642.48,7925.0,202,0,0.1558,0.003071
2026-09-21 13:04:44,SPX,7753.71,7642.48,7580.0,381,566,0.2042,0.003071
2026-09-21 13:04:44,SPX,7753.71,7642.48,7930.0,148,0,0.1588,0.003071
2026-09-21 13:04:44,SPX,7753.71,7642.48,7575.0,51,1638,0.2081,0.003071
2026-09-21 13:04:44,SPX,7753.71,7642.48,7570.0,81,372,0.2119,0.003071
2026-09-21 13:04:44,SPX,7753.71,7642.48,7940.0,16,0,0.1651,0.003071
2026-09-21 13:04:44,SPX,7753.71,7642.48,7565.0,36,190,0.2156,0.003071
2026-09-21 13:04:44,SPX,7753.71,7642.48,7560.0,37,979,0.2193,0.003071
2026-09-21 13:04:44,SPX,7753.71,7642.48,7950.0,488,4,0.1719,0.003071
2026-09-21 13:04:44,SPX,7753.71,7642.48,7555.0,55,85,0.2228,0.003071
2026-09-21 13:04:44,SPX,7753.71,7642.48,7550.0,54,2207,0.2262,0.003071
2026-09-21 13:04:44,SPX,7753.71,7642.48,7545.0,29,148,0.2295,0.003071
2026-09-21 13:04:44,SPX,7753.71,7642.48,7540.0,16,247,0.2326,0.003071
2026-09-21 13:04:44,SPX,7753.71,7642.48,7535.0,20,281,0.2358,0.003071
2026-09-21 13:04:44,SPX,7753.71,7642.48,7975.0,165,0,0.1892,0.003071
2026-09-21 13:04:44,SPX,7753.71,7642.48,7530.0,21,529,0.2388,0.003071
2026-09-21 13:04:44,SPX,7753.71,7642.48,7525.0,47,363,0.2418,0.003071
2026-09-21 13:04:44,SPX,7753.71,7642.48,7520.0,11,227,0.2448,0.003071
2026-09-21 13:04:44,SPX,7753.71,7642.48,7515.0,14,275,0.2478,0.003071
2026-09-21 13:04:44,SPX,7753.71,7642.48,7510.0,43,685,0.2508,0.003071
2026-09-21 13:04:44,SPX,7753.71,7642.48,8000.0,303,5,0.1963,0.003071
2026-09-21 13:04:44,SPX,7753.71,7642.48,7505.0,9,293,0.2538,0.003071
2026-09-21 13:04:44,SPX,7753.71,7642.48,7755.0,389,5,0.1042,0.005809
2026-09-21 13:04:44,SPX,7753.71,7642.48,7750.0,2183,133,0.1049,0.005809
2026-09-21 13:04:44,SPX,7753.71,7642.48,7760.0,819,18,0.1034,0.005809
2026-09-21 13:04:44,SPX,7753.71,7642.48,7745.0,546,0,0.1039,0.005809
2026-09-21 13:04:44,SPX,7753.71,7642.48,7765.0,1706,3,0.1012,0.005809
2026-09-21 13:04:44,SPX,7753.71,7642.48,7740.0,565,48,0.1047,0.005809
2026-09-21 13:04:44,SPX,7753.71,7642.48,7770.0,2119,18,0.1006,0.005809
2026-09-21 13:04:44,SPX,7753.71,7642.48,7735.0,724,5,0.1058,0.005809
2026-09-21 13:04:44,SPX,7753.71,7642.48,7775.0,1259,31,0.1,0.005809
2026-09-21 13:04:44,SPX,7753.71,7642.48,7730.0,699,146,0.1067,0.005809
2026-09-21 13:04:44,SPX,7753.71,7642.48,7780.0,707,3,0.0994,0.005809
2026-09-21 13:04:44,SPX,7753.71,7642.48,7725.0,1169,40,0.108,0.005809
2026-09-21 13:04:44,SPX,7753.71,7642.48,7785.0,979,18,0.099,0.005809
2026-09-21 13:04:44,SPX,7753.71,7642.48,7720.0,581,32,0.1094,0.005809
2026-09-21 13:04:44,SPX,7753.71,7642.48,7790.0,3378,5,0.0988,0.005809
2026-09-21 13:04:44,SPX,7753.71,7642.48,7715.0,396,23,0.1107,0.005809
2026-09-21 13:04:44,SPX,7753.71,7642.48,7795.0,1047,0,0.099,0.005809
2026-09-21 13:04:44,SPX,7753.71,7642.48,7710.0,273,24,0.112,0.005809
2026-09-21 13:04:44,SPX,7753.71,7642.48,7800.0,1221,454,0.0993,0.005809
2026-09-21 13:04:44,SPX,7753.71,7642.48,7705.0,173,18,0.1139,0.005809
2026-09-21 13:04:44,SPX,7753.71,7642.48,7805.0,367,5,0.0996,0.005809
2026-09-21 13:04:44,SPX,7753.71,7642.48,7700.0,545,205,0.1152,0.005809
2026-09-21 13:04:44,SPX,7753.71,7642.48,7810.0,591,5,0.1,0.005809
2026-09-21 13:04:44,SPX,7753.71,7642.48,7695.0,1346,23,0.1166,0.005809
2026-09-21 13:04:44,SPX,7753.71,7642.48,7815.0,319,3,0.1003,0.005809
2026-09-21 13:04:44,SPX,7753.71,7642.48,7690.0,503,94,0.1191,0.005809
2026-09-21 13:04:44,SPX,7753.71,7642.48,7820.0,625,10,0.1007,0.005809
2026-09-21 13:04:44,SPX,7753.71,7642.48,7685.0,472,70,0.1214,0.005809
2026-09-21 13:04:44,SPX,7753.71,7642.48,7825.0,588,4,0.101,0.005809
2026-09-21 13:04:44,SPX,7753.71,7642.48,7680.0,348,97,0.1227,0.005809
2026-09-21 13:04:44,SPX,7753.71,7642.48,7830.0,337,10,0.1015,0.005809
2026-09-21 13:04:44,SPX,7753.71,7642.48,7675.0,345,482,0.1244,0.005809
2026-09-21 13:04:44,SPX,7753.71,7642.48,7835.0,77,0,0.102,0.005809
2026-09-21 13:04:44,SPX,7753.71,7642.48,7670.0,1202,153,0.1263,0.005809
2026-09-21 13:04:44,SPX,7753.71,7642.48,7840.0,384,0,0.1025,0.005809
2026-09-21 13:04:44,SPX,7753.71,7642.48,7665.0,485,111,0.1283,0.005809
2026-09-21 13:04:44,SPX,7753.71,7642.48,7845.0,7,0,0.1033,0.005809
2026-09-21 13:04:44,SPX,7753.71,7642.48,7660.0,246,167,0.1308,0.005809
2026-09-21 13:04:44,SPX,7753.71,7642.48,7850.0,3164,10,0.1041,0.005809
2026-09-21 13:04:44,SPX,7753.71,7642.48,7655.0,922,139,0.133,0.005809
2026-09-21 13:04:44,SPX,7753.71,7642.48,7855.0,9,0,0.105,0.005809
2026-09-21 13:04:44,SPX,7753.71,7642.48,7650.0,840,358,0.1356,0.005809
2026-09-21 13:04:44,SPX,7753.71,7642.48,7860.0,311,0,0.106,0.005809
2026-09-21 13:04:44,SPX,7753.71,7642.48,7645.0,595,119,0.1384,0.005809
2026-09-21 13:04:44,SPX,7753.71,7642.48,7865.0,40,0,0.1071,0.005809
2026-09-21 13:04:44,SPX,7753.71,7642.48,7640.0,207,348,0.1413,0.005809
2026-09-21 13:04:44,SPX,7753.71,7642.48,7870.0,569,0,0.1083,0.005809
2026-09-21 13:04:44,SPX,7753.71,7642.48,7635.0,473,1160,0.1435,0.005809
2026-09-21 13:04:44,SPX,7753.71,7642.48,7875.0,360,3,0.1095,0.005809
2026-09-21 13:04:44,SPX,7753.71,7642.48,7630.0,508,415,0.1456,0.005809
2026-09-21 13:04:44,SPX,7753.71,7642.48,7880.0,478,1,0.1109,0.005809
2026-09-21 13:04:44,SPX,7753.71,7642.48,7625.0,523,379,0.1478,0.005809
2026-09-21 13:04:44,SPX,7753.71,7642.48,7620.0,163,367,0.1502,0.005809
2026-09-21 13:04:44,SPX,7753.71,7642.48,7890.0,232,0,0.1138,0.005809
2026-09-21 13:04:44,SPX,7753.71,7642.48,7615.0,119,439,0.1525,0.005809
2026-09-21 13:04:44,SPX,7753.71,7642.48,7610.0,145,1660,0.1549,0.005809
2026-09-21 13:04:44,SPX,7753.71,7642.48,7900.0,970,0,0.1169,0.005809
2026-09-21 13:04:44,SPX,7753.71,7642.48,7605.0,293,116,0.1574,0.005809
2026-09-21 13:04:44,SPX,7753.71,7642.48,7600.0,367,726,0.1599,0.005809
2026-09-21 13:04:44,SPX,7753.71,7642.48,7910.0,290,1,0.1201,0.005809
2026-09-21 13:04:44,SPX,7753.71,7642.48,7595.0,88,148,0.1626,0.005809
2026-09-21 13:04:44,SPX,7753.71,7642.48,7590.0,101,177,0.1653,0.005809
2026-09-21 13:04:44,SPX,7753.71,7642.48,7920.0,91,0,0.1232,0.005809
2026-09-21 13:04:44,SPX,7753.71,7642.48,7585.0,88,367,0.1681,0.005809
2026-09-21 13:04:44,SPX,7753.71,7642.48,7925.0,700,4,0.1247,0.005809
2026-09-21 13:04:44,SPX,7753.71,7642.48,7580.0,59,405,0.171,0.005809
2026-09-21 13:04:44,SPX,7753.71,7642.48,7930.0,125,0,0.1262,0.005809
2026-09-21 13:04:44,SPX,7753.71,7642.48,7575.0,86,1035,0.1738,0.005809
2026-09-21 13:04:44,SPX,7753.71,7642.48,7570.0,43,155,0.1766,0.005809
2026-09-21 13:04:44,SPX,7753.71,7642.48,7565.0,40,147,0.1793,0.005809
2026-09-21 13:04:44,SPX,7753.71,7642.48,7560.0,53,479,0.182,0.005809
2026-09-21 13:04:44,SPX,7753.71,7642.48,7950.0,631,0,0.1323,0.005809
2026-09-21 13:04:44,SPX,7753.71,7642.48,7555.0,31,243,0.1846,0.005809
2026-09-21 13:04:44,SPX,7753.71,7642.48,7550.0,48,1776,0.1872,0.005809
2026-09-21 13:04:44,SPX,7753.71,7642.48,7545.0,20,607,0.1897,0.005809
2026-09-21 13:04:44,SPX,7753.71,7642.48,7540.0,53,518,0.1922,0.005809
2026-09-21 13:04:44,SPX,7753.71,7642.48,7535.0,37,258,0.1947,0.005809
2026-09-21 13:04:44,SPX,7753.71,7642.48,7975.0,261,0,0.1417,0.005809
2026-09-21 13:04:44,SPX,7753.71,7642.48,7530.0,50,173,0.1972,0.005809
2026-09-21 13:04:44,SPX,7753.71,7642.48,7525.0,20,286,0.1997,0.005809
2026-09-21 13:04:44,SPX,7753.71,7642.48,7520.0,10,187,0.2023,0.005809
2026-09-21 13:04:44,SPX,7753.71,7642.48,7515.0,3,120,0.2048,0.005809
2026-09-21 13:04:44,SPX,7753.71,7642.48,7510.0,2,499,0.2073,0.005809
2026-09-21 13:04:44,SPX,7753.71,7642.48,8000.0,707,0,0.1528,0.005809
2026-09-21 13:04:44,SPX,7753.71,7642.48,7505.0,29,168,0.2099,0.005809
2026-09-21 13:35:00,SPX,7755.7,7642.31,7755.0,1505,34,0.1151,0.000276
2026-09-21 13:35:00,SPX,7755.7,7642.31,7760.0,2830,95,0.1136,0.000276
2026-09-21 13:35:00,SPX,7755.7,7642.31,7750.0,2528,308,0.1179,0.000276
2026-09-21 13:35:00,SPX,7755.7,7642.31,7765.0,944,38,0.1159,0.000276
2026-09-21 13:35:00,SPX,7755.7,7642.31,7745.0,776,37,0.1247,0.000276
2026-09-21 13:35:00,SPX,7755.7,7642.31,7770.0,1320,41,0.1198,0.000276
2026-09-21 13:35:00,SPX,7755.7,7642.31,7740.0,1504,193,0.1336,0.000276
2026-09-21 13:35:00,SPX,7755.7,7642.31,7775.0,1679,143,0.1266,0.000276
2026-09-21 13:35:00,SPX,7755.7,7642.31,7735.0,1535,196,0.1444,0.000276
2026-09-21 13:35:00,SPX,7755.7,7642.31,7780.0,903,34,0.1364,0.000276
2026-09-21 13:35:00,SPX,7755.7,7642.31,7730.0,1321,181,0.1574,0.000276
2026-09-21 13:35:00,SPX,7755.7,7642.31,7785.0,2955,14,0.147,0.000276
2026-09-21 13:35:00,SPX,7755.7,7642.31,7725.0,2265,392,0.1677,0.000276
2026-09-21 13:35:00,SPX,7755.7,7642.31,7790.0,752,79,0.1566,0.000276
2026-09-21 13:35:00,SPX,7755.7,7642.31,7720.0,2095,361,0.1832,0.000276
2026-09-21 13:35:00,SPX,7755.7,7642.31,7795.0,1006,0,0.1673,0.000276
2026-09-21 13:35:00,SPX,7755.7,7642.31,7715.0,2195,204,0.1976,0.000276
2026-09-21 13:35:00,SPX,7755.7,7642.31,7800.0,2025,591,0.1776,0.000276
2026-09-21 13:35:00,SPX,7755.7,7642.31,7710.0,2696,135,0.2127,0.000276
2026-09-21 13:35:00,SPX,7755.7,7642.31,7805.0,627,7,0.1861,0.000276
2026-09-21 13:35:00,SPX,7755.7,7642.31,7705.0,3206,81,0.2237,0.000276
2026-09-21 13:35:00,SPX,7755.7,7642.31,7810.0,609,6,0.1944,0.000276
2026-09-21 13:35:00,SPX,7755.7,7642.31,7700.0,8600,3999,0.2376,0.000276
2026-09-21 13:35:00,SPX,7755.7,7642.31,7815.0,930,0,0.2031,0.000276
2026-09-21 13:35:00,SPX,7755.7,7642.31,7695.0,2627,125,0.2593,0.000276
2026-09-21 13:35:00,SPX,7755.7,7642.31,7820.0,1034,22,0.2125,0.000276
2026-09-21 13:35:00,SPX,7755.7,7642.31,7690.0,1584,356,0.2678,0.000276
2026-09-21 13:35:00,SPX,7755.7,7642.31,7825.0,1658,23,0.2225,0.000276
2026-09-21 13:35:00,SPX,7755.7,7642.31,7685.0,1983,254,0.281,0.000276
2026-09-21 13:35:00,SPX,7755.7,7642.31,7830.0,849,0,0.233,0.000276
2026-09-21 13:35:00,SPX,7755.7,7642.31,7680.0,1599,128,0.3003,0.000276
2026-09-21 13:35:00,SPX,7755.7,7642.31,7835.0,381,0,0.2439,0.000276
2026-09-21 13:35:00,SPX,7755.7,7642.31,7675.0,2246,734,0.308,0.000276
2026-09-21 13:35:00,SPX,7755.7,7642.31,7840.0,670,3,0.2553,0.000276
2026-09-21 13:35:00,SPX,7755.7,7642.31,7670.0,1298,247,0.3207,0.000276
2026-09-21 13:35:00,SPX,7755.7,7642.31,7845.0,369,1,0.2666,0.000276
2026-09-21 13:35:00,SPX,7755.7,7642.31,7665.0,1182,173,0.3361,0.000276
2026-09-21 13:35:00,SPX,7755.7,7642.31,7850.0,2471,18,0.2772,0.000276
2026-09-21 13:35:00,SPX,7755.7,7642.31,7660.0,1291,303,0.35,0.000276
2026-09-21 13:35:00,SPX,7755.7,7642.31,7855.0,2,0,0.2871,0.000276
2026-09-21 13:35:00,SPX,7755.7,7642.31,7655.0,2475,300,0.3645,0.000276
2026-09-21 13:35:00,SPX,7755.7,7642.31,7860.0,1255,105,0.2964,0.000276
2026-09-21 13:35:00,SPX,7755.7,7642.31,7650.0,2820,1523,0.3787,0.000276
2026-09-21 13:35:00,SPX,7755.7,7642.31,7865.0,15,0,0.3051,0.000276
2026-09-21 13:35:00,SPX,7755.7,7642.31,7645.0,1505,1350,0.3918,0.000276
2026-09-21 13:35:00,SPX,7755.7,7642.31,7870.0,692,0,0.3131,0.000276
2026-09-21 13:35:00,SPX,7755.7,7642.31,7640.0,1937,1427,0.4041,0.000276
2026-09-21 13:35:00,SPX,7755.7,7642.31,7875.0,1297,1,0.32,0.000276
2026-09-21 13:35:00,SPX,7755.7,7642.31,7635.0,1159,899,0.416,0.000276
2026-09-21 13:35:00,SPX,7755.7,7642.31,7880.0,2025,6,0.326,0.000276
2026-09-21 13:35:00,SPX,7755.7,7642.31,7630.0,996,2074,0.428,0.000276
2026-09-21 13:35:00,SPX,7755.7,7642.31,7625.0,1140,2822,0.4402,0.000276
2026-09-21 13:35:00,SPX,7755.7,7642.31,7890.0,503,22,0.3353,0.000276
2026-09-21 13:35:00,SPX,7755.7,7642.31,7620.0,438,1881,0.4521,0.000276
2026-09-21 13:35:00,SPX,7755.7,7642.31,7615.0,311,1459,0.4634,0.000276
2026-09-21 13:35:00,SPX,7755.7,7642.31,7900.0,1037,21,0.3413,0.000276
2026-09-21 13:35:00,SPX,7755.7,7642.31,7610.0,324,1457,0.4747,0.000276
2026-09-21 13:35:00,SPX,7755.7,7642.31,7605.0,269,1198,0.4864,0.000276
2026-09-21 13:35:00,SPX,7755.7,7642.31,7910.0,454,5,0.3443,0.000276
2026-09-21 13:35:00,SPX,7755.7,7642.31,7600.0,815,3228,0.4988,0.000276
2026-09-21 13:35:00,SPX,7755.7,7642.31,7595.0,162,1148,0.5114,0.000276
2026-09-21 13:35:00,SPX,7755.7,7642.31,7920.0,459,0,0.3447,0.000276
2026-09-21 13:35:00,SPX,7755.7,7642.31,7590.0,123,1593,0.5241,0.000276
2026-09-21 13:35:00,SPX,7755.7,7642.31,7925.0,558,33,0.3441,0.000276
2026-09-21 13:35:00,SPX,7755.7,7642.31,7585.0,531,2022,0.5367,0.000276
2026-09-21 13:35:00,SPX,7755.7,7642.31,7930.0,148,0,0.343,0.000276
2026-09-21 13:35:00,SPX,7755.7,7642.31,7580.0,126,1298,0.5491,0.000276
2026-09-21 13:35:00,SPX,7755.7,7642.31,7575.0,959,2486,0.5612,0.000276
2026-09-21 13:35:00,SPX,7755.7,7642.31,7940.0,56,10,0.3396,0.000276
2026-09-21 13:35:00,SPX,7755.7,7642.31,7570.0,990,1630,0.573,0.000276
2026-09-21 13:35:00,SPX,7755.7,7642.31,7565.0,93,1481,0.5847,0.000276
2026-09-21 13:35:00,SPX,7755.7,7642.31,7950.0,693,3,0.3351,0.000276
2026-09-21 13:35:00,SPX,7755.7,7642.31,7560.0,244,2038,0.5963,0.000276
2026-09-21 13:35:00,SPX,7755.7,7642.31,7555.0,68,2289,0.6079,0.000276
2026-09-21 13:35:00,SPX,7755.7,7642.31,7550.0,181,3102,0.6196,0.000276
2026-09-21 13:35:00,SPX,7755.7,7642.31,7545.0,37,1460,0.6313,0.000276
2026-09-21 13:35:00,SPX,7755.7,7642.31,7540.0,91,1396,0.643,0.000276
2026-09-21 13:35:00,SPX,7755.7,7642.31,7975.0,308,1,0.3205,0.000276
2026-09-21 13:35:00,SPX,7755.7,7642.31,7535.0,48,1245,0.6547,0.000276
2026-09-21 13:35:00,SPX,7755.7,7642.31,7530.0,64,2076,0.6665,0.000276
2026-09-21 13:35:00,SPX,7755.7,7642.31,7525.0,66,3247,0.6783,0.000276
2026-09-21 13:35:00,SPX,7755.7,7642.31,7520.0,38,3803,0.6901,0.000276
2026-09-21 13:35:00,SPX,7755.7,7642.31,7515.0,42,2080,0.702,0.000276
2026-09-21 13:35:00,SPX,7755.7,7642.31,8000.0,835,1,0.3037,0.000276
2026-09-21 13:35:00,SPX,7755.7,7642.31,7510.0,24,1634,0.7139,0.000276
2026-09-21 13:35:00,SPX,7755.7,7642.31,7755.0,2301,8,0.101,0.003014
2026-09-21 13:35:00,SPX,7755.7,7642.31,7760.0,1025,13,0.1,0.003014
2026-09-21 13:35:00,SPX,7755.7,7642.31,7750.0,1979,277,0.1022,0.003014
2026-09-21 13:35:00,SPX,7755.7,7642.31,7765.0,464,12,0.0993,0.003014
2026-09-21 13:35:00,SPX,7755.7,7642.31,7745.0,550,2,0.1036,0.003014
2026-09-21 13:35:00,SPX,7755.7,7642.31,7770.0,318,27,0.0989,0.003014
2026-09-21 13:35:00,SPX,7755.7,7642.31,7740.0,697,135,0.1052,0.003014
2026-09-21 13:35:00,SPX,7755.7,7642.31,7775.0,2198,14,0.0989,0.003014
2026-09-21 13:35:00,SPX,7755.7,7642.31,7735.0,530,11,0.1068,0.003014
2026-09-21 13:35:00,SPX,7755.7,7642.31,7780.0,704,23,0.0992,0.003014
2026-09-21 13:35:00,SPX,7755.7,7642.31,7730.0,432,74,0.1085,0.003014
2026-09-21 13:35:00,SPX,7755.7,7642.31,7785.0,802,2,0.0996,0.003014
2026-09-21 13:35:00,SPX,7755.7,7642.31,7725.0,1132,117,0.1103,0.003014
2026-09-21 13:35:00,SPX,7755.7,7642.31,7790.0,457,15,0.1001,0.003014
2026-09-21 13:35:00,SPX,7755.7,7642.31,7720.0,532,30,0.113,0.003014
2026-09-21 13:35:00,SPX,7755.7,7642.31,7795.0,532,0,0.1007,0.003014
2026-09-21 13:35:00,SPX,7755.7,7642.31,7715.0,534,33,0.1157,0.003014
2026-09-21 13:35:00,SPX,7755.7,7642.31,7800.0,1808,99,0.1013,0.003014
2026-09-21 13:35:00,SPX,7755.7,7642.31,7710.0,914,111,0.118,0.003014
2026-09-21 13:35:00,SPX,7755.7,7642.31,7805.0,387,0,0.1021,0.003014
2026-09-21 13:35:00,SPX,7755.7,7642.31,7705.0,391,17,0.1205,0.003014
2026-09-21 13:35:00,SPX,7755.7,7642.31,7810.0,661,9,0.1031,0.003014
2026-09-21 13:35:00,SPX,7755.7,7642.31,7700.0,1722,355,0.1232,0.003014
2026-09-21 13:35:00,SPX,7755.7,7642.31,7815.0,364,1,0.1043,0.003014
2026-09-21 13:35:00,SPX,7755.7,7642.31,7695.0,2376,67,0.1253,0.003014
2026-09-21 13:35:00,SPX,7755.7,7642.31,7820.0,256,7,0.1056,0.003014
2026-09-21 13:35:00,SPX,7755.7,7642.31,7690.0,748,286,0.1292,0.003014
2026-09-21 13:35:00,SPX,7755.7,7642.31,7825.0,1062,5,0.1072,0.003014
2026-09-21 13:35:00,SPX,7755.7,7642.31,7685.0,598,93,0.1315,0.003014
2026-09-21 13:35:00,SPX,7755.7,7642.31,7830.0,557,2,0.1089,0.003014
2026-09-21 13:35:00,SPX,7755.7,7642.31,7680.0,688,224,0.1341,0.003014
2026-09-21 13:35:00,SPX,7755.7,7642.31,7675.0,5195,825,0.1371,0.003014
2026-09-21 13:35:00,SPX,7755.7,7642.31,7840.0,571,0,0.1128,0.003014
2026-09-21 13:35:00,SPX,7755.7,7642.31,7670.0,2285,138,0.1405,0.003014
2026-09-21 13:35:00,SPX,7755.7,7642.31,7665.0,324,89,0.1442,0.003014
2026-09-21 13:35:00,SPX,7755.7,7642.31,7850.0,964,6,0.1172,0.003014
2026-09-21 13:35:00,SPX,7755.7,7642.31,7660.0,423,292,0.1477,0.003014
2026-09-21 13:35:00,SPX,7755.7,7642.31,7655.0,315,98,0.1515,0.003014
2026-09-21 13:35:00,SPX,7755.7,7642.31,7860.0,390,0,0.1217,0.003014
2026-09-21 13:35:00,SPX,7755.7,7642.31,7650.0,5409,535,0.155,0.003014
2026-09-21 13:35:00,SPX,7755.7,7642.31,7645.0,239,2182,0.157,0.003014
2026-09-21 13:35:00,SPX,7755.7,7642.31,7870.0,471,0,0.1264,0.003014
2026-09-21 13:35:00,SPX,7755.7,7642.31,7640.0,856,4191,0.1607,0.003014
2026-09-21 13:35:00,SPX,7755.7,7642.31,7875.0,453,3,0.1288,0.003014
2026-09-21 13:35:00,SPX,7755.7,7642.31,7635.0,211,245,0.1652,0.003014
2026-09-21 13:35:00,SPX,7755.7,7642.31,7880.0,346,5,0.1312,0.003014
2026-09-21 13:35:00,SPX,7755.7,7642.31,7630.0,563,278,0.1687,0.003014
2026-09-21 13:35:00,SPX,7755.7,7642.31,7625.0,591,981,0.1724,0.003014
2026-09-21 13:35:00,SPX,7755.7,7642.31,7890.0,573,0,0.1364,0.003014
2026-09-21 13:35:00,SPX,7755.7,7642.31,7620.0,255,2253,0.1756,0.003014
2026-09-21 13:35:00,SPX,7755.7,7642.31,7615.0,157,4227,0.1784,0.003014
2026-09-21 13:35:00,SPX,7755.7,7642.31,7900.0,871,9,0.1418,0.003014
2026-09-21 13:35:00,SPX,7755.7,7642.31,7610.0,145,363,0.1813,0.003014
2026-09-21 13:35:00,SPX,7755.7,7642.31,7605.0,137,107,0.1844,0.003014
2026-09-21 13:35:00,SPX,7755.7,7642.31,7910.0,353,0,0.1473,0.003014
2026-09-21 13:35:00,SPX,7755.7,7642.31,7600.0,379,2310,0.1879,0.003014
2026-09-21 13:35:00,SPX,7755.7,7642.31,7595.0,92,334,0.1917,0.003014
2026-09-21 13:35:00,SPX,7755.7,7642.31,7920.0,268,0,0.1529,0.003014
2026-09-21 13:35:00,SPX,7755.7,7642.31,7590.0,69,710,0.1956,0.003014
2026-09-21 13:35:00,SPX,7755.7,7642.31,7925.0,202,0,0.1558,0.003014
2026-09-21 13:35:00,SPX,7755.7,7642.31,7585.0,226,3244,0.1995,0.003014
2026-09-21 13:35:00,SPX,7755.7,7642.31,7930.0,148,0,0.1588,0.003014
2026-09-21 13:35:00,SPX,7755.7,7642.31,7580.0,381,566,0.2034,0.003014
2026-09-21 13:35:00,SPX,7755.7,7642.31,7575.0,51,1638,0.2071,0.003014
2026-09-21 13:35:00,SPX,7755.7,7642.31,7940.0,16,0,0.1652,0.003014
2026-09-21 13:35:00,SPX,7755.7,7642.31,7570.0,81,372,0.2108,0.003014
2026-09-21 13:35:00,SPX,7755.7,7642.31,7565.0,36,190,0.2144,0.003014
2026-09-21 13:35:00,SPX,7755.7,7642.31,7950.0,488,4,0.172,0.003014
2026-09-21 13:35:00,SPX,7755.7,7642.31,7560.0,37,979,0.2178,0.003014
2026-09-21 13:35:00,SPX,7755.7,7642.31,7555.0,55,85,0.2211,0.003014
2026-09-21 13:35:00,SPX,7755.7,7642.31,7550.0,54,2207,0.2243,0.003014
2026-09-21 13:35:00,SPX,7755.7,7642.31,7545.0,29,148,0.2275,0.003014
2026-09-21 13:35:00,SPX,7755.7,7642.31,7540.0,16,247,0.2306,0.003014
2026-09-21 13:35:00,SPX,7755.7,7642.31,7975.0,165,0,0.1886,0.003014
2026-09-21 13:35:00,SPX,7755.7,7642.31,7535.0,20,281,0.2337,0.003014
2026-09-21 13:35:00,SPX,7755.7,7642.31,7530.0,21,529,0.2368,0.003014
2026-09-21 13:35:00,SPX,7755.7,7642.31,7525.0,47,363,0.24,0.003014
2026-09-21 13:35:00,SPX,7755.7,7642.31,7520.0,11,227,0.2432,0.003014
2026-09-21 13:35:00,SPX,7755.7,7642.31,7515.0,14,275,0.2465,0.003014
2026-09-21 13:35:00,SPX,7755.7,7642.31,8000.0,303,5,0.197,0.003014
2026-09-21 13:35:00,SPX,7755.7,7642.31,7510.0,43,685,0.2498,0.003014
2026-09-21 13:35:00,SPX,7755.7,7642.31,7755.0,389,5,0.1021,0.005751
2026-09-21 13:35:00,SPX,7755.7,7642.31,7760.0,819,18,0.1014,0.005751
2026-09-21 13:35:00,SPX,7755.7,7642.31,7750.0,2183,133,0.1029,0.005751
2026-09-21 13:35:00,SPX,7755.7,7642.31,7765.0,1706,3,0.1007,0.005751
2026-09-21 13:35:00,SPX,7755.7,7642.31,7745.0,546,0,0.1038,0.005751
2026-09-21 13:35:00,SPX,7755.7,7642.31,7770.0,2119,18,0.0999,0.005751
2026-09-21 13:35:00,SPX,7755.7,7642.31,7740.0,565,48,0.1048,0.005751
2026-09-21 13:35:00,SPX,7755.7,7642.31,7775.0,1259,31,0.0992,0.005751
2026-09-21 13:35:00,SPX,7755.7,7642.31,7735.0,724,5,0.1059,0.005751
2026-09-21 13:35:00,SPX,7755.7,7642.31,7780.0,707,3,0.0987,0.005751
2026-09-21 13:35:00,SPX,7755.7,7642.31,7730.0,699,146,0.107,0.005751
2026-09-21 13:35:00,SPX,7755.7,7642.31,7785.0,979,18,0.0985,0.005751
2026-09-21 13:35:00,SPX,7755.7,7642.31,7725.0,1169,40,0.1083,0.005751
2026-09-21 13:35:00,SPX,7755.7,7642.31,7790.0,3378,5,0.0985,0.005751
2026-09-21 13:35:00,SPX,7755.7,7642.31,7720.0,581,32,0.1095,0.005751
2026-09-21 13:35:00,SPX,7755.7,7642.31,7795.0,1047,0,0.0986,0.005751
2026-09-21 13:35:00,SPX,7755.7,7642.31,7715.0,396,23,0.1108,0.005751
2026-09-21 13:35:00,SPX,7755.7,7642.31,7800.0,1221,454,0.0989,0.005751
2026-09-21 13:35:00,SPX,7755.7,7642.31,7710.0,273,24,0.1126,0.005751
2026-09-21 13:35:00,SPX,7755.7,7642.31,7805.0,367,5,0.0991,0.005751
2026-09-21 13:35:00,SPX,7755.7,7642.31,7705.0,173,18,0.1142,0.005751
2026-09-21 13:35:00,SPX,7755.7,7642.31,7810.0,591,5,0.0994,0.005751
2026-09-21 13:35:00,SPX,7755.7,7642.31,7700.0,545,205,0.1158,0.005751
2026-09-21 13:35:00,SPX,7755.7,7642.31,7815.0,319,3,0.0996,0.005751
2026-09-21 13:35:00,SPX,7755.7,7642.31,7695.0,1346,23,0.1176,0.005751
2026-09-21 13:35:00,SPX,7755.7,7642.31,7820.0,625,10,0.0999,0.005751
2026-09-21 13:35:00,SPX,7755.7,7642.31,7690.0,503,94,0.1201,0.005751
2026-09-21 13:35:00,SPX,7755.7,7642.31,7825.0,588,4,0.1003,0.005751
2026-09-21 13:35:00,SPX,7755.7,7642.31,7685.0,472,70,0.122,0.005751
2026-09-21 13:35:00,SPX,7755.7,7642.31,7830.0,337,10,0.1007,0.005751
2026-09-21 13:35:00,SPX,7755.7,7642.31,7680.0,348,97,0.1238,0.005751
2026-09-21 13:35:00,SPX,7755.7,7642.31,7835.0,77,0,0.1012,0.005751
2026-09-21 13:35:00,SPX,7755.7,7642.31,7675.0,345,482,0.1254,0.005751
2026-09-21 13:35:00,SPX,7755.7,7642.31,7840.0,384,0,0.1019,0.005751
2026-09-21 13:35:00,SPX,7755.7,7642.31,7670.0,1202,153,0.127,0.005751
2026-09-21 13:35:00,SPX,7755.7,7642.31,7845.0,7,0,0.1027,0.005751
2026-09-21 13:35:00,SPX,7755.7,7642.31,7665.0,485,111,0.1289,0.005751
2026-09-21 13:35:00,SPX,7755.7,7642.31,7850.0,3164,10,0.1036,0.005751
2026-09-21 13:35:00,SPX,7755.7,7642.31,7660.0,246,167,0.1317,0.005751
2026-09-21 13:35:00,SPX,7755.7,7642.31,7855.0,9,0,0.1046,0.005751
2026-09-21 13:35:00,SPX,7755.7,7642.31,7655.0,922,139,0.134,0.005751
2026-09-21 13:35:00,SPX,7755.7,7642.31,7860.0,311,0,0.1057,0.005751
2026-09-21 13:35:00,SPX,7755.7,7642.31,7650.0,840,358,0.1366,0.005751
2026-09-21 13:35:00,SPX,7755.7,7642.31,7865.0,40,0,0.1069,0.005751
2026-09-21 13:35:00,SPX,7755.7,7642.31,7645.0,595,119,0.1395,0.005751
2026-09-21 13:35:00,SPX,7755.7,7642.31,7870.0,569,0,0.1081,0.005751
2026-09-21 13:35:00,SPX,7755.7,7642.31,7640.0,207,348,0.1419,0.005751
2026-09-21 13:35:00,SPX,7755.7,7642.31,7875.0,360,3,0.1095,0.005751
2026-09-21 13:35:00,SPX,7755.7,7642.31,7635.0,473,1160,0.1439,0.005751
2026-09-21 13:35:00,SPX,7755.7,7642.31,7880.0,478,1,0.111,0.005751
2026-09-21 13:35:00,SPX,7755.7,7642.31,7630.0,508,415,0.1462,0.005751
2026-09-21 13:35:00,SPX,7755.7,7642.31,7625.0,523,379,0.1486,0.005751
2026-09-21 13:35:00,SPX,7755.7,7642.31,7890.0,232,0,0.1141,0.005751
2026-09-21 13:35:00,SPX,7755.7,7642.31,7620.0,163,367,0.1509,0.005751
2026-09-21 13:35:00,SPX,7755.7,7642.31,7615.0,119,439,0.1531,0.005751
2026-09-21 13:35:00,SPX,7755.7,7642.31,7900.0,970,0,0.1176,0.005751
2026-09-21 13:35:00,SPX,7755.7,7642.31,7610.0,145,1660,0.1555,0.005751
2026-09-21 13:35:00,SPX,7755.7,7642.31,7605.0,293,116,0.158,0.005751
2026-09-21 13:35:00,SPX,7755.7,7642.31,7910.0,290,1,0.1213,0.005751
2026-09-21 13:35:00,SPX,7755.7,7642.31,7600.0,367,726,0.1607,0.005751
2026-09-21 13:35:00,SPX,7755.7,7642.31,7595.0,88,148,0.1635,0.005751
2026-09-21 13:35:00,SPX,7755.7,7642.31,7920.0,91,0,0.125,0.005751
2026-09-21 13:35:00,SPX,7755.7,7642.31,7590.0,101,177,0.1664,0.005751
2026-09-21 13:35:00,SPX,7755.7,7642.31,7925.0,700,4,0.1268,0.005751
2026-09-21 13:35:00,SPX,7755.7,7642.31,7585.0,88,367,0.1693,0.005751
2026-09-21 13:35:00,SPX,7755.7,7642.31,7930.0,125,0,0.1286,0.005751
2026-09-21 13:35:00,SPX,7755.7,7642.31,7580.0,59,405,0.1721,0.005751
2026-09-21 13:35:00,SPX,7755.7,7642.31,7575.0,86,1035,0.175,0.005751
2026-09-21 13:35:00,SPX,7755.7,7642.31,7570.0,43,155,0.1778,0.005751
2026-09-21 13:35:00,SPX,7755.7,7642.31,7565.0,40,147,0.1806,0.005751
2026-09-21 13:35:00,SPX,7755.7,7642.31,7950.0,631,0,0.1357,0.005751
2026-09-21 13:35:00,SPX,7755.7,7642.31,7560.0,53,479,0.1833,0.005751
2026-09-21 13:35:00,SPX,7755.7,7642.31,7555.0,31,243,0.186,0.005751
2026-09-21 13:35:00,SPX,7755.7,7642.31,7550.0,48,1776,0.1885,0.005751
2026-09-21 13:35:00,SPX,7755.7,7642.31,7545.0,20,607,0.1911,0.005751
2026-09-21 13:35:00,SPX,7755.7,7642.31,7540.0,53,518,0.1936,0.005751
2026-09-21 13:35:00,SPX,7755.7,7642.31,7975.0,261,0,0.1445,0.005751
2026-09-21 13:35:00,SPX,7755.7,7642.31,7535.0,37,258,0.196,0.005751
2026-09-21 13:35:00,SPX,7755.7,7642.31,7530.0,50,173,0.1985,0.005751
2026-09-21 13:35:00,SPX,7755.7,7642.31,7525.0,20,286,0.2009,0.005751
2026-09-21 13:35:00,SPX,7755.7,7642.31,7520.0,10,187,0.2034,0.005751
2026-09-21 13:35:00,SPX,7755.7,7642.31,7515.0,3,120,0.2059,0.005751
2026-09-21 13:35:00,SPX,7755.7,7642.31,8000.0,707,0,0.1523,0.005751
2026-09-21 13:35:00,SPX,7755.7,7642.31,7510.0,2,499,0.2085,0.005751
2026-09-21 14:05:15,SPX,7761.43,7636.18,7760.0,2830,95,0.1104,0.000218
2026-09-21 14:05:15,SPX,7761.43,7636.18,7765.0,944,38,0.1092,0.000218
2026-09-21 14:05:15,SPX,7761.43,7636.18,7755.0,1505,34,0.1151,0.000218
2026-09-21 14:05:15,SPX,7761.43,7636.18,7770.0,1320,41,0.1117,0.000218
2026-09-21 14:05:15,SPX,7761.43,7636.18,7750.0,2528,308,0.123,0.000218
2026-09-21 14:05:15,SPX,7761.43,7636.18,7775.0,1679,143,0.1188,0.000218
2026-09-21 14:05:15,SPX,7761.43,7636.18,7745.0,776,37,0.1359,0.000218
2026-09-21 14:05:15,SPX,7761.43,7636.18,7780.0,903,34,0.1288,0.000218
2026-09-21 14:05:15,SPX,7761.43,7636.18,7740.0,1504,193,0.1462,0.000218
2026-09-21 14:05:15,SPX,7761.43,7636.18,7785.0,2955,14,0.1387,0.000218
2026-09-21 14:05:15,SPX,7761.43,7636.18,7735.0,1535,196,0.1617,0.000218
2026-09-21 14:05:15,SPX,7761.43,7636.18,7790.0,752,79,0.1515,0.000218
2026-09-21 14:05:15,SPX,7761.43,7636.18,7730.0,1321,181,0.1767,0.000218
2026-09-21 14:05:15,SPX,7761.43,7636.18,7795.0,1006,0,0.1666,0.000218
2026-09-21 14:05:15,SPX,7761.43,7636.18,7725.0,2265,392,0.1916,0.000218
2026-09-21 14:05:15,SPX,7761.43,7636.18,7800.0,2025,591,0.1802,0.000218
2026-09-21 14:05:15,SPX,7761.43,7636.18,7720.0,2095,361,0.2081,0.000218
2026-09-21 14:05:15,SPX,7761.43,7636.18,7805.0,627,7,0.192,0.000218
2026-09-21 14:05:15,SPX,7761.43,7636.18,7715.0,2195,204,0.2292,0.000218
2026-09-21 14:05:15,SPX,7761.43,7636.18,7810.0,609,6,0.2028,0.000218
2026-09-21 14:05:15,SPX,7761.43,7636.18,7710.0,2696,135,0.2405,0.000218
2026-09-21 14:05:15,SPX,7761.43,7636.18,7815.0,930,0,0.2138,0.000218
2026-09-21 14:05:15,SPX,7761.43,7636.18,7705.0,3206,81,0.2631,0.000218
2026-09-21 14:05:15,SPX,7761.43,7636.18,7820.0,1034,22,0.2253,0.000218
2026-09-21 14:05:15,SPX,7761.43,7636.18,7700.0,8600,3999,0.2752,0.000218
2026-09-21 14:05:15,SPX,7761.43,7636.18,7825.0,1658,23,0.2372,0.000218
2026-09-21 14:05:15,SPX,7761.43,7636.18,7695.0,2627,125,0.2924,0.000218
2026-09-21 14:05:15,SPX,7761.43,7636.18,7830.0,849,0,0.2491,0.000218
2026-09-21 14:05:15,SPX,7761.43,7636.18,7690.0,1584,356,0.3139,0.000218
2026-09-21 14:05:15,SPX,7761.43,7636.18,7835.0,381,0,0.2609,0.000218
2026-09-21 14:05:15,SPX,7761.43,7636.18,7685.0,1983,254,0.3269,0.000218
2026-09-21 14:05:15,SPX,7761.43,7636.18,7840.0,670,3,0.2725,0.000218
2026-09-21 14:05:15,SPX,7761.43,7636.18,7680.0,1599,128,0.341,0.000218
2026-09-21 14:05:15,SPX,7761.43,7636.18,7845.0,369,1,0.2839,0.000218
2026-09-21 14:05:15,SPX,7761.43,7636.18,7675.0,2246,734,0.3574,0.000218
2026-09-21 14:05:15,SPX,7761.43,7636.18,7850.0,2471,18,0.2951,0.000218
2026-09-21 14:05:15,SPX,7761.43,7636.18,7670.0,1298,247,0.3731,0.000218
2026-09-21 14:05:15,SPX,7761.43,7636.18,7855.0,2,0,0.3061,0.000218
2026-09-21 14:05:15,SPX,7761.43,7636.18,7665.0,1182,173,0.3883,0.000218
2026-09-21 14:05:15,SPX,7761.43,7636.18,7860.0,1255,105,0.3167,0.000218
2026-09-21 14:05:15,SPX,7761.43,7636.18,7660.0,1291,303,0.4034,0.000218
2026-09-21 14:05:15,SPX,7761.43,7636.18,7865.0,15,0,0.3267,0.000218
2026-09-21 14:05:15,SPX,7761.43,7636.18,7655.0,2475,300,0.4184,0.000218
2026-09-21 14:05:15,SPX,7761.43,7636.18,7870.0,692,0,0.3359,0.000218
2026-09-21 14:05:15,SPX,7761.43,7636.18,7650.0,2820,1523,0.4331,0.000218
2026-09-21 14:05:15,SPX,7761.43,7636.18,7875.0,1297,1,0.3438,0.000218
2026-09-21 14:05:15,SPX,7761.43,7636.18,7645.0,1505,1350,0.4472,0.000218
2026-09-21 14:05:15,SPX,7761.43,7636.18,7880.0,2025,6,0.3504,0.000218
2026-09-21 14:05:15,SPX,7761.43,7636.18,7640.0,1937,1427,0.4604,0.000218
2026-09-21 14:05:15,SPX,7761.43,7636.18,7635.0,1159,899,0.4731,0.000218
2026-09-21 14:05:15,SPX,7761.43,7636.18,7890.0,503,22,0.3603,0.000218
2026-09-21 14:05:15,SPX,7761.43,7636.18,7630.0,996,2074,0.486,0.000218
2026-09-21 14:05:15,SPX,7761.43,7636.18,7625.0,1140,2822,0.4995,0.000218
2026-09-21 14:05:15,SPX,7761.43,7636.18,7900.0,1037,21,0.15,0.000218
2026-09-21 14:05:15,SPX,7761.43,7636.18,7620.0,438,1881,0.5137,0.000218
2026-09-21 14:05:15,SPX,7761.43,7636.18,7615.0,311,1459,0.5284,0.000218
2026-09-21 14:05:15,SPX,7761.43,7636.18,7910.0,454,5,0.3685,0.000218
2026-09-21 14:05:15,SPX,7761.43,7636.18,7610.0,324,1457,0.5435,0.000218
2026-09-21 14:05:15,SPX,7761.43,7636.18,7605.0,269,1198,0.15,0.000218
2026-09-21 14:05:15,SPX,7761.43,7636.18,7920.0,459,0,0.15,0.000218
2026-09-21 14:05:15,SPX,7761.43,7636.18,7600.0,815,0,0.573,0.000218
2026-09-21 14:05:15,SPX,7761.43,7636.18,7595.0,162,0,0.15,0.000218
2026-09-21 14:05:15,SPX,7761.43,7636.18,7590.0,123,0,0.15,0.000218
2026-09-21 14:05:15,SPX,7761.43,7636.18,7585.0,0,2022,0.6139,0.000218
2026-09-21 14:05:15,SPX,7761.43,7636.18,7580.0,0,1298,0.6268,0.000218
2026-09-21 14:05:15,SPX,7761.43,7636.18,7575.0,959,0,0.6398,0.000218
2026-09-21 14:05:15,SPX,7761.43,7636.18,7950.0,0,3,0.3551,0.000218
2026-09-21 14:05:15,SPX,7761.43,7636.18,7570.0,990,1630,0.6527,0.000218
2026-09-21 14:05:15,SPX,7761.43,7636.18,7565.0,93,1481,0.6657,0.000218
2026-09-21 14:05:15,SPX,7761.43,7636.18,7560.0,244,2038,0.6787,0.000218
2026-09-21 14:05:15,SPX,7761.43,7636.18,7555.0,68,2289,0.6918,0.000218
2026-09-21 14:05:15,SPX,7761.43,7636.18,7550.0,181,3102,0.705,0.000218
2026-09-21 14:05:15,SPX,7761.43,7636.18,7975.0,308,1,0.3396,0.000218
2026-09-21 14:05:15,SPX,7761.43,7636.18,7545.0,37,1460,0.7185,0.000218
2026-09-21 14:05:15,SPX,7761.43,7636.18,7540.0,91,1396,0.7324,0.000218
2026-09-21 14:05:15,SPX,7761.43,7636.18,7535.0,48,1245,0.7466,0.000218
2026-09-21 14:05:15,SPX,7761.43,7636.18,7530.0,64,2076,0.761,0.000218
2026-09-21 14:05:15,SPX,7761.43,7636.18,7525.0,66,3247,0.7758,0.000218
2026-09-21 14:05:15,SPX,7761.43,7636.18,8000.0,835,1,0.3205,0.000218
2026-09-21 14:05:15,SPX,7761.43,7636.18,7520.0,38,3803,0.7907,0.000218
2026-09-21 14:05:15,SPX,7761.43,7636.18,7515.0,42,2080,0.8059,0.000218
2026-09-21 14:05:15,SPX,7761.43,7636.18,7760.0,1025,13,0.1011,0.002956
2026-09-21 14:05:15,SPX,7761.43,7636.18,7765.0,464,12,0.1005,0.002956
2026-09-21 14:05:15,SPX,7761.43,7636.18,7755.0,2301,8,0.102,0.002956
2026-09-21 14:05:15,SPX,7761.43,7636.18,7770.0,318,27,0.0998,0.002956
2026-09-21 14:05:15,SPX,7761.43,7636.18,7750.0,1979,277,0.1032,0.002956
2026-09-21 14:05:15,SPX,7761.43,7636.18,7775.0,2198,14,0.0994,0.002956
2026-09-21 14:05:15,SPX,7761.43,7636.18,7745.0,550,2,0.1048,0.002956
2026-09-21 14:05:15,SPX,7761.43,7636.18,7780.0,704,23,0.0992,0.002956
2026-09-21 14:05:15,SPX,7761.43,7636.18,7740.0,697,135,0.1068,0.002956
2026-09-21 14:05:15,SPX,7761.43,7636.18,7785.0,802,2,0.0992,0.002956
2026-09-21 14:05:15,SPX,7761.43,7636.18,7735.0,530,11,0.1094,0.002956
2026-09-21 14:05:15,SPX,7761.43,7636.18,7790.0,457,15,0.0989,0.002956
2026-09-21 14:05:15,SPX,7761.43,7636.18,7730.0,432,74,0.1105,0.002956
2026-09-21 14:05:15,SPX,7761.43,7636.18,7795.0,532,0,0.099,0.002956
2026-09-21 14:05:15,SPX,7761.43,7636.18,7725.0,1132,117,0.1132,0.002956
2026-09-21 14:05:15,SPX,7761.43,7636.18,7800.0,1808,99,0.0993,0.002956
2026-09-21 14:05:15,SPX,7761.43,7636.18,7720.0,532,30,0.1162,0.002956
2026-09-21 14:05:15,SPX,7761.43,7636.18,7805.0,387,0,0.1,0.002956
2026-09-21 14:05:15,SPX,7761.43,7636.18,7715.0,534,33,0.118,0.002956
2026-09-21 14:05:15,SPX,7761.43,7636.18,7810.0,661,9,0.101,0.002956
2026-09-21 14:05:15,SPX,7761.43,7636.18,7710.0,914,111,0.1214,0.002956
2026-09-21 14:05:15,SPX,7761.43,7636.18,7815.0,364,1,0.1021,0.002956
2026-09-21 14:05:15,SPX,7761.43,7636.18,7705.0,391,17,0.1235,0.002956
2026-09-21 14:05:15,SPX,7761.43,7636.18,7820.0,256,7,0.1034,0.002956
2026-09-21 14:05:15,SPX,7761.43,7636.18,7700.0,1722,355,0.1269,0.002956
2026-09-21 14:05:15,SPX,7761.43,7636.18,7825.0,1062,5,0.1049,0.002956
2026-09-21 14:05:15,SPX,7761.43,7636.18,7695.0,2376,67,0.1298,0.002956
2026-09-21 14:05:15,SPX,7761.43,7636.18,7830.0,557,2,0.1064,0.002956
2026-09-21 14:05:15,SPX,7761.43,7636.18,7690.0,748,286,0.1325,0.002956
2026-09-21 14:05:15,SPX,7761.43,7636.18,7685.0,598,93,0.1351,0.002956
2026-09-21 14:05:15,SPX,7761.43,7636.18,7840.0,571,0,0.1093,0.002956
2026-09-21 14:05:15,SPX,7761.43,7636.18,7680.0,688,224,0.1381,0.002956
2026-09-21 14:05:15,SPX,7761.43,7636.18,7675.0,5195,825,0.1413,0.002956
2026-09-21 14:05:15,SPX,7761.43,7636.18,7850.0,964,6,0.1125,0.002956
2026-09-21 14:05:15,SPX,7761.43,7636.18,7670.0,2285,138,0.1447,0.002956
2026-09-21 14:05:15,SPX,7761.43,7636.18,7665.0,324,89,0.1482,0.002956
2026-09-21 14:05:15,SPX,7761.43,7636.18,7860.0,390,0,0.1162,0.002956
2026-09-21 14:05:15,SPX,7761.43,7636.18,7660.0,423,292,0.1518,0.002956
2026-09-21 14:05:15,SPX,7761.43,7636.18,7655.0,315,98,0.1558,0.002956
2026-09-21 14:05:15,SPX,7761.43,7636.18,7870.0,471,0,0.1206,0.002956
2026-09-21 14:05:15,SPX,7761.43,7636.18,7650.0,5409,535,0.1602,0.002956
2026-09-21 14:05:15,SPX,7761.43,7636.18,7875.0,453,3,0.1231,0.002956
2026-09-21 14:05:15,SPX,7761.43,7636.18,7645.0,239,2182,0.1635,0.002956
2026-09-21 14:05:15,SPX,7761.43,7636.18,7880.0,346,5,0.1256,0.002956
2026-09-21 14:05:15,SPX,7761.43,7636.18,7640.0,856,4191,0.1659,0.002956
2026-09-21 14:05:15,SPX,7761.43,7636.18,7635.0,211,245,0.1707,0.002956
2026-09-21 14:05:15,SPX,7761.43,7636.18,7890.0,573,0,0.1308,0.002956
2026-09-21 14:05:15,SPX,7761.43,7636.18,7630.0,563,278,0.1747,0.002956
2026-09-21 14:05:15,SPX,7761.43,7636.18,7625.0,591,981,0.1774,0.002956
2026-09-21 14:05:15,SPX,7761.43,7636.18,7900.0,871,9,0.1366,0.002956
2026-09-21 14:05:15,SPX,7761.43,7636.18,7620.0,255,2253,0.1801,0.002956
2026-09-21 14:05:15,SPX,7761.43,7636.18,7615.0,157,4227,0.1831,0.002956
2026-09-21 14:05:15,SPX,7761.43,7636.18,7910.0,353,0,0.1431,0.002956
2026-09-21 14:05:15,SPX,7761.43,7636.18,7610.0,145,363,0.1864,0.002956
2026-09-21 14:05:15,SPX,7761.43,7636.18,7605.0,137,107,0.19,0.002956
2026-09-21 14:05:15,SPX,7761.43,7636.18,7920.0,268,0,0.1502,0.002956
2026-09-21 14:05:15,SPX,7761.43,7636.18,7600.0,379,2310,0.1939,0.002956
2026-09-21 14:05:15,SPX,7761.43,7636.18,7925.0,202,0,0.1537,0.002956
2026-09-21 14:05:15,SPX,7761.43,7636.18,7595.0,92,334,0.1978,0.002956
2026-09-21 14:05:15,SPX,7761.43,7636.18,7930.0,148,0,0.1571,0.002956
2026-09-21 14:05:15,SPX,7761.43,7636.18,7590.0,69,710,0.2016,0.002956
2026-09-21 14:05:15,SPX,7761.43,7636.18,7585.0,226,3244,0.2052,0.002956
2026-09-21 14:05:15,SPX,7761.43,7636.18,7940.0,16,0,0.1631,0.002956
2026-09-21 14:05:15,SPX,7761.43,7636.18,7580.0,381,566,0.2088,0.002956
2026-09-21 14:05:15,SPX,7761.43,7636.18,7575.0,51,1638,0.2123,0.002956
2026-09-21 14:05:15,SPX,7761.43,7636.18,7950.0,488,4,0.1683,0.002956
2026-09-21 14:05:15,SPX,7761.43,7636.18,7570.0,81,372,0.2158,0.002956
2026-09-21 14:05:15,SPX,7761.43,7636.18,7565.0,36,190,0.2191,0.002956
2026-09-21 14:05:15,SPX,7761.43,7636.18,7560.0,37,979,0.2224,0.002956
2026-09-21 14:05:15,SPX,7761.43,7636.18,7555.0,55,85,0.2257,0.002956
2026-09-21 14:05:15,SPX,7761.43,7636.18,7550.0,54,2207,0.2289,0.002956
2026-09-21 14:05:15,SPX,7761.43,7636.18,7975.0,165,0,0.1774,0.002956
2026-09-21 14:05:15,SPX,7761.43,7636.18,7545.0,29,148,0.2321,0.002956
2026-09-21 14:05:15,SPX,7761.43,7636.18,7540.0,16,247,0.2353,0.002956
2026-09-21 14:05:15,SPX,7761.43,7636.18,7535.0,20,281,0.2385,0.002956
2026-09-21 14:05:15,SPX,7761.43,7636.18,7530.0,21,529,0.2418,0.002956
2026-09-21 14:05:15,SPX,7761.43,7636.18,7525.0,47,363,0.2451,0.002956
2026-09-21 14:05:15,SPX,7761.43,7636.18,8000.0,303,5,0.1686,0.002956
2026-09-21 14:05:15,SPX,7761.43,7636.18,7520.0,11,227,0.2484,0.002956
2026-09-21 14:05:15,SPX,7761.43,7636.18,7515.0,14,275,0.2518,0.002956
2026-09-21 14:05:15,SPX,7761.43,7636.18,7760.0,819,18,0.1022,0.005694
2026-09-21 14:05:15,SPX,7761.43,7636.18,7765.0,1706,3,0.1016,0.005694
2026-09-21 14:05:15,SPX,7761.43,7636.18,7755.0,389,5,0.103,0.005694
2026-09-21 14:05:15,SPX,7761.43,7636.18,7770.0,2119,18,0.1009,0.005694
2026-09-21 14:05:15,SPX,7761.43,7636.18,7750.0,2183,133,0.104,0.005694
2026-09-21 14:05:15,SPX,7761.43,7636.18,7775.0,1259,31,0.1002,0.005694
2026-09-21 14:05:15,SPX,7761.43,7636.18,7745.0,546,0,0.105,0.005694
2026-09-21 14:05:15,SPX,7761.43,7636.18,7780.0,707,3,0.0995,0.005694
2026-09-21 14:05:15,SPX,7761.43,7636.18,7740.0,565,48,0.106,0.005694
2026-09-21 14:05:15,SPX,7761.43,7636.18,7785.0,979,18,0.099,0.005694
2026-09-21 14:05:15,SPX,7761.43,7636.18,7735.0,724,5,0.1072,0.005694
2026-09-21 14:05:15,SPX,7761.43,7636.18,7790.0,3378,5,0.0987,0.005694
2026-09-21 14:05:15,SPX,7761.43,7636.18,7730.0,699,146,0.1084,0.005694
2026-09-21 14:05:15,SPX,7761.43,7636.18,7795.0,1047,0,0.0986,0.005694
2026-09-21 14:05:15,SPX,7761.43,7636.18,7725.0,1169,40,0.1098,0.005694
2026-09-21 14:05:15,SPX,7761.43,7636.18,7800.0,1221,454,0.0987,0.005694
2026-09-21 14:05:15,SPX,7761.43,7636.18,7720.0,581,32,0.112,0.005694
2026-09-21 14:05:15,SPX,7761.43,7636.18,7805.0,367,5,0.0988,0.005694
2026-09-21 14:05:15,SPX,7761.43,7636.18,7715.0,396,23,0.1132,0.005694
2026-09-21 14:05:15,SPX,7761.43,7636.18,7810.0,591,5,0.099,0.005694
2026-09-21 14:05:15,SPX,7761.43,7636.18,7710.0,273,24,0.1155,0.005694
2026-09-21 14:05:15,SPX,7761.43,7636.18,7815.0,319,3,0.0993,0.005694
2026-09-21 14:05:15,SPX,7761.43,7636.18,7705.0,173,18,0.1166,0.005694
2026-09-21 14:05:15,SPX,7761.43,7636.18,7820.0,625,10,0.0995,0.005694
2026-09-21 14:05:15,SPX,7761.43,7636.18,7700.0,545,205,0.1181,0.005694
2026-09-21 14:05:15,SPX,7761.43,7636.18,7825.0,588,4,0.0997,0.005694
2026-09-21 14:05:15,SPX,7761.43,7636.18,7695.0,1346,23,0.1203,0.005694
2026-09-21 14:05:15,SPX,7761.43,7636.18,7830.0,337,10,0.1,0.005694
2026-09-21 14:05:15,SPX,7761.43,7636.18,7690.0,503,94,0.1229,0.005694
2026-09-21 14:05:15,SPX,7761.43,7636.18,7835.0,77,0,0.1004,0.005694
2026-09-21 14:05:15,SPX,7761.43,7636.18,7685.0,472,70,0.1246,0.005694
2026-09-21 14:05:15,SPX,7761.43,7636.18,7840.0,384,0,0.1009,0.005694
2026-09-21 14:05:15,SPX,7761.43,7636.18,7680.0,348,97,0.1264,0.005694
2026-09-21 14:05:15,SPX,7761.43,7636.18,7845.0,7,0,0.1016,0.005694
2026-09-21 14:05:15,SPX,7761.43,7636.18,7675.0,345,482,0.1285,0.005694
2026-09-21 14:05:15,SPX,7761.43,7636.18,7850.0,3164,10,0.1024,0.005694
2026-09-21 14:05:15,SPX,7761.43,7636.18,7670.0,1202,153,0.1315,0.005694
2026-09-21 14:05:15,SPX,7761.43,7636.18,7855.0,9,0,0.1033,0.005694
2026-09-21 14:05:15,SPX,7761.43,7636.18,7665.0,485,111,0.1337,0.005694
2026-09-21 14:05:15,SPX,7761.43,7636.18,7860.0,311,0,0.1043,0.005694
2026-09-21 14:05:15,SPX,7761.43,7636.18,7660.0,246,167,0.1352,0.005694
2026-09-21 14:05:15,SPX,7761.43,7636.18,7865.0,40,0,0.1055,0.005694
2026-09-21 14:05:15,SPX,7761.43,7636.18,7655.0,922,139,0.1371,0.005694
2026-09-21 14:05:15,SPX,7761.43,7636.18,7870.0,569,0,0.1068,0.005694
2026-09-21 14:05:15,SPX,7761.43,7636.18,7650.0,840,358,0.1396,0.005694
2026-09-21 14:05:15,SPX,7761.43,7636.18,7875.0,360,3,0.1081,0.005694
2026-09-21 14:05:15,SPX,7761.43,7636.18,7645.0,595,119,0.1422,0.005694
2026-09-21 14:05:15,SPX,7761.43,7636.18,7880.0,478,1,0.1095,0.005694
2026-09-21 14:05:15,SPX,7761.43,7636.18,7640.0,207,348,0.1448,0.005694
2026-09-21 14:05:15,SPX,7761.43,7636.18,7635.0,473,1160,0.1476,0.005694
2026-09-21 14:05:15,SPX,7761.43,7636.18,7890.0,232,0,0.1124,0.005694
2026-09-21 14:05:15,SPX,7761.43,7636.18,7630.0,508,415,0.1503,0.005694
2026-09-21 14:05:15,SPX,7761.43,7636.18,7625.0,523,379,0.1529,0.005694
2026-09-21 14:05:15,SPX,7761.43,7636.18,7900.0,970,0,0.1155,0.005694
2026-09-21 14:05:15,SPX,7761.43,7636.18,7620.0,163,367,0.1554,0.005694
2026-09-21 14:05:15,SPX,7761.43,7636.18,7615.0,119,439,0.1578,0.005694
2026-09-21 14:05:15,SPX,7761.43,7636.18,7910.0,290,1,0.1187,0.005694
2026-09-21 14:05:15,SPX,7761.43,7636.18,7610.0,145,1660,0.16,0.005694
2026-09-21 14:05:15,SPX,7761.43,7636.18,7605.0,293,116,0.1622,0.005694
2026-09-21 14:05:15,SPX,7761.43,7636.18,7920.0,91,0,0.1223,0.005694
2026-09-21 14:05:15,SPX,7761.43,7636.18,7600.0,367,726,0.1646,0.005694
2026-09-21 14:05:15,SPX,7761.43,7636.18,7925.0,700,4,0.1241,0.005694
2026-09-21 14:05:15,SPX,7761.43,7636.18,7595.0,88,148,0.1673,0.005694
2026-09-21 14:05:15,SPX,7761.43,7636.18,7930.0,125,0,0.1259,0.005694
2026-09-21 14:05:15,SPX,7761.43,7636.18,7590.0,101,177,0.1701,0.005694
2026-09-21 14:05:15,SPX,7761.43,7636.18,7585.0,88,367,0.1731,0.005694
2026-09-21 14:05:15,SPX,7761.43,7636.18,7580.0,59,405,0.1761,0.005694
2026-09-21 14:05:15,SPX,7761.43,7636.18,7575.0,86,1035,0.1792,0.005694
2026-09-21 14:05:15,SPX,7761.43,7636.18,7950.0,631,0,0.1327,0.005694
2026-09-21 14:05:15,SPX,7761.43,7636.18,7570.0,43,155,0.1821,0.005694
2026-09-21 14:05:15,SPX,7761.43,7636.18,7565.0,40,147,0.185,0.005694
2026-09-21 14:05:15,SPX,7761.43,7636.18,7560.0,53,479,0.1878,0.005694
2026-09-21 14:05:15,SPX,7761.43,7636.18,7555.0,31,243,0.1905,0.005694
2026-09-21 14:05:15,SPX,7761.43,7636.18,7550.0,48,1776,0.1932,0.005694
2026-09-21 14:05:15,SPX,7761.43,7636.18,7975.0,261,0,0.1413,0.005694
2026-09-21 14:05:15,SPX,7761.43,7636.18,7545.0,20,607,0.1957,0.005694
2026-09-21 14:05:15,SPX,7761.43,7636.18,7540.0,53,518,0.1983,0.005694
2026-09-21 14:05:15,SPX,7761.43,7636.18,7535.0,37,258,0.2008,0.005694
2026-09-21 14:05:15,SPX,7761.43,7636.18,7530.0,50,173,0.2033,0.005694
2026-09-21 14:05:15,SPX,7761.43,7636.18,7525.0,20,286,0.2058,0.005694
2026-09-21 14:05:15,SPX,7761.43,7636.18,8000.0,707,0,0.1496,0.005694
2026-09-21 14:05:15,SPX,7761.43,7636.18,7520.0,10,187,0.2082,0.005694
2026-09-21 14:05:15,SPX,7761.43,7636.18,7515.0,3,120,0.2108,0.005694
2026-09-21 14:35:20,SPX,7767.31,7640.77,7765.0,944,38,0.1257,0.000161
2026-09-21 14:35:20,SPX,7767.31,7640.77,7770.0,1320,41,0.1249,0.000161
2026-09-21 14:35:20,SPX,7767.31,7640.77,7760.0,2830,95,0.1316,0.000161
2026-09-21 14:35:20,SPX,7767.31,7640.77,7775.0,1679,143,0.1267,0.000161
2026-09-21 14:35:20,SPX,7767.31,7640.77,7755.0,1505,34,0.1395,0.000161
2026-09-21 14:35:20,SPX,7767.31,7640.77,7780.0,903,34,0.131,0.000161
2026-09-21 14:35:20,SPX,7767.31,7640.77,7750.0,2528,308,0.1508,0.000161
2026-09-21 14:35:20,SPX,7767.31,7640.77,7785.0,2955,14,0.1379,0.000161
2026-09-21 14:35:20,SPX,7767.31,7640.77,7745.0,776,37,0.1655,0.000161
2026-09-21 14:35:20,SPX,7767.31,7640.77,7790.0,752,79,0.1459,0.000161
2026-09-21 14:35:20,SPX,7767.31,7640.77,7740.0,1504,193,0.1813,0.000161
2026-09-21 14:35:20,SPX,7767.31,7640.77,7795.0,1006,0,0.1585,0.000161
2026-09-21 14:35:20,SPX,7767.31,7640.77,7735.0,1535,196,0.1975,0.000161
2026-09-21 14:35:20,SPX,7767.31,7640.77,7800.0,2025,591,0.1732,0.000161
2026-09-21 14:35:20,SPX,7767.31,7640.77,7730.0,1321,181,0.2177,0.000161
2026-09-21 14:35:20,SPX,7767.31,7640.77,7805.0,627,7,0.1868,0.000161
2026-09-21 14:35:20,SPX,7767.31,7640.77,7725.0,2265,392,0.234,0.000161
2026-09-21 14:35:20,SPX,7767.31,7640.77,7810.0,609,6,0.1999,0.000161
2026-09-21 14:35:20,SPX,7767.31,7640.77,7720.0,2095,361,0.2549,0.000161
2026-09-21 14:35:20,SPX,7767.31,7640.77,7815.0,930,0,0.2117,0.000161
2026-09-21 14:35:20,SPX,7767.31,7640.77,7715.0,2195,204,0.2708,0.000161
2026-09-21 14:35:20,SPX,7767.31,7640.77,7820.0,1034,22,0.2231,0.000161
2026-09-21 14:35:20,SPX,7767.31,7640.77,7710.0,2696,135,0.297,0.000161
2026-09-21 14:35:20,SPX,7767.31,7640.77,7825.0,1658,23,0.2355,0.000161
2026-09-21 14:35:20,SPX,7767.31,7640.77,7705.0,3206,81,0.3118,0.000161
2026-09-21 14:35:20,SPX,7767.31,7640.77,7830.0,849,0,0.2494,0.000161
2026-09-21 14:35:20,SPX,7767.31,7640.77,7700.0,8600,3999,0.3269,0.000161
2026-09-21 14:35:20,SPX,7767.31,7640.77,7835.0,381,0,0.265,0.000161
2026-09-21 14:35:20,SPX,7767.31,7640.77,7695.0,2627,125,0.3466,0.000161
2026-09-21 14:35:20,SPX,7767.31,7640.77,7840.0,670,3,0.2813,0.000161
2026-09-21 14:35:20,SPX,7767.31,7640.77,7690.0,1584,356,0.3705,0.000161
2026-09-21 14:35:20,SPX,7767.31,7640.77,7845.0,369,1,0.2976,0.000161
2026-09-21 14:35:20,SPX,7767.31,7640.77,7685.0,1983,254,0.3945,0.000161
2026-09-21 14:35:20,SPX,7767.31,7640.77,7850.0,2471,18,0.3135,0.000161
2026-09-21 14:35:20,SPX,7767.31,7640.77,7680.0,1599,128,0.415,0.000161
2026-09-21 14:35:20,SPX,7767.31,7640.77,7855.0,2,0,0.3287,0.000161
2026-09-21 14:35:20,SPX,7767.31,7640.77,7675.0,2246,734,0.4316,0.000161
2026-09-21 14:35:20,SPX,7767.31,7640.77,7860.0,1255,105,0.3429,0.000161
2026-09-21 14:35:20,SPX,7767.31,7640.77,7670.0,1298,247,0.4458,0.000161
2026-09-21 14:35:20,SPX,7767.31,7640.77,7865.0,15,0,0.3559,0.000161
2026-09-21 14:35:20,SPX,7767.31,7640.77,7665.0,1182,173,0.4593,0.000161
2026-09-21 14:35:20,SPX,7767.31,7640.77,7870.0,692,0,0.3675,0.000161
2026-09-21 14:35:20,SPX,7767.31,7640.77,7660.0,1291,303,0.4735,0.000161
2026-09-21 14:35:20,SPX,7767.31,7640.77,7875.0,1297,1,0.377,0.000161
2026-09-21 14:35:20,SPX,7767.31,7640.77,7655.0,2475,300,0.4891,0.000161
2026-09-21 14:35:20,SPX,7767.31,7640.77,7880.0,2025,6,0.3847,0.000161
2026-09-21 14:35:20,SPX,7767.31,7640.77,7650.0,2820,1523,0.5059,0.000161
2026-09-21 14:35:20,SPX,7767.31,7640.77,7645.0,1505,1350,0.5239,0.000161
2026-09-21 14:35:20,SPX,7767.31,7640.77,7890.0,503,22,0.3955,0.000161
2026-09-21 14:35:20,SPX,7767.31,7640.77,7640.0,1937,1427,0.5423,0.000161
2026-09-21 14:35:20,SPX,7767.31,7640.77,7635.0,1159,899,0.5604,0.000161
2026-09-21 14:35:20,SPX,7767.31,7640.77,7900.0,1037,21,0.4011,0.000161
2026-09-21 14:35:20,SPX,7767.31,7640.77,7630.0,996,2074,0.5777,0.000161
2026-09-21 14:35:20,SPX,7767.31,7640.77,7625.0,1140,2822,0.5939,0.000161
2026-09-21 14:35:20,SPX,7767.31,7640.77,7910.0,454,5,0.4022,0.000161
2026-09-21 14:35:20,SPX,7767.31,7640.77,7620.0,438,1881,0.609,0.000161
2026-09-21 14:35:20,SPX,7767.31,7640.77,7615.0,311,1459,0.6235,0.000161
2026-09-21 14:35:20,SPX,7767.31,7640.77,7920.0,459,0,0.3999,0.000161
2026-09-21 14:35:20,SPX,7767.31,7640.77,7610.0,324,1457,0.638,0.000161
2026-09-21 14:35:20,SPX,7767.31,7640.77,7925.0,558,33,0.3977,0.000161
2026-09-21 14:35:20,SPX,7767.31,7640.77,7605.0,269,1198,0.6526,0.000161
2026-09-21 14:35:20,SPX,7767.31,7640.77,7930.0,148,0,0.3951,0.000161
2026-09-21 14:35:20,SPX,7767.31,7640.77,7600.0,815,3228,0.6677,0.000161
2026-09-21 14:35:20,SPX,7767.31,7640.77,7595.0,162,1148,0.683,0.000161
2026-09-21 14:35:20,SPX,7767.31,7640.77,7940.0,56,10,0.3886,0.000161
2026-09-21 14:35:20,SPX,7767.31,7640.77,7590.0,123,1593,0.6987,0.000161
2026-09-21 14:35:20,SPX,7767.31,7640.77,7585.0,531,2022,0.7145,0.000161
2026-09-21 14:35:20,SPX,7767.31,7640.77,7950.0,693,3,0.3811,0.000161
2026-09-21 14:35:20,SPX,7767.31,7640.77,7580.0,126,1298,0.7304,0.000161
2026-09-21 14:35:20,SPX,7767.31,7640.77,7575.0,959,2486,0.7466,0.000161
2026-09-21 14:35:20,SPX,7767.31,7640.77,7570.0,990,1630,0.7629,0.000161
2026-09-21 14:35:20,SPX,7767.31,7640.77,7565.0,93,1481,0.7793,0.000161
2026-09-21 14:35:20,SPX,7767.31,7640.77,7560.0,244,2038,0.7957,0.000161
2026-09-21 14:35:20,SPX,7767.31,7640.77,7975.0,308,1,0.3601,0.000161
2026-09-21 14:35:20,SPX,7767.31,7640.77,7555.0,68,2289,0.8122,0.000161
2026-09-21 14:35:20,SPX,7767.31,7640.77,7550.0,181,3102,0.8284,0.000161
2026-09-21 14:35:20,SPX,7767.31,7640.77,7545.0,37,1460,0.8446,0.000161
2026-09-21 14:35:20,SPX,7767.31,7640.77,7540.0,91,1396,0.8606,0.000161
2026-09-21 14:35:20,SPX,7767.31,7640.77,7535.0,48,1245,0.8763,0.000161
2026-09-21 14:35:20,SPX,7767.31,7640.77,8000.0,835,1,0.3379,0.000161
2026-09-21 14:35:20,SPX,7767.31,7640.77,7530.0,64,2076,0.8916,0.000161
2026-09-21 14:35:20,SPX,7767.31,7640.77,7525.0,66,3247,0.9067,0.000161
2026-09-21 14:35:20,SPX,7767.31,7640.77,7520.0,38,3803,0.921,0.000161
2026-09-21 14:35:20,SPX,7767.31,7640.77,7765.0,464,12,0.1009,0.002899
2026-09-21 14:35:20,SPX,7767.31,7640.77,7770.0,318,27,0.1004,0.002899
2026-09-21 14:35:20,SPX,7767.31,7640.77,7760.0,1025,13,0.1019,0.002899
2026-09-21 14:35:20,SPX,7767.31,7640.77,7775.0,2198,14,0.1003,0.002899
2026-09-21 14:35:20,SPX,7767.31,7640.77,7755.0,2301,8,0.1029,0.002899
2026-09-21 14:35:20,SPX,7767.31,7640.77,7780.0,704,23,0.0995,0.002899
2026-09-21 14:35:20,SPX,7767.31,7640.77,7750.0,1979,277,0.1041,0.002899
2026-09-21 14:35:20,SPX,7767.31,7640.77,7785.0,802,2,0.0998,0.002899
2026-09-21 14:35:20,SPX,7767.31,7640.77,7745.0,550,2,0.1056,0.002899
2026-09-21 14:35:20,SPX,7767.31,7640.77,7790.0,457,15,0.1003,0.002899
2026-09-21 14:35:20,SPX,7767.31,7640.77,7740.0,697,135,0.1067,0.002899
2026-09-21 14:35:20,SPX,7767.31,7640.77,7795.0,532,0,0.1003,0.002899
2026-09-21 14:35:20,SPX,7767.31,7640.77,7735.0,530,11,0.1091,0.002899
2026-09-21 14:35:20,SPX,7767.31,7640.77,7800.0,1808,99,0.1007,0.002899
2026-09-21 14:35:20,SPX,7767.31,7640.77,7730.0,432,74,0.1107,0.002899
2026-09-21 14:35:20,SPX,7767.31,7640.77,7805.0,387,0,0.101,0.002899
2026-09-21 14:35:20,SPX,7767.31,7640.77,7725.0,1132,117,0.1137,0.002899
2026-09-21 14:35:20,SPX,7767.31,7640.77,7810.0,661,9,0.1013,0.002899
2026-09-21 14:35:20,SPX,7767.31,7640.77,7720.0,532,30,0.1171,0.002899
2026-09-21 14:35:20,SPX,7767.31,7640.77,7815.0,364,1,0.1019,0.002899
2026-09-21 14:35:20,SPX,7767.31,7640.77,7715.0,534,33,0.1189,0.002899
2026-09-21 14:35:20,SPX,7767.31,7640.77,7820.0,256,7,0.1029,0.002899
2026-09-21 14:35:20,SPX,7767.31,7640.77,7710.0,914,111,0.1212,0.002899
2026-09-21 14:35:20,SPX,7767.31,7640.77,7825.0,1062,5,0.1038,0.002899
2026-09-21 14:35:20,SPX,7767.31,7640.77,7705.0,391,17,0.1244,0.002899
2026-09-21 14:35:20,SPX,7767.31,7640.77,7830.0,557,2,0.1051,0.002899
2026-09-21 14:35:20,SPX,7767.31,7640.77,7700.0,1722,355,0.1275,0.002899
2026-09-21 14:35:20,SPX,7767.31,7640.77,7695.0,2376,67,0.1305,0.002899
2026-09-21 14:35:20,SPX,7767.31,7640.77,7840.0,571,0,0.1083,0.002899
2026-09-21 14:35:20,SPX,7767.31,7640.77,7690.0,748,286,0.133,0.002899
2026-09-21 14:35:20,SPX,7767.31,7640.77,7685.0,598,93,0.1358,0.002899
2026-09-21 14:35:20,SPX,7767.31,7640.77,7850.0,964,6,0.1114,0.002899
2026-09-21 14:35:20,SPX,7767.31,7640.77,7680.0,688,224,0.1394,0.002899
2026-09-21 14:35:20,SPX,7767.31,7640.77,7675.0,5195,825,0.1435,0.002899
2026-09-21 14:35:20,SPX,7767.31,7640.77,7860.0,390,0,0.1144,0.002899
2026-09-21 14:35:20,SPX,7767.31,7640.77,7670.0,2285,138,0.1472,0.002899
2026-09-21 14:35:20,SPX,7767.31,7640.77,7665.0,324,89,0.1509,0.002899
2026-09-21 14:35:20,SPX,7767.31,7640.77,7870.0,471,0,0.1179,0.002899
2026-09-21 14:35:20,SPX,7767.31,7640.77,7660.0,423,292,0.1544,0.002899
2026-09-21 14:35:20,SPX,7767.31,7640.77,7875.0,453,3,0.1199,0.002899
2026-09-21 14:35:20,SPX,7767.31,7640.77,7655.0,315,98,0.1576,0.002899
2026-09-21 14:35:20,SPX,7767.31,7640.77,7880.0,346,5,0.1219,0.002899
2026-09-21 14:35:20,SPX,7767.31,7640.77,7650.0,5409,535,0.1602,0.002899
2026-09-21 14:35:20,SPX,7767.31,7640.77,7645.0,239,2182,0.1636,0.002899
2026-09-21 14:35:20,SPX,7767.31,7640.77,7890.0,573,0,0.1262,0.002899
2026-09-21 14:35:20,SPX,7767.31,7640.77,7640.0,856,4191,0.1686,0.002899
2026-09-21 14:35:20,SPX,7767.31,7640.77,7635.0,211,245,0.1719,0.002899
2026-09-21 14:35:20,SPX,7767.31,7640.77,7900.0,871,9,0.1308,0.002899
2026-09-21 14:35:20,SPX,7767.31,7640.77,7630.0,563,278,0.1745,0.002899
2026-09-21 14:35:20,SPX,7767.31,7640.77,7625.0,591,981,0.1777,0.002899
2026-09-21 14:35:20,SPX,7767.31,7640.77,7910.0,353,0,0.136,0.002899
2026-09-21 14:35:20,SPX,7767.31,7640.77,7620.0,255,2253,0.181,0.002899
2026-09-21 14:35:20,SPX,7767.31,7640.77,7615.0,157,4227,0.1845,0.002899
2026-09-21 14:35:20,SPX,7767.31,7640.77,7920.0,268,0,0.1422,0.002899
2026-09-21 14:35:20,SPX,7767.31,7640.77,7610.0,145,363,0.1878,0.002899
2026-09-21 14:35:20,SPX,7767.31,7640.77,7925.0,202,0,0.1456,0.002899
2026-09-21 14:35:20,SPX,7767.31,7640.77,7605.0,137,107,0.1912,0.002899
2026-09-21 14:35:20,SPX,7767.31,7640.77,7930.0,148,0,0.1491,0.002899
2026-09-21 14:35:20,SPX,7767.31,7640.77,7600.0,379,2310,0.1946,0.002899
2026-09-21 14:35:20,SPX,7767.31,7640.77,7595.0,92,334,0.1982,0.002899
2026-09-21 14:35:20,SPX,7767.31,7640.77,7940.0,16,0,0.1565,0.002899
2026-09-21 14:35:20,SPX,7767.31,7640.77,7590.0,69,710,0.2019,0.002899
2026-09-21 14:35:20,SPX,7767.31,7640.77,7585.0,226,3244,0.2057,0.002899
2026-09-21 14:35:20,SPX,7767.31,7640.77,7950.0,488,4,0.1635,0.002899
2026-09-21 14:35:20,SPX,7767.31,7640.77,7580.0,381,566,0.2095,0.002899
2026-09-21 14:35:20,SPX,7767.31,7640.77,7575.0,51,1638,0.2132,0.002899
2026-09-21 14:35:20,SPX,7767.31,7640.77,7570.0,81,372,0.2169,0.002899
2026-09-21 14:35:20,SPX,7767.31,7640.77,7565.0,36,190,0.2205,0.002899
2026-09-21 14:35:20,SPX,7767.31,7640.77,7560.0,37,979,0.2241,0.002899
2026-09-21 14:35:20,SPX,7767.31,7640.77,7975.0,165,0,0.1727,0.002899
2026-09-21 14:35:20,SPX,7767.31,7640.77,7555.0,55,85,0.2276,0.002899
2026-09-21 14:35:20,SPX,7767.31,7640.77,7550.0,54,2207,0.2312,0.002899
2026-09-21 14:35:20,SPX,7767.31,7640.77,7545.0,29,148,0.2347,0.002899
2026-09-21 14:35:20,SPX,7767.31,7640.77,7540.0,16,247,0.2383,0.002899
2026-09-21 14:35:20,SPX,7767.31,7640.77,7535.0,20,281,0.2419,0.002899
2026-09-21 14:35:20,SPX,7767.31,7640.77,8000.0,303,5,0.1622,0.002899
2026-09-21 14:35:20,SPX,7767.31,7640.77,7530.0,21,529,0.2455,0.002899
2026-09-21 14:35:20,SPX,7767.31,7640.77,7525.0,47,363,0.249,0.002899
2026-09-21 14:35:20,SPX,7767.31,7640.77,7520.0,11,227,0.2526,0.002899
2026-09-21 14:35:20,SPX,7767.31,7640.77,7765.0,1706,3,0.1,0.005637
2026-09-21 14:35:20,SPX,7767.31,7640.77,7770.0,2119,18,0.0993,0.005637
2026-09-21 14:35:20,SPX,7767.31,7640.77,7760.0,819,18,0.1008,0.005637
2026-09-21 14:35:20,SPX,7767.31,7640.77,7775.0,1259,31,0.0988,0.005637
2026-09-21 14:35:20,SPX,7767.31,7640.77,7755.0,389,5,0.1017,0.005637
2026-09-21 14:35:20,SPX,7767.31,7640.77,7780.0,707,3,0.0985,0.005637
2026-09-21 14:35:20,SPX,7767.31,7640.77,7750.0,2183,133,0.1026,0.005637
2026-09-21 14:35:20,SPX,7767.31,7640.77,7785.0,979,18,0.0984,0.005637
2026-09-21 14:35:20,SPX,7767.31,7640.77,7745.0,546,0,0.1036,0.005637
2026-09-21 14:35:20,SPX,7767.31,7640.77,7790.0,3378,5,0.0984,0.005637
2026-09-21 14:35:20,SPX,7767.31,7640.77,7740.0,565,48,0.1044,0.005637
2026-09-21 14:35:20,SPX,7767.31,7640.77,7795.0,1047,0,0.0984,0.005637
2026-09-21 14:35:20,SPX,7767.31,7640.77,7735.0,724,5,0.1055,0.005637
2026-09-21 14:35:20,SPX,7767.31,7640.77,7800.0,1221,454,0.0985,0.005637
2026-09-21 14:35:20,SPX,7767.31,7640.77,7730.0,699,146,0.1073,0.005637
2026-09-21 14:35:20,SPX,7767.31,7640.77,7805.0,367,5,0.0986,0.005637
2026-09-21 14:35:20,SPX,7767.31,7640.77,7725.0,1169,40,0.1083,0.005637
2026-09-21 14:35:20,SPX,7767.31,7640.77,7810.0,591,5,0.0987,0.005637
2026-09-21 14:35:20,SPX,7767.31,7640.77,7720.0,581,32,0.1099,0.005637
2026-09-21 14:35:20,SPX,7767.31,7640.77,7815.0,319,3,0.0988,0.005637
2026-09-21 14:35:20,SPX,7767.31,7640.77,7715.0,396,23,0.1118,0.005637
2026-09-21 14:35:20,SPX,7767.31,7640.77,7820.0,625,10,0.099,0.005637
2026-09-21 14:35:20,SPX,7767.31,7640.77,7710.0,273,24,0.1135,0.005637
2026-09-21 14:35:20,SPX,7767.31,7640.77,7825.0,588,4,0.0992,0.005637
2026-09-21 14:35:20,SPX,7767.31,7640.77,7705.0,173,18,0.1149,0.005637
2026-09-21 14:35:20,SPX,7767.31,7640.77,7830.0,337,10,0.0996,0.005637
2026-09-21 14:35:20,SPX,7767.31,7640.77,7700.0,545,205,0.1173,0.005637
2026-09-21 14:35:20,SPX,7767.31,7640.77,7835.0,77,0,0.1,0.005637
2026-09-21 14:35:20,SPX,7767.31,7640.77,7695.0,1346,23,0.1192,0.005637
2026-09-21 14:35:20,SPX,7767.31,7640.77,7840.0,384,0,0.1006,0.005637
2026-09-21 14:35:20,SPX,7767.31,7640.77,7690.0,503,94,0.1208,0.005637
2026-09-21 14:35:20,SPX,7767.31,7640.77,7845.0,7,0,0.1013,0.005637
2026-09-21 14:35:20,SPX,7767.31,7640.77,7685.0,472,70,0.1235,0.005637
2026-09-21 14:35:20,SPX,7767.31,7640.77,7850.0,3164,10,0.1021,0.005637
2026-09-21 14:35:20,SPX,7767.31,7640.77,7680.0,348,97,0.1252,0.005637
2026-09-21 14:35:20,SPX,7767.31,7640.77,7855.0,9,0,0.1029,0.005637
2026-09-21 14:35:20,SPX,7767.31,7640.77,7675.0,345,482,0.1268,0.005637
2026-09-21 14:35:20,SPX,7767.31,7640.77,7860.0,311,0,0.1038,0.005637
2026-09-21 14:35:20,SPX,7767.31,7640.77,7670.0,1202,153,0.1289,0.005637
2026-09-21 14:35:20,SPX,7767.31,7640.77,7865.0,40,0,0.1048,0.005637
2026-09-21 14:35:20,SPX,7767.31,7640.77,7665.0,485,111,0.1315,0.005637
2026-09-21 14:35:20,SPX,7767.31,7640.77,7870.0,569,0,0.1059,0.005637
2026-09-21 14:35:20,SPX,7767.31,7640.77,7660.0,246,167,0.134,0.005637
2026-09-21 14:35:20,SPX,7767.31,7640.77,7875.0,360,3,0.1071,0.005637
2026-09-21 14:35:20,SPX,7767.31,7640.77,7655.0,922,139,0.136,0.005637
2026-09-21 14:35:20,SPX,7767.31,7640.77,7880.0,478,1,0.1083,0.005637
2026-09-21 14:35:20,SPX,7767.31,7640.77,7650.0,840,358,0.1392,0.005637
2026-09-21 14:35:20,SPX,7767.31,7640.77,7645.0,595,119,0.142,0.005637
2026-09-21 14:35:20,SPX,7767.31,7640.77,7890.0,232,0,0.111,0.005637
2026-09-21 14:35:20,SPX,7767.31,7640.77,7640.0,207,348,0.1445,0.005637
2026-09-21 14:35:20,SPX,7767.31,7640.77,7635.0,473,1160,0.147,0.005637
2026-09-21 14:35:20,SPX,7767.31,7640.77,7900.0,970,0,0.1137,0.005637
2026-09-21 14:35:20,SPX,7767.31,7640.77,7630.0,508,415,0.1495,0.005637
2026-09-21 14:35:20,SPX,7767.31,7640.77,7625.0,523,379,0.1519,0.005637
2026-09-21 14:35:20,SPX,7767.31,7640.77,7910.0,290,1,0.1165,0.005637
2026-09-21 14:35:20,SPX,7767.31,7640.77,7620.0,163,367,0.1542,0.005637
2026-09-21 14:35:20,SPX,7767.31,7640.77,7615.0,119,439,0.1566,0.005637
2026-09-21 14:35:20,SPX,7767.31,7640.77,7920.0,91,0,0.1192,0.005637
2026-09-21 14:35:20,SPX,7767.31,7640.77,7610.0,145,1660,0.1591,0.005637
2026-09-21 14:35:20,SPX,7767.31,7640.77,7925.0,700,4,0.1207,0.005637
2026-09-21 14:35:20,SPX,7767.31,7640.77,7605.0,293,116,0.1618,0.005637
2026-09-21 14:35:20,SPX,7767.31,7640.77,7930.0,125,0,0.1221,0.005637
2026-09-21 14:35:20,SPX,7767.31,7640.77,7600.0,367,726,0.1645,0.005637
2026-09-21 14:35:20,SPX,7767.31,7640.77,7595.0,88,148,0.1673,0.005637
2026-09-21 14:35:20,SPX,7767.31,7640.77,7590.0,101,177,0.1702,0.005637
2026-09-21 14:35:20,SPX,7767.31,7640.77,7585.0,88,367,0.1731,0.005637
2026-09-21 14:35:20,SPX,7767.31,7640.77,7950.0,631,0,0.1288,0.005637
2026-09-21 14:35:20,SPX,7767.31,7640.77,7580.0,59,405,0.1761,0.005637
2026-09-21 14:35:20,SPX,7767.31,7640.77,7575.0,86,1035,0.1789,0.005637
2026-09-21 14:35:20,SPX,7767.31,7640.77,7570.0,43,155,0.1818,0.005637
2026-09-21 14:35:20,SPX,7767.31,7640.77,7565.0,40,147,0.1845,0.005637
2026-09-21 14:35:20,SPX,7767.31,7640.77,7560.0,53,479,0.1872,0.005637
2026-09-21 14:35:20,SPX,7767.31,7640.77,7975.0,261,0,0.1384,0.005637
2026-09-21 14:35:20,SPX,7767.31,7640.77,7555.0,31,243,0.1898,0.005637
2026-09-21 14:35:20,SPX,7767.31,7640.77,7550.0,48,1776,0.1924,0.005637
2026-09-21 14:35:20,SPX,7767.31,7640.77,7545.0,20,607,0.195,0.005637
2026-09-21 14:35:20,SPX,7767.31,7640.77,7540.0,53,518,0.1975,0.005637
2026-09-21 14:35:20,SPX,7767.31,7640.77,7535.0,37,258,0.2,0.005637
2026-09-21 14:35:20,SPX,7767.31,7640.77,8000.0,707,0,0.1477,0.005637
2026-09-21 14:35:20,SPX,7767.31,7640.77,7530.0,50,173,0.2025,0.005637
2026-09-21 14:35:20,SPX,7767.31,7640.77,7525.0,20,286,0.205,0.005637
2026-09-21 14:35:20,SPX,7767.31,7640.77,7520.0,10,187,0.2075,0.005637
2026-09-21 15:05:28,SPX,7772.5,7639.13,7770.0,1320,41,0.1551,0.000104
2026-09-21 15:05:28,SPX,7772.5,7639.13,7775.0,1679,143,0.1549,0.000104
2026-09-21 15:05:28,SPX,7772.5,7639.13,7765.0,944,38,0.16,0.000104
2026-09-21 15:05:28,SPX,7772.5,7639.13,7780.0,903,34,0.1601,0.000104
2026-09-21 15:05:28,SPX,7772.5,7639.13,7760.0,2830,95,0.1687,0.000104
2026-09-21 15:05:28,SPX,7772.5,7639.13,7785.0,2955,14,0.1673,0.000104
2026-09-21 15:05:28,SPX,7772.5,7639.13,7755.0,1505,34,0.1811,0.000104
2026-09-21 15:05:28,SPX,7772.5,7639.13,7790.0,752,79,0.1772,0.000104
2026-09-21 15:05:28,SPX,7772.5,7639.13,7750.0,2528,308,0.1986,0.000104
2026-09-21 15:05:28,SPX,7772.5,7639.13,7795.0,1006,0,0.1886,0.000104
2026-09-21 15:05:28,SPX,7772.5,7639.13,7745.0,776,37,0.2169,0.000104
2026-09-21 15:05:28,SPX,7772.5,7639.13,7800.0,2025,591,0.204,0.000104
2026-09-21 15:05:28,SPX,7772.5,7639.13,7740.0,1504,193,0.2376,0.000104
2026-09-21 15:05:28,SPX,7772.5,7639.13,7805.0,627,7,0.2212,0.000104
2026-09-21 15:05:28,SPX,7772.5,7639.13,7735.0,1535,196,0.2609,0.000104
2026-09-21 15:05:28,SPX,7772.5,7639.13,7810.0,609,6,0.238,0.000104
2026-09-21 15:05:28,SPX,7772.5,7639.13,7730.0,1321,181,0.2831,0.000104
2026-09-21 15:05:28,SPX,7772.5,7639.13,7815.0,930,0,0.2524,0.000104
2026-09-21 15:05:28,SPX,7772.5,7639.13,7725.0,2265,392,0.3072,0.000104
2026-09-21 15:05:28,SPX,7772.5,7639.13,7820.0,1034,22,0.2657,0.000104
2026-09-21 15:05:28,SPX,7772.5,7639.13,7720.0,2095,361,0.3249,0.000104
2026-09-21 15:05:28,SPX,7772.5,7639.13,7825.0,1658,23,0.2795,0.000104
2026-09-21 15:05:28,SPX,7772.5,7639.13,7715.0,2195,204,0.3492,0.000104
2026-09-21 15:05:28,SPX,7772.5,7639.13,7830.0,849,0,0.2942,0.000104
2026-09-21 15:05:28,SPX,7772.5,7639.13,7710.0,2696,135,0.3728,0.000104
2026-09-21 15:05:28,SPX,7772.5,7639.13,7835.0,381,0,0.3102,0.000104
2026-09-21 15:05:28,SPX,7772.5,7639.13,7705.0,3206,81,0.3994,0.000104
2026-09-21 15:05:28,SPX,7772.5,7639.13,7840.0,670,3,0.3278,0.000104
2026-09-21 15:05:28,SPX,7772.5,7639.13,7700.0,8600,3999,0.4235,0.000104
2026-09-21 15:05:28,SPX,7772.5,7639.13,7845.0,369,1,0.3464,0.000104
2026-09-21 15:05:28,SPX,7772.5,7639.13,7695.0,2627,125,0.4467,0.000104
2026-09-21 15:05:28,SPX,7772.5,7639.13,7850.0,2471,18,0.3648,0.000104
2026-09-21 15:05:28,SPX,7772.5,7639.13,7690.0,1584,356,0.4714,0.000104
2026-09-21 15:05:28,SPX,7772.5,7639.13,7855.0,2,0,0.3823,0.000104
2026-09-21 15:05:28,SPX,7772.5,7639.13,7685.0,1983,254,0.4961,0.000104
2026-09-21 15:05:28,SPX,7772.5,7639.13,7860.0,1255,105,0.3987,0.000104
2026-09-21 15:05:28,SPX,7772.5,7639.13,7680.0,1599,128,0.5185,0.000104
2026-09-21 15:05:28,SPX,7772.5,7639.13,7865.0,15,0,0.4135,0.000104
2026-09-21 15:05:28,SPX,7772.5,7639.13,7675.0,2246,734,0.5383,0.000104
2026-09-21 15:05:28,SPX,7772.5,7639.13,7870.0,692,0,0.4267,0.000104
2026-09-21 15:05:28,SPX,7772.5,7639.13,7670.0,1298,247,0.5567,0.000104
2026-09-21 15:05:28,SPX,7772.5,7639.13,7875.0,1297,1,0.4372,0.000104
2026-09-21 15:05:28,SPX,7772.5,7639.13,7665.0,1182,173,0.5743,0.000104
2026-09-21 15:05:28,SPX,7772.5,7639.13,7880.0,2025,6,0.445,0.000104
2026-09-21 15:05:28,SPX,7772.5,7639.13,7660.0,1291,303,0.5919,0.000104
2026-09-21 15:05:28,SPX,7772.5,7639.13,7655.0,2475,300,0.6097,0.000104
2026-09-21 15:05:28,SPX,7772.5,7639.13,7890.0,503,22,0.4551,0.000104
2026-09-21 15:05:28,SPX,7772.5,7639.13,7650.0,2820,1523,0.628,0.000104
2026-09-21 15:05:28,SPX,7772.5,7639.13,7645.0,1505,1350,0.6469,0.000104
2026-09-21 15:05:28,SPX,7772.5,7639.13,7900.0,1037,21,0.459,0.000104
2026-09-21 15:05:28,SPX,7772.5,7639.13,7640.0,1937,1427,0.6664,0.000104
2026-09-21 15:05:28,SPX,7772.5,7639.13,7635.0,1159,899,0.6863,0.000104
2026-09-21 15:05:28,SPX,7772.5,7639.13,7910.0,454,5,0.4576,0.000104
2026-09-21 15:05:28,SPX,7772.5,7639.13,7630.0,996,2074,0.7068,0.000104
2026-09-21 15:05:28,SPX,7772.5,7639.13,7625.0,1140,2822,0.7275,0.000104
2026-09-21 15:05:28,SPX,7772.5,7639.13,7920.0,459,0,0.4525,0.000104
2026-09-21 15:05:28,SPX,7772.5,7639.13,7620.0,438,1881,0.7485,0.000104
2026-09-21 15:05:28,SPX,7772.5,7639.13,7925.0,558,33,0.4488,0.000104
2026-09-21 15:05:28,SPX,7772.5,7639.13,7615.0,311,1459,0.7695,0.000104
2026-09-21 15:05:28,SPX,7772.5,7639.13,7930.0,148,0,0.4447,0.000104
2026-09-21 15:05:28,SPX,7772.5,7639.13,7610.0,324,1457,0.7905,0.000104
2026-09-21 15:05:28,SPX,7772.5,7639.13,7605.0,269,1198,0.8117,0.000104
2026-09-21 15:05:28,SPX,7772.5,7639.13,7940.0,56,10,0.4353,0.000104
2026-09-21 15:05:28,SPX,7772.5,7639.13,7600.0,815,3228,0.8329,0.000104
2026-09-21 15:05:28,SPX,7772.5,7639.13,7595.0,162,1148,0.8539,0.000104
2026-09-21 15:05:28,SPX,7772.5,7639.13,7950.0,693,3,0.4252,0.000104
2026-09-21 15:05:28,SPX,7772.5,7639.13,7590.0,123,1593,0.8743,0.000104
2026-09-21 15:05:28,SPX,7772.5,7639.13,7585.0,531,2022,0.8947,0.000104
2026-09-21 15:05:28,SPX,7772.5,7639.13,7580.0,126,1298,0.915,0.000104
2026-09-21 15:05:28,SPX,7772.5,7639.13,7575.0,959,2486,0.9353,0.000104
2026-09-21 15:05:28,SPX,7772.5,7639.13,7570.0,990,1630,0.9554,0.000104
2026-09-21 15:05:28,SPX,7772.5,7639.13,7975.0,308,1,0.3988,0.000104
2026-09-21 15:05:28,SPX,7772.5,7639.13,7565.0,93,1481,0.9754,0.000104
2026-09-21 15:05:28,SPX,7772.5,7639.13,7560.0,244,2038,0.995,0.000104
2026-09-21 15:05:28,SPX,7772.5,7639.13,7555.0,68,2289,1.0139,0.000104
2026-09-21 15:05:28,SPX,7772.5,7639.13,7550.0,181,3102,1.0319,0.000104
2026-09-21 15:05:28,SPX,7772.5,7639.13,7545.0,37,1460,1.0493,0.000104
2026-09-21 15:05:28,SPX,7772.5,7639.13,8000.0,835,1,0.3719,0.000104
2026-09-21 15:05:28,SPX,7772.5,7639.13,7540.0,91,1396,1.066,0.000104
2026-09-21 15:05:28,SPX,7772.5,7639.13,7535.0,48,1245,1.0816,0.000104
2026-09-21 15:05:28,SPX,7772.5,7639.13,7530.0,64,2076,1.0964,0.000104
2026-09-21 15:05:28,SPX,7772.5,7639.13,7525.0,66,3247,1.1104,0.000104
2026-09-21 15:05:28,SPX,7772.5,7639.13,7770.0,318,27,0.1049,0.002842
2026-09-21 15:05:28,SPX,7772.5,7639.13,7775.0,2198,14,0.1043,0.002842
2026-09-21 15:05:28,SPX,7772.5,7639.13,7765.0,464,12,0.1058,0.002842
2026-09-21 15:05:28,SPX,7772.5,7639.13,7780.0,704,23,0.1036,0.002842
2026-09-21 15:05:28,SPX,7772.5,7639.13,7760.0,1025,13,0.1067,0.002842
2026-09-21 15:05:28,SPX,7772.5,7639.13,7785.0,802,2,0.1031,0.002842
2026-09-21 15:05:28,SPX,7772.5,7639.13,7755.0,2301,8,0.1076,0.002842
2026-09-21 15:05:28,SPX,7772.5,7639.13,7790.0,457,15,0.1028,0.002842
2026-09-21 15:05:28,SPX,7772.5,7639.13,7750.0,1979,277,0.1089,0.002842
2026-09-21 15:05:28,SPX,7772.5,7639.13,7795.0,532,0,0.103,0.002842
2026-09-21 15:05:28,SPX,7772.5,7639.13,7745.0,550,2,0.1112,0.002842
2026-09-21 15:05:28,SPX,7772.5,7639.13,7800.0,1808,99,0.1035,0.002842
2026-09-21 15:05:28,SPX,7772.5,7639.13,7740.0,697,135,0.1125,0.002842
2026-09-21 15:05:28,SPX,7772.5,7639.13,7805.0,387,0,0.1039,0.002842
2026-09-21 15:05:28,SPX,7772.5,7639.13,7735.0,530,11,0.1143,0.002842
2026-09-21 15:05:28,SPX,7772.5,7639.13,7810.0,661,9,0.1043,0.002842
2026-09-21 15:05:28,SPX,7772.5,7639.13,7730.0,432,74,0.1161,0.002842
2026-09-21 15:05:28,SPX,7772.5,7639.13,7815.0,364,1,0.1047,0.002842
2026-09-21 15:05:28,SPX,7772.5,7639.13,7725.0,1132,117,0.119,0.002842
2026-09-21 15:05:28,SPX,7772.5,7639.13,7820.0,256,7,0.1051,0.002842
2026-09-21 15:05:28,SPX,7772.5,7639.13,7720.0,532,30,0.1212,0.002842
2026-09-21 15:05:28,SPX,7772.5,7639.13,7825.0,1062,5,0.1057,0.002842
2026-09-21 15:05:28,SPX,7772.5,7639.13,7715.0,534,33,0.1233,0.002842
2026-09-21 15:05:28,SPX,7772.5,7639.13,7830.0,557,2,0.1065,0.002842
2026-09-21 15:05:28,SPX,7772.5,7639.13,7710.0,914,111,0.1265,0.002842
2026-09-21 15:05:28,SPX,7772.5,7639.13,7705.0,391,17,0.1287,0.002842
2026-09-21 15:05:28,SPX,7772.5,7639.13,7840.0,571,0,0.1089,0.002842
2026-09-21 15:05:28,SPX,7772.5,7639.13,7700.0,1722,355,0.1317,0.002842
2026-09-21 15:05:28,SPX,7772.5,7639.13,7695.0,2376,67,0.1347,0.002842
2026-09-21 15:05:28,SPX,7772.5,7639.13,7850.0,964,6,0.1121,0.002842
2026-09-21 15:05:28,SPX,7772.5,7639.13,7690.0,748,286,0.1384,0.002842
2026-09-21 15:05:28,SPX,7772.5,7639.13,7685.0,598,93,0.1422,0.002842
2026-09-21 15:05:28,SPX,7772.5,7639.13,7860.0,390,0,0.1159,0.002842
2026-09-21 15:05:28,SPX,7772.5,7639.13,7680.0,688,224,0.1447,0.002842
2026-09-21 15:05:28,SPX,7772.5,7639.13,7675.0,5195,825,0.1469,0.002842
2026-09-21 15:05:28,SPX,7772.5,7639.13,7870.0,471,0,0.1203,0.002842
2026-09-21 15:05:28,SPX,7772.5,7639.13,7670.0,2285,138,0.1503,0.002842
2026-09-21 15:05:28,SPX,7772.5,7639.13,7875.0,453,3,0.1226,0.002842
2026-09-21 15:05:28,SPX,7772.5,7639.13,7665.0,324,89,0.1546,0.002842
2026-09-21 15:05:28,SPX,7772.5,7639.13,7880.0,346,5,0.125,0.002842
2026-09-21 15:05:28,SPX,7772.5,7639.13,7660.0,423,292,0.1587,0.002842
2026-09-21 15:05:28,SPX,7772.5,7639.13,7655.0,315,98,0.1619,0.002842
2026-09-21 15:05:28,SPX,7772.5,7639.13,7890.0,573,0,0.1299,0.002842
2026-09-21 15:05:28,SPX,7772.5,7639.13,7650.0,5409,535,0.1662,0.002842
2026-09-21 15:05:28,SPX,7772.5,7639.13,7645.0,239,2182,0.1698,0.002842
2026-09-21 15:05:28,SPX,7772.5,7639.13,7900.0,871,9,0.1346,0.002842
2026-09-21 15:05:28,SPX,7772.5,7639.13,7640.0,856,4191,0.1725,0.002842
2026-09-21 15:05:28,SPX,7772.5,7639.13,7635.0,211,245,0.1749,0.002842
2026-09-21 15:05:28,SPX,7772.5,7639.13,7910.0,353,0,0.1391,0.002842
2026-09-21 15:05:28,SPX,7772.5,7639.13,7630.0,563,278,0.1776,0.002842
2026-09-21 15:05:28,SPX,7772.5,7639.13,7625.0,591,981,0.1808,0.002842
2026-09-21 15:05:28,SPX,7772.5,7639.13,7920.0,268,0,0.1438,0.002842
2026-09-21 15:05:28,SPX,7772.5,7639.13,7620.0,255,2253,0.1847,0.002842
2026-09-21 15:05:28,SPX,7772.5,7639.13,7925.0,202,0,0.1463,0.002842
2026-09-21 15:05:28,SPX,7772.5,7639.13,7615.0,157,4227,0.189,0.002842
2026-09-21 15:05:28,SPX,7772.5,7639.13,7930.0,148,0,0.1489,0.002842
2026-09-21 15:05:28,SPX,7772.5,7639.13,7610.0,145,363,0.1935,0.002842
2026-09-21 15:05:28,SPX,7772.5,7639.13,7605.0,137,107,0.1978,0.002842
2026-09-21 15:05:28,SPX,7772.5,7639.13,7940.0,16,0,0.1547,0.002842
2026-09-21 15:05:28,SPX,7772.5,7639.13,7600.0,379,2310,0.202,0.002842
2026-09-21 15:05:28,SPX,7772.5,7639.13,7595.0,92,334,0.2059,0.002842
2026-09-21 15:05:28,SPX,7772.5,7639.13,7950.0,488,4,0.1615,0.002842
2026-09-21 15:05:28,SPX,7772.5,7639.13,7590.0,69,710,0.2096,0.002842
2026-09-21 15:05:28,SPX,7772.5,7639.13,7585.0,226,3244,0.2131,0.002842
2026-09-21 15:05:28,SPX,7772.5,7639.13,7580.0,381,566,0.2165,0.002842
2026-09-21 15:05:28,SPX,7772.5,7639.13,7575.0,51,1638,0.2198,0.002842
2026-09-21 15:05:28,SPX,7772.5,7639.13,7570.0,81,372,0.223,0.002842
2026-09-21 15:05:28,SPX,7772.5,7639.13,7975.0,165,0,0.1828,0.002842
2026-09-21 15:05:28,SPX,7772.5,7639.13,7565.0,36,190,0.2262,0.002842
2026-09-21 15:05:28,SPX,7772.5,7639.13,7560.0,37,979,0.2294,0.002842
2026-09-21 15:05:28,SPX,7772.5,7639.13,7555.0,55,85,0.2327,0.002842
2026-09-21 15:05:28,SPX,7772.5,7639.13,7550.0,54,2207,0.2361,0.002842
2026-09-21 15:05:28,SPX,7772.5,7639.13,7545.0,29,148,0.2395,0.002842
2026-09-21 15:05:28,SPX,7772.5,7639.13,8000.0,303,5,0.2025,0.002842
2026-09-21 15:05:28,SPX,7772.5,7639.13,7540.0,16,247,0.243,0.002842
2026-09-21 15:05:28,SPX,7772.5,7639.13,7535.0,20,281,0.2466,0.002842
2026-09-21 15:05:28,SPX,7772.5,7639.13,7530.0,21,529,0.2502,0.002842
2026-09-21 15:05:28,SPX,7772.5,7639.13,7525.0,47,363,0.2539,0.002842
2026-09-21 15:05:28,SPX,7772.5,7639.13,7770.0,2119,18,0.1022,0.005579
2026-09-21 15:05:28,SPX,7772.5,7639.13,7775.0,1259,31,0.1017,0.005579
2026-09-21 15:05:28,SPX,7772.5,7639.13,7765.0,1706,3,0.1028,0.005579
2026-09-21 15:05:28,SPX,7772.5,7639.13,7780.0,707,3,0.1013,0.005579
2026-09-21 15:05:28,SPX,7772.5,7639.13,7760.0,819,18,0.1034,0.005579
2026-09-21 15:05:28,SPX,7772.5,7639.13,7785.0,979,18,0.1008,0.005579
2026-09-21 15:05:28,SPX,7772.5,7639.13,7755.0,389,5,0.1042,0.005579
2026-09-21 15:05:28,SPX,7772.5,7639.13,7790.0,3378,5,0.1004,0.005579
2026-09-21 15:05:28,SPX,7772.5,7639.13,7750.0,2183,133,0.1052,0.005579
2026-09-21 15:05:28,SPX,7772.5,7639.13,7795.0,1047,0,0.1001,0.005579
2026-09-21 15:05:28,SPX,7772.5,7639.13,7745.0,546,0,0.1062,0.005579
2026-09-21 15:05:28,SPX,7772.5,7639.13,7800.0,1221,454,0.0996,0.005579
2026-09-21 15:05:28,SPX,7772.5,7639.13,7740.0,565,48,0.1073,0.005579
2026-09-21 15:05:28,SPX,7772.5,7639.13,7805.0,367,5,0.0992,0.005579
2026-09-21 15:05:28,SPX,7772.5,7639.13,7735.0,724,5,0.1084,0.005579
2026-09-21 15:05:28,SPX,7772.5,7639.13,7810.0,591,5,0.0992,0.005579
2026-09-21 15:05:28,SPX,7772.5,7639.13,7730.0,699,146,0.1101,0.005579
2026-09-21 15:05:28,SPX,7772.5,7639.13,7815.0,319,3,0.0995,0.005579
2026-09-21 15:05:28,SPX,7772.5,7639.13,7725.0,1169,40,0.1121,0.005579
2026-09-21 15:05:28,SPX,7772.5,7639.13,7820.0,625,10,0.1,0.005579
2026-09-21 15:05:28,SPX,7772.5,7639.13,7720.0,581,32,0.1141,0.005579
2026-09-21 15:05:28,SPX,7772.5,7639.13,7825.0,588,4,0.1005,0.005579
2026-09-21 15:05:28,SPX,7772.5,7639.13,7715.0,396,23,0.1153,0.005579
2026-09-21 15:05:28,SPX,7772.5,7639.13,7830.0,337,10,0.101,0.005579
2026-09-21 15:05:28,SPX,7772.5,7639.13,7710.0,273,24,0.1166,0.005579
2026-09-21 15:05:28,SPX,7772.5,7639.13,7835.0,77,0,0.1014,0.005579
2026-09-21 15:05:28,SPX,7772.5,7639.13,7705.0,173,18,0.1179,0.005579
2026-09-21 15:05:28,SPX,7772.5,7639.13,7840.0,384,0,0.1019,0.005579
2026-09-21 15:05:28,SPX,7772.5,7639.13,7700.0,545,205,0.1201,0.005579
2026-09-21 15:05:28,SPX,7772.5,7639.13,7845.0,7,0,0.1024,0.005579
2026-09-21 15:05:28,SPX,7772.5,7639.13,7695.0,1346,23,0.123,0.005579
2026-09-21 15:05:28,SPX,7772.5,7639.13,7850.0,3164,10,0.1029,0.005579
2026-09-21 15:05:28,SPX,7772.5,7639.13,7690.0,503,94,0.1249,0.005579
2026-09-21 15:05:28,SPX,7772.5,7639.13,7855.0,9,0,0.1035,0.005579
2026-09-21 15:05:28,SPX,7772.5,7639.13,7685.0,472,70,0.1262,0.005579
2026-09-21 15:05:28,SPX,7772.5,7639.13,7860.0,311,0,0.1043,0.005579
2026-09-21 15:05:28,SPX,7772.5,7639.13,7680.0,348,97,0.1283,0.005579
2026-09-21 15:05:28,SPX,7772.5,7639.13,7865.0,40,0,0.1051,0.005579
2026-09-21 15:05:28,SPX,7772.5,7639.13,7675.0,345,482,0.1304,0.005579
2026-09-21 15:05:28,SPX,7772.5,7639.13,7870.0,569,0,0.106,0.005579
2026-09-21 15:05:28,SPX,7772.5,7639.13,7670.0,1202,153,0.1333,0.005579
2026-09-21 15:05:28,SPX,7772.5,7639.13,7875.0,360,3,0.1071,0.005579
2026-09-21 15:05:28,SPX,7772.5,7639.13,7665.0,485,111,0.1352,0.005579
2026-09-21 15:05:28,SPX,7772.5,7639.13,7880.0,478,1,0.1082,0.005579
2026-09-21 15:05:28,SPX,7772.5,7639.13,7660.0,246,167,0.1375,0.005579
2026-09-21 15:05:28,SPX,7772.5,7639.13,7655.0,922,139,0.14,0.005579
2026-09-21 15:05:28,SPX,7772.5,7639.13,7890.0,232,0,0.1108,0.005579
2026-09-21 15:05:28,SPX,7772.5,7639.13,7650.0,840,358,0.1428,0.005579
2026-09-21 15:05:28,SPX,7772.5,7639.13,7645.0,595,119,0.1456,0.005579
2026-09-21 15:05:28,SPX,7772.5,7639.13,7900.0,970,0,0.1138,0.005579
2026-09-21 15:05:28,SPX,7772.5,7639.13,7640.0,207,348,0.1484,0.005579
2026-09-21 15:05:28,SPX,7772.5,7639.13,7635.0,473,1160,0.1513,0.005579
2026-09-21 15:05:28,SPX,7772.5,7639.13,7910.0,290,1,0.1173,0.005579
2026-09-21 15:05:28,SPX,7772.5,7639.13,7630.0,508,415,0.1539,0.005579
2026-09-21 15:05:28,SPX,7772.5,7639.13,7625.0,523,379,0.1561,0.005579
2026-09-21 15:05:28,SPX,7772.5,7639.13,7920.0,91,0,0.1211,0.005579
2026-09-21 15:05:28,SPX,7772.5,7639.13,7620.0,163,367,0.1583,0.005579
2026-09-21 15:05:28,SPX,7772.5,7639.13,7925.0,700,4,0.1231,0.005579
2026-09-21 15:05:28,SPX,7772.5,7639.13,7615.0,119,439,0.1605,0.005579
2026-09-21 15:05:28,SPX,7772.5,7639.13,7930.0,125,0,0.1252,0.005579
2026-09-21 15:05:28,SPX,7772.5,7639.13,7610.0,145,1660,0.1629,0.005579
2026-09-21 15:05:28,SPX,7772.5,7639.13,7605.0,293,116,0.1655,0.005579
2026-09-21 15:05:28,SPX,7772.5,7639.13,7600.0,367,726,0.1682,0.005579
2026-09-21 15:05:28,SPX,7772.5,7639.13,7595.0,88,148,0.1709,0.005579
2026-09-21 15:05:28,SPX,7772.5,7639.13,7950.0,631,0,0.1341,0.005579
2026-09-21 15:05:28,SPX,7772.5,7639.13,7590.0,101,177,0.1738,0.005579
2026-09-21 15:05:28,SPX,7772.5,7639.13,7585.0,88,367,0.1767,0.005579
2026-09-21 15:05:28,SPX,7772.5,7639.13,7580.0,59,405,0.1797,0.005579
2026-09-21 15:05:28,SPX,7772.5,7639.13,7575.0,86,1035,0.1825,0.005579
2026-09-21 15:05:28,SPX,7772.5,7639.13,7570.0,43,155,0.1854,0.005579
2026-09-21 15:05:28,SPX,7772.5,7639.13,7975.0,261,0,0.1471,0.005579
2026-09-21 15:05:28,SPX,7772.5,7639.13,7565.0,40,147,0.1881,0.005579
2026-09-21 15:05:28,SPX,7772.5,7639.13,7560.0,53,479,0.1908,0.005579
2026-09-21 15:05:28,SPX,7772.5,7639.13,7555.0,31,243,0.1934,0.005579
2026-09-21 15:05:28,SPX,7772.5,7639.13,7550.0,48,1776,0.196,0.005579
2026-09-21 15:05:28,SPX,7772.5,7639.13,7545.0,20,607,0.1986,0.005579
2026-09-21 15:05:28,SPX,7772.5,7639.13,8000.0,707,0,0.1589,0.005579
2026-09-21 15:05:28,SPX,7772.5,7639.13,7540.0,53,518,0.2012,0.005579
2026-09-21 15:05:28,SPX,7772.5,7639.13,7535.0,37,258,0.2037,0.005579
2026-09-21 15:05:28,SPX,7772.5,7639.13,7530.0,50,173,0.2063,0.005579
2026-09-21 15:05:28,SPX,7772.5,7639.13,7525.0,20,286,0.2088,0.005579
2026-09-21 15:35:35,SPX,7774.23,7634.66,7775.0,1679,143,0.1468,4.6e-05
2026-09-21 15:35:35,SPX,7774.23,7634.66,7770.0,1320,41,0.1463,4.6e-05
2026-09-21 15:35:35,SPX,7774.23,7634.66,7780.0,903,34,0.1554,4.6e-05
2026-09-21 15:35:35,SPX,7774.23,7634.66,7765.0,944,38,0.1567,4.6e-05
2026-09-21 15:35:35,SPX,7774.23,7634.66,7785.0,2955,14,0.1714,4.6e-05
2026-09-21 15:35:35,SPX,7774.23,7634.66,7760.0,2830,95,0.1771,4.6e-05
2026-09-21 15:35:35,SPX,7774.23,7634.66,7790.0,752,79,0.1938,4.6e-05
2026-09-21 15:35:35,SPX,7774.23,7634.66,7755.0,1505,34,0.2057,4.6e-05
2026-09-21 15:35:35,SPX,7774.23,7634.66,7795.0,1006,0,0.2166,4.6e-05
2026-09-21 15:35:35,SPX,7774.23,7634.66,7750.0,2528,308,0.2387,4.6e-05
2026-09-21 15:35:35,SPX,7774.23,7634.66,7800.0,2025,591,0.2424,4.6e-05
2026-09-21 15:35:35,SPX,7774.23,7634.66,7745.0,776,37,0.2725,4.6e-05
2026-09-21 15:35:35,SPX,7774.23,7634.66,7805.0,627,7,0.27,4.6e-05
2026-09-21 15:35:35,SPX,7774.23,7634.66,7740.0,1504,193,0.3054,4.6e-05
2026-09-21 15:35:35,SPX,7774.23,7634.66,7810.0,609,6,0.2973,4.6e-05
2026-09-21 15:35:35,SPX,7774.23,7634.66,7735.0,1535,196,0.3393,4.6e-05
2026-09-21 15:35:35,SPX,7774.23,7634.66,7815.0,930,0,0.3252,4.6e-05
2026-09-21 15:35:35,SPX,7774.23,7634.66,7730.0,1321,181,0.3748,4.6e-05
2026-09-21 15:35:35,SPX,7774.23,7634.66,7820.0,1034,22,0.3526,4.6e-05
2026-09-21 15:35:35,SPX,7774.23,7634.66,7725.0,2265,392,0.4104,4.6e-05
2026-09-21 15:35:35,SPX,7774.23,7634.66,7825.0,1658,23,0.3782,4.6e-05
2026-09-21 15:35:35,SPX,7774.23,7634.66,7720.0,2095,361,0.4451,4.6e-05
2026-09-21 15:35:35,SPX,7774.23,7634.66,7830.0,849,0,0.402,4.6e-05
2026-09-21 15:35:35,SPX,7774.23,7634.66,7715.0,2195,204,0.4759,4.6e-05
2026-09-21 15:35:35,SPX,7774.23,7634.66,7835.0,381,0,0.4241,4.6e-05
2026-09-21 15:35:35,SPX,7774.23,7634.66,7710.0,2696,135,0.5036,4.6e-05
2026-09-21 15:35:35,SPX,7774.23,7634.66,7840.0,670,3,0.4445,4.6e-05
2026-09-21 15:35:35,SPX,7774.23,7634.66,7705.0,3206,81,0.5302,4.6e-05
2026-09-21 15:35:35,SPX,7774.23,7634.66,7845.0,369,1,0.4633,4.6e-05
2026-09-21 15:35:35,SPX,7774.23,7634.66,7700.0,8600,3999,0.5572,4.6e-05
2026-09-21 15:35:35,SPX,7774.23,7634.66,7850.0,2471,18,0.4802,4.6e-05
2026-09-21 15:35:35,SPX,7774.23,7634.66,7695.0,2627,125,0.5855,4.6e-05
2026-09-21 15:35:35,SPX,7774.23,7634.66,7855.0,2,0,0.4951,4.6e-05
2026-09-21 15:35:35,SPX,7774.23,7634.66,7690.0,1584,356,0.6148,4.6e-05
2026-09-21 15:35:35,SPX,7774.23,7634.66,7860.0,1255,105,0.5082,4.6e-05
2026-09-21 15:35:35,SPX,7774.23,7634.66,7685.0,1983,254,0.6447,4.6e-05
2026-09-21 15:35:35,SPX,7774.23,7634.66,7865.0,15,0,0.5194,4.6e-05
2026-09-21 15:35:35,SPX,7774.23,7634.66,7680.0,1599,128,0.6744,4.6e-05
2026-09-21 15:35:35,SPX,7774.23,7634.66,7870.0,692,0,0.5288,4.6e-05
2026-09-21 15:35:35,SPX,7774.23,7634.66,7675.0,2246,734,0.7036,4.6e-05
2026-09-21 15:35:35,SPX,7774.23,7634.66,7875.0,1297,1,0.5343,4.6e-05
2026-09-21 15:35:35,SPX,7774.23,7634.66,7670.0,1298,247,0.732,4.6e-05
2026-09-21 15:35:35,SPX,7774.23,7634.66,7880.0,2025,6,0.5363,4.6e-05
2026-09-21 15:35:35,SPX,7774.23,7634.66,7665.0,1182,173,0.7596,4.6e-05
2026-09-21 15:35:35,SPX,7774.23,7634.66,7660.0,1291,303,0.7863,4.6e-05
2026-09-21 15:35:35,SPX,7774.23,7634.66,7890.0,503,22,0.5362,4.6e-05
2026-09-21 15:35:35,SPX,7774.23,7634.66,7655.0,2475,300,0.8116,4.6e-05
2026-09-21 15:35:35,SPX,7774.23,7634.66,7650.0,2820,1523,0.8357,4.6e-05
2026-09-21 15:35:35,SPX,7774.23,7634.66,7900.0,1037,21,0.5316,4.6e-05
2026-09-21 15:35:35,SPX,7774.23,7634.66,7645.0,1505,1350,0.8588,4.6e-05
2026-09-21 15:35:35,SPX,7774.23,7634.66,7640.0,1937,1427,0.8809,4.6e-05
2026-09-21 15:35:35,SPX,7774.23,7634.66,7910.0,454,5,0.5238,4.6e-05
2026-09-21 15:35:35,SPX,7774.23,7634.66,7635.0,1159,899,0.9021,4.6e-05
2026-09-21 15:35:35,SPX,7774.23,7634.66,7630.0,996,2074,0.9223,4.6e-05
2026-09-21 15:35:35,SPX,7774.23,7634.66,7920.0,459,0,0.5138,4.6e-05
2026-09-21 15:35:35,SPX,7774.23,7634.66,7625.0,1140,2822,0.9415,4.6e-05
2026-09-21 15:35:35,SPX,7774.23,7634.66,7925.0,558,33,0.5082,4.6e-05
2026-09-21 15:35:35,SPX,7774.23,7634.66,7620.0,438,1881,0.9598,4.6e-05
2026-09-21 15:35:35,SPX,7774.23,7634.66,7930.0,148,0,0.5023,4.6e-05
2026-09-21 15:35:35,SPX,7774.23,7634.66,7615.0,311,1459,0.9769,4.6e-05
2026-09-21 15:35:35,SPX,7774.23,7634.66,7610.0,324,1457,0.9929,4.6e-05
2026-09-21 15:35:35,SPX,7774.23,7634.66,7940.0,56,10,0.4901,4.6e-05
2026-09-21 15:35:35,SPX,7774.23,7634.66,7605.0,269,1198,1.0079,4.6e-05
2026-09-21 15:35:35,SPX,7774.23,7634.66,7600.0,815,3228,1.022,4.6e-05
2026-09-21 15:35:35,SPX,7774.23,7634.66,7950.0,693,3,0.4775,4.6e-05
2026-09-21 15:35:35,SPX,7774.23,7634.66,7595.0,162,1148,1.035,4.6e-05
2026-09-21 15:35:35,SPX,7774.23,7634.66,7590.0,123,1593,1.0466,4.6e-05
2026-09-21 15:35:35,SPX,7774.23,7634.66,7585.0,531,2022,1.0574,4.6e-05
2026-09-21 15:35:35,SPX,7774.23,7634.66,7580.0,126,1298,1.0675,4.6e-05
2026-09-21 15:35:35,SPX,7774.23,7634.66,7575.0,959,2486,1.0768,4.6e-05
2026-09-21 15:35:35,SPX,7774.23,7634.66,7975.0,308,1,0.4465,4.6e-05
2026-09-21 15:35:35,SPX,7774.23,7634.66,7570.0,990,1630,1.0854,4.6e-05
2026-09-21 15:35:35,SPX,7774.23,7634.66,7565.0,93,1481,1.0933,4.6e-05
2026-09-21 15:35:35,SPX,7774.23,7634.66,7560.0,244,2038,1.1005,4.6e-05
2026-09-21 15:35:35,SPX,7774.23,7634.66,7555.0,68,2289,1.1073,4.6e-05
2026-09-21 15:35:35,SPX,7774.23,7634.66,7550.0,181,3102,1.1136,4.6e-05
2026-09-21 15:35:35,SPX,7774.23,7634.66,8000.0,835,1,0.4152,4.6e-05
2026-09-21 15:35:35,SPX,7774.23,7634.66,7545.0,37,1460,1.1195,4.6e-05
2026-09-21 15:35:35,SPX,7774.23,7634.66,7540.0,91,1396,1.1248,4.6e-05
2026-09-21 15:35:35,SPX,7774.23,7634.66,7535.0,48,1245,1.1298,4.6e-05
2026-09-21 15:35:35,SPX,7774.23,7634.66,7530.0,64,2076,1.1342,4.6e-05
2026-09-21 15:35:35,SPX,7774.23,7634.66,7525.0,66,3247,1.1381,4.6e-05
2026-09-21 15:35:35,SPX,7774.23,7634.66,7775.0,2198,14,0.1046,0.002784
2026-09-21 15:35:35,SPX,7774.23,7634.66,7770.0,318,27,0.1063,0.002784
2026-09-21 15:35:35,SPX,7774.23,7634.66,7780.0,704,23,0.1048,0.002784
2026-09-21 15:35:35,SPX,7774.23,7634.66,7765.0,464,12,0.1069,0.002784
2026-09-21 15:35:35,SPX,7774.23,7634.66,7785.0,802,2,0.1046,0.002784
2026-09-21 15:35:35,SPX,7774.23,7634.66,7760.0,1025,13,0.1083,0.002784
2026-09-21 15:35:35,SPX,7774.23,7634.66,7790.0,457,15,0.1043,0.002784
2026-09-21 15:35:35,SPX,7774.23,7634.66,7755.0,2301,8,0.1097,0.002784
2026-09-21 15:35:35,SPX,7774.23,7634.66,7795.0,532,0,0.1044,0.002784
2026-09-21 15:35:35,SPX,7774.23,7634.66,7750.0,1979,277,0.1114,0.002784
2026-09-21 15:35:35,SPX,7774.23,7634.66,7800.0,1808,99,0.1043,0.002784
2026-09-21 15:35:35,SPX,7774.23,7634.66,7745.0,550,2,0.1131,0.002784
2026-09-21 15:35:35,SPX,7774.23,7634.66,7805.0,387,0,0.1041,0.002784
2026-09-21 15:35:35,SPX,7774.23,7634.66,7740.0,697,135,0.1146,0.002784
2026-09-21 15:35:35,SPX,7774.23,7634.66,7810.0,661,9,0.1044,0.002784
2026-09-21 15:35:35,SPX,7774.23,7634.66,7735.0,530,11,0.1173,0.002784
2026-09-21 15:35:35,SPX,7774.23,7634.66,7815.0,364,1,0.1052,0.002784
2026-09-21 15:35:35,SPX,7774.23,7634.66,7730.0,432,74,0.1189,0.002784
2026-09-21 15:35:35,SPX,7774.23,7634.66,7820.0,256,7,0.1063,0.002784
2026-09-21 15:35:35,SPX,7774.23,7634.66,7725.0,1132,117,0.1221,0.002784
2026-09-21 15:35:35,SPX,7774.23,7634.66,7825.0,1062,5,0.1074,0.002784
2026-09-21 15:35:35,SPX,7774.23,7634.66,7720.0,532,30,0.125,0.002784
2026-09-21 15:35:35,SPX,7774.23,7634.66,7830.0,557,2,0.1085,0.002784
2026-09-21 15:35:35,SPX,7774.23,7634.66,7715.0,534,33,0.1268,0.002784
2026-09-21 15:35:35,SPX,7774.23,7634.66,7710.0,914,111,0.1289,0.002784
2026-09-21 15:35:35,SPX,7774.23,7634.66,7840.0,571,0,0.1102,0.002784
2026-09-21 15:35:35,SPX,7774.23,7634.66,7705.0,391,17,0.1323,0.002784
2026-09-21 15:35:35,SPX,7774.23,7634.66,7700.0,1722,355,0.1358,0.002784
2026-09-21 15:35:35,SPX,7774.23,7634.66,7850.0,964,6,0.1121,0.002784
2026-09-21 15:35:35,SPX,7774.23,7634.66,7695.0,2376,67,0.1392,0.002784
2026-09-21 15:35:35,SPX,7774.23,7634.66,7690.0,748,286,0.1428,0.002784
2026-09-21 15:35:35,SPX,7774.23,7634.66,7860.0,390,0,0.1152,0.002784
2026-09-21 15:35:35,SPX,7774.23,7634.66,7685.0,598,93,0.1459,0.002784
2026-09-21 15:35:35,SPX,7774.23,7634.66,7680.0,688,224,0.1485,0.002784
2026-09-21 15:35:35,SPX,7774.23,7634.66,7870.0,471,0,0.1198,0.002784
2026-09-21 15:35:35,SPX,7774.23,7634.66,7675.0,5195,825,0.1512,0.002784
2026-09-21 15:35:35,SPX,7774.23,7634.66,7875.0,453,3,0.1226,0.002784
2026-09-21 15:35:35,SPX,7774.23,7634.66,7670.0,2285,138,0.1544,0.002784
2026-09-21 15:35:35,SPX,7774.23,7634.66,7880.0,346,5,0.1255,0.002784
2026-09-21 15:35:35,SPX,7774.23,7634.66,7665.0,324,89,0.1581,0.002784
2026-09-21 15:35:35,SPX,7774.23,7634.66,7660.0,423,292,0.1624,0.002784
2026-09-21 15:35:35,SPX,7774.23,7634.66,7890.0,573,0,0.1319,0.002784
2026-09-21 15:35:35,SPX,7774.23,7634.66,7655.0,315,98,0.1664,0.002784
2026-09-21 15:35:35,SPX,7774.23,7634.66,7650.0,5409,535,0.1699,0.002784
2026-09-21 15:35:35,SPX,7774.23,7634.66,7900.0,871,9,0.1383,0.002784
2026-09-21 15:35:35,SPX,7774.23,7634.66,7645.0,239,2182,0.1738,0.002784
2026-09-21 15:35:35,SPX,7774.23,7634.66,7640.0,856,4191,0.177,0.002784
2026-09-21 15:35:35,SPX,7774.23,7634.66,7910.0,353,0,0.1447,0.002784
2026-09-21 15:35:35,SPX,7774.23,7634.66,7635.0,211,245,0.1796,0.002784
2026-09-21 15:35:35,SPX,7774.23,7634.66,7630.0,563,0,0.1823,0.002784
2026-09-21 15:35:35,SPX,7774.23,7634.66,7940.0,16,0,0.1649,0.002784
2026-09-21 15:35:35,SPX,7774.23,7634.66,7605.0,137,107,0.2023,0.002784
2026-09-21 15:35:35,SPX,7774.23,7634.66,7600.0,379,2310,0.2067,0.002784
2026-09-21 15:35:35,SPX,7774.23,7634.66,7950.0,488,4,0.1716,0.002784
2026-09-21 15:35:35,SPX,7774.23,7634.66,7595.0,92,334,0.2108,0.002784
2026-09-21 15:35:35,SPX,7774.23,7634.66,7590.0,69,710,0.2147,0.002784
2026-09-21 15:35:35,SPX,7774.23,7634.66,7585.0,226,3244,0.2185,0.002784
2026-09-21 15:35:35,SPX,7774.23,7634.66,7580.0,381,566,0.2221,0.002784
2026-09-21 15:35:35,SPX,7774.23,7634.66,7575.0,51,1638,0.2255,0.002784
2026-09-21 15:35:35,SPX,7774.23,7634.66,7975.0,165,0,0.1854,0.002784
2026-09-21 15:35:35,SPX,7774.23,7634.66,7570.0,81,372,0.2289,0.002784
2026-09-21 15:35:35,SPX,7774.23,7634.66,7565.0,36,190,0.2323,0.002784
2026-09-21 15:35:35,SPX,7774.23,7634.66,7560.0,37,979,0.2356,0.002784
2026-09-21 15:35:35,SPX,7774.23,7634.66,7555.0,55,85,0.239,0.002784
2026-09-21 15:35:35,SPX,7774.23,7634.66,7550.0,54,2207,0.2423,0.002784
2026-09-21 15:35:35,SPX,7774.23,7634.66,8000.0,303,5,0.1953,0.002784
2026-09-21 15:35:35,SPX,7774.23,7634.66,7545.0,29,148,0.2457,0.002784
2026-09-21 15:35:35,SPX,7774.23,7634.66,7540.0,16,247,0.2492,0.002784
2026-09-21 15:35:35,SPX,7774.23,7634.66,7535.0,20,281,0.2526,0.002784
2026-09-21 15:35:35,SPX,7774.23,7634.66,7530.0,21,529,0.2562,0.002784
2026-09-21 15:35:35,SPX,7774.23,7634.66,7525.0,47,363,0.2597,0.002784
2026-09-21 15:35:35,SPX,7774.23,7634.66,7775.0,1259,31,0.1018,0.005522
2026-09-21 15:35:35,SPX,7774.23,7634.66,7770.0,2119,18,0.1025,0.005522
2026-09-21 15:35:35,SPX,7774.23,7634.66,7780.0,707,3,0.1012,0.005522
2026-09-21 15:35:35,SPX,7774.23,7634.66,7765.0,1706,3,0.1034,0.005522
2026-09-21 15:35:35,SPX,7774.23,7634.66,7785.0,979,18,0.1005,0.005522
2026-09-21 15:35:35,SPX,7774.23,7634.66,7760.0,819,18,0.1043,0.005522
2026-09-21 15:35:35,SPX,7774.23,7634.66,7790.0,3378,5,0.0999,0.005522
2026-09-21 15:35:35,SPX,7774.23,7634.66,7755.0,389,5,0.1052,0.005522
2026-09-21 15:35:35,SPX,7774.23,7634.66,7795.0,1047,0,0.0995,0.005522
2026-09-21 15:35:35,SPX,7774.23,7634.66,7750.0,2183,133,0.106,0.005522
2026-09-21 15:35:35,SPX,7774.23,7634.66,7800.0,1221,454,0.0992,0.005522
2026-09-21 15:35:35,SPX,7774.23,7634.66,7745.0,546,0,0.1071,0.005522
2026-09-21 15:35:35,SPX,7774.23,7634.66,7805.0,367,5,0.0992,0.005522
2026-09-21 15:35:35,SPX,7774.23,7634.66,7740.0,565,48,0.1093,0.005522
2026-09-21 15:35:35,SPX,7774.23,7634.66,7810.0,591,5,0.0994,0.005522
2026-09-21 15:35:35,SPX,7774.23,7634.66,7735.0,724,5,0.1103,0.005522
2026-09-21 15:35:35,SPX,7774.23,7634.66,7815.0,319,3,0.0998,0.005522
2026-09-21 15:35:35,SPX,7774.23,7634.66,7730.0,699,146,0.1114,0.005522
2026-09-21 15:35:35,SPX,7774.23,7634.66,7820.0,625,10,0.1003,0.005522
2026-09-21 15:35:35,SPX,7774.23,7634.66,7725.0,1169,40,0.1128,0.005522
2026-09-21 15:35:35,SPX,7774.23,7634.66,7825.0,588,4,0.1008,0.005522
2026-09-21 15:35:35,SPX,7774.23,7634.66,7720.0,581,32,0.1146,0.005522
2026-09-21 15:35:35,SPX,7774.23,7634.66,7715.0,396,0,0.1165,0.005522
2026-09-21 15:35:35,SPX,7774.23,7634.66,7835.0,77,0,0.1018,0.005522
2026-09-21 15:35:35,SPX,7774.23,7634.66,7710.0,273,0,0.1188,0.005522
2026-09-21 15:35:35,SPX,7774.23,7634.66,7840.0,384,0,0.1022,0.005522
2026-09-21 15:35:35,SPX,7774.23,7634.66,7700.0,545,205,0.1226,0.005522
2026-09-21 15:35:35,SPX,7774.23,7634.66,7850.0,3164,10,0.1032,0.005522
2026-09-21 15:35:35,SPX,7774.23,7634.66,7695.0,1346,23,0.1241,0.005522
2026-09-21 15:35:35,SPX,7774.23,7634.66,7855.0,9,0,0.1038,0.005522
2026-09-21 15:35:35,SPX,7774.23,7634.66,7690.0,503,94,0.1269,0.005522
2026-09-21 15:35:35,SPX,7774.23,7634.66,7860.0,311,0,0.1045,0.005522
2026-09-21 15:35:35,SPX,7774.23,7634.66,7685.0,472,70,0.1294,0.005522
2026-09-21 15:35:35,SPX,7774.23,7634.66,7865.0,40,0,0.1054,0.005522
2026-09-21 15:35:35,SPX,7774.23,7634.66,7680.0,348,97,0.1312,0.005522
2026-09-21 15:35:35,SPX,7774.23,7634.66,7870.0,569,0,0.1064,0.005522
2026-09-21 15:35:35,SPX,7774.23,7634.66,7675.0,345,482,0.1339,0.005522
2026-09-21 15:35:35,SPX,7774.23,7634.66,7875.0,360,3,0.1075,0.005522
2026-09-21 15:35:35,SPX,7774.23,7634.66,7670.0,1202,153,0.1362,0.005522
2026-09-21 15:35:35,SPX,7774.23,7634.66,7880.0,478,1,0.1087,0.005522
2026-09-21 15:35:35,SPX,7774.23,7634.66,7665.0,485,111,0.1379,0.005522
2026-09-21 15:35:35,SPX,7774.23,7634.66,7660.0,246,167,0.1404,0.005522
2026-09-21 15:35:35,SPX,7774.23,7634.66,7890.0,232,0,0.1115,0.005522
2026-09-21 15:35:35,SPX,7774.23,7634.66,7655.0,922,139,0.1429,0.005522
2026-09-21 15:35:35,SPX,7774.23,7634.66,7650.0,840,358,0.1458,0.005522
2026-09-21 15:35:35,SPX,7774.23,7634.66,7900.0,970,0,0.1146,0.005522
2026-09-21 15:35:35,SPX,7774.23,7634.66,7645.0,595,119,0.1485,0.005522
2026-09-21 15:35:35,SPX,7774.23,7634.66,7640.0,207,348,0.1509,0.005522
2026-09-21 15:35:35,SPX,7774.23,7634.66,7910.0,290,1,0.1181,0.005522
2026-09-21 15:35:35,SPX,7774.23,7634.66,7635.0,473,1160,0.1533,0.005522
2026-09-21 15:35:35,SPX,7774.23,7634.66,7630.0,508,415,0.1556,0.005522
2026-09-21 15:35:35,SPX,7774.23,7634.66,7920.0,91,0,0.1218,0.005522
2026-09-21 15:35:35,SPX,7774.23,7634.66,7625.0,523,379,0.158,0.005522
2026-09-21 15:35:35,SPX,7774.23,7634.66,7925.0,700,4,0.1237,0.005522
2026-09-21 15:35:35,SPX,7774.23,7634.66,7620.0,163,367,0.1605,0.005522
2026-09-21 15:35:35,SPX,7774.23,7634.66,7930.0,125,0,0.1257,0.005522
2026-09-21 15:35:35,SPX,7774.23,7634.66,7615.0,119,439,0.1632,0.005522
2026-09-21 15:35:35,SPX,7774.23,7634.66,7610.0,145,1660,0.166,0.005522
2026-09-21 15:35:35,SPX,7774.23,7634.66,7605.0,293,116,0.1701,0.005522
2026-09-21 15:35:35,SPX,7774.23,7634.66,7600.0,367,726,0.1726,0.005522
2026-09-21 15:35:35,SPX,7774.23,7634.66,7950.0,631,0,0.1334,0.005522
2026-09-21 15:35:35,SPX,7774.23,7634.66,7595.0,88,148,0.1752,0.005522
2026-09-21 15:35:35,SPX,7774.23,7634.66,7590.0,101,177,0.1779,0.005522
2026-09-21 15:35:35,SPX,7774.23,7634.66,7585.0,88,367,0.1807,0.005522
2026-09-21 15:35:35,SPX,7774.23,7634.66,7580.0,59,405,0.1835,0.005522
2026-09-21 15:35:35,SPX,7774.23,7634.66,7575.0,86,1035,0.1864,0.005522
2026-09-21 15:35:35,SPX,7774.23,7634.66,7975.0,261,0,0.1439,0.005522
2026-09-21 15:35:35,SPX,7774.23,7634.66,7570.0,43,155,0.1893,0.005522
2026-09-21 15:35:35,SPX,7774.23,7634.66,7565.0,40,147,0.1921,0.005522
2026-09-21 15:35:35,SPX,7774.23,7634.66,7560.0,53,479,0.15,0.005522
2026-09-21 15:35:35,SPX,7774.23,7634.66,7555.0,31,243,0.1976,0.005522
2026-09-21 15:35:35,SPX,7774.23,7634.66,7550.0,48,1776,0.2004,0.005522
2026-09-21 15:35:35,SPX,7774.23,7634.66,8000.0,707,0,0.15,0.005522
2026-09-21 15:35:35,SPX,7774.23,7634.66,7545.0,20,607,0.203,0.005522
2026-09-21 15:35:35,SPX,7774.23,7634.66,7540.0,53,518,0.2057,0.005522
2026-09-21 15:35:35,SPX,7774.23,7634.66,7535.0,0,258,0.2084,0.005522
2026-09-21 15:35:35,SPX,7774.23,7634.66,7530.0,0,173,0.211,0.005522
2026-09-21 15:35:35,SPX,7774.23,7634.66,7525.0,20,286,0.2136,0.005522
