timestamp,symbol,spot,gflip,strike,oi_call,oi_put,iv,T
2026-09-11 09:19:14,SPX,7591.7,7660.92,7585.0,578,1505,0.2792,0.000762
2026-09-11 09:19:14,SPX,7591.7,7660.92,7600.0,4184,4794,0.2658,0.000762
2026-09-11 09:19:14,SPX,7591.7,7660.92,7580.0,741,2559,0.2844,0.000762
2026-09-11 09:19:14,SPX,7591.7,7660.92,7605.0,872,1068,0.2607,0.000762
2026-09-11 09:19:14,SPX,7591.7,7660.92,7575.0,799,2389,0.289,0.000762
2026-09-11 09:19:14,SPX,7591.7,7660.92,7610.0,724,1497,0.2556,0.000762
2026-09-11 09:19:14,SPX,7591.7,7660.92,7570.0,192,3828,0.2927,0.000762
2026-09-11 09:19:14,SPX,7591.7,7660.92,7615.0,648,1129,0.2503,0.000762
2026-09-11 09:19:14,SPX,7591.7,7660.92,7565.0,228,1269,0.2965,0.000762
2026-09-11 09:19:14,SPX,7591.7,7660.92,7620.0,1249,987,0.2454,0.000762
2026-09-11 09:19:14,SPX,7591.7,7660.92,7560.0,327,1825,0.3009,0.000762
2026-09-11 09:19:14,SPX,7591.7,7660.92,7625.0,1353,1794,0.2409,0.000762
2026-09-11 09:19:14,SPX,7591.7,7660.92,7555.0,154,2406,0.3057,0.000762
2026-09-11 09:19:14,SPX,7591.7,7660.92,7630.0,2948,1752,0.2361,0.000762
2026-09-11 09:19:14,SPX,7591.7,7660.92,7550.0,413,8096,0.3107,0.000762
2026-09-11 09:19:14,SPX,7591.7,7660.92,7635.0,2909,1155,0.2309,0.000762
2026-09-11 09:19:14,SPX,7591.7,7660.92,7545.0,38,3911,0.3159,0.000762
2026-09-11 09:19:14,SPX,7591.7,7660.92,7640.0,1084,795,0.2265,0.000762
2026-09-11 09:19:14,SPX,7591.7,7660.92,7540.0,256,3113,0.3211,0.000762
2026-09-11 09:19:14,SPX,7591.7,7660.92,7645.0,1683,1482,0.2226,0.000762
2026-09-11 09:19:14,SPX,7591.7,7660.92,7535.0,671,3244,0.3261,0.000762
2026-09-11 09:19:14,SPX,7591.7,7660.92,7650.0,3759,4428,0.2166,0.000762
2026-09-11 09:19:14,SPX,7591.7,7660.92,7530.0,672,1499,0.3308,0.000762
2026-09-11 09:19:14,SPX,7591.7,7660.92,7655.0,1385,1320,0.212,0.000762
2026-09-11 09:19:14,SPX,7591.7,7660.92,7525.0,126,3176,0.3353,0.000762
2026-09-11 09:19:14,SPX,7591.7,7660.92,7660.0,3023,851,0.2079,0.000762
2026-09-11 09:19:14,SPX,7591.7,7660.92,7520.0,221,1805,0.3397,0.000762
2026-09-11 09:19:14,SPX,7591.7,7660.92,7665.0,2091,955,0.204,0.000762
2026-09-11 09:19:14,SPX,7591.7,7660.92,7515.0,75,3466,0.3441,0.000762
2026-09-11 09:19:14,SPX,7591.7,7660.92,7670.0,2185,745,0.2,0.000762
2026-09-11 09:19:14,SPX,7591.7,7660.92,7510.0,95,1729,0.3485,0.000762
2026-09-11 09:19:14,SPX,7591.7,7660.92,7675.0,4510,1166,0.1963,0.000762
2026-09-11 09:19:14,SPX,7591.7,7660.92,7505.0,82,838,0.3531,0.000762
2026-09-11 09:19:14,SPX,7591.7,7660.92,7680.0,2455,1433,0.1928,0.000762
2026-09-11 09:19:14,SPX,7591.7,7660.92,7500.0,829,20079,0.3577,0.000762
2026-09-11 09:19:14,SPX,7591.7,7660.92,7685.0,3231,726,0.1896,0.000762
2026-09-11 09:19:14,SPX,7591.7,7660.92,7495.0,83,1656,0.3624,0.000762
2026-09-11 09:19:14,SPX,7591.7,7660.92,7690.0,2244,942,0.1868,0.000762
2026-09-11 09:19:14,SPX,7591.7,7660.92,7490.0,43,8926,0.3673,0.000762
2026-09-11 09:19:14,SPX,7591.7,7660.92,7695.0,1749,582,0.1842,0.000762
2026-09-11 09:19:14,SPX,7591.7,7660.92,7485.0,59,1488,0.3724,0.000762
2026-09-11 09:19:14,SPX,7591.7,7660.92,7700.0,6357,4328,0.1817,0.000762
2026-09-11 09:19:14,SPX,7591.7,7660.92,7480.0,49,2372,0.3777,0.000762
2026-09-11 09:19:14,SPX,7591.7,7660.92,7705.0,2698,885,0.1803,0.000762
2026-09-11 09:19:14,SPX,7591.7,7660.92,7475.0,178,2360,0.3833,0.000762
2026-09-11 09:19:14,SPX,7591.7,7660.92,7710.0,2103,1189,0.1795,0.000762
2026-09-11 09:19:14,SPX,7591.7,7660.92,7470.0,69,1780,0.389,0.000762
2026-09-11 09:19:14,SPX,7591.7,7660.92,7715.0,2016,1188,0.1793,0.000762
2026-09-11 09:19:14,SPX,7591.7,7660.92,7590.0,87,929,0.1204,0.008976
2026-09-11 09:19:14,SPX,7591.7,7660.92,7595.0,116,321,0.1186,0.008976
2026-09-11 09:19:14,SPX,7591.7,7660.92,7585.0,184,514,0.1221,0.008976
2026-09-11 09:19:14,SPX,7591.7,7660.92,7600.0,738,2009,0.1172,0.008976
2026-09-11 09:19:14,SPX,7591.7,7660.92,7580.0,79,1654,0.1239,0.008976
2026-09-11 09:19:14,SPX,7591.7,7660.92,7605.0,175,382,0.1157,0.008976
2026-09-11 09:19:14,SPX,7591.7,7660.92,7575.0,263,1392,0.1257,0.008976
2026-09-11 09:19:14,SPX,7591.7,7660.92,7610.0,352,322,0.114,0.008976
2026-09-11 09:19:14,SPX,7591.7,7660.92,7570.0,38,471,0.1275,0.008976
2026-09-11 09:19:14,SPX,7591.7,7660.92,7615.0,337,242,0.1125,0.008976
2026-09-11 09:19:14,SPX,7591.7,7660.92,7565.0,68,381,0.1293,0.008976
2026-09-11 09:19:14,SPX,7591.7,7660.92,7620.0,131,585,0.1112,0.008976
2026-09-11 09:19:14,SPX,7591.7,7660.92,7560.0,59,268,0.1308,0.008976
2026-09-11 09:19:14,SPX,7591.7,7660.92,7625.0,501,685,0.11,0.008976
2026-09-11 09:19:14,SPX,7591.7,7660.92,7555.0,33,303,0.1322,0.008976
2026-09-11 09:19:14,SPX,7591.7,7660.92,7630.0,264,394,0.1085,0.008976
2026-09-11 09:19:14,SPX,7591.7,7660.92,7550.0,60,731,0.1333,0.008976
2026-09-11 09:19:14,SPX,7591.7,7660.92,7635.0,182,220,0.1066,0.008976
2026-09-11 09:19:14,SPX,7591.7,7660.92,7545.0,21,1520,0.1343,0.008976
2026-09-11 09:19:14,SPX,7591.7,7660.92,7640.0,200,323,0.1047,0.008976
2026-09-11 09:19:14,SPX,7591.7,7660.92,7540.0,25,1081,0.1354,0.008976
2026-09-11 09:19:14,SPX,7591.7,7660.92,7645.0,182,310,0.1032,0.008976
2026-09-11 09:19:14,SPX,7591.7,7660.92,7535.0,10,1507,0.1367,0.008976
2026-09-11 09:19:14,SPX,7591.7,7660.92,7650.0,689,479,0.1023,0.008976
2026-09-11 09:19:14,SPX,7591.7,7660.92,7530.0,10,1866,0.1381,0.008976
2026-09-11 09:19:14,SPX,7591.7,7660.92,7655.0,235,188,0.1002,0.008976
2026-09-11 09:19:14,SPX,7591.7,7660.92,7525.0,33,3459,0.1394,0.008976
2026-09-11 09:19:14,SPX,7591.7,7660.92,7660.0,250,124,0.0986,0.008976
2026-09-11 09:19:14,SPX,7591.7,7660.92,7520.0,24,539,0.1409,0.008976
2026-09-11 09:19:14,SPX,7591.7,7660.92,7665.0,254,160,0.0967,0.008976
2026-09-11 09:19:14,SPX,7591.7,7660.92,7515.0,18,335,0.1424,0.008976
2026-09-11 09:19:14,SPX,7591.7,7660.92,7670.0,804,263,0.0954,0.008976
2026-09-11 09:19:14,SPX,7591.7,7660.92,7510.0,43,328,0.144,0.008976
2026-09-11 09:19:14,SPX,7591.7,7660.92,7675.0,1878,1298,0.0942,0.008976
2026-09-11 09:19:14,SPX,7591.7,7660.92,7505.0,1,279,0.1455,0.008976
2026-09-11 09:19:14,SPX,7591.7,7660.92,7680.0,546,282,0.093,0.008976
2026-09-11 09:19:14,SPX,7591.7,7660.92,7500.0,140,7118,0.1469,0.008976
2026-09-11 09:19:14,SPX,7591.7,7660.92,7685.0,273,230,0.0918,0.008976
2026-09-11 09:19:14,SPX,7591.7,7660.92,7495.0,2,280,0.1483,0.008976
2026-09-11 09:19:14,SPX,7591.7,7660.92,7690.0,476,211,0.0906,0.008976
2026-09-11 09:19:14,SPX,7591.7,7660.92,7490.0,18,567,0.1496,0.008976
2026-09-11 09:19:14,SPX,7591.7,7660.92,7695.0,338,80,0.0891,0.008976
2026-09-11 09:19:14,SPX,7591.7,7660.92,7485.0,3,170,0.151,0.008976
2026-09-11 09:19:14,SPX,7591.7,7660.92,7700.0,1626,1747,0.0876,0.008976
2026-09-11 09:19:14,SPX,7591.7,7660.92,7480.0,35,373,0.1523,0.008976
2026-09-11 09:19:14,SPX,7591.7,7660.92,7705.0,533,1534,0.0861,0.008976
2026-09-11 09:19:14,SPX,7591.7,7660.92,7475.0,42,672,0.1535,0.008976
2026-09-11 09:19:14,SPX,7591.7,7660.92,7710.0,476,210,0.0849,0.008976
2026-09-11 09:19:14,SPX,7591.7,7660.92,7470.0,2,428,0.1548,0.008976
2026-09-11 09:19:14,SPX,7591.7,7660.92,7715.0,285,63,0.0838,0.008976
2026-09-11 09:19:14,SPX,7591.7,7660.92,7590.0,53,287,0.1254,0.011713
2026-09-11 09:19:14,SPX,7591.7,7660.92,7595.0,100,1879,0.1238,0.011713
2026-09-11 09:19:14,SPX,7591.7,7660.92,7585.0,39,187,0.1269,0.011713
2026-09-11 09:19:14,SPX,7591.7,7660.92,7600.0,193,1347,0.1222,0.011713
2026-09-11 09:19:14,SPX,7591.7,7660.92,7580.0,107,379,0.1284,0.011713
2026-09-11 09:19:14,SPX,7591.7,7660.92,7605.0,142,178,0.1205,0.011713
2026-09-11 09:19:14,SPX,7591.7,7660.92,7575.0,63,1093,0.1298,0.011713
2026-09-11 09:19:14,SPX,7591.7,7660.92,7610.0,65,373,0.1188,0.011713
2026-09-11 09:19:14,SPX,7591.7,7660.92,7570.0,49,335,0.1311,0.011713
2026-09-11 09:19:14,SPX,7591.7,7660.92,7615.0,142,184,0.1174,0.011713
2026-09-11 09:19:14,SPX,7591.7,7660.92,7565.0,31,302,0.1324,0.011713
2026-09-11 09:19:14,SPX,7591.7,7660.92,7620.0,77,368,0.1159,0.011713
2026-09-11 09:19:14,SPX,7591.7,7660.92,7560.0,34,431,0.1337,0.011713
2026-09-11 09:19:14,SPX,7591.7,7660.92,7625.0,86,805,0.1144,0.011713
2026-09-11 09:19:14,SPX,7591.7,7660.92,7555.0,9,260,0.135,0.011713
2026-09-11 09:19:14,SPX,7591.7,7660.92,7630.0,119,471,0.1134,0.011713
2026-09-11 09:19:14,SPX,7591.7,7660.92,7550.0,44,3021,0.1365,0.011713
2026-09-11 09:19:14,SPX,7591.7,7660.92,7635.0,128,337,0.1115,0.011713
2026-09-11 09:19:14,SPX,7591.7,7660.92,7545.0,17,318,0.138,0.011713
2026-09-11 09:19:14,SPX,7591.7,7660.92,7640.0,191,311,0.1101,0.011713
2026-09-11 09:19:14,SPX,7591.7,7660.92,7540.0,30,428,0.1395,0.011713
2026-09-11 09:19:14,SPX,7591.7,7660.92,7645.0,86,157,0.1087,0.011713
2026-09-11 09:19:14,SPX,7591.7,7660.92,7535.0,22,472,0.1411,0.011713
2026-09-11 09:19:14,SPX,7591.7,7660.92,7650.0,1685,3419,0.1073,0.011713
2026-09-11 09:19:14,SPX,7591.7,7660.92,7530.0,30,314,0.1427,0.011713
2026-09-11 09:19:14,SPX,7591.7,7660.92,7655.0,245,216,0.1061,0.011713
2026-09-11 09:19:14,SPX,7591.7,7660.92,7525.0,90,1082,0.1442,0.011713
2026-09-11 09:19:14,SPX,7591.7,7660.92,7660.0,177,186,0.1049,0.011713
2026-09-11 09:19:14,SPX,7591.7,7660.92,7520.0,85,217,0.1458,0.011713
2026-09-11 09:19:14,SPX,7591.7,7660.92,7665.0,129,229,0.1038,0.011713
2026-09-11 09:19:14,SPX,7591.7,7660.92,7515.0,13,187,0.1473,0.011713
2026-09-11 09:19:14,SPX,7591.7,7660.92,7670.0,174,344,0.1025,0.011713
2026-09-11 09:19:14,SPX,7591.7,7660.92,7510.0,5,296,0.1488,0.011713
2026-09-11 09:19:14,SPX,7591.7,7660.92,7675.0,2907,2880,0.1013,0.011713
2026-09-11 09:19:14,SPX,7591.7,7660.92,7505.0,8,186,0.1503,0.011713
2026-09-11 09:19:14,SPX,7591.7,7660.92,7680.0,179,467,0.1,0.011713
2026-09-11 09:19:14,SPX,7591.7,7660.92,7500.0,50,2197,0.1517,0.011713
2026-09-11 09:19:14,SPX,7591.7,7660.92,7685.0,172,665,0.0988,0.011713
2026-09-11 09:19:14,SPX,7591.7,7660.92,7495.0,0,1336,0.153,0.011713
2026-09-11 09:19:14,SPX,7591.7,7660.92,7690.0,281,290,0.0974,0.011713
2026-09-11 09:19:14,SPX,7591.7,7660.92,7490.0,6,360,0.1544,0.011713
2026-09-11 09:19:14,SPX,7591.7,7660.92,7695.0,103,103,0.096,0.011713
2026-09-11 09:19:14,SPX,7591.7,7660.92,7485.0,1,216,0.1557,0.011713
2026-09-11 09:19:14,SPX,7591.7,7660.92,7700.0,3959,725,0.0948,0.011713
2026-09-11 09:19:14,SPX,7591.7,7660.92,7480.0,4,240,0.157,0.011713
2026-09-11 09:19:14,SPX,7591.7,7660.92,7705.0,272,415,0.0936,0.011713
2026-09-11 09:19:14,SPX,7591.7,7660.92,7475.0,7,399,0.1583,0.011713
2026-09-11 09:19:14,SPX,7591.7,7660.92,7710.0,916,741,0.0925,0.011713
2026-09-11 09:19:14,SPX,7591.7,7660.92,7470.0,0,249,0.1595,0.011713
2026-09-11 09:19:14,SPX,7591.7,7660.92,7715.0,216,106,0.0916,0.011713
2026-09-11 09:32:04,SPX,7657.57,7638.84,7660.0,3023,851,0.1901,0.000738
2026-09-11 09:32:04,SPX,7657.57,7638.84,7655.0,1385,1320,0.1945,0.000738
2026-09-11 09:32:04,SPX,7657.57,7638.84,7665.0,2091,955,0.1875,0.000738
2026-09-11 09:32:04,SPX,7657.57,7638.84,7650.0,3759,4428,0.1967,0.000738
2026-09-11 09:32:04,SPX,7657.57,7638.84,7670.0,2185,745,0.1842,0.000738
2026-09-11 09:32:04,SPX,7657.57,7638.84,7645.0,1683,1482,0.2017,0.000738
2026-09-11 09:32:04,SPX,7657.57,7638.84,7675.0,4510,1166,0.1812,0.000738
2026-09-11 09:32:04,SPX,7657.57,7638.84,7640.0,1084,795,0.2057,0.000738
2026-09-11 09:32:04,SPX,7657.57,7638.84,7680.0,2455,1433,0.1784,0.000738
2026-09-11 09:32:04,SPX,7657.57,7638.84,7635.0,2909,1155,0.2094,0.000738
2026-09-11 09:32:04,SPX,7657.57,7638.84,7685.0,3231,726,0.1758,0.000738
2026-09-11 09:32:04,SPX,7657.57,7638.84,7630.0,2948,1752,0.2117,0.000738
2026-09-11 09:32:04,SPX,7657.57,7638.84,7690.0,2244,942,0.1733,0.000738
2026-09-11 09:32:04,SPX,7657.57,7638.84,7625.0,1353,1794,0.2176,0.000738
2026-09-11 09:32:04,SPX,7657.57,7638.84,7695.0,1749,582,0.1713,0.000738
2026-09-11 09:32:04,SPX,7657.57,7638.84,7620.0,1249,987,0.2194,0.000738
2026-09-11 09:32:04,SPX,7657.57,7638.84,7700.0,6357,4328,0.17,0.000738
2026-09-11 09:32:04,SPX,7657.57,7638.84,7615.0,648,1129,0.2246,0.000738
2026-09-11 09:32:04,SPX,7657.57,7638.84,7705.0,2698,885,0.1701,0.000738
2026-09-11 09:32:04,SPX,7657.57,7638.84,7610.0,724,1497,0.2299,0.000738
2026-09-11 09:32:04,SPX,7657.57,7638.84,7710.0,2103,1189,0.171,0.000738
2026-09-11 09:32:04,SPX,7657.57,7638.84,7605.0,872,1068,0.235,0.000738
2026-09-11 09:32:04,SPX,7657.57,7638.84,7715.0,2016,1188,0.1725,0.000738
2026-09-11 09:32:04,SPX,7657.57,7638.84,7600.0,4184,4794,0.2374,0.000738
2026-09-11 09:32:04,SPX,7657.57,7638.84,7720.0,5297,634,0.1745,0.000738
2026-09-11 09:32:04,SPX,7657.57,7638.84,7595.0,1369,1952,0.2424,0.000738
2026-09-11 09:32:04,SPX,7657.57,7638.84,7725.0,4079,2188,0.1767,0.000738
2026-09-11 09:32:04,SPX,7657.57,7638.84,7590.0,1277,3428,0.2466,0.000738
2026-09-11 09:32:04,SPX,7657.57,7638.84,7730.0,1933,620,0.179,0.000738
2026-09-11 09:32:04,SPX,7657.57,7638.84,7585.0,578,1505,0.2507,0.000738
2026-09-11 09:32:04,SPX,7657.57,7638.84,7735.0,1135,390,0.1819,0.000738
2026-09-11 09:32:04,SPX,7657.57,7638.84,7580.0,741,2559,0.255,0.000738
2026-09-11 09:32:04,SPX,7657.57,7638.84,7740.0,1625,773,0.1854,0.000738
2026-09-11 09:32:04,SPX,7657.57,7638.84,7575.0,799,2389,0.2601,0.000738
2026-09-11 09:32:04,SPX,7657.57,7638.84,7745.0,3157,4140,0.1897,0.000738
2026-09-11 09:32:04,SPX,7657.57,7638.84,7570.0,192,3828,0.2665,0.000738
2026-09-11 09:32:04,SPX,7657.57,7638.84,7750.0,17569,6953,0.1946,0.000738
2026-09-11 09:32:04,SPX,7657.57,7638.84,7565.0,228,1269,0.2723,0.000738
2026-09-11 09:32:04,SPX,7657.57,7638.84,7755.0,12779,3132,0.1999,0.000738
2026-09-11 09:32:04,SPX,7657.57,7638.84,7560.0,327,1825,0.2778,0.000738
2026-09-11 09:32:04,SPX,7657.57,7638.84,7760.0,4315,210,0.2054,0.000738
2026-09-11 09:32:04,SPX,7657.57,7638.84,7555.0,154,2406,0.2821,0.000738
2026-09-11 09:32:04,SPX,7657.57,7638.84,7765.0,4239,118,0.2111,0.000738
2026-09-11 09:32:04,SPX,7657.57,7638.84,7550.0,413,8096,0.2866,0.000738
2026-09-11 09:32:04,SPX,7657.57,7638.84,7770.0,2823,238,0.2173,0.000738
2026-09-11 09:32:04,SPX,7657.57,7638.84,7545.0,38,3911,0.2916,0.000738
2026-09-11 09:32:04,SPX,7657.57,7638.84,7775.0,10979,944,0.2241,0.000738
2026-09-11 09:32:04,SPX,7657.57,7638.84,7540.0,256,3113,0.2967,0.000738
2026-09-11 09:32:04,SPX,7657.57,7638.84,7780.0,7029,424,0.2315,0.000738
2026-09-11 09:32:04,SPX,7657.57,7638.84,7535.0,671,3244,0.3025,0.000738
2026-09-11 09:32:04,SPX,7657.57,7638.84,7660.0,250,124,0.0949,0.008951
2026-09-11 09:32:04,SPX,7657.57,7638.84,7655.0,235,188,0.0961,0.008951
2026-09-11 09:32:04,SPX,7657.57,7638.84,7665.0,254,160,0.0938,0.008951
2026-09-11 09:32:04,SPX,7657.57,7638.84,7650.0,689,479,0.0972,0.008951
2026-09-11 09:32:04,SPX,7657.57,7638.84,7670.0,804,263,0.0923,0.008951
2026-09-11 09:32:04,SPX,7657.57,7638.84,7645.0,182,310,0.0984,0.008951
2026-09-11 09:32:04,SPX,7657.57,7638.84,7675.0,1878,1298,0.0909,0.008951
2026-09-11 09:32:04,SPX,7657.57,7638.84,7640.0,200,323,0.0999,0.008951
2026-09-11 09:32:04,SPX,7657.57,7638.84,7680.0,546,282,0.0895,0.008951
2026-09-11 09:32:04,SPX,7657.57,7638.84,7635.0,182,220,0.1019,0.008951
2026-09-11 09:32:04,SPX,7657.57,7638.84,7685.0,273,230,0.0881,0.008951
2026-09-11 09:32:04,SPX,7657.57,7638.84,7630.0,264,394,0.1035,0.008951
2026-09-11 09:32:04,SPX,7657.57,7638.84,7690.0,476,211,0.0867,0.008951
2026-09-11 09:32:04,SPX,7657.57,7638.84,7625.0,501,685,0.1046,0.008951
2026-09-11 09:32:04,SPX,7657.57,7638.84,7695.0,338,80,0.0856,0.008951
2026-09-11 09:32:04,SPX,7657.57,7638.84,7620.0,131,585,0.1056,0.008951
2026-09-11 09:32:04,SPX,7657.57,7638.84,7700.0,1626,1747,0.0846,0.008951
2026-09-11 09:32:04,SPX,7657.57,7638.84,7615.0,337,242,0.107,0.008951
2026-09-11 09:32:04,SPX,7657.57,7638.84,7705.0,533,1534,0.0837,0.008951
2026-09-11 09:32:04,SPX,7657.57,7638.84,7610.0,352,322,0.1089,0.008951
2026-09-11 09:32:04,SPX,7657.57,7638.84,7710.0,476,210,0.0829,0.008951
2026-09-11 09:32:04,SPX,7657.57,7638.84,7605.0,175,382,0.111,0.008951
2026-09-11 09:32:04,SPX,7657.57,7638.84,7715.0,285,63,0.0821,0.008951
2026-09-11 09:32:04,SPX,7657.57,7638.84,7600.0,738,2009,0.1126,0.008951
2026-09-11 09:32:04,SPX,7657.57,7638.84,7720.0,3532,110,0.0814,0.008951
2026-09-11 09:32:04,SPX,7657.57,7638.84,7595.0,116,321,0.1138,0.008951
2026-09-11 09:32:04,SPX,7657.57,7638.84,7725.0,1765,322,0.0807,0.008951
2026-09-11 09:32:04,SPX,7657.57,7638.84,7590.0,87,929,0.1149,0.008951
2026-09-11 09:32:04,SPX,7657.57,7638.84,7730.0,2512,1601,0.0801,0.008951
2026-09-11 09:32:04,SPX,7657.57,7638.84,7585.0,184,514,0.1164,0.008951
2026-09-11 09:32:04,SPX,7657.57,7638.84,7735.0,466,96,0.0796,0.008951
2026-09-11 09:32:04,SPX,7657.57,7638.84,7580.0,79,1654,0.1175,0.008951
2026-09-11 09:32:04,SPX,7657.57,7638.84,7740.0,572,86,0.0792,0.008951
2026-09-11 09:32:04,SPX,7657.57,7638.84,7575.0,263,1392,0.1189,0.008951
2026-09-11 09:32:04,SPX,7657.57,7638.84,7745.0,300,35,0.0789,0.008951
2026-09-11 09:32:04,SPX,7657.57,7638.84,7570.0,38,471,0.1207,0.008951
2026-09-11 09:32:04,SPX,7657.57,7638.84,7750.0,1765,383,0.0787,0.008951
2026-09-11 09:32:04,SPX,7657.57,7638.84,7565.0,68,381,0.1223,0.008951
2026-09-11 09:32:04,SPX,7657.57,7638.84,7755.0,2101,22,0.0787,0.008951
2026-09-11 09:32:04,SPX,7657.57,7638.84,7560.0,59,268,0.1243,0.008951
2026-09-11 09:32:04,SPX,7657.57,7638.84,7760.0,328,107,0.0788,0.008951
2026-09-11 09:32:04,SPX,7657.57,7638.84,7555.0,33,303,0.1261,0.008951
2026-09-11 09:32:04,SPX,7657.57,7638.84,7765.0,629,31,0.079,0.008951
2026-09-11 09:32:04,SPX,7657.57,7638.84,7550.0,60,731,0.1276,0.008951
2026-09-11 09:32:04,SPX,7657.57,7638.84,7770.0,747,108,0.0794,0.008951
2026-09-11 09:32:04,SPX,7657.57,7638.84,7545.0,21,1520,0.129,0.008951
2026-09-11 09:32:04,SPX,7657.57,7638.84,7775.0,951,68,0.0799,0.008951
2026-09-11 09:32:04,SPX,7657.57,7638.84,7540.0,25,1081,0.1301,0.008951
2026-09-11 09:32:04,SPX,7657.57,7638.84,7780.0,467,77,0.0806,0.008951
2026-09-11 09:32:04,SPX,7657.57,7638.84,7535.0,10,1507,0.131,0.008951
2026-09-11 09:32:04,SPX,7657.57,7638.84,7660.0,177,186,0.1023,0.011689
2026-09-11 09:32:04,SPX,7657.57,7638.84,7655.0,245,216,0.1035,0.011689
2026-09-11 09:32:04,SPX,7657.57,7638.84,7665.0,129,229,0.1012,0.011689
2026-09-11 09:32:04,SPX,7657.57,7638.84,7650.0,1685,3419,0.1048,0.011689
2026-09-11 09:32:04,SPX,7657.57,7638.84,7670.0,174,344,0.1,0.011689
2026-09-11 09:32:04,SPX,7657.57,7638.84,7645.0,86,157,0.1059,0.011689
2026-09-11 09:32:04,SPX,7657.57,7638.84,7675.0,2907,2880,0.0988,0.011689
2026-09-11 09:32:04,SPX,7657.57,7638.84,7640.0,191,311,0.107,0.011689
2026-09-11 09:32:04,SPX,7657.57,7638.84,7680.0,179,467,0.0974,0.011689
2026-09-11 09:32:04,SPX,7657.57,7638.84,7635.0,128,337,0.1082,0.011689
2026-09-11 09:32:04,SPX,7657.57,7638.84,7685.0,172,665,0.096,0.011689
2026-09-11 09:32:04,SPX,7657.57,7638.84,7630.0,119,471,0.1099,0.011689
2026-09-11 09:32:04,SPX,7657.57,7638.84,7690.0,281,290,0.0947,0.011689
2026-09-11 09:32:04,SPX,7657.57,7638.84,7625.0,86,805,0.1111,0.011689
2026-09-11 09:32:04,SPX,7657.57,7638.84,7695.0,103,103,0.0934,0.011689
2026-09-11 09:32:04,SPX,7657.57,7638.84,7620.0,77,368,0.1125,0.011689
2026-09-11 09:32:04,SPX,7657.57,7638.84,7700.0,3959,725,0.0923,0.011689
2026-09-11 09:32:04,SPX,7657.57,7638.84,7615.0,142,184,0.1137,0.011689
2026-09-11 09:32:04,SPX,7657.57,7638.84,7705.0,272,415,0.0913,0.011689
2026-09-11 09:32:04,SPX,7657.57,7638.84,7610.0,65,373,0.1153,0.011689
2026-09-11 09:32:04,SPX,7657.57,7638.84,7710.0,916,741,0.0905,0.011689
2026-09-11 09:32:04,SPX,7657.57,7638.84,7605.0,142,178,0.117,0.011689
2026-09-11 09:32:04,SPX,7657.57,7638.84,7715.0,216,106,0.0898,0.011689
2026-09-11 09:32:04,SPX,7657.57,7638.84,7600.0,193,1347,0.1186,0.011689
2026-09-11 09:32:04,SPX,7657.57,7638.84,7720.0,637,203,0.0892,0.011689
2026-09-11 09:32:04,SPX,7657.57,7638.84,7595.0,100,1879,0.1202,0.011689
2026-09-11 09:32:04,SPX,7657.57,7638.84,7725.0,1165,193,0.0886,0.011689
2026-09-11 09:32:04,SPX,7657.57,7638.84,7590.0,53,287,0.1217,0.011689
2026-09-11 09:32:04,SPX,7657.57,7638.84,7730.0,612,181,0.0879,0.011689
2026-09-11 09:32:04,SPX,7657.57,7638.84,7585.0,39,187,0.1232,0.011689
2026-09-11 09:32:04,SPX,7657.57,7638.84,7735.0,896,20,0.0873,0.011689
2026-09-11 09:32:04,SPX,7657.57,7638.84,7580.0,107,379,0.1246,0.011689
2026-09-11 09:32:04,SPX,7657.57,7638.84,7740.0,274,69,0.0866,0.011689
2026-09-11 09:32:04,SPX,7657.57,7638.84,7575.0,63,1093,0.1259,0.011689
2026-09-11 09:32:04,SPX,7657.57,7638.84,7745.0,598,74,0.086,0.011689
2026-09-11 09:32:04,SPX,7657.57,7638.84,7570.0,49,335,0.1271,0.011689
2026-09-11 09:32:04,SPX,7657.57,7638.84,7750.0,2116,797,0.0853,0.011689
2026-09-11 09:32:04,SPX,7657.57,7638.84,7565.0,31,302,0.1283,0.011689
2026-09-11 09:32:04,SPX,7657.57,7638.84,7755.0,199,30,0.0847,0.011689
2026-09-11 09:32:04,SPX,7657.57,7638.84,7560.0,34,431,0.1296,0.011689
2026-09-11 09:32:04,SPX,7657.57,7638.84,7760.0,439,61,0.0842,0.011689
2026-09-11 09:32:04,SPX,7657.57,7638.84,7555.0,9,260,0.1309,0.011689
2026-09-11 09:32:04,SPX,7657.57,7638.84,7765.0,367,11,0.0838,0.011689
2026-09-11 09:32:04,SPX,7657.57,7638.84,7550.0,44,3021,0.1324,0.011689
2026-09-11 09:32:04,SPX,7657.57,7638.84,7770.0,332,35,0.0835,0.011689
2026-09-11 09:32:04,SPX,7657.57,7638.84,7545.0,17,318,0.1338,0.011689
2026-09-11 09:32:04,SPX,7657.57,7638.84,7775.0,975,23,0.0834,0.011689
2026-09-11 09:32:04,SPX,7657.57,7638.84,7540.0,30,428,0.1354,0.011689
2026-09-11 09:32:04,SPX,7657.57,7638.84,7780.0,563,122,0.0833,0.011689
2026-09-11 09:32:04,SPX,7657.57,7638.84,7535.0,22,472,0.137,0.011689
2026-09-11 10:02:30,SPX,7673.96,7637.29,7675.0,4510,1166,0.1587,0.00068
2026-09-11 10:02:30,SPX,7673.96,7637.29,7670.0,2185,745,0.1627,0.00068
2026-09-11 10:02:30,SPX,7673.96,7637.29,7680.0,2455,1433,0.1557,0.00068
2026-09-11 10:02:30,SPX,7673.96,7637.29,7665.0,2091,955,0.1667,0.00068
2026-09-11 10:02:30,SPX,7673.96,7637.29,7685.0,3231,726,0.1527,0.00068
2026-09-11 10:02:30,SPX,7673.96,7637.29,7660.0,3023,851,0.1712,0.00068
2026-09-11 10:02:30,SPX,7673.96,7637.29,7690.0,2244,942,0.1505,0.00068
2026-09-11 10:02:30,SPX,7673.96,7637.29,7655.0,1385,1320,0.1767,0.00068
2026-09-11 10:02:30,SPX,7673.96,7637.29,7695.0,1749,582,0.149,0.00068
2026-09-11 10:02:30,SPX,7673.96,7637.29,7650.0,3759,4428,0.1809,0.00068
2026-09-11 10:02:30,SPX,7673.96,7637.29,7700.0,6357,4328,0.1487,0.00068
2026-09-11 10:02:30,SPX,7673.96,7637.29,7645.0,1683,1482,0.1866,0.00068
2026-09-11 10:02:30,SPX,7673.96,7637.29,7705.0,2698,885,0.1484,0.00068
2026-09-11 10:02:30,SPX,7673.96,7637.29,7640.0,1084,795,0.1909,0.00068
2026-09-11 10:02:30,SPX,7673.96,7637.29,7710.0,2103,1189,0.1481,0.00068
2026-09-11 10:02:30,SPX,7673.96,7637.29,7635.0,2909,1155,0.1962,0.00068
2026-09-11 10:02:30,SPX,7673.96,7637.29,7715.0,2016,1188,0.1498,0.00068
2026-09-11 10:02:30,SPX,7673.96,7637.29,7630.0,2948,1752,0.2015,0.00068
2026-09-11 10:02:30,SPX,7673.96,7637.29,7720.0,5297,634,0.1528,0.00068
2026-09-11 10:02:30,SPX,7673.96,7637.29,7625.0,1353,1794,0.2072,0.00068
2026-09-11 10:02:30,SPX,7673.96,7637.29,7725.0,4079,2188,0.1568,0.00068
2026-09-11 10:02:30,SPX,7673.96,7637.29,7620.0,1249,987,0.2129,0.00068
2026-09-11 10:02:30,SPX,7673.96,7637.29,7730.0,1933,620,0.1612,0.00068
2026-09-11 10:02:30,SPX,7673.96,7637.29,7615.0,648,1129,0.2194,0.00068
2026-09-11 10:02:30,SPX,7673.96,7637.29,7735.0,1135,390,0.1659,0.00068
2026-09-11 10:02:30,SPX,7673.96,7637.29,7610.0,724,1497,0.2248,0.00068
2026-09-11 10:02:30,SPX,7673.96,7637.29,7740.0,1625,773,0.1709,0.00068
2026-09-11 10:02:30,SPX,7673.96,7637.29,7605.0,872,1068,0.2308,0.00068
2026-09-11 10:02:30,SPX,7673.96,7637.29,7745.0,3157,4140,0.1762,0.00068
2026-09-11 10:02:30,SPX,7673.96,7637.29,7600.0,4184,4794,0.2356,0.00068
2026-09-11 10:02:30,SPX,7673.96,7637.29,7750.0,17569,6953,0.1816,0.00068
2026-09-11 10:02:30,SPX,7673.96,7637.29,7595.0,1369,1952,0.2435,0.00068
2026-09-11 10:02:30,SPX,7673.96,7637.29,7755.0,12779,3132,0.187,0.00068
2026-09-11 10:02:30,SPX,7673.96,7637.29,7590.0,1277,3428,0.2524,0.00068
2026-09-11 10:02:30,SPX,7673.96,7637.29,7760.0,4315,210,0.1926,0.00068
2026-09-11 10:02:30,SPX,7673.96,7637.29,7585.0,578,1505,0.2547,0.00068
2026-09-11 10:02:30,SPX,7673.96,7637.29,7765.0,4239,118,0.1983,0.00068
2026-09-11 10:02:30,SPX,7673.96,7637.29,7580.0,741,2559,0.2625,0.00068
2026-09-11 10:02:30,SPX,7673.96,7637.29,7770.0,2823,238,0.2043,0.00068
2026-09-11 10:02:30,SPX,7673.96,7637.29,7575.0,799,2389,0.2684,0.00068
2026-09-11 10:02:30,SPX,7673.96,7637.29,7775.0,10979,944,0.2107,0.00068
2026-09-11 10:02:30,SPX,7673.96,7637.29,7570.0,192,3828,0.2766,0.00068
2026-09-11 10:02:30,SPX,7673.96,7637.29,7780.0,7029,424,0.2176,0.00068
2026-09-11 10:02:30,SPX,7673.96,7637.29,7565.0,228,1269,0.2835,0.00068
2026-09-11 10:02:30,SPX,7673.96,7637.29,7785.0,1461,91,0.2246,0.00068
2026-09-11 10:02:30,SPX,7673.96,7637.29,7560.0,327,1825,0.2885,0.00068
2026-09-11 10:02:30,SPX,7673.96,7637.29,7790.0,1131,230,0.2317,0.00068
2026-09-11 10:02:30,SPX,7673.96,7637.29,7555.0,154,2406,0.2958,0.00068
2026-09-11 10:02:30,SPX,7673.96,7637.29,7795.0,1324,26,0.2389,0.00068
2026-09-11 10:02:30,SPX,7673.96,7637.29,7550.0,413,8096,0.3016,0.00068
2026-09-11 10:02:30,SPX,7673.96,7637.29,7675.0,1878,1298,0.0846,0.008893
2026-09-11 10:02:30,SPX,7673.96,7637.29,7670.0,804,263,0.0858,0.008893
2026-09-11 10:02:30,SPX,7673.96,7637.29,7680.0,546,282,0.0833,0.008893
2026-09-11 10:02:30,SPX,7673.96,7637.29,7665.0,254,160,0.0869,0.008893
2026-09-11 10:02:30,SPX,7673.96,7637.29,7685.0,273,230,0.0821,0.008893
2026-09-11 10:02:30,SPX,7673.96,7637.29,7660.0,250,124,0.0884,0.008893
2026-09-11 10:02:30,SPX,7673.96,7637.29,7690.0,476,211,0.081,0.008893
2026-09-11 10:02:30,SPX,7673.96,7637.29,7655.0,235,188,0.0898,0.008893
2026-09-11 10:02:30,SPX,7673.96,7637.29,7695.0,338,80,0.0799,0.008893
2026-09-11 10:02:30,SPX,7673.96,7637.29,7650.0,689,479,0.0918,0.008893
2026-09-11 10:02:30,SPX,7673.96,7637.29,7700.0,1626,1747,0.0788,0.008893
2026-09-11 10:02:30,SPX,7673.96,7637.29,7645.0,182,310,0.0936,0.008893
2026-09-11 10:02:30,SPX,7673.96,7637.29,7705.0,533,1534,0.0774,0.008893
2026-09-11 10:02:30,SPX,7673.96,7637.29,7640.0,200,323,0.0953,0.008893
2026-09-11 10:02:30,SPX,7673.96,7637.29,7710.0,476,210,0.0761,0.008893
2026-09-11 10:02:30,SPX,7673.96,7637.29,7635.0,182,220,0.0968,0.008893
2026-09-11 10:02:30,SPX,7673.96,7637.29,7715.0,285,63,0.0751,0.008893
2026-09-11 10:02:30,SPX,7673.96,7637.29,7630.0,264,394,0.0981,0.008893
2026-09-11 10:02:30,SPX,7673.96,7637.29,7720.0,3532,110,0.0743,0.008893
2026-09-11 10:02:30,SPX,7673.96,7637.29,7625.0,501,685,0.0994,0.008893
2026-09-11 10:02:30,SPX,7673.96,7637.29,7725.0,1765,322,0.0736,0.008893
2026-09-11 10:02:30,SPX,7673.96,7637.29,7620.0,131,585,0.1009,0.008893
2026-09-11 10:02:30,SPX,7673.96,7637.29,7730.0,2512,1601,0.0731,0.008893
2026-09-11 10:02:30,SPX,7673.96,7637.29,7615.0,337,242,0.1025,0.008893
2026-09-11 10:02:30,SPX,7673.96,7637.29,7735.0,466,96,0.0727,0.008893
2026-09-11 10:02:30,SPX,7673.96,7637.29,7610.0,352,322,0.1042,0.008893
2026-09-11 10:02:30,SPX,7673.96,7637.29,7740.0,572,86,0.0723,0.008893
2026-09-11 10:02:30,SPX,7673.96,7637.29,7605.0,175,382,0.1061,0.008893
2026-09-11 10:02:30,SPX,7673.96,7637.29,7745.0,300,35,0.072,0.008893
2026-09-11 10:02:30,SPX,7673.96,7637.29,7600.0,738,2009,0.1079,0.008893
2026-09-11 10:02:30,SPX,7673.96,7637.29,7750.0,1765,383,0.0717,0.008893
2026-09-11 10:02:30,SPX,7673.96,7637.29,7595.0,116,321,0.1096,0.008893
2026-09-11 10:02:30,SPX,7673.96,7637.29,7755.0,2101,22,0.0716,0.008893
2026-09-11 10:02:30,SPX,7673.96,7637.29,7590.0,87,929,0.1112,0.008893
2026-09-11 10:02:30,SPX,7673.96,7637.29,7760.0,328,107,0.0714,0.008893
2026-09-11 10:02:30,SPX,7673.96,7637.29,7585.0,184,514,0.1127,0.008893
2026-09-11 10:02:30,SPX,7673.96,7637.29,7765.0,629,31,0.0715,0.008893
2026-09-11 10:02:30,SPX,7673.96,7637.29,7580.0,79,1654,0.1135,0.008893
2026-09-11 10:02:30,SPX,7673.96,7637.29,7770.0,747,108,0.0716,0.008893
2026-09-11 10:02:30,SPX,7673.96,7637.29,7575.0,263,1392,0.115,0.008893
2026-09-11 10:02:30,SPX,7673.96,7637.29,7775.0,951,68,0.0719,0.008893
2026-09-11 10:02:30,SPX,7673.96,7637.29,7570.0,38,471,0.1168,0.008893
2026-09-11 10:02:30,SPX,7673.96,7637.29,7780.0,467,77,0.0724,0.008893
2026-09-11 10:02:30,SPX,7673.96,7637.29,7565.0,68,381,0.1185,0.008893
2026-09-11 10:02:30,SPX,7673.96,7637.29,7785.0,824,18,0.0731,0.008893
2026-09-11 10:02:30,SPX,7673.96,7637.29,7560.0,59,268,0.1202,0.008893
2026-09-11 10:02:30,SPX,7673.96,7637.29,7790.0,539,59,0.074,0.008893
2026-09-11 10:02:30,SPX,7673.96,7637.29,7555.0,33,303,0.1223,0.008893
2026-09-11 10:02:30,SPX,7673.96,7637.29,7795.0,362,3,0.0751,0.008893
2026-09-11 10:02:30,SPX,7673.96,7637.29,7550.0,60,731,0.1241,0.008893
2026-09-11 10:02:30,SPX,7673.96,7637.29,7675.0,2907,2880,0.0945,0.011631
2026-09-11 10:02:30,SPX,7673.96,7637.29,7670.0,174,344,0.0957,0.011631
2026-09-11 10:02:30,SPX,7673.96,7637.29,7680.0,179,467,0.0934,0.011631
2026-09-11 10:02:30,SPX,7673.96,7637.29,7665.0,129,229,0.0971,0.011631
2026-09-11 10:02:30,SPX,7673.96,7637.29,7685.0,172,665,0.0923,0.011631
2026-09-11 10:02:30,SPX,7673.96,7637.29,7660.0,177,186,0.0984,0.011631
2026-09-11 10:02:30,SPX,7673.96,7637.29,7690.0,281,290,0.0912,0.011631
2026-09-11 10:02:30,SPX,7673.96,7637.29,7655.0,245,216,0.0997,0.011631
2026-09-11 10:02:30,SPX,7673.96,7637.29,7695.0,103,103,0.0902,0.011631
2026-09-11 10:02:30,SPX,7673.96,7637.29,7650.0,1685,3419,0.1012,0.011631
2026-09-11 10:02:30,SPX,7673.96,7637.29,7700.0,3959,725,0.0891,0.011631
2026-09-11 10:02:30,SPX,7673.96,7637.29,7645.0,86,157,0.1025,0.011631
2026-09-11 10:02:30,SPX,7673.96,7637.29,7705.0,272,415,0.0879,0.011631
2026-09-11 10:02:30,SPX,7673.96,7637.29,7640.0,191,311,0.1043,0.011631
2026-09-11 10:02:30,SPX,7673.96,7637.29,7710.0,916,741,0.0867,0.011631
2026-09-11 10:02:30,SPX,7673.96,7637.29,7635.0,128,337,0.1055,0.011631
2026-09-11 10:02:30,SPX,7673.96,7637.29,7715.0,216,106,0.0856,0.011631
2026-09-11 10:02:30,SPX,7673.96,7637.29,7630.0,119,471,0.107,0.011631
2026-09-11 10:02:30,SPX,7673.96,7637.29,7720.0,637,203,0.0846,0.011631
2026-09-11 10:02:30,SPX,7673.96,7637.29,7625.0,86,805,0.1084,0.011631
2026-09-11 10:02:30,SPX,7673.96,7637.29,7725.0,1165,193,0.0837,0.011631
2026-09-11 10:02:30,SPX,7673.96,7637.29,7620.0,77,368,0.1095,0.011631
2026-09-11 10:02:30,SPX,7673.96,7637.29,7730.0,612,181,0.0831,0.011631
2026-09-11 10:02:30,SPX,7673.96,7637.29,7615.0,142,184,0.1111,0.011631
2026-09-11 10:02:30,SPX,7673.96,7637.29,7735.0,896,20,0.0825,0.011631
2026-09-11 10:02:30,SPX,7673.96,7637.29,7610.0,65,373,0.1125,0.011631
2026-09-11 10:02:30,SPX,7673.96,7637.29,7740.0,274,69,0.0819,0.011631
2026-09-11 10:02:30,SPX,7673.96,7637.29,7605.0,142,178,0.1141,0.011631
2026-09-11 10:02:30,SPX,7673.96,7637.29,7745.0,598,74,0.0814,0.011631
2026-09-11 10:02:30,SPX,7673.96,7637.29,7600.0,193,1347,0.1158,0.011631
2026-09-11 10:02:30,SPX,7673.96,7637.29,7750.0,2116,797,0.0809,0.011631
2026-09-11 10:02:30,SPX,7673.96,7637.29,7595.0,100,1879,0.1174,0.011631
2026-09-11 10:02:30,SPX,7673.96,7637.29,7755.0,199,30,0.0804,0.011631
2026-09-11 10:02:30,SPX,7673.96,7637.29,7590.0,53,287,0.1191,0.011631
2026-09-11 10:02:30,SPX,7673.96,7637.29,7760.0,439,61,0.0798,0.011631
2026-09-11 10:02:30,SPX,7673.96,7637.29,7585.0,39,187,0.1207,0.011631
2026-09-11 10:02:30,SPX,7673.96,7637.29,7765.0,367,11,0.0793,0.011631
2026-09-11 10:02:30,SPX,7673.96,7637.29,7580.0,107,379,0.1221,0.011631
2026-09-11 10:02:30,SPX,7673.96,7637.29,7770.0,332,35,0.0789,0.011631
2026-09-11 10:02:30,SPX,7673.96,7637.29,7575.0,63,1093,0.1235,0.011631
2026-09-11 10:02:30,SPX,7673.96,7637.29,7775.0,975,23,0.0786,0.011631
2026-09-11 10:02:30,SPX,7673.96,7637.29,7570.0,49,335,0.1248,0.011631
2026-09-11 10:02:30,SPX,7673.96,7637.29,7780.0,563,122,0.0783,0.011631
2026-09-11 10:02:30,SPX,7673.96,7637.29,7565.0,31,302,0.1262,0.011631
2026-09-11 10:02:30,SPX,7673.96,7637.29,7785.0,346,7,0.0782,0.011631
2026-09-11 10:02:30,SPX,7673.96,7637.29,7560.0,34,431,0.1275,0.011631
2026-09-11 10:02:30,SPX,7673.96,7637.29,7790.0,303,67,0.0783,0.011631
2026-09-11 10:02:30,SPX,7673.96,7637.29,7555.0,9,260,0.129,0.011631
2026-09-11 10:02:30,SPX,7673.96,7637.29,7795.0,232,0,0.0785,0.011631
2026-09-11 10:02:30,SPX,7673.96,7637.29,7550.0,44,3021,0.1304,0.011631
2026-09-11 10:32:53,SPX,7664.79,7640.55,7665.0,2091,955,0.1506,0.000622
2026-09-11 10:32:53,SPX,7664.79,7640.55,7660.0,3023,851,0.1548,0.000622
2026-09-11 10:32:53,SPX,7664.79,7640.55,7670.0,2185,745,0.1472,0.000622
2026-09-11 10:32:53,SPX,7664.79,7640.55,7655.0,1385,1320,0.16,0.000622
2026-09-11 10:32:53,SPX,7664.79,7640.55,7675.0,4510,1166,0.1435,0.000622
2026-09-11 10:32:53,SPX,7664.79,7640.55,7650.0,3759,4428,0.1645,0.000622
2026-09-11 10:32:53,SPX,7664.79,7640.55,7680.0,2455,1433,0.141,0.000622
2026-09-11 10:32:53,SPX,7664.79,7640.55,7645.0,1683,1482,0.1688,0.000622
2026-09-11 10:32:53,SPX,7664.79,7640.55,7685.0,3231,726,0.1386,0.000622
2026-09-11 10:32:53,SPX,7664.79,7640.55,7640.0,1084,795,0.1749,0.000622
2026-09-11 10:32:53,SPX,7664.79,7640.55,7690.0,2244,942,0.1371,0.000622
2026-09-11 10:32:53,SPX,7664.79,7640.55,7635.0,2909,1155,0.1801,0.000622
2026-09-11 10:32:53,SPX,7664.79,7640.55,7695.0,1749,582,0.1368,0.000622
2026-09-11 10:32:53,SPX,7664.79,7640.55,7630.0,2948,1752,0.1857,0.000622
2026-09-11 10:32:53,SPX,7664.79,7640.55,7700.0,6357,4328,0.137,0.000622
2026-09-11 10:32:53,SPX,7664.79,7640.55,7625.0,1353,1794,0.1911,0.000622
2026-09-11 10:32:53,SPX,7664.79,7640.55,7705.0,2698,885,0.1385,0.000622
2026-09-11 10:32:53,SPX,7664.79,7640.55,7620.0,1249,987,0.1971,0.000622
2026-09-11 10:32:53,SPX,7664.79,7640.55,7710.0,2103,1189,0.1417,0.000622
2026-09-11 10:32:53,SPX,7664.79,7640.55,7615.0,648,1129,0.2025,0.000622
2026-09-11 10:32:53,SPX,7664.79,7640.55,7715.0,2016,1188,0.1464,0.000622
2026-09-11 10:32:53,SPX,7664.79,7640.55,7610.0,724,1497,0.2083,0.000622
2026-09-11 10:32:53,SPX,7664.79,7640.55,7720.0,5297,634,0.1518,0.000622
2026-09-11 10:32:53,SPX,7664.79,7640.55,7605.0,872,1068,0.2177,0.000622
2026-09-11 10:32:53,SPX,7664.79,7640.55,7725.0,4079,2188,0.1578,0.000622
2026-09-11 10:32:53,SPX,7664.79,7640.55,7600.0,4184,4794,0.2228,0.000622
2026-09-11 10:32:53,SPX,7664.79,7640.55,7730.0,1933,620,0.1644,0.000622
2026-09-11 10:32:53,SPX,7664.79,7640.55,7595.0,1369,1952,0.2292,0.000622
2026-09-11 10:32:53,SPX,7664.79,7640.55,7735.0,1135,390,0.1711,0.000622
2026-09-11 10:32:53,SPX,7664.79,7640.55,7590.0,1277,3428,0.2365,0.000622
2026-09-11 10:32:53,SPX,7664.79,7640.55,7740.0,1625,773,0.1778,0.000622
2026-09-11 10:32:53,SPX,7664.79,7640.55,7585.0,578,1505,0.2435,0.000622
2026-09-11 10:32:53,SPX,7664.79,7640.55,7745.0,3157,4140,0.1845,0.000622
2026-09-11 10:32:53,SPX,7664.79,7640.55,7580.0,741,2559,0.2525,0.000622
2026-09-11 10:32:53,SPX,7664.79,7640.55,7750.0,17569,6953,0.1913,0.000622
2026-09-11 10:32:53,SPX,7664.79,7640.55,7575.0,799,2389,0.2608,0.000622
2026-09-11 10:32:53,SPX,7664.79,7640.55,7755.0,12779,3132,0.1983,0.000622
2026-09-11 10:32:53,SPX,7664.79,7640.55,7570.0,192,3828,0.2692,0.000622
2026-09-11 10:32:53,SPX,7664.79,7640.55,7760.0,4315,210,0.2054,0.000622
2026-09-11 10:32:53,SPX,7664.79,7640.55,7565.0,228,1269,0.2777,0.000622
2026-09-11 10:32:53,SPX,7664.79,7640.55,7765.0,4239,118,0.2126,0.000622
2026-09-11 10:32:53,SPX,7664.79,7640.55,7560.0,327,1825,0.2848,0.000622
2026-09-11 10:32:53,SPX,7664.79,7640.55,7770.0,2823,238,0.2201,0.000622
2026-09-11 10:32:53,SPX,7664.79,7640.55,7555.0,154,2406,0.2909,0.000622
2026-09-11 10:32:53,SPX,7664.79,7640.55,7775.0,10979,944,0.2278,0.000622
2026-09-11 10:32:53,SPX,7664.79,7640.55,7550.0,413,8096,0.2967,0.000622
2026-09-11 10:32:53,SPX,7664.79,7640.55,7780.0,7029,424,0.237,0.000622
2026-09-11 10:32:53,SPX,7664.79,7640.55,7545.0,38,3911,0.3031,0.000622
2026-09-11 10:32:53,SPX,7664.79,7640.55,7785.0,1461,91,0.2448,0.000622
2026-09-11 10:32:53,SPX,7664.79,7640.55,7540.0,256,3113,0.3102,0.000622
2026-09-11 10:32:53,SPX,7664.79,7640.55,7665.0,254,160,0.083,0.008835
2026-09-11 10:32:53,SPX,7664.79,7640.55,7660.0,250,124,0.0844,0.008835
2026-09-11 10:32:53,SPX,7664.79,7640.55,7670.0,804,263,0.0817,0.008835
2026-09-11 10:32:53,SPX,7664.79,7640.55,7655.0,235,188,0.0856,0.008835
2026-09-11 10:32:53,SPX,7664.79,7640.55,7675.0,1878,1298,0.0805,0.008835
2026-09-11 10:32:53,SPX,7664.79,7640.55,7650.0,689,479,0.0872,0.008835
2026-09-11 10:32:53,SPX,7664.79,7640.55,7680.0,546,282,0.0794,0.008835
2026-09-11 10:32:53,SPX,7664.79,7640.55,7645.0,182,310,0.0888,0.008835
2026-09-11 10:32:53,SPX,7664.79,7640.55,7685.0,273,230,0.0784,0.008835
2026-09-11 10:32:53,SPX,7664.79,7640.55,7640.0,200,323,0.0906,0.008835
2026-09-11 10:32:53,SPX,7664.79,7640.55,7690.0,476,211,0.0773,0.008835
2026-09-11 10:32:53,SPX,7664.79,7640.55,7635.0,182,220,0.0921,0.008835
2026-09-11 10:32:53,SPX,7664.79,7640.55,7695.0,338,80,0.0763,0.008835
2026-09-11 10:32:53,SPX,7664.79,7640.55,7630.0,264,394,0.0934,0.008835
2026-09-11 10:32:53,SPX,7664.79,7640.55,7700.0,1626,1747,0.0754,0.008835
2026-09-11 10:32:53,SPX,7664.79,7640.55,7625.0,501,685,0.0946,0.008835
2026-09-11 10:32:53,SPX,7664.79,7640.55,7705.0,533,1534,0.0745,0.008835
2026-09-11 10:32:53,SPX,7664.79,7640.55,7620.0,131,585,0.0961,0.008835
2026-09-11 10:32:53,SPX,7664.79,7640.55,7710.0,476,210,0.0734,0.008835
2026-09-11 10:32:53,SPX,7664.79,7640.55,7615.0,337,242,0.0978,0.008835
2026-09-11 10:32:53,SPX,7664.79,7640.55,7715.0,285,63,0.0723,0.008835
2026-09-11 10:32:53,SPX,7664.79,7640.55,7610.0,352,322,0.0994,0.008835
2026-09-11 10:32:53,SPX,7664.79,7640.55,7720.0,3532,110,0.0714,0.008835
2026-09-11 10:32:53,SPX,7664.79,7640.55,7605.0,175,382,0.1008,0.008835
2026-09-11 10:32:53,SPX,7664.79,7640.55,7725.0,1765,322,0.0707,0.008835
2026-09-11 10:32:53,SPX,7664.79,7640.55,7600.0,738,2009,0.1022,0.008835
2026-09-11 10:32:53,SPX,7664.79,7640.55,7730.0,2512,1601,0.0702,0.008835
2026-09-11 10:32:53,SPX,7664.79,7640.55,7595.0,116,321,0.1037,0.008835
2026-09-11 10:32:53,SPX,7664.79,7640.55,7735.0,466,96,0.0699,0.008835
2026-09-11 10:32:53,SPX,7664.79,7640.55,7590.0,87,929,0.1057,0.008835
2026-09-11 10:32:53,SPX,7664.79,7640.55,7740.0,572,86,0.0697,0.008835
2026-09-11 10:32:53,SPX,7664.79,7640.55,7585.0,184,514,0.1079,0.008835
2026-09-11 10:32:53,SPX,7664.79,7640.55,7745.0,300,35,0.0696,0.008835
2026-09-11 10:32:53,SPX,7664.79,7640.55,7580.0,79,1654,0.109,0.008835
2026-09-11 10:32:53,SPX,7664.79,7640.55,7750.0,1765,383,0.0696,0.008835
2026-09-11 10:32:53,SPX,7664.79,7640.55,7575.0,263,1392,0.1102,0.008835
2026-09-11 10:32:53,SPX,7664.79,7640.55,7755.0,2101,22,0.0696,0.008835
2026-09-11 10:32:53,SPX,7664.79,7640.55,7570.0,38,471,0.1115,0.008835
2026-09-11 10:32:53,SPX,7664.79,7640.55,7760.0,328,107,0.0698,0.008835
2026-09-11 10:32:53,SPX,7664.79,7640.55,7565.0,68,381,0.1133,0.008835
2026-09-11 10:32:53,SPX,7664.79,7640.55,7765.0,629,31,0.0699,0.008835
2026-09-11 10:32:53,SPX,7664.79,7640.55,7560.0,59,268,0.1149,0.008835
2026-09-11 10:32:53,SPX,7664.79,7640.55,7770.0,747,108,0.0703,0.008835
2026-09-11 10:32:53,SPX,7664.79,7640.55,7555.0,33,303,0.1166,0.008835
2026-09-11 10:32:53,SPX,7664.79,7640.55,7775.0,951,68,0.0707,0.008835
2026-09-11 10:32:53,SPX,7664.79,7640.55,7550.0,60,731,0.1185,0.008835
2026-09-11 10:32:53,SPX,7664.79,7640.55,7780.0,467,77,0.0714,0.008835
2026-09-11 10:32:53,SPX,7664.79,7640.55,7545.0,21,1520,0.1202,0.008835
2026-09-11 10:32:53,SPX,7664.79,7640.55,7785.0,824,18,0.0723,0.008835
2026-09-11 10:32:53,SPX,7664.79,7640.55,7540.0,25,1081,0.1219,0.008835
2026-09-11 10:32:53,SPX,7664.79,7640.55,7665.0,129,229,0.0929,0.011573
2026-09-11 10:32:53,SPX,7664.79,7640.55,7660.0,177,186,0.0947,0.011573
2026-09-11 10:32:53,SPX,7664.79,7640.55,7670.0,174,344,0.0916,0.011573
2026-09-11 10:32:53,SPX,7664.79,7640.55,7655.0,245,216,0.0958,0.011573
2026-09-11 10:32:53,SPX,7664.79,7640.55,7675.0,2907,2880,0.0905,0.011573
2026-09-11 10:32:53,SPX,7664.79,7640.55,7650.0,1685,3419,0.0969,0.011573
2026-09-11 10:32:53,SPX,7664.79,7640.55,7680.0,179,467,0.0895,0.011573
2026-09-11 10:32:53,SPX,7664.79,7640.55,7645.0,86,157,0.0979,0.011573
2026-09-11 10:32:53,SPX,7664.79,7640.55,7685.0,172,665,0.0886,0.011573
2026-09-11 10:32:53,SPX,7664.79,7640.55,7640.0,191,311,0.0992,0.011573
2026-09-11 10:32:53,SPX,7664.79,7640.55,7690.0,281,290,0.0876,0.011573
2026-09-11 10:32:53,SPX,7664.79,7640.55,7635.0,128,337,0.1006,0.011573
2026-09-11 10:32:53,SPX,7664.79,7640.55,7695.0,103,103,0.0867,0.011573
2026-09-11 10:32:53,SPX,7664.79,7640.55,7630.0,119,471,0.1019,0.011573
2026-09-11 10:32:53,SPX,7664.79,7640.55,7700.0,3959,725,0.0857,0.011573
2026-09-11 10:32:53,SPX,7664.79,7640.55,7625.0,86,805,0.1033,0.011573
2026-09-11 10:32:53,SPX,7664.79,7640.55,7705.0,272,415,0.0844,0.011573
2026-09-11 10:32:53,SPX,7664.79,7640.55,7620.0,77,368,0.1048,0.011573
2026-09-11 10:32:53,SPX,7664.79,7640.55,7710.0,916,741,0.0832,0.011573
2026-09-11 10:32:53,SPX,7664.79,7640.55,7615.0,142,184,0.1066,0.011573
2026-09-11 10:32:53,SPX,7664.79,7640.55,7715.0,216,106,0.0822,0.011573
2026-09-11 10:32:53,SPX,7664.79,7640.55,7610.0,65,373,0.1077,0.011573
2026-09-11 10:32:53,SPX,7664.79,7640.55,7720.0,637,203,0.0813,0.011573
2026-09-11 10:32:53,SPX,7664.79,7640.55,7605.0,142,178,0.1091,0.011573
2026-09-11 10:32:53,SPX,7664.79,7640.55,7725.0,1165,193,0.0806,0.011573
2026-09-11 10:32:53,SPX,7664.79,7640.55,7600.0,193,1347,0.1105,0.011573
2026-09-11 10:32:53,SPX,7664.79,7640.55,7730.0,612,181,0.08,0.011573
2026-09-11 10:32:53,SPX,7664.79,7640.55,7595.0,100,1879,0.1118,0.011573
2026-09-11 10:32:53,SPX,7664.79,7640.55,7735.0,896,20,0.0795,0.011573
2026-09-11 10:32:53,SPX,7664.79,7640.55,7590.0,53,287,0.1133,0.011573
2026-09-11 10:32:53,SPX,7664.79,7640.55,7740.0,274,69,0.0791,0.011573
2026-09-11 10:32:53,SPX,7664.79,7640.55,7585.0,39,187,0.1145,0.011573
2026-09-11 10:32:53,SPX,7664.79,7640.55,7745.0,598,74,0.0786,0.011573
2026-09-11 10:32:53,SPX,7664.79,7640.55,7580.0,107,379,0.1161,0.011573
2026-09-11 10:32:53,SPX,7664.79,7640.55,7750.0,2116,797,0.0782,0.011573
2026-09-11 10:32:53,SPX,7664.79,7640.55,7575.0,63,1093,0.1176,0.011573
2026-09-11 10:32:53,SPX,7664.79,7640.55,7755.0,199,30,0.0777,0.011573
2026-09-11 10:32:53,SPX,7664.79,7640.55,7570.0,49,335,0.1193,0.011573
2026-09-11 10:32:53,SPX,7664.79,7640.55,7760.0,439,61,0.0773,0.011573
2026-09-11 10:32:53,SPX,7664.79,7640.55,7565.0,31,302,0.1209,0.011573
2026-09-11 10:32:53,SPX,7664.79,7640.55,7765.0,367,11,0.0769,0.011573
2026-09-11 10:32:53,SPX,7664.79,7640.55,7560.0,34,431,0.1225,0.011573
2026-09-11 10:32:53,SPX,7664.79,7640.55,7770.0,332,35,0.0765,0.011573
2026-09-11 10:32:53,SPX,7664.79,7640.55,7555.0,9,260,0.1239,0.011573
2026-09-11 10:32:53,SPX,7664.79,7640.55,7775.0,975,23,0.0764,0.011573
2026-09-11 10:32:53,SPX,7664.79,7640.55,7550.0,44,3021,0.1251,0.011573
2026-09-11 10:32:53,SPX,7664.79,7640.55,7780.0,563,122,0.0763,0.011573
2026-09-11 10:32:53,SPX,7664.79,7640.55,7545.0,17,318,0.1263,0.011573
2026-09-11 10:32:53,SPX,7664.79,7640.55,7785.0,346,7,0.0764,0.011573
2026-09-11 10:32:53,SPX,7664.79,7640.55,7540.0,30,428,0.1276,0.011573
2026-09-11 11:03:18,SPX,7656.07,7638.14,7655.0,1385,1320,0.1528,0.000564
2026-09-11 11:03:18,SPX,7656.07,7638.14,7660.0,3023,851,0.1491,0.000564
2026-09-11 11:03:18,SPX,7656.07,7638.14,7650.0,3759,4428,0.1569,0.000564
2026-09-11 11:03:18,SPX,7656.07,7638.14,7665.0,2091,955,0.1455,0.000564
2026-09-11 11:03:18,SPX,7656.07,7638.14,7645.0,1683,1482,0.1618,0.000564
2026-09-11 11:03:18,SPX,7656.07,7638.14,7670.0,2185,745,0.1425,0.000564
2026-09-11 11:03:18,SPX,7656.07,7638.14,7640.0,1084,795,0.1659,0.000564
2026-09-11 11:03:18,SPX,7656.07,7638.14,7675.0,4510,1166,0.1418,0.000564
2026-09-11 11:03:18,SPX,7656.07,7638.14,7635.0,2909,1155,0.1709,0.000564
2026-09-11 11:03:18,SPX,7656.07,7638.14,7680.0,2455,1433,0.1406,0.000564
2026-09-11 11:03:18,SPX,7656.07,7638.14,7630.0,2948,1752,0.1758,0.000564
2026-09-11 11:03:18,SPX,7656.07,7638.14,7685.0,3231,726,0.1414,0.000564
2026-09-11 11:03:18,SPX,7656.07,7638.14,7625.0,1353,1794,0.181,0.000564
2026-09-11 11:03:18,SPX,7656.07,7638.14,7690.0,2244,942,0.1431,0.000564
2026-09-11 11:03:18,SPX,7656.07,7638.14,7620.0,1249,987,0.186,0.000564
2026-09-11 11:03:18,SPX,7656.07,7638.14,7695.0,1749,582,0.1467,0.000564
2026-09-11 11:03:18,SPX,7656.07,7638.14,7615.0,648,1129,0.1921,0.000564
2026-09-11 11:03:18,SPX,7656.07,7638.14,7700.0,6357,4328,0.1507,0.000564
2026-09-11 11:03:18,SPX,7656.07,7638.14,7610.0,724,1497,0.1964,0.000564
2026-09-11 11:03:18,SPX,7656.07,7638.14,7705.0,2698,885,0.1558,0.000564
2026-09-11 11:03:18,SPX,7656.07,7638.14,7605.0,872,1068,0.2033,0.000564
2026-09-11 11:03:18,SPX,7656.07,7638.14,7710.0,2103,1189,0.1619,0.000564
2026-09-11 11:03:18,SPX,7656.07,7638.14,7600.0,4184,4794,0.2088,0.000564
2026-09-11 11:03:18,SPX,7656.07,7638.14,7715.0,2016,1188,0.1685,0.000564
2026-09-11 11:03:18,SPX,7656.07,7638.14,7595.0,1369,1952,0.2151,0.000564
2026-09-11 11:03:18,SPX,7656.07,7638.14,7720.0,5297,634,0.1751,0.000564
2026-09-11 11:03:18,SPX,7656.07,7638.14,7590.0,1277,3428,0.2244,0.000564
2026-09-11 11:03:18,SPX,7656.07,7638.14,7725.0,4079,2188,0.1817,0.000564
2026-09-11 11:03:18,SPX,7656.07,7638.14,7585.0,578,1505,0.2298,0.000564
2026-09-11 11:03:18,SPX,7656.07,7638.14,7730.0,1933,620,0.1884,0.000564
2026-09-11 11:03:18,SPX,7656.07,7638.14,7580.0,741,2559,0.2349,0.000564
2026-09-11 11:03:18,SPX,7656.07,7638.14,7735.0,1135,390,0.1954,0.000564
2026-09-11 11:03:18,SPX,7656.07,7638.14,7575.0,799,2389,0.2455,0.000564
2026-09-11 11:03:18,SPX,7656.07,7638.14,7740.0,1625,773,0.2028,0.000564
2026-09-11 11:03:18,SPX,7656.07,7638.14,7570.0,192,3828,0.2547,0.000564
2026-09-11 11:03:18,SPX,7656.07,7638.14,7745.0,3157,4140,0.2105,0.000564
2026-09-11 11:03:18,SPX,7656.07,7638.14,7565.0,228,1269,0.2593,0.000564
2026-09-11 11:03:18,SPX,7656.07,7638.14,7750.0,17569,6953,0.2184,0.000564
2026-09-11 11:03:18,SPX,7656.07,7638.14,7560.0,327,1825,0.2678,0.000564
2026-09-11 11:03:18,SPX,7656.07,7638.14,7755.0,12779,3132,0.2266,0.000564
2026-09-11 11:03:18,SPX,7656.07,7638.14,7555.0,154,2406,0.276,0.000564
2026-09-11 11:03:18,SPX,7656.07,7638.14,7760.0,4315,210,0.2348,0.000564
2026-09-11 11:03:18,SPX,7656.07,7638.14,7550.0,413,8096,0.2815,0.000564
2026-09-11 11:03:18,SPX,7656.07,7638.14,7765.0,4239,118,0.243,0.000564
2026-09-11 11:03:18,SPX,7656.07,7638.14,7545.0,38,3911,0.2878,0.000564
2026-09-11 11:03:18,SPX,7656.07,7638.14,7770.0,2823,238,0.2513,0.000564
2026-09-11 11:03:18,SPX,7656.07,7638.14,7540.0,256,3113,0.2966,0.000564
2026-09-11 11:03:18,SPX,7656.07,7638.14,7775.0,10979,944,0.2594,0.000564
2026-09-11 11:03:18,SPX,7656.07,7638.14,7535.0,671,3244,0.306,0.000564
2026-09-11 11:03:18,SPX,7656.07,7638.14,7780.0,7029,424,0.2672,0.000564
2026-09-11 11:03:18,SPX,7656.07,7638.14,7655.0,235,188,0.0843,0.008778
2026-09-11 11:03:18,SPX,7656.07,7638.14,7660.0,250,124,0.0829,0.008778
2026-09-11 11:03:18,SPX,7656.07,7638.14,7650.0,689,479,0.0857,0.008778
2026-09-11 11:03:18,SPX,7656.07,7638.14,7665.0,254,160,0.0817,0.008778
2026-09-11 11:03:18,SPX,7656.07,7638.14,7645.0,182,310,0.0872,0.008778
2026-09-11 11:03:18,SPX,7656.07,7638.14,7670.0,804,263,0.0805,0.008778
2026-09-11 11:03:18,SPX,7656.07,7638.14,7640.0,200,323,0.0886,0.008778
2026-09-11 11:03:18,SPX,7656.07,7638.14,7675.0,1878,1298,0.0793,0.008778
2026-09-11 11:03:18,SPX,7656.07,7638.14,7635.0,182,220,0.0902,0.008778
2026-09-11 11:03:18,SPX,7656.07,7638.14,7680.0,546,282,0.0782,0.008778
2026-09-11 11:03:18,SPX,7656.07,7638.14,7630.0,264,394,0.0916,0.008778
2026-09-11 11:03:18,SPX,7656.07,7638.14,7685.0,273,230,0.0771,0.008778
2026-09-11 11:03:18,SPX,7656.07,7638.14,7625.0,501,685,0.0935,0.008778
2026-09-11 11:03:18,SPX,7656.07,7638.14,7690.0,476,211,0.0763,0.008778
2026-09-11 11:03:18,SPX,7656.07,7638.14,7620.0,131,585,0.0953,0.008778
2026-09-11 11:03:18,SPX,7656.07,7638.14,7695.0,338,80,0.0751,0.008778
2026-09-11 11:03:18,SPX,7656.07,7638.14,7615.0,337,242,0.0966,0.008778
2026-09-11 11:03:18,SPX,7656.07,7638.14,7700.0,1626,1747,0.0739,0.008778
2026-09-11 11:03:18,SPX,7656.07,7638.14,7610.0,352,322,0.0979,0.008778
2026-09-11 11:03:18,SPX,7656.07,7638.14,7705.0,533,1534,0.0729,0.008778
2026-09-11 11:03:18,SPX,7656.07,7638.14,7605.0,175,382,0.0992,0.008778
2026-09-11 11:03:18,SPX,7656.07,7638.14,7710.0,476,210,0.0721,0.008778
2026-09-11 11:03:18,SPX,7656.07,7638.14,7600.0,738,2009,0.1008,0.008778
2026-09-11 11:03:18,SPX,7656.07,7638.14,7715.0,285,63,0.0714,0.008778
2026-09-11 11:03:18,SPX,7656.07,7638.14,7595.0,116,321,0.1025,0.008778
2026-09-11 11:03:18,SPX,7656.07,7638.14,7720.0,3532,110,0.0709,0.008778
2026-09-11 11:03:18,SPX,7656.07,7638.14,7590.0,87,929,0.1043,0.008778
2026-09-11 11:03:18,SPX,7656.07,7638.14,7725.0,1765,322,0.0706,0.008778
2026-09-11 11:03:18,SPX,7656.07,7638.14,7585.0,184,514,0.1061,0.008778
2026-09-11 11:03:18,SPX,7656.07,7638.14,7730.0,2512,1601,0.0704,0.008778
2026-09-11 11:03:18,SPX,7656.07,7638.14,7580.0,79,1654,0.1076,0.008778
2026-09-11 11:03:18,SPX,7656.07,7638.14,7735.0,466,96,0.0703,0.008778
2026-09-11 11:03:18,SPX,7656.07,7638.14,7575.0,263,1392,0.1091,0.008778
2026-09-11 11:03:18,SPX,7656.07,7638.14,7740.0,572,86,0.0701,0.008778
2026-09-11 11:03:18,SPX,7656.07,7638.14,7570.0,38,471,0.1103,0.008778
2026-09-11 11:03:18,SPX,7656.07,7638.14,7745.0,300,35,0.0701,0.008778
2026-09-11 11:03:18,SPX,7656.07,7638.14,7565.0,68,381,0.1117,0.008778
2026-09-11 11:03:18,SPX,7656.07,7638.14,7750.0,1765,383,0.0702,0.008778
2026-09-11 11:03:18,SPX,7656.07,7638.14,7560.0,59,268,0.1131,0.008778
2026-09-11 11:03:18,SPX,7656.07,7638.14,7755.0,2101,22,0.0704,0.008778
2026-09-11 11:03:18,SPX,7656.07,7638.14,7555.0,33,303,0.1143,0.008778
2026-09-11 11:03:18,SPX,7656.07,7638.14,7760.0,328,107,0.0708,0.008778
2026-09-11 11:03:18,SPX,7656.07,7638.14,7550.0,60,731,0.116,0.008778
2026-09-11 11:03:18,SPX,7656.07,7638.14,7765.0,629,31,0.0713,0.008778
2026-09-11 11:03:18,SPX,7656.07,7638.14,7545.0,21,1520,0.1178,0.008778
2026-09-11 11:03:18,SPX,7656.07,7638.14,7770.0,747,108,0.0721,0.008778
2026-09-11 11:03:18,SPX,7656.07,7638.14,7540.0,25,1081,0.1197,0.008778
2026-09-11 11:03:18,SPX,7656.07,7638.14,7775.0,951,68,0.0731,0.008778
2026-09-11 11:03:18,SPX,7656.07,7638.14,7535.0,10,1507,0.1215,0.008778
2026-09-11 11:03:18,SPX,7656.07,7638.14,7780.0,467,77,0.0744,0.008778
2026-09-11 11:03:18,SPX,7656.07,7638.14,7655.0,245,216,0.0945,0.011515
2026-09-11 11:03:18,SPX,7656.07,7638.14,7660.0,177,186,0.0931,0.011515
2026-09-11 11:03:18,SPX,7656.07,7638.14,7650.0,1685,3419,0.15,0.011515
2026-09-11 11:03:18,SPX,7656.07,7638.14,7665.0,129,229,0.0919,0.011515
2026-09-11 11:03:18,SPX,7656.07,7638.14,7645.0,86,157,0.0971,0.011515
2026-09-11 11:03:18,SPX,7656.07,7638.14,7670.0,174,344,0.15,0.011515
2026-09-11 11:03:18,SPX,7656.07,7638.14,7640.0,191,311,0.15,0.011515
2026-09-11 11:03:18,SPX,7656.07,7638.14,7675.0,2907,2880,0.15,0.011515
2026-09-11 11:03:18,SPX,7656.07,7638.14,7635.0,128,337,0.1,0.011515
2026-09-11 11:03:18,SPX,7656.07,7638.14,7680.0,179,467,0.0886,0.011515
2026-09-11 11:03:18,SPX,7656.07,7638.14,7630.0,119,0,0.1012,0.011515
2026-09-11 11:03:18,SPX,7656.07,7638.14,7685.0,172,0,0.0876,0.011515
2026-09-11 11:03:18,SPX,7656.07,7638.14,7625.0,0,805,0.1027,0.011515
2026-09-11 11:03:18,SPX,7656.07,7638.14,7620.0,77,368,0.1042,0.011515
2026-09-11 11:03:18,SPX,7656.07,7638.14,7615.0,142,184,0.1059,0.011515
2026-09-11 11:03:18,SPX,7656.07,7638.14,7700.0,3959,0,0.0842,0.011515
2026-09-11 11:03:18,SPX,7656.07,7638.14,7705.0,0,415,0.083,0.011515
2026-09-11 11:03:18,SPX,7656.07,7638.14,7605.0,142,178,0.1081,0.011515
2026-09-11 11:03:18,SPX,7656.07,7638.14,7710.0,916,741,0.082,0.011515
2026-09-11 11:03:18,SPX,7656.07,7638.14,7600.0,193,1347,0.11,0.011515
2026-09-11 11:03:18,SPX,7656.07,7638.14,7715.0,216,106,0.0812,0.011515
2026-09-11 11:03:18,SPX,7656.07,7638.14,7595.0,100,1879,0.111,0.011515
2026-09-11 11:03:18,SPX,7656.07,7638.14,7720.0,637,203,0.0805,0.011515
2026-09-11 11:03:18,SPX,7656.07,7638.14,7590.0,53,287,0.1127,0.011515
2026-09-11 11:03:18,SPX,7656.07,7638.14,7725.0,1165,193,0.0799,0.011515
2026-09-11 11:03:18,SPX,7656.07,7638.14,7585.0,39,187,0.1141,0.011515
2026-09-11 11:03:18,SPX,7656.07,7638.14,7730.0,612,181,0.0794,0.011515
2026-09-11 11:03:18,SPX,7656.07,7638.14,7580.0,107,379,0.1157,0.011515
2026-09-11 11:03:18,SPX,7656.07,7638.14,7735.0,896,20,0.0789,0.011515
2026-09-11 11:03:18,SPX,7656.07,7638.14,7575.0,63,1093,0.1175,0.011515
2026-09-11 11:03:18,SPX,7656.07,7638.14,7740.0,274,69,0.0784,0.011515
2026-09-11 11:03:18,SPX,7656.07,7638.14,7570.0,49,335,0.1193,0.011515
2026-09-11 11:03:18,SPX,7656.07,7638.14,7745.0,598,74,0.0779,0.011515
2026-09-11 11:03:18,SPX,7656.07,7638.14,7565.0,31,302,0.1209,0.011515
2026-09-11 11:03:18,SPX,7656.07,7638.14,7750.0,2116,797,0.0774,0.011515
2026-09-11 11:03:18,SPX,7656.07,7638.14,7560.0,34,431,0.1222,0.011515
2026-09-11 11:03:18,SPX,7656.07,7638.14,7755.0,199,30,0.077,0.011515
2026-09-11 11:03:18,SPX,7656.07,7638.14,7555.0,9,260,0.1235,0.011515
2026-09-11 11:03:18,SPX,7656.07,7638.14,7760.0,439,61,0.0767,0.011515
2026-09-11 11:03:18,SPX,7656.07,7638.14,7550.0,44,3021,0.1247,0.011515
2026-09-11 11:03:18,SPX,7656.07,7638.14,7765.0,367,11,0.0764,0.011515
2026-09-11 11:03:18,SPX,7656.07,7638.14,7545.0,17,318,0.1261,0.011515
2026-09-11 11:03:18,SPX,7656.07,7638.14,7770.0,332,35,0.0763,0.011515
2026-09-11 11:03:18,SPX,7656.07,7638.14,7540.0,30,428,0.1275,0.011515
2026-09-11 11:03:18,SPX,7656.07,7638.14,7775.0,975,23,0.0764,0.011515
2026-09-11 11:03:18,SPX,7656.07,7638.14,7535.0,22,472,0.129,0.011515
2026-09-11 11:03:18,SPX,7656.07,7638.14,7780.0,563,122,0.0766,0.011515
2026-09-11 11:33:42,SPX,7674.28,7640.16,7675.0,4510,1166,0.1321,0.000506
2026-09-11 11:33:42,SPX,7674.28,7640.16,7670.0,2185,745,0.1359,0.000506
2026-09-11 11:33:42,SPX,7674.28,7640.16,7680.0,2455,1433,0.1286,0.000506
2026-09-11 11:33:42,SPX,7674.28,7640.16,7665.0,2091,955,0.1398,0.000506
2026-09-11 11:33:42,SPX,7674.28,7640.16,7685.0,3231,726,0.126,0.000506
2026-09-11 11:33:42,SPX,7674.28,7640.16,7660.0,3023,851,0.1464,0.000506
2026-09-11 11:33:42,SPX,7674.28,7640.16,7690.0,2244,942,0.1252,0.000506
2026-09-11 11:33:42,SPX,7674.28,7640.16,7655.0,1385,1320,0.1519,0.000506
2026-09-11 11:33:42,SPX,7674.28,7640.16,7695.0,1749,582,0.1251,0.000506
2026-09-11 11:33:42,SPX,7674.28,7640.16,7650.0,3759,4428,0.1578,0.000506
2026-09-11 11:33:42,SPX,7674.28,7640.16,7700.0,6357,4328,0.1267,0.000506
2026-09-11 11:33:42,SPX,7674.28,7640.16,7645.0,1683,1482,0.1642,0.000506
2026-09-11 11:33:42,SPX,7674.28,7640.16,7705.0,2698,885,0.1303,0.000506
2026-09-11 11:33:42,SPX,7674.28,7640.16,7640.0,1084,795,0.1716,0.000506
2026-09-11 11:33:42,SPX,7674.28,7640.16,7710.0,2103,1189,0.1334,0.000506
2026-09-11 11:33:42,SPX,7674.28,7640.16,7635.0,2909,1155,0.178,0.000506
2026-09-11 11:33:42,SPX,7674.28,7640.16,7715.0,2016,1188,0.1371,0.000506
2026-09-11 11:33:42,SPX,7674.28,7640.16,7630.0,2948,1752,0.1851,0.000506
2026-09-11 11:33:42,SPX,7674.28,7640.16,7720.0,5297,634,0.1431,0.000506
2026-09-11 11:33:42,SPX,7674.28,7640.16,7625.0,1353,1794,0.1907,0.000506
2026-09-11 11:33:42,SPX,7674.28,7640.16,7725.0,4079,2188,0.1507,0.000506
2026-09-11 11:33:42,SPX,7674.28,7640.16,7620.0,1249,987,0.1985,0.000506
2026-09-11 11:33:42,SPX,7674.28,7640.16,7730.0,1933,620,0.159,0.000506
2026-09-11 11:33:42,SPX,7674.28,7640.16,7615.0,648,1129,0.2084,0.000506
2026-09-11 11:33:42,SPX,7674.28,7640.16,7735.0,1135,390,0.1676,0.000506
2026-09-11 11:33:42,SPX,7674.28,7640.16,7610.0,724,1497,0.2143,0.000506
2026-09-11 11:33:42,SPX,7674.28,7640.16,7740.0,1625,773,0.1764,0.000506
2026-09-11 11:33:42,SPX,7674.28,7640.16,7605.0,872,1068,0.2222,0.000506
2026-09-11 11:33:42,SPX,7674.28,7640.16,7745.0,3157,4140,0.1847,0.000506
2026-09-11 11:33:42,SPX,7674.28,7640.16,7600.0,4184,4794,0.2328,0.000506
2026-09-11 11:33:42,SPX,7674.28,7640.16,7750.0,17569,6953,0.1925,0.000506
2026-09-11 11:33:42,SPX,7674.28,7640.16,7595.0,1369,1952,0.2412,0.000506
2026-09-11 11:33:42,SPX,7674.28,7640.16,7755.0,12779,3132,0.2,0.000506
2026-09-11 11:33:42,SPX,7674.28,7640.16,7590.0,1277,3428,0.2488,0.000506
2026-09-11 11:33:42,SPX,7674.28,7640.16,7760.0,4315,210,0.2081,0.000506
2026-09-11 11:33:42,SPX,7674.28,7640.16,7585.0,578,1505,0.2595,0.000506
2026-09-11 11:33:42,SPX,7674.28,7640.16,7765.0,4239,118,0.2166,0.000506
2026-09-11 11:33:42,SPX,7674.28,7640.16,7580.0,741,2559,0.267,0.000506
2026-09-11 11:33:42,SPX,7674.28,7640.16,7770.0,2823,238,0.2254,0.000506
2026-09-11 11:33:42,SPX,7674.28,7640.16,7575.0,799,2389,0.2747,0.000506
2026-09-11 11:33:42,SPX,7674.28,7640.16,7775.0,10979,944,0.2343,0.000506
2026-09-11 11:33:42,SPX,7674.28,7640.16,7570.0,192,3828,0.2827,0.000506
2026-09-11 11:33:42,SPX,7674.28,7640.16,7780.0,7029,424,0.2432,0.000506
2026-09-11 11:33:42,SPX,7674.28,7640.16,7565.0,228,1269,0.2915,0.000506
2026-09-11 11:33:42,SPX,7674.28,7640.16,7785.0,1461,91,0.2519,0.000506
2026-09-11 11:33:42,SPX,7674.28,7640.16,7560.0,327,1825,0.3013,0.000506
2026-09-11 11:33:42,SPX,7674.28,7640.16,7790.0,1131,230,0.2606,0.000506
2026-09-11 11:33:42,SPX,7674.28,7640.16,7555.0,154,2406,0.3109,0.000506
2026-09-11 11:33:42,SPX,7674.28,7640.16,7795.0,1324,26,0.269,0.000506
2026-09-11 11:33:42,SPX,7674.28,7640.16,7550.0,413,8096,0.32,0.000506
2026-09-11 11:33:42,SPX,7674.28,7640.16,7675.0,1878,1298,0.0773,0.00872
2026-09-11 11:33:42,SPX,7674.28,7640.16,7670.0,804,263,0.0785,0.00872
2026-09-11 11:33:42,SPX,7674.28,7640.16,7680.0,546,282,0.076,0.00872
2026-09-11 11:33:42,SPX,7674.28,7640.16,7665.0,254,160,0.0799,0.00872
2026-09-11 11:33:42,SPX,7674.28,7640.16,7685.0,273,230,0.0748,0.00872
2026-09-11 11:33:42,SPX,7674.28,7640.16,7660.0,250,124,0.0813,0.00872
2026-09-11 11:33:42,SPX,7674.28,7640.16,7690.0,476,211,0.0737,0.00872
2026-09-11 11:33:42,SPX,7674.28,7640.16,7655.0,235,188,0.0828,0.00872
2026-09-11 11:33:42,SPX,7674.28,7640.16,7695.0,338,80,0.0726,0.00872
2026-09-11 11:33:42,SPX,7674.28,7640.16,7650.0,689,479,0.0849,0.00872
2026-09-11 11:33:42,SPX,7674.28,7640.16,7700.0,1626,1747,0.0716,0.00872
2026-09-11 11:33:42,SPX,7674.28,7640.16,7645.0,182,310,0.0863,0.00872
2026-09-11 11:33:42,SPX,7674.28,7640.16,7705.0,533,1534,0.0704,0.00872
2026-09-11 11:33:42,SPX,7674.28,7640.16,7640.0,200,323,0.0872,0.00872
2026-09-11 11:33:42,SPX,7674.28,7640.16,7710.0,476,210,0.0693,0.00872
2026-09-11 11:33:42,SPX,7674.28,7640.16,7635.0,182,220,0.0889,0.00872
2026-09-11 11:33:42,SPX,7674.28,7640.16,7715.0,285,63,0.0682,0.00872
2026-09-11 11:33:42,SPX,7674.28,7640.16,7630.0,264,394,0.0912,0.00872
2026-09-11 11:33:42,SPX,7674.28,7640.16,7720.0,3532,110,0.0674,0.00872
2026-09-11 11:33:42,SPX,7674.28,7640.16,7625.0,501,685,0.093,0.00872
2026-09-11 11:33:42,SPX,7674.28,7640.16,7725.0,1765,322,0.0668,0.00872
2026-09-11 11:33:42,SPX,7674.28,7640.16,7620.0,131,585,0.0943,0.00872
2026-09-11 11:33:42,SPX,7674.28,7640.16,7730.0,2512,1601,0.0663,0.00872
2026-09-11 11:33:42,SPX,7674.28,7640.16,7615.0,337,242,0.0951,0.00872
2026-09-11 11:33:42,SPX,7674.28,7640.16,7735.0,466,96,0.066,0.00872
2026-09-11 11:33:42,SPX,7674.28,7640.16,7610.0,352,322,0.0966,0.00872
2026-09-11 11:33:42,SPX,7674.28,7640.16,7740.0,572,86,0.0658,0.00872
2026-09-11 11:33:42,SPX,7674.28,7640.16,7605.0,175,382,0.099,0.00872
2026-09-11 11:33:42,SPX,7674.28,7640.16,7745.0,300,35,0.0655,0.00872
2026-09-11 11:33:42,SPX,7674.28,7640.16,7600.0,738,2009,0.1006,0.00872
2026-09-11 11:33:42,SPX,7674.28,7640.16,7750.0,1765,383,0.0653,0.00872
2026-09-11 11:33:42,SPX,7674.28,7640.16,7595.0,116,321,0.1014,0.00872
2026-09-11 11:33:42,SPX,7674.28,7640.16,7755.0,2101,22,0.0652,0.00872
2026-09-11 11:33:42,SPX,7674.28,7640.16,7590.0,87,929,0.1032,0.00872
2026-09-11 11:33:42,SPX,7674.28,7640.16,7760.0,328,107,0.0653,0.00872
2026-09-11 11:33:42,SPX,7674.28,7640.16,7585.0,184,514,0.1045,0.00872
2026-09-11 11:33:42,SPX,7674.28,7640.16,7765.0,629,31,0.0656,0.00872
2026-09-11 11:33:42,SPX,7674.28,7640.16,7580.0,79,1654,0.1064,0.00872
2026-09-11 11:33:42,SPX,7674.28,7640.16,7770.0,747,108,0.0661,0.00872
2026-09-11 11:33:42,SPX,7674.28,7640.16,7575.0,263,1392,0.1079,0.00872
2026-09-11 11:33:42,SPX,7674.28,7640.16,7775.0,951,68,0.0668,0.00872
2026-09-11 11:33:42,SPX,7674.28,7640.16,7570.0,38,471,0.1096,0.00872
2026-09-11 11:33:42,SPX,7674.28,7640.16,7780.0,467,77,0.0677,0.00872
2026-09-11 11:33:42,SPX,7674.28,7640.16,7565.0,68,381,0.1115,0.00872
2026-09-11 11:33:42,SPX,7674.28,7640.16,7785.0,824,18,0.0689,0.00872
2026-09-11 11:33:42,SPX,7674.28,7640.16,7560.0,59,268,0.1132,0.00872
2026-09-11 11:33:42,SPX,7674.28,7640.16,7790.0,539,59,0.0702,0.00872
2026-09-11 11:33:42,SPX,7674.28,7640.16,7555.0,33,303,0.115,0.00872
2026-09-11 11:33:42,SPX,7674.28,7640.16,7795.0,0,3,0.0716,0.00872
2026-09-11 11:33:42,SPX,7674.28,7640.16,7550.0,60,731,0.1167,0.00872
2026-09-11 11:33:42,SPX,7674.28,7640.16,7675.0,2907,2880,0.0877,0.011458
2026-09-11 11:33:42,SPX,7674.28,7640.16,7670.0,174,344,0.0889,0.011458
2026-09-11 11:33:42,SPX,7674.28,7640.16,7680.0,179,467,0.0865,0.011458
2026-09-11 11:33:42,SPX,7674.28,7640.16,7665.0,129,229,0.0902,0.011458
2026-09-11 11:33:42,SPX,7674.28,7640.16,7685.0,172,665,0.0854,0.011458
2026-09-11 11:33:42,SPX,7674.28,7640.16,7660.0,177,186,0.0916,0.011458
2026-09-11 11:33:42,SPX,7674.28,7640.16,7690.0,281,290,0.0844,0.011458
2026-09-11 11:33:42,SPX,7674.28,7640.16,7655.0,245,216,0.093,0.011458
2026-09-11 11:33:42,SPX,7674.28,7640.16,7695.0,103,103,0.0835,0.011458
2026-09-11 11:33:42,SPX,7674.28,7640.16,7650.0,1685,3419,0.0944,0.011458
2026-09-11 11:33:42,SPX,7674.28,7640.16,7700.0,3959,725,0.0824,0.011458
2026-09-11 11:33:42,SPX,7674.28,7640.16,7645.0,86,157,0.0958,0.011458
2026-09-11 11:33:42,SPX,7674.28,7640.16,7705.0,272,415,0.0814,0.011458
2026-09-11 11:33:42,SPX,7674.28,7640.16,7640.0,191,311,0.0972,0.011458
2026-09-11 11:33:42,SPX,7674.28,7640.16,7710.0,916,741,0.0803,0.011458
2026-09-11 11:33:42,SPX,7674.28,7640.16,7635.0,128,337,0.0986,0.011458
2026-09-11 11:33:42,SPX,7674.28,7640.16,7715.0,216,106,0.0792,0.011458
2026-09-11 11:33:42,SPX,7674.28,7640.16,7630.0,119,471,0.1001,0.011458
2026-09-11 11:33:42,SPX,7674.28,7640.16,7720.0,637,203,0.0781,0.011458
2026-09-11 11:33:42,SPX,7674.28,7640.16,7625.0,86,805,0.1013,0.011458
2026-09-11 11:33:42,SPX,7674.28,7640.16,7725.0,1165,193,0.0773,0.011458
2026-09-11 11:33:42,SPX,7674.28,7640.16,7620.0,77,368,0.1031,0.011458
2026-09-11 11:33:42,SPX,7674.28,7640.16,7730.0,612,181,0.0766,0.011458
2026-09-11 11:33:42,SPX,7674.28,7640.16,7615.0,142,184,0.1043,0.011458
2026-09-11 11:33:42,SPX,7674.28,7640.16,7735.0,896,20,0.0761,0.011458
2026-09-11 11:33:42,SPX,7674.28,7640.16,7610.0,65,373,0.1058,0.011458
2026-09-11 11:33:42,SPX,7674.28,7640.16,7740.0,274,69,0.0756,0.011458
2026-09-11 11:33:42,SPX,7674.28,7640.16,7605.0,142,178,0.1071,0.011458
2026-09-11 11:33:42,SPX,7674.28,7640.16,7745.0,598,74,0.0752,0.011458
2026-09-11 11:33:42,SPX,7674.28,7640.16,7600.0,193,1347,0.1085,0.011458
2026-09-11 11:33:42,SPX,7674.28,7640.16,7750.0,2116,797,0.0748,0.011458
2026-09-11 11:33:42,SPX,7674.28,7640.16,7595.0,100,1879,0.1099,0.011458
2026-09-11 11:33:42,SPX,7674.28,7640.16,7755.0,199,30,0.0744,0.011458
2026-09-11 11:33:42,SPX,7674.28,7640.16,7590.0,53,287,0.1117,0.011458
2026-09-11 11:33:42,SPX,7674.28,7640.16,7760.0,439,61,0.074,0.011458
2026-09-11 11:33:42,SPX,7674.28,7640.16,7585.0,39,187,0.1133,0.011458
2026-09-11 11:33:42,SPX,7674.28,7640.16,7765.0,367,11,0.0736,0.011458
2026-09-11 11:33:42,SPX,7674.28,7640.16,7580.0,107,379,0.1149,0.011458
2026-09-11 11:33:42,SPX,7674.28,7640.16,7770.0,332,35,0.0733,0.011458
2026-09-11 11:33:42,SPX,7674.28,7640.16,7575.0,63,1093,0.1165,0.011458
2026-09-11 11:33:42,SPX,7674.28,7640.16,7775.0,975,23,0.0732,0.011458
2026-09-11 11:33:42,SPX,7674.28,7640.16,7570.0,49,335,0.1181,0.011458
2026-09-11 11:33:42,SPX,7674.28,7640.16,7780.0,563,122,0.0731,0.011458
2026-09-11 11:33:42,SPX,7674.28,7640.16,7565.0,31,302,0.1196,0.011458
2026-09-11 11:33:42,SPX,7674.28,7640.16,7785.0,346,7,0.0732,0.011458
2026-09-11 11:33:42,SPX,7674.28,7640.16,7560.0,34,431,0.121,0.011458
2026-09-11 11:33:42,SPX,7674.28,7640.16,7790.0,303,67,0.0734,0.011458
2026-09-11 11:33:42,SPX,7674.28,7640.16,7555.0,9,260,0.1224,0.011458
2026-09-11 11:33:42,SPX,7674.28,7640.16,7795.0,232,0,0.0738,0.011458
2026-09-11 11:33:42,SPX,7674.28,7640.16,7550.0,44,3021,0.1239,0.011458
2026-09-11 12:04:06,SPX,7675.12,7638.45,7675.0,4510,1166,0.1165,0.000449
2026-09-11 12:04:06,SPX,7675.12,7638.45,7680.0,2455,1433,0.1137,0.000449
2026-09-11 12:04:06,SPX,7675.12,7638.45,7670.0,2185,745,0.1202,0.000449
2026-09-11 12:04:06,SPX,7675.12,7638.45,7685.0,3231,726,0.1114,0.000449
2026-09-11 12:04:06,SPX,7675.12,7638.45,7665.0,2091,955,0.1249,0.000449
2026-09-11 12:04:06,SPX,7675.12,7638.45,7690.0,2244,942,0.1113,0.000449
2026-09-11 12:04:06,SPX,7675.12,7638.45,7660.0,3023,851,0.1307,0.000449
2026-09-11 12:04:06,SPX,7675.12,7638.45,7695.0,1749,582,0.1125,0.000449
2026-09-11 12:04:06,SPX,7675.12,7638.45,7655.0,1385,1320,0.1376,0.000449
2026-09-11 12:04:06,SPX,7675.12,7638.45,7700.0,6357,4328,0.1147,0.000449
2026-09-11 12:04:06,SPX,7675.12,7638.45,7650.0,3759,4428,0.1449,0.000449
2026-09-11 12:04:06,SPX,7675.12,7638.45,7705.0,2698,885,0.1191,0.000449
2026-09-11 12:04:06,SPX,7675.12,7638.45,7645.0,1683,1482,0.1533,0.000449
2026-09-11 12:04:06,SPX,7675.12,7638.45,7710.0,2103,1189,0.1252,0.000449
2026-09-11 12:04:06,SPX,7675.12,7638.45,7640.0,1084,795,0.1616,0.000449
2026-09-11 12:04:06,SPX,7675.12,7638.45,7715.0,2016,1188,0.1317,0.000449
2026-09-11 12:04:06,SPX,7675.12,7638.45,7635.0,2909,1155,0.1696,0.000449
2026-09-11 12:04:06,SPX,7675.12,7638.45,7720.0,5297,634,0.1393,0.000449
2026-09-11 12:04:06,SPX,7675.12,7638.45,7630.0,2948,1752,0.1789,0.000449
2026-09-11 12:04:06,SPX,7675.12,7638.45,7725.0,4079,2188,0.1476,0.000449
2026-09-11 12:04:06,SPX,7675.12,7638.45,7625.0,1353,1794,0.1873,0.000449
2026-09-11 12:04:06,SPX,7675.12,7638.45,7730.0,1933,620,0.1561,0.000449
2026-09-11 12:04:06,SPX,7675.12,7638.45,7620.0,1249,987,0.1984,0.000449
2026-09-11 12:04:06,SPX,7675.12,7638.45,7735.0,1135,390,0.1646,0.000449
2026-09-11 12:04:06,SPX,7675.12,7638.45,7615.0,648,1129,0.2032,0.000449
2026-09-11 12:04:06,SPX,7675.12,7638.45,7740.0,1625,773,0.1732,0.000449
2026-09-11 12:04:06,SPX,7675.12,7638.45,7610.0,724,1497,0.2167,0.000449
2026-09-11 12:04:06,SPX,7675.12,7638.45,7745.0,3157,4140,0.1819,0.000449
2026-09-11 12:04:06,SPX,7675.12,7638.45,7605.0,872,1068,0.2246,0.000449
2026-09-11 12:04:06,SPX,7675.12,7638.45,7750.0,17569,6953,0.1908,0.000449
2026-09-11 12:04:06,SPX,7675.12,7638.45,7600.0,4184,4794,0.2342,0.000449
2026-09-11 12:04:06,SPX,7675.12,7638.45,7755.0,12779,3132,0.2002,0.000449
2026-09-11 12:04:06,SPX,7675.12,7638.45,7595.0,1369,1952,0.2441,0.000449
2026-09-11 12:04:06,SPX,7675.12,7638.45,7760.0,4315,210,0.2101,0.000449
2026-09-11 12:04:06,SPX,7675.12,7638.45,7590.0,1277,3428,0.2538,0.000449
2026-09-11 12:04:06,SPX,7675.12,7638.45,7765.0,4239,118,0.2202,0.000449
2026-09-11 12:04:06,SPX,7675.12,7638.45,7585.0,578,1505,0.2615,0.000449
2026-09-11 12:04:06,SPX,7675.12,7638.45,7770.0,2823,238,0.2305,0.000449
2026-09-11 12:04:06,SPX,7675.12,7638.45,7580.0,741,2559,0.2699,0.000449
2026-09-11 12:04:06,SPX,7675.12,7638.45,7775.0,10979,944,0.2407,0.000449
2026-09-11 12:04:06,SPX,7675.12,7638.45,7575.0,799,2389,0.2777,0.000449
2026-09-11 12:04:06,SPX,7675.12,7638.45,7780.0,7029,424,0.2506,0.000449
2026-09-11 12:04:06,SPX,7675.12,7638.45,7570.0,192,3828,0.2864,0.000449
2026-09-11 12:04:06,SPX,7675.12,7638.45,7785.0,1461,91,0.2602,0.000449
2026-09-11 12:04:06,SPX,7675.12,7638.45,7565.0,228,1269,0.2971,0.000449
2026-09-11 12:04:06,SPX,7675.12,7638.45,7790.0,1131,230,0.2694,0.000449
2026-09-11 12:04:06,SPX,7675.12,7638.45,7560.0,327,1825,0.3085,0.000449
2026-09-11 12:04:06,SPX,7675.12,7638.45,7795.0,1324,26,0.278,0.000449
2026-09-11 12:04:06,SPX,7675.12,7638.45,7555.0,154,2406,0.32,0.000449
2026-09-11 12:04:06,SPX,7675.12,7638.45,7800.0,4701,545,0.286,0.000449
2026-09-11 12:04:06,SPX,7675.12,7638.45,7675.0,1878,1298,0.0759,0.008662
2026-09-11 12:04:06,SPX,7675.12,7638.45,7680.0,546,282,0.0747,0.008662
2026-09-11 12:04:06,SPX,7675.12,7638.45,7670.0,804,263,0.077,0.008662
2026-09-11 12:04:06,SPX,7675.12,7638.45,7685.0,273,230,0.0734,0.008662
2026-09-11 12:04:06,SPX,7675.12,7638.45,7665.0,254,160,0.078,0.008662
2026-09-11 12:04:06,SPX,7675.12,7638.45,7690.0,476,211,0.0723,0.008662
2026-09-11 12:04:06,SPX,7675.12,7638.45,7660.0,250,124,0.0799,0.008662
2026-09-11 12:04:06,SPX,7675.12,7638.45,7695.0,338,80,0.0712,0.008662
2026-09-11 12:04:06,SPX,7675.12,7638.45,7655.0,235,188,0.0813,0.008662
2026-09-11 12:04:06,SPX,7675.12,7638.45,7700.0,1626,1747,0.0702,0.008662
2026-09-11 12:04:06,SPX,7675.12,7638.45,7650.0,689,479,0.0825,0.008662
2026-09-11 12:04:06,SPX,7675.12,7638.45,7705.0,533,1534,0.0691,0.008662
2026-09-11 12:04:06,SPX,7675.12,7638.45,7645.0,182,310,0.0837,0.008662
2026-09-11 12:04:06,SPX,7675.12,7638.45,7710.0,476,210,0.0682,0.008662
2026-09-11 12:04:06,SPX,7675.12,7638.45,7640.0,200,323,0.0856,0.008662
2026-09-11 12:04:06,SPX,7675.12,7638.45,7715.0,285,63,0.0676,0.008662
2026-09-11 12:04:06,SPX,7675.12,7638.45,7635.0,182,220,0.0877,0.008662
2026-09-11 12:04:06,SPX,7675.12,7638.45,7720.0,3532,110,0.0671,0.008662
2026-09-11 12:04:06,SPX,7675.12,7638.45,7630.0,264,394,0.0889,0.008662
2026-09-11 12:04:06,SPX,7675.12,7638.45,7725.0,1765,322,0.0666,0.008662
2026-09-11 12:04:06,SPX,7675.12,7638.45,7625.0,501,685,0.0897,0.008662
2026-09-11 12:04:06,SPX,7675.12,7638.45,7730.0,2512,1601,0.0663,0.008662
2026-09-11 12:04:06,SPX,7675.12,7638.45,7620.0,131,585,0.0911,0.008662
2026-09-11 12:04:06,SPX,7675.12,7638.45,7735.0,0,96,0.0662,0.008662
2026-09-11 12:04:06,SPX,7675.12,7638.45,7615.0,337,242,0.0931,0.008662
2026-09-11 12:04:06,SPX,7675.12,7638.45,7740.0,572,86,0.0661,0.008662
2026-09-11 12:04:06,SPX,7675.12,7638.45,7610.0,352,322,0.0952,0.008662
2026-09-11 12:04:06,SPX,7675.12,7638.45,7745.0,300,35,0.066,0.008662
2026-09-11 12:04:06,SPX,7675.12,7638.45,7605.0,175,382,0.0968,0.008662
2026-09-11 12:04:06,SPX,7675.12,7638.45,7750.0,1765,383,0.0661,0.008662
2026-09-11 12:04:06,SPX,7675.12,7638.45,7600.0,738,2009,0.0979,0.008662
2026-09-11 12:04:06,SPX,7675.12,7638.45,7755.0,2101,22,0.0662,0.008662
2026-09-11 12:04:06,SPX,7675.12,7638.45,7595.0,116,321,0.0991,0.008662
2026-09-11 12:04:06,SPX,7675.12,7638.45,7760.0,328,107,0.0665,0.008662
2026-09-11 12:04:06,SPX,7675.12,7638.45,7590.0,87,929,0.1008,0.008662
2026-09-11 12:04:06,SPX,7675.12,7638.45,7765.0,629,31,0.0669,0.008662
2026-09-11 12:04:06,SPX,7675.12,7638.45,7585.0,184,514,0.1029,0.008662
2026-09-11 12:04:06,SPX,7675.12,7638.45,7770.0,747,108,0.0675,0.008662
2026-09-11 12:04:06,SPX,7675.12,7638.45,7580.0,79,1654,0.1052,0.008662
2026-09-11 12:04:06,SPX,7675.12,7638.45,7775.0,951,68,0.0683,0.008662
2026-09-11 12:04:06,SPX,7675.12,7638.45,7575.0,263,1392,0.1064,0.008662
2026-09-11 12:04:06,SPX,7675.12,7638.45,7780.0,467,77,0.0693,0.008662
2026-09-11 12:04:06,SPX,7675.12,7638.45,7570.0,38,471,0.1074,0.008662
2026-09-11 12:04:06,SPX,7675.12,7638.45,7785.0,824,18,0.0704,0.008662
2026-09-11 12:04:06,SPX,7675.12,7638.45,7565.0,68,381,0.1089,0.008662
2026-09-11 12:04:06,SPX,7675.12,7638.45,7790.0,539,59,0.0717,0.008662
2026-09-11 12:04:06,SPX,7675.12,7638.45,7560.0,59,268,0.1108,0.008662
2026-09-11 12:04:06,SPX,7675.12,7638.45,7795.0,362,3,0.0731,0.008662
2026-09-11 12:04:06,SPX,7675.12,7638.45,7555.0,33,303,0.1127,0.008662
2026-09-11 12:04:06,SPX,7675.12,7638.45,7800.0,2966,285,0.0746,0.008662
2026-09-11 12:04:06,SPX,7675.12,7638.45,7675.0,2907,2880,0.086,0.0114
2026-09-11 12:04:06,SPX,7675.12,7638.45,7680.0,179,467,0.0849,0.0114
2026-09-11 12:04:06,SPX,7675.12,7638.45,7670.0,174,344,0.087,0.0114
2026-09-11 12:04:06,SPX,7675.12,7638.45,7685.0,172,665,0.0835,0.0114
2026-09-11 12:04:06,SPX,7675.12,7638.45,7665.0,129,229,0.0886,0.0114
2026-09-11 12:04:06,SPX,7675.12,7638.45,7690.0,281,290,0.0827,0.0114
2026-09-11 12:04:06,SPX,7675.12,7638.45,7660.0,177,186,0.0897,0.0114
2026-09-11 12:04:06,SPX,7675.12,7638.45,7695.0,103,103,0.0817,0.0114
2026-09-11 12:04:06,SPX,7675.12,7638.45,7655.0,245,216,0.0906,0.0114
2026-09-11 12:04:06,SPX,7675.12,7638.45,7700.0,3959,725,0.0809,0.0114
2026-09-11 12:04:06,SPX,7675.12,7638.45,7650.0,1685,3419,0.0924,0.0114
2026-09-11 12:04:06,SPX,7675.12,7638.45,7705.0,272,415,0.0799,0.0114
2026-09-11 12:04:06,SPX,7675.12,7638.45,7645.0,86,157,0.0934,0.0114
2026-09-11 12:04:06,SPX,7675.12,7638.45,7710.0,916,741,0.0787,0.0114
2026-09-11 12:04:06,SPX,7675.12,7638.45,7640.0,191,311,0.0944,0.0114
2026-09-11 12:04:06,SPX,7675.12,7638.45,7715.0,216,106,0.0777,0.0114
2026-09-11 12:04:06,SPX,7675.12,7638.45,7635.0,128,337,0.0955,0.0114
2026-09-11 12:04:06,SPX,7675.12,7638.45,7720.0,637,203,0.0768,0.0114
2026-09-11 12:04:06,SPX,7675.12,7638.45,7630.0,119,471,0.0973,0.0114
2026-09-11 12:04:06,SPX,7675.12,7638.45,7725.0,1165,193,0.0761,0.0114
2026-09-11 12:04:06,SPX,7675.12,7638.45,7625.0,86,805,0.0984,0.0114
2026-09-11 12:04:06,SPX,7675.12,7638.45,7730.0,612,181,0.0756,0.0114
2026-09-11 12:04:06,SPX,7675.12,7638.45,7620.0,77,368,0.1,0.0114
2026-09-11 12:04:06,SPX,7675.12,7638.45,7735.0,896,20,0.0751,0.0114
2026-09-11 12:04:06,SPX,7675.12,7638.45,7615.0,142,184,0.1016,0.0114
2026-09-11 12:04:06,SPX,7675.12,7638.45,7740.0,274,69,0.0747,0.0114
2026-09-11 12:04:06,SPX,7675.12,7638.45,7610.0,65,373,0.1028,0.0114
2026-09-11 12:04:06,SPX,7675.12,7638.45,7745.0,598,74,0.0743,0.0114
2026-09-11 12:04:06,SPX,7675.12,7638.45,7605.0,142,178,0.104,0.0114
2026-09-11 12:04:06,SPX,7675.12,7638.45,7750.0,2116,797,0.0739,0.0114
2026-09-11 12:04:06,SPX,7675.12,7638.45,7600.0,193,1347,0.1054,0.0114
2026-09-11 12:04:06,SPX,7675.12,7638.45,7755.0,199,30,0.0735,0.0114
2026-09-11 12:04:06,SPX,7675.12,7638.45,7595.0,100,1879,0.107,0.0114
2026-09-11 12:04:06,SPX,7675.12,7638.45,7760.0,439,61,0.0732,0.0114
2026-09-11 12:04:06,SPX,7675.12,7638.45,7590.0,53,287,0.1088,0.0114
2026-09-11 12:04:06,SPX,7675.12,7638.45,7765.0,367,11,0.0729,0.0114
2026-09-11 12:04:06,SPX,7675.12,7638.45,7585.0,39,187,0.1105,0.0114
2026-09-11 12:04:06,SPX,7675.12,7638.45,7770.0,332,35,0.0727,0.0114
2026-09-11 12:04:06,SPX,7675.12,7638.45,7580.0,107,379,0.1122,0.0114
2026-09-11 12:04:06,SPX,7675.12,7638.45,7775.0,975,23,0.0725,0.0114
2026-09-11 12:04:06,SPX,7675.12,7638.45,7575.0,63,1093,0.1137,0.0114
2026-09-11 12:04:06,SPX,7675.12,7638.45,7780.0,563,122,0.0725,0.0114
2026-09-11 12:04:06,SPX,7675.12,7638.45,7570.0,49,335,0.115,0.0114
2026-09-11 12:04:06,SPX,7675.12,7638.45,7785.0,346,7,0.0728,0.0114
2026-09-11 12:04:06,SPX,7675.12,7638.45,7565.0,31,302,0.1164,0.0114
2026-09-11 12:04:06,SPX,7675.12,7638.45,7790.0,303,67,0.0732,0.0114
2026-09-11 12:04:06,SPX,7675.12,7638.45,7560.0,34,431,0.1177,0.0114
2026-09-11 12:04:06,SPX,7675.12,7638.45,7795.0,232,0,0.0738,0.0114
2026-09-11 12:04:06,SPX,7675.12,7638.45,7555.0,9,260,0.1192,0.0114
2026-09-11 12:04:06,SPX,7675.12,7638.45,7800.0,2141,48,0.0746,0.0114
2026-09-11 12:34:30,SPX,7667.91,7645.92,7670.0,2185,745,0.1176,0.000391
2026-09-11 12:34:30,SPX,7667.91,7645.92,7665.0,2091,955,0.1221,0.000391
2026-09-11 12:34:30,SPX,7667.91,7645.92,7675.0,4510,1166,0.1137,0.000391
2026-09-11 12:34:30,SPX,7667.91,7645.92,7645.0,1683,0,0.15,0.000391
2026-09-11 12:34:30,SPX,7667.91,7645.92,7705.0,2698,885,0.1328,0.000391
2026-09-11 12:34:30,SPX,7667.91,7645.92,7630.0,2948,1752,0.1744,0.000391
2026-09-11 12:34:30,SPX,7667.91,7645.92,7710.0,2103,1189,0.1409,0.000391
2026-09-11 12:34:30,SPX,7667.91,7645.92,7625.0,1353,1794,0.1837,0.000391
2026-09-11 12:34:30,SPX,7667.91,7645.92,7715.0,2016,1188,0.1509,0.000391
2026-09-11 12:34:30,SPX,7667.91,7645.92,7620.0,1249,987,0.1917,0.000391
2026-09-11 12:34:30,SPX,7667.91,7645.92,7720.0,5297,634,0.1613,0.000391
2026-09-11 12:34:30,SPX,7667.91,7645.92,7615.0,648,1129,0.1992,0.000391
2026-09-11 12:34:30,SPX,7667.91,7645.92,7725.0,4079,2188,0.1711,0.000391
2026-09-11 12:34:30,SPX,7667.91,7645.92,7610.0,724,1497,0.2121,0.000391
2026-09-11 12:34:30,SPX,7667.91,7645.92,7730.0,1933,620,0.1811,0.000391
2026-09-11 12:34:30,SPX,7667.91,7645.92,7605.0,872,1068,0.2234,0.000391
2026-09-11 12:34:30,SPX,7667.91,7645.92,7735.0,1135,390,0.1914,0.000391
2026-09-11 12:34:30,SPX,7667.91,7645.92,7600.0,4184,4794,0.2281,0.000391
2026-09-11 12:34:30,SPX,7667.91,7645.92,7740.0,1625,773,0.2016,0.000391
2026-09-11 12:34:30,SPX,7667.91,7645.92,7595.0,1369,1952,0.242,0.000391
2026-09-11 12:34:30,SPX,7667.91,7645.92,7745.0,3157,4140,0.2113,0.000391
2026-09-11 12:34:30,SPX,7667.91,7645.92,7590.0,1277,3428,0.254,0.000391
2026-09-11 12:34:30,SPX,7667.91,7645.92,7750.0,17569,6953,0.2206,0.000391
2026-09-11 12:34:30,SPX,7667.91,7645.92,7585.0,578,1505,0.2614,0.000391
2026-09-11 12:34:30,SPX,7667.91,7645.92,7755.0,12779,3132,0.2298,0.000391
2026-09-11 12:34:30,SPX,7667.91,7645.92,7580.0,741,2559,0.2726,0.000391
2026-09-11 12:34:30,SPX,7667.91,7645.92,7760.0,4315,210,0.2392,0.000391
2026-09-11 12:34:30,SPX,7667.91,7645.92,7575.0,799,2389,0.2845,0.000391
2026-09-11 12:34:30,SPX,7667.91,7645.92,7765.0,4239,118,0.2489,0.000391
2026-09-11 12:34:30,SPX,7667.91,7645.92,7570.0,192,3828,0.2938,0.000391
2026-09-11 12:34:30,SPX,7667.91,7645.92,7770.0,2823,238,0.2588,0.000391
2026-09-11 12:34:30,SPX,7667.91,7645.92,7565.0,228,1269,0.3022,0.000391
2026-09-11 12:34:30,SPX,7667.91,7645.92,7775.0,10979,944,0.2687,0.000391
2026-09-11 12:34:30,SPX,7667.91,7645.92,7560.0,327,1825,0.3132,0.000391
2026-09-11 12:34:30,SPX,7667.91,7645.92,7780.0,7029,424,0.2783,0.000391
2026-09-11 12:34:30,SPX,7667.91,7645.92,7555.0,154,2406,0.3268,0.000391
2026-09-11 12:34:30,SPX,7667.91,7645.92,7785.0,1461,91,0.2876,0.000391
2026-09-11 12:34:30,SPX,7667.91,7645.92,7550.0,413,8096,0.3409,0.000391
2026-09-11 12:34:30,SPX,7667.91,7645.92,7790.0,1131,230,0.2966,0.000391
2026-09-11 12:34:30,SPX,7667.91,7645.92,7545.0,38,3911,0.3545,0.000391
2026-09-11 12:34:30,SPX,7667.91,7645.92,7670.0,804,263,0.0772,0.008604
2026-09-11 12:34:30,SPX,7667.91,7645.92,7665.0,254,160,0.0783,0.008604
2026-09-11 12:34:30,SPX,7667.91,7645.92,7675.0,1878,1298,0.0761,0.008604
2026-09-11 12:34:30,SPX,7667.91,7645.92,7660.0,250,124,0.0797,0.008604
2026-09-11 12:34:30,SPX,7667.91,7645.92,7680.0,546,282,0.0749,0.008604
2026-09-11 12:34:30,SPX,7667.91,7645.92,7655.0,235,188,0.081,0.008604
2026-09-11 12:34:30,SPX,7667.91,7645.92,7685.0,273,230,0.0736,0.008604
2026-09-11 12:34:30,SPX,7667.91,7645.92,7650.0,689,479,0.0823,0.008604
2026-09-11 12:34:30,SPX,7667.91,7645.92,7690.0,476,211,0.0725,0.008604
2026-09-11 12:34:30,SPX,7667.91,7645.92,7645.0,182,310,0.0836,0.008604
2026-09-11 12:34:30,SPX,7667.91,7645.92,7695.0,338,80,0.0712,0.008604
2026-09-11 12:34:30,SPX,7667.91,7645.92,7640.0,200,323,0.0849,0.008604
2026-09-11 12:34:30,SPX,7667.91,7645.92,7700.0,1626,1747,0.0701,0.008604
2026-09-11 12:34:30,SPX,7667.91,7645.92,7635.0,182,220,0.0869,0.008604
2026-09-11 12:34:30,SPX,7667.91,7645.92,7705.0,533,1534,0.0694,0.008604
2026-09-11 12:34:30,SPX,7667.91,7645.92,7630.0,264,394,0.0885,0.008604
2026-09-11 12:34:30,SPX,7667.91,7645.92,7710.0,476,210,0.0689,0.008604
2026-09-11 12:34:30,SPX,7667.91,7645.92,7625.0,501,685,0.0894,0.008604
2026-09-11 12:34:30,SPX,7667.91,7645.92,7715.0,285,63,0.0685,0.008604
2026-09-11 12:34:30,SPX,7667.91,7645.92,7620.0,131,585,0.0907,0.008604
2026-09-11 12:34:30,SPX,7667.91,7645.92,7720.0,3532,110,0.0683,0.008604
2026-09-11 12:34:30,SPX,7667.91,7645.92,7615.0,337,242,0.0924,0.008604
2026-09-11 12:34:30,SPX,7667.91,7645.92,7725.0,1765,322,0.0681,0.008604
2026-09-11 12:34:30,SPX,7667.91,7645.92,7610.0,352,322,0.0941,0.008604
2026-09-11 12:34:30,SPX,7667.91,7645.92,7730.0,2512,1601,0.0678,0.008604
2026-09-11 12:34:30,SPX,7667.91,7645.92,7605.0,175,382,0.0956,0.008604
2026-09-11 12:34:30,SPX,7667.91,7645.92,7735.0,466,96,0.0677,0.008604
2026-09-11 12:34:30,SPX,7667.91,7645.92,7600.0,738,2009,0.0968,0.008604
2026-09-11 12:34:30,SPX,7667.91,7645.92,7740.0,572,86,0.0676,0.008604
2026-09-11 12:34:30,SPX,7667.91,7645.92,7595.0,116,321,0.0984,0.008604
2026-09-11 12:34:30,SPX,7667.91,7645.92,7745.0,300,35,0.0676,0.008604
2026-09-11 12:34:30,SPX,7667.91,7645.92,7590.0,87,929,0.1005,0.008604
2026-09-11 12:34:30,SPX,7667.91,7645.92,7750.0,1765,383,0.0678,0.008604
2026-09-11 12:34:30,SPX,7667.91,7645.92,7585.0,184,514,0.1021,0.008604
2026-09-11 12:34:30,SPX,7667.91,7645.92,7755.0,2101,22,0.0681,0.008604
2026-09-11 12:34:30,SPX,7667.91,7645.92,7580.0,79,1654,0.1031,0.008604
2026-09-11 12:34:30,SPX,7667.91,7645.92,7760.0,328,107,0.0687,0.008604
2026-09-11 12:34:30,SPX,7667.91,7645.92,7575.0,263,1392,0.1047,0.008604
2026-09-11 12:34:30,SPX,7667.91,7645.92,7765.0,629,31,0.0695,0.008604
2026-09-11 12:34:30,SPX,7667.91,7645.92,7570.0,38,471,0.1067,0.008604
2026-09-11 12:34:30,SPX,7667.91,7645.92,7770.0,747,108,0.0704,0.008604
2026-09-11 12:34:30,SPX,7667.91,7645.92,7565.0,68,381,0.1083,0.008604
2026-09-11 12:34:30,SPX,7667.91,7645.92,7775.0,951,68,0.0715,0.008604
2026-09-11 12:34:30,SPX,7667.91,7645.92,7560.0,59,268,0.1102,0.008604
2026-09-11 12:34:30,SPX,7667.91,7645.92,7780.0,467,77,0.0727,0.008604
2026-09-11 12:34:30,SPX,7667.91,7645.92,7555.0,33,303,0.1121,0.008604
2026-09-11 12:34:30,SPX,7667.91,7645.92,7785.0,824,18,0.0741,0.008604
2026-09-11 12:34:30,SPX,7667.91,7645.92,7550.0,60,731,0.1137,0.008604
2026-09-11 12:34:30,SPX,7667.91,7645.92,7790.0,539,59,0.0755,0.008604
2026-09-11 12:34:30,SPX,7667.91,7645.92,7545.0,0,1520,0.115,0.008604
2026-09-11 12:34:30,SPX,7667.91,7645.92,7670.0,174,344,0.0869,0.011342
2026-09-11 12:34:30,SPX,7667.91,7645.92,7665.0,129,229,0.0885,0.011342
2026-09-11 12:34:30,SPX,7667.91,7645.92,7675.0,2907,2880,0.086,0.011342
2026-09-11 12:34:30,SPX,7667.91,7645.92,7660.0,177,186,0.0897,0.011342
2026-09-11 12:34:30,SPX,7667.91,7645.92,7680.0,179,467,0.085,0.011342
2026-09-11 12:34:30,SPX,7667.91,7645.92,7655.0,245,216,0.0905,0.011342
2026-09-11 12:34:30,SPX,7667.91,7645.92,7685.0,172,665,0.0839,0.011342
2026-09-11 12:34:30,SPX,7667.91,7645.92,7650.0,1685,3419,0.0916,0.011342
2026-09-11 12:34:30,SPX,7667.91,7645.92,7690.0,281,290,0.0829,0.011342
2026-09-11 12:34:30,SPX,7667.91,7645.92,7645.0,86,157,0.0932,0.011342
2026-09-11 12:34:30,SPX,7667.91,7645.92,7695.0,103,103,0.0818,0.011342
2026-09-11 12:34:30,SPX,7667.91,7645.92,7640.0,191,311,0.0948,0.011342
2026-09-11 12:34:30,SPX,7667.91,7645.92,7700.0,3959,725,0.0807,0.011342
2026-09-11 12:34:30,SPX,7667.91,7645.92,7635.0,128,337,0.0961,0.011342
2026-09-11 12:34:30,SPX,7667.91,7645.92,7705.0,272,415,0.0796,0.011342
2026-09-11 12:34:30,SPX,7667.91,7645.92,7630.0,119,471,0.0973,0.011342
2026-09-11 12:34:30,SPX,7667.91,7645.92,7710.0,916,741,0.0787,0.011342
2026-09-11 12:34:30,SPX,7667.91,7645.92,7625.0,86,805,0.0984,0.011342
2026-09-11 12:34:30,SPX,7667.91,7645.92,7715.0,216,106,0.0779,0.011342
2026-09-11 12:34:30,SPX,7667.91,7645.92,7620.0,77,368,0.0996,0.011342
2026-09-11 12:34:30,SPX,7667.91,7645.92,7720.0,637,203,0.0773,0.011342
2026-09-11 12:34:30,SPX,7667.91,7645.92,7615.0,142,184,0.1008,0.011342
2026-09-11 12:34:30,SPX,7667.91,7645.92,7725.0,1165,193,0.0768,0.011342
2026-09-11 12:34:30,SPX,7667.91,7645.92,7610.0,65,373,0.1022,0.011342
2026-09-11 12:34:30,SPX,7667.91,7645.92,7730.0,612,181,0.0763,0.011342
2026-09-11 12:34:30,SPX,7667.91,7645.92,7605.0,142,178,0.1033,0.011342
2026-09-11 12:34:30,SPX,7667.91,7645.92,7735.0,896,20,0.0758,0.011342
2026-09-11 12:34:30,SPX,7667.91,7645.92,7600.0,193,1347,0.1049,0.011342
2026-09-11 12:34:30,SPX,7667.91,7645.92,7740.0,274,69,0.0754,0.011342
2026-09-11 12:34:30,SPX,7667.91,7645.92,7595.0,100,1879,0.1064,0.011342
2026-09-11 12:34:30,SPX,7667.91,7645.92,7745.0,598,74,0.0749,0.011342
2026-09-11 12:34:30,SPX,7667.91,7645.92,7590.0,53,287,0.1074,0.011342
2026-09-11 12:34:30,SPX,7667.91,7645.92,7750.0,2116,797,0.0745,0.011342
2026-09-11 12:34:30,SPX,7667.91,7645.92,7585.0,39,187,0.1089,0.011342
2026-09-11 12:34:30,SPX,7667.91,7645.92,7755.0,199,30,0.0741,0.011342
2026-09-11 12:34:30,SPX,7667.91,7645.92,7580.0,107,379,0.1105,0.011342
2026-09-11 12:34:30,SPX,7667.91,7645.92,7760.0,439,61,0.0738,0.011342
2026-09-11 12:34:30,SPX,7667.91,7645.92,7575.0,63,1093,0.1123,0.011342
2026-09-11 12:34:30,SPX,7667.91,7645.92,7765.0,367,11,0.0736,0.011342
2026-09-11 12:34:30,SPX,7667.91,7645.92,7570.0,49,335,0.114,0.011342
2026-09-11 12:34:30,SPX,7667.91,7645.92,7770.0,332,35,0.0736,0.011342
2026-09-11 12:34:30,SPX,7667.91,7645.92,7565.0,31,302,0.1154,0.011342
2026-09-11 12:34:30,SPX,7667.91,7645.92,7775.0,975,23,0.0737,0.011342
2026-09-11 12:34:30,SPX,7667.91,7645.92,7560.0,34,431,0.1168,0.011342
2026-09-11 12:34:30,SPX,7667.91,7645.92,7780.0,563,122,0.074,0.011342
2026-09-11 12:34:30,SPX,7667.91,7645.92,7555.0,9,260,0.1182,0.011342
2026-09-11 12:34:30,SPX,7667.91,7645.92,7785.0,346,7,0.0744,0.011342
2026-09-11 12:34:30,SPX,7667.91,7645.92,7550.0,44,3021,0.1196,0.011342
2026-09-11 12:34:30,SPX,7667.91,7645.92,7790.0,303,67,0.075,0.011342
2026-09-11 12:34:30,SPX,7667.91,7645.92,7545.0,17,318,0.1209,0.011342
2026-09-11 13:04:55,SPX,7671.05,7641.9,7670.0,2185,745,0.108,0.000333
2026-09-11 13:04:55,SPX,7671.05,7641.9,7675.0,4510,1166,0.1053,0.000333
2026-09-11 13:04:55,SPX,7671.05,7641.9,7665.0,2091,955,0.1119,0.000333
2026-09-11 13:04:55,SPX,7671.05,7641.9,7680.0,2455,1433,0.1049,0.000333
2026-09-11 13:04:55,SPX,7671.05,7641.9,7660.0,3023,851,0.1174,0.000333
2026-09-11 13:04:55,SPX,7671.05,7641.9,7685.0,3231,726,0.1067,0.000333
2026-09-11 13:04:55,SPX,7671.05,7641.9,7655.0,1385,1320,0.1246,0.000333
2026-09-11 13:04:55,SPX,7671.05,7641.9,7690.0,2244,942,0.1114,0.000333
2026-09-11 13:04:55,SPX,7671.05,7641.9,7650.0,3759,4428,0.1329,0.000333
2026-09-11 13:04:55,SPX,7671.05,7641.9,7695.0,1749,582,0.1183,0.000333
2026-09-11 13:04:55,SPX,7671.05,7641.9,7645.0,1683,1482,0.1429,0.000333
2026-09-11 13:04:55,SPX,7671.05,7641.9,7700.0,6357,4328,0.1256,0.000333
2026-09-11 13:04:55,SPX,7671.05,7641.9,7640.0,1084,795,0.1511,0.000333
2026-09-11 13:04:55,SPX,7671.05,7641.9,7705.0,2698,885,0.1335,0.000333
2026-09-11 13:04:55,SPX,7671.05,7641.9,7635.0,2909,1155,0.1627,0.000333
2026-09-11 13:04:55,SPX,7671.05,7641.9,7710.0,2103,1189,0.1437,0.000333
2026-09-11 13:04:55,SPX,7671.05,7641.9,7630.0,2948,1752,0.1735,0.000333
2026-09-11 13:04:55,SPX,7671.05,7641.9,7715.0,2016,1188,0.1563,0.000333
2026-09-11 13:04:55,SPX,7671.05,7641.9,7625.0,1353,1794,0.1847,0.000333
2026-09-11 13:04:55,SPX,7671.05,7641.9,7720.0,5297,634,0.1697,0.000333
2026-09-11 13:04:55,SPX,7671.05,7641.9,7620.0,1249,987,0.1984,0.000333
2026-09-11 13:04:55,SPX,7671.05,7641.9,7725.0,4079,2188,0.1822,0.000333
2026-09-11 13:04:55,SPX,7671.05,7641.9,7615.0,648,1129,0.2015,0.000333
2026-09-11 13:04:55,SPX,7671.05,7641.9,7730.0,1933,620,0.1932,0.000333
2026-09-11 13:04:55,SPX,7671.05,7641.9,7610.0,724,1497,0.2194,0.000333
2026-09-11 13:04:55,SPX,7671.05,7641.9,7735.0,1135,390,0.2035,0.000333
2026-09-11 13:04:55,SPX,7671.05,7641.9,7605.0,872,1068,0.2246,0.000333
2026-09-11 13:04:55,SPX,7671.05,7641.9,7740.0,1625,773,0.2139,0.000333
2026-09-11 13:04:55,SPX,7671.05,7641.9,7600.0,4184,4794,0.2447,0.000333
2026-09-11 13:04:55,SPX,7671.05,7641.9,7745.0,3157,4140,0.2247,0.000333
2026-09-11 13:04:55,SPX,7671.05,7641.9,7595.0,1369,1952,0.2544,0.000333
2026-09-11 13:04:55,SPX,7671.05,7641.9,7750.0,17569,6953,0.2363,0.000333
2026-09-11 13:04:55,SPX,7671.05,7641.9,7590.0,1277,3428,0.2594,0.000333
2026-09-11 13:04:55,SPX,7671.05,7641.9,7755.0,12779,3132,0.2484,0.000333
2026-09-11 13:04:55,SPX,7671.05,7641.9,7585.0,578,1505,0.2695,0.000333
2026-09-11 13:04:55,SPX,7671.05,7641.9,7760.0,4315,210,0.2608,0.000333
2026-09-11 13:04:55,SPX,7671.05,7641.9,7580.0,741,2559,0.2837,0.000333
2026-09-11 13:04:55,SPX,7671.05,7641.9,7765.0,4239,118,0.2732,0.000333
2026-09-11 13:04:55,SPX,7671.05,7641.9,7575.0,799,2389,0.3008,0.000333
2026-09-11 13:04:55,SPX,7671.05,7641.9,7770.0,2823,238,0.2855,0.000333
2026-09-11 13:04:55,SPX,7671.05,7641.9,7570.0,192,3828,0.3187,0.000333
2026-09-11 13:04:55,SPX,7671.05,7641.9,7775.0,10979,944,0.2976,0.000333
2026-09-11 13:04:55,SPX,7671.05,7641.9,7780.0,7029,424,0.3093,0.000333
2026-09-11 13:04:55,SPX,7671.05,7641.9,7560.0,327,1825,0.3472,0.000333
2026-09-11 13:04:55,SPX,7671.05,7641.9,7785.0,1461,91,0.3203,0.000333
2026-09-11 13:04:55,SPX,7671.05,7641.9,7555.0,154,2406,0.3576,0.000333
2026-09-11 13:04:55,SPX,7671.05,7641.9,7790.0,1131,230,0.3303,0.000333
2026-09-11 13:04:55,SPX,7671.05,7641.9,7550.0,413,8096,0.3667,0.000333
2026-09-11 13:04:55,SPX,7671.05,7641.9,7795.0,1324,26,0.3394,0.000333
2026-09-11 13:04:55,SPX,7671.05,7641.9,7670.0,804,263,0.0753,0.008546
2026-09-11 13:04:55,SPX,7671.05,7641.9,7675.0,1878,1298,0.0741,0.008546
2026-09-11 13:04:55,SPX,7671.05,7641.9,7665.0,254,160,0.0765,0.008546
2026-09-11 13:04:55,SPX,7671.05,7641.9,7680.0,546,282,0.0729,0.008546
2026-09-11 13:04:55,SPX,7671.05,7641.9,7660.0,250,124,0.0778,0.008546
2026-09-11 13:04:55,SPX,7671.05,7641.9,7685.0,273,230,0.0716,0.008546
2026-09-11 13:04:55,SPX,7671.05,7641.9,7655.0,235,188,0.0792,0.008546
2026-09-11 13:04:55,SPX,7671.05,7641.9,7690.0,476,211,0.0702,0.008546
2026-09-11 13:04:55,SPX,7671.05,7641.9,7650.0,689,479,0.0805,0.008546
2026-09-11 13:04:55,SPX,7671.05,7641.9,7695.0,338,80,0.069,0.008546
2026-09-11 13:04:55,SPX,7671.05,7641.9,7645.0,182,310,0.0819,0.008546
2026-09-11 13:04:55,SPX,7671.05,7641.9,7700.0,1626,1747,0.0681,0.008546
2026-09-11 13:04:55,SPX,7671.05,7641.9,7640.0,200,323,0.0833,0.008546
2026-09-11 13:04:55,SPX,7671.05,7641.9,7705.0,533,1534,0.0675,0.008546
2026-09-11 13:04:55,SPX,7671.05,7641.9,7635.0,182,220,0.0848,0.008546
2026-09-11 13:04:55,SPX,7671.05,7641.9,7710.0,476,210,0.067,0.008546
2026-09-11 13:04:55,SPX,7671.05,7641.9,7630.0,264,394,0.0866,0.008546
2026-09-11 13:04:55,SPX,7671.05,7641.9,7715.0,285,63,0.0664,0.008546
2026-09-11 13:04:55,SPX,7671.05,7641.9,7625.0,501,685,0.0877,0.008546
2026-09-11 13:04:55,SPX,7671.05,7641.9,7720.0,3532,110,0.066,0.008546
2026-09-11 13:04:55,SPX,7671.05,7641.9,7620.0,131,585,0.0892,0.008546
2026-09-11 13:04:55,SPX,7671.05,7641.9,7725.0,1765,322,0.0656,0.008546
2026-09-11 13:04:55,SPX,7671.05,7641.9,7615.0,337,242,0.0913,0.008546
2026-09-11 13:04:55,SPX,7671.05,7641.9,7730.0,2512,1601,0.0653,0.008546
2026-09-11 13:04:55,SPX,7671.05,7641.9,7610.0,352,322,0.0929,0.008546
2026-09-11 13:04:55,SPX,7671.05,7641.9,7735.0,466,96,0.0651,0.008546
2026-09-11 13:04:55,SPX,7671.05,7641.9,7605.0,175,382,0.0943,0.008546
2026-09-11 13:04:55,SPX,7671.05,7641.9,7740.0,572,86,0.0652,0.008546
2026-09-11 13:04:55,SPX,7671.05,7641.9,7600.0,738,2009,0.0957,0.008546
2026-09-11 13:04:55,SPX,7671.05,7641.9,7745.0,300,35,0.0655,0.008546
2026-09-11 13:04:55,SPX,7671.05,7641.9,7595.0,116,321,0.0968,0.008546
2026-09-11 13:04:55,SPX,7671.05,7641.9,7750.0,1765,383,0.0661,0.008546
2026-09-11 13:04:55,SPX,7671.05,7641.9,7590.0,87,929,0.0984,0.008546
2026-09-11 13:04:55,SPX,7671.05,7641.9,7755.0,2101,22,0.0668,0.008546
2026-09-11 13:04:55,SPX,7671.05,7641.9,7585.0,184,514,0.1003,0.008546
2026-09-11 13:04:55,SPX,7671.05,7641.9,7760.0,328,107,0.0678,0.008546
2026-09-11 13:04:55,SPX,7671.05,7641.9,7580.0,79,1654,0.1023,0.008546
2026-09-11 13:04:55,SPX,7671.05,7641.9,7765.0,629,31,0.0689,0.008546
2026-09-11 13:04:55,SPX,7671.05,7641.9,7575.0,263,1392,0.1032,0.008546
2026-09-11 13:04:55,SPX,7671.05,7641.9,7770.0,747,108,0.0701,0.008546
2026-09-11 13:04:55,SPX,7671.05,7641.9,7570.0,38,471,0.105,0.008546
2026-09-11 13:04:55,SPX,7671.05,7641.9,7775.0,951,68,0.0714,0.008546
2026-09-11 13:04:55,SPX,7671.05,7641.9,7565.0,68,381,0.1066,0.008546
2026-09-11 13:04:55,SPX,7671.05,7641.9,7780.0,467,77,0.0729,0.008546
2026-09-11 13:04:55,SPX,7671.05,7641.9,7560.0,59,268,0.1084,0.008546
2026-09-11 13:04:55,SPX,7671.05,7641.9,7785.0,824,18,0.0744,0.008546
2026-09-11 13:04:55,SPX,7671.05,7641.9,7555.0,33,303,0.1101,0.008546
2026-09-11 13:04:55,SPX,7671.05,7641.9,7790.0,539,59,0.076,0.008546
2026-09-11 13:04:55,SPX,7671.05,7641.9,7550.0,60,731,0.1124,0.008546
2026-09-11 13:04:55,SPX,7671.05,7641.9,7795.0,362,3,0.0777,0.008546
2026-09-11 13:04:55,SPX,7671.05,7641.9,7670.0,174,344,0.085,0.011284
2026-09-11 13:04:55,SPX,7671.05,7641.9,7675.0,2907,2880,0.0838,0.011284
2026-09-11 13:04:55,SPX,7671.05,7641.9,7665.0,129,229,0.086,0.011284
2026-09-11 13:04:55,SPX,7671.05,7641.9,7680.0,179,467,0.0829,0.011284
2026-09-11 13:04:55,SPX,7671.05,7641.9,7660.0,177,186,0.0872,0.011284
2026-09-11 13:04:55,SPX,7671.05,7641.9,7685.0,172,665,0.0819,0.011284
2026-09-11 13:04:55,SPX,7671.05,7641.9,7655.0,245,216,0.0885,0.011284
2026-09-11 13:04:55,SPX,7671.05,7641.9,7690.0,281,290,0.0808,0.011284
2026-09-11 13:04:55,SPX,7671.05,7641.9,7650.0,1685,3419,0.0901,0.011284
2026-09-11 13:04:55,SPX,7671.05,7641.9,7695.0,103,103,0.0797,0.011284
2026-09-11 13:04:55,SPX,7671.05,7641.9,7645.0,86,157,0.0916,0.011284
2026-09-11 13:04:55,SPX,7671.05,7641.9,7700.0,3959,725,0.0785,0.011284
2026-09-11 13:04:55,SPX,7671.05,7641.9,7640.0,191,311,0.0928,0.011284
2026-09-11 13:04:55,SPX,7671.05,7641.9,7705.0,272,415,0.0775,0.011284
2026-09-11 13:04:55,SPX,7671.05,7641.9,7635.0,128,337,0.0937,0.011284
2026-09-11 13:04:55,SPX,7671.05,7641.9,7710.0,916,741,0.0766,0.011284
2026-09-11 13:04:55,SPX,7671.05,7641.9,7630.0,119,471,0.0949,0.011284
2026-09-11 13:04:55,SPX,7671.05,7641.9,7715.0,216,106,0.076,0.011284
2026-09-11 13:04:55,SPX,7671.05,7641.9,7625.0,86,805,0.0965,0.011284
2026-09-11 13:04:55,SPX,7671.05,7641.9,7720.0,637,203,0.0754,0.011284
2026-09-11 13:04:55,SPX,7671.05,7641.9,7620.0,77,368,0.0982,0.011284
2026-09-11 13:04:55,SPX,7671.05,7641.9,7725.0,1165,193,0.0749,0.011284
2026-09-11 13:04:55,SPX,7671.05,7641.9,7615.0,142,184,0.0997,0.011284
2026-09-11 13:04:55,SPX,7671.05,7641.9,7730.0,612,181,0.0743,0.011284
2026-09-11 13:04:55,SPX,7671.05,7641.9,7610.0,65,373,0.1012,0.011284
2026-09-11 13:04:55,SPX,7671.05,7641.9,7735.0,896,20,0.0738,0.011284
2026-09-11 13:04:55,SPX,7671.05,7641.9,7605.0,142,178,0.1025,0.011284
2026-09-11 13:04:55,SPX,7671.05,7641.9,7740.0,274,69,0.0733,0.011284
2026-09-11 13:04:55,SPX,7671.05,7641.9,7600.0,193,1347,0.1035,0.011284
2026-09-11 13:04:55,SPX,7671.05,7641.9,7745.0,598,74,0.0728,0.011284
2026-09-11 13:04:55,SPX,7671.05,7641.9,7595.0,100,1879,0.1046,0.011284
2026-09-11 13:04:55,SPX,7671.05,7641.9,7750.0,2116,797,0.0724,0.011284
2026-09-11 13:04:55,SPX,7671.05,7641.9,7590.0,53,287,0.1061,0.011284
2026-09-11 13:04:55,SPX,7671.05,7641.9,7755.0,199,30,0.0721,0.011284
2026-09-11 13:04:55,SPX,7671.05,7641.9,7585.0,39,187,0.1075,0.011284
2026-09-11 13:04:55,SPX,7671.05,7641.9,7760.0,439,61,0.072,0.011284
2026-09-11 13:04:55,SPX,7671.05,7641.9,7580.0,107,379,0.1094,0.011284
2026-09-11 13:04:55,SPX,7671.05,7641.9,7765.0,367,11,0.0719,0.011284
2026-09-11 13:04:55,SPX,7671.05,7641.9,7575.0,63,1093,0.1111,0.011284
2026-09-11 13:04:55,SPX,7671.05,7641.9,7770.0,332,35,0.0721,0.011284
2026-09-11 13:04:55,SPX,7671.05,7641.9,7570.0,49,335,0.1129,0.011284
2026-09-11 13:04:55,SPX,7671.05,7641.9,7775.0,975,23,0.0724,0.011284
2026-09-11 13:04:55,SPX,7671.05,7641.9,7565.0,31,302,0.1144,0.011284
2026-09-11 13:04:55,SPX,7671.05,7641.9,7780.0,563,122,0.0729,0.011284
2026-09-11 13:04:55,SPX,7671.05,7641.9,7560.0,34,431,0.1158,0.011284
2026-09-11 13:04:55,SPX,7671.05,7641.9,7785.0,346,7,0.0736,0.011284
2026-09-11 13:04:55,SPX,7671.05,7641.9,7555.0,9,260,0.117,0.011284
2026-09-11 13:04:55,SPX,7671.05,7641.9,7790.0,303,67,0.0744,0.011284
2026-09-11 13:04:55,SPX,7671.05,7641.9,7550.0,44,3021,0.1184,0.011284
2026-09-11 13:04:55,SPX,7671.05,7641.9,7795.0,232,0,0.0753,0.011284
2026-09-11 13:35:21,SPX,7674.29,7643.94,7675.0,4510,1166,0.1018,0.000275
2026-09-11 13:35:21,SPX,7674.29,7643.94,7670.0,2185,745,0.1065,0.000275
2026-09-11 13:35:21,SPX,7674.29,7643.94,7680.0,2455,1433,0.1015,0.000275
2026-09-11 13:35:21,SPX,7674.29,7643.94,7665.0,2091,955,0.1114,0.000275
2026-09-11 13:35:21,SPX,7674.29,7643.94,7685.0,3231,726,0.1042,0.000275
2026-09-11 13:35:21,SPX,7674.29,7643.94,7660.0,3023,851,0.1199,0.000275
2026-09-11 13:35:21,SPX,7674.29,7643.94,7690.0,2244,942,0.1087,0.000275
2026-09-11 13:35:21,SPX,7674.29,7643.94,7655.0,1385,1320,0.1285,0.000275
2026-09-11 13:35:21,SPX,7674.29,7643.94,7695.0,1749,582,0.1142,0.000275
2026-09-11 13:35:21,SPX,7674.29,7643.94,7650.0,3759,4428,0.1391,0.000275
2026-09-11 13:35:21,SPX,7674.29,7643.94,7700.0,6357,4328,0.1239,0.000275
2026-09-11 13:35:21,SPX,7674.29,7643.94,7645.0,1683,1482,0.1507,0.000275
2026-09-11 13:35:21,SPX,7674.29,7643.94,7705.0,2698,885,0.1355,0.000275
2026-09-11 13:35:21,SPX,7674.29,7643.94,7640.0,1084,795,0.163,0.000275
2026-09-11 13:35:21,SPX,7674.29,7643.94,7710.0,2103,1189,0.1468,0.000275
2026-09-11 13:35:21,SPX,7674.29,7643.94,7635.0,2909,1155,0.1773,0.000275
2026-09-11 13:35:21,SPX,7674.29,7643.94,7715.0,2016,1188,0.1594,0.000275
2026-09-11 13:35:21,SPX,7674.29,7643.94,7630.0,2948,1752,0.1893,0.000275
2026-09-11 13:35:21,SPX,7674.29,7643.94,7720.0,5297,634,0.1732,0.000275
2026-09-11 13:35:21,SPX,7674.29,7643.94,7625.0,1353,1794,0.2008,0.000275
2026-09-11 13:35:21,SPX,7674.29,7643.94,7725.0,4079,2188,0.1846,0.000275
2026-09-11 13:35:21,SPX,7674.29,7643.94,7620.0,1249,987,0.2141,0.000275
2026-09-11 13:35:21,SPX,7674.29,7643.94,7730.0,1933,620,0.1944,0.000275
2026-09-11 13:35:21,SPX,7674.29,7643.94,7615.0,648,1129,0.2261,0.000275
2026-09-11 13:35:21,SPX,7674.29,7643.94,7735.0,1135,390,0.2047,0.000275
2026-09-11 13:35:21,SPX,7674.29,7643.94,7610.0,724,1497,0.2446,0.000275
2026-09-11 13:35:21,SPX,7674.29,7643.94,7740.0,1625,773,0.2139,0.000275
2026-09-11 13:35:21,SPX,7674.29,7643.94,7605.0,872,1068,0.2559,0.000275
2026-09-11 13:35:21,SPX,7674.29,7643.94,7745.0,3157,4140,0.2237,0.000275
2026-09-11 13:35:21,SPX,7674.29,7643.94,7600.0,4184,4794,0.2655,0.000275
2026-09-11 13:35:21,SPX,7674.29,7643.94,7750.0,17569,6953,0.2344,0.000275
2026-09-11 13:35:21,SPX,7674.29,7643.94,7595.0,1369,1952,0.2783,0.000275
2026-09-11 13:35:21,SPX,7674.29,7643.94,7755.0,12779,3132,0.2459,0.000275
2026-09-11 13:35:21,SPX,7674.29,7643.94,7590.0,1277,3428,0.297,0.000275
2026-09-11 13:35:21,SPX,7674.29,7643.94,7760.0,4315,210,0.2582,0.000275
2026-09-11 13:35:21,SPX,7674.29,7643.94,7585.0,578,1505,0.3158,0.000275
2026-09-11 13:35:21,SPX,7674.29,7643.94,7765.0,4239,118,0.2713,0.000275
2026-09-11 13:35:21,SPX,7674.29,7643.94,7580.0,741,2559,0.3306,0.000275
2026-09-11 13:35:21,SPX,7674.29,7643.94,7770.0,2823,238,0.2846,0.000275
2026-09-11 13:35:21,SPX,7674.29,7643.94,7575.0,799,2389,0.3422,0.000275
2026-09-11 13:35:21,SPX,7674.29,7643.94,7775.0,10979,944,0.298,0.000275
2026-09-11 13:35:21,SPX,7674.29,7643.94,7570.0,192,3828,0.3528,0.000275
2026-09-11 13:35:21,SPX,7674.29,7643.94,7780.0,7029,424,0.3111,0.000275
2026-09-11 13:35:21,SPX,7674.29,7643.94,7565.0,228,1269,0.3638,0.000275
2026-09-11 13:35:21,SPX,7674.29,7643.94,7785.0,1461,91,0.3236,0.000275
2026-09-11 13:35:21,SPX,7674.29,7643.94,7560.0,327,1825,0.3756,0.000275
2026-09-11 13:35:21,SPX,7674.29,7643.94,7790.0,1131,230,0.3354,0.000275
2026-09-11 13:35:21,SPX,7674.29,7643.94,7555.0,154,2406,0.3877,0.000275
2026-09-11 13:35:21,SPX,7674.29,7643.94,7795.0,1324,26,0.3464,0.000275
2026-09-11 13:35:21,SPX,7674.29,7643.94,7550.0,413,8096,0.3999,0.000275
2026-09-11 13:35:21,SPX,7674.29,7643.94,7675.0,1878,1298,0.0724,0.008489
2026-09-11 13:35:21,SPX,7674.29,7643.94,7670.0,804,263,0.0735,0.008489
2026-09-11 13:35:21,SPX,7674.29,7643.94,7680.0,546,282,0.071,0.008489
2026-09-11 13:35:21,SPX,7674.29,7643.94,7665.0,254,160,0.0748,0.008489
2026-09-11 13:35:21,SPX,7674.29,7643.94,7685.0,273,230,0.0697,0.008489
2026-09-11 13:35:21,SPX,7674.29,7643.94,7660.0,250,124,0.0763,0.008489
2026-09-11 13:35:21,SPX,7674.29,7643.94,7690.0,476,211,0.0683,0.008489
2026-09-11 13:35:21,SPX,7674.29,7643.94,7655.0,235,188,0.0777,0.008489
2026-09-11 13:35:21,SPX,7674.29,7643.94,7695.0,338,80,0.0671,0.008489
2026-09-11 13:35:21,SPX,7674.29,7643.94,7650.0,689,479,0.0792,0.008489
2026-09-11 13:35:21,SPX,7674.29,7643.94,7700.0,1626,1747,0.0661,0.008489
2026-09-11 13:35:21,SPX,7674.29,7643.94,7645.0,182,310,0.0805,0.008489
2026-09-11 13:35:21,SPX,7674.29,7643.94,7705.0,533,1534,0.0653,0.008489
2026-09-11 13:35:21,SPX,7674.29,7643.94,7640.0,200,323,0.0816,0.008489
2026-09-11 13:35:21,SPX,7674.29,7643.94,7710.0,476,210,0.0647,0.008489
2026-09-11 13:35:21,SPX,7674.29,7643.94,7635.0,182,220,0.0839,0.008489
2026-09-11 13:35:21,SPX,7674.29,7643.94,7715.0,285,63,0.0641,0.008489
2026-09-11 13:35:21,SPX,7674.29,7643.94,7630.0,264,394,0.0847,0.008489
2026-09-11 13:35:21,SPX,7674.29,7643.94,7720.0,3532,110,0.0634,0.008489
2026-09-11 13:35:21,SPX,7674.29,7643.94,7625.0,501,685,0.086,0.008489
2026-09-11 13:35:21,SPX,7674.29,7643.94,7725.0,1765,322,0.0628,0.008489
2026-09-11 13:35:21,SPX,7674.29,7643.94,7620.0,131,585,0.0882,0.008489
2026-09-11 13:35:21,SPX,7674.29,7643.94,7730.0,2512,1601,0.0623,0.008489
2026-09-11 13:35:21,SPX,7674.29,7643.94,7615.0,337,242,0.09,0.008489
2026-09-11 13:35:21,SPX,7674.29,7643.94,7735.0,466,96,0.062,0.008489
2026-09-11 13:35:21,SPX,7674.29,7643.94,7610.0,352,322,0.0914,0.008489
2026-09-11 13:35:21,SPX,7674.29,7643.94,7740.0,572,86,0.0619,0.008489
2026-09-11 13:35:21,SPX,7674.29,7643.94,7605.0,175,382,0.0922,0.008489
2026-09-11 13:35:21,SPX,7674.29,7643.94,7745.0,300,35,0.0621,0.008489
2026-09-11 13:35:21,SPX,7674.29,7643.94,7600.0,738,2009,0.094,0.008489
2026-09-11 13:35:21,SPX,7674.29,7643.94,7750.0,1765,383,0.0625,0.008489
2026-09-11 13:35:21,SPX,7674.29,7643.94,7595.0,116,321,0.0955,0.008489
2026-09-11 13:35:21,SPX,7674.29,7643.94,7755.0,2101,22,0.0632,0.008489
2026-09-11 13:35:21,SPX,7674.29,7643.94,7590.0,87,929,0.0967,0.008489
2026-09-11 13:35:21,SPX,7674.29,7643.94,7760.0,328,107,0.0641,0.008489
2026-09-11 13:35:21,SPX,7674.29,7643.94,7585.0,184,514,0.0984,0.008489
2026-09-11 13:35:21,SPX,7674.29,7643.94,7765.0,629,31,0.0651,0.008489
2026-09-11 13:35:21,SPX,7674.29,7643.94,7580.0,79,1654,0.1002,0.008489
2026-09-11 13:35:21,SPX,7674.29,7643.94,7770.0,747,108,0.0664,0.008489
2026-09-11 13:35:21,SPX,7674.29,7643.94,7575.0,263,1392,0.1022,0.008489
2026-09-11 13:35:21,SPX,7674.29,7643.94,7775.0,951,68,0.0677,0.008489
2026-09-11 13:35:21,SPX,7674.29,7643.94,7570.0,38,471,0.1037,0.008489
2026-09-11 13:35:21,SPX,7674.29,7643.94,7780.0,467,77,0.0692,0.008489
2026-09-11 13:35:21,SPX,7674.29,7643.94,7565.0,68,381,0.1058,0.008489
2026-09-11 13:35:21,SPX,7674.29,7643.94,7785.0,824,18,0.0708,0.008489
2026-09-11 13:35:21,SPX,7674.29,7643.94,7560.0,59,268,0.1078,0.008489
2026-09-11 13:35:21,SPX,7674.29,7643.94,7790.0,539,59,0.0725,0.008489
2026-09-11 13:35:21,SPX,7674.29,7643.94,7555.0,33,303,0.1096,0.008489
2026-09-11 13:35:21,SPX,7674.29,7643.94,7795.0,362,3,0.0742,0.008489
2026-09-11 13:35:21,SPX,7674.29,7643.94,7550.0,60,731,0.1116,0.008489
2026-09-11 13:35:21,SPX,7674.29,7643.94,7675.0,2907,2880,0.0824,0.011226
2026-09-11 13:35:21,SPX,7674.29,7643.94,7670.0,174,344,0.0838,0.011226
2026-09-11 13:35:21,SPX,7674.29,7643.94,7680.0,179,467,0.0813,0.011226
2026-09-11 13:35:21,SPX,7674.29,7643.94,7665.0,129,229,0.0854,0.011226
2026-09-11 13:35:21,SPX,7674.29,7643.94,7685.0,172,665,0.0804,0.011226
2026-09-11 13:35:21,SPX,7674.29,7643.94,7660.0,177,186,0.0863,0.011226
2026-09-11 13:35:21,SPX,7674.29,7643.94,7690.0,281,290,0.0793,0.011226
2026-09-11 13:35:21,SPX,7674.29,7643.94,7655.0,245,216,0.0874,0.011226
2026-09-11 13:35:21,SPX,7674.29,7643.94,7695.0,103,103,0.0783,0.011226
2026-09-11 13:35:21,SPX,7674.29,7643.94,7650.0,1685,3419,0.0889,0.011226
2026-09-11 13:35:21,SPX,7674.29,7643.94,7700.0,3959,725,0.0773,0.011226
2026-09-11 13:35:21,SPX,7674.29,7643.94,7645.0,86,157,0.0906,0.011226
2026-09-11 13:35:21,SPX,7674.29,7643.94,7705.0,272,415,0.0763,0.011226
2026-09-11 13:35:21,SPX,7674.29,7643.94,7640.0,191,311,0.0919,0.011226
2026-09-11 13:35:21,SPX,7674.29,7643.94,7710.0,916,741,0.0752,0.011226
2026-09-11 13:35:21,SPX,7674.29,7643.94,7635.0,128,337,0.0931,0.011226
2026-09-11 13:35:21,SPX,7674.29,7643.94,7715.0,216,106,0.0741,0.011226
2026-09-11 13:35:21,SPX,7674.29,7643.94,7630.0,119,471,0.0943,0.011226
2026-09-11 13:35:21,SPX,7674.29,7643.94,7720.0,637,203,0.0733,0.011226
2026-09-11 13:35:21,SPX,7674.29,7643.94,7625.0,86,805,0.0955,0.011226
2026-09-11 13:35:21,SPX,7674.29,7643.94,7725.0,1165,193,0.0727,0.011226
2026-09-11 13:35:21,SPX,7674.29,7643.94,7620.0,77,368,0.0969,0.011226
2026-09-11 13:35:21,SPX,7674.29,7643.94,7730.0,612,181,0.0723,0.011226
2026-09-11 13:35:21,SPX,7674.29,7643.94,7615.0,142,184,0.0984,0.011226
2026-09-11 13:35:21,SPX,7674.29,7643.94,7735.0,896,20,0.0719,0.011226
2026-09-11 13:35:21,SPX,7674.29,7643.94,7610.0,65,373,0.0995,0.011226
2026-09-11 13:35:21,SPX,7674.29,7643.94,7740.0,274,69,0.0715,0.011226
2026-09-11 13:35:21,SPX,7674.29,7643.94,7605.0,142,178,0.1007,0.011226
2026-09-11 13:35:21,SPX,7674.29,7643.94,7745.0,598,74,0.0709,0.011226
2026-09-11 13:35:21,SPX,7674.29,7643.94,7600.0,193,1347,0.1024,0.011226
2026-09-11 13:35:21,SPX,7674.29,7643.94,7750.0,2116,797,0.0704,0.011226
2026-09-11 13:35:21,SPX,7674.29,7643.94,7595.0,100,1879,0.1037,0.011226
2026-09-11 13:35:21,SPX,7674.29,7643.94,7755.0,199,30,0.0699,0.011226
2026-09-11 13:35:21,SPX,7674.29,7643.94,7590.0,53,287,0.105,0.011226
2026-09-11 13:35:21,SPX,7674.29,7643.94,7760.0,439,61,0.0696,0.011226
2026-09-11 13:35:21,SPX,7674.29,7643.94,7585.0,39,187,0.1065,0.011226
2026-09-11 13:35:21,SPX,7674.29,7643.94,7765.0,367,11,0.0694,0.011226
2026-09-11 13:35:21,SPX,7674.29,7643.94,7580.0,107,379,0.1082,0.011226
2026-09-11 13:35:21,SPX,7674.29,7643.94,7770.0,332,35,0.0693,0.011226
2026-09-11 13:35:21,SPX,7674.29,7643.94,7575.0,63,1093,0.1099,0.011226
2026-09-11 13:35:21,SPX,7674.29,7643.94,7775.0,975,23,0.0695,0.011226
2026-09-11 13:35:21,SPX,7674.29,7643.94,7570.0,49,335,0.1116,0.011226
2026-09-11 13:35:21,SPX,7674.29,7643.94,7780.0,563,122,0.0699,0.011226
2026-09-11 13:35:21,SPX,7674.29,7643.94,7565.0,31,302,0.1131,0.011226
2026-09-11 13:35:21,SPX,7674.29,7643.94,7785.0,346,7,0.0705,0.011226
2026-09-11 13:35:21,SPX,7674.29,7643.94,7560.0,34,431,0.1147,0.011226
2026-09-11 13:35:21,SPX,7674.29,7643.94,7790.0,303,67,0.0713,0.011226
2026-09-11 13:35:21,SPX,7674.29,7643.94,7555.0,9,260,0.1161,0.011226
2026-09-11 13:35:21,SPX,7674.29,7643.94,7795.0,232,0,0.0722,0.011226
2026-09-11 13:35:21,SPX,7674.29,7643.94,7550.0,44,3021,0.1174,0.011226
2026-09-11 14:05:46,SPX,7672.13,7645.1,7670.0,2185,745,0.0971,0.000217
2026-09-11 14:05:46,SPX,7672.13,7645.1,7675.0,4510,1166,0.0943,0.000217
2026-09-11 14:05:46,SPX,7672.13,7645.1,7665.0,2091,955,0.1029,0.000217
2026-09-11 14:05:46,SPX,7672.13,7645.1,7680.0,2455,1433,0.0951,0.000217
2026-09-11 14:05:46,SPX,7672.13,7645.1,7660.0,3023,851,0.1135,0.000217
2026-09-11 14:05:46,SPX,7672.13,7645.1,7685.0,3231,726,0.1012,0.000217
2026-09-11 14:05:46,SPX,7672.13,7645.1,7655.0,1385,1320,0.1267,0.000217
2026-09-11 14:05:46,SPX,7672.13,7645.1,7690.0,2244,942,0.11,0.000217
2026-09-11 14:05:46,SPX,7672.13,7645.1,7650.0,3759,4428,0.1407,0.000217
2026-09-11 14:05:46,SPX,7672.13,7645.1,7695.0,1749,582,0.1214,0.000217
2026-09-11 14:05:46,SPX,7672.13,7645.1,7645.0,1683,1482,0.1563,0.000217
2026-09-11 14:05:46,SPX,7672.13,7645.1,7700.0,6357,4328,0.1347,0.000217
2026-09-11 14:05:46,SPX,7672.13,7645.1,7640.0,1084,795,0.1699,0.000217
2026-09-11 14:05:46,SPX,7672.13,7645.1,7705.0,2698,885,0.148,0.000217
2026-09-11 14:05:46,SPX,7672.13,7645.1,7635.0,2909,1155,0.1853,0.000217
2026-09-11 14:05:46,SPX,7672.13,7645.1,7710.0,2103,1189,0.1621,0.000217
2026-09-11 14:05:46,SPX,7672.13,7645.1,7630.0,2948,1752,0.2023,0.000217
2026-09-11 14:05:46,SPX,7672.13,7645.1,7715.0,2016,1188,0.1771,0.000217
2026-09-11 14:05:46,SPX,7672.13,7645.1,7625.0,1353,1794,0.2177,0.000217
2026-09-11 14:05:46,SPX,7672.13,7645.1,7720.0,5297,634,0.1916,0.000217
2026-09-11 14:05:46,SPX,7672.13,7645.1,7620.0,1249,987,0.2304,0.000217
2026-09-11 14:05:46,SPX,7672.13,7645.1,7725.0,4079,2188,0.2039,0.000217
2026-09-11 14:05:46,SPX,7672.13,7645.1,7615.0,648,1129,0.2513,0.000217
2026-09-11 14:05:46,SPX,7672.13,7645.1,7730.0,1933,620,0.2144,0.000217
2026-09-11 14:05:46,SPX,7672.13,7645.1,7610.0,724,1497,0.2587,0.000217
2026-09-11 14:05:46,SPX,7672.13,7645.1,7735.0,1135,390,0.2245,0.000217
2026-09-11 14:05:46,SPX,7672.13,7645.1,7605.0,872,1068,0.2742,0.000217
2026-09-11 14:05:46,SPX,7672.13,7645.1,7740.0,1625,773,0.2359,0.000217
2026-09-11 14:05:46,SPX,7672.13,7645.1,7600.0,4184,4794,0.2929,0.000217
2026-09-11 14:05:46,SPX,7672.13,7645.1,7745.0,3157,4140,0.2492,0.000217
2026-09-11 14:05:46,SPX,7672.13,7645.1,7595.0,1369,1952,0.313,0.000217
2026-09-11 14:05:46,SPX,7672.13,7645.1,7750.0,17569,6953,0.2638,0.000217
2026-09-11 14:05:46,SPX,7672.13,7645.1,7590.0,1277,3428,0.3311,0.000217
2026-09-11 14:05:46,SPX,7672.13,7645.1,7755.0,12779,3132,0.279,0.000217
2026-09-11 14:05:46,SPX,7672.13,7645.1,7585.0,578,1505,0.3454,0.000217
2026-09-11 14:05:46,SPX,7672.13,7645.1,7760.0,4315,210,0.2941,0.000217
2026-09-11 14:05:46,SPX,7672.13,7645.1,7580.0,741,2559,0.3573,0.000217
2026-09-11 14:05:46,SPX,7672.13,7645.1,7765.0,4239,118,0.3087,0.000217
2026-09-11 14:05:46,SPX,7672.13,7645.1,7575.0,799,2389,0.369,0.000217
2026-09-11 14:05:46,SPX,7672.13,7645.1,7770.0,2823,238,0.3228,0.000217
2026-09-11 14:05:46,SPX,7672.13,7645.1,7570.0,192,3828,0.3814,0.000217
2026-09-11 14:05:46,SPX,7672.13,7645.1,7775.0,10979,944,0.3361,0.000217
2026-09-11 14:05:46,SPX,7672.13,7645.1,7565.0,228,1269,0.3947,0.000217
2026-09-11 14:05:46,SPX,7672.13,7645.1,7780.0,7029,424,0.3486,0.000217
2026-09-11 14:05:46,SPX,7672.13,7645.1,7560.0,327,1825,0.4084,0.000217
2026-09-11 14:05:46,SPX,7672.13,7645.1,7785.0,1461,91,0.3603,0.000217
2026-09-11 14:05:46,SPX,7672.13,7645.1,7555.0,154,2406,0.4227,0.000217
2026-09-11 14:05:46,SPX,7672.13,7645.1,7790.0,1131,230,0.3709,0.000217
2026-09-11 14:05:46,SPX,7672.13,7645.1,7550.0,413,8096,0.4374,0.000217
2026-09-11 14:05:46,SPX,7672.13,7645.1,7795.0,1324,26,0.3805,0.000217
2026-09-11 14:05:46,SPX,7672.13,7645.1,7670.0,804,263,0.0724,0.008431
2026-09-11 14:05:46,SPX,7672.13,7645.1,7675.0,1878,1298,0.0714,0.008431
2026-09-11 14:05:46,SPX,7672.13,7645.1,7665.0,254,160,0.0736,0.008431
2026-09-11 14:05:46,SPX,7672.13,7645.1,7680.0,546,282,0.07,0.008431
2026-09-11 14:05:46,SPX,7672.13,7645.1,7660.0,250,124,0.075,0.008431
2026-09-11 14:05:46,SPX,7672.13,7645.1,7685.0,273,230,0.0687,0.008431
2026-09-11 14:05:46,SPX,7672.13,7645.1,7655.0,235,188,0.0761,0.008431
2026-09-11 14:05:46,SPX,7672.13,7645.1,7690.0,476,211,0.0674,0.008431
2026-09-11 14:05:46,SPX,7672.13,7645.1,7650.0,689,479,0.0774,0.008431
2026-09-11 14:05:46,SPX,7672.13,7645.1,7695.0,338,80,0.0663,0.008431
2026-09-11 14:05:46,SPX,7672.13,7645.1,7645.0,182,310,0.0788,0.008431
2026-09-11 14:05:46,SPX,7672.13,7645.1,7700.0,1626,1747,0.0654,0.008431
2026-09-11 14:05:46,SPX,7672.13,7645.1,7640.0,200,323,0.0802,0.008431
2026-09-11 14:05:46,SPX,7672.13,7645.1,7705.0,533,1534,0.0648,0.008431
2026-09-11 14:05:46,SPX,7672.13,7645.1,7635.0,182,220,0.0815,0.008431
2026-09-11 14:05:46,SPX,7672.13,7645.1,7710.0,476,210,0.0642,0.008431
2026-09-11 14:05:46,SPX,7672.13,7645.1,7630.0,264,394,0.0838,0.008431
2026-09-11 14:05:46,SPX,7672.13,7645.1,7715.0,285,63,0.0635,0.008431
2026-09-11 14:05:46,SPX,7672.13,7645.1,7625.0,501,685,0.085,0.008431
2026-09-11 14:05:46,SPX,7672.13,7645.1,7720.0,3532,110,0.0628,0.008431
2026-09-11 14:05:46,SPX,7672.13,7645.1,7620.0,131,585,0.0858,0.008431
2026-09-11 14:05:46,SPX,7672.13,7645.1,7725.0,1765,322,0.0622,0.008431
2026-09-11 14:05:46,SPX,7672.13,7645.1,7615.0,337,242,0.0874,0.008431
2026-09-11 14:05:46,SPX,7672.13,7645.1,7730.0,2512,1601,0.0616,0.008431
2026-09-11 14:05:46,SPX,7672.13,7645.1,7610.0,352,322,0.0895,0.008431
2026-09-11 14:05:46,SPX,7672.13,7645.1,7735.0,466,96,0.0613,0.008431
2026-09-11 14:05:46,SPX,7672.13,7645.1,7605.0,175,382,0.0914,0.008431
2026-09-11 14:05:46,SPX,7672.13,7645.1,7740.0,572,86,0.0612,0.008431
2026-09-11 14:05:46,SPX,7672.13,7645.1,7600.0,738,2009,0.0928,0.008431
2026-09-11 14:05:46,SPX,7672.13,7645.1,7745.0,300,35,0.0614,0.008431
2026-09-11 14:05:46,SPX,7672.13,7645.1,7595.0,116,321,0.0938,0.008431
2026-09-11 14:05:46,SPX,7672.13,7645.1,7750.0,1765,383,0.0619,0.008431
2026-09-11 14:05:46,SPX,7672.13,7645.1,7590.0,87,929,0.0954,0.008431
2026-09-11 14:05:46,SPX,7672.13,7645.1,7755.0,2101,22,0.0628,0.008431
2026-09-11 14:05:46,SPX,7672.13,7645.1,7585.0,184,514,0.0978,0.008431
2026-09-11 14:05:46,SPX,7672.13,7645.1,7760.0,328,107,0.0639,0.008431
2026-09-11 14:05:46,SPX,7672.13,7645.1,7580.0,79,1654,0.0994,0.008431
2026-09-11 14:05:46,SPX,7672.13,7645.1,7765.0,629,31,0.0651,0.008431
2026-09-11 14:05:46,SPX,7672.13,7645.1,7575.0,263,1392,0.1002,0.008431
2026-09-11 14:05:46,SPX,7672.13,7645.1,7770.0,747,108,0.0666,0.008431
2026-09-11 14:05:46,SPX,7672.13,7645.1,7570.0,38,471,0.102,0.008431
2026-09-11 14:05:46,SPX,7672.13,7645.1,7775.0,951,68,0.0682,0.008431
2026-09-11 14:05:46,SPX,7672.13,7645.1,7565.0,68,381,0.1044,0.008431
2026-09-11 14:05:46,SPX,7672.13,7645.1,7780.0,467,77,0.0698,0.008431
2026-09-11 14:05:46,SPX,7672.13,7645.1,7560.0,59,268,0.1066,0.008431
2026-09-11 14:05:46,SPX,7672.13,7645.1,7785.0,824,18,0.0715,0.008431
2026-09-11 14:05:46,SPX,7672.13,7645.1,7555.0,33,303,0.1087,0.008431
2026-09-11 14:05:46,SPX,7672.13,7645.1,7790.0,539,59,0.0732,0.008431
2026-09-11 14:05:46,SPX,7672.13,7645.1,7550.0,60,731,0.1102,0.008431
2026-09-11 14:05:46,SPX,7672.13,7645.1,7795.0,362,3,0.0749,0.008431
2026-09-11 14:05:46,SPX,7672.13,7645.1,7670.0,174,344,0.0825,0.011169
2026-09-11 14:05:46,SPX,7672.13,7645.1,7675.0,2907,2880,0.0814,0.011169
2026-09-11 14:05:46,SPX,7672.13,7645.1,7665.0,129,229,0.0836,0.011169
2026-09-11 14:05:46,SPX,7672.13,7645.1,7680.0,179,467,0.0804,0.011169
2026-09-11 14:05:46,SPX,7672.13,7645.1,7660.0,177,186,0.0849,0.011169
2026-09-11 14:05:46,SPX,7672.13,7645.1,7685.0,172,665,0.0795,0.011169
2026-09-11 14:05:46,SPX,7672.13,7645.1,7655.0,245,216,0.0861,0.011169
2026-09-11 14:05:46,SPX,7672.13,7645.1,7690.0,281,290,0.0786,0.011169
2026-09-11 14:05:46,SPX,7672.13,7645.1,7650.0,1685,3419,0.0875,0.011169
2026-09-11 14:05:46,SPX,7672.13,7645.1,7695.0,103,103,0.0777,0.011169
2026-09-11 14:05:46,SPX,7672.13,7645.1,7645.0,86,157,0.0887,0.011169
2026-09-11 14:05:46,SPX,7672.13,7645.1,7700.0,3959,725,0.0766,0.011169
2026-09-11 14:05:46,SPX,7672.13,7645.1,7640.0,191,311,0.0901,0.011169
2026-09-11 14:05:46,SPX,7672.13,7645.1,7705.0,272,415,0.0755,0.011169
2026-09-11 14:05:46,SPX,7672.13,7645.1,7635.0,128,337,0.0917,0.011169
2026-09-11 14:05:46,SPX,7672.13,7645.1,7710.0,916,741,0.0744,0.011169
2026-09-11 14:05:46,SPX,7672.13,7645.1,7630.0,119,471,0.0931,0.011169
2026-09-11 14:05:46,SPX,7672.13,7645.1,7715.0,216,106,0.0735,0.011169
2026-09-11 14:05:46,SPX,7672.13,7645.1,7625.0,86,805,0.0942,0.011169
2026-09-11 14:05:46,SPX,7672.13,7645.1,7720.0,637,203,0.0728,0.011169
2026-09-11 14:05:46,SPX,7672.13,7645.1,7620.0,77,368,0.0953,0.011169
2026-09-11 14:05:46,SPX,7672.13,7645.1,7725.0,1165,193,0.0721,0.011169
2026-09-11 14:05:46,SPX,7672.13,7645.1,7615.0,142,184,0.0966,0.011169
2026-09-11 14:05:46,SPX,7672.13,7645.1,7730.0,612,181,0.0716,0.011169
2026-09-11 14:05:46,SPX,7672.13,7645.1,7610.0,65,373,0.0982,0.011169
2026-09-11 14:05:46,SPX,7672.13,7645.1,7735.0,896,20,0.0712,0.011169
2026-09-11 14:05:46,SPX,7672.13,7645.1,7605.0,142,178,0.0999,0.011169
2026-09-11 14:05:46,SPX,7672.13,7645.1,7740.0,274,69,0.0707,0.011169
2026-09-11 14:05:46,SPX,7672.13,7645.1,7600.0,193,1347,0.1012,0.011169
2026-09-11 14:05:46,SPX,7672.13,7645.1,7745.0,598,74,0.0702,0.011169
2026-09-11 14:05:46,SPX,7672.13,7645.1,7595.0,100,1879,0.1024,0.011169
2026-09-11 14:05:46,SPX,7672.13,7645.1,7750.0,2116,797,0.0698,0.011169
2026-09-11 14:05:46,SPX,7672.13,7645.1,7590.0,53,287,0.1037,0.011169
2026-09-11 14:05:46,SPX,7672.13,7645.1,7755.0,199,30,0.0694,0.011169
2026-09-11 14:05:46,SPX,7672.13,7645.1,7585.0,39,187,0.1048,0.011169
2026-09-11 14:05:46,SPX,7672.13,7645.1,7760.0,439,61,0.0691,0.011169
2026-09-11 14:05:46,SPX,7672.13,7645.1,7580.0,107,379,0.1066,0.011169
2026-09-11 14:05:46,SPX,7672.13,7645.1,7765.0,367,11,0.069,0.011169
2026-09-11 14:05:46,SPX,7672.13,7645.1,7575.0,63,1093,0.1081,0.011169
2026-09-11 14:05:46,SPX,7672.13,7645.1,7770.0,332,35,0.069,0.011169
2026-09-11 14:05:46,SPX,7672.13,7645.1,7570.0,49,335,0.1101,0.011169
2026-09-11 14:05:46,SPX,7672.13,7645.1,7775.0,975,23,0.0692,0.011169
2026-09-11 14:05:46,SPX,7672.13,7645.1,7565.0,31,302,0.1117,0.011169
2026-09-11 14:05:46,SPX,7672.13,7645.1,7780.0,563,122,0.0696,0.011169
2026-09-11 14:05:46,SPX,7672.13,7645.1,7560.0,34,431,0.1132,0.011169
2026-09-11 14:05:46,SPX,7672.13,7645.1,7785.0,346,7,0.0702,0.011169
2026-09-11 14:05:46,SPX,7672.13,7645.1,7555.0,9,260,0.1147,0.011169
2026-09-11 14:05:46,SPX,7672.13,7645.1,7790.0,303,67,0.071,0.011169
2026-09-11 14:05:46,SPX,7672.13,7645.1,7550.0,44,3021,0.1162,0.011169
2026-09-11 14:05:46,SPX,7672.13,7645.1,7795.0,232,0,0.072,0.011169
2026-09-11 14:36:12,SPX,7667.85,7646.34,7670.0,2185,745,0.0941,0.000159
2026-09-11 14:36:12,SPX,7667.85,7646.34,7665.0,2091,955,0.0999,0.000159
2026-09-11 14:36:12,SPX,7667.85,7646.34,7675.0,4510,1166,0.0959,0.000159
2026-09-11 14:36:12,SPX,7667.85,7646.34,7660.0,3023,851,0.1103,0.000159
2026-09-11 14:36:12,SPX,7667.85,7646.34,7680.0,2455,1433,0.1009,0.000159
2026-09-11 14:36:12,SPX,7667.85,7646.34,7655.0,1385,1320,0.1246,0.000159
2026-09-11 14:36:12,SPX,7667.85,7646.34,7685.0,3231,726,0.112,0.000159
2026-09-11 14:36:12,SPX,7667.85,7646.34,7650.0,3759,4428,0.1415,0.000159
2026-09-11 14:36:12,SPX,7667.85,7646.34,7690.0,2244,942,0.1265,0.000159
2026-09-11 14:36:12,SPX,7667.85,7646.34,7645.0,1683,1482,0.1569,0.000159
2026-09-11 14:36:12,SPX,7667.85,7646.34,7695.0,1749,582,0.1428,0.000159
2026-09-11 14:36:12,SPX,7667.85,7646.34,7640.0,1084,795,0.1738,0.000159
2026-09-11 14:36:12,SPX,7667.85,7646.34,7700.0,6357,4328,0.1578,0.000159
2026-09-11 14:36:12,SPX,7667.85,7646.34,7635.0,2909,1155,0.1918,0.000159
2026-09-11 14:36:12,SPX,7667.85,7646.34,7705.0,2698,885,0.1714,0.000159
2026-09-11 14:36:12,SPX,7667.85,7646.34,7630.0,2948,1752,0.2028,0.000159
2026-09-11 14:36:12,SPX,7667.85,7646.34,7710.0,2103,1189,0.1871,0.000159
2026-09-11 14:36:12,SPX,7667.85,7646.34,7625.0,1353,1794,0.2231,0.000159
2026-09-11 14:36:12,SPX,7667.85,7646.34,7715.0,2016,1188,0.205,0.000159
2026-09-11 14:36:12,SPX,7667.85,7646.34,7620.0,1249,987,0.2345,0.000159
2026-09-11 14:36:12,SPX,7667.85,7646.34,7720.0,5297,634,0.2228,0.000159
2026-09-11 14:36:12,SPX,7667.85,7646.34,7615.0,648,1129,0.2555,0.000159
2026-09-11 14:36:12,SPX,7667.85,7646.34,7725.0,4079,2188,0.2396,0.000159
2026-09-11 14:36:12,SPX,7667.85,7646.34,7610.0,724,1497,0.2761,0.000159
2026-09-11 14:36:12,SPX,7667.85,7646.34,7730.0,1933,620,0.2561,0.000159
2026-09-11 14:36:12,SPX,7667.85,7646.34,7605.0,872,1068,0.2956,0.000159
2026-09-11 14:36:12,SPX,7667.85,7646.34,7735.0,1135,390,0.2727,0.000159
2026-09-11 14:36:12,SPX,7667.85,7646.34,7600.0,4184,4794,0.3153,0.000159
2026-09-11 14:36:12,SPX,7667.85,7646.34,7740.0,1625,773,0.2894,0.000159
2026-09-11 14:36:12,SPX,7667.85,7646.34,7595.0,1369,1952,0.3357,0.000159
2026-09-11 14:36:12,SPX,7667.85,7646.34,7745.0,3157,4140,0.3057,0.000159
2026-09-11 14:36:12,SPX,7667.85,7646.34,7590.0,1277,3428,0.3545,0.000159
2026-09-11 14:36:12,SPX,7667.85,7646.34,7750.0,17569,6953,0.3212,0.000159
2026-09-11 14:36:12,SPX,7667.85,7646.34,7585.0,578,1505,0.3706,0.000159
2026-09-11 14:36:12,SPX,7667.85,7646.34,7755.0,12779,3132,0.3359,0.000159
2026-09-11 14:36:12,SPX,7667.85,7646.34,7580.0,741,2559,0.3855,0.000159
2026-09-11 14:36:12,SPX,7667.85,7646.34,7760.0,4315,210,0.3499,0.000159
2026-09-11 14:36:12,SPX,7667.85,7646.34,7575.0,799,2389,0.4004,0.000159
2026-09-11 14:36:12,SPX,7667.85,7646.34,7765.0,4239,118,0.3633,0.000159
2026-09-11 14:36:12,SPX,7667.85,7646.34,7570.0,192,3828,0.4162,0.000159
2026-09-11 14:36:12,SPX,7667.85,7646.34,7770.0,2823,238,0.376,0.000159
2026-09-11 14:36:12,SPX,7667.85,7646.34,7565.0,228,1269,0.4328,0.000159
2026-09-11 14:36:12,SPX,7667.85,7646.34,7775.0,10979,944,0.3879,0.000159
2026-09-11 14:36:12,SPX,7667.85,7646.34,7560.0,327,1825,0.4503,0.000159
2026-09-11 14:36:12,SPX,7667.85,7646.34,7780.0,7029,424,0.399,0.000159
2026-09-11 14:36:12,SPX,7667.85,7646.34,7555.0,154,2406,0.4686,0.000159
2026-09-11 14:36:12,SPX,7667.85,7646.34,7785.0,1461,91,0.409,0.000159
2026-09-11 14:36:12,SPX,7667.85,7646.34,7550.0,413,8096,0.4875,0.000159
2026-09-11 14:36:12,SPX,7667.85,7646.34,7790.0,1131,230,0.418,0.000159
2026-09-11 14:36:12,SPX,7667.85,7646.34,7545.0,38,3911,0.5067,0.000159
2026-09-11 14:36:12,SPX,7667.85,7646.34,7670.0,804,263,0.0692,0.008373
2026-09-11 14:36:12,SPX,7667.85,7646.34,7665.0,254,160,0.0705,0.008373
2026-09-11 14:36:12,SPX,7667.85,7646.34,7675.0,1878,1298,0.068,0.008373
2026-09-11 14:36:12,SPX,7667.85,7646.34,7660.0,250,124,0.0718,0.008373
2026-09-11 14:36:12,SPX,7667.85,7646.34,7680.0,546,282,0.0665,0.008373
2026-09-11 14:36:12,SPX,7667.85,7646.34,7655.0,235,188,0.0732,0.008373
2026-09-11 14:36:12,SPX,7667.85,7646.34,7685.0,273,230,0.065,0.008373
2026-09-11 14:36:12,SPX,7667.85,7646.34,7650.0,689,479,0.0747,0.008373
2026-09-11 14:36:12,SPX,7667.85,7646.34,7690.0,476,211,0.0636,0.008373
2026-09-11 14:36:12,SPX,7667.85,7646.34,7645.0,182,310,0.076,0.008373
2026-09-11 14:36:12,SPX,7667.85,7646.34,7695.0,338,80,0.0625,0.008373
2026-09-11 14:36:12,SPX,7667.85,7646.34,7640.0,200,323,0.0772,0.008373
2026-09-11 14:36:12,SPX,7667.85,7646.34,7700.0,1626,1747,0.0617,0.008373
2026-09-11 14:36:12,SPX,7667.85,7646.34,7635.0,182,220,0.0786,0.008373
2026-09-11 14:36:12,SPX,7667.85,7646.34,7705.0,533,1534,0.061,0.008373
2026-09-11 14:36:12,SPX,7667.85,7646.34,7630.0,264,394,0.08,0.008373
2026-09-11 14:36:12,SPX,7667.85,7646.34,7710.0,476,210,0.0603,0.008373
2026-09-11 14:36:12,SPX,7667.85,7646.34,7625.0,501,685,0.082,0.008373
2026-09-11 14:36:12,SPX,7667.85,7646.34,7715.0,285,63,0.0596,0.008373
2026-09-11 14:36:12,SPX,7667.85,7646.34,7620.0,131,585,0.0829,0.008373
2026-09-11 14:36:12,SPX,7667.85,7646.34,7720.0,3532,110,0.0591,0.008373
2026-09-11 14:36:12,SPX,7667.85,7646.34,7615.0,337,242,0.0843,0.008373
2026-09-11 14:36:12,SPX,7667.85,7646.34,7725.0,1765,322,0.0587,0.008373
2026-09-11 14:36:12,SPX,7667.85,7646.34,7610.0,352,322,0.0867,0.008373
2026-09-11 14:36:12,SPX,7667.85,7646.34,7730.0,2512,1601,0.0585,0.008373
2026-09-11 14:36:12,SPX,7667.85,7646.34,7605.0,175,382,0.088,0.008373
2026-09-11 14:36:12,SPX,7667.85,7646.34,7735.0,466,96,0.0585,0.008373
2026-09-11 14:36:12,SPX,7667.85,7646.34,7600.0,738,2009,0.0897,0.008373
2026-09-11 14:36:12,SPX,7667.85,7646.34,7740.0,572,86,0.0588,0.008373
2026-09-11 14:36:12,SPX,7667.85,7646.34,7595.0,116,321,0.0908,0.008373
2026-09-11 14:36:12,SPX,7667.85,7646.34,7745.0,300,35,0.0593,0.008373
2026-09-11 14:36:12,SPX,7667.85,7646.34,7590.0,87,929,0.0922,0.008373
2026-09-11 14:36:12,SPX,7667.85,7646.34,7750.0,1765,383,0.0602,0.008373
2026-09-11 14:36:12,SPX,7667.85,7646.34,7585.0,184,514,0.094,0.008373
2026-09-11 14:36:12,SPX,7667.85,7646.34,7755.0,2101,22,0.0613,0.008373
2026-09-11 14:36:12,SPX,7667.85,7646.34,7580.0,79,1654,0.0952,0.008373
2026-09-11 14:36:12,SPX,7667.85,7646.34,7760.0,328,107,0.0625,0.008373
2026-09-11 14:36:12,SPX,7667.85,7646.34,7575.0,263,1392,0.097,0.008373
2026-09-11 14:36:12,SPX,7667.85,7646.34,7765.0,629,31,0.064,0.008373
2026-09-11 14:36:12,SPX,7667.85,7646.34,7570.0,38,471,0.0985,0.008373
2026-09-11 14:36:12,SPX,7667.85,7646.34,7770.0,747,108,0.0655,0.008373
2026-09-11 14:36:12,SPX,7667.85,7646.34,7565.0,68,381,0.1002,0.008373
2026-09-11 14:36:12,SPX,7667.85,7646.34,7775.0,951,68,0.0672,0.008373
2026-09-11 14:36:12,SPX,7667.85,7646.34,7560.0,59,268,0.1022,0.008373
2026-09-11 14:36:12,SPX,7667.85,7646.34,7780.0,467,77,0.0689,0.008373
2026-09-11 14:36:12,SPX,7667.85,7646.34,7555.0,33,303,0.1043,0.008373
2026-09-11 14:36:12,SPX,7667.85,7646.34,7785.0,824,18,0.0707,0.008373
2026-09-11 14:36:12,SPX,7667.85,7646.34,7550.0,60,731,0.1065,0.008373
2026-09-11 14:36:12,SPX,7667.85,7646.34,7790.0,539,59,0.0725,0.008373
2026-09-11 14:36:12,SPX,7667.85,7646.34,7545.0,21,1520,0.1087,0.008373
2026-09-11 14:36:12,SPX,7667.85,7646.34,7670.0,174,344,0.0804,0.011111
2026-09-11 14:36:12,SPX,7667.85,7646.34,7665.0,129,229,0.0816,0.011111
2026-09-11 14:36:12,SPX,7667.85,7646.34,7675.0,2907,2880,0.0794,0.011111
2026-09-11 14:36:12,SPX,7667.85,7646.34,7660.0,177,186,0.0831,0.011111
2026-09-11 14:36:12,SPX,7667.85,7646.34,7680.0,179,467,0.0783,0.011111
2026-09-11 14:36:12,SPX,7667.85,7646.34,7655.0,245,216,0.0847,0.011111
2026-09-11 14:36:12,SPX,7667.85,7646.34,7685.0,172,665,0.0773,0.011111
2026-09-11 14:36:12,SPX,7667.85,7646.34,7650.0,1685,3419,0.0861,0.011111
2026-09-11 14:36:12,SPX,7667.85,7646.34,7690.0,281,290,0.0762,0.011111
2026-09-11 14:36:12,SPX,7667.85,7646.34,7645.0,86,157,0.0872,0.011111
2026-09-11 14:36:12,SPX,7667.85,7646.34,7695.0,103,103,0.0751,0.011111
2026-09-11 14:36:12,SPX,7667.85,7646.34,7640.0,191,311,0.0883,0.011111
2026-09-11 14:36:12,SPX,7667.85,7646.34,7700.0,3959,725,0.0738,0.011111
2026-09-11 14:36:12,SPX,7667.85,7646.34,7635.0,128,337,0.0895,0.011111
2026-09-11 14:36:12,SPX,7667.85,7646.34,7705.0,272,415,0.0725,0.011111
2026-09-11 14:36:12,SPX,7667.85,7646.34,7630.0,119,471,0.0909,0.011111
2026-09-11 14:36:12,SPX,7667.85,7646.34,7710.0,916,741,0.0715,0.011111
2026-09-11 14:36:12,SPX,7667.85,7646.34,7625.0,86,805,0.0924,0.011111
2026-09-11 14:36:12,SPX,7667.85,7646.34,7715.0,216,106,0.0708,0.011111
2026-09-11 14:36:12,SPX,7667.85,7646.34,7620.0,77,368,0.0939,0.011111
2026-09-11 14:36:12,SPX,7667.85,7646.34,7720.0,637,203,0.0702,0.011111
2026-09-11 14:36:12,SPX,7667.85,7646.34,7615.0,142,184,0.0953,0.011111
2026-09-11 14:36:12,SPX,7667.85,7646.34,7725.0,1165,193,0.0697,0.011111
2026-09-11 14:36:12,SPX,7667.85,7646.34,7610.0,65,373,0.0968,0.011111
2026-09-11 14:36:12,SPX,7667.85,7646.34,7730.0,612,181,0.0691,0.011111
2026-09-11 14:36:12,SPX,7667.85,7646.34,7605.0,142,178,0.0982,0.011111
2026-09-11 14:36:12,SPX,7667.85,7646.34,7735.0,896,20,0.0685,0.011111
2026-09-11 14:36:12,SPX,7667.85,7646.34,7600.0,193,1347,0.0992,0.011111
2026-09-11 14:36:12,SPX,7667.85,7646.34,7740.0,274,69,0.0679,0.011111
2026-09-11 14:36:12,SPX,7667.85,7646.34,7595.0,100,1879,0.1006,0.011111
2026-09-11 14:36:12,SPX,7667.85,7646.34,7745.0,598,74,0.0674,0.011111
2026-09-11 14:36:12,SPX,7667.85,7646.34,7590.0,53,287,0.1019,0.011111
2026-09-11 14:36:12,SPX,7667.85,7646.34,7750.0,2116,797,0.0669,0.011111
2026-09-11 14:36:12,SPX,7667.85,7646.34,7585.0,39,187,0.1033,0.011111
2026-09-11 14:36:12,SPX,7667.85,7646.34,7755.0,199,30,0.0665,0.011111
2026-09-11 14:36:12,SPX,7667.85,7646.34,7580.0,107,379,0.1049,0.011111
2026-09-11 14:36:12,SPX,7667.85,7646.34,7760.0,439,61,0.0663,0.011111
2026-09-11 14:36:12,SPX,7667.85,7646.34,7575.0,63,1093,0.1067,0.011111
2026-09-11 14:36:12,SPX,7667.85,7646.34,7765.0,367,11,0.0662,0.011111
2026-09-11 14:36:12,SPX,7667.85,7646.34,7570.0,49,335,0.1084,0.011111
2026-09-11 14:36:12,SPX,7667.85,7646.34,7770.0,332,35,0.0665,0.011111
2026-09-11 14:36:12,SPX,7667.85,7646.34,7565.0,31,302,0.1101,0.011111
2026-09-11 14:36:12,SPX,7667.85,7646.34,7775.0,975,23,0.0669,0.011111
2026-09-11 14:36:12,SPX,7667.85,7646.34,7560.0,34,431,0.1117,0.011111
2026-09-11 14:36:12,SPX,7667.85,7646.34,7780.0,563,122,0.0676,0.011111
2026-09-11 14:36:12,SPX,7667.85,7646.34,7555.0,9,260,0.113,0.011111
2026-09-11 14:36:12,SPX,7667.85,7646.34,7785.0,346,7,0.0685,0.011111
2026-09-11 14:36:12,SPX,7667.85,7646.34,7550.0,44,3021,0.1143,0.011111
2026-09-11 14:36:12,SPX,7667.85,7646.34,7790.0,303,67,0.0696,0.011111
2026-09-11 14:36:12,SPX,7667.85,7646.34,7545.0,17,318,0.1156,0.011111
2026-09-11 15:06:40,SPX,7664.47,7647.32,7665.0,2091,955,0.1003,0.000101
2026-09-11 15:06:40,SPX,7664.47,7647.32,7660.0,3023,851,0.1102,0.000101
2026-09-11 15:06:40,SPX,7664.47,7647.32,7670.0,2185,745,0.0983,0.000101
2026-09-11 15:06:40,SPX,7664.47,7647.32,7655.0,1385,1320,0.1264,0.000101
2026-09-11 15:06:40,SPX,7664.47,7647.32,7675.0,4510,1166,0.1036,0.000101
2026-09-11 15:06:40,SPX,7664.47,7647.32,7650.0,3759,4428,0.1438,0.000101
2026-09-11 15:06:40,SPX,7664.47,7647.32,7680.0,2455,1433,0.1168,0.000101
2026-09-11 15:06:40,SPX,7664.47,7647.32,7645.0,1683,1482,0.1653,0.000101
2026-09-11 15:06:40,SPX,7664.47,7647.32,7685.0,3231,726,0.1346,0.000101
2026-09-11 15:06:40,SPX,7664.47,7647.32,7640.0,1084,795,0.1847,0.000101
2026-09-11 15:06:40,SPX,7664.47,7647.32,7690.0,2244,942,0.1545,0.000101
2026-09-11 15:06:40,SPX,7664.47,7647.32,7635.0,2909,1155,0.2046,0.000101
2026-09-11 15:06:40,SPX,7664.47,7647.32,7695.0,1749,582,0.1749,0.000101
2026-09-11 15:06:40,SPX,7664.47,7647.32,7630.0,2948,1752,0.2252,0.000101
2026-09-11 15:06:40,SPX,7664.47,7647.32,7700.0,6357,4328,0.1998,0.000101
2026-09-11 15:06:40,SPX,7664.47,7647.32,7625.0,1353,1794,0.2495,0.000101
2026-09-11 15:06:40,SPX,7664.47,7647.32,7705.0,2698,885,0.2188,0.000101
2026-09-11 15:06:40,SPX,7664.47,7647.32,7620.0,1249,987,0.2701,0.000101
2026-09-11 15:06:40,SPX,7664.47,7647.32,7710.0,2103,1189,0.2359,0.000101
2026-09-11 15:06:40,SPX,7664.47,7647.32,7615.0,648,1129,0.2933,0.000101
2026-09-11 15:06:40,SPX,7664.47,7647.32,7715.0,2016,1188,0.2544,0.000101
2026-09-11 15:06:40,SPX,7664.47,7647.32,7610.0,724,1497,0.3177,0.000101
2026-09-11 15:06:40,SPX,7664.47,7647.32,7720.0,5297,634,0.2762,0.000101
2026-09-11 15:06:40,SPX,7664.47,7647.32,7605.0,872,1068,0.3402,0.000101
2026-09-11 15:06:40,SPX,7664.47,7647.32,7725.0,4079,2188,0.2953,0.000101
2026-09-11 15:06:40,SPX,7664.47,7647.32,7600.0,4184,4794,0.3619,0.000101
2026-09-11 15:06:40,SPX,7664.47,7647.32,7730.0,1933,620,0.3136,0.000101
2026-09-11 15:06:40,SPX,7664.47,7647.32,7595.0,1369,1952,0.3843,0.000101
2026-09-11 15:06:40,SPX,7664.47,7647.32,7735.0,1135,390,0.331,0.000101
2026-09-11 15:06:40,SPX,7664.47,7647.32,7590.0,1277,3428,0.4068,0.000101
2026-09-11 15:06:40,SPX,7664.47,7647.32,7740.0,1625,773,0.3475,0.000101
2026-09-11 15:06:40,SPX,7664.47,7647.32,7585.0,578,1505,0.4287,0.000101
2026-09-11 15:06:40,SPX,7664.47,7647.32,7745.0,3157,4140,0.3629,0.000101
2026-09-11 15:06:40,SPX,7664.47,7647.32,7580.0,741,2559,0.4502,0.000101
2026-09-11 15:06:40,SPX,7664.47,7647.32,7750.0,17569,6953,0.3768,0.000101
2026-09-11 15:06:40,SPX,7664.47,7647.32,7575.0,799,2389,0.4717,0.000101
2026-09-11 15:06:40,SPX,7664.47,7647.32,7755.0,12779,3132,0.3892,0.000101
2026-09-11 15:06:40,SPX,7664.47,7647.32,7570.0,192,3828,0.4932,0.000101
2026-09-11 15:06:40,SPX,7664.47,7647.32,7760.0,4315,210,0.4003,0.000101
2026-09-11 15:06:40,SPX,7664.47,7647.32,7565.0,228,1269,0.5145,0.000101
2026-09-11 15:06:40,SPX,7664.47,7647.32,7765.0,4239,118,0.4103,0.000101
2026-09-11 15:06:40,SPX,7664.47,7647.32,7560.0,327,1825,0.5351,0.000101
2026-09-11 15:06:40,SPX,7664.47,7647.32,7770.0,2823,238,0.4193,0.000101
2026-09-11 15:06:40,SPX,7664.47,7647.32,7555.0,154,2406,0.5551,0.000101
2026-09-11 15:06:40,SPX,7664.47,7647.32,7775.0,10979,944,0.4274,0.000101
2026-09-11 15:06:40,SPX,7664.47,7647.32,7550.0,413,8096,0.5749,0.000101
2026-09-11 15:06:40,SPX,7664.47,7647.32,7780.0,7029,424,0.4344,0.000101
2026-09-11 15:06:40,SPX,7664.47,7647.32,7545.0,38,3911,0.5935,0.000101
2026-09-11 15:06:40,SPX,7664.47,7647.32,7785.0,1461,91,0.4403,0.000101
2026-09-11 15:06:40,SPX,7664.47,7647.32,7540.0,256,3113,0.6113,0.000101
2026-09-11 15:06:40,SPX,7664.47,7647.32,7665.0,254,160,0.0722,0.008315
2026-09-11 15:06:40,SPX,7664.47,7647.32,7660.0,250,124,0.0737,0.008315
2026-09-11 15:06:40,SPX,7664.47,7647.32,7670.0,804,263,0.0709,0.008315
2026-09-11 15:06:40,SPX,7664.47,7647.32,7655.0,235,188,0.0751,0.008315
2026-09-11 15:06:40,SPX,7664.47,7647.32,7675.0,1878,1298,0.0697,0.008315
2026-09-11 15:06:40,SPX,7664.47,7647.32,7650.0,689,479,0.0762,0.008315
2026-09-11 15:06:40,SPX,7664.47,7647.32,7680.0,546,282,0.0683,0.008315
2026-09-11 15:06:40,SPX,7664.47,7647.32,7645.0,182,310,0.0774,0.008315
2026-09-11 15:06:40,SPX,7664.47,7647.32,7685.0,273,230,0.0671,0.008315
2026-09-11 15:06:40,SPX,7664.47,7647.32,7640.0,200,323,0.0789,0.008315
2026-09-11 15:06:40,SPX,7664.47,7647.32,7690.0,476,211,0.0657,0.008315
2026-09-11 15:06:40,SPX,7664.47,7647.32,7635.0,182,220,0.0808,0.008315
2026-09-11 15:06:40,SPX,7664.47,7647.32,7695.0,338,80,0.0642,0.008315
2026-09-11 15:06:40,SPX,7664.47,7647.32,7630.0,264,394,0.0818,0.008315
2026-09-11 15:06:40,SPX,7664.47,7647.32,7700.0,1626,1747,0.0628,0.008315
2026-09-11 15:06:40,SPX,7664.47,7647.32,7625.0,501,685,0.083,0.008315
2026-09-11 15:06:40,SPX,7664.47,7647.32,7705.0,533,1534,0.0617,0.008315
2026-09-11 15:06:40,SPX,7664.47,7647.32,7620.0,131,585,0.0849,0.008315
2026-09-11 15:06:40,SPX,7664.47,7647.32,7710.0,476,210,0.0609,0.008315
2026-09-11 15:06:40,SPX,7664.47,7647.32,7615.0,337,242,0.0866,0.008315
2026-09-11 15:06:40,SPX,7664.47,7647.32,7715.0,285,63,0.0603,0.008315
2026-09-11 15:06:40,SPX,7664.47,7647.32,7610.0,352,322,0.0885,0.008315
2026-09-11 15:06:40,SPX,7664.47,7647.32,7720.0,3532,110,0.0599,0.008315
2026-09-11 15:06:40,SPX,7664.47,7647.32,7605.0,175,382,0.0891,0.008315
2026-09-11 15:06:40,SPX,7664.47,7647.32,7725.0,1765,322,0.0597,0.008315
2026-09-11 15:06:40,SPX,7664.47,7647.32,7600.0,738,2009,0.0903,0.008315
2026-09-11 15:06:40,SPX,7664.47,7647.32,7730.0,2512,1601,0.0596,0.008315
2026-09-11 15:06:40,SPX,7664.47,7647.32,7595.0,116,321,0.0926,0.008315
2026-09-11 15:06:40,SPX,7664.47,7647.32,7735.0,466,96,0.0595,0.008315
2026-09-11 15:06:40,SPX,7664.47,7647.32,7590.0,87,929,0.0934,0.008315
2026-09-11 15:06:40,SPX,7664.47,7647.32,7740.0,572,86,0.0596,0.008315
2026-09-11 15:06:40,SPX,7664.47,7647.32,7585.0,184,514,0.0949,0.008315
2026-09-11 15:06:40,SPX,7664.47,7647.32,7745.0,300,35,0.0599,0.008315
2026-09-11 15:06:40,SPX,7664.47,7647.32,7580.0,79,1654,0.0968,0.008315
2026-09-11 15:06:40,SPX,7664.47,7647.32,7750.0,1765,383,0.0604,0.008315
2026-09-11 15:06:40,SPX,7664.47,7647.32,7575.0,263,1392,0.0984,0.008315
2026-09-11 15:06:40,SPX,7664.47,7647.32,7755.0,2101,22,0.0612,0.008315
2026-09-11 15:06:40,SPX,7664.47,7647.32,7570.0,38,471,0.1001,0.008315
2026-09-11 15:06:40,SPX,7664.47,7647.32,7760.0,328,107,0.0622,0.008315
2026-09-11 15:06:40,SPX,7664.47,7647.32,7565.0,68,381,0.1017,0.008315
2026-09-11 15:06:40,SPX,7664.47,7647.32,7765.0,629,31,0.0635,0.008315
2026-09-11 15:06:40,SPX,7664.47,7647.32,7560.0,59,268,0.1035,0.008315
2026-09-11 15:06:40,SPX,7664.47,7647.32,7770.0,747,108,0.065,0.008315
2026-09-11 15:06:40,SPX,7664.47,7647.32,7555.0,33,303,0.1056,0.008315
2026-09-11 15:06:40,SPX,7664.47,7647.32,7775.0,951,68,0.0666,0.008315
2026-09-11 15:06:40,SPX,7664.47,7647.32,7550.0,60,731,0.1075,0.008315
2026-09-11 15:06:40,SPX,7664.47,7647.32,7780.0,467,77,0.0684,0.008315
2026-09-11 15:06:40,SPX,7664.47,7647.32,7545.0,21,1520,0.1095,0.008315
2026-09-11 15:06:40,SPX,7664.47,7647.32,7785.0,824,18,0.0703,0.008315
2026-09-11 15:06:40,SPX,7664.47,7647.32,7540.0,25,1081,0.1113,0.008315
2026-09-11 15:06:40,SPX,7664.47,7647.32,7665.0,129,229,0.0829,0.011053
2026-09-11 15:06:40,SPX,7664.47,7647.32,7660.0,177,186,0.0847,0.011053
2026-09-11 15:06:40,SPX,7664.47,7647.32,7670.0,174,344,0.0816,0.011053
2026-09-11 15:06:40,SPX,7664.47,7647.32,7655.0,245,216,0.086,0.011053
2026-09-11 15:06:40,SPX,7664.47,7647.32,7675.0,2907,2880,0.0805,0.011053
2026-09-11 15:06:40,SPX,7664.47,7647.32,7650.0,1685,3419,0.0868,0.011053
2026-09-11 15:06:40,SPX,7664.47,7647.32,7680.0,179,467,0.0795,0.011053
2026-09-11 15:06:40,SPX,7664.47,7647.32,7645.0,86,157,0.088,0.011053
2026-09-11 15:06:40,SPX,7664.47,7647.32,7685.0,172,665,0.0784,0.011053
2026-09-11 15:06:40,SPX,7664.47,7647.32,7640.0,191,311,0.0894,0.011053
2026-09-11 15:06:40,SPX,7664.47,7647.32,7690.0,281,290,0.0772,0.011053
2026-09-11 15:06:40,SPX,7664.47,7647.32,7635.0,128,337,0.0908,0.011053
2026-09-11 15:06:40,SPX,7664.47,7647.32,7695.0,103,103,0.0762,0.011053
2026-09-11 15:06:40,SPX,7664.47,7647.32,7630.0,119,471,0.092,0.011053
2026-09-11 15:06:40,SPX,7664.47,7647.32,7700.0,3959,725,0.0749,0.011053
2026-09-11 15:06:40,SPX,7664.47,7647.32,7625.0,86,805,0.0933,0.011053
2026-09-11 15:06:40,SPX,7664.47,7647.32,7705.0,272,415,0.0737,0.011053
2026-09-11 15:06:40,SPX,7664.47,7647.32,7620.0,77,368,0.0947,0.011053
2026-09-11 15:06:40,SPX,7664.47,7647.32,7710.0,916,741,0.0725,0.011053
2026-09-11 15:06:40,SPX,7664.47,7647.32,7615.0,142,184,0.0963,0.011053
2026-09-11 15:06:40,SPX,7664.47,7647.32,7715.0,216,106,0.0715,0.011053
2026-09-11 15:06:40,SPX,7664.47,7647.32,7610.0,65,0,0.0981,0.011053
2026-09-11 15:06:40,SPX,7664.47,7647.32,7720.0,637,203,0.0706,0.011053
2026-09-11 15:06:40,SPX,7664.47,7647.32,7605.0,142,178,0.0995,0.011053
2026-09-11 15:06:40,SPX,7664.47,7647.32,7725.0,1165,193,0.0699,0.011053
2026-09-11 15:06:40,SPX,7664.47,7647.32,7600.0,193,1347,0.1001,0.011053
2026-09-11 15:06:40,SPX,7664.47,7647.32,7730.0,612,181,0.0693,0.011053
2026-09-11 15:06:40,SPX,7664.47,7647.32,7595.0,100,1879,0.1017,0.011053
2026-09-11 15:06:40,SPX,7664.47,7647.32,7735.0,896,20,0.0688,0.011053
2026-09-11 15:06:40,SPX,7664.47,7647.32,7590.0,53,287,0.1032,0.011053
2026-09-11 15:06:40,SPX,7664.47,7647.32,7740.0,274,69,0.0683,0.011053
2026-09-11 15:06:40,SPX,7664.47,7647.32,7585.0,39,187,0.1046,0.011053
2026-09-11 15:06:40,SPX,7664.47,7647.32,7745.0,598,74,0.0678,0.011053
2026-09-11 15:06:40,SPX,7664.47,7647.32,7580.0,107,379,0.1063,0.011053
2026-09-11 15:06:40,SPX,7664.47,7647.32,7750.0,2116,797,0.0673,0.011053
2026-09-11 15:06:40,SPX,7664.47,7647.32,7575.0,63,1093,0.1081,0.011053
2026-09-11 15:06:40,SPX,7664.47,7647.32,7755.0,199,30,0.0669,0.011053
2026-09-11 15:06:40,SPX,7664.47,7647.32,7570.0,49,335,0.1101,0.011053
2026-09-11 15:06:40,SPX,7664.47,7647.32,7760.0,439,61,0.0667,0.011053
2026-09-11 15:06:40,SPX,7664.47,7647.32,7565.0,31,302,0.1118,0.011053
2026-09-11 15:06:40,SPX,7664.47,7647.32,7765.0,367,11,0.0666,0.011053
2026-09-11 15:06:40,SPX,7664.47,7647.32,7560.0,34,431,0.1132,0.011053
2026-09-11 15:06:40,SPX,7664.47,7647.32,7770.0,332,35,0.0667,0.011053
2026-09-11 15:06:40,SPX,7664.47,7647.32,7555.0,9,260,0.1144,0.011053
2026-09-11 15:06:40,SPX,7664.47,7647.32,7775.0,975,23,0.0671,0.011053
2026-09-11 15:06:40,SPX,7664.47,7647.32,7550.0,44,3021,0.1157,0.011053
2026-09-11 15:06:40,SPX,7664.47,7647.32,7780.0,563,122,0.0676,0.011053
2026-09-11 15:06:40,SPX,7664.47,7647.32,7545.0,17,318,0.1171,0.011053
2026-09-11 15:06:40,SPX,7664.47,7647.32,7785.0,0,7,0.0684,0.011053
2026-09-11 15:06:40,SPX,7664.47,7647.32,7540.0,30,428,0.1187,0.011053
2026-09-11 15:37:06,SPX,7662.92,7647.93,7665.0,2091,955,0.1265,4.4e-05
2026-09-11 15:37:06,SPX,7662.92,7647.93,7660.0,3023,851,0.1226,4.4e-05
2026-09-11 15:37:06,SPX,7662.92,7647.93,7670.0,2185,745,0.118,4.4e-05
2026-09-11 15:37:06,SPX,7662.92,7647.93,7655.0,1385,1320,0.1431,4.4e-05
2026-09-11 15:37:06,SPX,7662.92,7647.93,7675.0,4510,1166,0.1342,4.4e-05
2026-09-11 15:37:06,SPX,7662.92,7647.93,7650.0,3759,4428,0.1704,4.4e-05
2026-09-11 15:37:06,SPX,7662.92,7647.93,7680.0,2455,1433,0.153,4.4e-05
2026-09-11 15:37:06,SPX,7662.92,7647.93,7645.0,1683,1482,0.2026,4.4e-05
2026-09-11 15:37:06,SPX,7662.92,7647.93,7685.0,3231,726,0.1703,4.4e-05
2026-09-11 15:37:06,SPX,7662.92,7647.93,7640.0,1084,795,0.2342,4.4e-05
2026-09-11 15:37:06,SPX,7662.92,7647.93,7690.0,2244,942,0.1869,4.4e-05
2026-09-11 15:37:06,SPX,7662.92,7647.93,7635.0,2909,1155,0.2638,4.4e-05
2026-09-11 15:37:06,SPX,7662.92,7647.93,7695.0,1749,582,0.2055,4.4e-05
2026-09-11 15:37:06,SPX,7662.92,7647.93,7630.0,2948,1752,0.2913,4.4e-05
2026-09-11 15:37:06,SPX,7662.92,7647.93,7700.0,6357,4328,0.228,4.4e-05
2026-09-11 15:37:06,SPX,7662.92,7647.93,7625.0,1353,1794,0.3237,4.4e-05
2026-09-11 15:37:06,SPX,7662.92,7647.93,7705.0,2698,885,0.2483,4.4e-05
2026-09-11 15:37:06,SPX,7662.92,7647.93,7620.0,1249,987,0.352,4.4e-05
2026-09-11 15:37:06,SPX,7662.92,7647.93,7710.0,2103,1189,0.2696,4.4e-05
2026-09-11 15:37:06,SPX,7662.92,7647.93,7615.0,648,1129,0.386,4.4e-05
2026-09-11 15:37:06,SPX,7662.92,7647.93,7715.0,2016,1188,0.2927,4.4e-05
2026-09-11 15:37:06,SPX,7662.92,7647.93,7610.0,724,1497,0.4159,4.4e-05
2026-09-11 15:37:06,SPX,7662.92,7647.93,7720.0,5297,634,0.3164,4.4e-05
2026-09-11 15:37:06,SPX,7662.92,7647.93,7605.0,872,1068,0.4442,4.4e-05
2026-09-11 15:37:06,SPX,7662.92,7647.93,7725.0,4079,2188,0.3375,4.4e-05
2026-09-11 15:37:06,SPX,7662.92,7647.93,7600.0,4184,4794,0.4773,4.4e-05
2026-09-11 15:37:06,SPX,7662.92,7647.93,7730.0,1933,620,0.3586,4.4e-05
2026-09-11 15:37:06,SPX,7662.92,7647.93,7595.0,1369,1952,0.5047,4.4e-05
2026-09-11 15:37:06,SPX,7662.92,7647.93,7735.0,1135,390,0.3745,4.4e-05
2026-09-11 15:37:06,SPX,7662.92,7647.93,7590.0,1277,3428,0.5277,4.4e-05
2026-09-11 15:37:06,SPX,7662.92,7647.93,7740.0,1625,773,0.3885,4.4e-05
2026-09-11 15:37:06,SPX,7662.92,7647.93,7585.0,578,1505,0.545,4.4e-05
2026-09-11 15:37:06,SPX,7662.92,7647.93,7745.0,3157,4140,0.4004,4.4e-05
2026-09-11 15:37:06,SPX,7662.92,7647.93,7580.0,741,2559,0.5683,4.4e-05
2026-09-11 15:37:06,SPX,7662.92,7647.93,7750.0,17569,6953,0.4103,4.4e-05
2026-09-11 15:37:06,SPX,7662.92,7647.93,7575.0,799,2389,0.5972,4.4e-05
2026-09-11 15:37:06,SPX,7662.92,7647.93,7755.0,12779,3132,0.4186,4.4e-05
2026-09-11 15:37:06,SPX,7662.92,7647.93,7570.0,192,3828,0.6245,4.4e-05
2026-09-11 15:37:06,SPX,7662.92,7647.93,7760.0,4315,210,0.4255,4.4e-05
2026-09-11 15:37:06,SPX,7662.92,7647.93,7565.0,228,1269,0.6351,4.4e-05
2026-09-11 15:37:06,SPX,7662.92,7647.93,7765.0,4239,118,0.4312,4.4e-05
2026-09-11 15:37:06,SPX,7662.92,7647.93,7560.0,327,1825,0.6397,4.4e-05
2026-09-11 15:37:06,SPX,7662.92,7647.93,7770.0,2823,238,0.4358,4.4e-05
2026-09-11 15:37:06,SPX,7662.92,7647.93,7555.0,154,2406,0.6423,4.4e-05
2026-09-11 15:37:06,SPX,7662.92,7647.93,7775.0,10979,944,0.4395,4.4e-05
2026-09-11 15:37:06,SPX,7662.92,7647.93,7550.0,413,8096,0.6448,4.4e-05
2026-09-11 15:37:06,SPX,7662.92,7647.93,7780.0,7029,424,0.4422,4.4e-05
2026-09-11 15:37:06,SPX,7662.92,7647.93,7545.0,38,3911,0.647,4.4e-05
2026-09-11 15:37:06,SPX,7662.92,7647.93,7785.0,1461,91,0.444,4.4e-05
2026-09-11 15:37:06,SPX,7662.92,7647.93,7540.0,256,3113,0.6482,4.4e-05
2026-09-11 15:37:06,SPX,7662.92,7647.93,7665.0,254,160,0.0692,0.008257
2026-09-11 15:37:06,SPX,7662.92,7647.93,7660.0,250,124,0.0705,0.008257
2026-09-11 15:37:06,SPX,7662.92,7647.93,7670.0,804,263,0.0678,0.008257
2026-09-11 15:37:06,SPX,7662.92,7647.93,7655.0,235,188,0.0719,0.008257
2026-09-11 15:37:06,SPX,7662.92,7647.93,7675.0,1878,1298,0.0667,0.008257
2026-09-11 15:37:06,SPX,7662.92,7647.93,7650.0,689,479,0.0732,0.008257
2026-09-11 15:37:06,SPX,7662.92,7647.93,7680.0,546,282,0.0654,0.008257
2026-09-11 15:37:06,SPX,7662.92,7647.93,7645.0,182,310,0.0745,0.008257
2026-09-11 15:37:06,SPX,7662.92,7647.93,7685.0,273,230,0.0641,0.008257
2026-09-11 15:37:06,SPX,7662.92,7647.93,7640.0,200,323,0.0759,0.008257
2026-09-11 15:37:06,SPX,7662.92,7647.93,7690.0,476,211,0.0628,0.008257
2026-09-11 15:37:06,SPX,7662.92,7647.93,7635.0,182,220,0.077,0.008257
2026-09-11 15:37:06,SPX,7662.92,7647.93,7695.0,338,80,0.0618,0.008257
2026-09-11 15:37:06,SPX,7662.92,7647.93,7630.0,264,394,0.0789,0.008257
2026-09-11 15:37:06,SPX,7662.92,7647.93,7700.0,1626,1747,0.0608,0.008257
2026-09-11 15:37:06,SPX,7662.92,7647.93,7625.0,501,685,0.0802,0.008257
2026-09-11 15:37:06,SPX,7662.92,7647.93,7705.0,533,1534,0.0601,0.008257
2026-09-11 15:37:06,SPX,7662.92,7647.93,7620.0,131,585,0.0816,0.008257
2026-09-11 15:37:06,SPX,7662.92,7647.93,7710.0,476,210,0.0598,0.008257
2026-09-11 15:37:06,SPX,7662.92,7647.93,7615.0,337,242,0.0839,0.008257
2026-09-11 15:37:06,SPX,7662.92,7647.93,7715.0,285,63,0.0597,0.008257
2026-09-11 15:37:06,SPX,7662.92,7647.93,7610.0,352,322,0.085,0.008257
2026-09-11 15:37:06,SPX,7662.92,7647.93,7720.0,3532,110,0.0596,0.008257
2026-09-11 15:37:06,SPX,7662.92,7647.93,7605.0,175,382,0.087,0.008257
2026-09-11 15:37:06,SPX,7662.92,7647.93,7725.0,1765,322,0.0595,0.008257
2026-09-11 15:37:06,SPX,7662.92,7647.93,7600.0,738,2009,0.0876,0.008257
2026-09-11 15:37:06,SPX,7662.92,7647.93,7730.0,2512,1601,0.0594,0.008257
2026-09-11 15:37:06,SPX,7662.92,7647.93,7595.0,116,321,0.0896,0.008257
2026-09-11 15:37:06,SPX,7662.92,7647.93,7735.0,466,96,0.0596,0.008257
2026-09-11 15:37:06,SPX,7662.92,7647.93,7590.0,87,929,0.0916,0.008257
2026-09-11 15:37:06,SPX,7662.92,7647.93,7740.0,572,86,0.0599,0.008257
2026-09-11 15:37:06,SPX,7662.92,7647.93,7585.0,184,514,0.0927,0.008257
2026-09-11 15:37:06,SPX,7662.92,7647.93,7745.0,300,35,0.0604,0.008257
2026-09-11 15:37:06,SPX,7662.92,7647.93,7580.0,79,1654,0.0947,0.008257
2026-09-11 15:37:06,SPX,7662.92,7647.93,7750.0,1765,383,0.0612,0.008257
2026-09-11 15:37:06,SPX,7662.92,7647.93,7575.0,263,1392,0.0963,0.008257
2026-09-11 15:37:06,SPX,7662.92,7647.93,7755.0,2101,22,0.0623,0.008257
2026-09-11 15:37:06,SPX,7662.92,7647.93,7570.0,38,471,0.098,0.008257
2026-09-11 15:37:06,SPX,7662.92,7647.93,7760.0,328,107,0.0636,0.008257
2026-09-11 15:37:06,SPX,7662.92,7647.93,7565.0,68,381,0.0996,0.008257
2026-09-11 15:37:06,SPX,7662.92,7647.93,7765.0,629,31,0.0651,0.008257
2026-09-11 15:37:06,SPX,7662.92,7647.93,7560.0,59,268,0.1015,0.008257
2026-09-11 15:37:06,SPX,7662.92,7647.93,7770.0,747,108,0.0668,0.008257
2026-09-11 15:37:06,SPX,7662.92,7647.93,7555.0,33,303,0.1035,0.008257
2026-09-11 15:37:06,SPX,7662.92,7647.93,7775.0,951,68,0.0686,0.008257
2026-09-11 15:37:06,SPX,7662.92,7647.93,7550.0,60,731,0.1056,0.008257
2026-09-11 15:37:06,SPX,7662.92,7647.93,7780.0,467,77,0.0705,0.008257
2026-09-11 15:37:06,SPX,7662.92,7647.93,7545.0,21,1520,0.1078,0.008257
2026-09-11 15:37:06,SPX,7662.92,7647.93,7785.0,824,18,0.0724,0.008257
2026-09-11 15:37:06,SPX,7662.92,7647.93,7540.0,25,1081,0.1099,0.008257
2026-09-11 15:37:06,SPX,7662.92,7647.93,7665.0,129,229,0.0814,0.010995
2026-09-11 15:37:06,SPX,7662.92,7647.93,7660.0,177,186,0.0832,0.010995
2026-09-11 15:37:06,SPX,7662.92,7647.93,7670.0,174,344,0.0803,0.010995
2026-09-11 15:37:06,SPX,7662.92,7647.93,7655.0,245,216,0.0847,0.010995
2026-09-11 15:37:06,SPX,7662.92,7647.93,7675.0,2907,2880,0.0793,0.010995
2026-09-11 15:37:06,SPX,7662.92,7647.93,7650.0,1685,3419,0.0857,0.010995
2026-09-11 15:37:06,SPX,7662.92,7647.93,7680.0,179,467,0.0781,0.010995
2026-09-11 15:37:06,SPX,7662.92,7647.93,7645.0,86,157,0.0868,0.010995
2026-09-11 15:37:06,SPX,7662.92,7647.93,7685.0,172,665,0.0772,0.010995
2026-09-11 15:37:06,SPX,7662.92,7647.93,7640.0,191,311,0.0881,0.010995
2026-09-11 15:37:06,SPX,7662.92,7647.93,7690.0,281,290,0.0762,0.010995
2026-09-11 15:37:06,SPX,7662.92,7647.93,7635.0,128,337,0.0894,0.010995
2026-09-11 15:37:06,SPX,7662.92,7647.93,7695.0,103,103,0.075,0.010995
2026-09-11 15:37:06,SPX,7662.92,7647.93,7630.0,119,471,0.0909,0.010995
2026-09-11 15:37:06,SPX,7662.92,7647.93,7700.0,3959,725,0.0738,0.010995
2026-09-11 15:37:06,SPX,7662.92,7647.93,7625.0,86,805,0.0924,0.010995
2026-09-11 15:37:06,SPX,7662.92,7647.93,7705.0,272,415,0.0727,0.010995
2026-09-11 15:37:06,SPX,7662.92,7647.93,7620.0,77,368,0.094,0.010995
2026-09-11 15:37:06,SPX,7662.92,7647.93,7710.0,916,741,0.0718,0.010995
2026-09-11 15:37:06,SPX,7662.92,7647.93,7615.0,142,184,0.0956,0.010995
2026-09-11 15:37:06,SPX,7662.92,7647.93,7715.0,216,106,0.0711,0.010995
2026-09-11 15:37:06,SPX,7662.92,7647.93,7610.0,65,373,0.0972,0.010995
2026-09-11 15:37:06,SPX,7662.92,7647.93,7720.0,637,203,0.0706,0.010995
2026-09-11 15:37:06,SPX,7662.92,7647.93,7605.0,142,178,0.0984,0.010995
2026-09-11 15:37:06,SPX,7662.92,7647.93,7725.0,1165,193,0.0702,0.010995
2026-09-11 15:37:06,SPX,7662.92,7647.93,7600.0,193,1347,0.0996,0.010995
2026-09-11 15:37:06,SPX,7662.92,7647.93,7730.0,612,181,0.0698,0.010995
2026-09-11 15:37:06,SPX,7662.92,7647.93,7595.0,100,1879,0.1011,0.010995
2026-09-11 15:37:06,SPX,7662.92,7647.93,7735.0,896,20,0.0694,0.010995
2026-09-11 15:37:06,SPX,7662.92,7647.93,7590.0,53,287,0.1027,0.010995
2026-09-11 15:37:06,SPX,7662.92,7647.93,7740.0,274,69,0.069,0.010995
2026-09-11 15:37:06,SPX,7662.92,7647.93,7585.0,39,187,0.1042,0.010995
2026-09-11 15:37:06,SPX,7662.92,7647.93,7745.0,598,74,0.0686,0.010995
2026-09-11 15:37:06,SPX,7662.92,7647.93,7580.0,107,379,0.106,0.010995
2026-09-11 15:37:06,SPX,7662.92,7647.93,7750.0,2116,797,0.0683,0.010995
2026-09-11 15:37:06,SPX,7662.92,7647.93,7575.0,63,1093,0.1077,0.010995
2026-09-11 15:37:06,SPX,7662.92,7647.93,7755.0,199,30,0.0681,0.010995
2026-09-11 15:37:06,SPX,7662.92,7647.93,7570.0,49,335,0.1095,0.010995
2026-09-11 15:37:06,SPX,7662.92,7647.93,7760.0,439,61,0.0681,0.010995
2026-09-11 15:37:06,SPX,7662.92,7647.93,7565.0,31,302,0.1111,0.010995
2026-09-11 15:37:06,SPX,7662.92,7647.93,7765.0,367,11,0.0682,0.010995
2026-09-11 15:37:06,SPX,7662.92,7647.93,7560.0,34,431,0.1126,0.010995
2026-09-11 15:37:06,SPX,7662.92,7647.93,7770.0,332,35,0.0685,0.010995
2026-09-11 15:37:06,SPX,7662.92,7647.93,7555.0,9,260,0.114,0.010995
2026-09-11 15:37:06,SPX,7662.92,7647.93,7775.0,975,23,0.069,0.010995
2026-09-11 15:37:06,SPX,7662.92,7647.93,7550.0,44,3021,0.1154,0.010995
2026-09-11 15:37:06,SPX,7662.92,7647.93,7780.0,563,122,0.0697,0.010995
2026-09-11 15:37:06,SPX,7662.92,7647.93,7545.0,17,318,0.117,0.010995
2026-09-11 15:37:06,SPX,7662.92,7647.93,7785.0,346,7,0.0707,0.010995
2026-09-11 15:37:06,SPX,7662.92,7647.93,7540.0,30,428,0.1187,0.010995
