timestamp,symbol,spot,gflip,strike,oi_call,oi_put,iv,T
2026-09-01 09:37:28,SPX,7636.76,7690.25,7635.0,265,1252,0.167,0.000727
2026-09-01 09:37:28,SPX,7636.76,7690.25,7640.0,232,1892,0.1647,0.000727
2026-09-01 09:37:28,SPX,7636.76,7690.25,7630.0,806,1689,0.1692,0.000727
2026-09-01 09:37:28,SPX,7636.76,7690.25,7645.0,626,1187,0.1626,0.000727
2026-09-01 09:37:28,SPX,7636.76,7690.25,7625.0,806,2969,0.1723,0.000727
2026-09-01 09:37:28,SPX,7636.76,7690.25,7650.0,1128,2791,0.1606,0.000727
2026-09-01 09:37:28,SPX,7636.76,7690.25,7620.0,269,1697,0.1749,0.000727
2026-09-01 09:37:28,SPX,7636.76,7690.25,7655.0,182,1428,0.1587,0.000727
2026-09-01 09:37:28,SPX,7636.76,7690.25,7615.0,102,1982,0.1773,0.000727
2026-09-01 09:37:28,SPX,7636.76,7690.25,7660.0,228,1807,0.1581,0.000727
2026-09-01 09:37:28,SPX,7636.76,7690.25,7610.0,92,2277,0.1798,0.000727
2026-09-01 09:37:28,SPX,7636.76,7690.25,7665.0,471,968,0.1568,0.000727
2026-09-01 09:37:28,SPX,7636.76,7690.25,7605.0,59,1984,0.1822,0.000727
2026-09-01 09:37:28,SPX,7636.76,7690.25,7670.0,673,1192,0.1564,0.000727
2026-09-01 09:37:28,SPX,7636.76,7690.25,7600.0,841,3563,0.1855,0.000727
2026-09-01 09:37:28,SPX,7636.76,7690.25,7675.0,2532,2480,0.158,0.000727
2026-09-01 09:37:28,SPX,7636.76,7690.25,7595.0,127,1733,0.1895,0.000727
2026-09-01 09:37:28,SPX,7636.76,7690.25,7680.0,1004,1927,0.159,0.000727
2026-09-01 09:37:28,SPX,7636.76,7690.25,7590.0,75,1491,0.1918,0.000727
2026-09-01 09:37:28,SPX,7636.76,7690.25,7685.0,1004,1349,0.1612,0.000727
2026-09-01 09:37:28,SPX,7636.76,7690.25,7585.0,16,1148,0.1952,0.000727
2026-09-01 09:37:28,SPX,7636.76,7690.25,7690.0,1517,2264,0.164,0.000727
2026-09-01 09:37:28,SPX,7636.76,7690.25,7580.0,43,1957,0.1993,0.000727
2026-09-01 09:37:28,SPX,7636.76,7690.25,7695.0,981,1009,0.1678,0.000727
2026-09-01 09:37:28,SPX,7636.76,7690.25,7575.0,119,1121,0.2031,0.000727
2026-09-01 09:37:28,SPX,7636.76,7690.25,7700.0,2403,0,0.1718,0.000727
2026-09-01 09:37:28,SPX,7636.76,7690.25,7570.0,0,1158,0.2068,0.000727
2026-09-01 09:37:28,SPX,7636.76,7690.25,7560.0,0,1209,0.2143,0.000727
2026-09-01 09:37:28,SPX,7636.76,7690.25,7715.0,1681,0,0.1861,0.000727
2026-09-01 09:37:28,SPX,7636.76,7690.25,7720.0,2395,0,0.1909,0.000727
2026-09-01 09:37:28,SPX,7636.76,7690.25,7725.0,0,1452,0.1959,0.000727
2026-09-01 09:37:28,SPX,7636.76,7690.25,7545.0,1,529,0.2284,0.000727
2026-09-01 09:37:28,SPX,7636.76,7690.25,7730.0,2976,468,0.2012,0.000727
2026-09-01 09:37:28,SPX,7636.76,7690.25,7540.0,3,1720,0.2347,0.000727
2026-09-01 09:37:28,SPX,7636.76,7690.25,7735.0,1740,328,0.2067,0.000727
2026-09-01 09:37:28,SPX,7636.76,7690.25,7535.0,8,1279,0.2413,0.000727
2026-09-01 09:37:28,SPX,7636.76,7690.25,7740.0,3880,737,0.2121,0.000727
2026-09-01 09:37:28,SPX,7636.76,7690.25,7530.0,4,5977,0.2476,0.000727
2026-09-01 09:37:28,SPX,7636.76,7690.25,7745.0,1907,137,0.2176,0.000727
2026-09-01 09:37:28,SPX,7636.76,7690.25,7525.0,69,7234,0.2537,0.000727
2026-09-01 09:37:28,SPX,7636.76,7690.25,7750.0,4551,832,0.2232,0.000727
2026-09-01 09:37:28,SPX,7636.76,7690.25,7520.0,14,6233,0.2595,0.000727
2026-09-01 09:37:28,SPX,7636.76,7690.25,7755.0,2697,101,0.2288,0.000727
2026-09-01 09:37:28,SPX,7636.76,7690.25,7515.0,4,10661,0.2655,0.000727
2026-09-01 09:37:28,SPX,7636.76,7690.25,7760.0,1655,177,0.2344,0.000727
2026-09-01 09:37:28,SPX,7636.76,7690.25,7635.0,39,327,0.1277,0.003465
2026-09-01 09:37:28,SPX,7636.76,7690.25,7640.0,61,420,0.1263,0.003465
2026-09-01 09:37:28,SPX,7636.76,7690.25,7630.0,56,634,0.1287,0.003465
2026-09-01 09:37:28,SPX,7636.76,7690.25,7645.0,47,294,0.1247,0.003465
2026-09-01 09:37:28,SPX,7636.76,7690.25,7625.0,55,609,0.13,0.003465
2026-09-01 09:37:28,SPX,7636.76,7690.25,7650.0,105,888,0.1236,0.003465
2026-09-01 09:37:28,SPX,7636.76,7690.25,7620.0,39,672,0.1316,0.003465
2026-09-01 09:37:28,SPX,7636.76,7690.25,7655.0,99,238,0.1225,0.003465
2026-09-01 09:37:28,SPX,7636.76,7690.25,7615.0,31,688,0.1327,0.003465
2026-09-01 09:37:28,SPX,7636.76,7690.25,7660.0,100,405,0.1213,0.003465
2026-09-01 09:37:28,SPX,7636.76,7690.25,7610.0,25,652,0.1341,0.003465
2026-09-01 09:37:28,SPX,7636.76,7690.25,7665.0,94,696,0.1203,0.003465
2026-09-01 09:37:28,SPX,7636.76,7690.25,7605.0,13,338,0.1358,0.003465
2026-09-01 09:37:28,SPX,7636.76,7690.25,7670.0,487,529,0.1195,0.003465
2026-09-01 09:37:28,SPX,7636.76,7690.25,7600.0,1055,1473,0.1377,0.003465
2026-09-01 09:37:28,SPX,7636.76,7690.25,7675.0,460,846,0.1186,0.003465
2026-09-01 09:37:28,SPX,7636.76,7690.25,7595.0,15,1158,0.1398,0.003465
2026-09-01 09:37:28,SPX,7636.76,7690.25,7680.0,661,346,0.1174,0.003465
2026-09-01 09:37:28,SPX,7636.76,7690.25,7590.0,25,355,0.1406,0.003465
2026-09-01 09:37:28,SPX,7636.76,7690.25,7685.0,202,317,0.1161,0.003465
2026-09-01 09:37:28,SPX,7636.76,7690.25,7585.0,21,360,0.1409,0.003465
2026-09-01 09:37:28,SPX,7636.76,7690.25,7690.0,538,1149,0.1149,0.003465
2026-09-01 09:37:28,SPX,7636.76,7690.25,7580.0,12,660,0.1426,0.003465
2026-09-01 09:37:28,SPX,7636.76,7690.25,7695.0,193,271,0.114,0.003465
2026-09-01 09:37:28,SPX,7636.76,7690.25,7575.0,123,1228,0.1453,0.003465
2026-09-01 09:37:28,SPX,7636.76,7690.25,7700.0,1651,1273,0.1135,0.003465
2026-09-01 09:37:28,SPX,7636.76,7690.25,7570.0,14,422,0.147,0.003465
2026-09-01 09:37:28,SPX,7636.76,7690.25,7705.0,676,308,0.1134,0.003465
2026-09-01 09:37:28,SPX,7636.76,7690.25,7565.0,12,274,0.1481,0.003465
2026-09-01 09:37:28,SPX,7636.76,7690.25,7710.0,895,399,0.1133,0.003465
2026-09-01 09:37:28,SPX,7636.76,7690.25,7560.0,8,1713,0.1491,0.003465
2026-09-01 09:37:28,SPX,7636.76,7690.25,7715.0,1015,897,0.1133,0.003465
2026-09-01 09:37:28,SPX,7636.76,7690.25,7555.0,11,266,0.1499,0.003465
2026-09-01 09:37:28,SPX,7636.76,7690.25,7720.0,629,267,0.1132,0.003465
2026-09-01 09:37:28,SPX,7636.76,7690.25,7550.0,69,4024,0.152,0.003465
2026-09-01 09:37:28,SPX,7636.76,7690.25,7725.0,2103,941,0.1131,0.003465
2026-09-01 09:37:28,SPX,7636.76,7690.25,7545.0,0,477,0.1536,0.003465
2026-09-01 09:37:28,SPX,7636.76,7690.25,7730.0,607,176,0.1132,0.003465
2026-09-01 09:37:28,SPX,7636.76,7690.25,7540.0,1,455,0.1559,0.003465
2026-09-01 09:37:28,SPX,7636.76,7690.25,7735.0,422,114,0.1135,0.003465
2026-09-01 09:37:28,SPX,7636.76,7690.25,7535.0,8,379,0.1581,0.003465
2026-09-01 09:37:28,SPX,7636.76,7690.25,7740.0,1132,205,0.114,0.003465
2026-09-01 09:37:28,SPX,7636.76,7690.25,7530.0,12,502,0.1602,0.003465
2026-09-01 09:37:28,SPX,7636.76,7690.25,7745.0,300,101,0.1149,0.003465
2026-09-01 09:37:28,SPX,7636.76,7690.25,7525.0,25,532,0.162,0.003465
2026-09-01 09:37:28,SPX,7636.76,7690.25,7750.0,2091,665,0.1162,0.003465
2026-09-01 09:37:28,SPX,7636.76,7690.25,7520.0,85,422,0.1634,0.003465
2026-09-01 09:37:28,SPX,7636.76,7690.25,7755.0,520,111,0.1178,0.003465
2026-09-01 09:37:28,SPX,7636.76,7690.25,7515.0,980,383,0.1647,0.003465
2026-09-01 09:37:28,SPX,7636.76,7690.25,7760.0,615,94,0.1197,0.003465
2026-09-01 09:37:28,SPX,7636.76,7690.25,7635.0,45,161,0.1301,0.006203
2026-09-01 09:37:28,SPX,7636.76,7690.25,7640.0,50,232,0.1289,0.006203
2026-09-01 09:37:28,SPX,7636.76,7690.25,7630.0,83,139,0.1312,0.006203
2026-09-01 09:37:28,SPX,7636.76,7690.25,7645.0,41,164,0.1278,0.006203
2026-09-01 09:37:28,SPX,7636.76,7690.25,7625.0,330,986,0.1322,0.006203
2026-09-01 09:37:28,SPX,7636.76,7690.25,7650.0,226,1011,0.1265,0.006203
2026-09-01 09:37:28,SPX,7636.76,7690.25,7620.0,39,220,0.1336,0.006203
2026-09-01 09:37:28,SPX,7636.76,7690.25,7655.0,99,339,0.1254,0.006203
2026-09-01 09:37:28,SPX,7636.76,7690.25,7615.0,9,214,0.1343,0.006203
2026-09-01 09:37:28,SPX,7636.76,7690.25,7660.0,55,269,0.1243,0.006203
2026-09-01 09:37:28,SPX,7636.76,7690.25,7610.0,23,381,0.1355,0.006203
2026-09-01 09:37:28,SPX,7636.76,7690.25,7665.0,53,204,0.1233,0.006203
2026-09-01 09:37:28,SPX,7636.76,7690.25,7605.0,8,132,0.1365,0.006203
2026-09-01 09:37:28,SPX,7636.76,7690.25,7670.0,95,326,0.1223,0.006203
2026-09-01 09:37:28,SPX,7636.76,7690.25,7600.0,195,996,0.1374,0.006203
2026-09-01 09:37:28,SPX,7636.76,7690.25,7675.0,1116,798,0.1215,0.006203
2026-09-01 09:37:28,SPX,7636.76,7690.25,7595.0,8,183,0.1388,0.006203
2026-09-01 09:37:28,SPX,7636.76,7690.25,7680.0,597,261,0.1206,0.006203
2026-09-01 09:37:28,SPX,7636.76,7690.25,7590.0,11,426,0.1405,0.006203
2026-09-01 09:37:28,SPX,7636.76,7690.25,7685.0,111,500,0.1199,0.006203
2026-09-01 09:37:28,SPX,7636.76,7690.25,7585.0,119,224,0.142,0.006203
2026-09-01 09:37:28,SPX,7636.76,7690.25,7690.0,350,453,0.1194,0.006203
2026-09-01 09:37:28,SPX,7636.76,7690.25,7580.0,9,358,0.143,0.006203
2026-09-01 09:37:28,SPX,7636.76,7690.25,7695.0,96,309,0.1187,0.006203
2026-09-01 09:37:28,SPX,7636.76,7690.25,7575.0,71,654,0.1436,0.006203
2026-09-01 09:37:28,SPX,7636.76,7690.25,7700.0,846,0,0.1177,0.006203
2026-09-01 09:37:28,SPX,7636.76,7690.25,7570.0,5,194,0.1444,0.006203
2026-09-01 09:37:28,SPX,7636.76,7690.25,7705.0,109,120,0.1167,0.006203
2026-09-01 09:37:28,SPX,7636.76,7690.25,7565.0,22,327,0.1459,0.006203
2026-09-01 09:37:28,SPX,7636.76,7690.25,7710.0,404,374,0.1157,0.006203
2026-09-01 09:37:28,SPX,7636.76,7690.25,7560.0,11,644,0.1478,0.006203
2026-09-01 09:37:28,SPX,7636.76,7690.25,7715.0,512,170,0.1148,0.006203
2026-09-01 09:37:28,SPX,7636.76,7690.25,7555.0,14,448,0.1495,0.006203
2026-09-01 09:37:28,SPX,7636.76,7690.25,7720.0,496,294,0.1141,0.006203
2026-09-01 09:37:28,SPX,7636.76,7690.25,7550.0,51,3245,0.1507,0.006203
2026-09-01 09:37:28,SPX,7636.76,7690.25,7725.0,457,255,0.1136,0.006203
2026-09-01 09:37:28,SPX,7636.76,7690.25,7545.0,0,1298,0.1513,0.006203
2026-09-01 09:37:28,SPX,7636.76,7690.25,7730.0,240,252,0.1132,0.006203
2026-09-01 09:37:28,SPX,7636.76,7690.25,7540.0,9,446,0.1517,0.006203
2026-09-01 09:37:28,SPX,7636.76,7690.25,7735.0,396,159,0.113,0.006203
2026-09-01 09:37:28,SPX,7636.76,7690.25,7535.0,0,232,0.1536,0.006203
2026-09-01 09:37:28,SPX,7636.76,7690.25,7740.0,516,271,0.1129,0.006203
2026-09-01 09:37:28,SPX,7636.76,7690.25,7530.0,1,260,0.1553,0.006203
2026-09-01 09:37:28,SPX,7636.76,7690.25,7745.0,288,146,0.1129,0.006203
2026-09-01 09:37:28,SPX,7636.76,7690.25,7525.0,40,1122,0.1573,0.006203
2026-09-01 09:37:28,SPX,7636.76,7690.25,7750.0,1667,981,0.1128,0.006203
2026-09-01 09:37:28,SPX,7636.76,7690.25,7520.0,8,1209,0.1586,0.006203
2026-09-01 09:37:28,SPX,7636.76,7690.25,7755.0,237,59,0.1127,0.006203
2026-09-01 09:37:28,SPX,7636.76,7690.25,7515.0,2,230,0.1599,0.006203
2026-09-01 09:37:28,SPX,7636.76,7690.25,7760.0,253,146,0.1126,0.006203
2026-09-01 10:07:56,SPX,7642.9,7685.33,7645.0,626,1187,0.1292,0.000669
2026-09-01 10:07:56,SPX,7642.9,7685.33,7640.0,232,1892,0.1296,0.000669
2026-09-01 10:07:56,SPX,7642.9,7685.33,7650.0,1128,2791,0.1275,0.000669
2026-09-01 10:07:56,SPX,7642.9,7685.33,7635.0,265,1252,0.1323,0.000669
2026-09-01 10:07:56,SPX,7642.9,7685.33,7655.0,182,1428,0.1272,0.000669
2026-09-01 10:07:56,SPX,7642.9,7685.33,7630.0,806,1689,0.1357,0.000669
2026-09-01 10:07:56,SPX,7642.9,7685.33,7660.0,228,1807,0.1275,0.000669
2026-09-01 10:07:56,SPX,7642.9,7685.33,7625.0,806,2969,0.1387,0.000669
2026-09-01 10:07:56,SPX,7642.9,7685.33,7665.0,471,968,0.129,0.000669
2026-09-01 10:07:56,SPX,7642.9,7685.33,7620.0,269,1697,0.142,0.000669
2026-09-01 10:07:56,SPX,7642.9,7685.33,7670.0,673,1192,0.1307,0.000669
2026-09-01 10:07:56,SPX,7642.9,7685.33,7615.0,102,1982,0.1464,0.000669
2026-09-01 10:07:56,SPX,7642.9,7685.33,7675.0,2532,2480,0.1331,0.000669
2026-09-01 10:07:56,SPX,7642.9,7685.33,7610.0,92,2277,0.1497,0.000669
2026-09-01 10:07:56,SPX,7642.9,7685.33,7680.0,1004,1927,0.1377,0.000669
2026-09-01 10:07:56,SPX,7642.9,7685.33,7605.0,59,1984,0.1535,0.000669
2026-09-01 10:07:56,SPX,7642.9,7685.33,7685.0,1004,1349,0.1435,0.000669
2026-09-01 10:07:56,SPX,7642.9,7685.33,7600.0,841,3563,0.1567,0.000669
2026-09-01 10:07:56,SPX,7642.9,7685.33,7690.0,1517,2264,0.1498,0.000669
2026-09-01 10:07:56,SPX,7642.9,7685.33,7595.0,127,1733,0.1624,0.000669
2026-09-01 10:07:56,SPX,7642.9,7685.33,7695.0,981,1009,0.1563,0.000669
2026-09-01 10:07:56,SPX,7642.9,7685.33,7590.0,75,1491,0.1644,0.000669
2026-09-01 10:07:56,SPX,7642.9,7685.33,7700.0,2403,1736,0.1627,0.000669
2026-09-01 10:07:56,SPX,7642.9,7685.33,7585.0,16,1148,0.1706,0.000669
2026-09-01 10:07:56,SPX,7642.9,7685.33,7705.0,2071,358,0.1688,0.000669
2026-09-01 10:07:56,SPX,7642.9,7685.33,7580.0,43,1957,0.1746,0.000669
2026-09-01 10:07:56,SPX,7642.9,7685.33,7710.0,1936,492,0.1748,0.000669
2026-09-01 10:07:56,SPX,7642.9,7685.33,7575.0,119,1121,0.1823,0.000669
2026-09-01 10:07:56,SPX,7642.9,7685.33,7715.0,1681,716,0.1806,0.000669
2026-09-01 10:07:56,SPX,7642.9,7685.33,7570.0,94,1158,0.1871,0.000669
2026-09-01 10:07:56,SPX,7642.9,7685.33,7720.0,2395,981,0.1863,0.000669
2026-09-01 10:07:56,SPX,7642.9,7685.33,7565.0,26,2242,0.1909,0.000669
2026-09-01 10:07:56,SPX,7642.9,7685.33,7725.0,3022,1452,0.192,0.000669
2026-09-01 10:07:56,SPX,7642.9,7685.33,7560.0,113,1209,0.1951,0.000669
2026-09-01 10:07:56,SPX,7642.9,7685.33,7730.0,2976,468,0.1978,0.000669
2026-09-01 10:07:56,SPX,7642.9,7685.33,7555.0,28,1048,0.2009,0.000669
2026-09-01 10:07:56,SPX,7642.9,7685.33,7735.0,1740,328,0.2037,0.000669
2026-09-01 10:07:56,SPX,7642.9,7685.33,7550.0,127,3787,0.209,0.000669
2026-09-01 10:07:56,SPX,7642.9,7685.33,7740.0,3880,737,0.2098,0.000669
2026-09-01 10:07:56,SPX,7642.9,7685.33,7545.0,1,529,0.2181,0.000669
2026-09-01 10:07:56,SPX,7642.9,7685.33,7745.0,1907,137,0.2161,0.000669
2026-09-01 10:07:56,SPX,7642.9,7685.33,7540.0,3,1720,0.2272,0.000669
2026-09-01 10:07:56,SPX,7642.9,7685.33,7750.0,4551,832,0.2229,0.000669
2026-09-01 10:07:56,SPX,7642.9,7685.33,7535.0,8,1279,0.2358,0.000669
2026-09-01 10:07:56,SPX,7642.9,7685.33,7755.0,2697,101,0.2301,0.000669
2026-09-01 10:07:56,SPX,7642.9,7685.33,7530.0,4,5977,0.2435,0.000669
2026-09-01 10:07:56,SPX,7642.9,7685.33,7760.0,1655,177,0.2376,0.000669
2026-09-01 10:07:56,SPX,7642.9,7685.33,7525.0,69,7234,0.2504,0.000669
2026-09-01 10:07:56,SPX,7642.9,7685.33,7765.0,1580,145,0.2453,0.000669
2026-09-01 10:07:56,SPX,7642.9,7685.33,7520.0,14,6233,0.2567,0.000669
2026-09-01 10:07:56,SPX,7642.9,7685.33,7645.0,47,294,0.113,0.003407
2026-09-01 10:07:56,SPX,7642.9,7685.33,7640.0,61,420,0.1141,0.003407
2026-09-01 10:07:56,SPX,7642.9,7685.33,7650.0,105,888,0.1116,0.003407
2026-09-01 10:07:56,SPX,7642.9,7685.33,7635.0,39,327,0.1153,0.003407
2026-09-01 10:07:56,SPX,7642.9,7685.33,7655.0,99,238,0.1107,0.003407
2026-09-01 10:07:56,SPX,7642.9,7685.33,7630.0,56,634,0.1168,0.003407
2026-09-01 10:07:56,SPX,7642.9,7685.33,7660.0,100,405,0.11,0.003407
2026-09-01 10:07:56,SPX,7642.9,7685.33,7625.0,55,609,0.1179,0.003407
2026-09-01 10:07:56,SPX,7642.9,7685.33,7665.0,94,696,0.1093,0.003407
2026-09-01 10:07:56,SPX,7642.9,7685.33,7620.0,39,672,0.1197,0.003407
2026-09-01 10:07:56,SPX,7642.9,7685.33,7670.0,487,529,0.1087,0.003407
2026-09-01 10:07:56,SPX,7642.9,7685.33,7615.0,31,688,0.1213,0.003407
2026-09-01 10:07:56,SPX,7642.9,7685.33,7675.0,460,846,0.1081,0.003407
2026-09-01 10:07:56,SPX,7642.9,7685.33,7610.0,25,652,0.1237,0.003407
2026-09-01 10:07:56,SPX,7642.9,7685.33,7680.0,661,346,0.1076,0.003407
2026-09-01 10:07:56,SPX,7642.9,7685.33,7605.0,13,338,0.1245,0.003407
2026-09-01 10:07:56,SPX,7642.9,7685.33,7685.0,202,317,0.1069,0.003407
2026-09-01 10:07:56,SPX,7642.9,7685.33,7600.0,1055,1473,0.1259,0.003407
2026-09-01 10:07:56,SPX,7642.9,7685.33,7690.0,538,1149,0.1065,0.003407
2026-09-01 10:07:56,SPX,7642.9,7685.33,7595.0,15,1158,0.1274,0.003407
2026-09-01 10:07:56,SPX,7642.9,7685.33,7695.0,193,271,0.106,0.003407
2026-09-01 10:07:56,SPX,7642.9,7685.33,7590.0,25,355,0.1289,0.003407
2026-09-01 10:07:56,SPX,7642.9,7685.33,7700.0,1651,1273,0.1055,0.003407
2026-09-01 10:07:56,SPX,7642.9,7685.33,7585.0,21,360,0.1312,0.003407
2026-09-01 10:07:56,SPX,7642.9,7685.33,7705.0,676,308,0.1055,0.003407
2026-09-01 10:07:56,SPX,7642.9,7685.33,7580.0,12,660,0.1334,0.003407
2026-09-01 10:07:56,SPX,7642.9,7685.33,7710.0,895,399,0.1053,0.003407
2026-09-01 10:07:56,SPX,7642.9,7685.33,7575.0,123,1228,0.134,0.003407
2026-09-01 10:07:56,SPX,7642.9,7685.33,7715.0,1015,897,0.1054,0.003407
2026-09-01 10:07:56,SPX,7642.9,7685.33,7570.0,14,422,0.1359,0.003407
2026-09-01 10:07:56,SPX,7642.9,7685.33,7720.0,629,267,0.1059,0.003407
2026-09-01 10:07:56,SPX,7642.9,7685.33,7565.0,12,274,0.1386,0.003407
2026-09-01 10:07:56,SPX,7642.9,7685.33,7725.0,2103,941,0.1065,0.003407
2026-09-01 10:07:56,SPX,7642.9,7685.33,7560.0,8,1713,0.141,0.003407
2026-09-01 10:07:56,SPX,7642.9,7685.33,7730.0,607,176,0.1072,0.003407
2026-09-01 10:07:56,SPX,7642.9,7685.33,7555.0,11,266,0.1424,0.003407
2026-09-01 10:07:56,SPX,7642.9,7685.33,7735.0,422,114,0.108,0.003407
2026-09-01 10:07:56,SPX,7642.9,7685.33,7550.0,69,4024,0.1435,0.003407
2026-09-01 10:07:56,SPX,7642.9,7685.33,7740.0,1132,205,0.1091,0.003407
2026-09-01 10:07:56,SPX,7642.9,7685.33,7545.0,0,477,0.1457,0.003407
2026-09-01 10:07:56,SPX,7642.9,7685.33,7745.0,300,101,0.1104,0.003407
2026-09-01 10:07:56,SPX,7642.9,7685.33,7540.0,1,455,0.1481,0.003407
2026-09-01 10:07:56,SPX,7642.9,7685.33,7750.0,2091,665,0.1119,0.003407
2026-09-01 10:07:56,SPX,7642.9,7685.33,7535.0,8,379,0.1499,0.003407
2026-09-01 10:07:56,SPX,7642.9,7685.33,7755.0,520,111,0.1137,0.003407
2026-09-01 10:07:56,SPX,7642.9,7685.33,7530.0,12,502,0.1528,0.003407
2026-09-01 10:07:56,SPX,7642.9,7685.33,7760.0,615,94,0.1158,0.003407
2026-09-01 10:07:56,SPX,7642.9,7685.33,7525.0,25,532,0.1557,0.003407
2026-09-01 10:07:56,SPX,7642.9,7685.33,7765.0,393,158,0.118,0.003407
2026-09-01 10:07:56,SPX,7642.9,7685.33,7520.0,85,422,0.1575,0.003407
2026-09-01 10:07:56,SPX,7642.9,7685.33,7645.0,41,164,0.1202,0.006145
2026-09-01 10:07:56,SPX,7642.9,7685.33,7640.0,50,232,0.1215,0.006145
2026-09-01 10:07:56,SPX,7642.9,7685.33,7650.0,226,1011,0.1192,0.006145
2026-09-01 10:07:56,SPX,7642.9,7685.33,7635.0,45,161,0.1222,0.006145
2026-09-01 10:07:56,SPX,7642.9,7685.33,7655.0,99,339,0.1183,0.006145
2026-09-01 10:07:56,SPX,7642.9,7685.33,7630.0,83,139,0.1233,0.006145
2026-09-01 10:07:56,SPX,7642.9,7685.33,7660.0,55,269,0.1174,0.006145
2026-09-01 10:07:56,SPX,7642.9,7685.33,7625.0,330,986,0.1243,0.006145
2026-09-01 10:07:56,SPX,7642.9,7685.33,7665.0,53,204,0.1165,0.006145
2026-09-01 10:07:56,SPX,7642.9,7685.33,7620.0,39,220,0.1257,0.006145
2026-09-01 10:07:56,SPX,7642.9,7685.33,7670.0,95,326,0.1158,0.006145
2026-09-01 10:07:56,SPX,7642.9,7685.33,7615.0,9,214,0.1274,0.006145
2026-09-01 10:07:56,SPX,7642.9,7685.33,7675.0,1116,798,0.1151,0.006145
2026-09-01 10:07:56,SPX,7642.9,7685.33,7610.0,23,381,0.1286,0.006145
2026-09-01 10:07:56,SPX,7642.9,7685.33,7680.0,597,261,0.1144,0.006145
2026-09-01 10:07:56,SPX,7642.9,7685.33,7605.0,8,132,0.1291,0.006145
2026-09-01 10:07:56,SPX,7642.9,7685.33,7685.0,111,500,0.1138,0.006145
2026-09-01 10:07:56,SPX,7642.9,7685.33,7600.0,195,996,0.13,0.006145
2026-09-01 10:07:56,SPX,7642.9,7685.33,7690.0,350,453,0.1135,0.006145
2026-09-01 10:07:56,SPX,7642.9,7685.33,7595.0,8,183,0.1315,0.006145
2026-09-01 10:07:56,SPX,7642.9,7685.33,7695.0,96,309,0.113,0.006145
2026-09-01 10:07:56,SPX,7642.9,7685.33,7590.0,11,426,0.1332,0.006145
2026-09-01 10:07:56,SPX,7642.9,7685.33,7700.0,846,579,0.1122,0.006145
2026-09-01 10:07:56,SPX,7642.9,7685.33,7585.0,119,224,0.1344,0.006145
2026-09-01 10:07:56,SPX,7642.9,7685.33,7705.0,109,120,0.1115,0.006145
2026-09-01 10:07:56,SPX,7642.9,7685.33,7580.0,9,358,0.1353,0.006145
2026-09-01 10:07:56,SPX,7642.9,7685.33,7710.0,404,374,0.1108,0.006145
2026-09-01 10:07:56,SPX,7642.9,7685.33,7575.0,71,654,0.1361,0.006145
2026-09-01 10:07:56,SPX,7642.9,7685.33,7715.0,512,170,0.1102,0.006145
2026-09-01 10:07:56,SPX,7642.9,7685.33,7570.0,5,194,0.1375,0.006145
2026-09-01 10:07:56,SPX,7642.9,7685.33,7720.0,496,294,0.1098,0.006145
2026-09-01 10:07:56,SPX,7642.9,7685.33,7565.0,22,327,0.1387,0.006145
2026-09-01 10:07:56,SPX,7642.9,7685.33,7725.0,457,255,0.1096,0.006145
2026-09-01 10:07:56,SPX,7642.9,7685.33,7560.0,11,644,0.1404,0.006145
2026-09-01 10:07:56,SPX,7642.9,7685.33,7730.0,240,252,0.1095,0.006145
2026-09-01 10:07:56,SPX,7642.9,7685.33,7555.0,14,448,0.1412,0.006145
2026-09-01 10:07:56,SPX,7642.9,7685.33,7735.0,396,159,0.1095,0.006145
2026-09-01 10:07:56,SPX,7642.9,7685.33,7550.0,51,3245,0.1426,0.006145
2026-09-01 10:07:56,SPX,7642.9,7685.33,7740.0,516,271,0.1095,0.006145
2026-09-01 10:07:56,SPX,7642.9,7685.33,7545.0,0,1298,0.144,0.006145
2026-09-01 10:07:56,SPX,7642.9,7685.33,7745.0,288,146,0.1095,0.006145
2026-09-01 10:07:56,SPX,7642.9,7685.33,7540.0,9,446,0.1458,0.006145
2026-09-01 10:07:56,SPX,7642.9,7685.33,7750.0,1667,981,0.1094,0.006145
2026-09-01 10:07:56,SPX,7642.9,7685.33,7535.0,0,232,0.1475,0.006145
2026-09-01 10:07:56,SPX,7642.9,7685.33,7755.0,237,59,0.1094,0.006145
2026-09-01 10:07:56,SPX,7642.9,7685.33,7530.0,1,260,0.1492,0.006145
2026-09-01 10:07:56,SPX,7642.9,7685.33,7760.0,253,146,0.1093,0.006145
2026-09-01 10:07:56,SPX,7642.9,7685.33,7525.0,40,1122,0.151,0.006145
2026-09-01 10:07:56,SPX,7642.9,7685.33,7765.0,226,71,0.1093,0.006145
2026-09-01 10:07:56,SPX,7642.9,7685.33,7520.0,0,1209,0.1526,0.006145
2026-09-01 10:38:55,SPX,7660.17,7685.3,7660.0,228,1807,0.1255,0.00061
2026-09-01 10:38:55,SPX,7660.17,7685.3,7665.0,471,968,0.1242,0.00061
2026-09-01 10:38:55,SPX,7660.17,7685.3,7655.0,182,1428,0.1277,0.00061
2026-09-01 10:38:55,SPX,7660.17,7685.3,7670.0,673,1192,0.1228,0.00061
2026-09-01 10:38:55,SPX,7660.17,7685.3,7650.0,1128,2791,0.13,0.00061
2026-09-01 10:38:55,SPX,7660.17,7685.3,7675.0,2532,2480,0.1232,0.00061
2026-09-01 10:38:55,SPX,7660.17,7685.3,7645.0,626,1187,0.1328,0.00061
2026-09-01 10:38:55,SPX,7660.17,7685.3,7680.0,1004,1927,0.1236,0.00061
2026-09-01 10:38:55,SPX,7660.17,7685.3,7640.0,232,1892,0.1367,0.00061
2026-09-01 10:38:55,SPX,7660.17,7685.3,7685.0,1004,1349,0.1251,0.00061
2026-09-01 10:38:55,SPX,7660.17,7685.3,7635.0,265,1252,0.1404,0.00061
2026-09-01 10:38:55,SPX,7660.17,7685.3,7690.0,1517,2264,0.1271,0.00061
2026-09-01 10:38:55,SPX,7660.17,7685.3,7630.0,806,1689,0.1444,0.00061
2026-09-01 10:38:55,SPX,7660.17,7685.3,7695.0,981,1009,0.1304,0.00061
2026-09-01 10:38:55,SPX,7660.17,7685.3,7625.0,806,2969,0.1485,0.00061
2026-09-01 10:38:55,SPX,7660.17,7685.3,7700.0,2403,1736,0.1354,0.00061
2026-09-01 10:38:55,SPX,7660.17,7685.3,7620.0,269,1697,0.1539,0.00061
2026-09-01 10:38:55,SPX,7660.17,7685.3,7705.0,2071,358,0.1417,0.00061
2026-09-01 10:38:55,SPX,7660.17,7685.3,7615.0,102,1982,0.1574,0.00061
2026-09-01 10:38:55,SPX,7660.17,7685.3,7710.0,1936,492,0.1481,0.00061
2026-09-01 10:38:55,SPX,7660.17,7685.3,7610.0,92,2277,0.1661,0.00061
2026-09-01 10:38:55,SPX,7660.17,7685.3,7715.0,1681,716,0.1539,0.00061
2026-09-01 10:38:55,SPX,7660.17,7685.3,7605.0,59,1984,0.1686,0.00061
2026-09-01 10:38:55,SPX,7660.17,7685.3,7720.0,2395,981,0.1592,0.00061
2026-09-01 10:38:55,SPX,7660.17,7685.3,7600.0,841,3563,0.1777,0.00061
2026-09-01 10:38:55,SPX,7660.17,7685.3,7725.0,3022,1452,0.165,0.00061
2026-09-01 10:38:55,SPX,7660.17,7685.3,7595.0,127,1733,0.1832,0.00061
2026-09-01 10:38:55,SPX,7660.17,7685.3,7730.0,2976,468,0.1705,0.00061
2026-09-01 10:38:55,SPX,7660.17,7685.3,7590.0,75,1491,0.1876,0.00061
2026-09-01 10:38:55,SPX,7660.17,7685.3,7735.0,1740,328,0.1765,0.00061
2026-09-01 10:38:55,SPX,7660.17,7685.3,7585.0,16,1148,0.1936,0.00061
2026-09-01 10:38:55,SPX,7660.17,7685.3,7740.0,3880,737,0.183,0.00061
2026-09-01 10:38:55,SPX,7660.17,7685.3,7580.0,43,1957,0.2025,0.00061
2026-09-01 10:38:55,SPX,7660.17,7685.3,7745.0,1907,137,0.19,0.00061
2026-09-01 10:38:55,SPX,7660.17,7685.3,7575.0,119,1121,0.2111,0.00061
2026-09-01 10:38:55,SPX,7660.17,7685.3,7750.0,4551,832,0.1974,0.00061
2026-09-01 10:38:55,SPX,7660.17,7685.3,7570.0,94,1158,0.2193,0.00061
2026-09-01 10:38:55,SPX,7660.17,7685.3,7755.0,2697,101,0.2052,0.00061
2026-09-01 10:38:55,SPX,7660.17,7685.3,7565.0,26,2242,0.2276,0.00061
2026-09-01 10:38:55,SPX,7660.17,7685.3,7760.0,1655,177,0.2133,0.00061
2026-09-01 10:38:55,SPX,7660.17,7685.3,7560.0,113,1209,0.2354,0.00061
2026-09-01 10:38:55,SPX,7660.17,7685.3,7765.0,1580,145,0.2216,0.00061
2026-09-01 10:38:55,SPX,7660.17,7685.3,7555.0,28,1048,0.2425,0.00061
2026-09-01 10:38:55,SPX,7660.17,7685.3,7770.0,1128,124,0.2297,0.00061
2026-09-01 10:38:55,SPX,7660.17,7685.3,7550.0,127,3787,0.2492,0.00061
2026-09-01 10:38:55,SPX,7660.17,7685.3,7775.0,2486,122,0.2376,0.00061
2026-09-01 10:38:55,SPX,7660.17,7685.3,7545.0,1,529,0.2559,0.00061
2026-09-01 10:38:55,SPX,7660.17,7685.3,7780.0,1382,106,0.245,0.00061
2026-09-01 10:38:55,SPX,7660.17,7685.3,7540.0,3,1720,0.2627,0.00061
2026-09-01 10:38:55,SPX,7660.17,7685.3,7785.0,906,59,0.2518,0.00061
2026-09-01 10:38:55,SPX,7660.17,7685.3,7660.0,100,405,0.1105,0.003348
2026-09-01 10:38:55,SPX,7660.17,7685.3,7665.0,94,696,0.1095,0.003348
2026-09-01 10:38:55,SPX,7660.17,7685.3,7655.0,99,238,0.1115,0.003348
2026-09-01 10:38:55,SPX,7660.17,7685.3,7670.0,487,529,0.1083,0.003348
2026-09-01 10:38:55,SPX,7660.17,7685.3,7650.0,105,888,0.1126,0.003348
2026-09-01 10:38:55,SPX,7660.17,7685.3,7675.0,460,846,0.1078,0.003348
2026-09-01 10:38:55,SPX,7660.17,7685.3,7645.0,47,294,0.1137,0.003348
2026-09-01 10:38:55,SPX,7660.17,7685.3,7680.0,661,346,0.1068,0.003348
2026-09-01 10:38:55,SPX,7660.17,7685.3,7640.0,61,420,0.1153,0.003348
2026-09-01 10:38:55,SPX,7660.17,7685.3,7685.0,202,317,0.1057,0.003348
2026-09-01 10:38:55,SPX,7660.17,7685.3,7635.0,39,327,0.1167,0.003348
2026-09-01 10:38:55,SPX,7660.17,7685.3,7690.0,538,1149,0.1049,0.003348
2026-09-01 10:38:55,SPX,7660.17,7685.3,7630.0,56,634,0.1191,0.003348
2026-09-01 10:38:55,SPX,7660.17,7685.3,7695.0,193,271,0.1039,0.003348
2026-09-01 10:38:55,SPX,7660.17,7685.3,7625.0,55,609,0.1199,0.003348
2026-09-01 10:38:55,SPX,7660.17,7685.3,7700.0,1651,1273,0.103,0.003348
2026-09-01 10:38:55,SPX,7660.17,7685.3,7620.0,39,672,0.1214,0.003348
2026-09-01 10:38:55,SPX,7660.17,7685.3,7705.0,676,308,0.1024,0.003348
2026-09-01 10:38:55,SPX,7660.17,7685.3,7615.0,31,688,0.1227,0.003348
2026-09-01 10:38:55,SPX,7660.17,7685.3,7710.0,895,399,0.1023,0.003348
2026-09-01 10:38:55,SPX,7660.17,7685.3,7610.0,25,652,0.1254,0.003348
2026-09-01 10:38:55,SPX,7660.17,7685.3,7715.0,1015,897,0.1027,0.003348
2026-09-01 10:38:55,SPX,7660.17,7685.3,7605.0,13,338,0.1261,0.003348
2026-09-01 10:38:55,SPX,7660.17,7685.3,7720.0,629,267,0.1032,0.003348
2026-09-01 10:38:55,SPX,7660.17,7685.3,7600.0,1055,1473,0.1275,0.003348
2026-09-01 10:38:55,SPX,7660.17,7685.3,7725.0,2103,941,0.1035,0.003348
2026-09-01 10:38:55,SPX,7660.17,7685.3,7595.0,15,1158,0.1291,0.003348
2026-09-01 10:38:55,SPX,7660.17,7685.3,7730.0,607,176,0.1038,0.003348
2026-09-01 10:38:55,SPX,7660.17,7685.3,7590.0,25,355,0.1314,0.003348
2026-09-01 10:38:55,SPX,7660.17,7685.3,7735.0,422,114,0.1041,0.003348
2026-09-01 10:38:55,SPX,7660.17,7685.3,7585.0,21,360,0.1334,0.003348
2026-09-01 10:38:55,SPX,7660.17,7685.3,7740.0,1132,205,0.1045,0.003348
2026-09-01 10:38:55,SPX,7660.17,7685.3,7580.0,12,660,0.1353,0.003348
2026-09-01 10:38:55,SPX,7660.17,7685.3,7745.0,300,101,0.1052,0.003348
2026-09-01 10:38:55,SPX,7660.17,7685.3,7575.0,123,1228,0.1373,0.003348
2026-09-01 10:38:55,SPX,7660.17,7685.3,7750.0,2091,665,0.1062,0.003348
2026-09-01 10:38:55,SPX,7660.17,7685.3,7570.0,14,422,0.1394,0.003348
2026-09-01 10:38:55,SPX,7660.17,7685.3,7755.0,520,111,0.1075,0.003348
2026-09-01 10:38:55,SPX,7660.17,7685.3,7565.0,12,274,0.1409,0.003348
2026-09-01 10:38:55,SPX,7660.17,7685.3,7760.0,615,94,0.1092,0.003348
2026-09-01 10:38:55,SPX,7660.17,7685.3,7560.0,8,1713,0.1423,0.003348
2026-09-01 10:38:55,SPX,7660.17,7685.3,7765.0,393,158,0.1111,0.003348
2026-09-01 10:38:55,SPX,7660.17,7685.3,7555.0,11,266,0.145,0.003348
2026-09-01 10:38:55,SPX,7660.17,7685.3,7770.0,612,60,0.1133,0.003348
2026-09-01 10:38:55,SPX,7660.17,7685.3,7550.0,69,4024,0.1479,0.003348
2026-09-01 10:38:55,SPX,7660.17,7685.3,7775.0,834,76,0.1155,0.003348
2026-09-01 10:38:55,SPX,7660.17,7685.3,7545.0,0,477,0.1498,0.003348
2026-09-01 10:38:55,SPX,7660.17,7685.3,7780.0,737,43,0.1179,0.003348
2026-09-01 10:38:55,SPX,7660.17,7685.3,7540.0,1,455,0.1515,0.003348
2026-09-01 10:38:55,SPX,7660.17,7685.3,7785.0,955,148,0.1202,0.003348
2026-09-01 10:38:55,SPX,7660.17,7685.3,7660.0,55,269,0.117,0.006086
2026-09-01 10:38:55,SPX,7660.17,7685.3,7665.0,53,204,0.116,0.006086
2026-09-01 10:38:55,SPX,7660.17,7685.3,7655.0,99,339,0.1178,0.006086
2026-09-01 10:38:55,SPX,7660.17,7685.3,7670.0,95,326,0.1152,0.006086
2026-09-01 10:38:55,SPX,7660.17,7685.3,7650.0,226,1011,0.1191,0.006086
2026-09-01 10:38:55,SPX,7660.17,7685.3,7675.0,1116,798,0.1144,0.006086
2026-09-01 10:38:55,SPX,7660.17,7685.3,7645.0,41,164,0.1198,0.006086
2026-09-01 10:38:55,SPX,7660.17,7685.3,7680.0,597,261,0.1134,0.006086
2026-09-01 10:38:55,SPX,7660.17,7685.3,7640.0,50,232,0.1207,0.006086
2026-09-01 10:38:55,SPX,7660.17,7685.3,7685.0,111,500,0.1126,0.006086
2026-09-01 10:38:55,SPX,7660.17,7685.3,7635.0,45,161,0.1221,0.006086
2026-09-01 10:38:55,SPX,7660.17,7685.3,7690.0,350,453,0.1118,0.006086
2026-09-01 10:38:55,SPX,7660.17,7685.3,7630.0,83,139,0.1229,0.006086
2026-09-01 10:38:55,SPX,7660.17,7685.3,7695.0,96,309,0.1111,0.006086
2026-09-01 10:38:55,SPX,7660.17,7685.3,7625.0,330,986,0.1239,0.006086
2026-09-01 10:38:55,SPX,7660.17,7685.3,7700.0,846,579,0.1104,0.006086
2026-09-01 10:38:55,SPX,7660.17,7685.3,7620.0,39,220,0.1251,0.006086
2026-09-01 10:38:55,SPX,7660.17,7685.3,7705.0,109,120,0.1099,0.006086
2026-09-01 10:38:55,SPX,7660.17,7685.3,7615.0,9,214,0.126,0.006086
2026-09-01 10:38:55,SPX,7660.17,7685.3,7710.0,404,374,0.1097,0.006086
2026-09-01 10:38:55,SPX,7660.17,7685.3,7610.0,23,381,0.1275,0.006086
2026-09-01 10:38:55,SPX,7660.17,7685.3,7715.0,512,170,0.1096,0.006086
2026-09-01 10:38:55,SPX,7660.17,7685.3,7605.0,8,132,0.1291,0.006086
2026-09-01 10:38:55,SPX,7660.17,7685.3,7720.0,496,294,0.1089,0.006086
2026-09-01 10:38:55,SPX,7660.17,7685.3,7600.0,195,996,0.13,0.006086
2026-09-01 10:38:55,SPX,7660.17,7685.3,7725.0,457,255,0.1082,0.006086
2026-09-01 10:38:55,SPX,7660.17,7685.3,7595.0,8,183,0.1307,0.006086
2026-09-01 10:38:55,SPX,7660.17,7685.3,7730.0,240,252,0.1075,0.006086
2026-09-01 10:38:55,SPX,7660.17,7685.3,7590.0,11,426,0.1322,0.006086
2026-09-01 10:38:55,SPX,7660.17,7685.3,7735.0,396,159,0.107,0.006086
2026-09-01 10:38:55,SPX,7660.17,7685.3,7585.0,119,224,0.134,0.006086
2026-09-01 10:38:55,SPX,7660.17,7685.3,7740.0,516,271,0.1068,0.006086
2026-09-01 10:38:55,SPX,7660.17,7685.3,7580.0,9,358,0.1351,0.006086
2026-09-01 10:38:55,SPX,7660.17,7685.3,7745.0,288,146,0.1068,0.006086
2026-09-01 10:38:55,SPX,7660.17,7685.3,7575.0,71,654,0.1361,0.006086
2026-09-01 10:38:55,SPX,7660.17,7685.3,7750.0,1667,981,0.1069,0.006086
2026-09-01 10:38:55,SPX,7660.17,7685.3,7570.0,5,194,0.1368,0.006086
2026-09-01 10:38:55,SPX,7660.17,7685.3,7755.0,237,59,0.1071,0.006086
2026-09-01 10:38:55,SPX,7660.17,7685.3,7565.0,22,327,0.1387,0.006086
2026-09-01 10:38:55,SPX,7660.17,7685.3,7760.0,253,146,0.1072,0.006086
2026-09-01 10:38:55,SPX,7660.17,7685.3,7560.0,11,644,0.1402,0.006086
2026-09-01 10:38:55,SPX,7660.17,7685.3,7765.0,226,71,0.1074,0.006086
2026-09-01 10:38:55,SPX,7660.17,7685.3,7555.0,14,448,0.1414,0.006086
2026-09-01 10:38:55,SPX,7660.17,7685.3,7770.0,266,59,0.1074,0.006086
2026-09-01 10:38:55,SPX,7660.17,7685.3,7550.0,51,3245,0.1426,0.006086
2026-09-01 10:38:55,SPX,7660.17,7685.3,7775.0,363,48,0.1074,0.006086
2026-09-01 10:38:55,SPX,7660.17,7685.3,7545.0,0,1298,0.144,0.006086
2026-09-01 10:38:55,SPX,7660.17,7685.3,7780.0,271,44,0.1074,0.006086
2026-09-01 10:38:55,SPX,7660.17,7685.3,7540.0,9,446,0.1456,0.006086
2026-09-01 10:38:55,SPX,7660.17,7685.3,7785.0,526,20,0.1075,0.006086
2026-09-01 11:09:19,SPX,7644.07,7685.32,7645.0,626,1187,0.126,0.000553
2026-09-01 11:09:19,SPX,7644.07,7685.32,7640.0,232,1892,0.1291,0.000553
2026-09-01 11:09:19,SPX,7644.07,7685.32,7650.0,1128,2791,0.1233,0.000553
2026-09-01 11:09:19,SPX,7644.07,7685.32,7635.0,265,1252,0.1326,0.000553
2026-09-01 11:09:19,SPX,7644.07,7685.32,7655.0,182,1428,0.1217,0.000553
2026-09-01 11:09:19,SPX,7644.07,7685.32,7630.0,806,1689,0.1366,0.000553
2026-09-01 11:09:19,SPX,7644.07,7685.32,7660.0,228,1807,0.1205,0.000553
2026-09-01 11:09:19,SPX,7644.07,7685.32,7625.0,806,2969,0.1408,0.000553
2026-09-01 11:09:19,SPX,7644.07,7685.32,7665.0,471,968,0.1193,0.000553
2026-09-01 11:09:19,SPX,7644.07,7685.32,7620.0,269,1697,0.1456,0.000553
2026-09-01 11:09:19,SPX,7644.07,7685.32,7670.0,673,1192,0.1199,0.000553
2026-09-01 11:09:19,SPX,7644.07,7685.32,7615.0,102,1982,0.1504,0.000553
2026-09-01 11:09:19,SPX,7644.07,7685.32,7675.0,2532,2480,0.1218,0.000553
2026-09-01 11:09:19,SPX,7644.07,7685.32,7610.0,92,2277,0.1578,0.000553
2026-09-01 11:09:19,SPX,7644.07,7685.32,7680.0,1004,1927,0.1251,0.000553
2026-09-01 11:09:19,SPX,7644.07,7685.32,7605.0,59,1984,0.1629,0.000553
2026-09-01 11:09:19,SPX,7644.07,7685.32,7685.0,1004,1349,0.1295,0.000553
2026-09-01 11:09:19,SPX,7644.07,7685.32,7600.0,841,3563,0.1705,0.000553
2026-09-01 11:09:19,SPX,7644.07,7685.32,7690.0,1517,2264,0.1347,0.000553
2026-09-01 11:09:19,SPX,7644.07,7685.32,7595.0,127,1733,0.1784,0.000553
2026-09-01 11:09:19,SPX,7644.07,7685.32,7695.0,981,1009,0.1406,0.000553
2026-09-01 11:09:19,SPX,7644.07,7685.32,7590.0,75,1491,0.1847,0.000553
2026-09-01 11:09:19,SPX,7644.07,7685.32,7700.0,2403,1736,0.1471,0.000553
2026-09-01 11:09:19,SPX,7644.07,7685.32,7585.0,16,1148,0.1906,0.000553
2026-09-01 11:09:19,SPX,7644.07,7685.32,7705.0,2071,358,0.1538,0.000553
2026-09-01 11:09:19,SPX,7644.07,7685.32,7580.0,43,1957,0.1958,0.000553
2026-09-01 11:09:19,SPX,7644.07,7685.32,7710.0,1936,492,0.161,0.000553
2026-09-01 11:09:19,SPX,7644.07,7685.32,7575.0,119,1121,0.2021,0.000553
2026-09-01 11:09:19,SPX,7644.07,7685.32,7715.0,1681,716,0.1687,0.000553
2026-09-01 11:09:19,SPX,7644.07,7685.32,7570.0,94,1158,0.209,0.000553
2026-09-01 11:09:19,SPX,7644.07,7685.32,7720.0,2395,981,0.1768,0.000553
2026-09-01 11:09:19,SPX,7644.07,7685.32,7565.0,26,2242,0.2167,0.000553
2026-09-01 11:09:19,SPX,7644.07,7685.32,7725.0,3022,1452,0.1853,0.000553
2026-09-01 11:09:19,SPX,7644.07,7685.32,7560.0,113,1209,0.2249,0.000553
2026-09-01 11:09:19,SPX,7644.07,7685.32,7730.0,2976,468,0.194,0.000553
2026-09-01 11:09:19,SPX,7644.07,7685.32,7555.0,28,1048,0.2328,0.000553
2026-09-01 11:09:19,SPX,7644.07,7685.32,7735.0,1740,328,0.2028,0.000553
2026-09-01 11:09:19,SPX,7644.07,7685.32,7550.0,127,3787,0.2404,0.000553
2026-09-01 11:09:19,SPX,7644.07,7685.32,7740.0,3880,737,0.2116,0.000553
2026-09-01 11:09:19,SPX,7644.07,7685.32,7545.0,1,529,0.2481,0.000553
2026-09-01 11:09:19,SPX,7644.07,7685.32,7745.0,1907,137,0.2205,0.000553
2026-09-01 11:09:19,SPX,7644.07,7685.32,7540.0,3,1720,0.2558,0.000553
2026-09-01 11:09:19,SPX,7644.07,7685.32,7750.0,4551,832,0.2292,0.000553
2026-09-01 11:09:19,SPX,7644.07,7685.32,7535.0,8,1279,0.2631,0.000553
2026-09-01 11:09:19,SPX,7644.07,7685.32,7755.0,2697,101,0.2374,0.000553
2026-09-01 11:09:19,SPX,7644.07,7685.32,7530.0,4,5977,0.2699,0.000553
2026-09-01 11:09:19,SPX,7644.07,7685.32,7760.0,1655,177,0.2451,0.000553
2026-09-01 11:09:19,SPX,7644.07,7685.32,7525.0,69,7234,0.2769,0.000553
2026-09-01 11:09:19,SPX,7644.07,7685.32,7765.0,1580,145,0.2523,0.000553
2026-09-01 11:09:19,SPX,7644.07,7685.32,7520.0,14,6233,0.2846,0.000553
2026-09-01 11:09:19,SPX,7644.07,7685.32,7645.0,47,294,0.1129,0.003291
2026-09-01 11:09:19,SPX,7644.07,7685.32,7640.0,61,420,0.114,0.003291
2026-09-01 11:09:19,SPX,7644.07,7685.32,7650.0,105,888,0.1117,0.003291
2026-09-01 11:09:19,SPX,7644.07,7685.32,7635.0,39,327,0.1153,0.003291
2026-09-01 11:09:19,SPX,7644.07,7685.32,7655.0,99,238,0.1109,0.003291
2026-09-01 11:09:19,SPX,7644.07,7685.32,7630.0,56,634,0.1166,0.003291
2026-09-01 11:09:19,SPX,7644.07,7685.32,7660.0,100,405,0.1098,0.003291
2026-09-01 11:09:19,SPX,7644.07,7685.32,7625.0,55,609,0.1179,0.003291
2026-09-01 11:09:19,SPX,7644.07,7685.32,7665.0,94,696,0.1087,0.003291
2026-09-01 11:09:19,SPX,7644.07,7685.32,7620.0,39,672,0.1197,0.003291
2026-09-01 11:09:19,SPX,7644.07,7685.32,7670.0,487,529,0.1076,0.003291
2026-09-01 11:09:19,SPX,7644.07,7685.32,7615.0,31,688,0.1208,0.003291
2026-09-01 11:09:19,SPX,7644.07,7685.32,7675.0,460,846,0.1063,0.003291
2026-09-01 11:09:19,SPX,7644.07,7685.32,7610.0,25,652,0.1223,0.003291
2026-09-01 11:09:19,SPX,7644.07,7685.32,7680.0,661,346,0.105,0.003291
2026-09-01 11:09:19,SPX,7644.07,7685.32,7605.0,13,338,0.1244,0.003291
2026-09-01 11:09:19,SPX,7644.07,7685.32,7685.0,202,317,0.1044,0.003291
2026-09-01 11:09:19,SPX,7644.07,7685.32,7600.0,1055,1473,0.1262,0.003291
2026-09-01 11:09:19,SPX,7644.07,7685.32,7690.0,538,1149,0.1042,0.003291
2026-09-01 11:09:19,SPX,7644.07,7685.32,7595.0,15,1158,0.1284,0.003291
2026-09-01 11:09:19,SPX,7644.07,7685.32,7695.0,193,271,0.1041,0.003291
2026-09-01 11:09:19,SPX,7644.07,7685.32,7590.0,25,355,0.1308,0.003291
2026-09-01 11:09:19,SPX,7644.07,7685.32,7700.0,1651,1273,0.1041,0.003291
2026-09-01 11:09:19,SPX,7644.07,7685.32,7585.0,21,360,0.1321,0.003291
2026-09-01 11:09:19,SPX,7644.07,7685.32,7705.0,676,308,0.104,0.003291
2026-09-01 11:09:19,SPX,7644.07,7685.32,7580.0,12,660,0.1331,0.003291
2026-09-01 11:09:19,SPX,7644.07,7685.32,7710.0,895,399,0.1039,0.003291
2026-09-01 11:09:19,SPX,7644.07,7685.32,7575.0,123,1228,0.1346,0.003291
2026-09-01 11:09:19,SPX,7644.07,7685.32,7715.0,1015,897,0.1039,0.003291
2026-09-01 11:09:19,SPX,7644.07,7685.32,7570.0,14,422,0.1366,0.003291
2026-09-01 11:09:19,SPX,7644.07,7685.32,7720.0,629,267,0.104,0.003291
2026-09-01 11:09:19,SPX,7644.07,7685.32,7565.0,12,274,0.1385,0.003291
2026-09-01 11:09:19,SPX,7644.07,7685.32,7725.0,2103,941,0.1042,0.003291
2026-09-01 11:09:19,SPX,7644.07,7685.32,7560.0,8,1713,0.1401,0.003291
2026-09-01 11:09:19,SPX,7644.07,7685.32,7730.0,607,176,0.1048,0.003291
2026-09-01 11:09:19,SPX,7644.07,7685.32,7555.0,11,266,0.1417,0.003291
2026-09-01 11:09:19,SPX,7644.07,7685.32,7735.0,422,114,0.1057,0.003291
2026-09-01 11:09:19,SPX,7644.07,7685.32,7550.0,69,4024,0.1442,0.003291
2026-09-01 11:09:19,SPX,7644.07,7685.32,7740.0,1132,205,0.107,0.003291
2026-09-01 11:09:19,SPX,7644.07,7685.32,7545.0,0,477,0.1469,0.003291
2026-09-01 11:09:19,SPX,7644.07,7685.32,7745.0,300,101,0.1088,0.003291
2026-09-01 11:09:19,SPX,7644.07,7685.32,7540.0,1,455,0.1489,0.003291
2026-09-01 11:09:19,SPX,7644.07,7685.32,7750.0,2091,665,0.1108,0.003291
2026-09-01 11:09:19,SPX,7644.07,7685.32,7535.0,8,379,0.1513,0.003291
2026-09-01 11:09:19,SPX,7644.07,7685.32,7755.0,520,111,0.1131,0.003291
2026-09-01 11:09:19,SPX,7644.07,7685.32,7530.0,12,502,0.1534,0.003291
2026-09-01 11:09:19,SPX,7644.07,7685.32,7760.0,615,94,0.1155,0.003291
2026-09-01 11:09:19,SPX,7644.07,7685.32,7525.0,25,532,0.1553,0.003291
2026-09-01 11:09:19,SPX,7644.07,7685.32,7765.0,393,158,0.1179,0.003291
2026-09-01 11:09:19,SPX,7644.07,7685.32,7520.0,85,422,0.1572,0.003291
2026-09-01 11:09:19,SPX,7644.07,7685.32,7645.0,41,164,0.1189,0.006028
2026-09-01 11:09:19,SPX,7644.07,7685.32,7640.0,50,232,0.1194,0.006028
2026-09-01 11:09:19,SPX,7644.07,7685.32,7650.0,226,1011,0.1176,0.006028
2026-09-01 11:09:19,SPX,7644.07,7685.32,7635.0,45,161,0.1208,0.006028
2026-09-01 11:09:19,SPX,7644.07,7685.32,7655.0,99,339,0.1166,0.006028
2026-09-01 11:09:19,SPX,7644.07,7685.32,7630.0,83,139,0.1215,0.006028
2026-09-01 11:09:19,SPX,7644.07,7685.32,7660.0,55,269,0.1157,0.006028
2026-09-01 11:09:19,SPX,7644.07,7685.32,7625.0,330,986,0.1228,0.006028
2026-09-01 11:09:19,SPX,7644.07,7685.32,7665.0,53,204,0.1148,0.006028
2026-09-01 11:09:19,SPX,7644.07,7685.32,7620.0,39,220,0.124,0.006028
2026-09-01 11:09:19,SPX,7644.07,7685.32,7670.0,95,326,0.1139,0.006028
2026-09-01 11:09:19,SPX,7644.07,7685.32,7615.0,9,214,0.1249,0.006028
2026-09-01 11:09:19,SPX,7644.07,7685.32,7675.0,1116,798,0.1132,0.006028
2026-09-01 11:09:19,SPX,7644.07,7685.32,7610.0,23,381,0.1268,0.006028
2026-09-01 11:09:19,SPX,7644.07,7685.32,7680.0,597,261,0.1123,0.006028
2026-09-01 11:09:19,SPX,7644.07,7685.32,7605.0,8,132,0.1271,0.006028
2026-09-01 11:09:19,SPX,7644.07,7685.32,7685.0,111,500,0.1117,0.006028
2026-09-01 11:09:19,SPX,7644.07,7685.32,7600.0,195,996,0.1284,0.006028
2026-09-01 11:09:19,SPX,7644.07,7685.32,7690.0,350,453,0.1109,0.006028
2026-09-01 11:09:19,SPX,7644.07,7685.32,7595.0,8,183,0.1299,0.006028
2026-09-01 11:09:19,SPX,7644.07,7685.32,7695.0,96,309,0.1103,0.006028
2026-09-01 11:09:19,SPX,7644.07,7685.32,7590.0,11,426,0.1308,0.006028
2026-09-01 11:09:19,SPX,7644.07,7685.32,7700.0,846,579,0.1098,0.006028
2026-09-01 11:09:19,SPX,7644.07,7685.32,7585.0,119,224,0.1319,0.006028
2026-09-01 11:09:19,SPX,7644.07,7685.32,7705.0,109,120,0.1095,0.006028
2026-09-01 11:09:19,SPX,7644.07,7685.32,7580.0,9,358,0.1336,0.006028
2026-09-01 11:09:19,SPX,7644.07,7685.32,7710.0,404,374,0.1092,0.006028
2026-09-01 11:09:19,SPX,7644.07,7685.32,7575.0,71,654,0.1344,0.006028
2026-09-01 11:09:19,SPX,7644.07,7685.32,7715.0,512,170,0.1087,0.006028
2026-09-01 11:09:19,SPX,7644.07,7685.32,7570.0,5,194,0.1355,0.006028
2026-09-01 11:09:19,SPX,7644.07,7685.32,7720.0,496,294,0.1082,0.006028
2026-09-01 11:09:19,SPX,7644.07,7685.32,7565.0,22,327,0.137,0.006028
2026-09-01 11:09:19,SPX,7644.07,7685.32,7725.0,457,255,0.1076,0.006028
2026-09-01 11:09:19,SPX,7644.07,7685.32,7560.0,11,644,0.1389,0.006028
2026-09-01 11:09:19,SPX,7644.07,7685.32,7730.0,240,252,0.1072,0.006028
2026-09-01 11:09:19,SPX,7644.07,7685.32,7555.0,14,448,0.1397,0.006028
2026-09-01 11:09:19,SPX,7644.07,7685.32,7735.0,396,159,0.107,0.006028
2026-09-01 11:09:19,SPX,7644.07,7685.32,7550.0,51,3245,0.141,0.006028
2026-09-01 11:09:19,SPX,7644.07,7685.32,7740.0,516,271,0.1069,0.006028
2026-09-01 11:09:19,SPX,7644.07,7685.32,7545.0,0,1298,0.1424,0.006028
2026-09-01 11:09:19,SPX,7644.07,7685.32,7745.0,288,146,0.1071,0.006028
2026-09-01 11:09:19,SPX,7644.07,7685.32,7540.0,9,446,0.1437,0.006028
2026-09-01 11:09:19,SPX,7644.07,7685.32,7750.0,1667,981,0.1074,0.006028
2026-09-01 11:09:19,SPX,7644.07,7685.32,7535.0,0,232,0.1458,0.006028
2026-09-01 11:09:19,SPX,7644.07,7685.32,7755.0,237,59,0.1078,0.006028
2026-09-01 11:09:19,SPX,7644.07,7685.32,7530.0,1,260,0.1477,0.006028
2026-09-01 11:09:19,SPX,7644.07,7685.32,7760.0,253,146,0.1081,0.006028
2026-09-01 11:09:19,SPX,7644.07,7685.32,7525.0,40,1122,0.1493,0.006028
2026-09-01 11:09:19,SPX,7644.07,7685.32,7765.0,226,71,0.1084,0.006028
2026-09-01 11:09:19,SPX,7644.07,7685.32,7520.0,8,1209,0.1509,0.006028
2026-09-01 11:39:42,SPX,7657.09,7684.08,7655.0,182,1428,0.1088,0.000495
2026-09-01 11:39:42,SPX,7657.09,7684.08,7660.0,228,1807,0.1067,0.000495
2026-09-01 11:39:42,SPX,7657.09,7684.08,7650.0,1128,2791,0.1109,0.000495
2026-09-01 11:39:42,SPX,7657.09,7684.08,7665.0,471,968,0.1053,0.000495
2026-09-01 11:39:42,SPX,7657.09,7684.08,7645.0,626,1187,0.1137,0.000495
2026-09-01 11:39:42,SPX,7657.09,7684.08,7670.0,673,1192,0.1057,0.000495
2026-09-01 11:39:42,SPX,7657.09,7684.08,7640.0,232,1892,0.1178,0.000495
2026-09-01 11:39:42,SPX,7657.09,7684.08,7675.0,2532,2480,0.1077,0.000495
2026-09-01 11:39:42,SPX,7657.09,7684.08,7635.0,265,1252,0.1227,0.000495
2026-09-01 11:39:42,SPX,7657.09,7684.08,7680.0,1004,1927,0.1112,0.000495
2026-09-01 11:39:42,SPX,7657.09,7684.08,7630.0,806,1689,0.1278,0.000495
2026-09-01 11:39:42,SPX,7657.09,7684.08,7685.0,1004,1349,0.1159,0.000495
2026-09-01 11:39:42,SPX,7657.09,7684.08,7625.0,806,2969,0.1335,0.000495
2026-09-01 11:39:42,SPX,7657.09,7684.08,7690.0,1517,2264,0.1217,0.000495
2026-09-01 11:39:42,SPX,7657.09,7684.08,7620.0,269,1697,0.139,0.000495
2026-09-01 11:39:42,SPX,7657.09,7684.08,7695.0,981,1009,0.1293,0.000495
2026-09-01 11:39:42,SPX,7657.09,7684.08,7615.0,102,1982,0.1479,0.000495
2026-09-01 11:39:42,SPX,7657.09,7684.08,7700.0,2403,1736,0.1378,0.000495
2026-09-01 11:39:42,SPX,7657.09,7684.08,7610.0,92,2277,0.1532,0.000495
2026-09-01 11:39:42,SPX,7657.09,7684.08,7705.0,2071,358,0.1455,0.000495
2026-09-01 11:39:42,SPX,7657.09,7684.08,7605.0,59,1984,0.1624,0.000495
2026-09-01 11:39:42,SPX,7657.09,7684.08,7710.0,1936,492,0.1524,0.000495
2026-09-01 11:39:42,SPX,7657.09,7684.08,7600.0,841,3563,0.1675,0.000495
2026-09-01 11:39:42,SPX,7657.09,7684.08,7715.0,1681,716,0.1593,0.000495
2026-09-01 11:39:42,SPX,7657.09,7684.08,7595.0,127,1733,0.1756,0.000495
2026-09-01 11:39:42,SPX,7657.09,7684.08,7720.0,2395,981,0.1667,0.000495
2026-09-01 11:39:42,SPX,7657.09,7684.08,7590.0,75,1491,0.1846,0.000495
2026-09-01 11:39:42,SPX,7657.09,7684.08,7725.0,3022,1452,0.1747,0.000495
2026-09-01 11:39:42,SPX,7657.09,7684.08,7585.0,16,1148,0.1943,0.000495
2026-09-01 11:39:42,SPX,7657.09,7684.08,7730.0,2976,468,0.1836,0.000495
2026-09-01 11:39:42,SPX,7657.09,7684.08,7580.0,43,1957,0.2032,0.000495
2026-09-01 11:39:42,SPX,7657.09,7684.08,7735.0,1740,328,0.1932,0.000495
2026-09-01 11:39:42,SPX,7657.09,7684.08,7575.0,119,1121,0.2116,0.000495
2026-09-01 11:39:42,SPX,7657.09,7684.08,7740.0,3880,737,0.2034,0.000495
2026-09-01 11:39:42,SPX,7657.09,7684.08,7570.0,94,1158,0.22,0.000495
2026-09-01 11:39:42,SPX,7657.09,7684.08,7745.0,1907,137,0.2135,0.000495
2026-09-01 11:39:42,SPX,7657.09,7684.08,7565.0,26,2242,0.2284,0.000495
2026-09-01 11:39:42,SPX,7657.09,7684.08,7750.0,4551,832,0.2233,0.000495
2026-09-01 11:39:42,SPX,7657.09,7684.08,7560.0,113,1209,0.237,0.000495
2026-09-01 11:39:42,SPX,7657.09,7684.08,7755.0,2697,101,0.2325,0.000495
2026-09-01 11:39:42,SPX,7657.09,7684.08,7555.0,28,1048,0.2459,0.000495
2026-09-01 11:39:42,SPX,7657.09,7684.08,7760.0,1655,177,0.241,0.000495
2026-09-01 11:39:42,SPX,7657.09,7684.08,7550.0,127,3787,0.255,0.000495
2026-09-01 11:39:42,SPX,7657.09,7684.08,7765.0,1580,145,0.2487,0.000495
2026-09-01 11:39:42,SPX,7657.09,7684.08,7545.0,1,529,0.2642,0.000495
2026-09-01 11:39:42,SPX,7657.09,7684.08,7770.0,1128,124,0.2557,0.000495
2026-09-01 11:39:42,SPX,7657.09,7684.08,7540.0,3,1720,0.2736,0.000495
2026-09-01 11:39:42,SPX,7657.09,7684.08,7775.0,2486,122,0.2619,0.000495
2026-09-01 11:39:42,SPX,7657.09,7684.08,7535.0,8,1279,0.2833,0.000495
2026-09-01 11:39:42,SPX,7657.09,7684.08,7780.0,1382,106,0.2673,0.000495
2026-09-01 11:39:42,SPX,7657.09,7684.08,7655.0,99,238,0.1059,0.003233
2026-09-01 11:39:42,SPX,7657.09,7684.08,7660.0,100,405,0.1047,0.003233
2026-09-01 11:39:42,SPX,7657.09,7684.08,7650.0,105,888,0.1071,0.003233
2026-09-01 11:39:42,SPX,7657.09,7684.08,7665.0,94,696,0.1037,0.003233
2026-09-01 11:39:42,SPX,7657.09,7684.08,7645.0,47,294,0.1082,0.003233
2026-09-01 11:39:42,SPX,7657.09,7684.08,7670.0,487,529,0.1028,0.003233
2026-09-01 11:39:42,SPX,7657.09,7684.08,7640.0,61,420,0.1095,0.003233
2026-09-01 11:39:42,SPX,7657.09,7684.08,7675.0,460,846,0.102,0.003233
2026-09-01 11:39:42,SPX,7657.09,7684.08,7635.0,39,327,0.1108,0.003233
2026-09-01 11:39:42,SPX,7657.09,7684.08,7680.0,661,346,0.1011,0.003233
2026-09-01 11:39:42,SPX,7657.09,7684.08,7630.0,56,634,0.1128,0.003233
2026-09-01 11:39:42,SPX,7657.09,7684.08,7685.0,202,317,0.1002,0.003233
2026-09-01 11:39:42,SPX,7657.09,7684.08,7625.0,55,609,0.1148,0.003233
2026-09-01 11:39:42,SPX,7657.09,7684.08,7690.0,538,1149,0.0991,0.003233
2026-09-01 11:39:42,SPX,7657.09,7684.08,7620.0,39,672,0.1155,0.003233
2026-09-01 11:39:42,SPX,7657.09,7684.08,7695.0,193,271,0.0983,0.003233
2026-09-01 11:39:42,SPX,7657.09,7684.08,7615.0,31,688,0.1166,0.003233
2026-09-01 11:39:42,SPX,7657.09,7684.08,7700.0,1651,1273,0.0981,0.003233
2026-09-01 11:39:42,SPX,7657.09,7684.08,7610.0,25,652,0.1195,0.003233
2026-09-01 11:39:42,SPX,7657.09,7684.08,7705.0,676,308,0.0983,0.003233
2026-09-01 11:39:42,SPX,7657.09,7684.08,7605.0,13,338,0.1202,0.003233
2026-09-01 11:39:42,SPX,7657.09,7684.08,7710.0,895,399,0.0987,0.003233
2026-09-01 11:39:42,SPX,7657.09,7684.08,7600.0,1055,1473,0.1233,0.003233
2026-09-01 11:39:42,SPX,7657.09,7684.08,7715.0,1015,897,0.099,0.003233
2026-09-01 11:39:42,SPX,7657.09,7684.08,7595.0,15,1158,0.1256,0.003233
2026-09-01 11:39:42,SPX,7657.09,7684.08,7720.0,629,267,0.0993,0.003233
2026-09-01 11:39:42,SPX,7657.09,7684.08,7590.0,25,355,0.1262,0.003233
2026-09-01 11:39:42,SPX,7657.09,7684.08,7725.0,2103,941,0.0997,0.003233
2026-09-01 11:39:42,SPX,7657.09,7684.08,7585.0,21,360,0.1286,0.003233
2026-09-01 11:39:42,SPX,7657.09,7684.08,7730.0,607,176,0.1002,0.003233
2026-09-01 11:39:42,SPX,7657.09,7684.08,7580.0,12,660,0.1308,0.003233
2026-09-01 11:39:42,SPX,7657.09,7684.08,7735.0,422,114,0.1011,0.003233
2026-09-01 11:39:42,SPX,7657.09,7684.08,7575.0,123,1228,0.1319,0.003233
2026-09-01 11:39:42,SPX,7657.09,7684.08,7740.0,1132,205,0.1023,0.003233
2026-09-01 11:39:42,SPX,7657.09,7684.08,7570.0,14,422,0.1338,0.003233
2026-09-01 11:39:42,SPX,7657.09,7684.08,7745.0,300,101,0.1038,0.003233
2026-09-01 11:39:42,SPX,7657.09,7684.08,7565.0,12,274,0.1367,0.003233
2026-09-01 11:39:42,SPX,7657.09,7684.08,7750.0,2091,665,0.1057,0.003233
2026-09-01 11:39:42,SPX,7657.09,7684.08,7560.0,8,1713,0.1395,0.003233
2026-09-01 11:39:42,SPX,7657.09,7684.08,7755.0,520,111,0.1079,0.003233
2026-09-01 11:39:42,SPX,7657.09,7684.08,7555.0,11,266,0.1417,0.003233
2026-09-01 11:39:42,SPX,7657.09,7684.08,7760.0,615,94,0.1102,0.003233
2026-09-01 11:39:42,SPX,7657.09,7684.08,7550.0,69,4024,0.144,0.003233
2026-09-01 11:39:42,SPX,7657.09,7684.08,7765.0,393,158,0.1127,0.003233
2026-09-01 11:39:42,SPX,7657.09,7684.08,7545.0,0,477,0.1469,0.003233
2026-09-01 11:39:42,SPX,7657.09,7684.08,7770.0,612,60,0.1152,0.003233
2026-09-01 11:39:42,SPX,7657.09,7684.08,7540.0,1,455,0.1494,0.003233
2026-09-01 11:39:42,SPX,7657.09,7684.08,7775.0,834,76,0.1177,0.003233
2026-09-01 11:39:42,SPX,7657.09,7684.08,7535.0,8,379,0.1512,0.003233
2026-09-01 11:39:42,SPX,7657.09,7684.08,7780.0,737,43,0.1203,0.003233
2026-09-01 11:39:42,SPX,7657.09,7684.08,7655.0,99,339,0.1139,0.005971
2026-09-01 11:39:42,SPX,7657.09,7684.08,7660.0,55,269,0.1129,0.005971
2026-09-01 11:39:42,SPX,7657.09,7684.08,7650.0,226,1011,0.1148,0.005971
2026-09-01 11:39:42,SPX,7657.09,7684.08,7665.0,53,204,0.112,0.005971
2026-09-01 11:39:42,SPX,7657.09,7684.08,7645.0,41,164,0.1158,0.005971
2026-09-01 11:39:42,SPX,7657.09,7684.08,7670.0,95,326,0.1111,0.005971
2026-09-01 11:39:42,SPX,7657.09,7684.08,7640.0,50,232,0.117,0.005971
2026-09-01 11:39:42,SPX,7657.09,7684.08,7675.0,1116,798,0.1104,0.005971
2026-09-01 11:39:42,SPX,7657.09,7684.08,7635.0,45,161,0.1181,0.005971
2026-09-01 11:39:42,SPX,7657.09,7684.08,7680.0,597,261,0.1096,0.005971
2026-09-01 11:39:42,SPX,7657.09,7684.08,7630.0,83,139,0.1192,0.005971
2026-09-01 11:39:42,SPX,7657.09,7684.08,7685.0,111,500,0.1088,0.005971
2026-09-01 11:39:42,SPX,7657.09,7684.08,7625.0,330,986,0.1199,0.005971
2026-09-01 11:39:42,SPX,7657.09,7684.08,7690.0,350,453,0.1078,0.005971
2026-09-01 11:39:42,SPX,7657.09,7684.08,7620.0,39,220,0.1213,0.005971
2026-09-01 11:39:42,SPX,7657.09,7684.08,7695.0,96,309,0.1073,0.005971
2026-09-01 11:39:42,SPX,7657.09,7684.08,7615.0,9,214,0.1228,0.005971
2026-09-01 11:39:42,SPX,7657.09,7684.08,7700.0,846,579,0.1068,0.005971
2026-09-01 11:39:42,SPX,7657.09,7684.08,7610.0,23,381,0.1234,0.005971
2026-09-01 11:39:42,SPX,7657.09,7684.08,7705.0,109,120,0.1063,0.005971
2026-09-01 11:39:42,SPX,7657.09,7684.08,7605.0,8,132,0.1246,0.005971
2026-09-01 11:39:42,SPX,7657.09,7684.08,7710.0,404,374,0.1058,0.005971
2026-09-01 11:39:42,SPX,7657.09,7684.08,7600.0,195,996,0.1262,0.005971
2026-09-01 11:39:42,SPX,7657.09,7684.08,7715.0,512,170,0.1056,0.005971
2026-09-01 11:39:42,SPX,7657.09,7684.08,7595.0,8,183,0.1271,0.005971
2026-09-01 11:39:42,SPX,7657.09,7684.08,7720.0,496,294,0.1053,0.005971
2026-09-01 11:39:42,SPX,7657.09,7684.08,7590.0,11,426,0.1281,0.005971
2026-09-01 11:39:42,SPX,7657.09,7684.08,7725.0,457,255,0.1048,0.005971
2026-09-01 11:39:42,SPX,7657.09,7684.08,7585.0,119,224,0.1294,0.005971
2026-09-01 11:39:42,SPX,7657.09,7684.08,7730.0,240,252,0.1043,0.005971
2026-09-01 11:39:42,SPX,7657.09,7684.08,7580.0,9,358,0.131,0.005971
2026-09-01 11:39:42,SPX,7657.09,7684.08,7735.0,396,159,0.1039,0.005971
2026-09-01 11:39:42,SPX,7657.09,7684.08,7575.0,71,654,0.1322,0.005971
2026-09-01 11:39:42,SPX,7657.09,7684.08,7740.0,516,271,0.1037,0.005971
2026-09-01 11:39:42,SPX,7657.09,7684.08,7570.0,5,194,0.1337,0.005971
2026-09-01 11:39:42,SPX,7657.09,7684.08,7745.0,288,146,0.1036,0.005971
2026-09-01 11:39:42,SPX,7657.09,7684.08,7565.0,22,327,0.1352,0.005971
2026-09-01 11:39:42,SPX,7657.09,7684.08,7750.0,1667,981,0.1038,0.005971
2026-09-01 11:39:42,SPX,7657.09,7684.08,7560.0,11,644,0.1365,0.005971
2026-09-01 11:39:42,SPX,7657.09,7684.08,7755.0,237,59,0.1041,0.005971
2026-09-01 11:39:42,SPX,7657.09,7684.08,7555.0,14,448,0.138,0.005971
2026-09-01 11:39:42,SPX,7657.09,7684.08,7760.0,253,146,0.1047,0.005971
2026-09-01 11:39:42,SPX,7657.09,7684.08,7550.0,51,3245,0.1399,0.005971
2026-09-01 11:39:42,SPX,7657.09,7684.08,7765.0,226,71,0.1052,0.005971
2026-09-01 11:39:42,SPX,7657.09,7684.08,7545.0,0,1298,0.1417,0.005971
2026-09-01 11:39:42,SPX,7657.09,7684.08,7770.0,266,59,0.1057,0.005971
2026-09-01 11:39:42,SPX,7657.09,7684.08,7540.0,9,446,0.1433,0.005971
2026-09-01 11:39:42,SPX,7657.09,7684.08,7775.0,363,48,0.1061,0.005971
2026-09-01 11:39:42,SPX,7657.09,7684.08,7535.0,0,232,0.1449,0.005971
2026-09-01 11:39:42,SPX,7657.09,7684.08,7780.0,271,0,0.1064,0.005971
2026-09-01 12:10:06,SPX,7655.82,7684.72,7655.0,182,1428,0.1095,0.000437
2026-09-01 12:10:06,SPX,7655.82,7684.72,7660.0,228,1807,0.1073,0.000437
2026-09-01 12:10:06,SPX,7655.82,7684.72,7650.0,1128,2791,0.1127,0.000437
2026-09-01 12:10:06,SPX,7655.82,7684.72,7665.0,471,968,0.106,0.000437
2026-09-01 12:10:06,SPX,7655.82,7684.72,7645.0,626,1187,0.1171,0.000437
2026-09-01 12:10:06,SPX,7655.82,7684.72,7670.0,673,1192,0.1062,0.000437
2026-09-01 12:10:06,SPX,7655.82,7684.72,7640.0,232,1892,0.122,0.000437
2026-09-01 12:10:06,SPX,7655.82,7684.72,7675.0,2532,2480,0.1063,0.000437
2026-09-01 12:10:06,SPX,7655.82,7684.72,7635.0,265,1252,0.1284,0.000437
2026-09-01 12:10:06,SPX,7655.82,7684.72,7680.0,1004,1927,0.109,0.000437
2026-09-01 12:10:06,SPX,7655.82,7684.72,7630.0,806,1689,0.135,0.000437
2026-09-01 12:10:06,SPX,7655.82,7684.72,7685.0,1004,1349,0.1143,0.000437
2026-09-01 12:10:06,SPX,7655.82,7684.72,7625.0,806,2969,0.1407,0.000437
2026-09-01 12:10:06,SPX,7655.82,7684.72,7690.0,1517,2264,0.1208,0.000437
2026-09-01 12:10:06,SPX,7655.82,7684.72,7620.0,269,1697,0.1513,0.000437
2026-09-01 12:10:06,SPX,7655.82,7684.72,7695.0,981,1009,0.1276,0.000437
2026-09-01 12:10:06,SPX,7655.82,7684.72,7615.0,102,1982,0.1556,0.000437
2026-09-01 12:10:06,SPX,7655.82,7684.72,7700.0,2403,1736,0.1352,0.000437
2026-09-01 12:10:06,SPX,7655.82,7684.72,7610.0,92,2277,0.1694,0.000437
2026-09-01 12:10:06,SPX,7655.82,7684.72,7705.0,2071,358,0.1436,0.000437
2026-09-01 12:10:06,SPX,7655.82,7684.72,7605.0,59,1984,0.1741,0.000437
2026-09-01 12:10:06,SPX,7655.82,7684.72,7710.0,1936,492,0.1521,0.000437
2026-09-01 12:10:06,SPX,7655.82,7684.72,7600.0,841,3563,0.1816,0.000437
2026-09-01 12:10:06,SPX,7655.82,7684.72,7715.0,1681,716,0.1603,0.000437
2026-09-01 12:10:06,SPX,7655.82,7684.72,7595.0,127,1733,0.1883,0.000437
2026-09-01 12:10:06,SPX,7655.82,7684.72,7720.0,2395,981,0.1683,0.000437
2026-09-01 12:10:06,SPX,7655.82,7684.72,7590.0,75,1491,0.2001,0.000437
2026-09-01 12:10:06,SPX,7655.82,7684.72,7725.0,3022,1452,0.1766,0.000437
2026-09-01 12:10:06,SPX,7655.82,7684.72,7585.0,16,1148,0.2121,0.000437
2026-09-01 12:10:06,SPX,7655.82,7684.72,7730.0,2976,468,0.1858,0.000437
2026-09-01 12:10:06,SPX,7655.82,7684.72,7580.0,43,1957,0.2227,0.000437
2026-09-01 12:10:06,SPX,7655.82,7684.72,7735.0,1740,328,0.1956,0.000437
2026-09-01 12:10:06,SPX,7655.82,7684.72,7575.0,119,1121,0.2321,0.000437
2026-09-01 12:10:06,SPX,7655.82,7684.72,7740.0,3880,737,0.2056,0.000437
2026-09-01 12:10:06,SPX,7655.82,7684.72,7570.0,94,1158,0.2404,0.000437
2026-09-01 12:10:06,SPX,7655.82,7684.72,7745.0,1907,137,0.2157,0.000437
2026-09-01 12:10:06,SPX,7655.82,7684.72,7565.0,26,2242,0.2485,0.000437
2026-09-01 12:10:06,SPX,7655.82,7684.72,7750.0,4551,832,0.2254,0.000437
2026-09-01 12:10:06,SPX,7655.82,7684.72,7560.0,113,1209,0.2571,0.000437
2026-09-01 12:10:06,SPX,7655.82,7684.72,7755.0,2697,101,0.2347,0.000437
2026-09-01 12:10:06,SPX,7655.82,7684.72,7555.0,28,1048,0.2662,0.000437
2026-09-01 12:10:06,SPX,7655.82,7684.72,7760.0,1655,177,0.2433,0.000437
2026-09-01 12:10:06,SPX,7655.82,7684.72,7550.0,127,3787,0.2758,0.000437
2026-09-01 12:10:06,SPX,7655.82,7684.72,7765.0,1580,145,0.2512,0.000437
2026-09-01 12:10:06,SPX,7655.82,7684.72,7545.0,1,529,0.2854,0.000437
2026-09-01 12:10:06,SPX,7655.82,7684.72,7770.0,1128,124,0.2583,0.000437
2026-09-01 12:10:06,SPX,7655.82,7684.72,7540.0,3,1720,0.2952,0.000437
2026-09-01 12:10:06,SPX,7655.82,7684.72,7775.0,2486,122,0.2647,0.000437
2026-09-01 12:10:06,SPX,7655.82,7684.72,7535.0,8,1279,0.3053,0.000437
2026-09-01 12:10:06,SPX,7655.82,7684.72,7780.0,1382,106,0.2702,0.000437
2026-09-01 12:10:06,SPX,7655.82,7684.72,7655.0,99,238,0.1097,0.003175
2026-09-01 12:10:06,SPX,7655.82,7684.72,7660.0,100,405,0.1082,0.003175
2026-09-01 12:10:06,SPX,7655.82,7684.72,7650.0,105,888,0.1107,0.003175
2026-09-01 12:10:06,SPX,7655.82,7684.72,7665.0,94,696,0.1071,0.003175
2026-09-01 12:10:06,SPX,7655.82,7684.72,7645.0,47,294,0.1121,0.003175
2026-09-01 12:10:06,SPX,7655.82,7684.72,7670.0,487,529,0.106,0.003175
2026-09-01 12:10:06,SPX,7655.82,7684.72,7640.0,61,420,0.1133,0.003175
2026-09-01 12:10:06,SPX,7655.82,7684.72,7675.0,460,846,0.1052,0.003175
2026-09-01 12:10:06,SPX,7655.82,7684.72,7635.0,39,327,0.1149,0.003175
2026-09-01 12:10:06,SPX,7655.82,7684.72,7680.0,661,346,0.1041,0.003175
2026-09-01 12:10:06,SPX,7655.82,7684.72,7630.0,56,634,0.1164,0.003175
2026-09-01 12:10:06,SPX,7655.82,7684.72,7685.0,202,317,0.1028,0.003175
2026-09-01 12:10:06,SPX,7655.82,7684.72,7625.0,55,609,0.1179,0.003175
2026-09-01 12:10:06,SPX,7655.82,7684.72,7690.0,538,1149,0.1018,0.003175
2026-09-01 12:10:06,SPX,7655.82,7684.72,7620.0,39,672,0.1196,0.003175
2026-09-01 12:10:06,SPX,7655.82,7684.72,7695.0,193,271,0.101,0.003175
2026-09-01 12:10:06,SPX,7655.82,7684.72,7615.0,31,688,0.1226,0.003175
2026-09-01 12:10:06,SPX,7655.82,7684.72,7700.0,1651,1273,0.1007,0.003175
2026-09-01 12:10:06,SPX,7655.82,7684.72,7610.0,25,652,0.1236,0.003175
2026-09-01 12:10:06,SPX,7655.82,7684.72,7705.0,676,308,0.1008,0.003175
2026-09-01 12:10:06,SPX,7655.82,7684.72,7605.0,13,338,0.125,0.003175
2026-09-01 12:10:06,SPX,7655.82,7684.72,7710.0,895,399,0.101,0.003175
2026-09-01 12:10:06,SPX,7655.82,7684.72,7600.0,1055,1473,0.1274,0.003175
2026-09-01 12:10:06,SPX,7655.82,7684.72,7715.0,1015,897,0.1012,0.003175
2026-09-01 12:10:06,SPX,7655.82,7684.72,7595.0,15,1158,0.1296,0.003175
2026-09-01 12:10:06,SPX,7655.82,7684.72,7720.0,629,267,0.1015,0.003175
2026-09-01 12:10:06,SPX,7655.82,7684.72,7590.0,25,355,0.1314,0.003175
2026-09-01 12:10:06,SPX,7655.82,7684.72,7725.0,2103,941,0.1018,0.003175
2026-09-01 12:10:06,SPX,7655.82,7684.72,7585.0,21,360,0.1335,0.003175
2026-09-01 12:10:06,SPX,7655.82,7684.72,7730.0,607,176,0.1021,0.003175
2026-09-01 12:10:06,SPX,7655.82,7684.72,7580.0,12,660,0.1357,0.003175
2026-09-01 12:10:06,SPX,7655.82,7684.72,7735.0,422,114,0.1027,0.003175
2026-09-01 12:10:06,SPX,7655.82,7684.72,7575.0,123,1228,0.1381,0.003175
2026-09-01 12:10:06,SPX,7655.82,7684.72,7740.0,1132,205,0.1035,0.003175
2026-09-01 12:10:06,SPX,7655.82,7684.72,7570.0,14,422,0.1398,0.003175
2026-09-01 12:10:06,SPX,7655.82,7684.72,7745.0,300,101,0.1047,0.003175
2026-09-01 12:10:06,SPX,7655.82,7684.72,7565.0,12,274,0.1414,0.003175
2026-09-01 12:10:06,SPX,7655.82,7684.72,7750.0,2091,665,0.1063,0.003175
2026-09-01 12:10:06,SPX,7655.82,7684.72,7560.0,8,1713,0.1435,0.003175
2026-09-01 12:10:06,SPX,7655.82,7684.72,7755.0,520,111,0.108,0.003175
2026-09-01 12:10:06,SPX,7655.82,7684.72,7555.0,11,266,0.1463,0.003175
2026-09-01 12:10:06,SPX,7655.82,7684.72,7760.0,615,94,0.11,0.003175
2026-09-01 12:10:06,SPX,7655.82,7684.72,7550.0,69,4024,0.1493,0.003175
2026-09-01 12:10:06,SPX,7655.82,7684.72,7765.0,393,158,0.1121,0.003175
2026-09-01 12:10:06,SPX,7655.82,7684.72,7545.0,0,477,0.1521,0.003175
2026-09-01 12:10:06,SPX,7655.82,7684.72,7770.0,612,60,0.1142,0.003175
2026-09-01 12:10:06,SPX,7655.82,7684.72,7540.0,1,455,0.1546,0.003175
2026-09-01 12:10:06,SPX,7655.82,7684.72,7775.0,834,76,0.1164,0.003175
2026-09-01 12:10:06,SPX,7655.82,7684.72,7535.0,8,379,0.1568,0.003175
2026-09-01 12:10:06,SPX,7655.82,7684.72,7780.0,737,43,0.1189,0.003175
2026-09-01 12:10:06,SPX,7655.82,7684.72,7655.0,99,339,0.1161,0.005913
2026-09-01 12:10:06,SPX,7655.82,7684.72,7660.0,55,269,0.1151,0.005913
2026-09-01 12:10:06,SPX,7655.82,7684.72,7650.0,226,1011,0.117,0.005913
2026-09-01 12:10:06,SPX,7655.82,7684.72,7665.0,53,204,0.114,0.005913
2026-09-01 12:10:06,SPX,7655.82,7684.72,7645.0,41,164,0.1182,0.005913
2026-09-01 12:10:06,SPX,7655.82,7684.72,7670.0,95,326,0.113,0.005913
2026-09-01 12:10:06,SPX,7655.82,7684.72,7640.0,50,232,0.1194,0.005913
2026-09-01 12:10:06,SPX,7655.82,7684.72,7675.0,1116,798,0.112,0.005913
2026-09-01 12:10:06,SPX,7655.82,7684.72,7635.0,45,161,0.1204,0.005913
2026-09-01 12:10:06,SPX,7655.82,7684.72,7680.0,597,261,0.1112,0.005913
2026-09-01 12:10:06,SPX,7655.82,7684.72,7630.0,83,139,0.1217,0.005913
2026-09-01 12:10:06,SPX,7655.82,7684.72,7685.0,111,500,0.1104,0.005913
2026-09-01 12:10:06,SPX,7655.82,7684.72,7625.0,330,986,0.1233,0.005913
2026-09-01 12:10:06,SPX,7655.82,7684.72,7690.0,350,453,0.1095,0.005913
2026-09-01 12:10:06,SPX,7655.82,7684.72,7620.0,39,220,0.1239,0.005913
2026-09-01 12:10:06,SPX,7655.82,7684.72,7695.0,96,309,0.1088,0.005913
2026-09-01 12:10:06,SPX,7655.82,7684.72,7615.0,9,214,0.1251,0.005913
2026-09-01 12:10:06,SPX,7655.82,7684.72,7700.0,846,579,0.1082,0.005913
2026-09-01 12:10:06,SPX,7655.82,7684.72,7610.0,23,381,0.1264,0.005913
2026-09-01 12:10:06,SPX,7655.82,7684.72,7705.0,109,120,0.1078,0.005913
2026-09-01 12:10:06,SPX,7655.82,7684.72,7605.0,8,132,0.1281,0.005913
2026-09-01 12:10:06,SPX,7655.82,7684.72,7710.0,404,374,0.1073,0.005913
2026-09-01 12:10:06,SPX,7655.82,7684.72,7600.0,195,996,0.1287,0.005913
2026-09-01 12:10:06,SPX,7655.82,7684.72,7715.0,512,170,0.1069,0.005913
2026-09-01 12:10:06,SPX,7655.82,7684.72,7595.0,8,183,0.1302,0.005913
2026-09-01 12:10:06,SPX,7655.82,7684.72,7720.0,496,294,0.1067,0.005913
2026-09-01 12:10:06,SPX,7655.82,7684.72,7590.0,11,426,0.1314,0.005913
2026-09-01 12:10:06,SPX,7655.82,7684.72,7725.0,457,255,0.1063,0.005913
2026-09-01 12:10:06,SPX,7655.82,7684.72,7585.0,119,224,0.1328,0.005913
2026-09-01 12:10:06,SPX,7655.82,7684.72,7730.0,240,252,0.1058,0.005913
2026-09-01 12:10:06,SPX,7655.82,7684.72,7580.0,9,358,0.1343,0.005913
2026-09-01 12:10:06,SPX,7655.82,7684.72,7735.0,396,159,0.1054,0.005913
2026-09-01 12:10:06,SPX,7655.82,7684.72,7575.0,71,654,0.1354,0.005913
2026-09-01 12:10:06,SPX,7655.82,7684.72,7740.0,516,271,0.1051,0.005913
2026-09-01 12:10:06,SPX,7655.82,7684.72,7570.0,5,194,0.1372,0.005913
2026-09-01 12:10:06,SPX,7655.82,7684.72,7745.0,288,146,0.1048,0.005913
2026-09-01 12:10:06,SPX,7655.82,7684.72,7565.0,22,327,0.1383,0.005913
2026-09-01 12:10:06,SPX,7655.82,7684.72,7750.0,1667,981,0.1047,0.005913
2026-09-01 12:10:06,SPX,7655.82,7684.72,7560.0,11,644,0.14,0.005913
2026-09-01 12:10:06,SPX,7655.82,7684.72,7755.0,237,59,0.1049,0.005913
2026-09-01 12:10:06,SPX,7655.82,7684.72,7555.0,14,448,0.142,0.005913
2026-09-01 12:10:06,SPX,7655.82,7684.72,7760.0,253,146,0.1052,0.005913
2026-09-01 12:10:06,SPX,7655.82,7684.72,7550.0,51,3245,0.1438,0.005913
2026-09-01 12:10:06,SPX,7655.82,7684.72,7765.0,226,71,0.1056,0.005913
2026-09-01 12:10:06,SPX,7655.82,7684.72,7545.0,0,1298,0.145,0.005913
2026-09-01 12:10:06,SPX,7655.82,7684.72,7770.0,266,59,0.1059,0.005913
2026-09-01 12:10:06,SPX,7655.82,7684.72,7540.0,9,446,0.1468,0.005913
2026-09-01 12:10:06,SPX,7655.82,7684.72,7775.0,363,48,0.1061,0.005913
2026-09-01 12:10:06,SPX,7655.82,7684.72,7535.0,0,232,0.1488,0.005913
2026-09-01 12:10:06,SPX,7655.82,7684.72,7780.0,271,44,0.1063,0.005913
2026-09-01 12:40:30,SPX,7638.79,7684.5,7640.0,232,1892,0.1429,0.000379
2026-09-01 12:40:30,SPX,7638.79,7684.5,7635.0,265,1252,0.1468,0.000379
2026-09-01 12:40:30,SPX,7638.79,7684.5,7645.0,626,1187,0.1392,0.000379
2026-09-01 12:40:30,SPX,7638.79,7684.5,7630.0,806,1689,0.1517,0.000379
2026-09-01 12:40:30,SPX,7638.79,7684.5,7650.0,1128,2791,0.1366,0.000379
2026-09-01 12:40:30,SPX,7638.79,7684.5,7625.0,806,2969,0.1566,0.000379
2026-09-01 12:40:30,SPX,7638.79,7684.5,7655.0,182,1428,0.136,0.000379
2026-09-01 12:40:30,SPX,7638.79,7684.5,7620.0,269,1697,0.1621,0.000379
2026-09-01 12:40:30,SPX,7638.79,7684.5,7660.0,228,1807,0.136,0.000379
2026-09-01 12:40:30,SPX,7638.79,7684.5,7615.0,102,1982,0.1673,0.000379
2026-09-01 12:40:30,SPX,7638.79,7684.5,7665.0,471,968,0.1385,0.000379
2026-09-01 12:40:30,SPX,7638.79,7684.5,7610.0,92,2277,0.1733,0.000379
2026-09-01 12:40:30,SPX,7638.79,7684.5,7670.0,673,1192,0.1421,0.000379
2026-09-01 12:40:30,SPX,7638.79,7684.5,7605.0,59,1984,0.1787,0.000379
2026-09-01 12:40:30,SPX,7638.79,7684.5,7675.0,2532,2480,0.1464,0.000379
2026-09-01 12:40:30,SPX,7638.79,7684.5,7600.0,841,3563,0.1859,0.000379
2026-09-01 12:40:30,SPX,7638.79,7684.5,7680.0,1004,1927,0.1519,0.000379
2026-09-01 12:40:30,SPX,7638.79,7684.5,7595.0,127,1733,0.1913,0.000379
2026-09-01 12:40:30,SPX,7638.79,7684.5,7685.0,1004,1349,0.1589,0.000379
2026-09-01 12:40:30,SPX,7638.79,7684.5,7590.0,75,1491,0.199,0.000379
2026-09-01 12:40:30,SPX,7638.79,7684.5,7690.0,1517,2264,0.1671,0.000379
2026-09-01 12:40:30,SPX,7638.79,7684.5,7585.0,16,1148,0.2059,0.000379
2026-09-01 12:40:30,SPX,7638.79,7684.5,7695.0,981,1009,0.1764,0.000379
2026-09-01 12:40:30,SPX,7638.79,7684.5,7580.0,43,1957,0.2128,0.000379
2026-09-01 12:40:30,SPX,7638.79,7684.5,7700.0,2403,1736,0.1864,0.000379
2026-09-01 12:40:30,SPX,7638.79,7684.5,7575.0,119,1121,0.2207,0.000379
2026-09-01 12:40:30,SPX,7638.79,7684.5,7705.0,2071,358,0.1969,0.000379
2026-09-01 12:40:30,SPX,7638.79,7684.5,7570.0,94,1158,0.2279,0.000379
2026-09-01 12:40:30,SPX,7638.79,7684.5,7710.0,1936,492,0.2079,0.000379
2026-09-01 12:40:30,SPX,7638.79,7684.5,7565.0,26,2242,0.2359,0.000379
2026-09-01 12:40:30,SPX,7638.79,7684.5,7715.0,1681,716,0.219,0.000379
2026-09-01 12:40:30,SPX,7638.79,7684.5,7560.0,113,1209,0.2464,0.000379
2026-09-01 12:40:30,SPX,7638.79,7684.5,7720.0,2395,981,0.2304,0.000379
2026-09-01 12:40:30,SPX,7638.79,7684.5,7555.0,28,1048,0.2576,0.000379
2026-09-01 12:40:30,SPX,7638.79,7684.5,7725.0,3022,1452,0.242,0.000379
2026-09-01 12:40:30,SPX,7638.79,7684.5,7550.0,127,3787,0.268,0.000379
2026-09-01 12:40:30,SPX,7638.79,7684.5,7730.0,2976,468,0.254,0.000379
2026-09-01 12:40:30,SPX,7638.79,7684.5,7545.0,1,529,0.2779,0.000379
2026-09-01 12:40:30,SPX,7638.79,7684.5,7735.0,1740,328,0.2662,0.000379
2026-09-01 12:40:30,SPX,7638.79,7684.5,7540.0,3,1720,0.2874,0.000379
2026-09-01 12:40:30,SPX,7638.79,7684.5,7740.0,3880,737,0.2783,0.000379
2026-09-01 12:40:30,SPX,7638.79,7684.5,7535.0,8,1279,0.2966,0.000379
2026-09-01 12:40:30,SPX,7638.79,7684.5,7745.0,1907,137,0.2902,0.000379
2026-09-01 12:40:30,SPX,7638.79,7684.5,7530.0,4,5977,0.3054,0.000379
2026-09-01 12:40:30,SPX,7638.79,7684.5,7750.0,4551,832,0.3015,0.000379
2026-09-01 12:40:30,SPX,7638.79,7684.5,7525.0,69,7234,0.3143,0.000379
2026-09-01 12:40:30,SPX,7638.79,7684.5,7755.0,2697,101,0.312,0.000379
2026-09-01 12:40:30,SPX,7638.79,7684.5,7520.0,14,6233,0.3239,0.000379
2026-09-01 12:40:30,SPX,7638.79,7684.5,7760.0,1655,177,0.3214,0.000379
2026-09-01 12:40:30,SPX,7638.79,7684.5,7515.0,4,10661,0.3339,0.000379
2026-09-01 12:40:30,SPX,7638.79,7684.5,7640.0,61,420,0.1221,0.003117
2026-09-01 12:40:30,SPX,7638.79,7684.5,7635.0,39,327,0.1231,0.003117
2026-09-01 12:40:30,SPX,7638.79,7684.5,7645.0,47,294,0.1206,0.003117
2026-09-01 12:40:30,SPX,7638.79,7684.5,7630.0,56,634,0.1246,0.003117
2026-09-01 12:40:30,SPX,7638.79,7684.5,7650.0,105,888,0.1191,0.003117
2026-09-01 12:40:30,SPX,7638.79,7684.5,7625.0,55,609,0.1259,0.003117
2026-09-01 12:40:30,SPX,7638.79,7684.5,7655.0,99,238,0.1178,0.003117
2026-09-01 12:40:30,SPX,7638.79,7684.5,7620.0,39,672,0.1276,0.003117
2026-09-01 12:40:30,SPX,7638.79,7684.5,7660.0,100,405,0.1161,0.003117
2026-09-01 12:40:30,SPX,7638.79,7684.5,7615.0,31,688,0.1291,0.003117
2026-09-01 12:40:30,SPX,7638.79,7684.5,7665.0,94,696,0.1145,0.003117
2026-09-01 12:40:30,SPX,7638.79,7684.5,7610.0,25,652,0.1305,0.003117
2026-09-01 12:40:30,SPX,7638.79,7684.5,7670.0,487,529,0.1131,0.003117
2026-09-01 12:40:30,SPX,7638.79,7684.5,7605.0,13,338,0.1323,0.003117
2026-09-01 12:40:30,SPX,7638.79,7684.5,7675.0,460,846,0.112,0.003117
2026-09-01 12:40:30,SPX,7638.79,7684.5,7600.0,1055,1473,0.134,0.003117
2026-09-01 12:40:30,SPX,7638.79,7684.5,7680.0,661,346,0.1113,0.003117
2026-09-01 12:40:30,SPX,7638.79,7684.5,7595.0,15,1158,0.1363,0.003117
2026-09-01 12:40:30,SPX,7638.79,7684.5,7685.0,202,317,0.1109,0.003117
2026-09-01 12:40:30,SPX,7638.79,7684.5,7590.0,25,355,0.1385,0.003117
2026-09-01 12:40:30,SPX,7638.79,7684.5,7690.0,538,1149,0.1105,0.003117
2026-09-01 12:40:30,SPX,7638.79,7684.5,7585.0,21,360,0.1403,0.003117
2026-09-01 12:40:30,SPX,7638.79,7684.5,7695.0,193,271,0.11,0.003117
2026-09-01 12:40:30,SPX,7638.79,7684.5,7580.0,12,660,0.1414,0.003117
2026-09-01 12:40:30,SPX,7638.79,7684.5,7700.0,1651,1273,0.1095,0.003117
2026-09-01 12:40:30,SPX,7638.79,7684.5,7575.0,123,1228,0.1424,0.003117
2026-09-01 12:40:30,SPX,7638.79,7684.5,7705.0,676,308,0.109,0.003117
2026-09-01 12:40:30,SPX,7638.79,7684.5,7570.0,14,422,0.1441,0.003117
2026-09-01 12:40:30,SPX,7638.79,7684.5,7710.0,895,399,0.1087,0.003117
2026-09-01 12:40:30,SPX,7638.79,7684.5,7565.0,12,274,0.1462,0.003117
2026-09-01 12:40:30,SPX,7638.79,7684.5,7715.0,1015,897,0.1087,0.003117
2026-09-01 12:40:30,SPX,7638.79,7684.5,7560.0,8,1713,0.1481,0.003117
2026-09-01 12:40:30,SPX,7638.79,7684.5,7720.0,629,267,0.109,0.003117
2026-09-01 12:40:30,SPX,7638.79,7684.5,7555.0,11,266,0.1498,0.003117
2026-09-01 12:40:30,SPX,7638.79,7684.5,7725.0,2103,941,0.1098,0.003117
2026-09-01 12:40:30,SPX,7638.79,7684.5,7550.0,69,4024,0.1513,0.003117
2026-09-01 12:40:30,SPX,7638.79,7684.5,7730.0,607,176,0.1109,0.003117
2026-09-01 12:40:30,SPX,7638.79,7684.5,7545.0,0,477,0.1537,0.003117
2026-09-01 12:40:30,SPX,7638.79,7684.5,7735.0,422,114,0.1123,0.003117
2026-09-01 12:40:30,SPX,7638.79,7684.5,7540.0,1,455,0.156,0.003117
2026-09-01 12:40:30,SPX,7638.79,7684.5,7740.0,1132,205,0.1141,0.003117
2026-09-01 12:40:30,SPX,7638.79,7684.5,7535.0,8,379,0.1578,0.003117
2026-09-01 12:40:30,SPX,7638.79,7684.5,7745.0,300,101,0.1161,0.003117
2026-09-01 12:40:30,SPX,7638.79,7684.5,7530.0,12,502,0.1606,0.003117
2026-09-01 12:40:30,SPX,7638.79,7684.5,7750.0,2091,665,0.1184,0.003117
2026-09-01 12:40:30,SPX,7638.79,7684.5,7525.0,25,532,0.1626,0.003117
2026-09-01 12:40:30,SPX,7638.79,7684.5,7755.0,520,111,0.1208,0.003117
2026-09-01 12:40:30,SPX,7638.79,7684.5,7520.0,85,422,0.1642,0.003117
2026-09-01 12:40:30,SPX,7638.79,7684.5,7760.0,615,94,0.1234,0.003117
2026-09-01 12:40:30,SPX,7638.79,7684.5,7515.0,980,383,0.1658,0.003117
2026-09-01 12:40:30,SPX,7638.79,7684.5,7640.0,50,232,0.1269,0.005855
2026-09-01 12:40:30,SPX,7638.79,7684.5,7635.0,45,161,0.1282,0.005855
2026-09-01 12:40:30,SPX,7638.79,7684.5,7645.0,41,164,0.1256,0.005855
2026-09-01 12:40:30,SPX,7638.79,7684.5,7630.0,83,139,0.1294,0.005855
2026-09-01 12:40:30,SPX,7638.79,7684.5,7650.0,226,1011,0.1244,0.005855
2026-09-01 12:40:30,SPX,7638.79,7684.5,7625.0,330,986,0.1302,0.005855
2026-09-01 12:40:30,SPX,7638.79,7684.5,7655.0,99,339,0.1235,0.005855
2026-09-01 12:40:30,SPX,7638.79,7684.5,7620.0,39,220,0.1316,0.005855
2026-09-01 12:40:30,SPX,7638.79,7684.5,7660.0,55,269,0.1221,0.005855
2026-09-01 12:40:30,SPX,7638.79,7684.5,7615.0,9,214,0.1332,0.005855
2026-09-01 12:40:30,SPX,7638.79,7684.5,7665.0,53,204,0.1213,0.005855
2026-09-01 12:40:30,SPX,7638.79,7684.5,7610.0,23,381,0.1341,0.005855
2026-09-01 12:40:30,SPX,7638.79,7684.5,7670.0,95,326,0.1199,0.005855
2026-09-01 12:40:30,SPX,7638.79,7684.5,7605.0,8,132,0.1357,0.005855
2026-09-01 12:40:30,SPX,7638.79,7684.5,7675.0,1116,798,0.1192,0.005855
2026-09-01 12:40:30,SPX,7638.79,7684.5,7600.0,195,996,0.1368,0.005855
2026-09-01 12:40:30,SPX,7638.79,7684.5,7680.0,597,261,0.1184,0.005855
2026-09-01 12:40:30,SPX,7638.79,7684.5,7595.0,8,183,0.1379,0.005855
2026-09-01 12:40:30,SPX,7638.79,7684.5,7685.0,111,500,0.1178,0.005855
2026-09-01 12:40:30,SPX,7638.79,7684.5,7590.0,11,426,0.1391,0.005855
2026-09-01 12:40:30,SPX,7638.79,7684.5,7690.0,350,453,0.117,0.005855
2026-09-01 12:40:30,SPX,7638.79,7684.5,7585.0,119,224,0.1403,0.005855
2026-09-01 12:40:30,SPX,7638.79,7684.5,7695.0,96,309,0.1162,0.005855
2026-09-01 12:40:30,SPX,7638.79,7684.5,7580.0,9,358,0.1415,0.005855
2026-09-01 12:40:30,SPX,7638.79,7684.5,7700.0,846,579,0.1154,0.005855
2026-09-01 12:40:30,SPX,7638.79,7684.5,7575.0,71,654,0.1433,0.005855
2026-09-01 12:40:30,SPX,7638.79,7684.5,7705.0,109,120,0.1145,0.005855
2026-09-01 12:40:30,SPX,7638.79,7684.5,7570.0,5,194,0.1442,0.005855
2026-09-01 12:40:30,SPX,7638.79,7684.5,7710.0,404,374,0.1133,0.005855
2026-09-01 12:40:30,SPX,7638.79,7684.5,7565.0,22,327,0.1454,0.005855
2026-09-01 12:40:30,SPX,7638.79,7684.5,7715.0,512,170,0.1123,0.005855
2026-09-01 12:40:30,SPX,7638.79,7684.5,7560.0,11,644,0.1469,0.005855
2026-09-01 12:40:30,SPX,7638.79,7684.5,7720.0,496,294,0.1115,0.005855
2026-09-01 12:40:30,SPX,7638.79,7684.5,7555.0,14,448,0.148,0.005855
2026-09-01 12:40:30,SPX,7638.79,7684.5,7725.0,457,255,0.1111,0.005855
2026-09-01 12:40:30,SPX,7638.79,7684.5,7550.0,51,3245,0.1494,0.005855
2026-09-01 12:40:30,SPX,7638.79,7684.5,7730.0,240,252,0.1108,0.005855
2026-09-01 12:40:30,SPX,7638.79,7684.5,7545.0,0,1298,0.1509,0.005855
2026-09-01 12:40:30,SPX,7638.79,7684.5,7735.0,396,159,0.1107,0.005855
2026-09-01 12:40:30,SPX,7638.79,7684.5,7540.0,9,446,0.1527,0.005855
2026-09-01 12:40:30,SPX,7638.79,7684.5,7740.0,516,271,0.1107,0.005855
2026-09-01 12:40:30,SPX,7638.79,7684.5,7535.0,0,232,0.1546,0.005855
2026-09-01 12:40:30,SPX,7638.79,7684.5,7745.0,288,146,0.1106,0.005855
2026-09-01 12:40:30,SPX,7638.79,7684.5,7530.0,1,260,0.1565,0.005855
2026-09-01 12:40:30,SPX,7638.79,7684.5,7750.0,1667,981,0.1104,0.005855
2026-09-01 12:40:30,SPX,7638.79,7684.5,7525.0,40,1122,0.1581,0.005855
2026-09-01 12:40:30,SPX,7638.79,7684.5,7755.0,237,59,0.1102,0.005855
2026-09-01 12:40:30,SPX,7638.79,7684.5,7520.0,8,1209,0.1594,0.005855
2026-09-01 12:40:30,SPX,7638.79,7684.5,7760.0,253,146,0.1099,0.005855
2026-09-01 12:40:30,SPX,7638.79,7684.5,7515.0,2,230,0.1607,0.005855
2026-09-01 13:10:56,SPX,7633.47,7684.19,7635.0,265,1252,0.1442,0.000321
2026-09-01 13:10:56,SPX,7633.47,7684.19,7630.0,806,1689,0.1481,0.000321
2026-09-01 13:10:56,SPX,7633.47,7684.19,7640.0,232,1892,0.1409,0.000321
2026-09-01 13:10:56,SPX,7633.47,7684.19,7625.0,806,2969,0.1542,0.000321
2026-09-01 13:10:56,SPX,7633.47,7684.19,7645.0,626,1187,0.1394,0.000321
2026-09-01 13:10:56,SPX,7633.47,7684.19,7620.0,269,1697,0.1579,0.000321
2026-09-01 13:10:56,SPX,7633.47,7684.19,7650.0,1128,2791,0.1395,0.000321
2026-09-01 13:10:56,SPX,7633.47,7684.19,7615.0,102,1982,0.1651,0.000321
2026-09-01 13:10:56,SPX,7633.47,7684.19,7655.0,182,1428,0.1412,0.000321
2026-09-01 13:10:56,SPX,7633.47,7684.19,7610.0,92,2277,0.1732,0.000321
2026-09-01 13:10:56,SPX,7633.47,7684.19,7660.0,228,1807,0.1442,0.000321
2026-09-01 13:10:56,SPX,7633.47,7684.19,7605.0,59,1984,0.1804,0.000321
2026-09-01 13:10:56,SPX,7633.47,7684.19,7665.0,471,968,0.15,0.000321
2026-09-01 13:10:56,SPX,7633.47,7684.19,7600.0,841,3563,0.188,0.000321
2026-09-01 13:10:56,SPX,7633.47,7684.19,7670.0,673,1192,0.158,0.000321
2026-09-01 13:10:56,SPX,7633.47,7684.19,7595.0,127,1733,0.1972,0.000321
2026-09-01 13:10:56,SPX,7633.47,7684.19,7675.0,2532,2480,0.1663,0.000321
2026-09-01 13:10:56,SPX,7633.47,7684.19,7590.0,75,1491,0.2044,0.000321
2026-09-01 13:10:56,SPX,7633.47,7684.19,7680.0,1004,1927,0.1742,0.000321
2026-09-01 13:10:56,SPX,7633.47,7684.19,7585.0,16,1148,0.2138,0.000321
2026-09-01 13:10:56,SPX,7633.47,7684.19,7685.0,1004,1349,0.1824,0.000321
2026-09-01 13:10:56,SPX,7633.47,7684.19,7580.0,43,1957,0.2242,0.000321
2026-09-01 13:10:56,SPX,7633.47,7684.19,7690.0,1517,2264,0.1913,0.000321
2026-09-01 13:10:56,SPX,7633.47,7684.19,7575.0,119,1121,0.2313,0.000321
2026-09-01 13:10:56,SPX,7633.47,7684.19,7695.0,981,1009,0.2011,0.000321
2026-09-01 13:10:56,SPX,7633.47,7684.19,7570.0,94,1158,0.2392,0.000321
2026-09-01 13:10:56,SPX,7633.47,7684.19,7700.0,2403,1736,0.2117,0.000321
2026-09-01 13:10:56,SPX,7633.47,7684.19,7565.0,26,2242,0.2483,0.000321
2026-09-01 13:10:56,SPX,7633.47,7684.19,7705.0,2071,358,0.223,0.000321
2026-09-01 13:10:56,SPX,7633.47,7684.19,7560.0,113,1209,0.2605,0.000321
2026-09-01 13:10:56,SPX,7633.47,7684.19,7710.0,1936,492,0.2352,0.000321
2026-09-01 13:10:56,SPX,7633.47,7684.19,7555.0,28,1048,0.2724,0.000321
2026-09-01 13:10:56,SPX,7633.47,7684.19,7715.0,1681,716,0.248,0.000321
2026-09-01 13:10:56,SPX,7633.47,7684.19,7550.0,127,3787,0.2841,0.000321
2026-09-01 13:10:56,SPX,7633.47,7684.19,7720.0,2395,981,0.2611,0.000321
2026-09-01 13:10:56,SPX,7633.47,7684.19,7545.0,1,529,0.2958,0.000321
2026-09-01 13:10:56,SPX,7633.47,7684.19,7725.0,3022,1452,0.2742,0.000321
2026-09-01 13:10:56,SPX,7633.47,7684.19,7540.0,3,1720,0.3072,0.000321
2026-09-01 13:10:56,SPX,7633.47,7684.19,7730.0,2976,468,0.2872,0.000321
2026-09-01 13:10:56,SPX,7633.47,7684.19,7535.0,8,1279,0.3185,0.000321
2026-09-01 13:10:56,SPX,7633.47,7684.19,7735.0,1740,328,0.2999,0.000321
2026-09-01 13:10:56,SPX,7633.47,7684.19,7530.0,4,5977,0.3298,0.000321
2026-09-01 13:10:56,SPX,7633.47,7684.19,7740.0,3880,737,0.3126,0.000321
2026-09-01 13:10:56,SPX,7633.47,7684.19,7525.0,69,7234,0.3402,0.000321
2026-09-01 13:10:56,SPX,7633.47,7684.19,7745.0,1907,137,0.3254,0.000321
2026-09-01 13:10:56,SPX,7633.47,7684.19,7520.0,14,6233,0.3494,0.000321
2026-09-01 13:10:56,SPX,7633.47,7684.19,7750.0,4551,832,0.3384,0.000321
2026-09-01 13:10:56,SPX,7633.47,7684.19,7515.0,4,10661,0.3585,0.000321
2026-09-01 13:10:56,SPX,7633.47,7684.19,7755.0,2697,101,0.3512,0.000321
2026-09-01 13:10:56,SPX,7633.47,7684.19,7510.0,42,404,0.3686,0.000321
2026-09-01 13:10:56,SPX,7633.47,7684.19,7635.0,39,327,0.1243,0.003059
2026-09-01 13:10:56,SPX,7633.47,7684.19,7630.0,56,634,0.1254,0.003059
2026-09-01 13:10:56,SPX,7633.47,7684.19,7640.0,61,420,0.123,0.003059
2026-09-01 13:10:56,SPX,7633.47,7684.19,7625.0,55,609,0.1266,0.003059
2026-09-01 13:10:56,SPX,7633.47,7684.19,7645.0,47,294,0.1214,0.003059
2026-09-01 13:10:56,SPX,7633.47,7684.19,7620.0,39,672,0.1281,0.003059
2026-09-01 13:10:56,SPX,7633.47,7684.19,7650.0,105,888,0.1204,0.003059
2026-09-01 13:10:56,SPX,7633.47,7684.19,7615.0,31,688,0.1299,0.003059
2026-09-01 13:10:56,SPX,7633.47,7684.19,7655.0,99,238,0.1192,0.003059
2026-09-01 13:10:56,SPX,7633.47,7684.19,7610.0,25,652,0.1314,0.003059
2026-09-01 13:10:56,SPX,7633.47,7684.19,7660.0,100,405,0.1178,0.003059
2026-09-01 13:10:56,SPX,7633.47,7684.19,7605.0,13,338,0.1332,0.003059
2026-09-01 13:10:56,SPX,7633.47,7684.19,7665.0,94,696,0.1163,0.003059
2026-09-01 13:10:56,SPX,7633.47,7684.19,7600.0,1055,1473,0.1348,0.003059
2026-09-01 13:10:56,SPX,7633.47,7684.19,7670.0,487,529,0.1152,0.003059
2026-09-01 13:10:56,SPX,7633.47,7684.19,7595.0,15,1158,0.1367,0.003059
2026-09-01 13:10:56,SPX,7633.47,7684.19,7675.0,460,846,0.1142,0.003059
2026-09-01 13:10:56,SPX,7633.47,7684.19,7590.0,25,355,0.139,0.003059
2026-09-01 13:10:56,SPX,7633.47,7684.19,7680.0,661,346,0.1135,0.003059
2026-09-01 13:10:56,SPX,7633.47,7684.19,7585.0,21,360,0.1411,0.003059
2026-09-01 13:10:56,SPX,7633.47,7684.19,7685.0,202,317,0.1131,0.003059
2026-09-01 13:10:56,SPX,7633.47,7684.19,7580.0,12,660,0.1424,0.003059
2026-09-01 13:10:56,SPX,7633.47,7684.19,7690.0,538,1149,0.1128,0.003059
2026-09-01 13:10:56,SPX,7633.47,7684.19,7575.0,123,1228,0.1432,0.003059
2026-09-01 13:10:56,SPX,7633.47,7684.19,7695.0,193,271,0.1124,0.003059
2026-09-01 13:10:56,SPX,7633.47,7684.19,7570.0,14,422,0.1449,0.003059
2026-09-01 13:10:56,SPX,7633.47,7684.19,7700.0,1651,1273,0.1119,0.003059
2026-09-01 13:10:56,SPX,7633.47,7684.19,7565.0,12,274,0.1471,0.003059
2026-09-01 13:10:56,SPX,7633.47,7684.19,7705.0,676,308,0.1114,0.003059
2026-09-01 13:10:56,SPX,7633.47,7684.19,7560.0,8,1713,0.1492,0.003059
2026-09-01 13:10:56,SPX,7633.47,7684.19,7710.0,895,399,0.111,0.003059
2026-09-01 13:10:56,SPX,7633.47,7684.19,7555.0,11,266,0.1508,0.003059
2026-09-01 13:10:56,SPX,7633.47,7684.19,7715.0,1015,897,0.1108,0.003059
2026-09-01 13:10:56,SPX,7633.47,7684.19,7550.0,69,4024,0.1521,0.003059
2026-09-01 13:10:56,SPX,7633.47,7684.19,7720.0,629,267,0.1108,0.003059
2026-09-01 13:10:56,SPX,7633.47,7684.19,7545.0,0,477,0.1537,0.003059
2026-09-01 13:10:56,SPX,7633.47,7684.19,7725.0,2103,941,0.1113,0.003059
2026-09-01 13:10:56,SPX,7633.47,7684.19,7540.0,1,455,0.1565,0.003059
2026-09-01 13:10:56,SPX,7633.47,7684.19,7730.0,607,176,0.1122,0.003059
2026-09-01 13:10:56,SPX,7633.47,7684.19,7535.0,8,379,0.1591,0.003059
2026-09-01 13:10:56,SPX,7633.47,7684.19,7735.0,422,114,0.1136,0.003059
2026-09-01 13:10:56,SPX,7633.47,7684.19,7530.0,12,502,0.1603,0.003059
2026-09-01 13:10:56,SPX,7633.47,7684.19,7740.0,1132,205,0.1153,0.003059
2026-09-01 13:10:56,SPX,7633.47,7684.19,7525.0,25,532,0.163,0.003059
2026-09-01 13:10:56,SPX,7633.47,7684.19,7745.0,300,101,0.1174,0.003059
2026-09-01 13:10:56,SPX,7633.47,7684.19,7520.0,85,422,0.165,0.003059
2026-09-01 13:10:56,SPX,7633.47,7684.19,7750.0,2091,665,0.1198,0.003059
2026-09-01 13:10:56,SPX,7633.47,7684.19,7515.0,980,383,0.1665,0.003059
2026-09-01 13:10:56,SPX,7633.47,7684.19,7755.0,520,111,0.1224,0.003059
2026-09-01 13:10:56,SPX,7633.47,7684.19,7510.0,7,368,0.1684,0.003059
2026-09-01 13:10:56,SPX,7633.47,7684.19,7635.0,45,161,0.1306,0.005797
2026-09-01 13:10:56,SPX,7633.47,7684.19,7630.0,83,139,0.1316,0.005797
2026-09-01 13:10:56,SPX,7633.47,7684.19,7640.0,50,232,0.1296,0.005797
2026-09-01 13:10:56,SPX,7633.47,7684.19,7625.0,330,986,0.1326,0.005797
2026-09-01 13:10:56,SPX,7633.47,7684.19,7645.0,41,164,0.1285,0.005797
2026-09-01 13:10:56,SPX,7633.47,7684.19,7620.0,39,220,0.1338,0.005797
2026-09-01 13:10:56,SPX,7633.47,7684.19,7650.0,226,1011,0.1274,0.005797
2026-09-01 13:10:56,SPX,7633.47,7684.19,7615.0,9,214,0.1351,0.005797
2026-09-01 13:10:56,SPX,7633.47,7684.19,7655.0,99,339,0.1262,0.005797
2026-09-01 13:10:56,SPX,7633.47,7684.19,7610.0,23,381,0.1362,0.005797
2026-09-01 13:10:56,SPX,7633.47,7684.19,7660.0,55,269,0.1249,0.005797
2026-09-01 13:10:56,SPX,7633.47,7684.19,7605.0,8,132,0.1373,0.005797
2026-09-01 13:10:56,SPX,7633.47,7684.19,7665.0,53,204,0.1235,0.005797
2026-09-01 13:10:56,SPX,7633.47,7684.19,7600.0,195,996,0.1393,0.005797
2026-09-01 13:10:56,SPX,7633.47,7684.19,7670.0,95,326,0.1223,0.005797
2026-09-01 13:10:56,SPX,7633.47,7684.19,7595.0,8,183,0.1402,0.005797
2026-09-01 13:10:56,SPX,7633.47,7684.19,7675.0,1116,798,0.1213,0.005797
2026-09-01 13:10:56,SPX,7633.47,7684.19,7590.0,11,426,0.1409,0.005797
2026-09-01 13:10:56,SPX,7633.47,7684.19,7680.0,597,261,0.1204,0.005797
2026-09-01 13:10:56,SPX,7633.47,7684.19,7585.0,119,224,0.1426,0.005797
2026-09-01 13:10:56,SPX,7633.47,7684.19,7685.0,111,500,0.1196,0.005797
2026-09-01 13:10:56,SPX,7633.47,7684.19,7580.0,9,358,0.1436,0.005797
2026-09-01 13:10:56,SPX,7633.47,7684.19,7690.0,350,453,0.1189,0.005797
2026-09-01 13:10:56,SPX,7633.47,7684.19,7575.0,71,654,0.145,0.005797
2026-09-01 13:10:56,SPX,7633.47,7684.19,7695.0,96,309,0.1182,0.005797
2026-09-01 13:10:56,SPX,7633.47,7684.19,7570.0,5,194,0.1469,0.005797
2026-09-01 13:10:56,SPX,7633.47,7684.19,7700.0,846,579,0.1174,0.005797
2026-09-01 13:10:56,SPX,7633.47,7684.19,7565.0,22,327,0.1476,0.005797
2026-09-01 13:10:56,SPX,7633.47,7684.19,7705.0,109,120,0.1165,0.005797
2026-09-01 13:10:56,SPX,7633.47,7684.19,7560.0,11,644,0.1489,0.005797
2026-09-01 13:10:56,SPX,7633.47,7684.19,7710.0,404,374,0.1157,0.005797
2026-09-01 13:10:56,SPX,7633.47,7684.19,7555.0,14,448,0.1503,0.005797
2026-09-01 13:10:56,SPX,7633.47,7684.19,7715.0,512,170,0.1148,0.005797
2026-09-01 13:10:56,SPX,7633.47,7684.19,7550.0,51,3245,0.1514,0.005797
2026-09-01 13:10:56,SPX,7633.47,7684.19,7720.0,496,294,0.114,0.005797
2026-09-01 13:10:56,SPX,7633.47,7684.19,7545.0,0,1298,0.1528,0.005797
2026-09-01 13:10:56,SPX,7633.47,7684.19,7725.0,457,255,0.1132,0.005797
2026-09-01 13:10:56,SPX,7633.47,7684.19,7540.0,9,446,0.1547,0.005797
2026-09-01 13:10:56,SPX,7633.47,7684.19,7730.0,240,252,0.1126,0.005797
2026-09-01 13:10:56,SPX,7633.47,7684.19,7535.0,0,232,0.1561,0.005797
2026-09-01 13:10:56,SPX,7633.47,7684.19,7735.0,396,159,0.1121,0.005797
2026-09-01 13:10:56,SPX,7633.47,7684.19,7530.0,1,260,0.1579,0.005797
2026-09-01 13:10:56,SPX,7633.47,7684.19,7740.0,516,271,0.1117,0.005797
2026-09-01 13:10:56,SPX,7633.47,7684.19,7525.0,40,1122,0.1598,0.005797
2026-09-01 13:10:56,SPX,7633.47,7684.19,7745.0,288,146,0.1115,0.005797
2026-09-01 13:10:56,SPX,7633.47,7684.19,7520.0,8,1209,0.1615,0.005797
2026-09-01 13:10:56,SPX,7633.47,7684.19,7750.0,1667,981,0.1114,0.005797
2026-09-01 13:10:56,SPX,7633.47,7684.19,7515.0,2,230,0.1629,0.005797
2026-09-01 13:10:56,SPX,7633.47,7684.19,7755.0,237,59,0.1115,0.005797
2026-09-01 13:10:56,SPX,7633.47,7684.19,7510.0,13,371,0.1642,0.005797
2026-09-01 13:41:21,SPX,7636.8,7682.65,7635.0,265,1252,0.1322,0.000264
2026-09-01 13:41:21,SPX,7636.8,7682.65,7640.0,232,1892,0.1295,0.000264
2026-09-01 13:41:21,SPX,7636.8,7682.65,7630.0,806,1689,0.136,0.000264
2026-09-01 13:41:21,SPX,7636.8,7682.65,7645.0,626,1187,0.1285,0.000264
2026-09-01 13:41:21,SPX,7636.8,7682.65,7625.0,806,2969,0.1404,0.000264
2026-09-01 13:41:21,SPX,7636.8,7682.65,7650.0,1128,2791,0.1292,0.000264
2026-09-01 13:41:21,SPX,7636.8,7682.65,7620.0,269,1697,0.1463,0.000264
2026-09-01 13:41:21,SPX,7636.8,7682.65,7655.0,182,1428,0.1324,0.000264
2026-09-01 13:41:21,SPX,7636.8,7682.65,7615.0,102,1982,0.1536,0.000264
2026-09-01 13:41:21,SPX,7636.8,7682.65,7660.0,228,1807,0.1374,0.000264
2026-09-01 13:41:21,SPX,7636.8,7682.65,7610.0,92,2277,0.1613,0.000264
2026-09-01 13:41:21,SPX,7636.8,7682.65,7665.0,471,968,0.1446,0.000264
2026-09-01 13:41:21,SPX,7636.8,7682.65,7605.0,59,1984,0.1706,0.000264
2026-09-01 13:41:21,SPX,7636.8,7682.65,7670.0,673,1192,0.1543,0.000264
2026-09-01 13:41:21,SPX,7636.8,7682.65,7600.0,841,3563,0.1782,0.000264
2026-09-01 13:41:21,SPX,7636.8,7682.65,7675.0,2532,2480,0.1654,0.000264
2026-09-01 13:41:21,SPX,7636.8,7682.65,7595.0,127,1733,0.1926,0.000264
2026-09-01 13:41:21,SPX,7636.8,7682.65,7680.0,1004,1927,0.1778,0.000264
2026-09-01 13:41:21,SPX,7636.8,7682.65,7590.0,75,1491,0.1975,0.000264
2026-09-01 13:41:21,SPX,7636.8,7682.65,7685.0,1004,1349,0.1899,0.000264
2026-09-01 13:41:21,SPX,7636.8,7682.65,7585.0,16,1148,0.2112,0.000264
2026-09-01 13:41:21,SPX,7636.8,7682.65,7690.0,1517,2264,0.2017,0.000264
2026-09-01 13:41:21,SPX,7636.8,7682.65,7580.0,43,1957,0.2193,0.000264
2026-09-01 13:41:21,SPX,7636.8,7682.65,7695.0,981,1009,0.2135,0.000264
2026-09-01 13:41:21,SPX,7636.8,7682.65,7575.0,119,1121,0.2349,0.000264
2026-09-01 13:41:21,SPX,7636.8,7682.65,7700.0,2403,1736,0.2256,0.000264
2026-09-01 13:41:21,SPX,7636.8,7682.65,7570.0,0,1158,0.2487,0.000264
2026-09-01 13:41:21,SPX,7636.8,7682.65,7705.0,2071,358,0.2384,0.000264
2026-09-01 13:41:21,SPX,7636.8,7682.65,7565.0,26,2242,0.2612,0.000264
2026-09-01 13:41:21,SPX,7636.8,7682.65,7710.0,1936,492,0.2521,0.000264
2026-09-01 13:41:21,SPX,7636.8,7682.65,7560.0,113,1209,0.2723,0.000264
2026-09-01 13:41:21,SPX,7636.8,7682.65,7715.0,1681,716,0.2664,0.000264
2026-09-01 13:41:21,SPX,7636.8,7682.65,7555.0,28,1048,0.2827,0.000264
2026-09-01 13:41:21,SPX,7636.8,7682.65,7720.0,2395,981,0.2804,0.000264
2026-09-01 13:41:21,SPX,7636.8,7682.65,7550.0,127,3787,0.2936,0.000264
2026-09-01 13:41:21,SPX,7636.8,7682.65,7725.0,3022,1452,0.294,0.000264
2026-09-01 13:41:21,SPX,7636.8,7682.65,7545.0,1,529,0.3058,0.000264
2026-09-01 13:41:21,SPX,7636.8,7682.65,7730.0,2976,468,0.307,0.000264
2026-09-01 13:41:21,SPX,7636.8,7682.65,7540.0,3,1720,0.3191,0.000264
2026-09-01 13:41:21,SPX,7636.8,7682.65,7735.0,1740,328,0.3196,0.000264
2026-09-01 13:41:21,SPX,7636.8,7682.65,7535.0,8,1279,0.3332,0.000264
2026-09-01 13:41:21,SPX,7636.8,7682.65,7740.0,3880,737,0.3316,0.000264
2026-09-01 13:41:21,SPX,7636.8,7682.65,7530.0,4,5977,0.3476,0.000264
2026-09-01 13:41:21,SPX,7636.8,7682.65,7745.0,1907,137,0.3432,0.000264
2026-09-01 13:41:21,SPX,7636.8,7682.65,7525.0,69,7234,0.362,0.000264
2026-09-01 13:41:21,SPX,7636.8,7682.65,7750.0,4551,832,0.3543,0.000264
2026-09-01 13:41:21,SPX,7636.8,7682.65,7520.0,14,6233,0.3764,0.000264
2026-09-01 13:41:21,SPX,7636.8,7682.65,7755.0,2697,101,0.3647,0.000264
2026-09-01 13:41:21,SPX,7636.8,7682.65,7515.0,4,10661,0.3906,0.000264
2026-09-01 13:41:21,SPX,7636.8,7682.65,7760.0,1655,177,0.3745,0.000264
2026-09-01 13:41:21,SPX,7636.8,7682.65,7635.0,39,327,0.1205,0.003001
2026-09-01 13:41:21,SPX,7636.8,7682.65,7640.0,61,420,0.1196,0.003001
2026-09-01 13:41:21,SPX,7636.8,7682.65,7630.0,56,634,0.1224,0.003001
2026-09-01 13:41:21,SPX,7636.8,7682.65,7645.0,47,294,0.1181,0.003001
2026-09-01 13:41:21,SPX,7636.8,7682.65,7625.0,55,609,0.1235,0.003001
2026-09-01 13:41:21,SPX,7636.8,7682.65,7650.0,105,888,0.1171,0.003001
2026-09-01 13:41:21,SPX,7636.8,7682.65,7620.0,39,672,0.1252,0.003001
2026-09-01 13:41:21,SPX,7636.8,7682.65,7655.0,99,238,0.116,0.003001
2026-09-01 13:41:21,SPX,7636.8,7682.65,7615.0,31,688,0.1269,0.003001
2026-09-01 13:41:21,SPX,7636.8,7682.65,7660.0,100,405,0.1152,0.003001
2026-09-01 13:41:21,SPX,7636.8,7682.65,7610.0,25,652,0.1297,0.003001
2026-09-01 13:41:21,SPX,7636.8,7682.65,7665.0,94,696,0.1144,0.003001
2026-09-01 13:41:21,SPX,7636.8,7682.65,7605.0,13,338,0.1305,0.003001
2026-09-01 13:41:21,SPX,7636.8,7682.65,7670.0,487,529,0.1136,0.003001
2026-09-01 13:41:21,SPX,7636.8,7682.65,7600.0,1055,1473,0.1322,0.003001
2026-09-01 13:41:21,SPX,7636.8,7682.65,7675.0,460,846,0.1126,0.003001
2026-09-01 13:41:21,SPX,7636.8,7682.65,7595.0,15,1158,0.1339,0.003001
2026-09-01 13:41:21,SPX,7636.8,7682.65,7680.0,661,346,0.1114,0.003001
2026-09-01 13:41:21,SPX,7636.8,7682.65,7590.0,25,355,0.136,0.003001
2026-09-01 13:41:21,SPX,7636.8,7682.65,7685.0,202,317,0.1103,0.003001
2026-09-01 13:41:21,SPX,7636.8,7682.65,7585.0,21,360,0.1386,0.003001
2026-09-01 13:41:21,SPX,7636.8,7682.65,7690.0,538,1149,0.1096,0.003001
2026-09-01 13:41:21,SPX,7636.8,7682.65,7580.0,12,660,0.1397,0.003001
2026-09-01 13:41:21,SPX,7636.8,7682.65,7695.0,193,271,0.1093,0.003001
2026-09-01 13:41:21,SPX,7636.8,7682.65,7575.0,123,1228,0.1404,0.003001
2026-09-01 13:41:21,SPX,7636.8,7682.65,7700.0,1651,1273,0.1093,0.003001
2026-09-01 13:41:21,SPX,7636.8,7682.65,7570.0,14,422,0.1425,0.003001
2026-09-01 13:41:21,SPX,7636.8,7682.65,7705.0,676,308,0.1095,0.003001
2026-09-01 13:41:21,SPX,7636.8,7682.65,7565.0,12,274,0.1451,0.003001
2026-09-01 13:41:21,SPX,7636.8,7682.65,7710.0,895,399,0.1098,0.003001
2026-09-01 13:41:21,SPX,7636.8,7682.65,7560.0,8,1713,0.147,0.003001
2026-09-01 13:41:21,SPX,7636.8,7682.65,7715.0,1015,897,0.11,0.003001
2026-09-01 13:41:21,SPX,7636.8,7682.65,7555.0,11,266,0.1482,0.003001
2026-09-01 13:41:21,SPX,7636.8,7682.65,7720.0,629,267,0.1102,0.003001
2026-09-01 13:41:21,SPX,7636.8,7682.65,7550.0,69,4024,0.1491,0.003001
2026-09-01 13:41:21,SPX,7636.8,7682.65,7725.0,2103,941,0.1105,0.003001
2026-09-01 13:41:21,SPX,7636.8,7682.65,7545.0,0,477,0.1514,0.003001
2026-09-01 13:41:21,SPX,7636.8,7682.65,7730.0,607,176,0.1111,0.003001
2026-09-01 13:41:21,SPX,7636.8,7682.65,7540.0,1,455,0.1541,0.003001
2026-09-01 13:41:21,SPX,7636.8,7682.65,7735.0,422,114,0.1119,0.003001
2026-09-01 13:41:21,SPX,7636.8,7682.65,7535.0,8,379,0.1556,0.003001
2026-09-01 13:41:21,SPX,7636.8,7682.65,7740.0,1132,205,0.1133,0.003001
2026-09-01 13:41:21,SPX,7636.8,7682.65,7530.0,12,502,0.159,0.003001
2026-09-01 13:41:21,SPX,7636.8,7682.65,7745.0,300,101,0.1152,0.003001
2026-09-01 13:41:21,SPX,7636.8,7682.65,7525.0,25,532,0.1615,0.003001
2026-09-01 13:41:21,SPX,7636.8,7682.65,7750.0,2091,665,0.1176,0.003001
2026-09-01 13:41:21,SPX,7636.8,7682.65,7520.0,85,422,0.163,0.003001
2026-09-01 13:41:21,SPX,7636.8,7682.65,7755.0,520,111,0.1204,0.003001
2026-09-01 13:41:21,SPX,7636.8,7682.65,7515.0,980,383,0.1646,0.003001
2026-09-01 13:41:21,SPX,7636.8,7682.65,7760.0,615,94,0.1235,0.003001
2026-09-01 13:41:21,SPX,7636.8,7682.65,7635.0,45,161,0.1272,0.005739
2026-09-01 13:41:21,SPX,7636.8,7682.65,7640.0,50,232,0.1261,0.005739
2026-09-01 13:41:21,SPX,7636.8,7682.65,7630.0,83,139,0.1281,0.005739
2026-09-01 13:41:21,SPX,7636.8,7682.65,7645.0,41,164,0.1247,0.005739
2026-09-01 13:41:21,SPX,7636.8,7682.65,7625.0,330,986,0.1291,0.005739
2026-09-01 13:41:21,SPX,7636.8,7682.65,7650.0,226,1011,0.1235,0.005739
2026-09-01 13:41:21,SPX,7636.8,7682.65,7620.0,39,220,0.13,0.005739
2026-09-01 13:41:21,SPX,7636.8,7682.65,7655.0,99,339,0.1223,0.005739
2026-09-01 13:41:21,SPX,7636.8,7682.65,7615.0,9,214,0.1313,0.005739
2026-09-01 13:41:21,SPX,7636.8,7682.65,7660.0,55,269,0.121,0.005739
2026-09-01 13:41:21,SPX,7636.8,7682.65,7610.0,23,381,0.1326,0.005739
2026-09-01 13:41:21,SPX,7636.8,7682.65,7665.0,53,204,0.1199,0.005739
2026-09-01 13:41:21,SPX,7636.8,7682.65,7605.0,8,132,0.1339,0.005739
2026-09-01 13:41:21,SPX,7636.8,7682.65,7670.0,95,326,0.1189,0.005739
2026-09-01 13:41:21,SPX,7636.8,7682.65,7600.0,195,996,0.1351,0.005739
2026-09-01 13:41:21,SPX,7636.8,7682.65,7675.0,1116,798,0.1181,0.005739
2026-09-01 13:41:21,SPX,7636.8,7682.65,7595.0,8,183,0.1364,0.005739
2026-09-01 13:41:21,SPX,7636.8,7682.65,7680.0,597,261,0.1173,0.005739
2026-09-01 13:41:21,SPX,7636.8,7682.65,7590.0,11,426,0.1376,0.005739
2026-09-01 13:41:21,SPX,7636.8,7682.65,7685.0,111,500,0.1165,0.005739
2026-09-01 13:41:21,SPX,7636.8,7682.65,7585.0,119,224,0.139,0.005739
2026-09-01 13:41:21,SPX,7636.8,7682.65,7690.0,350,453,0.1157,0.005739
2026-09-01 13:41:21,SPX,7636.8,7682.65,7580.0,9,358,0.1404,0.005739
2026-09-01 13:41:21,SPX,7636.8,7682.65,7695.0,96,309,0.1148,0.005739
2026-09-01 13:41:21,SPX,7636.8,7682.65,7575.0,71,654,0.1421,0.005739
2026-09-01 13:41:21,SPX,7636.8,7682.65,7700.0,846,579,0.1139,0.005739
2026-09-01 13:41:21,SPX,7636.8,7682.65,7570.0,5,194,0.143,0.005739
2026-09-01 13:41:21,SPX,7636.8,7682.65,7705.0,109,120,0.1129,0.005739
2026-09-01 13:41:21,SPX,7636.8,7682.65,7565.0,22,327,0.1443,0.005739
2026-09-01 13:41:21,SPX,7636.8,7682.65,7710.0,404,374,0.112,0.005739
2026-09-01 13:41:21,SPX,7636.8,7682.65,7560.0,11,644,0.1459,0.005739
2026-09-01 13:41:21,SPX,7636.8,7682.65,7715.0,512,170,0.1112,0.005739
2026-09-01 13:41:21,SPX,7636.8,7682.65,7555.0,14,448,0.147,0.005739
2026-09-01 13:41:21,SPX,7636.8,7682.65,7720.0,496,294,0.1104,0.005739
2026-09-01 13:41:21,SPX,7636.8,7682.65,7550.0,51,3245,0.1485,0.005739
2026-09-01 13:41:21,SPX,7636.8,7682.65,7725.0,457,255,0.1098,0.005739
2026-09-01 13:41:21,SPX,7636.8,7682.65,7545.0,0,1298,0.15,0.005739
2026-09-01 13:41:21,SPX,7636.8,7682.65,7730.0,240,252,0.1092,0.005739
2026-09-01 13:41:21,SPX,7636.8,7682.65,7540.0,9,446,0.1517,0.005739
2026-09-01 13:41:21,SPX,7636.8,7682.65,7735.0,396,159,0.1088,0.005739
2026-09-01 13:41:21,SPX,7636.8,7682.65,7535.0,0,232,0.1535,0.005739
2026-09-01 13:41:21,SPX,7636.8,7682.65,7740.0,516,271,0.1086,0.005739
2026-09-01 13:41:21,SPX,7636.8,7682.65,7530.0,1,260,0.1554,0.005739
2026-09-01 13:41:21,SPX,7636.8,7682.65,7745.0,288,146,0.1085,0.005739
2026-09-01 13:41:21,SPX,7636.8,7682.65,7525.0,40,1122,0.1571,0.005739
2026-09-01 13:41:21,SPX,7636.8,7682.65,7750.0,1667,981,0.1086,0.005739
2026-09-01 13:41:21,SPX,7636.8,7682.65,7520.0,8,1209,0.1586,0.005739
2026-09-01 13:41:21,SPX,7636.8,7682.65,7755.0,237,59,0.1088,0.005739
2026-09-01 13:41:21,SPX,7636.8,7682.65,7515.0,2,230,0.1601,0.005739
2026-09-01 13:41:21,SPX,7636.8,7682.65,7760.0,253,146,0.1092,0.005739
2026-09-01 14:11:46,SPX,7631.84,7682.65,7630.0,806,1689,0.1335,0.000206
2026-09-01 14:11:46,SPX,7631.84,7682.65,7635.0,265,1252,0.1302,0.000206
2026-09-01 14:11:46,SPX,7631.84,7682.65,7625.0,806,2969,0.1381,0.000206
2026-09-01 14:11:46,SPX,7631.84,7682.65,7640.0,232,1892,0.1282,0.000206
2026-09-01 14:11:46,SPX,7631.84,7682.65,7620.0,269,1697,0.1446,0.000206
2026-09-01 14:11:46,SPX,7631.84,7682.65,7645.0,626,1187,0.1301,0.000206
2026-09-01 14:11:46,SPX,7631.84,7682.65,7615.0,102,1982,0.152,0.000206
2026-09-01 14:11:46,SPX,7631.84,7682.65,7650.0,1128,2791,0.1345,0.000206
2026-09-01 14:11:46,SPX,7631.84,7682.65,7610.0,92,2277,0.162,0.000206
2026-09-01 14:11:46,SPX,7631.84,7682.65,7655.0,182,1428,0.1414,0.000206
2026-09-01 14:11:46,SPX,7631.84,7682.65,7605.0,59,1984,0.1707,0.000206
2026-09-01 14:11:46,SPX,7631.84,7682.65,7660.0,228,1807,0.151,0.000206
2026-09-01 14:11:46,SPX,7631.84,7682.65,7600.0,841,3563,0.1828,0.000206
2026-09-01 14:11:46,SPX,7631.84,7682.65,7665.0,471,968,0.1628,0.000206
2026-09-01 14:11:46,SPX,7631.84,7682.65,7595.0,127,1733,0.1967,0.000206
2026-09-01 14:11:46,SPX,7631.84,7682.65,7670.0,673,1192,0.1758,0.000206
2026-09-01 14:11:46,SPX,7631.84,7682.65,7590.0,75,1491,0.2083,0.000206
2026-09-01 14:11:46,SPX,7631.84,7682.65,7675.0,2532,2480,0.1895,0.000206
2026-09-01 14:11:46,SPX,7631.84,7682.65,7585.0,16,1148,0.2169,0.000206
2026-09-01 14:11:46,SPX,7631.84,7682.65,7680.0,1004,1927,0.2037,0.000206
2026-09-01 14:11:46,SPX,7631.84,7682.65,7580.0,43,1957,0.2314,0.000206
2026-09-01 14:11:46,SPX,7631.84,7682.65,7685.0,1004,1349,0.2178,0.000206
2026-09-01 14:11:46,SPX,7631.84,7682.65,7575.0,119,1121,0.2493,0.000206
2026-09-01 14:11:46,SPX,7631.84,7682.65,7690.0,1517,2264,0.2322,0.000206
2026-09-01 14:11:46,SPX,7631.84,7682.65,7570.0,94,1158,0.2651,0.000206
2026-09-01 14:11:46,SPX,7631.84,7682.65,7695.0,981,1009,0.2475,0.000206
2026-09-01 14:11:46,SPX,7631.84,7682.65,7565.0,26,2242,0.2794,0.000206
2026-09-01 14:11:46,SPX,7631.84,7682.65,7700.0,2403,1736,0.2635,0.000206
2026-09-01 14:11:46,SPX,7631.84,7682.65,7560.0,113,1209,0.2932,0.000206
2026-09-01 14:11:46,SPX,7631.84,7682.65,7705.0,2071,358,0.2798,0.000206
2026-09-01 14:11:46,SPX,7631.84,7682.65,7555.0,28,1048,0.307,0.000206
2026-09-01 14:11:46,SPX,7631.84,7682.65,7710.0,1936,492,0.2964,0.000206
2026-09-01 14:11:46,SPX,7631.84,7682.65,7550.0,127,3787,0.3209,0.000206
2026-09-01 14:11:46,SPX,7631.84,7682.65,7715.0,1681,716,0.3128,0.000206
2026-09-01 14:11:46,SPX,7631.84,7682.65,7545.0,1,529,0.3351,0.000206
2026-09-01 14:11:46,SPX,7631.84,7682.65,7720.0,2395,981,0.3289,0.000206
2026-09-01 14:11:46,SPX,7631.84,7682.65,7540.0,3,1720,0.3498,0.000206
2026-09-01 14:11:46,SPX,7631.84,7682.65,7725.0,3022,1452,0.3444,0.000206
2026-09-01 14:11:46,SPX,7631.84,7682.65,7535.0,8,1279,0.365,0.000206
2026-09-01 14:11:46,SPX,7631.84,7682.65,7730.0,2976,468,0.3588,0.000206
2026-09-01 14:11:46,SPX,7631.84,7682.65,7530.0,4,5977,0.3808,0.000206
2026-09-01 14:11:46,SPX,7631.84,7682.65,7735.0,1740,328,0.3721,0.000206
2026-09-01 14:11:46,SPX,7631.84,7682.65,7525.0,69,7234,0.3969,0.000206
2026-09-01 14:11:46,SPX,7631.84,7682.65,7740.0,3880,737,0.384,0.000206
2026-09-01 14:11:46,SPX,7631.84,7682.65,7520.0,14,6233,0.4133,0.000206
2026-09-01 14:11:46,SPX,7631.84,7682.65,7745.0,1907,137,0.3947,0.000206
2026-09-01 14:11:46,SPX,7631.84,7682.65,7515.0,4,10661,0.4296,0.000206
2026-09-01 14:11:46,SPX,7631.84,7682.65,7750.0,4551,832,0.4038,0.000206
2026-09-01 14:11:46,SPX,7631.84,7682.65,7510.0,42,404,0.4457,0.000206
2026-09-01 14:11:46,SPX,7631.84,7682.65,7755.0,2697,101,0.4119,0.000206
2026-09-01 14:11:46,SPX,7631.84,7682.65,7630.0,56,634,0.1225,0.002944
2026-09-01 14:11:46,SPX,7631.84,7682.65,7635.0,39,327,0.1212,0.002944
2026-09-01 14:11:46,SPX,7631.84,7682.65,7625.0,55,609,0.124,0.002944
2026-09-01 14:11:46,SPX,7631.84,7682.65,7640.0,61,420,0.1197,0.002944
2026-09-01 14:11:46,SPX,7631.84,7682.65,7620.0,39,672,0.1258,0.002944
2026-09-01 14:11:46,SPX,7631.84,7682.65,7645.0,47,294,0.1187,0.002944
2026-09-01 14:11:46,SPX,7631.84,7682.65,7615.0,31,688,0.1273,0.002944
2026-09-01 14:11:46,SPX,7631.84,7682.65,7650.0,105,888,0.1177,0.002944
2026-09-01 14:11:46,SPX,7631.84,7682.65,7610.0,25,652,0.1289,0.002944
2026-09-01 14:11:46,SPX,7631.84,7682.65,7655.0,99,238,0.1166,0.002944
2026-09-01 14:11:46,SPX,7631.84,7682.65,7605.0,13,338,0.1309,0.002944
2026-09-01 14:11:46,SPX,7631.84,7682.65,7660.0,100,405,0.1155,0.002944
2026-09-01 14:11:46,SPX,7631.84,7682.65,7600.0,1055,1473,0.1326,0.002944
2026-09-01 14:11:46,SPX,7631.84,7682.65,7665.0,94,696,0.1143,0.002944
2026-09-01 14:11:46,SPX,7631.84,7682.65,7595.0,15,1158,0.1355,0.002944
2026-09-01 14:11:46,SPX,7631.84,7682.65,7670.0,487,529,0.1129,0.002944
2026-09-01 14:11:46,SPX,7631.84,7682.65,7590.0,25,355,0.1362,0.002944
2026-09-01 14:11:46,SPX,7631.84,7682.65,7675.0,460,846,0.1116,0.002944
2026-09-01 14:11:46,SPX,7631.84,7682.65,7585.0,21,360,0.1377,0.002944
2026-09-01 14:11:46,SPX,7631.84,7682.65,7680.0,661,346,0.1108,0.002944
2026-09-01 14:11:46,SPX,7631.84,7682.65,7580.0,12,660,0.1405,0.002944
2026-09-01 14:11:46,SPX,7631.84,7682.65,7685.0,202,317,0.1105,0.002944
2026-09-01 14:11:46,SPX,7631.84,7682.65,7575.0,123,1228,0.1413,0.002944
2026-09-01 14:11:46,SPX,7631.84,7682.65,7690.0,538,1149,0.1104,0.002944
2026-09-01 14:11:46,SPX,7631.84,7682.65,7570.0,14,422,0.1429,0.002944
2026-09-01 14:11:46,SPX,7631.84,7682.65,7695.0,193,271,0.1104,0.002944
2026-09-01 14:11:46,SPX,7631.84,7682.65,7565.0,12,274,0.1455,0.002944
2026-09-01 14:11:46,SPX,7631.84,7682.65,7700.0,1651,1273,0.1103,0.002944
2026-09-01 14:11:46,SPX,7631.84,7682.65,7560.0,8,1713,0.1474,0.002944
2026-09-01 14:11:46,SPX,7631.84,7682.65,7705.0,676,308,0.1102,0.002944
2026-09-01 14:11:46,SPX,7631.84,7682.65,7555.0,11,266,0.1491,0.002944
2026-09-01 14:11:46,SPX,7631.84,7682.65,7710.0,895,399,0.1101,0.002944
2026-09-01 14:11:46,SPX,7631.84,7682.65,7550.0,69,4024,0.1498,0.002944
2026-09-01 14:11:46,SPX,7631.84,7682.65,7715.0,1015,897,0.1101,0.002944
2026-09-01 14:11:46,SPX,7631.84,7682.65,7545.0,0,477,0.1517,0.002944
2026-09-01 14:11:46,SPX,7631.84,7682.65,7720.0,629,267,0.1103,0.002944
2026-09-01 14:11:46,SPX,7631.84,7682.65,7540.0,1,455,0.1543,0.002944
2026-09-01 14:11:46,SPX,7631.84,7682.65,7725.0,2103,941,0.111,0.002944
2026-09-01 14:11:46,SPX,7631.84,7682.65,7535.0,8,379,0.1556,0.002944
2026-09-01 14:11:46,SPX,7631.84,7682.65,7730.0,607,176,0.1121,0.002944
2026-09-01 14:11:46,SPX,7631.84,7682.65,7530.0,12,502,0.1582,0.002944
2026-09-01 14:11:46,SPX,7631.84,7682.65,7735.0,422,114,0.1137,0.002944
2026-09-01 14:11:46,SPX,7631.84,7682.65,7525.0,25,532,0.1614,0.002944
2026-09-01 14:11:46,SPX,7631.84,7682.65,7740.0,1132,205,0.1159,0.002944
2026-09-01 14:11:46,SPX,7631.84,7682.65,7520.0,85,422,0.1638,0.002944
2026-09-01 14:11:46,SPX,7631.84,7682.65,7745.0,300,101,0.1184,0.002944
2026-09-01 14:11:46,SPX,7631.84,7682.65,7515.0,980,383,0.1655,0.002944
2026-09-01 14:11:46,SPX,7631.84,7682.65,7750.0,2091,665,0.1212,0.002944
2026-09-01 14:11:46,SPX,7631.84,7682.65,7510.0,7,368,0.1669,0.002944
2026-09-01 14:11:46,SPX,7631.84,7682.65,7755.0,520,111,0.1241,0.002944
2026-09-01 14:11:46,SPX,7631.84,7682.65,7630.0,83,139,0.1303,0.005681
2026-09-01 14:11:46,SPX,7631.84,7682.65,7635.0,45,161,0.1291,0.005681
2026-09-01 14:11:46,SPX,7631.84,7682.65,7625.0,330,986,0.1314,0.005681
2026-09-01 14:11:46,SPX,7631.84,7682.65,7640.0,50,232,0.128,0.005681
2026-09-01 14:11:46,SPX,7631.84,7682.65,7620.0,39,220,0.1326,0.005681
2026-09-01 14:11:46,SPX,7631.84,7682.65,7645.0,41,164,0.1267,0.005681
2026-09-01 14:11:46,SPX,7631.84,7682.65,7615.0,9,214,0.1337,0.005681
2026-09-01 14:11:46,SPX,7631.84,7682.65,7650.0,226,1011,0.1253,0.005681
2026-09-01 14:11:46,SPX,7631.84,7682.65,7610.0,23,381,0.135,0.005681
2026-09-01 14:11:46,SPX,7631.84,7682.65,7655.0,99,339,0.1239,0.005681
2026-09-01 14:11:46,SPX,7631.84,7682.65,7605.0,8,132,0.1367,0.005681
2026-09-01 14:11:46,SPX,7631.84,7682.65,7660.0,55,269,0.1226,0.005681
2026-09-01 14:11:46,SPX,7631.84,7682.65,7600.0,195,996,0.1379,0.005681
2026-09-01 14:11:46,SPX,7631.84,7682.65,7665.0,53,204,0.1215,0.005681
2026-09-01 14:11:46,SPX,7631.84,7682.65,7595.0,8,183,0.1391,0.005681
2026-09-01 14:11:46,SPX,7631.84,7682.65,7670.0,95,326,0.1205,0.005681
2026-09-01 14:11:46,SPX,7631.84,7682.65,7590.0,11,426,0.1409,0.005681
2026-09-01 14:11:46,SPX,7631.84,7682.65,7675.0,1116,798,0.1197,0.005681
2026-09-01 14:11:46,SPX,7631.84,7682.65,7585.0,119,224,0.142,0.005681
2026-09-01 14:11:46,SPX,7631.84,7682.65,7680.0,597,261,0.1189,0.005681
2026-09-01 14:11:46,SPX,7631.84,7682.65,7580.0,9,358,0.1435,0.005681
2026-09-01 14:11:46,SPX,7631.84,7682.65,7685.0,111,500,0.118,0.005681
2026-09-01 14:11:46,SPX,7631.84,7682.65,7575.0,71,654,0.1446,0.005681
2026-09-01 14:11:46,SPX,7631.84,7682.65,7690.0,350,453,0.117,0.005681
2026-09-01 14:11:46,SPX,7631.84,7682.65,7570.0,5,194,0.1457,0.005681
2026-09-01 14:11:46,SPX,7631.84,7682.65,7695.0,96,309,0.116,0.005681
2026-09-01 14:11:46,SPX,7631.84,7682.65,7565.0,22,327,0.1477,0.005681
2026-09-01 14:11:46,SPX,7631.84,7682.65,7700.0,846,579,0.1149,0.005681
2026-09-01 14:11:46,SPX,7631.84,7682.65,7560.0,11,644,0.1488,0.005681
2026-09-01 14:11:46,SPX,7631.84,7682.65,7705.0,109,120,0.1138,0.005681
2026-09-01 14:11:46,SPX,7631.84,7682.65,7555.0,14,448,0.1497,0.005681
2026-09-01 14:11:46,SPX,7631.84,7682.65,7710.0,404,374,0.1127,0.005681
2026-09-01 14:11:46,SPX,7631.84,7682.65,7550.0,51,3245,0.1518,0.005681
2026-09-01 14:11:46,SPX,7631.84,7682.65,7715.0,512,170,0.1118,0.005681
2026-09-01 14:11:46,SPX,7631.84,7682.65,7545.0,0,1298,0.1531,0.005681
2026-09-01 14:11:46,SPX,7631.84,7682.65,7720.0,496,294,0.1109,0.005681
2026-09-01 14:11:46,SPX,7631.84,7682.65,7540.0,9,446,0.1543,0.005681
2026-09-01 14:11:46,SPX,7631.84,7682.65,7725.0,457,255,0.1102,0.005681
2026-09-01 14:11:46,SPX,7631.84,7682.65,7535.0,0,232,0.156,0.005681
2026-09-01 14:11:46,SPX,7631.84,7682.65,7730.0,240,252,0.1097,0.005681
2026-09-01 14:11:46,SPX,7631.84,7682.65,7530.0,1,260,0.1578,0.005681
2026-09-01 14:11:46,SPX,7631.84,7682.65,7735.0,396,159,0.1093,0.005681
2026-09-01 14:11:46,SPX,7631.84,7682.65,7525.0,40,1122,0.1598,0.005681
2026-09-01 14:11:46,SPX,7631.84,7682.65,7740.0,516,271,0.1091,0.005681
2026-09-01 14:11:46,SPX,7631.84,7682.65,7520.0,8,1209,0.1615,0.005681
2026-09-01 14:11:46,SPX,7631.84,7682.65,7745.0,288,146,0.1091,0.005681
2026-09-01 14:11:46,SPX,7631.84,7682.65,7515.0,2,230,0.1627,0.005681
2026-09-01 14:11:46,SPX,7631.84,7682.65,7750.0,1667,981,0.1093,0.005681
2026-09-01 14:11:46,SPX,7631.84,7682.65,7510.0,13,371,0.1638,0.005681
2026-09-01 14:11:46,SPX,7631.84,7682.65,7755.0,237,59,0.1096,0.005681
2026-09-01 14:42:11,SPX,7621.32,7689.36,7620.0,269,1697,0.1624,0.000148
2026-09-01 14:42:11,SPX,7621.32,7689.36,7625.0,806,2969,0.1568,0.000148
2026-09-01 14:42:11,SPX,7621.32,7689.36,7615.0,102,1982,0.1684,0.000148
2026-09-01 14:42:11,SPX,7621.32,7689.36,7630.0,806,1689,0.1549,0.000148
2026-09-01 14:42:11,SPX,7621.32,7689.36,7610.0,92,2277,0.1753,0.000148
2026-09-01 14:42:11,SPX,7621.32,7689.36,7635.0,265,1252,0.1533,0.000148
2026-09-01 14:42:11,SPX,7621.32,7689.36,7605.0,59,1984,0.1843,0.000148
2026-09-01 14:42:11,SPX,7621.32,7689.36,7640.0,232,1892,0.1559,0.000148
2026-09-01 14:42:11,SPX,7621.32,7689.36,7600.0,841,3563,0.1917,0.000148
2026-09-01 14:42:11,SPX,7621.32,7689.36,7645.0,626,1187,0.1625,0.000148
2026-09-01 14:42:11,SPX,7621.32,7689.36,7595.0,127,1733,0.2038,0.000148
2026-09-01 14:42:11,SPX,7621.32,7689.36,7650.0,1128,2791,0.1714,0.000148
2026-09-01 14:42:11,SPX,7621.32,7689.36,7590.0,75,1491,0.2123,0.000148
2026-09-01 14:42:11,SPX,7621.32,7689.36,7655.0,182,1428,0.1839,0.000148
2026-09-01 14:42:11,SPX,7621.32,7689.36,7585.0,16,1148,0.224,0.000148
2026-09-01 14:42:11,SPX,7621.32,7689.36,7660.0,228,1807,0.2001,0.000148
2026-09-01 14:42:11,SPX,7621.32,7689.36,7580.0,43,1957,0.2386,0.000148
2026-09-01 14:42:11,SPX,7621.32,7689.36,7665.0,471,968,0.2161,0.000148
2026-09-01 14:42:11,SPX,7621.32,7689.36,7575.0,119,1121,0.2535,0.000148
2026-09-01 14:42:11,SPX,7621.32,7689.36,7670.0,673,1192,0.2323,0.000148
2026-09-01 14:42:11,SPX,7621.32,7689.36,7570.0,94,1158,0.2698,0.000148
2026-09-01 14:42:11,SPX,7621.32,7689.36,7675.0,2532,2480,0.2493,0.000148
2026-09-01 14:42:11,SPX,7621.32,7689.36,7565.0,26,2242,0.2863,0.000148
2026-09-01 14:42:11,SPX,7621.32,7689.36,7680.0,1004,1927,0.2664,0.000148
2026-09-01 14:42:11,SPX,7621.32,7689.36,7560.0,113,1209,0.3017,0.000148
2026-09-01 14:42:11,SPX,7621.32,7689.36,7685.0,0,1349,0.2831,0.000148
2026-09-01 14:42:11,SPX,7621.32,7689.36,7555.0,28,1048,0.3171,0.000148
2026-09-01 14:42:11,SPX,7621.32,7689.36,7690.0,1517,2264,0.2997,0.000148
2026-09-01 14:42:11,SPX,7621.32,7689.36,7550.0,127,3787,0.3337,0.000148
2026-09-01 14:42:11,SPX,7621.32,7689.36,7695.0,981,1009,0.3164,0.000148
2026-09-01 14:42:11,SPX,7621.32,7689.36,7545.0,1,529,0.3518,0.000148
2026-09-01 14:42:11,SPX,7621.32,7689.36,7700.0,2403,1736,0.3331,0.000148
2026-09-01 14:42:11,SPX,7621.32,7689.36,7540.0,0,1720,0.3709,0.000148
2026-09-01 14:42:11,SPX,7621.32,7689.36,7705.0,2071,358,0.3495,0.000148
2026-09-01 14:42:11,SPX,7621.32,7689.36,7535.0,8,1279,0.3903,0.000148
2026-09-01 14:42:11,SPX,7621.32,7689.36,7710.0,1936,492,0.3654,0.000148
2026-09-01 14:42:11,SPX,7621.32,7689.36,7530.0,4,5977,0.4096,0.000148
2026-09-01 14:42:11,SPX,7621.32,7689.36,7715.0,1681,716,0.3806,0.000148
2026-09-01 14:42:11,SPX,7621.32,7689.36,7525.0,69,7234,0.4287,0.000148
2026-09-01 14:42:11,SPX,7621.32,7689.36,7720.0,2395,981,0.3952,0.000148
2026-09-01 14:42:11,SPX,7621.32,7689.36,7520.0,14,6233,0.4477,0.000148
2026-09-01 14:42:11,SPX,7621.32,7689.36,7725.0,3022,1452,0.4087,0.000148
2026-09-01 14:42:11,SPX,7621.32,7689.36,7515.0,4,10661,0.4666,0.000148
2026-09-01 14:42:11,SPX,7621.32,7689.36,7730.0,2976,468,0.4212,0.000148
2026-09-01 14:42:11,SPX,7621.32,7689.36,7510.0,42,404,0.4855,0.000148
2026-09-01 14:42:11,SPX,7621.32,7689.36,7735.0,1740,328,0.4323,0.000148
2026-09-01 14:42:11,SPX,7621.32,7689.36,7505.0,6,467,0.5037,0.000148
2026-09-01 14:42:11,SPX,7621.32,7689.36,7740.0,3880,737,0.4418,0.000148
2026-09-01 14:42:11,SPX,7621.32,7689.36,7500.0,115,4237,0.521,0.000148
2026-09-01 14:42:11,SPX,7621.32,7689.36,7745.0,1907,137,0.4499,0.000148
2026-09-01 14:42:11,SPX,7621.32,7689.36,7620.0,39,672,0.1307,0.002886
2026-09-01 14:42:11,SPX,7621.32,7689.36,7625.0,55,609,0.129,0.002886
2026-09-01 14:42:11,SPX,7621.32,7689.36,7615.0,31,688,0.1325,0.002886
2026-09-01 14:42:11,SPX,7621.32,7689.36,7630.0,56,634,0.1274,0.002886
2026-09-01 14:42:11,SPX,7621.32,7689.36,7610.0,25,652,0.1338,0.002886
2026-09-01 14:42:11,SPX,7621.32,7689.36,7635.0,39,327,0.1264,0.002886
2026-09-01 14:42:11,SPX,7621.32,7689.36,7605.0,13,338,0.1353,0.002886
2026-09-01 14:42:11,SPX,7621.32,7689.36,7640.0,61,420,0.125,0.002886
2026-09-01 14:42:11,SPX,7621.32,7689.36,7600.0,1055,1473,0.1372,0.002886
2026-09-01 14:42:11,SPX,7621.32,7689.36,7645.0,47,294,0.1237,0.002886
2026-09-01 14:42:11,SPX,7621.32,7689.36,7595.0,15,1158,0.1387,0.002886
2026-09-01 14:42:11,SPX,7621.32,7689.36,7650.0,105,888,0.1224,0.002886
2026-09-01 14:42:11,SPX,7621.32,7689.36,7590.0,25,355,0.1406,0.002886
2026-09-01 14:42:11,SPX,7621.32,7689.36,7655.0,99,238,0.1216,0.002886
2026-09-01 14:42:11,SPX,7621.32,7689.36,7585.0,21,360,0.1425,0.002886
2026-09-01 14:42:11,SPX,7621.32,7689.36,7660.0,100,405,0.1204,0.002886
2026-09-01 14:42:11,SPX,7621.32,7689.36,7580.0,12,660,0.1448,0.002886
2026-09-01 14:42:11,SPX,7621.32,7689.36,7665.0,94,696,0.119,0.002886
2026-09-01 14:42:11,SPX,7621.32,7689.36,7575.0,123,1228,0.1466,0.002886
2026-09-01 14:42:11,SPX,7621.32,7689.36,7670.0,487,529,0.1176,0.002886
2026-09-01 14:42:11,SPX,7621.32,7689.36,7570.0,14,422,0.1475,0.002886
2026-09-01 14:42:11,SPX,7621.32,7689.36,7675.0,460,846,0.1165,0.002886
2026-09-01 14:42:11,SPX,7621.32,7689.36,7565.0,12,274,0.1494,0.002886
2026-09-01 14:42:11,SPX,7621.32,7689.36,7680.0,661,346,0.1159,0.002886
2026-09-01 14:42:11,SPX,7621.32,7689.36,7560.0,8,1713,0.1513,0.002886
2026-09-01 14:42:11,SPX,7621.32,7689.36,7685.0,202,317,0.1157,0.002886
2026-09-01 14:42:11,SPX,7621.32,7689.36,7555.0,11,266,0.1539,0.002886
2026-09-01 14:42:11,SPX,7621.32,7689.36,7690.0,538,1149,0.1156,0.002886
2026-09-01 14:42:11,SPX,7621.32,7689.36,7550.0,69,4024,0.1551,0.002886
2026-09-01 14:42:11,SPX,7621.32,7689.36,7695.0,193,271,0.1156,0.002886
2026-09-01 14:42:11,SPX,7621.32,7689.36,7545.0,0,477,0.1555,0.002886
2026-09-01 14:42:11,SPX,7621.32,7689.36,7700.0,1651,1273,0.1155,0.002886
2026-09-01 14:42:11,SPX,7621.32,7689.36,7540.0,1,455,0.1579,0.002886
2026-09-01 14:42:11,SPX,7621.32,7689.36,7705.0,676,308,0.1153,0.002886
2026-09-01 14:42:11,SPX,7621.32,7689.36,7535.0,8,379,0.16,0.002886
2026-09-01 14:42:11,SPX,7621.32,7689.36,7710.0,895,399,0.1153,0.002886
2026-09-01 14:42:11,SPX,7621.32,7689.36,7530.0,12,502,0.1613,0.002886
2026-09-01 14:42:11,SPX,7621.32,7689.36,7715.0,1015,897,0.1154,0.002886
2026-09-01 14:42:11,SPX,7621.32,7689.36,7525.0,25,532,0.163,0.002886
2026-09-01 14:42:11,SPX,7621.32,7689.36,7720.0,629,267,0.116,0.002886
2026-09-01 14:42:11,SPX,7621.32,7689.36,7520.0,85,422,0.1656,0.002886
2026-09-01 14:42:11,SPX,7621.32,7689.36,7725.0,2103,941,0.1169,0.002886
2026-09-01 14:42:11,SPX,7621.32,7689.36,7515.0,980,383,0.1681,0.002886
2026-09-01 14:42:11,SPX,7621.32,7689.36,7730.0,607,176,0.1184,0.002886
2026-09-01 14:42:11,SPX,7621.32,7689.36,7510.0,7,368,0.1705,0.002886
2026-09-01 14:42:11,SPX,7621.32,7689.36,7735.0,422,114,0.1202,0.002886
2026-09-01 14:42:11,SPX,7621.32,7689.36,7505.0,5,267,0.172,0.002886
2026-09-01 14:42:11,SPX,7621.32,7689.36,7740.0,1132,205,0.1225,0.002886
2026-09-01 14:42:11,SPX,7621.32,7689.36,7500.0,405,1929,0.1733,0.002886
2026-09-01 14:42:11,SPX,7621.32,7689.36,7745.0,300,101,0.1251,0.002886
2026-09-01 14:42:11,SPX,7621.32,7689.36,7620.0,39,220,0.1365,0.005624
2026-09-01 14:42:11,SPX,7621.32,7689.36,7625.0,330,986,0.1353,0.005624
2026-09-01 14:42:11,SPX,7621.32,7689.36,7615.0,9,214,0.1376,0.005624
2026-09-01 14:42:11,SPX,7621.32,7689.36,7630.0,83,139,0.1343,0.005624
2026-09-01 14:42:11,SPX,7621.32,7689.36,7610.0,23,381,0.1389,0.005624
2026-09-01 14:42:11,SPX,7621.32,7689.36,7635.0,45,161,0.1331,0.005624
2026-09-01 14:42:11,SPX,7621.32,7689.36,7605.0,8,132,0.1404,0.005624
2026-09-01 14:42:11,SPX,7621.32,7689.36,7640.0,50,232,0.1318,0.005624
2026-09-01 14:42:11,SPX,7621.32,7689.36,7600.0,195,996,0.1416,0.005624
2026-09-01 14:42:11,SPX,7621.32,7689.36,7645.0,41,164,0.1304,0.005624
2026-09-01 14:42:11,SPX,7621.32,7689.36,7595.0,8,183,0.1434,0.005624
2026-09-01 14:42:11,SPX,7621.32,7689.36,7650.0,226,1011,0.129,0.005624
2026-09-01 14:42:11,SPX,7621.32,7689.36,7590.0,11,426,0.1446,0.005624
2026-09-01 14:42:11,SPX,7621.32,7689.36,7655.0,99,339,0.1276,0.005624
2026-09-01 14:42:11,SPX,7621.32,7689.36,7585.0,119,224,0.1457,0.005624
2026-09-01 14:42:11,SPX,7621.32,7689.36,7660.0,55,269,0.1264,0.005624
2026-09-01 14:42:11,SPX,7621.32,7689.36,7580.0,9,358,0.1471,0.005624
2026-09-01 14:42:11,SPX,7621.32,7689.36,7665.0,53,204,0.1253,0.005624
2026-09-01 14:42:11,SPX,7621.32,7689.36,7575.0,71,654,0.1486,0.005624
2026-09-01 14:42:11,SPX,7621.32,7689.36,7670.0,95,326,0.1244,0.005624
2026-09-01 14:42:11,SPX,7621.32,7689.36,7570.0,5,194,0.1501,0.005624
2026-09-01 14:42:11,SPX,7621.32,7689.36,7675.0,1116,798,0.1235,0.005624
2026-09-01 14:42:11,SPX,7621.32,7689.36,7565.0,22,327,0.1516,0.005624
2026-09-01 14:42:11,SPX,7621.32,7689.36,7680.0,597,261,0.1226,0.005624
2026-09-01 14:42:11,SPX,7621.32,7689.36,7560.0,11,644,0.1523,0.005624
2026-09-01 14:42:11,SPX,7621.32,7689.36,7685.0,111,500,0.1216,0.005624
2026-09-01 14:42:11,SPX,7621.32,7689.36,7555.0,14,448,0.1538,0.005624
2026-09-01 14:42:11,SPX,7621.32,7689.36,7690.0,350,453,0.1205,0.005624
2026-09-01 14:42:11,SPX,7621.32,7689.36,7550.0,51,3245,0.1557,0.005624
2026-09-01 14:42:11,SPX,7621.32,7689.36,7695.0,96,309,0.1194,0.005624
2026-09-01 14:42:11,SPX,7621.32,7689.36,7545.0,0,1298,0.1564,0.005624
2026-09-01 14:42:11,SPX,7621.32,7689.36,7700.0,846,579,0.1183,0.005624
2026-09-01 14:42:11,SPX,7621.32,7689.36,7540.0,9,446,0.1578,0.005624
2026-09-01 14:42:11,SPX,7621.32,7689.36,7705.0,109,120,0.1172,0.005624
2026-09-01 14:42:11,SPX,7621.32,7689.36,7535.0,0,232,0.1597,0.005624
2026-09-01 14:42:11,SPX,7621.32,7689.36,7710.0,404,374,0.1162,0.005624
2026-09-01 14:42:11,SPX,7621.32,7689.36,7530.0,1,260,0.1611,0.005624
2026-09-01 14:42:11,SPX,7621.32,7689.36,7715.0,512,170,0.1153,0.005624
2026-09-01 14:42:11,SPX,7621.32,7689.36,7525.0,40,1122,0.1622,0.005624
2026-09-01 14:42:11,SPX,7621.32,7689.36,7720.0,496,294,0.1145,0.005624
2026-09-01 14:42:11,SPX,7621.32,7689.36,7520.0,8,1209,0.1639,0.005624
2026-09-01 14:42:11,SPX,7621.32,7689.36,7725.0,457,255,0.1139,0.005624
2026-09-01 14:42:11,SPX,7621.32,7689.36,7515.0,2,230,0.1658,0.005624
2026-09-01 14:42:11,SPX,7621.32,7689.36,7730.0,240,252,0.1134,0.005624
2026-09-01 14:42:11,SPX,7621.32,7689.36,7510.0,13,371,0.1676,0.005624
2026-09-01 14:42:11,SPX,7621.32,7689.36,7735.0,396,159,0.1131,0.005624
2026-09-01 14:42:11,SPX,7621.32,7689.36,7505.0,1,350,0.1691,0.005624
2026-09-01 14:42:11,SPX,7621.32,7689.36,7740.0,516,271,0.113,0.005624
2026-09-01 14:42:11,SPX,7621.32,7689.36,7500.0,90,6643,0.1704,0.005624
2026-09-01 14:42:11,SPX,7621.32,7689.36,7745.0,288,146,0.1132,0.005624
2026-09-01 15:12:36,SPX,7630.29,7683.43,7630.0,806,1689,0.1635,9e-05
2026-09-01 15:12:36,SPX,7630.29,7683.43,7635.0,265,1252,0.1603,9e-05
2026-09-01 15:12:36,SPX,7630.29,7683.43,7625.0,806,2969,0.1673,9e-05
2026-09-01 15:12:36,SPX,7630.29,7683.43,7640.0,232,1892,0.1619,9e-05
2026-09-01 15:12:36,SPX,7630.29,7683.43,7620.0,269,1697,0.1715,9e-05
2026-09-01 15:12:36,SPX,7630.29,7683.43,7645.0,626,1187,0.1666,9e-05
2026-09-01 15:12:36,SPX,7630.29,7683.43,7615.0,102,1982,0.1779,9e-05
2026-09-01 15:12:36,SPX,7630.29,7683.43,7650.0,1128,2791,0.1766,9e-05
2026-09-01 15:12:36,SPX,7630.29,7683.43,7610.0,92,2277,0.1857,9e-05
2026-09-01 15:12:36,SPX,7630.29,7683.43,7655.0,182,1428,0.1917,9e-05
2026-09-01 15:12:36,SPX,7630.29,7683.43,7605.0,59,1984,0.1951,9e-05
2026-09-01 15:12:36,SPX,7630.29,7683.43,7660.0,228,1807,0.21,9e-05
2026-09-01 15:12:36,SPX,7630.29,7683.43,7600.0,841,3563,0.2084,9e-05
2026-09-01 15:12:36,SPX,7630.29,7683.43,7665.0,471,968,0.2295,9e-05
2026-09-01 15:12:36,SPX,7630.29,7683.43,7595.0,127,1733,0.2246,9e-05
2026-09-01 15:12:36,SPX,7630.29,7683.43,7670.0,673,1192,0.2496,9e-05
2026-09-01 15:12:36,SPX,7630.29,7683.43,7590.0,75,1491,0.2412,9e-05
2026-09-01 15:12:36,SPX,7630.29,7683.43,7675.0,2532,2480,0.2703,9e-05
2026-09-01 15:12:36,SPX,7630.29,7683.43,7585.0,16,1148,0.2587,9e-05
2026-09-01 15:12:36,SPX,7630.29,7683.43,7680.0,1004,1927,0.2909,9e-05
2026-09-01 15:12:36,SPX,7630.29,7683.43,7580.0,43,1957,0.278,9e-05
2026-09-01 15:12:36,SPX,7630.29,7683.43,7685.0,1004,1349,0.3116,9e-05
2026-09-01 15:12:36,SPX,7630.29,7683.43,7575.0,119,1121,0.2989,9e-05
2026-09-01 15:12:36,SPX,7630.29,7683.43,7690.0,1517,2264,0.3318,9e-05
2026-09-01 15:12:36,SPX,7630.29,7683.43,7570.0,94,1158,0.3203,9e-05
2026-09-01 15:12:36,SPX,7630.29,7683.43,7695.0,981,1009,0.3514,9e-05
2026-09-01 15:12:36,SPX,7630.29,7683.43,7565.0,26,2242,0.3411,9e-05
2026-09-01 15:12:36,SPX,7630.29,7683.43,7700.0,2403,1736,0.3703,9e-05
2026-09-01 15:12:36,SPX,7630.29,7683.43,7560.0,113,1209,0.3603,9e-05
2026-09-01 15:12:36,SPX,7630.29,7683.43,7705.0,2071,358,0.3881,9e-05
2026-09-01 15:12:36,SPX,7630.29,7683.43,7555.0,28,1048,0.3782,9e-05
2026-09-01 15:12:36,SPX,7630.29,7683.43,7710.0,1936,492,0.4047,9e-05
2026-09-01 15:12:36,SPX,7630.29,7683.43,7550.0,127,3787,0.3953,9e-05
2026-09-01 15:12:36,SPX,7630.29,7683.43,7715.0,1681,716,0.4201,9e-05
2026-09-01 15:12:36,SPX,7630.29,7683.43,7545.0,1,529,0.4119,9e-05
2026-09-01 15:12:36,SPX,7630.29,7683.43,7720.0,2395,981,0.4341,9e-05
2026-09-01 15:12:36,SPX,7630.29,7683.43,7540.0,3,1720,0.4278,9e-05
2026-09-01 15:12:36,SPX,7630.29,7683.43,7725.0,3022,1452,0.4466,9e-05
2026-09-01 15:12:36,SPX,7630.29,7683.43,7535.0,8,1279,0.4424,9e-05
2026-09-01 15:12:36,SPX,7630.29,7683.43,7730.0,2976,468,0.4573,9e-05
2026-09-01 15:12:36,SPX,7630.29,7683.43,7530.0,4,5977,0.4556,9e-05
2026-09-01 15:12:36,SPX,7630.29,7683.43,7735.0,1740,328,0.4662,9e-05
2026-09-01 15:12:36,SPX,7630.29,7683.43,7525.0,69,7234,0.4676,9e-05
2026-09-01 15:12:36,SPX,7630.29,7683.43,7740.0,3880,737,0.4732,9e-05
2026-09-01 15:12:36,SPX,7630.29,7683.43,7520.0,14,6233,0.4789,9e-05
2026-09-01 15:12:36,SPX,7630.29,7683.43,7745.0,1907,137,0.4785,9e-05
2026-09-01 15:12:36,SPX,7630.29,7683.43,7515.0,4,10661,0.4896,9e-05
2026-09-01 15:12:36,SPX,7630.29,7683.43,7750.0,4551,832,0.4822,9e-05
2026-09-01 15:12:36,SPX,7630.29,7683.43,7510.0,42,404,0.4998,9e-05
2026-09-01 15:12:36,SPX,7630.29,7683.43,7755.0,2697,101,0.4849,9e-05
2026-09-01 15:12:36,SPX,7630.29,7683.43,7630.0,56,0,0.1266,0.002828
2026-09-01 15:12:36,SPX,7630.29,7683.43,7635.0,39,327,0.125,0.002828
2026-09-01 15:12:36,SPX,7630.29,7683.43,7625.0,55,609,0.128,0.002828
2026-09-01 15:12:36,SPX,7630.29,7683.43,7640.0,61,420,0.1234,0.002828
2026-09-01 15:12:36,SPX,7630.29,7683.43,7620.0,39,672,0.13,0.002828
2026-09-01 15:12:36,SPX,7630.29,7683.43,7645.0,47,294,0.1213,0.002828
2026-09-01 15:12:36,SPX,7630.29,7683.43,7615.0,31,688,0.1321,0.002828
2026-09-01 15:12:36,SPX,7630.29,7683.43,7650.0,105,888,0.1196,0.002828
2026-09-01 15:12:36,SPX,7630.29,7683.43,7610.0,25,652,0.134,0.002828
2026-09-01 15:12:36,SPX,7630.29,7683.43,7655.0,99,238,0.1179,0.002828
2026-09-01 15:12:36,SPX,7630.29,7683.43,7605.0,13,338,0.1358,0.002828
2026-09-01 15:12:36,SPX,7630.29,7683.43,7660.0,100,405,0.1164,0.002828
2026-09-01 15:12:36,SPX,7630.29,7683.43,7600.0,1055,1473,0.1379,0.002828
2026-09-01 15:12:36,SPX,7630.29,7683.43,7665.0,94,696,0.115,0.002828
2026-09-01 15:12:36,SPX,7630.29,7683.43,7595.0,15,1158,0.1396,0.002828
2026-09-01 15:12:36,SPX,7630.29,7683.43,7670.0,487,529,0.1138,0.002828
2026-09-01 15:12:36,SPX,7630.29,7683.43,7590.0,25,355,0.1413,0.002828
2026-09-01 15:12:36,SPX,7630.29,7683.43,7675.0,460,846,0.1129,0.002828
2026-09-01 15:12:36,SPX,7630.29,7683.43,7585.0,21,360,0.1444,0.002828
2026-09-01 15:12:36,SPX,7630.29,7683.43,7680.0,661,346,0.1121,0.002828
2026-09-01 15:12:36,SPX,7630.29,7683.43,7580.0,12,660,0.1452,0.002828
2026-09-01 15:12:36,SPX,7630.29,7683.43,7685.0,202,317,0.1113,0.002828
2026-09-01 15:12:36,SPX,7630.29,7683.43,7575.0,123,1228,0.1466,0.002828
2026-09-01 15:12:36,SPX,7630.29,7683.43,7690.0,538,1149,0.1107,0.002828
2026-09-01 15:12:36,SPX,7630.29,7683.43,7570.0,14,422,0.1495,0.002828
2026-09-01 15:12:36,SPX,7630.29,7683.43,7695.0,193,271,0.1103,0.002828
2026-09-01 15:12:36,SPX,7630.29,7683.43,7565.0,12,274,0.1512,0.002828
2026-09-01 15:12:36,SPX,7630.29,7683.43,7700.0,1651,1273,0.11,0.002828
2026-09-01 15:12:36,SPX,7630.29,7683.43,7560.0,8,1713,0.1535,0.002828
2026-09-01 15:12:36,SPX,7630.29,7683.43,7705.0,676,308,0.1098,0.002828
2026-09-01 15:12:36,SPX,7630.29,7683.43,7555.0,11,266,0.154,0.002828
2026-09-01 15:12:36,SPX,7630.29,7683.43,7710.0,895,399,0.1099,0.002828
2026-09-01 15:12:36,SPX,7630.29,7683.43,7550.0,69,4024,0.1556,0.002828
2026-09-01 15:12:36,SPX,7630.29,7683.43,7715.0,1015,897,0.1102,0.002828
2026-09-01 15:12:36,SPX,7630.29,7683.43,7545.0,0,477,0.1585,0.002828
2026-09-01 15:12:36,SPX,7630.29,7683.43,7720.0,629,267,0.1108,0.002828
2026-09-01 15:12:36,SPX,7630.29,7683.43,7540.0,1,455,0.1592,0.002828
2026-09-01 15:12:36,SPX,7630.29,7683.43,7725.0,2103,941,0.1118,0.002828
2026-09-01 15:12:36,SPX,7630.29,7683.43,7535.0,8,379,0.1609,0.002828
2026-09-01 15:12:36,SPX,7630.29,7683.43,7730.0,607,176,0.1131,0.002828
2026-09-01 15:12:36,SPX,7630.29,7683.43,7530.0,12,502,0.1632,0.002828
2026-09-01 15:12:36,SPX,7630.29,7683.43,7735.0,422,114,0.1147,0.002828
2026-09-01 15:12:36,SPX,7630.29,7683.43,7525.0,25,532,0.1657,0.002828
2026-09-01 15:12:36,SPX,7630.29,7683.43,7740.0,1132,205,0.1167,0.002828
2026-09-01 15:12:36,SPX,7630.29,7683.43,7520.0,85,422,0.1685,0.002828
2026-09-01 15:12:36,SPX,7630.29,7683.43,7745.0,300,101,0.119,0.002828
2026-09-01 15:12:36,SPX,7630.29,7683.43,7515.0,980,383,0.1712,0.002828
2026-09-01 15:12:36,SPX,7630.29,7683.43,7750.0,2091,665,0.1214,0.002828
2026-09-01 15:12:36,SPX,7630.29,7683.43,7510.0,7,368,0.1737,0.002828
2026-09-01 15:12:36,SPX,7630.29,7683.43,7755.0,520,111,0.124,0.002828
2026-09-01 15:12:36,SPX,7630.29,7683.43,7630.0,83,139,0.1331,0.005566
2026-09-01 15:12:36,SPX,7630.29,7683.43,7635.0,45,161,0.1317,0.005566
2026-09-01 15:12:36,SPX,7630.29,7683.43,7625.0,330,986,0.1345,0.005566
2026-09-01 15:12:36,SPX,7630.29,7683.43,7640.0,50,232,0.1305,0.005566
2026-09-01 15:12:36,SPX,7630.29,7683.43,7620.0,39,220,0.1356,0.005566
2026-09-01 15:12:36,SPX,7630.29,7683.43,7645.0,41,164,0.1292,0.005566
2026-09-01 15:12:36,SPX,7630.29,7683.43,7615.0,9,214,0.1372,0.005566
2026-09-01 15:12:36,SPX,7630.29,7683.43,7650.0,226,1011,0.1277,0.005566
2026-09-01 15:12:36,SPX,7630.29,7683.43,7610.0,23,381,0.1394,0.005566
2026-09-01 15:12:36,SPX,7630.29,7683.43,7655.0,99,339,0.1261,0.005566
2026-09-01 15:12:36,SPX,7630.29,7683.43,7605.0,8,132,0.1406,0.005566
2026-09-01 15:12:36,SPX,7630.29,7683.43,7660.0,55,269,0.1246,0.005566
2026-09-01 15:12:36,SPX,7630.29,7683.43,7600.0,195,996,0.1414,0.005566
2026-09-01 15:12:36,SPX,7630.29,7683.43,7665.0,53,204,0.1232,0.005566
2026-09-01 15:12:36,SPX,7630.29,7683.43,7595.0,8,183,0.1431,0.005566
2026-09-01 15:12:36,SPX,7630.29,7683.43,7670.0,95,326,0.1219,0.005566
2026-09-01 15:12:36,SPX,7630.29,7683.43,7590.0,11,426,0.1448,0.005566
2026-09-01 15:12:36,SPX,7630.29,7683.43,7675.0,1116,798,0.1208,0.005566
2026-09-01 15:12:36,SPX,7630.29,7683.43,7585.0,119,224,0.1459,0.005566
2026-09-01 15:12:36,SPX,7630.29,7683.43,7680.0,597,261,0.1197,0.005566
2026-09-01 15:12:36,SPX,7630.29,7683.43,7580.0,9,358,0.1478,0.005566
2026-09-01 15:12:36,SPX,7630.29,7683.43,7685.0,111,500,0.1187,0.005566
2026-09-01 15:12:36,SPX,7630.29,7683.43,7575.0,71,654,0.1493,0.005566
2026-09-01 15:12:36,SPX,7630.29,7683.43,7690.0,350,453,0.1177,0.005566
2026-09-01 15:12:36,SPX,7630.29,7683.43,7570.0,5,194,0.1508,0.005566
2026-09-01 15:12:36,SPX,7630.29,7683.43,7695.0,96,309,0.1167,0.005566
2026-09-01 15:12:36,SPX,7630.29,7683.43,7565.0,22,327,0.1525,0.005566
2026-09-01 15:12:36,SPX,7630.29,7683.43,7700.0,846,579,0.1156,0.005566
2026-09-01 15:12:36,SPX,7630.29,7683.43,7560.0,11,644,0.1537,0.005566
2026-09-01 15:12:36,SPX,7630.29,7683.43,7705.0,109,120,0.1144,0.005566
2026-09-01 15:12:36,SPX,7630.29,7683.43,7555.0,14,448,0.1556,0.005566
2026-09-01 15:12:36,SPX,7630.29,7683.43,7710.0,404,374,0.1132,0.005566
2026-09-01 15:12:36,SPX,7630.29,7683.43,7550.0,51,3245,0.1569,0.005566
2026-09-01 15:12:36,SPX,7630.29,7683.43,7715.0,512,170,0.1121,0.005566
2026-09-01 15:12:36,SPX,7630.29,7683.43,7545.0,0,1298,0.1584,0.005566
2026-09-01 15:12:36,SPX,7630.29,7683.43,7720.0,496,294,0.1111,0.005566
2026-09-01 15:12:36,SPX,7630.29,7683.43,7540.0,9,446,0.16,0.005566
2026-09-01 15:12:36,SPX,7630.29,7683.43,7725.0,457,255,0.1102,0.005566
2026-09-01 15:12:36,SPX,7630.29,7683.43,7535.0,0,232,0.1614,0.005566
2026-09-01 15:12:36,SPX,7630.29,7683.43,7730.0,240,252,0.1094,0.005566
2026-09-01 15:12:36,SPX,7630.29,7683.43,7530.0,1,260,0.1633,0.005566
2026-09-01 15:12:36,SPX,7630.29,7683.43,7735.0,396,159,0.1088,0.005566
2026-09-01 15:12:36,SPX,7630.29,7683.43,7525.0,40,1122,0.1652,0.005566
2026-09-01 15:12:36,SPX,7630.29,7683.43,7740.0,516,271,0.1084,0.005566
2026-09-01 15:12:36,SPX,7630.29,7683.43,7520.0,8,1209,0.1669,0.005566
2026-09-01 15:12:36,SPX,7630.29,7683.43,7745.0,288,146,0.1082,0.005566
2026-09-01 15:12:36,SPX,7630.29,7683.43,7515.0,2,230,0.1685,0.005566
2026-09-01 15:12:36,SPX,7630.29,7683.43,7750.0,1667,981,0.1082,0.005566
2026-09-01 15:12:36,SPX,7630.29,7683.43,7510.0,13,371,0.1699,0.005566
2026-09-01 15:12:36,SPX,7630.29,7683.43,7755.0,237,59,0.1084,0.005566
2026-09-01 15:43:02,SPX,7627.43,7689.03,7625.0,806,2969,0.2083,3.2e-05
2026-09-01 15:43:02,SPX,7627.43,7689.03,7630.0,806,1689,0.2035,3.2e-05
2026-09-01 15:43:02,SPX,7627.43,7689.03,7620.0,269,1697,0.221,3.2e-05
2026-09-01 15:43:02,SPX,7627.43,7689.03,7635.0,265,1252,0.2034,3.2e-05
2026-09-01 15:43:02,SPX,7627.43,7689.03,7615.0,102,1982,0.2371,3.2e-05
2026-09-01 15:43:02,SPX,7627.43,7689.03,7640.0,232,1892,0.2131,3.2e-05
2026-09-01 15:43:02,SPX,7627.43,7689.03,7610.0,92,2277,0.2547,3.2e-05
2026-09-01 15:43:02,SPX,7627.43,7689.03,7645.0,626,1187,0.2297,3.2e-05
2026-09-01 15:43:02,SPX,7627.43,7689.03,7605.0,59,1984,0.2747,3.2e-05
2026-09-01 15:43:02,SPX,7627.43,7689.03,7650.0,1128,2791,0.2519,3.2e-05
2026-09-01 15:43:02,SPX,7627.43,7689.03,7600.0,841,3563,0.3007,3.2e-05
2026-09-01 15:43:02,SPX,7627.43,7689.03,7655.0,182,1428,0.2745,3.2e-05
2026-09-01 15:43:02,SPX,7627.43,7689.03,7595.0,127,1733,0.3332,3.2e-05
2026-09-01 15:43:02,SPX,7627.43,7689.03,7660.0,228,1807,0.2958,3.2e-05
2026-09-01 15:43:02,SPX,7627.43,7689.03,7590.0,75,1491,0.368,3.2e-05
2026-09-01 15:43:02,SPX,7627.43,7689.03,7665.0,471,968,0.3137,3.2e-05
2026-09-01 15:43:02,SPX,7627.43,7689.03,7585.0,16,1148,0.4027,3.2e-05
2026-09-01 15:43:02,SPX,7627.43,7689.03,7670.0,673,1192,0.3286,3.2e-05
2026-09-01 15:43:02,SPX,7627.43,7689.03,7580.0,43,1957,0.4318,3.2e-05
2026-09-01 15:43:02,SPX,7627.43,7689.03,7675.0,2532,2480,0.3419,3.2e-05
2026-09-01 15:43:02,SPX,7627.43,7689.03,7575.0,119,1121,0.4499,3.2e-05
2026-09-01 15:43:02,SPX,7627.43,7689.03,7680.0,1004,1927,0.3546,3.2e-05
2026-09-01 15:43:02,SPX,7627.43,7689.03,7570.0,94,1158,0.4565,3.2e-05
2026-09-01 15:43:02,SPX,7627.43,7689.03,7685.0,1004,1349,0.3669,3.2e-05
2026-09-01 15:43:02,SPX,7627.43,7689.03,7565.0,26,2242,0.4567,3.2e-05
2026-09-01 15:43:02,SPX,7627.43,7689.03,7690.0,1517,2264,0.3791,3.2e-05
2026-09-01 15:43:02,SPX,7627.43,7689.03,7560.0,113,1209,0.4539,3.2e-05
2026-09-01 15:43:02,SPX,7627.43,7689.03,7695.0,981,1009,0.3911,3.2e-05
2026-09-01 15:43:02,SPX,7627.43,7689.03,7555.0,28,1048,0.4508,3.2e-05
2026-09-01 15:43:02,SPX,7627.43,7689.03,7700.0,2403,1736,0.4027,3.2e-05
2026-09-01 15:43:02,SPX,7627.43,7689.03,7550.0,127,3787,0.4497,3.2e-05
2026-09-01 15:43:02,SPX,7627.43,7689.03,7705.0,2071,358,0.4137,3.2e-05
2026-09-01 15:43:02,SPX,7627.43,7689.03,7545.0,1,529,0.4513,3.2e-05
2026-09-01 15:43:02,SPX,7627.43,7689.03,7710.0,1936,492,0.4239,3.2e-05
2026-09-01 15:43:02,SPX,7627.43,7689.03,7540.0,3,1720,0.4553,3.2e-05
2026-09-01 15:43:02,SPX,7627.43,7689.03,7715.0,1681,716,0.4331,3.2e-05
2026-09-01 15:43:02,SPX,7627.43,7689.03,7535.0,8,1279,0.4607,3.2e-05
2026-09-01 15:43:02,SPX,7627.43,7689.03,7720.0,2395,981,0.4412,3.2e-05
2026-09-01 15:43:02,SPX,7627.43,7689.03,7530.0,4,5977,0.4669,3.2e-05
2026-09-01 15:43:02,SPX,7627.43,7689.03,7725.0,3022,1452,0.4482,3.2e-05
2026-09-01 15:43:02,SPX,7627.43,7689.03,7525.0,69,7234,0.4734,3.2e-05
2026-09-01 15:43:02,SPX,7627.43,7689.03,7730.0,2976,468,0.454,3.2e-05
2026-09-01 15:43:02,SPX,7627.43,7689.03,7520.0,14,6233,0.4799,3.2e-05
2026-09-01 15:43:02,SPX,7627.43,7689.03,7735.0,1740,328,0.4585,3.2e-05
2026-09-01 15:43:02,SPX,7627.43,7689.03,7515.0,4,10661,0.4862,3.2e-05
2026-09-01 15:43:02,SPX,7627.43,7689.03,7740.0,3880,737,0.4617,3.2e-05
2026-09-01 15:43:02,SPX,7627.43,7689.03,7510.0,42,404,0.4919,3.2e-05
2026-09-01 15:43:02,SPX,7627.43,7689.03,7745.0,1907,137,0.4638,3.2e-05
2026-09-01 15:43:02,SPX,7627.43,7689.03,7505.0,6,467,0.4971,3.2e-05
2026-09-01 15:43:02,SPX,7627.43,7689.03,7750.0,4551,832,0.4651,3.2e-05
2026-09-01 15:43:02,SPX,7627.43,7689.03,7625.0,55,609,0.1239,0.00277
2026-09-01 15:43:02,SPX,7627.43,7689.03,7630.0,56,634,0.1224,0.00277
2026-09-01 15:43:02,SPX,7627.43,7689.03,7620.0,39,672,0.1256,0.00277
2026-09-01 15:43:02,SPX,7627.43,7689.03,7635.0,39,327,0.1207,0.00277
2026-09-01 15:43:02,SPX,7627.43,7689.03,7615.0,31,688,0.1273,0.00277
2026-09-01 15:43:02,SPX,7627.43,7689.03,7640.0,61,420,0.1183,0.00277
2026-09-01 15:43:02,SPX,7627.43,7689.03,7610.0,25,652,0.1291,0.00277
2026-09-01 15:43:02,SPX,7627.43,7689.03,7645.0,47,294,0.1166,0.00277
2026-09-01 15:43:02,SPX,7627.43,7689.03,7605.0,13,338,0.1307,0.00277
2026-09-01 15:43:02,SPX,7627.43,7689.03,7650.0,105,888,0.1145,0.00277
2026-09-01 15:43:02,SPX,7627.43,7689.03,7600.0,1055,1473,0.1326,0.00277
2026-09-01 15:43:02,SPX,7627.43,7689.03,7655.0,99,238,0.1126,0.00277
2026-09-01 15:43:02,SPX,7627.43,7689.03,7595.0,15,1158,0.1357,0.00277
2026-09-01 15:43:02,SPX,7627.43,7689.03,7660.0,100,405,0.1111,0.00277
2026-09-01 15:43:02,SPX,7627.43,7689.03,7590.0,25,355,0.1366,0.00277
2026-09-01 15:43:02,SPX,7627.43,7689.03,7665.0,94,696,0.1099,0.00277
2026-09-01 15:43:02,SPX,7627.43,7689.03,7585.0,21,360,0.1377,0.00277
2026-09-01 15:43:02,SPX,7627.43,7689.03,7670.0,487,529,0.1089,0.00277
2026-09-01 15:43:02,SPX,7627.43,7689.03,7580.0,12,660,0.1405,0.00277
2026-09-01 15:43:02,SPX,7627.43,7689.03,7675.0,460,846,0.1081,0.00277
2026-09-01 15:43:02,SPX,7627.43,7689.03,7575.0,123,1228,0.1413,0.00277
2026-09-01 15:43:02,SPX,7627.43,7689.03,7680.0,661,346,0.1073,0.00277
2026-09-01 15:43:02,SPX,7627.43,7689.03,7570.0,14,422,0.1431,0.00277
2026-09-01 15:43:02,SPX,7627.43,7689.03,7685.0,202,317,0.1066,0.00277
2026-09-01 15:43:02,SPX,7627.43,7689.03,7565.0,12,274,0.1456,0.00277
2026-09-01 15:43:02,SPX,7627.43,7689.03,7690.0,538,1149,0.106,0.00277
2026-09-01 15:43:02,SPX,7627.43,7689.03,7560.0,8,1713,0.1473,0.00277
2026-09-01 15:43:02,SPX,7627.43,7689.03,7695.0,193,271,0.1055,0.00277
2026-09-01 15:43:02,SPX,7627.43,7689.03,7555.0,11,266,0.1493,0.00277
2026-09-01 15:43:02,SPX,7627.43,7689.03,7700.0,1651,1273,0.1053,0.00277
2026-09-01 15:43:02,SPX,7627.43,7689.03,7550.0,69,4024,0.1503,0.00277
2026-09-01 15:43:02,SPX,7627.43,7689.03,7705.0,676,308,0.1055,0.00277
2026-09-01 15:43:02,SPX,7627.43,7689.03,7545.0,0,477,0.1522,0.00277
2026-09-01 15:43:02,SPX,7627.43,7689.03,7710.0,895,399,0.1059,0.00277
2026-09-01 15:43:02,SPX,7627.43,7689.03,7540.0,1,455,0.1548,0.00277
2026-09-01 15:43:02,SPX,7627.43,7689.03,7715.0,1015,897,0.1068,0.00277
2026-09-01 15:43:02,SPX,7627.43,7689.03,7535.0,8,379,0.1554,0.00277
2026-09-01 15:43:02,SPX,7627.43,7689.03,7720.0,629,267,0.1082,0.00277
2026-09-01 15:43:02,SPX,7627.43,7689.03,7530.0,12,502,0.1577,0.00277
2026-09-01 15:43:02,SPX,7627.43,7689.03,7725.0,2103,941,0.1099,0.00277
2026-09-01 15:43:02,SPX,7627.43,7689.03,7525.0,25,532,0.1605,0.00277
2026-09-01 15:43:02,SPX,7627.43,7689.03,7730.0,607,176,0.1119,0.00277
2026-09-01 15:43:02,SPX,7627.43,7689.03,7520.0,85,422,0.163,0.00277
2026-09-01 15:43:02,SPX,7627.43,7689.03,7735.0,422,114,0.1141,0.00277
2026-09-01 15:43:02,SPX,7627.43,7689.03,7515.0,980,383,0.1662,0.00277
2026-09-01 15:43:02,SPX,7627.43,7689.03,7740.0,1132,205,0.1165,0.00277
2026-09-01 15:43:02,SPX,7627.43,7689.03,7510.0,7,368,0.1683,0.00277
2026-09-01 15:43:02,SPX,7627.43,7689.03,7745.0,300,101,0.1191,0.00277
2026-09-01 15:43:02,SPX,7627.43,7689.03,7505.0,5,267,0.1701,0.00277
2026-09-01 15:43:02,SPX,7627.43,7689.03,7750.0,2091,665,0.1218,0.00277
2026-09-01 15:43:02,SPX,7627.43,7689.03,7625.0,330,986,0.1338,0.005508
2026-09-01 15:43:02,SPX,7627.43,7689.03,7630.0,83,139,0.1322,0.005508
2026-09-01 15:43:02,SPX,7627.43,7689.03,7620.0,39,220,0.1345,0.005508
2026-09-01 15:43:02,SPX,7627.43,7689.03,7635.0,45,161,0.1302,0.005508
2026-09-01 15:43:02,SPX,7627.43,7689.03,7615.0,9,214,0.1358,0.005508
2026-09-01 15:43:02,SPX,7627.43,7689.03,7640.0,50,232,0.1291,0.005508
2026-09-01 15:43:02,SPX,7627.43,7689.03,7610.0,23,381,0.1376,0.005508
2026-09-01 15:43:02,SPX,7627.43,7689.03,7645.0,41,164,0.128,0.005508
2026-09-01 15:43:02,SPX,7627.43,7689.03,7605.0,8,132,0.1395,0.005508
2026-09-01 15:43:02,SPX,7627.43,7689.03,7650.0,226,1011,0.1267,0.005508
2026-09-01 15:43:02,SPX,7627.43,7689.03,7600.0,195,996,0.1409,0.005508
2026-09-01 15:43:02,SPX,7627.43,7689.03,7655.0,99,339,0.1255,0.005508
2026-09-01 15:43:02,SPX,7627.43,7689.03,7595.0,8,183,0.142,0.005508
2026-09-01 15:43:02,SPX,7627.43,7689.03,7660.0,55,269,0.1241,0.005508
2026-09-01 15:43:02,SPX,7627.43,7689.03,7590.0,11,426,0.1433,0.005508
2026-09-01 15:43:02,SPX,7627.43,7689.03,7665.0,53,204,0.1226,0.005508
2026-09-01 15:43:02,SPX,7627.43,7689.03,7585.0,119,224,0.1445,0.005508
2026-09-01 15:43:02,SPX,7627.43,7689.03,7670.0,95,326,0.121,0.005508
2026-09-01 15:43:02,SPX,7627.43,7689.03,7580.0,9,358,0.1464,0.005508
2026-09-01 15:43:02,SPX,7627.43,7689.03,7675.0,1116,798,0.1196,0.005508
2026-09-01 15:43:02,SPX,7627.43,7689.03,7575.0,71,654,0.1476,0.005508
2026-09-01 15:43:02,SPX,7627.43,7689.03,7680.0,597,261,0.1183,0.005508
2026-09-01 15:43:02,SPX,7627.43,7689.03,7570.0,5,194,0.1492,0.005508
2026-09-01 15:43:02,SPX,7627.43,7689.03,7685.0,111,500,0.1172,0.005508
2026-09-01 15:43:02,SPX,7627.43,7689.03,7565.0,22,327,0.1508,0.005508
2026-09-01 15:43:02,SPX,7627.43,7689.03,7690.0,350,453,0.1161,0.005508
2026-09-01 15:43:02,SPX,7627.43,7689.03,7560.0,11,644,0.1528,0.005508
2026-09-01 15:43:02,SPX,7627.43,7689.03,7695.0,96,309,0.1151,0.005508
2026-09-01 15:43:02,SPX,7627.43,7689.03,7555.0,14,448,0.1538,0.005508
2026-09-01 15:43:02,SPX,7627.43,7689.03,7700.0,846,579,0.114,0.005508
2026-09-01 15:43:02,SPX,7627.43,7689.03,7550.0,51,3245,0.1554,0.005508
2026-09-01 15:43:02,SPX,7627.43,7689.03,7705.0,109,120,0.113,0.005508
2026-09-01 15:43:02,SPX,7627.43,7689.03,7545.0,0,1298,0.1567,0.005508
2026-09-01 15:43:02,SPX,7627.43,7689.03,7710.0,404,374,0.112,0.005508
2026-09-01 15:43:02,SPX,7627.43,7689.03,7540.0,9,446,0.1575,0.005508
2026-09-01 15:43:02,SPX,7627.43,7689.03,7715.0,512,170,0.111,0.005508
2026-09-01 15:43:02,SPX,7627.43,7689.03,7535.0,0,232,0.1597,0.005508
2026-09-01 15:43:02,SPX,7627.43,7689.03,7720.0,496,294,0.11,0.005508
2026-09-01 15:43:02,SPX,7627.43,7689.03,7530.0,1,260,0.1605,0.005508
2026-09-01 15:43:02,SPX,7627.43,7689.03,7725.0,457,255,0.1092,0.005508
2026-09-01 15:43:02,SPX,7627.43,7689.03,7525.0,40,1122,0.162,0.005508
2026-09-01 15:43:02,SPX,7627.43,7689.03,7730.0,240,252,0.1086,0.005508
2026-09-01 15:43:02,SPX,7627.43,7689.03,7520.0,8,1209,0.1638,0.005508
2026-09-01 15:43:02,SPX,7627.43,7689.03,7735.0,396,159,0.1081,0.005508
2026-09-01 15:43:02,SPX,7627.43,7689.03,7515.0,2,230,0.1656,0.005508
2026-09-01 15:43:02,SPX,7627.43,7689.03,7740.0,516,271,0.1078,0.005508
2026-09-01 15:43:02,SPX,7627.43,7689.03,7510.0,13,371,0.1675,0.005508
2026-09-01 15:43:02,SPX,7627.43,7689.03,7745.0,288,146,0.1076,0.005508
2026-09-01 15:43:02,SPX,7627.43,7689.03,7505.0,1,350,0.1693,0.005508
2026-09-01 15:43:02,SPX,7627.43,7689.03,7750.0,1667,981,0.1078,0.005508
