timestamp,symbol,spot,gflip,strike,oi_call,oi_put,iv,T
2026-08-19 09:32:02,SPX,7723.41,7732.8,7725.0,5879,4271,0.1556,0.000738
2026-08-19 09:32:02,SPX,7723.41,7732.8,7720.0,951,5428,0.1578,0.000738
2026-08-19 09:32:02,SPX,7723.41,7732.8,7730.0,2237,816,0.1555,0.000738
2026-08-19 09:32:02,SPX,7723.41,7732.8,7715.0,1618,537,0.1601,0.000738
2026-08-19 09:32:02,SPX,7723.41,7732.8,7735.0,1976,3316,0.1542,0.000738
2026-08-19 09:32:02,SPX,7723.41,7732.8,7710.0,1748,646,0.1618,0.000738
2026-08-19 09:32:02,SPX,7723.41,7732.8,7740.0,1717,604,0.1542,0.000738
2026-08-19 09:32:02,SPX,7723.41,7732.8,7705.0,1039,1097,0.1626,0.000738
2026-08-19 09:32:02,SPX,7723.41,7732.8,7745.0,1561,1535,0.1545,0.000738
2026-08-19 09:32:02,SPX,7723.41,7732.8,7700.0,2637,4400,0.1673,0.000738
2026-08-19 09:32:02,SPX,7723.41,7732.8,7750.0,4447,3907,0.1544,0.000738
2026-08-19 09:32:02,SPX,7723.41,7732.8,7695.0,741,2397,0.1708,0.000738
2026-08-19 09:32:02,SPX,7723.41,7732.8,7755.0,1318,857,0.1551,0.000738
2026-08-19 09:32:02,SPX,7723.41,7732.8,7690.0,314,1819,0.1727,0.000738
2026-08-19 09:32:02,SPX,7723.41,7732.8,7760.0,2144,487,0.156,0.000738
2026-08-19 09:32:02,SPX,7723.41,7732.8,7685.0,273,1495,0.1759,0.000738
2026-08-19 09:32:02,SPX,7723.41,7732.8,7765.0,1529,486,0.1574,0.000738
2026-08-19 09:32:02,SPX,7723.41,7732.8,7680.0,221,1827,0.1789,0.000738
2026-08-19 09:32:02,SPX,7723.41,7732.8,7770.0,2699,335,0.1599,0.000738
2026-08-19 09:32:02,SPX,7723.41,7732.8,7675.0,332,2041,0.1829,0.000738
2026-08-19 09:32:02,SPX,7723.41,7732.8,7775.0,4151,408,0.1634,0.000738
2026-08-19 09:32:02,SPX,7723.41,7732.8,7670.0,190,1512,0.1843,0.000738
2026-08-19 09:32:02,SPX,7723.41,7732.8,7780.0,1895,436,0.1674,0.000738
2026-08-19 09:32:02,SPX,7723.41,7732.8,7665.0,53,1546,0.1885,0.000738
2026-08-19 09:32:02,SPX,7723.41,7732.8,7785.0,1053,293,0.1714,0.000738
2026-08-19 09:32:02,SPX,7723.41,7732.8,7660.0,117,1880,0.1929,0.000738
2026-08-19 09:32:02,SPX,7723.41,7732.8,7790.0,1461,216,0.1752,0.000738
2026-08-19 09:32:02,SPX,7723.41,7732.8,7655.0,113,1219,0.1957,0.000738
2026-08-19 09:32:02,SPX,7723.41,7732.8,7795.0,1420,128,0.1793,0.000738
2026-08-19 09:32:02,SPX,7723.41,7732.8,7650.0,450,2867,0.2011,0.000738
2026-08-19 09:32:02,SPX,7723.41,7732.8,7800.0,3548,529,0.1834,0.000738
2026-08-19 09:32:02,SPX,7723.41,7732.8,7645.0,30,2071,0.2079,0.000738
2026-08-19 09:32:02,SPX,7723.41,7732.8,7805.0,3066,117,0.1873,0.000738
2026-08-19 09:32:02,SPX,7723.41,7732.8,7640.0,182,1353,0.2114,0.000738
2026-08-19 09:32:02,SPX,7723.41,7732.8,7810.0,632,124,0.1915,0.000738
2026-08-19 09:32:02,SPX,7723.41,7732.8,7635.0,105,889,0.2153,0.000738
2026-08-19 09:32:02,SPX,7723.41,7732.8,7815.0,767,95,0.1963,0.000738
2026-08-19 09:32:02,SPX,7723.41,7732.8,7630.0,164,4738,0.2215,0.000738
2026-08-19 09:32:02,SPX,7723.41,7732.8,7820.0,746,65,0.2017,0.000738
2026-08-19 09:32:02,SPX,7723.41,7732.8,7625.0,162,2790,0.2285,0.000738
2026-08-19 09:32:02,SPX,7723.41,7732.8,7825.0,1104,40,0.2074,0.000738
2026-08-19 09:32:02,SPX,7723.41,7732.8,7620.0,69,4541,0.2353,0.000738
2026-08-19 09:32:02,SPX,7723.41,7732.8,7830.0,1446,23,0.2132,0.000738
2026-08-19 09:32:02,SPX,7723.41,7732.8,7615.0,29,1484,0.2416,0.000738
2026-08-19 09:32:02,SPX,7723.41,7732.8,7835.0,2383,32,0.2191,0.000738
2026-08-19 09:32:02,SPX,7723.41,7732.8,7610.0,110,1216,0.2473,0.000738
2026-08-19 09:32:02,SPX,7723.41,7732.8,7840.0,671,26,0.2249,0.000738
2026-08-19 09:32:02,SPX,7723.41,7732.8,7605.0,49,1392,0.2526,0.000738
2026-08-19 09:32:02,SPX,7723.41,7732.8,7845.0,544,20,0.2308,0.000738
2026-08-19 09:32:02,SPX,7723.41,7732.8,7600.0,1049,7587,0.2577,0.000738
2026-08-19 09:32:02,SPX,7723.41,7732.8,7725.0,390,431,0.1175,0.003475
2026-08-19 09:32:02,SPX,7723.41,7732.8,7720.0,128,324,0.1178,0.003475
2026-08-19 09:32:02,SPX,7723.41,7732.8,7730.0,361,373,0.1146,0.003475
2026-08-19 09:32:02,SPX,7723.41,7732.8,7715.0,142,203,0.1178,0.003475
2026-08-19 09:32:02,SPX,7723.41,7732.8,7735.0,143,411,0.1143,0.003475
2026-08-19 09:32:02,SPX,7723.41,7732.8,7710.0,365,365,0.1208,0.003475
2026-08-19 09:32:02,SPX,7723.41,7732.8,7740.0,1307,584,0.1144,0.003475
2026-08-19 09:32:02,SPX,7723.41,7732.8,7705.0,348,251,0.1214,0.003475
2026-08-19 09:32:02,SPX,7723.41,7732.8,7745.0,206,268,0.113,0.003475
2026-08-19 09:32:02,SPX,7723.41,7732.8,7700.0,686,1609,0.122,0.003475
2026-08-19 09:32:02,SPX,7723.41,7732.8,7750.0,1148,1313,0.1119,0.003475
2026-08-19 09:32:02,SPX,7723.41,7732.8,7695.0,279,921,0.1254,0.003475
2026-08-19 09:32:02,SPX,7723.41,7732.8,7755.0,2288,288,0.112,0.003475
2026-08-19 09:32:02,SPX,7723.41,7732.8,7690.0,142,484,0.1262,0.003475
2026-08-19 09:32:02,SPX,7723.41,7732.8,7760.0,2276,177,0.1113,0.003475
2026-08-19 09:32:02,SPX,7723.41,7732.8,7685.0,137,789,0.1274,0.003475
2026-08-19 09:32:02,SPX,7723.41,7732.8,7765.0,271,226,0.1103,0.003475
2026-08-19 09:32:02,SPX,7723.41,7732.8,7680.0,85,577,0.129,0.003475
2026-08-19 09:32:02,SPX,7723.41,7732.8,7770.0,1611,221,0.1094,0.003475
2026-08-19 09:32:02,SPX,7723.41,7732.8,7675.0,242,308,0.1308,0.003475
2026-08-19 09:32:02,SPX,7723.41,7732.8,7775.0,799,278,0.1087,0.003475
2026-08-19 09:32:02,SPX,7723.41,7732.8,7670.0,106,335,0.1326,0.003475
2026-08-19 09:32:02,SPX,7723.41,7732.8,7780.0,433,419,0.1084,0.003475
2026-08-19 09:32:02,SPX,7723.41,7732.8,7665.0,90,239,0.135,0.003475
2026-08-19 09:32:02,SPX,7723.41,7732.8,7785.0,447,175,0.1083,0.003475
2026-08-19 09:32:02,SPX,7723.41,7732.8,7660.0,242,388,0.1373,0.003475
2026-08-19 09:32:02,SPX,7723.41,7732.8,7790.0,417,177,0.1085,0.003475
2026-08-19 09:32:02,SPX,7723.41,7732.8,7655.0,32,266,0.1393,0.003475
2026-08-19 09:32:02,SPX,7723.41,7732.8,7795.0,320,202,0.1087,0.003475
2026-08-19 09:32:02,SPX,7723.41,7732.8,7650.0,474,2902,0.1403,0.003475
2026-08-19 09:32:02,SPX,7723.41,7732.8,7800.0,1621,272,0.109,0.003475
2026-08-19 09:32:02,SPX,7723.41,7732.8,7645.0,29,2319,0.1414,0.003475
2026-08-19 09:32:02,SPX,7723.41,7732.8,7805.0,673,241,0.1091,0.003475
2026-08-19 09:32:02,SPX,7723.41,7732.8,7640.0,62,656,0.1426,0.003475
2026-08-19 09:32:02,SPX,7723.41,7732.8,7810.0,465,79,0.109,0.003475
2026-08-19 09:32:02,SPX,7723.41,7732.8,7635.0,71,1080,0.1438,0.003475
2026-08-19 09:32:02,SPX,7723.41,7732.8,7815.0,349,35,0.1089,0.003475
2026-08-19 09:32:02,SPX,7723.41,7732.8,7630.0,62,560,0.1454,0.003475
2026-08-19 09:32:02,SPX,7723.41,7732.8,7820.0,476,37,0.1089,0.003475
2026-08-19 09:32:02,SPX,7723.41,7732.8,7625.0,180,1940,0.1475,0.003475
2026-08-19 09:32:02,SPX,7723.41,7732.8,7825.0,295,44,0.109,0.003475
2026-08-19 09:32:02,SPX,7723.41,7732.8,7620.0,54,1427,0.1499,0.003475
2026-08-19 09:32:02,SPX,7723.41,7732.8,7830.0,482,10,0.1093,0.003475
2026-08-19 09:32:02,SPX,7723.41,7732.8,7615.0,82,431,0.1524,0.003475
2026-08-19 09:32:02,SPX,7723.41,7732.8,7835.0,241,8,0.1101,0.003475
2026-08-19 09:32:02,SPX,7723.41,7732.8,7610.0,42,616,0.1543,0.003475
2026-08-19 09:32:02,SPX,7723.41,7732.8,7840.0,763,6,0.1112,0.003475
2026-08-19 09:32:02,SPX,7723.41,7732.8,7605.0,157,1092,0.1554,0.003475
2026-08-19 09:32:02,SPX,7723.41,7732.8,7845.0,417,7,0.1128,0.003475
2026-08-19 09:32:02,SPX,7723.41,7732.8,7600.0,337,1794,0.1565,0.003475
2026-08-19 09:32:02,SPX,7723.41,7732.8,7725.0,947,1392,0.1142,0.006213
2026-08-19 09:32:02,SPX,7723.41,7732.8,7720.0,1363,875,0.1153,0.006213
2026-08-19 09:32:02,SPX,7723.41,7732.8,7730.0,808,740,0.1124,0.006213
2026-08-19 09:32:02,SPX,7723.41,7732.8,7715.0,976,1163,0.1158,0.006213
2026-08-19 09:32:02,SPX,7723.41,7732.8,7735.0,392,464,0.1121,0.006213
2026-08-19 09:32:02,SPX,7723.41,7732.8,7710.0,550,1191,0.1166,0.006213
2026-08-19 09:32:02,SPX,7723.41,7732.8,7740.0,514,546,0.1121,0.006213
2026-08-19 09:32:02,SPX,7723.41,7732.8,7705.0,684,1127,0.1189,0.006213
2026-08-19 09:32:02,SPX,7723.41,7732.8,7745.0,807,1363,0.1112,0.006213
2026-08-19 09:32:02,SPX,7723.41,7732.8,7700.0,2557,3015,0.12,0.006213
2026-08-19 09:32:02,SPX,7723.41,7732.8,7750.0,3988,2300,0.1097,0.006213
2026-08-19 09:32:02,SPX,7723.41,7732.8,7695.0,473,1970,0.1202,0.006213
2026-08-19 09:32:02,SPX,7723.41,7732.8,7755.0,898,734,0.1089,0.006213
2026-08-19 09:32:02,SPX,7723.41,7732.8,7690.0,478,1184,0.1211,0.006213
2026-08-19 09:32:02,SPX,7723.41,7732.8,7760.0,1074,815,0.1084,0.006213
2026-08-19 09:32:02,SPX,7723.41,7732.8,7685.0,467,3480,0.123,0.006213
2026-08-19 09:32:02,SPX,7723.41,7732.8,7765.0,935,461,0.108,0.006213
2026-08-19 09:32:02,SPX,7723.41,7732.8,7680.0,474,937,0.124,0.006213
2026-08-19 09:32:02,SPX,7723.41,7732.8,7770.0,1554,597,0.1076,0.006213
2026-08-19 09:32:02,SPX,7723.41,7732.8,7675.0,485,895,0.1256,0.006213
2026-08-19 09:32:02,SPX,7723.41,7732.8,7775.0,2285,836,0.1068,0.006213
2026-08-19 09:32:02,SPX,7723.41,7732.8,7670.0,308,1543,0.1271,0.006213
2026-08-19 09:32:02,SPX,7723.41,7732.8,7780.0,1339,1096,0.1064,0.006213
2026-08-19 09:32:02,SPX,7723.41,7732.8,7665.0,120,2455,0.1283,0.006213
2026-08-19 09:32:02,SPX,7723.41,7732.8,7785.0,2220,737,0.1061,0.006213
2026-08-19 09:32:02,SPX,7723.41,7732.8,7660.0,1540,1078,0.1299,0.006213
2026-08-19 09:32:02,SPX,7723.41,7732.8,7790.0,1388,588,0.106,0.006213
2026-08-19 09:32:02,SPX,7723.41,7732.8,7655.0,131,1104,0.1311,0.006213
2026-08-19 09:32:02,SPX,7723.41,7732.8,7795.0,665,263,0.1057,0.006213
2026-08-19 09:32:02,SPX,7723.41,7732.8,7650.0,1038,3990,0.1339,0.006213
2026-08-19 09:32:02,SPX,7723.41,7732.8,7800.0,4632,2050,0.1055,0.006213
2026-08-19 09:32:02,SPX,7723.41,7732.8,7645.0,152,1102,0.1343,0.006213
2026-08-19 09:32:02,SPX,7723.41,7732.8,7805.0,886,331,0.1055,0.006213
2026-08-19 09:32:02,SPX,7723.41,7732.8,7640.0,511,6618,0.1369,0.006213
2026-08-19 09:32:02,SPX,7723.41,7732.8,7810.0,1079,279,0.1055,0.006213
2026-08-19 09:32:02,SPX,7723.41,7732.8,7635.0,415,1132,0.137,0.006213
2026-08-19 09:32:02,SPX,7723.41,7732.8,7815.0,999,157,0.1057,0.006213
2026-08-19 09:32:02,SPX,7723.41,7732.8,7630.0,254,2030,0.1395,0.006213
2026-08-19 09:32:02,SPX,7723.41,7732.8,7820.0,1691,223,0.1063,0.006213
2026-08-19 09:32:02,SPX,7723.41,7732.8,7625.0,677,2703,0.1418,0.006213
2026-08-19 09:32:02,SPX,7723.41,7732.8,7825.0,1324,167,0.107,0.006213
2026-08-19 09:32:02,SPX,7723.41,7732.8,7620.0,440,3118,0.1437,0.006213
2026-08-19 09:32:02,SPX,7723.41,7732.8,7830.0,2002,114,0.1077,0.006213
2026-08-19 09:32:02,SPX,7723.41,7732.8,7615.0,189,743,0.1459,0.006213
2026-08-19 09:32:02,SPX,7723.41,7732.8,7835.0,822,52,0.1083,0.006213
2026-08-19 09:32:02,SPX,7723.41,7732.8,7610.0,450,839,0.1462,0.006213
2026-08-19 09:32:02,SPX,7723.41,7732.8,7840.0,921,0,0.109,0.006213
2026-08-19 09:32:02,SPX,7723.41,7732.8,7605.0,244,693,0.1466,0.006213
2026-08-19 09:32:02,SPX,7723.41,7732.8,7845.0,0,23,0.1098,0.006213
2026-08-19 09:32:02,SPX,7723.41,7732.8,7600.0,1946,9558,0.1487,0.006213
2026-08-19 10:02:54,SPX,7718.68,7732.05,7720.0,951,5428,0.1533,0.000679
2026-08-19 10:02:54,SPX,7718.68,7732.05,7715.0,1618,537,0.1562,0.000679
2026-08-19 10:02:54,SPX,7718.68,7732.05,7725.0,5879,4271,0.1515,0.000679
2026-08-19 10:02:54,SPX,7718.68,7732.05,7710.0,1748,646,0.1598,0.000679
2026-08-19 10:02:54,SPX,7718.68,7732.05,7730.0,2237,816,0.1491,0.000679
2026-08-19 10:02:54,SPX,7718.68,7732.05,7705.0,1039,1097,0.1629,0.000679
2026-08-19 10:02:54,SPX,7718.68,7732.05,7735.0,1976,3316,0.1472,0.000679
2026-08-19 10:02:54,SPX,7718.68,7732.05,7700.0,2637,4400,0.1665,0.000679
2026-08-19 10:02:54,SPX,7718.68,7732.05,7740.0,1717,604,0.1464,0.000679
2026-08-19 10:02:54,SPX,7718.68,7732.05,7695.0,741,2397,0.1707,0.000679
2026-08-19 10:02:54,SPX,7718.68,7732.05,7745.0,1561,1535,0.1457,0.000679
2026-08-19 10:02:54,SPX,7718.68,7732.05,7690.0,314,1819,0.1744,0.000679
2026-08-19 10:02:54,SPX,7718.68,7732.05,7750.0,4447,3907,0.1455,0.000679
2026-08-19 10:02:54,SPX,7718.68,7732.05,7685.0,273,1495,0.1778,0.000679
2026-08-19 10:02:54,SPX,7718.68,7732.05,7755.0,1318,857,0.146,0.000679
2026-08-19 10:02:54,SPX,7718.68,7732.05,7680.0,221,1827,0.1813,0.000679
2026-08-19 10:02:54,SPX,7718.68,7732.05,7760.0,2144,487,0.1474,0.000679
2026-08-19 10:02:54,SPX,7718.68,7732.05,7675.0,332,2041,0.1858,0.000679
2026-08-19 10:02:54,SPX,7718.68,7732.05,7765.0,1529,486,0.1499,0.000679
2026-08-19 10:02:54,SPX,7718.68,7732.05,7670.0,190,1512,0.1903,0.000679
2026-08-19 10:02:54,SPX,7718.68,7732.05,7770.0,2699,335,0.1532,0.000679
2026-08-19 10:02:54,SPX,7718.68,7732.05,7665.0,53,1546,0.1937,0.000679
2026-08-19 10:02:54,SPX,7718.68,7732.05,7775.0,4151,408,0.1569,0.000679
2026-08-19 10:02:54,SPX,7718.68,7732.05,7660.0,117,1880,0.1988,0.000679
2026-08-19 10:02:54,SPX,7718.68,7732.05,7780.0,1895,436,0.1611,0.000679
2026-08-19 10:02:54,SPX,7718.68,7732.05,7655.0,113,1219,0.2032,0.000679
2026-08-19 10:02:54,SPX,7718.68,7732.05,7785.0,1053,293,0.1657,0.000679
2026-08-19 10:02:54,SPX,7718.68,7732.05,7650.0,450,2867,0.2078,0.000679
2026-08-19 10:02:54,SPX,7718.68,7732.05,7790.0,1461,216,0.171,0.000679
2026-08-19 10:02:54,SPX,7718.68,7732.05,7645.0,30,2071,0.213,0.000679
2026-08-19 10:02:54,SPX,7718.68,7732.05,7795.0,1420,128,0.177,0.000679
2026-08-19 10:02:54,SPX,7718.68,7732.05,7640.0,182,1353,0.2186,0.000679
2026-08-19 10:02:54,SPX,7718.68,7732.05,7800.0,3548,529,0.1837,0.000679
2026-08-19 10:02:54,SPX,7718.68,7732.05,7635.0,105,889,0.2213,0.000679
2026-08-19 10:02:54,SPX,7718.68,7732.05,7805.0,3066,117,0.1908,0.000679
2026-08-19 10:02:54,SPX,7718.68,7732.05,7630.0,164,4738,0.2252,0.000679
2026-08-19 10:02:54,SPX,7718.68,7732.05,7810.0,632,124,0.1981,0.000679
2026-08-19 10:02:54,SPX,7718.68,7732.05,7625.0,162,2790,0.2309,0.000679
2026-08-19 10:02:54,SPX,7718.68,7732.05,7815.0,767,95,0.2054,0.000679
2026-08-19 10:02:54,SPX,7718.68,7732.05,7620.0,69,4541,0.2381,0.000679
2026-08-19 10:02:54,SPX,7718.68,7732.05,7820.0,746,65,0.2126,0.000679
2026-08-19 10:02:54,SPX,7718.68,7732.05,7615.0,29,1484,0.2457,0.000679
2026-08-19 10:02:54,SPX,7718.68,7732.05,7825.0,1104,40,0.2196,0.000679
2026-08-19 10:02:54,SPX,7718.68,7732.05,7610.0,110,1216,0.2532,0.000679
2026-08-19 10:02:54,SPX,7718.68,7732.05,7830.0,1446,23,0.2267,0.000679
2026-08-19 10:02:54,SPX,7718.68,7732.05,7605.0,49,1392,0.2602,0.000679
2026-08-19 10:02:54,SPX,7718.68,7732.05,7835.0,2383,32,0.234,0.000679
2026-08-19 10:02:54,SPX,7718.68,7732.05,7600.0,1049,7587,0.2669,0.000679
2026-08-19 10:02:54,SPX,7718.68,7732.05,7840.0,671,26,0.2417,0.000679
2026-08-19 10:02:54,SPX,7718.68,7732.05,7595.0,27,2031,0.2732,0.000679
2026-08-19 10:02:54,SPX,7718.68,7732.05,7720.0,128,324,0.1147,0.003417
2026-08-19 10:02:54,SPX,7718.68,7732.05,7715.0,142,203,0.1162,0.003417
2026-08-19 10:02:54,SPX,7718.68,7732.05,7725.0,390,431,0.113,0.003417
2026-08-19 10:02:54,SPX,7718.68,7732.05,7710.0,365,365,0.1179,0.003417
2026-08-19 10:02:54,SPX,7718.68,7732.05,7730.0,361,373,0.1114,0.003417
2026-08-19 10:02:54,SPX,7718.68,7732.05,7705.0,348,251,0.1196,0.003417
2026-08-19 10:02:54,SPX,7718.68,7732.05,7735.0,143,411,0.1097,0.003417
2026-08-19 10:02:54,SPX,7718.68,7732.05,7700.0,686,1609,0.1212,0.003417
2026-08-19 10:02:54,SPX,7718.68,7732.05,7740.0,1307,584,0.1081,0.003417
2026-08-19 10:02:54,SPX,7718.68,7732.05,7695.0,279,921,0.1228,0.003417
2026-08-19 10:02:54,SPX,7718.68,7732.05,7745.0,206,268,0.1066,0.003417
2026-08-19 10:02:54,SPX,7718.68,7732.05,7690.0,142,484,0.1246,0.003417
2026-08-19 10:02:54,SPX,7718.68,7732.05,7750.0,1148,1313,0.1056,0.003417
2026-08-19 10:02:54,SPX,7718.68,7732.05,7685.0,137,789,0.1266,0.003417
2026-08-19 10:02:54,SPX,7718.68,7732.05,7755.0,2288,288,0.105,0.003417
2026-08-19 10:02:54,SPX,7718.68,7732.05,7680.0,85,577,0.1296,0.003417
2026-08-19 10:02:54,SPX,7718.68,7732.05,7760.0,2276,177,0.1047,0.003417
2026-08-19 10:02:54,SPX,7718.68,7732.05,7675.0,242,308,0.1319,0.003417
2026-08-19 10:02:54,SPX,7718.68,7732.05,7765.0,271,226,0.1043,0.003417
2026-08-19 10:02:54,SPX,7718.68,7732.05,7670.0,106,335,0.1331,0.003417
2026-08-19 10:02:54,SPX,7718.68,7732.05,7770.0,1611,221,0.1037,0.003417
2026-08-19 10:02:54,SPX,7718.68,7732.05,7665.0,90,239,0.1349,0.003417
2026-08-19 10:02:54,SPX,7718.68,7732.05,7775.0,799,278,0.1031,0.003417
2026-08-19 10:02:54,SPX,7718.68,7732.05,7660.0,242,388,0.1376,0.003417
2026-08-19 10:02:54,SPX,7718.68,7732.05,7780.0,433,419,0.1025,0.003417
2026-08-19 10:02:54,SPX,7718.68,7732.05,7655.0,32,266,0.1405,0.003417
2026-08-19 10:02:54,SPX,7718.68,7732.05,7785.0,447,175,0.1021,0.003417
2026-08-19 10:02:54,SPX,7718.68,7732.05,7650.0,474,2902,0.1429,0.003417
2026-08-19 10:02:54,SPX,7718.68,7732.05,7790.0,417,177,0.102,0.003417
2026-08-19 10:02:54,SPX,7718.68,7732.05,7645.0,29,2319,0.1446,0.003417
2026-08-19 10:02:54,SPX,7718.68,7732.05,7795.0,320,202,0.1022,0.003417
2026-08-19 10:02:54,SPX,7718.68,7732.05,7640.0,62,656,0.1457,0.003417
2026-08-19 10:02:54,SPX,7718.68,7732.05,7800.0,1621,272,0.1029,0.003417
2026-08-19 10:02:54,SPX,7718.68,7732.05,7635.0,71,1080,0.1478,0.003417
2026-08-19 10:02:54,SPX,7718.68,7732.05,7805.0,673,241,0.104,0.003417
2026-08-19 10:02:54,SPX,7718.68,7732.05,7630.0,62,560,0.1514,0.003417
2026-08-19 10:02:54,SPX,7718.68,7732.05,7810.0,465,79,0.1056,0.003417
2026-08-19 10:02:54,SPX,7718.68,7732.05,7625.0,180,1940,0.1535,0.003417
2026-08-19 10:02:54,SPX,7718.68,7732.05,7815.0,349,35,0.1075,0.003417
2026-08-19 10:02:54,SPX,7718.68,7732.05,7620.0,54,1427,0.1545,0.003417
2026-08-19 10:02:54,SPX,7718.68,7732.05,7820.0,476,37,0.1098,0.003417
2026-08-19 10:02:54,SPX,7718.68,7732.05,7615.0,82,431,0.1576,0.003417
2026-08-19 10:02:54,SPX,7718.68,7732.05,7825.0,295,44,0.1124,0.003417
2026-08-19 10:02:54,SPX,7718.68,7732.05,7610.0,42,616,0.1606,0.003417
2026-08-19 10:02:54,SPX,7718.68,7732.05,7830.0,482,10,0.1151,0.003417
2026-08-19 10:02:54,SPX,7718.68,7732.05,7605.0,157,1092,0.1628,0.003417
2026-08-19 10:02:54,SPX,7718.68,7732.05,7835.0,241,8,0.118,0.003417
2026-08-19 10:02:54,SPX,7718.68,7732.05,7600.0,337,1794,0.165,0.003417
2026-08-19 10:02:54,SPX,7718.68,7732.05,7840.0,763,6,0.121,0.003417
2026-08-19 10:02:54,SPX,7718.68,7732.05,7595.0,7,464,0.167,0.003417
2026-08-19 10:02:54,SPX,7718.68,7732.05,7720.0,1363,875,0.1115,0.006155
2026-08-19 10:02:54,SPX,7718.68,7732.05,7715.0,976,1163,0.1129,0.006155
2026-08-19 10:02:54,SPX,7718.68,7732.05,7725.0,947,1392,0.1099,0.006155
2026-08-19 10:02:54,SPX,7718.68,7732.05,7710.0,550,1191,0.1142,0.006155
2026-08-19 10:02:54,SPX,7718.68,7732.05,7730.0,808,740,0.1089,0.006155
2026-08-19 10:02:54,SPX,7718.68,7732.05,7705.0,684,1127,0.1157,0.006155
2026-08-19 10:02:54,SPX,7718.68,7732.05,7735.0,392,464,0.108,0.006155
2026-08-19 10:02:54,SPX,7718.68,7732.05,7700.0,2557,3015,0.1171,0.006155
2026-08-19 10:02:54,SPX,7718.68,7732.05,7740.0,514,546,0.107,0.006155
2026-08-19 10:02:54,SPX,7718.68,7732.05,7695.0,473,1970,0.1185,0.006155
2026-08-19 10:02:54,SPX,7718.68,7732.05,7745.0,807,1363,0.1059,0.006155
2026-08-19 10:02:54,SPX,7718.68,7732.05,7690.0,478,1184,0.1201,0.006155
2026-08-19 10:02:54,SPX,7718.68,7732.05,7750.0,3988,2300,0.1049,0.006155
2026-08-19 10:02:54,SPX,7718.68,7732.05,7685.0,467,3480,0.1218,0.006155
2026-08-19 10:02:54,SPX,7718.68,7732.05,7755.0,898,734,0.1041,0.006155
2026-08-19 10:02:54,SPX,7718.68,7732.05,7680.0,474,937,0.1234,0.006155
2026-08-19 10:02:54,SPX,7718.68,7732.05,7760.0,1074,815,0.1033,0.006155
2026-08-19 10:02:54,SPX,7718.68,7732.05,7675.0,485,895,0.1251,0.006155
2026-08-19 10:02:54,SPX,7718.68,7732.05,7765.0,935,461,0.1023,0.006155
2026-08-19 10:02:54,SPX,7718.68,7732.05,7670.0,308,1543,0.1268,0.006155
2026-08-19 10:02:54,SPX,7718.68,7732.05,7770.0,1554,597,0.1014,0.006155
2026-08-19 10:02:54,SPX,7718.68,7732.05,7665.0,120,2455,0.1282,0.006155
2026-08-19 10:02:54,SPX,7718.68,7732.05,7775.0,2285,836,0.1008,0.006155
2026-08-19 10:02:54,SPX,7718.68,7732.05,7660.0,1540,1078,0.1302,0.006155
2026-08-19 10:02:54,SPX,7718.68,7732.05,7780.0,1339,1096,0.1003,0.006155
2026-08-19 10:02:54,SPX,7718.68,7732.05,7655.0,131,1104,0.132,0.006155
2026-08-19 10:02:54,SPX,7718.68,7732.05,7785.0,2220,737,0.1001,0.006155
2026-08-19 10:02:54,SPX,7718.68,7732.05,7650.0,1038,3990,0.134,0.006155
2026-08-19 10:02:54,SPX,7718.68,7732.05,7790.0,1388,588,0.1,0.006155
2026-08-19 10:02:54,SPX,7718.68,7732.05,7645.0,152,1102,0.1361,0.006155
2026-08-19 10:02:54,SPX,7718.68,7732.05,7795.0,665,263,0.1001,0.006155
2026-08-19 10:02:54,SPX,7718.68,7732.05,7640.0,511,6618,0.1374,0.006155
2026-08-19 10:02:54,SPX,7718.68,7732.05,7800.0,4632,2050,0.1003,0.006155
2026-08-19 10:02:54,SPX,7718.68,7732.05,7635.0,415,1132,0.1401,0.006155
2026-08-19 10:02:54,SPX,7718.68,7732.05,7805.0,886,331,0.1005,0.006155
2026-08-19 10:02:54,SPX,7718.68,7732.05,7630.0,254,2030,0.1407,0.006155
2026-08-19 10:02:54,SPX,7718.68,7732.05,7810.0,1079,279,0.1006,0.006155
2026-08-19 10:02:54,SPX,7718.68,7732.05,7625.0,677,2703,0.1436,0.006155
2026-08-19 10:02:54,SPX,7718.68,7732.05,7815.0,999,157,0.1008,0.006155
2026-08-19 10:02:54,SPX,7718.68,7732.05,7620.0,440,3118,0.1444,0.006155
2026-08-19 10:02:54,SPX,7718.68,7732.05,7820.0,1691,223,0.101,0.006155
2026-08-19 10:02:54,SPX,7718.68,7732.05,7615.0,189,743,0.1467,0.006155
2026-08-19 10:02:54,SPX,7718.68,7732.05,7825.0,1324,167,0.1013,0.006155
2026-08-19 10:02:54,SPX,7718.68,7732.05,7610.0,450,839,0.1483,0.006155
2026-08-19 10:02:54,SPX,7718.68,7732.05,7830.0,2002,114,0.15,0.006155
2026-08-19 10:02:54,SPX,7718.68,7732.05,7840.0,0,90,0.1033,0.006155
2026-08-19 10:02:54,SPX,7718.68,7732.05,7595.0,162,635,0.1539,0.006155
2026-08-19 10:33:11,SPX,7721.98,7732.08,7720.0,951,5428,0.1384,0.000621
2026-08-19 10:33:11,SPX,7721.98,7732.08,7725.0,5879,4271,0.1359,0.000621
2026-08-19 10:33:11,SPX,7721.98,7732.08,7715.0,1618,537,0.1416,0.000621
2026-08-19 10:33:11,SPX,7721.98,7732.08,7730.0,2237,816,0.1335,0.000621
2026-08-19 10:33:11,SPX,7721.98,7732.08,7710.0,1748,646,0.1454,0.000621
2026-08-19 10:33:11,SPX,7721.98,7732.08,7735.0,1976,3316,0.1312,0.000621
2026-08-19 10:33:11,SPX,7721.98,7732.08,7705.0,1039,1097,0.1485,0.000621
2026-08-19 10:33:11,SPX,7721.98,7732.08,7740.0,1717,604,0.1297,0.000621
2026-08-19 10:33:11,SPX,7721.98,7732.08,7700.0,2637,4400,0.1522,0.000621
2026-08-19 10:33:11,SPX,7721.98,7732.08,7745.0,1561,1535,0.1297,0.000621
2026-08-19 10:33:11,SPX,7721.98,7732.08,7695.0,741,2397,0.1559,0.000621
2026-08-19 10:33:11,SPX,7721.98,7732.08,7750.0,4447,3907,0.1309,0.000621
2026-08-19 10:33:11,SPX,7721.98,7732.08,7690.0,314,1819,0.1602,0.000621
2026-08-19 10:33:11,SPX,7721.98,7732.08,7755.0,1318,857,0.1322,0.000621
2026-08-19 10:33:11,SPX,7721.98,7732.08,7685.0,273,1495,0.1641,0.000621
2026-08-19 10:33:11,SPX,7721.98,7732.08,7760.0,2144,487,0.1352,0.000621
2026-08-19 10:33:11,SPX,7721.98,7732.08,7680.0,221,1827,0.1688,0.000621
2026-08-19 10:33:11,SPX,7721.98,7732.08,7765.0,1529,486,0.1389,0.000621
2026-08-19 10:33:11,SPX,7721.98,7732.08,7675.0,332,2041,0.1717,0.000621
2026-08-19 10:33:11,SPX,7721.98,7732.08,7770.0,2699,335,0.1435,0.000621
2026-08-19 10:33:11,SPX,7721.98,7732.08,7670.0,190,1512,0.1783,0.000621
2026-08-19 10:33:11,SPX,7721.98,7732.08,7775.0,4151,408,0.1491,0.000621
2026-08-19 10:33:11,SPX,7721.98,7732.08,7665.0,53,1546,0.1808,0.000621
2026-08-19 10:33:11,SPX,7721.98,7732.08,7780.0,1895,436,0.1557,0.000621
2026-08-19 10:33:11,SPX,7721.98,7732.08,7660.0,117,1880,0.1861,0.000621
2026-08-19 10:33:11,SPX,7721.98,7732.08,7785.0,1053,293,0.1629,0.000621
2026-08-19 10:33:11,SPX,7721.98,7732.08,7655.0,113,1219,0.1931,0.000621
2026-08-19 10:33:11,SPX,7721.98,7732.08,7790.0,1461,216,0.1703,0.000621
2026-08-19 10:33:11,SPX,7721.98,7732.08,7650.0,450,2867,0.199,0.000621
2026-08-19 10:33:11,SPX,7721.98,7732.08,7795.0,1420,128,0.1777,0.000621
2026-08-19 10:33:11,SPX,7721.98,7732.08,7645.0,30,2071,0.2019,0.000621
2026-08-19 10:33:11,SPX,7721.98,7732.08,7800.0,3548,529,0.185,0.000621
2026-08-19 10:33:11,SPX,7721.98,7732.08,7640.0,182,1353,0.2071,0.000621
2026-08-19 10:33:11,SPX,7721.98,7732.08,7805.0,3066,117,0.1924,0.000621
2026-08-19 10:33:11,SPX,7721.98,7732.08,7635.0,105,889,0.2152,0.000621
2026-08-19 10:33:11,SPX,7721.98,7732.08,7810.0,632,124,0.1999,0.000621
2026-08-19 10:33:11,SPX,7721.98,7732.08,7630.0,164,4738,0.2232,0.000621
2026-08-19 10:33:11,SPX,7721.98,7732.08,7815.0,767,95,0.2075,0.000621
2026-08-19 10:33:11,SPX,7721.98,7732.08,7625.0,162,2790,0.2311,0.000621
2026-08-19 10:33:11,SPX,7721.98,7732.08,7820.0,746,65,0.215,0.000621
2026-08-19 10:33:11,SPX,7721.98,7732.08,7620.0,69,4541,0.2392,0.000621
2026-08-19 10:33:11,SPX,7721.98,7732.08,7825.0,1104,40,0.2223,0.000621
2026-08-19 10:33:11,SPX,7721.98,7732.08,7615.0,29,1484,0.2474,0.000621
2026-08-19 10:33:11,SPX,7721.98,7732.08,7830.0,1446,23,0.2296,0.000621
2026-08-19 10:33:11,SPX,7721.98,7732.08,7610.0,110,1216,0.2553,0.000621
2026-08-19 10:33:11,SPX,7721.98,7732.08,7835.0,2383,32,0.2368,0.000621
2026-08-19 10:33:11,SPX,7721.98,7732.08,7605.0,49,1392,0.2632,0.000621
2026-08-19 10:33:11,SPX,7721.98,7732.08,7840.0,671,26,0.2443,0.000621
2026-08-19 10:33:11,SPX,7721.98,7732.08,7600.0,1049,7587,0.2708,0.000621
2026-08-19 10:33:11,SPX,7721.98,7732.08,7845.0,544,20,0.2523,0.000621
2026-08-19 10:33:11,SPX,7721.98,7732.08,7720.0,128,324,0.1109,0.003359
2026-08-19 10:33:11,SPX,7721.98,7732.08,7725.0,390,431,0.1093,0.003359
2026-08-19 10:33:11,SPX,7721.98,7732.08,7715.0,142,203,0.1124,0.003359
2026-08-19 10:33:11,SPX,7721.98,7732.08,7730.0,361,373,0.1075,0.003359
2026-08-19 10:33:11,SPX,7721.98,7732.08,7710.0,365,365,0.114,0.003359
2026-08-19 10:33:11,SPX,7721.98,7732.08,7735.0,143,411,0.1058,0.003359
2026-08-19 10:33:11,SPX,7721.98,7732.08,7705.0,348,251,0.1157,0.003359
2026-08-19 10:33:11,SPX,7721.98,7732.08,7740.0,1307,584,0.1041,0.003359
2026-08-19 10:33:11,SPX,7721.98,7732.08,7700.0,686,1609,0.1177,0.003359
2026-08-19 10:33:11,SPX,7721.98,7732.08,7745.0,206,268,0.1027,0.003359
2026-08-19 10:33:11,SPX,7721.98,7732.08,7695.0,279,921,0.1195,0.003359
2026-08-19 10:33:11,SPX,7721.98,7732.08,7750.0,1148,1313,0.1019,0.003359
2026-08-19 10:33:11,SPX,7721.98,7732.08,7690.0,142,484,0.1216,0.003359
2026-08-19 10:33:11,SPX,7721.98,7732.08,7755.0,2288,288,0.1015,0.003359
2026-08-19 10:33:11,SPX,7721.98,7732.08,7685.0,137,789,0.1237,0.003359
2026-08-19 10:33:11,SPX,7721.98,7732.08,7760.0,2276,177,0.1013,0.003359
2026-08-19 10:33:11,SPX,7721.98,7732.08,7680.0,85,577,0.1252,0.003359
2026-08-19 10:33:11,SPX,7721.98,7732.08,7765.0,271,226,0.101,0.003359
2026-08-19 10:33:11,SPX,7721.98,7732.08,7675.0,242,308,0.1286,0.003359
2026-08-19 10:33:11,SPX,7721.98,7732.08,7770.0,1611,221,0.1008,0.003359
2026-08-19 10:33:11,SPX,7721.98,7732.08,7670.0,106,335,0.1293,0.003359
2026-08-19 10:33:11,SPX,7721.98,7732.08,7775.0,799,278,0.1006,0.003359
2026-08-19 10:33:11,SPX,7721.98,7732.08,7665.0,90,239,0.1314,0.003359
2026-08-19 10:33:11,SPX,7721.98,7732.08,7780.0,433,419,0.1005,0.003359
2026-08-19 10:33:11,SPX,7721.98,7732.08,7660.0,242,388,0.1346,0.003359
2026-08-19 10:33:11,SPX,7721.98,7732.08,7785.0,447,175,0.1006,0.003359
2026-08-19 10:33:11,SPX,7721.98,7732.08,7655.0,32,266,0.137,0.003359
2026-08-19 10:33:11,SPX,7721.98,7732.08,7790.0,417,177,0.101,0.003359
2026-08-19 10:33:11,SPX,7721.98,7732.08,7650.0,474,2902,0.1389,0.003359
2026-08-19 10:33:11,SPX,7721.98,7732.08,7795.0,320,202,0.1016,0.003359
2026-08-19 10:33:11,SPX,7721.98,7732.08,7645.0,29,2319,0.1397,0.003359
2026-08-19 10:33:11,SPX,7721.98,7732.08,7800.0,1621,272,0.1026,0.003359
2026-08-19 10:33:11,SPX,7721.98,7732.08,7640.0,62,656,0.1425,0.003359
2026-08-19 10:33:11,SPX,7721.98,7732.08,7805.0,673,241,0.104,0.003359
2026-08-19 10:33:11,SPX,7721.98,7732.08,7635.0,71,1080,0.145,0.003359
2026-08-19 10:33:11,SPX,7721.98,7732.08,7810.0,465,79,0.1057,0.003359
2026-08-19 10:33:11,SPX,7721.98,7732.08,7630.0,62,560,0.1464,0.003359
2026-08-19 10:33:11,SPX,7721.98,7732.08,7815.0,349,35,0.1076,0.003359
2026-08-19 10:33:11,SPX,7721.98,7732.08,7625.0,180,1940,0.1497,0.003359
2026-08-19 10:33:11,SPX,7721.98,7732.08,7820.0,476,37,0.1098,0.003359
2026-08-19 10:33:11,SPX,7721.98,7732.08,7620.0,54,1427,0.1527,0.003359
2026-08-19 10:33:11,SPX,7721.98,7732.08,7825.0,295,44,0.1122,0.003359
2026-08-19 10:33:11,SPX,7721.98,7732.08,7615.0,82,431,0.1551,0.003359
2026-08-19 10:33:11,SPX,7721.98,7732.08,7830.0,482,10,0.1148,0.003359
2026-08-19 10:33:11,SPX,7721.98,7732.08,7610.0,42,616,0.1579,0.003359
2026-08-19 10:33:11,SPX,7721.98,7732.08,7835.0,241,8,0.1175,0.003359
2026-08-19 10:33:11,SPX,7721.98,7732.08,7605.0,157,1092,0.1602,0.003359
2026-08-19 10:33:11,SPX,7721.98,7732.08,7840.0,763,6,0.1203,0.003359
2026-08-19 10:33:11,SPX,7721.98,7732.08,7600.0,337,1794,0.1622,0.003359
2026-08-19 10:33:11,SPX,7721.98,7732.08,7845.0,417,7,0.1232,0.003359
2026-08-19 10:33:11,SPX,7721.98,7732.08,7720.0,1363,875,0.1098,0.006097
2026-08-19 10:33:11,SPX,7721.98,7732.08,7725.0,947,1392,0.1082,0.006097
2026-08-19 10:33:11,SPX,7721.98,7732.08,7715.0,976,1163,0.1113,0.006097
2026-08-19 10:33:11,SPX,7721.98,7732.08,7730.0,808,740,0.1068,0.006097
2026-08-19 10:33:11,SPX,7721.98,7732.08,7710.0,550,1191,0.1124,0.006097
2026-08-19 10:33:11,SPX,7721.98,7732.08,7735.0,392,464,0.1055,0.006097
2026-08-19 10:33:11,SPX,7721.98,7732.08,7705.0,684,1127,0.1134,0.006097
2026-08-19 10:33:11,SPX,7721.98,7732.08,7740.0,514,546,0.1045,0.006097
2026-08-19 10:33:11,SPX,7721.98,7732.08,7700.0,2557,3015,0.1148,0.006097
2026-08-19 10:33:11,SPX,7721.98,7732.08,7745.0,807,1363,0.1034,0.006097
2026-08-19 10:33:11,SPX,7721.98,7732.08,7695.0,473,1970,0.1164,0.006097
2026-08-19 10:33:11,SPX,7721.98,7732.08,7750.0,3988,2300,0.1026,0.006097
2026-08-19 10:33:11,SPX,7721.98,7732.08,7690.0,478,1184,0.1178,0.006097
2026-08-19 10:33:11,SPX,7721.98,7732.08,7755.0,898,734,0.1019,0.006097
2026-08-19 10:33:11,SPX,7721.98,7732.08,7685.0,467,3480,0.1193,0.006097
2026-08-19 10:33:11,SPX,7721.98,7732.08,7760.0,1074,815,0.1013,0.006097
2026-08-19 10:33:11,SPX,7721.98,7732.08,7680.0,474,937,0.1212,0.006097
2026-08-19 10:33:11,SPX,7721.98,7732.08,7765.0,935,461,0.101,0.006097
2026-08-19 10:33:11,SPX,7721.98,7732.08,7675.0,485,895,0.1228,0.006097
2026-08-19 10:33:11,SPX,7721.98,7732.08,7770.0,1554,597,0.1001,0.006097
2026-08-19 10:33:11,SPX,7721.98,7732.08,7670.0,308,1543,0.1244,0.006097
2026-08-19 10:33:11,SPX,7721.98,7732.08,7775.0,2285,836,0.0997,0.006097
2026-08-19 10:33:11,SPX,7721.98,7732.08,7665.0,120,2455,0.1262,0.006097
2026-08-19 10:33:11,SPX,7721.98,7732.08,7780.0,1339,1096,0.0992,0.006097
2026-08-19 10:33:11,SPX,7721.98,7732.08,7660.0,1540,1078,0.1283,0.006097
2026-08-19 10:33:11,SPX,7721.98,7732.08,7785.0,2220,737,0.0988,0.006097
2026-08-19 10:33:11,SPX,7721.98,7732.08,7655.0,131,1104,0.13,0.006097
2026-08-19 10:33:11,SPX,7721.98,7732.08,7790.0,1388,588,0.0985,0.006097
2026-08-19 10:33:11,SPX,7721.98,7732.08,7650.0,1038,3990,0.132,0.006097
2026-08-19 10:33:11,SPX,7721.98,7732.08,7795.0,665,263,0.0983,0.006097
2026-08-19 10:33:11,SPX,7721.98,7732.08,7645.0,152,1102,0.135,0.006097
2026-08-19 10:33:11,SPX,7721.98,7732.08,7800.0,4632,2050,0.0984,0.006097
2026-08-19 10:33:11,SPX,7721.98,7732.08,7640.0,511,6618,0.1357,0.006097
2026-08-19 10:33:11,SPX,7721.98,7732.08,7805.0,886,331,0.0988,0.006097
2026-08-19 10:33:11,SPX,7721.98,7732.08,7635.0,415,1132,0.1387,0.006097
2026-08-19 10:33:11,SPX,7721.98,7732.08,7810.0,1079,279,0.0993,0.006097
2026-08-19 10:33:11,SPX,7721.98,7732.08,7630.0,254,2030,0.1394,0.006097
2026-08-19 10:33:11,SPX,7721.98,7732.08,7815.0,999,157,0.0999,0.006097
2026-08-19 10:33:11,SPX,7721.98,7732.08,7625.0,677,2703,0.1427,0.006097
2026-08-19 10:33:11,SPX,7721.98,7732.08,7820.0,1691,223,0.1005,0.006097
2026-08-19 10:33:11,SPX,7721.98,7732.08,7620.0,440,3118,0.144,0.006097
2026-08-19 10:33:11,SPX,7721.98,7732.08,7825.0,1324,167,0.1012,0.006097
2026-08-19 10:33:11,SPX,7721.98,7732.08,7615.0,189,743,0.1449,0.006097
2026-08-19 10:33:11,SPX,7721.98,7732.08,7830.0,2002,114,0.1019,0.006097
2026-08-19 10:33:11,SPX,7721.98,7732.08,7610.0,450,839,0.1467,0.006097
2026-08-19 10:33:11,SPX,7721.98,7732.08,7835.0,822,52,0.1026,0.006097
2026-08-19 10:33:11,SPX,7721.98,7732.08,7605.0,244,693,0.1496,0.006097
2026-08-19 10:33:11,SPX,7721.98,7732.08,7840.0,921,90,0.1034,0.006097
2026-08-19 10:33:11,SPX,7721.98,7732.08,7600.0,1946,9558,0.1529,0.006097
2026-08-19 10:33:11,SPX,7721.98,7732.08,7845.0,832,23,0.1043,0.006097
2026-08-19 11:03:29,SPX,7739.97,7732.63,7740.0,1717,604,0.1277,0.000564
2026-08-19 11:03:29,SPX,7739.97,7732.63,7735.0,1976,3316,0.131,0.000564
2026-08-19 11:03:29,SPX,7739.97,7732.63,7745.0,1561,1535,0.1256,0.000564
2026-08-19 11:03:29,SPX,7739.97,7732.63,7730.0,2237,816,0.1325,0.000564
2026-08-19 11:03:29,SPX,7739.97,7732.63,7750.0,4447,3907,0.1236,0.000564
2026-08-19 11:03:29,SPX,7739.97,7732.63,7725.0,5879,4271,0.1376,0.000564
2026-08-19 11:03:29,SPX,7739.97,7732.63,7755.0,1318,857,0.123,0.000564
2026-08-19 11:03:29,SPX,7739.97,7732.63,7720.0,951,5428,0.141,0.000564
2026-08-19 11:03:29,SPX,7739.97,7732.63,7760.0,2144,487,0.1231,0.000564
2026-08-19 11:03:29,SPX,7739.97,7732.63,7715.0,1618,537,0.145,0.000564
2026-08-19 11:03:29,SPX,7739.97,7732.63,7765.0,1529,486,0.1239,0.000564
2026-08-19 11:03:29,SPX,7739.97,7732.63,7710.0,1748,646,0.1494,0.000564
2026-08-19 11:03:29,SPX,7739.97,7732.63,7770.0,2699,335,0.1252,0.000564
2026-08-19 11:03:29,SPX,7739.97,7732.63,7705.0,1039,1097,0.1551,0.000564
2026-08-19 11:03:29,SPX,7739.97,7732.63,7775.0,4151,408,0.1272,0.000564
2026-08-19 11:03:29,SPX,7739.97,7732.63,7700.0,2637,4400,0.1579,0.000564
2026-08-19 11:03:29,SPX,7739.97,7732.63,7780.0,1895,436,0.1311,0.000564
2026-08-19 11:03:29,SPX,7739.97,7732.63,7695.0,741,2397,0.1662,0.000564
2026-08-19 11:03:29,SPX,7739.97,7732.63,7785.0,1053,293,0.1372,0.000564
2026-08-19 11:03:29,SPX,7739.97,7732.63,7690.0,314,1819,0.1689,0.000564
2026-08-19 11:03:29,SPX,7739.97,7732.63,7790.0,1461,216,0.1445,0.000564
2026-08-19 11:03:29,SPX,7739.97,7732.63,7685.0,273,1495,0.1777,0.000564
2026-08-19 11:03:29,SPX,7739.97,7732.63,7795.0,1420,128,0.1513,0.000564
2026-08-19 11:03:29,SPX,7739.97,7732.63,7680.0,221,1827,0.1848,0.000564
2026-08-19 11:03:29,SPX,7739.97,7732.63,7800.0,3548,529,0.1574,0.000564
2026-08-19 11:03:29,SPX,7739.97,7732.63,7675.0,332,2041,0.1897,0.000564
2026-08-19 11:03:29,SPX,7739.97,7732.63,7805.0,3066,117,0.1636,0.000564
2026-08-19 11:03:29,SPX,7739.97,7732.63,7670.0,190,1512,0.1952,0.000564
2026-08-19 11:03:29,SPX,7739.97,7732.63,7810.0,632,124,0.1703,0.000564
2026-08-19 11:03:29,SPX,7739.97,7732.63,7665.0,53,1546,0.2024,0.000564
2026-08-19 11:03:29,SPX,7739.97,7732.63,7815.0,767,95,0.1776,0.000564
2026-08-19 11:03:29,SPX,7739.97,7732.63,7660.0,117,1880,0.2113,0.000564
2026-08-19 11:03:29,SPX,7739.97,7732.63,7820.0,746,65,0.1852,0.000564
2026-08-19 11:03:29,SPX,7739.97,7732.63,7655.0,113,1219,0.2207,0.000564
2026-08-19 11:03:29,SPX,7739.97,7732.63,7825.0,1104,40,0.1931,0.000564
2026-08-19 11:03:29,SPX,7739.97,7732.63,7650.0,450,2867,0.2295,0.000564
2026-08-19 11:03:29,SPX,7739.97,7732.63,7830.0,1446,23,0.2008,0.000564
2026-08-19 11:03:29,SPX,7739.97,7732.63,7645.0,30,2071,0.2372,0.000564
2026-08-19 11:03:29,SPX,7739.97,7732.63,7835.0,2383,32,0.2084,0.000564
2026-08-19 11:03:29,SPX,7739.97,7732.63,7640.0,182,1353,0.2443,0.000564
2026-08-19 11:03:29,SPX,7739.97,7732.63,7840.0,671,26,0.216,0.000564
2026-08-19 11:03:29,SPX,7739.97,7732.63,7635.0,105,889,0.2511,0.000564
2026-08-19 11:03:29,SPX,7739.97,7732.63,7845.0,544,20,0.2238,0.000564
2026-08-19 11:03:29,SPX,7739.97,7732.63,7630.0,164,4738,0.2581,0.000564
2026-08-19 11:03:29,SPX,7739.97,7732.63,7850.0,7215,56,0.232,0.000564
2026-08-19 11:03:29,SPX,7739.97,7732.63,7625.0,162,2790,0.2657,0.000564
2026-08-19 11:03:29,SPX,7739.97,7732.63,7855.0,1485,11,0.2407,0.000564
2026-08-19 11:03:29,SPX,7739.97,7732.63,7620.0,69,4541,0.2738,0.000564
2026-08-19 11:03:29,SPX,7739.97,7732.63,7860.0,1178,255,0.2494,0.000564
2026-08-19 11:03:29,SPX,7739.97,7732.63,7615.0,29,1484,0.2825,0.000564
2026-08-19 11:03:29,SPX,7739.97,7732.63,7740.0,1307,584,0.1061,0.003302
2026-08-19 11:03:29,SPX,7739.97,7732.63,7735.0,143,411,0.1073,0.003302
2026-08-19 11:03:29,SPX,7739.97,7732.63,7745.0,206,268,0.1044,0.003302
2026-08-19 11:03:29,SPX,7739.97,7732.63,7730.0,361,373,0.109,0.003302
2026-08-19 11:03:29,SPX,7739.97,7732.63,7750.0,1148,1313,0.1028,0.003302
2026-08-19 11:03:29,SPX,7739.97,7732.63,7725.0,390,431,0.1102,0.003302
2026-08-19 11:03:29,SPX,7739.97,7732.63,7755.0,2288,288,0.1015,0.003302
2026-08-19 11:03:29,SPX,7739.97,7732.63,7720.0,128,324,0.1127,0.003302
2026-08-19 11:03:29,SPX,7739.97,7732.63,7760.0,2276,177,0.1004,0.003302
2026-08-19 11:03:29,SPX,7739.97,7732.63,7715.0,142,203,0.1134,0.003302
2026-08-19 11:03:29,SPX,7739.97,7732.63,7765.0,271,226,0.0995,0.003302
2026-08-19 11:03:29,SPX,7739.97,7732.63,7710.0,365,365,0.1162,0.003302
2026-08-19 11:03:29,SPX,7739.97,7732.63,7770.0,1611,221,0.0989,0.003302
2026-08-19 11:03:29,SPX,7739.97,7732.63,7705.0,348,251,0.118,0.003302
2026-08-19 11:03:29,SPX,7739.97,7732.63,7775.0,799,278,0.0986,0.003302
2026-08-19 11:03:29,SPX,7739.97,7732.63,7700.0,686,1609,0.12,0.003302
2026-08-19 11:03:29,SPX,7739.97,7732.63,7780.0,433,419,0.0987,0.003302
2026-08-19 11:03:29,SPX,7739.97,7732.63,7695.0,279,921,0.1215,0.003302
2026-08-19 11:03:29,SPX,7739.97,7732.63,7785.0,447,175,0.0988,0.003302
2026-08-19 11:03:29,SPX,7739.97,7732.63,7690.0,142,484,0.125,0.003302
2026-08-19 11:03:29,SPX,7739.97,7732.63,7790.0,417,177,0.0991,0.003302
2026-08-19 11:03:29,SPX,7739.97,7732.63,7685.0,137,789,0.1261,0.003302
2026-08-19 11:03:29,SPX,7739.97,7732.63,7795.0,320,202,0.0993,0.003302
2026-08-19 11:03:29,SPX,7739.97,7732.63,7680.0,85,577,0.1277,0.003302
2026-08-19 11:03:29,SPX,7739.97,7732.63,7800.0,1621,272,0.0996,0.003302
2026-08-19 11:03:29,SPX,7739.97,7732.63,7675.0,242,308,0.1306,0.003302
2026-08-19 11:03:29,SPX,7739.97,7732.63,7805.0,673,241,0.1,0.003302
2026-08-19 11:03:29,SPX,7739.97,7732.63,7670.0,106,335,0.133,0.003302
2026-08-19 11:03:29,SPX,7739.97,7732.63,7810.0,465,79,0.1006,0.003302
2026-08-19 11:03:29,SPX,7739.97,7732.63,7665.0,90,239,0.1356,0.003302
2026-08-19 11:03:29,SPX,7739.97,7732.63,7815.0,349,35,0.1015,0.003302
2026-08-19 11:03:29,SPX,7739.97,7732.63,7660.0,242,388,0.1369,0.003302
2026-08-19 11:03:29,SPX,7739.97,7732.63,7820.0,476,37,0.1027,0.003302
2026-08-19 11:03:29,SPX,7739.97,7732.63,7655.0,32,266,0.139,0.003302
2026-08-19 11:03:29,SPX,7739.97,7732.63,7825.0,295,44,0.1042,0.003302
2026-08-19 11:03:29,SPX,7739.97,7732.63,7650.0,474,2902,0.1423,0.003302
2026-08-19 11:03:29,SPX,7739.97,7732.63,7830.0,482,10,0.106,0.003302
2026-08-19 11:03:29,SPX,7739.97,7732.63,7645.0,29,2319,0.1437,0.003302
2026-08-19 11:03:29,SPX,7739.97,7732.63,7835.0,241,8,0.108,0.003302
2026-08-19 11:03:29,SPX,7739.97,7732.63,7640.0,62,656,0.1465,0.003302
2026-08-19 11:03:29,SPX,7739.97,7732.63,7840.0,763,6,0.1103,0.003302
2026-08-19 11:03:29,SPX,7739.97,7732.63,7635.0,71,1080,0.1496,0.003302
2026-08-19 11:03:29,SPX,7739.97,7732.63,7845.0,417,7,0.1127,0.003302
2026-08-19 11:03:29,SPX,7739.97,7732.63,7630.0,62,560,0.1527,0.003302
2026-08-19 11:03:29,SPX,7739.97,7732.63,7850.0,841,8,0.1153,0.003302
2026-08-19 11:03:29,SPX,7739.97,7732.63,7625.0,180,1940,0.1552,0.003302
2026-08-19 11:03:29,SPX,7739.97,7732.63,7855.0,500,71,0.118,0.003302
2026-08-19 11:03:29,SPX,7739.97,7732.63,7620.0,54,1427,0.1572,0.003302
2026-08-19 11:03:29,SPX,7739.97,7732.63,7860.0,776,73,0.1208,0.003302
2026-08-19 11:03:29,SPX,7739.97,7732.63,7615.0,82,431,0.1592,0.003302
2026-08-19 11:03:29,SPX,7739.97,7732.63,7740.0,514,546,0.1055,0.006039
2026-08-19 11:03:29,SPX,7739.97,7732.63,7735.0,392,464,0.1069,0.006039
2026-08-19 11:03:29,SPX,7739.97,7732.63,7745.0,807,1363,0.1044,0.006039
2026-08-19 11:03:29,SPX,7739.97,7732.63,7730.0,808,740,0.108,0.006039
2026-08-19 11:03:29,SPX,7739.97,7732.63,7750.0,3988,2300,0.1034,0.006039
2026-08-19 11:03:29,SPX,7739.97,7732.63,7725.0,947,1392,0.1097,0.006039
2026-08-19 11:03:29,SPX,7739.97,7732.63,7755.0,898,734,0.1024,0.006039
2026-08-19 11:03:29,SPX,7739.97,7732.63,7720.0,1363,875,0.1114,0.006039
2026-08-19 11:03:29,SPX,7739.97,7732.63,7760.0,1074,815,0.1015,0.006039
2026-08-19 11:03:29,SPX,7739.97,7732.63,7715.0,976,1163,0.112,0.006039
2026-08-19 11:03:29,SPX,7739.97,7732.63,7765.0,935,461,0.1006,0.006039
2026-08-19 11:03:29,SPX,7739.97,7732.63,7710.0,550,1191,0.1136,0.006039
2026-08-19 11:03:29,SPX,7739.97,7732.63,7770.0,1554,597,0.1,0.006039
2026-08-19 11:03:29,SPX,7739.97,7732.63,7705.0,684,1127,0.1161,0.006039
2026-08-19 11:03:29,SPX,7739.97,7732.63,7775.0,2285,836,0.0994,0.006039
2026-08-19 11:03:29,SPX,7739.97,7732.63,7700.0,2557,3015,0.1176,0.006039
2026-08-19 11:03:29,SPX,7739.97,7732.63,7780.0,1339,1096,0.0991,0.006039
2026-08-19 11:03:29,SPX,7739.97,7732.63,7695.0,473,1970,0.1185,0.006039
2026-08-19 11:03:29,SPX,7739.97,7732.63,7785.0,2220,737,0.0986,0.006039
2026-08-19 11:03:29,SPX,7739.97,7732.63,7690.0,478,1184,0.1204,0.006039
2026-08-19 11:03:29,SPX,7739.97,7732.63,7790.0,1388,588,0.0985,0.006039
2026-08-19 11:03:29,SPX,7739.97,7732.63,7685.0,467,3480,0.1219,0.006039
2026-08-19 11:03:29,SPX,7739.97,7732.63,7795.0,665,263,0.0986,0.006039
2026-08-19 11:03:29,SPX,7739.97,7732.63,7680.0,474,937,0.1242,0.006039
2026-08-19 11:03:29,SPX,7739.97,7732.63,7800.0,4632,2050,0.0986,0.006039
2026-08-19 11:03:29,SPX,7739.97,7732.63,7675.0,485,895,0.1253,0.006039
2026-08-19 11:03:29,SPX,7739.97,7732.63,7805.0,886,331,0.0987,0.006039
2026-08-19 11:03:29,SPX,7739.97,7732.63,7670.0,308,1543,0.1276,0.006039
2026-08-19 11:03:29,SPX,7739.97,7732.63,7810.0,1079,279,0.0991,0.006039
2026-08-19 11:03:29,SPX,7739.97,7732.63,7665.0,120,2455,0.1295,0.006039
2026-08-19 11:03:29,SPX,7739.97,7732.63,7815.0,999,157,0.0994,0.006039
2026-08-19 11:03:29,SPX,7739.97,7732.63,7660.0,1540,1078,0.1319,0.006039
2026-08-19 11:03:29,SPX,7739.97,7732.63,7820.0,1691,223,0.0996,0.006039
2026-08-19 11:03:29,SPX,7739.97,7732.63,7655.0,131,1104,0.1337,0.006039
2026-08-19 11:03:29,SPX,7739.97,7732.63,7825.0,1324,167,0.0998,0.006039
2026-08-19 11:03:29,SPX,7739.97,7732.63,7650.0,1038,3990,0.1354,0.006039
2026-08-19 11:03:29,SPX,7739.97,7732.63,7830.0,2002,114,0.1001,0.006039
2026-08-19 11:03:29,SPX,7739.97,7732.63,7645.0,152,1102,0.1385,0.006039
2026-08-19 11:03:29,SPX,7739.97,7732.63,7835.0,822,52,0.1005,0.006039
2026-08-19 11:03:29,SPX,7739.97,7732.63,7640.0,511,6618,0.139,0.006039
2026-08-19 11:03:29,SPX,7739.97,7732.63,7840.0,921,90,0.1012,0.006039
2026-08-19 11:03:29,SPX,7739.97,7732.63,7635.0,415,1132,0.1425,0.006039
2026-08-19 11:03:29,SPX,7739.97,7732.63,7845.0,832,23,0.1021,0.006039
2026-08-19 11:03:29,SPX,7739.97,7732.63,7630.0,254,2030,0.1433,0.006039
2026-08-19 11:03:29,SPX,7739.97,7732.63,7850.0,3425,273,0.1033,0.006039
2026-08-19 11:03:29,SPX,7739.97,7732.63,7625.0,677,2703,0.1449,0.006039
2026-08-19 11:03:29,SPX,7739.97,7732.63,7855.0,523,88,0.1045,0.006039
2026-08-19 11:03:29,SPX,7739.97,7732.63,7620.0,440,3118,0.1474,0.006039
2026-08-19 11:03:29,SPX,7739.97,7732.63,7860.0,970,15,0.1058,0.006039
2026-08-19 11:03:29,SPX,7739.97,7732.63,7615.0,189,743,0.1496,0.006039
2026-08-19 11:33:53,SPX,7729.39,7731.46,7730.0,2237,816,0.1226,0.000506
2026-08-19 11:33:53,SPX,7729.39,7731.46,7725.0,5879,4271,0.1256,0.000506
2026-08-19 11:33:53,SPX,7729.39,7731.46,7735.0,1976,3316,0.1203,0.000506
2026-08-19 11:33:53,SPX,7729.39,7731.46,7720.0,951,5428,0.1284,0.000506
2026-08-19 11:33:53,SPX,7729.39,7731.46,7740.0,1717,604,0.1181,0.000506
2026-08-19 11:33:53,SPX,7729.39,7731.46,7715.0,1618,537,0.1318,0.000506
2026-08-19 11:33:53,SPX,7729.39,7731.46,7745.0,1561,1535,0.1181,0.000506
2026-08-19 11:33:53,SPX,7729.39,7731.46,7710.0,1748,646,0.1361,0.000506
2026-08-19 11:33:53,SPX,7729.39,7731.46,7750.0,4447,3907,0.1172,0.000506
2026-08-19 11:33:53,SPX,7729.39,7731.46,7705.0,1039,1097,0.141,0.000506
2026-08-19 11:33:53,SPX,7729.39,7731.46,7755.0,1318,857,0.118,0.000506
2026-08-19 11:33:53,SPX,7729.39,7731.46,7700.0,2637,4400,0.1458,0.000506
2026-08-19 11:33:53,SPX,7729.39,7731.46,7760.0,2144,487,0.1212,0.000506
2026-08-19 11:33:53,SPX,7729.39,7731.46,7695.0,741,2397,0.1525,0.000506
2026-08-19 11:33:53,SPX,7729.39,7731.46,7765.0,1529,486,0.1247,0.000506
2026-08-19 11:33:53,SPX,7729.39,7731.46,7690.0,314,1819,0.1562,0.000506
2026-08-19 11:33:53,SPX,7729.39,7731.46,7770.0,2699,335,0.1299,0.000506
2026-08-19 11:33:53,SPX,7729.39,7731.46,7685.0,273,1495,0.1647,0.000506
2026-08-19 11:33:53,SPX,7729.39,7731.46,7775.0,4151,408,0.1368,0.000506
2026-08-19 11:33:53,SPX,7729.39,7731.46,7680.0,221,1827,0.1694,0.000506
2026-08-19 11:33:53,SPX,7729.39,7731.46,7780.0,1895,436,0.1445,0.000506
2026-08-19 11:33:53,SPX,7729.39,7731.46,7675.0,332,2041,0.1805,0.000506
2026-08-19 11:33:53,SPX,7729.39,7731.46,7785.0,1053,293,0.1523,0.000506
2026-08-19 11:33:53,SPX,7729.39,7731.46,7670.0,190,1512,0.1869,0.000506
2026-08-19 11:33:53,SPX,7729.39,7731.46,7790.0,1461,216,0.16,0.000506
2026-08-19 11:33:53,SPX,7729.39,7731.46,7665.0,53,1546,0.1925,0.000506
2026-08-19 11:33:53,SPX,7729.39,7731.46,7795.0,1420,128,0.1675,0.000506
2026-08-19 11:33:53,SPX,7729.39,7731.46,7660.0,117,1880,0.1978,0.000506
2026-08-19 11:33:53,SPX,7729.39,7731.46,7800.0,3548,529,0.1751,0.000506
2026-08-19 11:33:53,SPX,7729.39,7731.46,7655.0,113,1219,0.2051,0.000506
2026-08-19 11:33:53,SPX,7729.39,7731.46,7805.0,3066,117,0.1833,0.000506
2026-08-19 11:33:53,SPX,7729.39,7731.46,7650.0,450,2867,0.2154,0.000506
2026-08-19 11:33:53,SPX,7729.39,7731.46,7810.0,632,124,0.1922,0.000506
2026-08-19 11:33:53,SPX,7729.39,7731.46,7645.0,30,2071,0.2259,0.000506
2026-08-19 11:33:53,SPX,7729.39,7731.46,7815.0,767,95,0.2016,0.000506
2026-08-19 11:33:53,SPX,7729.39,7731.46,7640.0,182,1353,0.2359,0.000506
2026-08-19 11:33:53,SPX,7729.39,7731.46,7820.0,746,65,0.2112,0.000506
2026-08-19 11:33:53,SPX,7729.39,7731.46,7635.0,105,889,0.2449,0.000506
2026-08-19 11:33:53,SPX,7729.39,7731.46,7825.0,1104,40,0.221,0.000506
2026-08-19 11:33:53,SPX,7729.39,7731.46,7630.0,164,4738,0.2528,0.000506
2026-08-19 11:33:53,SPX,7729.39,7731.46,7830.0,1446,23,0.231,0.000506
2026-08-19 11:33:53,SPX,7729.39,7731.46,7625.0,162,2790,0.26,0.000506
2026-08-19 11:33:53,SPX,7729.39,7731.46,7835.0,2383,32,0.2409,0.000506
2026-08-19 11:33:53,SPX,7729.39,7731.46,7620.0,69,4541,0.267,0.000506
2026-08-19 11:33:53,SPX,7729.39,7731.46,7840.0,671,26,0.2505,0.000506
2026-08-19 11:33:53,SPX,7729.39,7731.46,7615.0,29,1484,0.2744,0.000506
2026-08-19 11:33:53,SPX,7729.39,7731.46,7845.0,544,20,0.2594,0.000506
2026-08-19 11:33:53,SPX,7729.39,7731.46,7610.0,110,1216,0.2827,0.000506
2026-08-19 11:33:53,SPX,7729.39,7731.46,7850.0,7215,56,0.2675,0.000506
2026-08-19 11:33:53,SPX,7729.39,7731.46,7605.0,49,1392,0.2916,0.000506
2026-08-19 11:33:53,SPX,7729.39,7731.46,7730.0,361,373,0.104,0.003244
2026-08-19 11:33:53,SPX,7729.39,7731.46,7725.0,390,431,0.1051,0.003244
2026-08-19 11:33:53,SPX,7729.39,7731.46,7735.0,143,411,0.1027,0.003244
2026-08-19 11:33:53,SPX,7729.39,7731.46,7720.0,128,324,0.1066,0.003244
2026-08-19 11:33:53,SPX,7729.39,7731.46,7740.0,1307,584,0.1014,0.003244
2026-08-19 11:33:53,SPX,7729.39,7731.46,7715.0,142,203,0.1082,0.003244
2026-08-19 11:33:53,SPX,7729.39,7731.46,7745.0,206,268,0.1002,0.003244
2026-08-19 11:33:53,SPX,7729.39,7731.46,7710.0,365,365,0.1099,0.003244
2026-08-19 11:33:53,SPX,7729.39,7731.46,7750.0,1148,1313,0.099,0.003244
2026-08-19 11:33:53,SPX,7729.39,7731.46,7705.0,348,251,0.1112,0.003244
2026-08-19 11:33:53,SPX,7729.39,7731.46,7755.0,2288,288,0.0982,0.003244
2026-08-19 11:33:53,SPX,7729.39,7731.46,7700.0,686,1609,0.1141,0.003244
2026-08-19 11:33:53,SPX,7729.39,7731.46,7760.0,2276,177,0.0979,0.003244
2026-08-19 11:33:53,SPX,7729.39,7731.46,7695.0,279,921,0.1159,0.003244
2026-08-19 11:33:53,SPX,7729.39,7731.46,7765.0,271,226,0.098,0.003244
2026-08-19 11:33:53,SPX,7729.39,7731.46,7690.0,142,484,0.1176,0.003244
2026-08-19 11:33:53,SPX,7729.39,7731.46,7770.0,1611,221,0.0982,0.003244
2026-08-19 11:33:53,SPX,7729.39,7731.46,7685.0,137,789,0.1195,0.003244
2026-08-19 11:33:53,SPX,7729.39,7731.46,7775.0,799,278,0.0984,0.003244
2026-08-19 11:33:53,SPX,7729.39,7731.46,7680.0,85,577,0.1215,0.003244
2026-08-19 11:33:53,SPX,7729.39,7731.46,7780.0,433,419,0.0984,0.003244
2026-08-19 11:33:53,SPX,7729.39,7731.46,7675.0,242,308,0.1235,0.003244
2026-08-19 11:33:53,SPX,7729.39,7731.46,7785.0,447,175,0.0986,0.003244
2026-08-19 11:33:53,SPX,7729.39,7731.46,7670.0,106,335,0.1268,0.003244
2026-08-19 11:33:53,SPX,7729.39,7731.46,7790.0,417,177,0.0988,0.003244
2026-08-19 11:33:53,SPX,7729.39,7731.46,7665.0,90,239,0.1277,0.003244
2026-08-19 11:33:53,SPX,7729.39,7731.46,7795.0,320,202,0.0993,0.003244
2026-08-19 11:33:53,SPX,7729.39,7731.46,7660.0,242,388,0.1299,0.003244
2026-08-19 11:33:53,SPX,7729.39,7731.46,7800.0,1621,272,0.1001,0.003244
2026-08-19 11:33:53,SPX,7729.39,7731.46,7655.0,32,266,0.1331,0.003244
2026-08-19 11:33:53,SPX,7729.39,7731.46,7805.0,673,241,0.1012,0.003244
2026-08-19 11:33:53,SPX,7729.39,7731.46,7650.0,474,2902,0.1354,0.003244
2026-08-19 11:33:53,SPX,7729.39,7731.46,7810.0,465,79,0.1028,0.003244
2026-08-19 11:33:53,SPX,7729.39,7731.46,7645.0,29,2319,0.1378,0.003244
2026-08-19 11:33:53,SPX,7729.39,7731.46,7815.0,349,35,0.1046,0.003244
2026-08-19 11:33:53,SPX,7729.39,7731.46,7640.0,62,656,0.1395,0.003244
2026-08-19 11:33:53,SPX,7729.39,7731.46,7820.0,476,37,0.1068,0.003244
2026-08-19 11:33:53,SPX,7729.39,7731.46,7635.0,71,1080,0.1421,0.003244
2026-08-19 11:33:53,SPX,7729.39,7731.46,7825.0,295,44,0.1092,0.003244
2026-08-19 11:33:53,SPX,7729.39,7731.46,7630.0,62,560,0.1455,0.003244
2026-08-19 11:33:53,SPX,7729.39,7731.46,7830.0,482,10,0.1118,0.003244
2026-08-19 11:33:53,SPX,7729.39,7731.46,7625.0,180,1940,0.1471,0.003244
2026-08-19 11:33:53,SPX,7729.39,7731.46,7835.0,241,8,0.1146,0.003244
2026-08-19 11:33:53,SPX,7729.39,7731.46,7620.0,54,1427,0.1505,0.003244
2026-08-19 11:33:53,SPX,7729.39,7731.46,7840.0,763,6,0.1175,0.003244
2026-08-19 11:33:53,SPX,7729.39,7731.46,7615.0,82,431,0.1538,0.003244
2026-08-19 11:33:53,SPX,7729.39,7731.46,7845.0,417,7,0.1205,0.003244
2026-08-19 11:33:53,SPX,7729.39,7731.46,7610.0,42,616,0.156,0.003244
2026-08-19 11:33:53,SPX,7729.39,7731.46,7850.0,841,8,0.1236,0.003244
2026-08-19 11:33:53,SPX,7729.39,7731.46,7605.0,157,1092,0.158,0.003244
2026-08-19 11:33:53,SPX,7729.39,7731.46,7730.0,808,740,0.1051,0.005982
2026-08-19 11:33:53,SPX,7729.39,7731.46,7725.0,947,1392,0.1062,0.005982
2026-08-19 11:33:53,SPX,7729.39,7731.46,7735.0,392,464,0.1039,0.005982
2026-08-19 11:33:53,SPX,7729.39,7731.46,7720.0,1363,875,0.1075,0.005982
2026-08-19 11:33:53,SPX,7729.39,7731.46,7740.0,514,546,0.1027,0.005982
2026-08-19 11:33:53,SPX,7729.39,7731.46,7715.0,976,1163,0.1086,0.005982
2026-08-19 11:33:53,SPX,7729.39,7731.46,7745.0,807,1363,0.1019,0.005982
2026-08-19 11:33:53,SPX,7729.39,7731.46,7710.0,550,1191,0.11,0.005982
2026-08-19 11:33:53,SPX,7729.39,7731.46,7750.0,3988,2300,0.1013,0.005982
2026-08-19 11:33:53,SPX,7729.39,7731.46,7705.0,684,1127,0.1113,0.005982
2026-08-19 11:33:53,SPX,7729.39,7731.46,7755.0,898,734,0.1007,0.005982
2026-08-19 11:33:53,SPX,7729.39,7731.46,7700.0,2557,3015,0.1129,0.005982
2026-08-19 11:33:53,SPX,7729.39,7731.46,7760.0,1074,815,0.1001,0.005982
2026-08-19 11:33:53,SPX,7729.39,7731.46,7695.0,473,1970,0.1152,0.005982
2026-08-19 11:33:53,SPX,7729.39,7731.46,7765.0,935,461,0.0997,0.005982
2026-08-19 11:33:53,SPX,7729.39,7731.46,7690.0,478,1184,0.1163,0.005982
2026-08-19 11:33:53,SPX,7729.39,7731.46,7770.0,1554,597,0.0993,0.005982
2026-08-19 11:33:53,SPX,7729.39,7731.46,7685.0,467,3480,0.1177,0.005982
2026-08-19 11:33:53,SPX,7729.39,7731.46,7775.0,2285,836,0.0991,0.005982
2026-08-19 11:33:53,SPX,7729.39,7731.46,7680.0,474,937,0.1194,0.005982
2026-08-19 11:33:53,SPX,7729.39,7731.46,7780.0,1339,1096,0.0989,0.005982
2026-08-19 11:33:53,SPX,7729.39,7731.46,7675.0,485,895,0.1212,0.005982
2026-08-19 11:33:53,SPX,7729.39,7731.46,7785.0,2220,737,0.0986,0.005982
2026-08-19 11:33:53,SPX,7729.39,7731.46,7670.0,308,1543,0.1233,0.005982
2026-08-19 11:33:53,SPX,7729.39,7731.46,7790.0,1388,588,0.0983,0.005982
2026-08-19 11:33:53,SPX,7729.39,7731.46,7665.0,120,2455,0.1247,0.005982
2026-08-19 11:33:53,SPX,7729.39,7731.46,7795.0,665,263,0.0982,0.005982
2026-08-19 11:33:53,SPX,7729.39,7731.46,7660.0,1540,1078,0.1266,0.005982
2026-08-19 11:33:53,SPX,7729.39,7731.46,7800.0,4632,2050,0.0982,0.005982
2026-08-19 11:33:53,SPX,7729.39,7731.46,7655.0,131,1104,0.1282,0.005982
2026-08-19 11:33:53,SPX,7729.39,7731.46,7805.0,886,331,0.0984,0.005982
2026-08-19 11:33:53,SPX,7729.39,7731.46,7650.0,1038,3990,0.1301,0.005982
2026-08-19 11:33:53,SPX,7729.39,7731.46,7810.0,1079,279,0.0989,0.005982
2026-08-19 11:33:53,SPX,7729.39,7731.46,7645.0,152,1102,0.1324,0.005982
2026-08-19 11:33:53,SPX,7729.39,7731.46,7815.0,999,157,0.0996,0.005982
2026-08-19 11:33:53,SPX,7729.39,7731.46,7640.0,511,6618,0.1348,0.005982
2026-08-19 11:33:53,SPX,7729.39,7731.46,7820.0,1691,223,0.1004,0.005982
2026-08-19 11:33:53,SPX,7729.39,7731.46,7635.0,415,1132,0.1358,0.005982
2026-08-19 11:33:53,SPX,7729.39,7731.46,7825.0,1324,167,0.1014,0.005982
2026-08-19 11:33:53,SPX,7729.39,7731.46,7630.0,254,2030,0.139,0.005982
2026-08-19 11:33:53,SPX,7729.39,7731.46,7830.0,2002,114,0.1024,0.005982
2026-08-19 11:33:53,SPX,7729.39,7731.46,7625.0,677,2703,0.1402,0.005982
2026-08-19 11:33:53,SPX,7729.39,7731.46,7835.0,822,52,0.1035,0.005982
2026-08-19 11:33:53,SPX,7729.39,7731.46,7620.0,440,3118,0.1432,0.005982
2026-08-19 11:33:53,SPX,7729.39,7731.46,7840.0,921,90,0.1045,0.005982
2026-08-19 11:33:53,SPX,7729.39,7731.46,7615.0,189,743,0.1446,0.005982
2026-08-19 11:33:53,SPX,7729.39,7731.46,7845.0,832,23,0.1056,0.005982
2026-08-19 11:33:53,SPX,7729.39,7731.46,7610.0,450,839,0.1459,0.005982
2026-08-19 11:33:53,SPX,7729.39,7731.46,7850.0,3425,273,0.1068,0.005982
2026-08-19 11:33:53,SPX,7729.39,7731.46,7605.0,244,693,0.1487,0.005982
2026-08-19 12:04:17,SPX,7731.97,7730.72,7730.0,2237,816,0.1175,0.000448
2026-08-19 12:04:17,SPX,7731.97,7730.72,7735.0,1976,3316,0.1157,0.000448
2026-08-19 12:04:17,SPX,7731.97,7730.72,7725.0,5879,4271,0.1199,0.000448
2026-08-19 12:04:17,SPX,7731.97,7730.72,7740.0,1717,604,0.1151,0.000448
2026-08-19 12:04:17,SPX,7731.97,7730.72,7720.0,951,5428,0.1224,0.000448
2026-08-19 12:04:17,SPX,7731.97,7730.72,7745.0,1561,1535,0.1158,0.000448
2026-08-19 12:04:17,SPX,7731.97,7730.72,7715.0,1618,537,0.1272,0.000448
2026-08-19 12:04:17,SPX,7731.97,7730.72,7750.0,4447,3907,0.1177,0.000448
2026-08-19 12:04:17,SPX,7731.97,7730.72,7710.0,1748,646,0.1312,0.000448
2026-08-19 12:04:17,SPX,7731.97,7730.72,7755.0,1318,857,0.1195,0.000448
2026-08-19 12:04:17,SPX,7731.97,7730.72,7705.0,1039,1097,0.1358,0.000448
2026-08-19 12:04:17,SPX,7731.97,7730.72,7760.0,2144,487,0.1243,0.000448
2026-08-19 12:04:17,SPX,7731.97,7730.72,7700.0,2637,4400,0.1424,0.000448
2026-08-19 12:04:17,SPX,7731.97,7730.72,7765.0,1529,486,0.1307,0.000448
2026-08-19 12:04:17,SPX,7731.97,7730.72,7695.0,741,2397,0.1481,0.000448
2026-08-19 12:04:17,SPX,7731.97,7730.72,7770.0,2699,335,0.1379,0.000448
2026-08-19 12:04:17,SPX,7731.97,7730.72,7690.0,314,1819,0.1544,0.000448
2026-08-19 12:04:17,SPX,7731.97,7730.72,7775.0,4151,408,0.1448,0.000448
2026-08-19 12:04:17,SPX,7731.97,7730.72,7685.0,273,1495,0.1599,0.000448
2026-08-19 12:04:17,SPX,7731.97,7730.72,7780.0,1895,436,0.1514,0.000448
2026-08-19 12:04:17,SPX,7731.97,7730.72,7680.0,221,1827,0.1694,0.000448
2026-08-19 12:04:17,SPX,7731.97,7730.72,7785.0,1053,293,0.1582,0.000448
2026-08-19 12:04:17,SPX,7731.97,7730.72,7675.0,332,2041,0.176,0.000448
2026-08-19 12:04:17,SPX,7731.97,7730.72,7790.0,1461,216,0.1658,0.000448
2026-08-19 12:04:17,SPX,7731.97,7730.72,7670.0,190,1512,0.185,0.000448
2026-08-19 12:04:17,SPX,7731.97,7730.72,7795.0,1420,128,0.1746,0.000448
2026-08-19 12:04:17,SPX,7731.97,7730.72,7665.0,53,1546,0.1907,0.000448
2026-08-19 12:04:17,SPX,7731.97,7730.72,7800.0,3548,529,0.1845,0.000448
2026-08-19 12:04:17,SPX,7731.97,7730.72,7660.0,117,1880,0.2003,0.000448
2026-08-19 12:04:17,SPX,7731.97,7730.72,7805.0,3066,117,0.195,0.000448
2026-08-19 12:04:17,SPX,7731.97,7730.72,7655.0,113,1219,0.2105,0.000448
2026-08-19 12:04:17,SPX,7731.97,7730.72,7810.0,632,124,0.2056,0.000448
2026-08-19 12:04:17,SPX,7731.97,7730.72,7650.0,450,2867,0.2195,0.000448
2026-08-19 12:04:17,SPX,7731.97,7730.72,7815.0,767,95,0.2162,0.000448
2026-08-19 12:04:17,SPX,7731.97,7730.72,7645.0,30,2071,0.228,0.000448
2026-08-19 12:04:17,SPX,7731.97,7730.72,7820.0,746,65,0.2264,0.000448
2026-08-19 12:04:17,SPX,7731.97,7730.72,7640.0,182,1353,0.2369,0.000448
2026-08-19 12:04:17,SPX,7731.97,7730.72,7825.0,1104,40,0.2363,0.000448
2026-08-19 12:04:17,SPX,7731.97,7730.72,7635.0,105,889,0.2461,0.000448
2026-08-19 12:04:17,SPX,7731.97,7730.72,7830.0,1446,23,0.2456,0.000448
2026-08-19 12:04:17,SPX,7731.97,7730.72,7630.0,164,4738,0.2551,0.000448
2026-08-19 12:04:17,SPX,7731.97,7730.72,7835.0,2383,32,0.2542,0.000448
2026-08-19 12:04:17,SPX,7731.97,7730.72,7625.0,162,2790,0.264,0.000448
2026-08-19 12:04:17,SPX,7731.97,7730.72,7840.0,671,26,0.2622,0.000448
2026-08-19 12:04:17,SPX,7731.97,7730.72,7620.0,69,4541,0.2731,0.000448
2026-08-19 12:04:17,SPX,7731.97,7730.72,7845.0,544,20,0.2694,0.000448
2026-08-19 12:04:17,SPX,7731.97,7730.72,7615.0,29,1484,0.2826,0.000448
2026-08-19 12:04:17,SPX,7731.97,7730.72,7850.0,7215,56,0.2759,0.000448
2026-08-19 12:04:17,SPX,7731.97,7730.72,7610.0,110,1216,0.2923,0.000448
2026-08-19 12:04:17,SPX,7731.97,7730.72,7855.0,1485,11,0.2816,0.000448
2026-08-19 12:04:17,SPX,7731.97,7730.72,7730.0,361,373,0.1019,0.003186
2026-08-19 12:04:17,SPX,7731.97,7730.72,7735.0,143,411,0.1006,0.003186
2026-08-19 12:04:17,SPX,7731.97,7730.72,7725.0,390,431,0.1034,0.003186
2026-08-19 12:04:17,SPX,7731.97,7730.72,7740.0,1307,584,0.0995,0.003186
2026-08-19 12:04:17,SPX,7731.97,7730.72,7720.0,128,324,0.1049,0.003186
2026-08-19 12:04:17,SPX,7731.97,7730.72,7745.0,206,268,0.0982,0.003186
2026-08-19 12:04:17,SPX,7731.97,7730.72,7715.0,142,203,0.1066,0.003186
2026-08-19 12:04:17,SPX,7731.97,7730.72,7750.0,1148,1313,0.0971,0.003186
2026-08-19 12:04:17,SPX,7731.97,7730.72,7710.0,365,365,0.1083,0.003186
2026-08-19 12:04:17,SPX,7731.97,7730.72,7755.0,2288,288,0.0963,0.003186
2026-08-19 12:04:17,SPX,7731.97,7730.72,7705.0,348,251,0.1098,0.003186
2026-08-19 12:04:17,SPX,7731.97,7730.72,7760.0,2276,177,0.0958,0.003186
2026-08-19 12:04:17,SPX,7731.97,7730.72,7700.0,686,1609,0.1127,0.003186
2026-08-19 12:04:17,SPX,7731.97,7730.72,7765.0,271,226,0.0956,0.003186
2026-08-19 12:04:17,SPX,7731.97,7730.72,7695.0,279,921,0.1145,0.003186
2026-08-19 12:04:17,SPX,7731.97,7730.72,7770.0,1611,221,0.0957,0.003186
2026-08-19 12:04:17,SPX,7731.97,7730.72,7690.0,142,484,0.1163,0.003186
2026-08-19 12:04:17,SPX,7731.97,7730.72,7775.0,799,278,0.096,0.003186
2026-08-19 12:04:17,SPX,7731.97,7730.72,7685.0,137,789,0.1182,0.003186
2026-08-19 12:04:17,SPX,7731.97,7730.72,7780.0,433,419,0.0965,0.003186
2026-08-19 12:04:17,SPX,7731.97,7730.72,7680.0,85,577,0.1202,0.003186
2026-08-19 12:04:17,SPX,7731.97,7730.72,7785.0,447,175,0.0972,0.003186
2026-08-19 12:04:17,SPX,7731.97,7730.72,7675.0,242,308,0.1237,0.003186
2026-08-19 12:04:17,SPX,7731.97,7730.72,7790.0,417,177,0.0979,0.003186
2026-08-19 12:04:17,SPX,7731.97,7730.72,7670.0,106,335,0.1249,0.003186
2026-08-19 12:04:17,SPX,7731.97,7730.72,7795.0,320,202,0.0988,0.003186
2026-08-19 12:04:17,SPX,7731.97,7730.72,7665.0,90,239,0.1268,0.003186
2026-08-19 12:04:17,SPX,7731.97,7730.72,7800.0,1621,272,0.0999,0.003186
2026-08-19 12:04:17,SPX,7731.97,7730.72,7660.0,242,388,0.1299,0.003186
2026-08-19 12:04:17,SPX,7731.97,7730.72,7805.0,673,241,0.1013,0.003186
2026-08-19 12:04:17,SPX,7731.97,7730.72,7655.0,32,266,0.1323,0.003186
2026-08-19 12:04:17,SPX,7731.97,7730.72,7810.0,465,79,0.1029,0.003186
2026-08-19 12:04:17,SPX,7731.97,7730.72,7650.0,474,2902,0.135,0.003186
2026-08-19 12:04:17,SPX,7731.97,7730.72,7815.0,349,35,0.1049,0.003186
2026-08-19 12:04:17,SPX,7731.97,7730.72,7645.0,29,2319,0.1364,0.003186
2026-08-19 12:04:17,SPX,7731.97,7730.72,7820.0,476,37,0.1072,0.003186
2026-08-19 12:04:17,SPX,7731.97,7730.72,7640.0,62,656,0.1391,0.003186
2026-08-19 12:04:17,SPX,7731.97,7730.72,7825.0,295,44,0.1097,0.003186
2026-08-19 12:04:17,SPX,7731.97,7730.72,7635.0,71,1080,0.1424,0.003186
2026-08-19 12:04:17,SPX,7731.97,7730.72,7830.0,482,10,0.1124,0.003186
2026-08-19 12:04:17,SPX,7731.97,7730.72,7630.0,62,560,0.1437,0.003186
2026-08-19 12:04:17,SPX,7731.97,7730.72,7835.0,241,8,0.1154,0.003186
2026-08-19 12:04:17,SPX,7731.97,7730.72,7625.0,180,1940,0.1473,0.003186
2026-08-19 12:04:17,SPX,7731.97,7730.72,7840.0,763,6,0.1184,0.003186
2026-08-19 12:04:17,SPX,7731.97,7730.72,7620.0,54,1427,0.1502,0.003186
2026-08-19 12:04:17,SPX,7731.97,7730.72,7845.0,417,7,0.1215,0.003186
2026-08-19 12:04:17,SPX,7731.97,7730.72,7615.0,82,431,0.1531,0.003186
2026-08-19 12:04:17,SPX,7731.97,7730.72,7850.0,841,8,0.1247,0.003186
2026-08-19 12:04:17,SPX,7731.97,7730.72,7610.0,42,616,0.1556,0.003186
2026-08-19 12:04:17,SPX,7731.97,7730.72,7855.0,500,71,0.1278,0.003186
2026-08-19 12:04:17,SPX,7731.97,7730.72,7730.0,808,740,0.1044,0.005924
2026-08-19 12:04:17,SPX,7731.97,7730.72,7735.0,392,464,0.1033,0.005924
2026-08-19 12:04:17,SPX,7731.97,7730.72,7725.0,947,1392,0.1056,0.005924
2026-08-19 12:04:17,SPX,7731.97,7730.72,7740.0,514,546,0.1022,0.005924
2026-08-19 12:04:17,SPX,7731.97,7730.72,7720.0,1363,875,0.1068,0.005924
2026-08-19 12:04:17,SPX,7731.97,7730.72,7745.0,807,1363,0.1011,0.005924
2026-08-19 12:04:17,SPX,7731.97,7730.72,7715.0,976,1163,0.1082,0.005924
2026-08-19 12:04:17,SPX,7731.97,7730.72,7750.0,3988,2300,0.1003,0.005924
2026-08-19 12:04:17,SPX,7731.97,7730.72,7710.0,550,1191,0.1095,0.005924
2026-08-19 12:04:17,SPX,7731.97,7730.72,7755.0,898,734,0.0993,0.005924
2026-08-19 12:04:17,SPX,7731.97,7730.72,7705.0,684,1127,0.111,0.005924
2026-08-19 12:04:17,SPX,7731.97,7730.72,7760.0,1074,815,0.0988,0.005924
2026-08-19 12:04:17,SPX,7731.97,7730.72,7700.0,2557,3015,0.1126,0.005924
2026-08-19 12:04:17,SPX,7731.97,7730.72,7765.0,935,461,0.0984,0.005924
2026-08-19 12:04:17,SPX,7731.97,7730.72,7695.0,473,1970,0.1146,0.005924
2026-08-19 12:04:17,SPX,7731.97,7730.72,7770.0,1554,597,0.098,0.005924
2026-08-19 12:04:17,SPX,7731.97,7730.72,7690.0,478,1184,0.1158,0.005924
2026-08-19 12:04:17,SPX,7731.97,7730.72,7775.0,2285,836,0.0978,0.005924
2026-08-19 12:04:17,SPX,7731.97,7730.72,7685.0,467,3480,0.117,0.005924
2026-08-19 12:04:17,SPX,7731.97,7730.72,7780.0,1339,1096,0.0976,0.005924
2026-08-19 12:04:17,SPX,7731.97,7730.72,7680.0,474,937,0.1191,0.005924
2026-08-19 12:04:17,SPX,7731.97,7730.72,7785.0,2220,737,0.0975,0.005924
2026-08-19 12:04:17,SPX,7731.97,7730.72,7675.0,485,895,0.1208,0.005924
2026-08-19 12:04:17,SPX,7731.97,7730.72,7790.0,1388,588,0.0974,0.005924
2026-08-19 12:04:17,SPX,7731.97,7730.72,7670.0,308,1543,0.1226,0.005924
2026-08-19 12:04:17,SPX,7731.97,7730.72,7795.0,665,263,0.0976,0.005924
2026-08-19 12:04:17,SPX,7731.97,7730.72,7665.0,120,2455,0.1247,0.005924
2026-08-19 12:04:17,SPX,7731.97,7730.72,7800.0,4632,2050,0.0977,0.005924
2026-08-19 12:04:17,SPX,7731.97,7730.72,7660.0,1540,1078,0.1265,0.005924
2026-08-19 12:04:17,SPX,7731.97,7730.72,7805.0,886,331,0.0977,0.005924
2026-08-19 12:04:17,SPX,7731.97,7730.72,7655.0,131,1104,0.1286,0.005924
2026-08-19 12:04:17,SPX,7731.97,7730.72,7810.0,1079,279,0.0979,0.005924
2026-08-19 12:04:17,SPX,7731.97,7730.72,7650.0,1038,3990,0.1305,0.005924
2026-08-19 12:04:17,SPX,7731.97,7730.72,7815.0,999,157,0.0984,0.005924
2026-08-19 12:04:17,SPX,7731.97,7730.72,7645.0,152,1102,0.1327,0.005924
2026-08-19 12:04:17,SPX,7731.97,7730.72,7820.0,1691,223,0.0992,0.005924
2026-08-19 12:04:17,SPX,7731.97,7730.72,7640.0,511,6618,0.1351,0.005924
2026-08-19 12:04:17,SPX,7731.97,7730.72,7825.0,1324,167,0.1002,0.005924
2026-08-19 12:04:17,SPX,7731.97,7730.72,7635.0,415,1132,0.1358,0.005924
2026-08-19 12:04:17,SPX,7731.97,7730.72,7830.0,2002,114,0.1015,0.005924
2026-08-19 12:04:17,SPX,7731.97,7730.72,7630.0,254,2030,0.1389,0.005924
2026-08-19 12:04:17,SPX,7731.97,7730.72,7835.0,822,52,0.1029,0.005924
2026-08-19 12:04:17,SPX,7731.97,7730.72,7625.0,677,2703,0.1399,0.005924
2026-08-19 12:04:17,SPX,7731.97,7730.72,7840.0,921,90,0.1043,0.005924
2026-08-19 12:04:17,SPX,7731.97,7730.72,7620.0,440,3118,0.1437,0.005924
2026-08-19 12:04:17,SPX,7731.97,7730.72,7845.0,832,23,0.1057,0.005924
2026-08-19 12:04:17,SPX,7731.97,7730.72,7615.0,189,743,0.1441,0.005924
2026-08-19 12:04:17,SPX,7731.97,7730.72,7850.0,3425,273,0.1071,0.005924
2026-08-19 12:04:17,SPX,7731.97,7730.72,7610.0,450,839,0.1464,0.005924
2026-08-19 12:04:17,SPX,7731.97,7730.72,7855.0,523,88,0.1085,0.005924
2026-08-19 12:34:41,SPX,7726.52,7727.58,7725.0,5879,4271,0.1287,0.00039
2026-08-19 12:34:41,SPX,7726.52,7727.58,7730.0,2237,816,0.1256,0.00039
2026-08-19 12:34:41,SPX,7726.52,7727.58,7720.0,951,5428,0.1452,0.00039
2026-08-19 12:34:41,SPX,7726.52,7727.58,7735.0,1976,0,0.1241,0.00039
2026-08-19 12:34:41,SPX,7726.52,7727.58,7715.0,0,537,0.1346,0.00039
2026-08-19 12:34:41,SPX,7726.52,7727.58,7740.0,1717,604,0.1233,0.00039
2026-08-19 12:34:41,SPX,7726.52,7727.58,7710.0,1748,646,0.1393,0.00039
2026-08-19 12:34:41,SPX,7726.52,7727.58,7745.0,1561,1535,0.123,0.00039
2026-08-19 12:34:41,SPX,7726.52,7727.58,7705.0,1039,1097,0.1448,0.00039
2026-08-19 12:34:41,SPX,7726.52,7727.58,7750.0,4447,3907,0.1246,0.00039
2026-08-19 12:34:41,SPX,7726.52,7727.58,7700.0,2637,4400,0.152,0.00039
2026-08-19 12:34:41,SPX,7726.52,7727.58,7755.0,1318,857,0.128,0.00039
2026-08-19 12:34:41,SPX,7726.52,7727.58,7695.0,741,2397,0.1572,0.00039
2026-08-19 12:34:41,SPX,7726.52,7727.58,7760.0,2144,487,0.1333,0.00039
2026-08-19 12:34:41,SPX,7726.52,7727.58,7690.0,314,1819,0.1666,0.00039
2026-08-19 12:34:41,SPX,7726.52,7727.58,7765.0,1529,486,0.1398,0.00039
2026-08-19 12:34:41,SPX,7726.52,7727.58,7685.0,273,1495,0.1725,0.00039
2026-08-19 12:34:41,SPX,7726.52,7727.58,7770.0,2699,335,0.1471,0.00039
2026-08-19 12:34:41,SPX,7726.52,7727.58,7680.0,221,1827,0.183,0.00039
2026-08-19 12:34:41,SPX,7726.52,7727.58,7775.0,4151,408,0.1553,0.00039
2026-08-19 12:34:41,SPX,7726.52,7727.58,7675.0,332,2041,0.1913,0.00039
2026-08-19 12:34:41,SPX,7726.52,7727.58,7780.0,1895,436,0.1641,0.00039
2026-08-19 12:34:41,SPX,7726.52,7727.58,7670.0,190,1512,0.2008,0.00039
2026-08-19 12:34:41,SPX,7726.52,7727.58,7785.0,1053,293,0.1737,0.00039
2026-08-19 12:34:41,SPX,7726.52,7727.58,7665.0,53,1546,0.209,0.00039
2026-08-19 12:34:41,SPX,7726.52,7727.58,7790.0,1461,216,0.1841,0.00039
2026-08-19 12:34:41,SPX,7726.52,7727.58,7660.0,117,1880,0.2178,0.00039
2026-08-19 12:34:41,SPX,7726.52,7727.58,7795.0,1420,128,0.1948,0.00039
2026-08-19 12:34:41,SPX,7726.52,7727.58,7655.0,113,1219,0.2282,0.00039
2026-08-19 12:34:41,SPX,7726.52,7727.58,7800.0,3548,529,0.2054,0.00039
2026-08-19 12:34:41,SPX,7726.52,7727.58,7650.0,450,2867,0.2387,0.00039
2026-08-19 12:34:41,SPX,7726.52,7727.58,7805.0,3066,117,0.2159,0.00039
2026-08-19 12:34:41,SPX,7726.52,7727.58,7645.0,30,2071,0.2484,0.00039
2026-08-19 12:34:41,SPX,7726.52,7727.58,7810.0,632,124,0.2259,0.00039
2026-08-19 12:34:41,SPX,7726.52,7727.58,7640.0,182,1353,0.2574,0.00039
2026-08-19 12:34:41,SPX,7726.52,7727.58,7815.0,767,95,0.2355,0.00039
2026-08-19 12:34:41,SPX,7726.52,7727.58,7635.0,105,889,0.266,0.00039
2026-08-19 12:34:41,SPX,7726.52,7727.58,7820.0,746,65,0.2446,0.00039
2026-08-19 12:34:41,SPX,7726.52,7727.58,7630.0,164,4738,0.2745,0.00039
2026-08-19 12:34:41,SPX,7726.52,7727.58,7825.0,1104,40,0.2531,0.00039
2026-08-19 12:34:41,SPX,7726.52,7727.58,7625.0,162,2790,0.2832,0.00039
2026-08-19 12:34:41,SPX,7726.52,7727.58,7830.0,1446,23,0.261,0.00039
2026-08-19 12:34:41,SPX,7726.52,7727.58,7620.0,69,4541,0.2922,0.00039
2026-08-19 12:34:41,SPX,7726.52,7727.58,7835.0,2383,32,0.2682,0.00039
2026-08-19 12:34:41,SPX,7726.52,7727.58,7615.0,29,1484,0.3016,0.00039
2026-08-19 12:34:41,SPX,7726.52,7727.58,7840.0,671,26,0.2746,0.00039
2026-08-19 12:34:41,SPX,7726.52,7727.58,7610.0,110,1216,0.3115,0.00039
2026-08-19 12:34:41,SPX,7726.52,7727.58,7845.0,544,20,0.2802,0.00039
2026-08-19 12:34:41,SPX,7726.52,7727.58,7605.0,49,1392,0.3218,0.00039
2026-08-19 12:34:41,SPX,7726.52,7727.58,7850.0,7215,56,0.2851,0.00039
2026-08-19 12:34:41,SPX,7726.52,7727.58,7725.0,390,431,0.1045,0.003128
2026-08-19 12:34:41,SPX,7726.52,7727.58,7730.0,361,373,0.1034,0.003128
2026-08-19 12:34:41,SPX,7726.52,7727.58,7720.0,128,324,0.106,0.003128
2026-08-19 12:34:41,SPX,7726.52,7727.58,7735.0,143,411,0.1022,0.003128
2026-08-19 12:34:41,SPX,7726.52,7727.58,7715.0,142,203,0.1075,0.003128
2026-08-19 12:34:41,SPX,7726.52,7727.58,7740.0,1307,584,0.101,0.003128
2026-08-19 12:34:41,SPX,7726.52,7727.58,7710.0,365,365,0.109,0.003128
2026-08-19 12:34:41,SPX,7726.52,7727.58,7745.0,206,268,0.0999,0.003128
2026-08-19 12:34:41,SPX,7726.52,7727.58,7705.0,348,251,0.1112,0.003128
2026-08-19 12:34:41,SPX,7726.52,7727.58,7750.0,1148,1313,0.0988,0.003128
2026-08-19 12:34:41,SPX,7726.52,7727.58,7700.0,686,1609,0.113,0.003128
2026-08-19 12:34:41,SPX,7726.52,7727.58,7755.0,2288,288,0.0979,0.003128
2026-08-19 12:34:41,SPX,7726.52,7727.58,7695.0,279,921,0.1146,0.003128
2026-08-19 12:34:41,SPX,7726.52,7727.58,7760.0,2276,177,0.0974,0.003128
2026-08-19 12:34:41,SPX,7726.52,7727.58,7690.0,142,484,0.1179,0.003128
2026-08-19 12:34:41,SPX,7726.52,7727.58,7765.0,271,226,0.0974,0.003128
2026-08-19 12:34:41,SPX,7726.52,7727.58,7685.0,137,789,0.1194,0.003128
2026-08-19 12:34:41,SPX,7726.52,7727.58,7770.0,1611,221,0.0976,0.003128
2026-08-19 12:34:41,SPX,7726.52,7727.58,7680.0,85,577,0.1217,0.003128
2026-08-19 12:34:41,SPX,7726.52,7727.58,7775.0,799,278,0.098,0.003128
2026-08-19 12:34:41,SPX,7726.52,7727.58,7675.0,242,308,0.1236,0.003128
2026-08-19 12:34:41,SPX,7726.52,7727.58,7780.0,433,419,0.0985,0.003128
2026-08-19 12:34:41,SPX,7726.52,7727.58,7670.0,106,335,0.1266,0.003128
2026-08-19 12:34:41,SPX,7726.52,7727.58,7785.0,447,175,0.099,0.003128
2026-08-19 12:34:41,SPX,7726.52,7727.58,7665.0,90,239,0.1282,0.003128
2026-08-19 12:34:41,SPX,7726.52,7727.58,7790.0,417,177,0.0997,0.003128
2026-08-19 12:34:41,SPX,7726.52,7727.58,7660.0,242,388,0.1307,0.003128
2026-08-19 12:34:41,SPX,7726.52,7727.58,7795.0,320,202,0.1006,0.003128
2026-08-19 12:34:41,SPX,7726.52,7727.58,7655.0,32,266,0.134,0.003128
2026-08-19 12:34:41,SPX,7726.52,7727.58,7800.0,1621,272,0.1016,0.003128
2026-08-19 12:34:41,SPX,7726.52,7727.58,7650.0,474,2902,0.1364,0.003128
2026-08-19 12:34:41,SPX,7726.52,7727.58,7805.0,673,241,0.1029,0.003128
2026-08-19 12:34:41,SPX,7726.52,7727.58,7645.0,29,2319,0.1386,0.003128
2026-08-19 12:34:41,SPX,7726.52,7727.58,7810.0,465,79,0.1046,0.003128
2026-08-19 12:34:41,SPX,7726.52,7727.58,7640.0,62,656,0.14,0.003128
2026-08-19 12:34:41,SPX,7726.52,7727.58,7815.0,349,35,0.1065,0.003128
2026-08-19 12:34:41,SPX,7726.52,7727.58,7635.0,71,1080,0.1429,0.003128
2026-08-19 12:34:41,SPX,7726.52,7727.58,7820.0,476,37,0.1087,0.003128
2026-08-19 12:34:41,SPX,7726.52,7727.58,7630.0,62,560,0.1468,0.003128
2026-08-19 12:34:41,SPX,7726.52,7727.58,7825.0,295,44,0.1112,0.003128
2026-08-19 12:34:41,SPX,7726.52,7727.58,7625.0,180,1940,0.1483,0.003128
2026-08-19 12:34:41,SPX,7726.52,7727.58,7830.0,482,10,0.1139,0.003128
2026-08-19 12:34:41,SPX,7726.52,7727.58,7620.0,54,1427,0.1514,0.003128
2026-08-19 12:34:41,SPX,7726.52,7727.58,7835.0,241,8,0.1167,0.003128
2026-08-19 12:34:41,SPX,7726.52,7727.58,7615.0,82,431,0.1541,0.003128
2026-08-19 12:34:41,SPX,7726.52,7727.58,7840.0,763,6,0.1197,0.003128
2026-08-19 12:34:41,SPX,7726.52,7727.58,7610.0,42,616,0.1565,0.003128
2026-08-19 12:34:41,SPX,7726.52,7727.58,7845.0,417,7,0.1228,0.003128
2026-08-19 12:34:41,SPX,7726.52,7727.58,7605.0,157,1092,0.1589,0.003128
2026-08-19 12:34:41,SPX,7726.52,7727.58,7850.0,841,8,0.1259,0.003128
2026-08-19 12:34:41,SPX,7726.52,7727.58,7725.0,947,1392,0.105,0.005866
2026-08-19 12:34:41,SPX,7726.52,7727.58,7730.0,808,740,0.1037,0.005866
2026-08-19 12:34:41,SPX,7726.52,7727.58,7720.0,1363,875,0.106,0.005866
2026-08-19 12:34:41,SPX,7726.52,7727.58,7735.0,392,464,0.1026,0.005866
2026-08-19 12:34:41,SPX,7726.52,7727.58,7715.0,976,1163,0.1073,0.005866
2026-08-19 12:34:41,SPX,7726.52,7727.58,7740.0,514,546,0.1016,0.005866
2026-08-19 12:34:41,SPX,7726.52,7727.58,7710.0,550,1191,0.1087,0.005866
2026-08-19 12:34:41,SPX,7726.52,7727.58,7745.0,807,1363,0.1007,0.005866
2026-08-19 12:34:41,SPX,7726.52,7727.58,7705.0,684,1127,0.1107,0.005866
2026-08-19 12:34:41,SPX,7726.52,7727.58,7750.0,3988,2300,0.1,0.005866
2026-08-19 12:34:41,SPX,7726.52,7727.58,7700.0,2557,3015,0.1121,0.005866
2026-08-19 12:34:41,SPX,7726.52,7727.58,7755.0,898,734,0.0993,0.005866
2026-08-19 12:34:41,SPX,7726.52,7727.58,7695.0,473,1970,0.113,0.005866
2026-08-19 12:34:41,SPX,7726.52,7727.58,7760.0,1074,815,0.099,0.005866
2026-08-19 12:34:41,SPX,7726.52,7727.58,7690.0,478,1184,0.1152,0.005866
2026-08-19 12:34:41,SPX,7726.52,7727.58,7765.0,935,461,0.0984,0.005866
2026-08-19 12:34:41,SPX,7726.52,7727.58,7685.0,467,3480,0.1172,0.005866
2026-08-19 12:34:41,SPX,7726.52,7727.58,7770.0,1554,597,0.0981,0.005866
2026-08-19 12:34:41,SPX,7726.52,7727.58,7680.0,474,937,0.1181,0.005866
2026-08-19 12:34:41,SPX,7726.52,7727.58,7775.0,2285,836,0.0978,0.005866
2026-08-19 12:34:41,SPX,7726.52,7727.58,7675.0,485,895,0.1195,0.005866
2026-08-19 12:34:41,SPX,7726.52,7727.58,7780.0,1339,1096,0.0976,0.005866
2026-08-19 12:34:41,SPX,7726.52,7727.58,7670.0,308,1543,0.1218,0.005866
2026-08-19 12:34:41,SPX,7726.52,7727.58,7785.0,2220,737,0.0974,0.005866
2026-08-19 12:34:41,SPX,7726.52,7727.58,7665.0,120,2455,0.1239,0.005866
2026-08-19 12:34:41,SPX,7726.52,7727.58,7790.0,1388,588,0.0972,0.005866
2026-08-19 12:34:41,SPX,7726.52,7727.58,7660.0,1540,1078,0.1252,0.005866
2026-08-19 12:34:41,SPX,7726.52,7727.58,7795.0,665,263,0.097,0.005866
2026-08-19 12:34:41,SPX,7726.52,7727.58,7655.0,131,1104,0.1272,0.005866
2026-08-19 12:34:41,SPX,7726.52,7727.58,7800.0,4632,2050,0.0972,0.005866
2026-08-19 12:34:41,SPX,7726.52,7727.58,7650.0,1038,3990,0.1293,0.005866
2026-08-19 12:34:41,SPX,7726.52,7727.58,7805.0,886,331,0.0976,0.005866
2026-08-19 12:34:41,SPX,7726.52,7727.58,7645.0,152,1102,0.1312,0.005866
2026-08-19 12:34:41,SPX,7726.52,7727.58,7810.0,1079,279,0.0982,0.005866
2026-08-19 12:34:41,SPX,7726.52,7727.58,7640.0,511,6618,0.1339,0.005866
2026-08-19 12:34:41,SPX,7726.52,7727.58,7815.0,999,157,0.099,0.005866
2026-08-19 12:34:41,SPX,7726.52,7727.58,7635.0,415,1132,0.1351,0.005866
2026-08-19 12:34:41,SPX,7726.52,7727.58,7820.0,1691,223,0.1,0.005866
2026-08-19 12:34:41,SPX,7726.52,7727.58,7630.0,254,2030,0.1386,0.005866
2026-08-19 12:34:41,SPX,7726.52,7727.58,7825.0,1324,167,0.101,0.005866
2026-08-19 12:34:41,SPX,7726.52,7727.58,7625.0,677,2703,0.1391,0.005866
2026-08-19 12:34:41,SPX,7726.52,7727.58,7830.0,2002,114,0.102,0.005866
2026-08-19 12:34:41,SPX,7726.52,7727.58,7620.0,440,3118,0.143,0.005866
2026-08-19 12:34:41,SPX,7726.52,7727.58,7835.0,822,52,0.1031,0.005866
2026-08-19 12:34:41,SPX,7726.52,7727.58,7615.0,189,743,0.1439,0.005866
2026-08-19 12:34:41,SPX,7726.52,7727.58,7840.0,921,90,0.1042,0.005866
2026-08-19 12:34:41,SPX,7726.52,7727.58,7610.0,450,839,0.146,0.005866
2026-08-19 12:34:41,SPX,7726.52,7727.58,7845.0,832,23,0.1053,0.005866
2026-08-19 12:34:41,SPX,7726.52,7727.58,7605.0,244,693,0.1483,0.005866
2026-08-19 12:34:41,SPX,7726.52,7727.58,7850.0,3425,273,0.1065,0.005866
2026-08-19 13:05:05,SPX,7718.82,7732.64,7720.0,951,5428,0.1291,0.000333
2026-08-19 13:05:05,SPX,7718.82,7732.64,7715.0,1618,537,0.1338,0.000333
2026-08-19 13:05:05,SPX,7718.82,7732.64,7725.0,5879,4271,0.1266,0.000333
2026-08-19 13:05:05,SPX,7718.82,7732.64,7710.0,1748,646,0.138,0.000333
2026-08-19 13:05:05,SPX,7718.82,7732.64,7730.0,2237,816,0.1254,0.000333
2026-08-19 13:05:05,SPX,7718.82,7732.64,7705.0,1039,1097,0.1436,0.000333
2026-08-19 13:05:05,SPX,7718.82,7732.64,7735.0,1976,3316,0.1252,0.000333
2026-08-19 13:05:05,SPX,7718.82,7732.64,7700.0,2637,4400,0.149,0.000333
2026-08-19 13:05:05,SPX,7718.82,7732.64,7740.0,1717,604,0.1269,0.000333
2026-08-19 13:05:05,SPX,7718.82,7732.64,7695.0,741,2397,0.156,0.000333
2026-08-19 13:05:05,SPX,7718.82,7732.64,7745.0,1561,1535,0.1304,0.000333
2026-08-19 13:05:05,SPX,7718.82,7732.64,7690.0,314,1819,0.1622,0.000333
2026-08-19 13:05:05,SPX,7718.82,7732.64,7750.0,4447,3907,0.1352,0.000333
2026-08-19 13:05:05,SPX,7718.82,7732.64,7685.0,273,1495,0.1708,0.000333
2026-08-19 13:05:05,SPX,7718.82,7732.64,7755.0,1318,857,0.1413,0.000333
2026-08-19 13:05:05,SPX,7718.82,7732.64,7680.0,221,1827,0.1764,0.000333
2026-08-19 13:05:05,SPX,7718.82,7732.64,7760.0,2144,487,0.1488,0.000333
2026-08-19 13:05:05,SPX,7718.82,7732.64,7675.0,332,2041,0.1895,0.000333
2026-08-19 13:05:05,SPX,7718.82,7732.64,7765.0,1529,486,0.1578,0.000333
2026-08-19 13:05:05,SPX,7718.82,7732.64,7670.0,190,1512,0.1956,0.000333
2026-08-19 13:05:05,SPX,7718.82,7732.64,7770.0,2699,335,0.1677,0.000333
2026-08-19 13:05:05,SPX,7718.82,7732.64,7665.0,53,1546,0.2025,0.000333
2026-08-19 13:05:05,SPX,7718.82,7732.64,7775.0,4151,408,0.1782,0.000333
2026-08-19 13:05:05,SPX,7718.82,7732.64,7660.0,117,1880,0.2117,0.000333
2026-08-19 13:05:05,SPX,7718.82,7732.64,7780.0,1895,436,0.1892,0.000333
2026-08-19 13:05:05,SPX,7718.82,7732.64,7655.0,113,1219,0.2234,0.000333
2026-08-19 13:05:05,SPX,7718.82,7732.64,7785.0,1053,293,0.2005,0.000333
2026-08-19 13:05:05,SPX,7718.82,7732.64,7650.0,450,2867,0.2354,0.000333
2026-08-19 13:05:05,SPX,7718.82,7732.64,7790.0,1461,216,0.2121,0.000333
2026-08-19 13:05:05,SPX,7718.82,7732.64,7645.0,30,2071,0.246,0.000333
2026-08-19 13:05:05,SPX,7718.82,7732.64,7795.0,1420,128,0.224,0.000333
2026-08-19 13:05:05,SPX,7718.82,7732.64,7640.0,182,1353,0.2553,0.000333
2026-08-19 13:05:05,SPX,7718.82,7732.64,7800.0,3548,529,0.2358,0.000333
2026-08-19 13:05:05,SPX,7718.82,7732.64,7635.0,105,889,0.2641,0.000333
2026-08-19 13:05:05,SPX,7718.82,7732.64,7805.0,3066,117,0.2472,0.000333
2026-08-19 13:05:05,SPX,7718.82,7732.64,7630.0,164,4738,0.2732,0.000333
2026-08-19 13:05:05,SPX,7718.82,7732.64,7810.0,632,124,0.2581,0.000333
2026-08-19 13:05:05,SPX,7718.82,7732.64,7625.0,162,2790,0.2832,0.000333
2026-08-19 13:05:05,SPX,7718.82,7732.64,7815.0,767,95,0.2684,0.000333
2026-08-19 13:05:05,SPX,7718.82,7732.64,7620.0,69,4541,0.2941,0.000333
2026-08-19 13:05:05,SPX,7718.82,7732.64,7820.0,746,65,0.278,0.000333
2026-08-19 13:05:05,SPX,7718.82,7732.64,7615.0,29,1484,0.3056,0.000333
2026-08-19 13:05:05,SPX,7718.82,7732.64,7825.0,1104,40,0.2866,0.000333
2026-08-19 13:05:05,SPX,7718.82,7732.64,7610.0,110,1216,0.3176,0.000333
2026-08-19 13:05:05,SPX,7718.82,7732.64,7830.0,1446,23,0.2943,0.000333
2026-08-19 13:05:05,SPX,7718.82,7732.64,7605.0,49,1392,0.3299,0.000333
2026-08-19 13:05:05,SPX,7718.82,7732.64,7835.0,2383,32,0.3011,0.000333
2026-08-19 13:05:05,SPX,7718.82,7732.64,7600.0,1049,7587,0.3424,0.000333
2026-08-19 13:05:05,SPX,7718.82,7732.64,7840.0,671,26,0.3069,0.000333
2026-08-19 13:05:05,SPX,7718.82,7732.64,7595.0,27,2031,0.3549,0.000333
2026-08-19 13:05:05,SPX,7718.82,7732.64,7720.0,128,324,0.1063,0.00307
2026-08-19 13:05:05,SPX,7718.82,7732.64,7715.0,142,203,0.15,0.00307
2026-08-19 13:05:05,SPX,7718.82,7732.64,7725.0,390,431,0.1049,0.00307
2026-08-19 13:05:05,SPX,7718.82,7732.64,7710.0,365,365,0.1091,0.00307
2026-08-19 13:05:05,SPX,7718.82,7732.64,7730.0,361,373,0.1035,0.00307
2026-08-19 13:05:05,SPX,7718.82,7732.64,7705.0,348,251,0.1107,0.00307
2026-08-19 13:05:05,SPX,7718.82,7732.64,7735.0,143,411,0.1022,0.00307
2026-08-19 13:05:05,SPX,7718.82,7732.64,7700.0,686,1609,0.15,0.00307
2026-08-19 13:05:05,SPX,7718.82,7732.64,7740.0,1307,584,0.1009,0.00307
2026-08-19 13:05:05,SPX,7718.82,7732.64,7695.0,279,921,0.115,0.00307
2026-08-19 13:05:05,SPX,7718.82,7732.64,7745.0,206,268,0.0996,0.00307
2026-08-19 13:05:05,SPX,7718.82,7732.64,7690.0,0,484,0.1167,0.00307
2026-08-19 13:05:05,SPX,7718.82,7732.64,7750.0,1148,0,0.0987,0.00307
2026-08-19 13:05:05,SPX,7718.82,7732.64,7685.0,137,789,0.1186,0.00307
2026-08-19 13:05:05,SPX,7718.82,7732.64,7760.0,0,177,0.0982,0.00307
2026-08-19 13:05:05,SPX,7718.82,7732.64,7765.0,0,226,0.0983,0.00307
2026-08-19 13:05:05,SPX,7718.82,7732.64,7670.0,106,335,0.125,0.00307
2026-08-19 13:05:05,SPX,7718.82,7732.64,7770.0,1611,221,0.0984,0.00307
2026-08-19 13:05:05,SPX,7718.82,7732.64,7665.0,90,239,0.1267,0.00307
2026-08-19 13:05:05,SPX,7718.82,7732.64,7775.0,799,278,0.0987,0.00307
2026-08-19 13:05:05,SPX,7718.82,7732.64,7660.0,242,388,0.1284,0.00307
2026-08-19 13:05:05,SPX,7718.82,7732.64,7780.0,433,419,0.099,0.00307
2026-08-19 13:05:05,SPX,7718.82,7732.64,7655.0,32,266,0.1312,0.00307
2026-08-19 13:05:05,SPX,7718.82,7732.64,7785.0,447,175,0.0995,0.00307
2026-08-19 13:05:05,SPX,7718.82,7732.64,7650.0,474,2902,0.1345,0.00307
2026-08-19 13:05:05,SPX,7718.82,7732.64,7790.0,417,177,0.1002,0.00307
2026-08-19 13:05:05,SPX,7718.82,7732.64,7645.0,29,2319,0.1362,0.00307
2026-08-19 13:05:05,SPX,7718.82,7732.64,7795.0,320,202,0.1012,0.00307
2026-08-19 13:05:05,SPX,7718.82,7732.64,7640.0,62,656,0.1386,0.00307
2026-08-19 13:05:05,SPX,7718.82,7732.64,7800.0,1621,272,0.1025,0.00307
2026-08-19 13:05:05,SPX,7718.82,7732.64,7635.0,71,1080,0.1396,0.00307
2026-08-19 13:05:05,SPX,7718.82,7732.64,7805.0,673,241,0.1042,0.00307
2026-08-19 13:05:05,SPX,7718.82,7732.64,7630.0,62,560,0.1424,0.00307
2026-08-19 13:05:05,SPX,7718.82,7732.64,7810.0,465,79,0.1062,0.00307
2026-08-19 13:05:05,SPX,7718.82,7732.64,7625.0,180,1940,0.1456,0.00307
2026-08-19 13:05:05,SPX,7718.82,7732.64,7815.0,349,35,0.1085,0.00307
2026-08-19 13:05:05,SPX,7718.82,7732.64,7620.0,54,1427,0.147,0.00307
2026-08-19 13:05:05,SPX,7718.82,7732.64,7820.0,476,37,0.1111,0.00307
2026-08-19 13:05:05,SPX,7718.82,7732.64,7615.0,82,431,0.1501,0.00307
2026-08-19 13:05:05,SPX,7718.82,7732.64,7825.0,295,44,0.1139,0.00307
2026-08-19 13:05:05,SPX,7718.82,7732.64,7610.0,42,616,0.1528,0.00307
2026-08-19 13:05:05,SPX,7718.82,7732.64,7830.0,482,10,0.117,0.00307
2026-08-19 13:05:05,SPX,7718.82,7732.64,7605.0,157,1092,0.156,0.00307
2026-08-19 13:05:05,SPX,7718.82,7732.64,7835.0,241,8,0.1202,0.00307
2026-08-19 13:05:05,SPX,7718.82,7732.64,7600.0,337,1794,0.1583,0.00307
2026-08-19 13:05:05,SPX,7718.82,7732.64,7840.0,763,6,0.1235,0.00307
2026-08-19 13:05:05,SPX,7718.82,7732.64,7595.0,7,464,0.16,0.00307
2026-08-19 13:05:05,SPX,7718.82,7732.64,7720.0,1363,875,0.1062,0.005808
2026-08-19 13:05:05,SPX,7718.82,7732.64,7715.0,976,1163,0.1074,0.005808
2026-08-19 13:05:05,SPX,7718.82,7732.64,7725.0,947,1392,0.105,0.005808
2026-08-19 13:05:05,SPX,7718.82,7732.64,7710.0,550,1191,0.1087,0.005808
2026-08-19 13:05:05,SPX,7718.82,7732.64,7730.0,808,740,0.104,0.005808
2026-08-19 13:05:05,SPX,7718.82,7732.64,7705.0,684,1127,0.1102,0.005808
2026-08-19 13:05:05,SPX,7718.82,7732.64,7735.0,392,464,0.1032,0.005808
2026-08-19 13:05:05,SPX,7718.82,7732.64,7700.0,2557,3015,0.1117,0.005808
2026-08-19 13:05:05,SPX,7718.82,7732.64,7740.0,514,546,0.1023,0.005808
2026-08-19 13:05:05,SPX,7718.82,7732.64,7695.0,473,1970,0.1131,0.005808
2026-08-19 13:05:05,SPX,7718.82,7732.64,7745.0,807,1363,0.1014,0.005808
2026-08-19 13:05:05,SPX,7718.82,7732.64,7690.0,478,1184,0.1147,0.005808
2026-08-19 13:05:05,SPX,7718.82,7732.64,7750.0,3988,2300,0.1003,0.005808
2026-08-19 13:05:05,SPX,7718.82,7732.64,7685.0,467,3480,0.1162,0.005808
2026-08-19 13:05:05,SPX,7718.82,7732.64,7755.0,898,734,0.0993,0.005808
2026-08-19 13:05:05,SPX,7718.82,7732.64,7680.0,474,937,0.1179,0.005808
2026-08-19 13:05:05,SPX,7718.82,7732.64,7760.0,1074,815,0.0985,0.005808
2026-08-19 13:05:05,SPX,7718.82,7732.64,7675.0,485,895,0.1197,0.005808
2026-08-19 13:05:05,SPX,7718.82,7732.64,7765.0,935,461,0.0978,0.005808
2026-08-19 13:05:05,SPX,7718.82,7732.64,7670.0,308,1543,0.1216,0.005808
2026-08-19 13:05:05,SPX,7718.82,7732.64,7770.0,1554,597,0.0973,0.005808
2026-08-19 13:05:05,SPX,7718.82,7732.64,7665.0,120,2455,0.1236,0.005808
2026-08-19 13:05:05,SPX,7718.82,7732.64,7775.0,2285,836,0.0971,0.005808
2026-08-19 13:05:05,SPX,7718.82,7732.64,7660.0,1540,1078,0.1253,0.005808
2026-08-19 13:05:05,SPX,7718.82,7732.64,7780.0,1339,1096,0.0972,0.005808
2026-08-19 13:05:05,SPX,7718.82,7732.64,7655.0,131,1104,0.1277,0.005808
2026-08-19 13:05:05,SPX,7718.82,7732.64,7785.0,2220,737,0.0973,0.005808
2026-08-19 13:05:05,SPX,7718.82,7732.64,7650.0,1038,3990,0.1293,0.005808
2026-08-19 13:05:05,SPX,7718.82,7732.64,7790.0,1388,588,0.0975,0.005808
2026-08-19 13:05:05,SPX,7718.82,7732.64,7645.0,152,1102,0.1316,0.005808
2026-08-19 13:05:05,SPX,7718.82,7732.64,7795.0,665,263,0.0977,0.005808
2026-08-19 13:05:05,SPX,7718.82,7732.64,7640.0,511,6618,0.1337,0.005808
2026-08-19 13:05:05,SPX,7718.82,7732.64,7800.0,4632,2050,0.0979,0.005808
2026-08-19 13:05:05,SPX,7718.82,7732.64,7635.0,415,1132,0.1347,0.005808
2026-08-19 13:05:05,SPX,7718.82,7732.64,7805.0,886,331,0.0982,0.005808
2026-08-19 13:05:05,SPX,7718.82,7732.64,7630.0,254,2030,0.1368,0.005808
2026-08-19 13:05:05,SPX,7718.82,7732.64,7810.0,1079,279,0.0985,0.005808
2026-08-19 13:05:05,SPX,7718.82,7732.64,7625.0,677,2703,0.1394,0.005808
2026-08-19 13:05:05,SPX,7718.82,7732.64,7815.0,999,157,0.0989,0.005808
2026-08-19 13:05:05,SPX,7718.82,7732.64,7620.0,440,3118,0.1403,0.005808
2026-08-19 13:05:05,SPX,7718.82,7732.64,7820.0,1691,223,0.0995,0.005808
2026-08-19 13:05:05,SPX,7718.82,7732.64,7615.0,189,743,0.1426,0.005808
2026-08-19 13:05:05,SPX,7718.82,7732.64,7825.0,1324,167,0.1003,0.005808
2026-08-19 13:05:05,SPX,7718.82,7732.64,7610.0,450,839,0.1448,0.005808
2026-08-19 13:05:05,SPX,7718.82,7732.64,7830.0,2002,114,0.1012,0.005808
2026-08-19 13:05:05,SPX,7718.82,7732.64,7605.0,244,693,0.1479,0.005808
2026-08-19 13:05:05,SPX,7718.82,7732.64,7835.0,822,52,0.1023,0.005808
2026-08-19 13:05:05,SPX,7718.82,7732.64,7600.0,1946,9558,0.1484,0.005808
2026-08-19 13:05:05,SPX,7718.82,7732.64,7840.0,921,90,0.1037,0.005808
2026-08-19 13:05:05,SPX,7718.82,7732.64,7595.0,162,635,0.1508,0.005808
2026-08-19 13:35:30,SPX,7713.57,7730.68,7715.0,1618,537,0.1412,0.000275
2026-08-19 13:35:30,SPX,7713.57,7730.68,7710.0,1748,646,0.1374,0.000275
2026-08-19 13:35:30,SPX,7713.57,7730.68,7720.0,951,5428,0.1328,0.000275
2026-08-19 13:35:30,SPX,7713.57,7730.68,7705.0,1039,1097,0.1412,0.000275
2026-08-19 13:35:30,SPX,7713.57,7730.68,7725.0,5879,4271,0.1319,0.000275
2026-08-19 13:35:30,SPX,7713.57,7730.68,7700.0,2637,4400,0.1467,0.000275
2026-08-19 13:35:30,SPX,7713.57,7730.68,7730.0,2237,816,0.1333,0.000275
2026-08-19 13:35:30,SPX,7713.57,7730.68,7695.0,741,2397,0.1531,0.000275
2026-08-19 13:35:30,SPX,7713.57,7730.68,7735.0,1976,3316,0.137,0.000275
2026-08-19 13:35:30,SPX,7713.57,7730.68,7690.0,314,1819,0.1595,0.000275
2026-08-19 13:35:30,SPX,7713.57,7730.68,7740.0,1717,604,0.143,0.000275
2026-08-19 13:35:30,SPX,7713.57,7730.68,7685.0,273,1495,0.1673,0.000275
2026-08-19 13:35:30,SPX,7713.57,7730.68,7745.0,1561,1535,0.1515,0.000275
2026-08-19 13:35:30,SPX,7713.57,7730.68,7680.0,221,1827,0.1767,0.000275
2026-08-19 13:35:30,SPX,7713.57,7730.68,7750.0,4447,3907,0.1615,0.000275
2026-08-19 13:35:30,SPX,7713.57,7730.68,7675.0,332,2041,0.1846,0.000275
2026-08-19 13:35:30,SPX,7713.57,7730.68,7755.0,1318,857,0.172,0.000275
2026-08-19 13:35:30,SPX,7713.57,7730.68,7670.0,190,1512,0.1937,0.000275
2026-08-19 13:35:30,SPX,7713.57,7730.68,7760.0,2144,487,0.1824,0.000275
2026-08-19 13:35:30,SPX,7713.57,7730.68,7665.0,53,1546,0.2039,0.000275
2026-08-19 13:35:30,SPX,7713.57,7730.68,7765.0,1529,486,0.1926,0.000275
2026-08-19 13:35:30,SPX,7713.57,7730.68,7660.0,117,1880,0.218,0.000275
2026-08-19 13:35:30,SPX,7713.57,7730.68,7770.0,2699,335,0.2032,0.000275
2026-08-19 13:35:30,SPX,7713.57,7730.68,7655.0,113,1219,0.2293,0.000275
2026-08-19 13:35:30,SPX,7713.57,7730.68,7775.0,4151,408,0.2143,0.000275
2026-08-19 13:35:30,SPX,7713.57,7730.68,7650.0,450,2867,0.2375,0.000275
2026-08-19 13:35:30,SPX,7713.57,7730.68,7780.0,1895,436,0.223,0.000275
2026-08-19 13:35:30,SPX,7713.57,7730.68,7645.0,30,2071,0.2456,0.000275
2026-08-19 13:35:30,SPX,7713.57,7730.68,7785.0,1053,293,0.2343,0.000275
2026-08-19 13:35:30,SPX,7713.57,7730.68,7640.0,182,1353,0.2544,0.000275
2026-08-19 13:35:30,SPX,7713.57,7730.68,7790.0,1461,216,0.2457,0.000275
2026-08-19 13:35:30,SPX,7713.57,7730.68,7635.0,105,889,0.2649,0.000275
2026-08-19 13:35:30,SPX,7713.57,7730.68,7795.0,1420,128,0.257,0.000275
2026-08-19 13:35:30,SPX,7713.57,7730.68,7630.0,164,4738,0.2771,0.000275
2026-08-19 13:35:30,SPX,7713.57,7730.68,7800.0,3548,529,0.2681,0.000275
2026-08-19 13:35:30,SPX,7713.57,7730.68,7625.0,162,2790,0.2905,0.000275
2026-08-19 13:35:30,SPX,7713.57,7730.68,7805.0,3066,117,0.2788,0.000275
2026-08-19 13:35:30,SPX,7713.57,7730.68,7620.0,69,4541,0.3045,0.000275
2026-08-19 13:35:30,SPX,7713.57,7730.68,7810.0,632,124,0.2889,0.000275
2026-08-19 13:35:30,SPX,7713.57,7730.68,7615.0,29,1484,0.3184,0.000275
2026-08-19 13:35:30,SPX,7713.57,7730.68,7815.0,767,95,0.2984,0.000275
2026-08-19 13:35:30,SPX,7713.57,7730.68,7610.0,110,1216,0.3322,0.000275
2026-08-19 13:35:30,SPX,7713.57,7730.68,7820.0,746,65,0.307,0.000275
2026-08-19 13:35:30,SPX,7713.57,7730.68,7605.0,49,1392,0.3459,0.000275
2026-08-19 13:35:30,SPX,7713.57,7730.68,7825.0,1104,40,0.3148,0.000275
2026-08-19 13:35:30,SPX,7713.57,7730.68,7600.0,1049,7587,0.3597,0.000275
2026-08-19 13:35:30,SPX,7713.57,7730.68,7830.0,1446,23,0.3217,0.000275
2026-08-19 13:35:30,SPX,7713.57,7730.68,7595.0,27,2031,0.3736,0.000275
2026-08-19 13:35:30,SPX,7713.57,7730.68,7835.0,2383,32,0.3276,0.000275
2026-08-19 13:35:30,SPX,7713.57,7730.68,7590.0,70,1637,0.3871,0.000275
2026-08-19 13:35:30,SPX,7713.57,7730.68,7715.0,142,203,0.1087,0.003013
2026-08-19 13:35:30,SPX,7713.57,7730.68,7710.0,0,365,0.1105,0.003013
2026-08-19 13:35:30,SPX,7713.57,7730.68,7720.0,128,324,0.1074,0.003013
2026-08-19 13:35:30,SPX,7713.57,7730.68,7705.0,348,251,0.112,0.003013
2026-08-19 13:35:30,SPX,7713.57,7730.68,7725.0,390,431,0.1062,0.003013
2026-08-19 13:35:30,SPX,7713.57,7730.68,7700.0,686,1609,0.1135,0.003013
2026-08-19 13:35:30,SPX,7713.57,7730.68,7730.0,361,373,0.1047,0.003013
2026-08-19 13:35:30,SPX,7713.57,7730.68,7695.0,279,921,0.1157,0.003013
2026-08-19 13:35:30,SPX,7713.57,7730.68,7735.0,143,411,0.103,0.003013
2026-08-19 13:35:30,SPX,7713.57,7730.68,7690.0,142,484,0.1176,0.003013
2026-08-19 13:35:30,SPX,7713.57,7730.68,7740.0,1307,584,0.1016,0.003013
2026-08-19 13:35:30,SPX,7713.57,7730.68,7685.0,137,789,0.1198,0.003013
2026-08-19 13:35:30,SPX,7713.57,7730.68,7745.0,206,268,0.1009,0.003013
2026-08-19 13:35:30,SPX,7713.57,7730.68,7680.0,85,577,0.122,0.003013
2026-08-19 13:35:30,SPX,7713.57,7730.68,7750.0,1148,1313,0.1006,0.003013
2026-08-19 13:35:30,SPX,7713.57,7730.68,7675.0,242,308,0.1239,0.003013
2026-08-19 13:35:30,SPX,7713.57,7730.68,7755.0,2288,288,0.1005,0.003013
2026-08-19 13:35:30,SPX,7713.57,7730.68,7670.0,106,335,0.1258,0.003013
2026-08-19 13:35:30,SPX,7713.57,7730.68,7760.0,2276,177,0.1005,0.003013
2026-08-19 13:35:30,SPX,7713.57,7730.68,7665.0,90,239,0.128,0.003013
2026-08-19 13:35:30,SPX,7713.57,7730.68,7765.0,271,226,0.1005,0.003013
2026-08-19 13:35:30,SPX,7713.57,7730.68,7660.0,242,388,0.1307,0.003013
2026-08-19 13:35:30,SPX,7713.57,7730.68,7770.0,1611,221,0.1005,0.003013
2026-08-19 13:35:30,SPX,7713.57,7730.68,7655.0,32,266,0.1325,0.003013
2026-08-19 13:35:30,SPX,7713.57,7730.68,7775.0,799,278,0.1006,0.003013
2026-08-19 13:35:30,SPX,7713.57,7730.68,7650.0,474,2902,0.1357,0.003013
2026-08-19 13:35:30,SPX,7713.57,7730.68,7780.0,433,419,0.101,0.003013
2026-08-19 13:35:30,SPX,7713.57,7730.68,7645.0,29,2319,0.1384,0.003013
2026-08-19 13:35:30,SPX,7713.57,7730.68,7785.0,447,175,0.1017,0.003013
2026-08-19 13:35:30,SPX,7713.57,7730.68,7640.0,62,656,0.1407,0.003013
2026-08-19 13:35:30,SPX,7713.57,7730.68,7790.0,417,177,0.1028,0.003013
2026-08-19 13:35:30,SPX,7713.57,7730.68,7635.0,71,1080,0.1417,0.003013
2026-08-19 13:35:30,SPX,7713.57,7730.68,7795.0,320,202,0.1043,0.003013
2026-08-19 13:35:30,SPX,7713.57,7730.68,7630.0,62,560,0.1438,0.003013
2026-08-19 13:35:30,SPX,7713.57,7730.68,7800.0,1621,272,0.1063,0.003013
2026-08-19 13:35:30,SPX,7713.57,7730.68,7625.0,180,1940,0.1469,0.003013
2026-08-19 13:35:30,SPX,7713.57,7730.68,7805.0,673,241,0.1085,0.003013
2026-08-19 13:35:30,SPX,7713.57,7730.68,7620.0,54,1427,0.1483,0.003013
2026-08-19 13:35:30,SPX,7713.57,7730.68,7810.0,465,79,0.111,0.003013
2026-08-19 13:35:30,SPX,7713.57,7730.68,7615.0,82,431,0.1509,0.003013
2026-08-19 13:35:30,SPX,7713.57,7730.68,7815.0,349,35,0.1137,0.003013
2026-08-19 13:35:30,SPX,7713.57,7730.68,7610.0,42,616,0.1542,0.003013
2026-08-19 13:35:30,SPX,7713.57,7730.68,7820.0,476,37,0.1165,0.003013
2026-08-19 13:35:30,SPX,7713.57,7730.68,7605.0,157,1092,0.1569,0.003013
2026-08-19 13:35:30,SPX,7713.57,7730.68,7825.0,295,44,0.1195,0.003013
2026-08-19 13:35:30,SPX,7713.57,7730.68,7600.0,337,1794,0.1592,0.003013
2026-08-19 13:35:30,SPX,7713.57,7730.68,7830.0,482,10,0.1226,0.003013
2026-08-19 13:35:30,SPX,7713.57,7730.68,7595.0,7,464,0.1609,0.003013
2026-08-19 13:35:30,SPX,7713.57,7730.68,7835.0,241,8,0.1258,0.003013
2026-08-19 13:35:30,SPX,7713.57,7730.68,7590.0,85,599,0.1626,0.003013
2026-08-19 13:35:30,SPX,7713.57,7730.68,7715.0,976,1163,0.1075,0.00575
2026-08-19 13:35:30,SPX,7713.57,7730.68,7710.0,550,1191,0.1089,0.00575
2026-08-19 13:35:30,SPX,7713.57,7730.68,7720.0,1363,875,0.1063,0.00575
2026-08-19 13:35:30,SPX,7713.57,7730.68,7705.0,684,1127,0.1101,0.00575
2026-08-19 13:35:30,SPX,7713.57,7730.68,7725.0,947,1392,0.1049,0.00575
2026-08-19 13:35:30,SPX,7713.57,7730.68,7700.0,2557,3015,0.1127,0.00575
2026-08-19 13:35:30,SPX,7713.57,7730.68,7730.0,808,740,0.1039,0.00575
2026-08-19 13:35:30,SPX,7713.57,7730.68,7695.0,473,1970,0.1137,0.00575
2026-08-19 13:35:30,SPX,7713.57,7730.68,7735.0,392,464,0.103,0.00575
2026-08-19 13:35:30,SPX,7713.57,7730.68,7690.0,478,1184,0.1147,0.00575
2026-08-19 13:35:30,SPX,7713.57,7730.68,7740.0,514,546,0.1018,0.00575
2026-08-19 13:35:30,SPX,7713.57,7730.68,7685.0,467,3480,0.1167,0.00575
2026-08-19 13:35:30,SPX,7713.57,7730.68,7745.0,807,1363,0.101,0.00575
2026-08-19 13:35:30,SPX,7713.57,7730.68,7680.0,474,937,0.118,0.00575
2026-08-19 13:35:30,SPX,7713.57,7730.68,7750.0,3988,2300,0.1004,0.00575
2026-08-19 13:35:30,SPX,7713.57,7730.68,7675.0,485,895,0.12,0.00575
2026-08-19 13:35:30,SPX,7713.57,7730.68,7755.0,898,734,0.0999,0.00575
2026-08-19 13:35:30,SPX,7713.57,7730.68,7670.0,308,1543,0.1218,0.00575
2026-08-19 13:35:30,SPX,7713.57,7730.68,7760.0,1074,815,0.0992,0.00575
2026-08-19 13:35:30,SPX,7713.57,7730.68,7665.0,120,2455,0.1239,0.00575
2026-08-19 13:35:30,SPX,7713.57,7730.68,7765.0,935,461,0.0988,0.00575
2026-08-19 13:35:30,SPX,7713.57,7730.68,7660.0,1540,1078,0.1255,0.00575
2026-08-19 13:35:30,SPX,7713.57,7730.68,7770.0,1554,597,0.0982,0.00575
2026-08-19 13:35:30,SPX,7713.57,7730.68,7655.0,131,1104,0.1279,0.00575
2026-08-19 13:35:30,SPX,7713.57,7730.68,7775.0,2285,836,0.0975,0.00575
2026-08-19 13:35:30,SPX,7713.57,7730.68,7650.0,1038,3990,0.13,0.00575
2026-08-19 13:35:30,SPX,7713.57,7730.68,7780.0,1339,1096,0.0971,0.00575
2026-08-19 13:35:30,SPX,7713.57,7730.68,7645.0,152,1102,0.1316,0.00575
2026-08-19 13:35:30,SPX,7713.57,7730.68,7785.0,2220,737,0.0971,0.00575
2026-08-19 13:35:30,SPX,7713.57,7730.68,7640.0,511,6618,0.1342,0.00575
2026-08-19 13:35:30,SPX,7713.57,7730.68,7790.0,1388,588,0.0974,0.00575
2026-08-19 13:35:30,SPX,7713.57,7730.68,7635.0,415,1132,0.1359,0.00575
2026-08-19 13:35:30,SPX,7713.57,7730.68,7795.0,665,263,0.0977,0.00575
2026-08-19 13:35:30,SPX,7713.57,7730.68,7630.0,254,2030,0.1383,0.00575
2026-08-19 13:35:30,SPX,7713.57,7730.68,7800.0,4632,2050,0.0981,0.00575
2026-08-19 13:35:30,SPX,7713.57,7730.68,7625.0,677,2703,0.1399,0.00575
2026-08-19 13:35:30,SPX,7713.57,7730.68,7805.0,886,331,0.0987,0.00575
2026-08-19 13:35:30,SPX,7713.57,7730.68,7620.0,440,3118,0.142,0.00575
2026-08-19 13:35:30,SPX,7713.57,7730.68,7810.0,1079,279,0.0995,0.00575
2026-08-19 13:35:30,SPX,7713.57,7730.68,7615.0,189,743,0.1442,0.00575
2026-08-19 13:35:30,SPX,7713.57,7730.68,7815.0,999,157,0.1005,0.00575
2026-08-19 13:35:30,SPX,7713.57,7730.68,7610.0,450,839,0.1455,0.00575
2026-08-19 13:35:30,SPX,7713.57,7730.68,7820.0,1691,223,0.1016,0.00575
2026-08-19 13:35:30,SPX,7713.57,7730.68,7605.0,244,693,0.1473,0.00575
2026-08-19 13:35:30,SPX,7713.57,7730.68,7825.0,1324,167,0.1028,0.00575
2026-08-19 13:35:30,SPX,7713.57,7730.68,7600.0,1946,9558,0.1502,0.00575
2026-08-19 13:35:30,SPX,7713.57,7730.68,7830.0,2002,114,0.1041,0.00575
2026-08-19 13:35:30,SPX,7713.57,7730.68,7595.0,162,635,0.1519,0.00575
2026-08-19 13:35:30,SPX,7713.57,7730.68,7835.0,822,52,0.1055,0.00575
2026-08-19 13:35:30,SPX,7713.57,7730.68,7590.0,348,7228,0.1531,0.00575
2026-08-19 14:05:55,SPX,7720.68,7729.75,7720.0,951,5428,0.1341,0.000217
2026-08-19 14:05:55,SPX,7720.68,7729.75,7725.0,5879,4271,0.1337,0.000217
2026-08-19 14:05:55,SPX,7720.68,7729.75,7715.0,1618,537,0.1354,0.000217
2026-08-19 14:05:55,SPX,7720.68,7729.75,7730.0,2237,816,0.1342,0.000217
2026-08-19 14:05:55,SPX,7720.68,7729.75,7710.0,1748,646,0.1394,0.000217
2026-08-19 14:05:55,SPX,7720.68,7729.75,7735.0,1976,3316,0.1371,0.000217
2026-08-19 14:05:55,SPX,7720.68,7729.75,7705.0,1039,1097,0.1433,0.000217
2026-08-19 14:05:55,SPX,7720.68,7729.75,7740.0,1717,604,0.1411,0.000217
2026-08-19 14:05:55,SPX,7720.68,7729.75,7700.0,2637,4400,0.1472,0.000217
2026-08-19 14:05:55,SPX,7720.68,7729.75,7745.0,1561,1535,0.1474,0.000217
2026-08-19 14:05:55,SPX,7720.68,7729.75,7695.0,741,2397,0.1531,0.000217
2026-08-19 14:05:55,SPX,7720.68,7729.75,7750.0,4447,3907,0.1571,0.000217
2026-08-19 14:05:55,SPX,7720.68,7729.75,7690.0,314,1819,0.1599,0.000217
2026-08-19 14:05:55,SPX,7720.68,7729.75,7755.0,1318,857,0.1686,0.000217
2026-08-19 14:05:55,SPX,7720.68,7729.75,7685.0,273,1495,0.1703,0.000217
2026-08-19 14:05:55,SPX,7720.68,7729.75,7760.0,2144,487,0.1806,0.000217
2026-08-19 14:05:55,SPX,7720.68,7729.75,7680.0,221,0,0.1817,0.000217
2026-08-19 14:05:55,SPX,7720.68,7729.75,7765.0,1529,486,0.193,0.000217
2026-08-19 14:05:55,SPX,7720.68,7729.75,7675.0,332,2041,0.1927,0.000217
2026-08-19 14:05:55,SPX,7720.68,7729.75,7770.0,2699,335,0.2044,0.000217
2026-08-19 14:05:55,SPX,7720.68,7729.75,7775.0,4151,408,0.2152,0.000217
2026-08-19 14:05:55,SPX,7720.68,7729.75,7665.0,53,1546,0.2252,0.000217
2026-08-19 14:05:55,SPX,7720.68,7729.75,7780.0,1895,436,0.2263,0.000217
2026-08-19 14:05:55,SPX,7720.68,7729.75,7660.0,117,1880,0.2376,0.000217
2026-08-19 14:05:55,SPX,7720.68,7729.75,7785.0,1053,293,0.2375,0.000217
2026-08-19 14:05:55,SPX,7720.68,7729.75,7655.0,113,1219,0.2475,0.000217
2026-08-19 14:05:55,SPX,7720.68,7729.75,7790.0,1461,216,0.2487,0.000217
2026-08-19 14:05:55,SPX,7720.68,7729.75,7650.0,450,2867,0.2582,0.000217
2026-08-19 14:05:55,SPX,7720.68,7729.75,7795.0,1420,128,0.2601,0.000217
2026-08-19 14:05:55,SPX,7720.68,7729.75,7645.0,30,2071,0.2714,0.000217
2026-08-19 14:05:55,SPX,7720.68,7729.75,7800.0,3548,529,0.272,0.000217
2026-08-19 14:05:55,SPX,7720.68,7729.75,7640.0,182,1353,0.2874,0.000217
2026-08-19 14:05:55,SPX,7720.68,7729.75,7805.0,3066,117,0.2848,0.000217
2026-08-19 14:05:55,SPX,7720.68,7729.75,7635.0,105,889,0.3052,0.000217
2026-08-19 14:05:55,SPX,7720.68,7729.75,7810.0,632,124,0.298,0.000217
2026-08-19 14:05:55,SPX,7720.68,7729.75,7630.0,164,4738,0.3239,0.000217
2026-08-19 14:05:55,SPX,7720.68,7729.75,7815.0,767,95,0.3109,0.000217
2026-08-19 14:05:55,SPX,7720.68,7729.75,7625.0,162,2790,0.3427,0.000217
2026-08-19 14:05:55,SPX,7720.68,7729.75,7820.0,746,65,0.3226,0.000217
2026-08-19 14:05:55,SPX,7720.68,7729.75,7620.0,69,4541,0.3609,0.000217
2026-08-19 14:05:55,SPX,7720.68,7729.75,7825.0,1104,40,0.3327,0.000217
2026-08-19 14:05:55,SPX,7720.68,7729.75,7615.0,29,1484,0.3782,0.000217
2026-08-19 14:05:55,SPX,7720.68,7729.75,7830.0,1446,23,0.3411,0.000217
2026-08-19 14:05:55,SPX,7720.68,7729.75,7610.0,110,1216,0.3949,0.000217
2026-08-19 14:05:55,SPX,7720.68,7729.75,7835.0,2383,32,0.3479,0.000217
2026-08-19 14:05:55,SPX,7720.68,7729.75,7605.0,49,1392,0.4113,0.000217
2026-08-19 14:05:55,SPX,7720.68,7729.75,7840.0,671,26,0.3533,0.000217
2026-08-19 14:05:55,SPX,7720.68,7729.75,7600.0,1049,7587,0.4274,0.000217
2026-08-19 14:05:55,SPX,7720.68,7729.75,7845.0,544,20,0.3572,0.000217
2026-08-19 14:05:55,SPX,7720.68,7729.75,7720.0,128,324,0.104,0.002955
2026-08-19 14:05:55,SPX,7720.68,7729.75,7725.0,390,431,0.1023,0.002955
2026-08-19 14:05:55,SPX,7720.68,7729.75,7715.0,142,203,0.1056,0.002955
2026-08-19 14:05:55,SPX,7720.68,7729.75,7730.0,361,373,0.1012,0.002955
2026-08-19 14:05:55,SPX,7720.68,7729.75,7710.0,365,365,0.1071,0.002955
2026-08-19 14:05:55,SPX,7720.68,7729.75,7735.0,143,411,0.0999,0.002955
2026-08-19 14:05:55,SPX,7720.68,7729.75,7705.0,348,251,0.1089,0.002955
2026-08-19 14:05:55,SPX,7720.68,7729.75,7740.0,1307,584,0.0988,0.002955
2026-08-19 14:05:55,SPX,7720.68,7729.75,7700.0,686,1609,0.1105,0.002955
2026-08-19 14:05:55,SPX,7720.68,7729.75,7745.0,206,268,0.0982,0.002955
2026-08-19 14:05:55,SPX,7720.68,7729.75,7695.0,279,921,0.1129,0.002955
2026-08-19 14:05:55,SPX,7720.68,7729.75,7750.0,1148,1313,0.0978,0.002955
2026-08-19 14:05:55,SPX,7720.68,7729.75,7690.0,142,484,0.1154,0.002955
2026-08-19 14:05:55,SPX,7720.68,7729.75,7755.0,2288,288,0.0966,0.002955
2026-08-19 14:05:55,SPX,7720.68,7729.75,7685.0,137,789,0.1169,0.002955
2026-08-19 14:05:55,SPX,7720.68,7729.75,7760.0,2276,177,0.096,0.002955
2026-08-19 14:05:55,SPX,7720.68,7729.75,7680.0,85,577,0.119,0.002955
2026-08-19 14:05:55,SPX,7720.68,7729.75,7765.0,271,226,0.0964,0.002955
2026-08-19 14:05:55,SPX,7720.68,7729.75,7675.0,242,308,0.1215,0.002955
2026-08-19 14:05:55,SPX,7720.68,7729.75,7770.0,1611,221,0.0964,0.002955
2026-08-19 14:05:55,SPX,7720.68,7729.75,7670.0,106,335,0.1233,0.002955
2026-08-19 14:05:55,SPX,7720.68,7729.75,7775.0,799,278,0.0964,0.002955
2026-08-19 14:05:55,SPX,7720.68,7729.75,7665.0,90,239,0.1251,0.002955
2026-08-19 14:05:55,SPX,7720.68,7729.75,7780.0,433,419,0.0967,0.002955
2026-08-19 14:05:55,SPX,7720.68,7729.75,7660.0,242,388,0.1273,0.002955
2026-08-19 14:05:55,SPX,7720.68,7729.75,7785.0,447,175,0.0976,0.002955
2026-08-19 14:05:55,SPX,7720.68,7729.75,7655.0,32,266,0.1308,0.002955
2026-08-19 14:05:55,SPX,7720.68,7729.75,7790.0,417,177,0.099,0.002955
2026-08-19 14:05:55,SPX,7720.68,7729.75,7650.0,474,2902,0.133,0.002955
2026-08-19 14:05:55,SPX,7720.68,7729.75,7795.0,320,202,0.1009,0.002955
2026-08-19 14:05:55,SPX,7720.68,7729.75,7645.0,29,2319,0.1352,0.002955
2026-08-19 14:05:55,SPX,7720.68,7729.75,7800.0,1621,272,0.1029,0.002955
2026-08-19 14:05:55,SPX,7720.68,7729.75,7640.0,62,656,0.1358,0.002955
2026-08-19 14:05:55,SPX,7720.68,7729.75,7805.0,673,241,0.1049,0.002955
2026-08-19 14:05:55,SPX,7720.68,7729.75,7635.0,71,1080,0.1387,0.002955
2026-08-19 14:05:55,SPX,7720.68,7729.75,7810.0,465,79,0.107,0.002955
2026-08-19 14:05:55,SPX,7720.68,7729.75,7630.0,62,560,0.1404,0.002955
2026-08-19 14:05:55,SPX,7720.68,7729.75,7815.0,349,35,0.1091,0.002955
2026-08-19 14:05:55,SPX,7720.68,7729.75,7625.0,180,1940,0.1441,0.002955
2026-08-19 14:05:55,SPX,7720.68,7729.75,7820.0,476,37,0.1115,0.002955
2026-08-19 14:05:55,SPX,7720.68,7729.75,7620.0,54,1427,0.1468,0.002955
2026-08-19 14:05:55,SPX,7720.68,7729.75,7825.0,295,44,0.1139,0.002955
2026-08-19 14:05:55,SPX,7720.68,7729.75,7615.0,82,431,0.15,0.002955
2026-08-19 14:05:55,SPX,7720.68,7729.75,7830.0,482,10,0.1165,0.002955
2026-08-19 14:05:55,SPX,7720.68,7729.75,7610.0,42,616,0.1521,0.002955
2026-08-19 14:05:55,SPX,7720.68,7729.75,7835.0,241,8,0.1192,0.002955
2026-08-19 14:05:55,SPX,7720.68,7729.75,7605.0,157,1092,0.154,0.002955
2026-08-19 14:05:55,SPX,7720.68,7729.75,7840.0,763,6,0.1221,0.002955
2026-08-19 14:05:55,SPX,7720.68,7729.75,7600.0,337,1794,0.1562,0.002955
2026-08-19 14:05:55,SPX,7720.68,7729.75,7845.0,417,7,0.125,0.002955
2026-08-19 14:05:55,SPX,7720.68,7729.75,7720.0,1363,875,0.1051,0.005693
2026-08-19 14:05:55,SPX,7720.68,7729.75,7725.0,947,1392,0.1039,0.005693
2026-08-19 14:05:55,SPX,7720.68,7729.75,7715.0,976,1163,0.1062,0.005693
2026-08-19 14:05:55,SPX,7720.68,7729.75,7730.0,808,740,0.1027,0.005693
2026-08-19 14:05:55,SPX,7720.68,7729.75,7710.0,550,1191,0.108,0.005693
2026-08-19 14:05:55,SPX,7720.68,7729.75,7735.0,392,464,0.1013,0.005693
2026-08-19 14:05:55,SPX,7720.68,7729.75,7705.0,684,1127,0.1092,0.005693
2026-08-19 14:05:55,SPX,7720.68,7729.75,7740.0,514,546,0.1,0.005693
2026-08-19 14:05:55,SPX,7720.68,7729.75,7700.0,2557,3015,0.1104,0.005693
2026-08-19 14:05:55,SPX,7720.68,7729.75,7745.0,807,1363,0.0988,0.005693
2026-08-19 14:05:55,SPX,7720.68,7729.75,7695.0,473,1970,0.1116,0.005693
2026-08-19 14:05:55,SPX,7720.68,7729.75,7750.0,3988,2300,0.0975,0.005693
2026-08-19 14:05:55,SPX,7720.68,7729.75,7690.0,478,1184,0.1129,0.005693
2026-08-19 14:05:55,SPX,7720.68,7729.75,7755.0,898,734,0.0964,0.005693
2026-08-19 14:05:55,SPX,7720.68,7729.75,7685.0,467,3480,0.1148,0.005693
2026-08-19 14:05:55,SPX,7720.68,7729.75,7760.0,1074,815,0.0954,0.005693
2026-08-19 14:05:55,SPX,7720.68,7729.75,7680.0,474,937,0.1163,0.005693
2026-08-19 14:05:55,SPX,7720.68,7729.75,7765.0,935,461,0.0947,0.005693
2026-08-19 14:05:55,SPX,7720.68,7729.75,7675.0,485,895,0.1184,0.005693
2026-08-19 14:05:55,SPX,7720.68,7729.75,7770.0,1554,597,0.0944,0.005693
2026-08-19 14:05:55,SPX,7720.68,7729.75,7670.0,308,1543,0.1201,0.005693
2026-08-19 14:05:55,SPX,7720.68,7729.75,7775.0,2285,836,0.0943,0.005693
2026-08-19 14:05:55,SPX,7720.68,7729.75,7665.0,120,2455,0.1225,0.005693
2026-08-19 14:05:55,SPX,7720.68,7729.75,7780.0,1339,1096,0.0943,0.005693
2026-08-19 14:05:55,SPX,7720.68,7729.75,7660.0,1540,1078,0.1248,0.005693
2026-08-19 14:05:55,SPX,7720.68,7729.75,7785.0,2220,737,0.0943,0.005693
2026-08-19 14:05:55,SPX,7720.68,7729.75,7655.0,131,1104,0.1257,0.005693
2026-08-19 14:05:55,SPX,7720.68,7729.75,7790.0,1388,588,0.0943,0.005693
2026-08-19 14:05:55,SPX,7720.68,7729.75,7650.0,1038,3990,0.1288,0.005693
2026-08-19 14:05:55,SPX,7720.68,7729.75,7795.0,665,263,0.0945,0.005693
2026-08-19 14:05:55,SPX,7720.68,7729.75,7645.0,152,1102,0.1303,0.005693
2026-08-19 14:05:55,SPX,7720.68,7729.75,7800.0,4632,2050,0.0947,0.005693
2026-08-19 14:05:55,SPX,7720.68,7729.75,7640.0,511,6618,0.1322,0.005693
2026-08-19 14:05:55,SPX,7720.68,7729.75,7805.0,886,331,0.0949,0.005693
2026-08-19 14:05:55,SPX,7720.68,7729.75,7635.0,415,1132,0.1345,0.005693
2026-08-19 14:05:55,SPX,7720.68,7729.75,7810.0,1079,279,0.0954,0.005693
2026-08-19 14:05:55,SPX,7720.68,7729.75,7630.0,254,2030,0.1371,0.005693
2026-08-19 14:05:55,SPX,7720.68,7729.75,7815.0,999,157,0.0959,0.005693
2026-08-19 14:05:55,SPX,7720.68,7729.75,7625.0,677,2703,0.1387,0.005693
2026-08-19 14:05:55,SPX,7720.68,7729.75,7820.0,1691,223,0.0967,0.005693
2026-08-19 14:05:55,SPX,7720.68,7729.75,7620.0,440,3118,0.1401,0.005693
2026-08-19 14:05:55,SPX,7720.68,7729.75,7825.0,1324,167,0.0976,0.005693
2026-08-19 14:05:55,SPX,7720.68,7729.75,7615.0,189,743,0.1431,0.005693
2026-08-19 14:05:55,SPX,7720.68,7729.75,7830.0,2002,114,0.0988,0.005693
2026-08-19 14:05:55,SPX,7720.68,7729.75,7610.0,450,839,0.1438,0.005693
2026-08-19 14:05:55,SPX,7720.68,7729.75,7835.0,822,52,0.1001,0.005693
2026-08-19 14:05:55,SPX,7720.68,7729.75,7605.0,244,693,0.1474,0.005693
2026-08-19 14:05:55,SPX,7720.68,7729.75,7840.0,921,90,0.1017,0.005693
2026-08-19 14:05:55,SPX,7720.68,7729.75,7600.0,1946,9558,0.1482,0.005693
2026-08-19 14:05:55,SPX,7720.68,7729.75,7845.0,832,23,0.1034,0.005693
2026-08-19 14:36:21,SPX,7718.78,7729.53,7720.0,951,5428,0.1272,0.000159
2026-08-19 14:36:21,SPX,7718.78,7729.53,7715.0,1618,537,0.1295,0.000159
2026-08-19 14:36:21,SPX,7718.78,7729.53,7725.0,5879,4271,0.1281,0.000159
2026-08-19 14:36:21,SPX,7718.78,7729.53,7710.0,1748,646,0.1329,0.000159
2026-08-19 14:36:21,SPX,7718.78,7729.53,7730.0,2237,816,0.1324,0.000159
2026-08-19 14:36:21,SPX,7718.78,7729.53,7705.0,1039,1097,0.1379,0.000159
2026-08-19 14:36:21,SPX,7718.78,7729.53,7735.0,1976,3316,0.1397,0.000159
2026-08-19 14:36:21,SPX,7718.78,7729.53,7700.0,2637,4400,0.145,0.000159
2026-08-19 14:36:21,SPX,7718.78,7729.53,7740.0,1717,604,0.1507,0.000159
2026-08-19 14:36:21,SPX,7718.78,7729.53,7695.0,741,2397,0.1536,0.000159
2026-08-19 14:36:21,SPX,7718.78,7729.53,7745.0,1561,1535,0.1636,0.000159
2026-08-19 14:36:21,SPX,7718.78,7729.53,7690.0,314,1819,0.1669,0.000159
2026-08-19 14:36:21,SPX,7718.78,7729.53,7750.0,4447,3907,0.1776,0.000159
2026-08-19 14:36:21,SPX,7718.78,7729.53,7685.0,273,1495,0.1768,0.000159
2026-08-19 14:36:21,SPX,7718.78,7729.53,7755.0,1318,857,0.1922,0.000159
2026-08-19 14:36:21,SPX,7718.78,7729.53,7680.0,221,1827,0.1916,0.000159
2026-08-19 14:36:21,SPX,7718.78,7729.53,7760.0,2144,487,0.2065,0.000159
2026-08-19 14:36:21,SPX,7718.78,7729.53,7675.0,332,2041,0.2103,0.000159
2026-08-19 14:36:21,SPX,7718.78,7729.53,7765.0,1529,486,0.2208,0.000159
2026-08-19 14:36:21,SPX,7718.78,7729.53,7670.0,190,1512,0.2281,0.000159
2026-08-19 14:36:21,SPX,7718.78,7729.53,7770.0,2699,335,0.2357,0.000159
2026-08-19 14:36:21,SPX,7718.78,7729.53,7665.0,53,1546,0.2454,0.000159
2026-08-19 14:36:21,SPX,7718.78,7729.53,7775.0,4151,408,0.2511,0.000159
2026-08-19 14:36:21,SPX,7718.78,7729.53,7660.0,117,1880,0.259,0.000159
2026-08-19 14:36:21,SPX,7718.78,7729.53,7780.0,1895,436,0.2667,0.000159
2026-08-19 14:36:21,SPX,7718.78,7729.53,7655.0,113,1219,0.2718,0.000159
2026-08-19 14:36:21,SPX,7718.78,7729.53,7785.0,1053,293,0.2819,0.000159
2026-08-19 14:36:21,SPX,7718.78,7729.53,7650.0,450,2867,0.287,0.000159
2026-08-19 14:36:21,SPX,7718.78,7729.53,7790.0,1461,216,0.2962,0.000159
2026-08-19 14:36:21,SPX,7718.78,7729.53,7645.0,30,2071,0.3048,0.000159
2026-08-19 14:36:21,SPX,7718.78,7729.53,7795.0,1420,128,0.3091,0.000159
2026-08-19 14:36:21,SPX,7718.78,7729.53,7640.0,182,1353,0.3242,0.000159
2026-08-19 14:36:21,SPX,7718.78,7729.53,7800.0,3548,529,0.3207,0.000159
2026-08-19 14:36:21,SPX,7718.78,7729.53,7635.0,105,889,0.3439,0.000159
2026-08-19 14:36:21,SPX,7718.78,7729.53,7805.0,3066,117,0.3309,0.000159
2026-08-19 14:36:21,SPX,7718.78,7729.53,7630.0,164,4738,0.3632,0.000159
2026-08-19 14:36:21,SPX,7718.78,7729.53,7810.0,632,124,0.3398,0.000159
2026-08-19 14:36:21,SPX,7718.78,7729.53,7625.0,162,2790,0.3819,0.000159
2026-08-19 14:36:21,SPX,7718.78,7729.53,7815.0,767,95,0.3475,0.000159
2026-08-19 14:36:21,SPX,7718.78,7729.53,7620.0,69,4541,0.4001,0.000159
2026-08-19 14:36:21,SPX,7718.78,7729.53,7820.0,746,65,0.3539,0.000159
2026-08-19 14:36:21,SPX,7718.78,7729.53,7615.0,29,1484,0.4175,0.000159
2026-08-19 14:36:21,SPX,7718.78,7729.53,7825.0,1104,40,0.359,0.000159
2026-08-19 14:36:21,SPX,7718.78,7729.53,7610.0,110,1216,0.4343,0.000159
2026-08-19 14:36:21,SPX,7718.78,7729.53,7830.0,1446,23,0.363,0.000159
2026-08-19 14:36:21,SPX,7718.78,7729.53,7605.0,49,1392,0.4501,0.000159
2026-08-19 14:36:21,SPX,7718.78,7729.53,7835.0,2383,32,0.3661,0.000159
2026-08-19 14:36:21,SPX,7718.78,7729.53,7600.0,1049,7587,0.4647,0.000159
2026-08-19 14:36:21,SPX,7718.78,7729.53,7840.0,671,26,0.3682,0.000159
2026-08-19 14:36:21,SPX,7718.78,7729.53,7595.0,27,2031,0.4779,0.000159
2026-08-19 14:36:21,SPX,7718.78,7729.53,7720.0,128,324,0.1028,0.002897
2026-08-19 14:36:21,SPX,7718.78,7729.53,7715.0,142,203,0.1044,0.002897
2026-08-19 14:36:21,SPX,7718.78,7729.53,7725.0,390,431,0.1004,0.002897
2026-08-19 14:36:21,SPX,7718.78,7729.53,7710.0,365,365,0.1061,0.002897
2026-08-19 14:36:21,SPX,7718.78,7729.53,7730.0,361,373,0.0994,0.002897
2026-08-19 14:36:21,SPX,7718.78,7729.53,7705.0,348,251,0.1075,0.002897
2026-08-19 14:36:21,SPX,7718.78,7729.53,7735.0,143,411,0.0981,0.002897
2026-08-19 14:36:21,SPX,7718.78,7729.53,7700.0,686,1609,0.11,0.002897
2026-08-19 14:36:21,SPX,7718.78,7729.53,7740.0,1307,584,0.0972,0.002897
2026-08-19 14:36:21,SPX,7718.78,7729.53,7695.0,279,921,0.1128,0.002897
2026-08-19 14:36:21,SPX,7718.78,7729.53,7745.0,206,268,0.0959,0.002897
2026-08-19 14:36:21,SPX,7718.78,7729.53,7690.0,142,484,0.1147,0.002897
2026-08-19 14:36:21,SPX,7718.78,7729.53,7750.0,1148,1313,0.0953,0.002897
2026-08-19 14:36:21,SPX,7718.78,7729.53,7685.0,137,789,0.1169,0.002897
2026-08-19 14:36:21,SPX,7718.78,7729.53,7755.0,2288,288,0.0946,0.002897
2026-08-19 14:36:21,SPX,7718.78,7729.53,7680.0,85,577,0.1192,0.002897
2026-08-19 14:36:21,SPX,7718.78,7729.53,7760.0,2276,177,0.0942,0.002897
2026-08-19 14:36:21,SPX,7718.78,7729.53,7675.0,242,308,0.121,0.002897
2026-08-19 14:36:21,SPX,7718.78,7729.53,7765.0,271,226,0.0939,0.002897
2026-08-19 14:36:21,SPX,7718.78,7729.53,7670.0,106,335,0.1227,0.002897
2026-08-19 14:36:21,SPX,7718.78,7729.53,7770.0,1611,221,0.0937,0.002897
2026-08-19 14:36:21,SPX,7718.78,7729.53,7665.0,90,239,0.1264,0.002897
2026-08-19 14:36:21,SPX,7718.78,7729.53,7775.0,799,278,0.0943,0.002897
2026-08-19 14:36:21,SPX,7718.78,7729.53,7660.0,242,388,0.1274,0.002897
2026-08-19 14:36:21,SPX,7718.78,7729.53,7780.0,433,419,0.0953,0.002897
2026-08-19 14:36:21,SPX,7718.78,7729.53,7655.0,32,266,0.1303,0.002897
2026-08-19 14:36:21,SPX,7718.78,7729.53,7785.0,447,175,0.0962,0.002897
2026-08-19 14:36:21,SPX,7718.78,7729.53,7650.0,474,2902,0.1337,0.002897
2026-08-19 14:36:21,SPX,7718.78,7729.53,7790.0,417,177,0.0979,0.002897
2026-08-19 14:36:21,SPX,7718.78,7729.53,7645.0,29,2319,0.1356,0.002897
2026-08-19 14:36:21,SPX,7718.78,7729.53,7795.0,320,202,0.0996,0.002897
2026-08-19 14:36:21,SPX,7718.78,7729.53,7640.0,62,656,0.139,0.002897
2026-08-19 14:36:21,SPX,7718.78,7729.53,7800.0,1621,272,0.1013,0.002897
2026-08-19 14:36:21,SPX,7718.78,7729.53,7635.0,71,1080,0.14,0.002897
2026-08-19 14:36:21,SPX,7718.78,7729.53,7805.0,673,241,0.103,0.002897
2026-08-19 14:36:21,SPX,7718.78,7729.53,7630.0,62,560,0.1419,0.002897
2026-08-19 14:36:21,SPX,7718.78,7729.53,7810.0,465,79,0.1048,0.002897
2026-08-19 14:36:21,SPX,7718.78,7729.53,7625.0,180,1940,0.1441,0.002897
2026-08-19 14:36:21,SPX,7718.78,7729.53,7815.0,349,35,0.1067,0.002897
2026-08-19 14:36:21,SPX,7718.78,7729.53,7620.0,54,1427,0.1464,0.002897
2026-08-19 14:36:21,SPX,7718.78,7729.53,7820.0,476,37,0.1089,0.002897
2026-08-19 14:36:21,SPX,7718.78,7729.53,7615.0,82,431,0.1492,0.002897
2026-08-19 14:36:21,SPX,7718.78,7729.53,7825.0,295,44,0.1114,0.002897
2026-08-19 14:36:21,SPX,7718.78,7729.53,7610.0,42,616,0.1527,0.002897
2026-08-19 14:36:21,SPX,7718.78,7729.53,7830.0,482,10,0.1142,0.002897
2026-08-19 14:36:21,SPX,7718.78,7729.53,7605.0,157,1092,0.1551,0.002897
2026-08-19 14:36:21,SPX,7718.78,7729.53,7835.0,241,8,0.1172,0.002897
2026-08-19 14:36:21,SPX,7718.78,7729.53,7600.0,337,1794,0.1581,0.002897
2026-08-19 14:36:21,SPX,7718.78,7729.53,7840.0,763,6,0.1206,0.002897
2026-08-19 14:36:21,SPX,7718.78,7729.53,7595.0,7,464,0.1606,0.002897
2026-08-19 14:36:21,SPX,7718.78,7729.53,7720.0,1363,875,0.1039,0.005635
2026-08-19 14:36:21,SPX,7718.78,7729.53,7715.0,976,1163,0.1052,0.005635
2026-08-19 14:36:21,SPX,7718.78,7729.53,7725.0,947,1392,0.1027,0.005635
2026-08-19 14:36:21,SPX,7718.78,7729.53,7710.0,550,1191,0.1067,0.005635
2026-08-19 14:36:21,SPX,7718.78,7729.53,7730.0,808,740,0.1017,0.005635
2026-08-19 14:36:21,SPX,7718.78,7729.53,7705.0,684,1127,0.1081,0.005635
2026-08-19 14:36:21,SPX,7718.78,7729.53,7735.0,392,464,0.1004,0.005635
2026-08-19 14:36:21,SPX,7718.78,7729.53,7700.0,2557,3015,0.1097,0.005635
2026-08-19 14:36:21,SPX,7718.78,7729.53,7740.0,514,546,0.0988,0.005635
2026-08-19 14:36:21,SPX,7718.78,7729.53,7695.0,473,1970,0.1112,0.005635
2026-08-19 14:36:21,SPX,7718.78,7729.53,7745.0,807,1363,0.0972,0.005635
2026-08-19 14:36:21,SPX,7718.78,7729.53,7690.0,478,1184,0.1131,0.005635
2026-08-19 14:36:21,SPX,7718.78,7729.53,7750.0,3988,2300,0.0958,0.005635
2026-08-19 14:36:21,SPX,7718.78,7729.53,7685.0,467,3480,0.115,0.005635
2026-08-19 14:36:21,SPX,7718.78,7729.53,7755.0,898,734,0.0947,0.005635
2026-08-19 14:36:21,SPX,7718.78,7729.53,7680.0,474,937,0.1164,0.005635
2026-08-19 14:36:21,SPX,7718.78,7729.53,7760.0,1074,815,0.0939,0.005635
2026-08-19 14:36:21,SPX,7718.78,7729.53,7675.0,485,895,0.1186,0.005635
2026-08-19 14:36:21,SPX,7718.78,7729.53,7765.0,935,461,0.0933,0.005635
2026-08-19 14:36:21,SPX,7718.78,7729.53,7670.0,308,1543,0.1205,0.005635
2026-08-19 14:36:21,SPX,7718.78,7729.53,7770.0,1554,597,0.0929,0.005635
2026-08-19 14:36:21,SPX,7718.78,7729.53,7665.0,120,2455,0.1219,0.005635
2026-08-19 14:36:21,SPX,7718.78,7729.53,7775.0,2285,836,0.0926,0.005635
2026-08-19 14:36:21,SPX,7718.78,7729.53,7660.0,1540,1078,0.124,0.005635
2026-08-19 14:36:21,SPX,7718.78,7729.53,7780.0,1339,1096,0.0924,0.005635
2026-08-19 14:36:21,SPX,7718.78,7729.53,7655.0,131,1104,0.1263,0.005635
2026-08-19 14:36:21,SPX,7718.78,7729.53,7785.0,2220,737,0.0924,0.005635
2026-08-19 14:36:21,SPX,7718.78,7729.53,7650.0,1038,3990,0.1283,0.005635
2026-08-19 14:36:21,SPX,7718.78,7729.53,7790.0,1388,588,0.0925,0.005635
2026-08-19 14:36:21,SPX,7718.78,7729.53,7645.0,152,1102,0.1299,0.005635
2026-08-19 14:36:21,SPX,7718.78,7729.53,7795.0,665,263,0.0927,0.005635
2026-08-19 14:36:21,SPX,7718.78,7729.53,7640.0,511,6618,0.132,0.005635
2026-08-19 14:36:21,SPX,7718.78,7729.53,7800.0,4632,2050,0.093,0.005635
2026-08-19 14:36:21,SPX,7718.78,7729.53,7635.0,415,1132,0.1344,0.005635
2026-08-19 14:36:21,SPX,7718.78,7729.53,7805.0,886,331,0.0934,0.005635
2026-08-19 14:36:21,SPX,7718.78,7729.53,7630.0,254,2030,0.1364,0.005635
2026-08-19 14:36:21,SPX,7718.78,7729.53,7810.0,1079,279,0.0939,0.005635
2026-08-19 14:36:21,SPX,7718.78,7729.53,7625.0,677,2703,0.1387,0.005635
2026-08-19 14:36:21,SPX,7718.78,7729.53,7815.0,999,157,0.0946,0.005635
2026-08-19 14:36:21,SPX,7718.78,7729.53,7620.0,440,3118,0.1415,0.005635
2026-08-19 14:36:21,SPX,7718.78,7729.53,7820.0,1691,223,0.0955,0.005635
2026-08-19 14:36:21,SPX,7718.78,7729.53,7615.0,189,743,0.1432,0.005635
2026-08-19 14:36:21,SPX,7718.78,7729.53,7825.0,1324,167,0.0965,0.005635
2026-08-19 14:36:21,SPX,7718.78,7729.53,7610.0,450,839,0.1437,0.005635
2026-08-19 14:36:21,SPX,7718.78,7729.53,7830.0,2002,114,0.0978,0.005635
2026-08-19 14:36:21,SPX,7718.78,7729.53,7605.0,244,693,0.1473,0.005635
2026-08-19 14:36:21,SPX,7718.78,7729.53,7835.0,822,0,0.0992,0.005635
2026-08-19 14:36:21,SPX,7718.78,7729.53,7600.0,1946,9558,0.1498,0.005635
2026-08-19 14:36:21,SPX,7718.78,7729.53,7840.0,921,90,0.1008,0.005635
2026-08-19 14:36:21,SPX,7718.78,7729.53,7595.0,162,635,0.1512,0.005635
2026-08-19 15:06:46,SPX,7715.49,7729.51,7715.0,1618,537,0.1241,0.000101
2026-08-19 15:06:46,SPX,7715.49,7729.51,7720.0,951,5428,0.123,0.000101
2026-08-19 15:06:46,SPX,7715.49,7729.51,7710.0,1748,646,0.1284,0.000101
2026-08-19 15:06:46,SPX,7715.49,7729.51,7725.0,5879,4271,0.1276,0.000101
2026-08-19 15:06:46,SPX,7715.49,7729.51,7705.0,1039,1097,0.1376,0.000101
2026-08-19 15:06:46,SPX,7715.49,7729.51,7730.0,2237,816,0.1361,0.000101
2026-08-19 15:06:46,SPX,7715.49,7729.51,7700.0,2637,4400,0.1508,0.000101
2026-08-19 15:06:46,SPX,7715.49,7729.51,7735.0,1976,3316,0.1493,0.000101
2026-08-19 15:06:46,SPX,7715.49,7729.51,7695.0,741,2397,0.1665,0.000101
2026-08-19 15:06:46,SPX,7715.49,7729.51,7740.0,1717,604,0.1647,0.000101
2026-08-19 15:06:46,SPX,7715.49,7729.51,7690.0,314,1819,0.1856,0.000101
2026-08-19 15:06:46,SPX,7715.49,7729.51,7745.0,1561,1535,0.1817,0.000101
2026-08-19 15:06:46,SPX,7715.49,7729.51,7685.0,273,1495,0.2039,0.000101
2026-08-19 15:06:46,SPX,7715.49,7729.51,7750.0,4447,3907,0.1994,0.000101
2026-08-19 15:06:46,SPX,7715.49,7729.51,7680.0,221,1827,0.2213,0.000101
2026-08-19 15:06:46,SPX,7715.49,7729.51,7755.0,1318,857,0.2179,0.000101
2026-08-19 15:06:46,SPX,7715.49,7729.51,7675.0,332,2041,0.24,0.000101
2026-08-19 15:06:46,SPX,7715.49,7729.51,7760.0,2144,487,0.2385,0.000101
2026-08-19 15:06:46,SPX,7715.49,7729.51,7670.0,190,1512,0.2618,0.000101
2026-08-19 15:06:46,SPX,7715.49,7729.51,7765.0,1529,486,0.2581,0.000101
2026-08-19 15:06:46,SPX,7715.49,7729.51,7665.0,53,1546,0.2851,0.000101
2026-08-19 15:06:46,SPX,7715.49,7729.51,7770.0,2699,335,0.2771,0.000101
2026-08-19 15:06:46,SPX,7715.49,7729.51,7660.0,117,1880,0.3082,0.000101
2026-08-19 15:06:46,SPX,7715.49,7729.51,7775.0,4151,408,0.2949,0.000101
2026-08-19 15:06:46,SPX,7715.49,7729.51,7655.0,113,1219,0.331,0.000101
2026-08-19 15:06:46,SPX,7715.49,7729.51,7780.0,1895,436,0.3107,0.000101
2026-08-19 15:06:46,SPX,7715.49,7729.51,7650.0,450,2867,0.3528,0.000101
2026-08-19 15:06:46,SPX,7715.49,7729.51,7785.0,1053,293,0.3243,0.000101
2026-08-19 15:06:46,SPX,7715.49,7729.51,7645.0,30,2071,0.3736,0.000101
2026-08-19 15:06:46,SPX,7715.49,7729.51,7790.0,1461,216,0.3356,0.000101
2026-08-19 15:06:46,SPX,7715.49,7729.51,7640.0,182,1353,0.3925,0.000101
2026-08-19 15:06:46,SPX,7715.49,7729.51,7795.0,1420,128,0.3449,0.000101
2026-08-19 15:06:46,SPX,7715.49,7729.51,7635.0,105,889,0.4088,0.000101
2026-08-19 15:06:46,SPX,7715.49,7729.51,7800.0,3548,529,0.3523,0.000101
2026-08-19 15:06:46,SPX,7715.49,7729.51,7630.0,164,4738,0.4226,0.000101
2026-08-19 15:06:46,SPX,7715.49,7729.51,7805.0,3066,117,0.3582,0.000101
2026-08-19 15:06:46,SPX,7715.49,7729.51,7625.0,162,2790,0.4338,0.000101
2026-08-19 15:06:46,SPX,7715.49,7729.51,7810.0,632,124,0.3628,0.000101
2026-08-19 15:06:46,SPX,7715.49,7729.51,7620.0,69,4541,0.4426,0.000101
2026-08-19 15:06:46,SPX,7715.49,7729.51,7815.0,767,95,0.3663,0.000101
2026-08-19 15:06:46,SPX,7715.49,7729.51,7615.0,29,1484,0.4495,0.000101
2026-08-19 15:06:46,SPX,7715.49,7729.51,7820.0,746,65,0.3689,0.000101
2026-08-19 15:06:46,SPX,7715.49,7729.51,7610.0,110,1216,0.455,0.000101
2026-08-19 15:06:46,SPX,7715.49,7729.51,7825.0,1104,40,0.3707,0.000101
2026-08-19 15:06:46,SPX,7715.49,7729.51,7605.0,49,1392,0.4594,0.000101
2026-08-19 15:06:46,SPX,7715.49,7729.51,7830.0,1446,23,0.3719,0.000101
2026-08-19 15:06:46,SPX,7715.49,7729.51,7600.0,1049,7587,0.463,0.000101
2026-08-19 15:06:46,SPX,7715.49,7729.51,7835.0,2383,32,0.3727,0.000101
2026-08-19 15:06:46,SPX,7715.49,7729.51,7595.0,27,2031,0.4659,0.000101
2026-08-19 15:06:46,SPX,7715.49,7729.51,7840.0,671,26,0.373,0.000101
2026-08-19 15:06:46,SPX,7715.49,7729.51,7715.0,142,203,0.103,0.002839
2026-08-19 15:06:46,SPX,7715.49,7729.51,7720.0,128,324,0.1014,0.002839
2026-08-19 15:06:46,SPX,7715.49,7729.51,7710.0,365,365,0.1044,0.002839
2026-08-19 15:06:46,SPX,7715.49,7729.51,7725.0,390,431,0.0994,0.002839
2026-08-19 15:06:46,SPX,7715.49,7729.51,7705.0,348,251,0.1059,0.002839
2026-08-19 15:06:46,SPX,7715.49,7729.51,7730.0,361,373,0.0985,0.002839
2026-08-19 15:06:46,SPX,7715.49,7729.51,7700.0,686,1609,0.1087,0.002839
2026-08-19 15:06:46,SPX,7715.49,7729.51,7735.0,143,411,0.0971,0.002839
2026-08-19 15:06:46,SPX,7715.49,7729.51,7695.0,279,921,0.1107,0.002839
2026-08-19 15:06:46,SPX,7715.49,7729.51,7740.0,1307,584,0.0958,0.002839
2026-08-19 15:06:46,SPX,7715.49,7729.51,7690.0,142,484,0.1125,0.002839
2026-08-19 15:06:46,SPX,7715.49,7729.51,7745.0,206,268,0.0944,0.002839
2026-08-19 15:06:46,SPX,7715.49,7729.51,7685.0,137,789,0.1159,0.002839
2026-08-19 15:06:46,SPX,7715.49,7729.51,7750.0,1148,1313,0.0931,0.002839
2026-08-19 15:06:46,SPX,7715.49,7729.51,7680.0,85,577,0.1179,0.002839
2026-08-19 15:06:46,SPX,7715.49,7729.51,7755.0,2288,288,0.0925,0.002839
2026-08-19 15:06:46,SPX,7715.49,7729.51,7675.0,242,308,0.1199,0.002839
2026-08-19 15:06:46,SPX,7715.49,7729.51,7760.0,2276,177,0.0925,0.002839
2026-08-19 15:06:46,SPX,7715.49,7729.51,7670.0,106,335,0.1218,0.002839
2026-08-19 15:06:46,SPX,7715.49,7729.51,7765.0,271,226,0.0929,0.002839
2026-08-19 15:06:46,SPX,7715.49,7729.51,7665.0,90,239,0.1251,0.002839
2026-08-19 15:06:46,SPX,7715.49,7729.51,7770.0,1611,221,0.0934,0.002839
2026-08-19 15:06:46,SPX,7715.49,7729.51,7660.0,242,388,0.1264,0.002839
2026-08-19 15:06:46,SPX,7715.49,7729.51,7775.0,799,278,0.094,0.002839
2026-08-19 15:06:46,SPX,7715.49,7729.51,7655.0,32,266,0.1293,0.002839
2026-08-19 15:06:46,SPX,7715.49,7729.51,7780.0,433,419,0.0946,0.002839
2026-08-19 15:06:46,SPX,7715.49,7729.51,7650.0,474,2902,0.1329,0.002839
2026-08-19 15:06:46,SPX,7715.49,7729.51,7785.0,447,175,0.0953,0.002839
2026-08-19 15:06:46,SPX,7715.49,7729.51,7645.0,29,2319,0.1343,0.002839
2026-08-19 15:06:46,SPX,7715.49,7729.51,7790.0,417,177,0.0961,0.002839
2026-08-19 15:06:46,SPX,7715.49,7729.51,7640.0,62,656,0.1373,0.002839
2026-08-19 15:06:46,SPX,7715.49,7729.51,7795.0,320,202,0.0972,0.002839
2026-08-19 15:06:46,SPX,7715.49,7729.51,7635.0,71,1080,0.1385,0.002839
2026-08-19 15:06:46,SPX,7715.49,7729.51,7800.0,1621,272,0.0987,0.002839
2026-08-19 15:06:46,SPX,7715.49,7729.51,7630.0,62,560,0.1404,0.002839
2026-08-19 15:06:46,SPX,7715.49,7729.51,7805.0,673,241,0.1005,0.002839
2026-08-19 15:06:46,SPX,7715.49,7729.51,7625.0,180,1940,0.1427,0.002839
2026-08-19 15:06:46,SPX,7715.49,7729.51,7810.0,465,79,0.1027,0.002839
2026-08-19 15:06:46,SPX,7715.49,7729.51,7620.0,54,1427,0.1452,0.002839
2026-08-19 15:06:46,SPX,7715.49,7729.51,7815.0,349,35,0.1053,0.002839
2026-08-19 15:06:46,SPX,7715.49,7729.51,7615.0,82,431,0.1478,0.002839
2026-08-19 15:06:46,SPX,7715.49,7729.51,7820.0,476,37,0.1083,0.002839
2026-08-19 15:06:46,SPX,7715.49,7729.51,7610.0,42,616,0.1512,0.002839
2026-08-19 15:06:46,SPX,7715.49,7729.51,7825.0,295,44,0.1114,0.002839
2026-08-19 15:06:46,SPX,7715.49,7729.51,7605.0,157,1092,0.1544,0.002839
2026-08-19 15:06:46,SPX,7715.49,7729.51,7830.0,482,10,0.1148,0.002839
2026-08-19 15:06:46,SPX,7715.49,7729.51,7600.0,337,1794,0.157,0.002839
2026-08-19 15:06:46,SPX,7715.49,7729.51,7835.0,241,8,0.1182,0.002839
2026-08-19 15:06:46,SPX,7715.49,7729.51,7595.0,7,464,0.1592,0.002839
2026-08-19 15:06:46,SPX,7715.49,7729.51,7840.0,763,6,0.1217,0.002839
2026-08-19 15:06:46,SPX,7715.49,7729.51,7715.0,976,1163,0.1045,0.005577
2026-08-19 15:06:46,SPX,7715.49,7729.51,7720.0,1363,875,0.1031,0.005577
2026-08-19 15:06:46,SPX,7715.49,7729.51,7710.0,550,1191,0.1057,0.005577
2026-08-19 15:06:46,SPX,7715.49,7729.51,7725.0,947,1392,0.1018,0.005577
2026-08-19 15:06:46,SPX,7715.49,7729.51,7705.0,684,1127,0.1072,0.005577
2026-08-19 15:06:46,SPX,7715.49,7729.51,7730.0,808,740,0.1006,0.005577
2026-08-19 15:06:46,SPX,7715.49,7729.51,7700.0,2557,3015,0.1087,0.005577
2026-08-19 15:06:46,SPX,7715.49,7729.51,7735.0,392,464,0.0994,0.005577
2026-08-19 15:06:46,SPX,7715.49,7729.51,7695.0,473,1970,0.1105,0.005577
2026-08-19 15:06:46,SPX,7715.49,7729.51,7740.0,514,546,0.098,0.005577
2026-08-19 15:06:46,SPX,7715.49,7729.51,7690.0,478,1184,0.1122,0.005577
2026-08-19 15:06:46,SPX,7715.49,7729.51,7745.0,807,1363,0.0965,0.005577
2026-08-19 15:06:46,SPX,7715.49,7729.51,7685.0,467,3480,0.1138,0.005577
2026-08-19 15:06:46,SPX,7715.49,7729.51,7750.0,3988,2300,0.0957,0.005577
2026-08-19 15:06:46,SPX,7715.49,7729.51,7680.0,474,937,0.116,0.005577
2026-08-19 15:06:46,SPX,7715.49,7729.51,7755.0,898,734,0.0948,0.005577
2026-08-19 15:06:46,SPX,7715.49,7729.51,7675.0,485,895,0.1177,0.005577
2026-08-19 15:06:46,SPX,7715.49,7729.51,7760.0,1074,815,0.0937,0.005577
2026-08-19 15:06:46,SPX,7715.49,7729.51,7670.0,308,1543,0.1196,0.005577
2026-08-19 15:06:46,SPX,7715.49,7729.51,7765.0,935,461,0.0928,0.005577
2026-08-19 15:06:46,SPX,7715.49,7729.51,7665.0,120,2455,0.1214,0.005577
2026-08-19 15:06:46,SPX,7715.49,7729.51,7770.0,1554,597,0.0922,0.005577
2026-08-19 15:06:46,SPX,7715.49,7729.51,7660.0,1540,1078,0.1231,0.005577
2026-08-19 15:06:46,SPX,7715.49,7729.51,7775.0,2285,836,0.0916,0.005577
2026-08-19 15:06:46,SPX,7715.49,7729.51,7655.0,131,1104,0.125,0.005577
2026-08-19 15:06:46,SPX,7715.49,7729.51,7780.0,1339,1096,0.091,0.005577
2026-08-19 15:06:46,SPX,7715.49,7729.51,7650.0,1038,3990,0.1271,0.005577
2026-08-19 15:06:46,SPX,7715.49,7729.51,7785.0,2220,737,0.0908,0.005577
2026-08-19 15:06:46,SPX,7715.49,7729.51,7645.0,152,1102,0.1296,0.005577
2026-08-19 15:06:46,SPX,7715.49,7729.51,7790.0,1388,588,0.0907,0.005577
2026-08-19 15:06:46,SPX,7715.49,7729.51,7640.0,511,6618,0.131,0.005577
2026-08-19 15:06:46,SPX,7715.49,7729.51,7795.0,665,263,0.0907,0.005577
2026-08-19 15:06:46,SPX,7715.49,7729.51,7635.0,415,1132,0.1336,0.005577
2026-08-19 15:06:46,SPX,7715.49,7729.51,7800.0,4632,2050,0.0909,0.005577
2026-08-19 15:06:46,SPX,7715.49,7729.51,7630.0,254,2030,0.1351,0.005577
2026-08-19 15:06:46,SPX,7715.49,7729.51,7805.0,886,331,0.0914,0.005577
2026-08-19 15:06:46,SPX,7715.49,7729.51,7625.0,677,2703,0.1376,0.005577
2026-08-19 15:06:46,SPX,7715.49,7729.51,7810.0,1079,279,0.0922,0.005577
2026-08-19 15:06:46,SPX,7715.49,7729.51,7620.0,440,3118,0.1403,0.005577
2026-08-19 15:06:46,SPX,7715.49,7729.51,7815.0,999,157,0.0931,0.005577
2026-08-19 15:06:46,SPX,7715.49,7729.51,7615.0,189,743,0.1419,0.005577
2026-08-19 15:06:46,SPX,7715.49,7729.51,7820.0,1691,223,0.0942,0.005577
2026-08-19 15:06:46,SPX,7715.49,7729.51,7610.0,450,839,0.1428,0.005577
2026-08-19 15:06:46,SPX,7715.49,7729.51,7825.0,1324,167,0.0954,0.005577
2026-08-19 15:06:46,SPX,7715.49,7729.51,7605.0,244,693,0.1465,0.005577
2026-08-19 15:06:46,SPX,7715.49,7729.51,7830.0,2002,114,0.0968,0.005577
2026-08-19 15:06:46,SPX,7715.49,7729.51,7600.0,1946,9558,0.1483,0.005577
2026-08-19 15:06:46,SPX,7715.49,7729.51,7835.0,822,52,0.0983,0.005577
2026-08-19 15:06:46,SPX,7715.49,7729.51,7595.0,162,635,0.1494,0.005577
2026-08-19 15:06:46,SPX,7715.49,7729.51,7840.0,921,90,0.0999,0.005577
2026-08-19 15:37:11,SPX,7717.31,7731.01,7715.0,1618,537,0.1534,4.3e-05
2026-08-19 15:37:11,SPX,7717.31,7731.01,7720.0,951,5428,0.1508,4.3e-05
2026-08-19 15:37:11,SPX,7717.31,7731.01,7710.0,1748,646,0.161,4.3e-05
2026-08-19 15:37:11,SPX,7717.31,7731.01,7725.0,5879,4271,0.1573,4.3e-05
2026-08-19 15:37:11,SPX,7717.31,7731.01,7705.0,1039,1097,0.1757,4.3e-05
2026-08-19 15:37:11,SPX,7717.31,7731.01,7730.0,2237,816,0.1656,4.3e-05
2026-08-19 15:37:11,SPX,7717.31,7731.01,7700.0,2637,4400,0.1938,4.3e-05
2026-08-19 15:37:11,SPX,7717.31,7731.01,7735.0,1976,3316,0.1813,4.3e-05
2026-08-19 15:37:11,SPX,7717.31,7731.01,7695.0,741,2397,0.2147,4.3e-05
2026-08-19 15:37:11,SPX,7717.31,7731.01,7740.0,1717,604,0.2008,4.3e-05
2026-08-19 15:37:11,SPX,7717.31,7731.01,7690.0,314,1819,0.2409,4.3e-05
2026-08-19 15:37:11,SPX,7717.31,7731.01,7745.0,1561,1535,0.2234,4.3e-05
2026-08-19 15:37:11,SPX,7717.31,7731.01,7685.0,273,1495,0.2723,4.3e-05
2026-08-19 15:37:11,SPX,7717.31,7731.01,7750.0,4447,3907,0.2446,4.3e-05
2026-08-19 15:37:11,SPX,7717.31,7731.01,7680.0,221,1827,0.306,4.3e-05
2026-08-19 15:37:11,SPX,7717.31,7731.01,7755.0,1318,857,0.2637,4.3e-05
2026-08-19 15:37:11,SPX,7717.31,7731.01,7675.0,332,2041,0.3389,4.3e-05
2026-08-19 15:37:11,SPX,7717.31,7731.01,7760.0,2144,487,0.2825,4.3e-05
2026-08-19 15:37:11,SPX,7717.31,7731.01,7670.0,190,1512,0.3692,4.3e-05
2026-08-19 15:37:11,SPX,7717.31,7731.01,7765.0,1529,486,0.3017,4.3e-05
2026-08-19 15:37:11,SPX,7717.31,7731.01,7665.0,53,1546,0.3945,4.3e-05
2026-08-19 15:37:11,SPX,7717.31,7731.01,7770.0,2699,335,0.3175,4.3e-05
2026-08-19 15:37:11,SPX,7717.31,7731.01,7660.0,117,1880,0.4135,4.3e-05
2026-08-19 15:37:11,SPX,7717.31,7731.01,7775.0,4151,408,0.3309,4.3e-05
2026-08-19 15:37:11,SPX,7717.31,7731.01,7655.0,113,1219,0.4267,4.3e-05
2026-08-19 15:37:11,SPX,7717.31,7731.01,7780.0,1895,436,0.3419,4.3e-05
2026-08-19 15:37:11,SPX,7717.31,7731.01,7650.0,450,2867,0.4353,4.3e-05
2026-08-19 15:37:11,SPX,7717.31,7731.01,7785.0,1053,293,0.3504,4.3e-05
2026-08-19 15:37:11,SPX,7717.31,7731.01,7645.0,30,2071,0.4407,4.3e-05
2026-08-19 15:37:11,SPX,7717.31,7731.01,7790.0,1461,216,0.3566,4.3e-05
2026-08-19 15:37:11,SPX,7717.31,7731.01,7640.0,182,1353,0.444,4.3e-05
2026-08-19 15:37:11,SPX,7717.31,7731.01,7795.0,1420,128,0.361,4.3e-05
2026-08-19 15:37:11,SPX,7717.31,7731.01,7635.0,105,889,0.4462,4.3e-05
2026-08-19 15:37:11,SPX,7717.31,7731.01,7800.0,3548,529,0.364,4.3e-05
2026-08-19 15:37:11,SPX,7717.31,7731.01,7630.0,164,4738,0.4477,4.3e-05
2026-08-19 15:37:11,SPX,7717.31,7731.01,7805.0,3066,117,0.3662,4.3e-05
2026-08-19 15:37:11,SPX,7717.31,7731.01,7625.0,162,2790,0.4486,4.3e-05
2026-08-19 15:37:11,SPX,7717.31,7731.01,7810.0,632,124,0.3677,4.3e-05
2026-08-19 15:37:11,SPX,7717.31,7731.01,7620.0,69,4541,0.4492,4.3e-05
2026-08-19 15:37:11,SPX,7717.31,7731.01,7815.0,767,95,0.3688,4.3e-05
2026-08-19 15:37:11,SPX,7717.31,7731.01,7615.0,29,1484,0.4497,4.3e-05
2026-08-19 15:37:11,SPX,7717.31,7731.01,7820.0,746,65,0.3694,4.3e-05
2026-08-19 15:37:11,SPX,7717.31,7731.01,7610.0,110,1216,0.45,4.3e-05
2026-08-19 15:37:11,SPX,7717.31,7731.01,7825.0,1104,40,0.3698,4.3e-05
2026-08-19 15:37:11,SPX,7717.31,7731.01,7605.0,49,1392,0.4502,4.3e-05
2026-08-19 15:37:11,SPX,7717.31,7731.01,7830.0,1446,23,0.3699,4.3e-05
2026-08-19 15:37:11,SPX,7717.31,7731.01,7600.0,1049,7587,0.4503,4.3e-05
2026-08-19 15:37:11,SPX,7717.31,7731.01,7835.0,2383,32,0.3697,4.3e-05
2026-08-19 15:37:11,SPX,7717.31,7731.01,7595.0,27,2031,0.4503,4.3e-05
2026-08-19 15:37:11,SPX,7717.31,7731.01,7840.0,671,26,0.3694,4.3e-05
2026-08-19 15:37:11,SPX,7717.31,7731.01,7715.0,142,203,0.1016,0.002781
2026-08-19 15:37:11,SPX,7717.31,7731.01,7720.0,128,324,0.15,0.002781
2026-08-19 15:37:11,SPX,7717.31,7731.01,7710.0,365,365,0.15,0.002781
2026-08-19 15:37:11,SPX,7717.31,7731.01,7725.0,390,431,0.15,0.002781
2026-08-19 15:37:11,SPX,7717.31,7731.01,7705.0,348,251,0.0956,0.002781
2026-08-19 15:37:11,SPX,7717.31,7731.01,7730.0,361,373,0.0962,0.002781
2026-08-19 15:37:11,SPX,7717.31,7731.01,7700.0,686,1609,0.1082,0.002781
2026-08-19 15:37:11,SPX,7717.31,7731.01,7735.0,143,411,0.0947,0.002781
2026-08-19 15:37:11,SPX,7717.31,7731.01,7695.0,279,921,0.1101,0.002781
2026-08-19 15:37:11,SPX,7717.31,7731.01,7740.0,1307,584,0.0931,0.002781
2026-08-19 15:37:11,SPX,7717.31,7731.01,7690.0,142,484,0.1123,0.002781
2026-08-19 15:37:11,SPX,7717.31,7731.01,7745.0,206,268,0.0916,0.002781
2026-08-19 15:37:11,SPX,7717.31,7731.01,7685.0,137,789,0.1134,0.002781
2026-08-19 15:37:11,SPX,7717.31,7731.01,7750.0,1148,1313,0.0905,0.002781
2026-08-19 15:37:11,SPX,7717.31,7731.01,7680.0,85,577,0.1172,0.002781
2026-08-19 15:37:11,SPX,7717.31,7731.01,7755.0,2288,288,0.0901,0.002781
2026-08-19 15:37:11,SPX,7717.31,7731.01,7670.0,106,335,0.12,0.002781
2026-08-19 15:37:11,SPX,7717.31,7731.01,7765.0,271,226,0.0902,0.002781
2026-08-19 15:37:11,SPX,7717.31,7731.01,7665.0,90,239,0.1233,0.002781
2026-08-19 15:37:11,SPX,7717.31,7731.01,7770.0,1611,221,0.0908,0.002781
2026-08-19 15:37:11,SPX,7717.31,7731.01,7660.0,242,388,0.1278,0.002781
2026-08-19 15:37:11,SPX,7717.31,7731.01,7775.0,799,278,0.0916,0.002781
2026-08-19 15:37:11,SPX,7717.31,7731.01,7655.0,32,266,0.1282,0.002781
2026-08-19 15:37:11,SPX,7717.31,7731.01,7780.0,433,419,0.0925,0.002781
2026-08-19 15:37:11,SPX,7717.31,7731.01,7650.0,474,2902,0.1307,0.002781
2026-08-19 15:37:11,SPX,7717.31,7731.01,7785.0,447,175,0.0933,0.002781
2026-08-19 15:37:11,SPX,7717.31,7731.01,7645.0,29,2319,0.1337,0.002781
2026-08-19 15:37:11,SPX,7717.31,7731.01,7790.0,417,177,0.094,0.002781
2026-08-19 15:37:11,SPX,7717.31,7731.01,7640.0,62,656,0.1356,0.002781
2026-08-19 15:37:11,SPX,7717.31,7731.01,7795.0,320,202,0.0948,0.002781
2026-08-19 15:37:11,SPX,7717.31,7731.01,7635.0,71,1080,0.1377,0.002781
2026-08-19 15:37:11,SPX,7717.31,7731.01,7800.0,1621,272,0.096,0.002781
2026-08-19 15:37:11,SPX,7717.31,7731.01,7630.0,62,560,0.141,0.002781
2026-08-19 15:37:11,SPX,7717.31,7731.01,7805.0,673,241,0.0976,0.002781
2026-08-19 15:37:11,SPX,7717.31,7731.01,7625.0,180,1940,0.1439,0.002781
2026-08-19 15:37:11,SPX,7717.31,7731.01,7810.0,465,79,0.0996,0.002781
2026-08-19 15:37:11,SPX,7717.31,7731.01,7620.0,54,1427,0.1471,0.002781
2026-08-19 15:37:11,SPX,7717.31,7731.01,7815.0,349,35,0.1022,0.002781
2026-08-19 15:37:11,SPX,7717.31,7731.01,7615.0,82,431,0.151,0.002781
2026-08-19 15:37:11,SPX,7717.31,7731.01,7820.0,476,37,0.1051,0.002781
2026-08-19 15:37:11,SPX,7717.31,7731.01,7610.0,42,616,0.1541,0.002781
2026-08-19 15:37:11,SPX,7717.31,7731.01,7825.0,295,44,0.1083,0.002781
2026-08-19 15:37:11,SPX,7717.31,7731.01,7605.0,157,1092,0.1557,0.002781
2026-08-19 15:37:11,SPX,7717.31,7731.01,7830.0,482,10,0.1119,0.002781
2026-08-19 15:37:11,SPX,7717.31,7731.01,7600.0,337,1794,0.1582,0.002781
2026-08-19 15:37:11,SPX,7717.31,7731.01,7835.0,241,8,0.1156,0.002781
2026-08-19 15:37:11,SPX,7717.31,7731.01,7595.0,7,464,0.1609,0.002781
2026-08-19 15:37:11,SPX,7717.31,7731.01,7840.0,763,6,0.1194,0.002781
2026-08-19 15:37:11,SPX,7717.31,7731.01,7715.0,976,1163,0.1036,0.005519
2026-08-19 15:37:11,SPX,7717.31,7731.01,7720.0,1363,875,0.1017,0.005519
2026-08-19 15:37:11,SPX,7717.31,7731.01,7710.0,550,1191,0.1052,0.005519
2026-08-19 15:37:11,SPX,7717.31,7731.01,7725.0,947,1392,0.1004,0.005519
2026-08-19 15:37:11,SPX,7717.31,7731.01,7705.0,684,1127,0.1062,0.005519
2026-08-19 15:37:11,SPX,7717.31,7731.01,7730.0,808,740,0.0989,0.005519
2026-08-19 15:37:11,SPX,7717.31,7731.01,7700.0,2557,3015,0.1076,0.005519
2026-08-19 15:37:11,SPX,7717.31,7731.01,7735.0,392,464,0.0975,0.005519
2026-08-19 15:37:11,SPX,7717.31,7731.01,7695.0,473,1970,0.1099,0.005519
2026-08-19 15:37:11,SPX,7717.31,7731.01,7740.0,514,546,0.0963,0.005519
2026-08-19 15:37:11,SPX,7717.31,7731.01,7690.0,478,1184,0.1118,0.005519
2026-08-19 15:37:11,SPX,7717.31,7731.01,7745.0,807,1363,0.095,0.005519
2026-08-19 15:37:11,SPX,7717.31,7731.01,7685.0,467,3480,0.1129,0.005519
2026-08-19 15:37:11,SPX,7717.31,7731.01,7750.0,3988,2300,0.0941,0.005519
2026-08-19 15:37:11,SPX,7717.31,7731.01,7680.0,474,937,0.1145,0.005519
2026-08-19 15:37:11,SPX,7717.31,7731.01,7755.0,898,734,0.0935,0.005519
2026-08-19 15:37:11,SPX,7717.31,7731.01,7675.0,485,895,0.1164,0.005519
2026-08-19 15:37:11,SPX,7717.31,7731.01,7760.0,1074,815,0.093,0.005519
2026-08-19 15:37:11,SPX,7717.31,7731.01,7670.0,308,1543,0.1184,0.005519
2026-08-19 15:37:11,SPX,7717.31,7731.01,7765.0,935,461,0.0912,0.005519
2026-08-19 15:37:11,SPX,7717.31,7731.01,7665.0,120,2455,0.1204,0.005519
2026-08-19 15:37:11,SPX,7717.31,7731.01,7770.0,1554,597,0.0909,0.005519
2026-08-19 15:37:11,SPX,7717.31,7731.01,7660.0,1540,1078,0.1226,0.005519
2026-08-19 15:37:11,SPX,7717.31,7731.01,7775.0,2285,836,0.0906,0.005519
2026-08-19 15:37:11,SPX,7717.31,7731.01,7655.0,131,1104,0.1245,0.005519
2026-08-19 15:37:11,SPX,7717.31,7731.01,7780.0,1339,1096,0.0902,0.005519
2026-08-19 15:37:11,SPX,7717.31,7731.01,7650.0,1038,3990,0.1266,0.005519
2026-08-19 15:37:11,SPX,7717.31,7731.01,7785.0,2220,737,0.0902,0.005519
2026-08-19 15:37:11,SPX,7717.31,7731.01,7645.0,152,1102,0.1291,0.005519
2026-08-19 15:37:11,SPX,7717.31,7731.01,7790.0,1388,588,0.0903,0.005519
2026-08-19 15:37:11,SPX,7717.31,7731.01,7640.0,511,6618,0.1313,0.005519
2026-08-19 15:37:11,SPX,7717.31,7731.01,7795.0,665,263,0.0905,0.005519
2026-08-19 15:37:11,SPX,7717.31,7731.01,7635.0,415,1132,0.1331,0.005519
2026-08-19 15:37:11,SPX,7717.31,7731.01,7800.0,4632,2050,0.0905,0.005519
2026-08-19 15:37:11,SPX,7717.31,7731.01,7630.0,254,2030,0.1355,0.005519
2026-08-19 15:37:11,SPX,7717.31,7731.01,7805.0,886,331,0.0907,0.005519
2026-08-19 15:37:11,SPX,7717.31,7731.01,7625.0,677,2703,0.1374,0.005519
2026-08-19 15:37:11,SPX,7717.31,7731.01,7810.0,1079,279,0.0911,0.005519
2026-08-19 15:37:11,SPX,7717.31,7731.01,7620.0,440,3118,0.1407,0.005519
2026-08-19 15:37:11,SPX,7717.31,7731.01,7815.0,999,157,0.0918,0.005519
2026-08-19 15:37:11,SPX,7717.31,7731.01,7615.0,189,743,0.1422,0.005519
2026-08-19 15:37:11,SPX,7717.31,7731.01,7820.0,1691,223,0.0927,0.005519
2026-08-19 15:37:11,SPX,7717.31,7731.01,7610.0,450,839,0.1444,0.005519
2026-08-19 15:37:11,SPX,7717.31,7731.01,7825.0,1324,167,0.094,0.005519
2026-08-19 15:37:11,SPX,7717.31,7731.01,7605.0,244,693,0.146,0.005519
2026-08-19 15:37:11,SPX,7717.31,7731.01,7830.0,2002,114,0.0957,0.005519
2026-08-19 15:37:11,SPX,7717.31,7731.01,7600.0,1946,9558,0.1471,0.005519
2026-08-19 15:37:11,SPX,7717.31,7731.01,7835.0,822,52,0.0975,0.005519
2026-08-19 15:37:11,SPX,7717.31,7731.01,7595.0,162,635,0.1511,0.005519
2026-08-19 15:37:11,SPX,7717.31,7731.01,7840.0,921,90,0.0993,0.005519
