timestamp,symbol,spot,gflip,strike,oi_call,oi_put,iv,T
2026-08-14 09:31:57,SPX,7803.82,7765.55,7805.0,1700,870,0.1412,0.000738
2026-08-14 09:31:57,SPX,7803.82,7765.55,7800.0,0,3419,0.1432,0.000738
2026-08-14 09:31:57,SPX,7803.82,7765.55,7810.0,7618,481,0.1404,0.000738
2026-08-14 09:31:57,SPX,7803.82,7765.55,7795.0,1642,1038,0.1452,0.000738
2026-08-14 09:31:57,SPX,7803.82,7765.55,7815.0,1660,357,0.1395,0.000738
2026-08-14 09:31:57,SPX,7803.82,7765.55,7790.0,6355,1546,0.1465,0.000738
2026-08-14 09:31:57,SPX,7803.82,7765.55,7820.0,3460,318,0.1393,0.000738
2026-08-14 09:31:57,SPX,7803.82,7765.55,7785.0,1090,665,0.1523,0.000738
2026-08-14 09:31:57,SPX,7803.82,7765.55,7825.0,6906,615,0.1371,0.000738
2026-08-14 09:31:57,SPX,7803.82,7765.55,7780.0,1739,1569,0.1527,0.000738
2026-08-14 09:31:57,SPX,7803.82,7765.55,7830.0,5096,111,0.1391,0.000738
2026-08-14 09:31:57,SPX,7803.82,7765.55,7775.0,2827,2875,0.0877,0.000738
2026-08-14 09:31:57,SPX,7803.82,7765.55,7835.0,2638,120,0.1335,0.000738
2026-08-14 09:31:57,SPX,7803.82,7765.55,7770.0,1055,1919,0.15,0.000738
2026-08-14 09:31:57,SPX,7803.82,7765.55,7840.0,2950,81,0.15,0.000738
2026-08-14 09:31:57,SPX,7803.82,7765.55,7765.0,503,1602,0.1656,0.000738
2026-08-14 09:31:57,SPX,7803.82,7765.55,7845.0,2333,78,0.1371,0.000738
2026-08-14 09:31:57,SPX,7803.82,7765.55,7760.0,1417,2732,0.1691,0.000738
2026-08-14 09:31:57,SPX,7803.82,7765.55,7850.0,5887,170,0.141,0.000738
2026-08-14 09:31:57,SPX,7803.82,7765.55,7755.0,1896,1200,0.1733,0.000738
2026-08-14 09:31:57,SPX,7803.82,7765.55,7855.0,2563,27,0.15,0.000738
2026-08-14 09:31:57,SPX,7803.82,7765.55,7750.0,4705,6216,0.1785,0.000738
2026-08-14 09:31:57,SPX,7803.82,7765.55,7860.0,3534,297,0.1553,0.000738
2026-08-14 09:31:57,SPX,7803.82,7765.55,7745.0,2251,3235,0.1844,0.000738
2026-08-14 09:31:57,SPX,7803.82,7765.55,7865.0,2922,38,0.1604,0.000738
2026-08-14 09:31:57,SPX,7803.82,7765.55,7740.0,932,2175,0.1893,0.000738
2026-08-14 09:31:57,SPX,7803.82,7765.55,7870.0,3224,30,0.1653,0.000738
2026-08-14 09:31:57,SPX,7803.82,7765.55,7735.0,509,1915,0.1946,0.000738
2026-08-14 09:31:57,SPX,7803.82,7765.55,7875.0,2912,25,0.1701,0.000738
2026-08-14 09:31:57,SPX,7803.82,7765.55,7730.0,828,1828,0.2015,0.000738
2026-08-14 09:31:57,SPX,7803.82,7765.55,7880.0,3682,16,0.1749,0.000738
2026-08-14 09:31:57,SPX,7803.82,7765.55,7725.0,2684,4520,0.2061,0.000738
2026-08-14 09:31:57,SPX,7803.82,7765.55,7885.0,5915,20,0.1797,0.000738
2026-08-14 09:31:57,SPX,7803.82,7765.55,7720.0,737,1613,0.211,0.000738
2026-08-14 09:31:57,SPX,7803.82,7765.55,7890.0,6357,27,0.1848,0.000738
2026-08-14 09:31:57,SPX,7803.82,7765.55,7715.0,218,2181,0.2175,0.000738
2026-08-14 09:31:57,SPX,7803.82,7765.55,7895.0,1355,38,0.1904,0.000738
2026-08-14 09:31:57,SPX,7803.82,7765.55,7710.0,956,2388,0.2243,0.000738
2026-08-14 09:31:57,SPX,7803.82,7765.55,7900.0,12756,131,0.1964,0.000738
2026-08-14 09:31:57,SPX,7803.82,7765.55,7705.0,136,1166,0.2315,0.000738
2026-08-14 09:31:57,SPX,7803.82,7765.55,7905.0,985,2,0.2027,0.000738
2026-08-14 09:31:57,SPX,7803.82,7765.55,7700.0,2997,6738,0.2385,0.000738
2026-08-14 09:31:57,SPX,7803.82,7765.55,7910.0,2283,21,0.2092,0.000738
2026-08-14 09:31:57,SPX,7803.82,7765.55,7695.0,188,2914,0.2453,0.000738
2026-08-14 09:31:57,SPX,7803.82,7765.55,7915.0,1896,4,0.216,0.000738
2026-08-14 09:31:57,SPX,7803.82,7765.55,7690.0,427,1967,0.2517,0.000738
2026-08-14 09:31:57,SPX,7803.82,7765.55,7920.0,1600,0,0.2229,0.000738
2026-08-14 09:31:57,SPX,7803.82,7765.55,7685.0,152,4192,0.2579,0.000738
2026-08-14 09:31:57,SPX,7803.82,7765.55,7925.0,4582,1,0.2299,0.000738
2026-08-14 09:31:57,SPX,7803.82,7765.55,7680.0,623,1932,0.264,0.000738
2026-08-14 09:31:57,SPX,7803.82,7765.55,7805.0,374,132,0.0735,0.008951
2026-08-14 09:31:57,SPX,7803.82,7765.55,7800.0,2126,973,0.0738,0.008951
2026-08-14 09:31:57,SPX,7803.82,7765.55,7810.0,612,83,0.0733,0.008951
2026-08-14 09:31:57,SPX,7803.82,7765.55,7795.0,461,292,0.0739,0.008951
2026-08-14 09:31:57,SPX,7803.82,7765.55,7815.0,305,58,0.0731,0.008951
2026-08-14 09:31:57,SPX,7803.82,7765.55,7790.0,379,285,0.0752,0.008951
2026-08-14 09:31:57,SPX,7803.82,7765.55,7820.0,736,61,0.0732,0.008951
2026-08-14 09:31:57,SPX,7803.82,7765.55,7785.0,268,208,0.0755,0.008951
2026-08-14 09:31:57,SPX,7803.82,7765.55,7825.0,1951,64,0.0733,0.008951
2026-08-14 09:31:57,SPX,7803.82,7765.55,7780.0,447,589,0.0756,0.008951
2026-08-14 09:31:57,SPX,7803.82,7765.55,7830.0,963,39,0.073,0.008951
2026-08-14 09:31:57,SPX,7803.82,7765.55,7775.0,1545,2492,0.0771,0.008951
2026-08-14 09:31:57,SPX,7803.82,7765.55,7835.0,492,52,0.0726,0.008951
2026-08-14 09:31:57,SPX,7803.82,7765.55,7770.0,449,693,0.0781,0.008951
2026-08-14 09:31:57,SPX,7803.82,7765.55,7840.0,519,32,0.0723,0.008951
2026-08-14 09:31:57,SPX,7803.82,7765.55,7765.0,299,396,0.0785,0.008951
2026-08-14 09:31:57,SPX,7803.82,7765.55,7845.0,458,15,0.0724,0.008951
2026-08-14 09:31:57,SPX,7803.82,7765.55,7760.0,403,1467,0.0791,0.008951
2026-08-14 09:31:57,SPX,7803.82,7765.55,7850.0,9016,37,0.0726,0.008951
2026-08-14 09:31:57,SPX,7803.82,7765.55,7755.0,643,367,0.0812,0.008951
2026-08-14 09:31:57,SPX,7803.82,7765.55,7855.0,936,3,0.0729,0.008951
2026-08-14 09:31:57,SPX,7803.82,7765.55,7750.0,1076,2105,0.0818,0.008951
2026-08-14 09:31:57,SPX,7803.82,7765.55,7860.0,592,29,0.0732,0.008951
2026-08-14 09:31:57,SPX,7803.82,7765.55,7745.0,195,451,0.0827,0.008951
2026-08-14 09:31:57,SPX,7803.82,7765.55,7865.0,546,4,0.0735,0.008951
2026-08-14 09:31:57,SPX,7803.82,7765.55,7740.0,251,430,0.0841,0.008951
2026-08-14 09:31:57,SPX,7803.82,7765.55,7870.0,655,93,0.0737,0.008951
2026-08-14 09:31:57,SPX,7803.82,7765.55,7735.0,167,426,0.0857,0.008951
2026-08-14 09:31:57,SPX,7803.82,7765.55,7875.0,5293,1,0.0737,0.008951
2026-08-14 09:31:57,SPX,7803.82,7765.55,7730.0,182,437,0.0865,0.008951
2026-08-14 09:31:57,SPX,7803.82,7765.55,7880.0,1272,4,0.0738,0.008951
2026-08-14 09:31:57,SPX,7803.82,7765.55,7725.0,2652,1061,0.0874,0.008951
2026-08-14 09:31:57,SPX,7803.82,7765.55,7885.0,1049,4,0.0738,0.008951
2026-08-14 09:31:57,SPX,7803.82,7765.55,7720.0,126,578,0.0894,0.008951
2026-08-14 09:31:57,SPX,7803.82,7765.55,7890.0,1937,2,0.0738,0.008951
2026-08-14 09:31:57,SPX,7803.82,7765.55,7715.0,94,254,0.0907,0.008951
2026-08-14 09:31:57,SPX,7803.82,7765.55,7895.0,861,4,0.0739,0.008951
2026-08-14 09:31:57,SPX,7803.82,7765.55,7710.0,215,341,0.092,0.008951
2026-08-14 09:31:57,SPX,7803.82,7765.55,7900.0,8573,9,0.0742,0.008951
2026-08-14 09:31:57,SPX,7803.82,7765.55,7705.0,44,331,0.0934,0.008951
2026-08-14 09:31:57,SPX,7803.82,7765.55,7905.0,2241,0,0.0747,0.008951
2026-08-14 09:31:57,SPX,7803.82,7765.55,7700.0,961,4577,0.0945,0.008951
2026-08-14 09:31:57,SPX,7803.82,7765.55,7910.0,1271,4,0.0753,0.008951
2026-08-14 09:31:57,SPX,7803.82,7765.55,7695.0,32,234,0.096,0.008951
2026-08-14 09:31:57,SPX,7803.82,7765.55,7915.0,714,0,0.0761,0.008951
2026-08-14 09:31:57,SPX,7803.82,7765.55,7690.0,101,418,0.0974,0.008951
2026-08-14 09:31:57,SPX,7803.82,7765.55,7920.0,658,86,0.0771,0.008951
2026-08-14 09:31:57,SPX,7803.82,7765.55,7685.0,30,459,0.0986,0.008951
2026-08-14 09:31:57,SPX,7803.82,7765.55,7925.0,1628,0,0.0783,0.008951
2026-08-14 09:31:57,SPX,7803.82,7765.55,7680.0,53,364,0.0998,0.008951
2026-08-14 09:31:57,SPX,7803.82,7765.55,7805.0,182,47,0.081,0.011689
2026-08-14 09:31:57,SPX,7803.82,7765.55,7800.0,1325,913,0.0813,0.011689
2026-08-14 09:31:57,SPX,7803.82,7765.55,7810.0,422,139,0.0808,0.011689
2026-08-14 09:31:57,SPX,7803.82,7765.55,7795.0,241,163,0.0815,0.011689
2026-08-14 09:31:57,SPX,7803.82,7765.55,7815.0,502,72,0.0805,0.011689
2026-08-14 09:31:57,SPX,7803.82,7765.55,7790.0,405,137,0.0818,0.011689
2026-08-14 09:31:57,SPX,7803.82,7765.55,7820.0,294,121,0.0801,0.011689
2026-08-14 09:31:57,SPX,7803.82,7765.55,7785.0,137,84,0.0823,0.011689
2026-08-14 09:31:57,SPX,7803.82,7765.55,7825.0,348,124,0.0796,0.011689
2026-08-14 09:31:57,SPX,7803.82,7765.55,7780.0,165,270,0.0829,0.011689
2026-08-14 09:31:57,SPX,7803.82,7765.55,7830.0,367,68,0.0791,0.011689
2026-08-14 09:31:57,SPX,7803.82,7765.55,7775.0,391,162,0.0835,0.011689
2026-08-14 09:31:57,SPX,7803.82,7765.55,7835.0,187,44,0.0787,0.011689
2026-08-14 09:31:57,SPX,7803.82,7765.55,7770.0,124,154,0.0843,0.011689
2026-08-14 09:31:57,SPX,7803.82,7765.55,7840.0,393,22,0.0784,0.011689
2026-08-14 09:31:57,SPX,7803.82,7765.55,7765.0,77,99,0.085,0.011689
2026-08-14 09:31:57,SPX,7803.82,7765.55,7845.0,208,15,0.0783,0.011689
2026-08-14 09:31:57,SPX,7803.82,7765.55,7760.0,259,296,0.0858,0.011689
2026-08-14 09:31:57,SPX,7803.82,7765.55,7850.0,698,38,0.0783,0.011689
2026-08-14 09:31:57,SPX,7803.82,7765.55,7755.0,214,99,0.087,0.011689
2026-08-14 09:31:57,SPX,7803.82,7765.55,7855.0,152,9,0.0784,0.011689
2026-08-14 09:31:57,SPX,7803.82,7765.55,7750.0,490,885,0.0877,0.011689
2026-08-14 09:31:57,SPX,7803.82,7765.55,7860.0,392,12,0.0786,0.011689
2026-08-14 09:31:57,SPX,7803.82,7765.55,7745.0,147,104,0.0891,0.011689
2026-08-14 09:31:57,SPX,7803.82,7765.55,7865.0,282,0,0.0787,0.011689
2026-08-14 09:31:57,SPX,7803.82,7765.55,7740.0,237,235,0.0903,0.011689
2026-08-14 09:31:57,SPX,7803.82,7765.55,7870.0,515,2,0.0788,0.011689
2026-08-14 09:31:57,SPX,7803.82,7765.55,7735.0,104,235,0.0911,0.011689
2026-08-14 09:31:57,SPX,7803.82,7765.55,7875.0,515,3,0.0789,0.011689
2026-08-14 09:31:57,SPX,7803.82,7765.55,7730.0,582,425,0.0919,0.011689
2026-08-14 09:31:57,SPX,7803.82,7765.55,7880.0,1057,6,0.0788,0.011689
2026-08-14 09:31:57,SPX,7803.82,7765.55,7725.0,293,986,0.0931,0.011689
2026-08-14 09:31:57,SPX,7803.82,7765.55,7885.0,348,5,0.0787,0.011689
2026-08-14 09:31:57,SPX,7803.82,7765.55,7720.0,60,220,0.0942,0.011689
2026-08-14 09:31:57,SPX,7803.82,7765.55,7890.0,342,3,0.0787,0.011689
2026-08-14 09:31:57,SPX,7803.82,7765.55,7715.0,48,225,0.0952,0.011689
2026-08-14 09:31:57,SPX,7803.82,7765.55,7895.0,1854,0,0.0787,0.011689
2026-08-14 09:31:57,SPX,7803.82,7765.55,7710.0,75,344,0.0963,0.011689
2026-08-14 09:31:57,SPX,7803.82,7765.55,7900.0,2127,2,0.0787,0.011689
2026-08-14 09:31:57,SPX,7803.82,7765.55,7705.0,65,164,0.0978,0.011689
2026-08-14 09:31:57,SPX,7803.82,7765.55,7905.0,940,1,0.0789,0.011689
2026-08-14 09:31:57,SPX,7803.82,7765.55,7700.0,335,874,0.099,0.011689
2026-08-14 09:31:57,SPX,7803.82,7765.55,7910.0,1017,2,0.0791,0.011689
2026-08-14 09:31:57,SPX,7803.82,7765.55,7690.0,87,235,0.1021,0.011689
2026-08-14 09:31:57,SPX,7803.82,7765.55,7920.0,401,3,0.08,0.011689
2026-08-14 09:31:57,SPX,7803.82,7765.55,7685.0,23,201,0.1034,0.011689
2026-08-14 09:31:57,SPX,7803.82,7765.55,7925.0,718,0,0.0806,0.011689
2026-08-14 09:31:57,SPX,7803.82,7765.55,7680.0,66,246,0.1046,0.011689
2026-08-14 10:02:07,SPX,7806.84,7763.87,7805.0,1700,870,0.1228,0.00068
2026-08-14 10:02:07,SPX,7806.84,7763.87,7810.0,7618,481,0.1212,0.00068
2026-08-14 10:02:07,SPX,7806.84,7763.87,7800.0,8386,3419,0.1254,0.00068
2026-08-14 10:02:07,SPX,7806.84,7763.87,7815.0,1660,357,0.121,0.00068
2026-08-14 10:02:07,SPX,7806.84,7763.87,7795.0,1642,1038,0.1286,0.00068
2026-08-14 10:02:07,SPX,7806.84,7763.87,7820.0,3460,318,0.1198,0.00068
2026-08-14 10:02:07,SPX,7806.84,7763.87,7790.0,6355,1546,0.1327,0.00068
2026-08-14 10:02:07,SPX,7806.84,7763.87,7825.0,6906,615,0.121,0.00068
2026-08-14 10:02:07,SPX,7806.84,7763.87,7785.0,1090,665,0.1363,0.00068
2026-08-14 10:02:07,SPX,7806.84,7763.87,7830.0,5096,111,0.1219,0.00068
2026-08-14 10:02:07,SPX,7806.84,7763.87,7780.0,1739,1569,0.1408,0.00068
2026-08-14 10:02:07,SPX,7806.84,7763.87,7835.0,2638,120,0.1237,0.00068
2026-08-14 10:02:07,SPX,7806.84,7763.87,7775.0,2827,2875,0.1444,0.00068
2026-08-14 10:02:07,SPX,7806.84,7763.87,7840.0,2950,81,0.1267,0.00068
2026-08-14 10:02:07,SPX,7806.84,7763.87,7770.0,1055,1919,0.1499,0.00068
2026-08-14 10:02:07,SPX,7806.84,7763.87,7845.0,2333,78,0.1301,0.00068
2026-08-14 10:02:07,SPX,7806.84,7763.87,7765.0,503,1602,0.1554,0.00068
2026-08-14 10:02:07,SPX,7806.84,7763.87,7850.0,5887,170,0.1329,0.00068
2026-08-14 10:02:07,SPX,7806.84,7763.87,7760.0,1417,2732,0.1597,0.00068
2026-08-14 10:02:07,SPX,7806.84,7763.87,7855.0,2563,27,0.1374,0.00068
2026-08-14 10:02:07,SPX,7806.84,7763.87,7755.0,1896,1200,0.1643,0.00068
2026-08-14 10:02:07,SPX,7806.84,7763.87,7860.0,3534,297,0.1435,0.00068
2026-08-14 10:02:07,SPX,7806.84,7763.87,7750.0,4705,6216,0.1722,0.00068
2026-08-14 10:02:07,SPX,7806.84,7763.87,7865.0,2922,38,0.15,0.00068
2026-08-14 10:02:07,SPX,7806.84,7763.87,7745.0,2251,3235,0.1758,0.00068
2026-08-14 10:02:07,SPX,7806.84,7763.87,7870.0,3224,30,0.1564,0.00068
2026-08-14 10:02:07,SPX,7806.84,7763.87,7740.0,932,2175,0.1828,0.00068
2026-08-14 10:02:07,SPX,7806.84,7763.87,7875.0,2912,25,0.1626,0.00068
2026-08-14 10:02:07,SPX,7806.84,7763.87,7735.0,509,1915,0.1934,0.00068
2026-08-14 10:02:07,SPX,7806.84,7763.87,7880.0,3682,16,0.1686,0.00068
2026-08-14 10:02:07,SPX,7806.84,7763.87,7730.0,828,1828,0.1979,0.00068
2026-08-14 10:02:07,SPX,7806.84,7763.87,7885.0,5915,20,0.1747,0.00068
2026-08-14 10:02:07,SPX,7806.84,7763.87,7725.0,2684,4520,0.2037,0.00068
2026-08-14 10:02:07,SPX,7806.84,7763.87,7890.0,6357,27,0.1811,0.00068
2026-08-14 10:02:07,SPX,7806.84,7763.87,7720.0,737,1613,0.2121,0.00068
2026-08-14 10:02:07,SPX,7806.84,7763.87,7895.0,1355,38,0.1876,0.00068
2026-08-14 10:02:07,SPX,7806.84,7763.87,7715.0,218,2181,0.219,0.00068
2026-08-14 10:02:07,SPX,7806.84,7763.87,7900.0,12756,131,0.1944,0.00068
2026-08-14 10:02:07,SPX,7806.84,7763.87,7710.0,956,2388,0.2265,0.00068
2026-08-14 10:02:07,SPX,7806.84,7763.87,7905.0,985,2,0.2014,0.00068
2026-08-14 10:02:07,SPX,7806.84,7763.87,7705.0,136,1166,0.2346,0.00068
2026-08-14 10:02:07,SPX,7806.84,7763.87,7910.0,2283,21,0.2088,0.00068
2026-08-14 10:02:07,SPX,7806.84,7763.87,7700.0,2997,6738,0.2424,0.00068
2026-08-14 10:02:07,SPX,7806.84,7763.87,7915.0,1896,4,0.2164,0.00068
2026-08-14 10:02:07,SPX,7806.84,7763.87,7695.0,188,2914,0.2497,0.00068
2026-08-14 10:02:07,SPX,7806.84,7763.87,7920.0,1600,0,0.2242,0.00068
2026-08-14 10:02:07,SPX,7806.84,7763.87,7690.0,427,1967,0.2565,0.00068
2026-08-14 10:02:07,SPX,7806.84,7763.87,7925.0,4582,1,0.2321,0.00068
2026-08-14 10:02:07,SPX,7806.84,7763.87,7685.0,152,4192,0.2634,0.00068
2026-08-14 10:02:07,SPX,7806.84,7763.87,7930.0,2305,3,0.2398,0.00068
2026-08-14 10:02:07,SPX,7806.84,7763.87,7805.0,374,132,0.0656,0.008894
2026-08-14 10:02:07,SPX,7806.84,7763.87,7810.0,612,83,0.0655,0.008894
2026-08-14 10:02:07,SPX,7806.84,7763.87,7800.0,2126,973,0.0666,0.008894
2026-08-14 10:02:07,SPX,7806.84,7763.87,7815.0,305,58,0.0653,0.008894
2026-08-14 10:02:07,SPX,7806.84,7763.87,7795.0,461,292,0.0669,0.008894
2026-08-14 10:02:07,SPX,7806.84,7763.87,7820.0,736,61,0.0651,0.008894
2026-08-14 10:02:07,SPX,7806.84,7763.87,7790.0,379,285,0.0673,0.008894
2026-08-14 10:02:07,SPX,7806.84,7763.87,7825.0,1951,64,0.0649,0.008894
2026-08-14 10:02:07,SPX,7806.84,7763.87,7785.0,268,208,0.0678,0.008894
2026-08-14 10:02:07,SPX,7806.84,7763.87,7830.0,963,39,0.065,0.008894
2026-08-14 10:02:07,SPX,7806.84,7763.87,7780.0,447,589,0.0688,0.008894
2026-08-14 10:02:07,SPX,7806.84,7763.87,7845.0,0,15,0.0643,0.008894
2026-08-14 10:02:07,SPX,7806.84,7763.87,7765.0,299,396,0.0717,0.008894
2026-08-14 10:02:07,SPX,7806.84,7763.87,7850.0,9016,37,0.0646,0.008894
2026-08-14 10:02:07,SPX,7806.84,7763.87,7760.0,403,1467,0.073,0.008894
2026-08-14 10:02:07,SPX,7806.84,7763.87,7855.0,936,3,0.0651,0.008894
2026-08-14 10:02:07,SPX,7806.84,7763.87,7755.0,643,367,0.0734,0.008894
2026-08-14 10:02:07,SPX,7806.84,7763.87,7860.0,592,29,0.0656,0.008894
2026-08-14 10:02:07,SPX,7806.84,7763.87,7750.0,1076,2105,0.0747,0.008894
2026-08-14 10:02:07,SPX,7806.84,7763.87,7865.0,546,4,0.0661,0.008894
2026-08-14 10:02:07,SPX,7806.84,7763.87,7745.0,195,451,0.076,0.008894
2026-08-14 10:02:07,SPX,7806.84,7763.87,7870.0,655,93,0.0665,0.008894
2026-08-14 10:02:07,SPX,7806.84,7763.87,7740.0,251,430,0.0778,0.008894
2026-08-14 10:02:07,SPX,7806.84,7763.87,7875.0,5293,1,0.0668,0.008894
2026-08-14 10:02:07,SPX,7806.84,7763.87,7735.0,167,426,0.0791,0.008894
2026-08-14 10:02:07,SPX,7806.84,7763.87,7880.0,1272,4,0.0672,0.008894
2026-08-14 10:02:07,SPX,7806.84,7763.87,7730.0,182,437,0.0798,0.008894
2026-08-14 10:02:07,SPX,7806.84,7763.87,7885.0,1049,4,0.0677,0.008894
2026-08-14 10:02:07,SPX,7806.84,7763.87,7725.0,2652,1061,0.0807,0.008894
2026-08-14 10:02:07,SPX,7806.84,7763.87,7890.0,1937,2,0.0683,0.008894
2026-08-14 10:02:07,SPX,7806.84,7763.87,7720.0,126,578,0.082,0.008894
2026-08-14 10:02:07,SPX,7806.84,7763.87,7895.0,861,4,0.0691,0.008894
2026-08-14 10:02:07,SPX,7806.84,7763.87,7715.0,94,254,0.0837,0.008894
2026-08-14 10:02:07,SPX,7806.84,7763.87,7900.0,8573,9,0.07,0.008894
2026-08-14 10:02:07,SPX,7806.84,7763.87,7710.0,215,341,0.0852,0.008894
2026-08-14 10:02:07,SPX,7806.84,7763.87,7905.0,2241,0,0.0712,0.008894
2026-08-14 10:02:07,SPX,7806.84,7763.87,7705.0,44,331,0.0865,0.008894
2026-08-14 10:02:07,SPX,7806.84,7763.87,7910.0,1271,4,0.0725,0.008894
2026-08-14 10:02:07,SPX,7806.84,7763.87,7700.0,961,4577,0.0875,0.008894
2026-08-14 10:02:07,SPX,7806.84,7763.87,7915.0,714,0,0.074,0.008894
2026-08-14 10:02:07,SPX,7806.84,7763.87,7695.0,32,234,0.0887,0.008894
2026-08-14 10:02:07,SPX,7806.84,7763.87,7920.0,658,86,0.0757,0.008894
2026-08-14 10:02:07,SPX,7806.84,7763.87,7690.0,101,418,0.0904,0.008894
2026-08-14 10:02:07,SPX,7806.84,7763.87,7925.0,1628,0,0.0775,0.008894
2026-08-14 10:02:07,SPX,7806.84,7763.87,7685.0,30,459,0.0924,0.008894
2026-08-14 10:02:07,SPX,7806.84,7763.87,7930.0,709,1,0.0794,0.008894
2026-08-14 10:02:07,SPX,7806.84,7763.87,7805.0,182,47,0.075,0.011632
2026-08-14 10:02:07,SPX,7806.84,7763.87,7810.0,422,139,0.0744,0.011632
2026-08-14 10:02:07,SPX,7806.84,7763.87,7800.0,1325,913,0.0754,0.011632
2026-08-14 10:02:07,SPX,7806.84,7763.87,7815.0,502,72,0.0741,0.011632
2026-08-14 10:02:07,SPX,7806.84,7763.87,7795.0,241,163,0.076,0.011632
2026-08-14 10:02:07,SPX,7806.84,7763.87,7820.0,294,121,0.0736,0.011632
2026-08-14 10:02:07,SPX,7806.84,7763.87,7790.0,405,137,0.0766,0.011632
2026-08-14 10:02:07,SPX,7806.84,7763.87,7825.0,348,124,0.0736,0.011632
2026-08-14 10:02:07,SPX,7806.84,7763.87,7785.0,137,84,0.0773,0.011632
2026-08-14 10:02:07,SPX,7806.84,7763.87,7830.0,367,68,0.0734,0.011632
2026-08-14 10:02:07,SPX,7806.84,7763.87,7780.0,165,270,0.078,0.011632
2026-08-14 10:02:07,SPX,7806.84,7763.87,7835.0,187,44,0.0733,0.011632
2026-08-14 10:02:07,SPX,7806.84,7763.87,7775.0,391,162,0.0785,0.011632
2026-08-14 10:02:07,SPX,7806.84,7763.87,7840.0,393,22,0.0733,0.011632
2026-08-14 10:02:07,SPX,7806.84,7763.87,7770.0,124,154,0.0798,0.011632
2026-08-14 10:02:07,SPX,7806.84,7763.87,7845.0,208,15,0.0733,0.011632
2026-08-14 10:02:07,SPX,7806.84,7763.87,7765.0,77,99,0.0802,0.011632
2026-08-14 10:02:07,SPX,7806.84,7763.87,7850.0,698,38,0.073,0.011632
2026-08-14 10:02:07,SPX,7806.84,7763.87,7760.0,259,296,0.0807,0.011632
2026-08-14 10:02:07,SPX,7806.84,7763.87,7855.0,152,9,0.0728,0.011632
2026-08-14 10:02:07,SPX,7806.84,7763.87,7755.0,214,99,0.0819,0.011632
2026-08-14 10:02:07,SPX,7806.84,7763.87,7860.0,392,12,0.0726,0.011632
2026-08-14 10:02:07,SPX,7806.84,7763.87,7750.0,490,885,0.0826,0.011632
2026-08-14 10:02:07,SPX,7806.84,7763.87,7865.0,282,0,0.0726,0.011632
2026-08-14 10:02:07,SPX,7806.84,7763.87,7745.0,147,104,0.0843,0.011632
2026-08-14 10:02:07,SPX,7806.84,7763.87,7870.0,515,2,0.0728,0.011632
2026-08-14 10:02:07,SPX,7806.84,7763.87,7740.0,237,235,0.0849,0.011632
2026-08-14 10:02:07,SPX,7806.84,7763.87,7875.0,515,3,0.073,0.011632
2026-08-14 10:02:07,SPX,7806.84,7763.87,7735.0,104,235,0.0856,0.011632
2026-08-14 10:02:07,SPX,7806.84,7763.87,7880.0,1057,6,0.0732,0.011632
2026-08-14 10:02:07,SPX,7806.84,7763.87,7730.0,582,425,0.0871,0.011632
2026-08-14 10:02:07,SPX,7806.84,7763.87,7885.0,348,5,0.0735,0.011632
2026-08-14 10:02:07,SPX,7806.84,7763.87,7725.0,293,986,0.0881,0.011632
2026-08-14 10:02:07,SPX,7806.84,7763.87,7890.0,342,3,0.0737,0.011632
2026-08-14 10:02:07,SPX,7806.84,7763.87,7720.0,60,220,0.0889,0.011632
2026-08-14 10:02:07,SPX,7806.84,7763.87,7895.0,1854,0,0.0739,0.011632
2026-08-14 10:02:07,SPX,7806.84,7763.87,7715.0,48,225,0.09,0.011632
2026-08-14 10:02:07,SPX,7806.84,7763.87,7900.0,2127,2,0.0742,0.011632
2026-08-14 10:02:07,SPX,7806.84,7763.87,7710.0,75,344,0.0916,0.011632
2026-08-14 10:02:07,SPX,7806.84,7763.87,7905.0,940,1,0.0745,0.011632
2026-08-14 10:02:07,SPX,7806.84,7763.87,7705.0,65,164,0.093,0.011632
2026-08-14 10:02:07,SPX,7806.84,7763.87,7910.0,1017,2,0.0749,0.011632
2026-08-14 10:02:07,SPX,7806.84,7763.87,7700.0,335,874,0.0944,0.011632
2026-08-14 10:02:07,SPX,7806.84,7763.87,7915.0,575,0,0.0755,0.011632
2026-08-14 10:02:07,SPX,7806.84,7763.87,7695.0,63,177,0.096,0.011632
2026-08-14 10:02:07,SPX,7806.84,7763.87,7920.0,401,3,0.0762,0.011632
2026-08-14 10:02:07,SPX,7806.84,7763.87,7690.0,87,235,0.0974,0.011632
2026-08-14 10:02:07,SPX,7806.84,7763.87,7925.0,718,0,0.077,0.011632
2026-08-14 10:02:07,SPX,7806.84,7763.87,7685.0,23,201,0.0989,0.011632
2026-08-14 10:02:07,SPX,7806.84,7763.87,7930.0,504,0,0.078,0.011632
2026-08-14 10:32:20,SPX,7790.91,7767.52,7790.0,6355,1546,0.1159,0.000623
2026-08-14 10:32:20,SPX,7790.91,7767.52,7795.0,1642,1038,0.1126,0.000623
2026-08-14 10:32:20,SPX,7790.91,7767.52,7785.0,1090,665,0.1189,0.000623
2026-08-14 10:32:20,SPX,7790.91,7767.52,7800.0,8386,3419,0.1104,0.000623
2026-08-14 10:32:20,SPX,7790.91,7767.52,7780.0,1739,1569,0.1237,0.000623
2026-08-14 10:32:20,SPX,7790.91,7767.52,7805.0,1700,870,0.1091,0.000623
2026-08-14 10:32:20,SPX,7790.91,7767.52,7775.0,2827,2875,0.1284,0.000623
2026-08-14 10:32:20,SPX,7790.91,7767.52,7810.0,7618,481,0.1085,0.000623
2026-08-14 10:32:20,SPX,7790.91,7767.52,7770.0,1055,1919,0.134,0.000623
2026-08-14 10:32:20,SPX,7790.91,7767.52,7815.0,1660,357,0.1084,0.000623
2026-08-14 10:32:20,SPX,7790.91,7767.52,7765.0,503,1602,0.1401,0.000623
2026-08-14 10:32:20,SPX,7790.91,7767.52,7820.0,3460,318,0.1096,0.000623
2026-08-14 10:32:20,SPX,7790.91,7767.52,7760.0,1417,2732,0.1461,0.000623
2026-08-14 10:32:20,SPX,7790.91,7767.52,7825.0,6906,615,0.111,0.000623
2026-08-14 10:32:20,SPX,7790.91,7767.52,7755.0,1896,1200,0.1516,0.000623
2026-08-14 10:32:20,SPX,7790.91,7767.52,7830.0,5096,111,0.114,0.000623
2026-08-14 10:32:20,SPX,7790.91,7767.52,7750.0,4705,6216,0.1593,0.000623
2026-08-14 10:32:20,SPX,7790.91,7767.52,7835.0,2638,120,0.1175,0.000623
2026-08-14 10:32:20,SPX,7790.91,7767.52,7745.0,2251,3235,0.1645,0.000623
2026-08-14 10:32:20,SPX,7790.91,7767.52,7840.0,2950,81,0.1237,0.000623
2026-08-14 10:32:20,SPX,7790.91,7767.52,7740.0,932,2175,0.1743,0.000623
2026-08-14 10:32:20,SPX,7790.91,7767.52,7845.0,2333,78,0.1314,0.000623
2026-08-14 10:32:20,SPX,7790.91,7767.52,7735.0,509,1915,0.1813,0.000623
2026-08-14 10:32:20,SPX,7790.91,7767.52,7850.0,5887,170,0.1387,0.000623
2026-08-14 10:32:20,SPX,7790.91,7767.52,7730.0,828,1828,0.1902,0.000623
2026-08-14 10:32:20,SPX,7790.91,7767.52,7855.0,2563,27,0.1453,0.000623
2026-08-14 10:32:20,SPX,7790.91,7767.52,7725.0,2684,4520,0.1984,0.000623
2026-08-14 10:32:20,SPX,7790.91,7767.52,7860.0,3534,297,0.1514,0.000623
2026-08-14 10:32:20,SPX,7790.91,7767.52,7720.0,737,1613,0.2042,0.000623
2026-08-14 10:32:20,SPX,7790.91,7767.52,7865.0,2922,38,0.1575,0.000623
2026-08-14 10:32:20,SPX,7790.91,7767.52,7715.0,218,2181,0.2096,0.000623
2026-08-14 10:32:20,SPX,7790.91,7767.52,7870.0,3224,30,0.1639,0.000623
2026-08-14 10:32:20,SPX,7790.91,7767.52,7710.0,956,2388,0.2167,0.000623
2026-08-14 10:32:20,SPX,7790.91,7767.52,7875.0,2912,25,0.171,0.000623
2026-08-14 10:32:20,SPX,7790.91,7767.52,7705.0,136,1166,0.2256,0.000623
2026-08-14 10:32:20,SPX,7790.91,7767.52,7880.0,3682,16,0.1788,0.000623
2026-08-14 10:32:20,SPX,7790.91,7767.52,7700.0,2997,6738,0.2351,0.000623
2026-08-14 10:32:20,SPX,7790.91,7767.52,7885.0,5915,20,0.1874,0.000623
2026-08-14 10:32:20,SPX,7790.91,7767.52,7695.0,188,2914,0.2441,0.000623
2026-08-14 10:32:20,SPX,7790.91,7767.52,7890.0,6357,27,0.1965,0.000623
2026-08-14 10:32:20,SPX,7790.91,7767.52,7690.0,427,1967,0.2527,0.000623
2026-08-14 10:32:20,SPX,7790.91,7767.52,7895.0,1355,38,0.2059,0.000623
2026-08-14 10:32:20,SPX,7790.91,7767.52,7685.0,152,4192,0.2608,0.000623
2026-08-14 10:32:20,SPX,7790.91,7767.52,7900.0,12756,131,0.2155,0.000623
2026-08-14 10:32:20,SPX,7790.91,7767.52,7680.0,623,1932,0.2688,0.000623
2026-08-14 10:32:20,SPX,7790.91,7767.52,7905.0,985,2,0.2249,0.000623
2026-08-14 10:32:20,SPX,7790.91,7767.52,7675.0,1205,5287,0.2768,0.000623
2026-08-14 10:32:20,SPX,7790.91,7767.52,7910.0,2283,21,0.2341,0.000623
2026-08-14 10:32:20,SPX,7790.91,7767.52,7670.0,442,1640,0.2848,0.000623
2026-08-14 10:32:20,SPX,7790.91,7767.52,7915.0,1896,4,0.243,0.000623
2026-08-14 10:32:20,SPX,7790.91,7767.52,7790.0,379,285,0.0635,0.008837
2026-08-14 10:32:20,SPX,7790.91,7767.52,7795.0,461,292,0.0629,0.008837
2026-08-14 10:32:20,SPX,7790.91,7767.52,7785.0,268,208,0.0646,0.008837
2026-08-14 10:32:20,SPX,7790.91,7767.52,7800.0,2126,973,0.0627,0.008837
2026-08-14 10:32:20,SPX,7790.91,7767.52,7780.0,447,589,0.0649,0.008837
2026-08-14 10:32:20,SPX,7790.91,7767.52,7805.0,374,132,0.0623,0.008837
2026-08-14 10:32:20,SPX,7790.91,7767.52,7775.0,1545,2492,0.0656,0.008837
2026-08-14 10:32:20,SPX,7790.91,7767.52,7810.0,612,83,0.0621,0.008837
2026-08-14 10:32:20,SPX,7790.91,7767.52,7770.0,449,693,0.0669,0.008837
2026-08-14 10:32:20,SPX,7790.91,7767.52,7815.0,305,58,0.0622,0.008837
2026-08-14 10:32:20,SPX,7790.91,7767.52,7765.0,299,396,0.0677,0.008837
2026-08-14 10:32:20,SPX,7790.91,7767.52,7820.0,736,61,0.0625,0.008837
2026-08-14 10:32:20,SPX,7790.91,7767.52,7760.0,403,1467,0.069,0.008837
2026-08-14 10:32:20,SPX,7790.91,7767.52,7825.0,1951,64,0.0625,0.008837
2026-08-14 10:32:20,SPX,7790.91,7767.52,7755.0,643,367,0.0703,0.008837
2026-08-14 10:32:20,SPX,7790.91,7767.52,7830.0,963,39,0.0626,0.008837
2026-08-14 10:32:20,SPX,7790.91,7767.52,7750.0,1076,2105,0.072,0.008837
2026-08-14 10:32:20,SPX,7790.91,7767.52,7835.0,492,52,0.0625,0.008837
2026-08-14 10:32:20,SPX,7790.91,7767.52,7745.0,195,451,0.0732,0.008837
2026-08-14 10:32:20,SPX,7790.91,7767.52,7840.0,519,32,0.0626,0.008837
2026-08-14 10:32:20,SPX,7790.91,7767.52,7740.0,251,430,0.0743,0.008837
2026-08-14 10:32:20,SPX,7790.91,7767.52,7845.0,458,15,0.063,0.008837
2026-08-14 10:32:20,SPX,7790.91,7767.52,7735.0,167,426,0.0752,0.008837
2026-08-14 10:32:20,SPX,7790.91,7767.52,7850.0,9016,37,0.0636,0.008837
2026-08-14 10:32:20,SPX,7790.91,7767.52,7730.0,182,437,0.0773,0.008837
2026-08-14 10:32:20,SPX,7790.91,7767.52,7855.0,936,3,0.0642,0.008837
2026-08-14 10:32:20,SPX,7790.91,7767.52,7725.0,2652,1061,0.0785,0.008837
2026-08-14 10:32:20,SPX,7790.91,7767.52,7860.0,592,29,0.0648,0.008837
2026-08-14 10:32:20,SPX,7790.91,7767.52,7720.0,126,578,0.0795,0.008837
2026-08-14 10:32:20,SPX,7790.91,7767.52,7865.0,546,4,0.0654,0.008837
2026-08-14 10:32:20,SPX,7790.91,7767.52,7715.0,94,254,0.081,0.008837
2026-08-14 10:32:20,SPX,7790.91,7767.52,7870.0,655,93,0.0661,0.008837
2026-08-14 10:32:20,SPX,7790.91,7767.52,7710.0,215,341,0.0828,0.008837
2026-08-14 10:32:20,SPX,7790.91,7767.52,7875.0,5293,1,0.0668,0.008837
2026-08-14 10:32:20,SPX,7790.91,7767.52,7705.0,44,331,0.0846,0.008837
2026-08-14 10:32:20,SPX,7790.91,7767.52,7880.0,1272,4,0.0675,0.008837
2026-08-14 10:32:20,SPX,7790.91,7767.52,7700.0,961,4577,0.0859,0.008837
2026-08-14 10:32:20,SPX,7790.91,7767.52,7885.0,1049,4,0.0683,0.008837
2026-08-14 10:32:20,SPX,7790.91,7767.52,7695.0,32,234,0.0869,0.008837
2026-08-14 10:32:20,SPX,7790.91,7767.52,7890.0,1937,2,0.0693,0.008837
2026-08-14 10:32:20,SPX,7790.91,7767.52,7690.0,101,418,0.0885,0.008837
2026-08-14 10:32:20,SPX,7790.91,7767.52,7895.0,861,4,0.0704,0.008837
2026-08-14 10:32:20,SPX,7790.91,7767.52,7685.0,30,459,0.0906,0.008837
2026-08-14 10:32:20,SPX,7790.91,7767.52,7900.0,8573,9,0.0716,0.008837
2026-08-14 10:32:20,SPX,7790.91,7767.52,7680.0,53,364,0.0926,0.008837
2026-08-14 10:32:20,SPX,7790.91,7767.52,7905.0,2241,0,0.073,0.008837
2026-08-14 10:32:20,SPX,7790.91,7767.52,7675.0,798,746,0.0945,0.008837
2026-08-14 10:32:20,SPX,7790.91,7767.52,7910.0,1271,4,0.0746,0.008837
2026-08-14 10:32:20,SPX,7790.91,7767.52,7670.0,86,425,0.0961,0.008837
2026-08-14 10:32:20,SPX,7790.91,7767.52,7915.0,714,0,0.0764,0.008837
2026-08-14 10:32:20,SPX,7790.91,7767.52,7790.0,405,137,0.0731,0.011574
2026-08-14 10:32:20,SPX,7790.91,7767.52,7795.0,241,163,0.0725,0.011574
2026-08-14 10:32:20,SPX,7790.91,7767.52,7785.0,137,84,0.0738,0.011574
2026-08-14 10:32:20,SPX,7790.91,7767.52,7800.0,1325,913,0.0721,0.011574
2026-08-14 10:32:20,SPX,7790.91,7767.52,7780.0,165,270,0.0743,0.011574
2026-08-14 10:32:20,SPX,7790.91,7767.52,7805.0,182,47,0.0717,0.011574
2026-08-14 10:32:20,SPX,7790.91,7767.52,7775.0,391,162,0.0749,0.011574
2026-08-14 10:32:20,SPX,7790.91,7767.52,7810.0,422,139,0.0716,0.011574
2026-08-14 10:32:20,SPX,7790.91,7767.52,7770.0,124,154,0.0758,0.011574
2026-08-14 10:32:20,SPX,7790.91,7767.52,7815.0,502,72,0.0713,0.011574
2026-08-14 10:32:20,SPX,7790.91,7767.52,7765.0,77,99,0.0766,0.011574
2026-08-14 10:32:20,SPX,7790.91,7767.52,7820.0,294,121,0.0711,0.011574
2026-08-14 10:32:20,SPX,7790.91,7767.52,7760.0,259,296,0.0776,0.011574
2026-08-14 10:32:20,SPX,7790.91,7767.52,7825.0,348,124,0.0711,0.011574
2026-08-14 10:32:20,SPX,7790.91,7767.52,7755.0,214,99,0.0786,0.011574
2026-08-14 10:32:20,SPX,7790.91,7767.52,7830.0,367,68,0.0711,0.011574
2026-08-14 10:32:20,SPX,7790.91,7767.52,7750.0,490,885,0.08,0.011574
2026-08-14 10:32:20,SPX,7790.91,7767.52,7835.0,187,44,0.0709,0.011574
2026-08-14 10:32:20,SPX,7790.91,7767.52,7745.0,147,104,0.0807,0.011574
2026-08-14 10:32:20,SPX,7790.91,7767.52,7840.0,393,22,0.0707,0.011574
2026-08-14 10:32:20,SPX,7790.91,7767.52,7740.0,237,235,0.0816,0.011574
2026-08-14 10:32:20,SPX,7790.91,7767.52,7845.0,208,15,0.0706,0.011574
2026-08-14 10:32:20,SPX,7790.91,7767.52,7735.0,104,235,0.0823,0.011574
2026-08-14 10:32:20,SPX,7790.91,7767.52,7850.0,698,38,0.0706,0.011574
2026-08-14 10:32:20,SPX,7790.91,7767.52,7730.0,582,425,0.0836,0.011574
2026-08-14 10:32:20,SPX,7790.91,7767.52,7855.0,152,9,0.0711,0.011574
2026-08-14 10:32:20,SPX,7790.91,7767.52,7725.0,293,986,0.0845,0.011574
2026-08-14 10:32:20,SPX,7790.91,7767.52,7860.0,392,12,0.0713,0.011574
2026-08-14 10:32:20,SPX,7790.91,7767.52,7720.0,60,220,0.0862,0.011574
2026-08-14 10:32:20,SPX,7790.91,7767.52,7865.0,282,0,0.0716,0.011574
2026-08-14 10:32:20,SPX,7790.91,7767.52,7715.0,48,225,0.0878,0.011574
2026-08-14 10:32:20,SPX,7790.91,7767.52,7870.0,515,2,0.0719,0.011574
2026-08-14 10:32:20,SPX,7790.91,7767.52,7710.0,75,344,0.0884,0.011574
2026-08-14 10:32:20,SPX,7790.91,7767.52,7875.0,515,3,0.0723,0.011574
2026-08-14 10:32:20,SPX,7790.91,7767.52,7705.0,65,164,0.0895,0.011574
2026-08-14 10:32:20,SPX,7790.91,7767.52,7880.0,1057,6,0.0726,0.011574
2026-08-14 10:32:20,SPX,7790.91,7767.52,7700.0,335,874,0.0915,0.011574
2026-08-14 10:32:20,SPX,7790.91,7767.52,7885.0,348,5,0.0729,0.011574
2026-08-14 10:32:20,SPX,7790.91,7767.52,7695.0,63,177,0.0924,0.011574
2026-08-14 10:32:20,SPX,7790.91,7767.52,7890.0,342,3,0.0733,0.011574
2026-08-14 10:32:20,SPX,7790.91,7767.52,7690.0,87,235,0.0934,0.011574
2026-08-14 10:32:20,SPX,7790.91,7767.52,7895.0,1854,0,0.0738,0.011574
2026-08-14 10:32:20,SPX,7790.91,7767.52,7685.0,23,201,0.095,0.011574
2026-08-14 10:32:20,SPX,7790.91,7767.52,7900.0,2127,2,0.0743,0.011574
2026-08-14 10:32:20,SPX,7790.91,7767.52,7680.0,66,246,0.0965,0.011574
2026-08-14 10:32:20,SPX,7790.91,7767.52,7905.0,940,1,0.075,0.011574
2026-08-14 10:32:20,SPX,7790.91,7767.52,7675.0,206,272,0.0981,0.011574
2026-08-14 10:32:20,SPX,7790.91,7767.52,7910.0,1017,2,0.0757,0.011574
2026-08-14 10:32:20,SPX,7790.91,7767.52,7670.0,47,135,0.0998,0.011574
2026-08-14 10:32:20,SPX,7790.91,7767.52,7915.0,575,0,0.0766,0.011574
2026-08-14 11:02:32,SPX,7790.73,7768.08,7790.0,6355,1546,0.1073,0.000566
2026-08-14 11:02:32,SPX,7790.73,7768.08,7795.0,1642,1038,0.1045,0.000566
2026-08-14 11:02:32,SPX,7790.73,7768.08,7785.0,1090,665,0.1101,0.000566
2026-08-14 11:02:32,SPX,7790.73,7768.08,7800.0,8386,3419,0.1029,0.000566
2026-08-14 11:02:32,SPX,7790.73,7768.08,7780.0,1739,1569,0.1139,0.000566
2026-08-14 11:02:32,SPX,7790.73,7768.08,7805.0,1700,870,0.1034,0.000566
2026-08-14 11:02:32,SPX,7790.73,7768.08,7775.0,2827,2875,0.1183,0.000566
2026-08-14 11:02:32,SPX,7790.73,7768.08,7810.0,7618,481,0.1033,0.000566
2026-08-14 11:02:32,SPX,7790.73,7768.08,7770.0,1055,1919,0.1231,0.000566
2026-08-14 11:02:32,SPX,7790.73,7768.08,7815.0,1660,357,0.1056,0.000566
2026-08-14 11:02:32,SPX,7790.73,7768.08,7765.0,503,1602,0.1287,0.000566
2026-08-14 11:02:32,SPX,7790.73,7768.08,7820.0,3460,318,0.1094,0.000566
2026-08-14 11:02:32,SPX,7790.73,7768.08,7760.0,1417,2732,0.1348,0.000566
2026-08-14 11:02:32,SPX,7790.73,7768.08,7825.0,6906,615,0.1143,0.000566
2026-08-14 11:02:32,SPX,7790.73,7768.08,7755.0,1896,1200,0.1409,0.000566
2026-08-14 11:02:32,SPX,7790.73,7768.08,7830.0,5096,111,0.1208,0.000566
2026-08-14 11:02:32,SPX,7790.73,7768.08,7750.0,4705,6216,0.148,0.000566
2026-08-14 11:02:32,SPX,7790.73,7768.08,7835.0,2638,120,0.1284,0.000566
2026-08-14 11:02:32,SPX,7790.73,7768.08,7745.0,2251,3235,0.1536,0.000566
2026-08-14 11:02:32,SPX,7790.73,7768.08,7840.0,2950,81,0.1366,0.000566
2026-08-14 11:02:32,SPX,7790.73,7768.08,7740.0,932,2175,0.1632,0.000566
2026-08-14 11:02:32,SPX,7790.73,7768.08,7845.0,2333,78,0.1453,0.000566
2026-08-14 11:02:32,SPX,7790.73,7768.08,7735.0,509,1915,0.1675,0.000566
2026-08-14 11:02:32,SPX,7790.73,7768.08,7850.0,5887,170,0.1538,0.000566
2026-08-14 11:02:32,SPX,7790.73,7768.08,7730.0,828,1828,0.1792,0.000566
2026-08-14 11:02:32,SPX,7790.73,7768.08,7855.0,2563,27,0.1614,0.000566
2026-08-14 11:02:32,SPX,7790.73,7768.08,7725.0,2684,4520,0.1866,0.000566
2026-08-14 11:02:32,SPX,7790.73,7768.08,7860.0,3534,297,0.1687,0.000566
2026-08-14 11:02:32,SPX,7790.73,7768.08,7720.0,737,1613,0.1949,0.000566
2026-08-14 11:02:32,SPX,7790.73,7768.08,7865.0,2922,38,0.1757,0.000566
2026-08-14 11:02:32,SPX,7790.73,7768.08,7715.0,218,2181,0.2012,0.000566
2026-08-14 11:02:32,SPX,7790.73,7768.08,7870.0,3224,30,0.1831,0.000566
2026-08-14 11:02:32,SPX,7790.73,7768.08,7710.0,956,2388,0.2079,0.000566
2026-08-14 11:02:32,SPX,7790.73,7768.08,7875.0,2912,25,0.1912,0.000566
2026-08-14 11:02:32,SPX,7790.73,7768.08,7705.0,136,1166,0.214,0.000566
2026-08-14 11:02:32,SPX,7790.73,7768.08,7880.0,3682,16,0.1999,0.000566
2026-08-14 11:02:32,SPX,7790.73,7768.08,7700.0,2997,6738,0.223,0.000566
2026-08-14 11:02:32,SPX,7790.73,7768.08,7885.0,5915,20,0.209,0.000566
2026-08-14 11:02:32,SPX,7790.73,7768.08,7695.0,188,2914,0.2337,0.000566
2026-08-14 11:02:32,SPX,7790.73,7768.08,7890.0,6357,27,0.2184,0.000566
2026-08-14 11:02:32,SPX,7790.73,7768.08,7690.0,427,1967,0.2442,0.000566
2026-08-14 11:02:32,SPX,7790.73,7768.08,7895.0,1355,38,0.228,0.000566
2026-08-14 11:02:32,SPX,7790.73,7768.08,7685.0,152,4192,0.2545,0.000566
2026-08-14 11:02:32,SPX,7790.73,7768.08,7900.0,12756,131,0.2375,0.000566
2026-08-14 11:02:32,SPX,7790.73,7768.08,7680.0,623,1932,0.2644,0.000566
2026-08-14 11:02:32,SPX,7790.73,7768.08,7905.0,985,2,0.2469,0.000566
2026-08-14 11:02:32,SPX,7790.73,7768.08,7675.0,1205,5287,0.2734,0.000566
2026-08-14 11:02:32,SPX,7790.73,7768.08,7910.0,2283,21,0.2562,0.000566
2026-08-14 11:02:32,SPX,7790.73,7768.08,7670.0,442,1640,0.2816,0.000566
2026-08-14 11:02:32,SPX,7790.73,7768.08,7915.0,1896,4,0.2656,0.000566
2026-08-14 11:02:32,SPX,7790.73,7768.08,7790.0,379,285,0.0626,0.008779
2026-08-14 11:02:32,SPX,7790.73,7768.08,7795.0,461,292,0.0623,0.008779
2026-08-14 11:02:32,SPX,7790.73,7768.08,7785.0,268,208,0.0631,0.008779
2026-08-14 11:02:32,SPX,7790.73,7768.08,7800.0,2126,973,0.062,0.008779
2026-08-14 11:02:32,SPX,7790.73,7768.08,7780.0,447,589,0.0635,0.008779
2026-08-14 11:02:32,SPX,7790.73,7768.08,7805.0,374,132,0.062,0.008779
2026-08-14 11:02:32,SPX,7790.73,7768.08,7775.0,1545,2492,0.0646,0.008779
2026-08-14 11:02:32,SPX,7790.73,7768.08,7810.0,612,83,0.0619,0.008779
2026-08-14 11:02:32,SPX,7790.73,7768.08,7770.0,449,693,0.0656,0.008779
2026-08-14 11:02:32,SPX,7790.73,7768.08,7815.0,305,58,0.0622,0.008779
2026-08-14 11:02:32,SPX,7790.73,7768.08,7765.0,299,396,0.0668,0.008779
2026-08-14 11:02:32,SPX,7790.73,7768.08,7820.0,736,61,0.0622,0.008779
2026-08-14 11:02:32,SPX,7790.73,7768.08,7760.0,403,1467,0.0677,0.008779
2026-08-14 11:02:32,SPX,7790.73,7768.08,7825.0,1951,64,0.0623,0.008779
2026-08-14 11:02:32,SPX,7790.73,7768.08,7755.0,643,367,0.0689,0.008779
2026-08-14 11:02:32,SPX,7790.73,7768.08,7830.0,963,39,0.0623,0.008779
2026-08-14 11:02:32,SPX,7790.73,7768.08,7750.0,1076,2105,0.07,0.008779
2026-08-14 11:02:32,SPX,7790.73,7768.08,7835.0,492,52,0.0625,0.008779
2026-08-14 11:02:32,SPX,7790.73,7768.08,7745.0,195,451,0.0706,0.008779
2026-08-14 11:02:32,SPX,7790.73,7768.08,7840.0,519,32,0.0629,0.008779
2026-08-14 11:02:32,SPX,7790.73,7768.08,7740.0,251,430,0.0721,0.008779
2026-08-14 11:02:32,SPX,7790.73,7768.08,7845.0,458,15,0.0634,0.008779
2026-08-14 11:02:32,SPX,7790.73,7768.08,7735.0,167,426,0.0734,0.008779
2026-08-14 11:02:32,SPX,7790.73,7768.08,7850.0,9016,37,0.064,0.008779
2026-08-14 11:02:32,SPX,7790.73,7768.08,7730.0,182,437,0.075,0.008779
2026-08-14 11:02:32,SPX,7790.73,7768.08,7855.0,936,3,0.0647,0.008779
2026-08-14 11:02:32,SPX,7790.73,7768.08,7725.0,2652,1061,0.0767,0.008779
2026-08-14 11:02:32,SPX,7790.73,7768.08,7860.0,592,29,0.0654,0.008779
2026-08-14 11:02:32,SPX,7790.73,7768.08,7720.0,126,578,0.0776,0.008779
2026-08-14 11:02:32,SPX,7790.73,7768.08,7865.0,546,4,0.066,0.008779
2026-08-14 11:02:32,SPX,7790.73,7768.08,7715.0,94,254,0.0784,0.008779
2026-08-14 11:02:32,SPX,7790.73,7768.08,7870.0,655,93,0.0666,0.008779
2026-08-14 11:02:32,SPX,7790.73,7768.08,7710.0,215,341,0.0798,0.008779
2026-08-14 11:02:32,SPX,7790.73,7768.08,7875.0,5293,1,0.0672,0.008779
2026-08-14 11:02:32,SPX,7790.73,7768.08,7705.0,44,331,0.0817,0.008779
2026-08-14 11:02:32,SPX,7790.73,7768.08,7880.0,1272,4,0.068,0.008779
2026-08-14 11:02:32,SPX,7790.73,7768.08,7700.0,961,4577,0.0834,0.008779
2026-08-14 11:02:32,SPX,7790.73,7768.08,7885.0,1049,4,0.0689,0.008779
2026-08-14 11:02:32,SPX,7790.73,7768.08,7695.0,32,234,0.0847,0.008779
2026-08-14 11:02:32,SPX,7790.73,7768.08,7890.0,1937,2,0.0701,0.008779
2026-08-14 11:02:32,SPX,7790.73,7768.08,7690.0,101,418,0.0858,0.008779
2026-08-14 11:02:32,SPX,7790.73,7768.08,7895.0,861,4,0.0714,0.008779
2026-08-14 11:02:32,SPX,7790.73,7768.08,7685.0,30,459,0.0876,0.008779
2026-08-14 11:02:32,SPX,7790.73,7768.08,7900.0,8573,9,0.0729,0.008779
2026-08-14 11:02:32,SPX,7790.73,7768.08,7680.0,53,364,0.0897,0.008779
2026-08-14 11:02:32,SPX,7790.73,7768.08,7905.0,2241,0,0.0746,0.008779
2026-08-14 11:02:32,SPX,7790.73,7768.08,7675.0,798,746,0.091,0.008779
2026-08-14 11:02:32,SPX,7790.73,7768.08,7910.0,1271,4,0.0764,0.008779
2026-08-14 11:02:32,SPX,7790.73,7768.08,7670.0,86,425,0.0931,0.008779
2026-08-14 11:02:32,SPX,7790.73,7768.08,7915.0,714,0,0.0782,0.008779
2026-08-14 11:02:32,SPX,7790.73,7768.08,7790.0,405,137,0.0718,0.011517
2026-08-14 11:02:32,SPX,7790.73,7768.08,7795.0,241,163,0.0711,0.011517
2026-08-14 11:02:32,SPX,7790.73,7768.08,7785.0,137,84,0.0722,0.011517
2026-08-14 11:02:32,SPX,7790.73,7768.08,7800.0,1325,913,0.0708,0.011517
2026-08-14 11:02:32,SPX,7790.73,7768.08,7780.0,165,270,0.0728,0.011517
2026-08-14 11:02:32,SPX,7790.73,7768.08,7805.0,182,47,0.0705,0.011517
2026-08-14 11:02:32,SPX,7790.73,7768.08,7775.0,391,162,0.0735,0.011517
2026-08-14 11:02:32,SPX,7790.73,7768.08,7810.0,422,139,0.0703,0.011517
2026-08-14 11:02:32,SPX,7790.73,7768.08,7770.0,124,154,0.0742,0.011517
2026-08-14 11:02:32,SPX,7790.73,7768.08,7815.0,502,72,0.0703,0.011517
2026-08-14 11:02:32,SPX,7790.73,7768.08,7765.0,77,99,0.0751,0.011517
2026-08-14 11:02:32,SPX,7790.73,7768.08,7820.0,294,121,0.0702,0.011517
2026-08-14 11:02:32,SPX,7790.73,7768.08,7760.0,259,296,0.0759,0.011517
2026-08-14 11:02:32,SPX,7790.73,7768.08,7825.0,348,124,0.07,0.011517
2026-08-14 11:02:32,SPX,7790.73,7768.08,7755.0,214,99,0.0765,0.011517
2026-08-14 11:02:32,SPX,7790.73,7768.08,7830.0,367,68,0.0696,0.011517
2026-08-14 11:02:32,SPX,7790.73,7768.08,7750.0,490,885,0.0776,0.011517
2026-08-14 11:02:32,SPX,7790.73,7768.08,7835.0,187,44,0.0694,0.011517
2026-08-14 11:02:32,SPX,7790.73,7768.08,7745.0,147,104,0.0786,0.011517
2026-08-14 11:02:32,SPX,7790.73,7768.08,7840.0,393,22,0.0694,0.011517
2026-08-14 11:02:32,SPX,7790.73,7768.08,7740.0,237,235,0.0792,0.011517
2026-08-14 11:02:32,SPX,7790.73,7768.08,7845.0,208,15,0.0694,0.011517
2026-08-14 11:02:32,SPX,7790.73,7768.08,7735.0,104,235,0.0802,0.011517
2026-08-14 11:02:32,SPX,7790.73,7768.08,7850.0,698,38,0.0695,0.011517
2026-08-14 11:02:32,SPX,7790.73,7768.08,7730.0,582,425,0.0815,0.011517
2026-08-14 11:02:32,SPX,7790.73,7768.08,7855.0,152,9,0.0698,0.011517
2026-08-14 11:02:32,SPX,7790.73,7768.08,7725.0,293,986,0.0827,0.011517
2026-08-14 11:02:32,SPX,7790.73,7768.08,7860.0,392,12,0.07,0.011517
2026-08-14 11:02:32,SPX,7790.73,7768.08,7720.0,60,220,0.0839,0.011517
2026-08-14 11:02:32,SPX,7790.73,7768.08,7865.0,282,0,0.0703,0.011517
2026-08-14 11:02:32,SPX,7790.73,7768.08,7715.0,48,225,0.0855,0.011517
2026-08-14 11:02:32,SPX,7790.73,7768.08,7870.0,515,2,0.0704,0.011517
2026-08-14 11:02:32,SPX,7790.73,7768.08,7710.0,75,344,0.0861,0.011517
2026-08-14 11:02:32,SPX,7790.73,7768.08,7875.0,515,3,0.0706,0.011517
2026-08-14 11:02:32,SPX,7790.73,7768.08,7705.0,65,164,0.0874,0.011517
2026-08-14 11:02:32,SPX,7790.73,7768.08,7880.0,1057,6,0.0708,0.011517
2026-08-14 11:02:32,SPX,7790.73,7768.08,7700.0,335,874,0.0884,0.011517
2026-08-14 11:02:32,SPX,7790.73,7768.08,7885.0,348,5,0.071,0.011517
2026-08-14 11:02:32,SPX,7790.73,7768.08,7695.0,63,177,0.0899,0.011517
2026-08-14 11:02:32,SPX,7790.73,7768.08,7890.0,342,3,0.0713,0.011517
2026-08-14 11:02:32,SPX,7790.73,7768.08,7690.0,87,235,0.0915,0.011517
2026-08-14 11:02:32,SPX,7790.73,7768.08,7895.0,1854,0,0.0718,0.011517
2026-08-14 11:02:32,SPX,7790.73,7768.08,7685.0,23,201,0.0933,0.011517
2026-08-14 11:02:32,SPX,7790.73,7768.08,7900.0,2127,2,0.0724,0.011517
2026-08-14 11:02:32,SPX,7790.73,7768.08,7680.0,66,246,0.0941,0.011517
2026-08-14 11:02:32,SPX,7790.73,7768.08,7905.0,940,1,0.0731,0.011517
2026-08-14 11:02:32,SPX,7790.73,7768.08,7675.0,206,0,0.0954,0.011517
2026-08-14 11:02:32,SPX,7790.73,7768.08,7910.0,1017,2,0.0741,0.011517
2026-08-14 11:02:32,SPX,7790.73,7768.08,7670.0,47,135,0.0971,0.011517
2026-08-14 11:02:32,SPX,7790.73,7768.08,7915.0,575,0,0.0751,0.011517
2026-08-14 11:32:44,SPX,7782.13,7768.3,7780.0,1739,1569,0.1112,0.000508
2026-08-14 11:32:44,SPX,7782.13,7768.3,7785.0,1090,665,0.1073,0.000508
2026-08-14 11:32:44,SPX,7782.13,7768.3,7775.0,2827,2875,0.1154,0.000508
2026-08-14 11:32:44,SPX,7782.13,7768.3,7790.0,6355,1546,0.1057,0.000508
2026-08-14 11:32:44,SPX,7782.13,7768.3,7770.0,1055,1919,0.1202,0.000508
2026-08-14 11:32:44,SPX,7782.13,7768.3,7795.0,1642,1038,0.1042,0.000508
2026-08-14 11:32:44,SPX,7782.13,7768.3,7765.0,503,1602,0.1257,0.000508
2026-08-14 11:32:44,SPX,7782.13,7768.3,7800.0,8386,3419,0.1035,0.000508
2026-08-14 11:32:44,SPX,7782.13,7768.3,7760.0,1417,2732,0.1315,0.000508
2026-08-14 11:32:44,SPX,7782.13,7768.3,7805.0,1700,870,0.106,0.000508
2026-08-14 11:32:44,SPX,7782.13,7768.3,7755.0,1896,1200,0.1381,0.000508
2026-08-14 11:32:44,SPX,7782.13,7768.3,7810.0,7618,481,0.1076,0.000508
2026-08-14 11:32:44,SPX,7782.13,7768.3,7750.0,4705,6216,0.143,0.000508
2026-08-14 11:32:44,SPX,7782.13,7768.3,7815.0,1660,357,0.1108,0.000508
2026-08-14 11:32:44,SPX,7782.13,7768.3,7745.0,2251,3235,0.1523,0.000508
2026-08-14 11:32:44,SPX,7782.13,7768.3,7820.0,3460,318,0.1176,0.000508
2026-08-14 11:32:44,SPX,7782.13,7768.3,7740.0,932,2175,0.1605,0.000508
2026-08-14 11:32:44,SPX,7782.13,7768.3,7825.0,6906,615,0.1263,0.000508
2026-08-14 11:32:44,SPX,7782.13,7768.3,7735.0,509,1915,0.1681,0.000508
2026-08-14 11:32:44,SPX,7782.13,7768.3,7830.0,5096,111,0.1356,0.000508
2026-08-14 11:32:44,SPX,7782.13,7768.3,7730.0,828,1828,0.1733,0.000508
2026-08-14 11:32:44,SPX,7782.13,7768.3,7835.0,2638,120,0.1445,0.000508
2026-08-14 11:32:44,SPX,7782.13,7768.3,7725.0,2684,4520,0.1858,0.000508
2026-08-14 11:32:44,SPX,7782.13,7768.3,7840.0,2950,81,0.1532,0.000508
2026-08-14 11:32:44,SPX,7782.13,7768.3,7720.0,737,1613,0.1923,0.000508
2026-08-14 11:32:44,SPX,7782.13,7768.3,7845.0,2333,78,0.1617,0.000508
2026-08-14 11:32:44,SPX,7782.13,7768.3,7715.0,218,2181,0.2028,0.000508
2026-08-14 11:32:44,SPX,7782.13,7768.3,7850.0,5887,170,0.1705,0.000508
2026-08-14 11:32:44,SPX,7782.13,7768.3,7710.0,956,2388,0.2125,0.000508
2026-08-14 11:32:44,SPX,7782.13,7768.3,7855.0,2563,27,0.1802,0.000508
2026-08-14 11:32:44,SPX,7782.13,7768.3,7705.0,136,1166,0.2183,0.000508
2026-08-14 11:32:44,SPX,7782.13,7768.3,7860.0,3534,297,0.1898,0.000508
2026-08-14 11:32:44,SPX,7782.13,7768.3,7700.0,2997,6738,0.2277,0.000508
2026-08-14 11:32:44,SPX,7782.13,7768.3,7865.0,2922,38,0.1982,0.000508
2026-08-14 11:32:44,SPX,7782.13,7768.3,7695.0,188,2914,0.2369,0.000508
2026-08-14 11:32:44,SPX,7782.13,7768.3,7870.0,3224,30,0.2056,0.000508
2026-08-14 11:32:44,SPX,7782.13,7768.3,7690.0,427,1967,0.2451,0.000508
2026-08-14 11:32:44,SPX,7782.13,7768.3,7875.0,2912,25,0.2125,0.000508
2026-08-14 11:32:44,SPX,7782.13,7768.3,7685.0,152,4192,0.2552,0.000508
2026-08-14 11:32:44,SPX,7782.13,7768.3,7880.0,3682,16,0.2198,0.000508
2026-08-14 11:32:44,SPX,7782.13,7768.3,7680.0,623,1932,0.266,0.000508
2026-08-14 11:32:44,SPX,7782.13,7768.3,7885.0,5915,20,0.228,0.000508
2026-08-14 11:32:44,SPX,7782.13,7768.3,7675.0,1205,5287,0.2761,0.000508
2026-08-14 11:32:44,SPX,7782.13,7768.3,7890.0,6357,27,0.2374,0.000508
2026-08-14 11:32:44,SPX,7782.13,7768.3,7670.0,442,1640,0.2852,0.000508
2026-08-14 11:32:44,SPX,7782.13,7768.3,7895.0,1355,38,0.2479,0.000508
2026-08-14 11:32:44,SPX,7782.13,7768.3,7665.0,67,3492,0.2941,0.000508
2026-08-14 11:32:44,SPX,7782.13,7768.3,7900.0,12756,131,0.2592,0.000508
2026-08-14 11:32:44,SPX,7782.13,7768.3,7660.0,389,1488,0.3028,0.000508
2026-08-14 11:32:44,SPX,7782.13,7768.3,7905.0,985,2,0.2708,0.000508
2026-08-14 11:32:44,SPX,7782.13,7768.3,7780.0,447,589,0.0641,0.008722
2026-08-14 11:32:44,SPX,7782.13,7768.3,7785.0,268,208,0.0635,0.008722
2026-08-14 11:32:44,SPX,7782.13,7768.3,7775.0,1545,2492,0.0647,0.008722
2026-08-14 11:32:44,SPX,7782.13,7768.3,7790.0,379,285,0.0632,0.008722
2026-08-14 11:32:44,SPX,7782.13,7768.3,7770.0,449,693,0.0653,0.008722
2026-08-14 11:32:44,SPX,7782.13,7768.3,7795.0,461,292,0.0629,0.008722
2026-08-14 11:32:44,SPX,7782.13,7768.3,7765.0,299,396,0.0661,0.008722
2026-08-14 11:32:44,SPX,7782.13,7768.3,7800.0,2126,973,0.0628,0.008722
2026-08-14 11:32:44,SPX,7782.13,7768.3,7760.0,403,1467,0.0668,0.008722
2026-08-14 11:32:44,SPX,7782.13,7768.3,7805.0,374,132,0.0628,0.008722
2026-08-14 11:32:44,SPX,7782.13,7768.3,7755.0,643,367,0.0682,0.008722
2026-08-14 11:32:44,SPX,7782.13,7768.3,7810.0,612,83,0.0631,0.008722
2026-08-14 11:32:44,SPX,7782.13,7768.3,7750.0,1076,2105,0.0695,0.008722
2026-08-14 11:32:44,SPX,7782.13,7768.3,7815.0,305,58,0.0631,0.008722
2026-08-14 11:32:44,SPX,7782.13,7768.3,7745.0,195,451,0.07,0.008722
2026-08-14 11:32:44,SPX,7782.13,7768.3,7820.0,736,61,0.0633,0.008722
2026-08-14 11:32:44,SPX,7782.13,7768.3,7740.0,251,430,0.0718,0.008722
2026-08-14 11:32:44,SPX,7782.13,7768.3,7825.0,1951,64,0.0634,0.008722
2026-08-14 11:32:44,SPX,7782.13,7768.3,7735.0,167,426,0.0729,0.008722
2026-08-14 11:32:44,SPX,7782.13,7768.3,7830.0,963,39,0.0635,0.008722
2026-08-14 11:32:44,SPX,7782.13,7768.3,7730.0,182,437,0.0737,0.008722
2026-08-14 11:32:44,SPX,7782.13,7768.3,7835.0,492,52,0.0638,0.008722
2026-08-14 11:32:44,SPX,7782.13,7768.3,7725.0,2652,1061,0.0757,0.008722
2026-08-14 11:32:44,SPX,7782.13,7768.3,7840.0,519,32,0.0644,0.008722
2026-08-14 11:32:44,SPX,7782.13,7768.3,7720.0,0,578,0.0766,0.008722
2026-08-14 11:32:44,SPX,7782.13,7768.3,7845.0,458,15,0.0651,0.008722
2026-08-14 11:32:44,SPX,7782.13,7768.3,7715.0,94,254,0.0772,0.008722
2026-08-14 11:32:44,SPX,7782.13,7768.3,7850.0,9016,37,0.0659,0.008722
2026-08-14 11:32:44,SPX,7782.13,7768.3,7710.0,215,341,0.0787,0.008722
2026-08-14 11:32:44,SPX,7782.13,7768.3,7855.0,936,3,0.0667,0.008722
2026-08-14 11:32:44,SPX,7782.13,7768.3,7705.0,44,331,0.0807,0.008722
2026-08-14 11:32:44,SPX,7782.13,7768.3,7860.0,592,29,0.0675,0.008722
2026-08-14 11:32:44,SPX,7782.13,7768.3,7700.0,961,4577,0.0825,0.008722
2026-08-14 11:32:44,SPX,7782.13,7768.3,7865.0,546,4,0.0682,0.008722
2026-08-14 11:32:44,SPX,7782.13,7768.3,7695.0,32,234,0.0837,0.008722
2026-08-14 11:32:44,SPX,7782.13,7768.3,7870.0,655,93,0.069,0.008722
2026-08-14 11:32:44,SPX,7782.13,7768.3,7690.0,101,418,0.0845,0.008722
2026-08-14 11:32:44,SPX,7782.13,7768.3,7875.0,5293,1,0.0698,0.008722
2026-08-14 11:32:44,SPX,7782.13,7768.3,7685.0,30,459,0.086,0.008722
2026-08-14 11:32:44,SPX,7782.13,7768.3,7880.0,1272,4,0.0707,0.008722
2026-08-14 11:32:44,SPX,7782.13,7768.3,7680.0,53,364,0.088,0.008722
2026-08-14 11:32:44,SPX,7782.13,7768.3,7885.0,1049,4,0.0718,0.008722
2026-08-14 11:32:44,SPX,7782.13,7768.3,7675.0,798,746,0.0896,0.008722
2026-08-14 11:32:44,SPX,7782.13,7768.3,7890.0,1937,2,0.0731,0.008722
2026-08-14 11:32:44,SPX,7782.13,7768.3,7670.0,86,425,0.0918,0.008722
2026-08-14 11:32:44,SPX,7782.13,7768.3,7895.0,861,4,0.0745,0.008722
2026-08-14 11:32:44,SPX,7782.13,7768.3,7665.0,19,399,0.0935,0.008722
2026-08-14 11:32:44,SPX,7782.13,7768.3,7900.0,8573,9,0.076,0.008722
2026-08-14 11:32:44,SPX,7782.13,7768.3,7660.0,210,643,0.0949,0.008722
2026-08-14 11:32:44,SPX,7782.13,7768.3,7905.0,2241,0,0.0777,0.008722
2026-08-14 11:32:44,SPX,7782.13,7768.3,7780.0,165,270,0.0734,0.01146
2026-08-14 11:32:44,SPX,7782.13,7768.3,7785.0,137,84,0.0729,0.01146
2026-08-14 11:32:44,SPX,7782.13,7768.3,7775.0,391,162,0.074,0.01146
2026-08-14 11:32:44,SPX,7782.13,7768.3,7790.0,405,137,0.0723,0.01146
2026-08-14 11:32:44,SPX,7782.13,7768.3,7770.0,124,154,0.0747,0.01146
2026-08-14 11:32:44,SPX,7782.13,7768.3,7795.0,241,163,0.0719,0.01146
2026-08-14 11:32:44,SPX,7782.13,7768.3,7765.0,77,99,0.0755,0.01146
2026-08-14 11:32:44,SPX,7782.13,7768.3,7800.0,1325,913,0.0714,0.01146
2026-08-14 11:32:44,SPX,7782.13,7768.3,7760.0,259,296,0.0763,0.01146
2026-08-14 11:32:44,SPX,7782.13,7768.3,7805.0,182,47,0.0712,0.01146
2026-08-14 11:32:44,SPX,7782.13,7768.3,7755.0,214,99,0.0771,0.01146
2026-08-14 11:32:44,SPX,7782.13,7768.3,7810.0,422,139,0.0711,0.01146
2026-08-14 11:32:44,SPX,7782.13,7768.3,7750.0,490,885,0.0778,0.01146
2026-08-14 11:32:44,SPX,7782.13,7768.3,7815.0,502,72,0.071,0.01146
2026-08-14 11:32:44,SPX,7782.13,7768.3,7745.0,147,104,0.0786,0.01146
2026-08-14 11:32:44,SPX,7782.13,7768.3,7820.0,294,121,0.0708,0.01146
2026-08-14 11:32:44,SPX,7782.13,7768.3,7740.0,237,235,0.0799,0.01146
2026-08-14 11:32:44,SPX,7782.13,7768.3,7825.0,348,124,0.0707,0.01146
2026-08-14 11:32:44,SPX,7782.13,7768.3,7735.0,104,235,0.0807,0.01146
2026-08-14 11:32:44,SPX,7782.13,7768.3,7830.0,367,68,0.0704,0.01146
2026-08-14 11:32:44,SPX,7782.13,7768.3,7730.0,582,425,0.0816,0.01146
2026-08-14 11:32:44,SPX,7782.13,7768.3,7835.0,187,44,0.0702,0.01146
2026-08-14 11:32:44,SPX,7782.13,7768.3,7725.0,293,986,0.0826,0.01146
2026-08-14 11:32:44,SPX,7782.13,7768.3,7840.0,393,22,0.0702,0.01146
2026-08-14 11:32:44,SPX,7782.13,7768.3,7720.0,60,220,0.0837,0.01146
2026-08-14 11:32:44,SPX,7782.13,7768.3,7845.0,208,15,0.0704,0.01146
2026-08-14 11:32:44,SPX,7782.13,7768.3,7715.0,48,225,0.085,0.01146
2026-08-14 11:32:44,SPX,7782.13,7768.3,7850.0,698,38,0.0707,0.01146
2026-08-14 11:32:44,SPX,7782.13,7768.3,7710.0,75,344,0.0859,0.01146
2026-08-14 11:32:44,SPX,7782.13,7768.3,7855.0,152,9,0.071,0.01146
2026-08-14 11:32:44,SPX,7782.13,7768.3,7705.0,65,164,0.0874,0.01146
2026-08-14 11:32:44,SPX,7782.13,7768.3,7860.0,392,12,0.0713,0.01146
2026-08-14 11:32:44,SPX,7782.13,7768.3,7700.0,335,874,0.0891,0.01146
2026-08-14 11:32:44,SPX,7782.13,7768.3,7865.0,282,0,0.0716,0.01146
2026-08-14 11:32:44,SPX,7782.13,7768.3,7695.0,63,177,0.0905,0.01146
2026-08-14 11:32:44,SPX,7782.13,7768.3,7870.0,515,2,0.0718,0.01146
2026-08-14 11:32:44,SPX,7782.13,7768.3,7690.0,87,235,0.0916,0.01146
2026-08-14 11:32:44,SPX,7782.13,7768.3,7875.0,515,3,0.0721,0.01146
2026-08-14 11:32:44,SPX,7782.13,7768.3,7685.0,23,201,0.0931,0.01146
2026-08-14 11:32:44,SPX,7782.13,7768.3,7880.0,1057,6,0.0724,0.01146
2026-08-14 11:32:44,SPX,7782.13,7768.3,7680.0,66,246,0.0944,0.01146
2026-08-14 11:32:44,SPX,7782.13,7768.3,7885.0,348,5,0.0727,0.01146
2026-08-14 11:32:44,SPX,7782.13,7768.3,7675.0,206,272,0.0952,0.01146
2026-08-14 11:32:44,SPX,7782.13,7768.3,7890.0,342,3,0.0731,0.01146
2026-08-14 11:32:44,SPX,7782.13,7768.3,7670.0,47,135,0.0962,0.01146
2026-08-14 11:32:44,SPX,7782.13,7768.3,7895.0,1854,0,0.0737,0.01146
2026-08-14 11:32:44,SPX,7782.13,7768.3,7665.0,5,100,0.0978,0.01146
2026-08-14 11:32:44,SPX,7782.13,7768.3,7900.0,2127,2,0.0743,0.01146
2026-08-14 11:32:44,SPX,7782.13,7768.3,7660.0,49,489,0.0995,0.01146
2026-08-14 11:32:44,SPX,7782.13,7768.3,7905.0,940,1,0.0751,0.01146
2026-08-14 12:02:58,SPX,7785.89,7769.22,7785.0,1090,665,0.1004,0.000451
2026-08-14 12:02:58,SPX,7785.89,7769.22,7790.0,6355,1546,0.0982,0.000451
2026-08-14 12:02:58,SPX,7785.89,7769.22,7780.0,1739,1569,0.1039,0.000451
2026-08-14 12:02:58,SPX,7785.89,7769.22,7795.0,1642,1038,0.098,0.000451
2026-08-14 12:02:58,SPX,7785.89,7769.22,7775.0,2827,2875,0.108,0.000451
2026-08-14 12:02:58,SPX,7785.89,7769.22,7800.0,8386,3419,0.0992,0.000451
2026-08-14 12:02:58,SPX,7785.89,7769.22,7770.0,1055,1919,0.1127,0.000451
2026-08-14 12:02:58,SPX,7785.89,7769.22,7805.0,1700,870,0.1013,0.000451
2026-08-14 12:02:58,SPX,7785.89,7769.22,7765.0,503,1602,0.1197,0.000451
2026-08-14 12:02:58,SPX,7785.89,7769.22,7810.0,7618,481,0.1062,0.000451
2026-08-14 12:02:58,SPX,7785.89,7769.22,7760.0,1417,2732,0.1262,0.000451
2026-08-14 12:02:58,SPX,7785.89,7769.22,7815.0,1660,357,0.1135,0.000451
2026-08-14 12:02:58,SPX,7785.89,7769.22,7755.0,1896,1200,0.1344,0.000451
2026-08-14 12:02:58,SPX,7785.89,7769.22,7820.0,3460,318,0.1219,0.000451
2026-08-14 12:02:58,SPX,7785.89,7769.22,7750.0,4705,6216,0.1423,0.000451
2026-08-14 12:02:58,SPX,7785.89,7769.22,7825.0,6906,615,0.1307,0.000451
2026-08-14 12:02:58,SPX,7785.89,7769.22,7745.0,2251,3235,0.1494,0.000451
2026-08-14 12:02:58,SPX,7785.89,7769.22,7830.0,5096,111,0.1394,0.000451
2026-08-14 12:02:58,SPX,7785.89,7769.22,7740.0,932,2175,0.1599,0.000451
2026-08-14 12:02:58,SPX,7785.89,7769.22,7835.0,2638,120,0.1471,0.000451
2026-08-14 12:02:58,SPX,7785.89,7769.22,7735.0,509,1915,0.165,0.000451
2026-08-14 12:02:58,SPX,7785.89,7769.22,7840.0,2950,81,0.1551,0.000451
2026-08-14 12:02:58,SPX,7785.89,7769.22,7730.0,828,1828,0.1807,0.000451
2026-08-14 12:02:58,SPX,7785.89,7769.22,7845.0,2333,78,0.1652,0.000451
2026-08-14 12:02:58,SPX,7785.89,7769.22,7725.0,2684,4520,0.185,0.000451
2026-08-14 12:02:58,SPX,7785.89,7769.22,7850.0,5887,170,0.1764,0.000451
2026-08-14 12:02:58,SPX,7785.89,7769.22,7720.0,737,1613,0.1977,0.000451
2026-08-14 12:02:58,SPX,7785.89,7769.22,7855.0,2563,27,0.1866,0.000451
2026-08-14 12:02:58,SPX,7785.89,7769.22,7715.0,218,2181,0.2082,0.000451
2026-08-14 12:02:58,SPX,7785.89,7769.22,7860.0,3534,297,0.196,0.000451
2026-08-14 12:02:58,SPX,7785.89,7769.22,7710.0,956,2388,0.2157,0.000451
2026-08-14 12:02:58,SPX,7785.89,7769.22,7865.0,2922,38,0.2053,0.000451
2026-08-14 12:02:58,SPX,7785.89,7769.22,7705.0,136,1166,0.2225,0.000451
2026-08-14 12:02:58,SPX,7785.89,7769.22,7870.0,3224,30,0.2144,0.000451
2026-08-14 12:02:58,SPX,7785.89,7769.22,7700.0,2997,6738,0.2327,0.000451
2026-08-14 12:02:58,SPX,7785.89,7769.22,7875.0,2912,25,0.2235,0.000451
2026-08-14 12:02:58,SPX,7785.89,7769.22,7695.0,188,2914,0.2439,0.000451
2026-08-14 12:02:58,SPX,7785.89,7769.22,7880.0,3682,16,0.2329,0.000451
2026-08-14 12:02:58,SPX,7785.89,7769.22,7690.0,427,1967,0.2562,0.000451
2026-08-14 12:02:58,SPX,7785.89,7769.22,7885.0,5915,20,0.2427,0.000451
2026-08-14 12:02:58,SPX,7785.89,7769.22,7685.0,152,4192,0.2686,0.000451
2026-08-14 12:02:58,SPX,7785.89,7769.22,7890.0,6357,27,0.2529,0.000451
2026-08-14 12:02:58,SPX,7785.89,7769.22,7680.0,623,1932,0.2792,0.000451
2026-08-14 12:02:58,SPX,7785.89,7769.22,7895.0,1355,38,0.2635,0.000451
2026-08-14 12:02:58,SPX,7785.89,7769.22,7675.0,1205,5287,0.2883,0.000451
2026-08-14 12:02:58,SPX,7785.89,7769.22,7900.0,12756,131,0.2743,0.000451
2026-08-14 12:02:58,SPX,7785.89,7769.22,7670.0,442,1640,0.2967,0.000451
2026-08-14 12:02:58,SPX,7785.89,7769.22,7905.0,985,2,0.2851,0.000451
2026-08-14 12:02:58,SPX,7785.89,7769.22,7665.0,67,3492,0.3051,0.000451
2026-08-14 12:02:58,SPX,7785.89,7769.22,7910.0,2283,21,0.2959,0.000451
2026-08-14 12:02:58,SPX,7785.89,7769.22,7785.0,268,208,0.062,0.008664
2026-08-14 12:02:58,SPX,7785.89,7769.22,7790.0,379,285,0.0617,0.008664
2026-08-14 12:02:58,SPX,7785.89,7769.22,7780.0,447,589,0.0626,0.008664
2026-08-14 12:02:58,SPX,7785.89,7769.22,7795.0,461,292,0.0614,0.008664
2026-08-14 12:02:58,SPX,7785.89,7769.22,7775.0,1545,2492,0.0634,0.008664
2026-08-14 12:02:58,SPX,7785.89,7769.22,7800.0,2126,973,0.0613,0.008664
2026-08-14 12:02:58,SPX,7785.89,7769.22,7770.0,449,693,0.0641,0.008664
2026-08-14 12:02:58,SPX,7785.89,7769.22,7805.0,374,132,0.0613,0.008664
2026-08-14 12:02:58,SPX,7785.89,7769.22,7765.0,299,396,0.0651,0.008664
2026-08-14 12:02:58,SPX,7785.89,7769.22,7810.0,612,83,0.0613,0.008664
2026-08-14 12:02:58,SPX,7785.89,7769.22,7760.0,403,1467,0.0664,0.008664
2026-08-14 12:02:58,SPX,7785.89,7769.22,7815.0,305,58,0.0614,0.008664
2026-08-14 12:02:58,SPX,7785.89,7769.22,7755.0,643,367,0.067,0.008664
2026-08-14 12:02:58,SPX,7785.89,7769.22,7820.0,736,61,0.062,0.008664
2026-08-14 12:02:58,SPX,7785.89,7769.22,7750.0,1076,2105,0.0684,0.008664
2026-08-14 12:02:58,SPX,7785.89,7769.22,7825.0,1951,64,0.0624,0.008664
2026-08-14 12:02:58,SPX,7785.89,7769.22,7745.0,195,451,0.0692,0.008664
2026-08-14 12:02:58,SPX,7785.89,7769.22,7830.0,963,39,0.0628,0.008664
2026-08-14 12:02:58,SPX,7785.89,7769.22,7740.0,251,430,0.0705,0.008664
2026-08-14 12:02:58,SPX,7785.89,7769.22,7835.0,492,52,0.063,0.008664
2026-08-14 12:02:58,SPX,7785.89,7769.22,7735.0,167,426,0.0723,0.008664
2026-08-14 12:02:58,SPX,7785.89,7769.22,7840.0,519,32,0.0634,0.008664
2026-08-14 12:02:58,SPX,7785.89,7769.22,7730.0,182,437,0.074,0.008664
2026-08-14 12:02:58,SPX,7785.89,7769.22,7845.0,458,15,0.0638,0.008664
2026-08-14 12:02:58,SPX,7785.89,7769.22,7725.0,2652,1061,0.0753,0.008664
2026-08-14 12:02:58,SPX,7785.89,7769.22,7850.0,9016,37,0.0644,0.008664
2026-08-14 12:02:58,SPX,7785.89,7769.22,7720.0,126,578,0.0762,0.008664
2026-08-14 12:02:58,SPX,7785.89,7769.22,7855.0,936,3,0.0652,0.008664
2026-08-14 12:02:58,SPX,7785.89,7769.22,7715.0,94,254,0.0774,0.008664
2026-08-14 12:02:58,SPX,7785.89,7769.22,7860.0,592,29,0.0663,0.008664
2026-08-14 12:02:58,SPX,7785.89,7769.22,7710.0,215,341,0.0792,0.008664
2026-08-14 12:02:58,SPX,7785.89,7769.22,7865.0,546,4,0.0674,0.008664
2026-08-14 12:02:58,SPX,7785.89,7769.22,7705.0,44,331,0.0809,0.008664
2026-08-14 12:02:58,SPX,7785.89,7769.22,7870.0,655,93,0.0685,0.008664
2026-08-14 12:02:58,SPX,7785.89,7769.22,7700.0,961,4577,0.0821,0.008664
2026-08-14 12:02:58,SPX,7785.89,7769.22,7875.0,5293,1,0.0694,0.008664
2026-08-14 12:02:58,SPX,7785.89,7769.22,7695.0,32,234,0.0832,0.008664
2026-08-14 12:02:58,SPX,7785.89,7769.22,7880.0,1272,4,0.0704,0.008664
2026-08-14 12:02:58,SPX,7785.89,7769.22,7690.0,101,418,0.085,0.008664
2026-08-14 12:02:58,SPX,7785.89,7769.22,7885.0,1049,4,0.0713,0.008664
2026-08-14 12:02:58,SPX,7785.89,7769.22,7685.0,30,459,0.0872,0.008664
2026-08-14 12:02:58,SPX,7785.89,7769.22,7890.0,1937,2,0.0723,0.008664
2026-08-14 12:02:58,SPX,7785.89,7769.22,7680.0,53,364,0.089,0.008664
2026-08-14 12:02:58,SPX,7785.89,7769.22,7895.0,861,4,0.0734,0.008664
2026-08-14 12:02:58,SPX,7785.89,7769.22,7675.0,798,746,0.0901,0.008664
2026-08-14 12:02:58,SPX,7785.89,7769.22,7900.0,8573,9,0.0747,0.008664
2026-08-14 12:02:58,SPX,7785.89,7769.22,7670.0,86,425,0.0918,0.008664
2026-08-14 12:02:58,SPX,7785.89,7769.22,7905.0,2241,0,0.0762,0.008664
2026-08-14 12:02:58,SPX,7785.89,7769.22,7665.0,19,399,0.0934,0.008664
2026-08-14 12:02:58,SPX,7785.89,7769.22,7910.0,1271,4,0.0778,0.008664
2026-08-14 12:02:58,SPX,7785.89,7769.22,7785.0,137,84,0.0721,0.011402
2026-08-14 12:02:58,SPX,7785.89,7769.22,7790.0,405,137,0.0716,0.011402
2026-08-14 12:02:58,SPX,7785.89,7769.22,7780.0,165,270,0.0727,0.011402
2026-08-14 12:02:58,SPX,7785.89,7769.22,7795.0,241,163,0.0712,0.011402
2026-08-14 12:02:58,SPX,7785.89,7769.22,7775.0,391,162,0.0733,0.011402
2026-08-14 12:02:58,SPX,7785.89,7769.22,7800.0,1325,913,0.0708,0.011402
2026-08-14 12:02:58,SPX,7785.89,7769.22,7770.0,124,154,0.0741,0.011402
2026-08-14 12:02:58,SPX,7785.89,7769.22,7805.0,182,47,0.0705,0.011402
2026-08-14 12:02:58,SPX,7785.89,7769.22,7765.0,77,99,0.0748,0.011402
2026-08-14 12:02:58,SPX,7785.89,7769.22,7810.0,422,139,0.0703,0.011402
2026-08-14 12:02:58,SPX,7785.89,7769.22,7760.0,259,296,0.0756,0.011402
2026-08-14 12:02:58,SPX,7785.89,7769.22,7815.0,502,72,0.0702,0.011402
2026-08-14 12:02:58,SPX,7785.89,7769.22,7755.0,214,99,0.0765,0.011402
2026-08-14 12:02:58,SPX,7785.89,7769.22,7820.0,294,121,0.0702,0.011402
2026-08-14 12:02:58,SPX,7785.89,7769.22,7750.0,490,885,0.0773,0.011402
2026-08-14 12:02:58,SPX,7785.89,7769.22,7825.0,348,124,0.0701,0.011402
2026-08-14 12:02:58,SPX,7785.89,7769.22,7745.0,147,104,0.0785,0.011402
2026-08-14 12:02:58,SPX,7785.89,7769.22,7830.0,367,68,0.0699,0.011402
2026-08-14 12:02:58,SPX,7785.89,7769.22,7740.0,237,235,0.0799,0.011402
2026-08-14 12:02:58,SPX,7785.89,7769.22,7835.0,187,44,0.0697,0.011402
2026-08-14 12:02:58,SPX,7785.89,7769.22,7735.0,104,235,0.0806,0.011402
2026-08-14 12:02:58,SPX,7785.89,7769.22,7840.0,393,22,0.0696,0.011402
2026-08-14 12:02:58,SPX,7785.89,7769.22,7730.0,582,425,0.0815,0.011402
2026-08-14 12:02:58,SPX,7785.89,7769.22,7845.0,208,15,0.0695,0.011402
2026-08-14 12:02:58,SPX,7785.89,7769.22,7725.0,293,986,0.0827,0.011402
2026-08-14 12:02:58,SPX,7785.89,7769.22,7850.0,698,38,0.0697,0.011402
2026-08-14 12:02:58,SPX,7785.89,7769.22,7720.0,60,220,0.0835,0.011402
2026-08-14 12:02:58,SPX,7785.89,7769.22,7855.0,152,9,0.07,0.011402
2026-08-14 12:02:58,SPX,7785.89,7769.22,7715.0,48,225,0.0851,0.011402
2026-08-14 12:02:58,SPX,7785.89,7769.22,7860.0,392,12,0.0704,0.011402
2026-08-14 12:02:58,SPX,7785.89,7769.22,7710.0,75,344,0.0863,0.011402
2026-08-14 12:02:58,SPX,7785.89,7769.22,7865.0,282,0,0.0708,0.011402
2026-08-14 12:02:58,SPX,7785.89,7769.22,7705.0,65,164,0.088,0.011402
2026-08-14 12:02:58,SPX,7785.89,7769.22,7870.0,515,2,0.0712,0.011402
2026-08-14 12:02:58,SPX,7785.89,7769.22,7700.0,335,874,0.0896,0.011402
2026-08-14 12:02:58,SPX,7785.89,7769.22,7875.0,515,3,0.0715,0.011402
2026-08-14 12:02:58,SPX,7785.89,7769.22,7695.0,63,177,0.0903,0.011402
2026-08-14 12:02:58,SPX,7785.89,7769.22,7880.0,1057,6,0.0718,0.011402
2026-08-14 12:02:58,SPX,7785.89,7769.22,7690.0,87,235,0.0918,0.011402
2026-08-14 12:02:58,SPX,7785.89,7769.22,7885.0,348,5,0.0721,0.011402
2026-08-14 12:02:58,SPX,7785.89,7769.22,7685.0,23,201,0.0931,0.011402
2026-08-14 12:02:58,SPX,7785.89,7769.22,7890.0,342,3,0.0725,0.011402
2026-08-14 12:02:58,SPX,7785.89,7769.22,7680.0,66,246,0.0944,0.011402
2026-08-14 12:02:58,SPX,7785.89,7769.22,7895.0,1854,0,0.073,0.011402
2026-08-14 12:02:58,SPX,7785.89,7769.22,7675.0,206,272,0.096,0.011402
2026-08-14 12:02:58,SPX,7785.89,7769.22,7900.0,2127,2,0.0737,0.011402
2026-08-14 12:02:58,SPX,7785.89,7769.22,7670.0,47,135,0.0976,0.011402
2026-08-14 12:02:58,SPX,7785.89,7769.22,7905.0,940,1,0.0745,0.011402
2026-08-14 12:02:58,SPX,7785.89,7769.22,7665.0,5,100,0.0992,0.011402
2026-08-14 12:02:58,SPX,7785.89,7769.22,7910.0,1017,2,0.0754,0.011402
2026-08-14 12:33:12,SPX,7786.02,7770.58,7785.0,1090,665,0.0955,0.000393
2026-08-14 12:33:12,SPX,7786.02,7770.58,7790.0,6355,1546,0.0938,0.000393
2026-08-14 12:33:12,SPX,7786.02,7770.58,7780.0,1739,1569,0.0999,0.000393
2026-08-14 12:33:12,SPX,7786.02,7770.58,7795.0,1642,1038,0.0943,0.000393
2026-08-14 12:33:12,SPX,7786.02,7770.58,7775.0,2827,2875,0.105,0.000393
2026-08-14 12:33:12,SPX,7786.02,7770.58,7800.0,8386,3419,0.0949,0.000393
2026-08-14 12:33:12,SPX,7786.02,7770.58,7770.0,1055,1919,0.1106,0.000393
2026-08-14 12:33:12,SPX,7786.02,7770.58,7805.0,1700,870,0.0979,0.000393
2026-08-14 12:33:12,SPX,7786.02,7770.58,7765.0,503,1602,0.1175,0.000393
2026-08-14 12:33:12,SPX,7786.02,7770.58,7810.0,7618,481,0.1046,0.000393
2026-08-14 12:33:12,SPX,7786.02,7770.58,7760.0,1417,2732,0.1249,0.000393
2026-08-14 12:33:12,SPX,7786.02,7770.58,7815.0,1660,357,0.1131,0.000393
2026-08-14 12:33:12,SPX,7786.02,7770.58,7755.0,1896,1200,0.1337,0.000393
2026-08-14 12:33:12,SPX,7786.02,7770.58,7820.0,3460,318,0.1225,0.000393
2026-08-14 12:33:12,SPX,7786.02,7770.58,7750.0,4705,6216,0.1419,0.000393
2026-08-14 12:33:12,SPX,7786.02,7770.58,7825.0,6906,615,0.1335,0.000393
2026-08-14 12:33:12,SPX,7786.02,7770.58,7745.0,2251,3235,0.1526,0.000393
2026-08-14 12:33:12,SPX,7786.02,7770.58,7830.0,5096,111,0.1442,0.000393
2026-08-14 12:33:12,SPX,7786.02,7770.58,7740.0,932,2175,0.1638,0.000393
2026-08-14 12:33:12,SPX,7786.02,7770.58,7835.0,2638,120,0.154,0.000393
2026-08-14 12:33:12,SPX,7786.02,7770.58,7735.0,509,1915,0.1695,0.000393
2026-08-14 12:33:12,SPX,7786.02,7770.58,7840.0,2950,81,0.1635,0.000393
2026-08-14 12:33:12,SPX,7786.02,7770.58,7730.0,828,1828,0.1857,0.000393
2026-08-14 12:33:12,SPX,7786.02,7770.58,7845.0,2333,78,0.1731,0.000393
2026-08-14 12:33:12,SPX,7786.02,7770.58,7725.0,2684,4520,0.198,0.000393
2026-08-14 12:33:12,SPX,7786.02,7770.58,7850.0,5887,170,0.1849,0.000393
2026-08-14 12:33:12,SPX,7786.02,7770.58,7720.0,737,1613,0.2067,0.000393
2026-08-14 12:33:12,SPX,7786.02,7770.58,7855.0,2563,27,0.1981,0.000393
2026-08-14 12:33:12,SPX,7786.02,7770.58,7715.0,218,2181,0.2164,0.000393
2026-08-14 12:33:12,SPX,7786.02,7770.58,7860.0,3534,297,0.2096,0.000393
2026-08-14 12:33:12,SPX,7786.02,7770.58,7710.0,956,2388,0.2261,0.000393
2026-08-14 12:33:12,SPX,7786.02,7770.58,7865.0,2922,38,0.2188,0.000393
2026-08-14 12:33:12,SPX,7786.02,7770.58,7705.0,136,1166,0.2375,0.000393
2026-08-14 12:33:12,SPX,7786.02,7770.58,7870.0,3224,30,0.227,0.000393
2026-08-14 12:33:12,SPX,7786.02,7770.58,7700.0,2997,6738,0.2502,0.000393
2026-08-14 12:33:12,SPX,7786.02,7770.58,7875.0,2912,25,0.2356,0.000393
2026-08-14 12:33:12,SPX,7786.02,7770.58,7695.0,188,2914,0.2624,0.000393
2026-08-14 12:33:12,SPX,7786.02,7770.58,7880.0,3682,16,0.2451,0.000393
2026-08-14 12:33:12,SPX,7786.02,7770.58,7690.0,427,1967,0.2741,0.000393
2026-08-14 12:33:12,SPX,7786.02,7770.58,7885.0,5915,20,0.2555,0.000393
2026-08-14 12:33:12,SPX,7786.02,7770.58,7685.0,152,4192,0.2861,0.000393
2026-08-14 12:33:12,SPX,7786.02,7770.58,7890.0,6357,27,0.2666,0.000393
2026-08-14 12:33:12,SPX,7786.02,7770.58,7680.0,623,1932,0.2976,0.000393
2026-08-14 12:33:12,SPX,7786.02,7770.58,7895.0,1355,38,0.2781,0.000393
2026-08-14 12:33:12,SPX,7786.02,7770.58,7675.0,1205,5287,0.3081,0.000393
2026-08-14 12:33:12,SPX,7786.02,7770.58,7900.0,12756,131,0.2894,0.000393
2026-08-14 12:33:12,SPX,7786.02,7770.58,7670.0,442,1640,0.3176,0.000393
2026-08-14 12:33:12,SPX,7786.02,7770.58,7905.0,985,2,0.3007,0.000393
2026-08-14 12:33:12,SPX,7786.02,7770.58,7665.0,67,3492,0.3267,0.000393
2026-08-14 12:33:12,SPX,7786.02,7770.58,7910.0,2283,21,0.3119,0.000393
2026-08-14 12:33:12,SPX,7786.02,7770.58,7785.0,268,208,0.0631,0.008607
2026-08-14 12:33:12,SPX,7786.02,7770.58,7790.0,379,285,0.0622,0.008607
2026-08-14 12:33:12,SPX,7786.02,7770.58,7780.0,447,589,0.0633,0.008607
2026-08-14 12:33:12,SPX,7786.02,7770.58,7795.0,461,292,0.0619,0.008607
2026-08-14 12:33:12,SPX,7786.02,7770.58,7775.0,1545,2492,0.0639,0.008607
2026-08-14 12:33:12,SPX,7786.02,7770.58,7800.0,2126,973,0.062,0.008607
2026-08-14 12:33:12,SPX,7786.02,7770.58,7770.0,449,693,0.0649,0.008607
2026-08-14 12:33:12,SPX,7786.02,7770.58,7805.0,374,132,0.062,0.008607
2026-08-14 12:33:12,SPX,7786.02,7770.58,7765.0,299,396,0.066,0.008607
2026-08-14 12:33:12,SPX,7786.02,7770.58,7810.0,612,83,0.0623,0.008607
2026-08-14 12:33:12,SPX,7786.02,7770.58,7760.0,403,1467,0.0672,0.008607
2026-08-14 12:33:12,SPX,7786.02,7770.58,7815.0,305,58,0.0621,0.008607
2026-08-14 12:33:12,SPX,7786.02,7770.58,7755.0,643,367,0.0678,0.008607
2026-08-14 12:33:12,SPX,7786.02,7770.58,7820.0,736,61,0.0627,0.008607
2026-08-14 12:33:12,SPX,7786.02,7770.58,7750.0,1076,2105,0.0692,0.008607
2026-08-14 12:33:12,SPX,7786.02,7770.58,7825.0,1951,64,0.0631,0.008607
2026-08-14 12:33:12,SPX,7786.02,7770.58,7745.0,195,451,0.0706,0.008607
2026-08-14 12:33:12,SPX,7786.02,7770.58,7830.0,963,39,0.0633,0.008607
2026-08-14 12:33:12,SPX,7786.02,7770.58,7740.0,251,430,0.0715,0.008607
2026-08-14 12:33:12,SPX,7786.02,7770.58,7835.0,492,52,0.0635,0.008607
2026-08-14 12:33:12,SPX,7786.02,7770.58,7735.0,167,426,0.0726,0.008607
2026-08-14 12:33:12,SPX,7786.02,7770.58,7840.0,519,32,0.064,0.008607
2026-08-14 12:33:12,SPX,7786.02,7770.58,7730.0,182,437,0.0745,0.008607
2026-08-14 12:33:12,SPX,7786.02,7770.58,7845.0,458,15,0.0647,0.008607
2026-08-14 12:33:12,SPX,7786.02,7770.58,7725.0,2652,1061,0.0756,0.008607
2026-08-14 12:33:12,SPX,7786.02,7770.58,7850.0,9016,37,0.0656,0.008607
2026-08-14 12:33:12,SPX,7786.02,7770.58,7720.0,126,578,0.0768,0.008607
2026-08-14 12:33:12,SPX,7786.02,7770.58,7855.0,936,3,0.0665,0.008607
2026-08-14 12:33:12,SPX,7786.02,7770.58,7715.0,94,254,0.0778,0.008607
2026-08-14 12:33:12,SPX,7786.02,7770.58,7860.0,592,29,0.0673,0.008607
2026-08-14 12:33:12,SPX,7786.02,7770.58,7710.0,215,341,0.0794,0.008607
2026-08-14 12:33:12,SPX,7786.02,7770.58,7865.0,546,4,0.0681,0.008607
2026-08-14 12:33:12,SPX,7786.02,7770.58,7705.0,44,331,0.0814,0.008607
2026-08-14 12:33:12,SPX,7786.02,7770.58,7870.0,655,93,0.0687,0.008607
2026-08-14 12:33:12,SPX,7786.02,7770.58,7700.0,961,4577,0.0831,0.008607
2026-08-14 12:33:12,SPX,7786.02,7770.58,7875.0,5293,1,0.0694,0.008607
2026-08-14 12:33:12,SPX,7786.02,7770.58,7695.0,32,234,0.0842,0.008607
2026-08-14 12:33:12,SPX,7786.02,7770.58,7880.0,1272,4,0.0702,0.008607
2026-08-14 12:33:12,SPX,7786.02,7770.58,7690.0,101,418,0.0852,0.008607
2026-08-14 12:33:12,SPX,7786.02,7770.58,7885.0,1049,4,0.0711,0.008607
2026-08-14 12:33:12,SPX,7786.02,7770.58,7685.0,30,459,0.087,0.008607
2026-08-14 12:33:12,SPX,7786.02,7770.58,7890.0,1937,2,0.0721,0.008607
2026-08-14 12:33:12,SPX,7786.02,7770.58,7680.0,53,364,0.0892,0.008607
2026-08-14 12:33:12,SPX,7786.02,7770.58,7895.0,861,4,0.0733,0.008607
2026-08-14 12:33:12,SPX,7786.02,7770.58,7675.0,798,746,0.0911,0.008607
2026-08-14 12:33:12,SPX,7786.02,7770.58,7900.0,8573,9,0.0747,0.008607
2026-08-14 12:33:12,SPX,7786.02,7770.58,7670.0,86,425,0.0931,0.008607
2026-08-14 12:33:12,SPX,7786.02,7770.58,7905.0,2241,0,0.0763,0.008607
2026-08-14 12:33:12,SPX,7786.02,7770.58,7665.0,19,399,0.0944,0.008607
2026-08-14 12:33:12,SPX,7786.02,7770.58,7910.0,1271,4,0.0779,0.008607
2026-08-14 12:33:12,SPX,7786.02,7770.58,7785.0,137,84,0.0725,0.011345
2026-08-14 12:33:12,SPX,7786.02,7770.58,7790.0,405,137,0.072,0.011345
2026-08-14 12:33:12,SPX,7786.02,7770.58,7780.0,165,270,0.0729,0.011345
2026-08-14 12:33:12,SPX,7786.02,7770.58,7795.0,241,163,0.0716,0.011345
2026-08-14 12:33:12,SPX,7786.02,7770.58,7775.0,391,162,0.0735,0.011345
2026-08-14 12:33:12,SPX,7786.02,7770.58,7800.0,1325,913,0.0711,0.011345
2026-08-14 12:33:12,SPX,7786.02,7770.58,7770.0,124,154,0.0743,0.011345
2026-08-14 12:33:12,SPX,7786.02,7770.58,7805.0,182,47,0.0709,0.011345
2026-08-14 12:33:12,SPX,7786.02,7770.58,7765.0,77,99,0.0749,0.011345
2026-08-14 12:33:12,SPX,7786.02,7770.58,7810.0,422,139,0.0708,0.011345
2026-08-14 12:33:12,SPX,7786.02,7770.58,7760.0,259,296,0.0758,0.011345
2026-08-14 12:33:12,SPX,7786.02,7770.58,7815.0,502,72,0.0708,0.011345
2026-08-14 12:33:12,SPX,7786.02,7770.58,7755.0,214,99,0.0765,0.011345
2026-08-14 12:33:12,SPX,7786.02,7770.58,7820.0,294,121,0.0708,0.011345
2026-08-14 12:33:12,SPX,7786.02,7770.58,7750.0,490,885,0.0774,0.011345
2026-08-14 12:33:12,SPX,7786.02,7770.58,7825.0,348,124,0.0705,0.011345
2026-08-14 12:33:12,SPX,7786.02,7770.58,7745.0,147,104,0.0788,0.011345
2026-08-14 12:33:12,SPX,7786.02,7770.58,7830.0,367,68,0.0703,0.011345
2026-08-14 12:33:12,SPX,7786.02,7770.58,7740.0,237,235,0.15,0.011345
2026-08-14 12:33:12,SPX,7786.02,7770.58,7835.0,187,44,0.15,0.011345
2026-08-14 12:33:12,SPX,7786.02,7770.58,7735.0,104,235,0.0805,0.011345
2026-08-14 12:33:12,SPX,7786.02,7770.58,7730.0,0,425,0.0814,0.011345
2026-08-14 12:33:12,SPX,7786.02,7770.58,7845.0,208,15,0.0702,0.011345
2026-08-14 12:33:12,SPX,7786.02,7770.58,7725.0,293,986,0.0828,0.011345
2026-08-14 12:33:12,SPX,7786.02,7770.58,7850.0,698,38,0.0706,0.011345
2026-08-14 12:33:12,SPX,7786.02,7770.58,7720.0,60,220,0.0834,0.011345
2026-08-14 12:33:12,SPX,7786.02,7770.58,7855.0,152,9,0.071,0.011345
2026-08-14 12:33:12,SPX,7786.02,7770.58,7715.0,48,225,0.0847,0.011345
2026-08-14 12:33:12,SPX,7786.02,7770.58,7860.0,392,12,0.0713,0.011345
2026-08-14 12:33:12,SPX,7786.02,7770.58,7710.0,75,344,0.0861,0.011345
2026-08-14 12:33:12,SPX,7786.02,7770.58,7865.0,282,0,0.0717,0.011345
2026-08-14 12:33:12,SPX,7786.02,7770.58,7705.0,65,164,0.0878,0.011345
2026-08-14 12:33:12,SPX,7786.02,7770.58,7870.0,515,2,0.072,0.011345
2026-08-14 12:33:12,SPX,7786.02,7770.58,7700.0,335,874,0.0892,0.011345
2026-08-14 12:33:12,SPX,7786.02,7770.58,7875.0,515,3,0.0723,0.011345
2026-08-14 12:33:12,SPX,7786.02,7770.58,7695.0,63,177,0.09,0.011345
2026-08-14 12:33:12,SPX,7786.02,7770.58,7880.0,1057,6,0.0726,0.011345
2026-08-14 12:33:12,SPX,7786.02,7770.58,7690.0,87,235,0.0918,0.011345
2026-08-14 12:33:12,SPX,7786.02,7770.58,7885.0,348,5,0.0729,0.011345
2026-08-14 12:33:12,SPX,7786.02,7770.58,7685.0,23,201,0.0935,0.011345
2026-08-14 12:33:12,SPX,7786.02,7770.58,7890.0,342,3,0.0734,0.011345
2026-08-14 12:33:12,SPX,7786.02,7770.58,7680.0,66,246,0.0945,0.011345
2026-08-14 12:33:12,SPX,7786.02,7770.58,7895.0,1854,0,0.074,0.011345
2026-08-14 12:33:12,SPX,7786.02,7770.58,7675.0,206,272,0.0954,0.011345
2026-08-14 12:33:12,SPX,7786.02,7770.58,7900.0,2127,2,0.0746,0.011345
2026-08-14 12:33:12,SPX,7786.02,7770.58,7670.0,47,135,0.0965,0.011345
2026-08-14 12:33:12,SPX,7786.02,7770.58,7905.0,940,1,0.0754,0.011345
2026-08-14 12:33:12,SPX,7786.02,7770.58,7665.0,5,100,0.0981,0.011345
2026-08-14 12:33:12,SPX,7786.02,7770.58,7910.0,1017,2,0.0764,0.011345
2026-08-14 13:03:26,SPX,7779.61,7769.83,7780.0,1739,1569,0.1018,0.000336
2026-08-14 13:03:26,SPX,7779.61,7769.83,7775.0,2827,2875,0.106,0.000336
2026-08-14 13:03:26,SPX,7779.61,7769.83,7785.0,1090,665,0.0987,0.000336
2026-08-14 13:03:26,SPX,7779.61,7769.83,7770.0,1055,1919,0.1116,0.000336
2026-08-14 13:03:26,SPX,7779.61,7769.83,7790.0,6355,1546,0.0981,0.000336
2026-08-14 13:03:26,SPX,7779.61,7769.83,7765.0,503,1602,0.1194,0.000336
2026-08-14 13:03:26,SPX,7779.61,7769.83,7795.0,1642,1038,0.1007,0.000336
2026-08-14 13:03:26,SPX,7779.61,7769.83,7760.0,1417,2732,0.1266,0.000336
2026-08-14 13:03:26,SPX,7779.61,7769.83,7800.0,8386,3419,0.1044,0.000336
2026-08-14 13:03:26,SPX,7779.61,7769.83,7755.0,1896,1200,0.1355,0.000336
2026-08-14 13:03:26,SPX,7779.61,7769.83,7805.0,1700,870,0.1091,0.000336
2026-08-14 13:03:26,SPX,7779.61,7769.83,7750.0,4705,6216,0.146,0.000336
2026-08-14 13:03:26,SPX,7779.61,7769.83,7810.0,7618,481,0.118,0.000336
2026-08-14 13:03:26,SPX,7779.61,7769.83,7745.0,2251,3235,0.1561,0.000336
2026-08-14 13:03:26,SPX,7779.61,7769.83,7815.0,1660,357,0.1301,0.000336
2026-08-14 13:03:26,SPX,7779.61,7769.83,7740.0,932,2175,0.1673,0.000336
2026-08-14 13:03:26,SPX,7779.61,7769.83,7820.0,3460,318,0.1433,0.000336
2026-08-14 13:03:26,SPX,7779.61,7769.83,7735.0,509,1915,0.175,0.000336
2026-08-14 13:03:26,SPX,7779.61,7769.83,7825.0,6906,615,0.1561,0.000336
2026-08-14 13:03:26,SPX,7779.61,7769.83,7730.0,828,1828,0.189,0.000336
2026-08-14 13:03:26,SPX,7779.61,7769.83,7830.0,5096,111,0.1671,0.000336
2026-08-14 13:03:26,SPX,7779.61,7769.83,7725.0,2684,4520,0.1985,0.000336
2026-08-14 13:03:26,SPX,7779.61,7769.83,7835.0,2638,120,0.177,0.000336
2026-08-14 13:03:26,SPX,7779.61,7769.83,7720.0,737,1613,0.21,0.000336
2026-08-14 13:03:26,SPX,7779.61,7769.83,7840.0,2950,81,0.1874,0.000336
2026-08-14 13:03:26,SPX,7779.61,7769.83,7715.0,218,2181,0.2185,0.000336
2026-08-14 13:03:26,SPX,7779.61,7769.83,7845.0,2333,78,0.1985,0.000336
2026-08-14 13:03:26,SPX,7779.61,7769.83,7710.0,956,2388,0.232,0.000336
2026-08-14 13:03:26,SPX,7779.61,7769.83,7850.0,5887,170,0.2102,0.000336
2026-08-14 13:03:26,SPX,7779.61,7769.83,7705.0,136,1166,0.2463,0.000336
2026-08-14 13:03:26,SPX,7779.61,7769.83,7855.0,2563,27,0.2221,0.000336
2026-08-14 13:03:26,SPX,7779.61,7769.83,7700.0,2997,6738,0.259,0.000336
2026-08-14 13:03:26,SPX,7779.61,7769.83,7860.0,3534,297,0.2342,0.000336
2026-08-14 13:03:26,SPX,7779.61,7769.83,7695.0,188,2914,0.2707,0.000336
2026-08-14 13:03:26,SPX,7779.61,7769.83,7865.0,2922,38,0.2465,0.000336
2026-08-14 13:03:26,SPX,7779.61,7769.83,7690.0,427,1967,0.2816,0.000336
2026-08-14 13:03:26,SPX,7779.61,7769.83,7870.0,3224,30,0.2588,0.000336
2026-08-14 13:03:26,SPX,7779.61,7769.83,7685.0,152,4192,0.2914,0.000336
2026-08-14 13:03:26,SPX,7779.61,7769.83,7875.0,2912,25,0.2713,0.000336
2026-08-14 13:03:26,SPX,7779.61,7769.83,7680.0,623,1932,0.3002,0.000336
2026-08-14 13:03:26,SPX,7779.61,7769.83,7880.0,3682,16,0.2837,0.000336
2026-08-14 13:03:26,SPX,7779.61,7769.83,7675.0,1205,5287,0.3089,0.000336
2026-08-14 13:03:26,SPX,7779.61,7769.83,7885.0,5915,20,0.2958,0.000336
2026-08-14 13:03:26,SPX,7779.61,7769.83,7670.0,442,1640,0.3184,0.000336
2026-08-14 13:03:26,SPX,7779.61,7769.83,7890.0,6357,27,0.3076,0.000336
2026-08-14 13:03:26,SPX,7779.61,7769.83,7665.0,67,3492,0.3289,0.000336
2026-08-14 13:03:26,SPX,7779.61,7769.83,7895.0,1355,38,0.15,0.000336
2026-08-14 13:03:26,SPX,7779.61,7769.83,7660.0,0,1488,0.3404,0.000336
2026-08-14 13:03:26,SPX,7779.61,7769.83,7900.0,12756,131,0.3291,0.000336
2026-08-14 13:03:26,SPX,7779.61,7769.83,7655.0,337,1491,0.3525,0.000336
2026-08-14 13:03:26,SPX,7779.61,7769.83,7780.0,447,589,0.0632,0.008549
2026-08-14 13:03:26,SPX,7779.61,7769.83,7775.0,1545,2492,0.0638,0.008549
2026-08-14 13:03:26,SPX,7779.61,7769.83,7785.0,268,208,0.0629,0.008549
2026-08-14 13:03:26,SPX,7779.61,7769.83,7770.0,449,693,0.0644,0.008549
2026-08-14 13:03:26,SPX,7779.61,7769.83,7790.0,379,285,0.0627,0.008549
2026-08-14 13:03:26,SPX,7779.61,7769.83,7765.0,299,396,0.0651,0.008549
2026-08-14 13:03:26,SPX,7779.61,7769.83,7795.0,461,292,0.0626,0.008549
2026-08-14 13:03:26,SPX,7779.61,7769.83,7760.0,403,1467,0.0661,0.008549
2026-08-14 13:03:26,SPX,7779.61,7769.83,7800.0,2126,973,0.0625,0.008549
2026-08-14 13:03:26,SPX,7779.61,7769.83,7755.0,643,367,0.0673,0.008549
2026-08-14 13:03:26,SPX,7779.61,7769.83,7805.0,374,132,0.0625,0.008549
2026-08-14 13:03:26,SPX,7779.61,7769.83,7750.0,1076,2105,0.0685,0.008549
2026-08-14 13:03:26,SPX,7779.61,7769.83,7810.0,612,83,0.0627,0.008549
2026-08-14 13:03:26,SPX,7779.61,7769.83,7745.0,195,451,0.0696,0.008549
2026-08-14 13:03:26,SPX,7779.61,7769.83,7815.0,305,58,0.0627,0.008549
2026-08-14 13:03:26,SPX,7779.61,7769.83,7740.0,251,430,0.0711,0.008549
2026-08-14 13:03:26,SPX,7779.61,7769.83,7820.0,736,61,0.0627,0.008549
2026-08-14 13:03:26,SPX,7779.61,7769.83,7735.0,167,426,0.0721,0.008549
2026-08-14 13:03:26,SPX,7779.61,7769.83,7825.0,1951,64,0.0631,0.008549
2026-08-14 13:03:26,SPX,7779.61,7769.83,7730.0,182,437,0.073,0.008549
2026-08-14 13:03:26,SPX,7779.61,7769.83,7830.0,963,39,0.0637,0.008549
2026-08-14 13:03:26,SPX,7779.61,7769.83,7725.0,2652,1061,0.0743,0.008549
2026-08-14 13:03:26,SPX,7779.61,7769.83,7835.0,492,52,0.0643,0.008549
2026-08-14 13:03:26,SPX,7779.61,7769.83,7720.0,126,578,0.0756,0.008549
2026-08-14 13:03:26,SPX,7779.61,7769.83,7840.0,519,32,0.065,0.008549
2026-08-14 13:03:26,SPX,7779.61,7769.83,7715.0,94,254,0.0779,0.008549
2026-08-14 13:03:26,SPX,7779.61,7769.83,7845.0,458,15,0.0658,0.008549
2026-08-14 13:03:26,SPX,7779.61,7769.83,7710.0,215,341,0.0787,0.008549
2026-08-14 13:03:26,SPX,7779.61,7769.83,7850.0,9016,37,0.0665,0.008549
2026-08-14 13:03:26,SPX,7779.61,7769.83,7705.0,44,331,0.0798,0.008549
2026-08-14 13:03:26,SPX,7779.61,7769.83,7855.0,936,3,0.0672,0.008549
2026-08-14 13:03:26,SPX,7779.61,7769.83,7700.0,961,4577,0.0815,0.008549
2026-08-14 13:03:26,SPX,7779.61,7769.83,7860.0,592,29,0.0678,0.008549
2026-08-14 13:03:26,SPX,7779.61,7769.83,7695.0,32,234,0.0833,0.008549
2026-08-14 13:03:26,SPX,7779.61,7769.83,7865.0,546,4,0.0685,0.008549
2026-08-14 13:03:26,SPX,7779.61,7769.83,7690.0,101,418,0.0846,0.008549
2026-08-14 13:03:26,SPX,7779.61,7769.83,7870.0,655,93,0.0693,0.008549
2026-08-14 13:03:26,SPX,7779.61,7769.83,7685.0,30,459,0.0856,0.008549
2026-08-14 13:03:26,SPX,7779.61,7769.83,7875.0,5293,1,0.0702,0.008549
2026-08-14 13:03:26,SPX,7779.61,7769.83,7680.0,53,364,0.0872,0.008549
2026-08-14 13:03:26,SPX,7779.61,7769.83,7880.0,1272,4,0.0712,0.008549
2026-08-14 13:03:26,SPX,7779.61,7769.83,7675.0,798,746,0.0893,0.008549
2026-08-14 13:03:26,SPX,7779.61,7769.83,7885.0,1049,4,0.0724,0.008549
2026-08-14 13:03:26,SPX,7779.61,7769.83,7670.0,86,425,0.0907,0.008549
2026-08-14 13:03:26,SPX,7779.61,7769.83,7890.0,1937,2,0.0737,0.008549
2026-08-14 13:03:26,SPX,7779.61,7769.83,7665.0,19,399,0.0928,0.008549
2026-08-14 13:03:26,SPX,7779.61,7769.83,7895.0,861,4,0.0752,0.008549
2026-08-14 13:03:26,SPX,7779.61,7769.83,7660.0,210,643,0.0949,0.008549
2026-08-14 13:03:26,SPX,7779.61,7769.83,7900.0,8573,9,0.0767,0.008549
2026-08-14 13:03:26,SPX,7779.61,7769.83,7655.0,64,144,0.0966,0.008549
2026-08-14 13:03:26,SPX,7779.61,7769.83,7780.0,165,270,0.0723,0.011287
2026-08-14 13:03:26,SPX,7779.61,7769.83,7775.0,391,162,0.0729,0.011287
2026-08-14 13:03:26,SPX,7779.61,7769.83,7785.0,137,84,0.0719,0.011287
2026-08-14 13:03:26,SPX,7779.61,7769.83,7770.0,124,154,0.0735,0.011287
2026-08-14 13:03:26,SPX,7779.61,7769.83,7790.0,405,137,0.0715,0.011287
2026-08-14 13:03:26,SPX,7779.61,7769.83,7765.0,77,99,0.0742,0.011287
2026-08-14 13:03:26,SPX,7779.61,7769.83,7795.0,241,163,0.0712,0.011287
2026-08-14 13:03:26,SPX,7779.61,7769.83,7760.0,259,296,0.0749,0.011287
2026-08-14 13:03:26,SPX,7779.61,7769.83,7800.0,1325,913,0.071,0.011287
2026-08-14 13:03:26,SPX,7779.61,7769.83,7755.0,214,99,0.0757,0.011287
2026-08-14 13:03:26,SPX,7779.61,7769.83,7805.0,182,47,0.0708,0.011287
2026-08-14 13:03:26,SPX,7779.61,7769.83,7750.0,490,885,0.0766,0.011287
2026-08-14 13:03:26,SPX,7779.61,7769.83,7810.0,422,139,0.0706,0.011287
2026-08-14 13:03:26,SPX,7779.61,7769.83,7745.0,147,104,0.0773,0.011287
2026-08-14 13:03:26,SPX,7779.61,7769.83,7815.0,502,72,0.0704,0.011287
2026-08-14 13:03:26,SPX,7779.61,7769.83,7740.0,237,235,0.0784,0.011287
2026-08-14 13:03:26,SPX,7779.61,7769.83,7820.0,294,121,0.0702,0.011287
2026-08-14 13:03:26,SPX,7779.61,7769.83,7735.0,104,235,0.0795,0.011287
2026-08-14 13:03:26,SPX,7779.61,7769.83,7825.0,348,124,0.07,0.011287
2026-08-14 13:03:26,SPX,7779.61,7769.83,7730.0,582,425,0.0805,0.011287
2026-08-14 13:03:26,SPX,7779.61,7769.83,7830.0,367,68,0.07,0.011287
2026-08-14 13:03:26,SPX,7779.61,7769.83,7725.0,293,986,0.0817,0.011287
2026-08-14 13:03:26,SPX,7779.61,7769.83,7835.0,187,44,0.0701,0.011287
2026-08-14 13:03:26,SPX,7779.61,7769.83,7720.0,60,220,0.0834,0.011287
2026-08-14 13:03:26,SPX,7779.61,7769.83,7840.0,393,22,0.0703,0.011287
2026-08-14 13:03:26,SPX,7779.61,7769.83,7715.0,48,225,0.084,0.011287
2026-08-14 13:03:26,SPX,7779.61,7769.83,7845.0,208,15,0.0706,0.011287
2026-08-14 13:03:26,SPX,7779.61,7769.83,7710.0,75,344,0.0851,0.011287
2026-08-14 13:03:26,SPX,7779.61,7769.83,7850.0,698,38,0.0708,0.011287
2026-08-14 13:03:26,SPX,7779.61,7769.83,7705.0,65,164,0.0859,0.011287
2026-08-14 13:03:26,SPX,7779.61,7769.83,7855.0,152,9,0.0711,0.011287
2026-08-14 13:03:26,SPX,7779.61,7769.83,7700.0,335,874,0.087,0.011287
2026-08-14 13:03:26,SPX,7779.61,7769.83,7860.0,392,12,0.0713,0.011287
2026-08-14 13:03:26,SPX,7779.61,7769.83,7695.0,63,177,0.0884,0.011287
2026-08-14 13:03:26,SPX,7779.61,7769.83,7865.0,282,0,0.0715,0.011287
2026-08-14 13:03:26,SPX,7779.61,7769.83,7690.0,87,235,0.0896,0.011287
2026-08-14 13:03:26,SPX,7779.61,7769.83,7870.0,515,2,0.0717,0.011287
2026-08-14 13:03:26,SPX,7779.61,7769.83,7685.0,23,201,0.0913,0.011287
2026-08-14 13:03:26,SPX,7779.61,7769.83,7875.0,515,3,0.0721,0.011287
2026-08-14 13:03:26,SPX,7779.61,7769.83,7680.0,66,246,0.0933,0.011287
2026-08-14 13:03:26,SPX,7779.61,7769.83,7880.0,1057,6,0.0725,0.011287
2026-08-14 13:03:26,SPX,7779.61,7769.83,7675.0,206,272,0.0948,0.011287
2026-08-14 13:03:26,SPX,7779.61,7769.83,7885.0,348,5,0.073,0.011287
2026-08-14 13:03:26,SPX,7779.61,7769.83,7670.0,47,135,0.0955,0.011287
2026-08-14 13:03:26,SPX,7779.61,7769.83,7890.0,342,3,0.0737,0.011287
2026-08-14 13:03:26,SPX,7779.61,7769.83,7665.0,5,100,0.097,0.011287
2026-08-14 13:03:26,SPX,7779.61,7769.83,7895.0,1854,0,0.0744,0.011287
2026-08-14 13:03:26,SPX,7779.61,7769.83,7660.0,49,489,0.0987,0.011287
2026-08-14 13:03:26,SPX,7779.61,7769.83,7900.0,2127,2,0.0753,0.011287
2026-08-14 13:03:26,SPX,7779.61,7769.83,7655.0,21,143,0.1002,0.011287
2026-08-14 13:33:41,SPX,7780.86,7771.24,7780.0,1739,1569,0.0926,0.000278
2026-08-14 13:33:41,SPX,7780.86,7771.24,7785.0,1090,665,0.0907,0.000278
2026-08-14 13:33:41,SPX,7780.86,7771.24,7775.0,2827,2875,0.0969,0.000278
2026-08-14 13:33:41,SPX,7780.86,7771.24,7790.0,6355,1546,0.0913,0.000278
2026-08-14 13:33:41,SPX,7780.86,7771.24,7770.0,1055,1919,0.1041,0.000278
2026-08-14 13:33:41,SPX,7780.86,7771.24,7795.0,1642,1038,0.0942,0.000278
2026-08-14 13:33:41,SPX,7780.86,7771.24,7765.0,503,1602,0.1122,0.000278
2026-08-14 13:33:41,SPX,7780.86,7771.24,7800.0,8386,3419,0.1014,0.000278
2026-08-14 13:33:41,SPX,7780.86,7771.24,7760.0,1417,2732,0.1227,0.000278
2026-08-14 13:33:41,SPX,7780.86,7771.24,7805.0,1700,870,0.1113,0.000278
2026-08-14 13:33:41,SPX,7780.86,7771.24,7755.0,1896,1200,0.1329,0.000278
2026-08-14 13:33:41,SPX,7780.86,7771.24,7810.0,7618,481,0.1232,0.000278
2026-08-14 13:33:41,SPX,7780.86,7771.24,7750.0,4705,6216,0.1452,0.000278
2026-08-14 13:33:41,SPX,7780.86,7771.24,7815.0,1660,357,0.1356,0.000278
2026-08-14 13:33:41,SPX,7780.86,7771.24,7745.0,2251,3235,0.1559,0.000278
2026-08-14 13:33:41,SPX,7780.86,7771.24,7820.0,3460,318,0.1468,0.000278
2026-08-14 13:33:41,SPX,7780.86,7771.24,7740.0,932,2175,0.1685,0.000278
2026-08-14 13:33:41,SPX,7780.86,7771.24,7825.0,6906,615,0.1591,0.000278
2026-08-14 13:33:41,SPX,7780.86,7771.24,7735.0,509,1915,0.1808,0.000278
2026-08-14 13:33:41,SPX,7780.86,7771.24,7830.0,5096,111,0.1739,0.000278
2026-08-14 13:33:41,SPX,7780.86,7771.24,7730.0,828,1828,0.1937,0.000278
2026-08-14 13:33:41,SPX,7780.86,7771.24,7835.0,2638,120,0.1891,0.000278
2026-08-14 13:33:41,SPX,7780.86,7771.24,7725.0,2684,4520,0.2102,0.000278
2026-08-14 13:33:41,SPX,7780.86,7771.24,7840.0,2950,81,0.202,0.000278
2026-08-14 13:33:41,SPX,7780.86,7771.24,7720.0,737,1613,0.2226,0.000278
2026-08-14 13:33:41,SPX,7780.86,7771.24,7845.0,2333,78,0.2128,0.000278
2026-08-14 13:33:41,SPX,7780.86,7771.24,7715.0,218,2181,0.2326,0.000278
2026-08-14 13:33:41,SPX,7780.86,7771.24,7850.0,5887,170,0.2231,0.000278
2026-08-14 13:33:41,SPX,7780.86,7771.24,7710.0,956,2388,0.2477,0.000278
2026-08-14 13:33:41,SPX,7780.86,7771.24,7855.0,2563,27,0.2343,0.000278
2026-08-14 13:33:41,SPX,7780.86,7771.24,7705.0,136,1166,0.2639,0.000278
2026-08-14 13:33:41,SPX,7780.86,7771.24,7860.0,3534,297,0.2468,0.000278
2026-08-14 13:33:41,SPX,7780.86,7771.24,7700.0,2997,6738,0.2768,0.000278
2026-08-14 13:33:41,SPX,7780.86,7771.24,7865.0,2922,38,0.2601,0.000278
2026-08-14 13:33:41,SPX,7780.86,7771.24,7695.0,188,2914,0.2879,0.000278
2026-08-14 13:33:41,SPX,7780.86,7771.24,7870.0,3224,30,0.2736,0.000278
2026-08-14 13:33:41,SPX,7780.86,7771.24,7690.0,427,1967,0.2992,0.000278
2026-08-14 13:33:41,SPX,7780.86,7771.24,7875.0,2912,25,0.2871,0.000278
2026-08-14 13:33:41,SPX,7780.86,7771.24,7685.0,152,4192,0.3112,0.000278
2026-08-14 13:33:41,SPX,7780.86,7771.24,7880.0,3682,16,0.3002,0.000278
2026-08-14 13:33:41,SPX,7780.86,7771.24,7680.0,623,1932,0.3235,0.000278
2026-08-14 13:33:41,SPX,7780.86,7771.24,7885.0,5915,20,0.3125,0.000278
2026-08-14 13:33:41,SPX,7780.86,7771.24,7675.0,1205,5287,0.3359,0.000278
2026-08-14 13:33:41,SPX,7780.86,7771.24,7890.0,6357,27,0.3241,0.000278
2026-08-14 13:33:41,SPX,7780.86,7771.24,7670.0,442,1640,0.3485,0.000278
2026-08-14 13:33:41,SPX,7780.86,7771.24,7895.0,1355,38,0.3349,0.000278
2026-08-14 13:33:41,SPX,7780.86,7771.24,7665.0,67,3492,0.3616,0.000278
2026-08-14 13:33:41,SPX,7780.86,7771.24,7900.0,12756,131,0.3447,0.000278
2026-08-14 13:33:41,SPX,7780.86,7771.24,7660.0,389,1488,0.3752,0.000278
2026-08-14 13:33:41,SPX,7780.86,7771.24,7905.0,985,2,0.3537,0.000278
2026-08-14 13:33:41,SPX,7780.86,7771.24,7780.0,447,589,0.0604,0.008492
2026-08-14 13:33:41,SPX,7780.86,7771.24,7785.0,268,208,0.06,0.008492
2026-08-14 13:33:41,SPX,7780.86,7771.24,7775.0,1545,2492,0.0609,0.008492
2026-08-14 13:33:41,SPX,7780.86,7771.24,7790.0,379,285,0.0599,0.008492
2026-08-14 13:33:41,SPX,7780.86,7771.24,7770.0,449,693,0.0615,0.008492
2026-08-14 13:33:41,SPX,7780.86,7771.24,7795.0,461,292,0.0598,0.008492
2026-08-14 13:33:41,SPX,7780.86,7771.24,7765.0,299,396,0.0622,0.008492
2026-08-14 13:33:41,SPX,7780.86,7771.24,7800.0,2126,973,0.0597,0.008492
2026-08-14 13:33:41,SPX,7780.86,7771.24,7760.0,403,1467,0.063,0.008492
2026-08-14 13:33:41,SPX,7780.86,7771.24,7805.0,374,132,0.0599,0.008492
2026-08-14 13:33:41,SPX,7780.86,7771.24,7755.0,643,367,0.0639,0.008492
2026-08-14 13:33:41,SPX,7780.86,7771.24,7810.0,612,83,0.0601,0.008492
2026-08-14 13:33:41,SPX,7780.86,7771.24,7750.0,1076,2105,0.0657,0.008492
2026-08-14 13:33:41,SPX,7780.86,7771.24,7815.0,305,58,0.0604,0.008492
2026-08-14 13:33:41,SPX,7780.86,7771.24,7745.0,195,451,0.0664,0.008492
2026-08-14 13:33:41,SPX,7780.86,7771.24,7820.0,736,61,0.0606,0.008492
2026-08-14 13:33:41,SPX,7780.86,7771.24,7740.0,251,430,0.0675,0.008492
2026-08-14 13:33:41,SPX,7780.86,7771.24,7825.0,1951,64,0.061,0.008492
2026-08-14 13:33:41,SPX,7780.86,7771.24,7735.0,167,426,0.0697,0.008492
2026-08-14 13:33:41,SPX,7780.86,7771.24,7830.0,963,39,0.0614,0.008492
2026-08-14 13:33:41,SPX,7780.86,7771.24,7730.0,182,437,0.0709,0.008492
2026-08-14 13:33:41,SPX,7780.86,7771.24,7835.0,492,52,0.0619,0.008492
2026-08-14 13:33:41,SPX,7780.86,7771.24,7725.0,2652,1061,0.0717,0.008492
2026-08-14 13:33:41,SPX,7780.86,7771.24,7840.0,519,32,0.0627,0.008492
2026-08-14 13:33:41,SPX,7780.86,7771.24,7720.0,126,578,0.073,0.008492
2026-08-14 13:33:41,SPX,7780.86,7771.24,7845.0,458,15,0.0637,0.008492
2026-08-14 13:33:41,SPX,7780.86,7771.24,7715.0,94,254,0.0749,0.008492
2026-08-14 13:33:41,SPX,7780.86,7771.24,7850.0,9016,37,0.0647,0.008492
2026-08-14 13:33:41,SPX,7780.86,7771.24,7710.0,215,341,0.0761,0.008492
2026-08-14 13:33:41,SPX,7780.86,7771.24,7855.0,936,3,0.0657,0.008492
2026-08-14 13:33:41,SPX,7780.86,7771.24,7705.0,44,331,0.0776,0.008492
2026-08-14 13:33:41,SPX,7780.86,7771.24,7860.0,592,29,0.0665,0.008492
2026-08-14 13:33:41,SPX,7780.86,7771.24,7700.0,961,4577,0.0794,0.008492
2026-08-14 13:33:41,SPX,7780.86,7771.24,7865.0,546,4,0.0673,0.008492
2026-08-14 13:33:41,SPX,7780.86,7771.24,7695.0,32,234,0.081,0.008492
2026-08-14 13:33:41,SPX,7780.86,7771.24,7870.0,655,93,0.0681,0.008492
2026-08-14 13:33:41,SPX,7780.86,7771.24,7690.0,101,418,0.0825,0.008492
2026-08-14 13:33:41,SPX,7780.86,7771.24,7875.0,5293,1,0.0689,0.008492
2026-08-14 13:33:41,SPX,7780.86,7771.24,7685.0,30,459,0.0837,0.008492
2026-08-14 13:33:41,SPX,7780.86,7771.24,7880.0,1272,4,0.0699,0.008492
2026-08-14 13:33:41,SPX,7780.86,7771.24,7680.0,53,364,0.0853,0.008492
2026-08-14 13:33:41,SPX,7780.86,7771.24,7885.0,1049,4,0.0711,0.008492
2026-08-14 13:33:41,SPX,7780.86,7771.24,7675.0,798,746,0.0875,0.008492
2026-08-14 13:33:41,SPX,7780.86,7771.24,7890.0,1937,2,0.0724,0.008492
2026-08-14 13:33:41,SPX,7780.86,7771.24,7670.0,86,425,0.0888,0.008492
2026-08-14 13:33:41,SPX,7780.86,7771.24,7895.0,861,4,0.0738,0.008492
2026-08-14 13:33:41,SPX,7780.86,7771.24,7665.0,19,399,0.0915,0.008492
2026-08-14 13:33:41,SPX,7780.86,7771.24,7900.0,8573,9,0.0754,0.008492
2026-08-14 13:33:41,SPX,7780.86,7771.24,7660.0,210,643,0.0934,0.008492
2026-08-14 13:33:41,SPX,7780.86,7771.24,7905.0,2241,0,0.0772,0.008492
2026-08-14 13:33:41,SPX,7780.86,7771.24,7780.0,165,270,0.07,0.01123
2026-08-14 13:33:41,SPX,7780.86,7771.24,7785.0,137,84,0.0696,0.01123
2026-08-14 13:33:41,SPX,7780.86,7771.24,7775.0,391,162,0.0705,0.01123
2026-08-14 13:33:41,SPX,7780.86,7771.24,7790.0,405,137,0.0692,0.01123
2026-08-14 13:33:41,SPX,7780.86,7771.24,7770.0,124,154,0.0711,0.01123
2026-08-14 13:33:41,SPX,7780.86,7771.24,7795.0,241,163,0.069,0.01123
2026-08-14 13:33:41,SPX,7780.86,7771.24,7765.0,77,99,0.0717,0.01123
2026-08-14 13:33:41,SPX,7780.86,7771.24,7800.0,1325,913,0.0688,0.01123
2026-08-14 13:33:41,SPX,7780.86,7771.24,7760.0,259,296,0.0726,0.01123
2026-08-14 13:33:41,SPX,7780.86,7771.24,7805.0,182,47,0.0686,0.01123
2026-08-14 13:33:41,SPX,7780.86,7771.24,7755.0,214,99,0.0733,0.01123
2026-08-14 13:33:41,SPX,7780.86,7771.24,7810.0,422,139,0.0683,0.01123
2026-08-14 13:33:41,SPX,7780.86,7771.24,7750.0,490,885,0.074,0.01123
2026-08-14 13:33:41,SPX,7780.86,7771.24,7815.0,502,72,0.0681,0.01123
2026-08-14 13:33:41,SPX,7780.86,7771.24,7745.0,147,104,0.0749,0.01123
2026-08-14 13:33:41,SPX,7780.86,7771.24,7820.0,294,121,0.0678,0.01123
2026-08-14 13:33:41,SPX,7780.86,7771.24,7740.0,237,235,0.0757,0.01123
2026-08-14 13:33:41,SPX,7780.86,7771.24,7825.0,348,124,0.0676,0.01123
2026-08-14 13:33:41,SPX,7780.86,7771.24,7735.0,104,235,0.0771,0.01123
2026-08-14 13:33:41,SPX,7780.86,7771.24,7830.0,367,68,0.0677,0.01123
2026-08-14 13:33:41,SPX,7780.86,7771.24,7730.0,582,425,0.0786,0.01123
2026-08-14 13:33:41,SPX,7780.86,7771.24,7835.0,187,44,0.068,0.01123
2026-08-14 13:33:41,SPX,7780.86,7771.24,7725.0,293,986,0.0793,0.01123
2026-08-14 13:33:41,SPX,7780.86,7771.24,7840.0,393,22,0.0684,0.01123
2026-08-14 13:33:41,SPX,7780.86,7771.24,7720.0,60,220,0.0801,0.01123
2026-08-14 13:33:41,SPX,7780.86,7771.24,7845.0,208,15,0.0688,0.01123
2026-08-14 13:33:41,SPX,7780.86,7771.24,7715.0,48,225,0.0815,0.01123
2026-08-14 13:33:41,SPX,7780.86,7771.24,7850.0,698,38,0.0691,0.01123
2026-08-14 13:33:41,SPX,7780.86,7771.24,7710.0,75,344,0.0832,0.01123
2026-08-14 13:33:41,SPX,7780.86,7771.24,7855.0,152,9,0.0694,0.01123
2026-08-14 13:33:41,SPX,7780.86,7771.24,7705.0,65,164,0.0841,0.01123
2026-08-14 13:33:41,SPX,7780.86,7771.24,7860.0,392,12,0.0696,0.01123
2026-08-14 13:33:41,SPX,7780.86,7771.24,7700.0,335,874,0.0849,0.01123
2026-08-14 13:33:41,SPX,7780.86,7771.24,7865.0,282,0,0.0699,0.01123
2026-08-14 13:33:41,SPX,7780.86,7771.24,7695.0,63,177,0.0866,0.01123
2026-08-14 13:33:41,SPX,7780.86,7771.24,7870.0,515,2,0.0702,0.01123
2026-08-14 13:33:41,SPX,7780.86,7771.24,7690.0,87,235,0.0884,0.01123
2026-08-14 13:33:41,SPX,7780.86,7771.24,7875.0,515,3,0.0706,0.01123
2026-08-14 13:33:41,SPX,7780.86,7771.24,7685.0,23,201,0.0899,0.01123
2026-08-14 13:33:41,SPX,7780.86,7771.24,7880.0,1057,6,0.0712,0.01123
2026-08-14 13:33:41,SPX,7780.86,7771.24,7680.0,66,246,0.091,0.01123
2026-08-14 13:33:41,SPX,7780.86,7771.24,7885.0,348,5,0.0718,0.01123
2026-08-14 13:33:41,SPX,7780.86,7771.24,7675.0,206,272,0.0922,0.01123
2026-08-14 13:33:41,SPX,7780.86,7771.24,7890.0,342,3,0.0725,0.01123
2026-08-14 13:33:41,SPX,7780.86,7771.24,7670.0,47,135,0.0941,0.01123
2026-08-14 13:33:41,SPX,7780.86,7771.24,7895.0,1854,0,0.0734,0.01123
2026-08-14 13:33:41,SPX,7780.86,7771.24,7665.0,5,100,0.0953,0.01123
2026-08-14 13:33:41,SPX,7780.86,7771.24,7900.0,2127,2,0.0744,0.01123
2026-08-14 13:33:41,SPX,7780.86,7771.24,7660.0,49,489,0.0964,0.01123
2026-08-14 13:33:41,SPX,7780.86,7771.24,7905.0,940,1,0.0754,0.01123
2026-08-14 14:03:55,SPX,7781.9,7771.31,7780.0,1739,1569,0.0974,0.000221
2026-08-14 14:03:55,SPX,7781.9,7771.31,7785.0,1090,665,0.0974,0.000221
2026-08-14 14:03:55,SPX,7781.9,7771.31,7775.0,2827,2875,0.1006,0.000221
2026-08-14 14:03:55,SPX,7781.9,7771.31,7790.0,6355,1546,0.0999,0.000221
2026-08-14 14:03:55,SPX,7781.9,7771.31,7770.0,1055,1919,0.109,0.000221
2026-08-14 14:03:55,SPX,7781.9,7771.31,7795.0,1642,1038,0.1075,0.000221
2026-08-14 14:03:55,SPX,7781.9,7771.31,7765.0,503,1602,0.1177,0.000221
2026-08-14 14:03:55,SPX,7781.9,7771.31,7800.0,8386,3419,0.1186,0.000221
2026-08-14 14:03:55,SPX,7781.9,7771.31,7760.0,1417,2732,0.1283,0.000221
2026-08-14 14:03:55,SPX,7781.9,7771.31,7805.0,1700,870,0.13,0.000221
2026-08-14 14:03:55,SPX,7781.9,7771.31,7755.0,1896,1200,0.1419,0.000221
2026-08-14 14:03:55,SPX,7781.9,7771.31,7810.0,7618,481,0.141,0.000221
2026-08-14 14:03:55,SPX,7781.9,7771.31,7750.0,4705,6216,0.1569,0.000221
2026-08-14 14:03:55,SPX,7781.9,7771.31,7815.0,1660,357,0.1546,0.000221
2026-08-14 14:03:55,SPX,7781.9,7771.31,7745.0,2251,3235,0.1701,0.000221
2026-08-14 14:03:55,SPX,7781.9,7771.31,7820.0,3460,318,0.1715,0.000221
2026-08-14 14:03:55,SPX,7781.9,7771.31,7740.0,932,2175,0.1838,0.000221
2026-08-14 14:03:55,SPX,7781.9,7771.31,7825.0,6906,615,0.1879,0.000221
2026-08-14 14:03:55,SPX,7781.9,7771.31,7735.0,509,1915,0.2002,0.000221
2026-08-14 14:03:55,SPX,7781.9,7771.31,7830.0,5096,111,0.2014,0.000221
2026-08-14 14:03:55,SPX,7781.9,7771.31,7730.0,828,1828,0.2136,0.000221
2026-08-14 14:03:55,SPX,7781.9,7771.31,7835.0,2638,120,0.215,0.000221
2026-08-14 14:03:55,SPX,7781.9,7771.31,7725.0,2684,4520,0.2267,0.000221
2026-08-14 14:03:55,SPX,7781.9,7771.31,7840.0,2950,81,0.2297,0.000221
2026-08-14 14:03:55,SPX,7781.9,7771.31,7720.0,737,1613,0.2411,0.000221
2026-08-14 14:03:55,SPX,7781.9,7771.31,7845.0,2333,78,0.2418,0.000221
2026-08-14 14:03:55,SPX,7781.9,7771.31,7715.0,218,2181,0.2611,0.000221
2026-08-14 14:03:55,SPX,7781.9,7771.31,7850.0,5887,170,0.2545,0.000221
2026-08-14 14:03:55,SPX,7781.9,7771.31,7710.0,956,2388,0.2809,0.000221
2026-08-14 14:03:55,SPX,7781.9,7771.31,7855.0,2563,27,0.268,0.000221
2026-08-14 14:03:55,SPX,7781.9,7771.31,7705.0,136,1166,0.2991,0.000221
2026-08-14 14:03:55,SPX,7781.9,7771.31,7860.0,3534,297,0.2823,0.000221
2026-08-14 14:03:55,SPX,7781.9,7771.31,7700.0,2997,6738,0.316,0.000221
2026-08-14 14:03:55,SPX,7781.9,7771.31,7865.0,2922,38,0.2972,0.000221
2026-08-14 14:03:55,SPX,7781.9,7771.31,7695.0,188,2914,0.331,0.000221
2026-08-14 14:03:55,SPX,7781.9,7771.31,7870.0,3224,30,0.3127,0.000221
2026-08-14 14:03:55,SPX,7781.9,7771.31,7690.0,427,1967,0.3443,0.000221
2026-08-14 14:03:55,SPX,7781.9,7771.31,7875.0,2912,25,0.3282,0.000221
2026-08-14 14:03:55,SPX,7781.9,7771.31,7685.0,152,4192,0.3569,0.000221
2026-08-14 14:03:55,SPX,7781.9,7771.31,7880.0,3682,16,0.3431,0.000221
2026-08-14 14:03:55,SPX,7781.9,7771.31,7680.0,623,1932,0.3697,0.000221
2026-08-14 14:03:55,SPX,7781.9,7771.31,7885.0,5915,20,0.357,0.000221
2026-08-14 14:03:55,SPX,7781.9,7771.31,7675.0,1205,5287,0.383,0.000221
2026-08-14 14:03:55,SPX,7781.9,7771.31,7890.0,6357,27,0.3695,0.000221
2026-08-14 14:03:55,SPX,7781.9,7771.31,7670.0,442,1640,0.3967,0.000221
2026-08-14 14:03:55,SPX,7781.9,7771.31,7895.0,1355,38,0.3805,0.000221
2026-08-14 14:03:55,SPX,7781.9,7771.31,7665.0,67,3492,0.4107,0.000221
2026-08-14 14:03:55,SPX,7781.9,7771.31,7900.0,12756,131,0.3901,0.000221
2026-08-14 14:03:55,SPX,7781.9,7771.31,7660.0,389,1488,0.425,0.000221
2026-08-14 14:03:55,SPX,7781.9,7771.31,7905.0,985,2,0.3984,0.000221
2026-08-14 14:03:55,SPX,7781.9,7771.31,7780.0,447,589,0.0603,0.008434
2026-08-14 14:03:55,SPX,7781.9,7771.31,7785.0,268,208,0.06,0.008434
2026-08-14 14:03:55,SPX,7781.9,7771.31,7775.0,1545,2492,0.0609,0.008434
2026-08-14 14:03:55,SPX,7781.9,7771.31,7790.0,379,285,0.0595,0.008434
2026-08-14 14:03:55,SPX,7781.9,7771.31,7770.0,449,693,0.0614,0.008434
2026-08-14 14:03:55,SPX,7781.9,7771.31,7795.0,461,292,0.0593,0.008434
2026-08-14 14:03:55,SPX,7781.9,7771.31,7765.0,299,396,0.0626,0.008434
2026-08-14 14:03:55,SPX,7781.9,7771.31,7800.0,2126,973,0.0593,0.008434
2026-08-14 14:03:55,SPX,7781.9,7771.31,7760.0,403,1467,0.0633,0.008434
2026-08-14 14:03:55,SPX,7781.9,7771.31,7805.0,374,132,0.0593,0.008434
2026-08-14 14:03:55,SPX,7781.9,7771.31,7755.0,643,367,0.0648,0.008434
2026-08-14 14:03:55,SPX,7781.9,7771.31,7810.0,612,83,0.0597,0.008434
2026-08-14 14:03:55,SPX,7781.9,7771.31,7750.0,1076,2105,0.066,0.008434
2026-08-14 14:03:55,SPX,7781.9,7771.31,7815.0,305,58,0.0598,0.008434
2026-08-14 14:03:55,SPX,7781.9,7771.31,7745.0,195,451,0.0671,0.008434
2026-08-14 14:03:55,SPX,7781.9,7771.31,7820.0,736,61,0.06,0.008434
2026-08-14 14:03:55,SPX,7781.9,7771.31,7740.0,251,430,0.0689,0.008434
2026-08-14 14:03:55,SPX,7781.9,7771.31,7825.0,1951,64,0.0602,0.008434
2026-08-14 14:03:55,SPX,7781.9,7771.31,7735.0,167,426,0.0702,0.008434
2026-08-14 14:03:55,SPX,7781.9,7771.31,7830.0,963,39,0.0606,0.008434
2026-08-14 14:03:55,SPX,7781.9,7771.31,7730.0,182,437,0.0715,0.008434
2026-08-14 14:03:55,SPX,7781.9,7771.31,7835.0,492,52,0.0614,0.008434
2026-08-14 14:03:55,SPX,7781.9,7771.31,7725.0,2652,1061,0.0734,0.008434
2026-08-14 14:03:55,SPX,7781.9,7771.31,7840.0,519,32,0.0623,0.008434
2026-08-14 14:03:55,SPX,7781.9,7771.31,7720.0,126,578,0.0745,0.008434
2026-08-14 14:03:55,SPX,7781.9,7771.31,7845.0,458,15,0.0632,0.008434
2026-08-14 14:03:55,SPX,7781.9,7771.31,7715.0,94,254,0.0762,0.008434
2026-08-14 14:03:55,SPX,7781.9,7771.31,7850.0,9016,37,0.0641,0.008434
2026-08-14 14:03:55,SPX,7781.9,7771.31,7710.0,215,341,0.078,0.008434
2026-08-14 14:03:55,SPX,7781.9,7771.31,7855.0,936,3,0.0649,0.008434
2026-08-14 14:03:55,SPX,7781.9,7771.31,7705.0,44,331,0.0793,0.008434
2026-08-14 14:03:55,SPX,7781.9,7771.31,7860.0,592,29,0.0656,0.008434
2026-08-14 14:03:55,SPX,7781.9,7771.31,7700.0,961,4577,0.0808,0.008434
2026-08-14 14:03:55,SPX,7781.9,7771.31,7865.0,546,4,0.0664,0.008434
2026-08-14 14:03:55,SPX,7781.9,7771.31,7695.0,32,234,0.0828,0.008434
2026-08-14 14:03:55,SPX,7781.9,7771.31,7870.0,655,93,0.0672,0.008434
2026-08-14 14:03:55,SPX,7781.9,7771.31,7690.0,101,418,0.0849,0.008434
2026-08-14 14:03:55,SPX,7781.9,7771.31,7875.0,5293,1,0.0681,0.008434
2026-08-14 14:03:55,SPX,7781.9,7771.31,7685.0,30,459,0.0868,0.008434
2026-08-14 14:03:55,SPX,7781.9,7771.31,7880.0,1272,4,0.0691,0.008434
2026-08-14 14:03:55,SPX,7781.9,7771.31,7680.0,53,364,0.0879,0.008434
2026-08-14 14:03:55,SPX,7781.9,7771.31,7885.0,1049,4,0.0704,0.008434
2026-08-14 14:03:55,SPX,7781.9,7771.31,7675.0,798,746,0.0889,0.008434
2026-08-14 14:03:55,SPX,7781.9,7771.31,7890.0,1937,2,0.0717,0.008434
2026-08-14 14:03:55,SPX,7781.9,7771.31,7670.0,86,425,0.0909,0.008434
2026-08-14 14:03:55,SPX,7781.9,7771.31,7895.0,861,4,0.0732,0.008434
2026-08-14 14:03:55,SPX,7781.9,7771.31,7665.0,19,399,0.0934,0.008434
2026-08-14 14:03:55,SPX,7781.9,7771.31,7900.0,8573,9,0.0748,0.008434
2026-08-14 14:03:55,SPX,7781.9,7771.31,7660.0,210,643,0.0953,0.008434
2026-08-14 14:03:55,SPX,7781.9,7771.31,7905.0,2241,0,0.0764,0.008434
2026-08-14 14:03:55,SPX,7781.9,7771.31,7780.0,165,270,0.0699,0.011172
2026-08-14 14:03:55,SPX,7781.9,7771.31,7785.0,137,84,0.0695,0.011172
2026-08-14 14:03:55,SPX,7781.9,7771.31,7775.0,391,162,0.0706,0.011172
2026-08-14 14:03:55,SPX,7781.9,7771.31,7790.0,405,137,0.0691,0.011172
2026-08-14 14:03:55,SPX,7781.9,7771.31,7770.0,124,154,0.0712,0.011172
2026-08-14 14:03:55,SPX,7781.9,7771.31,7795.0,241,163,0.0688,0.011172
2026-08-14 14:03:55,SPX,7781.9,7771.31,7765.0,77,99,0.072,0.011172
2026-08-14 14:03:55,SPX,7781.9,7771.31,7800.0,1325,913,0.0687,0.011172
2026-08-14 14:03:55,SPX,7781.9,7771.31,7760.0,259,296,0.0728,0.011172
2026-08-14 14:03:55,SPX,7781.9,7771.31,7805.0,182,47,0.0685,0.011172
2026-08-14 14:03:55,SPX,7781.9,7771.31,7755.0,214,99,0.0734,0.011172
2026-08-14 14:03:55,SPX,7781.9,7771.31,7810.0,422,139,0.0683,0.011172
2026-08-14 14:03:55,SPX,7781.9,7771.31,7750.0,490,885,0.0746,0.011172
2026-08-14 14:03:55,SPX,7781.9,7771.31,7815.0,502,72,0.068,0.011172
2026-08-14 14:03:55,SPX,7781.9,7771.31,7745.0,147,104,0.0754,0.011172
2026-08-14 14:03:55,SPX,7781.9,7771.31,7820.0,294,121,0.0677,0.011172
2026-08-14 14:03:55,SPX,7781.9,7771.31,7740.0,237,235,0.0765,0.011172
2026-08-14 14:03:55,SPX,7781.9,7771.31,7825.0,348,124,0.0675,0.011172
2026-08-14 14:03:55,SPX,7781.9,7771.31,7735.0,104,235,0.0776,0.011172
2026-08-14 14:03:55,SPX,7781.9,7771.31,7830.0,367,68,0.0676,0.011172
2026-08-14 14:03:55,SPX,7781.9,7771.31,7730.0,582,425,0.0792,0.011172
2026-08-14 14:03:55,SPX,7781.9,7771.31,7835.0,0,44,0.0677,0.011172
2026-08-14 14:03:55,SPX,7781.9,7771.31,7725.0,293,986,0.0805,0.011172
2026-08-14 14:03:55,SPX,7781.9,7771.31,7840.0,393,22,0.068,0.011172
2026-08-14 14:03:55,SPX,7781.9,7771.31,7720.0,60,220,0.0814,0.011172
2026-08-14 14:03:55,SPX,7781.9,7771.31,7845.0,208,15,0.0683,0.011172
2026-08-14 14:03:55,SPX,7781.9,7771.31,7715.0,48,225,0.0822,0.011172
2026-08-14 14:03:55,SPX,7781.9,7771.31,7850.0,698,38,0.0686,0.011172
2026-08-14 14:03:55,SPX,7781.9,7771.31,7710.0,75,344,0.0836,0.011172
2026-08-14 14:03:55,SPX,7781.9,7771.31,7855.0,152,9,0.0689,0.011172
2026-08-14 14:03:55,SPX,7781.9,7771.31,7705.0,65,164,0.0851,0.011172
2026-08-14 14:03:55,SPX,7781.9,7771.31,7860.0,392,12,0.0691,0.011172
2026-08-14 14:03:55,SPX,7781.9,7771.31,7700.0,335,874,0.086,0.011172
2026-08-14 14:03:55,SPX,7781.9,7771.31,7865.0,282,0,0.0693,0.011172
2026-08-14 14:03:55,SPX,7781.9,7771.31,7695.0,63,177,0.0876,0.011172
2026-08-14 14:03:55,SPX,7781.9,7771.31,7870.0,515,2,0.0696,0.011172
2026-08-14 14:03:55,SPX,7781.9,7771.31,7690.0,87,235,0.0895,0.011172
2026-08-14 14:03:55,SPX,7781.9,7771.31,7875.0,515,3,0.0699,0.011172
2026-08-14 14:03:55,SPX,7781.9,7771.31,7685.0,23,201,0.0912,0.011172
2026-08-14 14:03:55,SPX,7781.9,7771.31,7880.0,1057,6,0.0703,0.011172
2026-08-14 14:03:55,SPX,7781.9,7771.31,7680.0,66,246,0.0923,0.011172
2026-08-14 14:03:55,SPX,7781.9,7771.31,7885.0,348,5,0.0707,0.011172
2026-08-14 14:03:55,SPX,7781.9,7771.31,7675.0,206,272,0.0934,0.011172
2026-08-14 14:03:55,SPX,7781.9,7771.31,7890.0,342,3,0.0713,0.011172
2026-08-14 14:03:55,SPX,7781.9,7771.31,7670.0,47,135,0.0951,0.011172
2026-08-14 14:03:55,SPX,7781.9,7771.31,7895.0,1854,0,0.0721,0.011172
2026-08-14 14:03:55,SPX,7781.9,7771.31,7665.0,5,100,0.0971,0.011172
2026-08-14 14:03:55,SPX,7781.9,7771.31,7900.0,2127,2,0.073,0.011172
2026-08-14 14:03:55,SPX,7781.9,7771.31,7660.0,49,489,0.0983,0.011172
2026-08-14 14:03:55,SPX,7781.9,7771.31,7905.0,940,1,0.074,0.011172
2026-08-14 14:34:09,SPX,7780.77,7773.3,7780.0,1739,1569,0.0945,0.000163
2026-08-14 14:34:09,SPX,7780.77,7773.3,7785.0,1090,665,0.0925,0.000163
2026-08-14 14:34:09,SPX,7780.77,7773.3,7775.0,2827,2875,0.1014,0.000163
2026-08-14 14:34:09,SPX,7780.77,7773.3,7790.0,6355,1546,0.0946,0.000163
2026-08-14 14:34:09,SPX,7780.77,7773.3,7770.0,1055,1919,0.1119,0.000163
2026-08-14 14:34:09,SPX,7780.77,7773.3,7795.0,1642,1038,0.101,0.000163
2026-08-14 14:34:09,SPX,7780.77,7773.3,7765.0,503,1602,0.1248,0.000163
2026-08-14 14:34:09,SPX,7780.77,7773.3,7800.0,8386,3419,0.1126,0.000163
2026-08-14 14:34:09,SPX,7780.77,7773.3,7760.0,1417,2732,0.1404,0.000163
2026-08-14 14:34:09,SPX,7780.77,7773.3,7805.0,1700,870,0.1277,0.000163
2026-08-14 14:34:09,SPX,7780.77,7773.3,7755.0,1896,1200,0.1563,0.000163
2026-08-14 14:34:09,SPX,7780.77,7773.3,7810.0,7618,481,0.1426,0.000163
2026-08-14 14:34:09,SPX,7780.77,7773.3,7750.0,4705,6216,0.1699,0.000163
2026-08-14 14:34:09,SPX,7780.77,7773.3,7815.0,1660,357,0.1616,0.000163
2026-08-14 14:34:09,SPX,7780.77,7773.3,7745.0,2251,3235,0.1893,0.000163
2026-08-14 14:34:09,SPX,7780.77,7773.3,7820.0,3460,318,0.1821,0.000163
2026-08-14 14:34:09,SPX,7780.77,7773.3,7740.0,932,2175,0.2049,0.000163
2026-08-14 14:34:09,SPX,7780.77,7773.3,7825.0,6906,615,0.1976,0.000163
2026-08-14 14:34:09,SPX,7780.77,7773.3,7735.0,509,1915,0.2253,0.000163
2026-08-14 14:34:09,SPX,7780.77,7773.3,7830.0,5096,111,0.2104,0.000163
2026-08-14 14:34:09,SPX,7780.77,7773.3,7730.0,828,1828,0.2428,0.000163
2026-08-14 14:34:09,SPX,7780.77,7773.3,7835.0,2638,120,0.2245,0.000163
2026-08-14 14:34:09,SPX,7780.77,7773.3,7725.0,2684,4520,0.2577,0.000163
2026-08-14 14:34:09,SPX,7780.77,7773.3,7840.0,2950,81,0.2404,0.000163
2026-08-14 14:34:09,SPX,7780.77,7773.3,7720.0,737,1613,0.2773,0.000163
2026-08-14 14:34:09,SPX,7780.77,7773.3,7845.0,2333,78,0.2576,0.000163
2026-08-14 14:34:09,SPX,7780.77,7773.3,7715.0,218,2181,0.2962,0.000163
2026-08-14 14:34:09,SPX,7780.77,7773.3,7850.0,5887,170,0.2751,0.000163
2026-08-14 14:34:09,SPX,7780.77,7773.3,7710.0,956,2388,0.3111,0.000163
2026-08-14 14:34:09,SPX,7780.77,7773.3,7855.0,2563,27,0.2926,0.000163
2026-08-14 14:34:09,SPX,7780.77,7773.3,7705.0,136,1166,0.3249,0.000163
2026-08-14 14:34:09,SPX,7780.77,7773.3,7860.0,3534,297,0.31,0.000163
2026-08-14 14:34:09,SPX,7780.77,7773.3,7700.0,2997,6738,0.34,0.000163
2026-08-14 14:34:09,SPX,7780.77,7773.3,7865.0,2922,38,0.3265,0.000163
2026-08-14 14:34:09,SPX,7780.77,7773.3,7695.0,188,2914,0.3571,0.000163
2026-08-14 14:34:09,SPX,7780.77,7773.3,7870.0,3224,30,0.3421,0.000163
2026-08-14 14:34:09,SPX,7780.77,7773.3,7690.0,427,1967,0.3753,0.000163
2026-08-14 14:34:09,SPX,7780.77,7773.3,7875.0,2912,25,0.3565,0.000163
2026-08-14 14:34:09,SPX,7780.77,7773.3,7685.0,152,4192,0.394,0.000163
2026-08-14 14:34:09,SPX,7780.77,7773.3,7880.0,3682,16,0.3694,0.000163
2026-08-14 14:34:09,SPX,7780.77,7773.3,7680.0,623,1932,0.4122,0.000163
2026-08-14 14:34:09,SPX,7780.77,7773.3,7885.0,5915,20,0.3809,0.000163
2026-08-14 14:34:09,SPX,7780.77,7773.3,7675.0,1205,5287,0.4301,0.000163
2026-08-14 14:34:09,SPX,7780.77,7773.3,7890.0,6357,27,0.3911,0.000163
2026-08-14 14:34:09,SPX,7780.77,7773.3,7670.0,442,1640,0.4474,0.000163
2026-08-14 14:34:09,SPX,7780.77,7773.3,7895.0,1355,38,0.3999,0.000163
2026-08-14 14:34:09,SPX,7780.77,7773.3,7665.0,67,3492,0.4644,0.000163
2026-08-14 14:34:09,SPX,7780.77,7773.3,7900.0,12756,131,0.4074,0.000163
2026-08-14 14:34:09,SPX,7780.77,7773.3,7660.0,389,1488,0.4808,0.000163
2026-08-14 14:34:09,SPX,7780.77,7773.3,7905.0,985,2,0.4138,0.000163
2026-08-14 14:34:09,SPX,7780.77,7773.3,7780.0,447,589,0.0592,0.008377
2026-08-14 14:34:09,SPX,7780.77,7773.3,7785.0,268,208,0.0588,0.008377
2026-08-14 14:34:09,SPX,7780.77,7773.3,7775.0,1545,2492,0.0598,0.008377
2026-08-14 14:34:09,SPX,7780.77,7773.3,7790.0,379,285,0.0585,0.008377
2026-08-14 14:34:09,SPX,7780.77,7773.3,7770.0,449,693,0.0602,0.008377
2026-08-14 14:34:09,SPX,7780.77,7773.3,7795.0,461,292,0.0583,0.008377
2026-08-14 14:34:09,SPX,7780.77,7773.3,7765.0,299,396,0.0616,0.008377
2026-08-14 14:34:09,SPX,7780.77,7773.3,7800.0,2126,973,0.0584,0.008377
2026-08-14 14:34:09,SPX,7780.77,7773.3,7760.0,403,1467,0.0621,0.008377
2026-08-14 14:34:09,SPX,7780.77,7773.3,7805.0,374,132,0.0584,0.008377
2026-08-14 14:34:09,SPX,7780.77,7773.3,7755.0,643,367,0.0635,0.008377
2026-08-14 14:34:09,SPX,7780.77,7773.3,7810.0,612,83,0.0584,0.008377
2026-08-14 14:34:09,SPX,7780.77,7773.3,7750.0,1076,2105,0.0643,0.008377
2026-08-14 14:34:09,SPX,7780.77,7773.3,7815.0,305,58,0.0586,0.008377
2026-08-14 14:34:09,SPX,7780.77,7773.3,7745.0,195,451,0.0659,0.008377
2026-08-14 14:34:09,SPX,7780.77,7773.3,7820.0,736,61,0.0589,0.008377
2026-08-14 14:34:09,SPX,7780.77,7773.3,7740.0,251,430,0.0675,0.008377
2026-08-14 14:34:09,SPX,7780.77,7773.3,7825.0,1951,64,0.0593,0.008377
2026-08-14 14:34:09,SPX,7780.77,7773.3,7735.0,167,426,0.069,0.008377
2026-08-14 14:34:09,SPX,7780.77,7773.3,7830.0,963,39,0.0599,0.008377
2026-08-14 14:34:09,SPX,7780.77,7773.3,7730.0,182,437,0.0705,0.008377
2026-08-14 14:34:09,SPX,7780.77,7773.3,7835.0,492,52,0.0606,0.008377
2026-08-14 14:34:09,SPX,7780.77,7773.3,7725.0,2652,1061,0.0718,0.008377
2026-08-14 14:34:09,SPX,7780.77,7773.3,7840.0,519,32,0.0613,0.008377
2026-08-14 14:34:09,SPX,7780.77,7773.3,7720.0,126,578,0.0731,0.008377
2026-08-14 14:34:09,SPX,7780.77,7773.3,7845.0,458,15,0.0621,0.008377
2026-08-14 14:34:09,SPX,7780.77,7773.3,7715.0,94,254,0.0744,0.008377
2026-08-14 14:34:09,SPX,7780.77,7773.3,7850.0,9016,37,0.0628,0.008377
2026-08-14 14:34:09,SPX,7780.77,7773.3,7710.0,215,341,0.0768,0.008377
2026-08-14 14:34:09,SPX,7780.77,7773.3,7855.0,936,3,0.0635,0.008377
2026-08-14 14:34:09,SPX,7780.77,7773.3,7705.0,44,331,0.0781,0.008377
2026-08-14 14:34:09,SPX,7780.77,7773.3,7860.0,592,29,0.0642,0.008377
2026-08-14 14:34:09,SPX,7780.77,7773.3,7700.0,961,4577,0.0792,0.008377
2026-08-14 14:34:09,SPX,7780.77,7773.3,7865.0,546,4,0.0651,0.008377
2026-08-14 14:34:09,SPX,7780.77,7773.3,7695.0,32,234,0.0808,0.008377
2026-08-14 14:34:09,SPX,7780.77,7773.3,7870.0,655,93,0.066,0.008377
2026-08-14 14:34:09,SPX,7780.77,7773.3,7690.0,101,418,0.0829,0.008377
2026-08-14 14:34:09,SPX,7780.77,7773.3,7875.0,5293,1,0.067,0.008377
2026-08-14 14:34:09,SPX,7780.77,7773.3,7685.0,30,459,0.0849,0.008377
2026-08-14 14:34:09,SPX,7780.77,7773.3,7880.0,1272,4,0.0681,0.008377
2026-08-14 14:34:09,SPX,7780.77,7773.3,7680.0,53,364,0.0863,0.008377
2026-08-14 14:34:09,SPX,7780.77,7773.3,7885.0,1049,4,0.0694,0.008377
2026-08-14 14:34:09,SPX,7780.77,7773.3,7675.0,798,746,0.0876,0.008377
2026-08-14 14:34:09,SPX,7780.77,7773.3,7890.0,1937,2,0.0709,0.008377
2026-08-14 14:34:09,SPX,7780.77,7773.3,7670.0,86,425,0.0894,0.008377
2026-08-14 14:34:09,SPX,7780.77,7773.3,7895.0,861,4,0.0726,0.008377
2026-08-14 14:34:09,SPX,7780.77,7773.3,7665.0,19,399,0.0918,0.008377
2026-08-14 14:34:09,SPX,7780.77,7773.3,7900.0,8573,9,0.0743,0.008377
2026-08-14 14:34:09,SPX,7780.77,7773.3,7660.0,210,643,0.094,0.008377
2026-08-14 14:34:09,SPX,7780.77,7773.3,7905.0,2241,0,0.0761,0.008377
2026-08-14 14:34:09,SPX,7780.77,7773.3,7780.0,165,270,0.0693,0.011115
2026-08-14 14:34:09,SPX,7780.77,7773.3,7785.0,137,84,0.0688,0.011115
2026-08-14 14:34:09,SPX,7780.77,7773.3,7775.0,391,162,0.0699,0.011115
2026-08-14 14:34:09,SPX,7780.77,7773.3,7790.0,405,137,0.0684,0.011115
2026-08-14 14:34:09,SPX,7780.77,7773.3,7770.0,124,154,0.0705,0.011115
2026-08-14 14:34:09,SPX,7780.77,7773.3,7795.0,241,163,0.0682,0.011115
2026-08-14 14:34:09,SPX,7780.77,7773.3,7765.0,77,99,0.0712,0.011115
2026-08-14 14:34:09,SPX,7780.77,7773.3,7800.0,1325,913,0.0679,0.011115
2026-08-14 14:34:09,SPX,7780.77,7773.3,7760.0,259,296,0.0719,0.011115
2026-08-14 14:34:09,SPX,7780.77,7773.3,7805.0,182,47,0.0677,0.011115
2026-08-14 14:34:09,SPX,7780.77,7773.3,7755.0,214,99,0.0728,0.011115
2026-08-14 14:34:09,SPX,7780.77,7773.3,7810.0,422,139,0.0674,0.011115
2026-08-14 14:34:09,SPX,7780.77,7773.3,7750.0,490,885,0.0738,0.011115
2026-08-14 14:34:09,SPX,7780.77,7773.3,7815.0,502,72,0.0672,0.011115
2026-08-14 14:34:09,SPX,7780.77,7773.3,7745.0,147,104,0.0753,0.011115
2026-08-14 14:34:09,SPX,7780.77,7773.3,7820.0,294,121,0.0669,0.011115
2026-08-14 14:34:09,SPX,7780.77,7773.3,7740.0,237,235,0.0759,0.011115
2026-08-14 14:34:09,SPX,7780.77,7773.3,7825.0,348,124,0.0667,0.011115
2026-08-14 14:34:09,SPX,7780.77,7773.3,7735.0,104,235,0.0766,0.011115
2026-08-14 14:34:09,SPX,7780.77,7773.3,7830.0,367,68,0.0666,0.011115
2026-08-14 14:34:09,SPX,7780.77,7773.3,7730.0,582,425,0.0779,0.011115
2026-08-14 14:34:09,SPX,7780.77,7773.3,7835.0,187,44,0.0667,0.011115
2026-08-14 14:34:09,SPX,7780.77,7773.3,7725.0,293,986,0.0787,0.011115
2026-08-14 14:34:09,SPX,7780.77,7773.3,7840.0,393,22,0.0668,0.011115
2026-08-14 14:34:09,SPX,7780.77,7773.3,7720.0,60,220,0.0802,0.011115
2026-08-14 14:34:09,SPX,7780.77,7773.3,7845.0,208,15,0.067,0.011115
2026-08-14 14:34:09,SPX,7780.77,7773.3,7715.0,48,225,0.0813,0.011115
2026-08-14 14:34:09,SPX,7780.77,7773.3,7850.0,698,38,0.0672,0.011115
2026-08-14 14:34:09,SPX,7780.77,7773.3,7710.0,75,344,0.0827,0.011115
2026-08-14 14:34:09,SPX,7780.77,7773.3,7855.0,152,9,0.0674,0.011115
2026-08-14 14:34:09,SPX,7780.77,7773.3,7705.0,65,164,0.0838,0.011115
2026-08-14 14:34:09,SPX,7780.77,7773.3,7860.0,392,12,0.0675,0.011115
2026-08-14 14:34:09,SPX,7780.77,7773.3,7700.0,335,874,0.0854,0.011115
2026-08-14 14:34:09,SPX,7780.77,7773.3,7865.0,282,0,0.0677,0.011115
2026-08-14 14:34:09,SPX,7780.77,7773.3,7695.0,63,177,0.0871,0.011115
2026-08-14 14:34:09,SPX,7780.77,7773.3,7870.0,515,2,0.0679,0.011115
2026-08-14 14:34:09,SPX,7780.77,7773.3,7690.0,87,235,0.0884,0.011115
2026-08-14 14:34:09,SPX,7780.77,7773.3,7875.0,515,3,0.0682,0.011115
2026-08-14 14:34:09,SPX,7780.77,7773.3,7685.0,23,201,0.0898,0.011115
2026-08-14 14:34:09,SPX,7780.77,7773.3,7880.0,1057,6,0.0686,0.011115
2026-08-14 14:34:09,SPX,7780.77,7773.3,7680.0,66,246,0.091,0.011115
2026-08-14 14:34:09,SPX,7780.77,7773.3,7885.0,348,5,0.0691,0.011115
2026-08-14 14:34:09,SPX,7780.77,7773.3,7675.0,206,272,0.092,0.011115
2026-08-14 14:34:09,SPX,7780.77,7773.3,7890.0,342,3,0.0697,0.011115
2026-08-14 14:34:09,SPX,7780.77,7773.3,7670.0,47,135,0.0934,0.011115
2026-08-14 14:34:09,SPX,7780.77,7773.3,7895.0,1854,0,0.0705,0.011115
2026-08-14 14:34:09,SPX,7780.77,7773.3,7665.0,5,100,0.0952,0.011115
2026-08-14 14:34:09,SPX,7780.77,7773.3,7900.0,2127,2,0.0714,0.011115
2026-08-14 14:34:09,SPX,7780.77,7773.3,7660.0,49,489,0.0972,0.011115
2026-08-14 14:34:09,SPX,7780.77,7773.3,7905.0,940,1,0.0725,0.011115
2026-08-14 15:04:23,SPX,7782.82,7774.68,7785.0,1090,665,0.0985,0.000106
2026-08-14 15:04:23,SPX,7782.82,7774.68,7780.0,1739,1569,0.1008,0.000106
2026-08-14 15:04:23,SPX,7782.82,7774.68,7790.0,6355,1546,0.1015,0.000106
2026-08-14 15:04:23,SPX,7782.82,7774.68,7775.0,2827,2875,0.1089,0.000106
2026-08-14 15:04:23,SPX,7782.82,7774.68,7795.0,1642,1038,0.1103,0.000106
2026-08-14 15:04:23,SPX,7782.82,7774.68,7770.0,1055,1919,0.1217,0.000106
2026-08-14 15:04:23,SPX,7782.82,7774.68,7800.0,8386,3419,0.1257,0.000106
2026-08-14 15:04:23,SPX,7782.82,7774.68,7765.0,503,1602,0.1369,0.000106
2026-08-14 15:04:23,SPX,7782.82,7774.68,7805.0,1700,870,0.144,0.000106
2026-08-14 15:04:23,SPX,7782.82,7774.68,7760.0,1417,2732,0.1592,0.000106
2026-08-14 15:04:23,SPX,7782.82,7774.68,7810.0,7618,481,0.1656,0.000106
2026-08-14 15:04:23,SPX,7782.82,7774.68,7755.0,1896,1200,0.1733,0.000106
2026-08-14 15:04:23,SPX,7782.82,7774.68,7815.0,1660,357,0.1888,0.000106
2026-08-14 15:04:23,SPX,7782.82,7774.68,7750.0,4705,6216,0.2054,0.000106
2026-08-14 15:04:23,SPX,7782.82,7774.68,7820.0,3460,318,0.2108,0.000106
2026-08-14 15:04:23,SPX,7782.82,7774.68,7745.0,2251,3235,0.2344,0.000106
2026-08-14 15:04:23,SPX,7782.82,7774.68,7825.0,6906,615,0.2306,0.000106
2026-08-14 15:04:23,SPX,7782.82,7774.68,7740.0,932,2175,0.2534,0.000106
2026-08-14 15:04:23,SPX,7782.82,7774.68,7830.0,5096,111,0.2488,0.000106
2026-08-14 15:04:23,SPX,7782.82,7774.68,7735.0,509,1915,0.2703,0.000106
2026-08-14 15:04:23,SPX,7782.82,7774.68,7835.0,2638,120,0.2668,0.000106
2026-08-14 15:04:23,SPX,7782.82,7774.68,7730.0,828,1828,0.2861,0.000106
2026-08-14 15:04:23,SPX,7782.82,7774.68,7840.0,2950,81,0.2861,0.000106
2026-08-14 15:04:23,SPX,7782.82,7774.68,7725.0,2684,4520,0.3062,0.000106
2026-08-14 15:04:23,SPX,7782.82,7774.68,7845.0,2333,78,0.3067,0.000106
2026-08-14 15:04:23,SPX,7782.82,7774.68,7720.0,737,1613,0.3312,0.000106
2026-08-14 15:04:23,SPX,7782.82,7774.68,7850.0,5887,170,0.3272,0.000106
2026-08-14 15:04:23,SPX,7782.82,7774.68,7715.0,218,2181,0.3586,0.000106
2026-08-14 15:04:23,SPX,7782.82,7774.68,7855.0,2563,27,0.3465,0.000106
2026-08-14 15:04:23,SPX,7782.82,7774.68,7710.0,956,2388,0.3859,0.000106
2026-08-14 15:04:23,SPX,7782.82,7774.68,7860.0,3534,297,0.364,0.000106
2026-08-14 15:04:23,SPX,7782.82,7774.68,7705.0,136,1166,0.4114,0.000106
2026-08-14 15:04:23,SPX,7782.82,7774.68,7865.0,2922,38,0.3789,0.000106
2026-08-14 15:04:23,SPX,7782.82,7774.68,7700.0,2997,6738,0.435,0.000106
2026-08-14 15:04:23,SPX,7782.82,7774.68,7870.0,3224,30,0.3916,0.000106
2026-08-14 15:04:23,SPX,7782.82,7774.68,7695.0,188,2914,0.4573,0.000106
2026-08-14 15:04:23,SPX,7782.82,7774.68,7875.0,2912,25,0.4024,0.000106
2026-08-14 15:04:23,SPX,7782.82,7774.68,7690.0,427,1967,0.4786,0.000106
2026-08-14 15:04:23,SPX,7782.82,7774.68,7880.0,3682,16,0.4109,0.000106
2026-08-14 15:04:23,SPX,7782.82,7774.68,7685.0,152,4192,0.4976,0.000106
2026-08-14 15:04:23,SPX,7782.82,7774.68,7885.0,5915,20,0.4179,0.000106
2026-08-14 15:04:23,SPX,7782.82,7774.68,7680.0,623,1932,0.5141,0.000106
2026-08-14 15:04:23,SPX,7782.82,7774.68,7890.0,6357,27,0.4234,0.000106
2026-08-14 15:04:23,SPX,7782.82,7774.68,7675.0,1205,5287,0.5283,0.000106
2026-08-14 15:04:23,SPX,7782.82,7774.68,7895.0,1355,38,0.4278,0.000106
2026-08-14 15:04:23,SPX,7782.82,7774.68,7670.0,442,1640,0.5407,0.000106
2026-08-14 15:04:23,SPX,7782.82,7774.68,7900.0,12756,131,0.4312,0.000106
2026-08-14 15:04:23,SPX,7782.82,7774.68,7665.0,67,3492,0.5515,0.000106
2026-08-14 15:04:23,SPX,7782.82,7774.68,7905.0,985,2,0.4338,0.000106
2026-08-14 15:04:23,SPX,7782.82,7774.68,7660.0,389,1488,0.5609,0.000106
2026-08-14 15:04:23,SPX,7782.82,7774.68,7785.0,268,208,0.0578,0.008319
2026-08-14 15:04:23,SPX,7782.82,7774.68,7780.0,447,589,0.0583,0.008319
2026-08-14 15:04:23,SPX,7782.82,7774.68,7790.0,379,285,0.0576,0.008319
2026-08-14 15:04:23,SPX,7782.82,7774.68,7775.0,1545,2492,0.0588,0.008319
2026-08-14 15:04:23,SPX,7782.82,7774.68,7795.0,461,292,0.0572,0.008319
2026-08-14 15:04:23,SPX,7782.82,7774.68,7770.0,449,693,0.0596,0.008319
2026-08-14 15:04:23,SPX,7782.82,7774.68,7800.0,2126,973,0.0573,0.008319
2026-08-14 15:04:23,SPX,7782.82,7774.68,7765.0,299,396,0.0603,0.008319
2026-08-14 15:04:23,SPX,7782.82,7774.68,7805.0,374,132,0.0572,0.008319
2026-08-14 15:04:23,SPX,7782.82,7774.68,7760.0,403,1467,0.0618,0.008319
2026-08-14 15:04:23,SPX,7782.82,7774.68,7810.0,612,83,0.0572,0.008319
2026-08-14 15:04:23,SPX,7782.82,7774.68,7755.0,643,367,0.0626,0.008319
2026-08-14 15:04:23,SPX,7782.82,7774.68,7815.0,305,58,0.0574,0.008319
2026-08-14 15:04:23,SPX,7782.82,7774.68,7750.0,1076,2105,0.0642,0.008319
2026-08-14 15:04:23,SPX,7782.82,7774.68,7820.0,736,61,0.0576,0.008319
2026-08-14 15:04:23,SPX,7782.82,7774.68,7745.0,195,451,0.0657,0.008319
2026-08-14 15:04:23,SPX,7782.82,7774.68,7825.0,1951,64,0.0578,0.008319
2026-08-14 15:04:23,SPX,7782.82,7774.68,7740.0,251,430,0.0668,0.008319
2026-08-14 15:04:23,SPX,7782.82,7774.68,7830.0,963,39,0.0583,0.008319
2026-08-14 15:04:23,SPX,7782.82,7774.68,7735.0,167,426,0.0679,0.008319
2026-08-14 15:04:23,SPX,7782.82,7774.68,7835.0,492,52,0.059,0.008319
2026-08-14 15:04:23,SPX,7782.82,7774.68,7730.0,182,437,0.0698,0.008319
2026-08-14 15:04:23,SPX,7782.82,7774.68,7840.0,519,32,0.0597,0.008319
2026-08-14 15:04:23,SPX,7782.82,7774.68,7725.0,2652,1061,0.0719,0.008319
2026-08-14 15:04:23,SPX,7782.82,7774.68,7845.0,458,15,0.0603,0.008319
2026-08-14 15:04:23,SPX,7782.82,7774.68,7720.0,126,578,0.0729,0.008319
2026-08-14 15:04:23,SPX,7782.82,7774.68,7850.0,9016,37,0.0609,0.008319
2026-08-14 15:04:23,SPX,7782.82,7774.68,7715.0,94,254,0.0743,0.008319
2026-08-14 15:04:23,SPX,7782.82,7774.68,7855.0,936,3,0.0615,0.008319
2026-08-14 15:04:23,SPX,7782.82,7774.68,7710.0,215,341,0.0763,0.008319
2026-08-14 15:04:23,SPX,7782.82,7774.68,7860.0,592,29,0.0621,0.008319
2026-08-14 15:04:23,SPX,7782.82,7774.68,7705.0,44,331,0.0772,0.008319
2026-08-14 15:04:23,SPX,7782.82,7774.68,7865.0,546,4,0.0629,0.008319
2026-08-14 15:04:23,SPX,7782.82,7774.68,7700.0,961,4577,0.079,0.008319
2026-08-14 15:04:23,SPX,7782.82,7774.68,7870.0,655,93,0.0638,0.008319
2026-08-14 15:04:23,SPX,7782.82,7774.68,7695.0,32,234,0.0814,0.008319
2026-08-14 15:04:23,SPX,7782.82,7774.68,7875.0,5293,1,0.065,0.008319
2026-08-14 15:04:23,SPX,7782.82,7774.68,7690.0,101,418,0.0831,0.008319
2026-08-14 15:04:23,SPX,7782.82,7774.68,7880.0,1272,4,0.0662,0.008319
2026-08-14 15:04:23,SPX,7782.82,7774.68,7685.0,30,459,0.0843,0.008319
2026-08-14 15:04:23,SPX,7782.82,7774.68,7885.0,1049,4,0.0676,0.008319
2026-08-14 15:04:23,SPX,7782.82,7774.68,7680.0,53,364,0.0852,0.008319
2026-08-14 15:04:23,SPX,7782.82,7774.68,7890.0,1937,2,0.0691,0.008319
2026-08-14 15:04:23,SPX,7782.82,7774.68,7675.0,798,746,0.0873,0.008319
2026-08-14 15:04:23,SPX,7782.82,7774.68,7895.0,861,4,0.0707,0.008319
2026-08-14 15:04:23,SPX,7782.82,7774.68,7670.0,86,425,0.09,0.008319
2026-08-14 15:04:23,SPX,7782.82,7774.68,7900.0,8573,9,0.0723,0.008319
2026-08-14 15:04:23,SPX,7782.82,7774.68,7665.0,19,399,0.092,0.008319
2026-08-14 15:04:23,SPX,7782.82,7774.68,7905.0,2241,0,0.0741,0.008319
2026-08-14 15:04:23,SPX,7782.82,7774.68,7660.0,210,643,0.0937,0.008319
2026-08-14 15:04:23,SPX,7782.82,7774.68,7785.0,137,84,0.0681,0.011057
2026-08-14 15:04:23,SPX,7782.82,7774.68,7780.0,165,270,0.0686,0.011057
2026-08-14 15:04:23,SPX,7782.82,7774.68,7790.0,405,137,0.0678,0.011057
2026-08-14 15:04:23,SPX,7782.82,7774.68,7775.0,391,162,0.0691,0.011057
2026-08-14 15:04:23,SPX,7782.82,7774.68,7795.0,241,163,0.0674,0.011057
2026-08-14 15:04:23,SPX,7782.82,7774.68,7770.0,124,154,0.0698,0.011057
2026-08-14 15:04:23,SPX,7782.82,7774.68,7800.0,1325,913,0.0671,0.011057
2026-08-14 15:04:23,SPX,7782.82,7774.68,7765.0,77,99,0.0706,0.011057
2026-08-14 15:04:23,SPX,7782.82,7774.68,7805.0,182,47,0.0669,0.011057
2026-08-14 15:04:23,SPX,7782.82,7774.68,7760.0,259,296,0.0713,0.011057
2026-08-14 15:04:23,SPX,7782.82,7774.68,7810.0,422,139,0.0666,0.011057
2026-08-14 15:04:23,SPX,7782.82,7774.68,7755.0,214,99,0.0721,0.011057
2026-08-14 15:04:23,SPX,7782.82,7774.68,7815.0,502,72,0.0661,0.011057
2026-08-14 15:04:23,SPX,7782.82,7774.68,7750.0,490,885,0.0728,0.011057
2026-08-14 15:04:23,SPX,7782.82,7774.68,7820.0,294,121,0.0657,0.011057
2026-08-14 15:04:23,SPX,7782.82,7774.68,7745.0,147,104,0.0738,0.011057
2026-08-14 15:04:23,SPX,7782.82,7774.68,7825.0,348,124,0.0655,0.011057
2026-08-14 15:04:23,SPX,7782.82,7774.68,7740.0,237,235,0.0748,0.011057
2026-08-14 15:04:23,SPX,7782.82,7774.68,7830.0,367,68,0.0655,0.011057
2026-08-14 15:04:23,SPX,7782.82,7774.68,7735.0,104,235,0.0762,0.011057
2026-08-14 15:04:23,SPX,7782.82,7774.68,7835.0,187,44,0.0657,0.011057
2026-08-14 15:04:23,SPX,7782.82,7774.68,7730.0,582,425,0.0772,0.011057
2026-08-14 15:04:23,SPX,7782.82,7774.68,7840.0,393,22,0.0658,0.011057
2026-08-14 15:04:23,SPX,7782.82,7774.68,7725.0,293,986,0.0783,0.011057
2026-08-14 15:04:23,SPX,7782.82,7774.68,7845.0,208,15,0.0659,0.011057
2026-08-14 15:04:23,SPX,7782.82,7774.68,7720.0,60,220,0.0796,0.011057
2026-08-14 15:04:23,SPX,7782.82,7774.68,7850.0,698,38,0.066,0.011057
2026-08-14 15:04:23,SPX,7782.82,7774.68,7715.0,48,225,0.0807,0.011057
2026-08-14 15:04:23,SPX,7782.82,7774.68,7855.0,152,9,0.066,0.011057
2026-08-14 15:04:23,SPX,7782.82,7774.68,7710.0,75,344,0.0826,0.011057
2026-08-14 15:04:23,SPX,7782.82,7774.68,7860.0,392,12,0.066,0.011057
2026-08-14 15:04:23,SPX,7782.82,7774.68,7705.0,65,164,0.0842,0.011057
2026-08-14 15:04:23,SPX,7782.82,7774.68,7865.0,282,0,0.0661,0.011057
2026-08-14 15:04:23,SPX,7782.82,7774.68,7700.0,335,874,0.0852,0.011057
2026-08-14 15:04:23,SPX,7782.82,7774.68,7870.0,515,2,0.0662,0.011057
2026-08-14 15:04:23,SPX,7782.82,7774.68,7695.0,63,177,0.087,0.011057
2026-08-14 15:04:23,SPX,7782.82,7774.68,7875.0,515,3,0.0664,0.011057
2026-08-14 15:04:23,SPX,7782.82,7774.68,7690.0,87,235,0.0886,0.011057
2026-08-14 15:04:23,SPX,7782.82,7774.68,7880.0,1057,6,0.0667,0.011057
2026-08-14 15:04:23,SPX,7782.82,7774.68,7685.0,23,201,0.0896,0.011057
2026-08-14 15:04:23,SPX,7782.82,7774.68,7885.0,348,5,0.0672,0.011057
2026-08-14 15:04:23,SPX,7782.82,7774.68,7680.0,66,246,0.0905,0.011057
2026-08-14 15:04:23,SPX,7782.82,7774.68,7890.0,342,3,0.0678,0.011057
2026-08-14 15:04:23,SPX,7782.82,7774.68,7675.0,206,272,0.0918,0.011057
2026-08-14 15:04:23,SPX,7782.82,7774.68,7895.0,1854,0,0.0686,0.011057
2026-08-14 15:04:23,SPX,7782.82,7774.68,7670.0,47,135,0.0939,0.011057
2026-08-14 15:04:23,SPX,7782.82,7774.68,7900.0,2127,2,0.0695,0.011057
2026-08-14 15:04:23,SPX,7782.82,7774.68,7665.0,5,100,0.0955,0.011057
2026-08-14 15:04:23,SPX,7782.82,7774.68,7905.0,940,1,0.0705,0.011057
2026-08-14 15:04:23,SPX,7782.82,7774.68,7660.0,49,489,0.097,0.011057
2026-08-14 15:34:38,SPX,7783.29,7779.98,7785.0,1090,665,0.1028,4.8e-05
2026-08-14 15:34:38,SPX,7783.29,7779.98,7780.0,1739,1569,0.1063,4.8e-05
2026-08-14 15:34:38,SPX,7783.29,7779.98,7790.0,6355,1546,0.1097,4.8e-05
2026-08-14 15:34:38,SPX,7783.29,7779.98,7775.0,0,2875,0.1228,4.8e-05
2026-08-14 15:34:38,SPX,7783.29,7779.98,7795.0,0,1038,0.1241,4.8e-05
2026-08-14 15:34:38,SPX,7783.29,7779.98,7770.0,1055,1919,0.1519,4.8e-05
2026-08-14 15:34:38,SPX,7783.29,7779.98,7800.0,8386,3419,0.1407,4.8e-05
2026-08-14 15:34:38,SPX,7783.29,7779.98,7765.0,503,1602,0.1838,4.8e-05
2026-08-14 15:34:38,SPX,7783.29,7779.98,7805.0,1700,870,0.1774,4.8e-05
2026-08-14 15:34:38,SPX,7783.29,7779.98,7760.0,1417,2732,0.2132,4.8e-05
2026-08-14 15:34:38,SPX,7783.29,7779.98,7810.0,7618,481,0.216,4.8e-05
2026-08-14 15:34:38,SPX,7783.29,7779.98,7755.0,1896,1200,0.2467,4.8e-05
2026-08-14 15:34:38,SPX,7783.29,7779.98,7815.0,1660,357,0.1463,4.8e-05
2026-08-14 15:34:38,SPX,7783.29,7779.98,7750.0,4705,6216,0.2803,4.8e-05
2026-08-14 15:34:38,SPX,7783.29,7779.98,7820.0,3460,318,0.1761,4.8e-05
2026-08-14 15:34:38,SPX,7783.29,7779.98,7745.0,2251,3235,0.3092,4.8e-05
2026-08-14 15:34:38,SPX,7783.29,7779.98,7825.0,6906,615,0.2193,4.8e-05
2026-08-14 15:34:38,SPX,7783.29,7779.98,7740.0,932,2175,0.3393,4.8e-05
2026-08-14 15:34:38,SPX,7783.29,7779.98,7830.0,5096,111,0.2616,4.8e-05
2026-08-14 15:34:38,SPX,7783.29,7779.98,7735.0,509,1915,0.3693,4.8e-05
2026-08-14 15:34:38,SPX,7783.29,7779.98,7835.0,2638,120,0.3001,4.8e-05
2026-08-14 15:34:38,SPX,7783.29,7779.98,7730.0,828,1828,0.3972,4.8e-05
2026-08-14 15:34:38,SPX,7783.29,7779.98,7840.0,2950,81,0.3322,4.8e-05
2026-08-14 15:34:38,SPX,7783.29,7779.98,7725.0,2684,4520,0.4221,4.8e-05
2026-08-14 15:34:38,SPX,7783.29,7779.98,7845.0,2333,78,0.3576,4.8e-05
2026-08-14 15:34:38,SPX,7783.29,7779.98,7720.0,737,1613,0.4434,4.8e-05
2026-08-14 15:34:38,SPX,7783.29,7779.98,7850.0,5887,170,0.3772,4.8e-05
2026-08-14 15:34:38,SPX,7783.29,7779.98,7715.0,218,2181,0.4612,4.8e-05
2026-08-14 15:34:38,SPX,7783.29,7779.98,7855.0,2563,27,0.3924,4.8e-05
2026-08-14 15:34:38,SPX,7783.29,7779.98,7710.0,956,2388,0.4758,4.8e-05
2026-08-14 15:34:38,SPX,7783.29,7779.98,7860.0,3534,297,0.4042,4.8e-05
2026-08-14 15:34:38,SPX,7783.29,7779.98,7705.0,136,1166,0.4879,4.8e-05
2026-08-14 15:34:38,SPX,7783.29,7779.98,7865.0,2922,38,0.4129,4.8e-05
2026-08-14 15:34:38,SPX,7783.29,7779.98,7700.0,2997,6738,0.4982,4.8e-05
2026-08-14 15:34:38,SPX,7783.29,7779.98,7870.0,3224,30,0.4198,4.8e-05
2026-08-14 15:34:38,SPX,7783.29,7779.98,7695.0,188,2914,0.5075,4.8e-05
2026-08-14 15:34:38,SPX,7783.29,7779.98,7875.0,2912,25,0.4252,4.8e-05
2026-08-14 15:34:38,SPX,7783.29,7779.98,7690.0,427,1967,0.5161,4.8e-05
2026-08-14 15:34:38,SPX,7783.29,7779.98,7880.0,3682,16,0.429,4.8e-05
2026-08-14 15:34:38,SPX,7783.29,7779.98,7685.0,152,4192,0.524,4.8e-05
2026-08-14 15:34:38,SPX,7783.29,7779.98,7885.0,5915,20,0.432,4.8e-05
2026-08-14 15:34:38,SPX,7783.29,7779.98,7680.0,623,1932,0.5311,4.8e-05
2026-08-14 15:34:38,SPX,7783.29,7779.98,7890.0,6357,27,0.4342,4.8e-05
2026-08-14 15:34:38,SPX,7783.29,7779.98,7675.0,1205,5287,0.5375,4.8e-05
2026-08-14 15:34:38,SPX,7783.29,7779.98,7895.0,1355,38,0.4358,4.8e-05
2026-08-14 15:34:38,SPX,7783.29,7779.98,7670.0,442,1640,0.5432,4.8e-05
2026-08-14 15:34:38,SPX,7783.29,7779.98,7900.0,12756,131,0.437,4.8e-05
2026-08-14 15:34:38,SPX,7783.29,7779.98,7665.0,67,3492,0.5483,4.8e-05
2026-08-14 15:34:38,SPX,7783.29,7779.98,7905.0,985,2,0.4378,4.8e-05
2026-08-14 15:34:38,SPX,7783.29,7779.98,7660.0,389,1488,0.5527,4.8e-05
2026-08-14 15:34:38,SPX,7783.29,7779.98,7785.0,268,208,0.0561,0.008262
2026-08-14 15:34:38,SPX,7783.29,7779.98,7780.0,447,589,0.0566,0.008262
2026-08-14 15:34:38,SPX,7783.29,7779.98,7790.0,379,285,0.0558,0.008262
2026-08-14 15:34:38,SPX,7783.29,7779.98,7775.0,1545,2492,0.0572,0.008262
2026-08-14 15:34:38,SPX,7783.29,7779.98,7795.0,461,292,0.0557,0.008262
2026-08-14 15:34:38,SPX,7783.29,7779.98,7770.0,449,693,0.0578,0.008262
2026-08-14 15:34:38,SPX,7783.29,7779.98,7800.0,2126,973,0.0554,0.008262
2026-08-14 15:34:38,SPX,7783.29,7779.98,7765.0,299,396,0.0585,0.008262
2026-08-14 15:34:38,SPX,7783.29,7779.98,7805.0,374,132,0.0556,0.008262
2026-08-14 15:34:38,SPX,7783.29,7779.98,7760.0,403,1467,0.06,0.008262
2026-08-14 15:34:38,SPX,7783.29,7779.98,7810.0,612,83,0.0556,0.008262
2026-08-14 15:34:38,SPX,7783.29,7779.98,7755.0,643,367,0.0608,0.008262
2026-08-14 15:34:38,SPX,7783.29,7779.98,7815.0,305,58,0.0557,0.008262
2026-08-14 15:34:38,SPX,7783.29,7779.98,7750.0,1076,2105,0.0623,0.008262
2026-08-14 15:34:38,SPX,7783.29,7779.98,7820.0,736,61,0.0559,0.008262
2026-08-14 15:34:38,SPX,7783.29,7779.98,7745.0,195,451,0.0636,0.008262
2026-08-14 15:34:38,SPX,7783.29,7779.98,7825.0,1951,64,0.0563,0.008262
2026-08-14 15:34:38,SPX,7783.29,7779.98,7740.0,251,430,0.0649,0.008262
2026-08-14 15:34:38,SPX,7783.29,7779.98,7830.0,963,39,0.057,0.008262
2026-08-14 15:34:38,SPX,7783.29,7779.98,7735.0,167,426,0.066,0.008262
2026-08-14 15:34:38,SPX,7783.29,7779.98,7835.0,492,52,0.0578,0.008262
2026-08-14 15:34:38,SPX,7783.29,7779.98,7730.0,182,437,0.0683,0.008262
2026-08-14 15:34:38,SPX,7783.29,7779.98,7840.0,519,32,0.0585,0.008262
2026-08-14 15:34:38,SPX,7783.29,7779.98,7725.0,2652,1061,0.0693,0.008262
2026-08-14 15:34:38,SPX,7783.29,7779.98,7845.0,458,15,0.059,0.008262
2026-08-14 15:34:38,SPX,7783.29,7779.98,7720.0,126,578,0.0706,0.008262
2026-08-14 15:34:38,SPX,7783.29,7779.98,7850.0,9016,37,0.0595,0.008262
2026-08-14 15:34:38,SPX,7783.29,7779.98,7715.0,94,254,0.0721,0.008262
2026-08-14 15:34:38,SPX,7783.29,7779.98,7855.0,936,3,0.0601,0.008262
2026-08-14 15:34:38,SPX,7783.29,7779.98,7710.0,215,341,0.0731,0.008262
2026-08-14 15:34:38,SPX,7783.29,7779.98,7860.0,592,29,0.0609,0.008262
2026-08-14 15:34:38,SPX,7783.29,7779.98,7705.0,44,331,0.0756,0.008262
2026-08-14 15:34:38,SPX,7783.29,7779.98,7865.0,546,4,0.0618,0.008262
2026-08-14 15:34:38,SPX,7783.29,7779.98,7700.0,961,4577,0.0773,0.008262
2026-08-14 15:34:38,SPX,7783.29,7779.98,7870.0,655,93,0.063,0.008262
2026-08-14 15:34:38,SPX,7783.29,7779.98,7695.0,32,234,0.0786,0.008262
2026-08-14 15:34:38,SPX,7783.29,7779.98,7875.0,5293,1,0.0644,0.008262
2026-08-14 15:34:38,SPX,7783.29,7779.98,7690.0,101,418,0.0793,0.008262
2026-08-14 15:34:38,SPX,7783.29,7779.98,7880.0,1272,4,0.0659,0.008262
2026-08-14 15:34:38,SPX,7783.29,7779.98,7685.0,30,459,0.0809,0.008262
2026-08-14 15:34:38,SPX,7783.29,7779.98,7885.0,1049,4,0.0676,0.008262
2026-08-14 15:34:38,SPX,7783.29,7779.98,7680.0,53,364,0.0829,0.008262
2026-08-14 15:34:38,SPX,7783.29,7779.98,7890.0,1937,2,0.0693,0.008262
2026-08-14 15:34:38,SPX,7783.29,7779.98,7675.0,798,746,0.0848,0.008262
2026-08-14 15:34:38,SPX,7783.29,7779.98,7895.0,861,4,0.0711,0.008262
2026-08-14 15:34:38,SPX,7783.29,7779.98,7670.0,86,425,0.0868,0.008262
2026-08-14 15:34:38,SPX,7783.29,7779.98,7900.0,8573,9,0.0729,0.008262
2026-08-14 15:34:38,SPX,7783.29,7779.98,7665.0,19,399,0.089,0.008262
2026-08-14 15:34:38,SPX,7783.29,7779.98,7905.0,2241,0,0.0748,0.008262
2026-08-14 15:34:38,SPX,7783.29,7779.98,7660.0,210,643,0.0909,0.008262
2026-08-14 15:34:38,SPX,7783.29,7779.98,7785.0,137,84,0.0667,0.011
2026-08-14 15:34:38,SPX,7783.29,7779.98,7780.0,165,270,0.0671,0.011
2026-08-14 15:34:38,SPX,7783.29,7779.98,7790.0,405,137,0.0663,0.011
2026-08-14 15:34:38,SPX,7783.29,7779.98,7775.0,391,162,0.0676,0.011
2026-08-14 15:34:38,SPX,7783.29,7779.98,7795.0,241,163,0.066,0.011
2026-08-14 15:34:38,SPX,7783.29,7779.98,7770.0,124,154,0.0684,0.011
2026-08-14 15:34:38,SPX,7783.29,7779.98,7800.0,1325,913,0.0658,0.011
2026-08-14 15:34:38,SPX,7783.29,7779.98,7765.0,77,99,0.0691,0.011
2026-08-14 15:34:38,SPX,7783.29,7779.98,7805.0,182,47,0.0654,0.011
2026-08-14 15:34:38,SPX,7783.29,7779.98,7760.0,259,296,0.0698,0.011
2026-08-14 15:34:38,SPX,7783.29,7779.98,7810.0,422,139,0.0651,0.011
2026-08-14 15:34:38,SPX,7783.29,7779.98,7755.0,214,99,0.0705,0.011
2026-08-14 15:34:38,SPX,7783.29,7779.98,7815.0,502,72,0.0646,0.011
2026-08-14 15:34:38,SPX,7783.29,7779.98,7750.0,490,885,0.0712,0.011
2026-08-14 15:34:38,SPX,7783.29,7779.98,7820.0,294,121,0.0643,0.011
2026-08-14 15:34:38,SPX,7783.29,7779.98,7745.0,147,104,0.0721,0.011
2026-08-14 15:34:38,SPX,7783.29,7779.98,7825.0,348,124,0.0641,0.011
2026-08-14 15:34:38,SPX,7783.29,7779.98,7740.0,237,235,0.0737,0.011
2026-08-14 15:34:38,SPX,7783.29,7779.98,7830.0,367,68,0.0642,0.011
2026-08-14 15:34:38,SPX,7783.29,7779.98,7735.0,104,235,0.0748,0.011
2026-08-14 15:34:38,SPX,7783.29,7779.98,7835.0,187,44,0.0644,0.011
2026-08-14 15:34:38,SPX,7783.29,7779.98,7730.0,582,425,0.0755,0.011
2026-08-14 15:34:38,SPX,7783.29,7779.98,7840.0,393,22,0.0646,0.011
2026-08-14 15:34:38,SPX,7783.29,7779.98,7725.0,293,986,0.0766,0.011
2026-08-14 15:34:38,SPX,7783.29,7779.98,7845.0,208,15,0.0648,0.011
2026-08-14 15:34:38,SPX,7783.29,7779.98,7720.0,60,220,0.0778,0.011
2026-08-14 15:34:38,SPX,7783.29,7779.98,7850.0,698,38,0.0649,0.011
2026-08-14 15:34:38,SPX,7783.29,7779.98,7715.0,48,225,0.0786,0.011
2026-08-14 15:34:38,SPX,7783.29,7779.98,7855.0,152,9,0.065,0.011
2026-08-14 15:34:38,SPX,7783.29,7779.98,7710.0,75,344,0.0801,0.011
2026-08-14 15:34:38,SPX,7783.29,7779.98,7860.0,392,12,0.0651,0.011
2026-08-14 15:34:38,SPX,7783.29,7779.98,7705.0,65,164,0.0819,0.011
2026-08-14 15:34:38,SPX,7783.29,7779.98,7865.0,282,0,0.0652,0.011
2026-08-14 15:34:38,SPX,7783.29,7779.98,7700.0,335,874,0.0836,0.011
2026-08-14 15:34:38,SPX,7783.29,7779.98,7870.0,515,2,0.0655,0.011
2026-08-14 15:34:38,SPX,7783.29,7779.98,7695.0,63,177,0.0842,0.011
2026-08-14 15:34:38,SPX,7783.29,7779.98,7875.0,515,3,0.0658,0.011
2026-08-14 15:34:38,SPX,7783.29,7779.98,7690.0,87,235,0.0859,0.011
2026-08-14 15:34:38,SPX,7783.29,7779.98,7880.0,1057,6,0.0663,0.011
2026-08-14 15:34:38,SPX,7783.29,7779.98,7685.0,23,201,0.0874,0.011
2026-08-14 15:34:38,SPX,7783.29,7779.98,7885.0,348,5,0.0669,0.011
2026-08-14 15:34:38,SPX,7783.29,7779.98,7680.0,66,246,0.0882,0.011
2026-08-14 15:34:38,SPX,7783.29,7779.98,7890.0,342,3,0.0677,0.011
2026-08-14 15:34:38,SPX,7783.29,7779.98,7675.0,206,272,0.0896,0.011
2026-08-14 15:34:38,SPX,7783.29,7779.98,7895.0,1854,0,0.0686,0.011
2026-08-14 15:34:38,SPX,7783.29,7779.98,7670.0,47,135,0.0915,0.011
2026-08-14 15:34:38,SPX,7783.29,7779.98,7900.0,2127,2,0.0696,0.011
2026-08-14 15:34:38,SPX,7783.29,7779.98,7665.0,5,100,0.0933,0.011
2026-08-14 15:34:38,SPX,7783.29,7779.98,7905.0,940,1,0.0707,0.011
2026-08-14 15:34:38,SPX,7783.29,7779.98,7660.0,49,489,0.0946,0.011
