timestamp,symbol,spot,gflip,strike,oi_call,oi_put,iv,T
2026-09-09 09:28:41,SPX,7673.52,7696.74,7675.0,1180,4660,0.1527,0.000744
2026-09-09 09:28:41,SPX,7673.52,7696.74,7670.0,891,1415,0.1534,0.000744
2026-09-09 09:28:41,SPX,7673.52,7696.74,7680.0,1105,2012,0.1521,0.000744
2026-09-09 09:28:41,SPX,7673.52,7696.74,7665.0,276,1645,0.1544,0.000744
2026-09-09 09:28:41,SPX,7673.52,7696.74,7685.0,1147,1553,0.1538,0.000744
2026-09-09 09:28:41,SPX,7673.52,7696.74,7660.0,207,1866,0.15,0.000744
2026-09-09 09:28:41,SPX,7673.52,7696.74,7690.0,1384,1025,0.1557,0.000744
2026-09-09 09:28:41,SPX,7673.52,7696.74,7655.0,188,1969,0.15,0.000744
2026-09-09 09:28:41,SPX,7673.52,7696.74,7695.0,2247,4114,0.1584,0.000744
2026-09-09 09:28:41,SPX,7673.52,7696.74,7650.0,1323,3219,0.15,0.000744
2026-09-09 09:28:41,SPX,7673.52,7696.74,7700.0,3035,2998,0.1618,0.000744
2026-09-09 09:28:41,SPX,7673.52,7696.74,7645.0,222,1156,0.15,0.000744
2026-09-09 09:28:41,SPX,7673.52,7696.74,7705.0,1268,645,0.15,0.000744
2026-09-09 09:28:41,SPX,7673.52,7696.74,7640.0,1324,1688,0.15,0.000744
2026-09-09 09:28:41,SPX,7673.52,7696.74,7710.0,1937,500,0.15,0.000744
2026-09-09 09:28:41,SPX,7673.52,7696.74,7635.0,1364,2167,0.1677,0.000744
2026-09-09 09:28:41,SPX,7673.52,7696.74,7715.0,1610,320,0.15,0.000744
2026-09-09 09:28:41,SPX,7673.52,7696.74,7630.0,237,5142,0.15,0.000744
2026-09-09 09:28:41,SPX,7673.52,7696.74,7720.0,2750,0,0.15,0.000744
2026-09-09 09:28:41,SPX,7673.52,7696.74,7625.0,1563,4124,0.1728,0.000744
2026-09-09 09:28:41,SPX,7673.52,7696.74,7620.0,267,3866,0.1757,0.000744
2026-09-09 09:28:41,SPX,7673.52,7696.74,7730.0,5603,0,0.1796,0.000744
2026-09-09 09:28:41,SPX,7673.52,7696.74,7615.0,32,1310,0.1794,0.000744
2026-09-09 09:28:41,SPX,7673.52,7696.74,7735.0,3224,160,0.1844,0.000744
2026-09-09 09:28:41,SPX,7673.52,7696.74,7610.0,56,1508,0.1826,0.000744
2026-09-09 09:28:41,SPX,7673.52,7696.74,7740.0,2657,202,0.1898,0.000744
2026-09-09 09:28:41,SPX,7673.52,7696.74,7605.0,91,1074,0.1857,0.000744
2026-09-09 09:28:41,SPX,7673.52,7696.74,7745.0,1890,211,0.1957,0.000744
2026-09-09 09:28:41,SPX,7673.52,7696.74,7600.0,1072,5151,0.1913,0.000744
2026-09-09 09:28:41,SPX,7673.52,7696.74,7750.0,4359,1088,0.202,0.000744
2026-09-09 09:28:41,SPX,7673.52,7696.74,7595.0,32,2707,0.1967,0.000744
2026-09-09 09:28:41,SPX,7673.52,7696.74,7755.0,2061,260,0.2084,0.000744
2026-09-09 09:28:41,SPX,7673.52,7696.74,7590.0,58,2144,0.2,0.000744
2026-09-09 09:28:41,SPX,7673.52,7696.74,7760.0,2676,104,0.2149,0.000744
2026-09-09 09:28:41,SPX,7673.52,7696.74,7585.0,12,1523,0.2022,0.000744
2026-09-09 09:28:41,SPX,7673.52,7696.74,7765.0,4237,135,0.2212,0.000744
2026-09-09 09:28:41,SPX,7673.52,7696.74,7580.0,21,2646,0.2067,0.000744
2026-09-09 09:28:41,SPX,7673.52,7696.74,7770.0,2564,111,0.2274,0.000744
2026-09-09 09:28:41,SPX,7673.52,7696.74,7575.0,200,4115,0.2119,0.000744
2026-09-09 09:28:41,SPX,7673.52,7696.74,7775.0,3298,128,0.2334,0.000744
2026-09-09 09:28:41,SPX,7673.52,7696.74,7570.0,16,1917,0.218,0.000744
2026-09-09 09:28:41,SPX,7673.52,7696.74,7780.0,3895,157,0.2392,0.000744
2026-09-09 09:28:41,SPX,7673.52,7696.74,7565.0,13,1446,0.2246,0.000744
2026-09-09 09:28:41,SPX,7673.52,7696.74,7785.0,1103,159,0.2446,0.000744
2026-09-09 09:28:41,SPX,7673.52,7696.74,7560.0,13,1316,0.2309,0.000744
2026-09-09 09:28:41,SPX,7673.52,7696.74,7790.0,808,48,0.2497,0.000744
2026-09-09 09:28:41,SPX,7673.52,7696.74,7555.0,2,1616,0.237,0.000744
2026-09-09 09:28:41,SPX,7673.52,7696.74,7795.0,2828,27,0.2543,0.000744
2026-09-09 09:28:41,SPX,7673.52,7696.74,7550.0,34,4749,0.2427,0.000744
2026-09-09 09:28:41,SPX,7673.52,7696.74,7675.0,561,1528,0.1264,0.003482
2026-09-09 09:28:41,SPX,7673.52,7696.74,7670.0,177,440,0.1276,0.003482
2026-09-09 09:28:41,SPX,7673.52,7696.74,7680.0,326,1042,0.1252,0.003482
2026-09-09 09:28:41,SPX,7673.52,7696.74,7665.0,83,551,0.129,0.003482
2026-09-09 09:28:41,SPX,7673.52,7696.74,7685.0,400,888,0.1241,0.003482
2026-09-09 09:28:41,SPX,7673.52,7696.74,7660.0,139,652,0.1305,0.003482
2026-09-09 09:28:41,SPX,7673.52,7696.74,7690.0,287,462,0.1227,0.003482
2026-09-09 09:28:41,SPX,7673.52,7696.74,7655.0,93,244,0.1318,0.003482
2026-09-09 09:28:41,SPX,7673.52,7696.74,7695.0,201,331,0.1214,0.003482
2026-09-09 09:28:41,SPX,7673.52,7696.74,7650.0,189,941,0.1333,0.003482
2026-09-09 09:28:41,SPX,7673.52,7696.74,7700.0,1900,2224,0.1206,0.003482
2026-09-09 09:28:41,SPX,7673.52,7696.74,7645.0,62,221,0.1348,0.003482
2026-09-09 09:28:41,SPX,7673.52,7696.74,7705.0,345,568,0.1202,0.003482
2026-09-09 09:28:41,SPX,7673.52,7696.74,7640.0,69,314,0.1359,0.003482
2026-09-09 09:28:41,SPX,7673.52,7696.74,7710.0,414,905,0.1201,0.003482
2026-09-09 09:28:41,SPX,7673.52,7696.74,7635.0,137,297,0.1375,0.003482
2026-09-09 09:28:41,SPX,7673.52,7696.74,7715.0,404,703,0.1203,0.003482
2026-09-09 09:28:41,SPX,7673.52,7696.74,7630.0,77,553,0.1395,0.003482
2026-09-09 09:28:41,SPX,7673.52,7696.74,7720.0,461,395,0.1205,0.003482
2026-09-09 09:28:41,SPX,7673.52,7696.74,7625.0,147,475,0.1406,0.003482
2026-09-09 09:28:41,SPX,7673.52,7696.74,7725.0,2314,748,0.1207,0.003482
2026-09-09 09:28:41,SPX,7673.52,7696.74,7620.0,36,715,0.142,0.003482
2026-09-09 09:28:41,SPX,7673.52,7696.74,7730.0,1357,157,0.121,0.003482
2026-09-09 09:28:41,SPX,7673.52,7696.74,7615.0,17,385,0.1446,0.003482
2026-09-09 09:28:41,SPX,7673.52,7696.74,7735.0,424,163,0.1214,0.003482
2026-09-09 09:28:41,SPX,7673.52,7696.74,7610.0,104,997,0.1468,0.003482
2026-09-09 09:28:41,SPX,7673.52,7696.74,7740.0,1160,680,0.1218,0.003482
2026-09-09 09:28:41,SPX,7673.52,7696.74,7605.0,62,243,0.1483,0.003482
2026-09-09 09:28:41,SPX,7673.52,7696.74,7745.0,335,121,0.1225,0.003482
2026-09-09 09:28:41,SPX,7673.52,7696.74,7600.0,315,3846,0.1491,0.003482
2026-09-09 09:28:41,SPX,7673.52,7696.74,7750.0,3101,698,0.1233,0.003482
2026-09-09 09:28:41,SPX,7673.52,7696.74,7595.0,34,1432,0.1503,0.003482
2026-09-09 09:28:41,SPX,7673.52,7696.74,7755.0,1586,62,0.1243,0.003482
2026-09-09 09:28:41,SPX,7673.52,7696.74,7590.0,81,1145,0.1531,0.003482
2026-09-09 09:28:41,SPX,7673.52,7696.74,7760.0,830,120,0.1256,0.003482
2026-09-09 09:28:41,SPX,7673.52,7696.74,7585.0,93,261,0.1551,0.003482
2026-09-09 09:28:41,SPX,7673.52,7696.74,7765.0,1444,91,0.127,0.003482
2026-09-09 09:28:41,SPX,7673.52,7696.74,7580.0,5,369,0.1554,0.003482
2026-09-09 09:28:41,SPX,7673.52,7696.74,7770.0,737,69,0.1287,0.003482
2026-09-09 09:28:41,SPX,7673.52,7696.74,7575.0,46,869,0.1577,0.003482
2026-09-09 09:28:41,SPX,7673.52,7696.74,7775.0,1870,102,0.1306,0.003482
2026-09-09 09:28:41,SPX,7673.52,7696.74,7570.0,2,484,0.16,0.003482
2026-09-09 09:28:41,SPX,7673.52,7696.74,7780.0,1008,34,0.1326,0.003482
2026-09-09 09:28:41,SPX,7673.52,7696.74,7565.0,31,272,0.1618,0.003482
2026-09-09 09:28:41,SPX,7673.52,7696.74,7785.0,723,167,0.1348,0.003482
2026-09-09 09:28:41,SPX,7673.52,7696.74,7560.0,37,494,0.1641,0.003482
2026-09-09 09:28:41,SPX,7673.52,7696.74,7790.0,612,19,0.1372,0.003482
2026-09-09 09:28:41,SPX,7673.52,7696.74,7555.0,22,206,0.1663,0.003482
2026-09-09 09:28:41,SPX,7673.52,7696.74,7795.0,440,6,0.1397,0.003482
2026-09-09 09:28:41,SPX,7673.52,7696.74,7550.0,18,833,0.1687,0.003482
2026-09-09 09:28:41,SPX,7673.52,7696.74,7675.0,933,1318,0.145,0.00622
2026-09-09 09:28:41,SPX,7673.52,7696.74,7670.0,218,645,0.1461,0.00622
2026-09-09 09:28:41,SPX,7673.52,7696.74,7680.0,820,1195,0.1437,0.00622
2026-09-09 09:28:41,SPX,7673.52,7696.74,7665.0,186,1007,0.147,0.00622
2026-09-09 09:28:41,SPX,7673.52,7696.74,7685.0,629,751,0.1424,0.00622
2026-09-09 09:28:41,SPX,7673.52,7696.74,7660.0,375,1277,0.1479,0.00622
2026-09-09 09:28:41,SPX,7673.52,7696.74,7690.0,568,1131,0.1411,0.00622
2026-09-09 09:28:41,SPX,7673.52,7696.74,7655.0,88,1009,0.1488,0.00622
2026-09-09 09:28:41,SPX,7673.52,7696.74,7695.0,377,591,0.14,0.00622
2026-09-09 09:28:41,SPX,7673.52,7696.74,7650.0,650,4938,0.1498,0.00622
2026-09-09 09:28:41,SPX,7673.52,7696.74,7700.0,2737,4425,0.139,0.00622
2026-09-09 09:28:41,SPX,7673.52,7696.74,7645.0,122,2322,0.151,0.00622
2026-09-09 09:28:41,SPX,7673.52,7696.74,7705.0,488,1084,0.1383,0.00622
2026-09-09 09:28:41,SPX,7673.52,7696.74,7640.0,208,1008,0.1522,0.00622
2026-09-09 09:28:41,SPX,7673.52,7696.74,7710.0,691,1323,0.1376,0.00622
2026-09-09 09:28:41,SPX,7673.52,7696.74,7635.0,139,1109,0.1534,0.00622
2026-09-09 09:28:41,SPX,7673.52,7696.74,7715.0,725,1874,0.1371,0.00622
2026-09-09 09:28:41,SPX,7673.52,7696.74,7630.0,162,1133,0.1549,0.00622
2026-09-09 09:28:41,SPX,7673.52,7696.74,7720.0,2139,699,0.1365,0.00622
2026-09-09 09:28:41,SPX,7673.52,7696.74,7625.0,224,1989,0.1558,0.00622
2026-09-09 09:28:41,SPX,7673.52,7696.74,7725.0,1983,2182,0.136,0.00622
2026-09-09 09:28:41,SPX,7673.52,7696.74,7620.0,222,809,0.1571,0.00622
2026-09-09 09:28:41,SPX,7673.52,7696.74,7730.0,1167,958,0.1354,0.00622
2026-09-09 09:28:41,SPX,7673.52,7696.74,7615.0,68,508,0.1587,0.00622
2026-09-09 09:28:41,SPX,7673.52,7696.74,7735.0,753,431,0.1348,0.00622
2026-09-09 09:28:41,SPX,7673.52,7696.74,7610.0,111,1232,0.1605,0.00622
2026-09-09 09:28:41,SPX,7673.52,7696.74,7740.0,2203,1506,0.1342,0.00622
2026-09-09 09:28:41,SPX,7673.52,7696.74,7605.0,60,655,0.1622,0.00622
2026-09-09 09:28:41,SPX,7673.52,7696.74,7745.0,567,232,0.1336,0.00622
2026-09-09 09:28:41,SPX,7673.52,7696.74,7600.0,455,3191,0.1636,0.00622
2026-09-09 09:28:41,SPX,7673.52,7696.74,7750.0,4523,2389,0.1331,0.00622
2026-09-09 09:28:41,SPX,7673.52,7696.74,7595.0,60,588,0.1646,0.00622
2026-09-09 09:28:41,SPX,7673.52,7696.74,7755.0,1268,600,0.1327,0.00622
2026-09-09 09:28:41,SPX,7673.52,7696.74,7590.0,68,1332,0.1656,0.00622
2026-09-09 09:28:41,SPX,7673.52,7696.74,7760.0,812,216,0.1324,0.00622
2026-09-09 09:28:41,SPX,7673.52,7696.74,7585.0,59,485,0.167,0.00622
2026-09-09 09:28:41,SPX,7673.52,7696.74,7765.0,1872,107,0.1322,0.00622
2026-09-09 09:28:41,SPX,7673.52,7696.74,7580.0,57,2400,0.1687,0.00622
2026-09-09 09:28:41,SPX,7673.52,7696.74,7770.0,815,240,0.132,0.00622
2026-09-09 09:28:41,SPX,7673.52,7696.74,7575.0,333,1914,0.1705,0.00622
2026-09-09 09:28:41,SPX,7673.52,7696.74,7775.0,2012,925,0.132,0.00622
2026-09-09 09:28:41,SPX,7673.52,7696.74,7570.0,73,1481,0.1722,0.00622
2026-09-09 09:28:41,SPX,7673.52,7696.74,7780.0,1038,521,0.1321,0.00622
2026-09-09 09:28:41,SPX,7673.52,7696.74,7565.0,23,1033,0.1734,0.00622
2026-09-09 09:28:41,SPX,7673.52,7696.74,7785.0,2088,79,0.1324,0.00622
2026-09-09 09:28:41,SPX,7673.52,7696.74,7560.0,169,1528,0.1745,0.00622
2026-09-09 09:28:41,SPX,7673.52,7696.74,7790.0,972,394,0.1329,0.00622
2026-09-09 09:28:41,SPX,7673.52,7696.74,7555.0,27,986,0.1757,0.00622
2026-09-09 09:28:41,SPX,7673.52,7696.74,7795.0,736,26,0.1335,0.00622
2026-09-09 09:28:41,SPX,7673.52,7696.74,7550.0,139,4605,0.1772,0.00622
2026-09-09 09:32:02,SPX,7651.98,7700.78,7650.0,1323,3219,0.1612,0.000738
2026-09-09 09:32:02,SPX,7651.98,7700.78,7655.0,188,1969,0.1586,0.000738
2026-09-09 09:32:02,SPX,7651.98,7700.78,7645.0,222,1156,0.1643,0.000738
2026-09-09 09:32:02,SPX,7651.98,7700.78,7660.0,207,1866,0.1568,0.000738
2026-09-09 09:32:02,SPX,7651.98,7700.78,7640.0,1324,1688,0.1665,0.000738
2026-09-09 09:32:02,SPX,7651.98,7700.78,7665.0,276,1645,0.1549,0.000738
2026-09-09 09:32:02,SPX,7651.98,7700.78,7635.0,1364,2167,0.1693,0.000738
2026-09-09 09:32:02,SPX,7651.98,7700.78,7670.0,891,1415,0.1542,0.000738
2026-09-09 09:32:02,SPX,7651.98,7700.78,7630.0,237,5142,0.1724,0.000738
2026-09-09 09:32:02,SPX,7651.98,7700.78,7675.0,1180,4660,0.1529,0.000738
2026-09-09 09:32:02,SPX,7651.98,7700.78,7625.0,1563,4124,0.1737,0.000738
2026-09-09 09:32:02,SPX,7651.98,7700.78,7680.0,1105,2012,0.1526,0.000738
2026-09-09 09:32:02,SPX,7651.98,7700.78,7620.0,267,3866,0.1769,0.000738
2026-09-09 09:32:02,SPX,7651.98,7700.78,7685.0,1147,1553,0.1532,0.000738
2026-09-09 09:32:02,SPX,7651.98,7700.78,7615.0,32,1310,0.1813,0.000738
2026-09-09 09:32:02,SPX,7651.98,7700.78,7690.0,1384,1025,0.1541,0.000738
2026-09-09 09:32:02,SPX,7651.98,7700.78,7610.0,56,1508,0.1847,0.000738
2026-09-09 09:32:02,SPX,7651.98,7700.78,7695.0,2247,4114,0.1565,0.000738
2026-09-09 09:32:02,SPX,7651.98,7700.78,7605.0,91,1074,0.189,0.000738
2026-09-09 09:32:02,SPX,7651.98,7700.78,7700.0,3035,2998,0.1594,0.000738
2026-09-09 09:32:02,SPX,7651.98,7700.78,7600.0,1072,5151,0.1946,0.000738
2026-09-09 09:32:02,SPX,7651.98,7700.78,7705.0,1268,645,0.163,0.000738
2026-09-09 09:32:02,SPX,7651.98,7700.78,7595.0,32,2707,0.1988,0.000738
2026-09-09 09:32:02,SPX,7651.98,7700.78,7710.0,1937,500,0.1669,0.000738
2026-09-09 09:32:02,SPX,7651.98,7700.78,7590.0,58,2144,0.2016,0.000738
2026-09-09 09:32:02,SPX,7651.98,7700.78,7715.0,1610,320,0.1704,0.000738
2026-09-09 09:32:02,SPX,7651.98,7700.78,7585.0,12,1523,0.2049,0.000738
2026-09-09 09:32:02,SPX,7651.98,7700.78,7720.0,2750,641,0.1736,0.000738
2026-09-09 09:32:02,SPX,7651.98,7700.78,7580.0,21,2646,0.2093,0.000738
2026-09-09 09:32:02,SPX,7651.98,7700.78,7725.0,2492,757,0.1767,0.000738
2026-09-09 09:32:02,SPX,7651.98,7700.78,7575.0,200,4115,0.2151,0.000738
2026-09-09 09:32:02,SPX,7651.98,7700.78,7730.0,5603,426,0.1801,0.000738
2026-09-09 09:32:02,SPX,7651.98,7700.78,7570.0,16,1917,0.2213,0.000738
2026-09-09 09:32:02,SPX,7651.98,7700.78,7735.0,3224,160,0.1841,0.000738
2026-09-09 09:32:02,SPX,7651.98,7700.78,7565.0,13,1446,0.2277,0.000738
2026-09-09 09:32:02,SPX,7651.98,7700.78,7740.0,2657,202,0.1886,0.000738
2026-09-09 09:32:02,SPX,7651.98,7700.78,7560.0,13,1316,0.234,0.000738
2026-09-09 09:32:02,SPX,7651.98,7700.78,7745.0,1890,211,0.1937,0.000738
2026-09-09 09:32:02,SPX,7651.98,7700.78,7555.0,2,1616,0.2403,0.000738
2026-09-09 09:32:02,SPX,7651.98,7700.78,7750.0,4359,1088,0.1992,0.000738
2026-09-09 09:32:02,SPX,7651.98,7700.78,7550.0,34,4749,0.2465,0.000738
2026-09-09 09:32:02,SPX,7651.98,7700.78,7755.0,2061,260,0.2048,0.000738
2026-09-09 09:32:02,SPX,7651.98,7700.78,7545.0,0,1267,0.2527,0.000738
2026-09-09 09:32:02,SPX,7651.98,7700.78,7760.0,2676,104,0.2106,0.000738
2026-09-09 09:32:02,SPX,7651.98,7700.78,7540.0,4,1737,0.2588,0.000738
2026-09-09 09:32:02,SPX,7651.98,7700.78,7765.0,4237,135,0.2168,0.000738
2026-09-09 09:32:02,SPX,7651.98,7700.78,7535.0,2,3608,0.265,0.000738
2026-09-09 09:32:02,SPX,7651.98,7700.78,7770.0,2564,111,0.2235,0.000738
2026-09-09 09:32:02,SPX,7651.98,7700.78,7530.0,7,1777,0.2713,0.000738
2026-09-09 09:32:02,SPX,7651.98,7700.78,7775.0,3298,128,0.2305,0.000738
2026-09-09 09:32:02,SPX,7651.98,7700.78,7650.0,189,941,0.1336,0.003475
2026-09-09 09:32:02,SPX,7651.98,7700.78,7655.0,93,244,0.1323,0.003475
2026-09-09 09:32:02,SPX,7651.98,7700.78,7645.0,62,221,0.1351,0.003475
2026-09-09 09:32:02,SPX,7651.98,7700.78,7660.0,139,652,0.1311,0.003475
2026-09-09 09:32:02,SPX,7651.98,7700.78,7640.0,69,314,0.1364,0.003475
2026-09-09 09:32:02,SPX,7651.98,7700.78,7665.0,83,551,0.1297,0.003475
2026-09-09 09:32:02,SPX,7651.98,7700.78,7635.0,137,297,0.1378,0.003475
2026-09-09 09:32:02,SPX,7651.98,7700.78,7670.0,177,440,0.1278,0.003475
2026-09-09 09:32:02,SPX,7651.98,7700.78,7630.0,77,553,0.1392,0.003475
2026-09-09 09:32:02,SPX,7651.98,7700.78,7675.0,561,1528,0.1258,0.003475
2026-09-09 09:32:02,SPX,7651.98,7700.78,7625.0,147,475,0.1421,0.003475
2026-09-09 09:32:02,SPX,7651.98,7700.78,7680.0,326,1042,0.1241,0.003475
2026-09-09 09:32:02,SPX,7651.98,7700.78,7620.0,36,715,0.1432,0.003475
2026-09-09 09:32:02,SPX,7651.98,7700.78,7685.0,400,888,0.1228,0.003475
2026-09-09 09:32:02,SPX,7651.98,7700.78,7615.0,17,385,0.1438,0.003475
2026-09-09 09:32:02,SPX,7651.98,7700.78,7690.0,287,462,0.1219,0.003475
2026-09-09 09:32:02,SPX,7651.98,7700.78,7610.0,104,997,0.1453,0.003475
2026-09-09 09:32:02,SPX,7651.98,7700.78,7695.0,201,331,0.1213,0.003475
2026-09-09 09:32:02,SPX,7651.98,7700.78,7605.0,62,243,0.1476,0.003475
2026-09-09 09:32:02,SPX,7651.98,7700.78,7700.0,1900,2224,0.1209,0.003475
2026-09-09 09:32:02,SPX,7651.98,7700.78,7600.0,315,3846,0.1501,0.003475
2026-09-09 09:32:02,SPX,7651.98,7700.78,7705.0,345,568,0.1205,0.003475
2026-09-09 09:32:02,SPX,7651.98,7700.78,7595.0,34,1432,0.152,0.003475
2026-09-09 09:32:02,SPX,7651.98,7700.78,7710.0,414,905,0.1202,0.003475
2026-09-09 09:32:02,SPX,7651.98,7700.78,7590.0,81,1145,0.1533,0.003475
2026-09-09 09:32:02,SPX,7651.98,7700.78,7715.0,404,703,0.1199,0.003475
2026-09-09 09:32:02,SPX,7651.98,7700.78,7585.0,93,261,0.1543,0.003475
2026-09-09 09:32:02,SPX,7651.98,7700.78,7720.0,461,395,0.1197,0.003475
2026-09-09 09:32:02,SPX,7651.98,7700.78,7580.0,5,369,0.1559,0.003475
2026-09-09 09:32:02,SPX,7651.98,7700.78,7725.0,2314,748,0.1196,0.003475
2026-09-09 09:32:02,SPX,7651.98,7700.78,7575.0,46,869,0.1583,0.003475
2026-09-09 09:32:02,SPX,7651.98,7700.78,7730.0,1357,157,0.1195,0.003475
2026-09-09 09:32:02,SPX,7651.98,7700.78,7570.0,2,484,0.1611,0.003475
2026-09-09 09:32:02,SPX,7651.98,7700.78,7735.0,424,163,0.1197,0.003475
2026-09-09 09:32:02,SPX,7651.98,7700.78,7565.0,31,272,0.1627,0.003475
2026-09-09 09:32:02,SPX,7651.98,7700.78,7740.0,1160,680,0.12,0.003475
2026-09-09 09:32:02,SPX,7651.98,7700.78,7560.0,37,494,0.164,0.003475
2026-09-09 09:32:02,SPX,7651.98,7700.78,7745.0,335,121,0.1205,0.003475
2026-09-09 09:32:02,SPX,7651.98,7700.78,7555.0,22,206,0.1662,0.003475
2026-09-09 09:32:02,SPX,7651.98,7700.78,7750.0,3101,698,0.1213,0.003475
2026-09-09 09:32:02,SPX,7651.98,7700.78,7550.0,18,833,0.1674,0.003475
2026-09-09 09:32:02,SPX,7651.98,7700.78,7755.0,1586,62,0.1223,0.003475
2026-09-09 09:32:02,SPX,7651.98,7700.78,7545.0,0,251,0.1681,0.003475
2026-09-09 09:32:02,SPX,7651.98,7700.78,7760.0,830,120,0.1235,0.003475
2026-09-09 09:32:02,SPX,7651.98,7700.78,7540.0,40,498,0.1696,0.003475
2026-09-09 09:32:02,SPX,7651.98,7700.78,7765.0,1444,91,0.125,0.003475
2026-09-09 09:32:02,SPX,7651.98,7700.78,7535.0,3,431,0.172,0.003475
2026-09-09 09:32:02,SPX,7651.98,7700.78,7770.0,737,69,0.1267,0.003475
2026-09-09 09:32:02,SPX,7651.98,7700.78,7530.0,5,3174,0.1747,0.003475
2026-09-09 09:32:02,SPX,7651.98,7700.78,7775.0,1870,102,0.1286,0.003475
2026-09-09 09:32:02,SPX,7651.98,7700.78,7650.0,650,4938,0.1485,0.006213
2026-09-09 09:32:02,SPX,7651.98,7700.78,7655.0,88,1009,0.1473,0.006213
2026-09-09 09:32:02,SPX,7651.98,7700.78,7645.0,122,2322,0.1497,0.006213
2026-09-09 09:32:02,SPX,7651.98,7700.78,7660.0,375,1277,0.1462,0.006213
2026-09-09 09:32:02,SPX,7651.98,7700.78,7640.0,208,1008,0.151,0.006213
2026-09-09 09:32:02,SPX,7651.98,7700.78,7665.0,186,1007,0.1452,0.006213
2026-09-09 09:32:02,SPX,7651.98,7700.78,7635.0,139,1109,0.1522,0.006213
2026-09-09 09:32:02,SPX,7651.98,7700.78,7670.0,218,645,0.1443,0.006213
2026-09-09 09:32:02,SPX,7651.98,7700.78,7630.0,162,1133,0.1537,0.006213
2026-09-09 09:32:02,SPX,7651.98,7700.78,7675.0,933,1318,0.1434,0.006213
2026-09-09 09:32:02,SPX,7651.98,7700.78,7625.0,224,1989,0.1555,0.006213
2026-09-09 09:32:02,SPX,7651.98,7700.78,7680.0,820,1195,0.1425,0.006213
2026-09-09 09:32:02,SPX,7651.98,7700.78,7620.0,222,809,0.1561,0.006213
2026-09-09 09:32:02,SPX,7651.98,7700.78,7685.0,629,751,0.1414,0.006213
2026-09-09 09:32:02,SPX,7651.98,7700.78,7615.0,68,508,0.1573,0.006213
2026-09-09 09:32:02,SPX,7651.98,7700.78,7690.0,568,1131,0.1401,0.006213
2026-09-09 09:32:02,SPX,7651.98,7700.78,7610.0,111,1232,0.1587,0.006213
2026-09-09 09:32:02,SPX,7651.98,7700.78,7695.0,377,591,0.1388,0.006213
2026-09-09 09:32:02,SPX,7651.98,7700.78,7605.0,60,655,0.1597,0.006213
2026-09-09 09:32:02,SPX,7651.98,7700.78,7700.0,2737,4425,0.1377,0.006213
2026-09-09 09:32:02,SPX,7651.98,7700.78,7600.0,455,3191,0.1614,0.006213
2026-09-09 09:32:02,SPX,7651.98,7700.78,7705.0,488,1084,0.1368,0.006213
2026-09-09 09:32:02,SPX,7651.98,7700.78,7595.0,60,588,0.1633,0.006213
2026-09-09 09:32:02,SPX,7651.98,7700.78,7710.0,691,1323,0.136,0.006213
2026-09-09 09:32:02,SPX,7651.98,7700.78,7590.0,68,1332,0.165,0.006213
2026-09-09 09:32:02,SPX,7651.98,7700.78,7715.0,725,1874,0.1353,0.006213
2026-09-09 09:32:02,SPX,7651.98,7700.78,7585.0,59,485,0.1662,0.006213
2026-09-09 09:32:02,SPX,7651.98,7700.78,7720.0,2139,699,0.1348,0.006213
2026-09-09 09:32:02,SPX,7651.98,7700.78,7580.0,57,2400,0.1672,0.006213
2026-09-09 09:32:02,SPX,7651.98,7700.78,7725.0,1983,2182,0.1343,0.006213
2026-09-09 09:32:02,SPX,7651.98,7700.78,7575.0,333,1914,0.1684,0.006213
2026-09-09 09:32:02,SPX,7651.98,7700.78,7730.0,1167,958,0.1338,0.006213
2026-09-09 09:32:02,SPX,7651.98,7700.78,7570.0,73,1481,0.1699,0.006213
2026-09-09 09:32:02,SPX,7651.98,7700.78,7735.0,753,431,0.1332,0.006213
2026-09-09 09:32:02,SPX,7651.98,7700.78,7565.0,23,1033,0.1716,0.006213
2026-09-09 09:32:02,SPX,7651.98,7700.78,7740.0,2203,1506,0.1326,0.006213
2026-09-09 09:32:02,SPX,7651.98,7700.78,7560.0,169,1528,0.1734,0.006213
2026-09-09 09:32:02,SPX,7651.98,7700.78,7745.0,567,232,0.132,0.006213
2026-09-09 09:32:02,SPX,7651.98,7700.78,7555.0,27,986,0.1747,0.006213
2026-09-09 09:32:02,SPX,7651.98,7700.78,7750.0,4523,2389,0.1314,0.006213
2026-09-09 09:32:02,SPX,7651.98,7700.78,7550.0,139,4605,0.1758,0.006213
2026-09-09 09:32:02,SPX,7651.98,7700.78,7755.0,1268,600,0.1308,0.006213
2026-09-09 09:32:02,SPX,7651.98,7700.78,7545.0,32,2575,0.1771,0.006213
2026-09-09 09:32:02,SPX,7651.98,7700.78,7760.0,812,216,0.1302,0.006213
2026-09-09 09:32:02,SPX,7651.98,7700.78,7540.0,249,1533,0.1784,0.006213
2026-09-09 09:32:02,SPX,7651.98,7700.78,7765.0,1872,107,0.1298,0.006213
2026-09-09 09:32:02,SPX,7651.98,7700.78,7535.0,36,879,0.1804,0.006213
2026-09-09 09:32:02,SPX,7651.98,7700.78,7770.0,815,240,0.1295,0.006213
2026-09-09 09:32:02,SPX,7651.98,7700.78,7530.0,28,857,0.1819,0.006213
2026-09-09 09:32:02,SPX,7651.98,7700.78,7775.0,2012,925,0.1292,0.006213
2026-09-09 10:02:28,SPX,7651.25,7699.15,7650.0,1323,3219,0.1374,0.00068
2026-09-09 10:02:28,SPX,7651.25,7699.15,7655.0,188,1969,0.1351,0.00068
2026-09-09 10:02:28,SPX,7651.25,7699.15,7645.0,222,1156,0.1404,0.00068
2026-09-09 10:02:28,SPX,7651.25,7699.15,7660.0,207,1866,0.1335,0.00068
2026-09-09 10:02:28,SPX,7651.25,7699.15,7640.0,1324,1688,0.1435,0.00068
2026-09-09 10:02:28,SPX,7651.25,7699.15,7665.0,276,1645,0.1313,0.00068
2026-09-09 10:02:28,SPX,7651.25,7699.15,7635.0,1364,2167,0.1466,0.00068
2026-09-09 10:02:28,SPX,7651.25,7699.15,7670.0,891,1415,0.1302,0.00068
2026-09-09 10:02:28,SPX,7651.25,7699.15,7630.0,237,5142,0.1511,0.00068
2026-09-09 10:02:28,SPX,7651.25,7699.15,7675.0,1180,4660,0.1297,0.00068
2026-09-09 10:02:28,SPX,7651.25,7699.15,7625.0,1563,4124,0.1546,0.00068
2026-09-09 10:02:28,SPX,7651.25,7699.15,7680.0,1105,2012,0.1309,0.00068
2026-09-09 10:02:28,SPX,7651.25,7699.15,7620.0,267,3866,0.1589,0.00068
2026-09-09 10:02:28,SPX,7651.25,7699.15,7685.0,1147,1553,0.1331,0.00068
2026-09-09 10:02:28,SPX,7651.25,7699.15,7615.0,32,1310,0.1623,0.00068
2026-09-09 10:02:28,SPX,7651.25,7699.15,7690.0,1384,1025,0.1345,0.00068
2026-09-09 10:02:28,SPX,7651.25,7699.15,7610.0,56,1508,0.1687,0.00068
2026-09-09 10:02:28,SPX,7651.25,7699.15,7695.0,2247,4114,0.137,0.00068
2026-09-09 10:02:28,SPX,7651.25,7699.15,7605.0,91,1074,0.1714,0.00068
2026-09-09 10:02:28,SPX,7651.25,7699.15,7700.0,3035,2998,0.1409,0.00068
2026-09-09 10:02:28,SPX,7651.25,7699.15,7600.0,1072,5151,0.177,0.00068
2026-09-09 10:02:28,SPX,7651.25,7699.15,7705.0,1268,645,0.1463,0.00068
2026-09-09 10:02:28,SPX,7651.25,7699.15,7595.0,32,2707,0.1853,0.00068
2026-09-09 10:02:28,SPX,7651.25,7699.15,7710.0,1937,500,0.1519,0.00068
2026-09-09 10:02:28,SPX,7651.25,7699.15,7590.0,58,2144,0.1899,0.00068
2026-09-09 10:02:28,SPX,7651.25,7699.15,7715.0,1610,320,0.1576,0.00068
2026-09-09 10:02:28,SPX,7651.25,7699.15,7585.0,12,1523,0.1954,0.00068
2026-09-09 10:02:28,SPX,7651.25,7699.15,7720.0,2750,641,0.1639,0.00068
2026-09-09 10:02:28,SPX,7651.25,7699.15,7580.0,21,2646,0.2002,0.00068
2026-09-09 10:02:28,SPX,7651.25,7699.15,7725.0,2492,757,0.1698,0.00068
2026-09-09 10:02:28,SPX,7651.25,7699.15,7575.0,200,4115,0.2057,0.00068
2026-09-09 10:02:28,SPX,7651.25,7699.15,7730.0,5603,426,0.1752,0.00068
2026-09-09 10:02:28,SPX,7651.25,7699.15,7570.0,16,1917,0.2128,0.00068
2026-09-09 10:02:28,SPX,7651.25,7699.15,7735.0,3224,160,0.1808,0.00068
2026-09-09 10:02:28,SPX,7651.25,7699.15,7565.0,13,1446,0.2208,0.00068
2026-09-09 10:02:28,SPX,7651.25,7699.15,7740.0,2657,202,0.1867,0.00068
2026-09-09 10:02:28,SPX,7651.25,7699.15,7560.0,13,1316,0.229,0.00068
2026-09-09 10:02:28,SPX,7651.25,7699.15,7745.0,1890,211,0.1928,0.00068
2026-09-09 10:02:28,SPX,7651.25,7699.15,7555.0,2,1616,0.237,0.00068
2026-09-09 10:02:28,SPX,7651.25,7699.15,7750.0,4359,1088,0.1993,0.00068
2026-09-09 10:02:28,SPX,7651.25,7699.15,7550.0,34,4749,0.2448,0.00068
2026-09-09 10:02:28,SPX,7651.25,7699.15,7755.0,2061,260,0.2061,0.00068
2026-09-09 10:02:28,SPX,7651.25,7699.15,7545.0,0,1267,0.2525,0.00068
2026-09-09 10:02:28,SPX,7651.25,7699.15,7760.0,2676,104,0.2132,0.00068
2026-09-09 10:02:28,SPX,7651.25,7699.15,7540.0,4,1737,0.2599,0.00068
2026-09-09 10:02:28,SPX,7651.25,7699.15,7765.0,4237,135,0.2206,0.00068
2026-09-09 10:02:28,SPX,7651.25,7699.15,7535.0,2,3608,0.2671,0.00068
2026-09-09 10:02:28,SPX,7651.25,7699.15,7770.0,2564,111,0.2284,0.00068
2026-09-09 10:02:28,SPX,7651.25,7699.15,7530.0,7,1777,0.2742,0.00068
2026-09-09 10:02:28,SPX,7651.25,7699.15,7775.0,3298,128,0.2362,0.00068
2026-09-09 10:02:28,SPX,7651.25,7699.15,7650.0,189,941,0.1254,0.003418
2026-09-09 10:02:28,SPX,7651.25,7699.15,7655.0,93,244,0.1239,0.003418
2026-09-09 10:02:28,SPX,7651.25,7699.15,7645.0,62,221,0.1268,0.003418
2026-09-09 10:02:28,SPX,7651.25,7699.15,7660.0,139,652,0.1224,0.003418
2026-09-09 10:02:28,SPX,7651.25,7699.15,7640.0,69,314,0.1284,0.003418
2026-09-09 10:02:28,SPX,7651.25,7699.15,7665.0,83,551,0.1212,0.003418
2026-09-09 10:02:28,SPX,7651.25,7699.15,7635.0,137,297,0.13,0.003418
2026-09-09 10:02:28,SPX,7651.25,7699.15,7670.0,177,440,0.12,0.003418
2026-09-09 10:02:28,SPX,7651.25,7699.15,7630.0,77,553,0.1315,0.003418
2026-09-09 10:02:28,SPX,7651.25,7699.15,7675.0,561,1528,0.119,0.003418
2026-09-09 10:02:28,SPX,7651.25,7699.15,7625.0,147,475,0.1333,0.003418
2026-09-09 10:02:28,SPX,7651.25,7699.15,7680.0,326,1042,0.1179,0.003418
2026-09-09 10:02:28,SPX,7651.25,7699.15,7620.0,36,715,0.1347,0.003418
2026-09-09 10:02:28,SPX,7651.25,7699.15,7685.0,400,888,0.1169,0.003418
2026-09-09 10:02:28,SPX,7651.25,7699.15,7615.0,17,385,0.1364,0.003418
2026-09-09 10:02:28,SPX,7651.25,7699.15,7690.0,287,462,0.1159,0.003418
2026-09-09 10:02:28,SPX,7651.25,7699.15,7610.0,104,997,0.1379,0.003418
2026-09-09 10:02:28,SPX,7651.25,7699.15,7695.0,201,331,0.1147,0.003418
2026-09-09 10:02:28,SPX,7651.25,7699.15,7605.0,62,243,0.1391,0.003418
2026-09-09 10:02:28,SPX,7651.25,7699.15,7700.0,1900,2224,0.1137,0.003418
2026-09-09 10:02:28,SPX,7651.25,7699.15,7600.0,315,3846,0.1407,0.003418
2026-09-09 10:02:28,SPX,7651.25,7699.15,7705.0,345,568,0.1129,0.003418
2026-09-09 10:02:28,SPX,7651.25,7699.15,7595.0,34,1432,0.1434,0.003418
2026-09-09 10:02:28,SPX,7651.25,7699.15,7710.0,414,905,0.1126,0.003418
2026-09-09 10:02:28,SPX,7651.25,7699.15,7590.0,81,1145,0.145,0.003418
2026-09-09 10:02:28,SPX,7651.25,7699.15,7715.0,404,703,0.1125,0.003418
2026-09-09 10:02:28,SPX,7651.25,7699.15,7585.0,93,261,0.1465,0.003418
2026-09-09 10:02:28,SPX,7651.25,7699.15,7720.0,461,395,0.1126,0.003418
2026-09-09 10:02:28,SPX,7651.25,7699.15,7580.0,5,369,0.1471,0.003418
2026-09-09 10:02:28,SPX,7651.25,7699.15,7725.0,2314,748,0.1128,0.003418
2026-09-09 10:02:28,SPX,7651.25,7699.15,7575.0,46,869,0.1486,0.003418
2026-09-09 10:02:28,SPX,7651.25,7699.15,7730.0,1357,157,0.113,0.003418
2026-09-09 10:02:28,SPX,7651.25,7699.15,7570.0,2,484,0.1515,0.003418
2026-09-09 10:02:28,SPX,7651.25,7699.15,7735.0,424,163,0.1134,0.003418
2026-09-09 10:02:28,SPX,7651.25,7699.15,7565.0,31,272,0.1528,0.003418
2026-09-09 10:02:28,SPX,7651.25,7699.15,7740.0,1160,680,0.1139,0.003418
2026-09-09 10:02:28,SPX,7651.25,7699.15,7560.0,37,494,0.1535,0.003418
2026-09-09 10:02:28,SPX,7651.25,7699.15,7745.0,335,121,0.1146,0.003418
2026-09-09 10:02:28,SPX,7651.25,7699.15,7555.0,22,206,0.1555,0.003418
2026-09-09 10:02:28,SPX,7651.25,7699.15,7750.0,3101,698,0.1154,0.003418
2026-09-09 10:02:28,SPX,7651.25,7699.15,7550.0,18,833,0.1574,0.003418
2026-09-09 10:02:28,SPX,7651.25,7699.15,7755.0,1586,62,0.1165,0.003418
2026-09-09 10:02:28,SPX,7651.25,7699.15,7545.0,0,251,0.1593,0.003418
2026-09-09 10:02:28,SPX,7651.25,7699.15,7760.0,830,120,0.1179,0.003418
2026-09-09 10:02:28,SPX,7651.25,7699.15,7540.0,40,498,0.1614,0.003418
2026-09-09 10:02:28,SPX,7651.25,7699.15,7765.0,1444,91,0.1196,0.003418
2026-09-09 10:02:28,SPX,7651.25,7699.15,7535.0,3,431,0.1638,0.003418
2026-09-09 10:02:28,SPX,7651.25,7699.15,7770.0,737,69,0.1216,0.003418
2026-09-09 10:02:28,SPX,7651.25,7699.15,7530.0,5,3174,0.1663,0.003418
2026-09-09 10:02:28,SPX,7651.25,7699.15,7775.0,1870,102,0.1238,0.003418
2026-09-09 10:02:28,SPX,7651.25,7699.15,7650.0,650,4938,0.145,0.006155
2026-09-09 10:02:28,SPX,7651.25,7699.15,7655.0,88,1009,0.1438,0.006155
2026-09-09 10:02:28,SPX,7651.25,7699.15,7645.0,122,2322,0.146,0.006155
2026-09-09 10:02:28,SPX,7651.25,7699.15,7660.0,375,1277,0.1429,0.006155
2026-09-09 10:02:28,SPX,7651.25,7699.15,7640.0,208,1008,0.1472,0.006155
2026-09-09 10:02:28,SPX,7651.25,7699.15,7665.0,186,1007,0.1421,0.006155
2026-09-09 10:02:28,SPX,7651.25,7699.15,7635.0,139,1109,0.1487,0.006155
2026-09-09 10:02:28,SPX,7651.25,7699.15,7670.0,218,645,0.1411,0.006155
2026-09-09 10:02:28,SPX,7651.25,7699.15,7630.0,162,1133,0.1495,0.006155
2026-09-09 10:02:28,SPX,7651.25,7699.15,7675.0,933,1318,0.1402,0.006155
2026-09-09 10:02:28,SPX,7651.25,7699.15,7625.0,224,1989,0.1506,0.006155
2026-09-09 10:02:28,SPX,7651.25,7699.15,7680.0,820,1195,0.1393,0.006155
2026-09-09 10:02:28,SPX,7651.25,7699.15,7620.0,222,809,0.152,0.006155
2026-09-09 10:02:28,SPX,7651.25,7699.15,7685.0,629,751,0.1382,0.006155
2026-09-09 10:02:28,SPX,7651.25,7699.15,7615.0,68,508,0.1537,0.006155
2026-09-09 10:02:28,SPX,7651.25,7699.15,7690.0,568,1131,0.137,0.006155
2026-09-09 10:02:28,SPX,7651.25,7699.15,7610.0,111,1232,0.1552,0.006155
2026-09-09 10:02:28,SPX,7651.25,7699.15,7695.0,377,591,0.1359,0.006155
2026-09-09 10:02:28,SPX,7651.25,7699.15,7605.0,60,655,0.1563,0.006155
2026-09-09 10:02:28,SPX,7651.25,7699.15,7700.0,2737,4425,0.1349,0.006155
2026-09-09 10:02:28,SPX,7651.25,7699.15,7600.0,455,3191,0.1572,0.006155
2026-09-09 10:02:28,SPX,7651.25,7699.15,7705.0,488,1084,0.1342,0.006155
2026-09-09 10:02:28,SPX,7651.25,7699.15,7595.0,60,588,0.1582,0.006155
2026-09-09 10:02:28,SPX,7651.25,7699.15,7710.0,691,1323,0.1336,0.006155
2026-09-09 10:02:28,SPX,7651.25,7699.15,7590.0,68,1332,0.1598,0.006155
2026-09-09 10:02:28,SPX,7651.25,7699.15,7715.0,725,1874,0.1331,0.006155
2026-09-09 10:02:28,SPX,7651.25,7699.15,7585.0,59,485,0.1615,0.006155
2026-09-09 10:02:28,SPX,7651.25,7699.15,7720.0,2139,699,0.1327,0.006155
2026-09-09 10:02:28,SPX,7651.25,7699.15,7580.0,57,2400,0.1632,0.006155
2026-09-09 10:02:28,SPX,7651.25,7699.15,7725.0,1983,2182,0.1322,0.006155
2026-09-09 10:02:28,SPX,7651.25,7699.15,7575.0,333,1914,0.1645,0.006155
2026-09-09 10:02:28,SPX,7651.25,7699.15,7730.0,1167,958,0.1316,0.006155
2026-09-09 10:02:28,SPX,7651.25,7699.15,7570.0,73,1481,0.1656,0.006155
2026-09-09 10:02:28,SPX,7651.25,7699.15,7735.0,753,431,0.131,0.006155
2026-09-09 10:02:28,SPX,7651.25,7699.15,7565.0,23,1033,0.1666,0.006155
2026-09-09 10:02:28,SPX,7651.25,7699.15,7740.0,2203,1506,0.1304,0.006155
2026-09-09 10:02:28,SPX,7651.25,7699.15,7560.0,169,1528,0.1678,0.006155
2026-09-09 10:02:28,SPX,7651.25,7699.15,7745.0,567,232,0.1298,0.006155
2026-09-09 10:02:28,SPX,7651.25,7699.15,7555.0,27,986,0.1691,0.006155
2026-09-09 10:02:28,SPX,7651.25,7699.15,7750.0,4523,2389,0.1292,0.006155
2026-09-09 10:02:28,SPX,7651.25,7699.15,7550.0,139,4605,0.1701,0.006155
2026-09-09 10:02:28,SPX,7651.25,7699.15,7755.0,1268,600,0.1287,0.006155
2026-09-09 10:02:28,SPX,7651.25,7699.15,7545.0,32,2575,0.1725,0.006155
2026-09-09 10:02:28,SPX,7651.25,7699.15,7760.0,812,216,0.1284,0.006155
2026-09-09 10:02:28,SPX,7651.25,7699.15,7540.0,249,1533,0.1731,0.006155
2026-09-09 10:02:28,SPX,7651.25,7699.15,7765.0,1872,107,0.1281,0.006155
2026-09-09 10:02:28,SPX,7651.25,7699.15,7535.0,36,879,0.1744,0.006155
2026-09-09 10:02:28,SPX,7651.25,7699.15,7770.0,815,240,0.128,0.006155
2026-09-09 10:02:28,SPX,7651.25,7699.15,7530.0,28,857,0.176,0.006155
2026-09-09 10:02:28,SPX,7651.25,7699.15,7775.0,2012,925,0.128,0.006155
2026-09-09 10:32:51,SPX,7651.54,7698.69,7650.0,1323,3219,0.1352,0.000622
2026-09-09 10:32:51,SPX,7651.54,7698.69,7655.0,188,1969,0.1324,0.000622
2026-09-09 10:32:51,SPX,7651.54,7698.69,7645.0,222,1156,0.1379,0.000622
2026-09-09 10:32:51,SPX,7651.54,7698.69,7660.0,207,1866,0.1304,0.000622
2026-09-09 10:32:51,SPX,7651.54,7698.69,7640.0,1324,1688,0.1411,0.000622
2026-09-09 10:32:51,SPX,7651.54,7698.69,7665.0,276,1645,0.1288,0.000622
2026-09-09 10:32:51,SPX,7651.54,7698.69,7635.0,1364,2167,0.1446,0.000622
2026-09-09 10:32:51,SPX,7651.54,7698.69,7670.0,891,1415,0.1291,0.000622
2026-09-09 10:32:51,SPX,7651.54,7698.69,7630.0,237,5142,0.1484,0.000622
2026-09-09 10:32:51,SPX,7651.54,7698.69,7675.0,1180,4660,0.1297,0.000622
2026-09-09 10:32:51,SPX,7651.54,7698.69,7625.0,1563,4124,0.1523,0.000622
2026-09-09 10:32:51,SPX,7651.54,7698.69,7680.0,1105,2012,0.1296,0.000622
2026-09-09 10:32:51,SPX,7651.54,7698.69,7620.0,267,3866,0.1567,0.000622
2026-09-09 10:32:51,SPX,7651.54,7698.69,7685.0,1147,1553,0.1339,0.000622
2026-09-09 10:32:51,SPX,7651.54,7698.69,7615.0,32,1310,0.162,0.000622
2026-09-09 10:32:51,SPX,7651.54,7698.69,7690.0,1384,1025,0.1369,0.000622
2026-09-09 10:32:51,SPX,7651.54,7698.69,7610.0,56,1508,0.1653,0.000622
2026-09-09 10:32:51,SPX,7651.54,7698.69,7695.0,2247,4114,0.141,0.000622
2026-09-09 10:32:51,SPX,7651.54,7698.69,7605.0,91,1074,0.1718,0.000622
2026-09-09 10:32:51,SPX,7651.54,7698.69,7700.0,3035,2998,0.1469,0.000622
2026-09-09 10:32:51,SPX,7651.54,7698.69,7600.0,1072,5151,0.1753,0.000622
2026-09-09 10:32:51,SPX,7651.54,7698.69,7705.0,1268,645,0.1537,0.000622
2026-09-09 10:32:51,SPX,7651.54,7698.69,7595.0,32,2707,0.1849,0.000622
2026-09-09 10:32:51,SPX,7651.54,7698.69,7710.0,1937,500,0.1605,0.000622
2026-09-09 10:32:51,SPX,7651.54,7698.69,7590.0,58,2144,0.1897,0.000622
2026-09-09 10:32:51,SPX,7651.54,7698.69,7715.0,1610,320,0.1678,0.000622
2026-09-09 10:32:51,SPX,7651.54,7698.69,7585.0,12,1523,0.1985,0.000622
2026-09-09 10:32:51,SPX,7651.54,7698.69,7720.0,2750,641,0.175,0.000622
2026-09-09 10:32:51,SPX,7651.54,7698.69,7580.0,21,2646,0.2038,0.000622
2026-09-09 10:32:51,SPX,7651.54,7698.69,7725.0,2492,757,0.1813,0.000622
2026-09-09 10:32:51,SPX,7651.54,7698.69,7575.0,200,4115,0.2112,0.000622
2026-09-09 10:32:51,SPX,7651.54,7698.69,7730.0,5603,426,0.1876,0.000622
2026-09-09 10:32:51,SPX,7651.54,7698.69,7570.0,16,1917,0.217,0.000622
2026-09-09 10:32:51,SPX,7651.54,7698.69,7735.0,3224,160,0.1941,0.000622
2026-09-09 10:32:51,SPX,7651.54,7698.69,7565.0,13,1446,0.2236,0.000622
2026-09-09 10:32:51,SPX,7651.54,7698.69,7740.0,2657,202,0.2011,0.000622
2026-09-09 10:32:51,SPX,7651.54,7698.69,7560.0,13,1316,0.2306,0.000622
2026-09-09 10:32:51,SPX,7651.54,7698.69,7745.0,1890,211,0.2082,0.000622
2026-09-09 10:32:51,SPX,7651.54,7698.69,7555.0,2,1616,0.2389,0.000622
2026-09-09 10:32:51,SPX,7651.54,7698.69,7750.0,4359,1088,0.2156,0.000622
2026-09-09 10:32:51,SPX,7651.54,7698.69,7550.0,34,4749,0.2477,0.000622
2026-09-09 10:32:51,SPX,7651.54,7698.69,7755.0,2061,260,0.2231,0.000622
2026-09-09 10:32:51,SPX,7651.54,7698.69,7545.0,0,1267,0.2562,0.000622
2026-09-09 10:32:51,SPX,7651.54,7698.69,7760.0,2676,104,0.2306,0.000622
2026-09-09 10:32:51,SPX,7651.54,7698.69,7540.0,4,1737,0.2644,0.000622
2026-09-09 10:32:51,SPX,7651.54,7698.69,7765.0,4237,135,0.2381,0.000622
2026-09-09 10:32:51,SPX,7651.54,7698.69,7535.0,2,3608,0.2724,0.000622
2026-09-09 10:32:51,SPX,7651.54,7698.69,7770.0,2564,111,0.2457,0.000622
2026-09-09 10:32:51,SPX,7651.54,7698.69,7530.0,7,1777,0.2802,0.000622
2026-09-09 10:32:51,SPX,7651.54,7698.69,7775.0,3298,128,0.2535,0.000622
2026-09-09 10:32:51,SPX,7651.54,7698.69,7650.0,189,941,0.1259,0.00336
2026-09-09 10:32:51,SPX,7651.54,7698.69,7655.0,93,244,0.1243,0.00336
2026-09-09 10:32:51,SPX,7651.54,7698.69,7645.0,62,221,0.1277,0.00336
2026-09-09 10:32:51,SPX,7651.54,7698.69,7660.0,139,652,0.123,0.00336
2026-09-09 10:32:51,SPX,7651.54,7698.69,7640.0,69,314,0.1293,0.00336
2026-09-09 10:32:51,SPX,7651.54,7698.69,7665.0,83,551,0.1216,0.00336
2026-09-09 10:32:51,SPX,7651.54,7698.69,7635.0,137,297,0.1309,0.00336
2026-09-09 10:32:51,SPX,7651.54,7698.69,7670.0,177,440,0.1204,0.00336
2026-09-09 10:32:51,SPX,7651.54,7698.69,7630.0,77,553,0.1328,0.00336
2026-09-09 10:32:51,SPX,7651.54,7698.69,7675.0,561,1528,0.1193,0.00336
2026-09-09 10:32:51,SPX,7651.54,7698.69,7625.0,147,475,0.1345,0.00336
2026-09-09 10:32:51,SPX,7651.54,7698.69,7680.0,326,1042,0.1184,0.00336
2026-09-09 10:32:51,SPX,7651.54,7698.69,7620.0,36,715,0.136,0.00336
2026-09-09 10:32:51,SPX,7651.54,7698.69,7685.0,400,888,0.1175,0.00336
2026-09-09 10:32:51,SPX,7651.54,7698.69,7615.0,17,385,0.1386,0.00336
2026-09-09 10:32:51,SPX,7651.54,7698.69,7690.0,287,462,0.1165,0.00336
2026-09-09 10:32:51,SPX,7651.54,7698.69,7610.0,104,997,0.1405,0.00336
2026-09-09 10:32:51,SPX,7651.54,7698.69,7695.0,201,331,0.1152,0.00336
2026-09-09 10:32:51,SPX,7651.54,7698.69,7605.0,62,243,0.1412,0.00336
2026-09-09 10:32:51,SPX,7651.54,7698.69,7700.0,1900,2224,0.1141,0.00336
2026-09-09 10:32:51,SPX,7651.54,7698.69,7600.0,315,3846,0.1432,0.00336
2026-09-09 10:32:51,SPX,7651.54,7698.69,7705.0,345,568,0.1134,0.00336
2026-09-09 10:32:51,SPX,7651.54,7698.69,7595.0,34,1432,0.1457,0.00336
2026-09-09 10:32:51,SPX,7651.54,7698.69,7710.0,414,905,0.1129,0.00336
2026-09-09 10:32:51,SPX,7651.54,7698.69,7590.0,81,1145,0.1478,0.00336
2026-09-09 10:32:51,SPX,7651.54,7698.69,7715.0,404,703,0.1128,0.00336
2026-09-09 10:32:51,SPX,7651.54,7698.69,7585.0,93,261,0.1492,0.00336
2026-09-09 10:32:51,SPX,7651.54,7698.69,7720.0,461,395,0.1131,0.00336
2026-09-09 10:32:51,SPX,7651.54,7698.69,7580.0,5,369,0.1499,0.00336
2026-09-09 10:32:51,SPX,7651.54,7698.69,7725.0,2314,748,0.1136,0.00336
2026-09-09 10:32:51,SPX,7651.54,7698.69,7575.0,46,869,0.1515,0.00336
2026-09-09 10:32:51,SPX,7651.54,7698.69,7730.0,1357,157,0.1142,0.00336
2026-09-09 10:32:51,SPX,7651.54,7698.69,7570.0,2,484,0.1545,0.00336
2026-09-09 10:32:51,SPX,7651.54,7698.69,7735.0,424,163,0.1148,0.00336
2026-09-09 10:32:51,SPX,7651.54,7698.69,7565.0,31,272,0.1562,0.00336
2026-09-09 10:32:51,SPX,7651.54,7698.69,7740.0,1160,680,0.1154,0.00336
2026-09-09 10:32:51,SPX,7651.54,7698.69,7560.0,37,494,0.1568,0.00336
2026-09-09 10:32:51,SPX,7651.54,7698.69,7745.0,335,121,0.116,0.00336
2026-09-09 10:32:51,SPX,7651.54,7698.69,7555.0,22,206,0.1586,0.00336
2026-09-09 10:32:51,SPX,7651.54,7698.69,7750.0,3101,698,0.1167,0.00336
2026-09-09 10:32:51,SPX,7651.54,7698.69,7550.0,18,833,0.1608,0.00336
2026-09-09 10:32:51,SPX,7651.54,7698.69,7755.0,1586,62,0.1175,0.00336
2026-09-09 10:32:51,SPX,7651.54,7698.69,7545.0,0,251,0.1631,0.00336
2026-09-09 10:32:51,SPX,7651.54,7698.69,7760.0,830,120,0.1186,0.00336
2026-09-09 10:32:51,SPX,7651.54,7698.69,7540.0,40,498,0.1655,0.00336
2026-09-09 10:32:51,SPX,7651.54,7698.69,7765.0,1444,91,0.1199,0.00336
2026-09-09 10:32:51,SPX,7651.54,7698.69,7535.0,3,431,0.1678,0.00336
2026-09-09 10:32:51,SPX,7651.54,7698.69,7770.0,737,69,0.1215,0.00336
2026-09-09 10:32:51,SPX,7651.54,7698.69,7530.0,5,3174,0.1697,0.00336
2026-09-09 10:32:51,SPX,7651.54,7698.69,7775.0,1870,102,0.1234,0.00336
2026-09-09 10:32:51,SPX,7651.54,7698.69,7650.0,650,4938,0.1453,0.006098
2026-09-09 10:32:51,SPX,7651.54,7698.69,7655.0,88,1009,0.1442,0.006098
2026-09-09 10:32:51,SPX,7651.54,7698.69,7645.0,122,2322,0.1464,0.006098
2026-09-09 10:32:51,SPX,7651.54,7698.69,7660.0,375,1277,0.1431,0.006098
2026-09-09 10:32:51,SPX,7651.54,7698.69,7640.0,208,1008,0.1477,0.006098
2026-09-09 10:32:51,SPX,7651.54,7698.69,7665.0,186,1007,0.1421,0.006098
2026-09-09 10:32:51,SPX,7651.54,7698.69,7635.0,139,1109,0.1493,0.006098
2026-09-09 10:32:51,SPX,7651.54,7698.69,7670.0,218,645,0.1412,0.006098
2026-09-09 10:32:51,SPX,7651.54,7698.69,7630.0,162,1133,0.1499,0.006098
2026-09-09 10:32:51,SPX,7651.54,7698.69,7675.0,933,1318,0.1403,0.006098
2026-09-09 10:32:51,SPX,7651.54,7698.69,7625.0,224,1989,0.1513,0.006098
2026-09-09 10:32:51,SPX,7651.54,7698.69,7680.0,820,1195,0.1395,0.006098
2026-09-09 10:32:51,SPX,7651.54,7698.69,7620.0,222,809,0.153,0.006098
2026-09-09 10:32:51,SPX,7651.54,7698.69,7685.0,629,751,0.1387,0.006098
2026-09-09 10:32:51,SPX,7651.54,7698.69,7615.0,68,508,0.1547,0.006098
2026-09-09 10:32:51,SPX,7651.54,7698.69,7690.0,568,1131,0.1376,0.006098
2026-09-09 10:32:51,SPX,7651.54,7698.69,7610.0,111,1232,0.156,0.006098
2026-09-09 10:32:51,SPX,7651.54,7698.69,7695.0,377,591,0.1365,0.006098
2026-09-09 10:32:51,SPX,7651.54,7698.69,7605.0,60,655,0.1569,0.006098
2026-09-09 10:32:51,SPX,7651.54,7698.69,7700.0,2737,4425,0.1354,0.006098
2026-09-09 10:32:51,SPX,7651.54,7698.69,7600.0,455,3191,0.1579,0.006098
2026-09-09 10:32:51,SPX,7651.54,7698.69,7705.0,488,1084,0.1345,0.006098
2026-09-09 10:32:51,SPX,7651.54,7698.69,7595.0,60,588,0.1592,0.006098
2026-09-09 10:32:51,SPX,7651.54,7698.69,7710.0,691,1323,0.1337,0.006098
2026-09-09 10:32:51,SPX,7651.54,7698.69,7590.0,68,1332,0.1609,0.006098
2026-09-09 10:32:51,SPX,7651.54,7698.69,7715.0,725,1874,0.1331,0.006098
2026-09-09 10:32:51,SPX,7651.54,7698.69,7585.0,59,485,0.1628,0.006098
2026-09-09 10:32:51,SPX,7651.54,7698.69,7720.0,2139,699,0.1327,0.006098
2026-09-09 10:32:51,SPX,7651.54,7698.69,7580.0,57,2400,0.1642,0.006098
2026-09-09 10:32:51,SPX,7651.54,7698.69,7725.0,1983,2182,0.1323,0.006098
2026-09-09 10:32:51,SPX,7651.54,7698.69,7575.0,333,1914,0.1653,0.006098
2026-09-09 10:32:51,SPX,7651.54,7698.69,7730.0,1167,958,0.132,0.006098
2026-09-09 10:32:51,SPX,7651.54,7698.69,7570.0,73,1481,0.1662,0.006098
2026-09-09 10:32:51,SPX,7651.54,7698.69,7735.0,753,431,0.1316,0.006098
2026-09-09 10:32:51,SPX,7651.54,7698.69,7565.0,23,1033,0.1673,0.006098
2026-09-09 10:32:51,SPX,7651.54,7698.69,7740.0,2203,1506,0.1312,0.006098
2026-09-09 10:32:51,SPX,7651.54,7698.69,7560.0,169,1528,0.1688,0.006098
2026-09-09 10:32:51,SPX,7651.54,7698.69,7745.0,567,232,0.1309,0.006098
2026-09-09 10:32:51,SPX,7651.54,7698.69,7555.0,27,986,0.1697,0.006098
2026-09-09 10:32:51,SPX,7651.54,7698.69,7750.0,4523,2389,0.1305,0.006098
2026-09-09 10:32:51,SPX,7651.54,7698.69,7550.0,139,4605,0.1711,0.006098
2026-09-09 10:32:51,SPX,7651.54,7698.69,7755.0,1268,600,0.1301,0.006098
2026-09-09 10:32:51,SPX,7651.54,7698.69,7545.0,32,2575,0.173,0.006098
2026-09-09 10:32:51,SPX,7651.54,7698.69,7760.0,812,216,0.1298,0.006098
2026-09-09 10:32:51,SPX,7651.54,7698.69,7540.0,249,1533,0.175,0.006098
2026-09-09 10:32:51,SPX,7651.54,7698.69,7765.0,1872,107,0.1296,0.006098
2026-09-09 10:32:51,SPX,7651.54,7698.69,7535.0,36,879,0.1757,0.006098
2026-09-09 10:32:51,SPX,7651.54,7698.69,7770.0,815,240,0.1295,0.006098
2026-09-09 10:32:51,SPX,7651.54,7698.69,7530.0,28,857,0.1773,0.006098
2026-09-09 10:32:51,SPX,7651.54,7698.69,7775.0,2012,925,0.1295,0.006098
2026-09-09 11:03:15,SPX,7648.68,7703.87,7650.0,1323,3219,0.1366,0.000564
2026-09-09 11:03:15,SPX,7648.68,7703.87,7645.0,222,1156,0.1397,0.000564
2026-09-09 11:03:15,SPX,7648.68,7703.87,7655.0,188,1969,0.1348,0.000564
2026-09-09 11:03:15,SPX,7648.68,7703.87,7640.0,1324,1688,0.1402,0.000564
2026-09-09 11:03:15,SPX,7648.68,7703.87,7660.0,207,1866,0.1353,0.000564
2026-09-09 11:03:15,SPX,7648.68,7703.87,7635.0,1364,2167,0.1447,0.000564
2026-09-09 11:03:15,SPX,7648.68,7703.87,7665.0,276,1645,0.1357,0.000564
2026-09-09 11:03:15,SPX,7648.68,7703.87,7630.0,237,5142,0.1491,0.000564
2026-09-09 11:03:15,SPX,7648.68,7703.87,7670.0,891,1415,0.1372,0.000564
2026-09-09 11:03:15,SPX,7648.68,7703.87,7625.0,1563,4124,0.154,0.000564
2026-09-09 11:03:15,SPX,7648.68,7703.87,7675.0,1180,4660,0.1394,0.000564
2026-09-09 11:03:15,SPX,7648.68,7703.87,7620.0,267,3866,0.1573,0.000564
2026-09-09 11:03:15,SPX,7648.68,7703.87,7680.0,1105,2012,0.1424,0.000564
2026-09-09 11:03:15,SPX,7648.68,7703.87,7615.0,32,1310,0.1632,0.000564
2026-09-09 11:03:15,SPX,7648.68,7703.87,7685.0,1147,1553,0.147,0.000564
2026-09-09 11:03:15,SPX,7648.68,7703.87,7610.0,56,1508,0.1682,0.000564
2026-09-09 11:03:15,SPX,7648.68,7703.87,7690.0,1384,1025,0.153,0.000564
2026-09-09 11:03:15,SPX,7648.68,7703.87,7605.0,91,1074,0.1725,0.000564
2026-09-09 11:03:15,SPX,7648.68,7703.87,7695.0,2247,4114,0.1598,0.000564
2026-09-09 11:03:15,SPX,7648.68,7703.87,7600.0,1072,5151,0.1772,0.000564
2026-09-09 11:03:15,SPX,7648.68,7703.87,7700.0,3035,2998,0.1671,0.000564
2026-09-09 11:03:15,SPX,7648.68,7703.87,7595.0,32,2707,0.1865,0.000564
2026-09-09 11:03:15,SPX,7648.68,7703.87,7705.0,1268,645,0.1749,0.000564
2026-09-09 11:03:15,SPX,7648.68,7703.87,7590.0,58,2144,0.1907,0.000564
2026-09-09 11:03:15,SPX,7648.68,7703.87,7710.0,1937,500,0.1828,0.000564
2026-09-09 11:03:15,SPX,7648.68,7703.87,7585.0,12,1523,0.1968,0.000564
2026-09-09 11:03:15,SPX,7648.68,7703.87,7715.0,1610,320,0.1904,0.000564
2026-09-09 11:03:15,SPX,7648.68,7703.87,7580.0,21,2646,0.204,0.000564
2026-09-09 11:03:15,SPX,7648.68,7703.87,7720.0,2750,641,0.1976,0.000564
2026-09-09 11:03:15,SPX,7648.68,7703.87,7575.0,200,4115,0.211,0.000564
2026-09-09 11:03:15,SPX,7648.68,7703.87,7725.0,2492,757,0.2045,0.000564
2026-09-09 11:03:15,SPX,7648.68,7703.87,7570.0,16,1917,0.2162,0.000564
2026-09-09 11:03:15,SPX,7648.68,7703.87,7730.0,5603,426,0.2115,0.000564
2026-09-09 11:03:15,SPX,7648.68,7703.87,7565.0,13,1446,0.2226,0.000564
2026-09-09 11:03:15,SPX,7648.68,7703.87,7735.0,3224,160,0.2188,0.000564
2026-09-09 11:03:15,SPX,7648.68,7703.87,7560.0,13,1316,0.2296,0.000564
2026-09-09 11:03:15,SPX,7648.68,7703.87,7555.0,2,0,0.239,0.000564
2026-09-09 11:03:15,SPX,7648.68,7703.87,7750.0,0,1088,0.2429,0.000564
2026-09-09 11:03:15,SPX,7648.68,7703.87,7545.0,0,1267,0.2576,0.000564
2026-09-09 11:03:15,SPX,7648.68,7703.87,7755.0,2061,260,0.2507,0.000564
2026-09-09 11:03:15,SPX,7648.68,7703.87,7540.0,4,1737,0.2662,0.000564
2026-09-09 11:03:15,SPX,7648.68,7703.87,7760.0,2676,104,0.2574,0.000564
2026-09-09 11:03:15,SPX,7648.68,7703.87,7535.0,2,3608,0.2742,0.000564
2026-09-09 11:03:15,SPX,7648.68,7703.87,7765.0,4237,135,0.2636,0.000564
2026-09-09 11:03:15,SPX,7648.68,7703.87,7530.0,7,1777,0.2821,0.000564
2026-09-09 11:03:15,SPX,7648.68,7703.87,7770.0,2564,111,0.2701,0.000564
2026-09-09 11:03:15,SPX,7648.68,7703.87,7525.0,164,13370,0.2901,0.000564
2026-09-09 11:03:15,SPX,7648.68,7703.87,7650.0,189,941,0.1269,0.003302
2026-09-09 11:03:15,SPX,7648.68,7703.87,7645.0,62,221,0.1281,0.003302
2026-09-09 11:03:15,SPX,7648.68,7703.87,7655.0,93,244,0.1252,0.003302
2026-09-09 11:03:15,SPX,7648.68,7703.87,7640.0,69,314,0.1297,0.003302
2026-09-09 11:03:15,SPX,7648.68,7703.87,7660.0,139,652,0.124,0.003302
2026-09-09 11:03:15,SPX,7648.68,7703.87,7635.0,137,297,0.1312,0.003302
2026-09-09 11:03:15,SPX,7648.68,7703.87,7665.0,83,551,0.1226,0.003302
2026-09-09 11:03:15,SPX,7648.68,7703.87,7630.0,77,553,0.1329,0.003302
2026-09-09 11:03:15,SPX,7648.68,7703.87,7670.0,177,440,0.1215,0.003302
2026-09-09 11:03:15,SPX,7648.68,7703.87,7625.0,147,475,0.1344,0.003302
2026-09-09 11:03:15,SPX,7648.68,7703.87,7675.0,561,1528,0.1207,0.003302
2026-09-09 11:03:15,SPX,7648.68,7703.87,7620.0,36,715,0.1363,0.003302
2026-09-09 11:03:15,SPX,7648.68,7703.87,7680.0,326,1042,0.1193,0.003302
2026-09-09 11:03:15,SPX,7648.68,7703.87,7615.0,17,385,0.1388,0.003302
2026-09-09 11:03:15,SPX,7648.68,7703.87,7685.0,400,888,0.118,0.003302
2026-09-09 11:03:15,SPX,7648.68,7703.87,7610.0,104,997,0.1397,0.003302
2026-09-09 11:03:15,SPX,7648.68,7703.87,7690.0,287,462,0.1168,0.003302
2026-09-09 11:03:15,SPX,7648.68,7703.87,7605.0,62,243,0.1414,0.003302
2026-09-09 11:03:15,SPX,7648.68,7703.87,7695.0,201,331,0.1158,0.003302
2026-09-09 11:03:15,SPX,7648.68,7703.87,7600.0,315,3846,0.1442,0.003302
2026-09-09 11:03:15,SPX,7648.68,7703.87,7700.0,1900,2224,0.115,0.003302
2026-09-09 11:03:15,SPX,7648.68,7703.87,7595.0,34,1432,0.1465,0.003302
2026-09-09 11:03:15,SPX,7648.68,7703.87,7705.0,345,568,0.1147,0.003302
2026-09-09 11:03:15,SPX,7648.68,7703.87,7590.0,81,1145,0.148,0.003302
2026-09-09 11:03:15,SPX,7648.68,7703.87,7710.0,414,905,0.1149,0.003302
2026-09-09 11:03:15,SPX,7648.68,7703.87,7585.0,93,261,0.1489,0.003302
2026-09-09 11:03:15,SPX,7648.68,7703.87,7715.0,404,703,0.1153,0.003302
2026-09-09 11:03:15,SPX,7648.68,7703.87,7580.0,5,369,0.1501,0.003302
2026-09-09 11:03:15,SPX,7648.68,7703.87,7720.0,461,395,0.1158,0.003302
2026-09-09 11:03:15,SPX,7648.68,7703.87,7575.0,46,869,0.1527,0.003302
2026-09-09 11:03:15,SPX,7648.68,7703.87,7725.0,2314,748,0.1165,0.003302
2026-09-09 11:03:15,SPX,7648.68,7703.87,7570.0,2,484,0.1547,0.003302
2026-09-09 11:03:15,SPX,7648.68,7703.87,7730.0,1357,157,0.1171,0.003302
2026-09-09 11:03:15,SPX,7648.68,7703.87,7565.0,31,272,0.1553,0.003302
2026-09-09 11:03:15,SPX,7648.68,7703.87,7735.0,424,163,0.1178,0.003302
2026-09-09 11:03:15,SPX,7648.68,7703.87,7560.0,37,494,0.157,0.003302
2026-09-09 11:03:15,SPX,7648.68,7703.87,7740.0,1160,680,0.1186,0.003302
2026-09-09 11:03:15,SPX,7648.68,7703.87,7555.0,22,206,0.1597,0.003302
2026-09-09 11:03:15,SPX,7648.68,7703.87,7745.0,335,121,0.1194,0.003302
2026-09-09 11:03:15,SPX,7648.68,7703.87,7550.0,18,833,0.1615,0.003302
2026-09-09 11:03:15,SPX,7648.68,7703.87,7750.0,3101,698,0.1203,0.003302
2026-09-09 11:03:15,SPX,7648.68,7703.87,7545.0,0,251,0.1635,0.003302
2026-09-09 11:03:15,SPX,7648.68,7703.87,7755.0,1586,62,0.1212,0.003302
2026-09-09 11:03:15,SPX,7648.68,7703.87,7540.0,40,498,0.1657,0.003302
2026-09-09 11:03:15,SPX,7648.68,7703.87,7760.0,830,120,0.1224,0.003302
2026-09-09 11:03:15,SPX,7648.68,7703.87,7535.0,3,431,0.1678,0.003302
2026-09-09 11:03:15,SPX,7648.68,7703.87,7765.0,0,91,0.1238,0.003302
2026-09-09 11:03:15,SPX,7648.68,7703.87,7530.0,5,3174,0.1695,0.003302
2026-09-09 11:03:15,SPX,7648.68,7703.87,7770.0,0,69,0.1256,0.003302
2026-09-09 11:03:15,SPX,7648.68,7703.87,7525.0,0,592,0.171,0.003302
2026-09-09 11:03:15,SPX,7648.68,7703.87,7650.0,650,4938,0.1454,0.00604
2026-09-09 11:03:15,SPX,7648.68,7703.87,7645.0,122,2322,0.1464,0.00604
2026-09-09 11:03:15,SPX,7648.68,7703.87,7655.0,88,1009,0.1444,0.00604
2026-09-09 11:03:15,SPX,7648.68,7703.87,7640.0,208,1008,0.1475,0.00604
2026-09-09 11:03:15,SPX,7648.68,7703.87,7660.0,375,1277,0.1435,0.00604
2026-09-09 11:03:15,SPX,7648.68,7703.87,7635.0,139,1109,0.1488,0.00604
2026-09-09 11:03:15,SPX,7648.68,7703.87,7665.0,186,1007,0.1426,0.00604
2026-09-09 11:03:15,SPX,7648.68,7703.87,7630.0,162,1133,0.15,0.00604
2026-09-09 11:03:15,SPX,7648.68,7703.87,7670.0,218,645,0.1416,0.00604
2026-09-09 11:03:15,SPX,7648.68,7703.87,7625.0,224,1989,0.1518,0.00604
2026-09-09 11:03:15,SPX,7648.68,7703.87,7675.0,933,1318,0.1404,0.00604
2026-09-09 11:03:15,SPX,7648.68,7703.87,7620.0,222,809,0.1525,0.00604
2026-09-09 11:03:15,SPX,7648.68,7703.87,7680.0,820,1195,0.1392,0.00604
2026-09-09 11:03:15,SPX,7648.68,7703.87,7615.0,68,508,0.1538,0.00604
2026-09-09 11:03:15,SPX,7648.68,7703.87,7685.0,629,751,0.138,0.00604
2026-09-09 11:03:15,SPX,7648.68,7703.87,7610.0,111,1232,0.155,0.00604
2026-09-09 11:03:15,SPX,7648.68,7703.87,7690.0,568,1131,0.137,0.00604
2026-09-09 11:03:15,SPX,7648.68,7703.87,7605.0,60,655,0.1565,0.00604
2026-09-09 11:03:15,SPX,7648.68,7703.87,7695.0,377,591,0.1361,0.00604
2026-09-09 11:03:15,SPX,7648.68,7703.87,7600.0,455,3191,0.1585,0.00604
2026-09-09 11:03:15,SPX,7648.68,7703.87,7700.0,2737,4425,0.1353,0.00604
2026-09-09 11:03:15,SPX,7648.68,7703.87,7595.0,60,588,0.1602,0.00604
2026-09-09 11:03:15,SPX,7648.68,7703.87,7705.0,488,1084,0.1346,0.00604
2026-09-09 11:03:15,SPX,7648.68,7703.87,7590.0,68,1332,0.1614,0.00604
2026-09-09 11:03:15,SPX,7648.68,7703.87,7710.0,691,1323,0.134,0.00604
2026-09-09 11:03:15,SPX,7648.68,7703.87,7575.0,333,0,0.1644,0.00604
2026-09-09 11:03:15,SPX,7648.68,7703.87,7730.0,1167,0,0.1323,0.00604
2026-09-09 11:03:15,SPX,7648.68,7703.87,7565.0,23,1033,0.1681,0.00604
2026-09-09 11:03:15,SPX,7648.68,7703.87,7560.0,169,1528,0.1696,0.00604
2026-09-09 11:03:15,SPX,7648.68,7703.87,7740.0,2203,1506,0.1314,0.00604
2026-09-09 11:03:15,SPX,7648.68,7703.87,7555.0,27,986,0.1707,0.00604
2026-09-09 11:03:15,SPX,7648.68,7703.87,7745.0,567,232,0.131,0.00604
2026-09-09 11:03:15,SPX,7648.68,7703.87,7550.0,139,4605,0.1718,0.00604
2026-09-09 11:03:15,SPX,7648.68,7703.87,7750.0,4523,2389,0.1306,0.00604
2026-09-09 11:03:15,SPX,7648.68,7703.87,7545.0,32,2575,0.1731,0.00604
2026-09-09 11:03:15,SPX,7648.68,7703.87,7755.0,1268,600,0.1304,0.00604
2026-09-09 11:03:15,SPX,7648.68,7703.87,7540.0,249,1533,0.1745,0.00604
2026-09-09 11:03:15,SPX,7648.68,7703.87,7760.0,812,216,0.1303,0.00604
2026-09-09 11:03:15,SPX,7648.68,7703.87,7535.0,36,879,0.1755,0.00604
2026-09-09 11:03:15,SPX,7648.68,7703.87,7765.0,1872,107,0.1303,0.00604
2026-09-09 11:03:15,SPX,7648.68,7703.87,7530.0,28,857,0.1778,0.00604
2026-09-09 11:03:15,SPX,7648.68,7703.87,7770.0,815,240,0.1304,0.00604
2026-09-09 11:03:15,SPX,7648.68,7703.87,7525.0,45,1657,0.1785,0.00604
2026-09-09 11:33:38,SPX,7631.27,7705.18,7630.0,237,5142,0.1407,0.000506
2026-09-09 11:33:38,SPX,7631.27,7705.18,7635.0,1364,2167,0.1377,0.000506
2026-09-09 11:33:38,SPX,7631.27,7705.18,7625.0,1563,4124,0.1447,0.000506
2026-09-09 11:33:38,SPX,7631.27,7705.18,7640.0,1324,1688,0.1345,0.000506
2026-09-09 11:33:38,SPX,7631.27,7705.18,7620.0,267,3866,0.1496,0.000506
2026-09-09 11:33:38,SPX,7631.27,7705.18,7645.0,222,1156,0.1318,0.000506
2026-09-09 11:33:38,SPX,7631.27,7705.18,7615.0,32,1310,0.1542,0.000506
2026-09-09 11:33:38,SPX,7631.27,7705.18,7650.0,1323,3219,0.1311,0.000506
2026-09-09 11:33:38,SPX,7631.27,7705.18,7610.0,56,1508,0.1585,0.000506
2026-09-09 11:33:38,SPX,7631.27,7705.18,7655.0,188,1969,0.1308,0.000506
2026-09-09 11:33:38,SPX,7631.27,7705.18,7605.0,91,1074,0.1642,0.000506
2026-09-09 11:33:38,SPX,7631.27,7705.18,7660.0,207,1866,0.132,0.000506
2026-09-09 11:33:38,SPX,7631.27,7705.18,7600.0,1072,5151,0.1687,0.000506
2026-09-09 11:33:38,SPX,7631.27,7705.18,7665.0,276,1645,0.1346,0.000506
2026-09-09 11:33:38,SPX,7631.27,7705.18,7595.0,32,2707,0.1752,0.000506
2026-09-09 11:33:38,SPX,7631.27,7705.18,7670.0,891,1415,0.1396,0.000506
2026-09-09 11:33:38,SPX,7631.27,7705.18,7590.0,58,2144,0.1805,0.000506
2026-09-09 11:33:38,SPX,7631.27,7705.18,7675.0,1180,4660,0.1457,0.000506
2026-09-09 11:33:38,SPX,7631.27,7705.18,7585.0,12,1523,0.1864,0.000506
2026-09-09 11:33:38,SPX,7631.27,7705.18,7680.0,1105,2012,0.1529,0.000506
2026-09-09 11:33:38,SPX,7631.27,7705.18,7580.0,21,2646,0.1925,0.000506
2026-09-09 11:33:38,SPX,7631.27,7705.18,7685.0,1147,1553,0.1608,0.000506
2026-09-09 11:33:38,SPX,7631.27,7705.18,7575.0,200,4115,0.1995,0.000506
2026-09-09 11:33:38,SPX,7631.27,7705.18,7690.0,1384,1025,0.1689,0.000506
2026-09-09 11:33:38,SPX,7631.27,7705.18,7570.0,16,1917,0.2077,0.000506
2026-09-09 11:33:38,SPX,7631.27,7705.18,7695.0,2247,4114,0.1736,0.000506
2026-09-09 11:33:38,SPX,7631.27,7705.18,7565.0,13,1446,0.2131,0.000506
2026-09-09 11:33:38,SPX,7631.27,7705.18,7700.0,3035,2998,0.1822,0.000506
2026-09-09 11:33:38,SPX,7631.27,7705.18,7560.0,13,1316,0.2206,0.000506
2026-09-09 11:33:38,SPX,7631.27,7705.18,7705.0,1268,645,0.1909,0.000506
2026-09-09 11:33:38,SPX,7631.27,7705.18,7555.0,2,1616,0.2274,0.000506
2026-09-09 11:33:38,SPX,7631.27,7705.18,7710.0,1937,500,0.1999,0.000506
2026-09-09 11:33:38,SPX,7631.27,7705.18,7550.0,34,4749,0.2361,0.000506
2026-09-09 11:33:38,SPX,7631.27,7705.18,7715.0,1610,320,0.209,0.000506
2026-09-09 11:33:38,SPX,7631.27,7705.18,7545.0,0,1267,0.2446,0.000506
2026-09-09 11:33:38,SPX,7631.27,7705.18,7720.0,2750,641,0.2185,0.000506
2026-09-09 11:33:38,SPX,7631.27,7705.18,7540.0,4,1737,0.2536,0.000506
2026-09-09 11:33:38,SPX,7631.27,7705.18,7725.0,2492,757,0.2281,0.000506
2026-09-09 11:33:38,SPX,7631.27,7705.18,7535.0,2,3608,0.2636,0.000506
2026-09-09 11:33:38,SPX,7631.27,7705.18,7730.0,5603,426,0.2377,0.000506
2026-09-09 11:33:38,SPX,7631.27,7705.18,7530.0,7,1777,0.2735,0.000506
2026-09-09 11:33:38,SPX,7631.27,7705.18,7735.0,3224,160,0.2473,0.000506
2026-09-09 11:33:38,SPX,7631.27,7705.18,7525.0,164,13370,0.2828,0.000506
2026-09-09 11:33:38,SPX,7631.27,7705.18,7740.0,2657,202,0.2566,0.000506
2026-09-09 11:33:38,SPX,7631.27,7705.18,7520.0,11,1179,0.2913,0.000506
2026-09-09 11:33:38,SPX,7631.27,7705.18,7745.0,1890,211,0.2656,0.000506
2026-09-09 11:33:38,SPX,7631.27,7705.18,7515.0,782,5317,0.2992,0.000506
2026-09-09 11:33:38,SPX,7631.27,7705.18,7750.0,4359,1088,0.2745,0.000506
2026-09-09 11:33:38,SPX,7631.27,7705.18,7510.0,81,675,0.307,0.000506
2026-09-09 11:33:38,SPX,7631.27,7705.18,7755.0,2061,260,0.2834,0.000506
2026-09-09 11:33:38,SPX,7631.27,7705.18,7630.0,77,553,0.1356,0.003244
2026-09-09 11:33:38,SPX,7631.27,7705.18,7635.0,137,297,0.134,0.003244
2026-09-09 11:33:38,SPX,7631.27,7705.18,7625.0,147,475,0.1373,0.003244
2026-09-09 11:33:38,SPX,7631.27,7705.18,7640.0,69,314,0.1324,0.003244
2026-09-09 11:33:38,SPX,7631.27,7705.18,7620.0,36,715,0.1392,0.003244
2026-09-09 11:33:38,SPX,7631.27,7705.18,7645.0,62,221,0.1309,0.003244
2026-09-09 11:33:38,SPX,7631.27,7705.18,7615.0,17,385,0.1422,0.003244
2026-09-09 11:33:38,SPX,7631.27,7705.18,7650.0,189,941,0.1294,0.003244
2026-09-09 11:33:38,SPX,7631.27,7705.18,7610.0,104,997,0.1435,0.003244
2026-09-09 11:33:38,SPX,7631.27,7705.18,7655.0,93,244,0.128,0.003244
2026-09-09 11:33:38,SPX,7631.27,7705.18,7605.0,62,243,0.145,0.003244
2026-09-09 11:33:38,SPX,7631.27,7705.18,7660.0,139,652,0.1269,0.003244
2026-09-09 11:33:38,SPX,7631.27,7705.18,7600.0,315,3846,0.1475,0.003244
2026-09-09 11:33:38,SPX,7631.27,7705.18,7665.0,83,551,0.1253,0.003244
2026-09-09 11:33:38,SPX,7631.27,7705.18,7595.0,34,1432,0.1495,0.003244
2026-09-09 11:33:38,SPX,7631.27,7705.18,7670.0,177,440,0.1235,0.003244
2026-09-09 11:33:38,SPX,7631.27,7705.18,7590.0,81,1145,0.1516,0.003244
2026-09-09 11:33:38,SPX,7631.27,7705.18,7675.0,561,1528,0.1218,0.003244
2026-09-09 11:33:38,SPX,7631.27,7705.18,7585.0,93,261,0.1529,0.003244
2026-09-09 11:33:38,SPX,7631.27,7705.18,7680.0,326,1042,0.1204,0.003244
2026-09-09 11:33:38,SPX,7631.27,7705.18,7580.0,5,369,0.1545,0.003244
2026-09-09 11:33:38,SPX,7631.27,7705.18,7685.0,400,888,0.1193,0.003244
2026-09-09 11:33:38,SPX,7631.27,7705.18,7575.0,46,869,0.1571,0.003244
2026-09-09 11:33:38,SPX,7631.27,7705.18,7690.0,287,462,0.1186,0.003244
2026-09-09 11:33:38,SPX,7631.27,7705.18,7570.0,2,484,0.1591,0.003244
2026-09-09 11:33:38,SPX,7631.27,7705.18,7695.0,201,331,0.1182,0.003244
2026-09-09 11:33:38,SPX,7631.27,7705.18,7565.0,31,272,0.16,0.003244
2026-09-09 11:33:38,SPX,7631.27,7705.18,7700.0,1900,2224,0.118,0.003244
2026-09-09 11:33:38,SPX,7631.27,7705.18,7560.0,37,494,0.1618,0.003244
2026-09-09 11:33:38,SPX,7631.27,7705.18,7705.0,345,568,0.1178,0.003244
2026-09-09 11:33:38,SPX,7631.27,7705.18,7555.0,22,206,0.1636,0.003244
2026-09-09 11:33:38,SPX,7631.27,7705.18,7710.0,414,905,0.1175,0.003244
2026-09-09 11:33:38,SPX,7631.27,7705.18,7550.0,18,833,0.1656,0.003244
2026-09-09 11:33:38,SPX,7631.27,7705.18,7715.0,404,703,0.1172,0.003244
2026-09-09 11:33:38,SPX,7631.27,7705.18,7545.0,0,251,0.1681,0.003244
2026-09-09 11:33:38,SPX,7631.27,7705.18,7720.0,461,395,0.117,0.003244
2026-09-09 11:33:38,SPX,7631.27,7705.18,7540.0,40,498,0.1702,0.003244
2026-09-09 11:33:38,SPX,7631.27,7705.18,7725.0,2314,748,0.1169,0.003244
2026-09-09 11:33:38,SPX,7631.27,7705.18,7535.0,3,431,0.1723,0.003244
2026-09-09 11:33:38,SPX,7631.27,7705.18,7730.0,1357,157,0.1172,0.003244
2026-09-09 11:33:38,SPX,7631.27,7705.18,7530.0,5,3174,0.1745,0.003244
2026-09-09 11:33:38,SPX,7631.27,7705.18,7735.0,424,163,0.1177,0.003244
2026-09-09 11:33:38,SPX,7631.27,7705.18,7525.0,138,592,0.1764,0.003244
2026-09-09 11:33:38,SPX,7631.27,7705.18,7740.0,1160,680,0.1187,0.003244
2026-09-09 11:33:38,SPX,7631.27,7705.18,7520.0,53,3032,0.178,0.003244
2026-09-09 11:33:38,SPX,7631.27,7705.18,7745.0,335,121,0.12,0.003244
2026-09-09 11:33:38,SPX,7631.27,7705.18,7515.0,4,349,0.1796,0.003244
2026-09-09 11:33:38,SPX,7631.27,7705.18,7750.0,3101,698,0.1217,0.003244
2026-09-09 11:33:38,SPX,7631.27,7705.18,7510.0,1,314,0.1813,0.003244
2026-09-09 11:33:38,SPX,7631.27,7705.18,7755.0,1586,62,0.1238,0.003244
2026-09-09 11:33:38,SPX,7631.27,7705.18,7630.0,162,1133,0.1524,0.005982
2026-09-09 11:33:38,SPX,7631.27,7705.18,7635.0,139,1109,0.151,0.005982
2026-09-09 11:33:38,SPX,7631.27,7705.18,7625.0,224,1989,0.1536,0.005982
2026-09-09 11:33:38,SPX,7631.27,7705.18,7640.0,208,1008,0.1498,0.005982
2026-09-09 11:33:38,SPX,7631.27,7705.18,7620.0,222,809,0.1553,0.005982
2026-09-09 11:33:38,SPX,7631.27,7705.18,7645.0,122,2322,0.1489,0.005982
2026-09-09 11:33:38,SPX,7631.27,7705.18,7615.0,68,508,0.1563,0.005982
2026-09-09 11:33:38,SPX,7631.27,7705.18,7650.0,650,4938,0.1479,0.005982
2026-09-09 11:33:38,SPX,7631.27,7705.18,7610.0,111,1232,0.158,0.005982
2026-09-09 11:33:38,SPX,7631.27,7705.18,7655.0,88,1009,0.147,0.005982
2026-09-09 11:33:38,SPX,7631.27,7705.18,7605.0,60,655,0.1597,0.005982
2026-09-09 11:33:38,SPX,7631.27,7705.18,7660.0,375,1277,0.1458,0.005982
2026-09-09 11:33:38,SPX,7631.27,7705.18,7600.0,455,3191,0.1612,0.005982
2026-09-09 11:33:38,SPX,7631.27,7705.18,7665.0,186,1007,0.1446,0.005982
2026-09-09 11:33:38,SPX,7631.27,7705.18,7595.0,60,588,0.1623,0.005982
2026-09-09 11:33:38,SPX,7631.27,7705.18,7670.0,218,645,0.1433,0.005982
2026-09-09 11:33:38,SPX,7631.27,7705.18,7590.0,68,1332,0.1633,0.005982
2026-09-09 11:33:38,SPX,7631.27,7705.18,7675.0,933,1318,0.1421,0.005982
2026-09-09 11:33:38,SPX,7631.27,7705.18,7585.0,59,485,0.1644,0.005982
2026-09-09 11:33:38,SPX,7631.27,7705.18,7680.0,820,1195,0.141,0.005982
2026-09-09 11:33:38,SPX,7631.27,7705.18,7580.0,57,2400,0.166,0.005982
2026-09-09 11:33:38,SPX,7631.27,7705.18,7685.0,629,751,0.14,0.005982
2026-09-09 11:33:38,SPX,7631.27,7705.18,7575.0,333,1914,0.1678,0.005982
2026-09-09 11:33:38,SPX,7631.27,7705.18,7690.0,568,1131,0.1392,0.005982
2026-09-09 11:33:38,SPX,7631.27,7705.18,7570.0,73,1481,0.1696,0.005982
2026-09-09 11:33:38,SPX,7631.27,7705.18,7695.0,377,591,0.1385,0.005982
2026-09-09 11:33:38,SPX,7631.27,7705.18,7565.0,23,1033,0.171,0.005982
2026-09-09 11:33:38,SPX,7631.27,7705.18,7700.0,2737,4425,0.138,0.005982
2026-09-09 11:33:38,SPX,7631.27,7705.18,7560.0,169,1528,0.1721,0.005982
2026-09-09 11:33:38,SPX,7631.27,7705.18,7705.0,488,1084,0.1374,0.005982
2026-09-09 11:33:38,SPX,7631.27,7705.18,7555.0,27,986,0.1732,0.005982
2026-09-09 11:33:38,SPX,7631.27,7705.18,7710.0,691,1323,0.1368,0.005982
2026-09-09 11:33:38,SPX,7631.27,7705.18,7550.0,139,4605,0.1746,0.005982
2026-09-09 11:33:38,SPX,7631.27,7705.18,7715.0,725,1874,0.1362,0.005982
2026-09-09 11:33:38,SPX,7631.27,7705.18,7545.0,32,2575,0.1762,0.005982
2026-09-09 11:33:38,SPX,7631.27,7705.18,7720.0,2139,699,0.1355,0.005982
2026-09-09 11:33:38,SPX,7631.27,7705.18,7540.0,249,1533,0.1772,0.005982
2026-09-09 11:33:38,SPX,7631.27,7705.18,7725.0,1983,2182,0.1348,0.005982
2026-09-09 11:33:38,SPX,7631.27,7705.18,7535.0,36,879,0.179,0.005982
2026-09-09 11:33:38,SPX,7631.27,7705.18,7730.0,1167,958,0.1341,0.005982
2026-09-09 11:33:38,SPX,7631.27,7705.18,7530.0,28,857,0.1803,0.005982
2026-09-09 11:33:38,SPX,7631.27,7705.18,7735.0,753,431,0.1334,0.005982
2026-09-09 11:33:38,SPX,7631.27,7705.18,7525.0,45,1657,0.1827,0.005982
2026-09-09 11:33:38,SPX,7631.27,7705.18,7740.0,2203,1506,0.1329,0.005982
2026-09-09 11:33:38,SPX,7631.27,7705.18,7520.0,112,1116,0.1832,0.005982
2026-09-09 11:33:38,SPX,7631.27,7705.18,7745.0,567,232,0.1324,0.005982
2026-09-09 11:33:38,SPX,7631.27,7705.18,7515.0,20,476,0.1845,0.005982
2026-09-09 11:33:38,SPX,7631.27,7705.18,7750.0,4523,2389,0.1321,0.005982
2026-09-09 11:33:38,SPX,7631.27,7705.18,7755.0,1268,600,0.132,0.005982
2026-09-09 12:04:02,SPX,7638.25,7698.87,7640.0,1324,1688,0.1244,0.000449
2026-09-09 12:04:02,SPX,7638.25,7698.87,7635.0,1364,2167,0.1277,0.000449
2026-09-09 12:04:02,SPX,7638.25,7698.87,7645.0,222,1156,0.1222,0.000449
2026-09-09 12:04:02,SPX,7638.25,7698.87,7630.0,237,5142,0.131,0.000449
2026-09-09 12:04:02,SPX,7638.25,7698.87,7650.0,1323,3219,0.1205,0.000449
2026-09-09 12:04:02,SPX,7638.25,7698.87,7625.0,1563,4124,0.1352,0.000449
2026-09-09 12:04:02,SPX,7638.25,7698.87,7655.0,188,1969,0.1211,0.000449
2026-09-09 12:04:02,SPX,7638.25,7698.87,7620.0,267,3866,0.1411,0.000449
2026-09-09 12:04:02,SPX,7638.25,7698.87,7660.0,207,1866,0.1231,0.000449
2026-09-09 12:04:02,SPX,7638.25,7698.87,7615.0,32,1310,0.147,0.000449
2026-09-09 12:04:02,SPX,7638.25,7698.87,7665.0,276,1645,0.1271,0.000449
2026-09-09 12:04:02,SPX,7638.25,7698.87,7610.0,56,1508,0.1529,0.000449
2026-09-09 12:04:02,SPX,7638.25,7698.87,7670.0,891,1415,0.1323,0.000449
2026-09-09 12:04:02,SPX,7638.25,7698.87,7605.0,91,1074,0.159,0.000449
2026-09-09 12:04:02,SPX,7638.25,7698.87,7675.0,1180,4660,0.1387,0.000449
2026-09-09 12:04:02,SPX,7638.25,7698.87,7600.0,1072,5151,0.1656,0.000449
2026-09-09 12:04:02,SPX,7638.25,7698.87,7680.0,1105,2012,0.1469,0.000449
2026-09-09 12:04:02,SPX,7638.25,7698.87,7595.0,32,2707,0.1729,0.000449
2026-09-09 12:04:02,SPX,7638.25,7698.87,7685.0,1147,1553,0.1556,0.000449
2026-09-09 12:04:02,SPX,7638.25,7698.87,7590.0,58,2144,0.1787,0.000449
2026-09-09 12:04:02,SPX,7638.25,7698.87,7690.0,1384,1025,0.1634,0.000449
2026-09-09 12:04:02,SPX,7638.25,7698.87,7585.0,12,1523,0.188,0.000449
2026-09-09 12:04:02,SPX,7638.25,7698.87,7695.0,2247,4114,0.1708,0.000449
2026-09-09 12:04:02,SPX,7638.25,7698.87,7580.0,21,2646,0.1965,0.000449
2026-09-09 12:04:02,SPX,7638.25,7698.87,7700.0,3035,2998,0.1789,0.000449
2026-09-09 12:04:02,SPX,7638.25,7698.87,7575.0,200,4115,0.2057,0.000449
2026-09-09 12:04:02,SPX,7638.25,7698.87,7705.0,1268,645,0.1876,0.000449
2026-09-09 12:04:02,SPX,7638.25,7698.87,7570.0,16,1917,0.2118,0.000449
2026-09-09 12:04:02,SPX,7638.25,7698.87,7710.0,1937,500,0.1964,0.000449
2026-09-09 12:04:02,SPX,7638.25,7698.87,7565.0,13,1446,0.2175,0.000449
2026-09-09 12:04:02,SPX,7638.25,7698.87,7715.0,1610,320,0.2057,0.000449
2026-09-09 12:04:02,SPX,7638.25,7698.87,7560.0,13,1316,0.2262,0.000449
2026-09-09 12:04:02,SPX,7638.25,7698.87,7720.0,2750,641,0.2154,0.000449
2026-09-09 12:04:02,SPX,7638.25,7698.87,7555.0,2,1616,0.2373,0.000449
2026-09-09 12:04:02,SPX,7638.25,7698.87,7725.0,2492,757,0.2255,0.000449
2026-09-09 12:04:02,SPX,7638.25,7698.87,7550.0,34,4749,0.2486,0.000449
2026-09-09 12:04:02,SPX,7638.25,7698.87,7730.0,5603,426,0.2357,0.000449
2026-09-09 12:04:02,SPX,7638.25,7698.87,7545.0,0,1267,0.259,0.000449
2026-09-09 12:04:02,SPX,7638.25,7698.87,7735.0,3224,160,0.2459,0.000449
2026-09-09 12:04:02,SPX,7638.25,7698.87,7540.0,4,1737,0.2685,0.000449
2026-09-09 12:04:02,SPX,7638.25,7698.87,7740.0,2657,202,0.256,0.000449
2026-09-09 12:04:02,SPX,7638.25,7698.87,7535.0,2,3608,0.2774,0.000449
2026-09-09 12:04:02,SPX,7638.25,7698.87,7745.0,1890,211,0.266,0.000449
2026-09-09 12:04:02,SPX,7638.25,7698.87,7530.0,7,1777,0.2857,0.000449
2026-09-09 12:04:02,SPX,7638.25,7698.87,7750.0,4359,1088,0.2756,0.000449
2026-09-09 12:04:02,SPX,7638.25,7698.87,7525.0,164,13370,0.2937,0.000449
2026-09-09 12:04:02,SPX,7638.25,7698.87,7755.0,2061,260,0.2847,0.000449
2026-09-09 12:04:02,SPX,7638.25,7698.87,7520.0,11,1179,0.3013,0.000449
2026-09-09 12:04:02,SPX,7638.25,7698.87,7760.0,2676,104,0.2934,0.000449
2026-09-09 12:04:02,SPX,7638.25,7698.87,7515.0,782,5317,0.3092,0.000449
2026-09-09 12:04:02,SPX,7638.25,7698.87,7640.0,69,314,0.1296,0.003186
2026-09-09 12:04:02,SPX,7638.25,7698.87,7635.0,137,297,0.1309,0.003186
2026-09-09 12:04:02,SPX,7638.25,7698.87,7645.0,62,221,0.1278,0.003186
2026-09-09 12:04:02,SPX,7638.25,7698.87,7630.0,77,553,0.1329,0.003186
2026-09-09 12:04:02,SPX,7638.25,7698.87,7650.0,189,941,0.1264,0.003186
2026-09-09 12:04:02,SPX,7638.25,7698.87,7625.0,147,475,0.1345,0.003186
2026-09-09 12:04:02,SPX,7638.25,7698.87,7655.0,93,244,0.1252,0.003186
2026-09-09 12:04:02,SPX,7638.25,7698.87,7620.0,36,715,0.136,0.003186
2026-09-09 12:04:02,SPX,7638.25,7698.87,7660.0,139,652,0.1242,0.003186
2026-09-09 12:04:02,SPX,7638.25,7698.87,7615.0,17,385,0.1383,0.003186
2026-09-09 12:04:02,SPX,7638.25,7698.87,7665.0,83,551,0.1232,0.003186
2026-09-09 12:04:02,SPX,7638.25,7698.87,7610.0,0,997,0.1408,0.003186
2026-09-09 12:04:02,SPX,7638.25,7698.87,7600.0,315,3846,0.1434,0.003186
2026-09-09 12:04:02,SPX,7638.25,7698.87,7680.0,326,1042,0.1201,0.003186
2026-09-09 12:04:02,SPX,7638.25,7698.87,7595.0,34,1432,0.1446,0.003186
2026-09-09 12:04:02,SPX,7638.25,7698.87,7685.0,400,888,0.119,0.003186
2026-09-09 12:04:02,SPX,7638.25,7698.87,7590.0,81,1145,0.1466,0.003186
2026-09-09 12:04:02,SPX,7638.25,7698.87,7690.0,287,462,0.1181,0.003186
2026-09-09 12:04:02,SPX,7638.25,7698.87,7585.0,93,261,0.1487,0.003186
2026-09-09 12:04:02,SPX,7638.25,7698.87,7695.0,201,331,0.1174,0.003186
2026-09-09 12:04:02,SPX,7638.25,7698.87,7580.0,5,369,0.1503,0.003186
2026-09-09 12:04:02,SPX,7638.25,7698.87,7700.0,1900,2224,0.1168,0.003186
2026-09-09 12:04:02,SPX,7638.25,7698.87,7575.0,46,869,0.1517,0.003186
2026-09-09 12:04:02,SPX,7638.25,7698.87,7705.0,345,568,0.1163,0.003186
2026-09-09 12:04:02,SPX,7638.25,7698.87,7570.0,2,484,0.1535,0.003186
2026-09-09 12:04:02,SPX,7638.25,7698.87,7710.0,414,905,0.1162,0.003186
2026-09-09 12:04:02,SPX,7638.25,7698.87,7565.0,31,272,0.1564,0.003186
2026-09-09 12:04:02,SPX,7638.25,7698.87,7715.0,404,703,0.1164,0.003186
2026-09-09 12:04:02,SPX,7638.25,7698.87,7560.0,37,494,0.1585,0.003186
2026-09-09 12:04:02,SPX,7638.25,7698.87,7720.0,461,395,0.1168,0.003186
2026-09-09 12:04:02,SPX,7638.25,7698.87,7555.0,22,206,0.1592,0.003186
2026-09-09 12:04:02,SPX,7638.25,7698.87,7725.0,2314,748,0.1171,0.003186
2026-09-09 12:04:02,SPX,7638.25,7698.87,7550.0,18,833,0.161,0.003186
2026-09-09 12:04:02,SPX,7638.25,7698.87,7730.0,1357,157,0.1175,0.003186
2026-09-09 12:04:02,SPX,7638.25,7698.87,7545.0,0,251,0.1639,0.003186
2026-09-09 12:04:02,SPX,7638.25,7698.87,7735.0,424,163,0.118,0.003186
2026-09-09 12:04:02,SPX,7638.25,7698.87,7540.0,40,498,0.1659,0.003186
2026-09-09 12:04:02,SPX,7638.25,7698.87,7740.0,1160,680,0.1187,0.003186
2026-09-09 12:04:02,SPX,7638.25,7698.87,7535.0,3,431,0.1681,0.003186
2026-09-09 12:04:02,SPX,7638.25,7698.87,7745.0,335,121,0.1197,0.003186
2026-09-09 12:04:02,SPX,7638.25,7698.87,7530.0,5,3174,0.1702,0.003186
2026-09-09 12:04:02,SPX,7638.25,7698.87,7750.0,3101,698,0.1211,0.003186
2026-09-09 12:04:02,SPX,7638.25,7698.87,7525.0,138,592,0.172,0.003186
2026-09-09 12:04:02,SPX,7638.25,7698.87,7755.0,1586,62,0.1228,0.003186
2026-09-09 12:04:02,SPX,7638.25,7698.87,7520.0,53,3032,0.1736,0.003186
2026-09-09 12:04:02,SPX,7638.25,7698.87,7760.0,830,120,0.125,0.003186
2026-09-09 12:04:02,SPX,7638.25,7698.87,7515.0,4,349,0.1755,0.003186
2026-09-09 12:04:02,SPX,7638.25,7698.87,7640.0,208,1008,0.1494,0.005924
2026-09-09 12:04:02,SPX,7638.25,7698.87,7635.0,139,1109,0.1506,0.005924
2026-09-09 12:04:02,SPX,7638.25,7698.87,7645.0,122,2322,0.1482,0.005924
2026-09-09 12:04:02,SPX,7638.25,7698.87,7630.0,162,1133,0.152,0.005924
2026-09-09 12:04:02,SPX,7638.25,7698.87,7650.0,650,4938,0.147,0.005924
2026-09-09 12:04:02,SPX,7638.25,7698.87,7625.0,224,1989,0.1529,0.005924
2026-09-09 12:04:02,SPX,7638.25,7698.87,7655.0,88,1009,0.146,0.005924
2026-09-09 12:04:02,SPX,7638.25,7698.87,7620.0,222,809,0.1542,0.005924
2026-09-09 12:04:02,SPX,7638.25,7698.87,7660.0,375,1277,0.1451,0.005924
2026-09-09 12:04:02,SPX,7638.25,7698.87,7615.0,68,508,0.1554,0.005924
2026-09-09 12:04:02,SPX,7638.25,7698.87,7665.0,186,1007,0.1443,0.005924
2026-09-09 12:04:02,SPX,7638.25,7698.87,7610.0,111,1232,0.1571,0.005924
2026-09-09 12:04:02,SPX,7638.25,7698.87,7670.0,218,645,0.1433,0.005924
2026-09-09 12:04:02,SPX,7638.25,7698.87,7605.0,60,655,0.1587,0.005924
2026-09-09 12:04:02,SPX,7638.25,7698.87,7675.0,933,1318,0.1421,0.005924
2026-09-09 12:04:02,SPX,7638.25,7698.87,7600.0,455,3191,0.1599,0.005924
2026-09-09 12:04:02,SPX,7638.25,7698.87,7680.0,820,1195,0.1409,0.005924
2026-09-09 12:04:02,SPX,7638.25,7698.87,7595.0,60,588,0.1608,0.005924
2026-09-09 12:04:02,SPX,7638.25,7698.87,7685.0,629,751,0.1398,0.005924
2026-09-09 12:04:02,SPX,7638.25,7698.87,7590.0,68,1332,0.1618,0.005924
2026-09-09 12:04:02,SPX,7638.25,7698.87,7690.0,568,1131,0.1388,0.005924
2026-09-09 12:04:02,SPX,7638.25,7698.87,7585.0,59,485,0.1633,0.005924
2026-09-09 12:04:02,SPX,7638.25,7698.87,7695.0,377,591,0.1381,0.005924
2026-09-09 12:04:02,SPX,7638.25,7698.87,7580.0,57,2400,0.1652,0.005924
2026-09-09 12:04:02,SPX,7638.25,7698.87,7700.0,2737,0,0.1375,0.005924
2026-09-09 12:04:02,SPX,7638.25,7698.87,7575.0,333,1914,0.1669,0.005924
2026-09-09 12:04:02,SPX,7638.25,7698.87,7705.0,488,1084,0.137,0.005924
2026-09-09 12:04:02,SPX,7638.25,7698.87,7570.0,73,1481,0.1682,0.005924
2026-09-09 12:04:02,SPX,7638.25,7698.87,7710.0,691,1323,0.1365,0.005924
2026-09-09 12:04:02,SPX,7638.25,7698.87,7565.0,23,1033,0.1692,0.005924
2026-09-09 12:04:02,SPX,7638.25,7698.87,7715.0,725,1874,0.1361,0.005924
2026-09-09 12:04:02,SPX,7638.25,7698.87,7560.0,169,1528,0.1701,0.005924
2026-09-09 12:04:02,SPX,7638.25,7698.87,7720.0,2139,699,0.1356,0.005924
2026-09-09 12:04:02,SPX,7638.25,7698.87,7555.0,27,986,0.1714,0.005924
2026-09-09 12:04:02,SPX,7638.25,7698.87,7725.0,1983,2182,0.1351,0.005924
2026-09-09 12:04:02,SPX,7638.25,7698.87,7550.0,139,4605,0.1731,0.005924
2026-09-09 12:04:02,SPX,7638.25,7698.87,7730.0,1167,958,0.1346,0.005924
2026-09-09 12:04:02,SPX,7638.25,7698.87,7545.0,32,2575,0.1747,0.005924
2026-09-09 12:04:02,SPX,7638.25,7698.87,7735.0,753,431,0.1341,0.005924
2026-09-09 12:04:02,SPX,7638.25,7698.87,7540.0,249,1533,0.1759,0.005924
2026-09-09 12:04:02,SPX,7638.25,7698.87,7740.0,2203,1506,0.1336,0.005924
2026-09-09 12:04:02,SPX,7638.25,7698.87,7535.0,36,879,0.1776,0.005924
2026-09-09 12:04:02,SPX,7638.25,7698.87,7745.0,567,232,0.1332,0.005924
2026-09-09 12:04:02,SPX,7638.25,7698.87,7530.0,28,857,0.1796,0.005924
2026-09-09 12:04:02,SPX,7638.25,7698.87,7750.0,4523,2389,0.1329,0.005924
2026-09-09 12:04:02,SPX,7638.25,7698.87,7525.0,45,1657,0.1804,0.005924
2026-09-09 12:04:02,SPX,7638.25,7698.87,7755.0,1268,600,0.1326,0.005924
2026-09-09 12:04:02,SPX,7638.25,7698.87,7520.0,112,1116,0.1817,0.005924
2026-09-09 12:04:02,SPX,7638.25,7698.87,7760.0,812,216,0.1325,0.005924
2026-09-09 12:04:02,SPX,7638.25,7698.87,7515.0,20,476,0.1827,0.005924
2026-09-09 12:34:25,SPX,7634.03,7703.29,7635.0,1364,2167,0.1233,0.000391
2026-09-09 12:34:25,SPX,7634.03,7703.29,7630.0,237,5142,0.1271,0.000391
2026-09-09 12:34:25,SPX,7634.03,7703.29,7640.0,1324,1688,0.1207,0.000391
2026-09-09 12:34:25,SPX,7634.03,7703.29,7625.0,1563,4124,0.1314,0.000391
2026-09-09 12:34:25,SPX,7634.03,7703.29,7645.0,222,1156,0.1208,0.000391
2026-09-09 12:34:25,SPX,7634.03,7703.29,7620.0,267,3866,0.1365,0.000391
2026-09-09 12:34:25,SPX,7634.03,7703.29,7650.0,1323,3219,0.1209,0.000391
2026-09-09 12:34:25,SPX,7634.03,7703.29,7615.0,32,1310,0.1422,0.000391
2026-09-09 12:34:25,SPX,7634.03,7703.29,7655.0,188,1969,0.1222,0.000391
2026-09-09 12:34:25,SPX,7634.03,7703.29,7610.0,56,1508,0.1491,0.000391
2026-09-09 12:34:25,SPX,7634.03,7703.29,7660.0,207,1866,0.1255,0.000391
2026-09-09 12:34:25,SPX,7634.03,7703.29,7605.0,91,1074,0.154,0.000391
2026-09-09 12:34:25,SPX,7634.03,7703.29,7665.0,276,1645,0.1319,0.000391
2026-09-09 12:34:25,SPX,7634.03,7703.29,7600.0,1072,5151,0.1627,0.000391
2026-09-09 12:34:25,SPX,7634.03,7703.29,7670.0,891,1415,0.1398,0.000391
2026-09-09 12:34:25,SPX,7634.03,7703.29,7595.0,32,2707,0.1719,0.000391
2026-09-09 12:34:25,SPX,7634.03,7703.29,7675.0,1180,4660,0.1485,0.000391
2026-09-09 12:34:25,SPX,7634.03,7703.29,7590.0,58,2144,0.1774,0.000391
2026-09-09 12:34:25,SPX,7634.03,7703.29,7680.0,1105,2012,0.1569,0.000391
2026-09-09 12:34:25,SPX,7634.03,7703.29,7585.0,12,1523,0.1891,0.000391
2026-09-09 12:34:25,SPX,7634.03,7703.29,7685.0,1147,1553,0.1654,0.000391
2026-09-09 12:34:25,SPX,7634.03,7703.29,7580.0,21,2646,0.1941,0.000391
2026-09-09 12:34:25,SPX,7634.03,7703.29,7690.0,1384,1025,0.1749,0.000391
2026-09-09 12:34:25,SPX,7634.03,7703.29,7575.0,200,4115,0.2064,0.000391
2026-09-09 12:34:25,SPX,7634.03,7703.29,7695.0,2247,4114,0.1845,0.000391
2026-09-09 12:34:25,SPX,7634.03,7703.29,7570.0,16,1917,0.2111,0.000391
2026-09-09 12:34:25,SPX,7634.03,7703.29,7700.0,3035,2998,0.1939,0.000391
2026-09-09 12:34:25,SPX,7634.03,7703.29,7565.0,13,1446,0.2202,0.000391
2026-09-09 12:34:25,SPX,7634.03,7703.29,7705.0,1268,645,0.2033,0.000391
2026-09-09 12:34:25,SPX,7634.03,7703.29,7560.0,13,1316,0.2323,0.000391
2026-09-09 12:34:25,SPX,7634.03,7703.29,7710.0,1937,500,0.213,0.000391
2026-09-09 12:34:25,SPX,7634.03,7703.29,7555.0,2,1616,0.2437,0.000391
2026-09-09 12:34:25,SPX,7634.03,7703.29,7715.0,1610,320,0.2233,0.000391
2026-09-09 12:34:25,SPX,7634.03,7703.29,7550.0,34,4749,0.2548,0.000391
2026-09-09 12:34:25,SPX,7634.03,7703.29,7720.0,2750,641,0.2344,0.000391
2026-09-09 12:34:25,SPX,7634.03,7703.29,7545.0,0,1267,0.2662,0.000391
2026-09-09 12:34:25,SPX,7634.03,7703.29,7725.0,2492,757,0.246,0.000391
2026-09-09 12:34:25,SPX,7634.03,7703.29,7540.0,4,1737,0.277,0.000391
2026-09-09 12:34:25,SPX,7634.03,7703.29,7730.0,5603,426,0.2578,0.000391
2026-09-09 12:34:25,SPX,7634.03,7703.29,7535.0,2,3608,0.287,0.000391
2026-09-09 12:34:25,SPX,7634.03,7703.29,7735.0,3224,160,0.2694,0.000391
2026-09-09 12:34:25,SPX,7634.03,7703.29,7530.0,7,1777,0.2963,0.000391
2026-09-09 12:34:25,SPX,7634.03,7703.29,7740.0,2657,202,0.2806,0.000391
2026-09-09 12:34:25,SPX,7634.03,7703.29,7525.0,164,13370,0.3054,0.000391
2026-09-09 12:34:25,SPX,7634.03,7703.29,7745.0,1890,211,0.2913,0.000391
2026-09-09 12:34:25,SPX,7634.03,7703.29,7520.0,11,1179,0.3146,0.000391
2026-09-09 12:34:25,SPX,7634.03,7703.29,7750.0,4359,1088,0.3012,0.000391
2026-09-09 12:34:25,SPX,7634.03,7703.29,7515.0,782,5317,0.324,0.000391
2026-09-09 12:34:25,SPX,7634.03,7703.29,7755.0,2061,260,0.3103,0.000391
2026-09-09 12:34:25,SPX,7634.03,7703.29,7510.0,81,675,0.3338,0.000391
2026-09-09 12:34:25,SPX,7634.03,7703.29,7635.0,137,297,0.1303,0.003129
2026-09-09 12:34:25,SPX,7634.03,7703.29,7630.0,77,553,0.1317,0.003129
2026-09-09 12:34:25,SPX,7634.03,7703.29,7640.0,69,314,0.1289,0.003129
2026-09-09 12:34:25,SPX,7634.03,7703.29,7625.0,147,475,0.1333,0.003129
2026-09-09 12:34:25,SPX,7634.03,7703.29,7645.0,62,221,0.1275,0.003129
2026-09-09 12:34:25,SPX,7634.03,7703.29,7620.0,36,715,0.1351,0.003129
2026-09-09 12:34:25,SPX,7634.03,7703.29,7650.0,189,941,0.1261,0.003129
2026-09-09 12:34:25,SPX,7634.03,7703.29,7615.0,17,385,0.1366,0.003129
2026-09-09 12:34:25,SPX,7634.03,7703.29,7655.0,93,244,0.125,0.003129
2026-09-09 12:34:25,SPX,7634.03,7703.29,7610.0,104,997,0.1384,0.003129
2026-09-09 12:34:25,SPX,7634.03,7703.29,7660.0,139,652,0.1235,0.003129
2026-09-09 12:34:25,SPX,7634.03,7703.29,7605.0,62,243,0.1412,0.003129
2026-09-09 12:34:25,SPX,7634.03,7703.29,7665.0,83,551,0.1223,0.003129
2026-09-09 12:34:25,SPX,7634.03,7703.29,7600.0,315,3846,0.1431,0.003129
2026-09-09 12:34:25,SPX,7634.03,7703.29,7670.0,177,440,0.1215,0.003129
2026-09-09 12:34:25,SPX,7634.03,7703.29,7595.0,34,1432,0.144,0.003129
2026-09-09 12:34:25,SPX,7634.03,7703.29,7675.0,561,1528,0.1204,0.003129
2026-09-09 12:34:25,SPX,7634.03,7703.29,7590.0,81,1145,0.1459,0.003129
2026-09-09 12:34:25,SPX,7634.03,7703.29,7680.0,326,1042,0.1191,0.003129
2026-09-09 12:34:25,SPX,7634.03,7703.29,7585.0,93,261,0.1485,0.003129
2026-09-09 12:34:25,SPX,7634.03,7703.29,7685.0,400,888,0.118,0.003129
2026-09-09 12:34:25,SPX,7634.03,7703.29,7580.0,5,369,0.1504,0.003129
2026-09-09 12:34:25,SPX,7634.03,7703.29,7690.0,287,462,0.1174,0.003129
2026-09-09 12:34:25,SPX,7634.03,7703.29,7575.0,46,869,0.1521,0.003129
2026-09-09 12:34:25,SPX,7634.03,7703.29,7695.0,201,331,0.117,0.003129
2026-09-09 12:34:25,SPX,7634.03,7703.29,7570.0,2,484,0.1533,0.003129
2026-09-09 12:34:25,SPX,7634.03,7703.29,7700.0,1900,2224,0.1167,0.003129
2026-09-09 12:34:25,SPX,7634.03,7703.29,7565.0,31,272,0.1554,0.003129
2026-09-09 12:34:25,SPX,7634.03,7703.29,7705.0,345,568,0.1168,0.003129
2026-09-09 12:34:25,SPX,7634.03,7703.29,7560.0,37,494,0.1576,0.003129
2026-09-09 12:34:25,SPX,7634.03,7703.29,7710.0,414,905,0.117,0.003129
2026-09-09 12:34:25,SPX,7634.03,7703.29,7555.0,22,206,0.1588,0.003129
2026-09-09 12:34:25,SPX,7634.03,7703.29,7715.0,404,703,0.1173,0.003129
2026-09-09 12:34:25,SPX,7634.03,7703.29,7550.0,18,833,0.1607,0.003129
2026-09-09 12:34:25,SPX,7634.03,7703.29,7720.0,461,395,0.1176,0.003129
2026-09-09 12:34:25,SPX,7634.03,7703.29,7545.0,0,251,0.1632,0.003129
2026-09-09 12:34:25,SPX,7634.03,7703.29,7725.0,2314,748,0.1179,0.003129
2026-09-09 12:34:25,SPX,7634.03,7703.29,7540.0,40,498,0.1652,0.003129
2026-09-09 12:34:25,SPX,7634.03,7703.29,7730.0,1357,157,0.1183,0.003129
2026-09-09 12:34:25,SPX,7634.03,7703.29,7535.0,3,431,0.1673,0.003129
2026-09-09 12:34:25,SPX,7634.03,7703.29,7735.0,424,163,0.1189,0.003129
2026-09-09 12:34:25,SPX,7634.03,7703.29,7530.0,5,3174,0.1692,0.003129
2026-09-09 12:34:25,SPX,7634.03,7703.29,7740.0,1160,680,0.1198,0.003129
2026-09-09 12:34:25,SPX,7634.03,7703.29,7525.0,138,592,0.1711,0.003129
2026-09-09 12:34:25,SPX,7634.03,7703.29,7745.0,335,121,0.121,0.003129
2026-09-09 12:34:25,SPX,7634.03,7703.29,7520.0,53,3032,0.1727,0.003129
2026-09-09 12:34:25,SPX,7634.03,7703.29,7750.0,3101,698,0.1226,0.003129
2026-09-09 12:34:25,SPX,7634.03,7703.29,7515.0,4,349,0.1744,0.003129
2026-09-09 12:34:25,SPX,7634.03,7703.29,7755.0,1586,62,0.1247,0.003129
2026-09-09 12:34:25,SPX,7634.03,7703.29,7510.0,1,314,0.1763,0.003129
2026-09-09 12:34:25,SPX,7634.03,7703.29,7635.0,139,1109,0.1496,0.005867
2026-09-09 12:34:25,SPX,7634.03,7703.29,7630.0,162,1133,0.1509,0.005867
2026-09-09 12:34:25,SPX,7634.03,7703.29,7640.0,208,1008,0.1484,0.005867
2026-09-09 12:34:25,SPX,7634.03,7703.29,7625.0,224,1989,0.1522,0.005867
2026-09-09 12:34:25,SPX,7634.03,7703.29,7645.0,122,2322,0.1469,0.005867
2026-09-09 12:34:25,SPX,7634.03,7703.29,7620.0,222,809,0.1535,0.005867
2026-09-09 12:34:25,SPX,7634.03,7703.29,7650.0,650,4938,0.1457,0.005867
2026-09-09 12:34:25,SPX,7634.03,7703.29,7615.0,68,508,0.155,0.005867
2026-09-09 12:34:25,SPX,7634.03,7703.29,7655.0,88,1009,0.1449,0.005867
2026-09-09 12:34:25,SPX,7634.03,7703.29,7610.0,111,1232,0.1562,0.005867
2026-09-09 12:34:25,SPX,7634.03,7703.29,7660.0,375,1277,0.1441,0.005867
2026-09-09 12:34:25,SPX,7634.03,7703.29,7605.0,60,655,0.1574,0.005867
2026-09-09 12:34:25,SPX,7634.03,7703.29,7665.0,186,1007,0.1432,0.005867
2026-09-09 12:34:25,SPX,7634.03,7703.29,7600.0,455,3191,0.1586,0.005867
2026-09-09 12:34:25,SPX,7634.03,7703.29,7670.0,218,645,0.1421,0.005867
2026-09-09 12:34:25,SPX,7634.03,7703.29,7595.0,60,588,0.16,0.005867
2026-09-09 12:34:25,SPX,7634.03,7703.29,7675.0,933,1318,0.1408,0.005867
2026-09-09 12:34:25,SPX,7634.03,7703.29,7590.0,68,1332,0.1619,0.005867
2026-09-09 12:34:25,SPX,7634.03,7703.29,7680.0,820,1195,0.1396,0.005867
2026-09-09 12:34:25,SPX,7634.03,7703.29,7585.0,59,485,0.1634,0.005867
2026-09-09 12:34:25,SPX,7634.03,7703.29,7685.0,629,751,0.1384,0.005867
2026-09-09 12:34:25,SPX,7634.03,7703.29,7580.0,57,2400,0.1643,0.005867
2026-09-09 12:34:25,SPX,7634.03,7703.29,7690.0,568,1131,0.1374,0.005867
2026-09-09 12:34:25,SPX,7634.03,7703.29,7575.0,333,1914,0.1653,0.005867
2026-09-09 12:34:25,SPX,7634.03,7703.29,7695.0,377,591,0.1366,0.005867
2026-09-09 12:34:25,SPX,7634.03,7703.29,7570.0,73,1481,0.1667,0.005867
2026-09-09 12:34:25,SPX,7634.03,7703.29,7700.0,2737,4425,0.136,0.005867
2026-09-09 12:34:25,SPX,7634.03,7703.29,7565.0,23,1033,0.1685,0.005867
2026-09-09 12:34:25,SPX,7634.03,7703.29,7705.0,488,1084,0.1355,0.005867
2026-09-09 12:34:25,SPX,7634.03,7703.29,7560.0,169,1528,0.1704,0.005867
2026-09-09 12:34:25,SPX,7634.03,7703.29,7710.0,691,1323,0.135,0.005867
2026-09-09 12:34:25,SPX,7634.03,7703.29,7555.0,27,986,0.1719,0.005867
2026-09-09 12:34:25,SPX,7634.03,7703.29,7715.0,725,1874,0.1345,0.005867
2026-09-09 12:34:25,SPX,7634.03,7703.29,7550.0,139,4605,0.173,0.005867
2026-09-09 12:34:25,SPX,7634.03,7703.29,7720.0,2139,699,0.134,0.005867
2026-09-09 12:34:25,SPX,7634.03,7703.29,7545.0,32,2575,0.174,0.005867
2026-09-09 12:34:25,SPX,7634.03,7703.29,7725.0,1983,2182,0.1334,0.005867
2026-09-09 12:34:25,SPX,7634.03,7703.29,7540.0,249,1533,0.1753,0.005867
2026-09-09 12:34:25,SPX,7634.03,7703.29,7730.0,1167,958,0.1328,0.005867
2026-09-09 12:34:25,SPX,7634.03,7703.29,7535.0,36,879,0.1768,0.005867
2026-09-09 12:34:25,SPX,7634.03,7703.29,7735.0,753,431,0.1324,0.005867
2026-09-09 12:34:25,SPX,7634.03,7703.29,7530.0,28,857,0.1782,0.005867
2026-09-09 12:34:25,SPX,7634.03,7703.29,7740.0,2203,1506,0.132,0.005867
2026-09-09 12:34:25,SPX,7634.03,7703.29,7525.0,45,1657,0.1806,0.005867
2026-09-09 12:34:25,SPX,7634.03,7703.29,7745.0,567,232,0.1318,0.005867
2026-09-09 12:34:25,SPX,7634.03,7703.29,7520.0,112,1116,0.1812,0.005867
2026-09-09 12:34:25,SPX,7634.03,7703.29,7750.0,4523,2389,0.1315,0.005867
2026-09-09 12:34:25,SPX,7634.03,7703.29,7515.0,20,476,0.1829,0.005867
2026-09-09 12:34:25,SPX,7634.03,7703.29,7755.0,1268,600,0.1314,0.005867
2026-09-09 12:34:25,SPX,7634.03,7703.29,7510.0,19,819,0.1839,0.005867
2026-09-09 13:04:52,SPX,7640.8,7698.36,7640.0,1324,1688,0.1251,0.000333
2026-09-09 13:04:52,SPX,7640.8,7698.36,7645.0,222,1156,0.123,0.000333
2026-09-09 13:04:52,SPX,7640.8,7698.36,7635.0,1364,2167,0.1284,0.000333
2026-09-09 13:04:52,SPX,7640.8,7698.36,7650.0,1323,3219,0.1224,0.000333
2026-09-09 13:04:52,SPX,7640.8,7698.36,7630.0,237,5142,0.1333,0.000333
2026-09-09 13:04:52,SPX,7640.8,7698.36,7655.0,188,1969,0.122,0.000333
2026-09-09 13:04:52,SPX,7640.8,7698.36,7625.0,1563,4124,0.1389,0.000333
2026-09-09 13:04:52,SPX,7640.8,7698.36,7660.0,207,1866,0.1254,0.000333
2026-09-09 13:04:52,SPX,7640.8,7698.36,7620.0,267,3866,0.1454,0.000333
2026-09-09 13:04:52,SPX,7640.8,7698.36,7665.0,276,1645,0.1302,0.000333
2026-09-09 13:04:52,SPX,7640.8,7698.36,7615.0,32,1310,0.1548,0.000333
2026-09-09 13:04:52,SPX,7640.8,7698.36,7670.0,891,1415,0.1364,0.000333
2026-09-09 13:04:52,SPX,7640.8,7698.36,7610.0,56,1508,0.161,0.000333
2026-09-09 13:04:52,SPX,7640.8,7698.36,7675.0,1180,4660,0.1447,0.000333
2026-09-09 13:04:52,SPX,7640.8,7698.36,7605.0,91,1074,0.1714,0.000333
2026-09-09 13:04:52,SPX,7640.8,7698.36,7680.0,1105,2012,0.1546,0.000333
2026-09-09 13:04:52,SPX,7640.8,7698.36,7600.0,1072,5151,0.1798,0.000333
2026-09-09 13:04:52,SPX,7640.8,7698.36,7685.0,1147,1553,0.1649,0.000333
2026-09-09 13:04:52,SPX,7640.8,7698.36,7595.0,32,2707,0.1894,0.000333
2026-09-09 13:04:52,SPX,7640.8,7698.36,7690.0,1384,1025,0.1746,0.000333
2026-09-09 13:04:52,SPX,7640.8,7698.36,7590.0,58,2144,0.2,0.000333
2026-09-09 13:04:52,SPX,7640.8,7698.36,7695.0,2247,4114,0.1835,0.000333
2026-09-09 13:04:52,SPX,7640.8,7698.36,7585.0,12,1523,0.2096,0.000333
2026-09-09 13:04:52,SPX,7640.8,7698.36,7700.0,3035,2998,0.1921,0.000333
2026-09-09 13:04:52,SPX,7640.8,7698.36,7580.0,21,2646,0.2206,0.000333
2026-09-09 13:04:52,SPX,7640.8,7698.36,7705.0,1268,645,0.2013,0.000333
2026-09-09 13:04:52,SPX,7640.8,7698.36,7575.0,200,4115,0.2327,0.000333
2026-09-09 13:04:52,SPX,7640.8,7698.36,7710.0,1937,500,0.2116,0.000333
2026-09-09 13:04:52,SPX,7640.8,7698.36,7570.0,16,1917,0.2446,0.000333
2026-09-09 13:04:52,SPX,7640.8,7698.36,7715.0,1610,320,0.2227,0.000333
2026-09-09 13:04:52,SPX,7640.8,7698.36,7565.0,13,1446,0.2567,0.000333
2026-09-09 13:04:52,SPX,7640.8,7698.36,7720.0,2750,641,0.2344,0.000333
2026-09-09 13:04:52,SPX,7640.8,7698.36,7560.0,13,1316,0.2693,0.000333
2026-09-09 13:04:52,SPX,7640.8,7698.36,7725.0,2492,757,0.2463,0.000333
2026-09-09 13:04:52,SPX,7640.8,7698.36,7555.0,2,1616,0.2817,0.000333
2026-09-09 13:04:52,SPX,7640.8,7698.36,7730.0,5603,426,0.2581,0.000333
2026-09-09 13:04:52,SPX,7640.8,7698.36,7550.0,34,4749,0.293,0.000333
2026-09-09 13:04:52,SPX,7640.8,7698.36,7735.0,3224,160,0.2697,0.000333
2026-09-09 13:04:52,SPX,7640.8,7698.36,7545.0,0,1267,0.303,0.000333
2026-09-09 13:04:52,SPX,7640.8,7698.36,7740.0,2657,202,0.2806,0.000333
2026-09-09 13:04:52,SPX,7640.8,7698.36,7540.0,4,1737,0.3122,0.000333
2026-09-09 13:04:52,SPX,7640.8,7698.36,7745.0,1890,211,0.2909,0.000333
2026-09-09 13:04:52,SPX,7640.8,7698.36,7535.0,2,3608,0.3212,0.000333
2026-09-09 13:04:52,SPX,7640.8,7698.36,7750.0,4359,1088,0.3003,0.000333
2026-09-09 13:04:52,SPX,7640.8,7698.36,7530.0,7,1777,0.331,0.000333
2026-09-09 13:04:52,SPX,7640.8,7698.36,7755.0,2061,260,0.3087,0.000333
2026-09-09 13:04:52,SPX,7640.8,7698.36,7525.0,164,13370,0.3418,0.000333
2026-09-09 13:04:52,SPX,7640.8,7698.36,7760.0,2676,104,0.3162,0.000333
2026-09-09 13:04:52,SPX,7640.8,7698.36,7520.0,11,1179,0.3536,0.000333
2026-09-09 13:04:52,SPX,7640.8,7698.36,7765.0,4237,135,0.3228,0.000333
2026-09-09 13:04:52,SPX,7640.8,7698.36,7640.0,69,314,0.1285,0.003071
2026-09-09 13:04:52,SPX,7640.8,7698.36,7645.0,62,221,0.127,0.003071
2026-09-09 13:04:52,SPX,7640.8,7698.36,7635.0,137,297,0.1299,0.003071
2026-09-09 13:04:52,SPX,7640.8,7698.36,7650.0,189,941,0.1256,0.003071
2026-09-09 13:04:52,SPX,7640.8,7698.36,7630.0,77,553,0.132,0.003071
2026-09-09 13:04:52,SPX,7640.8,7698.36,7655.0,93,244,0.1239,0.003071
2026-09-09 13:04:52,SPX,7640.8,7698.36,7625.0,147,475,0.1332,0.003071
2026-09-09 13:04:52,SPX,7640.8,7698.36,7660.0,139,652,0.1224,0.003071
2026-09-09 13:04:52,SPX,7640.8,7698.36,7620.0,36,715,0.1353,0.003071
2026-09-09 13:04:52,SPX,7640.8,7698.36,7665.0,83,551,0.1214,0.003071
2026-09-09 13:04:52,SPX,7640.8,7698.36,7615.0,17,385,0.1371,0.003071
2026-09-09 13:04:52,SPX,7640.8,7698.36,7670.0,177,440,0.1204,0.003071
2026-09-09 13:04:52,SPX,7640.8,7698.36,7610.0,104,997,0.1388,0.003071
2026-09-09 13:04:52,SPX,7640.8,7698.36,7675.0,561,1528,0.1188,0.003071
2026-09-09 13:04:52,SPX,7640.8,7698.36,7605.0,62,243,0.1415,0.003071
2026-09-09 13:04:52,SPX,7640.8,7698.36,7680.0,326,1042,0.1176,0.003071
2026-09-09 13:04:52,SPX,7640.8,7698.36,7600.0,315,3846,0.1426,0.003071
2026-09-09 13:04:52,SPX,7640.8,7698.36,7685.0,400,888,0.1164,0.003071
2026-09-09 13:04:52,SPX,7640.8,7698.36,7595.0,34,1432,0.1442,0.003071
2026-09-09 13:04:52,SPX,7640.8,7698.36,7690.0,287,462,0.1152,0.003071
2026-09-09 13:04:52,SPX,7640.8,7698.36,7590.0,81,1145,0.1467,0.003071
2026-09-09 13:04:52,SPX,7640.8,7698.36,7695.0,201,331,0.1145,0.003071
2026-09-09 13:04:52,SPX,7640.8,7698.36,7585.0,93,261,0.1486,0.003071
2026-09-09 13:04:52,SPX,7640.8,7698.36,7580.0,5,369,0.1501,0.003071
2026-09-09 13:04:52,SPX,7640.8,7698.36,7705.0,345,568,0.114,0.003071
2026-09-09 13:04:52,SPX,7640.8,7698.36,7575.0,46,869,0.151,0.003071
2026-09-09 13:04:52,SPX,7640.8,7698.36,7710.0,414,905,0.1142,0.003071
2026-09-09 13:04:52,SPX,7640.8,7698.36,7570.0,2,484,0.1523,0.003071
2026-09-09 13:04:52,SPX,7640.8,7698.36,7715.0,404,703,0.1146,0.003071
2026-09-09 13:04:52,SPX,7640.8,7698.36,7565.0,31,272,0.1556,0.003071
2026-09-09 13:04:52,SPX,7640.8,7698.36,7720.0,461,395,0.1152,0.003071
2026-09-09 13:04:52,SPX,7640.8,7698.36,7560.0,37,494,0.1578,0.003071
2026-09-09 13:04:52,SPX,7640.8,7698.36,7725.0,2314,748,0.1157,0.003071
2026-09-09 13:04:52,SPX,7640.8,7698.36,7555.0,22,206,0.1582,0.003071
2026-09-09 13:04:52,SPX,7640.8,7698.36,7730.0,1357,157,0.1163,0.003071
2026-09-09 13:04:52,SPX,7640.8,7698.36,7550.0,18,833,0.1598,0.003071
2026-09-09 13:04:52,SPX,7640.8,7698.36,7735.0,424,163,0.117,0.003071
2026-09-09 13:04:52,SPX,7640.8,7698.36,7545.0,0,251,0.1622,0.003071
2026-09-09 13:04:52,SPX,7640.8,7698.36,7740.0,1160,680,0.118,0.003071
2026-09-09 13:04:52,SPX,7640.8,7698.36,7540.0,40,498,0.1645,0.003071
2026-09-09 13:04:52,SPX,7640.8,7698.36,7745.0,335,121,0.1191,0.003071
2026-09-09 13:04:52,SPX,7640.8,7698.36,7535.0,3,431,0.1668,0.003071
2026-09-09 13:04:52,SPX,7640.8,7698.36,7750.0,3101,698,0.1204,0.003071
2026-09-09 13:04:52,SPX,7640.8,7698.36,7530.0,5,3174,0.169,0.003071
2026-09-09 13:04:52,SPX,7640.8,7698.36,7755.0,1586,62,0.122,0.003071
2026-09-09 13:04:52,SPX,7640.8,7698.36,7525.0,138,592,0.1707,0.003071
2026-09-09 13:04:52,SPX,7640.8,7698.36,7760.0,830,120,0.1238,0.003071
2026-09-09 13:04:52,SPX,7640.8,7698.36,7520.0,53,3032,0.1721,0.003071
2026-09-09 13:04:52,SPX,7640.8,7698.36,7765.0,1444,91,0.1258,0.003071
2026-09-09 13:04:52,SPX,7640.8,7698.36,7640.0,208,1008,0.1478,0.005809
2026-09-09 13:04:52,SPX,7640.8,7698.36,7645.0,122,2322,0.1467,0.005809
2026-09-09 13:04:52,SPX,7640.8,7698.36,7635.0,139,1109,0.149,0.005809
2026-09-09 13:04:52,SPX,7640.8,7698.36,7650.0,650,4938,0.1457,0.005809
2026-09-09 13:04:52,SPX,7640.8,7698.36,7630.0,162,1133,0.1505,0.005809
2026-09-09 13:04:52,SPX,7640.8,7698.36,7655.0,88,1009,0.1446,0.005809
2026-09-09 13:04:52,SPX,7640.8,7698.36,7625.0,224,1989,0.1516,0.005809
2026-09-09 13:04:52,SPX,7640.8,7698.36,7660.0,375,1277,0.1435,0.005809
2026-09-09 13:04:52,SPX,7640.8,7698.36,7620.0,222,809,0.1531,0.005809
2026-09-09 13:04:52,SPX,7640.8,7698.36,7665.0,186,1007,0.1425,0.005809
2026-09-09 13:04:52,SPX,7640.8,7698.36,7615.0,68,508,0.1548,0.005809
2026-09-09 13:04:52,SPX,7640.8,7698.36,7670.0,218,645,0.1413,0.005809
2026-09-09 13:04:52,SPX,7640.8,7698.36,7610.0,111,1232,0.1556,0.005809
2026-09-09 13:04:52,SPX,7640.8,7698.36,7675.0,933,1318,0.1401,0.005809
2026-09-09 13:04:52,SPX,7640.8,7698.36,7605.0,60,655,0.157,0.005809
2026-09-09 13:04:52,SPX,7640.8,7698.36,7680.0,820,1195,0.139,0.005809
2026-09-09 13:04:52,SPX,7640.8,7698.36,7600.0,455,3191,0.1582,0.005809
2026-09-09 13:04:52,SPX,7640.8,7698.36,7685.0,629,751,0.138,0.005809
2026-09-09 13:04:52,SPX,7640.8,7698.36,7595.0,60,588,0.1597,0.005809
2026-09-09 13:04:52,SPX,7640.8,7698.36,7690.0,568,1131,0.1371,0.005809
2026-09-09 13:04:52,SPX,7640.8,7698.36,7590.0,68,1332,0.1613,0.005809
2026-09-09 13:04:52,SPX,7640.8,7698.36,7695.0,377,591,0.1364,0.005809
2026-09-09 13:04:52,SPX,7640.8,7698.36,7585.0,59,485,0.1629,0.005809
2026-09-09 13:04:52,SPX,7640.8,7698.36,7700.0,2737,4425,0.1356,0.005809
2026-09-09 13:04:52,SPX,7640.8,7698.36,7580.0,57,2400,0.1643,0.005809
2026-09-09 13:04:52,SPX,7640.8,7698.36,7705.0,488,1084,0.135,0.005809
2026-09-09 13:04:52,SPX,7640.8,7698.36,7575.0,333,1914,0.1653,0.005809
2026-09-09 13:04:52,SPX,7640.8,7698.36,7710.0,691,1323,0.1344,0.005809
2026-09-09 13:04:52,SPX,7640.8,7698.36,7570.0,73,1481,0.1664,0.005809
2026-09-09 13:04:52,SPX,7640.8,7698.36,7715.0,725,1874,0.1337,0.005809
2026-09-09 13:04:52,SPX,7640.8,7698.36,7565.0,23,1033,0.1678,0.005809
2026-09-09 13:04:52,SPX,7640.8,7698.36,7720.0,2139,699,0.133,0.005809
2026-09-09 13:04:52,SPX,7640.8,7698.36,7560.0,169,1528,0.1694,0.005809
2026-09-09 13:04:52,SPX,7640.8,7698.36,7725.0,1983,2182,0.1324,0.005809
2026-09-09 13:04:52,SPX,7640.8,7698.36,7555.0,27,986,0.1711,0.005809
2026-09-09 13:04:52,SPX,7640.8,7698.36,7730.0,1167,958,0.1318,0.005809
2026-09-09 13:04:52,SPX,7640.8,7698.36,7550.0,139,4605,0.1726,0.005809
2026-09-09 13:04:52,SPX,7640.8,7698.36,7735.0,753,431,0.1312,0.005809
2026-09-09 13:04:52,SPX,7640.8,7698.36,7545.0,32,2575,0.1741,0.005809
2026-09-09 13:04:52,SPX,7640.8,7698.36,7740.0,2203,1506,0.1308,0.005809
2026-09-09 13:04:52,SPX,7640.8,7698.36,7540.0,249,1533,0.1753,0.005809
2026-09-09 13:04:52,SPX,7640.8,7698.36,7745.0,567,232,0.1305,0.005809
2026-09-09 13:04:52,SPX,7640.8,7698.36,7535.0,36,879,0.1764,0.005809
2026-09-09 13:04:52,SPX,7640.8,7698.36,7750.0,4523,2389,0.1303,0.005809
2026-09-09 13:04:52,SPX,7640.8,7698.36,7530.0,28,857,0.1777,0.005809
2026-09-09 13:04:52,SPX,7640.8,7698.36,7755.0,1268,600,0.1302,0.005809
2026-09-09 13:04:52,SPX,7640.8,7698.36,7525.0,45,1657,0.179,0.005809
2026-09-09 13:04:52,SPX,7640.8,7698.36,7760.0,812,216,0.1302,0.005809
2026-09-09 13:04:52,SPX,7640.8,7698.36,7520.0,112,1116,0.18,0.005809
2026-09-09 13:04:52,SPX,7640.8,7698.36,7765.0,1872,107,0.1304,0.005809
2026-09-09 13:35:17,SPX,7643.29,7697.96,7645.0,222,1156,0.1154,0.000275
2026-09-09 13:35:17,SPX,7643.29,7697.96,7640.0,1324,1688,0.1193,0.000275
2026-09-09 13:35:17,SPX,7643.29,7697.96,7650.0,1323,3219,0.114,0.000275
2026-09-09 13:35:17,SPX,7643.29,7697.96,7635.0,1364,2167,0.1238,0.000275
2026-09-09 13:35:17,SPX,7643.29,7697.96,7655.0,188,1969,0.1151,0.000275
2026-09-09 13:35:17,SPX,7643.29,7697.96,7630.0,237,5142,0.1288,0.000275
2026-09-09 13:35:17,SPX,7643.29,7697.96,7660.0,207,1866,0.1173,0.000275
2026-09-09 13:35:17,SPX,7643.29,7697.96,7625.0,1563,4124,0.1367,0.000275
2026-09-09 13:35:17,SPX,7643.29,7697.96,7665.0,276,1645,0.1206,0.000275
2026-09-09 13:35:17,SPX,7643.29,7697.96,7620.0,267,3866,0.1436,0.000275
2026-09-09 13:35:17,SPX,7643.29,7697.96,7670.0,891,1415,0.128,0.000275
2026-09-09 13:35:17,SPX,7643.29,7697.96,7615.0,32,1310,0.1539,0.000275
2026-09-09 13:35:17,SPX,7643.29,7697.96,7675.0,1180,4660,0.1382,0.000275
2026-09-09 13:35:17,SPX,7643.29,7697.96,7610.0,56,1508,0.1637,0.000275
2026-09-09 13:35:17,SPX,7643.29,7697.96,7680.0,1105,2012,0.1494,0.000275
2026-09-09 13:35:17,SPX,7643.29,7697.96,7605.0,91,1074,0.1727,0.000275
2026-09-09 13:35:17,SPX,7643.29,7697.96,7685.0,1147,1553,0.1624,0.000275
2026-09-09 13:35:17,SPX,7643.29,7697.96,7600.0,1072,5151,0.1896,0.000275
2026-09-09 13:35:17,SPX,7643.29,7697.96,7690.0,1384,1025,0.1736,0.000275
2026-09-09 13:35:17,SPX,7643.29,7697.96,7595.0,32,2707,0.1964,0.000275
2026-09-09 13:35:17,SPX,7643.29,7697.96,7695.0,2247,4114,0.1841,0.000275
2026-09-09 13:35:17,SPX,7643.29,7697.96,7590.0,58,2144,0.209,0.000275
2026-09-09 13:35:17,SPX,7643.29,7697.96,7700.0,3035,2998,0.1949,0.000275
2026-09-09 13:35:17,SPX,7643.29,7697.96,7585.0,12,1523,0.2221,0.000275
2026-09-09 13:35:17,SPX,7643.29,7697.96,7705.0,1268,645,0.2054,0.000275
2026-09-09 13:35:17,SPX,7643.29,7697.96,7580.0,21,2646,0.2379,0.000275
2026-09-09 13:35:17,SPX,7643.29,7697.96,7710.0,1937,500,0.2154,0.000275
2026-09-09 13:35:17,SPX,7643.29,7697.96,7575.0,200,4115,0.2534,0.000275
2026-09-09 13:35:17,SPX,7643.29,7697.96,7715.0,1610,320,0.2259,0.000275
2026-09-09 13:35:17,SPX,7643.29,7697.96,7570.0,16,1917,0.2676,0.000275
2026-09-09 13:35:17,SPX,7643.29,7697.96,7720.0,2750,641,0.2371,0.000275
2026-09-09 13:35:17,SPX,7643.29,7697.96,7565.0,13,1446,0.2796,0.000275
2026-09-09 13:35:17,SPX,7643.29,7697.96,7725.0,2492,757,0.2491,0.000275
2026-09-09 13:35:17,SPX,7643.29,7697.96,7560.0,13,1316,0.2897,0.000275
2026-09-09 13:35:17,SPX,7643.29,7697.96,7730.0,5603,426,0.2613,0.000275
2026-09-09 13:35:17,SPX,7643.29,7697.96,7555.0,2,1616,0.2994,0.000275
2026-09-09 13:35:17,SPX,7643.29,7697.96,7735.0,3224,160,0.2733,0.000275
2026-09-09 13:35:17,SPX,7643.29,7697.96,7550.0,34,4749,0.3098,0.000275
2026-09-09 13:35:17,SPX,7643.29,7697.96,7740.0,2657,202,0.2847,0.000275
2026-09-09 13:35:17,SPX,7643.29,7697.96,7545.0,0,1267,0.3214,0.000275
2026-09-09 13:35:17,SPX,7643.29,7697.96,7745.0,1890,211,0.2952,0.000275
2026-09-09 13:35:17,SPX,7643.29,7697.96,7540.0,4,1737,0.3342,0.000275
2026-09-09 13:35:17,SPX,7643.29,7697.96,7750.0,4359,1088,0.3048,0.000275
2026-09-09 13:35:17,SPX,7643.29,7697.96,7535.0,2,3608,0.3478,0.000275
2026-09-09 13:35:17,SPX,7643.29,7697.96,7755.0,2061,260,0.3131,0.000275
2026-09-09 13:35:17,SPX,7643.29,7697.96,7530.0,7,1777,0.362,0.000275
2026-09-09 13:35:17,SPX,7643.29,7697.96,7760.0,2676,104,0.3205,0.000275
2026-09-09 13:35:17,SPX,7643.29,7697.96,7525.0,164,13370,0.3764,0.000275
2026-09-09 13:35:17,SPX,7643.29,7697.96,7765.0,4237,135,0.3268,0.000275
2026-09-09 13:35:17,SPX,7643.29,7697.96,7520.0,11,1179,0.3906,0.000275
2026-09-09 13:35:17,SPX,7643.29,7697.96,7645.0,62,221,0.1281,0.003013
2026-09-09 13:35:17,SPX,7643.29,7697.96,7640.0,69,314,0.1298,0.003013
2026-09-09 13:35:17,SPX,7643.29,7697.96,7650.0,189,941,0.1262,0.003013
2026-09-09 13:35:17,SPX,7643.29,7697.96,7635.0,137,297,0.1313,0.003013
2026-09-09 13:35:17,SPX,7643.29,7697.96,7655.0,93,244,0.1247,0.003013
2026-09-09 13:35:17,SPX,7643.29,7697.96,7630.0,77,553,0.133,0.003013
2026-09-09 13:35:17,SPX,7643.29,7697.96,7660.0,139,652,0.1235,0.003013
2026-09-09 13:35:17,SPX,7643.29,7697.96,7625.0,147,475,0.1349,0.003013
2026-09-09 13:35:17,SPX,7643.29,7697.96,7665.0,83,551,0.1223,0.003013
2026-09-09 13:35:17,SPX,7643.29,7697.96,7620.0,36,715,0.1364,0.003013
2026-09-09 13:35:17,SPX,7643.29,7697.96,7670.0,177,440,0.1216,0.003013
2026-09-09 13:35:17,SPX,7643.29,7697.96,7615.0,17,385,0.1384,0.003013
2026-09-09 13:35:17,SPX,7643.29,7697.96,7675.0,561,1528,0.1203,0.003013
2026-09-09 13:35:17,SPX,7643.29,7697.96,7610.0,104,997,0.1408,0.003013
2026-09-09 13:35:17,SPX,7643.29,7697.96,7680.0,326,1042,0.1193,0.003013
2026-09-09 13:35:17,SPX,7643.29,7697.96,7605.0,62,243,0.1424,0.003013
2026-09-09 13:35:17,SPX,7643.29,7697.96,7685.0,400,888,0.1183,0.003013
2026-09-09 13:35:17,SPX,7643.29,7697.96,7600.0,315,3846,0.1436,0.003013
2026-09-09 13:35:17,SPX,7643.29,7697.96,7690.0,287,462,0.1173,0.003013
2026-09-09 13:35:17,SPX,7643.29,7697.96,7595.0,34,1432,0.1453,0.003013
2026-09-09 13:35:17,SPX,7643.29,7697.96,7695.0,201,331,0.1162,0.003013
2026-09-09 13:35:17,SPX,7643.29,7697.96,7590.0,81,1145,0.148,0.003013
2026-09-09 13:35:17,SPX,7643.29,7697.96,7700.0,1900,2224,0.1153,0.003013
2026-09-09 13:35:17,SPX,7643.29,7697.96,7585.0,93,261,0.1501,0.003013
2026-09-09 13:35:17,SPX,7643.29,7697.96,7705.0,345,568,0.1146,0.003013
2026-09-09 13:35:17,SPX,7643.29,7697.96,7580.0,5,369,0.1516,0.003013
2026-09-09 13:35:17,SPX,7643.29,7697.96,7710.0,414,905,0.114,0.003013
2026-09-09 13:35:17,SPX,7643.29,7697.96,7575.0,46,869,0.1522,0.003013
2026-09-09 13:35:17,SPX,7643.29,7697.96,7715.0,404,703,0.1138,0.003013
2026-09-09 13:35:17,SPX,7643.29,7697.96,7570.0,2,484,0.1535,0.003013
2026-09-09 13:35:17,SPX,7643.29,7697.96,7720.0,461,395,0.1141,0.003013
2026-09-09 13:35:17,SPX,7643.29,7697.96,7565.0,31,272,0.1559,0.003013
2026-09-09 13:35:17,SPX,7643.29,7697.96,7725.0,2314,748,0.1146,0.003013
2026-09-09 13:35:17,SPX,7643.29,7697.96,7560.0,37,494,0.1573,0.003013
2026-09-09 13:35:17,SPX,7643.29,7697.96,7730.0,1357,157,0.1154,0.003013
2026-09-09 13:35:17,SPX,7643.29,7697.96,7555.0,22,206,0.1592,0.003013
2026-09-09 13:35:17,SPX,7643.29,7697.96,7735.0,424,163,0.1163,0.003013
2026-09-09 13:35:17,SPX,7643.29,7697.96,7550.0,18,833,0.1611,0.003013
2026-09-09 13:35:17,SPX,7643.29,7697.96,7740.0,1160,680,0.1173,0.003013
2026-09-09 13:35:17,SPX,7643.29,7697.96,7545.0,0,251,0.1631,0.003013
2026-09-09 13:35:17,SPX,7643.29,7697.96,7745.0,335,121,0.1186,0.003013
2026-09-09 13:35:17,SPX,7643.29,7697.96,7540.0,40,498,0.1656,0.003013
2026-09-09 13:35:17,SPX,7643.29,7697.96,7750.0,3101,698,0.12,0.003013
2026-09-09 13:35:17,SPX,7643.29,7697.96,7535.0,3,431,0.1679,0.003013
2026-09-09 13:35:17,SPX,7643.29,7697.96,7755.0,1586,62,0.1216,0.003013
2026-09-09 13:35:17,SPX,7643.29,7697.96,7530.0,5,3174,0.1694,0.003013
2026-09-09 13:35:17,SPX,7643.29,7697.96,7760.0,830,120,0.1234,0.003013
2026-09-09 13:35:17,SPX,7643.29,7697.96,7525.0,138,592,0.1708,0.003013
2026-09-09 13:35:17,SPX,7643.29,7697.96,7765.0,1444,91,0.1253,0.003013
2026-09-09 13:35:17,SPX,7643.29,7697.96,7520.0,53,3032,0.1727,0.003013
2026-09-09 13:35:17,SPX,7643.29,7697.96,7645.0,122,2322,0.1484,0.005751
2026-09-09 13:35:17,SPX,7643.29,7697.96,7640.0,208,1008,0.1496,0.005751
2026-09-09 13:35:17,SPX,7643.29,7697.96,7650.0,650,4938,0.1472,0.005751
2026-09-09 13:35:17,SPX,7643.29,7697.96,7635.0,139,1109,0.1507,0.005751
2026-09-09 13:35:17,SPX,7643.29,7697.96,7655.0,88,1009,0.1462,0.005751
2026-09-09 13:35:17,SPX,7643.29,7697.96,7630.0,162,1133,0.1521,0.005751
2026-09-09 13:35:17,SPX,7643.29,7697.96,7660.0,375,1277,0.1454,0.005751
2026-09-09 13:35:17,SPX,7643.29,7697.96,7625.0,224,1989,0.1533,0.005751
2026-09-09 13:35:17,SPX,7643.29,7697.96,7665.0,186,1007,0.1444,0.005751
2026-09-09 13:35:17,SPX,7643.29,7697.96,7620.0,222,809,0.1547,0.005751
2026-09-09 13:35:17,SPX,7643.29,7697.96,7670.0,218,645,0.1434,0.005751
2026-09-09 13:35:17,SPX,7643.29,7697.96,7615.0,68,508,0.1563,0.005751
2026-09-09 13:35:17,SPX,7643.29,7697.96,7675.0,933,1318,0.1422,0.005751
2026-09-09 13:35:17,SPX,7643.29,7697.96,7610.0,111,1232,0.157,0.005751
2026-09-09 13:35:17,SPX,7643.29,7697.96,7680.0,820,1195,0.1409,0.005751
2026-09-09 13:35:17,SPX,7643.29,7697.96,7605.0,60,655,0.1584,0.005751
2026-09-09 13:35:17,SPX,7643.29,7697.96,7685.0,629,751,0.1398,0.005751
2026-09-09 13:35:17,SPX,7643.29,7697.96,7600.0,455,3191,0.1596,0.005751
2026-09-09 13:35:17,SPX,7643.29,7697.96,7690.0,568,1131,0.1388,0.005751
2026-09-09 13:35:17,SPX,7643.29,7697.96,7595.0,60,588,0.1609,0.005751
2026-09-09 13:35:17,SPX,7643.29,7697.96,7695.0,377,591,0.1381,0.005751
2026-09-09 13:35:17,SPX,7643.29,7697.96,7590.0,68,1332,0.1625,0.005751
2026-09-09 13:35:17,SPX,7643.29,7697.96,7700.0,2737,4425,0.1376,0.005751
2026-09-09 13:35:17,SPX,7643.29,7697.96,7585.0,59,485,0.1643,0.005751
2026-09-09 13:35:17,SPX,7643.29,7697.96,7705.0,488,1084,0.137,0.005751
2026-09-09 13:35:17,SPX,7643.29,7697.96,7580.0,57,2400,0.1659,0.005751
2026-09-09 13:35:17,SPX,7643.29,7697.96,7710.0,691,1323,0.1365,0.005751
2026-09-09 13:35:17,SPX,7643.29,7697.96,7575.0,333,1914,0.167,0.005751
2026-09-09 13:35:17,SPX,7643.29,7697.96,7715.0,725,1874,0.136,0.005751
2026-09-09 13:35:17,SPX,7643.29,7697.96,7570.0,73,1481,0.1678,0.005751
2026-09-09 13:35:17,SPX,7643.29,7697.96,7720.0,2139,699,0.1354,0.005751
2026-09-09 13:35:17,SPX,7643.29,7697.96,7565.0,23,1033,0.1689,0.005751
2026-09-09 13:35:17,SPX,7643.29,7697.96,7725.0,1983,2182,0.1348,0.005751
2026-09-09 13:35:17,SPX,7643.29,7697.96,7560.0,169,1528,0.1705,0.005751
2026-09-09 13:35:17,SPX,7643.29,7697.96,7730.0,1167,958,0.1341,0.005751
2026-09-09 13:35:17,SPX,7643.29,7697.96,7555.0,27,986,0.1724,0.005751
2026-09-09 13:35:17,SPX,7643.29,7697.96,7735.0,753,431,0.1335,0.005751
2026-09-09 13:35:17,SPX,7643.29,7697.96,7550.0,139,4605,0.174,0.005751
2026-09-09 13:35:17,SPX,7643.29,7697.96,7740.0,2203,1506,0.1328,0.005751
2026-09-09 13:35:17,SPX,7643.29,7697.96,7545.0,32,2575,0.1752,0.005751
2026-09-09 13:35:17,SPX,7643.29,7697.96,7745.0,567,232,0.1323,0.005751
2026-09-09 13:35:17,SPX,7643.29,7697.96,7540.0,249,1533,0.1761,0.005751
2026-09-09 13:35:17,SPX,7643.29,7697.96,7750.0,4523,2389,0.1319,0.005751
2026-09-09 13:35:17,SPX,7643.29,7697.96,7535.0,36,879,0.1772,0.005751
2026-09-09 13:35:17,SPX,7643.29,7697.96,7755.0,1268,600,0.1316,0.005751
2026-09-09 13:35:17,SPX,7643.29,7697.96,7530.0,28,857,0.1783,0.005751
2026-09-09 13:35:17,SPX,7643.29,7697.96,7760.0,812,216,0.1315,0.005751
2026-09-09 13:35:17,SPX,7643.29,7697.96,7525.0,45,1657,0.1794,0.005751
2026-09-09 13:35:17,SPX,7643.29,7697.96,7765.0,1872,107,0.1315,0.005751
2026-09-09 13:35:17,SPX,7643.29,7697.96,7520.0,112,1116,0.1813,0.005751
2026-09-09 14:05:45,SPX,7645.25,7696.89,7645.0,222,1156,0.1117,0.000217
2026-09-09 14:05:45,SPX,7645.25,7696.89,7650.0,1323,3219,0.1091,0.000217
2026-09-09 14:05:45,SPX,7645.25,7696.89,7640.0,1324,1688,0.1164,0.000217
2026-09-09 14:05:45,SPX,7645.25,7696.89,7655.0,188,1969,0.1099,0.000217
2026-09-09 14:05:45,SPX,7645.25,7696.89,7635.0,1364,2167,0.1227,0.000217
2026-09-09 14:05:45,SPX,7645.25,7696.89,7660.0,207,1866,0.112,0.000217
2026-09-09 14:05:45,SPX,7645.25,7696.89,7630.0,237,5142,0.1298,0.000217
2026-09-09 14:05:45,SPX,7645.25,7696.89,7665.0,276,1645,0.1172,0.000217
2026-09-09 14:05:45,SPX,7645.25,7696.89,7625.0,1563,4124,0.1386,0.000217
2026-09-09 14:05:45,SPX,7645.25,7696.89,7670.0,891,1415,0.1269,0.000217
2026-09-09 14:05:45,SPX,7645.25,7696.89,7620.0,267,3866,0.1508,0.000217
2026-09-09 14:05:45,SPX,7645.25,7696.89,7675.0,1180,4660,0.1399,0.000217
2026-09-09 14:05:45,SPX,7645.25,7696.89,7615.0,32,1310,0.1615,0.000217
2026-09-09 14:05:45,SPX,7645.25,7696.89,7680.0,1105,2012,0.1512,0.000217
2026-09-09 14:05:45,SPX,7645.25,7696.89,7610.0,56,1508,0.1766,0.000217
2026-09-09 14:05:45,SPX,7645.25,7696.89,7685.0,1147,1553,0.166,0.000217
2026-09-09 14:05:45,SPX,7645.25,7696.89,7605.0,91,1074,0.1932,0.000217
2026-09-09 14:05:45,SPX,7645.25,7696.89,7690.0,1384,1025,0.182,0.000217
2026-09-09 14:05:45,SPX,7645.25,7696.89,7600.0,1072,5151,0.2026,0.000217
2026-09-09 14:05:45,SPX,7645.25,7696.89,7695.0,2247,4114,0.1962,0.000217
2026-09-09 14:05:45,SPX,7645.25,7696.89,7595.0,32,2707,0.2162,0.000217
2026-09-09 14:05:45,SPX,7645.25,7696.89,7700.0,3035,2998,0.2084,0.000217
2026-09-09 14:05:45,SPX,7645.25,7696.89,7590.0,58,2144,0.2355,0.000217
2026-09-09 14:05:45,SPX,7645.25,7696.89,7705.0,1268,645,0.2203,0.000217
2026-09-09 14:05:45,SPX,7645.25,7696.89,7585.0,12,1523,0.2566,0.000217
2026-09-09 14:05:45,SPX,7645.25,7696.89,7710.0,1937,500,0.2331,0.000217
2026-09-09 14:05:45,SPX,7645.25,7696.89,7580.0,21,2646,0.2748,0.000217
2026-09-09 14:05:45,SPX,7645.25,7696.89,7715.0,1610,320,0.2468,0.000217
2026-09-09 14:05:45,SPX,7645.25,7696.89,7575.0,200,4115,0.2887,0.000217
2026-09-09 14:05:45,SPX,7645.25,7696.89,7720.0,2750,641,0.2608,0.000217
2026-09-09 14:05:45,SPX,7645.25,7696.89,7570.0,16,1917,0.2999,0.000217
2026-09-09 14:05:45,SPX,7645.25,7696.89,7725.0,2492,757,0.2743,0.000217
2026-09-09 14:05:45,SPX,7645.25,7696.89,7565.0,13,1446,0.311,0.000217
2026-09-09 14:05:45,SPX,7645.25,7696.89,7730.0,5603,426,0.287,0.000217
2026-09-09 14:05:45,SPX,7645.25,7696.89,7560.0,13,1316,0.3234,0.000217
2026-09-09 14:05:45,SPX,7645.25,7696.89,7735.0,3224,160,0.2987,0.000217
2026-09-09 14:05:45,SPX,7645.25,7696.89,7555.0,2,1616,0.3371,0.000217
2026-09-09 14:05:45,SPX,7645.25,7696.89,7740.0,2657,202,0.3093,0.000217
2026-09-09 14:05:45,SPX,7645.25,7696.89,7550.0,34,4749,0.3517,0.000217
2026-09-09 14:05:45,SPX,7645.25,7696.89,7745.0,1890,211,0.3187,0.000217
2026-09-09 14:05:45,SPX,7645.25,7696.89,7545.0,0,1267,0.3669,0.000217
2026-09-09 14:05:45,SPX,7645.25,7696.89,7750.0,4359,1088,0.3269,0.000217
2026-09-09 14:05:45,SPX,7645.25,7696.89,7540.0,4,1737,0.3827,0.000217
2026-09-09 14:05:45,SPX,7645.25,7696.89,7755.0,2061,260,0.3339,0.000217
2026-09-09 14:05:45,SPX,7645.25,7696.89,7535.0,2,3608,0.3987,0.000217
2026-09-09 14:05:45,SPX,7645.25,7696.89,7760.0,2676,104,0.3399,0.000217
2026-09-09 14:05:45,SPX,7645.25,7696.89,7530.0,7,1777,0.4147,0.000217
2026-09-09 14:05:45,SPX,7645.25,7696.89,7765.0,4237,135,0.3449,0.000217
2026-09-09 14:05:45,SPX,7645.25,7696.89,7525.0,164,13370,0.4305,0.000217
2026-09-09 14:05:45,SPX,7645.25,7696.89,7770.0,2564,111,0.349,0.000217
2026-09-09 14:05:45,SPX,7645.25,7696.89,7645.0,62,221,0.1265,0.002955
2026-09-09 14:05:45,SPX,7645.25,7696.89,7650.0,189,941,0.1249,0.002955
2026-09-09 14:05:45,SPX,7645.25,7696.89,7640.0,69,314,0.1281,0.002955
2026-09-09 14:05:45,SPX,7645.25,7696.89,7655.0,93,244,0.1232,0.002955
2026-09-09 14:05:45,SPX,7645.25,7696.89,7635.0,137,297,0.1295,0.002955
2026-09-09 14:05:45,SPX,7645.25,7696.89,7660.0,139,652,0.1218,0.002955
2026-09-09 14:05:45,SPX,7645.25,7696.89,7630.0,77,553,0.1316,0.002955
2026-09-09 14:05:45,SPX,7645.25,7696.89,7665.0,83,551,0.1207,0.002955
2026-09-09 14:05:45,SPX,7645.25,7696.89,7625.0,147,475,0.1333,0.002955
2026-09-09 14:05:45,SPX,7645.25,7696.89,7670.0,177,440,0.1192,0.002955
2026-09-09 14:05:45,SPX,7645.25,7696.89,7620.0,36,715,0.1347,0.002955
2026-09-09 14:05:45,SPX,7645.25,7696.89,7675.0,561,1528,0.1183,0.002955
2026-09-09 14:05:45,SPX,7645.25,7696.89,7615.0,17,385,0.1365,0.002955
2026-09-09 14:05:45,SPX,7645.25,7696.89,7680.0,326,1042,0.1175,0.002955
2026-09-09 14:05:45,SPX,7645.25,7696.89,7610.0,104,997,0.1395,0.002955
2026-09-09 14:05:45,SPX,7645.25,7696.89,7685.0,400,888,0.1158,0.002955
2026-09-09 14:05:45,SPX,7645.25,7696.89,7605.0,62,243,0.14,0.002955
2026-09-09 14:05:45,SPX,7645.25,7696.89,7690.0,287,462,0.1153,0.002955
2026-09-09 14:05:45,SPX,7645.25,7696.89,7600.0,315,3846,0.1415,0.002955
2026-09-09 14:05:45,SPX,7645.25,7696.89,7695.0,201,331,0.1145,0.002955
2026-09-09 14:05:45,SPX,7645.25,7696.89,7595.0,34,1432,0.1442,0.002955
2026-09-09 14:05:45,SPX,7645.25,7696.89,7700.0,1900,2224,0.1139,0.002955
2026-09-09 14:05:45,SPX,7645.25,7696.89,7590.0,81,1145,0.1457,0.002955
2026-09-09 14:05:45,SPX,7645.25,7696.89,7705.0,345,568,0.1135,0.002955
2026-09-09 14:05:45,SPX,7645.25,7696.89,7585.0,93,261,0.1473,0.002955
2026-09-09 14:05:45,SPX,7645.25,7696.89,7710.0,414,905,0.1129,0.002955
2026-09-09 14:05:45,SPX,7645.25,7696.89,7580.0,5,369,0.148,0.002955
2026-09-09 14:05:45,SPX,7645.25,7696.89,7715.0,404,703,0.1124,0.002955
2026-09-09 14:05:45,SPX,7645.25,7696.89,7575.0,46,869,0.15,0.002955
2026-09-09 14:05:45,SPX,7645.25,7696.89,7720.0,461,395,0.1123,0.002955
2026-09-09 14:05:45,SPX,7645.25,7696.89,7570.0,2,484,0.1524,0.002955
2026-09-09 14:05:45,SPX,7645.25,7696.89,7725.0,2314,748,0.1126,0.002955
2026-09-09 14:05:45,SPX,7645.25,7696.89,7565.0,31,272,0.1534,0.002955
2026-09-09 14:05:45,SPX,7645.25,7696.89,7730.0,1357,157,0.1134,0.002955
2026-09-09 14:05:45,SPX,7645.25,7696.89,7560.0,37,494,0.1553,0.002955
2026-09-09 14:05:45,SPX,7645.25,7696.89,7735.0,424,163,0.1145,0.002955
2026-09-09 14:05:45,SPX,7645.25,7696.89,7555.0,22,206,0.1569,0.002955
2026-09-09 14:05:45,SPX,7645.25,7696.89,7740.0,1160,680,0.1161,0.002955
2026-09-09 14:05:45,SPX,7645.25,7696.89,7550.0,18,833,0.159,0.002955
2026-09-09 14:05:45,SPX,7645.25,7696.89,7745.0,335,121,0.1179,0.002955
2026-09-09 14:05:45,SPX,7645.25,7696.89,7545.0,0,251,0.1613,0.002955
2026-09-09 14:05:45,SPX,7645.25,7696.89,7750.0,3101,698,0.1199,0.002955
2026-09-09 14:05:45,SPX,7645.25,7696.89,7540.0,40,498,0.1637,0.002955
2026-09-09 14:05:45,SPX,7645.25,7696.89,7755.0,1586,62,0.122,0.002955
2026-09-09 14:05:45,SPX,7645.25,7696.89,7535.0,3,431,0.1658,0.002955
2026-09-09 14:05:45,SPX,7645.25,7696.89,7760.0,830,120,0.1243,0.002955
2026-09-09 14:05:45,SPX,7645.25,7696.89,7530.0,5,3174,0.1676,0.002955
2026-09-09 14:05:45,SPX,7645.25,7696.89,7765.0,1444,91,0.1267,0.002955
2026-09-09 14:05:45,SPX,7645.25,7696.89,7525.0,138,592,0.169,0.002955
2026-09-09 14:05:45,SPX,7645.25,7696.89,7770.0,737,69,0.1293,0.002955
2026-09-09 14:05:45,SPX,7645.25,7696.89,7645.0,122,2322,0.1469,0.005693
2026-09-09 14:05:45,SPX,7645.25,7696.89,7650.0,650,4938,0.1459,0.005693
2026-09-09 14:05:45,SPX,7645.25,7696.89,7640.0,208,1008,0.1481,0.005693
2026-09-09 14:05:45,SPX,7645.25,7696.89,7655.0,88,1009,0.1449,0.005693
2026-09-09 14:05:45,SPX,7645.25,7696.89,7635.0,139,1109,0.1494,0.005693
2026-09-09 14:05:45,SPX,7645.25,7696.89,7660.0,375,1277,0.144,0.005693
2026-09-09 14:05:45,SPX,7645.25,7696.89,7630.0,162,1133,0.1506,0.005693
2026-09-09 14:05:45,SPX,7645.25,7696.89,7665.0,186,1007,0.1431,0.005693
2026-09-09 14:05:45,SPX,7645.25,7696.89,7625.0,224,1989,0.152,0.005693
2026-09-09 14:05:45,SPX,7645.25,7696.89,7670.0,218,645,0.1419,0.005693
2026-09-09 14:05:45,SPX,7645.25,7696.89,7620.0,222,809,0.1528,0.005693
2026-09-09 14:05:45,SPX,7645.25,7696.89,7675.0,933,1318,0.1406,0.005693
2026-09-09 14:05:45,SPX,7645.25,7696.89,7615.0,68,508,0.1544,0.005693
2026-09-09 14:05:45,SPX,7645.25,7696.89,7680.0,820,1195,0.1394,0.005693
2026-09-09 14:05:45,SPX,7645.25,7696.89,7610.0,111,1232,0.1558,0.005693
2026-09-09 14:05:45,SPX,7645.25,7696.89,7685.0,629,751,0.1383,0.005693
2026-09-09 14:05:45,SPX,7645.25,7696.89,7605.0,60,655,0.1573,0.005693
2026-09-09 14:05:45,SPX,7645.25,7696.89,7690.0,568,1131,0.1375,0.005693
2026-09-09 14:05:45,SPX,7645.25,7696.89,7600.0,455,3191,0.1586,0.005693
2026-09-09 14:05:45,SPX,7645.25,7696.89,7695.0,377,591,0.1367,0.005693
2026-09-09 14:05:45,SPX,7645.25,7696.89,7595.0,60,588,0.1597,0.005693
2026-09-09 14:05:45,SPX,7645.25,7696.89,7700.0,2737,4425,0.1361,0.005693
2026-09-09 14:05:45,SPX,7645.25,7696.89,7590.0,68,1332,0.1607,0.005693
2026-09-09 14:05:45,SPX,7645.25,7696.89,7705.0,488,1084,0.1355,0.005693
2026-09-09 14:05:45,SPX,7645.25,7696.89,7585.0,59,485,0.1618,0.005693
2026-09-09 14:05:45,SPX,7645.25,7696.89,7710.0,691,1323,0.1349,0.005693
2026-09-09 14:05:45,SPX,7645.25,7696.89,7580.0,57,2400,0.163,0.005693
2026-09-09 14:05:45,SPX,7645.25,7696.89,7715.0,725,1874,0.1343,0.005693
2026-09-09 14:05:45,SPX,7645.25,7696.89,7575.0,333,1914,0.1642,0.005693
2026-09-09 14:05:45,SPX,7645.25,7696.89,7720.0,2139,699,0.1336,0.005693
2026-09-09 14:05:45,SPX,7645.25,7696.89,7570.0,73,1481,0.1656,0.005693
2026-09-09 14:05:45,SPX,7645.25,7696.89,7725.0,1983,2182,0.1329,0.005693
2026-09-09 14:05:45,SPX,7645.25,7696.89,7565.0,23,1033,0.1671,0.005693
2026-09-09 14:05:45,SPX,7645.25,7696.89,7730.0,1167,958,0.1322,0.005693
2026-09-09 14:05:45,SPX,7645.25,7696.89,7560.0,169,1528,0.1686,0.005693
2026-09-09 14:05:45,SPX,7645.25,7696.89,7735.0,753,431,0.1316,0.005693
2026-09-09 14:05:45,SPX,7645.25,7696.89,7555.0,27,986,0.1702,0.005693
2026-09-09 14:05:45,SPX,7645.25,7696.89,7740.0,2203,1506,0.131,0.005693
2026-09-09 14:05:45,SPX,7645.25,7696.89,7550.0,139,4605,0.1718,0.005693
2026-09-09 14:05:45,SPX,7645.25,7696.89,7745.0,567,232,0.1306,0.005693
2026-09-09 14:05:45,SPX,7645.25,7696.89,7545.0,32,2575,0.1732,0.005693
2026-09-09 14:05:45,SPX,7645.25,7696.89,7750.0,4523,2389,0.1303,0.005693
2026-09-09 14:05:45,SPX,7645.25,7696.89,7540.0,249,1533,0.1742,0.005693
2026-09-09 14:05:45,SPX,7645.25,7696.89,7755.0,1268,600,0.1302,0.005693
2026-09-09 14:05:45,SPX,7645.25,7696.89,7535.0,36,879,0.175,0.005693
2026-09-09 14:05:45,SPX,7645.25,7696.89,7760.0,812,216,0.1302,0.005693
2026-09-09 14:05:45,SPX,7645.25,7696.89,7530.0,28,857,0.1768,0.005693
2026-09-09 14:05:45,SPX,7645.25,7696.89,7765.0,1872,107,0.1304,0.005693
2026-09-09 14:05:45,SPX,7645.25,7696.89,7525.0,45,1657,0.1774,0.005693
2026-09-09 14:05:45,SPX,7645.25,7696.89,7770.0,815,240,0.1307,0.005693
2026-09-09 14:36:11,SPX,7642.04,7698.04,7640.0,1324,1688,0.1121,0.000159
2026-09-09 14:36:11,SPX,7642.04,7698.04,7645.0,222,1156,0.1098,0.000159
2026-09-09 14:36:11,SPX,7642.04,7698.04,7635.0,1364,2167,0.129,0.000159
2026-09-09 14:36:11,SPX,7642.04,7698.04,7630.0,237,5142,0.1279,0.000159
2026-09-09 14:36:11,SPX,7642.04,7698.04,7655.0,188,1969,0.1156,0.000159
2026-09-09 14:36:11,SPX,7642.04,7698.04,7625.0,1563,4124,0.138,0.000159
2026-09-09 14:36:11,SPX,7642.04,7698.04,7660.0,207,1866,0.1238,0.000159
2026-09-09 14:36:11,SPX,7642.04,7698.04,7620.0,267,3866,0.1496,0.000159
2026-09-09 14:36:11,SPX,7642.04,7698.04,7665.0,276,1645,0.1364,0.000159
2026-09-09 14:36:11,SPX,7642.04,7698.04,7615.0,32,1310,0.1649,0.000159
2026-09-09 14:36:11,SPX,7642.04,7698.04,7670.0,891,1415,0.1535,0.000159
2026-09-09 14:36:11,SPX,7642.04,7698.04,7610.0,56,1508,0.1828,0.000159
2026-09-09 14:36:11,SPX,7642.04,7698.04,7675.0,1180,4660,0.1708,0.000159
2026-09-09 14:36:11,SPX,7642.04,7698.04,7605.0,91,1074,0.1983,0.000159
2026-09-09 14:36:11,SPX,7642.04,7698.04,7680.0,1105,2012,0.1857,0.000159
2026-09-09 14:36:11,SPX,7642.04,7698.04,7600.0,1072,5151,0.2119,0.000159
2026-09-09 14:36:11,SPX,7642.04,7698.04,7685.0,1147,1553,0.1997,0.000159
2026-09-09 14:36:11,SPX,7642.04,7698.04,7595.0,32,2707,0.2322,0.000159
2026-09-09 14:36:11,SPX,7642.04,7698.04,7690.0,1384,1025,0.2141,0.000159
2026-09-09 14:36:11,SPX,7642.04,7698.04,7590.0,58,2144,0.253,0.000159
2026-09-09 14:36:11,SPX,7642.04,7698.04,7695.0,2247,4114,0.2292,0.000159
2026-09-09 14:36:11,SPX,7642.04,7698.04,7585.0,12,1523,0.2723,0.000159
2026-09-09 14:36:11,SPX,7642.04,7698.04,7700.0,3035,2998,0.2449,0.000159
2026-09-09 14:36:11,SPX,7642.04,7698.04,7580.0,21,2646,0.2886,0.000159
2026-09-09 14:36:11,SPX,7642.04,7698.04,7705.0,1268,645,0.2611,0.000159
2026-09-09 14:36:11,SPX,7642.04,7698.04,7575.0,200,4115,0.3037,0.000159
2026-09-09 14:36:11,SPX,7642.04,7698.04,7710.0,1937,500,0.2769,0.000159
2026-09-09 14:36:11,SPX,7642.04,7698.04,7570.0,16,1917,0.3198,0.000159
2026-09-09 14:36:11,SPX,7642.04,7698.04,7715.0,1610,320,0.2931,0.000159
2026-09-09 14:36:11,SPX,7642.04,7698.04,7565.0,13,1446,0.3375,0.000159
2026-09-09 14:36:11,SPX,7642.04,7698.04,7720.0,2750,641,0.3071,0.000159
2026-09-09 14:36:11,SPX,7642.04,7698.04,7560.0,13,1316,0.3563,0.000159
2026-09-09 14:36:11,SPX,7642.04,7698.04,7725.0,2492,757,0.3197,0.000159
2026-09-09 14:36:11,SPX,7642.04,7698.04,7555.0,2,1616,0.3752,0.000159
2026-09-09 14:36:11,SPX,7642.04,7698.04,7730.0,5603,426,0.3306,0.000159
2026-09-09 14:36:11,SPX,7642.04,7698.04,7550.0,34,4749,0.3937,0.000159
2026-09-09 14:36:11,SPX,7642.04,7698.04,7735.0,3224,160,0.34,0.000159
2026-09-09 14:36:11,SPX,7642.04,7698.04,7545.0,0,1267,0.4116,0.000159
2026-09-09 14:36:11,SPX,7642.04,7698.04,7740.0,2657,202,0.348,0.000159
2026-09-09 14:36:11,SPX,7642.04,7698.04,7540.0,4,1737,0.4289,0.000159
2026-09-09 14:36:11,SPX,7642.04,7698.04,7745.0,1890,211,0.3547,0.000159
2026-09-09 14:36:11,SPX,7642.04,7698.04,7535.0,2,3608,0.446,0.000159
2026-09-09 14:36:11,SPX,7642.04,7698.04,7750.0,4359,1088,0.3602,0.000159
2026-09-09 14:36:11,SPX,7642.04,7698.04,7530.0,7,1777,0.463,0.000159
2026-09-09 14:36:11,SPX,7642.04,7698.04,7755.0,2061,260,0.3645,0.000159
2026-09-09 14:36:11,SPX,7642.04,7698.04,7525.0,164,13370,0.48,0.000159
2026-09-09 14:36:11,SPX,7642.04,7698.04,7760.0,2676,104,0.3678,0.000159
2026-09-09 14:36:11,SPX,7642.04,7698.04,7520.0,11,1179,0.4965,0.000159
2026-09-09 14:36:11,SPX,7642.04,7698.04,7765.0,4237,135,0.3703,0.000159
2026-09-09 14:36:11,SPX,7642.04,7698.04,7640.0,69,314,0.1279,0.002897
2026-09-09 14:36:11,SPX,7642.04,7698.04,7645.0,62,221,0.1265,0.002897
2026-09-09 14:36:11,SPX,7642.04,7698.04,7635.0,137,297,0.1304,0.002897
2026-09-09 14:36:11,SPX,7642.04,7698.04,7650.0,189,941,0.1256,0.002897
2026-09-09 14:36:11,SPX,7642.04,7698.04,7630.0,77,553,0.1315,0.002897
2026-09-09 14:36:11,SPX,7642.04,7698.04,7655.0,93,244,0.1232,0.002897
2026-09-09 14:36:11,SPX,7642.04,7698.04,7625.0,147,475,0.1327,0.002897
2026-09-09 14:36:11,SPX,7642.04,7698.04,7660.0,139,652,0.1218,0.002897
2026-09-09 14:36:11,SPX,7642.04,7698.04,7620.0,36,715,0.1347,0.002897
2026-09-09 14:36:11,SPX,7642.04,7698.04,7665.0,83,551,0.1205,0.002897
2026-09-09 14:36:11,SPX,7642.04,7698.04,7615.0,17,385,0.1364,0.002897
2026-09-09 14:36:11,SPX,7642.04,7698.04,7670.0,177,440,0.1193,0.002897
2026-09-09 14:36:11,SPX,7642.04,7698.04,7610.0,104,997,0.1382,0.002897
2026-09-09 14:36:11,SPX,7642.04,7698.04,7675.0,561,1528,0.1182,0.002897
2026-09-09 14:36:11,SPX,7642.04,7698.04,7605.0,62,243,0.1405,0.002897
2026-09-09 14:36:11,SPX,7642.04,7698.04,7680.0,326,1042,0.1173,0.002897
2026-09-09 14:36:11,SPX,7642.04,7698.04,7600.0,315,3846,0.1413,0.002897
2026-09-09 14:36:11,SPX,7642.04,7698.04,7685.0,400,888,0.1166,0.002897
2026-09-09 14:36:11,SPX,7642.04,7698.04,7595.0,34,1432,0.1426,0.002897
2026-09-09 14:36:11,SPX,7642.04,7698.04,7690.0,287,462,0.116,0.002897
2026-09-09 14:36:11,SPX,7642.04,7698.04,7590.0,81,1145,0.145,0.002897
2026-09-09 14:36:11,SPX,7642.04,7698.04,7695.0,201,331,0.1154,0.002897
2026-09-09 14:36:11,SPX,7642.04,7698.04,7585.0,93,261,0.1473,0.002897
2026-09-09 14:36:11,SPX,7642.04,7698.04,7700.0,1900,2224,0.1147,0.002897
2026-09-09 14:36:11,SPX,7642.04,7698.04,7580.0,5,369,0.1484,0.002897
2026-09-09 14:36:11,SPX,7642.04,7698.04,7705.0,345,568,0.1138,0.002897
2026-09-09 14:36:11,SPX,7642.04,7698.04,7575.0,46,869,0.149,0.002897
2026-09-09 14:36:11,SPX,7642.04,7698.04,7710.0,414,905,0.1133,0.002897
2026-09-09 14:36:11,SPX,7642.04,7698.04,7570.0,2,484,0.1506,0.002897
2026-09-09 14:36:11,SPX,7642.04,7698.04,7715.0,404,703,0.1132,0.002897
2026-09-09 14:36:11,SPX,7642.04,7698.04,7565.0,31,272,0.1537,0.002897
2026-09-09 14:36:11,SPX,7642.04,7698.04,7720.0,461,395,0.1135,0.002897
2026-09-09 14:36:11,SPX,7642.04,7698.04,7560.0,37,494,0.1552,0.002897
2026-09-09 14:36:11,SPX,7642.04,7698.04,7725.0,2314,748,0.1141,0.002897
2026-09-09 14:36:11,SPX,7642.04,7698.04,7555.0,22,206,0.1562,0.002897
2026-09-09 14:36:11,SPX,7642.04,7698.04,7730.0,1357,157,0.115,0.002897
2026-09-09 14:36:11,SPX,7642.04,7698.04,7550.0,18,833,0.158,0.002897
2026-09-09 14:36:11,SPX,7642.04,7698.04,7735.0,424,163,0.1162,0.002897
2026-09-09 14:36:11,SPX,7642.04,7698.04,7545.0,0,251,0.1599,0.002897
2026-09-09 14:36:11,SPX,7642.04,7698.04,7740.0,1160,680,0.1175,0.002897
2026-09-09 14:36:11,SPX,7642.04,7698.04,7540.0,40,498,0.162,0.002897
2026-09-09 14:36:11,SPX,7642.04,7698.04,7745.0,335,121,0.1191,0.002897
2026-09-09 14:36:11,SPX,7642.04,7698.04,7535.0,3,431,0.1646,0.002897
2026-09-09 14:36:11,SPX,7642.04,7698.04,7750.0,3101,698,0.1209,0.002897
2026-09-09 14:36:11,SPX,7642.04,7698.04,7530.0,5,3174,0.1671,0.002897
2026-09-09 14:36:11,SPX,7642.04,7698.04,7755.0,1586,62,0.123,0.002897
2026-09-09 14:36:11,SPX,7642.04,7698.04,7525.0,138,592,0.169,0.002897
2026-09-09 14:36:11,SPX,7642.04,7698.04,7760.0,830,120,0.1252,0.002897
2026-09-09 14:36:11,SPX,7642.04,7698.04,7520.0,53,3032,0.1708,0.002897
2026-09-09 14:36:11,SPX,7642.04,7698.04,7765.0,1444,91,0.1277,0.002897
2026-09-09 14:36:11,SPX,7642.04,7698.04,7640.0,208,1008,0.1477,0.005635
2026-09-09 14:36:11,SPX,7642.04,7698.04,7645.0,122,2322,0.1472,0.005635
2026-09-09 14:36:11,SPX,7642.04,7698.04,7635.0,139,1109,0.1494,0.005635
2026-09-09 14:36:11,SPX,7642.04,7698.04,7650.0,650,4938,0.1457,0.005635
2026-09-09 14:36:11,SPX,7642.04,7698.04,7630.0,162,1133,0.1506,0.005635
2026-09-09 14:36:11,SPX,7642.04,7698.04,7655.0,88,1009,0.1444,0.005635
2026-09-09 14:36:11,SPX,7642.04,7698.04,7625.0,224,1989,0.1517,0.005635
2026-09-09 14:36:11,SPX,7642.04,7698.04,7660.0,375,1277,0.1433,0.005635
2026-09-09 14:36:11,SPX,7642.04,7698.04,7620.0,222,809,0.1532,0.005635
2026-09-09 14:36:11,SPX,7642.04,7698.04,7665.0,186,1007,0.1421,0.005635
2026-09-09 14:36:11,SPX,7642.04,7698.04,7615.0,68,508,0.1541,0.005635
2026-09-09 14:36:11,SPX,7642.04,7698.04,7670.0,218,645,0.1413,0.005635
2026-09-09 14:36:11,SPX,7642.04,7698.04,7610.0,111,1232,0.1554,0.005635
2026-09-09 14:36:11,SPX,7642.04,7698.04,7675.0,933,1318,0.1406,0.005635
2026-09-09 14:36:11,SPX,7642.04,7698.04,7605.0,60,655,0.1564,0.005635
2026-09-09 14:36:11,SPX,7642.04,7698.04,7680.0,820,1195,0.1397,0.005635
2026-09-09 14:36:11,SPX,7642.04,7698.04,7600.0,455,3191,0.1574,0.005635
2026-09-09 14:36:11,SPX,7642.04,7698.04,7685.0,629,751,0.1388,0.005635
2026-09-09 14:36:11,SPX,7642.04,7698.04,7595.0,60,588,0.1589,0.005635
2026-09-09 14:36:11,SPX,7642.04,7698.04,7690.0,568,1131,0.1378,0.005635
2026-09-09 14:36:11,SPX,7642.04,7698.04,7590.0,68,1332,0.1606,0.005635
2026-09-09 14:36:11,SPX,7642.04,7698.04,7695.0,377,591,0.1367,0.005635
2026-09-09 14:36:11,SPX,7642.04,7698.04,7585.0,59,485,0.162,0.005635
2026-09-09 14:36:11,SPX,7642.04,7698.04,7700.0,2737,4425,0.1357,0.005635
2026-09-09 14:36:11,SPX,7642.04,7698.04,7580.0,57,2400,0.1632,0.005635
2026-09-09 14:36:11,SPX,7642.04,7698.04,7705.0,488,1084,0.1348,0.005635
2026-09-09 14:36:11,SPX,7642.04,7698.04,7575.0,333,1914,0.1641,0.005635
2026-09-09 14:36:11,SPX,7642.04,7698.04,7710.0,691,1323,0.134,0.005635
2026-09-09 14:36:11,SPX,7642.04,7698.04,7570.0,73,1481,0.1652,0.005635
2026-09-09 14:36:11,SPX,7642.04,7698.04,7715.0,725,1874,0.1335,0.005635
2026-09-09 14:36:11,SPX,7642.04,7698.04,7565.0,23,1033,0.1665,0.005635
2026-09-09 14:36:11,SPX,7642.04,7698.04,7720.0,2139,699,0.133,0.005635
2026-09-09 14:36:11,SPX,7642.04,7698.04,7560.0,169,1528,0.168,0.005635
2026-09-09 14:36:11,SPX,7642.04,7698.04,7725.0,1983,2182,0.1327,0.005635
2026-09-09 14:36:11,SPX,7642.04,7698.04,7555.0,27,986,0.1696,0.005635
2026-09-09 14:36:11,SPX,7642.04,7698.04,7730.0,1167,958,0.1324,0.005635
2026-09-09 14:36:11,SPX,7642.04,7698.04,7550.0,139,4605,0.171,0.005635
2026-09-09 14:36:11,SPX,7642.04,7698.04,7735.0,753,431,0.1321,0.005635
2026-09-09 14:36:11,SPX,7642.04,7698.04,7545.0,32,2575,0.1723,0.005635
2026-09-09 14:36:11,SPX,7642.04,7698.04,7740.0,2203,1506,0.1317,0.005635
2026-09-09 14:36:11,SPX,7642.04,7698.04,7540.0,249,1533,0.1735,0.005635
2026-09-09 14:36:11,SPX,7642.04,7698.04,7745.0,567,232,0.1314,0.005635
2026-09-09 14:36:11,SPX,7642.04,7698.04,7535.0,36,879,0.1748,0.005635
2026-09-09 14:36:11,SPX,7642.04,7698.04,7750.0,4523,2389,0.131,0.005635
2026-09-09 14:36:11,SPX,7642.04,7698.04,7530.0,28,857,0.176,0.005635
2026-09-09 14:36:11,SPX,7642.04,7698.04,7755.0,1268,600,0.1307,0.005635
2026-09-09 14:36:11,SPX,7642.04,7698.04,7525.0,45,1657,0.1766,0.005635
2026-09-09 14:36:11,SPX,7642.04,7698.04,7760.0,812,216,0.1305,0.005635
2026-09-09 14:36:11,SPX,7642.04,7698.04,7520.0,112,1116,0.1782,0.005635
2026-09-09 14:36:11,SPX,7642.04,7698.04,7765.0,1872,107,0.1304,0.005635
2026-09-09 15:06:37,SPX,7642.32,7698.57,7640.0,1324,1688,0.1258,0.000101
2026-09-09 15:06:37,SPX,7642.32,7698.57,7645.0,222,1156,0.1228,0.000101
2026-09-09 15:06:37,SPX,7642.32,7698.57,7635.0,1364,2167,0.1328,0.000101
2026-09-09 15:06:37,SPX,7642.32,7698.57,7650.0,1323,3219,0.1232,0.000101
2026-09-09 15:06:37,SPX,7642.32,7698.57,7630.0,237,5142,0.1423,0.000101
2026-09-09 15:06:37,SPX,7642.32,7698.57,7655.0,188,1969,0.1287,0.000101
2026-09-09 15:06:37,SPX,7642.32,7698.57,7625.0,1563,4124,0.1572,0.000101
2026-09-09 15:06:37,SPX,7642.32,7698.57,7660.0,207,1866,0.1378,0.000101
2026-09-09 15:06:37,SPX,7642.32,7698.57,7620.0,267,3866,0.1688,0.000101
2026-09-09 15:06:37,SPX,7642.32,7698.57,7665.0,276,1645,0.1519,0.000101
2026-09-09 15:06:37,SPX,7642.32,7698.57,7615.0,32,1310,0.1887,0.000101
2026-09-09 15:06:37,SPX,7642.32,7698.57,7670.0,891,1415,0.1712,0.000101
2026-09-09 15:06:37,SPX,7642.32,7698.57,7610.0,56,1508,0.2074,0.000101
2026-09-09 15:06:37,SPX,7642.32,7698.57,7675.0,1180,4660,0.1916,0.000101
2026-09-09 15:06:37,SPX,7642.32,7698.57,7605.0,91,1074,0.2311,0.000101
2026-09-09 15:06:37,SPX,7642.32,7698.57,7680.0,1105,2012,0.2117,0.000101
2026-09-09 15:06:37,SPX,7642.32,7698.57,7600.0,1072,5151,0.253,0.000101
2026-09-09 15:06:37,SPX,7642.32,7698.57,7685.0,1147,1553,0.2324,0.000101
2026-09-09 15:06:37,SPX,7642.32,7698.57,7595.0,32,2707,0.2683,0.000101
2026-09-09 15:06:37,SPX,7642.32,7698.57,7690.0,1384,1025,0.2527,0.000101
2026-09-09 15:06:37,SPX,7642.32,7698.57,7590.0,58,2144,0.2847,0.000101
2026-09-09 15:06:37,SPX,7642.32,7698.57,7695.0,2247,4114,0.2721,0.000101
2026-09-09 15:06:37,SPX,7642.32,7698.57,7585.0,12,1523,0.3056,0.000101
2026-09-09 15:06:37,SPX,7642.32,7698.57,7700.0,3035,2998,0.2903,0.000101
2026-09-09 15:06:37,SPX,7642.32,7698.57,7580.0,21,2646,0.3296,0.000101
2026-09-09 15:06:37,SPX,7642.32,7698.57,7705.0,1268,645,0.3068,0.000101
2026-09-09 15:06:37,SPX,7642.32,7698.57,7575.0,200,4115,0.3551,0.000101
2026-09-09 15:06:37,SPX,7642.32,7698.57,7710.0,1937,500,0.3214,0.000101
2026-09-09 15:06:37,SPX,7642.32,7698.57,7570.0,16,1917,0.3807,0.000101
2026-09-09 15:06:37,SPX,7642.32,7698.57,7715.0,1610,320,0.3343,0.000101
2026-09-09 15:06:37,SPX,7642.32,7698.57,7565.0,13,1446,0.4049,0.000101
2026-09-09 15:06:37,SPX,7642.32,7698.57,7720.0,2750,641,0.3453,0.000101
2026-09-09 15:06:37,SPX,7642.32,7698.57,7560.0,13,1316,0.4281,0.000101
2026-09-09 15:06:37,SPX,7642.32,7698.57,7725.0,2492,757,0.3547,0.000101
2026-09-09 15:06:37,SPX,7642.32,7698.57,7555.0,2,1616,0.4501,0.000101
2026-09-09 15:06:37,SPX,7642.32,7698.57,7730.0,5603,426,0.3626,0.000101
2026-09-09 15:06:37,SPX,7642.32,7698.57,7550.0,34,4749,0.4711,0.000101
2026-09-09 15:06:37,SPX,7642.32,7698.57,7735.0,3224,160,0.369,0.000101
2026-09-09 15:06:37,SPX,7642.32,7698.57,7545.0,0,1267,0.4905,0.000101
2026-09-09 15:06:37,SPX,7642.32,7698.57,7740.0,2657,202,0.3742,0.000101
2026-09-09 15:06:37,SPX,7642.32,7698.57,7540.0,4,1737,0.5083,0.000101
2026-09-09 15:06:37,SPX,7642.32,7698.57,7745.0,1890,211,0.3782,0.000101
2026-09-09 15:06:37,SPX,7642.32,7698.57,7535.0,2,3608,0.5245,0.000101
2026-09-09 15:06:37,SPX,7642.32,7698.57,7750.0,4359,1088,0.3812,0.000101
2026-09-09 15:06:37,SPX,7642.32,7698.57,7530.0,7,1777,0.5391,0.000101
2026-09-09 15:06:37,SPX,7642.32,7698.57,7755.0,2061,260,0.3831,0.000101
2026-09-09 15:06:37,SPX,7642.32,7698.57,7525.0,164,13370,0.5523,0.000101
2026-09-09 15:06:37,SPX,7642.32,7698.57,7760.0,2676,104,0.3843,0.000101
2026-09-09 15:06:37,SPX,7642.32,7698.57,7520.0,11,1179,0.5637,0.000101
2026-09-09 15:06:37,SPX,7642.32,7698.57,7765.0,4237,135,0.3848,0.000101
2026-09-09 15:06:37,SPX,7642.32,7698.57,7640.0,69,314,0.1281,0.002839
2026-09-09 15:06:37,SPX,7642.32,7698.57,7645.0,62,221,0.1265,0.002839
2026-09-09 15:06:37,SPX,7642.32,7698.57,7635.0,137,297,0.1298,0.002839
2026-09-09 15:06:37,SPX,7642.32,7698.57,7650.0,189,941,0.1247,0.002839
2026-09-09 15:06:37,SPX,7642.32,7698.57,7630.0,77,553,0.1316,0.002839
2026-09-09 15:06:37,SPX,7642.32,7698.57,7655.0,93,244,0.1236,0.002839
2026-09-09 15:06:37,SPX,7642.32,7698.57,7625.0,147,475,0.1332,0.002839
2026-09-09 15:06:37,SPX,7642.32,7698.57,7660.0,139,652,0.1221,0.002839
2026-09-09 15:06:37,SPX,7642.32,7698.57,7620.0,36,715,0.1348,0.002839
2026-09-09 15:06:37,SPX,7642.32,7698.57,7665.0,83,551,0.1206,0.002839
2026-09-09 15:06:37,SPX,7642.32,7698.57,7615.0,17,385,0.1367,0.002839
2026-09-09 15:06:37,SPX,7642.32,7698.57,7670.0,177,440,0.1194,0.002839
2026-09-09 15:06:37,SPX,7642.32,7698.57,7610.0,104,997,0.138,0.002839
2026-09-09 15:06:37,SPX,7642.32,7698.57,7675.0,561,1528,0.1179,0.002839
2026-09-09 15:06:37,SPX,7642.32,7698.57,7605.0,62,243,0.1408,0.002839
2026-09-09 15:06:37,SPX,7642.32,7698.57,7680.0,326,1042,0.1164,0.002839
2026-09-09 15:06:37,SPX,7642.32,7698.57,7600.0,315,3846,0.142,0.002839
2026-09-09 15:06:37,SPX,7642.32,7698.57,7685.0,400,888,0.1149,0.002839
2026-09-09 15:06:37,SPX,7642.32,7698.57,7595.0,34,1432,0.1432,0.002839
2026-09-09 15:06:37,SPX,7642.32,7698.57,7690.0,287,462,0.1139,0.002839
2026-09-09 15:06:37,SPX,7642.32,7698.57,7590.0,81,1145,0.1458,0.002839
2026-09-09 15:06:37,SPX,7642.32,7698.57,7695.0,201,331,0.1134,0.002839
2026-09-09 15:06:37,SPX,7642.32,7698.57,7585.0,93,261,0.1482,0.002839
2026-09-09 15:06:37,SPX,7642.32,7698.57,7700.0,1900,2224,0.113,0.002839
2026-09-09 15:06:37,SPX,7642.32,7698.57,7580.0,5,369,0.1498,0.002839
2026-09-09 15:06:37,SPX,7642.32,7698.57,7705.0,345,568,0.1127,0.002839
2026-09-09 15:06:37,SPX,7642.32,7698.57,7575.0,46,869,0.1501,0.002839
2026-09-09 15:06:37,SPX,7642.32,7698.57,7710.0,414,905,0.1123,0.002839
2026-09-09 15:06:37,SPX,7642.32,7698.57,7570.0,2,484,0.1519,0.002839
2026-09-09 15:06:37,SPX,7642.32,7698.57,7715.0,404,703,0.112,0.002839
2026-09-09 15:06:37,SPX,7642.32,7698.57,7565.0,31,272,0.1555,0.002839
2026-09-09 15:06:37,SPX,7642.32,7698.57,7720.0,461,395,0.1117,0.002839
2026-09-09 15:06:37,SPX,7642.32,7698.57,7560.0,37,494,0.157,0.002839
2026-09-09 15:06:37,SPX,7642.32,7698.57,7725.0,2314,748,0.1117,0.002839
2026-09-09 15:06:37,SPX,7642.32,7698.57,7555.0,22,206,0.158,0.002839
2026-09-09 15:06:37,SPX,7642.32,7698.57,7730.0,1357,157,0.112,0.002839
2026-09-09 15:06:37,SPX,7642.32,7698.57,7550.0,18,833,0.16,0.002839
2026-09-09 15:06:37,SPX,7642.32,7698.57,7735.0,424,163,0.1128,0.002839
2026-09-09 15:06:37,SPX,7642.32,7698.57,7545.0,0,251,0.1624,0.002839
2026-09-09 15:06:37,SPX,7642.32,7698.57,7740.0,1160,680,0.114,0.002839
2026-09-09 15:06:37,SPX,7642.32,7698.57,7540.0,40,498,0.1652,0.002839
2026-09-09 15:06:37,SPX,7642.32,7698.57,7745.0,335,121,0.1156,0.002839
2026-09-09 15:06:37,SPX,7642.32,7698.57,7535.0,3,431,0.1679,0.002839
2026-09-09 15:06:37,SPX,7642.32,7698.57,7750.0,3101,698,0.1176,0.002839
2026-09-09 15:06:37,SPX,7642.32,7698.57,7530.0,5,3174,0.1701,0.002839
2026-09-09 15:06:37,SPX,7642.32,7698.57,7755.0,1586,62,0.1199,0.002839
2026-09-09 15:06:37,SPX,7642.32,7698.57,7525.0,138,592,0.1725,0.002839
2026-09-09 15:06:37,SPX,7642.32,7698.57,7760.0,830,120,0.1223,0.002839
2026-09-09 15:06:37,SPX,7642.32,7698.57,7520.0,53,3032,0.1746,0.002839
2026-09-09 15:06:37,SPX,7642.32,7698.57,7765.0,1444,91,0.1246,0.002839
2026-09-09 15:06:37,SPX,7642.32,7698.57,7640.0,208,1008,0.1476,0.005577
2026-09-09 15:06:37,SPX,7642.32,7698.57,7645.0,122,2322,0.1464,0.005577
2026-09-09 15:06:37,SPX,7642.32,7698.57,7635.0,139,1109,0.1492,0.005577
2026-09-09 15:06:37,SPX,7642.32,7698.57,7650.0,650,4938,0.1452,0.005577
2026-09-09 15:06:37,SPX,7642.32,7698.57,7630.0,162,1133,0.1499,0.005577
2026-09-09 15:06:37,SPX,7642.32,7698.57,7655.0,88,1009,0.1441,0.005577
2026-09-09 15:06:37,SPX,7642.32,7698.57,7625.0,224,1989,0.151,0.005577
2026-09-09 15:06:37,SPX,7642.32,7698.57,7660.0,375,1277,0.143,0.005577
2026-09-09 15:06:37,SPX,7642.32,7698.57,7620.0,222,809,0.1525,0.005577
2026-09-09 15:06:37,SPX,7642.32,7698.57,7665.0,186,1007,0.1419,0.005577
2026-09-09 15:06:37,SPX,7642.32,7698.57,7615.0,68,508,0.1541,0.005577
2026-09-09 15:06:37,SPX,7642.32,7698.57,7670.0,218,645,0.1409,0.005577
2026-09-09 15:06:37,SPX,7642.32,7698.57,7610.0,111,1232,0.1554,0.005577
2026-09-09 15:06:37,SPX,7642.32,7698.57,7675.0,933,1318,0.1402,0.005577
2026-09-09 15:06:37,SPX,7642.32,7698.57,7605.0,60,655,0.1566,0.005577
2026-09-09 15:06:37,SPX,7642.32,7698.57,7680.0,820,1195,0.1394,0.005577
2026-09-09 15:06:37,SPX,7642.32,7698.57,7600.0,455,3191,0.1577,0.005577
2026-09-09 15:06:37,SPX,7642.32,7698.57,7685.0,629,751,0.1383,0.005577
2026-09-09 15:06:37,SPX,7642.32,7698.57,7595.0,60,588,0.1588,0.005577
2026-09-09 15:06:37,SPX,7642.32,7698.57,7690.0,568,1131,0.137,0.005577
2026-09-09 15:06:37,SPX,7642.32,7698.57,7590.0,68,1332,0.16,0.005577
2026-09-09 15:06:37,SPX,7642.32,7698.57,7695.0,377,591,0.1359,0.005577
2026-09-09 15:06:37,SPX,7642.32,7698.57,7585.0,59,485,0.1612,0.005577
2026-09-09 15:06:37,SPX,7642.32,7698.57,7700.0,2737,4425,0.1349,0.005577
2026-09-09 15:06:37,SPX,7642.32,7698.57,7580.0,57,2400,0.1625,0.005577
2026-09-09 15:06:37,SPX,7642.32,7698.57,7705.0,488,1084,0.1342,0.005577
2026-09-09 15:06:37,SPX,7642.32,7698.57,7575.0,333,1914,0.1639,0.005577
2026-09-09 15:06:37,SPX,7642.32,7698.57,7710.0,691,1323,0.1336,0.005577
2026-09-09 15:06:37,SPX,7642.32,7698.57,7570.0,73,1481,0.1654,0.005577
2026-09-09 15:06:37,SPX,7642.32,7698.57,7715.0,725,1874,0.1331,0.005577
2026-09-09 15:06:37,SPX,7642.32,7698.57,7565.0,23,1033,0.1671,0.005577
2026-09-09 15:06:37,SPX,7642.32,7698.57,7720.0,2139,699,0.1326,0.005577
2026-09-09 15:06:37,SPX,7642.32,7698.57,7560.0,169,1528,0.1685,0.005577
2026-09-09 15:06:37,SPX,7642.32,7698.57,7725.0,1983,2182,0.1321,0.005577
2026-09-09 15:06:37,SPX,7642.32,7698.57,7555.0,27,986,0.1697,0.005577
2026-09-09 15:06:37,SPX,7642.32,7698.57,7730.0,1167,958,0.1315,0.005577
2026-09-09 15:06:37,SPX,7642.32,7698.57,7550.0,139,4605,0.1709,0.005577
2026-09-09 15:06:37,SPX,7642.32,7698.57,7735.0,753,431,0.1309,0.005577
2026-09-09 15:06:37,SPX,7642.32,7698.57,7545.0,32,2575,0.1718,0.005577
2026-09-09 15:06:37,SPX,7642.32,7698.57,7740.0,2203,1506,0.1304,0.005577
2026-09-09 15:06:37,SPX,7642.32,7698.57,7540.0,249,1533,0.1731,0.005577
2026-09-09 15:06:37,SPX,7642.32,7698.57,7745.0,567,232,0.1299,0.005577
2026-09-09 15:06:37,SPX,7642.32,7698.57,7535.0,36,879,0.1756,0.005577
2026-09-09 15:06:37,SPX,7642.32,7698.57,7750.0,4523,2389,0.1294,0.005577
2026-09-09 15:06:37,SPX,7642.32,7698.57,7530.0,28,857,0.1764,0.005577
2026-09-09 15:06:37,SPX,7642.32,7698.57,7755.0,1268,600,0.1291,0.005577
2026-09-09 15:06:37,SPX,7642.32,7698.57,7525.0,45,1657,0.1775,0.005577
2026-09-09 15:06:37,SPX,7642.32,7698.57,7760.0,812,216,0.1288,0.005577
2026-09-09 15:06:37,SPX,7642.32,7698.57,7520.0,112,1116,0.179,0.005577
2026-09-09 15:06:37,SPX,7642.32,7698.57,7765.0,1872,107,0.1287,0.005577
2026-09-09 15:37:03,SPX,7644.28,7699.78,7645.0,222,1156,0.1295,4.4e-05
2026-09-09 15:37:03,SPX,7644.28,7699.78,7640.0,1324,1688,0.1348,4.4e-05
2026-09-09 15:37:03,SPX,7644.28,7699.78,7650.0,1323,3219,0.1312,4.4e-05
2026-09-09 15:37:03,SPX,7644.28,7699.78,7635.0,1364,2167,0.1494,4.4e-05
2026-09-09 15:37:03,SPX,7644.28,7699.78,7655.0,188,1969,0.1376,4.4e-05
2026-09-09 15:37:03,SPX,7644.28,7699.78,7630.0,237,5142,0.1709,4.4e-05
2026-09-09 15:37:03,SPX,7644.28,7699.78,7660.0,207,1866,0.1544,4.4e-05
2026-09-09 15:37:03,SPX,7644.28,7699.78,7625.0,1563,4124,0.1976,4.4e-05
2026-09-09 15:37:03,SPX,7644.28,7699.78,7665.0,276,1645,0.1837,4.4e-05
2026-09-09 15:37:03,SPX,7644.28,7699.78,7620.0,267,3866,0.231,4.4e-05
2026-09-09 15:37:03,SPX,7644.28,7699.78,7670.0,891,1415,0.1242,4.4e-05
2026-09-09 15:37:03,SPX,7644.28,7699.78,7615.0,32,1310,0.265,4.4e-05
2026-09-09 15:37:03,SPX,7644.28,7699.78,7675.0,1180,4660,0.1499,4.4e-05
2026-09-09 15:37:03,SPX,7644.28,7699.78,7610.0,56,1508,0.2902,4.4e-05
2026-09-09 15:37:03,SPX,7644.28,7699.78,7680.0,1105,2012,0.1865,4.4e-05
2026-09-09 15:37:03,SPX,7644.28,7699.78,7605.0,91,1074,0.3222,4.4e-05
2026-09-09 15:37:03,SPX,7644.28,7699.78,7685.0,1147,1553,0.2267,4.4e-05
2026-09-09 15:37:03,SPX,7644.28,7699.78,7600.0,1072,5151,0.3554,4.4e-05
2026-09-09 15:37:03,SPX,7644.28,7699.78,7690.0,1384,1025,0.2636,4.4e-05
2026-09-09 15:37:03,SPX,7644.28,7699.78,7595.0,32,2707,0.3855,4.4e-05
2026-09-09 15:37:03,SPX,7644.28,7699.78,7695.0,2247,4114,0.294,4.4e-05
2026-09-09 15:37:03,SPX,7644.28,7699.78,7590.0,58,2144,0.4122,4.4e-05
2026-09-09 15:37:03,SPX,7644.28,7699.78,7700.0,3035,2998,0.3182,4.4e-05
2026-09-09 15:37:03,SPX,7644.28,7699.78,7585.0,12,1523,0.4362,4.4e-05
2026-09-09 15:37:03,SPX,7644.28,7699.78,7705.0,1268,645,0.3375,4.4e-05
2026-09-09 15:37:03,SPX,7644.28,7699.78,7580.0,21,2646,0.4598,4.4e-05
2026-09-09 15:37:03,SPX,7644.28,7699.78,7710.0,1937,500,0.3535,4.4e-05
2026-09-09 15:37:03,SPX,7644.28,7699.78,7575.0,200,4115,0.4788,4.4e-05
2026-09-09 15:37:03,SPX,7644.28,7699.78,7715.0,1610,320,0.3638,4.4e-05
2026-09-09 15:37:03,SPX,7644.28,7699.78,7570.0,16,1917,0.4965,4.4e-05
2026-09-09 15:37:03,SPX,7644.28,7699.78,7720.0,2750,641,0.3714,4.4e-05
2026-09-09 15:37:03,SPX,7644.28,7699.78,7565.0,13,1446,0.5125,4.4e-05
2026-09-09 15:37:03,SPX,7644.28,7699.78,7725.0,2492,757,0.3768,4.4e-05
2026-09-09 15:37:03,SPX,7644.28,7699.78,7560.0,13,1316,0.5268,4.4e-05
2026-09-09 15:37:03,SPX,7644.28,7699.78,7730.0,5603,426,0.3805,4.4e-05
2026-09-09 15:37:03,SPX,7644.28,7699.78,7555.0,2,1616,0.5388,4.4e-05
2026-09-09 15:37:03,SPX,7644.28,7699.78,7735.0,3224,160,0.3829,4.4e-05
2026-09-09 15:37:03,SPX,7644.28,7699.78,7550.0,34,4749,0.549,4.4e-05
2026-09-09 15:37:03,SPX,7644.28,7699.78,7740.0,2657,202,0.3845,4.4e-05
2026-09-09 15:37:03,SPX,7644.28,7699.78,7545.0,0,1267,0.5607,4.4e-05
2026-09-09 15:37:03,SPX,7644.28,7699.78,7745.0,1890,211,0.3852,4.4e-05
2026-09-09 15:37:03,SPX,7644.28,7699.78,7540.0,4,1737,0.5674,4.4e-05
2026-09-09 15:37:03,SPX,7644.28,7699.78,7750.0,4359,1088,0.3855,4.4e-05
2026-09-09 15:37:03,SPX,7644.28,7699.78,7535.0,2,3608,0.572,4.4e-05
2026-09-09 15:37:03,SPX,7644.28,7699.78,7755.0,2061,260,0.3852,4.4e-05
2026-09-09 15:37:03,SPX,7644.28,7699.78,7530.0,7,1777,0.5751,4.4e-05
2026-09-09 15:37:03,SPX,7644.28,7699.78,7760.0,2676,104,0.3846,4.4e-05
2026-09-09 15:37:03,SPX,7644.28,7699.78,7525.0,164,13370,0.5768,4.4e-05
2026-09-09 15:37:03,SPX,7644.28,7699.78,7765.0,4237,135,0.3838,4.4e-05
2026-09-09 15:37:03,SPX,7644.28,7699.78,7520.0,11,1179,0.5773,4.4e-05
2026-09-09 15:37:03,SPX,7644.28,7699.78,7645.0,62,221,0.1269,0.002781
2026-09-09 15:37:03,SPX,7644.28,7699.78,7640.0,69,314,0.1287,0.002781
2026-09-09 15:37:03,SPX,7644.28,7699.78,7650.0,189,941,0.1252,0.002781
2026-09-09 15:37:03,SPX,7644.28,7699.78,7635.0,137,297,0.1303,0.002781
2026-09-09 15:37:03,SPX,7644.28,7699.78,7655.0,93,244,0.1235,0.002781
2026-09-09 15:37:03,SPX,7644.28,7699.78,7630.0,77,553,0.132,0.002781
2026-09-09 15:37:03,SPX,7644.28,7699.78,7660.0,139,652,0.1219,0.002781
2026-09-09 15:37:03,SPX,7644.28,7699.78,7625.0,147,475,0.1337,0.002781
2026-09-09 15:37:03,SPX,7644.28,7699.78,7665.0,83,551,0.12,0.002781
2026-09-09 15:37:03,SPX,7644.28,7699.78,7620.0,36,715,0.1354,0.002781
2026-09-09 15:37:03,SPX,7644.28,7699.78,7670.0,177,440,0.1178,0.002781
2026-09-09 15:37:03,SPX,7644.28,7699.78,7615.0,17,385,0.1371,0.002781
2026-09-09 15:37:03,SPX,7644.28,7699.78,7675.0,561,1528,0.1158,0.002781
2026-09-09 15:37:03,SPX,7644.28,7699.78,7610.0,104,997,0.139,0.002781
2026-09-09 15:37:03,SPX,7644.28,7699.78,7680.0,326,1042,0.1143,0.002781
2026-09-09 15:37:03,SPX,7644.28,7699.78,7605.0,62,243,0.1403,0.002781
2026-09-09 15:37:03,SPX,7644.28,7699.78,7685.0,400,888,0.1134,0.002781
2026-09-09 15:37:03,SPX,7644.28,7699.78,7600.0,315,3846,0.1429,0.002781
2026-09-09 15:37:03,SPX,7644.28,7699.78,7690.0,287,462,0.1126,0.002781
2026-09-09 15:37:03,SPX,7644.28,7699.78,7595.0,34,1432,0.1446,0.002781
2026-09-09 15:37:03,SPX,7644.28,7699.78,7695.0,201,331,0.1119,0.002781
2026-09-09 15:37:03,SPX,7644.28,7699.78,7590.0,81,1145,0.1472,0.002781
2026-09-09 15:37:03,SPX,7644.28,7699.78,7700.0,1900,2224,0.1111,0.002781
2026-09-09 15:37:03,SPX,7644.28,7699.78,7585.0,93,261,0.1476,0.002781
2026-09-09 15:37:03,SPX,7644.28,7699.78,7705.0,345,568,0.1104,0.002781
2026-09-09 15:37:03,SPX,7644.28,7699.78,7580.0,5,369,0.1491,0.002781
2026-09-09 15:37:03,SPX,7644.28,7699.78,7710.0,414,905,0.1098,0.002781
2026-09-09 15:37:03,SPX,7644.28,7699.78,7575.0,46,869,0.152,0.002781
2026-09-09 15:37:03,SPX,7644.28,7699.78,7715.0,404,703,0.1094,0.002781
2026-09-09 15:37:03,SPX,7644.28,7699.78,7570.0,2,484,0.1533,0.002781
2026-09-09 15:37:03,SPX,7644.28,7699.78,7720.0,461,395,0.1093,0.002781
2026-09-09 15:37:03,SPX,7644.28,7699.78,7565.0,31,272,0.1552,0.002781
2026-09-09 15:37:03,SPX,7644.28,7699.78,7725.0,2314,748,0.1096,0.002781
2026-09-09 15:37:03,SPX,7644.28,7699.78,7560.0,37,494,0.1568,0.002781
2026-09-09 15:37:03,SPX,7644.28,7699.78,7730.0,1357,157,0.1103,0.002781
2026-09-09 15:37:03,SPX,7644.28,7699.78,7555.0,22,206,0.1591,0.002781
2026-09-09 15:37:03,SPX,7644.28,7699.78,7735.0,424,163,0.1115,0.002781
2026-09-09 15:37:03,SPX,7644.28,7699.78,7550.0,18,833,0.1618,0.002781
2026-09-09 15:37:03,SPX,7644.28,7699.78,7740.0,1160,680,0.1131,0.002781
2026-09-09 15:37:03,SPX,7644.28,7699.78,7545.0,0,251,0.1641,0.002781
2026-09-09 15:37:03,SPX,7644.28,7699.78,7745.0,335,121,0.1152,0.002781
2026-09-09 15:37:03,SPX,7644.28,7699.78,7540.0,40,498,0.1667,0.002781
2026-09-09 15:37:03,SPX,7644.28,7699.78,7750.0,3101,698,0.1175,0.002781
2026-09-09 15:37:03,SPX,7644.28,7699.78,7535.0,3,431,0.1692,0.002781
2026-09-09 15:37:03,SPX,7644.28,7699.78,7755.0,1586,62,0.1201,0.002781
2026-09-09 15:37:03,SPX,7644.28,7699.78,7530.0,5,3174,0.1711,0.002781
2026-09-09 15:37:03,SPX,7644.28,7699.78,7760.0,830,120,0.1229,0.002781
2026-09-09 15:37:03,SPX,7644.28,7699.78,7525.0,138,592,0.1731,0.002781
2026-09-09 15:37:03,SPX,7644.28,7699.78,7765.0,1444,91,0.1258,0.002781
2026-09-09 15:37:03,SPX,7644.28,7699.78,7520.0,53,3032,0.1756,0.002781
2026-09-09 15:37:03,SPX,7644.28,7699.78,7645.0,122,2322,0.1469,0.005519
2026-09-09 15:37:03,SPX,7644.28,7699.78,7640.0,208,1008,0.1486,0.005519
2026-09-09 15:37:03,SPX,7644.28,7699.78,7650.0,650,4938,0.1459,0.005519
2026-09-09 15:37:03,SPX,7644.28,7699.78,7635.0,139,1109,0.1494,0.005519
2026-09-09 15:37:03,SPX,7644.28,7699.78,7655.0,88,1009,0.1444,0.005519
2026-09-09 15:37:03,SPX,7644.28,7699.78,7630.0,162,1133,0.1506,0.005519
2026-09-09 15:37:03,SPX,7644.28,7699.78,7660.0,375,1277,0.1432,0.005519
2026-09-09 15:37:03,SPX,7644.28,7699.78,7625.0,224,1989,0.1521,0.005519
2026-09-09 15:37:03,SPX,7644.28,7699.78,7665.0,186,1007,0.1419,0.005519
2026-09-09 15:37:03,SPX,7644.28,7699.78,7620.0,222,809,0.1532,0.005519
2026-09-09 15:37:03,SPX,7644.28,7699.78,7670.0,218,645,0.1408,0.005519
2026-09-09 15:37:03,SPX,7644.28,7699.78,7615.0,68,508,0.1549,0.005519
2026-09-09 15:37:03,SPX,7644.28,7699.78,7675.0,933,1318,0.1397,0.005519
2026-09-09 15:37:03,SPX,7644.28,7699.78,7610.0,111,1232,0.1567,0.005519
2026-09-09 15:37:03,SPX,7644.28,7699.78,7680.0,820,1195,0.1388,0.005519
2026-09-09 15:37:03,SPX,7644.28,7699.78,7605.0,60,655,0.158,0.005519
2026-09-09 15:37:03,SPX,7644.28,7699.78,7685.0,629,751,0.1381,0.005519
2026-09-09 15:37:03,SPX,7644.28,7699.78,7600.0,455,3191,0.1589,0.005519
2026-09-09 15:37:03,SPX,7644.28,7699.78,7690.0,568,1131,0.1372,0.005519
2026-09-09 15:37:03,SPX,7644.28,7699.78,7595.0,60,588,0.1598,0.005519
2026-09-09 15:37:03,SPX,7644.28,7699.78,7695.0,377,591,0.1361,0.005519
2026-09-09 15:37:03,SPX,7644.28,7699.78,7590.0,68,1332,0.1612,0.005519
2026-09-09 15:37:03,SPX,7644.28,7699.78,7700.0,2737,4425,0.1349,0.005519
2026-09-09 15:37:03,SPX,7644.28,7699.78,7585.0,59,485,0.163,0.005519
2026-09-09 15:37:03,SPX,7644.28,7699.78,7705.0,488,1084,0.1338,0.005519
2026-09-09 15:37:03,SPX,7644.28,7699.78,7580.0,57,2400,0.1649,0.005519
2026-09-09 15:37:03,SPX,7644.28,7699.78,7710.0,691,1323,0.1329,0.005519
2026-09-09 15:37:03,SPX,7644.28,7699.78,7575.0,0,1914,0.1666,0.005519
2026-09-09 15:37:03,SPX,7644.28,7699.78,7715.0,725,1874,0.1321,0.005519
2026-09-09 15:37:03,SPX,7644.28,7699.78,7570.0,73,1481,0.1681,0.005519
2026-09-09 15:37:03,SPX,7644.28,7699.78,7720.0,2139,699,0.1316,0.005519
2026-09-09 15:37:03,SPX,7644.28,7699.78,7565.0,23,1033,0.1694,0.005519
2026-09-09 15:37:03,SPX,7644.28,7699.78,7725.0,1983,2182,0.1312,0.005519
2026-09-09 15:37:03,SPX,7644.28,7699.78,7560.0,169,1528,0.1706,0.005519
2026-09-09 15:37:03,SPX,7644.28,7699.78,7730.0,1167,958,0.1308,0.005519
2026-09-09 15:37:03,SPX,7644.28,7699.78,7555.0,27,986,0.1718,0.005519
2026-09-09 15:37:03,SPX,7644.28,7699.78,7735.0,753,431,0.1305,0.005519
2026-09-09 15:37:03,SPX,7644.28,7699.78,7550.0,139,4605,0.1731,0.005519
2026-09-09 15:37:03,SPX,7644.28,7699.78,7740.0,2203,1506,0.1301,0.005519
2026-09-09 15:37:03,SPX,7644.28,7699.78,7545.0,32,2575,0.1744,0.005519
2026-09-09 15:37:03,SPX,7644.28,7699.78,7745.0,567,232,0.1297,0.005519
2026-09-09 15:37:03,SPX,7644.28,7699.78,7540.0,249,1533,0.1768,0.005519
2026-09-09 15:37:03,SPX,7644.28,7699.78,7750.0,4523,2389,0.1293,0.005519
2026-09-09 15:37:03,SPX,7644.28,7699.78,7535.0,36,879,0.1777,0.005519
2026-09-09 15:37:03,SPX,7644.28,7699.78,7755.0,1268,600,0.1289,0.005519
2026-09-09 15:37:03,SPX,7644.28,7699.78,7530.0,28,857,0.1789,0.005519
2026-09-09 15:37:03,SPX,7644.28,7699.78,7760.0,812,216,0.1286,0.005519
2026-09-09 15:37:03,SPX,7644.28,7699.78,7525.0,45,1657,0.1807,0.005519
2026-09-09 15:37:03,SPX,7644.28,7699.78,7765.0,1872,107,0.1284,0.005519
2026-09-09 15:37:03,SPX,7644.28,7699.78,7520.0,112,1116,0.1825,0.005519
