timestamp,symbol,spot,gflip,strike,oi_call,oi_put,iv,T
2026-08-26 09:35:57,SPX,7675.12,7675.1,7675.0,2650,2552,0.1229,0.00073
2026-08-26 09:35:57,SPX,7675.12,7675.1,7680.0,3968,2547,0.1214,0.00073
2026-08-26 09:35:57,SPX,7675.12,7675.1,7670.0,2542,2418,0.1249,0.00073
2026-08-26 09:35:57,SPX,7675.12,7675.1,7685.0,1570,515,0.1206,0.00073
2026-08-26 09:35:57,SPX,7675.12,7675.1,7665.0,733,1337,0.1268,0.00073
2026-08-26 09:35:57,SPX,7675.12,7675.1,7690.0,2192,522,0.1199,0.00073
2026-08-26 09:35:57,SPX,7675.12,7675.1,7660.0,571,2665,0.1297,0.00073
2026-08-26 09:35:57,SPX,7675.12,7675.1,7695.0,1154,284,0.121,0.00073
2026-08-26 09:35:57,SPX,7675.12,7675.1,7655.0,723,4474,0.1326,0.00073
2026-08-26 09:35:57,SPX,7675.12,7675.1,7700.0,4795,2023,0.1219,0.00073
2026-08-26 09:35:57,SPX,7675.12,7675.1,7650.0,4032,5488,0.1363,0.00073
2026-08-26 09:35:57,SPX,7675.12,7675.1,7705.0,2011,372,0.1237,0.00073
2026-08-26 09:35:57,SPX,7675.12,7675.1,7645.0,185,1210,0.1411,0.00073
2026-08-26 09:35:57,SPX,7675.12,7675.1,7710.0,2677,390,0.1264,0.00073
2026-08-26 09:35:57,SPX,7675.12,7675.1,7640.0,269,1302,0.1444,0.00073
2026-08-26 09:35:57,SPX,7675.12,7675.1,7715.0,4333,256,0.13,0.00073
2026-08-26 09:35:57,SPX,7675.12,7675.1,7635.0,270,2101,0.1479,0.00073
2026-08-26 09:35:57,SPX,7675.12,7675.1,7720.0,2607,278,0.1346,0.00073
2026-08-26 09:35:57,SPX,7675.12,7675.1,7630.0,372,2082,0.1539,0.00073
2026-08-26 09:35:57,SPX,7675.12,7675.1,7725.0,4671,519,0.1397,0.00073
2026-08-26 09:35:57,SPX,7675.12,7675.1,7625.0,1138,2845,0.1581,0.00073
2026-08-26 09:35:57,SPX,7675.12,7675.1,7730.0,3313,318,0.1451,0.00073
2026-08-26 09:35:57,SPX,7675.12,7675.1,7620.0,747,2807,0.1643,0.00073
2026-08-26 09:35:57,SPX,7675.12,7675.1,7735.0,1759,137,0.1509,0.00073
2026-08-26 09:35:57,SPX,7675.12,7675.1,7615.0,58,1361,0.1695,0.00073
2026-08-26 09:35:57,SPX,7675.12,7675.1,7740.0,1928,177,0.1569,0.00073
2026-08-26 09:35:57,SPX,7675.12,7675.1,7610.0,112,1581,0.1764,0.00073
2026-08-26 09:35:57,SPX,7675.12,7675.1,7745.0,1767,160,0.163,0.00073
2026-08-26 09:35:57,SPX,7675.12,7675.1,7605.0,56,1229,0.1803,0.00073
2026-08-26 09:35:57,SPX,7675.12,7675.1,7750.0,4097,2333,0.1694,0.00073
2026-08-26 09:35:57,SPX,7675.12,7675.1,7600.0,322,4592,0.1857,0.00073
2026-08-26 09:35:57,SPX,7675.12,7675.1,7755.0,2787,96,0.1759,0.00073
2026-08-26 09:35:57,SPX,7675.12,7675.1,7595.0,59,2571,0.1919,0.00073
2026-08-26 09:35:57,SPX,7675.12,7675.1,7760.0,2078,151,0.1822,0.00073
2026-08-26 09:35:57,SPX,7675.12,7675.1,7590.0,47,1339,0.1991,0.00073
2026-08-26 09:35:57,SPX,7675.12,7675.1,7765.0,1039,141,0.1886,0.00073
2026-08-26 09:35:57,SPX,7675.12,7675.1,7585.0,110,1632,0.207,0.00073
2026-08-26 09:35:57,SPX,7675.12,7675.1,7770.0,1992,157,0.1952,0.00073
2026-08-26 09:35:57,SPX,7675.12,7675.1,7580.0,257,2202,0.2143,0.00073
2026-08-26 09:35:57,SPX,7675.12,7675.1,7775.0,4247,108,0.2021,0.00073
2026-08-26 09:35:57,SPX,7675.12,7675.1,7575.0,124,2042,0.2209,0.00073
2026-08-26 09:35:57,SPX,7675.12,7675.1,7780.0,1636,71,0.2095,0.00073
2026-08-26 09:35:57,SPX,7675.12,7675.1,7570.0,693,1380,0.2268,0.00073
2026-08-26 09:35:57,SPX,7675.12,7675.1,7785.0,2518,114,0.217,0.00073
2026-08-26 09:35:57,SPX,7675.12,7675.1,7565.0,31,1929,0.2324,0.00073
2026-08-26 09:35:57,SPX,7675.12,7675.1,7790.0,2304,80,0.2246,0.00073
2026-08-26 09:35:57,SPX,7675.12,7675.1,7560.0,89,2744,0.2378,0.00073
2026-08-26 09:35:57,SPX,7675.12,7675.1,7795.0,4067,35,0.2319,0.00073
2026-08-26 09:35:57,SPX,7675.12,7675.1,7555.0,13,741,0.2434,0.00073
2026-08-26 09:35:57,SPX,7675.12,7675.1,7800.0,5750,322,0.2388,0.00073
2026-08-26 09:35:57,SPX,7675.12,7675.1,7675.0,306,1566,0.1492,0.003468
2026-08-26 09:35:57,SPX,7675.12,7675.1,7680.0,415,405,0.1486,0.003468
2026-08-26 09:35:57,SPX,7675.12,7675.1,7670.0,559,463,0.1505,0.003468
2026-08-26 09:35:57,SPX,7675.12,7675.1,7685.0,187,265,0.148,0.003468
2026-08-26 09:35:57,SPX,7675.12,7675.1,7665.0,182,331,0.1511,0.003468
2026-08-26 09:35:57,SPX,7675.12,7675.1,7690.0,300,414,0.1473,0.003468
2026-08-26 09:35:57,SPX,7675.12,7675.1,7660.0,158,287,0.152,0.003468
2026-08-26 09:35:57,SPX,7675.12,7675.1,7695.0,426,198,0.147,0.003468
2026-08-26 09:35:57,SPX,7675.12,7675.1,7655.0,128,508,0.1532,0.003468
2026-08-26 09:35:57,SPX,7675.12,7675.1,7700.0,1747,2261,0.1466,0.003468
2026-08-26 09:35:57,SPX,7675.12,7675.1,7650.0,533,1380,0.1542,0.003468
2026-08-26 09:35:57,SPX,7675.12,7675.1,7705.0,202,155,0.1459,0.003468
2026-08-26 09:35:57,SPX,7675.12,7675.1,7645.0,145,388,0.1551,0.003468
2026-08-26 09:35:57,SPX,7675.12,7675.1,7710.0,458,91,0.1448,0.003468
2026-08-26 09:35:57,SPX,7675.12,7675.1,7640.0,62,305,0.1564,0.003468
2026-08-26 09:35:57,SPX,7675.12,7675.1,7715.0,1274,3043,0.1437,0.003468
2026-08-26 09:35:57,SPX,7675.12,7675.1,7635.0,42,282,0.1576,0.003468
2026-08-26 09:35:57,SPX,7675.12,7675.1,7720.0,462,164,0.1427,0.003468
2026-08-26 09:35:57,SPX,7675.12,7675.1,7630.0,61,498,0.1589,0.003468
2026-08-26 09:35:57,SPX,7675.12,7675.1,7725.0,3508,2156,0.142,0.003468
2026-08-26 09:35:57,SPX,7675.12,7675.1,7625.0,828,1563,0.1598,0.003468
2026-08-26 09:35:57,SPX,7675.12,7675.1,7730.0,275,124,0.1417,0.003468
2026-08-26 09:35:57,SPX,7675.12,7675.1,7620.0,167,357,0.1609,0.003468
2026-08-26 09:35:57,SPX,7675.12,7675.1,7735.0,2399,2075,0.1417,0.003468
2026-08-26 09:35:57,SPX,7675.12,7675.1,7615.0,43,291,0.162,0.003468
2026-08-26 09:35:57,SPX,7675.12,7675.1,7740.0,404,141,0.1418,0.003468
2026-08-26 09:35:57,SPX,7675.12,7675.1,7610.0,116,293,0.1632,0.003468
2026-08-26 09:35:57,SPX,7675.12,7675.1,7745.0,215,164,0.1419,0.003468
2026-08-26 09:35:57,SPX,7675.12,7675.1,7605.0,121,328,0.1645,0.003468
2026-08-26 09:35:57,SPX,7675.12,7675.1,7750.0,2116,248,0.142,0.003468
2026-08-26 09:35:57,SPX,7675.12,7675.1,7600.0,1078,1747,0.1653,0.003468
2026-08-26 09:35:57,SPX,7675.12,7675.1,7755.0,343,67,0.1419,0.003468
2026-08-26 09:35:57,SPX,7675.12,7675.1,7595.0,30,242,0.1669,0.003468
2026-08-26 09:35:57,SPX,7675.12,7675.1,7760.0,712,120,0.1417,0.003468
2026-08-26 09:35:57,SPX,7675.12,7675.1,7590.0,53,571,0.1684,0.003468
2026-08-26 09:35:57,SPX,7675.12,7675.1,7765.0,471,82,0.1414,0.003468
2026-08-26 09:35:57,SPX,7675.12,7675.1,7585.0,22,305,0.1699,0.003468
2026-08-26 09:35:57,SPX,7675.12,7675.1,7770.0,336,167,0.1412,0.003468
2026-08-26 09:35:57,SPX,7675.12,7675.1,7580.0,76,564,0.1716,0.003468
2026-08-26 09:35:57,SPX,7675.12,7675.1,7775.0,629,116,0.1411,0.003468
2026-08-26 09:35:57,SPX,7675.12,7675.1,7575.0,292,2281,0.1731,0.003468
2026-08-26 09:35:57,SPX,7675.12,7675.1,7780.0,488,92,0.1411,0.003468
2026-08-26 09:35:57,SPX,7675.12,7675.1,7570.0,68,3315,0.1742,0.003468
2026-08-26 09:35:57,SPX,7675.12,7675.1,7785.0,420,70,0.1414,0.003468
2026-08-26 09:35:57,SPX,7675.12,7675.1,7565.0,26,262,0.1754,0.003468
2026-08-26 09:35:57,SPX,7675.12,7675.1,7790.0,0,114,0.1419,0.003468
2026-08-26 09:35:57,SPX,7675.12,7675.1,7560.0,15,414,0.1766,0.003468
2026-08-26 09:35:57,SPX,7675.12,7675.1,7795.0,0,36,0.1426,0.003468
2026-08-26 09:35:57,SPX,7675.12,7675.1,7800.0,2218,413,0.1436,0.003468
2026-08-26 09:35:57,SPX,7675.12,7675.1,7675.0,2111,1740,0.1508,0.006206
2026-08-26 09:35:57,SPX,7675.12,7675.1,7680.0,811,805,0.1499,0.006206
2026-08-26 09:35:57,SPX,7675.12,7675.1,7670.0,562,1218,0.1517,0.006206
2026-08-26 09:35:57,SPX,7675.12,7675.1,7685.0,538,711,0.1489,0.006206
2026-08-26 09:35:57,SPX,7675.12,7675.1,7665.0,410,882,0.1525,0.006206
2026-08-26 09:35:57,SPX,7675.12,7675.1,7690.0,631,1445,0.148,0.006206
2026-08-26 09:35:57,SPX,7675.12,7675.1,7660.0,1241,1416,0.1534,0.006206
2026-08-26 09:35:57,SPX,7675.12,7675.1,7695.0,491,323,0.1472,0.006206
2026-08-26 09:35:57,SPX,7675.12,7675.1,7655.0,288,400,0.1542,0.006206
2026-08-26 09:35:57,SPX,7675.12,7675.1,7700.0,4930,5969,0.1464,0.006206
2026-08-26 09:35:57,SPX,7675.12,7675.1,7650.0,1994,3352,0.155,0.006206
2026-08-26 09:35:57,SPX,7675.12,7675.1,7705.0,475,522,0.1454,0.006206
2026-08-26 09:35:57,SPX,7675.12,7675.1,7645.0,116,616,0.1563,0.006206
2026-08-26 09:35:57,SPX,7675.12,7675.1,7710.0,1078,554,0.145,0.006206
2026-08-26 09:35:57,SPX,7675.12,7675.1,7640.0,1104,1681,0.1568,0.006206
2026-08-26 09:35:57,SPX,7675.12,7675.1,7715.0,554,492,0.1442,0.006206
2026-08-26 09:35:57,SPX,7675.12,7675.1,7635.0,166,713,0.1572,0.006206
2026-08-26 09:35:57,SPX,7675.12,7675.1,7720.0,1775,441,0.1438,0.006206
2026-08-26 09:35:57,SPX,7675.12,7675.1,7630.0,623,1339,0.1578,0.006206
2026-08-26 09:35:57,SPX,7675.12,7675.1,7725.0,2638,1672,0.1435,0.006206
2026-08-26 09:35:57,SPX,7675.12,7675.1,7625.0,1365,1234,0.1594,0.006206
2026-08-26 09:35:57,SPX,7675.12,7675.1,7730.0,2541,415,0.143,0.006206
2026-08-26 09:35:57,SPX,7675.12,7675.1,7620.0,594,780,0.1601,0.006206
2026-08-26 09:35:57,SPX,7675.12,7675.1,7735.0,359,217,0.1426,0.006206
2026-08-26 09:35:57,SPX,7675.12,7675.1,7615.0,163,558,0.1616,0.006206
2026-08-26 09:35:57,SPX,7675.12,7675.1,7740.0,995,1064,0.1416,0.006206
2026-08-26 09:35:57,SPX,7675.12,7675.1,7610.0,398,814,0.1613,0.006206
2026-08-26 09:35:57,SPX,7675.12,7675.1,7745.0,533,236,0.1407,0.006206
2026-08-26 09:35:57,SPX,7675.12,7675.1,7605.0,82,509,0.1619,0.006206
2026-08-26 09:35:57,SPX,7675.12,7675.1,7750.0,2688,2577,0.14,0.006206
2026-08-26 09:35:57,SPX,7675.12,7675.1,7600.0,901,3239,0.1642,0.006206
2026-08-26 09:35:57,SPX,7675.12,7675.1,7755.0,621,457,0.1394,0.006206
2026-08-26 09:35:57,SPX,7675.12,7675.1,7595.0,80,953,0.1644,0.006206
2026-08-26 09:35:57,SPX,7675.12,7675.1,7760.0,1101,681,0.1389,0.006206
2026-08-26 09:35:57,SPX,7675.12,7675.1,7590.0,632,1716,0.1645,0.006206
2026-08-26 09:35:57,SPX,7675.12,7675.1,7765.0,635,164,0.1386,0.006206
2026-08-26 09:35:57,SPX,7675.12,7675.1,7585.0,96,577,0.1667,0.006206
2026-08-26 09:35:57,SPX,7675.12,7675.1,7770.0,1726,277,0.1384,0.006206
2026-08-26 09:35:57,SPX,7675.12,7675.1,7580.0,228,3073,0.1671,0.006206
2026-08-26 09:35:57,SPX,7675.12,7675.1,7775.0,1547,695,0.1382,0.006206
2026-08-26 09:35:57,SPX,7675.12,7675.1,7575.0,419,1112,0.1675,0.006206
2026-08-26 09:35:57,SPX,7675.12,7675.1,7780.0,1642,433,0.138,0.006206
2026-08-26 09:35:57,SPX,7675.12,7675.1,7570.0,1579,1354,0.1694,0.006206
2026-08-26 09:35:57,SPX,7675.12,7675.1,7785.0,1127,545,0.1377,0.006206
2026-08-26 09:35:57,SPX,7675.12,7675.1,7565.0,34,995,0.1698,0.006206
2026-08-26 09:35:57,SPX,7675.12,7675.1,7790.0,2374,290,0.1374,0.006206
2026-08-26 09:35:57,SPX,7675.12,7675.1,7560.0,313,767,0.1708,0.006206
2026-08-26 09:35:57,SPX,7675.12,7675.1,7795.0,696,102,0.1371,0.006206
2026-08-26 09:35:57,SPX,7675.12,7675.1,7555.0,989,643,0.1722,0.006206
2026-08-26 09:35:57,SPX,7675.12,7675.1,7800.0,5846,1228,0.1367,0.006206
2026-08-26 10:06:25,SPX,7687.16,7675.67,7685.0,1570,515,0.1161,0.000672
2026-08-26 10:06:25,SPX,7687.16,7675.67,7690.0,2192,522,0.1148,0.000672
2026-08-26 10:06:25,SPX,7687.16,7675.67,7680.0,3968,2547,0.1131,0.000672
2026-08-26 10:06:25,SPX,7687.16,7675.67,7695.0,1154,284,0.1131,0.000672
2026-08-26 10:06:25,SPX,7687.16,7675.67,7675.0,2650,2552,0.1218,0.000672
2026-08-26 10:06:25,SPX,7687.16,7675.67,7700.0,4795,2023,0.1138,0.000672
2026-08-26 10:06:25,SPX,7687.16,7675.67,7670.0,2542,2418,0.1256,0.000672
2026-08-26 10:06:25,SPX,7687.16,7675.67,7705.0,2011,372,0.1144,0.000672
2026-08-26 10:06:25,SPX,7687.16,7675.67,7665.0,733,1337,0.1311,0.000672
2026-08-26 10:06:25,SPX,7687.16,7675.67,7710.0,2677,390,0.1155,0.000672
2026-08-26 10:06:25,SPX,7687.16,7675.67,7660.0,571,2665,0.1347,0.000672
2026-08-26 10:06:25,SPX,7687.16,7675.67,7715.0,4333,256,0.1175,0.000672
2026-08-26 10:06:25,SPX,7687.16,7675.67,7655.0,723,4474,0.1408,0.000672
2026-08-26 10:06:25,SPX,7687.16,7675.67,7720.0,2607,278,0.1205,0.000672
2026-08-26 10:06:25,SPX,7687.16,7675.67,7650.0,4032,5488,0.1456,0.000672
2026-08-26 10:06:25,SPX,7687.16,7675.67,7725.0,4671,519,0.1253,0.000672
2026-08-26 10:06:25,SPX,7687.16,7675.67,7645.0,185,1210,0.1519,0.000672
2026-08-26 10:06:25,SPX,7687.16,7675.67,7730.0,3313,318,0.1319,0.000672
2026-08-26 10:06:25,SPX,7687.16,7675.67,7640.0,269,1302,0.1574,0.000672
2026-08-26 10:06:25,SPX,7687.16,7675.67,7735.0,1759,137,0.1381,0.000672
2026-08-26 10:06:25,SPX,7687.16,7675.67,7635.0,270,2101,0.1623,0.000672
2026-08-26 10:06:25,SPX,7687.16,7675.67,7740.0,1928,177,0.1432,0.000672
2026-08-26 10:06:25,SPX,7687.16,7675.67,7630.0,372,2082,0.1673,0.000672
2026-08-26 10:06:25,SPX,7687.16,7675.67,7745.0,1767,160,0.1479,0.000672
2026-08-26 10:06:25,SPX,7687.16,7675.67,7625.0,1138,2845,0.1755,0.000672
2026-08-26 10:06:25,SPX,7687.16,7675.67,7750.0,4097,2333,0.1528,0.000672
2026-08-26 10:06:25,SPX,7687.16,7675.67,7620.0,747,2807,0.1815,0.000672
2026-08-26 10:06:25,SPX,7687.16,7675.67,7755.0,2787,96,0.1585,0.000672
2026-08-26 10:06:25,SPX,7687.16,7675.67,7615.0,58,1361,0.1857,0.000672
2026-08-26 10:06:25,SPX,7687.16,7675.67,7760.0,2078,151,0.1649,0.000672
2026-08-26 10:06:25,SPX,7687.16,7675.67,7610.0,112,1581,0.15,0.000672
2026-08-26 10:06:25,SPX,7687.16,7675.67,7765.0,1039,141,0.15,0.000672
2026-08-26 10:06:25,SPX,7687.16,7675.67,7605.0,56,1229,0.15,0.000672
2026-08-26 10:06:25,SPX,7687.16,7675.67,7770.0,1992,157,0.15,0.000672
2026-08-26 10:06:25,SPX,7687.16,7675.67,7600.0,322,4592,0.15,0.000672
2026-08-26 10:06:25,SPX,7687.16,7675.67,7775.0,4247,108,0.15,0.000672
2026-08-26 10:06:25,SPX,7687.16,7675.67,7595.0,59,2571,0.15,0.000672
2026-08-26 10:06:25,SPX,7687.16,7675.67,7780.0,1636,0,0.1948,0.000672
2026-08-26 10:06:25,SPX,7687.16,7675.67,7800.0,0,322,0.2237,0.000672
2026-08-26 10:06:25,SPX,7687.16,7675.67,7570.0,693,1380,0.2513,0.000672
2026-08-26 10:06:25,SPX,7687.16,7675.67,7805.0,1045,69,0.2298,0.000672
2026-08-26 10:06:25,SPX,7687.16,7675.67,7565.0,31,1929,0.2581,0.000672
2026-08-26 10:06:25,SPX,7687.16,7675.67,7810.0,1261,39,0.2353,0.000672
2026-08-26 10:06:25,SPX,7687.16,7675.67,7685.0,187,265,0.1431,0.00341
2026-08-26 10:06:25,SPX,7687.16,7675.67,7690.0,300,414,0.1424,0.00341
2026-08-26 10:06:25,SPX,7687.16,7675.67,7680.0,415,405,0.1441,0.00341
2026-08-26 10:06:25,SPX,7687.16,7675.67,7695.0,426,198,0.1414,0.00341
2026-08-26 10:06:25,SPX,7687.16,7675.67,7675.0,306,1566,0.1453,0.00341
2026-08-26 10:06:25,SPX,7687.16,7675.67,7700.0,1747,2261,0.1406,0.00341
2026-08-26 10:06:25,SPX,7687.16,7675.67,7670.0,559,463,0.1462,0.00341
2026-08-26 10:06:25,SPX,7687.16,7675.67,7705.0,202,155,0.1398,0.00341
2026-08-26 10:06:25,SPX,7687.16,7675.67,7665.0,182,331,0.147,0.00341
2026-08-26 10:06:25,SPX,7687.16,7675.67,7710.0,458,91,0.1393,0.00341
2026-08-26 10:06:25,SPX,7687.16,7675.67,7660.0,158,287,0.1481,0.00341
2026-08-26 10:06:25,SPX,7687.16,7675.67,7715.0,1274,3043,0.1389,0.00341
2026-08-26 10:06:25,SPX,7687.16,7675.67,7655.0,128,508,0.149,0.00341
2026-08-26 10:06:25,SPX,7687.16,7675.67,7720.0,462,164,0.1383,0.00341
2026-08-26 10:06:25,SPX,7687.16,7675.67,7650.0,533,1380,0.1504,0.00341
2026-08-26 10:06:25,SPX,7687.16,7675.67,7725.0,3508,2156,0.1378,0.00341
2026-08-26 10:06:25,SPX,7687.16,7675.67,7645.0,145,388,0.152,0.00341
2026-08-26 10:06:25,SPX,7687.16,7675.67,7730.0,275,124,0.1371,0.00341
2026-08-26 10:06:25,SPX,7687.16,7675.67,7640.0,62,305,0.1524,0.00341
2026-08-26 10:06:25,SPX,7687.16,7675.67,7735.0,2399,2075,0.1362,0.00341
2026-08-26 10:06:25,SPX,7687.16,7675.67,7635.0,42,282,0.1537,0.00341
2026-08-26 10:06:25,SPX,7687.16,7675.67,7740.0,404,141,0.1353,0.00341
2026-08-26 10:06:25,SPX,7687.16,7675.67,7630.0,61,498,0.1551,0.00341
2026-08-26 10:06:25,SPX,7687.16,7675.67,7745.0,215,164,0.1347,0.00341
2026-08-26 10:06:25,SPX,7687.16,7675.67,7625.0,828,1563,0.1565,0.00341
2026-08-26 10:06:25,SPX,7687.16,7675.67,7750.0,2116,248,0.1345,0.00341
2026-08-26 10:06:25,SPX,7687.16,7675.67,7620.0,167,357,0.1574,0.00341
2026-08-26 10:06:25,SPX,7687.16,7675.67,7755.0,343,67,0.1345,0.00341
2026-08-26 10:06:25,SPX,7687.16,7675.67,7615.0,43,291,0.1594,0.00341
2026-08-26 10:06:25,SPX,7687.16,7675.67,7760.0,712,120,0.1347,0.00341
2026-08-26 10:06:25,SPX,7687.16,7675.67,7610.0,116,293,0.1609,0.00341
2026-08-26 10:06:25,SPX,7687.16,7675.67,7765.0,471,82,0.1349,0.00341
2026-08-26 10:06:25,SPX,7687.16,7675.67,7605.0,121,328,0.163,0.00341
2026-08-26 10:06:25,SPX,7687.16,7675.67,7770.0,336,167,0.1349,0.00341
2026-08-26 10:06:25,SPX,7687.16,7675.67,7600.0,1078,1747,0.1647,0.00341
2026-08-26 10:06:25,SPX,7687.16,7675.67,7775.0,629,116,0.1348,0.00341
2026-08-26 10:06:25,SPX,7687.16,7675.67,7595.0,30,242,0.1659,0.00341
2026-08-26 10:06:25,SPX,7687.16,7675.67,7780.0,488,92,0.1346,0.00341
2026-08-26 10:06:25,SPX,7687.16,7675.67,7590.0,53,571,0.1672,0.00341
2026-08-26 10:06:25,SPX,7687.16,7675.67,7785.0,420,70,0.1343,0.00341
2026-08-26 10:06:25,SPX,7687.16,7675.67,7585.0,22,305,0.1683,0.00341
2026-08-26 10:06:25,SPX,7687.16,7675.67,7790.0,779,114,0.134,0.00341
2026-08-26 10:06:25,SPX,7687.16,7675.67,7580.0,76,564,0.1698,0.00341
2026-08-26 10:06:25,SPX,7687.16,7675.67,7795.0,593,36,0.1339,0.00341
2026-08-26 10:06:25,SPX,7687.16,7675.67,7575.0,292,2281,0.1714,0.00341
2026-08-26 10:06:25,SPX,7687.16,7675.67,7800.0,2218,413,0.134,0.00341
2026-08-26 10:06:25,SPX,7687.16,7675.67,7570.0,68,3315,0.1726,0.00341
2026-08-26 10:06:25,SPX,7687.16,7675.67,7805.0,1361,6,0.1343,0.00341
2026-08-26 10:06:25,SPX,7687.16,7675.67,7565.0,26,262,0.1746,0.00341
2026-08-26 10:06:25,SPX,7687.16,7675.67,7810.0,392,33,0.1349,0.00341
2026-08-26 10:06:25,SPX,7687.16,7675.67,7685.0,538,711,0.1464,0.006148
2026-08-26 10:06:25,SPX,7687.16,7675.67,7690.0,631,1445,0.1456,0.006148
2026-08-26 10:06:25,SPX,7687.16,7675.67,7680.0,811,805,0.1472,0.006148
2026-08-26 10:06:25,SPX,7687.16,7675.67,7695.0,491,323,0.1448,0.006148
2026-08-26 10:06:25,SPX,7687.16,7675.67,7675.0,2111,1740,0.1486,0.006148
2026-08-26 10:06:25,SPX,7687.16,7675.67,7700.0,4930,5969,0.1439,0.006148
2026-08-26 10:06:25,SPX,7687.16,7675.67,7670.0,562,1218,0.1484,0.006148
2026-08-26 10:06:25,SPX,7687.16,7675.67,7705.0,475,522,0.1429,0.006148
2026-08-26 10:06:25,SPX,7687.16,7675.67,7665.0,410,882,0.1498,0.006148
2026-08-26 10:06:25,SPX,7687.16,7675.67,7710.0,1078,554,0.1423,0.006148
2026-08-26 10:06:25,SPX,7687.16,7675.67,7660.0,1241,1416,0.151,0.006148
2026-08-26 10:06:25,SPX,7687.16,7675.67,7715.0,554,492,0.1415,0.006148
2026-08-26 10:06:25,SPX,7687.16,7675.67,7655.0,288,400,0.152,0.006148
2026-08-26 10:06:25,SPX,7687.16,7675.67,7720.0,1775,441,0.1404,0.006148
2026-08-26 10:06:25,SPX,7687.16,7675.67,7650.0,1994,3352,0.1531,0.006148
2026-08-26 10:06:25,SPX,7687.16,7675.67,7725.0,2638,1672,0.14,0.006148
2026-08-26 10:06:25,SPX,7687.16,7675.67,7645.0,116,616,0.1539,0.006148
2026-08-26 10:06:25,SPX,7687.16,7675.67,7730.0,2541,415,0.1393,0.006148
2026-08-26 10:06:25,SPX,7687.16,7675.67,7640.0,1104,1681,0.1551,0.006148
2026-08-26 10:06:25,SPX,7687.16,7675.67,7735.0,359,217,0.1388,0.006148
2026-08-26 10:06:25,SPX,7687.16,7675.67,7635.0,166,713,0.1558,0.006148
2026-08-26 10:06:25,SPX,7687.16,7675.67,7740.0,995,1064,0.1383,0.006148
2026-08-26 10:06:25,SPX,7687.16,7675.67,7630.0,623,1339,0.1567,0.006148
2026-08-26 10:06:25,SPX,7687.16,7675.67,7745.0,533,236,0.1377,0.006148
2026-08-26 10:06:25,SPX,7687.16,7675.67,7625.0,1365,1234,0.1577,0.006148
2026-08-26 10:06:25,SPX,7687.16,7675.67,7750.0,2688,2577,0.1371,0.006148
2026-08-26 10:06:25,SPX,7687.16,7675.67,7620.0,594,780,0.1587,0.006148
2026-08-26 10:06:25,SPX,7687.16,7675.67,7755.0,621,457,0.1364,0.006148
2026-08-26 10:06:25,SPX,7687.16,7675.67,7615.0,163,558,0.1594,0.006148
2026-08-26 10:06:25,SPX,7687.16,7675.67,7760.0,1101,681,0.1357,0.006148
2026-08-26 10:06:25,SPX,7687.16,7675.67,7610.0,398,814,0.1604,0.006148
2026-08-26 10:06:25,SPX,7687.16,7675.67,7765.0,635,164,0.1348,0.006148
2026-08-26 10:06:25,SPX,7687.16,7675.67,7605.0,82,509,0.1615,0.006148
2026-08-26 10:06:25,SPX,7687.16,7675.67,7770.0,1726,277,0.1341,0.006148
2026-08-26 10:06:25,SPX,7687.16,7675.67,7600.0,901,3239,0.1623,0.006148
2026-08-26 10:06:25,SPX,7687.16,7675.67,7775.0,1547,695,0.1337,0.006148
2026-08-26 10:06:25,SPX,7687.16,7675.67,7595.0,80,953,0.1634,0.006148
2026-08-26 10:06:25,SPX,7687.16,7675.67,7780.0,1642,433,0.1334,0.006148
2026-08-26 10:06:25,SPX,7687.16,7675.67,7590.0,632,1716,0.164,0.006148
2026-08-26 10:06:25,SPX,7687.16,7675.67,7785.0,1127,545,0.1331,0.006148
2026-08-26 10:06:25,SPX,7687.16,7675.67,7585.0,96,577,0.1648,0.006148
2026-08-26 10:06:25,SPX,7687.16,7675.67,7790.0,2374,290,0.1329,0.006148
2026-08-26 10:06:25,SPX,7687.16,7675.67,7580.0,228,3073,0.167,0.006148
2026-08-26 10:06:25,SPX,7687.16,7675.67,7795.0,696,102,0.1327,0.006148
2026-08-26 10:06:25,SPX,7687.16,7675.67,7575.0,419,1112,0.1672,0.006148
2026-08-26 10:06:25,SPX,7687.16,7675.67,7800.0,5846,1228,0.1325,0.006148
2026-08-26 10:06:25,SPX,7687.16,7675.67,7570.0,1579,1354,0.1678,0.006148
2026-08-26 10:06:25,SPX,7687.16,7675.67,7805.0,601,202,0.1323,0.006148
2026-08-26 10:06:25,SPX,7687.16,7675.67,7565.0,34,995,0.17,0.006148
2026-08-26 10:06:25,SPX,7687.16,7675.67,7810.0,1774,535,0.132,0.006148
2026-08-26 10:36:49,SPX,7668.81,7676.12,7670.0,2542,2418,0.1153,0.000614
2026-08-26 10:36:49,SPX,7668.81,7676.12,7665.0,733,1337,0.1169,0.000614
2026-08-26 10:36:49,SPX,7668.81,7676.12,7675.0,2650,2552,0.1133,0.000614
2026-08-26 10:36:49,SPX,7668.81,7676.12,7660.0,571,2665,0.1204,0.000614
2026-08-26 10:36:49,SPX,7668.81,7676.12,7680.0,3968,2547,0.1121,0.000614
2026-08-26 10:36:49,SPX,7668.81,7676.12,7655.0,723,4474,0.1231,0.000614
2026-08-26 10:36:49,SPX,7668.81,7676.12,7685.0,1570,515,0.1117,0.000614
2026-08-26 10:36:49,SPX,7668.81,7676.12,7650.0,4032,5488,0.1258,0.000614
2026-08-26 10:36:49,SPX,7668.81,7676.12,7690.0,2192,522,0.1124,0.000614
2026-08-26 10:36:49,SPX,7668.81,7676.12,7645.0,185,1210,0.131,0.000614
2026-08-26 10:36:49,SPX,7668.81,7676.12,7695.0,1154,284,0.1137,0.000614
2026-08-26 10:36:49,SPX,7668.81,7676.12,7640.0,269,1302,0.1348,0.000614
2026-08-26 10:36:49,SPX,7668.81,7676.12,7700.0,4795,2023,0.1159,0.000614
2026-08-26 10:36:49,SPX,7668.81,7676.12,7635.0,270,2101,0.1398,0.000614
2026-08-26 10:36:49,SPX,7668.81,7676.12,7705.0,2011,372,0.1192,0.000614
2026-08-26 10:36:49,SPX,7668.81,7676.12,7630.0,372,2082,0.1425,0.000614
2026-08-26 10:36:49,SPX,7668.81,7676.12,7710.0,2677,390,0.1241,0.000614
2026-08-26 10:36:49,SPX,7668.81,7676.12,7625.0,1138,2845,0.1496,0.000614
2026-08-26 10:36:49,SPX,7668.81,7676.12,7715.0,4333,256,0.1297,0.000614
2026-08-26 10:36:49,SPX,7668.81,7676.12,7620.0,747,2807,0.1525,0.000614
2026-08-26 10:36:49,SPX,7668.81,7676.12,7720.0,2607,278,0.1359,0.000614
2026-08-26 10:36:49,SPX,7668.81,7676.12,7615.0,58,1361,0.1602,0.000614
2026-08-26 10:36:49,SPX,7668.81,7676.12,7725.0,4671,519,0.1427,0.000614
2026-08-26 10:36:49,SPX,7668.81,7676.12,7610.0,112,1581,0.1645,0.000614
2026-08-26 10:36:49,SPX,7668.81,7676.12,7730.0,3313,318,0.1501,0.000614
2026-08-26 10:36:49,SPX,7668.81,7676.12,7605.0,56,1229,0.171,0.000614
2026-08-26 10:36:49,SPX,7668.81,7676.12,7735.0,1759,137,0.1572,0.000614
2026-08-26 10:36:49,SPX,7668.81,7676.12,7600.0,322,4592,0.1782,0.000614
2026-08-26 10:36:49,SPX,7668.81,7676.12,7740.0,1928,177,0.1646,0.000614
2026-08-26 10:36:49,SPX,7668.81,7676.12,7595.0,59,2571,0.1858,0.000614
2026-08-26 10:36:49,SPX,7668.81,7676.12,7745.0,1767,160,0.1723,0.000614
2026-08-26 10:36:49,SPX,7668.81,7676.12,7590.0,47,1339,0.1936,0.000614
2026-08-26 10:36:49,SPX,7668.81,7676.12,7750.0,4097,2333,0.1803,0.000614
2026-08-26 10:36:49,SPX,7668.81,7676.12,7585.0,110,1632,0.2016,0.000614
2026-08-26 10:36:49,SPX,7668.81,7676.12,7755.0,2787,96,0.1886,0.000614
2026-08-26 10:36:49,SPX,7668.81,7676.12,7580.0,257,2202,0.209,0.000614
2026-08-26 10:36:49,SPX,7668.81,7676.12,7760.0,2078,151,0.1973,0.000614
2026-08-26 10:36:49,SPX,7668.81,7676.12,7575.0,124,2042,0.2158,0.000614
2026-08-26 10:36:49,SPX,7668.81,7676.12,7765.0,1039,141,0.2062,0.000614
2026-08-26 10:36:49,SPX,7668.81,7676.12,7570.0,693,1380,0.2224,0.000614
2026-08-26 10:36:49,SPX,7668.81,7676.12,7770.0,1992,157,0.2153,0.000614
2026-08-26 10:36:49,SPX,7668.81,7676.12,7565.0,31,1929,0.2294,0.000614
2026-08-26 10:36:49,SPX,7668.81,7676.12,7775.0,4247,108,0.2242,0.000614
2026-08-26 10:36:49,SPX,7668.81,7676.12,7560.0,89,2744,0.237,0.000614
2026-08-26 10:36:49,SPX,7668.81,7676.12,7780.0,1636,71,0.2326,0.000614
2026-08-26 10:36:49,SPX,7668.81,7676.12,7555.0,13,741,0.2454,0.000614
2026-08-26 10:36:49,SPX,7668.81,7676.12,7785.0,2518,114,0.2404,0.000614
2026-08-26 10:36:49,SPX,7668.81,7676.12,7550.0,80,4185,0.2544,0.000614
2026-08-26 10:36:49,SPX,7668.81,7676.12,7790.0,2304,80,0.2474,0.000614
2026-08-26 10:36:49,SPX,7668.81,7676.12,7545.0,6,1369,0.2637,0.000614
2026-08-26 10:36:49,SPX,7668.81,7676.12,7670.0,559,463,0.1444,0.003352
2026-08-26 10:36:49,SPX,7668.81,7676.12,7665.0,182,331,0.1454,0.003352
2026-08-26 10:36:49,SPX,7668.81,7676.12,7675.0,306,1566,0.1434,0.003352
2026-08-26 10:36:49,SPX,7668.81,7676.12,7660.0,158,287,0.1461,0.003352
2026-08-26 10:36:49,SPX,7668.81,7676.12,7680.0,415,405,0.1425,0.003352
2026-08-26 10:36:49,SPX,7668.81,7676.12,7655.0,128,508,0.1474,0.003352
2026-08-26 10:36:49,SPX,7668.81,7676.12,7685.0,187,265,0.1417,0.003352
2026-08-26 10:36:49,SPX,7668.81,7676.12,7650.0,533,1380,0.1483,0.003352
2026-08-26 10:36:49,SPX,7668.81,7676.12,7690.0,300,414,0.1408,0.003352
2026-08-26 10:36:49,SPX,7668.81,7676.12,7645.0,145,388,0.1492,0.003352
2026-08-26 10:36:49,SPX,7668.81,7676.12,7695.0,426,198,0.1401,0.003352
2026-08-26 10:36:49,SPX,7668.81,7676.12,7640.0,62,305,0.1505,0.003352
2026-08-26 10:36:49,SPX,7668.81,7676.12,7700.0,1747,2261,0.1395,0.003352
2026-08-26 10:36:49,SPX,7668.81,7676.12,7635.0,42,282,0.1518,0.003352
2026-08-26 10:36:49,SPX,7668.81,7676.12,7705.0,202,155,0.139,0.003352
2026-08-26 10:36:49,SPX,7668.81,7676.12,7630.0,61,498,0.1527,0.003352
2026-08-26 10:36:49,SPX,7668.81,7676.12,7710.0,458,91,0.1385,0.003352
2026-08-26 10:36:49,SPX,7668.81,7676.12,7625.0,828,1563,0.1542,0.003352
2026-08-26 10:36:49,SPX,7668.81,7676.12,7715.0,1274,3043,0.1383,0.003352
2026-08-26 10:36:49,SPX,7668.81,7676.12,7620.0,167,357,0.1551,0.003352
2026-08-26 10:36:49,SPX,7668.81,7676.12,7720.0,462,164,0.1381,0.003352
2026-08-26 10:36:49,SPX,7668.81,7676.12,7615.0,43,291,0.1567,0.003352
2026-08-26 10:36:49,SPX,7668.81,7676.12,7725.0,3508,2156,0.1373,0.003352
2026-08-26 10:36:49,SPX,7668.81,7676.12,7610.0,116,293,0.1576,0.003352
2026-08-26 10:36:49,SPX,7668.81,7676.12,7730.0,275,124,0.1364,0.003352
2026-08-26 10:36:49,SPX,7668.81,7676.12,7605.0,121,328,0.1598,0.003352
2026-08-26 10:36:49,SPX,7668.81,7676.12,7735.0,2399,2075,0.1357,0.003352
2026-08-26 10:36:49,SPX,7668.81,7676.12,7600.0,1078,1747,0.161,0.003352
2026-08-26 10:36:49,SPX,7668.81,7676.12,7740.0,404,141,0.1354,0.003352
2026-08-26 10:36:49,SPX,7668.81,7676.12,7595.0,30,242,0.1618,0.003352
2026-08-26 10:36:49,SPX,7668.81,7676.12,7745.0,215,164,0.1354,0.003352
2026-08-26 10:36:49,SPX,7668.81,7676.12,7590.0,53,571,0.164,0.003352
2026-08-26 10:36:49,SPX,7668.81,7676.12,7750.0,2116,248,0.1355,0.003352
2026-08-26 10:36:49,SPX,7668.81,7676.12,7585.0,22,305,0.1654,0.003352
2026-08-26 10:36:49,SPX,7668.81,7676.12,7755.0,343,67,0.1355,0.003352
2026-08-26 10:36:49,SPX,7668.81,7676.12,7580.0,76,564,0.1664,0.003352
2026-08-26 10:36:49,SPX,7668.81,7676.12,7760.0,712,120,0.1353,0.003352
2026-08-26 10:36:49,SPX,7668.81,7676.12,7575.0,292,2281,0.168,0.003352
2026-08-26 10:36:49,SPX,7668.81,7676.12,7765.0,471,82,0.1349,0.003352
2026-08-26 10:36:49,SPX,7668.81,7676.12,7570.0,68,3315,0.1696,0.003352
2026-08-26 10:36:49,SPX,7668.81,7676.12,7770.0,336,167,0.1344,0.003352
2026-08-26 10:36:49,SPX,7668.81,7676.12,7565.0,26,262,0.1716,0.003352
2026-08-26 10:36:49,SPX,7668.81,7676.12,7775.0,629,116,0.1339,0.003352
2026-08-26 10:36:49,SPX,7668.81,7676.12,7560.0,15,414,0.1733,0.003352
2026-08-26 10:36:49,SPX,7668.81,7676.12,7780.0,488,92,0.1336,0.003352
2026-08-26 10:36:49,SPX,7668.81,7676.12,7555.0,31,160,0.175,0.003352
2026-08-26 10:36:49,SPX,7668.81,7676.12,7785.0,420,70,0.1335,0.003352
2026-08-26 10:36:49,SPX,7668.81,7676.12,7550.0,310,835,0.1767,0.003352
2026-08-26 10:36:49,SPX,7668.81,7676.12,7790.0,779,114,0.1336,0.003352
2026-08-26 10:36:49,SPX,7668.81,7676.12,7545.0,8,372,0.1779,0.003352
2026-08-26 10:36:49,SPX,7668.81,7676.12,7670.0,562,1218,0.1487,0.00609
2026-08-26 10:36:49,SPX,7668.81,7676.12,7665.0,410,882,0.1496,0.00609
2026-08-26 10:36:49,SPX,7668.81,7676.12,7675.0,2111,1740,0.1477,0.00609
2026-08-26 10:36:49,SPX,7668.81,7676.12,7660.0,1241,1416,0.1505,0.00609
2026-08-26 10:36:49,SPX,7668.81,7676.12,7680.0,811,805,0.1466,0.00609
2026-08-26 10:36:49,SPX,7668.81,7676.12,7655.0,288,400,0.1514,0.00609
2026-08-26 10:36:49,SPX,7668.81,7676.12,7685.0,538,711,0.1459,0.00609
2026-08-26 10:36:49,SPX,7668.81,7676.12,7650.0,1994,3352,0.1523,0.00609
2026-08-26 10:36:49,SPX,7668.81,7676.12,7690.0,631,1445,0.1451,0.00609
2026-08-26 10:36:49,SPX,7668.81,7676.12,7645.0,116,616,0.1534,0.00609
2026-08-26 10:36:49,SPX,7668.81,7676.12,7695.0,491,323,0.1439,0.00609
2026-08-26 10:36:49,SPX,7668.81,7676.12,7640.0,1104,1681,0.1543,0.00609
2026-08-26 10:36:49,SPX,7668.81,7676.12,7700.0,4930,5969,0.1434,0.00609
2026-08-26 10:36:49,SPX,7668.81,7676.12,7635.0,166,713,0.1551,0.00609
2026-08-26 10:36:49,SPX,7668.81,7676.12,7705.0,475,522,0.1424,0.00609
2026-08-26 10:36:49,SPX,7668.81,7676.12,7630.0,623,1339,0.156,0.00609
2026-08-26 10:36:49,SPX,7668.81,7676.12,7710.0,1078,554,0.1414,0.00609
2026-08-26 10:36:49,SPX,7668.81,7676.12,7625.0,1365,1234,0.1572,0.00609
2026-08-26 10:36:49,SPX,7668.81,7676.12,7715.0,554,492,0.1408,0.00609
2026-08-26 10:36:49,SPX,7668.81,7676.12,7620.0,594,780,0.1579,0.00609
2026-08-26 10:36:49,SPX,7668.81,7676.12,7720.0,1775,441,0.1403,0.00609
2026-08-26 10:36:49,SPX,7668.81,7676.12,7615.0,163,558,0.1581,0.00609
2026-08-26 10:36:49,SPX,7668.81,7676.12,7725.0,2638,1672,0.1398,0.00609
2026-08-26 10:36:49,SPX,7668.81,7676.12,7610.0,398,814,0.1599,0.00609
2026-08-26 10:36:49,SPX,7668.81,7676.12,7730.0,2541,415,0.1392,0.00609
2026-08-26 10:36:49,SPX,7668.81,7676.12,7605.0,82,509,0.1611,0.00609
2026-08-26 10:36:49,SPX,7668.81,7676.12,7735.0,359,217,0.1385,0.00609
2026-08-26 10:36:49,SPX,7668.81,7676.12,7600.0,901,3239,0.1621,0.00609
2026-08-26 10:36:49,SPX,7668.81,7676.12,7740.0,995,1064,0.1376,0.00609
2026-08-26 10:36:49,SPX,7668.81,7676.12,7595.0,80,953,0.163,0.00609
2026-08-26 10:36:49,SPX,7668.81,7676.12,7745.0,533,236,0.1366,0.00609
2026-08-26 10:36:49,SPX,7668.81,7676.12,7590.0,632,1716,0.1643,0.00609
2026-08-26 10:36:49,SPX,7668.81,7676.12,7750.0,2688,2577,0.1357,0.00609
2026-08-26 10:36:49,SPX,7668.81,7676.12,7585.0,96,577,0.1651,0.00609
2026-08-26 10:36:49,SPX,7668.81,7676.12,7755.0,621,457,0.135,0.00609
2026-08-26 10:36:49,SPX,7668.81,7676.12,7580.0,228,3073,0.1657,0.00609
2026-08-26 10:36:49,SPX,7668.81,7676.12,7760.0,1101,681,0.1345,0.00609
2026-08-26 10:36:49,SPX,7668.81,7676.12,7575.0,419,1112,0.1672,0.00609
2026-08-26 10:36:49,SPX,7668.81,7676.12,7765.0,635,164,0.1341,0.00609
2026-08-26 10:36:49,SPX,7668.81,7676.12,7570.0,1579,1354,0.1691,0.00609
2026-08-26 10:36:49,SPX,7668.81,7676.12,7770.0,1726,277,0.1337,0.00609
2026-08-26 10:36:49,SPX,7668.81,7676.12,7565.0,34,995,0.1704,0.00609
2026-08-26 10:36:49,SPX,7668.81,7676.12,7775.0,1547,695,0.1333,0.00609
2026-08-26 10:36:49,SPX,7668.81,7676.12,7560.0,313,767,0.1705,0.00609
2026-08-26 10:36:49,SPX,7668.81,7676.12,7780.0,1642,433,0.1329,0.00609
2026-08-26 10:36:49,SPX,7668.81,7676.12,7555.0,989,643,0.171,0.00609
2026-08-26 10:36:49,SPX,7668.81,7676.12,7785.0,1127,545,0.1324,0.00609
2026-08-26 10:36:49,SPX,7668.81,7676.12,7550.0,1123,5809,0.1733,0.00609
2026-08-26 10:36:49,SPX,7668.81,7676.12,7790.0,2374,290,0.1319,0.00609
2026-08-26 10:36:49,SPX,7668.81,7676.12,7545.0,11,605,0.1737,0.00609
2026-08-26 11:07:13,SPX,7681.37,7675.21,7680.0,3968,2547,0.1011,0.000557
2026-08-26 11:07:13,SPX,7681.37,7675.21,7685.0,1570,515,0.0993,0.000557
2026-08-26 11:07:13,SPX,7681.37,7675.21,7675.0,2650,2552,0.1027,0.000557
2026-08-26 11:07:13,SPX,7681.37,7675.21,7690.0,2192,522,0.0984,0.000557
2026-08-26 11:07:13,SPX,7681.37,7675.21,7670.0,2542,2418,0.1048,0.000557
2026-08-26 11:07:13,SPX,7681.37,7675.21,7695.0,1154,284,0.0998,0.000557
2026-08-26 11:07:13,SPX,7681.37,7675.21,7665.0,733,1337,0.108,0.000557
2026-08-26 11:07:13,SPX,7681.37,7675.21,7700.0,4795,2023,0.1022,0.000557
2026-08-26 11:07:13,SPX,7681.37,7675.21,7660.0,571,2665,0.1112,0.000557
2026-08-26 11:07:13,SPX,7681.37,7675.21,7705.0,2011,372,0.1057,0.000557
2026-08-26 11:07:13,SPX,7681.37,7675.21,7655.0,723,4474,0.1144,0.000557
2026-08-26 11:07:13,SPX,7681.37,7675.21,7710.0,2677,390,0.1112,0.000557
2026-08-26 11:07:13,SPX,7681.37,7675.21,7650.0,4032,5488,0.1193,0.000557
2026-08-26 11:07:13,SPX,7681.37,7675.21,7715.0,4333,256,0.1186,0.000557
2026-08-26 11:07:13,SPX,7681.37,7675.21,7645.0,185,1210,0.1216,0.000557
2026-08-26 11:07:13,SPX,7681.37,7675.21,7720.0,2607,278,0.1272,0.000557
2026-08-26 11:07:13,SPX,7681.37,7675.21,7640.0,269,1302,0.1284,0.000557
2026-08-26 11:07:13,SPX,7681.37,7675.21,7725.0,4671,519,0.1365,0.000557
2026-08-26 11:07:13,SPX,7681.37,7675.21,7635.0,270,2101,0.1325,0.000557
2026-08-26 11:07:13,SPX,7681.37,7675.21,7730.0,3313,318,0.1454,0.000557
2026-08-26 11:07:13,SPX,7681.37,7675.21,7630.0,372,2082,0.1411,0.000557
2026-08-26 11:07:13,SPX,7681.37,7675.21,7735.0,1759,137,0.1538,0.000557
2026-08-26 11:07:13,SPX,7681.37,7675.21,7625.0,1138,2845,0.147,0.000557
2026-08-26 11:07:13,SPX,7681.37,7675.21,7740.0,1928,177,0.1619,0.000557
2026-08-26 11:07:13,SPX,7681.37,7675.21,7620.0,747,2807,0.1558,0.000557
2026-08-26 11:07:13,SPX,7681.37,7675.21,7745.0,1767,160,0.1698,0.000557
2026-08-26 11:07:13,SPX,7681.37,7675.21,7615.0,58,1361,0.1646,0.000557
2026-08-26 11:07:13,SPX,7681.37,7675.21,7750.0,4097,2333,0.1776,0.000557
2026-08-26 11:07:13,SPX,7681.37,7675.21,7610.0,112,1581,0.1732,0.000557
2026-08-26 11:07:13,SPX,7681.37,7675.21,7755.0,2787,96,0.1852,0.000557
2026-08-26 11:07:13,SPX,7681.37,7675.21,7605.0,56,1229,0.1818,0.000557
2026-08-26 11:07:13,SPX,7681.37,7675.21,7760.0,2078,151,0.1926,0.000557
2026-08-26 11:07:13,SPX,7681.37,7675.21,7600.0,322,4592,0.1903,0.000557
2026-08-26 11:07:13,SPX,7681.37,7675.21,7765.0,1039,141,0.1998,0.000557
2026-08-26 11:07:13,SPX,7681.37,7675.21,7595.0,59,2571,0.1988,0.000557
2026-08-26 11:07:13,SPX,7681.37,7675.21,7770.0,1992,157,0.207,0.000557
2026-08-26 11:07:13,SPX,7681.37,7675.21,7590.0,47,1339,0.2073,0.000557
2026-08-26 11:07:13,SPX,7681.37,7675.21,7775.0,4247,108,0.2145,0.000557
2026-08-26 11:07:13,SPX,7681.37,7675.21,7585.0,110,1632,0.2163,0.000557
2026-08-26 11:07:13,SPX,7681.37,7675.21,7780.0,1636,71,0.2224,0.000557
2026-08-26 11:07:13,SPX,7681.37,7675.21,7580.0,257,2202,0.2256,0.000557
2026-08-26 11:07:13,SPX,7681.37,7675.21,7785.0,2518,114,0.2305,0.000557
2026-08-26 11:07:13,SPX,7681.37,7675.21,7575.0,124,2042,0.2353,0.000557
2026-08-26 11:07:13,SPX,7681.37,7675.21,7790.0,2304,80,0.2384,0.000557
2026-08-26 11:07:13,SPX,7681.37,7675.21,7570.0,693,1380,0.2452,0.000557
2026-08-26 11:07:13,SPX,7681.37,7675.21,7795.0,4067,35,0.2457,0.000557
2026-08-26 11:07:13,SPX,7681.37,7675.21,7565.0,31,1929,0.255,0.000557
2026-08-26 11:07:13,SPX,7681.37,7675.21,7800.0,5750,322,0.2522,0.000557
2026-08-26 11:07:13,SPX,7681.37,7675.21,7560.0,89,2744,0.2648,0.000557
2026-08-26 11:07:13,SPX,7681.37,7675.21,7805.0,1045,69,0.2577,0.000557
2026-08-26 11:07:13,SPX,7681.37,7675.21,7680.0,415,405,0.1442,0.003295
2026-08-26 11:07:13,SPX,7681.37,7675.21,7685.0,187,265,0.1432,0.003295
2026-08-26 11:07:13,SPX,7681.37,7675.21,7675.0,306,1566,0.1452,0.003295
2026-08-26 11:07:13,SPX,7681.37,7675.21,7690.0,300,414,0.1423,0.003295
2026-08-26 11:07:13,SPX,7681.37,7675.21,7670.0,559,463,0.1463,0.003295
2026-08-26 11:07:13,SPX,7681.37,7675.21,7695.0,426,198,0.1415,0.003295
2026-08-26 11:07:13,SPX,7681.37,7675.21,7665.0,182,331,0.1471,0.003295
2026-08-26 11:07:13,SPX,7681.37,7675.21,7700.0,1747,2261,0.1408,0.003295
2026-08-26 11:07:13,SPX,7681.37,7675.21,7660.0,158,287,0.1482,0.003295
2026-08-26 11:07:13,SPX,7681.37,7675.21,7705.0,202,155,0.1403,0.003295
2026-08-26 11:07:13,SPX,7681.37,7675.21,7655.0,128,508,0.1493,0.003295
2026-08-26 11:07:13,SPX,7681.37,7675.21,7710.0,458,91,0.1396,0.003295
2026-08-26 11:07:13,SPX,7681.37,7675.21,7650.0,533,1380,0.1506,0.003295
2026-08-26 11:07:13,SPX,7681.37,7675.21,7715.0,1274,3043,0.1392,0.003295
2026-08-26 11:07:13,SPX,7681.37,7675.21,7645.0,145,388,0.1514,0.003295
2026-08-26 11:07:13,SPX,7681.37,7675.21,7720.0,462,164,0.1389,0.003295
2026-08-26 11:07:13,SPX,7681.37,7675.21,7640.0,62,305,0.1528,0.003295
2026-08-26 11:07:13,SPX,7681.37,7675.21,7725.0,3508,2156,0.1384,0.003295
2026-08-26 11:07:13,SPX,7681.37,7675.21,7635.0,42,282,0.1551,0.003295
2026-08-26 11:07:13,SPX,7681.37,7675.21,7730.0,275,124,0.1376,0.003295
2026-08-26 11:07:13,SPX,7681.37,7675.21,7630.0,61,498,0.1553,0.003295
2026-08-26 11:07:13,SPX,7681.37,7675.21,7735.0,2399,2075,0.137,0.003295
2026-08-26 11:07:13,SPX,7681.37,7675.21,7625.0,828,1563,0.157,0.003295
2026-08-26 11:07:13,SPX,7681.37,7675.21,7740.0,404,141,0.1362,0.003295
2026-08-26 11:07:13,SPX,7681.37,7675.21,7620.0,167,357,0.1579,0.003295
2026-08-26 11:07:13,SPX,7681.37,7675.21,7745.0,215,164,0.1357,0.003295
2026-08-26 11:07:13,SPX,7681.37,7675.21,7615.0,43,291,0.1598,0.003295
2026-08-26 11:07:13,SPX,7681.37,7675.21,7750.0,2116,248,0.1352,0.003295
2026-08-26 11:07:13,SPX,7681.37,7675.21,7610.0,116,293,0.1627,0.003295
2026-08-26 11:07:13,SPX,7681.37,7675.21,7755.0,343,67,0.15,0.003295
2026-08-26 11:07:13,SPX,7681.37,7675.21,7605.0,121,328,0.1638,0.003295
2026-08-26 11:07:13,SPX,7681.37,7675.21,7760.0,712,120,0.1355,0.003295
2026-08-26 11:07:13,SPX,7681.37,7675.21,7600.0,1078,1747,0.15,0.003295
2026-08-26 11:07:13,SPX,7681.37,7675.21,7765.0,471,82,0.1358,0.003295
2026-08-26 11:07:13,SPX,7681.37,7675.21,7595.0,30,242,0.1659,0.003295
2026-08-26 11:07:13,SPX,7681.37,7675.21,7770.0,336,0,0.15,0.003295
2026-08-26 11:07:13,SPX,7681.37,7675.21,7590.0,0,571,0.15,0.003295
2026-08-26 11:07:13,SPX,7681.37,7675.21,7775.0,629,0,0.1362,0.003295
2026-08-26 11:07:13,SPX,7681.37,7675.21,7585.0,0,305,0.15,0.003295
2026-08-26 11:07:13,SPX,7681.37,7675.21,7780.0,0,92,0.1364,0.003295
2026-08-26 11:07:13,SPX,7681.37,7675.21,7785.0,0,70,0.15,0.003295
2026-08-26 11:07:13,SPX,7681.37,7675.21,7575.0,0,2281,0.1725,0.003295
2026-08-26 11:07:13,SPX,7681.37,7675.21,7570.0,68,0,0.1732,0.003295
2026-08-26 11:07:13,SPX,7681.37,7675.21,7565.0,26,262,0.1751,0.003295
2026-08-26 11:07:13,SPX,7681.37,7675.21,7800.0,2218,413,0.1375,0.003295
2026-08-26 11:07:13,SPX,7681.37,7675.21,7560.0,15,414,0.1776,0.003295
2026-08-26 11:07:13,SPX,7681.37,7675.21,7805.0,1361,6,0.1381,0.003295
2026-08-26 11:07:13,SPX,7681.37,7675.21,7680.0,811,805,0.1474,0.006032
2026-08-26 11:07:13,SPX,7681.37,7675.21,7685.0,538,711,0.1465,0.006032
2026-08-26 11:07:13,SPX,7681.37,7675.21,7675.0,2111,1740,0.1483,0.006032
2026-08-26 11:07:13,SPX,7681.37,7675.21,7690.0,631,1445,0.1454,0.006032
2026-08-26 11:07:13,SPX,7681.37,7675.21,7670.0,562,1218,0.1495,0.006032
2026-08-26 11:07:13,SPX,7681.37,7675.21,7695.0,491,323,0.1451,0.006032
2026-08-26 11:07:13,SPX,7681.37,7675.21,7665.0,410,882,0.1503,0.006032
2026-08-26 11:07:13,SPX,7681.37,7675.21,7700.0,4930,5969,0.1439,0.006032
2026-08-26 11:07:13,SPX,7681.37,7675.21,7660.0,1241,1416,0.1515,0.006032
2026-08-26 11:07:13,SPX,7681.37,7675.21,7705.0,475,522,0.1431,0.006032
2026-08-26 11:07:13,SPX,7681.37,7675.21,7655.0,288,400,0.1523,0.006032
2026-08-26 11:07:13,SPX,7681.37,7675.21,7710.0,1078,554,0.1423,0.006032
2026-08-26 11:07:13,SPX,7681.37,7675.21,7650.0,1994,3352,0.1534,0.006032
2026-08-26 11:07:13,SPX,7681.37,7675.21,7715.0,554,492,0.1415,0.006032
2026-08-26 11:07:13,SPX,7681.37,7675.21,7645.0,116,616,0.1543,0.006032
2026-08-26 11:07:13,SPX,7681.37,7675.21,7720.0,1775,441,0.141,0.006032
2026-08-26 11:07:13,SPX,7681.37,7675.21,7640.0,1104,1681,0.1556,0.006032
2026-08-26 11:07:13,SPX,7681.37,7675.21,7725.0,2638,1672,0.1407,0.006032
2026-08-26 11:07:13,SPX,7681.37,7675.21,7635.0,166,713,0.1556,0.006032
2026-08-26 11:07:13,SPX,7681.37,7675.21,7730.0,2541,415,0.1403,0.006032
2026-08-26 11:07:13,SPX,7681.37,7675.21,7630.0,623,1339,0.157,0.006032
2026-08-26 11:07:13,SPX,7681.37,7675.21,7735.0,359,217,0.1397,0.006032
2026-08-26 11:07:13,SPX,7681.37,7675.21,7625.0,1365,1234,0.1588,0.006032
2026-08-26 11:07:13,SPX,7681.37,7675.21,7740.0,995,1064,0.1388,0.006032
2026-08-26 11:07:13,SPX,7681.37,7675.21,7620.0,594,780,0.1594,0.006032
2026-08-26 11:07:13,SPX,7681.37,7675.21,7745.0,533,236,0.1377,0.006032
2026-08-26 11:07:13,SPX,7681.37,7675.21,7615.0,163,558,0.1605,0.006032
2026-08-26 11:07:13,SPX,7681.37,7675.21,7750.0,2688,2577,0.1366,0.006032
2026-08-26 11:07:13,SPX,7681.37,7675.21,7610.0,398,814,0.1614,0.006032
2026-08-26 11:07:13,SPX,7681.37,7675.21,7755.0,621,457,0.1358,0.006032
2026-08-26 11:07:13,SPX,7681.37,7675.21,7605.0,82,509,0.1624,0.006032
2026-08-26 11:07:13,SPX,7681.37,7675.21,7760.0,1101,681,0.1352,0.006032
2026-08-26 11:07:13,SPX,7681.37,7675.21,7600.0,901,3239,0.1636,0.006032
2026-08-26 11:07:13,SPX,7681.37,7675.21,7765.0,635,164,0.1347,0.006032
2026-08-26 11:07:13,SPX,7681.37,7675.21,7595.0,80,953,0.1646,0.006032
2026-08-26 11:07:13,SPX,7681.37,7675.21,7770.0,1726,277,0.1344,0.006032
2026-08-26 11:07:13,SPX,7681.37,7675.21,7590.0,632,1716,0.1657,0.006032
2026-08-26 11:07:13,SPX,7681.37,7675.21,7775.0,1547,695,0.1341,0.006032
2026-08-26 11:07:13,SPX,7681.37,7675.21,7585.0,96,577,0.1666,0.006032
2026-08-26 11:07:13,SPX,7681.37,7675.21,7780.0,1642,433,0.1339,0.006032
2026-08-26 11:07:13,SPX,7681.37,7675.21,7580.0,228,3073,0.1678,0.006032
2026-08-26 11:07:13,SPX,7681.37,7675.21,7785.0,1127,545,0.1335,0.006032
2026-08-26 11:07:13,SPX,7681.37,7675.21,7575.0,419,1112,0.1687,0.006032
2026-08-26 11:07:13,SPX,7681.37,7675.21,7790.0,2374,290,0.1331,0.006032
2026-08-26 11:07:13,SPX,7681.37,7675.21,7570.0,1579,1354,0.1699,0.006032
2026-08-26 11:07:13,SPX,7681.37,7675.21,7795.0,696,102,0.1327,0.006032
2026-08-26 11:07:13,SPX,7681.37,7675.21,7565.0,34,995,0.1709,0.006032
2026-08-26 11:07:13,SPX,7681.37,7675.21,7800.0,5846,1228,0.1324,0.006032
2026-08-26 11:07:13,SPX,7681.37,7675.21,7560.0,313,767,0.1719,0.006032
2026-08-26 11:07:13,SPX,7681.37,7675.21,7805.0,601,202,0.132,0.006032
2026-08-26 11:37:37,SPX,7671.46,7675.94,7670.0,2542,2418,0.0991,0.000499
2026-08-26 11:37:37,SPX,7671.46,7675.94,7675.0,2650,2552,0.0973,0.000499
2026-08-26 11:37:37,SPX,7671.46,7675.94,7665.0,733,1337,0.1018,0.000499
2026-08-26 11:37:37,SPX,7671.46,7675.94,7680.0,3968,2547,0.0963,0.000499
2026-08-26 11:37:37,SPX,7671.46,7675.94,7660.0,571,2665,0.1053,0.000499
2026-08-26 11:37:37,SPX,7671.46,7675.94,7685.0,1570,515,0.0956,0.000499
2026-08-26 11:37:37,SPX,7671.46,7675.94,7655.0,723,4474,0.1096,0.000499
2026-08-26 11:37:37,SPX,7671.46,7675.94,7690.0,2192,522,0.0967,0.000499
2026-08-26 11:37:37,SPX,7671.46,7675.94,7650.0,4032,5488,0.114,0.000499
2026-08-26 11:37:37,SPX,7671.46,7675.94,7695.0,1154,284,0.0986,0.000499
2026-08-26 11:37:37,SPX,7671.46,7675.94,7645.0,185,1210,0.1197,0.000499
2026-08-26 11:37:37,SPX,7671.46,7675.94,7700.0,4795,2023,0.1018,0.000499
2026-08-26 11:37:37,SPX,7671.46,7675.94,7640.0,269,1302,0.1235,0.000499
2026-08-26 11:37:37,SPX,7671.46,7675.94,7705.0,2011,372,0.1072,0.000499
2026-08-26 11:37:37,SPX,7671.46,7675.94,7635.0,270,2101,0.133,0.000499
2026-08-26 11:37:37,SPX,7671.46,7675.94,7710.0,2677,390,0.1147,0.000499
2026-08-26 11:37:37,SPX,7671.46,7675.94,7630.0,372,2082,0.1406,0.000499
2026-08-26 11:37:37,SPX,7671.46,7675.94,7715.0,4333,256,0.1239,0.000499
2026-08-26 11:37:37,SPX,7671.46,7675.94,7625.0,1138,2845,0.1436,0.000499
2026-08-26 11:37:37,SPX,7671.46,7675.94,7720.0,2607,278,0.1341,0.000499
2026-08-26 11:37:37,SPX,7671.46,7675.94,7620.0,747,2807,0.1501,0.000499
2026-08-26 11:37:37,SPX,7671.46,7675.94,7725.0,4671,519,0.1442,0.000499
2026-08-26 11:37:37,SPX,7671.46,7675.94,7615.0,58,1361,0.1624,0.000499
2026-08-26 11:37:37,SPX,7671.46,7675.94,7730.0,3313,318,0.1538,0.000499
2026-08-26 11:37:37,SPX,7671.46,7675.94,7610.0,112,1581,0.173,0.000499
2026-08-26 11:37:37,SPX,7671.46,7675.94,7735.0,1759,137,0.1628,0.000499
2026-08-26 11:37:37,SPX,7671.46,7675.94,7605.0,56,1229,0.1831,0.000499
2026-08-26 11:37:37,SPX,7671.46,7675.94,7740.0,1928,177,0.1718,0.000499
2026-08-26 11:37:37,SPX,7671.46,7675.94,7600.0,322,4592,0.192,0.000499
2026-08-26 11:37:37,SPX,7671.46,7675.94,7745.0,1767,160,0.181,0.000499
2026-08-26 11:37:37,SPX,7671.46,7675.94,7595.0,59,2571,0.1997,0.000499
2026-08-26 11:37:37,SPX,7671.46,7675.94,7750.0,4097,2333,0.1905,0.000499
2026-08-26 11:37:37,SPX,7671.46,7675.94,7590.0,47,1339,0.2073,0.000499
2026-08-26 11:37:37,SPX,7671.46,7675.94,7755.0,2787,96,0.2,0.000499
2026-08-26 11:37:37,SPX,7671.46,7675.94,7585.0,110,1632,0.2156,0.000499
2026-08-26 11:37:37,SPX,7671.46,7675.94,7760.0,2078,151,0.2093,0.000499
2026-08-26 11:37:37,SPX,7671.46,7675.94,7580.0,257,2202,0.2247,0.000499
2026-08-26 11:37:37,SPX,7671.46,7675.94,7765.0,1039,141,0.2183,0.000499
2026-08-26 11:37:37,SPX,7671.46,7675.94,7575.0,124,2042,0.2345,0.000499
2026-08-26 11:37:37,SPX,7671.46,7675.94,7770.0,1992,157,0.2268,0.000499
2026-08-26 11:37:37,SPX,7671.46,7675.94,7570.0,693,1380,0.2447,0.000499
2026-08-26 11:37:37,SPX,7671.46,7675.94,7775.0,4247,108,0.2347,0.000499
2026-08-26 11:37:37,SPX,7671.46,7675.94,7565.0,31,1929,0.2552,0.000499
2026-08-26 11:37:37,SPX,7671.46,7675.94,7780.0,1636,71,0.2419,0.000499
2026-08-26 11:37:37,SPX,7671.46,7675.94,7560.0,89,2744,0.2657,0.000499
2026-08-26 11:37:37,SPX,7671.46,7675.94,7785.0,2518,114,0.2484,0.000499
2026-08-26 11:37:37,SPX,7671.46,7675.94,7555.0,13,741,0.2762,0.000499
2026-08-26 11:37:37,SPX,7671.46,7675.94,7790.0,2304,80,0.254,0.000499
2026-08-26 11:37:37,SPX,7671.46,7675.94,7550.0,80,4185,0.2866,0.000499
2026-08-26 11:37:37,SPX,7671.46,7675.94,7795.0,4067,35,0.2589,0.000499
2026-08-26 11:37:37,SPX,7671.46,7675.94,7670.0,559,463,0.1478,0.003237
2026-08-26 11:37:37,SPX,7671.46,7675.94,7675.0,306,1566,0.1466,0.003237
2026-08-26 11:37:37,SPX,7671.46,7675.94,7665.0,182,331,0.1485,0.003237
2026-08-26 11:37:37,SPX,7671.46,7675.94,7680.0,415,405,0.1457,0.003237
2026-08-26 11:37:37,SPX,7671.46,7675.94,7660.0,158,287,0.1498,0.003237
2026-08-26 11:37:37,SPX,7671.46,7675.94,7685.0,187,265,0.1445,0.003237
2026-08-26 11:37:37,SPX,7671.46,7675.94,7655.0,128,508,0.1505,0.003237
2026-08-26 11:37:37,SPX,7671.46,7675.94,7690.0,300,414,0.1435,0.003237
2026-08-26 11:37:37,SPX,7671.46,7675.94,7650.0,533,1380,0.1518,0.003237
2026-08-26 11:37:37,SPX,7671.46,7675.94,7695.0,426,198,0.1428,0.003237
2026-08-26 11:37:37,SPX,7671.46,7675.94,7645.0,145,388,0.1529,0.003237
2026-08-26 11:37:37,SPX,7671.46,7675.94,7700.0,1747,2261,0.1423,0.003237
2026-08-26 11:37:37,SPX,7671.46,7675.94,7640.0,62,305,0.1542,0.003237
2026-08-26 11:37:37,SPX,7671.46,7675.94,7705.0,202,155,0.1415,0.003237
2026-08-26 11:37:37,SPX,7671.46,7675.94,7635.0,42,282,0.1561,0.003237
2026-08-26 11:37:37,SPX,7671.46,7675.94,7710.0,458,91,0.1408,0.003237
2026-08-26 11:37:37,SPX,7671.46,7675.94,7630.0,61,498,0.1562,0.003237
2026-08-26 11:37:37,SPX,7671.46,7675.94,7715.0,1274,3043,0.1405,0.003237
2026-08-26 11:37:37,SPX,7671.46,7675.94,7625.0,828,1563,0.1586,0.003237
2026-08-26 11:37:37,SPX,7671.46,7675.94,7720.0,462,164,0.1404,0.003237
2026-08-26 11:37:37,SPX,7671.46,7675.94,7620.0,167,357,0.1593,0.003237
2026-08-26 11:37:37,SPX,7671.46,7675.94,7725.0,3508,2156,0.1401,0.003237
2026-08-26 11:37:37,SPX,7671.46,7675.94,7615.0,43,291,0.1608,0.003237
2026-08-26 11:37:37,SPX,7671.46,7675.94,7730.0,275,124,0.1395,0.003237
2026-08-26 11:37:37,SPX,7671.46,7675.94,7610.0,116,293,0.1622,0.003237
2026-08-26 11:37:37,SPX,7671.46,7675.94,7735.0,2399,2075,0.139,0.003237
2026-08-26 11:37:37,SPX,7671.46,7675.94,7605.0,121,328,0.163,0.003237
2026-08-26 11:37:37,SPX,7671.46,7675.94,7740.0,404,141,0.1385,0.003237
2026-08-26 11:37:37,SPX,7671.46,7675.94,7600.0,1078,1747,0.1651,0.003237
2026-08-26 11:37:37,SPX,7671.46,7675.94,7745.0,215,164,0.1378,0.003237
2026-08-26 11:37:37,SPX,7671.46,7675.94,7595.0,30,242,0.1665,0.003237
2026-08-26 11:37:37,SPX,7671.46,7675.94,7750.0,2116,248,0.1371,0.003237
2026-08-26 11:37:37,SPX,7671.46,7675.94,7590.0,53,571,0.1679,0.003237
2026-08-26 11:37:37,SPX,7671.46,7675.94,7755.0,343,67,0.1365,0.003237
2026-08-26 11:37:37,SPX,7671.46,7675.94,7585.0,22,305,0.1701,0.003237
2026-08-26 11:37:37,SPX,7671.46,7675.94,7760.0,712,120,0.1364,0.003237
2026-08-26 11:37:37,SPX,7671.46,7675.94,7580.0,76,564,0.1728,0.003237
2026-08-26 11:37:37,SPX,7671.46,7675.94,7765.0,471,82,0.1367,0.003237
2026-08-26 11:37:37,SPX,7671.46,7675.94,7575.0,292,2281,0.1743,0.003237
2026-08-26 11:37:37,SPX,7671.46,7675.94,7770.0,336,167,0.1372,0.003237
2026-08-26 11:37:37,SPX,7671.46,7675.94,7570.0,68,3315,0.1745,0.003237
2026-08-26 11:37:37,SPX,7671.46,7675.94,7775.0,629,116,0.1378,0.003237
2026-08-26 11:37:37,SPX,7671.46,7675.94,7565.0,26,262,0.1761,0.003237
2026-08-26 11:37:37,SPX,7671.46,7675.94,7780.0,488,92,0.1383,0.003237
2026-08-26 11:37:37,SPX,7671.46,7675.94,7560.0,15,414,0.1781,0.003237
2026-08-26 11:37:37,SPX,7671.46,7675.94,7785.0,420,70,0.1388,0.003237
2026-08-26 11:37:37,SPX,7671.46,7675.94,7555.0,31,160,0.1802,0.003237
2026-08-26 11:37:37,SPX,7671.46,7675.94,7790.0,779,114,0.1392,0.003237
2026-08-26 11:37:37,SPX,7671.46,7675.94,7550.0,310,835,0.1825,0.003237
2026-08-26 11:37:37,SPX,7671.46,7675.94,7795.0,593,36,0.1396,0.003237
2026-08-26 11:37:37,SPX,7671.46,7675.94,7670.0,562,1218,0.1505,0.005975
2026-08-26 11:37:37,SPX,7671.46,7675.94,7675.0,2111,1740,0.1496,0.005975
2026-08-26 11:37:37,SPX,7671.46,7675.94,7665.0,410,882,0.1516,0.005975
2026-08-26 11:37:37,SPX,7671.46,7675.94,7680.0,811,805,0.1484,0.005975
2026-08-26 11:37:37,SPX,7671.46,7675.94,7660.0,1241,1416,0.1523,0.005975
2026-08-26 11:37:37,SPX,7671.46,7675.94,7685.0,538,711,0.1476,0.005975
2026-08-26 11:37:37,SPX,7671.46,7675.94,7655.0,288,400,0.1534,0.005975
2026-08-26 11:37:37,SPX,7671.46,7675.94,7690.0,631,1445,0.1471,0.005975
2026-08-26 11:37:37,SPX,7671.46,7675.94,7650.0,1994,3352,0.1538,0.005975
2026-08-26 11:37:37,SPX,7671.46,7675.94,7695.0,491,323,0.1461,0.005975
2026-08-26 11:37:37,SPX,7671.46,7675.94,7645.0,116,616,0.1549,0.005975
2026-08-26 11:37:37,SPX,7671.46,7675.94,7700.0,4930,5969,0.1451,0.005975
2026-08-26 11:37:37,SPX,7671.46,7675.94,7640.0,1104,1681,0.1563,0.005975
2026-08-26 11:37:37,SPX,7671.46,7675.94,7705.0,475,522,0.1444,0.005975
2026-08-26 11:37:37,SPX,7671.46,7675.94,7635.0,166,713,0.1571,0.005975
2026-08-26 11:37:37,SPX,7671.46,7675.94,7710.0,1078,554,0.144,0.005975
2026-08-26 11:37:37,SPX,7671.46,7675.94,7630.0,623,1339,0.1576,0.005975
2026-08-26 11:37:37,SPX,7671.46,7675.94,7715.0,554,492,0.1434,0.005975
2026-08-26 11:37:37,SPX,7671.46,7675.94,7625.0,1365,1234,0.1585,0.005975
2026-08-26 11:37:37,SPX,7671.46,7675.94,7720.0,1775,441,0.1429,0.005975
2026-08-26 11:37:37,SPX,7671.46,7675.94,7620.0,594,780,0.1598,0.005975
2026-08-26 11:37:37,SPX,7671.46,7675.94,7725.0,2638,1672,0.1421,0.005975
2026-08-26 11:37:37,SPX,7671.46,7675.94,7615.0,163,558,0.1612,0.005975
2026-08-26 11:37:37,SPX,7671.46,7675.94,7730.0,2541,415,0.1412,0.005975
2026-08-26 11:37:37,SPX,7671.46,7675.94,7610.0,398,814,0.1619,0.005975
2026-08-26 11:37:37,SPX,7671.46,7675.94,7735.0,359,217,0.1403,0.005975
2026-08-26 11:37:37,SPX,7671.46,7675.94,7605.0,82,509,0.1623,0.005975
2026-08-26 11:37:37,SPX,7671.46,7675.94,7740.0,995,1064,0.1395,0.005975
2026-08-26 11:37:37,SPX,7671.46,7675.94,7600.0,901,3239,0.1637,0.005975
2026-08-26 11:37:37,SPX,7671.46,7675.94,7745.0,533,236,0.1388,0.005975
2026-08-26 11:37:37,SPX,7671.46,7675.94,7595.0,80,953,0.165,0.005975
2026-08-26 11:37:37,SPX,7671.46,7675.94,7750.0,2688,2577,0.1382,0.005975
2026-08-26 11:37:37,SPX,7671.46,7675.94,7590.0,632,1716,0.1665,0.005975
2026-08-26 11:37:37,SPX,7671.46,7675.94,7755.0,621,457,0.1376,0.005975
2026-08-26 11:37:37,SPX,7671.46,7675.94,7585.0,96,577,0.1677,0.005975
2026-08-26 11:37:37,SPX,7671.46,7675.94,7760.0,1101,681,0.1371,0.005975
2026-08-26 11:37:37,SPX,7671.46,7675.94,7580.0,228,3073,0.1694,0.005975
2026-08-26 11:37:37,SPX,7671.46,7675.94,7765.0,635,164,0.1366,0.005975
2026-08-26 11:37:37,SPX,7671.46,7675.94,7575.0,419,1112,0.1695,0.005975
2026-08-26 11:37:37,SPX,7671.46,7675.94,7770.0,1726,277,0.1362,0.005975
2026-08-26 11:37:37,SPX,7671.46,7675.94,7570.0,1579,1354,0.1702,0.005975
2026-08-26 11:37:37,SPX,7671.46,7675.94,7775.0,1547,695,0.1356,0.005975
2026-08-26 11:37:37,SPX,7671.46,7675.94,7565.0,34,995,0.1727,0.005975
2026-08-26 11:37:37,SPX,7671.46,7675.94,7780.0,1642,433,0.1351,0.005975
2026-08-26 11:37:37,SPX,7671.46,7675.94,7560.0,313,767,0.173,0.005975
2026-08-26 11:37:37,SPX,7671.46,7675.94,7785.0,1127,545,0.1346,0.005975
2026-08-26 11:37:37,SPX,7671.46,7675.94,7555.0,989,643,0.1741,0.005975
2026-08-26 11:37:37,SPX,7671.46,7675.94,7790.0,2374,290,0.1341,0.005975
2026-08-26 11:37:37,SPX,7671.46,7675.94,7550.0,1123,5809,0.1757,0.005975
2026-08-26 11:37:37,SPX,7671.46,7675.94,7795.0,696,102,0.1337,0.005975
2026-08-26 12:08:01,SPX,7670.11,7675.5,7670.0,2542,2418,0.1037,0.000441
2026-08-26 12:08:01,SPX,7670.11,7675.5,7675.0,2650,2552,0.102,0.000441
2026-08-26 12:08:01,SPX,7670.11,7675.5,7665.0,733,1337,0.1068,0.000441
2026-08-26 12:08:01,SPX,7670.11,7675.5,7680.0,3968,2547,0.1009,0.000441
2026-08-26 12:08:01,SPX,7670.11,7675.5,7660.0,571,2665,0.1103,0.000441
2026-08-26 12:08:01,SPX,7670.11,7675.5,7685.0,1570,515,0.1017,0.000441
2026-08-26 12:08:01,SPX,7670.11,7675.5,7655.0,723,4474,0.116,0.000441
2026-08-26 12:08:01,SPX,7670.11,7675.5,7690.0,2192,522,0.104,0.000441
2026-08-26 12:08:01,SPX,7670.11,7675.5,7650.0,4032,5488,0.1213,0.000441
2026-08-26 12:08:01,SPX,7670.11,7675.5,7695.0,1154,284,0.108,0.000441
2026-08-26 12:08:01,SPX,7670.11,7675.5,7645.0,185,1210,0.1293,0.000441
2026-08-26 12:08:01,SPX,7670.11,7675.5,7700.0,4795,2023,0.1138,0.000441
2026-08-26 12:08:01,SPX,7670.11,7675.5,7640.0,269,1302,0.1349,0.000441
2026-08-26 12:08:01,SPX,7670.11,7675.5,7705.0,2011,372,0.1213,0.000441
2026-08-26 12:08:01,SPX,7670.11,7675.5,7635.0,270,2101,0.1449,0.000441
2026-08-26 12:08:01,SPX,7670.11,7675.5,7710.0,2677,390,0.1299,0.000441
2026-08-26 12:08:01,SPX,7670.11,7675.5,7630.0,372,2082,0.1499,0.000441
2026-08-26 12:08:01,SPX,7670.11,7675.5,7715.0,4333,256,0.1394,0.000441
2026-08-26 12:08:01,SPX,7670.11,7675.5,7625.0,1138,2845,0.1594,0.000441
2026-08-26 12:08:01,SPX,7670.11,7675.5,7720.0,2607,278,0.1495,0.000441
2026-08-26 12:08:01,SPX,7670.11,7675.5,7620.0,747,2807,0.1667,0.000441
2026-08-26 12:08:01,SPX,7670.11,7675.5,7725.0,4671,519,0.1599,0.000441
2026-08-26 12:08:01,SPX,7670.11,7675.5,7615.0,58,1361,0.1778,0.000441
2026-08-26 12:08:01,SPX,7670.11,7675.5,7730.0,3313,318,0.1701,0.000441
2026-08-26 12:08:01,SPX,7670.11,7675.5,7610.0,112,1581,0.1872,0.000441
2026-08-26 12:08:01,SPX,7670.11,7675.5,7735.0,1759,137,0.1801,0.000441
2026-08-26 12:08:01,SPX,7670.11,7675.5,7605.0,56,1229,0.1959,0.000441
2026-08-26 12:08:01,SPX,7670.11,7675.5,7740.0,1928,177,0.1898,0.000441
2026-08-26 12:08:01,SPX,7670.11,7675.5,7600.0,322,4592,0.2043,0.000441
2026-08-26 12:08:01,SPX,7670.11,7675.5,7745.0,1767,160,0.1993,0.000441
2026-08-26 12:08:01,SPX,7670.11,7675.5,7595.0,59,2571,0.2128,0.000441
2026-08-26 12:08:01,SPX,7670.11,7675.5,7750.0,4097,2333,0.2088,0.000441
2026-08-26 12:08:01,SPX,7670.11,7675.5,7590.0,47,1339,0.2212,0.000441
2026-08-26 12:08:01,SPX,7670.11,7675.5,7755.0,2787,96,0.2184,0.000441
2026-08-26 12:08:01,SPX,7670.11,7675.5,7585.0,110,1632,0.2297,0.000441
2026-08-26 12:08:01,SPX,7670.11,7675.5,7760.0,2078,151,0.2283,0.000441
2026-08-26 12:08:01,SPX,7670.11,7675.5,7580.0,257,2202,0.2387,0.000441
2026-08-26 12:08:01,SPX,7670.11,7675.5,7765.0,1039,141,0.2383,0.000441
2026-08-26 12:08:01,SPX,7670.11,7675.5,7575.0,124,2042,0.2483,0.000441
2026-08-26 12:08:01,SPX,7670.11,7675.5,7770.0,1992,157,0.2479,0.000441
2026-08-26 12:08:01,SPX,7670.11,7675.5,7570.0,693,1380,0.2583,0.000441
2026-08-26 12:08:01,SPX,7670.11,7675.5,7775.0,4247,108,0.2568,0.000441
2026-08-26 12:08:01,SPX,7670.11,7675.5,7565.0,31,1929,0.2684,0.000441
2026-08-26 12:08:01,SPX,7670.11,7675.5,7780.0,1636,71,0.2649,0.000441
2026-08-26 12:08:01,SPX,7670.11,7675.5,7560.0,89,2744,0.2785,0.000441
2026-08-26 12:08:01,SPX,7670.11,7675.5,7785.0,2518,114,0.2719,0.000441
2026-08-26 12:08:01,SPX,7670.11,7675.5,7555.0,13,741,0.2887,0.000441
2026-08-26 12:08:01,SPX,7670.11,7675.5,7790.0,2304,80,0.2779,0.000441
2026-08-26 12:08:01,SPX,7670.11,7675.5,7550.0,80,4185,0.2992,0.000441
2026-08-26 12:08:01,SPX,7670.11,7675.5,7795.0,4067,35,0.2828,0.000441
2026-08-26 12:08:01,SPX,7670.11,7675.5,7670.0,559,463,0.1518,0.003179
2026-08-26 12:08:01,SPX,7670.11,7675.5,7675.0,306,1566,0.1504,0.003179
2026-08-26 12:08:01,SPX,7670.11,7675.5,7665.0,182,331,0.1524,0.003179
2026-08-26 12:08:01,SPX,7670.11,7675.5,7680.0,415,405,0.1497,0.003179
2026-08-26 12:08:01,SPX,7670.11,7675.5,7660.0,158,287,0.1534,0.003179
2026-08-26 12:08:01,SPX,7670.11,7675.5,7685.0,187,265,0.1487,0.003179
2026-08-26 12:08:01,SPX,7670.11,7675.5,7655.0,128,508,0.1548,0.003179
2026-08-26 12:08:01,SPX,7670.11,7675.5,7690.0,300,414,0.1478,0.003179
2026-08-26 12:08:01,SPX,7670.11,7675.5,7650.0,533,1380,0.1556,0.003179
2026-08-26 12:08:01,SPX,7670.11,7675.5,7695.0,426,198,0.1469,0.003179
2026-08-26 12:08:01,SPX,7670.11,7675.5,7645.0,145,388,0.1572,0.003179
2026-08-26 12:08:01,SPX,7670.11,7675.5,7700.0,1747,2261,0.1461,0.003179
2026-08-26 12:08:01,SPX,7670.11,7675.5,7640.0,62,305,0.1585,0.003179
2026-08-26 12:08:01,SPX,7670.11,7675.5,7705.0,202,155,0.1455,0.003179
2026-08-26 12:08:01,SPX,7670.11,7675.5,7635.0,42,282,0.1595,0.003179
2026-08-26 12:08:01,SPX,7670.11,7675.5,7710.0,458,91,0.1449,0.003179
2026-08-26 12:08:01,SPX,7670.11,7675.5,7630.0,61,498,0.1619,0.003179
2026-08-26 12:08:01,SPX,7670.11,7675.5,7715.0,1274,3043,0.1448,0.003179
2026-08-26 12:08:01,SPX,7670.11,7675.5,7625.0,828,1563,0.1622,0.003179
2026-08-26 12:08:01,SPX,7670.11,7675.5,7720.0,462,164,0.1445,0.003179
2026-08-26 12:08:01,SPX,7670.11,7675.5,7620.0,167,357,0.1635,0.003179
2026-08-26 12:08:01,SPX,7670.11,7675.5,7725.0,3508,2156,0.144,0.003179
2026-08-26 12:08:01,SPX,7670.11,7675.5,7615.0,43,291,0.1652,0.003179
2026-08-26 12:08:01,SPX,7670.11,7675.5,7730.0,275,124,0.1433,0.003179
2026-08-26 12:08:01,SPX,7670.11,7675.5,7610.0,116,293,0.1663,0.003179
2026-08-26 12:08:01,SPX,7670.11,7675.5,7735.0,2399,2075,0.1426,0.003179
2026-08-26 12:08:01,SPX,7670.11,7675.5,7605.0,121,328,0.1676,0.003179
2026-08-26 12:08:01,SPX,7670.11,7675.5,7740.0,404,141,0.1418,0.003179
2026-08-26 12:08:01,SPX,7670.11,7675.5,7600.0,1078,1747,0.1691,0.003179
2026-08-26 12:08:01,SPX,7670.11,7675.5,7745.0,215,164,0.1413,0.003179
2026-08-26 12:08:01,SPX,7670.11,7675.5,7595.0,30,242,0.1712,0.003179
2026-08-26 12:08:01,SPX,7670.11,7675.5,7750.0,2116,248,0.141,0.003179
2026-08-26 12:08:01,SPX,7670.11,7675.5,7590.0,53,571,0.1724,0.003179
2026-08-26 12:08:01,SPX,7670.11,7675.5,7755.0,343,67,0.1408,0.003179
2026-08-26 12:08:01,SPX,7670.11,7675.5,7585.0,22,305,0.1747,0.003179
2026-08-26 12:08:01,SPX,7670.11,7675.5,7760.0,712,120,0.1408,0.003179
2026-08-26 12:08:01,SPX,7670.11,7675.5,7580.0,76,564,0.1771,0.003179
2026-08-26 12:08:01,SPX,7670.11,7675.5,7765.0,471,82,0.141,0.003179
2026-08-26 12:08:01,SPX,7670.11,7675.5,7575.0,292,2281,0.1781,0.003179
2026-08-26 12:08:01,SPX,7670.11,7675.5,7770.0,336,167,0.1414,0.003179
2026-08-26 12:08:01,SPX,7670.11,7675.5,7570.0,68,3315,0.18,0.003179
2026-08-26 12:08:01,SPX,7670.11,7675.5,7775.0,629,116,0.1418,0.003179
2026-08-26 12:08:01,SPX,7670.11,7675.5,7565.0,26,262,0.1818,0.003179
2026-08-26 12:08:01,SPX,7670.11,7675.5,7780.0,488,92,0.142,0.003179
2026-08-26 12:08:01,SPX,7670.11,7675.5,7560.0,15,414,0.1839,0.003179
2026-08-26 12:08:01,SPX,7670.11,7675.5,7785.0,420,70,0.1423,0.003179
2026-08-26 12:08:01,SPX,7670.11,7675.5,7555.0,31,160,0.1864,0.003179
2026-08-26 12:08:01,SPX,7670.11,7675.5,7790.0,779,114,0.1425,0.003179
2026-08-26 12:08:01,SPX,7670.11,7675.5,7550.0,310,835,0.1882,0.003179
2026-08-26 12:08:01,SPX,7670.11,7675.5,7795.0,593,36,0.1427,0.003179
2026-08-26 12:08:01,SPX,7670.11,7675.5,7670.0,562,1218,0.1525,0.005917
2026-08-26 12:08:01,SPX,7670.11,7675.5,7675.0,2111,1740,0.1516,0.005917
2026-08-26 12:08:01,SPX,7670.11,7675.5,7665.0,410,882,0.1535,0.005917
2026-08-26 12:08:01,SPX,7670.11,7675.5,7680.0,811,805,0.1508,0.005917
2026-08-26 12:08:01,SPX,7670.11,7675.5,7660.0,1241,1416,0.1546,0.005917
2026-08-26 12:08:01,SPX,7670.11,7675.5,7685.0,538,711,0.1499,0.005917
2026-08-26 12:08:01,SPX,7670.11,7675.5,7655.0,288,400,0.1555,0.005917
2026-08-26 12:08:01,SPX,7670.11,7675.5,7690.0,631,1445,0.1488,0.005917
2026-08-26 12:08:01,SPX,7670.11,7675.5,7650.0,1994,3352,0.1565,0.005917
2026-08-26 12:08:01,SPX,7670.11,7675.5,7695.0,491,323,0.1481,0.005917
2026-08-26 12:08:01,SPX,7670.11,7675.5,7645.0,116,616,0.1576,0.005917
2026-08-26 12:08:01,SPX,7670.11,7675.5,7700.0,4930,5969,0.1474,0.005917
2026-08-26 12:08:01,SPX,7670.11,7675.5,7640.0,1104,1681,0.1585,0.005917
2026-08-26 12:08:01,SPX,7670.11,7675.5,7705.0,475,522,0.1468,0.005917
2026-08-26 12:08:01,SPX,7670.11,7675.5,7635.0,166,713,0.1596,0.005917
2026-08-26 12:08:01,SPX,7670.11,7675.5,7710.0,1078,554,0.1463,0.005917
2026-08-26 12:08:01,SPX,7670.11,7675.5,7630.0,623,1339,0.1602,0.005917
2026-08-26 12:08:01,SPX,7670.11,7675.5,7715.0,554,492,0.1458,0.005917
2026-08-26 12:08:01,SPX,7670.11,7675.5,7625.0,1365,1234,0.161,0.005917
2026-08-26 12:08:01,SPX,7670.11,7675.5,7720.0,1775,441,0.145,0.005917
2026-08-26 12:08:01,SPX,7670.11,7675.5,7620.0,594,780,0.162,0.005917
2026-08-26 12:08:01,SPX,7670.11,7675.5,7725.0,2638,1672,0.1441,0.005917
2026-08-26 12:08:01,SPX,7670.11,7675.5,7615.0,163,558,0.1636,0.005917
2026-08-26 12:08:01,SPX,7670.11,7675.5,7730.0,2541,415,0.1431,0.005917
2026-08-26 12:08:01,SPX,7670.11,7675.5,7610.0,398,814,0.1646,0.005917
2026-08-26 12:08:01,SPX,7670.11,7675.5,7735.0,359,217,0.1422,0.005917
2026-08-26 12:08:01,SPX,7670.11,7675.5,7605.0,82,509,0.1652,0.005917
2026-08-26 12:08:01,SPX,7670.11,7675.5,7740.0,995,1064,0.1413,0.005917
2026-08-26 12:08:01,SPX,7670.11,7675.5,7600.0,901,3239,0.1664,0.005917
2026-08-26 12:08:01,SPX,7670.11,7675.5,7745.0,533,236,0.1406,0.005917
2026-08-26 12:08:01,SPX,7670.11,7675.5,7595.0,80,953,0.1673,0.005917
2026-08-26 12:08:01,SPX,7670.11,7675.5,7750.0,2688,2577,0.1401,0.005917
2026-08-26 12:08:01,SPX,7670.11,7675.5,7590.0,632,1716,0.1689,0.005917
2026-08-26 12:08:01,SPX,7670.11,7675.5,7755.0,621,457,0.1396,0.005917
2026-08-26 12:08:01,SPX,7670.11,7675.5,7585.0,96,577,0.1702,0.005917
2026-08-26 12:08:01,SPX,7670.11,7675.5,7760.0,1101,681,0.1392,0.005917
2026-08-26 12:08:01,SPX,7670.11,7675.5,7580.0,228,3073,0.1713,0.005917
2026-08-26 12:08:01,SPX,7670.11,7675.5,7765.0,635,164,0.1387,0.005917
2026-08-26 12:08:01,SPX,7670.11,7675.5,7575.0,419,1112,0.1724,0.005917
2026-08-26 12:08:01,SPX,7670.11,7675.5,7770.0,1726,277,0.1381,0.005917
2026-08-26 12:08:01,SPX,7670.11,7675.5,7570.0,1579,1354,0.1737,0.005917
2026-08-26 12:08:01,SPX,7670.11,7675.5,7775.0,1547,695,0.1376,0.005917
2026-08-26 12:08:01,SPX,7670.11,7675.5,7565.0,34,995,0.1748,0.005917
2026-08-26 12:08:01,SPX,7670.11,7675.5,7780.0,1642,433,0.137,0.005917
2026-08-26 12:08:01,SPX,7670.11,7675.5,7560.0,313,767,0.1755,0.005917
2026-08-26 12:08:01,SPX,7670.11,7675.5,7785.0,1127,545,0.1365,0.005917
2026-08-26 12:08:01,SPX,7670.11,7675.5,7555.0,989,643,0.1769,0.005917
2026-08-26 12:08:01,SPX,7670.11,7675.5,7790.0,2374,290,0.1361,0.005917
2026-08-26 12:08:01,SPX,7670.11,7675.5,7550.0,1123,5809,0.1784,0.005917
2026-08-26 12:08:01,SPX,7670.11,7675.5,7795.0,696,102,0.1357,0.005917
2026-08-26 12:38:26,SPX,7665.05,7674.4,7665.0,733,1337,0.0992,0.000383
2026-08-26 12:38:26,SPX,7665.05,7674.4,7670.0,2542,2418,0.0976,0.000383
2026-08-26 12:38:26,SPX,7665.05,7674.4,7660.0,571,2665,0.1018,0.000383
2026-08-26 12:38:26,SPX,7665.05,7674.4,7675.0,2650,2552,0.0977,0.000383
2026-08-26 12:38:26,SPX,7665.05,7674.4,7655.0,723,4474,0.1066,0.000383
2026-08-26 12:38:26,SPX,7665.05,7674.4,7680.0,3968,2547,0.0999,0.000383
2026-08-26 12:38:26,SPX,7665.05,7674.4,7650.0,4032,5488,0.1119,0.000383
2026-08-26 12:38:26,SPX,7665.05,7674.4,7685.0,1570,515,0.1045,0.000383
2026-08-26 12:38:26,SPX,7665.05,7674.4,7645.0,185,1210,0.1179,0.000383
2026-08-26 12:38:26,SPX,7665.05,7674.4,7690.0,2192,522,0.1116,0.000383
2026-08-26 12:38:26,SPX,7665.05,7674.4,7640.0,269,1302,0.1263,0.000383
2026-08-26 12:38:26,SPX,7665.05,7674.4,7695.0,1154,284,0.1198,0.000383
2026-08-26 12:38:26,SPX,7665.05,7674.4,7635.0,270,2101,0.1335,0.000383
2026-08-26 12:38:26,SPX,7665.05,7674.4,7700.0,4795,2023,0.1287,0.000383
2026-08-26 12:38:26,SPX,7665.05,7674.4,7630.0,372,2082,0.1446,0.000383
2026-08-26 12:38:26,SPX,7665.05,7674.4,7705.0,2011,372,0.1378,0.000383
2026-08-26 12:38:26,SPX,7665.05,7674.4,7625.0,1138,2845,0.1515,0.000383
2026-08-26 12:38:26,SPX,7665.05,7674.4,7710.0,2677,390,0.1475,0.000383
2026-08-26 12:38:26,SPX,7665.05,7674.4,7620.0,747,2807,0.1594,0.000383
2026-08-26 12:38:26,SPX,7665.05,7674.4,7715.0,4333,256,0.1582,0.000383
2026-08-26 12:38:26,SPX,7665.05,7674.4,7615.0,58,1361,0.1731,0.000383
2026-08-26 12:38:26,SPX,7665.05,7674.4,7720.0,2607,278,0.1693,0.000383
2026-08-26 12:38:26,SPX,7665.05,7674.4,7610.0,112,1581,0.185,0.000383
2026-08-26 12:38:26,SPX,7665.05,7674.4,7725.0,4671,519,0.1803,0.000383
2026-08-26 12:38:26,SPX,7665.05,7674.4,7605.0,56,1229,0.1935,0.000383
2026-08-26 12:38:26,SPX,7665.05,7674.4,7730.0,3313,318,0.1909,0.000383
2026-08-26 12:38:26,SPX,7665.05,7674.4,7600.0,322,4592,0.2008,0.000383
2026-08-26 12:38:26,SPX,7665.05,7674.4,7735.0,1759,137,0.201,0.000383
2026-08-26 12:38:26,SPX,7665.05,7674.4,7595.0,59,2571,0.2085,0.000383
2026-08-26 12:38:26,SPX,7665.05,7674.4,7740.0,1928,177,0.2112,0.000383
2026-08-26 12:38:26,SPX,7665.05,7674.4,7590.0,47,1339,0.2171,0.000383
2026-08-26 12:38:26,SPX,7665.05,7674.4,7745.0,1767,160,0.2219,0.000383
2026-08-26 12:38:26,SPX,7665.05,7674.4,7585.0,110,1632,0.2271,0.000383
2026-08-26 12:38:26,SPX,7665.05,7674.4,7750.0,4097,2333,0.2332,0.000383
2026-08-26 12:38:26,SPX,7665.05,7674.4,7580.0,257,2202,0.2385,0.000383
2026-08-26 12:38:26,SPX,7665.05,7674.4,7755.0,2787,96,0.2447,0.000383
2026-08-26 12:38:26,SPX,7665.05,7674.4,7575.0,124,2042,0.2506,0.000383
2026-08-26 12:38:26,SPX,7665.05,7674.4,7760.0,2078,151,0.2557,0.000383
2026-08-26 12:38:26,SPX,7665.05,7674.4,7570.0,693,1380,0.2628,0.000383
2026-08-26 12:38:26,SPX,7665.05,7674.4,7765.0,1039,141,0.2658,0.000383
2026-08-26 12:38:26,SPX,7665.05,7674.4,7565.0,31,1929,0.2749,0.000383
2026-08-26 12:38:26,SPX,7665.05,7674.4,7770.0,1992,157,0.2746,0.000383
2026-08-26 12:38:26,SPX,7665.05,7674.4,7560.0,89,2744,0.2868,0.000383
2026-08-26 12:38:26,SPX,7665.05,7674.4,7775.0,4247,108,0.2822,0.000383
2026-08-26 12:38:26,SPX,7665.05,7674.4,7555.0,13,741,0.2987,0.000383
2026-08-26 12:38:26,SPX,7665.05,7674.4,7780.0,1636,71,0.2886,0.000383
2026-08-26 12:38:26,SPX,7665.05,7674.4,7550.0,80,4185,0.3106,0.000383
2026-08-26 12:38:26,SPX,7665.05,7674.4,7785.0,2518,114,0.2937,0.000383
2026-08-26 12:38:26,SPX,7665.05,7674.4,7545.0,6,1369,0.3225,0.000383
2026-08-26 12:38:26,SPX,7665.05,7674.4,7790.0,2304,80,0.2977,0.000383
2026-08-26 12:38:26,SPX,7665.05,7674.4,7665.0,182,331,0.1546,0.003121
2026-08-26 12:38:26,SPX,7665.05,7674.4,7670.0,559,463,0.1535,0.003121
2026-08-26 12:38:26,SPX,7665.05,7674.4,7660.0,158,287,0.1555,0.003121
2026-08-26 12:38:26,SPX,7665.05,7674.4,7675.0,306,1566,0.1524,0.003121
2026-08-26 12:38:26,SPX,7665.05,7674.4,7655.0,128,508,0.1567,0.003121
2026-08-26 12:38:26,SPX,7665.05,7674.4,7680.0,415,405,0.1515,0.003121
2026-08-26 12:38:26,SPX,7665.05,7674.4,7650.0,533,1380,0.1579,0.003121
2026-08-26 12:38:26,SPX,7665.05,7674.4,7685.0,187,265,0.1503,0.003121
2026-08-26 12:38:26,SPX,7665.05,7674.4,7645.0,145,388,0.159,0.003121
2026-08-26 12:38:26,SPX,7665.05,7674.4,7690.0,300,414,0.1494,0.003121
2026-08-26 12:38:26,SPX,7665.05,7674.4,7640.0,62,305,0.16,0.003121
2026-08-26 12:38:26,SPX,7665.05,7674.4,7695.0,426,198,0.1487,0.003121
2026-08-26 12:38:26,SPX,7665.05,7674.4,7635.0,42,282,0.1611,0.003121
2026-08-26 12:38:26,SPX,7665.05,7674.4,7700.0,1747,2261,0.1478,0.003121
2026-08-26 12:38:26,SPX,7665.05,7674.4,7630.0,61,498,0.1628,0.003121
2026-08-26 12:38:26,SPX,7665.05,7674.4,7705.0,202,155,0.1472,0.003121
2026-08-26 12:38:26,SPX,7665.05,7674.4,7625.0,828,1563,0.1636,0.003121
2026-08-26 12:38:26,SPX,7665.05,7674.4,7710.0,458,91,0.1464,0.003121
2026-08-26 12:38:26,SPX,7665.05,7674.4,7620.0,167,357,0.1643,0.003121
2026-08-26 12:38:26,SPX,7665.05,7674.4,7715.0,1274,3043,0.1461,0.003121
2026-08-26 12:38:26,SPX,7665.05,7674.4,7615.0,43,291,0.1664,0.003121
2026-08-26 12:38:26,SPX,7665.05,7674.4,7720.0,462,164,0.1457,0.003121
2026-08-26 12:38:26,SPX,7665.05,7674.4,7610.0,116,293,0.167,0.003121
2026-08-26 12:38:26,SPX,7665.05,7674.4,7725.0,3508,2156,0.1452,0.003121
2026-08-26 12:38:26,SPX,7665.05,7674.4,7605.0,121,328,0.1693,0.003121
2026-08-26 12:38:26,SPX,7665.05,7674.4,7730.0,275,124,0.1448,0.003121
2026-08-26 12:38:26,SPX,7665.05,7674.4,7600.0,1078,1747,0.1704,0.003121
2026-08-26 12:38:26,SPX,7665.05,7674.4,7735.0,2399,2075,0.1444,0.003121
2026-08-26 12:38:26,SPX,7665.05,7674.4,7595.0,30,242,0.1719,0.003121
2026-08-26 12:38:26,SPX,7665.05,7674.4,7740.0,404,141,0.1438,0.003121
2026-08-26 12:38:26,SPX,7665.05,7674.4,7760.0,0,120,0.1433,0.003121
2026-08-26 12:38:26,SPX,7665.05,7674.4,7570.0,68,3315,0.1808,0.003121
2026-08-26 12:38:26,SPX,7665.05,7674.4,7765.0,471,82,0.1436,0.003121
2026-08-26 12:38:26,SPX,7665.05,7674.4,7565.0,26,262,0.1833,0.003121
2026-08-26 12:38:26,SPX,7665.05,7674.4,7770.0,336,167,0.1439,0.003121
2026-08-26 12:38:26,SPX,7665.05,7674.4,7560.0,15,414,0.1844,0.003121
2026-08-26 12:38:26,SPX,7665.05,7674.4,7775.0,629,116,0.1442,0.003121
2026-08-26 12:38:26,SPX,7665.05,7674.4,7555.0,31,160,0.1861,0.003121
2026-08-26 12:38:26,SPX,7665.05,7674.4,7780.0,488,92,0.1444,0.003121
2026-08-26 12:38:26,SPX,7665.05,7674.4,7550.0,310,835,0.1882,0.003121
2026-08-26 12:38:26,SPX,7665.05,7674.4,7785.0,420,70,0.1445,0.003121
2026-08-26 12:38:26,SPX,7665.05,7674.4,7545.0,8,372,0.1903,0.003121
2026-08-26 12:38:26,SPX,7665.05,7674.4,7790.0,779,114,0.1446,0.003121
2026-08-26 12:38:26,SPX,7665.05,7674.4,7665.0,410,882,0.1541,0.005859
2026-08-26 12:38:26,SPX,7665.05,7674.4,7670.0,562,1218,0.1533,0.005859
2026-08-26 12:38:26,SPX,7665.05,7674.4,7660.0,1241,1416,0.155,0.005859
2026-08-26 12:38:26,SPX,7665.05,7674.4,7675.0,2111,1740,0.1523,0.005859
2026-08-26 12:38:26,SPX,7665.05,7674.4,7655.0,288,400,0.1562,0.005859
2026-08-26 12:38:26,SPX,7665.05,7674.4,7680.0,811,805,0.1513,0.005859
2026-08-26 12:38:26,SPX,7665.05,7674.4,7650.0,1994,3352,0.1571,0.005859
2026-08-26 12:38:26,SPX,7665.05,7674.4,7685.0,538,711,0.1503,0.005859
2026-08-26 12:38:26,SPX,7665.05,7674.4,7645.0,116,616,0.1581,0.005859
2026-08-26 12:38:26,SPX,7665.05,7674.4,7690.0,631,1445,0.1497,0.005859
2026-08-26 12:38:26,SPX,7665.05,7674.4,7640.0,1104,1681,0.1593,0.005859
2026-08-26 12:38:26,SPX,7665.05,7674.4,7695.0,491,323,0.1489,0.005859
2026-08-26 12:38:26,SPX,7665.05,7674.4,7635.0,166,713,0.1597,0.005859
2026-08-26 12:38:26,SPX,7665.05,7674.4,7700.0,4930,5969,0.148,0.005859
2026-08-26 12:38:26,SPX,7665.05,7674.4,7630.0,623,1339,0.1604,0.005859
2026-08-26 12:38:26,SPX,7665.05,7674.4,7705.0,475,522,0.1474,0.005859
2026-08-26 12:38:26,SPX,7665.05,7674.4,7625.0,1365,1234,0.1617,0.005859
2026-08-26 12:38:26,SPX,7665.05,7674.4,7710.0,1078,554,0.1469,0.005859
2026-08-26 12:38:26,SPX,7665.05,7674.4,7620.0,594,780,0.163,0.005859
2026-08-26 12:38:26,SPX,7665.05,7674.4,7715.0,554,492,0.1464,0.005859
2026-08-26 12:38:26,SPX,7665.05,7674.4,7615.0,163,558,0.1639,0.005859
2026-08-26 12:38:26,SPX,7665.05,7674.4,7720.0,1775,441,0.1456,0.005859
2026-08-26 12:38:26,SPX,7665.05,7674.4,7610.0,398,814,0.1646,0.005859
2026-08-26 12:38:26,SPX,7665.05,7674.4,7725.0,2638,1672,0.1446,0.005859
2026-08-26 12:38:26,SPX,7665.05,7674.4,7605.0,82,509,0.1653,0.005859
2026-08-26 12:38:26,SPX,7665.05,7674.4,7730.0,2541,415,0.1436,0.005859
2026-08-26 12:38:26,SPX,7665.05,7674.4,7600.0,901,3239,0.1667,0.005859
2026-08-26 12:38:26,SPX,7665.05,7674.4,7735.0,359,217,0.1427,0.005859
2026-08-26 12:38:26,SPX,7665.05,7674.4,7595.0,80,953,0.1682,0.005859
2026-08-26 12:38:26,SPX,7665.05,7674.4,7740.0,995,1064,0.1419,0.005859
2026-08-26 12:38:26,SPX,7665.05,7674.4,7590.0,632,1716,0.1692,0.005859
2026-08-26 12:38:26,SPX,7665.05,7674.4,7745.0,533,236,0.1413,0.005859
2026-08-26 12:38:26,SPX,7665.05,7674.4,7585.0,96,577,0.1698,0.005859
2026-08-26 12:38:26,SPX,7665.05,7674.4,7750.0,2688,2577,0.1409,0.005859
2026-08-26 12:38:26,SPX,7665.05,7674.4,7580.0,228,3073,0.1709,0.005859
2026-08-26 12:38:26,SPX,7665.05,7674.4,7755.0,621,457,0.1405,0.005859
2026-08-26 12:38:26,SPX,7665.05,7674.4,7575.0,419,1112,0.1719,0.005859
2026-08-26 12:38:26,SPX,7665.05,7674.4,7760.0,1101,681,0.1401,0.005859
2026-08-26 12:38:26,SPX,7665.05,7674.4,7570.0,1579,1354,0.1741,0.005859
2026-08-26 12:38:26,SPX,7665.05,7674.4,7765.0,635,164,0.1396,0.005859
2026-08-26 12:38:26,SPX,7665.05,7674.4,7565.0,34,995,0.1749,0.005859
2026-08-26 12:38:26,SPX,7665.05,7674.4,7770.0,1726,277,0.139,0.005859
2026-08-26 12:38:26,SPX,7665.05,7674.4,7560.0,313,767,0.1761,0.005859
2026-08-26 12:38:26,SPX,7665.05,7674.4,7775.0,1547,695,0.1384,0.005859
2026-08-26 12:38:26,SPX,7665.05,7674.4,7555.0,989,643,0.1776,0.005859
2026-08-26 12:38:26,SPX,7665.05,7674.4,7780.0,1642,433,0.1378,0.005859
2026-08-26 12:38:26,SPX,7665.05,7674.4,7550.0,1123,5809,0.1787,0.005859
2026-08-26 12:38:26,SPX,7665.05,7674.4,7785.0,1127,545,0.1372,0.005859
2026-08-26 12:38:26,SPX,7665.05,7674.4,7545.0,11,605,0.1797,0.005859
2026-08-26 12:38:26,SPX,7665.05,7674.4,7790.0,2374,290,0.1366,0.005859
2026-08-26 13:08:55,SPX,7667.33,7673.94,7665.0,733,1337,0.0957,0.000325
2026-08-26 13:08:55,SPX,7667.33,7673.94,7670.0,2542,2418,0.0945,0.000325
2026-08-26 13:08:55,SPX,7667.33,7673.94,7660.0,571,2665,0.0975,0.000325
2026-08-26 13:08:55,SPX,7667.33,7673.94,7655.0,723,4474,0.1017,0.000325
2026-08-26 13:08:55,SPX,7667.33,7673.94,7680.0,3968,2547,0.0981,0.000325
2026-08-26 13:08:55,SPX,7667.33,7673.94,7650.0,4032,5488,0.1059,0.000325
2026-08-26 13:08:55,SPX,7667.33,7673.94,7685.0,1570,515,0.1045,0.000325
2026-08-26 13:08:55,SPX,7667.33,7673.94,7645.0,185,1210,0.1106,0.000325
2026-08-26 13:08:55,SPX,7667.33,7673.94,7690.0,2192,522,0.1113,0.000325
2026-08-26 13:08:55,SPX,7667.33,7673.94,7640.0,269,1302,0.1177,0.000325
2026-08-26 13:08:55,SPX,7667.33,7673.94,7695.0,1154,284,0.1192,0.000325
2026-08-26 13:08:55,SPX,7667.33,7673.94,7635.0,270,2101,0.1305,0.000325
2026-08-26 13:08:55,SPX,7667.33,7673.94,7700.0,4795,2023,0.1293,0.000325
2026-08-26 13:08:55,SPX,7667.33,7673.94,7630.0,372,2082,0.1371,0.000325
2026-08-26 13:08:55,SPX,7667.33,7673.94,7705.0,2011,372,0.1415,0.000325
2026-08-26 13:08:55,SPX,7667.33,7673.94,7625.0,1138,2845,0.146,0.000325
2026-08-26 13:08:55,SPX,7667.33,7673.94,7710.0,2677,390,0.1545,0.000325
2026-08-26 13:08:55,SPX,7667.33,7673.94,7620.0,747,2807,0.1609,0.000325
2026-08-26 13:08:55,SPX,7667.33,7673.94,7715.0,4333,256,0.1675,0.000325
2026-08-26 13:08:55,SPX,7667.33,7673.94,7615.0,58,1361,0.1726,0.000325
2026-08-26 13:08:55,SPX,7667.33,7673.94,7720.0,2607,278,0.1795,0.000325
2026-08-26 13:08:55,SPX,7667.33,7673.94,7610.0,112,1581,0.1849,0.000325
2026-08-26 13:08:55,SPX,7667.33,7673.94,7725.0,4671,519,0.1907,0.000325
2026-08-26 13:08:55,SPX,7667.33,7673.94,7605.0,56,1229,0.1965,0.000325
2026-08-26 13:08:55,SPX,7667.33,7673.94,7730.0,3313,318,0.2018,0.000325
2026-08-26 13:08:55,SPX,7667.33,7673.94,7600.0,322,4592,0.2075,0.000325
2026-08-26 13:08:55,SPX,7667.33,7673.94,7735.0,1759,137,0.2134,0.000325
2026-08-26 13:08:55,SPX,7667.33,7673.94,7595.0,59,2571,0.2189,0.000325
2026-08-26 13:08:55,SPX,7667.33,7673.94,7740.0,1928,177,0.2254,0.000325
2026-08-26 13:08:55,SPX,7667.33,7673.94,7590.0,47,1339,0.2314,0.000325
2026-08-26 13:08:55,SPX,7667.33,7673.94,7745.0,1767,160,0.2378,0.000325
2026-08-26 13:08:55,SPX,7667.33,7673.94,7585.0,110,1632,0.2444,0.000325
2026-08-26 13:08:55,SPX,7667.33,7673.94,7750.0,4097,2333,0.2507,0.000325
2026-08-26 13:08:55,SPX,7667.33,7673.94,7580.0,257,2202,0.2577,0.000325
2026-08-26 13:08:55,SPX,7667.33,7673.94,7755.0,2787,96,0.2639,0.000325
2026-08-26 13:08:55,SPX,7667.33,7673.94,7575.0,124,2042,0.2711,0.000325
2026-08-26 13:08:55,SPX,7667.33,7673.94,7760.0,2078,151,0.277,0.000325
2026-08-26 13:08:55,SPX,7667.33,7673.94,7570.0,693,1380,0.2843,0.000325
2026-08-26 13:08:55,SPX,7667.33,7673.94,7765.0,1039,141,0.2893,0.000325
2026-08-26 13:08:55,SPX,7667.33,7673.94,7565.0,31,1929,0.2972,0.000325
2026-08-26 13:08:55,SPX,7667.33,7673.94,7770.0,1992,157,0.3003,0.000325
2026-08-26 13:08:55,SPX,7667.33,7673.94,7560.0,89,2744,0.3094,0.000325
2026-08-26 13:08:55,SPX,7667.33,7673.94,7775.0,4247,108,0.3098,0.000325
2026-08-26 13:08:55,SPX,7667.33,7673.94,7555.0,13,741,0.3211,0.000325
2026-08-26 13:08:55,SPX,7667.33,7673.94,7780.0,1636,71,0.3176,0.000325
2026-08-26 13:08:55,SPX,7667.33,7673.94,7550.0,80,4185,0.3323,0.000325
2026-08-26 13:08:55,SPX,7667.33,7673.94,7785.0,2518,114,0.3238,0.000325
2026-08-26 13:08:55,SPX,7667.33,7673.94,7545.0,6,1369,0.3429,0.000325
2026-08-26 13:08:55,SPX,7667.33,7673.94,7790.0,2304,80,0.3281,0.000325
2026-08-26 13:08:55,SPX,7667.33,7673.94,7665.0,182,331,0.1532,0.003063
2026-08-26 13:08:55,SPX,7667.33,7673.94,7670.0,559,463,0.1522,0.003063
2026-08-26 13:08:55,SPX,7667.33,7673.94,7660.0,158,287,0.1535,0.003063
2026-08-26 13:08:55,SPX,7667.33,7673.94,7675.0,306,1566,0.1508,0.003063
2026-08-26 13:08:55,SPX,7667.33,7673.94,7655.0,128,508,0.1553,0.003063
2026-08-26 13:08:55,SPX,7667.33,7673.94,7680.0,415,405,0.15,0.003063
2026-08-26 13:08:55,SPX,7667.33,7673.94,7650.0,533,1380,0.1564,0.003063
2026-08-26 13:08:55,SPX,7667.33,7673.94,7685.0,187,265,0.149,0.003063
2026-08-26 13:08:55,SPX,7667.33,7673.94,7645.0,145,388,0.1568,0.003063
2026-08-26 13:08:55,SPX,7667.33,7673.94,7690.0,300,414,0.1482,0.003063
2026-08-26 13:08:55,SPX,7667.33,7673.94,7640.0,62,305,0.1574,0.003063
2026-08-26 13:08:55,SPX,7667.33,7673.94,7695.0,426,198,0.1475,0.003063
2026-08-26 13:08:55,SPX,7667.33,7673.94,7635.0,42,282,0.159,0.003063
2026-08-26 13:08:55,SPX,7667.33,7673.94,7700.0,1747,2261,0.147,0.003063
2026-08-26 13:08:55,SPX,7667.33,7673.94,7630.0,61,498,0.16,0.003063
2026-08-26 13:08:55,SPX,7667.33,7673.94,7705.0,202,155,0.1467,0.003063
2026-08-26 13:08:55,SPX,7667.33,7673.94,7625.0,828,1563,0.1612,0.003063
2026-08-26 13:08:55,SPX,7667.33,7673.94,7710.0,458,91,0.1463,0.003063
2026-08-26 13:08:55,SPX,7667.33,7673.94,7620.0,167,357,0.1626,0.003063
2026-08-26 13:08:55,SPX,7667.33,7673.94,7715.0,1274,3043,0.1463,0.003063
2026-08-26 13:08:55,SPX,7667.33,7673.94,7615.0,43,291,0.1643,0.003063
2026-08-26 13:08:55,SPX,7667.33,7673.94,7720.0,462,164,0.1459,0.003063
2026-08-26 13:08:55,SPX,7667.33,7673.94,7610.0,116,293,0.1647,0.003063
2026-08-26 13:08:55,SPX,7667.33,7673.94,7725.0,3508,2156,0.1451,0.003063
2026-08-26 13:08:55,SPX,7667.33,7673.94,7605.0,121,328,0.1662,0.003063
2026-08-26 13:08:55,SPX,7667.33,7673.94,7730.0,275,124,0.1442,0.003063
2026-08-26 13:08:55,SPX,7667.33,7673.94,7600.0,1078,1747,0.1683,0.003063
2026-08-26 13:08:55,SPX,7667.33,7673.94,7735.0,2399,2075,0.1435,0.003063
2026-08-26 13:08:55,SPX,7667.33,7673.94,7595.0,30,242,0.1692,0.003063
2026-08-26 13:08:55,SPX,7667.33,7673.94,7740.0,404,141,0.1432,0.003063
2026-08-26 13:08:55,SPX,7667.33,7673.94,7590.0,53,571,0.1706,0.003063
2026-08-26 13:08:55,SPX,7667.33,7673.94,7745.0,215,164,0.1431,0.003063
2026-08-26 13:08:55,SPX,7667.33,7673.94,7585.0,22,305,0.1715,0.003063
2026-08-26 13:08:55,SPX,7667.33,7673.94,7750.0,2116,248,0.1433,0.003063
2026-08-26 13:08:55,SPX,7667.33,7673.94,7580.0,76,564,0.174,0.003063
2026-08-26 13:08:55,SPX,7667.33,7673.94,7755.0,343,67,0.1438,0.003063
2026-08-26 13:08:55,SPX,7667.33,7673.94,7575.0,292,2281,0.1751,0.003063
2026-08-26 13:08:55,SPX,7667.33,7673.94,7760.0,712,120,0.1443,0.003063
2026-08-26 13:08:55,SPX,7667.33,7673.94,7570.0,68,3315,0.1767,0.003063
2026-08-26 13:08:55,SPX,7667.33,7673.94,7765.0,471,82,0.1448,0.003063
2026-08-26 13:08:55,SPX,7667.33,7673.94,7565.0,26,262,0.1784,0.003063
2026-08-26 13:08:55,SPX,7667.33,7673.94,7770.0,336,167,0.1453,0.003063
2026-08-26 13:08:55,SPX,7667.33,7673.94,7560.0,15,414,0.1808,0.003063
2026-08-26 13:08:55,SPX,7667.33,7673.94,7775.0,629,116,0.1458,0.003063
2026-08-26 13:08:55,SPX,7667.33,7673.94,7555.0,31,160,0.1833,0.003063
2026-08-26 13:08:55,SPX,7667.33,7673.94,7780.0,488,92,0.1463,0.003063
2026-08-26 13:08:55,SPX,7667.33,7673.94,7550.0,310,835,0.1858,0.003063
2026-08-26 13:08:55,SPX,7667.33,7673.94,7785.0,420,70,0.1469,0.003063
2026-08-26 13:08:55,SPX,7667.33,7673.94,7545.0,8,372,0.1882,0.003063
2026-08-26 13:08:55,SPX,7667.33,7673.94,7790.0,779,114,0.1476,0.003063
2026-08-26 13:08:55,SPX,7667.33,7673.94,7665.0,410,882,0.1523,0.005801
2026-08-26 13:08:55,SPX,7667.33,7673.94,7670.0,562,1218,0.1515,0.005801
2026-08-26 13:08:55,SPX,7667.33,7673.94,7660.0,1241,1416,0.1535,0.005801
2026-08-26 13:08:55,SPX,7667.33,7673.94,7675.0,2111,1740,0.1507,0.005801
2026-08-26 13:08:55,SPX,7667.33,7673.94,7655.0,288,400,0.1537,0.005801
2026-08-26 13:08:55,SPX,7667.33,7673.94,7680.0,811,805,0.1498,0.005801
2026-08-26 13:08:55,SPX,7667.33,7673.94,7650.0,1994,3352,0.1552,0.005801
2026-08-26 13:08:55,SPX,7667.33,7673.94,7685.0,538,711,0.1488,0.005801
2026-08-26 13:08:55,SPX,7667.33,7673.94,7645.0,116,616,0.1564,0.005801
2026-08-26 13:08:55,SPX,7667.33,7673.94,7690.0,631,1445,0.1482,0.005801
2026-08-26 13:08:55,SPX,7667.33,7673.94,7640.0,1104,1681,0.1573,0.005801
2026-08-26 13:08:55,SPX,7667.33,7673.94,7695.0,491,323,0.1475,0.005801
2026-08-26 13:08:55,SPX,7667.33,7673.94,7635.0,166,713,0.1578,0.005801
2026-08-26 13:08:55,SPX,7667.33,7673.94,7700.0,4930,5969,0.1468,0.005801
2026-08-26 13:08:55,SPX,7667.33,7673.94,7630.0,623,1339,0.1586,0.005801
2026-08-26 13:08:55,SPX,7667.33,7673.94,7705.0,475,522,0.1463,0.005801
2026-08-26 13:08:55,SPX,7667.33,7673.94,7625.0,1365,1234,0.1593,0.005801
2026-08-26 13:08:55,SPX,7667.33,7673.94,7710.0,1078,554,0.1458,0.005801
2026-08-26 13:08:55,SPX,7667.33,7673.94,7620.0,594,780,0.1609,0.005801
2026-08-26 13:08:55,SPX,7667.33,7673.94,7715.0,554,492,0.1453,0.005801
2026-08-26 13:08:55,SPX,7667.33,7673.94,7615.0,163,558,0.1622,0.005801
2026-08-26 13:08:55,SPX,7667.33,7673.94,7720.0,1775,441,0.1447,0.005801
2026-08-26 13:08:55,SPX,7667.33,7673.94,7610.0,398,814,0.1627,0.005801
2026-08-26 13:08:55,SPX,7667.33,7673.94,7725.0,2638,1672,0.1439,0.005801
2026-08-26 13:08:55,SPX,7667.33,7673.94,7605.0,82,509,0.1632,0.005801
2026-08-26 13:08:55,SPX,7667.33,7673.94,7730.0,2541,415,0.1429,0.005801
2026-08-26 13:08:55,SPX,7667.33,7673.94,7600.0,901,3239,0.1644,0.005801
2026-08-26 13:08:55,SPX,7667.33,7673.94,7735.0,359,217,0.1419,0.005801
2026-08-26 13:08:55,SPX,7667.33,7673.94,7595.0,80,953,0.166,0.005801
2026-08-26 13:08:55,SPX,7667.33,7673.94,7740.0,995,1064,0.1411,0.005801
2026-08-26 13:08:55,SPX,7667.33,7673.94,7590.0,632,1716,0.1674,0.005801
2026-08-26 13:08:55,SPX,7667.33,7673.94,7745.0,533,236,0.1404,0.005801
2026-08-26 13:08:55,SPX,7667.33,7673.94,7585.0,96,577,0.168,0.005801
2026-08-26 13:08:55,SPX,7667.33,7673.94,7750.0,2688,2577,0.14,0.005801
2026-08-26 13:08:55,SPX,7667.33,7673.94,7580.0,228,3073,0.1684,0.005801
2026-08-26 13:08:55,SPX,7667.33,7673.94,7755.0,621,457,0.1396,0.005801
2026-08-26 13:08:55,SPX,7667.33,7673.94,7575.0,419,1112,0.1703,0.005801
2026-08-26 13:08:55,SPX,7667.33,7673.94,7760.0,1101,681,0.1393,0.005801
2026-08-26 13:08:55,SPX,7667.33,7673.94,7570.0,1579,1354,0.1712,0.005801
2026-08-26 13:08:55,SPX,7667.33,7673.94,7765.0,635,164,0.139,0.005801
2026-08-26 13:08:55,SPX,7667.33,7673.94,7565.0,34,995,0.1723,0.005801
2026-08-26 13:08:55,SPX,7667.33,7673.94,7770.0,1726,277,0.1386,0.005801
2026-08-26 13:08:55,SPX,7667.33,7673.94,7560.0,313,767,0.1732,0.005801
2026-08-26 13:08:55,SPX,7667.33,7673.94,7775.0,1547,695,0.1381,0.005801
2026-08-26 13:08:55,SPX,7667.33,7673.94,7555.0,989,643,0.1744,0.005801
2026-08-26 13:08:55,SPX,7667.33,7673.94,7780.0,1642,433,0.1377,0.005801
2026-08-26 13:08:55,SPX,7667.33,7673.94,7550.0,1123,5809,0.1755,0.005801
2026-08-26 13:08:55,SPX,7667.33,7673.94,7785.0,1127,545,0.1372,0.005801
2026-08-26 13:08:55,SPX,7667.33,7673.94,7545.0,11,605,0.177,0.005801
2026-08-26 13:08:55,SPX,7667.33,7673.94,7790.0,2374,290,0.1368,0.005801
2026-08-26 13:39:20,SPX,7675.29,7675.07,7675.0,2650,2552,0.0998,0.000267
2026-08-26 13:39:20,SPX,7675.29,7675.07,7680.0,3968,2547,0.0989,0.000267
2026-08-26 13:39:20,SPX,7675.29,7675.07,7670.0,2542,2418,0.1014,0.000267
2026-08-26 13:39:20,SPX,7675.29,7675.07,7685.0,1570,515,0.0996,0.000267
2026-08-26 13:39:20,SPX,7675.29,7675.07,7665.0,733,1337,0.1033,0.000267
2026-08-26 13:39:20,SPX,7675.29,7675.07,7690.0,2192,522,0.1024,0.000267
2026-08-26 13:39:20,SPX,7675.29,7675.07,7660.0,571,2665,0.108,0.000267
2026-08-26 13:39:20,SPX,7675.29,7675.07,7695.0,1154,284,0.1076,0.000267
2026-08-26 13:39:20,SPX,7675.29,7675.07,7655.0,723,4474,0.1134,0.000267
2026-08-26 13:39:20,SPX,7675.29,7675.07,7700.0,4795,2023,0.1158,0.000267
2026-08-26 13:39:20,SPX,7675.29,7675.07,7650.0,4032,5488,0.1213,0.000267
2026-08-26 13:39:20,SPX,7675.29,7675.07,7705.0,2011,372,0.1266,0.000267
2026-08-26 13:39:20,SPX,7675.29,7675.07,7645.0,185,1210,0.1298,0.000267
2026-08-26 13:39:20,SPX,7675.29,7675.07,7710.0,2677,390,0.1376,0.000267
2026-08-26 13:39:20,SPX,7675.29,7675.07,7640.0,269,1302,0.1447,0.000267
2026-08-26 13:39:20,SPX,7675.29,7675.07,7715.0,4333,256,0.1495,0.000267
2026-08-26 13:39:20,SPX,7675.29,7675.07,7635.0,270,2101,0.1611,0.000267
2026-08-26 13:39:20,SPX,7675.29,7675.07,7720.0,2607,278,0.1616,0.000267
2026-08-26 13:39:20,SPX,7675.29,7675.07,7630.0,372,2082,0.1728,0.000267
2026-08-26 13:39:20,SPX,7675.29,7675.07,7725.0,4671,519,0.1738,0.000267
2026-08-26 13:39:20,SPX,7675.29,7675.07,7625.0,1138,2845,0.1836,0.000267
2026-08-26 13:39:20,SPX,7675.29,7675.07,7730.0,3313,318,0.1865,0.000267
2026-08-26 13:39:20,SPX,7675.29,7675.07,7620.0,747,2807,0.1962,0.000267
2026-08-26 13:39:20,SPX,7675.29,7675.07,7735.0,1759,137,0.1996,0.000267
2026-08-26 13:39:20,SPX,7675.29,7675.07,7615.0,58,1361,0.2095,0.000267
2026-08-26 13:39:20,SPX,7675.29,7675.07,7740.0,1928,177,0.213,0.000267
2026-08-26 13:39:20,SPX,7675.29,7675.07,7610.0,112,1581,0.223,0.000267
2026-08-26 13:39:20,SPX,7675.29,7675.07,7745.0,1767,160,0.2263,0.000267
2026-08-26 13:39:20,SPX,7675.29,7675.07,7605.0,56,1229,0.2366,0.000267
2026-08-26 13:39:20,SPX,7675.29,7675.07,7750.0,4097,2333,0.2392,0.000267
2026-08-26 13:39:20,SPX,7675.29,7675.07,7600.0,322,4592,0.2505,0.000267
2026-08-26 13:39:20,SPX,7675.29,7675.07,7755.0,2787,96,0.251,0.000267
2026-08-26 13:39:20,SPX,7675.29,7675.07,7595.0,59,2571,0.2642,0.000267
2026-08-26 13:39:20,SPX,7675.29,7675.07,7760.0,2078,151,0.2618,0.000267
2026-08-26 13:39:20,SPX,7675.29,7675.07,7590.0,47,1339,0.2775,0.000267
2026-08-26 13:39:20,SPX,7675.29,7675.07,7765.0,1039,141,0.272,0.000267
2026-08-26 13:39:20,SPX,7675.29,7675.07,7585.0,110,1632,0.29,0.000267
2026-08-26 13:39:20,SPX,7675.29,7675.07,7770.0,1992,157,0.2815,0.000267
2026-08-26 13:39:20,SPX,7675.29,7675.07,7580.0,257,2202,0.3016,0.000267
2026-08-26 13:39:20,SPX,7675.29,7675.07,7775.0,4247,108,0.2902,0.000267
2026-08-26 13:39:20,SPX,7675.29,7675.07,7575.0,124,2042,0.3122,0.000267
2026-08-26 13:39:20,SPX,7675.29,7675.07,7780.0,1636,71,0.2976,0.000267
2026-08-26 13:39:20,SPX,7675.29,7675.07,7570.0,693,1380,0.3219,0.000267
2026-08-26 13:39:20,SPX,7675.29,7675.07,7785.0,2518,114,0.303,0.000267
2026-08-26 13:39:20,SPX,7675.29,7675.07,7565.0,31,1929,0.3307,0.000267
2026-08-26 13:39:20,SPX,7675.29,7675.07,7790.0,2304,80,0.307,0.000267
2026-08-26 13:39:20,SPX,7675.29,7675.07,7560.0,89,2744,0.338,0.000267
2026-08-26 13:39:20,SPX,7675.29,7675.07,7795.0,4067,35,0.3098,0.000267
2026-08-26 13:39:20,SPX,7675.29,7675.07,7555.0,13,741,0.3446,0.000267
2026-08-26 13:39:20,SPX,7675.29,7675.07,7800.0,5750,322,0.3119,0.000267
2026-08-26 13:39:20,SPX,7675.29,7675.07,7675.0,306,1566,0.1473,0.003005
2026-08-26 13:39:20,SPX,7675.29,7675.07,7680.0,415,405,0.1466,0.003005
2026-08-26 13:39:20,SPX,7675.29,7675.07,7670.0,559,463,0.1484,0.003005
2026-08-26 13:39:20,SPX,7675.29,7675.07,7685.0,187,265,0.1456,0.003005
2026-08-26 13:39:20,SPX,7675.29,7675.07,7665.0,182,331,0.1494,0.003005
2026-08-26 13:39:20,SPX,7675.29,7675.07,7690.0,300,414,0.145,0.003005
2026-08-26 13:39:20,SPX,7675.29,7675.07,7660.0,158,287,0.1504,0.003005
2026-08-26 13:39:20,SPX,7675.29,7675.07,7695.0,426,198,0.1442,0.003005
2026-08-26 13:39:20,SPX,7675.29,7675.07,7655.0,128,508,0.1518,0.003005
2026-08-26 13:39:20,SPX,7675.29,7675.07,7700.0,1747,2261,0.1435,0.003005
2026-08-26 13:39:20,SPX,7675.29,7675.07,7650.0,533,1380,0.1534,0.003005
2026-08-26 13:39:20,SPX,7675.29,7675.07,7705.0,202,155,0.1427,0.003005
2026-08-26 13:39:20,SPX,7675.29,7675.07,7645.0,145,388,0.1535,0.003005
2026-08-26 13:39:20,SPX,7675.29,7675.07,7710.0,458,91,0.1422,0.003005
2026-08-26 13:39:20,SPX,7675.29,7675.07,7640.0,62,305,0.1544,0.003005
2026-08-26 13:39:20,SPX,7675.29,7675.07,7715.0,1274,3043,0.1417,0.003005
2026-08-26 13:39:20,SPX,7675.29,7675.07,7635.0,42,282,0.1559,0.003005
2026-08-26 13:39:20,SPX,7675.29,7675.07,7720.0,462,164,0.1417,0.003005
2026-08-26 13:39:20,SPX,7675.29,7675.07,7630.0,61,498,0.1563,0.003005
2026-08-26 13:39:20,SPX,7675.29,7675.07,7725.0,3508,2156,0.1412,0.003005
2026-08-26 13:39:20,SPX,7675.29,7675.07,7625.0,828,1563,0.1577,0.003005
2026-08-26 13:39:20,SPX,7675.29,7675.07,7730.0,275,124,0.1411,0.003005
2026-08-26 13:39:20,SPX,7675.29,7675.07,7620.0,167,357,0.159,0.003005
2026-08-26 13:39:20,SPX,7675.29,7675.07,7735.0,2399,2075,0.1411,0.003005
2026-08-26 13:39:20,SPX,7675.29,7675.07,7615.0,43,291,0.1596,0.003005
2026-08-26 13:39:20,SPX,7675.29,7675.07,7740.0,404,141,0.1406,0.003005
2026-08-26 13:39:20,SPX,7675.29,7675.07,7610.0,116,293,0.1613,0.003005
2026-08-26 13:39:20,SPX,7675.29,7675.07,7745.0,215,164,0.1401,0.003005
2026-08-26 13:39:20,SPX,7675.29,7675.07,7605.0,121,328,0.1621,0.003005
2026-08-26 13:39:20,SPX,7675.29,7675.07,7750.0,2116,248,0.1399,0.003005
2026-08-26 13:39:20,SPX,7675.29,7675.07,7600.0,1078,1747,0.1632,0.003005
2026-08-26 13:39:20,SPX,7675.29,7675.07,7755.0,343,67,0.14,0.003005
2026-08-26 13:39:20,SPX,7675.29,7675.07,7595.0,30,242,0.1647,0.003005
2026-08-26 13:39:20,SPX,7675.29,7675.07,7760.0,712,120,0.1404,0.003005
2026-08-26 13:39:20,SPX,7675.29,7675.07,7590.0,53,571,0.1669,0.003005
2026-08-26 13:39:20,SPX,7675.29,7675.07,7765.0,471,82,0.1409,0.003005
2026-08-26 13:39:20,SPX,7675.29,7675.07,7585.0,22,305,0.1673,0.003005
2026-08-26 13:39:20,SPX,7675.29,7675.07,7770.0,336,167,0.1415,0.003005
2026-08-26 13:39:20,SPX,7675.29,7675.07,7580.0,76,564,0.1697,0.003005
2026-08-26 13:39:20,SPX,7675.29,7675.07,7775.0,629,116,0.1421,0.003005
2026-08-26 13:39:20,SPX,7675.29,7675.07,7575.0,292,2281,0.1715,0.003005
2026-08-26 13:39:20,SPX,7675.29,7675.07,7780.0,488,92,0.1426,0.003005
2026-08-26 13:39:20,SPX,7675.29,7675.07,7570.0,68,3315,0.1734,0.003005
2026-08-26 13:39:20,SPX,7675.29,7675.07,7785.0,420,70,0.1431,0.003005
2026-08-26 13:39:20,SPX,7675.29,7675.07,7565.0,26,262,0.1755,0.003005
2026-08-26 13:39:20,SPX,7675.29,7675.07,7790.0,779,114,0.1436,0.003005
2026-08-26 13:39:20,SPX,7675.29,7675.07,7560.0,15,414,0.1777,0.003005
2026-08-26 13:39:20,SPX,7675.29,7675.07,7795.0,593,36,0.1443,0.003005
2026-08-26 13:39:20,SPX,7675.29,7675.07,7555.0,31,160,0.1803,0.003005
2026-08-26 13:39:20,SPX,7675.29,7675.07,7800.0,2218,413,0.145,0.003005
2026-08-26 13:39:20,SPX,7675.29,7675.07,7675.0,2111,1740,0.1481,0.005743
2026-08-26 13:39:20,SPX,7675.29,7675.07,7680.0,811,805,0.1473,0.005743
2026-08-26 13:39:20,SPX,7675.29,7675.07,7670.0,562,1218,0.1492,0.005743
2026-08-26 13:39:20,SPX,7675.29,7675.07,7685.0,538,711,0.1464,0.005743
2026-08-26 13:39:20,SPX,7675.29,7675.07,7665.0,410,882,0.1494,0.005743
2026-08-26 13:39:20,SPX,7675.29,7675.07,7690.0,631,1445,0.1457,0.005743
2026-08-26 13:39:20,SPX,7675.29,7675.07,7660.0,1241,1416,0.1506,0.005743
2026-08-26 13:39:20,SPX,7675.29,7675.07,7695.0,491,323,0.1447,0.005743
2026-08-26 13:39:20,SPX,7675.29,7675.07,7655.0,288,400,0.1519,0.005743
2026-08-26 13:39:20,SPX,7675.29,7675.07,7700.0,4930,5969,0.1439,0.005743
2026-08-26 13:39:20,SPX,7675.29,7675.07,7650.0,1994,3352,0.1519,0.005743
2026-08-26 13:39:20,SPX,7675.29,7675.07,7705.0,475,522,0.1432,0.005743
2026-08-26 13:39:20,SPX,7675.29,7675.07,7645.0,116,616,0.1533,0.005743
2026-08-26 13:39:20,SPX,7675.29,7675.07,7710.0,1078,554,0.1422,0.005743
2026-08-26 13:39:20,SPX,7675.29,7675.07,7640.0,1104,1681,0.1542,0.005743
2026-08-26 13:39:20,SPX,7675.29,7675.07,7715.0,554,492,0.1417,0.005743
2026-08-26 13:39:20,SPX,7675.29,7675.07,7635.0,166,713,0.1553,0.005743
2026-08-26 13:39:20,SPX,7675.29,7675.07,7720.0,1775,441,0.1413,0.005743
2026-08-26 13:39:20,SPX,7675.29,7675.07,7630.0,623,1339,0.1562,0.005743
2026-08-26 13:39:20,SPX,7675.29,7675.07,7725.0,2638,1672,0.1409,0.005743
2026-08-26 13:39:20,SPX,7675.29,7675.07,7625.0,1365,1234,0.1571,0.005743
2026-08-26 13:39:20,SPX,7675.29,7675.07,7730.0,2541,415,0.1403,0.005743
2026-08-26 13:39:20,SPX,7675.29,7675.07,7620.0,594,780,0.158,0.005743
2026-08-26 13:39:20,SPX,7675.29,7675.07,7735.0,359,217,0.1396,0.005743
2026-08-26 13:39:20,SPX,7675.29,7675.07,7615.0,163,558,0.1591,0.005743
2026-08-26 13:39:20,SPX,7675.29,7675.07,7740.0,995,1064,0.1389,0.005743
2026-08-26 13:39:20,SPX,7675.29,7675.07,7610.0,398,814,0.1606,0.005743
2026-08-26 13:39:20,SPX,7675.29,7675.07,7745.0,533,236,0.1382,0.005743
2026-08-26 13:39:20,SPX,7675.29,7675.07,7605.0,82,509,0.161,0.005743
2026-08-26 13:39:20,SPX,7675.29,7675.07,7750.0,2688,2577,0.1374,0.005743
2026-08-26 13:39:20,SPX,7675.29,7675.07,7600.0,901,3239,0.162,0.005743
2026-08-26 13:39:20,SPX,7675.29,7675.07,7755.0,621,457,0.1368,0.005743
2026-08-26 13:39:20,SPX,7675.29,7675.07,7595.0,80,953,0.1631,0.005743
2026-08-26 13:39:20,SPX,7675.29,7675.07,7760.0,1101,681,0.1363,0.005743
2026-08-26 13:39:20,SPX,7675.29,7675.07,7590.0,632,1716,0.1637,0.005743
2026-08-26 13:39:20,SPX,7675.29,7675.07,7765.0,635,164,0.1359,0.005743
2026-08-26 13:39:20,SPX,7675.29,7675.07,7585.0,96,577,0.1643,0.005743
2026-08-26 13:39:20,SPX,7675.29,7675.07,7770.0,1726,277,0.1356,0.005743
2026-08-26 13:39:20,SPX,7675.29,7675.07,7580.0,228,3073,0.1664,0.005743
2026-08-26 13:39:20,SPX,7675.29,7675.07,7775.0,1547,695,0.1353,0.005743
2026-08-26 13:39:20,SPX,7675.29,7675.07,7575.0,419,1112,0.1661,0.005743
2026-08-26 13:39:20,SPX,7675.29,7675.07,7780.0,1642,433,0.1351,0.005743
2026-08-26 13:39:20,SPX,7675.29,7675.07,7570.0,1579,1354,0.1684,0.005743
2026-08-26 13:39:20,SPX,7675.29,7675.07,7785.0,1127,545,0.1347,0.005743
2026-08-26 13:39:20,SPX,7675.29,7675.07,7565.0,34,995,0.1693,0.005743
2026-08-26 13:39:20,SPX,7675.29,7675.07,7790.0,2374,290,0.1344,0.005743
2026-08-26 13:39:20,SPX,7675.29,7675.07,7560.0,313,767,0.1702,0.005743
2026-08-26 13:39:20,SPX,7675.29,7675.07,7795.0,696,102,0.1339,0.005743
2026-08-26 13:39:20,SPX,7675.29,7675.07,7555.0,989,643,0.1715,0.005743
2026-08-26 13:39:20,SPX,7675.29,7675.07,7800.0,5846,1228,0.1336,0.005743
2026-08-26 14:09:46,SPX,7675.52,7674.99,7675.0,2650,2552,0.0928,0.00021
2026-08-26 14:09:46,SPX,7675.52,7674.99,7680.0,3968,2547,0.0943,0.00021
2026-08-26 14:09:46,SPX,7675.52,7674.99,7670.0,2542,2418,0.0951,0.00021
2026-08-26 14:09:46,SPX,7675.52,7674.99,7685.0,1570,515,0.0965,0.00021
2026-08-26 14:09:46,SPX,7675.52,7674.99,7665.0,733,1337,0.1007,0.00021
2026-08-26 14:09:46,SPX,7675.52,7674.99,7690.0,2192,522,0.1012,0.00021
2026-08-26 14:09:46,SPX,7675.52,7674.99,7660.0,571,2665,0.1081,0.00021
2026-08-26 14:09:46,SPX,7675.52,7674.99,7695.0,1154,284,0.1117,0.00021
2026-08-26 14:09:46,SPX,7675.52,7674.99,7655.0,723,4474,0.1183,0.00021
2026-08-26 14:09:46,SPX,7675.52,7674.99,7700.0,4795,2023,0.1227,0.00021
2026-08-26 14:09:46,SPX,7675.52,7674.99,7650.0,4032,5488,0.1299,0.00021
2026-08-26 14:09:46,SPX,7675.52,7674.99,7705.0,2011,372,0.1359,0.00021
2026-08-26 14:09:46,SPX,7675.52,7674.99,7645.0,185,1210,0.1453,0.00021
2026-08-26 14:09:46,SPX,7675.52,7674.99,7710.0,2677,390,0.1516,0.00021
2026-08-26 14:09:46,SPX,7675.52,7674.99,7640.0,269,1302,0.1589,0.00021
2026-08-26 14:09:46,SPX,7675.52,7674.99,7715.0,4333,256,0.165,0.00021
2026-08-26 14:09:46,SPX,7675.52,7674.99,7635.0,270,2101,0.1773,0.00021
2026-08-26 14:09:46,SPX,7675.52,7674.99,7720.0,2607,278,0.1759,0.00021
2026-08-26 14:09:46,SPX,7675.52,7674.99,7630.0,372,2082,0.1944,0.00021
2026-08-26 14:09:46,SPX,7675.52,7674.99,7725.0,4671,519,0.1882,0.00021
2026-08-26 14:09:46,SPX,7675.52,7674.99,7625.0,1138,2845,0.208,0.00021
2026-08-26 14:09:46,SPX,7675.52,7674.99,7730.0,3313,318,0.203,0.00021
2026-08-26 14:09:46,SPX,7675.52,7674.99,7620.0,747,2807,0.2233,0.00021
2026-08-26 14:09:46,SPX,7675.52,7674.99,7735.0,1759,137,0.2191,0.00021
2026-08-26 14:09:46,SPX,7675.52,7674.99,7615.0,58,1361,0.239,0.00021
2026-08-26 14:09:46,SPX,7675.52,7674.99,7610.0,0,1581,0.2543,0.00021
2026-08-26 14:09:46,SPX,7675.52,7674.99,7590.0,47,0,0.3194,0.00021
2026-08-26 14:09:46,SPX,7675.52,7674.99,7765.0,0,141,0.2967,0.00021
2026-08-26 14:09:46,SPX,7675.52,7674.99,7585.0,110,1632,0.3353,0.00021
2026-08-26 14:09:46,SPX,7675.52,7674.99,7770.0,1992,157,0.3043,0.00021
2026-08-26 14:09:46,SPX,7675.52,7674.99,7580.0,257,2202,0.3508,0.00021
2026-08-26 14:09:46,SPX,7675.52,7674.99,7775.0,4247,108,0.3106,0.00021
2026-08-26 14:09:46,SPX,7675.52,7674.99,7575.0,124,2042,0.3662,0.00021
2026-08-26 14:09:46,SPX,7675.52,7674.99,7780.0,1636,71,0.3159,0.00021
2026-08-26 14:09:46,SPX,7675.52,7674.99,7570.0,693,1380,0.3809,0.00021
2026-08-26 14:09:46,SPX,7675.52,7674.99,7785.0,2518,114,0.3201,0.00021
2026-08-26 14:09:46,SPX,7675.52,7674.99,7565.0,31,1929,0.3945,0.00021
2026-08-26 14:09:46,SPX,7675.52,7674.99,7790.0,2304,80,0.3235,0.00021
2026-08-26 14:09:46,SPX,7675.52,7674.99,7560.0,89,2744,0.4069,0.00021
2026-08-26 14:09:46,SPX,7675.52,7674.99,7795.0,4067,35,0.3263,0.00021
2026-08-26 14:09:46,SPX,7675.52,7674.99,7555.0,13,741,0.4183,0.00021
2026-08-26 14:09:46,SPX,7675.52,7674.99,7800.0,5750,322,0.3283,0.00021
2026-08-26 14:09:46,SPX,7675.52,7674.99,7675.0,306,1566,0.1486,0.002947
2026-08-26 14:09:46,SPX,7675.52,7674.99,7680.0,415,405,0.1476,0.002947
2026-08-26 14:09:46,SPX,7675.52,7674.99,7670.0,559,463,0.1502,0.002947
2026-08-26 14:09:46,SPX,7675.52,7674.99,7685.0,187,265,0.1474,0.002947
2026-08-26 14:09:46,SPX,7675.52,7674.99,7665.0,182,331,0.1507,0.002947
2026-08-26 14:09:46,SPX,7675.52,7674.99,7690.0,300,414,0.1467,0.002947
2026-08-26 14:09:46,SPX,7675.52,7674.99,7660.0,158,287,0.1512,0.002947
2026-08-26 14:09:46,SPX,7675.52,7674.99,7695.0,426,198,0.1454,0.002947
2026-08-26 14:09:46,SPX,7675.52,7674.99,7655.0,128,508,0.1526,0.002947
2026-08-26 14:09:46,SPX,7675.52,7674.99,7700.0,1747,2261,0.1447,0.002947
2026-08-26 14:09:46,SPX,7675.52,7674.99,7650.0,533,1380,0.1534,0.002947
2026-08-26 14:09:46,SPX,7675.52,7674.99,7705.0,202,155,0.1436,0.002947
2026-08-26 14:09:46,SPX,7675.52,7674.99,7645.0,145,388,0.1544,0.002947
2026-08-26 14:09:46,SPX,7675.52,7674.99,7710.0,458,91,0.1428,0.002947
2026-08-26 14:09:46,SPX,7675.52,7674.99,7640.0,62,305,0.1553,0.002947
2026-08-26 14:09:46,SPX,7675.52,7674.99,7715.0,1274,3043,0.1423,0.002947
2026-08-26 14:09:46,SPX,7675.52,7674.99,7635.0,42,282,0.1566,0.002947
2026-08-26 14:09:46,SPX,7675.52,7674.99,7720.0,462,164,0.1415,0.002947
2026-08-26 14:09:46,SPX,7675.52,7674.99,7630.0,61,498,0.1571,0.002947
2026-08-26 14:09:46,SPX,7675.52,7674.99,7725.0,3508,2156,0.1414,0.002947
2026-08-26 14:09:46,SPX,7675.52,7674.99,7625.0,828,1563,0.1583,0.002947
2026-08-26 14:09:46,SPX,7675.52,7674.99,7730.0,275,124,0.1411,0.002947
2026-08-26 14:09:46,SPX,7675.52,7674.99,7620.0,167,357,0.1595,0.002947
2026-08-26 14:09:46,SPX,7675.52,7674.99,7735.0,2399,2075,0.141,0.002947
2026-08-26 14:09:46,SPX,7675.52,7674.99,7615.0,43,291,0.1615,0.002947
2026-08-26 14:09:46,SPX,7675.52,7674.99,7740.0,404,141,0.1413,0.002947
2026-08-26 14:09:46,SPX,7675.52,7674.99,7610.0,116,293,0.1616,0.002947
2026-08-26 14:09:46,SPX,7675.52,7674.99,7745.0,215,164,0.1407,0.002947
2026-08-26 14:09:46,SPX,7675.52,7674.99,7605.0,121,328,0.1626,0.002947
2026-08-26 14:09:46,SPX,7675.52,7674.99,7750.0,2116,248,0.1401,0.002947
2026-08-26 14:09:46,SPX,7675.52,7674.99,7600.0,1078,1747,0.1635,0.002947
2026-08-26 14:09:46,SPX,7675.52,7674.99,7755.0,343,67,0.1396,0.002947
2026-08-26 14:09:46,SPX,7675.52,7674.99,7595.0,30,242,0.1656,0.002947
2026-08-26 14:09:46,SPX,7675.52,7674.99,7760.0,712,120,0.1396,0.002947
2026-08-26 14:09:46,SPX,7675.52,7674.99,7590.0,53,571,0.1681,0.002947
2026-08-26 14:09:46,SPX,7675.52,7674.99,7765.0,471,82,0.1401,0.002947
2026-08-26 14:09:46,SPX,7675.52,7674.99,7585.0,22,305,0.1674,0.002947
2026-08-26 14:09:46,SPX,7675.52,7674.99,7770.0,336,167,0.1409,0.002947
2026-08-26 14:09:46,SPX,7675.52,7674.99,7580.0,76,564,0.1698,0.002947
2026-08-26 14:09:46,SPX,7675.52,7674.99,7775.0,629,116,0.1419,0.002947
2026-08-26 14:09:46,SPX,7675.52,7674.99,7575.0,292,2281,0.1715,0.002947
2026-08-26 14:09:46,SPX,7675.52,7674.99,7780.0,488,92,0.1428,0.002947
2026-08-26 14:09:46,SPX,7675.52,7674.99,7570.0,68,3315,0.1731,0.002947
2026-08-26 14:09:46,SPX,7675.52,7674.99,7785.0,420,70,0.1437,0.002947
2026-08-26 14:09:46,SPX,7675.52,7674.99,7565.0,26,262,0.1753,0.002947
2026-08-26 14:09:46,SPX,7675.52,7674.99,7790.0,779,114,0.1444,0.002947
2026-08-26 14:09:46,SPX,7675.52,7674.99,7560.0,15,414,0.1777,0.002947
2026-08-26 14:09:46,SPX,7675.52,7674.99,7795.0,593,36,0.145,0.002947
2026-08-26 14:09:46,SPX,7675.52,7674.99,7555.0,31,160,0.1801,0.002947
2026-08-26 14:09:46,SPX,7675.52,7674.99,7800.0,2218,413,0.1456,0.002947
2026-08-26 14:09:46,SPX,7675.52,7674.99,7675.0,2111,1740,0.1497,0.005685
2026-08-26 14:09:46,SPX,7675.52,7674.99,7680.0,811,805,0.1482,0.005685
2026-08-26 14:09:46,SPX,7675.52,7674.99,7670.0,562,1218,0.1497,0.005685
2026-08-26 14:09:46,SPX,7675.52,7674.99,7685.0,538,711,0.1477,0.005685
2026-08-26 14:09:46,SPX,7675.52,7674.99,7665.0,410,882,0.1505,0.005685
2026-08-26 14:09:46,SPX,7675.52,7674.99,7690.0,631,1445,0.1466,0.005685
2026-08-26 14:09:46,SPX,7675.52,7674.99,7660.0,1241,1416,0.1515,0.005685
2026-08-26 14:09:46,SPX,7675.52,7674.99,7695.0,491,323,0.1459,0.005685
2026-08-26 14:09:46,SPX,7675.52,7674.99,7655.0,288,400,0.1527,0.005685
2026-08-26 14:09:46,SPX,7675.52,7674.99,7700.0,4930,5969,0.145,0.005685
2026-08-26 14:09:46,SPX,7675.52,7674.99,7650.0,1994,3352,0.1535,0.005685
2026-08-26 14:09:46,SPX,7675.52,7674.99,7705.0,475,522,0.1442,0.005685
2026-08-26 14:09:46,SPX,7675.52,7674.99,7645.0,116,616,0.1546,0.005685
2026-08-26 14:09:46,SPX,7675.52,7674.99,7710.0,1078,554,0.1435,0.005685
2026-08-26 14:09:46,SPX,7675.52,7674.99,7640.0,1104,1681,0.1554,0.005685
2026-08-26 14:09:46,SPX,7675.52,7674.99,7715.0,554,492,0.1425,0.005685
2026-08-26 14:09:46,SPX,7675.52,7674.99,7635.0,166,713,0.1565,0.005685
2026-08-26 14:09:46,SPX,7675.52,7674.99,7720.0,1775,441,0.142,0.005685
2026-08-26 14:09:46,SPX,7675.52,7674.99,7630.0,623,1339,0.1573,0.005685
2026-08-26 14:09:46,SPX,7675.52,7674.99,7725.0,2638,1672,0.1416,0.005685
2026-08-26 14:09:46,SPX,7675.52,7674.99,7625.0,1365,1234,0.1581,0.005685
2026-08-26 14:09:46,SPX,7675.52,7674.99,7730.0,2541,415,0.141,0.005685
2026-08-26 14:09:46,SPX,7675.52,7674.99,7620.0,594,780,0.1591,0.005685
2026-08-26 14:09:46,SPX,7675.52,7674.99,7735.0,359,217,0.1404,0.005685
2026-08-26 14:09:46,SPX,7675.52,7674.99,7615.0,163,558,0.1601,0.005685
2026-08-26 14:09:46,SPX,7675.52,7674.99,7740.0,995,1064,0.1395,0.005685
2026-08-26 14:09:46,SPX,7675.52,7674.99,7610.0,398,814,0.1613,0.005685
2026-08-26 14:09:46,SPX,7675.52,7674.99,7745.0,533,236,0.1385,0.005685
2026-08-26 14:09:46,SPX,7675.52,7674.99,7605.0,82,509,0.1621,0.005685
2026-08-26 14:09:46,SPX,7675.52,7674.99,7750.0,2688,2577,0.1375,0.005685
2026-08-26 14:09:46,SPX,7675.52,7674.99,7600.0,901,3239,0.1631,0.005685
2026-08-26 14:09:46,SPX,7675.52,7674.99,7755.0,621,457,0.1367,0.005685
2026-08-26 14:09:46,SPX,7675.52,7674.99,7595.0,80,953,0.1631,0.005685
2026-08-26 14:09:46,SPX,7675.52,7674.99,7760.0,1101,681,0.136,0.005685
2026-08-26 14:09:46,SPX,7675.52,7674.99,7590.0,632,1716,0.1652,0.005685
2026-08-26 14:09:46,SPX,7675.52,7674.99,7765.0,635,164,0.1354,0.005685
2026-08-26 14:09:46,SPX,7675.52,7674.99,7585.0,96,577,0.165,0.005685
2026-08-26 14:09:46,SPX,7675.52,7674.99,7770.0,1726,277,0.135,0.005685
2026-08-26 14:09:46,SPX,7675.52,7674.99,7580.0,228,3073,0.1672,0.005685
2026-08-26 14:09:46,SPX,7675.52,7674.99,7775.0,1547,695,0.1347,0.005685
2026-08-26 14:09:46,SPX,7675.52,7674.99,7575.0,419,1112,0.1683,0.005685
2026-08-26 14:09:46,SPX,7675.52,7674.99,7780.0,1642,433,0.1344,0.005685
2026-08-26 14:09:46,SPX,7675.52,7674.99,7570.0,1579,1354,0.169,0.005685
2026-08-26 14:09:46,SPX,7675.52,7674.99,7785.0,1127,545,0.1341,0.005685
2026-08-26 14:09:46,SPX,7675.52,7674.99,7565.0,34,995,0.17,0.005685
2026-08-26 14:09:46,SPX,7675.52,7674.99,7790.0,2374,290,0.1338,0.005685
2026-08-26 14:09:46,SPX,7675.52,7674.99,7560.0,313,767,0.1706,0.005685
2026-08-26 14:09:46,SPX,7675.52,7674.99,7795.0,696,102,0.1335,0.005685
2026-08-26 14:09:46,SPX,7675.52,7674.99,7555.0,989,643,0.1727,0.005685
2026-08-26 14:09:46,SPX,7675.52,7674.99,7800.0,5846,1228,0.1332,0.005685
2026-08-26 14:40:11,SPX,7675.35,7674.79,7675.0,2650,2552,0.0953,0.000152
2026-08-26 14:40:11,SPX,7675.35,7674.79,7680.0,3968,2547,0.0969,0.000152
2026-08-26 14:40:11,SPX,7675.35,7674.79,7670.0,2542,2418,0.0981,0.000152
2026-08-26 14:40:11,SPX,7675.35,7674.79,7685.0,1570,515,0.1034,0.000152
2026-08-26 14:40:11,SPX,7675.35,7674.79,7665.0,733,1337,0.1041,0.000152
2026-08-26 14:40:11,SPX,7675.35,7674.79,7690.0,2192,522,0.1108,0.000152
2026-08-26 14:40:11,SPX,7675.35,7674.79,7660.0,571,2665,0.1126,0.000152
2026-08-26 14:40:11,SPX,7675.35,7674.79,7695.0,1154,284,0.1264,0.000152
2026-08-26 14:40:11,SPX,7675.35,7674.79,7655.0,723,4474,0.1258,0.000152
2026-08-26 14:40:11,SPX,7675.35,7674.79,7700.0,4795,2023,0.1436,0.000152
2026-08-26 14:40:11,SPX,7675.35,7674.79,7650.0,4032,5488,0.1436,0.000152
2026-08-26 14:40:11,SPX,7675.35,7674.79,7705.0,2011,372,0.1607,0.000152
2026-08-26 14:40:11,SPX,7675.35,7674.79,7645.0,185,1210,0.1632,0.000152
2026-08-26 14:40:11,SPX,7675.35,7674.79,7710.0,2677,390,0.1769,0.000152
2026-08-26 14:40:11,SPX,7675.35,7674.79,7640.0,269,1302,0.1804,0.000152
2026-08-26 14:40:11,SPX,7675.35,7674.79,7715.0,4333,256,0.1923,0.000152
2026-08-26 14:40:11,SPX,7675.35,7674.79,7635.0,270,2101,0.1954,0.000152
2026-08-26 14:40:11,SPX,7675.35,7674.79,7720.0,2607,278,0.2064,0.000152
2026-08-26 14:40:11,SPX,7675.35,7674.79,7630.0,372,2082,0.2101,0.000152
2026-08-26 14:40:11,SPX,7675.35,7674.79,7725.0,4671,519,0.2208,0.000152
2026-08-26 14:40:11,SPX,7675.35,7674.79,7625.0,1138,2845,0.2253,0.000152
2026-08-26 14:40:11,SPX,7675.35,7674.79,7730.0,3313,318,0.2363,0.000152
2026-08-26 14:40:11,SPX,7675.35,7674.79,7620.0,747,2807,0.2425,0.000152
2026-08-26 14:40:11,SPX,7675.35,7674.79,7735.0,1759,137,0.2521,0.000152
2026-08-26 14:40:11,SPX,7675.35,7674.79,7615.0,58,1361,0.2618,0.000152
2026-08-26 14:40:11,SPX,7675.35,7674.79,7740.0,1928,177,0.2673,0.000152
2026-08-26 14:40:11,SPX,7675.35,7674.79,7610.0,112,1581,0.282,0.000152
2026-08-26 14:40:11,SPX,7675.35,7674.79,7745.0,1767,160,0.2814,0.000152
2026-08-26 14:40:11,SPX,7675.35,7674.79,7605.0,56,1229,0.3018,0.000152
2026-08-26 14:40:11,SPX,7675.35,7674.79,7750.0,4097,2333,0.2941,0.000152
2026-08-26 14:40:11,SPX,7675.35,7674.79,7600.0,322,4592,0.3206,0.000152
2026-08-26 14:40:11,SPX,7675.35,7674.79,7755.0,2787,96,0.3049,0.000152
2026-08-26 14:40:11,SPX,7675.35,7674.79,7595.0,59,2571,0.338,0.000152
2026-08-26 14:40:11,SPX,7675.35,7674.79,7760.0,2078,151,0.3138,0.000152
2026-08-26 14:40:11,SPX,7675.35,7674.79,7590.0,47,1339,0.3541,0.000152
2026-08-26 14:40:11,SPX,7675.35,7674.79,7765.0,1039,141,0.3214,0.000152
2026-08-26 14:40:11,SPX,7675.35,7674.79,7585.0,110,1632,0.3687,0.000152
2026-08-26 14:40:11,SPX,7675.35,7674.79,7770.0,1992,157,0.3274,0.000152
2026-08-26 14:40:11,SPX,7675.35,7674.79,7580.0,257,2202,0.3818,0.000152
2026-08-26 14:40:11,SPX,7675.35,7674.79,7775.0,4247,108,0.3322,0.000152
2026-08-26 14:40:11,SPX,7675.35,7674.79,7575.0,124,2042,0.3934,0.000152
2026-08-26 14:40:11,SPX,7675.35,7674.79,7780.0,1636,71,0.336,0.000152
2026-08-26 14:40:11,SPX,7675.35,7674.79,7570.0,693,1380,0.403,0.000152
2026-08-26 14:40:11,SPX,7675.35,7674.79,7785.0,2518,114,0.339,0.000152
2026-08-26 14:40:11,SPX,7675.35,7674.79,7565.0,31,1929,0.4109,0.000152
2026-08-26 14:40:11,SPX,7675.35,7674.79,7790.0,2304,80,0.3412,0.000152
2026-08-26 14:40:11,SPX,7675.35,7674.79,7560.0,89,2744,0.4178,0.000152
2026-08-26 14:40:11,SPX,7675.35,7674.79,7795.0,4067,35,0.3428,0.000152
2026-08-26 14:40:11,SPX,7675.35,7674.79,7555.0,13,741,0.424,0.000152
2026-08-26 14:40:11,SPX,7675.35,7674.79,7800.0,5750,322,0.3437,0.000152
2026-08-26 14:40:11,SPX,7675.35,7674.79,7675.0,306,1566,0.1488,0.00289
2026-08-26 14:40:11,SPX,7675.35,7674.79,7680.0,415,405,0.1472,0.00289
2026-08-26 14:40:11,SPX,7675.35,7674.79,7670.0,559,463,0.1495,0.00289
2026-08-26 14:40:11,SPX,7675.35,7674.79,7685.0,187,265,0.146,0.00289
2026-08-26 14:40:11,SPX,7675.35,7674.79,7665.0,182,331,0.1501,0.00289
2026-08-26 14:40:11,SPX,7675.35,7674.79,7690.0,300,414,0.146,0.00289
2026-08-26 14:40:11,SPX,7675.35,7674.79,7660.0,158,287,0.1509,0.00289
2026-08-26 14:40:11,SPX,7675.35,7674.79,7695.0,426,198,0.145,0.00289
2026-08-26 14:40:11,SPX,7675.35,7674.79,7655.0,128,508,0.152,0.00289
2026-08-26 14:40:11,SPX,7675.35,7674.79,7700.0,1747,2261,0.1433,0.00289
2026-08-26 14:40:11,SPX,7675.35,7674.79,7650.0,533,1380,0.1529,0.00289
2026-08-26 14:40:11,SPX,7675.35,7674.79,7705.0,202,155,0.1421,0.00289
2026-08-26 14:40:11,SPX,7675.35,7674.79,7645.0,145,388,0.1538,0.00289
2026-08-26 14:40:11,SPX,7675.35,7674.79,7710.0,458,91,0.1415,0.00289
2026-08-26 14:40:11,SPX,7675.35,7674.79,7640.0,62,305,0.1546,0.00289
2026-08-26 14:40:11,SPX,7675.35,7674.79,7715.0,1274,3043,0.1405,0.00289
2026-08-26 14:40:11,SPX,7675.35,7674.79,7635.0,42,282,0.156,0.00289
2026-08-26 14:40:11,SPX,7675.35,7674.79,7720.0,462,164,0.14,0.00289
2026-08-26 14:40:11,SPX,7675.35,7674.79,7630.0,61,498,0.1564,0.00289
2026-08-26 14:40:11,SPX,7675.35,7674.79,7725.0,3508,2156,0.1398,0.00289
2026-08-26 14:40:11,SPX,7675.35,7674.79,7625.0,828,1563,0.1575,0.00289
2026-08-26 14:40:11,SPX,7675.35,7674.79,7730.0,275,124,0.1393,0.00289
2026-08-26 14:40:11,SPX,7675.35,7674.79,7620.0,167,357,0.1586,0.00289
2026-08-26 14:40:11,SPX,7675.35,7674.79,7735.0,2399,2075,0.1387,0.00289
2026-08-26 14:40:11,SPX,7675.35,7674.79,7615.0,43,291,0.1599,0.00289
2026-08-26 14:40:11,SPX,7675.35,7674.79,7740.0,404,141,0.1381,0.00289
2026-08-26 14:40:11,SPX,7675.35,7674.79,7610.0,116,293,0.1621,0.00289
2026-08-26 14:40:11,SPX,7675.35,7674.79,7745.0,215,164,0.1377,0.00289
2026-08-26 14:40:11,SPX,7675.35,7674.79,7605.0,121,328,0.163,0.00289
2026-08-26 14:40:11,SPX,7675.35,7674.79,7750.0,2116,248,0.1375,0.00289
2026-08-26 14:40:11,SPX,7675.35,7674.79,7600.0,1078,1747,0.1632,0.00289
2026-08-26 14:40:11,SPX,7675.35,7674.79,7755.0,343,67,0.1376,0.00289
2026-08-26 14:40:11,SPX,7675.35,7674.79,7595.0,30,242,0.1654,0.00289
2026-08-26 14:40:11,SPX,7675.35,7674.79,7760.0,712,120,0.1381,0.00289
2026-08-26 14:40:11,SPX,7675.35,7674.79,7590.0,53,571,0.1671,0.00289
2026-08-26 14:40:11,SPX,7675.35,7674.79,7765.0,471,82,0.1387,0.00289
2026-08-26 14:40:11,SPX,7675.35,7674.79,7585.0,22,305,0.1676,0.00289
2026-08-26 14:40:11,SPX,7675.35,7674.79,7770.0,336,167,0.1393,0.00289
2026-08-26 14:40:11,SPX,7675.35,7674.79,7580.0,76,564,0.1692,0.00289
2026-08-26 14:40:11,SPX,7675.35,7674.79,7775.0,629,116,0.1399,0.00289
2026-08-26 14:40:11,SPX,7675.35,7674.79,7575.0,292,2281,0.1708,0.00289
2026-08-26 14:40:11,SPX,7675.35,7674.79,7780.0,488,92,0.1404,0.00289
2026-08-26 14:40:11,SPX,7675.35,7674.79,7570.0,68,3315,0.1727,0.00289
2026-08-26 14:40:11,SPX,7675.35,7674.79,7785.0,420,70,0.141,0.00289
2026-08-26 14:40:11,SPX,7675.35,7674.79,7565.0,26,262,0.1742,0.00289
2026-08-26 14:40:11,SPX,7675.35,7674.79,7790.0,779,114,0.1417,0.00289
2026-08-26 14:40:11,SPX,7675.35,7674.79,7560.0,15,0,0.1765,0.00289
2026-08-26 14:40:11,SPX,7675.35,7674.79,7795.0,593,36,0.1426,0.00289
2026-08-26 14:40:11,SPX,7675.35,7674.79,7555.0,31,160,0.1793,0.00289
2026-08-26 14:40:11,SPX,7675.35,7674.79,7800.0,2218,413,0.1436,0.00289
2026-08-26 14:40:11,SPX,7675.35,7674.79,7675.0,0,1740,0.1495,0.005627
2026-08-26 14:40:11,SPX,7675.35,7674.79,7680.0,811,805,0.1485,0.005627
2026-08-26 14:40:11,SPX,7675.35,7674.79,7670.0,562,1218,0.1506,0.005627
2026-08-26 14:40:11,SPX,7675.35,7674.79,7685.0,538,711,0.148,0.005627
2026-08-26 14:40:11,SPX,7675.35,7674.79,7665.0,410,882,0.151,0.005627
2026-08-26 14:40:11,SPX,7675.35,7674.79,7690.0,631,1445,0.1467,0.005627
2026-08-26 14:40:11,SPX,7675.35,7674.79,7660.0,1241,1416,0.1518,0.005627
2026-08-26 14:40:11,SPX,7675.35,7674.79,7695.0,491,323,0.146,0.005627
2026-08-26 14:40:11,SPX,7675.35,7674.79,7655.0,288,400,0.1531,0.005627
2026-08-26 14:40:11,SPX,7675.35,7674.79,7700.0,4930,5969,0.1451,0.005627
2026-08-26 14:40:11,SPX,7675.35,7674.79,7650.0,1994,3352,0.154,0.005627
2026-08-26 14:40:11,SPX,7675.35,7674.79,7705.0,475,522,0.1441,0.005627
2026-08-26 14:40:11,SPX,7675.35,7674.79,7645.0,116,616,0.1551,0.005627
2026-08-26 14:40:11,SPX,7675.35,7674.79,7710.0,1078,554,0.1432,0.005627
2026-08-26 14:40:11,SPX,7675.35,7674.79,7640.0,1104,1681,0.1563,0.005627
2026-08-26 14:40:11,SPX,7675.35,7674.79,7715.0,554,492,0.1425,0.005627
2026-08-26 14:40:11,SPX,7675.35,7674.79,7635.0,166,713,0.1566,0.005627
2026-08-26 14:40:11,SPX,7675.35,7674.79,7720.0,1775,441,0.1419,0.005627
2026-08-26 14:40:11,SPX,7675.35,7674.79,7630.0,623,1339,0.1582,0.005627
2026-08-26 14:40:11,SPX,7675.35,7674.79,7725.0,2638,1672,0.1414,0.005627
2026-08-26 14:40:11,SPX,7675.35,7674.79,7625.0,1365,1234,0.1591,0.005627
2026-08-26 14:40:11,SPX,7675.35,7674.79,7730.0,2541,415,0.1407,0.005627
2026-08-26 14:40:11,SPX,7675.35,7674.79,7620.0,594,780,0.16,0.005627
2026-08-26 14:40:11,SPX,7675.35,7674.79,7615.0,163,558,0.1611,0.005627
2026-08-26 14:40:11,SPX,7675.35,7674.79,7740.0,995,1064,0.1388,0.005627
2026-08-26 14:40:11,SPX,7675.35,7674.79,7610.0,398,814,0.1623,0.005627
2026-08-26 14:40:11,SPX,7675.35,7674.79,7745.0,533,236,0.1378,0.005627
2026-08-26 14:40:11,SPX,7675.35,7674.79,7605.0,82,509,0.1631,0.005627
2026-08-26 14:40:11,SPX,7675.35,7674.79,7750.0,2688,2577,0.137,0.005627
2026-08-26 14:40:11,SPX,7675.35,7674.79,7600.0,901,3239,0.1641,0.005627
2026-08-26 14:40:11,SPX,7675.35,7674.79,7755.0,621,457,0.1363,0.005627
2026-08-26 14:40:11,SPX,7675.35,7674.79,7595.0,80,953,0.1653,0.005627
2026-08-26 14:40:11,SPX,7675.35,7674.79,7760.0,1101,681,0.1358,0.005627
2026-08-26 14:40:11,SPX,7675.35,7674.79,7590.0,632,1716,0.1662,0.005627
2026-08-26 14:40:11,SPX,7675.35,7674.79,7765.0,635,164,0.1354,0.005627
2026-08-26 14:40:11,SPX,7675.35,7674.79,7585.0,96,577,0.1673,0.005627
2026-08-26 14:40:11,SPX,7675.35,7674.79,7770.0,1726,277,0.135,0.005627
2026-08-26 14:40:11,SPX,7675.35,7674.79,7580.0,228,3073,0.1682,0.005627
2026-08-26 14:40:11,SPX,7675.35,7674.79,7775.0,1547,695,0.1346,0.005627
2026-08-26 14:40:11,SPX,7675.35,7674.79,7575.0,419,1112,0.1694,0.005627
2026-08-26 14:40:11,SPX,7675.35,7674.79,7780.0,1642,433,0.1341,0.005627
2026-08-26 14:40:11,SPX,7675.35,7674.79,7570.0,1579,1354,0.1709,0.005627
2026-08-26 14:40:11,SPX,7675.35,7674.79,7785.0,1127,545,0.1337,0.005627
2026-08-26 14:40:11,SPX,7675.35,7674.79,7565.0,34,995,0.172,0.005627
2026-08-26 14:40:11,SPX,7675.35,7674.79,7790.0,2374,290,0.1332,0.005627
2026-08-26 14:40:11,SPX,7675.35,7674.79,7560.0,313,767,0.1727,0.005627
2026-08-26 14:40:11,SPX,7675.35,7674.79,7795.0,696,102,0.1328,0.005627
2026-08-26 14:40:11,SPX,7675.35,7674.79,7555.0,989,643,0.1732,0.005627
2026-08-26 14:40:11,SPX,7675.35,7674.79,7800.0,5846,1228,0.1324,0.005627
2026-08-26 15:10:38,SPX,7687.55,7677.32,7690.0,2192,522,0.1346,9.4e-05
2026-08-26 15:10:38,SPX,7687.55,7677.32,7685.0,1570,515,0.1322,9.4e-05
2026-08-26 15:10:38,SPX,7687.55,7677.32,7695.0,1154,284,0.1414,9.4e-05
2026-08-26 15:10:38,SPX,7687.55,7677.32,7680.0,3968,2547,0.133,9.4e-05
2026-08-26 15:10:38,SPX,7687.55,7677.32,7700.0,4795,2023,0.15,9.4e-05
2026-08-26 15:10:38,SPX,7687.55,7677.32,7675.0,2650,2552,0.1397,9.4e-05
2026-08-26 15:10:38,SPX,7687.55,7677.32,7705.0,2011,372,0.1623,9.4e-05
2026-08-26 15:10:38,SPX,7687.55,7677.32,7670.0,2542,2418,0.1517,9.4e-05
2026-08-26 15:10:38,SPX,7687.55,7677.32,7710.0,2677,390,0.1743,9.4e-05
2026-08-26 15:10:38,SPX,7687.55,7677.32,7665.0,733,1337,0.1664,9.4e-05
2026-08-26 15:10:38,SPX,7687.55,7677.32,7715.0,4333,256,0.1898,9.4e-05
2026-08-26 15:10:38,SPX,7687.55,7677.32,7660.0,571,2665,0.1855,9.4e-05
2026-08-26 15:10:38,SPX,7687.55,7677.32,7720.0,2607,278,0.205,9.4e-05
2026-08-26 15:10:38,SPX,7687.55,7677.32,7655.0,723,4474,0.2081,9.4e-05
2026-08-26 15:10:38,SPX,7687.55,7677.32,7725.0,0,519,0.2206,9.4e-05
2026-08-26 15:10:38,SPX,7687.55,7677.32,7650.0,4032,5488,0.2304,9.4e-05
2026-08-26 15:10:38,SPX,7687.55,7677.32,7730.0,0,318,0.2376,9.4e-05
2026-08-26 15:10:38,SPX,7687.55,7677.32,7645.0,185,1210,0.2518,9.4e-05
2026-08-26 15:10:38,SPX,7687.55,7677.32,7735.0,1759,137,0.2552,9.4e-05
2026-08-26 15:10:38,SPX,7687.55,7677.32,7640.0,0,1302,0.2748,9.4e-05
2026-08-26 15:10:38,SPX,7687.55,7677.32,7740.0,1928,177,0.2726,9.4e-05
2026-08-26 15:10:38,SPX,7687.55,7677.32,7635.0,270,2101,0.3006,9.4e-05
2026-08-26 15:10:38,SPX,7687.55,7677.32,7745.0,1767,160,0.2893,9.4e-05
2026-08-26 15:10:38,SPX,7687.55,7677.32,7630.0,372,2082,0.3259,9.4e-05
2026-08-26 15:10:38,SPX,7687.55,7677.32,7750.0,4097,2333,0.3044,9.4e-05
2026-08-26 15:10:38,SPX,7687.55,7677.32,7625.0,1138,2845,0.3511,9.4e-05
2026-08-26 15:10:38,SPX,7687.55,7677.32,7755.0,2787,96,0.3168,9.4e-05
2026-08-26 15:10:38,SPX,7687.55,7677.32,7620.0,747,2807,0.3758,9.4e-05
2026-08-26 15:10:38,SPX,7687.55,7677.32,7760.0,2078,151,0.3268,9.4e-05
2026-08-26 15:10:38,SPX,7687.55,7677.32,7615.0,58,1361,0.3998,9.4e-05
2026-08-26 15:10:38,SPX,7687.55,7677.32,7765.0,1039,141,0.3346,9.4e-05
2026-08-26 15:10:38,SPX,7687.55,7677.32,7610.0,112,1581,0.4219,9.4e-05
2026-08-26 15:10:38,SPX,7687.55,7677.32,7770.0,1992,157,0.3405,9.4e-05
2026-08-26 15:10:38,SPX,7687.55,7677.32,7605.0,56,1229,0.4413,9.4e-05
2026-08-26 15:10:38,SPX,7687.55,7677.32,7775.0,4247,108,0.3448,9.4e-05
2026-08-26 15:10:38,SPX,7687.55,7677.32,7600.0,322,4592,0.4571,9.4e-05
2026-08-26 15:10:38,SPX,7687.55,7677.32,7780.0,1636,71,0.3478,9.4e-05
2026-08-26 15:10:38,SPX,7687.55,7677.32,7595.0,59,2571,0.4696,9.4e-05
2026-08-26 15:10:38,SPX,7687.55,7677.32,7785.0,2518,114,0.3497,9.4e-05
2026-08-26 15:10:38,SPX,7687.55,7677.32,7590.0,47,1339,0.4786,9.4e-05
2026-08-26 15:10:38,SPX,7687.55,7677.32,7790.0,2304,80,0.3508,9.4e-05
2026-08-26 15:10:38,SPX,7687.55,7677.32,7585.0,110,1632,0.4845,9.4e-05
2026-08-26 15:10:38,SPX,7687.55,7677.32,7795.0,4067,35,0.3512,9.4e-05
2026-08-26 15:10:38,SPX,7687.55,7677.32,7580.0,257,2202,0.4873,9.4e-05
2026-08-26 15:10:38,SPX,7687.55,7677.32,7800.0,5750,322,0.3509,9.4e-05
2026-08-26 15:10:38,SPX,7687.55,7677.32,7575.0,124,2042,0.4875,9.4e-05
2026-08-26 15:10:38,SPX,7687.55,7677.32,7805.0,1045,69,0.3503,9.4e-05
2026-08-26 15:10:38,SPX,7687.55,7677.32,7570.0,693,1380,0.4856,9.4e-05
2026-08-26 15:10:38,SPX,7687.55,7677.32,7810.0,1261,39,0.3492,9.4e-05
2026-08-26 15:10:38,SPX,7687.55,7677.32,7565.0,31,1929,0.4826,9.4e-05
2026-08-26 15:10:38,SPX,7687.55,7677.32,7690.0,300,414,0.1494,0.002832
2026-08-26 15:10:38,SPX,7687.55,7677.32,7685.0,187,265,0.1497,0.002832
2026-08-26 15:10:38,SPX,7687.55,7677.32,7695.0,426,198,0.1485,0.002832
2026-08-26 15:10:38,SPX,7687.55,7677.32,7680.0,415,405,0.1505,0.002832
2026-08-26 15:10:38,SPX,7687.55,7677.32,7700.0,1747,2261,0.1468,0.002832
2026-08-26 15:10:38,SPX,7687.55,7677.32,7675.0,306,1566,0.1513,0.002832
2026-08-26 15:10:38,SPX,7687.55,7677.32,7705.0,202,155,0.1469,0.002832
2026-08-26 15:10:38,SPX,7687.55,7677.32,7670.0,559,463,0.1523,0.002832
2026-08-26 15:10:38,SPX,7687.55,7677.32,7710.0,458,91,0.146,0.002832
2026-08-26 15:10:38,SPX,7687.55,7677.32,7665.0,182,331,0.153,0.002832
2026-08-26 15:10:38,SPX,7687.55,7677.32,7715.0,1274,3043,0.1444,0.002832
2026-08-26 15:10:38,SPX,7687.55,7677.32,7660.0,158,287,0.1542,0.002832
2026-08-26 15:10:38,SPX,7687.55,7677.32,7720.0,462,164,0.1436,0.002832
2026-08-26 15:10:38,SPX,7687.55,7677.32,7655.0,128,508,0.1552,0.002832
2026-08-26 15:10:38,SPX,7687.55,7677.32,7725.0,3508,2156,0.1429,0.002832
2026-08-26 15:10:38,SPX,7687.55,7677.32,7650.0,533,1380,0.1561,0.002832
2026-08-26 15:10:38,SPX,7687.55,7677.32,7730.0,275,124,0.1426,0.002832
2026-08-26 15:10:38,SPX,7687.55,7677.32,7645.0,145,388,0.157,0.002832
2026-08-26 15:10:38,SPX,7687.55,7677.32,7735.0,2399,2075,0.1421,0.002832
2026-08-26 15:10:38,SPX,7687.55,7677.32,7640.0,62,305,0.1578,0.002832
2026-08-26 15:10:38,SPX,7687.55,7677.32,7740.0,404,141,0.1414,0.002832
2026-08-26 15:10:38,SPX,7687.55,7677.32,7635.0,42,282,0.1592,0.002832
2026-08-26 15:10:38,SPX,7687.55,7677.32,7745.0,215,164,0.141,0.002832
2026-08-26 15:10:38,SPX,7687.55,7677.32,7630.0,61,498,0.1609,0.002832
2026-08-26 15:10:38,SPX,7687.55,7677.32,7750.0,2116,248,0.1401,0.002832
2026-08-26 15:10:38,SPX,7687.55,7677.32,7625.0,828,1563,0.1607,0.002832
2026-08-26 15:10:38,SPX,7687.55,7677.32,7755.0,343,67,0.1394,0.002832
2026-08-26 15:10:38,SPX,7687.55,7677.32,7620.0,167,357,0.1611,0.002832
2026-08-26 15:10:38,SPX,7687.55,7677.32,7760.0,712,120,0.1391,0.002832
2026-08-26 15:10:38,SPX,7687.55,7677.32,7615.0,43,291,0.1631,0.002832
2026-08-26 15:10:38,SPX,7687.55,7677.32,7765.0,471,82,0.1393,0.002832
2026-08-26 15:10:38,SPX,7687.55,7677.32,7610.0,116,293,0.1652,0.002832
2026-08-26 15:10:38,SPX,7687.55,7677.32,7770.0,336,167,0.1398,0.002832
2026-08-26 15:10:38,SPX,7687.55,7677.32,7605.0,121,328,0.1651,0.002832
2026-08-26 15:10:38,SPX,7687.55,7677.32,7775.0,629,116,0.1404,0.002832
2026-08-26 15:10:38,SPX,7687.55,7677.32,7600.0,1078,1747,0.1654,0.002832
2026-08-26 15:10:38,SPX,7687.55,7677.32,7780.0,488,92,0.1409,0.002832
2026-08-26 15:10:38,SPX,7687.55,7677.32,7595.0,30,242,0.1677,0.002832
2026-08-26 15:10:38,SPX,7687.55,7677.32,7785.0,420,70,0.1413,0.002832
2026-08-26 15:10:38,SPX,7687.55,7677.32,7590.0,53,571,0.1685,0.002832
2026-08-26 15:10:38,SPX,7687.55,7677.32,7790.0,779,114,0.1415,0.002832
2026-08-26 15:10:38,SPX,7687.55,7677.32,7585.0,22,305,0.1697,0.002832
2026-08-26 15:10:38,SPX,7687.55,7677.32,7795.0,593,36,0.1418,0.002832
2026-08-26 15:10:38,SPX,7687.55,7677.32,7580.0,76,564,0.172,0.002832
2026-08-26 15:10:38,SPX,7687.55,7677.32,7800.0,2218,413,0.1421,0.002832
2026-08-26 15:10:38,SPX,7687.55,7677.32,7575.0,292,2281,0.1736,0.002832
2026-08-26 15:10:38,SPX,7687.55,7677.32,7805.0,1361,6,0.1426,0.002832
2026-08-26 15:10:38,SPX,7687.55,7677.32,7570.0,68,3315,0.1758,0.002832
2026-08-26 15:10:38,SPX,7687.55,7677.32,7810.0,392,33,0.1435,0.002832
2026-08-26 15:10:38,SPX,7687.55,7677.32,7565.0,26,262,0.1783,0.002832
2026-08-26 15:10:38,SPX,7687.55,7677.32,7690.0,631,1445,0.1489,0.00557
2026-08-26 15:10:38,SPX,7687.55,7677.32,7685.0,538,711,0.1499,0.00557
2026-08-26 15:10:38,SPX,7687.55,7677.32,7695.0,491,323,0.1477,0.00557
2026-08-26 15:10:38,SPX,7687.55,7677.32,7680.0,811,805,0.15,0.00557
2026-08-26 15:10:38,SPX,7687.55,7677.32,7700.0,4930,5969,0.1469,0.00557
2026-08-26 15:10:38,SPX,7687.55,7677.32,7675.0,2111,1740,0.1512,0.00557
2026-08-26 15:10:38,SPX,7687.55,7677.32,7705.0,475,522,0.1463,0.00557
2026-08-26 15:10:38,SPX,7687.55,7677.32,7670.0,562,1218,0.1523,0.00557
2026-08-26 15:10:38,SPX,7687.55,7677.32,7710.0,1078,554,0.1452,0.00557
2026-08-26 15:10:38,SPX,7687.55,7677.32,7665.0,410,882,0.1533,0.00557
2026-08-26 15:10:38,SPX,7687.55,7677.32,7715.0,554,492,0.1445,0.00557
2026-08-26 15:10:38,SPX,7687.55,7677.32,7660.0,1241,1416,0.1541,0.00557
2026-08-26 15:10:38,SPX,7687.55,7677.32,7720.0,1775,441,0.1437,0.00557
2026-08-26 15:10:38,SPX,7687.55,7677.32,7655.0,288,400,0.1551,0.00557
2026-08-26 15:10:38,SPX,7687.55,7677.32,7725.0,2638,1672,0.143,0.00557
2026-08-26 15:10:38,SPX,7687.55,7677.32,7650.0,1994,3352,0.156,0.00557
2026-08-26 15:10:38,SPX,7687.55,7677.32,7730.0,2541,415,0.1425,0.00557
2026-08-26 15:10:38,SPX,7687.55,7677.32,7645.0,116,616,0.157,0.00557
2026-08-26 15:10:38,SPX,7687.55,7677.32,7735.0,359,217,0.142,0.00557
2026-08-26 15:10:38,SPX,7687.55,7677.32,7640.0,1104,1681,0.1585,0.00557
2026-08-26 15:10:38,SPX,7687.55,7677.32,7740.0,995,1064,0.1414,0.00557
2026-08-26 15:10:38,SPX,7687.55,7677.32,7635.0,166,713,0.1582,0.00557
2026-08-26 15:10:38,SPX,7687.55,7677.32,7745.0,533,236,0.1407,0.00557
2026-08-26 15:10:38,SPX,7687.55,7677.32,7630.0,623,1339,0.1599,0.00557
2026-08-26 15:10:38,SPX,7687.55,7677.32,7750.0,2688,2577,0.1398,0.00557
2026-08-26 15:10:38,SPX,7687.55,7677.32,7625.0,1365,1234,0.1606,0.00557
2026-08-26 15:10:38,SPX,7687.55,7677.32,7755.0,621,457,0.1387,0.00557
2026-08-26 15:10:38,SPX,7687.55,7677.32,7620.0,594,780,0.1616,0.00557
2026-08-26 15:10:38,SPX,7687.55,7677.32,7760.0,1101,681,0.1379,0.00557
2026-08-26 15:10:38,SPX,7687.55,7677.32,7615.0,163,558,0.1625,0.00557
2026-08-26 15:10:38,SPX,7687.55,7677.32,7765.0,635,164,0.1373,0.00557
2026-08-26 15:10:38,SPX,7687.55,7677.32,7610.0,398,814,0.1639,0.00557
2026-08-26 15:10:38,SPX,7687.55,7677.32,7770.0,1726,277,0.1368,0.00557
2026-08-26 15:10:38,SPX,7687.55,7677.32,7605.0,82,509,0.165,0.00557
2026-08-26 15:10:38,SPX,7687.55,7677.32,7775.0,1547,695,0.1366,0.00557
2026-08-26 15:10:38,SPX,7687.55,7677.32,7600.0,901,3239,0.1664,0.00557
2026-08-26 15:10:38,SPX,7687.55,7677.32,7780.0,1642,433,0.1364,0.00557
2026-08-26 15:10:38,SPX,7687.55,7677.32,7595.0,80,953,0.1673,0.00557
2026-08-26 15:10:38,SPX,7687.55,7677.32,7785.0,1127,545,0.1362,0.00557
2026-08-26 15:10:38,SPX,7687.55,7677.32,7590.0,632,1716,0.1686,0.00557
2026-08-26 15:10:38,SPX,7687.55,7677.32,7790.0,2374,290,0.1359,0.00557
2026-08-26 15:10:38,SPX,7687.55,7677.32,7585.0,96,577,0.1694,0.00557
2026-08-26 15:10:38,SPX,7687.55,7677.32,7795.0,696,102,0.1356,0.00557
2026-08-26 15:10:38,SPX,7687.55,7677.32,7580.0,228,3073,0.1698,0.00557
2026-08-26 15:10:38,SPX,7687.55,7677.32,7800.0,5846,1228,0.1352,0.00557
2026-08-26 15:10:38,SPX,7687.55,7677.32,7575.0,419,1112,0.1704,0.00557
2026-08-26 15:10:38,SPX,7687.55,7677.32,7805.0,601,202,0.1349,0.00557
2026-08-26 15:10:38,SPX,7687.55,7677.32,7570.0,1579,1354,0.1728,0.00557
2026-08-26 15:10:38,SPX,7687.55,7677.32,7810.0,1774,535,0.1345,0.00557
2026-08-26 15:10:38,SPX,7687.55,7677.32,7565.0,34,995,0.1736,0.00557
2026-08-26 15:41:05,SPX,7684.42,7676.76,7685.0,1570,515,0.1372,3.6e-05
2026-08-26 15:41:05,SPX,7684.42,7676.76,7680.0,3968,2547,0.1437,3.6e-05
2026-08-26 15:41:05,SPX,7684.42,7676.76,7690.0,2192,522,0.1402,3.6e-05
2026-08-26 15:41:05,SPX,7684.42,7676.76,7675.0,2650,2552,0.1619,3.6e-05
2026-08-26 15:41:05,SPX,7684.42,7676.76,7695.0,1154,284,0.1539,3.6e-05
2026-08-26 15:41:05,SPX,7684.42,7676.76,7670.0,2542,2418,0.1929,3.6e-05
2026-08-26 15:41:05,SPX,7684.42,7676.76,7700.0,4795,2023,0.1713,3.6e-05
2026-08-26 15:41:05,SPX,7684.42,7676.76,7665.0,733,1337,0.2265,3.6e-05
2026-08-26 15:41:05,SPX,7684.42,7676.76,7705.0,2011,372,0.1927,3.6e-05
2026-08-26 15:41:05,SPX,7684.42,7676.76,7660.0,571,2665,0.2603,3.6e-05
2026-08-26 15:41:05,SPX,7684.42,7676.76,7710.0,2677,390,0.2167,3.6e-05
2026-08-26 15:41:05,SPX,7684.42,7676.76,7655.0,723,4474,0.2904,3.6e-05
2026-08-26 15:41:05,SPX,7684.42,7676.76,7715.0,4333,256,0.2411,3.6e-05
2026-08-26 15:41:05,SPX,7684.42,7676.76,7650.0,4032,5488,0.3181,3.6e-05
2026-08-26 15:41:05,SPX,7684.42,7676.76,7720.0,2607,278,0.2628,3.6e-05
2026-08-26 15:41:05,SPX,7684.42,7676.76,7645.0,185,1210,0.3456,3.6e-05
2026-08-26 15:41:05,SPX,7684.42,7676.76,7725.0,4671,519,0.2833,3.6e-05
2026-08-26 15:41:05,SPX,7684.42,7676.76,7640.0,269,1302,0.3727,3.6e-05
2026-08-26 15:41:05,SPX,7684.42,7676.76,7730.0,3313,318,0.3052,3.6e-05
2026-08-26 15:41:05,SPX,7684.42,7676.76,7635.0,270,2101,0.3984,3.6e-05
2026-08-26 15:41:05,SPX,7684.42,7676.76,7735.0,1759,137,0.3219,3.6e-05
2026-08-26 15:41:05,SPX,7684.42,7676.76,7630.0,372,2082,0.4208,3.6e-05
2026-08-26 15:41:05,SPX,7684.42,7676.76,7740.0,1928,177,0.3353,3.6e-05
2026-08-26 15:41:05,SPX,7684.42,7676.76,7625.0,1138,2845,0.4402,3.6e-05
2026-08-26 15:41:05,SPX,7684.42,7676.76,7745.0,1767,160,0.3464,3.6e-05
2026-08-26 15:41:05,SPX,7684.42,7676.76,7620.0,747,2807,0.4576,3.6e-05
2026-08-26 15:41:05,SPX,7684.42,7676.76,7750.0,4097,2333,0.3554,3.6e-05
2026-08-26 15:41:05,SPX,7684.42,7676.76,7615.0,58,1361,0.4729,3.6e-05
2026-08-26 15:41:05,SPX,7684.42,7676.76,7755.0,2787,96,0.3615,3.6e-05
2026-08-26 15:41:05,SPX,7684.42,7676.76,7610.0,112,1581,0.4859,3.6e-05
2026-08-26 15:41:05,SPX,7684.42,7676.76,7760.0,2078,151,0.3656,3.6e-05
2026-08-26 15:41:05,SPX,7684.42,7676.76,7605.0,56,1229,0.4964,3.6e-05
2026-08-26 15:41:05,SPX,7684.42,7676.76,7765.0,1039,141,0.3686,3.6e-05
2026-08-26 15:41:05,SPX,7684.42,7676.76,7600.0,322,4592,0.5044,3.6e-05
2026-08-26 15:41:05,SPX,7684.42,7676.76,7770.0,1992,157,0.3702,3.6e-05
2026-08-26 15:41:05,SPX,7684.42,7676.76,7595.0,59,2571,0.5099,3.6e-05
2026-08-26 15:41:05,SPX,7684.42,7676.76,7775.0,4247,108,0.371,3.6e-05
2026-08-26 15:41:05,SPX,7684.42,7676.76,7590.0,47,1339,0.513,3.6e-05
2026-08-26 15:41:05,SPX,7684.42,7676.76,7780.0,1636,71,0.3712,3.6e-05
2026-08-26 15:41:05,SPX,7684.42,7676.76,7585.0,110,1632,0.5137,3.6e-05
2026-08-26 15:41:05,SPX,7684.42,7676.76,7785.0,2518,114,0.3709,3.6e-05
2026-08-26 15:41:05,SPX,7684.42,7676.76,7580.0,257,2202,0.5122,3.6e-05
2026-08-26 15:41:05,SPX,7684.42,7676.76,7790.0,2304,80,0.3703,3.6e-05
2026-08-26 15:41:05,SPX,7684.42,7676.76,7575.0,124,2042,0.5086,3.6e-05
2026-08-26 15:41:05,SPX,7684.42,7676.76,7795.0,4067,35,0.3695,3.6e-05
2026-08-26 15:41:05,SPX,7684.42,7676.76,7570.0,693,1380,0.5044,3.6e-05
2026-08-26 15:41:05,SPX,7684.42,7676.76,7800.0,5750,322,0.3682,3.6e-05
2026-08-26 15:41:05,SPX,7684.42,7676.76,7565.0,31,1929,0.4999,3.6e-05
2026-08-26 15:41:05,SPX,7684.42,7676.76,7805.0,1045,69,0.3668,3.6e-05
2026-08-26 15:41:05,SPX,7684.42,7676.76,7560.0,89,2744,0.4953,3.6e-05
2026-08-26 15:41:05,SPX,7684.42,7676.76,7685.0,187,265,0.147,0.002774
2026-08-26 15:41:05,SPX,7684.42,7676.76,7680.0,415,405,0.1477,0.002774
2026-08-26 15:41:05,SPX,7684.42,7676.76,7690.0,300,414,0.1464,0.002774
2026-08-26 15:41:05,SPX,7684.42,7676.76,7675.0,306,1566,0.1485,0.002774
2026-08-26 15:41:05,SPX,7684.42,7676.76,7695.0,426,198,0.1456,0.002774
2026-08-26 15:41:05,SPX,7684.42,7676.76,7670.0,559,463,0.1496,0.002774
2026-08-26 15:41:05,SPX,7684.42,7676.76,7700.0,1747,2261,0.145,0.002774
2026-08-26 15:41:05,SPX,7684.42,7676.76,7665.0,182,331,0.1505,0.002774
2026-08-26 15:41:05,SPX,7684.42,7676.76,7705.0,202,155,0.1436,0.002774
2026-08-26 15:41:05,SPX,7684.42,7676.76,7660.0,158,287,0.1509,0.002774
2026-08-26 15:41:05,SPX,7684.42,7676.76,7710.0,458,91,0.1425,0.002774
2026-08-26 15:41:05,SPX,7684.42,7676.76,7655.0,128,508,0.1517,0.002774
2026-08-26 15:41:05,SPX,7684.42,7676.76,7715.0,1274,3043,0.142,0.002774
2026-08-26 15:41:05,SPX,7684.42,7676.76,7650.0,533,1380,0.1523,0.002774
2026-08-26 15:41:05,SPX,7684.42,7676.76,7720.0,462,164,0.1412,0.002774
2026-08-26 15:41:05,SPX,7684.42,7676.76,7645.0,145,388,0.1538,0.002774
2026-08-26 15:41:05,SPX,7684.42,7676.76,7725.0,3508,2156,0.1399,0.002774
2026-08-26 15:41:05,SPX,7684.42,7676.76,7640.0,62,305,0.1558,0.002774
2026-08-26 15:41:05,SPX,7684.42,7676.76,7730.0,275,124,0.1385,0.002774
2026-08-26 15:41:05,SPX,7684.42,7676.76,7635.0,42,282,0.1552,0.002774
2026-08-26 15:41:05,SPX,7684.42,7676.76,7735.0,2399,2075,0.1381,0.002774
2026-08-26 15:41:05,SPX,7684.42,7676.76,7630.0,61,498,0.156,0.002774
2026-08-26 15:41:05,SPX,7684.42,7676.76,7740.0,404,141,0.1377,0.002774
2026-08-26 15:41:05,SPX,7684.42,7676.76,7625.0,828,1563,0.1562,0.002774
2026-08-26 15:41:05,SPX,7684.42,7676.76,7745.0,215,164,0.1368,0.002774
2026-08-26 15:41:05,SPX,7684.42,7676.76,7620.0,167,357,0.1583,0.002774
2026-08-26 15:41:05,SPX,7684.42,7676.76,7750.0,2116,248,0.1363,0.002774
2026-08-26 15:41:05,SPX,7684.42,7676.76,7615.0,43,291,0.1603,0.002774
2026-08-26 15:41:05,SPX,7684.42,7676.76,7755.0,343,67,0.1354,0.002774
2026-08-26 15:41:05,SPX,7684.42,7676.76,7610.0,116,293,0.16,0.002774
2026-08-26 15:41:05,SPX,7684.42,7676.76,7760.0,712,120,0.1345,0.002774
2026-08-26 15:41:05,SPX,7684.42,7676.76,7605.0,121,328,0.1609,0.002774
2026-08-26 15:41:05,SPX,7684.42,7676.76,7765.0,471,82,0.1339,0.002774
2026-08-26 15:41:05,SPX,7684.42,7676.76,7600.0,1078,1747,0.1625,0.002774
2026-08-26 15:41:05,SPX,7684.42,7676.76,7770.0,336,167,0.1337,0.002774
2026-08-26 15:41:05,SPX,7684.42,7676.76,7595.0,30,242,0.1637,0.002774
2026-08-26 15:41:05,SPX,7684.42,7676.76,7775.0,629,116,0.134,0.002774
2026-08-26 15:41:05,SPX,7684.42,7676.76,7590.0,53,571,0.1655,0.002774
2026-08-26 15:41:05,SPX,7684.42,7676.76,7780.0,488,92,0.1346,0.002774
2026-08-26 15:41:05,SPX,7684.42,7676.76,7585.0,22,305,0.1674,0.002774
2026-08-26 15:41:05,SPX,7684.42,7676.76,7785.0,420,70,0.1354,0.002774
2026-08-26 15:41:05,SPX,7684.42,7676.76,7580.0,76,564,0.1698,0.002774
2026-08-26 15:41:05,SPX,7684.42,7676.76,7790.0,779,114,0.1364,0.002774
2026-08-26 15:41:05,SPX,7684.42,7676.76,7575.0,292,2281,0.1718,0.002774
2026-08-26 15:41:05,SPX,7684.42,7676.76,7795.0,593,36,0.1374,0.002774
2026-08-26 15:41:05,SPX,7684.42,7676.76,7570.0,68,3315,0.1733,0.002774
2026-08-26 15:41:05,SPX,7684.42,7676.76,7800.0,2218,413,0.1386,0.002774
2026-08-26 15:41:05,SPX,7684.42,7676.76,7565.0,26,262,0.1748,0.002774
2026-08-26 15:41:05,SPX,7684.42,7676.76,7805.0,1361,6,0.1398,0.002774
2026-08-26 15:41:05,SPX,7684.42,7676.76,7560.0,15,414,0.1767,0.002774
2026-08-26 15:41:05,SPX,7684.42,7676.76,7685.0,538,711,0.1481,0.005512
2026-08-26 15:41:05,SPX,7684.42,7676.76,7680.0,811,805,0.1488,0.005512
2026-08-26 15:41:05,SPX,7684.42,7676.76,7690.0,631,1445,0.1472,0.005512
2026-08-26 15:41:05,SPX,7684.42,7676.76,7675.0,2111,1740,0.1495,0.005512
2026-08-26 15:41:05,SPX,7684.42,7676.76,7695.0,491,323,0.1461,0.005512
2026-08-26 15:41:05,SPX,7684.42,7676.76,7670.0,562,1218,0.1502,0.005512
2026-08-26 15:41:05,SPX,7684.42,7676.76,7700.0,4930,5969,0.1454,0.005512
2026-08-26 15:41:05,SPX,7684.42,7676.76,7665.0,410,882,0.151,0.005512
2026-08-26 15:41:05,SPX,7684.42,7676.76,7705.0,475,522,0.1443,0.005512
2026-08-26 15:41:05,SPX,7684.42,7676.76,7660.0,1241,1416,0.1519,0.005512
2026-08-26 15:41:05,SPX,7684.42,7676.76,7710.0,1078,554,0.1436,0.005512
2026-08-26 15:41:05,SPX,7684.42,7676.76,7655.0,288,400,0.1529,0.005512
2026-08-26 15:41:05,SPX,7684.42,7676.76,7715.0,554,492,0.1424,0.005512
2026-08-26 15:41:05,SPX,7684.42,7676.76,7650.0,1994,3352,0.1539,0.005512
2026-08-26 15:41:05,SPX,7684.42,7676.76,7720.0,1775,441,0.1418,0.005512
2026-08-26 15:41:05,SPX,7684.42,7676.76,7645.0,116,616,0.1548,0.005512
2026-08-26 15:41:05,SPX,7684.42,7676.76,7725.0,2638,1672,0.1411,0.005512
2026-08-26 15:41:05,SPX,7684.42,7676.76,7640.0,1104,1681,0.1558,0.005512
2026-08-26 15:41:05,SPX,7684.42,7676.76,7730.0,2541,415,0.1404,0.005512
2026-08-26 15:41:05,SPX,7684.42,7676.76,7635.0,166,713,0.1567,0.005512
2026-08-26 15:41:05,SPX,7684.42,7676.76,7735.0,359,217,0.1398,0.005512
2026-08-26 15:41:05,SPX,7684.42,7676.76,7630.0,623,1339,0.1576,0.005512
2026-08-26 15:41:05,SPX,7684.42,7676.76,7740.0,995,1064,0.1391,0.005512
2026-08-26 15:41:05,SPX,7684.42,7676.76,7625.0,1365,1234,0.1585,0.005512
2026-08-26 15:41:05,SPX,7684.42,7676.76,7745.0,533,236,0.1385,0.005512
2026-08-26 15:41:05,SPX,7684.42,7676.76,7620.0,594,780,0.1594,0.005512
2026-08-26 15:41:05,SPX,7684.42,7676.76,7750.0,2688,2577,0.1378,0.005512
2026-08-26 15:41:05,SPX,7684.42,7676.76,7615.0,163,558,0.1603,0.005512
2026-08-26 15:41:05,SPX,7684.42,7676.76,7755.0,621,457,0.1369,0.005512
2026-08-26 15:41:05,SPX,7684.42,7676.76,7610.0,398,814,0.1611,0.005512
2026-08-26 15:41:05,SPX,7684.42,7676.76,7760.0,1101,681,0.1358,0.005512
2026-08-26 15:41:05,SPX,7684.42,7676.76,7605.0,82,509,0.1619,0.005512
2026-08-26 15:41:05,SPX,7684.42,7676.76,7765.0,635,164,0.1349,0.005512
2026-08-26 15:41:05,SPX,7684.42,7676.76,7600.0,901,3239,0.1628,0.005512
2026-08-26 15:41:05,SPX,7684.42,7676.76,7770.0,1726,277,0.1341,0.005512
2026-08-26 15:41:05,SPX,7684.42,7676.76,7595.0,80,953,0.1638,0.005512
2026-08-26 15:41:05,SPX,7684.42,7676.76,7775.0,1547,695,0.1336,0.005512
2026-08-26 15:41:05,SPX,7684.42,7676.76,7590.0,632,1716,0.1651,0.005512
2026-08-26 15:41:05,SPX,7684.42,7676.76,7780.0,1642,433,0.1332,0.005512
2026-08-26 15:41:05,SPX,7684.42,7676.76,7585.0,96,577,0.1665,0.005512
2026-08-26 15:41:05,SPX,7684.42,7676.76,7785.0,1127,545,0.1329,0.005512
2026-08-26 15:41:05,SPX,7684.42,7676.76,7580.0,228,3073,0.1682,0.005512
2026-08-26 15:41:05,SPX,7684.42,7676.76,7790.0,2374,290,0.1327,0.005512
2026-08-26 15:41:05,SPX,7684.42,7676.76,7575.0,419,1112,0.1694,0.005512
2026-08-26 15:41:05,SPX,7684.42,7676.76,7795.0,696,102,0.1324,0.005512
2026-08-26 15:41:05,SPX,7684.42,7676.76,7570.0,1579,1354,0.1701,0.005512
2026-08-26 15:41:05,SPX,7684.42,7676.76,7800.0,5846,1228,0.1322,0.005512
2026-08-26 15:41:05,SPX,7684.42,7676.76,7565.0,34,995,0.1708,0.005512
2026-08-26 15:41:05,SPX,7684.42,7676.76,7805.0,601,202,0.1319,0.005512
2026-08-26 15:41:05,SPX,7684.42,7676.76,7560.0,313,767,0.1716,0.005512
