timestamp,symbol,spot,gflip,strike,oi_call,oi_put,iv,T
2026-09-03 09:36:32,SPX,7707.65,7670.97,7710.0,2843,414,0.1493,0.000729
2026-09-03 09:36:32,SPX,7707.65,7670.97,7705.0,1466,146,0.1522,0.000729
2026-09-03 09:36:32,SPX,7707.65,7670.97,7715.0,2994,195,0.1465,0.000729
2026-09-03 09:36:32,SPX,7707.65,7670.97,7700.0,3695,0,0.1553,0.000729
2026-09-03 09:36:32,SPX,7707.65,7670.97,7725.0,2498,303,0.1417,0.000729
2026-09-03 09:36:32,SPX,7707.65,7670.97,7735.0,2567,0,0.1388,0.000729
2026-09-03 09:36:32,SPX,7707.65,7670.97,7675.0,1979,1754,0.1715,0.000729
2026-09-03 09:36:32,SPX,7707.65,7670.97,7670.0,1851,0,0.15,0.000729
2026-09-03 09:36:32,SPX,7707.65,7670.97,7755.0,0,92,0.15,0.000729
2026-09-03 09:36:32,SPX,7707.65,7670.97,7660.0,792,1145,0.15,0.000729
2026-09-03 09:36:32,SPX,7707.65,7670.97,7760.0,3166,194,0.1418,0.000729
2026-09-03 09:36:32,SPX,7707.65,7670.97,7655.0,395,687,0.1877,0.000729
2026-09-03 09:36:32,SPX,7707.65,7670.97,7765.0,1343,71,0.1497,0.000729
2026-09-03 09:36:32,SPX,7707.65,7670.97,7650.0,922,1967,0.1934,0.000729
2026-09-03 09:36:32,SPX,7707.65,7670.97,7770.0,1129,76,0.1534,0.000729
2026-09-03 09:36:32,SPX,7707.65,7670.97,7645.0,456,1329,0.1974,0.000729
2026-09-03 09:36:32,SPX,7707.65,7670.97,7775.0,13357,77,0.1577,0.000729
2026-09-03 09:36:32,SPX,7707.65,7670.97,7640.0,1041,1530,0.2018,0.000729
2026-09-03 09:36:32,SPX,7707.65,7670.97,7780.0,5042,44,0.1626,0.000729
2026-09-03 09:36:32,SPX,7707.65,7670.97,7635.0,466,2020,0.2059,0.000729
2026-09-03 09:36:32,SPX,7707.65,7670.97,7785.0,5445,24,0.1679,0.000729
2026-09-03 09:36:32,SPX,7707.65,7670.97,7630.0,464,2757,0.2101,0.000729
2026-09-03 09:36:32,SPX,7707.65,7670.97,7790.0,719,66,0.1733,0.000729
2026-09-03 09:36:32,SPX,7707.65,7670.97,7625.0,738,3177,0.2143,0.000729
2026-09-03 09:36:32,SPX,7707.65,7670.97,7795.0,808,2,0.179,0.000729
2026-09-03 09:36:32,SPX,7707.65,7670.97,7620.0,360,1122,0.2196,0.000729
2026-09-03 09:36:32,SPX,7707.65,7670.97,7800.0,2373,97,0.1855,0.000729
2026-09-03 09:36:32,SPX,7707.65,7670.97,7615.0,909,1639,0.2263,0.000729
2026-09-03 09:36:32,SPX,7707.65,7670.97,7805.0,1187,10,0.1925,0.000729
2026-09-03 09:36:32,SPX,7707.65,7670.97,7610.0,849,1979,0.2337,0.000729
2026-09-03 09:36:32,SPX,7707.65,7670.97,7810.0,799,41,0.1997,0.000729
2026-09-03 09:36:32,SPX,7707.65,7670.97,7605.0,152,1391,0.2412,0.000729
2026-09-03 09:36:32,SPX,7707.65,7670.97,7815.0,444,0,0.2069,0.000729
2026-09-03 09:36:32,SPX,7707.65,7670.97,7600.0,347,3704,0.2484,0.000729
2026-09-03 09:36:32,SPX,7707.65,7670.97,7820.0,469,154,0.2138,0.000729
2026-09-03 09:36:32,SPX,7707.65,7670.97,7595.0,92,1491,0.2553,0.000729
2026-09-03 09:36:32,SPX,7707.65,7670.97,7825.0,986,0,0.2203,0.000729
2026-09-03 09:36:32,SPX,7707.65,7670.97,7590.0,0,1807,0.262,0.000729
2026-09-03 09:36:32,SPX,7707.65,7670.97,7830.0,691,0,0.2264,0.000729
2026-09-03 09:36:32,SPX,7707.65,7670.97,7585.0,0,2112,0.2685,0.000729
2026-09-03 09:36:32,SPX,7707.65,7670.97,7710.0,1141,901,0.1266,0.003467
2026-09-03 09:36:32,SPX,7707.65,7670.97,7705.0,679,352,0.1278,0.003467
2026-09-03 09:36:32,SPX,7707.65,7670.97,7715.0,2424,479,0.1253,0.003467
2026-09-03 09:36:32,SPX,7707.65,7670.97,7700.0,4723,3395,0.1292,0.003467
2026-09-03 09:36:32,SPX,7707.65,7670.97,7720.0,1468,873,0.124,0.003467
2026-09-03 09:36:32,SPX,7707.65,7670.97,7695.0,751,562,0.1308,0.003467
2026-09-03 09:36:32,SPX,7707.65,7670.97,7725.0,3133,1643,0.1229,0.003467
2026-09-03 09:36:32,SPX,7707.65,7670.97,7690.0,708,509,0.1324,0.003467
2026-09-03 09:36:32,SPX,7707.65,7670.97,7730.0,1025,376,0.1219,0.003467
2026-09-03 09:36:32,SPX,7707.65,7670.97,7685.0,653,447,0.1337,0.003467
2026-09-03 09:36:32,SPX,7707.65,7670.97,7735.0,640,227,0.121,0.003467
2026-09-03 09:36:32,SPX,7707.65,7670.97,7680.0,2021,1776,0.1355,0.003467
2026-09-03 09:36:32,SPX,7707.65,7670.97,7740.0,1089,661,0.1204,0.003467
2026-09-03 09:36:32,SPX,7707.65,7670.97,7675.0,1388,2534,0.137,0.003467
2026-09-03 09:36:32,SPX,7707.65,7670.97,7745.0,1555,217,0.1195,0.003467
2026-09-03 09:36:32,SPX,7707.65,7670.97,7670.0,1040,1308,0.1389,0.003467
2026-09-03 09:36:32,SPX,7707.65,7670.97,7750.0,5368,3284,0.1188,0.003467
2026-09-03 09:36:32,SPX,7707.65,7670.97,7665.0,582,1256,0.141,0.003467
2026-09-03 09:36:32,SPX,7707.65,7670.97,7755.0,1597,163,0.1183,0.003467
2026-09-03 09:36:32,SPX,7707.65,7670.97,7660.0,541,724,0.143,0.003467
2026-09-03 09:36:32,SPX,7707.65,7670.97,7760.0,1311,288,0.1174,0.003467
2026-09-03 09:36:32,SPX,7707.65,7670.97,7655.0,361,660,0.1444,0.003467
2026-09-03 09:36:32,SPX,7707.65,7670.97,7765.0,862,112,0.1163,0.003467
2026-09-03 09:36:32,SPX,7707.65,7670.97,7650.0,1675,4096,0.1452,0.003467
2026-09-03 09:36:32,SPX,7707.65,7670.97,7770.0,1292,281,0.1154,0.003467
2026-09-03 09:36:32,SPX,7707.65,7670.97,7645.0,274,566,0.1469,0.003467
2026-09-03 09:36:32,SPX,7707.65,7670.97,7775.0,1985,314,0.115,0.003467
2026-09-03 09:36:32,SPX,7707.65,7670.97,7640.0,319,1379,0.1499,0.003467
2026-09-03 09:36:32,SPX,7707.65,7670.97,7780.0,1256,157,0.115,0.003467
2026-09-03 09:36:32,SPX,7707.65,7670.97,7635.0,419,652,0.1519,0.003467
2026-09-03 09:36:32,SPX,7707.65,7670.97,7785.0,1035,83,0.1152,0.003467
2026-09-03 09:36:32,SPX,7707.65,7670.97,7630.0,732,1843,0.1529,0.003467
2026-09-03 09:36:32,SPX,7707.65,7670.97,7790.0,990,164,0.1153,0.003467
2026-09-03 09:36:32,SPX,7707.65,7670.97,7625.0,849,1886,0.1542,0.003467
2026-09-03 09:36:32,SPX,7707.65,7670.97,7795.0,1283,66,0.1153,0.003467
2026-09-03 09:36:32,SPX,7707.65,7670.97,7620.0,361,0,0.1568,0.003467
2026-09-03 09:36:32,SPX,7707.65,7670.97,7800.0,0,820,0.1153,0.003467
2026-09-03 09:36:32,SPX,7707.65,7670.97,7615.0,235,1044,0.1594,0.003467
2026-09-03 09:36:32,SPX,7707.65,7670.97,7805.0,1064,180,0.1152,0.003467
2026-09-03 09:36:32,SPX,7707.65,7670.97,7610.0,159,1346,0.1612,0.003467
2026-09-03 09:36:32,SPX,7707.65,7670.97,7810.0,2570,0,0.1154,0.003467
2026-09-03 09:36:32,SPX,7707.65,7670.97,7605.0,112,1179,0.1627,0.003467
2026-09-03 09:36:32,SPX,7707.65,7670.97,7815.0,986,185,0.1158,0.003467
2026-09-03 09:36:32,SPX,7707.65,7670.97,7600.0,691,6392,0.1635,0.003467
2026-09-03 09:36:32,SPX,7707.65,7670.97,7820.0,3518,74,0.1165,0.003467
2026-09-03 09:36:32,SPX,7707.65,7670.97,7595.0,56,817,0.165,0.003467
2026-09-03 09:36:32,SPX,7707.65,7670.97,7825.0,3450,192,0.1174,0.003467
2026-09-03 09:36:32,SPX,7707.65,7670.97,7590.0,171,1155,0.1681,0.003467
2026-09-03 09:36:32,SPX,7707.65,7670.97,7830.0,1761,12,0.1186,0.003467
2026-09-03 09:36:32,SPX,7707.65,7670.97,7585.0,137,673,0.17,0.003467
2026-09-03 09:36:32,SPX,7707.65,7670.97,7710.0,351,269,0.0856,0.014418
2026-09-03 09:36:32,SPX,7707.65,7670.97,7705.0,261,172,0.0864,0.014418
2026-09-03 09:36:32,SPX,7707.65,7670.97,7715.0,900,832,0.0849,0.014418
2026-09-03 09:36:32,SPX,7707.65,7670.97,7700.0,1507,719,0.0872,0.014418
2026-09-03 09:36:32,SPX,7707.65,7670.97,7720.0,719,833,0.0842,0.014418
2026-09-03 09:36:32,SPX,7707.65,7670.97,7695.0,1642,535,0.0882,0.014418
2026-09-03 09:36:32,SPX,7707.65,7670.97,7725.0,1770,225,0.0836,0.014418
2026-09-03 09:36:32,SPX,7707.65,7670.97,7690.0,460,986,0.089,0.014418
2026-09-03 09:36:32,SPX,7707.65,7670.97,7730.0,547,211,0.083,0.014418
2026-09-03 09:36:32,SPX,7707.65,7670.97,7685.0,190,545,0.0902,0.014418
2026-09-03 09:36:32,SPX,7707.65,7670.97,7735.0,380,44,0.0823,0.014418
2026-09-03 09:36:32,SPX,7707.65,7670.97,7680.0,627,767,0.0909,0.014418
2026-09-03 09:36:32,SPX,7707.65,7670.97,7740.0,1063,118,0.0814,0.014418
2026-09-03 09:36:32,SPX,7707.65,7670.97,7675.0,422,2664,0.0921,0.014418
2026-09-03 09:36:32,SPX,7707.65,7670.97,7745.0,952,58,0.0805,0.014418
2026-09-03 09:36:32,SPX,7707.65,7670.97,7670.0,298,320,0.0932,0.014418
2026-09-03 09:36:32,SPX,7707.65,7670.97,7750.0,663,482,0.0797,0.014418
2026-09-03 09:36:32,SPX,7707.65,7670.97,7665.0,174,219,0.0942,0.014418
2026-09-03 09:36:32,SPX,7707.65,7670.97,7755.0,399,19,0.0791,0.014418
2026-09-03 09:36:32,SPX,7707.65,7670.97,7660.0,144,639,0.0951,0.014418
2026-09-03 09:36:32,SPX,7707.65,7670.97,7760.0,693,105,0.0786,0.014418
2026-09-03 09:36:32,SPX,7707.65,7670.97,7655.0,79,402,0.096,0.014418
2026-09-03 09:36:32,SPX,7707.65,7670.97,7765.0,901,38,0.0783,0.014418
2026-09-03 09:36:32,SPX,7707.65,7670.97,7650.0,706,1134,0.0974,0.014418
2026-09-03 09:36:32,SPX,7707.65,7670.97,7770.0,1131,160,0.078,0.014418
2026-09-03 09:36:32,SPX,7707.65,7670.97,7645.0,152,219,0.0982,0.014418
2026-09-03 09:36:32,SPX,7707.65,7670.97,7775.0,1512,153,0.0776,0.014418
2026-09-03 09:36:32,SPX,7707.65,7670.97,7640.0,156,372,0.0991,0.014418
2026-09-03 09:36:32,SPX,7707.65,7670.97,7780.0,751,74,0.0773,0.014418
2026-09-03 09:36:32,SPX,7707.65,7670.97,7635.0,116,213,0.1002,0.014418
2026-09-03 09:36:32,SPX,7707.65,7670.97,7785.0,540,14,0.0768,0.014418
2026-09-03 09:36:32,SPX,7707.65,7670.97,7630.0,193,650,0.101,0.014418
2026-09-03 09:36:32,SPX,7707.65,7670.97,7790.0,1573,40,0.0763,0.014418
2026-09-03 09:36:32,SPX,7707.65,7670.97,7625.0,1038,767,0.1021,0.014418
2026-09-03 09:36:32,SPX,7707.65,7670.97,7795.0,1161,10,0.0758,0.014418
2026-09-03 09:36:32,SPX,7707.65,7670.97,7620.0,131,368,0.1033,0.014418
2026-09-03 09:36:32,SPX,7707.65,7670.97,7800.0,3685,979,0.0753,0.014418
2026-09-03 09:36:32,SPX,7707.65,7670.97,7615.0,79,306,0.1045,0.014418
2026-09-03 09:36:32,SPX,7707.65,7670.97,7805.0,2563,15,0.0749,0.014418
2026-09-03 09:36:32,SPX,7707.65,7670.97,7610.0,54,474,0.1057,0.014418
2026-09-03 09:36:32,SPX,7707.65,7670.97,7810.0,903,29,0.0745,0.014418
2026-09-03 09:36:32,SPX,7707.65,7670.97,7605.0,62,168,0.1068,0.014418
2026-09-03 09:36:32,SPX,7707.65,7670.97,7815.0,713,8,0.0742,0.014418
2026-09-03 09:36:32,SPX,7707.65,7670.97,7600.0,756,2025,0.1079,0.014418
2026-09-03 09:36:32,SPX,7707.65,7670.97,7820.0,699,85,0.074,0.014418
2026-09-03 09:36:32,SPX,7707.65,7670.97,7595.0,21,218,0.1091,0.014418
2026-09-03 09:36:32,SPX,7707.65,7670.97,7825.0,548,25,0.0739,0.014418
2026-09-03 09:36:32,SPX,7707.65,7670.97,7590.0,62,247,0.1101,0.014418
2026-09-03 09:36:32,SPX,7707.65,7670.97,7830.0,1485,48,0.0739,0.014418
2026-09-03 09:36:32,SPX,7707.65,7670.97,7585.0,25,411,0.111,0.014418
2026-09-03 10:06:58,SPX,7698.98,7670.46,7700.0,3695,655,0.1455,0.000671
2026-09-03 10:06:58,SPX,7698.98,7670.46,7695.0,936,322,0.1481,0.000671
2026-09-03 10:06:58,SPX,7698.98,7670.46,7705.0,1466,146,0.1423,0.000671
2026-09-03 10:06:58,SPX,7698.98,7670.46,7690.0,2094,521,0.1519,0.000671
2026-09-03 10:06:58,SPX,7698.98,7670.46,7710.0,2843,414,0.1397,0.000671
2026-09-03 10:06:58,SPX,7698.98,7670.46,7685.0,699,604,0.1553,0.000671
2026-09-03 10:06:58,SPX,7698.98,7670.46,7715.0,2994,195,0.1382,0.000671
2026-09-03 10:06:58,SPX,7698.98,7670.46,7680.0,2163,477,0.1599,0.000671
2026-09-03 10:06:58,SPX,7698.98,7670.46,7720.0,5150,281,0.1363,0.000671
2026-09-03 10:06:58,SPX,7698.98,7670.46,7675.0,1979,1754,0.1643,0.000671
2026-09-03 10:06:58,SPX,7698.98,7670.46,7725.0,2498,303,0.1354,0.000671
2026-09-03 10:06:58,SPX,7698.98,7670.46,7670.0,1851,1624,0.1691,0.000671
2026-09-03 10:06:58,SPX,7698.98,7670.46,7730.0,2283,433,0.1354,0.000671
2026-09-03 10:06:58,SPX,7698.98,7670.46,7665.0,1201,1226,0.1726,0.000671
2026-09-03 10:06:58,SPX,7698.98,7670.46,7735.0,2567,136,0.1365,0.000671
2026-09-03 10:06:58,SPX,7698.98,7670.46,7660.0,792,1145,0.1771,0.000671
2026-09-03 10:06:58,SPX,7698.98,7670.46,7740.0,3632,311,0.1385,0.000671
2026-09-03 10:06:58,SPX,7698.98,7670.46,7655.0,395,687,0.1819,0.000671
2026-09-03 10:06:58,SPX,7698.98,7670.46,7745.0,1787,167,0.141,0.000671
2026-09-03 10:06:58,SPX,7698.98,7670.46,7650.0,922,1967,0.1885,0.000671
2026-09-03 10:06:58,SPX,7698.98,7670.46,7750.0,3813,873,0.1441,0.000671
2026-09-03 10:06:58,SPX,7698.98,7670.46,7645.0,456,1329,0.1916,0.000671
2026-09-03 10:06:58,SPX,7698.98,7670.46,7755.0,894,92,0.148,0.000671
2026-09-03 10:06:58,SPX,7698.98,7670.46,7640.0,1041,1530,0.197,0.000671
2026-09-03 10:06:58,SPX,7698.98,7670.46,7760.0,3166,194,0.1528,0.000671
2026-09-03 10:06:58,SPX,7698.98,7670.46,7635.0,466,2020,0.2029,0.000671
2026-09-03 10:06:58,SPX,7698.98,7670.46,7765.0,1343,71,0.1584,0.000671
2026-09-03 10:06:58,SPX,7698.98,7670.46,7630.0,464,2757,0.2092,0.000671
2026-09-03 10:06:58,SPX,7698.98,7670.46,7770.0,1129,76,0.1645,0.000671
2026-09-03 10:06:58,SPX,7698.98,7670.46,7625.0,738,3177,0.2146,0.000671
2026-09-03 10:06:58,SPX,7698.98,7670.46,7775.0,13357,77,0.1711,0.000671
2026-09-03 10:06:58,SPX,7698.98,7670.46,7620.0,360,1122,0.2213,0.000671
2026-09-03 10:06:58,SPX,7698.98,7670.46,7780.0,5042,44,0.178,0.000671
2026-09-03 10:06:58,SPX,7698.98,7670.46,7615.0,909,1639,0.2274,0.000671
2026-09-03 10:06:58,SPX,7698.98,7670.46,7785.0,5445,24,0.1851,0.000671
2026-09-03 10:06:58,SPX,7698.98,7670.46,7610.0,849,1979,0.2347,0.000671
2026-09-03 10:06:58,SPX,7698.98,7670.46,7790.0,719,66,0.1923,0.000671
2026-09-03 10:06:58,SPX,7698.98,7670.46,7605.0,152,1391,0.2389,0.000671
2026-09-03 10:06:58,SPX,7698.98,7670.46,7795.0,808,2,0.1997,0.000671
2026-09-03 10:06:58,SPX,7698.98,7670.46,7600.0,347,3704,0.2439,0.000671
2026-09-03 10:06:58,SPX,7698.98,7670.46,7800.0,2373,97,0.2072,0.000671
2026-09-03 10:06:58,SPX,7698.98,7670.46,7595.0,92,1491,0.2506,0.000671
2026-09-03 10:06:58,SPX,7698.98,7670.46,7805.0,1187,10,0.2147,0.000671
2026-09-03 10:06:58,SPX,7698.98,7670.46,7590.0,67,1807,0.2581,0.000671
2026-09-03 10:06:58,SPX,7698.98,7670.46,7810.0,799,41,0.222,0.000671
2026-09-03 10:06:58,SPX,7698.98,7670.46,7585.0,131,2112,0.2649,0.000671
2026-09-03 10:06:58,SPX,7698.98,7670.46,7815.0,444,0,0.2291,0.000671
2026-09-03 10:06:58,SPX,7698.98,7670.46,7580.0,60,2412,0.2716,0.000671
2026-09-03 10:06:58,SPX,7698.98,7670.46,7820.0,469,154,0.2357,0.000671
2026-09-03 10:06:58,SPX,7698.98,7670.46,7575.0,99,2180,0.2792,0.000671
2026-09-03 10:06:58,SPX,7698.98,7670.46,7700.0,4723,3395,0.1273,0.003409
2026-09-03 10:06:58,SPX,7698.98,7670.46,7695.0,751,562,0.1283,0.003409
2026-09-03 10:06:58,SPX,7698.98,7670.46,7705.0,679,352,0.1259,0.003409
2026-09-03 10:06:58,SPX,7698.98,7670.46,7690.0,708,509,0.1299,0.003409
2026-09-03 10:06:58,SPX,7698.98,7670.46,7710.0,1141,901,0.1246,0.003409
2026-09-03 10:06:58,SPX,7698.98,7670.46,7685.0,653,447,0.1314,0.003409
2026-09-03 10:06:58,SPX,7698.98,7670.46,7715.0,2424,479,0.1235,0.003409
2026-09-03 10:06:58,SPX,7698.98,7670.46,7680.0,2021,1776,0.1329,0.003409
2026-09-03 10:06:58,SPX,7698.98,7670.46,7720.0,1468,873,0.1222,0.003409
2026-09-03 10:06:58,SPX,7698.98,7670.46,7675.0,1388,2534,0.1348,0.003409
2026-09-03 10:06:58,SPX,7698.98,7670.46,7725.0,3133,1643,0.1215,0.003409
2026-09-03 10:06:58,SPX,7698.98,7670.46,7670.0,1040,1308,0.1368,0.003409
2026-09-03 10:06:58,SPX,7698.98,7670.46,7730.0,1025,376,0.1209,0.003409
2026-09-03 10:06:58,SPX,7698.98,7670.46,7665.0,582,1256,0.1387,0.003409
2026-09-03 10:06:58,SPX,7698.98,7670.46,7735.0,640,227,0.12,0.003409
2026-09-03 10:06:58,SPX,7698.98,7670.46,7660.0,541,724,0.1395,0.003409
2026-09-03 10:06:58,SPX,7698.98,7670.46,7740.0,1089,661,0.1192,0.003409
2026-09-03 10:06:58,SPX,7698.98,7670.46,7655.0,361,660,0.1422,0.003409
2026-09-03 10:06:58,SPX,7698.98,7670.46,7745.0,1555,217,0.1187,0.003409
2026-09-03 10:06:58,SPX,7698.98,7670.46,7650.0,1675,4096,0.1443,0.003409
2026-09-03 10:06:58,SPX,7698.98,7670.46,7750.0,5368,3284,0.1178,0.003409
2026-09-03 10:06:58,SPX,7698.98,7670.46,7645.0,274,566,0.145,0.003409
2026-09-03 10:06:58,SPX,7698.98,7670.46,7755.0,1597,163,0.1168,0.003409
2026-09-03 10:06:58,SPX,7698.98,7670.46,7640.0,319,1379,0.1465,0.003409
2026-09-03 10:06:58,SPX,7698.98,7670.46,7760.0,1311,288,0.1159,0.003409
2026-09-03 10:06:58,SPX,7698.98,7670.46,7635.0,419,652,0.1482,0.003409
2026-09-03 10:06:58,SPX,7698.98,7670.46,7765.0,862,112,0.1154,0.003409
2026-09-03 10:06:58,SPX,7698.98,7670.46,7630.0,732,1843,0.1502,0.003409
2026-09-03 10:06:58,SPX,7698.98,7670.46,7770.0,1292,281,0.1152,0.003409
2026-09-03 10:06:58,SPX,7698.98,7670.46,7625.0,849,1886,0.1533,0.003409
2026-09-03 10:06:58,SPX,7698.98,7670.46,7775.0,1985,314,0.1152,0.003409
2026-09-03 10:06:58,SPX,7698.98,7670.46,7620.0,361,1251,0.1545,0.003409
2026-09-03 10:06:58,SPX,7698.98,7670.46,7780.0,1256,157,0.1152,0.003409
2026-09-03 10:06:58,SPX,7698.98,7670.46,7615.0,235,1044,0.1555,0.003409
2026-09-03 10:06:58,SPX,7698.98,7670.46,7785.0,1035,83,0.1152,0.003409
2026-09-03 10:06:58,SPX,7698.98,7670.46,7610.0,159,1346,0.1585,0.003409
2026-09-03 10:06:58,SPX,7698.98,7670.46,7790.0,990,164,0.1152,0.003409
2026-09-03 10:06:58,SPX,7698.98,7670.46,7605.0,112,1179,0.161,0.003409
2026-09-03 10:06:58,SPX,7698.98,7670.46,7795.0,1283,66,0.1151,0.003409
2026-09-03 10:06:58,SPX,7698.98,7670.46,7600.0,691,6392,0.162,0.003409
2026-09-03 10:06:58,SPX,7698.98,7670.46,7800.0,5578,820,0.1152,0.003409
2026-09-03 10:06:58,SPX,7698.98,7670.46,7595.0,56,817,0.1635,0.003409
2026-09-03 10:06:58,SPX,7698.98,7670.46,7805.0,1064,180,0.1154,0.003409
2026-09-03 10:06:58,SPX,7698.98,7670.46,7590.0,171,1155,0.1645,0.003409
2026-09-03 10:06:58,SPX,7698.98,7670.46,7810.0,2570,148,0.1159,0.003409
2026-09-03 10:06:58,SPX,7698.98,7670.46,7585.0,137,673,0.1665,0.003409
2026-09-03 10:06:58,SPX,7698.98,7670.46,7815.0,986,185,0.1167,0.003409
2026-09-03 10:06:58,SPX,7698.98,7670.46,7580.0,395,1195,0.1694,0.003409
2026-09-03 10:06:58,SPX,7698.98,7670.46,7820.0,3518,74,0.118,0.003409
2026-09-03 10:06:58,SPX,7698.98,7670.46,7575.0,341,2740,0.171,0.003409
2026-09-03 10:06:58,SPX,7698.98,7670.46,7700.0,1507,719,0.0857,0.01436
2026-09-03 10:06:58,SPX,7698.98,7670.46,7695.0,1642,535,0.0865,0.01436
2026-09-03 10:06:58,SPX,7698.98,7670.46,7705.0,261,172,0.0849,0.01436
2026-09-03 10:06:58,SPX,7698.98,7670.46,7690.0,460,986,0.0875,0.01436
2026-09-03 10:06:58,SPX,7698.98,7670.46,7710.0,351,269,0.0842,0.01436
2026-09-03 10:06:58,SPX,7698.98,7670.46,7685.0,190,545,0.0884,0.01436
2026-09-03 10:06:58,SPX,7698.98,7670.46,7715.0,900,832,0.0835,0.01436
2026-09-03 10:06:58,SPX,7698.98,7670.46,7680.0,627,767,0.0892,0.01436
2026-09-03 10:06:58,SPX,7698.98,7670.46,7720.0,719,833,0.083,0.01436
2026-09-03 10:06:58,SPX,7698.98,7670.46,7675.0,422,2664,0.0903,0.01436
2026-09-03 10:06:58,SPX,7698.98,7670.46,7725.0,1770,225,0.0824,0.01436
2026-09-03 10:06:58,SPX,7698.98,7670.46,7670.0,298,320,0.0912,0.01436
2026-09-03 10:06:58,SPX,7698.98,7670.46,7730.0,547,211,0.0818,0.01436
2026-09-03 10:06:58,SPX,7698.98,7670.46,7665.0,174,219,0.0923,0.01436
2026-09-03 10:06:58,SPX,7698.98,7670.46,7735.0,380,44,0.081,0.01436
2026-09-03 10:06:58,SPX,7698.98,7670.46,7660.0,144,639,0.0932,0.01436
2026-09-03 10:06:58,SPX,7698.98,7670.46,7740.0,1063,118,0.0801,0.01436
2026-09-03 10:06:58,SPX,7698.98,7670.46,7655.0,79,402,0.0945,0.01436
2026-09-03 10:06:58,SPX,7698.98,7670.46,7745.0,952,58,0.0793,0.01436
2026-09-03 10:06:58,SPX,7698.98,7670.46,7650.0,706,1134,0.0952,0.01436
2026-09-03 10:06:58,SPX,7698.98,7670.46,7750.0,663,482,0.0786,0.01436
2026-09-03 10:06:58,SPX,7698.98,7670.46,7645.0,152,219,0.0962,0.01436
2026-09-03 10:06:58,SPX,7698.98,7670.46,7755.0,399,19,0.078,0.01436
2026-09-03 10:06:58,SPX,7698.98,7670.46,7640.0,156,372,0.0971,0.01436
2026-09-03 10:06:58,SPX,7698.98,7670.46,7760.0,693,105,0.0775,0.01436
2026-09-03 10:06:58,SPX,7698.98,7670.46,7635.0,116,213,0.0981,0.01436
2026-09-03 10:06:58,SPX,7698.98,7670.46,7765.0,901,38,0.0771,0.01436
2026-09-03 10:06:58,SPX,7698.98,7670.46,7630.0,193,650,0.0996,0.01436
2026-09-03 10:06:58,SPX,7698.98,7670.46,7770.0,1131,160,0.0766,0.01436
2026-09-03 10:06:58,SPX,7698.98,7670.46,7625.0,1038,767,0.1004,0.01436
2026-09-03 10:06:58,SPX,7698.98,7670.46,7775.0,1512,153,0.0762,0.01436
2026-09-03 10:06:58,SPX,7698.98,7670.46,7620.0,131,368,0.1012,0.01436
2026-09-03 10:06:58,SPX,7698.98,7670.46,7780.0,751,74,0.0757,0.01436
2026-09-03 10:06:58,SPX,7698.98,7670.46,7615.0,79,306,0.1025,0.01436
2026-09-03 10:06:58,SPX,7698.98,7670.46,7785.0,540,14,0.0753,0.01436
2026-09-03 10:06:58,SPX,7698.98,7670.46,7610.0,54,474,0.1032,0.01436
2026-09-03 10:06:58,SPX,7698.98,7670.46,7790.0,1573,40,0.0748,0.01436
2026-09-03 10:06:58,SPX,7698.98,7670.46,7605.0,62,168,0.1042,0.01436
2026-09-03 10:06:58,SPX,7698.98,7670.46,7795.0,1161,10,0.0742,0.01436
2026-09-03 10:06:58,SPX,7698.98,7670.46,7600.0,756,2025,0.1051,0.01436
2026-09-03 10:06:58,SPX,7698.98,7670.46,7800.0,3685,979,0.0738,0.01436
2026-09-03 10:06:58,SPX,7698.98,7670.46,7595.0,21,218,0.1063,0.01436
2026-09-03 10:06:58,SPX,7698.98,7670.46,7805.0,2563,15,0.0733,0.01436
2026-09-03 10:06:58,SPX,7698.98,7670.46,7590.0,62,247,0.1077,0.01436
2026-09-03 10:06:58,SPX,7698.98,7670.46,7810.0,903,29,0.073,0.01436
2026-09-03 10:06:58,SPX,7698.98,7670.46,7585.0,25,411,0.109,0.01436
2026-09-03 10:06:58,SPX,7698.98,7670.46,7815.0,713,8,0.0726,0.01436
2026-09-03 10:06:58,SPX,7698.98,7670.46,7580.0,32,478,0.1102,0.01436
2026-09-03 10:06:58,SPX,7698.98,7670.46,7820.0,699,85,0.0724,0.01436
2026-09-03 10:06:58,SPX,7698.98,7670.46,7575.0,104,3288,0.1112,0.01436
2026-09-03 10:37:21,SPX,7700.1,7670.15,7700.0,3695,655,0.1304,0.000613
2026-09-03 10:37:21,SPX,7700.1,7670.15,7705.0,1466,146,0.1283,0.000613
2026-09-03 10:37:21,SPX,7700.1,7670.15,7695.0,936,322,0.1336,0.000613
2026-09-03 10:37:21,SPX,7700.1,7670.15,7710.0,2843,414,0.126,0.000613
2026-09-03 10:37:21,SPX,7700.1,7670.15,7690.0,2094,521,0.1368,0.000613
2026-09-03 10:37:21,SPX,7700.1,7670.15,7715.0,2994,195,0.1244,0.000613
2026-09-03 10:37:21,SPX,7700.1,7670.15,7685.0,699,604,0.141,0.000613
2026-09-03 10:37:21,SPX,7700.1,7670.15,7720.0,5150,281,0.1241,0.000613
2026-09-03 10:37:21,SPX,7700.1,7670.15,7680.0,2163,477,0.1455,0.000613
2026-09-03 10:37:21,SPX,7700.1,7670.15,7725.0,2498,303,0.1245,0.000613
2026-09-03 10:37:21,SPX,7700.1,7670.15,7675.0,1979,1754,0.1491,0.000613
2026-09-03 10:37:21,SPX,7700.1,7670.15,7730.0,2283,433,0.1264,0.000613
2026-09-03 10:37:21,SPX,7700.1,7670.15,7670.0,1851,1624,0.1541,0.000613
2026-09-03 10:37:21,SPX,7700.1,7670.15,7735.0,2567,136,0.1286,0.000613
2026-09-03 10:37:21,SPX,7700.1,7670.15,7665.0,1201,1226,0.1593,0.000613
2026-09-03 10:37:21,SPX,7700.1,7670.15,7740.0,3632,311,0.132,0.000613
2026-09-03 10:37:21,SPX,7700.1,7670.15,7660.0,792,1145,0.1649,0.000613
2026-09-03 10:37:21,SPX,7700.1,7670.15,7745.0,1787,167,0.1364,0.000613
2026-09-03 10:37:21,SPX,7700.1,7670.15,7655.0,395,687,0.1697,0.000613
2026-09-03 10:37:21,SPX,7700.1,7670.15,7750.0,3813,873,0.1417,0.000613
2026-09-03 10:37:21,SPX,7700.1,7670.15,7650.0,922,1967,0.1734,0.000613
2026-09-03 10:37:21,SPX,7700.1,7670.15,7755.0,894,92,0.1477,0.000613
2026-09-03 10:37:21,SPX,7700.1,7670.15,7645.0,456,1329,0.1813,0.000613
2026-09-03 10:37:21,SPX,7700.1,7670.15,7760.0,3166,194,0.1542,0.000613
2026-09-03 10:37:21,SPX,7700.1,7670.15,7640.0,1041,1530,0.1834,0.000613
2026-09-03 10:37:21,SPX,7700.1,7670.15,7765.0,1343,71,0.161,0.000613
2026-09-03 10:37:21,SPX,7700.1,7670.15,7635.0,466,2020,0.1922,0.000613
2026-09-03 10:37:21,SPX,7700.1,7670.15,7770.0,1129,76,0.1682,0.000613
2026-09-03 10:37:21,SPX,7700.1,7670.15,7630.0,464,2757,0.1968,0.000613
2026-09-03 10:37:21,SPX,7700.1,7670.15,7775.0,13357,77,0.1758,0.000613
2026-09-03 10:37:21,SPX,7700.1,7670.15,7625.0,738,3177,0.2049,0.000613
2026-09-03 10:37:21,SPX,7700.1,7670.15,7780.0,5042,44,0.1837,0.000613
2026-09-03 10:37:21,SPX,7700.1,7670.15,7620.0,360,1122,0.2074,0.000613
2026-09-03 10:37:21,SPX,7700.1,7670.15,7785.0,5445,24,0.1918,0.000613
2026-09-03 10:37:21,SPX,7700.1,7670.15,7615.0,909,1639,0.2113,0.000613
2026-09-03 10:37:21,SPX,7700.1,7670.15,7790.0,719,66,0.2,0.000613
2026-09-03 10:37:21,SPX,7700.1,7670.15,7610.0,849,1979,0.2178,0.000613
2026-09-03 10:37:21,SPX,7700.1,7670.15,7795.0,808,2,0.2082,0.000613
2026-09-03 10:37:21,SPX,7700.1,7670.15,7605.0,152,1391,0.2271,0.000613
2026-09-03 10:37:21,SPX,7700.1,7670.15,7800.0,2373,97,0.2162,0.000613
2026-09-03 10:37:21,SPX,7700.1,7670.15,7600.0,347,3704,0.237,0.000613
2026-09-03 10:37:21,SPX,7700.1,7670.15,7805.0,1187,10,0.224,0.000613
2026-09-03 10:37:21,SPX,7700.1,7670.15,7595.0,92,1491,0.2441,0.000613
2026-09-03 10:37:21,SPX,7700.1,7670.15,7810.0,799,41,0.2314,0.000613
2026-09-03 10:37:21,SPX,7700.1,7670.15,7590.0,67,1807,0.2502,0.000613
2026-09-03 10:37:21,SPX,7700.1,7670.15,7815.0,444,0,0.2383,0.000613
2026-09-03 10:37:21,SPX,7700.1,7670.15,7585.0,131,2112,0.2585,0.000613
2026-09-03 10:37:21,SPX,7700.1,7670.15,7820.0,469,154,0.2447,0.000613
2026-09-03 10:37:21,SPX,7700.1,7670.15,7580.0,60,2412,0.2669,0.000613
2026-09-03 10:37:21,SPX,7700.1,7670.15,7825.0,986,36,0.2504,0.000613
2026-09-03 10:37:21,SPX,7700.1,7670.15,7700.0,4723,3395,0.1233,0.003351
2026-09-03 10:37:21,SPX,7700.1,7670.15,7705.0,679,352,0.122,0.003351
2026-09-03 10:37:21,SPX,7700.1,7670.15,7695.0,751,562,0.1246,0.003351
2026-09-03 10:37:21,SPX,7700.1,7670.15,7710.0,1141,901,0.1208,0.003351
2026-09-03 10:37:21,SPX,7700.1,7670.15,7690.0,708,509,0.1261,0.003351
2026-09-03 10:37:21,SPX,7700.1,7670.15,7715.0,2424,479,0.1196,0.003351
2026-09-03 10:37:21,SPX,7700.1,7670.15,7685.0,653,447,0.1278,0.003351
2026-09-03 10:37:21,SPX,7700.1,7670.15,7720.0,1468,873,0.1186,0.003351
2026-09-03 10:37:21,SPX,7700.1,7670.15,7680.0,2021,1776,0.1292,0.003351
2026-09-03 10:37:21,SPX,7700.1,7670.15,7725.0,3133,1643,0.1176,0.003351
2026-09-03 10:37:21,SPX,7700.1,7670.15,7675.0,1388,2534,0.1308,0.003351
2026-09-03 10:37:21,SPX,7700.1,7670.15,7730.0,1025,376,0.1168,0.003351
2026-09-03 10:37:21,SPX,7700.1,7670.15,7670.0,1040,1308,0.1334,0.003351
2026-09-03 10:37:21,SPX,7700.1,7670.15,7735.0,640,227,0.116,0.003351
2026-09-03 10:37:21,SPX,7700.1,7670.15,7665.0,582,1256,0.1341,0.003351
2026-09-03 10:37:21,SPX,7700.1,7670.15,7740.0,1089,661,0.1156,0.003351
2026-09-03 10:37:21,SPX,7700.1,7670.15,7660.0,541,724,0.1361,0.003351
2026-09-03 10:37:21,SPX,7700.1,7670.15,7745.0,1555,217,0.1149,0.003351
2026-09-03 10:37:21,SPX,7700.1,7670.15,7655.0,361,660,0.1382,0.003351
2026-09-03 10:37:21,SPX,7700.1,7670.15,7750.0,5368,3284,0.1141,0.003351
2026-09-03 10:37:21,SPX,7700.1,7670.15,7650.0,1675,4096,0.1393,0.003351
2026-09-03 10:37:21,SPX,7700.1,7670.15,7755.0,1597,163,0.1133,0.003351
2026-09-03 10:37:21,SPX,7700.1,7670.15,7645.0,274,566,0.1418,0.003351
2026-09-03 10:37:21,SPX,7700.1,7670.15,7760.0,1311,288,0.1124,0.003351
2026-09-03 10:37:21,SPX,7700.1,7670.15,7640.0,319,1379,0.1435,0.003351
2026-09-03 10:37:21,SPX,7700.1,7670.15,7765.0,862,112,0.1116,0.003351
2026-09-03 10:37:21,SPX,7700.1,7670.15,7635.0,419,652,0.1442,0.003351
2026-09-03 10:37:21,SPX,7700.1,7670.15,7770.0,1292,281,0.1114,0.003351
2026-09-03 10:37:21,SPX,7700.1,7670.15,7630.0,732,1843,0.1458,0.003351
2026-09-03 10:37:21,SPX,7700.1,7670.15,7775.0,1985,314,0.1118,0.003351
2026-09-03 10:37:21,SPX,7700.1,7670.15,7625.0,849,1886,0.1489,0.003351
2026-09-03 10:37:21,SPX,7700.1,7670.15,7780.0,1256,157,0.1127,0.003351
2026-09-03 10:37:21,SPX,7700.1,7670.15,7620.0,361,1251,0.1509,0.003351
2026-09-03 10:37:21,SPX,7700.1,7670.15,7785.0,1035,83,0.1135,0.003351
2026-09-03 10:37:21,SPX,7700.1,7670.15,7615.0,235,1044,0.1518,0.003351
2026-09-03 10:37:21,SPX,7700.1,7670.15,7790.0,990,164,0.1141,0.003351
2026-09-03 10:37:21,SPX,7700.1,7670.15,7610.0,159,1346,0.1532,0.003351
2026-09-03 10:37:21,SPX,7700.1,7670.15,7795.0,1283,66,0.1146,0.003351
2026-09-03 10:37:21,SPX,7700.1,7670.15,7605.0,112,1179,0.1555,0.003351
2026-09-03 10:37:21,SPX,7700.1,7670.15,7800.0,5578,820,0.1149,0.003351
2026-09-03 10:37:21,SPX,7700.1,7670.15,7600.0,691,6392,0.1583,0.003351
2026-09-03 10:37:21,SPX,7700.1,7670.15,7805.0,1064,180,0.1153,0.003351
2026-09-03 10:37:21,SPX,7700.1,7670.15,7595.0,56,817,0.1601,0.003351
2026-09-03 10:37:21,SPX,7700.1,7670.15,7810.0,2570,148,0.1159,0.003351
2026-09-03 10:37:21,SPX,7700.1,7670.15,7590.0,171,1155,0.1614,0.003351
2026-09-03 10:37:21,SPX,7700.1,7670.15,7815.0,986,185,0.1169,0.003351
2026-09-03 10:37:21,SPX,7700.1,7670.15,7585.0,137,673,0.1621,0.003351
2026-09-03 10:37:21,SPX,7700.1,7670.15,7820.0,3518,74,0.1182,0.003351
2026-09-03 10:37:21,SPX,7700.1,7670.15,7580.0,395,1195,0.1636,0.003351
2026-09-03 10:37:21,SPX,7700.1,7670.15,7825.0,3450,192,0.1199,0.003351
2026-09-03 10:37:21,SPX,7700.1,7670.15,7700.0,1507,719,0.0834,0.014303
2026-09-03 10:37:21,SPX,7700.1,7670.15,7705.0,261,172,0.0826,0.014303
2026-09-03 10:37:21,SPX,7700.1,7670.15,7695.0,1642,535,0.0843,0.014303
2026-09-03 10:37:21,SPX,7700.1,7670.15,7710.0,351,269,0.082,0.014303
2026-09-03 10:37:21,SPX,7700.1,7670.15,7690.0,460,986,0.0853,0.014303
2026-09-03 10:37:21,SPX,7700.1,7670.15,7715.0,900,832,0.0813,0.014303
2026-09-03 10:37:21,SPX,7700.1,7670.15,7685.0,190,545,0.086,0.014303
2026-09-03 10:37:21,SPX,7700.1,7670.15,7720.0,719,833,0.0807,0.014303
2026-09-03 10:37:21,SPX,7700.1,7670.15,7680.0,627,767,0.087,0.014303
2026-09-03 10:37:21,SPX,7700.1,7670.15,7725.0,1770,225,0.08,0.014303
2026-09-03 10:37:21,SPX,7700.1,7670.15,7675.0,422,2664,0.0881,0.014303
2026-09-03 10:37:21,SPX,7700.1,7670.15,7730.0,547,211,0.0794,0.014303
2026-09-03 10:37:21,SPX,7700.1,7670.15,7670.0,298,320,0.0889,0.014303
2026-09-03 10:37:21,SPX,7700.1,7670.15,7735.0,380,44,0.0788,0.014303
2026-09-03 10:37:21,SPX,7700.1,7670.15,7665.0,174,219,0.0901,0.014303
2026-09-03 10:37:21,SPX,7700.1,7670.15,7740.0,1063,118,0.078,0.014303
2026-09-03 10:37:21,SPX,7700.1,7670.15,7660.0,144,639,0.0911,0.014303
2026-09-03 10:37:21,SPX,7700.1,7670.15,7745.0,952,58,0.0772,0.014303
2026-09-03 10:37:21,SPX,7700.1,7670.15,7655.0,79,402,0.0916,0.014303
2026-09-03 10:37:21,SPX,7700.1,7670.15,7750.0,663,482,0.0764,0.014303
2026-09-03 10:37:21,SPX,7700.1,7670.15,7650.0,706,1134,0.0924,0.014303
2026-09-03 10:37:21,SPX,7700.1,7670.15,7755.0,399,19,0.0758,0.014303
2026-09-03 10:37:21,SPX,7700.1,7670.15,7645.0,152,219,0.0936,0.014303
2026-09-03 10:37:21,SPX,7700.1,7670.15,7760.0,693,105,0.0752,0.014303
2026-09-03 10:37:21,SPX,7700.1,7670.15,7640.0,156,372,0.0946,0.014303
2026-09-03 10:37:21,SPX,7700.1,7670.15,7765.0,901,38,0.0748,0.014303
2026-09-03 10:37:21,SPX,7700.1,7670.15,7635.0,116,213,0.0957,0.014303
2026-09-03 10:37:21,SPX,7700.1,7670.15,7770.0,1131,160,0.0745,0.014303
2026-09-03 10:37:21,SPX,7700.1,7670.15,7630.0,193,650,0.0965,0.014303
2026-09-03 10:37:21,SPX,7700.1,7670.15,7775.0,1512,153,0.0742,0.014303
2026-09-03 10:37:21,SPX,7700.1,7670.15,7625.0,1038,767,0.0978,0.014303
2026-09-03 10:37:21,SPX,7700.1,7670.15,7780.0,751,74,0.0739,0.014303
2026-09-03 10:37:21,SPX,7700.1,7670.15,7620.0,131,368,0.099,0.014303
2026-09-03 10:37:21,SPX,7700.1,7670.15,7785.0,540,14,0.0736,0.014303
2026-09-03 10:37:21,SPX,7700.1,7670.15,7615.0,79,306,0.0999,0.014303
2026-09-03 10:37:21,SPX,7700.1,7670.15,7790.0,1573,40,0.0732,0.014303
2026-09-03 10:37:21,SPX,7700.1,7670.15,7610.0,54,474,0.101,0.014303
2026-09-03 10:37:21,SPX,7700.1,7670.15,7795.0,1161,10,0.0728,0.014303
2026-09-03 10:37:21,SPX,7700.1,7670.15,7605.0,62,168,0.1019,0.014303
2026-09-03 10:37:21,SPX,7700.1,7670.15,7800.0,3685,979,0.0724,0.014303
2026-09-03 10:37:21,SPX,7700.1,7670.15,7600.0,756,2025,0.103,0.014303
2026-09-03 10:37:21,SPX,7700.1,7670.15,7805.0,2563,15,0.0721,0.014303
2026-09-03 10:37:21,SPX,7700.1,7670.15,7595.0,21,218,0.104,0.014303
2026-09-03 10:37:21,SPX,7700.1,7670.15,7810.0,903,29,0.0718,0.014303
2026-09-03 10:37:21,SPX,7700.1,7670.15,7590.0,62,247,0.1053,0.014303
2026-09-03 10:37:21,SPX,7700.1,7670.15,7815.0,713,8,0.0716,0.014303
2026-09-03 10:37:21,SPX,7700.1,7670.15,7585.0,25,411,0.1067,0.014303
2026-09-03 10:37:21,SPX,7700.1,7670.15,7820.0,699,85,0.0715,0.014303
2026-09-03 10:37:21,SPX,7700.1,7670.15,7580.0,32,478,0.1079,0.014303
2026-09-03 10:37:21,SPX,7700.1,7670.15,7825.0,548,25,0.0716,0.014303
2026-09-03 11:07:44,SPX,7721.09,7670.97,7720.0,5150,281,0.1197,0.000556
2026-09-03 11:07:44,SPX,7721.09,7670.97,7725.0,2498,303,0.1174,0.000556
2026-09-03 11:07:44,SPX,7721.09,7670.97,7715.0,2994,195,0.1228,0.000556
2026-09-03 11:07:44,SPX,7721.09,7670.97,7730.0,2283,433,0.1154,0.000556
2026-09-03 11:07:44,SPX,7721.09,7670.97,7710.0,2843,414,0.1261,0.000556
2026-09-03 11:07:44,SPX,7721.09,7670.97,7735.0,2567,136,0.114,0.000556
2026-09-03 11:07:44,SPX,7721.09,7670.97,7705.0,1466,146,0.13,0.000556
2026-09-03 11:07:44,SPX,7721.09,7670.97,7740.0,3632,311,0.114,0.000556
2026-09-03 11:07:44,SPX,7721.09,7670.97,7700.0,3695,655,0.1344,0.000556
2026-09-03 11:07:44,SPX,7721.09,7670.97,7745.0,1787,167,0.1158,0.000556
2026-09-03 11:07:44,SPX,7721.09,7670.97,7695.0,936,322,0.1393,0.000556
2026-09-03 11:07:44,SPX,7721.09,7670.97,7750.0,3813,873,0.1185,0.000556
2026-09-03 11:07:44,SPX,7721.09,7670.97,7690.0,2094,521,0.1441,0.000556
2026-09-03 11:07:44,SPX,7721.09,7670.97,7755.0,894,92,0.1224,0.000556
2026-09-03 11:07:44,SPX,7721.09,7670.97,7685.0,699,604,0.1494,0.000556
2026-09-03 11:07:44,SPX,7721.09,7670.97,7760.0,3166,194,0.128,0.000556
2026-09-03 11:07:44,SPX,7721.09,7670.97,7680.0,2163,477,0.1531,0.000556
2026-09-03 11:07:44,SPX,7721.09,7670.97,7765.0,1343,71,0.1343,0.000556
2026-09-03 11:07:44,SPX,7721.09,7670.97,7675.0,1979,1754,0.1603,0.000556
2026-09-03 11:07:44,SPX,7721.09,7670.97,7770.0,1129,76,0.1406,0.000556
2026-09-03 11:07:44,SPX,7721.09,7670.97,7670.0,1851,1624,0.1652,0.000556
2026-09-03 11:07:44,SPX,7721.09,7670.97,7775.0,13357,77,0.1471,0.000556
2026-09-03 11:07:44,SPX,7721.09,7670.97,7665.0,1201,1226,0.1753,0.000556
2026-09-03 11:07:44,SPX,7721.09,7670.97,7780.0,5042,44,0.1539,0.000556
2026-09-03 11:07:44,SPX,7721.09,7670.97,7660.0,792,1145,0.1825,0.000556
2026-09-03 11:07:44,SPX,7721.09,7670.97,7785.0,5445,24,0.1612,0.000556
2026-09-03 11:07:44,SPX,7721.09,7670.97,7655.0,395,687,0.1878,0.000556
2026-09-03 11:07:44,SPX,7721.09,7670.97,7790.0,719,66,0.1689,0.000556
2026-09-03 11:07:44,SPX,7721.09,7670.97,7650.0,922,1967,0.1954,0.000556
2026-09-03 11:07:44,SPX,7721.09,7670.97,7795.0,808,2,0.177,0.000556
2026-09-03 11:07:44,SPX,7721.09,7670.97,7645.0,456,1329,0.2005,0.000556
2026-09-03 11:07:44,SPX,7721.09,7670.97,7800.0,2373,97,0.1854,0.000556
2026-09-03 11:07:44,SPX,7721.09,7670.97,7640.0,1041,1530,0.2068,0.000556
2026-09-03 11:07:44,SPX,7721.09,7670.97,7805.0,1187,10,0.194,0.000556
2026-09-03 11:07:44,SPX,7721.09,7670.97,7635.0,466,2020,0.216,0.000556
2026-09-03 11:07:44,SPX,7721.09,7670.97,7810.0,799,41,0.2028,0.000556
2026-09-03 11:07:44,SPX,7721.09,7670.97,7630.0,464,2757,0.2264,0.000556
2026-09-03 11:07:44,SPX,7721.09,7670.97,7815.0,444,0,0.2114,0.000556
2026-09-03 11:07:44,SPX,7721.09,7670.97,7625.0,738,3177,0.2364,0.000556
2026-09-03 11:07:44,SPX,7721.09,7670.97,7820.0,469,154,0.2198,0.000556
2026-09-03 11:07:44,SPX,7721.09,7670.97,7620.0,360,1122,0.2453,0.000556
2026-09-03 11:07:44,SPX,7721.09,7670.97,7825.0,986,36,0.2278,0.000556
2026-09-03 11:07:44,SPX,7721.09,7670.97,7615.0,909,1639,0.2531,0.000556
2026-09-03 11:07:44,SPX,7721.09,7670.97,7830.0,691,33,0.2354,0.000556
2026-09-03 11:07:44,SPX,7721.09,7670.97,7610.0,849,1979,0.2602,0.000556
2026-09-03 11:07:44,SPX,7721.09,7670.97,7835.0,509,1,0.2423,0.000556
2026-09-03 11:07:44,SPX,7721.09,7670.97,7605.0,152,1391,0.2671,0.000556
2026-09-03 11:07:44,SPX,7721.09,7670.97,7840.0,1571,23,0.2487,0.000556
2026-09-03 11:07:44,SPX,7721.09,7670.97,7600.0,347,3704,0.2742,0.000556
2026-09-03 11:07:44,SPX,7721.09,7670.97,7845.0,1157,4,0.2544,0.000556
2026-09-03 11:07:44,SPX,7721.09,7670.97,7720.0,1468,873,0.1208,0.003294
2026-09-03 11:07:44,SPX,7721.09,7670.97,7725.0,3133,1643,0.1198,0.003294
2026-09-03 11:07:44,SPX,7721.09,7670.97,7715.0,2424,479,0.1226,0.003294
2026-09-03 11:07:44,SPX,7721.09,7670.97,7730.0,1025,376,0.1182,0.003294
2026-09-03 11:07:44,SPX,7721.09,7670.97,7710.0,1141,901,0.124,0.003294
2026-09-03 11:07:44,SPX,7721.09,7670.97,7735.0,640,227,0.1173,0.003294
2026-09-03 11:07:44,SPX,7721.09,7670.97,7705.0,679,352,0.1254,0.003294
2026-09-03 11:07:44,SPX,7721.09,7670.97,7740.0,1089,661,0.1164,0.003294
2026-09-03 11:07:44,SPX,7721.09,7670.97,7700.0,4723,3395,0.1275,0.003294
2026-09-03 11:07:44,SPX,7721.09,7670.97,7745.0,1555,217,0.1152,0.003294
2026-09-03 11:07:44,SPX,7721.09,7670.97,7695.0,751,562,0.1297,0.003294
2026-09-03 11:07:44,SPX,7721.09,7670.97,7750.0,5368,3284,0.1146,0.003294
2026-09-03 11:07:44,SPX,7721.09,7670.97,7690.0,708,509,0.1318,0.003294
2026-09-03 11:07:44,SPX,7721.09,7670.97,7755.0,1597,163,0.114,0.003294
2026-09-03 11:07:44,SPX,7721.09,7670.97,7685.0,653,447,0.1327,0.003294
2026-09-03 11:07:44,SPX,7721.09,7670.97,7760.0,1311,288,0.1132,0.003294
2026-09-03 11:07:44,SPX,7721.09,7670.97,7680.0,2021,1776,0.134,0.003294
2026-09-03 11:07:44,SPX,7721.09,7670.97,7765.0,862,112,0.113,0.003294
2026-09-03 11:07:44,SPX,7721.09,7670.97,7675.0,1388,2534,0.1357,0.003294
2026-09-03 11:07:44,SPX,7721.09,7670.97,7770.0,1292,281,0.1125,0.003294
2026-09-03 11:07:44,SPX,7721.09,7670.97,7670.0,1040,1308,0.1374,0.003294
2026-09-03 11:07:44,SPX,7721.09,7670.97,7775.0,1985,314,0.1118,0.003294
2026-09-03 11:07:44,SPX,7721.09,7670.97,7665.0,582,1256,0.1393,0.003294
2026-09-03 11:07:44,SPX,7721.09,7670.97,7780.0,1256,157,0.1115,0.003294
2026-09-03 11:07:44,SPX,7721.09,7670.97,7660.0,541,724,0.1404,0.003294
2026-09-03 11:07:44,SPX,7721.09,7670.97,7785.0,1035,83,0.1109,0.003294
2026-09-03 11:07:44,SPX,7721.09,7670.97,7655.0,361,660,0.1427,0.003294
2026-09-03 11:07:44,SPX,7721.09,7670.97,7790.0,990,164,0.1103,0.003294
2026-09-03 11:07:44,SPX,7721.09,7670.97,7650.0,1675,4096,0.1445,0.003294
2026-09-03 11:07:44,SPX,7721.09,7670.97,7795.0,1283,66,0.1102,0.003294
2026-09-03 11:07:44,SPX,7721.09,7670.97,7645.0,274,566,0.1457,0.003294
2026-09-03 11:07:44,SPX,7721.09,7670.97,7800.0,5578,820,0.1107,0.003294
2026-09-03 11:07:44,SPX,7721.09,7670.97,7640.0,319,1379,0.1489,0.003294
2026-09-03 11:07:44,SPX,7721.09,7670.97,7805.0,1064,180,0.1118,0.003294
2026-09-03 11:07:44,SPX,7721.09,7670.97,7635.0,419,652,0.1508,0.003294
2026-09-03 11:07:44,SPX,7721.09,7670.97,7810.0,2570,148,0.113,0.003294
2026-09-03 11:07:44,SPX,7721.09,7670.97,7630.0,732,1843,0.1524,0.003294
2026-09-03 11:07:44,SPX,7721.09,7670.97,7815.0,986,185,0.1142,0.003294
2026-09-03 11:07:44,SPX,7721.09,7670.97,7625.0,849,1886,0.1531,0.003294
2026-09-03 11:07:44,SPX,7721.09,7670.97,7820.0,3518,74,0.1154,0.003294
2026-09-03 11:07:44,SPX,7721.09,7670.97,7620.0,361,1251,0.1548,0.003294
2026-09-03 11:07:44,SPX,7721.09,7670.97,7825.0,3450,192,0.1166,0.003294
2026-09-03 11:07:44,SPX,7721.09,7670.97,7615.0,235,1044,0.1569,0.003294
2026-09-03 11:07:44,SPX,7721.09,7670.97,7830.0,1761,12,0.1178,0.003294
2026-09-03 11:07:44,SPX,7721.09,7670.97,7610.0,159,1346,0.1586,0.003294
2026-09-03 11:07:44,SPX,7721.09,7670.97,7835.0,2392,2,0.1191,0.003294
2026-09-03 11:07:44,SPX,7721.09,7670.97,7605.0,112,1179,0.1597,0.003294
2026-09-03 11:07:44,SPX,7721.09,7670.97,7840.0,892,20,0.1206,0.003294
2026-09-03 11:07:44,SPX,7721.09,7670.97,7600.0,691,6392,0.1619,0.003294
2026-09-03 11:07:44,SPX,7721.09,7670.97,7845.0,1098,15,0.1223,0.003294
2026-09-03 11:07:44,SPX,7721.09,7670.97,7720.0,719,0,0.0822,0.014245
2026-09-03 11:07:44,SPX,7721.09,7670.97,7725.0,0,225,0.0815,0.014245
2026-09-03 11:07:44,SPX,7721.09,7670.97,7715.0,900,0,0.0829,0.014245
2026-09-03 11:07:44,SPX,7721.09,7670.97,7695.0,0,535,0.0861,0.014245
2026-09-03 11:07:44,SPX,7721.09,7670.97,7750.0,663,482,0.0777,0.014245
2026-09-03 11:07:44,SPX,7721.09,7670.97,7690.0,460,986,0.0868,0.014245
2026-09-03 11:07:44,SPX,7721.09,7670.97,7755.0,399,19,0.077,0.014245
2026-09-03 11:07:44,SPX,7721.09,7670.97,7685.0,190,545,0.0878,0.014245
2026-09-03 11:07:44,SPX,7721.09,7670.97,7760.0,693,105,0.0763,0.014245
2026-09-03 11:07:44,SPX,7721.09,7670.97,7680.0,627,767,0.0889,0.014245
2026-09-03 11:07:44,SPX,7721.09,7670.97,7765.0,901,38,0.0758,0.014245
2026-09-03 11:07:44,SPX,7721.09,7670.97,7675.0,422,2664,0.0897,0.014245
2026-09-03 11:07:44,SPX,7721.09,7670.97,7770.0,1131,160,0.0754,0.014245
2026-09-03 11:07:44,SPX,7721.09,7670.97,7670.0,298,320,0.0911,0.014245
2026-09-03 11:07:44,SPX,7721.09,7670.97,7775.0,1512,153,0.0751,0.014245
2026-09-03 11:07:44,SPX,7721.09,7670.97,7665.0,174,219,0.092,0.014245
2026-09-03 11:07:44,SPX,7721.09,7670.97,7780.0,751,74,0.0748,0.014245
2026-09-03 11:07:44,SPX,7721.09,7670.97,7660.0,144,639,0.0927,0.014245
2026-09-03 11:07:44,SPX,7721.09,7670.97,7785.0,540,14,0.0744,0.014245
2026-09-03 11:07:44,SPX,7721.09,7670.97,7655.0,79,402,0.0936,0.014245
2026-09-03 11:07:44,SPX,7721.09,7670.97,7790.0,1573,40,0.0741,0.014245
2026-09-03 11:07:44,SPX,7721.09,7670.97,7650.0,706,1134,0.0948,0.014245
2026-09-03 11:07:44,SPX,7721.09,7670.97,7795.0,1161,10,0.0737,0.014245
2026-09-03 11:07:44,SPX,7721.09,7670.97,7645.0,152,219,0.0961,0.014245
2026-09-03 11:07:44,SPX,7721.09,7670.97,7800.0,3685,979,0.0734,0.014245
2026-09-03 11:07:44,SPX,7721.09,7670.97,7640.0,156,372,0.0967,0.014245
2026-09-03 11:07:44,SPX,7721.09,7670.97,7805.0,2563,15,0.0731,0.014245
2026-09-03 11:07:44,SPX,7721.09,7670.97,7635.0,116,213,0.0978,0.014245
2026-09-03 11:07:44,SPX,7721.09,7670.97,7810.0,903,29,0.0727,0.014245
2026-09-03 11:07:44,SPX,7721.09,7670.97,7630.0,193,650,0.0986,0.014245
2026-09-03 11:07:44,SPX,7721.09,7670.97,7815.0,713,8,0.0725,0.014245
2026-09-03 11:07:44,SPX,7721.09,7670.97,7625.0,1038,767,0.0996,0.014245
2026-09-03 11:07:44,SPX,7721.09,7670.97,7820.0,699,85,0.0722,0.014245
2026-09-03 11:07:44,SPX,7721.09,7670.97,7620.0,131,368,0.1007,0.014245
2026-09-03 11:07:44,SPX,7721.09,7670.97,7825.0,548,25,0.072,0.014245
2026-09-03 11:07:44,SPX,7721.09,7670.97,7615.0,79,306,0.102,0.014245
2026-09-03 11:07:44,SPX,7721.09,7670.97,7830.0,1485,48,0.0718,0.014245
2026-09-03 11:07:44,SPX,7721.09,7670.97,7610.0,54,474,0.1032,0.014245
2026-09-03 11:07:44,SPX,7721.09,7670.97,7835.0,811,0,0.0718,0.014245
2026-09-03 11:07:44,SPX,7721.09,7670.97,7605.0,62,168,0.1043,0.014245
2026-09-03 11:07:44,SPX,7721.09,7670.97,7840.0,678,16,0.0718,0.014245
2026-09-03 11:07:44,SPX,7721.09,7670.97,7600.0,756,2025,0.1055,0.014245
2026-09-03 11:07:44,SPX,7721.09,7670.97,7845.0,1012,1,0.0718,0.014245
2026-09-03 11:38:09,SPX,7743.34,7652.83,7745.0,1787,167,0.1487,0.000498
2026-09-03 11:38:09,SPX,7743.34,7652.83,7740.0,3632,311,0.1515,0.000498
2026-09-03 11:38:09,SPX,7743.34,7652.83,7750.0,3813,873,0.1462,0.000498
2026-09-03 11:38:09,SPX,7743.34,7652.83,7735.0,2567,136,0.1548,0.000498
2026-09-03 11:38:09,SPX,7743.34,7652.83,7755.0,894,92,0.1452,0.000498
2026-09-03 11:38:09,SPX,7743.34,7652.83,7730.0,2283,433,0.1593,0.000498
2026-09-03 11:38:09,SPX,7743.34,7652.83,7760.0,3166,194,0.1431,0.000498
2026-09-03 11:38:09,SPX,7743.34,7652.83,7725.0,2498,303,0.1644,0.000498
2026-09-03 11:38:09,SPX,7743.34,7652.83,7765.0,1343,71,0.1428,0.000498
2026-09-03 11:38:09,SPX,7743.34,7652.83,7720.0,5150,281,0.1691,0.000498
2026-09-03 11:38:09,SPX,7743.34,7652.83,7770.0,1129,76,0.1432,0.000498
2026-09-03 11:38:09,SPX,7743.34,7652.83,7715.0,2994,195,0.1756,0.000498
2026-09-03 11:38:09,SPX,7743.34,7652.83,7775.0,13357,77,0.1443,0.000498
2026-09-03 11:38:09,SPX,7743.34,7652.83,7710.0,2843,414,0.1814,0.000498
2026-09-03 11:38:09,SPX,7743.34,7652.83,7780.0,5042,44,0.1462,0.000498
2026-09-03 11:38:09,SPX,7743.34,7652.83,7705.0,1466,146,0.1876,0.000498
2026-09-03 11:38:09,SPX,7743.34,7652.83,7785.0,5445,24,0.1493,0.000498
2026-09-03 11:38:09,SPX,7743.34,7652.83,7700.0,3695,655,0.1943,0.000498
2026-09-03 11:38:09,SPX,7743.34,7652.83,7790.0,719,66,0.1537,0.000498
2026-09-03 11:38:09,SPX,7743.34,7652.83,7695.0,936,322,0.2018,0.000498
2026-09-03 11:38:09,SPX,7743.34,7652.83,7795.0,808,2,0.1585,0.000498
2026-09-03 11:38:09,SPX,7743.34,7652.83,7690.0,2094,521,0.2115,0.000498
2026-09-03 11:38:09,SPX,7743.34,7652.83,7800.0,2373,97,0.1636,0.000498
2026-09-03 11:38:09,SPX,7743.34,7652.83,7685.0,699,604,0.2202,0.000498
2026-09-03 11:38:09,SPX,7743.34,7652.83,7805.0,1187,10,0.1691,0.000498
2026-09-03 11:38:09,SPX,7743.34,7652.83,7680.0,2163,477,0.2258,0.000498
2026-09-03 11:38:09,SPX,7743.34,7652.83,7810.0,799,0,0.1749,0.000498
2026-09-03 11:38:09,SPX,7743.34,7652.83,7825.0,986,36,0.1964,0.000498
2026-09-03 11:38:09,SPX,7743.34,7652.83,7830.0,691,33,0.2049,0.000498
2026-09-03 11:38:09,SPX,7743.34,7652.83,7655.0,0,687,0.2722,0.000498
2026-09-03 11:38:09,SPX,7743.34,7652.83,7835.0,509,1,0.2137,0.000498
2026-09-03 11:38:09,SPX,7743.34,7652.83,7650.0,922,1967,0.2814,0.000498
2026-09-03 11:38:09,SPX,7743.34,7652.83,7840.0,1571,23,0.2227,0.000498
2026-09-03 11:38:09,SPX,7743.34,7652.83,7645.0,456,1329,0.2903,0.000498
2026-09-03 11:38:09,SPX,7743.34,7652.83,7845.0,1157,4,0.2316,0.000498
2026-09-03 11:38:09,SPX,7743.34,7652.83,7640.0,1041,1530,0.299,0.000498
2026-09-03 11:38:09,SPX,7743.34,7652.83,7850.0,2986,34,0.2401,0.000498
2026-09-03 11:38:09,SPX,7743.34,7652.83,7635.0,466,2020,0.3078,0.000498
2026-09-03 11:38:09,SPX,7743.34,7652.83,7855.0,2261,5,0.2482,0.000498
2026-09-03 11:38:09,SPX,7743.34,7652.83,7630.0,464,2757,0.3166,0.000498
2026-09-03 11:38:09,SPX,7743.34,7652.83,7860.0,6168,30,0.2556,0.000498
2026-09-03 11:38:09,SPX,7743.34,7652.83,7625.0,738,3177,0.3254,0.000498
2026-09-03 11:38:09,SPX,7743.34,7652.83,7865.0,191,0,0.2624,0.000498
2026-09-03 11:38:09,SPX,7743.34,7652.83,7620.0,360,1122,0.3343,0.000498
2026-09-03 11:38:09,SPX,7743.34,7652.83,7745.0,1555,217,0.131,0.003236
2026-09-03 11:38:09,SPX,7743.34,7652.83,7740.0,1089,661,0.1324,0.003236
2026-09-03 11:38:09,SPX,7743.34,7652.83,7750.0,5368,3284,0.1296,0.003236
2026-09-03 11:38:09,SPX,7743.34,7652.83,7735.0,640,227,0.1339,0.003236
2026-09-03 11:38:09,SPX,7743.34,7652.83,7755.0,1597,163,0.1282,0.003236
2026-09-03 11:38:09,SPX,7743.34,7652.83,7730.0,1025,376,0.1352,0.003236
2026-09-03 11:38:09,SPX,7743.34,7652.83,7760.0,1311,288,0.127,0.003236
2026-09-03 11:38:09,SPX,7743.34,7652.83,7725.0,3133,1643,0.137,0.003236
2026-09-03 11:38:09,SPX,7743.34,7652.83,7765.0,862,112,0.1256,0.003236
2026-09-03 11:38:09,SPX,7743.34,7652.83,7720.0,1468,873,0.1386,0.003236
2026-09-03 11:38:09,SPX,7743.34,7652.83,7770.0,1292,281,0.1241,0.003236
2026-09-03 11:38:09,SPX,7743.34,7652.83,7715.0,2424,479,0.1406,0.003236
2026-09-03 11:38:09,SPX,7743.34,7652.83,7775.0,1985,314,0.1224,0.003236
2026-09-03 11:38:09,SPX,7743.34,7652.83,7710.0,1141,901,0.1424,0.003236
2026-09-03 11:38:09,SPX,7743.34,7652.83,7780.0,1256,157,0.1209,0.003236
2026-09-03 11:38:09,SPX,7743.34,7652.83,7705.0,679,352,0.1442,0.003236
2026-09-03 11:38:09,SPX,7743.34,7652.83,7785.0,1035,83,0.12,0.003236
2026-09-03 11:38:09,SPX,7743.34,7652.83,7700.0,4723,3395,0.146,0.003236
2026-09-03 11:38:09,SPX,7743.34,7652.83,7790.0,990,164,0.1195,0.003236
2026-09-03 11:38:09,SPX,7743.34,7652.83,7695.0,751,562,0.1478,0.003236
2026-09-03 11:38:09,SPX,7743.34,7652.83,7795.0,1283,66,0.1191,0.003236
2026-09-03 11:38:09,SPX,7743.34,7652.83,7690.0,708,509,0.1497,0.003236
2026-09-03 11:38:09,SPX,7743.34,7652.83,7800.0,5578,820,0.1187,0.003236
2026-09-03 11:38:09,SPX,7743.34,7652.83,7685.0,653,447,0.1518,0.003236
2026-09-03 11:38:09,SPX,7743.34,7652.83,7805.0,1064,180,0.1183,0.003236
2026-09-03 11:38:09,SPX,7743.34,7652.83,7680.0,2021,1776,0.1532,0.003236
2026-09-03 11:38:09,SPX,7743.34,7652.83,7810.0,2570,148,0.1181,0.003236
2026-09-03 11:38:09,SPX,7743.34,7652.83,7675.0,1388,2534,0.156,0.003236
2026-09-03 11:38:09,SPX,7743.34,7652.83,7815.0,986,185,0.1179,0.003236
2026-09-03 11:38:09,SPX,7743.34,7652.83,7670.0,1040,1308,0.1588,0.003236
2026-09-03 11:38:09,SPX,7743.34,7652.83,7820.0,3518,74,0.1179,0.003236
2026-09-03 11:38:09,SPX,7743.34,7652.83,7665.0,582,1256,0.1604,0.003236
2026-09-03 11:38:09,SPX,7743.34,7652.83,7825.0,3450,192,0.118,0.003236
2026-09-03 11:38:09,SPX,7743.34,7652.83,7660.0,541,724,0.1609,0.003236
2026-09-03 11:38:09,SPX,7743.34,7652.83,7830.0,1761,12,0.1184,0.003236
2026-09-03 11:38:09,SPX,7743.34,7652.83,7655.0,361,660,0.1631,0.003236
2026-09-03 11:38:09,SPX,7743.34,7652.83,7835.0,2392,2,0.1191,0.003236
2026-09-03 11:38:09,SPX,7743.34,7652.83,7650.0,1675,4096,0.166,0.003236
2026-09-03 11:38:09,SPX,7743.34,7652.83,7840.0,892,20,0.1199,0.003236
2026-09-03 11:38:09,SPX,7743.34,7652.83,7645.0,274,566,0.1685,0.003236
2026-09-03 11:38:09,SPX,7743.34,7652.83,7845.0,1098,15,0.121,0.003236
2026-09-03 11:38:09,SPX,7743.34,7652.83,7640.0,319,1379,0.1706,0.003236
2026-09-03 11:38:09,SPX,7743.34,7652.83,7850.0,5694,92,0.1225,0.003236
2026-09-03 11:38:09,SPX,7743.34,7652.83,7635.0,419,652,0.1721,0.003236
2026-09-03 11:38:09,SPX,7743.34,7652.83,7855.0,1518,5,0.1242,0.003236
2026-09-03 11:38:09,SPX,7743.34,7652.83,7630.0,732,1843,0.1738,0.003236
2026-09-03 11:38:09,SPX,7743.34,7652.83,7860.0,1276,25,0.1262,0.003236
2026-09-03 11:38:09,SPX,7743.34,7652.83,7625.0,849,1886,0.1763,0.003236
2026-09-03 11:38:09,SPX,7743.34,7652.83,7865.0,749,0,0.1284,0.003236
2026-09-03 11:38:09,SPX,7743.34,7652.83,7620.0,0,1251,0.1794,0.003236
2026-09-03 11:38:09,SPX,7743.34,7652.83,7745.0,952,58,0.086,0.014187
2026-09-03 11:38:09,SPX,7743.34,7652.83,7740.0,1063,118,0.0866,0.014187
2026-09-03 11:38:09,SPX,7743.34,7652.83,7750.0,663,482,0.0851,0.014187
2026-09-03 11:38:09,SPX,7743.34,7652.83,7735.0,380,44,0.0876,0.014187
2026-09-03 11:38:09,SPX,7743.34,7652.83,7755.0,399,19,0.0844,0.014187
2026-09-03 11:38:09,SPX,7743.34,7652.83,7730.0,547,211,0.0885,0.014187
2026-09-03 11:38:09,SPX,7743.34,7652.83,7760.0,693,105,0.0837,0.014187
2026-09-03 11:38:09,SPX,7743.34,7652.83,7725.0,1770,225,0.089,0.014187
2026-09-03 11:38:09,SPX,7743.34,7652.83,7765.0,901,38,0.0832,0.014187
2026-09-03 11:38:09,SPX,7743.34,7652.83,7720.0,719,833,0.09,0.014187
2026-09-03 11:38:09,SPX,7743.34,7652.83,7770.0,1131,160,0.0827,0.014187
2026-09-03 11:38:09,SPX,7743.34,7652.83,7715.0,900,832,0.091,0.014187
2026-09-03 11:38:09,SPX,7743.34,7652.83,7775.0,1512,153,0.0822,0.014187
2026-09-03 11:38:09,SPX,7743.34,7652.83,7710.0,351,269,0.0921,0.014187
2026-09-03 11:38:09,SPX,7743.34,7652.83,7780.0,751,74,0.0817,0.014187
2026-09-03 11:38:09,SPX,7743.34,7652.83,7705.0,261,172,0.0926,0.014187
2026-09-03 11:38:09,SPX,7743.34,7652.83,7785.0,540,14,0.0811,0.014187
2026-09-03 11:38:09,SPX,7743.34,7652.83,7700.0,1507,719,0.0936,0.014187
2026-09-03 11:38:09,SPX,7743.34,7652.83,7790.0,1573,40,0.0805,0.014187
2026-09-03 11:38:09,SPX,7743.34,7652.83,7695.0,1642,535,0.0947,0.014187
2026-09-03 11:38:09,SPX,7743.34,7652.83,7795.0,1161,10,0.0798,0.014187
2026-09-03 11:38:09,SPX,7743.34,7652.83,7690.0,460,986,0.096,0.014187
2026-09-03 11:38:09,SPX,7743.34,7652.83,7800.0,3685,979,0.0792,0.014187
2026-09-03 11:38:09,SPX,7743.34,7652.83,7685.0,190,545,0.0964,0.014187
2026-09-03 11:38:09,SPX,7743.34,7652.83,7805.0,2563,15,0.0785,0.014187
2026-09-03 11:38:09,SPX,7743.34,7652.83,7680.0,627,767,0.0973,0.014187
2026-09-03 11:38:09,SPX,7743.34,7652.83,7810.0,903,29,0.0781,0.014187
2026-09-03 11:38:09,SPX,7743.34,7652.83,7675.0,422,2664,0.0988,0.014187
2026-09-03 11:38:09,SPX,7743.34,7652.83,7815.0,713,8,0.0777,0.014187
2026-09-03 11:38:09,SPX,7743.34,7652.83,7670.0,298,320,0.0995,0.014187
2026-09-03 11:38:09,SPX,7743.34,7652.83,7820.0,699,85,0.0775,0.014187
2026-09-03 11:38:09,SPX,7743.34,7652.83,7665.0,174,219,0.1006,0.014187
2026-09-03 11:38:09,SPX,7743.34,7652.83,7825.0,548,25,0.0773,0.014187
2026-09-03 11:38:09,SPX,7743.34,7652.83,7660.0,144,639,0.1014,0.014187
2026-09-03 11:38:09,SPX,7743.34,7652.83,7830.0,1485,48,0.0771,0.014187
2026-09-03 11:38:09,SPX,7743.34,7652.83,7655.0,79,402,0.1024,0.014187
2026-09-03 11:38:09,SPX,7743.34,7652.83,7835.0,811,0,0.0769,0.014187
2026-09-03 11:38:09,SPX,7743.34,7652.83,7650.0,706,1134,0.1034,0.014187
2026-09-03 11:38:09,SPX,7743.34,7652.83,7840.0,678,16,0.0767,0.014187
2026-09-03 11:38:09,SPX,7743.34,7652.83,7645.0,152,219,0.1046,0.014187
2026-09-03 11:38:09,SPX,7743.34,7652.83,7845.0,1012,1,0.0765,0.014187
2026-09-03 11:38:09,SPX,7743.34,7652.83,7640.0,156,372,0.106,0.014187
2026-09-03 11:38:09,SPX,7743.34,7652.83,7850.0,1863,40,0.0763,0.014187
2026-09-03 11:38:09,SPX,7743.34,7652.83,7635.0,116,213,0.1072,0.014187
2026-09-03 11:38:09,SPX,7743.34,7652.83,7855.0,402,0,0.0761,0.014187
2026-09-03 11:38:09,SPX,7743.34,7652.83,7630.0,193,650,0.1084,0.014187
2026-09-03 11:38:09,SPX,7743.34,7652.83,7860.0,1270,3,0.076,0.014187
2026-09-03 11:38:09,SPX,7743.34,7652.83,7625.0,1038,767,0.1095,0.014187
2026-09-03 11:38:09,SPX,7743.34,7652.83,7865.0,272,0,0.076,0.014187
2026-09-03 11:38:09,SPX,7743.34,7652.83,7620.0,131,368,0.1106,0.014187
2026-09-03 12:08:32,SPX,7742.97,7656.65,7745.0,1787,167,0.1318,0.00044
2026-09-03 12:08:32,SPX,7742.97,7656.65,7740.0,3632,311,0.1351,0.00044
2026-09-03 12:08:32,SPX,7742.97,7656.65,7750.0,3813,873,0.1299,0.00044
2026-09-03 12:08:32,SPX,7742.97,7656.65,7735.0,2567,136,0.139,0.00044
2026-09-03 12:08:32,SPX,7742.97,7656.65,7755.0,894,92,0.1283,0.00044
2026-09-03 12:08:32,SPX,7742.97,7656.65,7730.0,2283,433,0.1441,0.00044
2026-09-03 12:08:32,SPX,7742.97,7656.65,7760.0,3166,194,0.1275,0.00044
2026-09-03 12:08:32,SPX,7742.97,7656.65,7725.0,2498,303,0.1501,0.00044
2026-09-03 12:08:32,SPX,7742.97,7656.65,7765.0,1343,71,0.1287,0.00044
2026-09-03 12:08:32,SPX,7742.97,7656.65,7720.0,5150,281,0.1559,0.00044
2026-09-03 12:08:32,SPX,7742.97,7656.65,7770.0,1129,76,0.1312,0.00044
2026-09-03 12:08:32,SPX,7742.97,7656.65,7715.0,2994,195,0.162,0.00044
2026-09-03 12:08:32,SPX,7742.97,7656.65,7775.0,13357,77,0.1346,0.00044
2026-09-03 12:08:32,SPX,7742.97,7656.65,7710.0,2843,414,0.1696,0.00044
2026-09-03 12:08:32,SPX,7742.97,7656.65,7780.0,5042,44,0.1397,0.00044
2026-09-03 12:08:32,SPX,7742.97,7656.65,7705.0,1466,146,0.1762,0.00044
2026-09-03 12:08:32,SPX,7742.97,7656.65,7785.0,5445,24,0.1466,0.00044
2026-09-03 12:08:32,SPX,7742.97,7656.65,7700.0,3695,655,0.1842,0.00044
2026-09-03 12:08:32,SPX,7742.97,7656.65,7790.0,719,66,0.1544,0.00044
2026-09-03 12:08:32,SPX,7742.97,7656.65,7695.0,936,322,0.1945,0.00044
2026-09-03 12:08:32,SPX,7742.97,7656.65,7795.0,808,2,0.1625,0.00044
2026-09-03 12:08:32,SPX,7742.97,7656.65,7690.0,2094,521,0.2007,0.00044
2026-09-03 12:08:32,SPX,7742.97,7656.65,7800.0,2373,97,0.1706,0.00044
2026-09-03 12:08:32,SPX,7742.97,7656.65,7685.0,699,604,0.2119,0.00044
2026-09-03 12:08:32,SPX,7742.97,7656.65,7805.0,1187,10,0.1785,0.00044
2026-09-03 12:08:32,SPX,7742.97,7656.65,7680.0,2163,477,0.2209,0.00044
2026-09-03 12:08:32,SPX,7742.97,7656.65,7810.0,799,41,0.1863,0.00044
2026-09-03 12:08:32,SPX,7742.97,7656.65,7675.0,1979,1754,0.229,0.00044
2026-09-03 12:08:32,SPX,7742.97,7656.65,7815.0,444,0,0.1943,0.00044
2026-09-03 12:08:32,SPX,7742.97,7656.65,7670.0,1851,1624,0.2372,0.00044
2026-09-03 12:08:32,SPX,7742.97,7656.65,7820.0,469,154,0.2027,0.00044
2026-09-03 12:08:32,SPX,7742.97,7656.65,7665.0,1201,1226,0.2463,0.00044
2026-09-03 12:08:32,SPX,7742.97,7656.65,7825.0,986,36,0.2116,0.00044
2026-09-03 12:08:32,SPX,7742.97,7656.65,7660.0,792,1145,0.2571,0.00044
2026-09-03 12:08:32,SPX,7742.97,7656.65,7830.0,691,33,0.2206,0.00044
2026-09-03 12:08:32,SPX,7742.97,7656.65,7655.0,395,687,0.2686,0.00044
2026-09-03 12:08:32,SPX,7742.97,7656.65,7835.0,509,1,0.2296,0.00044
2026-09-03 12:08:32,SPX,7742.97,7656.65,7650.0,922,1967,0.2794,0.00044
2026-09-03 12:08:32,SPX,7742.97,7656.65,7840.0,1571,23,0.2383,0.00044
2026-09-03 12:08:32,SPX,7742.97,7656.65,7645.0,456,1329,0.2892,0.00044
2026-09-03 12:08:32,SPX,7742.97,7656.65,7845.0,1157,4,0.2466,0.00044
2026-09-03 12:08:32,SPX,7742.97,7656.65,7640.0,1041,1530,0.2984,0.00044
2026-09-03 12:08:32,SPX,7742.97,7656.65,7850.0,2986,34,0.2544,0.00044
2026-09-03 12:08:32,SPX,7742.97,7656.65,7635.0,466,2020,0.3078,0.00044
2026-09-03 12:08:32,SPX,7742.97,7656.65,7855.0,2261,5,0.2616,0.00044
2026-09-03 12:08:32,SPX,7742.97,7656.65,7630.0,464,2757,0.3176,0.00044
2026-09-03 12:08:32,SPX,7742.97,7656.65,7860.0,6168,30,0.2683,0.00044
2026-09-03 12:08:32,SPX,7742.97,7656.65,7625.0,738,3177,0.3274,0.00044
2026-09-03 12:08:32,SPX,7742.97,7656.65,7865.0,191,0,0.2745,0.00044
2026-09-03 12:08:32,SPX,7742.97,7656.65,7620.0,360,1122,0.337,0.00044
2026-09-03 12:08:32,SPX,7742.97,7656.65,7745.0,1555,217,0.1223,0.003178
2026-09-03 12:08:32,SPX,7742.97,7656.65,7740.0,1089,661,0.1241,0.003178
2026-09-03 12:08:32,SPX,7742.97,7656.65,7750.0,5368,3284,0.1209,0.003178
2026-09-03 12:08:32,SPX,7742.97,7656.65,7735.0,640,227,0.1255,0.003178
2026-09-03 12:08:32,SPX,7742.97,7656.65,7755.0,1597,163,0.1197,0.003178
2026-09-03 12:08:32,SPX,7742.97,7656.65,7730.0,1025,376,0.1271,0.003178
2026-09-03 12:08:32,SPX,7742.97,7656.65,7760.0,1311,288,0.1182,0.003178
2026-09-03 12:08:32,SPX,7742.97,7656.65,7725.0,3133,1643,0.1288,0.003178
2026-09-03 12:08:32,SPX,7742.97,7656.65,7765.0,862,112,0.1167,0.003178
2026-09-03 12:08:32,SPX,7742.97,7656.65,7720.0,1468,873,0.1306,0.003178
2026-09-03 12:08:32,SPX,7742.97,7656.65,7770.0,1292,281,0.1151,0.003178
2026-09-03 12:08:32,SPX,7742.97,7656.65,7715.0,2424,479,0.1326,0.003178
2026-09-03 12:08:32,SPX,7742.97,7656.65,7775.0,1985,314,0.1138,0.003178
2026-09-03 12:08:32,SPX,7742.97,7656.65,7710.0,1141,901,0.1344,0.003178
2026-09-03 12:08:32,SPX,7742.97,7656.65,7780.0,1256,157,0.113,0.003178
2026-09-03 12:08:32,SPX,7742.97,7656.65,7705.0,679,352,0.136,0.003178
2026-09-03 12:08:32,SPX,7742.97,7656.65,7785.0,1035,83,0.1125,0.003178
2026-09-03 12:08:32,SPX,7742.97,7656.65,7700.0,4723,3395,0.1389,0.003178
2026-09-03 12:08:32,SPX,7742.97,7656.65,7790.0,990,164,0.1123,0.003178
2026-09-03 12:08:32,SPX,7742.97,7656.65,7695.0,751,562,0.14,0.003178
2026-09-03 12:08:32,SPX,7742.97,7656.65,7795.0,1283,66,0.1122,0.003178
2026-09-03 12:08:32,SPX,7742.97,7656.65,7690.0,708,509,0.1416,0.003178
2026-09-03 12:08:32,SPX,7742.97,7656.65,7800.0,5578,820,0.112,0.003178
2026-09-03 12:08:32,SPX,7742.97,7656.65,7685.0,653,447,0.1434,0.003178
2026-09-03 12:08:32,SPX,7742.97,7656.65,7805.0,1064,180,0.1117,0.003178
2026-09-03 12:08:32,SPX,7742.97,7656.65,7680.0,2021,1776,0.1454,0.003178
2026-09-03 12:08:32,SPX,7742.97,7656.65,7810.0,2570,148,0.1116,0.003178
2026-09-03 12:08:32,SPX,7742.97,7656.65,7675.0,1388,2534,0.1478,0.003178
2026-09-03 12:08:32,SPX,7742.97,7656.65,7815.0,986,185,0.1116,0.003178
2026-09-03 12:08:32,SPX,7742.97,7656.65,7670.0,1040,1308,0.1498,0.003178
2026-09-03 12:08:32,SPX,7742.97,7656.65,7820.0,3518,74,0.1118,0.003178
2026-09-03 12:08:32,SPX,7742.97,7656.65,7665.0,582,1256,0.1521,0.003178
2026-09-03 12:08:32,SPX,7742.97,7656.65,7825.0,3450,192,0.1124,0.003178
2026-09-03 12:08:32,SPX,7742.97,7656.65,7660.0,541,724,0.1538,0.003178
2026-09-03 12:08:32,SPX,7742.97,7656.65,7830.0,1761,12,0.1134,0.003178
2026-09-03 12:08:32,SPX,7742.97,7656.65,7655.0,361,660,0.1558,0.003178
2026-09-03 12:08:32,SPX,7742.97,7656.65,7835.0,2392,2,0.1147,0.003178
2026-09-03 12:08:32,SPX,7742.97,7656.65,7650.0,1675,4096,0.1589,0.003178
2026-09-03 12:08:32,SPX,7742.97,7656.65,7840.0,892,20,0.1164,0.003178
2026-09-03 12:08:32,SPX,7742.97,7656.65,7645.0,274,566,0.1607,0.003178
2026-09-03 12:08:32,SPX,7742.97,7656.65,7845.0,1098,15,0.1184,0.003178
2026-09-03 12:08:32,SPX,7742.97,7656.65,7640.0,319,1379,0.1631,0.003178
2026-09-03 12:08:32,SPX,7742.97,7656.65,7850.0,5694,92,0.1207,0.003178
2026-09-03 12:08:32,SPX,7742.97,7656.65,7635.0,419,652,0.1647,0.003178
2026-09-03 12:08:32,SPX,7742.97,7656.65,7855.0,1518,5,0.1232,0.003178
2026-09-03 12:08:32,SPX,7742.97,7656.65,7630.0,732,1843,0.1666,0.003178
2026-09-03 12:08:32,SPX,7742.97,7656.65,7860.0,1276,25,0.126,0.003178
2026-09-03 12:08:32,SPX,7742.97,7656.65,7625.0,849,1886,0.1699,0.003178
2026-09-03 12:08:32,SPX,7742.97,7656.65,7865.0,749,0,0.1288,0.003178
2026-09-03 12:08:32,SPX,7742.97,7656.65,7620.0,361,1251,0.172,0.003178
2026-09-03 12:08:32,SPX,7742.97,7656.65,7745.0,952,58,0.0796,0.014129
2026-09-03 12:08:32,SPX,7742.97,7656.65,7740.0,1063,118,0.0808,0.014129
2026-09-03 12:08:32,SPX,7742.97,7656.65,7750.0,663,482,0.0788,0.014129
2026-09-03 12:08:32,SPX,7742.97,7656.65,7735.0,380,44,0.0817,0.014129
2026-09-03 12:08:32,SPX,7742.97,7656.65,7755.0,399,19,0.0781,0.014129
2026-09-03 12:08:32,SPX,7742.97,7656.65,7730.0,547,211,0.0824,0.014129
2026-09-03 12:08:32,SPX,7742.97,7656.65,7760.0,693,105,0.0774,0.014129
2026-09-03 12:08:32,SPX,7742.97,7656.65,7725.0,1770,225,0.0832,0.014129
2026-09-03 12:08:32,SPX,7742.97,7656.65,7765.0,901,38,0.0769,0.014129
2026-09-03 12:08:32,SPX,7742.97,7656.65,7720.0,719,833,0.0844,0.014129
2026-09-03 12:08:32,SPX,7742.97,7656.65,7770.0,1131,160,0.0762,0.014129
2026-09-03 12:08:32,SPX,7742.97,7656.65,7715.0,900,832,0.0852,0.014129
2026-09-03 12:08:32,SPX,7742.97,7656.65,7775.0,1512,153,0.0754,0.014129
2026-09-03 12:08:32,SPX,7742.97,7656.65,7710.0,351,269,0.0856,0.014129
2026-09-03 12:08:32,SPX,7742.97,7656.65,7780.0,751,74,0.0746,0.014129
2026-09-03 12:08:32,SPX,7742.97,7656.65,7705.0,261,172,0.0865,0.014129
2026-09-03 12:08:32,SPX,7742.97,7656.65,7785.0,540,14,0.0739,0.014129
2026-09-03 12:08:32,SPX,7742.97,7656.65,7700.0,1507,719,0.0879,0.014129
2026-09-03 12:08:32,SPX,7742.97,7656.65,7790.0,1573,40,0.0732,0.014129
2026-09-03 12:08:32,SPX,7742.97,7656.65,7695.0,1642,535,0.0891,0.014129
2026-09-03 12:08:32,SPX,7742.97,7656.65,7795.0,1161,10,0.0727,0.014129
2026-09-03 12:08:32,SPX,7742.97,7656.65,7690.0,460,986,0.0899,0.014129
2026-09-03 12:08:32,SPX,7742.97,7656.65,7800.0,3685,979,0.0723,0.014129
2026-09-03 12:08:32,SPX,7742.97,7656.65,7685.0,190,545,0.0904,0.014129
2026-09-03 12:08:32,SPX,7742.97,7656.65,7805.0,2563,15,0.0719,0.014129
2026-09-03 12:08:32,SPX,7742.97,7656.65,7680.0,627,767,0.0913,0.014129
2026-09-03 12:08:32,SPX,7742.97,7656.65,7810.0,903,29,0.0716,0.014129
2026-09-03 12:08:32,SPX,7742.97,7656.65,7675.0,422,2664,0.0924,0.014129
2026-09-03 12:08:32,SPX,7742.97,7656.65,7815.0,713,8,0.0713,0.014129
2026-09-03 12:08:32,SPX,7742.97,7656.65,7670.0,298,320,0.0935,0.014129
2026-09-03 12:08:32,SPX,7742.97,7656.65,7820.0,699,85,0.071,0.014129
2026-09-03 12:08:32,SPX,7742.97,7656.65,7665.0,174,219,0.0945,0.014129
2026-09-03 12:08:32,SPX,7742.97,7656.65,7825.0,548,25,0.0707,0.014129
2026-09-03 12:08:32,SPX,7742.97,7656.65,7660.0,144,639,0.0959,0.014129
2026-09-03 12:08:32,SPX,7742.97,7656.65,7830.0,1485,48,0.0704,0.014129
2026-09-03 12:08:32,SPX,7742.97,7656.65,7655.0,79,402,0.0966,0.014129
2026-09-03 12:08:32,SPX,7742.97,7656.65,7835.0,811,0,0.0701,0.014129
2026-09-03 12:08:32,SPX,7742.97,7656.65,7650.0,706,1134,0.0973,0.014129
2026-09-03 12:08:32,SPX,7742.97,7656.65,7840.0,678,16,0.0699,0.014129
2026-09-03 12:08:32,SPX,7742.97,7656.65,7645.0,152,219,0.0988,0.014129
2026-09-03 12:08:32,SPX,7742.97,7656.65,7845.0,1012,1,0.0698,0.014129
2026-09-03 12:08:32,SPX,7742.97,7656.65,7640.0,156,372,0.0997,0.014129
2026-09-03 12:08:32,SPX,7742.97,7656.65,7850.0,1863,40,0.0697,0.014129
2026-09-03 12:08:32,SPX,7742.97,7656.65,7635.0,116,213,0.101,0.014129
2026-09-03 12:08:32,SPX,7742.97,7656.65,7855.0,402,0,0.0698,0.014129
2026-09-03 12:08:32,SPX,7742.97,7656.65,7630.0,193,650,0.1022,0.014129
2026-09-03 12:08:32,SPX,7742.97,7656.65,7860.0,1270,3,0.0699,0.014129
2026-09-03 12:08:32,SPX,7742.97,7656.65,7625.0,1038,767,0.1035,0.014129
2026-09-03 12:08:32,SPX,7742.97,7656.65,7865.0,272,0,0.0702,0.014129
2026-09-03 12:08:32,SPX,7742.97,7656.65,7620.0,131,368,0.1049,0.014129
2026-09-03 12:38:56,SPX,7742.97,7659.2,7745.0,1787,167,0.1143,0.000382
2026-09-03 12:38:56,SPX,7742.97,7659.2,7740.0,3632,311,0.1184,0.000382
2026-09-03 12:38:56,SPX,7742.97,7659.2,7750.0,3813,873,0.1134,0.000382
2026-09-03 12:38:56,SPX,7742.97,7659.2,7735.0,2567,136,0.1222,0.000382
2026-09-03 12:38:56,SPX,7742.97,7659.2,7755.0,894,92,0.1134,0.000382
2026-09-03 12:38:56,SPX,7742.97,7659.2,7730.0,2283,433,0.1288,0.000382
2026-09-03 12:38:56,SPX,7742.97,7659.2,7760.0,3166,194,0.1157,0.000382
2026-09-03 12:38:56,SPX,7742.97,7659.2,7725.0,2498,303,0.136,0.000382
2026-09-03 12:38:56,SPX,7742.97,7659.2,7765.0,1343,71,0.1195,0.000382
2026-09-03 12:38:56,SPX,7742.97,7659.2,7720.0,5150,281,0.1435,0.000382
2026-09-03 12:38:56,SPX,7742.97,7659.2,7770.0,1129,76,0.1246,0.000382
2026-09-03 12:38:56,SPX,7742.97,7659.2,7715.0,2994,195,0.1522,0.000382
2026-09-03 12:38:56,SPX,7742.97,7659.2,7775.0,13357,77,0.132,0.000382
2026-09-03 12:38:56,SPX,7742.97,7659.2,7710.0,2843,414,0.1614,0.000382
2026-09-03 12:38:56,SPX,7742.97,7659.2,7780.0,5042,44,0.1412,0.000382
2026-09-03 12:38:56,SPX,7742.97,7659.2,7705.0,1466,146,0.1712,0.000382
2026-09-03 12:38:56,SPX,7742.97,7659.2,7785.0,5445,24,0.151,0.000382
2026-09-03 12:38:56,SPX,7742.97,7659.2,7700.0,3695,655,0.1787,0.000382
2026-09-03 12:38:56,SPX,7742.97,7659.2,7790.0,719,66,0.1608,0.000382
2026-09-03 12:38:56,SPX,7742.97,7659.2,7695.0,936,322,0.1914,0.000382
2026-09-03 12:38:56,SPX,7742.97,7659.2,7795.0,808,2,0.1701,0.000382
2026-09-03 12:38:56,SPX,7742.97,7659.2,7690.0,2094,521,0.2002,0.000382
2026-09-03 12:38:56,SPX,7742.97,7659.2,7800.0,2373,97,0.1792,0.000382
2026-09-03 12:38:56,SPX,7742.97,7659.2,7685.0,699,604,0.2122,0.000382
2026-09-03 12:38:56,SPX,7742.97,7659.2,7805.0,1187,10,0.1883,0.000382
2026-09-03 12:38:56,SPX,7742.97,7659.2,7680.0,2163,477,0.2219,0.000382
2026-09-03 12:38:56,SPX,7742.97,7659.2,7810.0,799,41,0.1976,0.000382
2026-09-03 12:38:56,SPX,7742.97,7659.2,7675.0,1979,1754,0.2292,0.000382
2026-09-03 12:38:56,SPX,7742.97,7659.2,7815.0,444,0,0.2072,0.000382
2026-09-03 12:38:56,SPX,7742.97,7659.2,7670.0,1851,1624,0.2391,0.000382
2026-09-03 12:38:56,SPX,7742.97,7659.2,7820.0,469,154,0.217,0.000382
2026-09-03 12:38:56,SPX,7742.97,7659.2,7665.0,1201,1226,0.2514,0.000382
2026-09-03 12:38:56,SPX,7742.97,7659.2,7825.0,986,36,0.2269,0.000382
2026-09-03 12:38:56,SPX,7742.97,7659.2,7660.0,792,1145,0.2632,0.000382
2026-09-03 12:38:56,SPX,7742.97,7659.2,7830.0,691,33,0.2367,0.000382
2026-09-03 12:38:56,SPX,7742.97,7659.2,7655.0,395,687,0.2741,0.000382
2026-09-03 12:38:56,SPX,7742.97,7659.2,7835.0,509,1,0.2463,0.000382
2026-09-03 12:38:56,SPX,7742.97,7659.2,7650.0,922,1967,0.285,0.000382
2026-09-03 12:38:56,SPX,7742.97,7659.2,7840.0,1571,23,0.2556,0.000382
2026-09-03 12:38:56,SPX,7742.97,7659.2,7645.0,456,1329,0.296,0.000382
2026-09-03 12:38:56,SPX,7742.97,7659.2,7845.0,1157,4,0.2644,0.000382
2026-09-03 12:38:56,SPX,7742.97,7659.2,7640.0,1041,1530,0.3069,0.000382
2026-09-03 12:38:56,SPX,7742.97,7659.2,7850.0,2986,34,0.2727,0.000382
2026-09-03 12:38:56,SPX,7742.97,7659.2,7635.0,466,2020,0.3177,0.000382
2026-09-03 12:38:56,SPX,7742.97,7659.2,7855.0,2261,5,0.2803,0.000382
2026-09-03 12:38:56,SPX,7742.97,7659.2,7630.0,464,2757,0.3279,0.000382
2026-09-03 12:38:56,SPX,7742.97,7659.2,7860.0,6168,30,0.2874,0.000382
2026-09-03 12:38:56,SPX,7742.97,7659.2,7625.0,738,3177,0.3375,0.000382
2026-09-03 12:38:56,SPX,7742.97,7659.2,7865.0,191,0,0.2938,0.000382
2026-09-03 12:38:56,SPX,7742.97,7659.2,7620.0,360,1122,0.3471,0.000382
2026-09-03 12:38:56,SPX,7742.97,7659.2,7745.0,1555,217,0.1196,0.00312
2026-09-03 12:38:56,SPX,7742.97,7659.2,7740.0,1089,661,0.1209,0.00312
2026-09-03 12:38:56,SPX,7742.97,7659.2,7750.0,5368,3284,0.1184,0.00312
2026-09-03 12:38:56,SPX,7742.97,7659.2,7735.0,640,227,0.1223,0.00312
2026-09-03 12:38:56,SPX,7742.97,7659.2,7755.0,1597,163,0.1172,0.00312
2026-09-03 12:38:56,SPX,7742.97,7659.2,7730.0,1025,376,0.1238,0.00312
2026-09-03 12:38:56,SPX,7742.97,7659.2,7760.0,1311,288,0.1161,0.00312
2026-09-03 12:38:56,SPX,7742.97,7659.2,7725.0,3133,1643,0.1255,0.00312
2026-09-03 12:38:56,SPX,7742.97,7659.2,7765.0,862,112,0.115,0.00312
2026-09-03 12:38:56,SPX,7742.97,7659.2,7720.0,1468,873,0.1271,0.00312
2026-09-03 12:38:56,SPX,7742.97,7659.2,7770.0,1292,281,0.1137,0.00312
2026-09-03 12:38:56,SPX,7742.97,7659.2,7715.0,2424,479,0.1287,0.00312
2026-09-03 12:38:56,SPX,7742.97,7659.2,7775.0,1985,314,0.1127,0.00312
2026-09-03 12:38:56,SPX,7742.97,7659.2,7710.0,1141,901,0.1303,0.00312
2026-09-03 12:38:56,SPX,7742.97,7659.2,7780.0,1256,157,0.1121,0.00312
2026-09-03 12:38:56,SPX,7742.97,7659.2,7705.0,679,352,0.1324,0.00312
2026-09-03 12:38:56,SPX,7742.97,7659.2,7785.0,1035,83,0.112,0.00312
2026-09-03 12:38:56,SPX,7742.97,7659.2,7700.0,4723,3395,0.1346,0.00312
2026-09-03 12:38:56,SPX,7742.97,7659.2,7790.0,990,164,0.1123,0.00312
2026-09-03 12:38:56,SPX,7742.97,7659.2,7695.0,751,562,0.1373,0.00312
2026-09-03 12:38:56,SPX,7742.97,7659.2,7795.0,1283,66,0.1125,0.00312
2026-09-03 12:38:56,SPX,7742.97,7659.2,7690.0,708,509,0.1398,0.00312
2026-09-03 12:38:56,SPX,7742.97,7659.2,7800.0,5578,820,0.1126,0.00312
2026-09-03 12:38:56,SPX,7742.97,7659.2,7685.0,653,447,0.1412,0.00312
2026-09-03 12:38:56,SPX,7742.97,7659.2,7805.0,1064,180,0.1126,0.00312
2026-09-03 12:38:56,SPX,7742.97,7659.2,7680.0,2021,1776,0.1424,0.00312
2026-09-03 12:38:56,SPX,7742.97,7659.2,7810.0,2570,148,0.1126,0.00312
2026-09-03 12:38:56,SPX,7742.97,7659.2,7675.0,1388,2534,0.1445,0.00312
2026-09-03 12:38:56,SPX,7742.97,7659.2,7815.0,986,185,0.1127,0.00312
2026-09-03 12:38:56,SPX,7742.97,7659.2,7670.0,1040,1308,0.1461,0.00312
2026-09-03 12:38:56,SPX,7742.97,7659.2,7820.0,3518,74,0.1131,0.00312
2026-09-03 12:38:56,SPX,7742.97,7659.2,7665.0,582,1256,0.1481,0.00312
2026-09-03 12:38:56,SPX,7742.97,7659.2,7825.0,3450,192,0.1136,0.00312
2026-09-03 12:38:56,SPX,7742.97,7659.2,7660.0,541,724,0.151,0.00312
2026-09-03 12:38:56,SPX,7742.97,7659.2,7830.0,1761,12,0.1144,0.00312
2026-09-03 12:38:56,SPX,7742.97,7659.2,7655.0,361,660,0.154,0.00312
2026-09-03 12:38:56,SPX,7742.97,7659.2,7835.0,2392,2,0.1157,0.00312
2026-09-03 12:38:56,SPX,7742.97,7659.2,7650.0,1675,4096,0.1561,0.00312
2026-09-03 12:38:56,SPX,7742.97,7659.2,7840.0,892,20,0.1174,0.00312
2026-09-03 12:38:56,SPX,7742.97,7659.2,7645.0,274,566,0.1573,0.00312
2026-09-03 12:38:56,SPX,7742.97,7659.2,7845.0,1098,15,0.1195,0.00312
2026-09-03 12:38:56,SPX,7742.97,7659.2,7640.0,319,1379,0.1604,0.00312
2026-09-03 12:38:56,SPX,7742.97,7659.2,7850.0,5694,92,0.1218,0.00312
2026-09-03 12:38:56,SPX,7742.97,7659.2,7635.0,419,652,0.1636,0.00312
2026-09-03 12:38:56,SPX,7742.97,7659.2,7855.0,1518,5,0.1244,0.00312
2026-09-03 12:38:56,SPX,7742.97,7659.2,7630.0,732,1843,0.1658,0.00312
2026-09-03 12:38:56,SPX,7742.97,7659.2,7860.0,1276,25,0.1272,0.00312
2026-09-03 12:38:56,SPX,7742.97,7659.2,7625.0,849,1886,0.1679,0.00312
2026-09-03 12:38:56,SPX,7742.97,7659.2,7865.0,749,0,0.1301,0.00312
2026-09-03 12:38:56,SPX,7742.97,7659.2,7620.0,361,1251,0.1691,0.00312
2026-09-03 12:38:56,SPX,7742.97,7659.2,7745.0,952,58,0.0787,0.014072
2026-09-03 12:38:56,SPX,7742.97,7659.2,7740.0,1063,118,0.0795,0.014072
2026-09-03 12:38:56,SPX,7742.97,7659.2,7750.0,663,482,0.078,0.014072
2026-09-03 12:38:56,SPX,7742.97,7659.2,7735.0,380,44,0.0801,0.014072
2026-09-03 12:38:56,SPX,7742.97,7659.2,7755.0,399,19,0.0773,0.014072
2026-09-03 12:38:56,SPX,7742.97,7659.2,7730.0,547,211,0.0809,0.014072
2026-09-03 12:38:56,SPX,7742.97,7659.2,7760.0,693,105,0.0767,0.014072
2026-09-03 12:38:56,SPX,7742.97,7659.2,7725.0,1770,225,0.0818,0.014072
2026-09-03 12:38:56,SPX,7742.97,7659.2,7765.0,901,38,0.0762,0.014072
2026-09-03 12:38:56,SPX,7742.97,7659.2,7720.0,719,833,0.0828,0.014072
2026-09-03 12:38:56,SPX,7742.97,7659.2,7770.0,1131,160,0.0755,0.014072
2026-09-03 12:38:56,SPX,7742.97,7659.2,7715.0,900,832,0.0834,0.014072
2026-09-03 12:38:56,SPX,7742.97,7659.2,7775.0,1512,153,0.0748,0.014072
2026-09-03 12:38:56,SPX,7742.97,7659.2,7710.0,351,269,0.0843,0.014072
2026-09-03 12:38:56,SPX,7742.97,7659.2,7780.0,751,74,0.0742,0.014072
2026-09-03 12:38:56,SPX,7742.97,7659.2,7705.0,261,172,0.0852,0.014072
2026-09-03 12:38:56,SPX,7742.97,7659.2,7785.0,540,14,0.0736,0.014072
2026-09-03 12:38:56,SPX,7742.97,7659.2,7700.0,1507,719,0.0861,0.014072
2026-09-03 12:38:56,SPX,7742.97,7659.2,7790.0,1573,40,0.0731,0.014072
2026-09-03 12:38:56,SPX,7742.97,7659.2,7695.0,1642,535,0.087,0.014072
2026-09-03 12:38:56,SPX,7742.97,7659.2,7795.0,1161,10,0.0728,0.014072
2026-09-03 12:38:56,SPX,7742.97,7659.2,7690.0,460,986,0.0881,0.014072
2026-09-03 12:38:56,SPX,7742.97,7659.2,7800.0,3685,979,0.0726,0.014072
2026-09-03 12:38:56,SPX,7742.97,7659.2,7685.0,190,545,0.089,0.014072
2026-09-03 12:38:56,SPX,7742.97,7659.2,7805.0,2563,15,0.0724,0.014072
2026-09-03 12:38:56,SPX,7742.97,7659.2,7680.0,627,767,0.0901,0.014072
2026-09-03 12:38:56,SPX,7742.97,7659.2,7810.0,903,29,0.0721,0.014072
2026-09-03 12:38:56,SPX,7742.97,7659.2,7675.0,422,2664,0.091,0.014072
2026-09-03 12:38:56,SPX,7742.97,7659.2,7815.0,713,8,0.0719,0.014072
2026-09-03 12:38:56,SPX,7742.97,7659.2,7670.0,298,320,0.0919,0.014072
2026-09-03 12:38:56,SPX,7742.97,7659.2,7820.0,699,85,0.0716,0.014072
2026-09-03 12:38:56,SPX,7742.97,7659.2,7665.0,174,219,0.093,0.014072
2026-09-03 12:38:56,SPX,7742.97,7659.2,7825.0,548,25,0.0713,0.014072
2026-09-03 12:38:56,SPX,7742.97,7659.2,7660.0,144,639,0.094,0.014072
2026-09-03 12:38:56,SPX,7742.97,7659.2,7830.0,1485,48,0.071,0.014072
2026-09-03 12:38:56,SPX,7742.97,7659.2,7655.0,79,402,0.0953,0.014072
2026-09-03 12:38:56,SPX,7742.97,7659.2,7835.0,811,0,0.0708,0.014072
2026-09-03 12:38:56,SPX,7742.97,7659.2,7650.0,706,1134,0.0963,0.014072
2026-09-03 12:38:56,SPX,7742.97,7659.2,7840.0,678,16,0.0706,0.014072
2026-09-03 12:38:56,SPX,7742.97,7659.2,7645.0,152,219,0.0972,0.014072
2026-09-03 12:38:56,SPX,7742.97,7659.2,7845.0,1012,1,0.0705,0.014072
2026-09-03 12:38:56,SPX,7742.97,7659.2,7640.0,156,372,0.0984,0.014072
2026-09-03 12:38:56,SPX,7742.97,7659.2,7850.0,1863,40,0.0706,0.014072
2026-09-03 12:38:56,SPX,7742.97,7659.2,7635.0,116,213,0.0997,0.014072
2026-09-03 12:38:56,SPX,7742.97,7659.2,7855.0,402,0,0.0707,0.014072
2026-09-03 12:38:56,SPX,7742.97,7659.2,7630.0,193,650,0.1009,0.014072
2026-09-03 12:38:56,SPX,7742.97,7659.2,7860.0,1270,3,0.071,0.014072
2026-09-03 12:38:56,SPX,7742.97,7659.2,7625.0,1038,767,0.1018,0.014072
2026-09-03 12:38:56,SPX,7742.97,7659.2,7865.0,272,0,0.0713,0.014072
2026-09-03 12:38:56,SPX,7742.97,7659.2,7620.0,0,368,0.1029,0.014072
2026-09-03 13:09:21,SPX,7741.96,7660.24,7740.0,3632,311,0.1105,0.000324
2026-09-03 13:09:21,SPX,7741.96,7660.24,7745.0,1787,167,0.1066,0.000324
2026-09-03 13:09:21,SPX,7741.96,7660.24,7735.0,2567,136,0.1158,0.000324
2026-09-03 13:09:21,SPX,7741.96,7660.24,7750.0,3813,873,0.1055,0.000324
2026-09-03 13:09:21,SPX,7741.96,7660.24,7730.0,2283,433,0.1239,0.000324
2026-09-03 13:09:21,SPX,7741.96,7660.24,7755.0,894,92,0.1055,0.000324
2026-09-03 13:09:21,SPX,7741.96,7660.24,7725.0,2498,303,0.1318,0.000324
2026-09-03 13:09:21,SPX,7741.96,7660.24,7760.0,3166,194,0.1085,0.000324
2026-09-03 13:09:21,SPX,7741.96,7660.24,7720.0,5150,281,0.1419,0.000324
2026-09-03 13:09:21,SPX,7741.96,7660.24,7765.0,1343,71,0.1135,0.000324
2026-09-03 13:09:21,SPX,7741.96,7660.24,7715.0,2994,195,0.1517,0.000324
2026-09-03 13:09:21,SPX,7741.96,7660.24,7770.0,1129,76,0.1199,0.000324
2026-09-03 13:09:21,SPX,7741.96,7660.24,7710.0,2843,414,0.1624,0.000324
2026-09-03 13:09:21,SPX,7741.96,7660.24,7775.0,13357,77,0.1283,0.000324
2026-09-03 13:09:21,SPX,7741.96,7660.24,7705.0,1466,146,0.1732,0.000324
2026-09-03 13:09:21,SPX,7741.96,7660.24,7780.0,5042,44,0.1386,0.000324
2026-09-03 13:09:21,SPX,7741.96,7660.24,7700.0,3695,655,0.1844,0.000324
2026-09-03 13:09:21,SPX,7741.96,7660.24,7785.0,5445,24,0.1507,0.000324
2026-09-03 13:09:21,SPX,7741.96,7660.24,7695.0,936,322,0.1961,0.000324
2026-09-03 13:09:21,SPX,7741.96,7660.24,7790.0,719,66,0.1626,0.000324
2026-09-03 13:09:21,SPX,7741.96,7660.24,7690.0,2094,521,0.2103,0.000324
2026-09-03 13:09:21,SPX,7741.96,7660.24,7795.0,808,2,0.1733,0.000324
2026-09-03 13:09:21,SPX,7741.96,7660.24,7685.0,699,604,0.2206,0.000324
2026-09-03 13:09:21,SPX,7741.96,7660.24,7800.0,2373,97,0.1832,0.000324
2026-09-03 13:09:21,SPX,7741.96,7660.24,7680.0,2163,477,0.2355,0.000324
2026-09-03 13:09:21,SPX,7741.96,7660.24,7805.0,1187,10,0.193,0.000324
2026-09-03 13:09:21,SPX,7741.96,7660.24,7675.0,1979,1754,0.2471,0.000324
2026-09-03 13:09:21,SPX,7741.96,7660.24,7810.0,799,41,0.2031,0.000324
2026-09-03 13:09:21,SPX,7741.96,7660.24,7670.0,1851,1624,0.2585,0.000324
2026-09-03 13:09:21,SPX,7741.96,7660.24,7815.0,444,0,0.2135,0.000324
2026-09-03 13:09:21,SPX,7741.96,7660.24,7665.0,1201,1226,0.2698,0.000324
2026-09-03 13:09:21,SPX,7741.96,7660.24,7820.0,469,154,0.2241,0.000324
2026-09-03 13:09:21,SPX,7741.96,7660.24,7660.0,792,1145,0.282,0.000324
2026-09-03 13:09:21,SPX,7741.96,7660.24,7825.0,986,36,0.2346,0.000324
2026-09-03 13:09:21,SPX,7741.96,7660.24,7655.0,395,687,0.2953,0.000324
2026-09-03 13:09:21,SPX,7741.96,7660.24,7830.0,691,33,0.245,0.000324
2026-09-03 13:09:21,SPX,7741.96,7660.24,7650.0,922,1967,0.309,0.000324
2026-09-03 13:09:21,SPX,7741.96,7660.24,7835.0,509,1,0.2553,0.000324
2026-09-03 13:09:21,SPX,7741.96,7660.24,7645.0,456,1329,0.3222,0.000324
2026-09-03 13:09:21,SPX,7741.96,7660.24,7840.0,1571,23,0.2653,0.000324
2026-09-03 13:09:21,SPX,7741.96,7660.24,7640.0,1041,1530,0.3345,0.000324
2026-09-03 13:09:21,SPX,7741.96,7660.24,7845.0,1157,4,0.2749,0.000324
2026-09-03 13:09:21,SPX,7741.96,7660.24,7635.0,466,2020,0.3458,0.000324
2026-09-03 13:09:21,SPX,7741.96,7660.24,7850.0,2986,34,0.284,0.000324
2026-09-03 13:09:21,SPX,7741.96,7660.24,7630.0,464,2757,0.3563,0.000324
2026-09-03 13:09:21,SPX,7741.96,7660.24,7855.0,2261,5,0.2925,0.000324
2026-09-03 13:09:21,SPX,7741.96,7660.24,7625.0,738,3177,0.3663,0.000324
2026-09-03 13:09:21,SPX,7741.96,7660.24,7860.0,6168,30,0.3003,0.000324
2026-09-03 13:09:21,SPX,7741.96,7660.24,7620.0,360,1122,0.3766,0.000324
2026-09-03 13:09:21,SPX,7741.96,7660.24,7865.0,191,0,0.3074,0.000324
2026-09-03 13:09:21,SPX,7741.96,7660.24,7740.0,1089,661,0.119,0.003062
2026-09-03 13:09:21,SPX,7741.96,7660.24,7745.0,1555,217,0.1173,0.003062
2026-09-03 13:09:21,SPX,7741.96,7660.24,7735.0,640,227,0.1204,0.003062
2026-09-03 13:09:21,SPX,7741.96,7660.24,7750.0,5368,3284,0.1161,0.003062
2026-09-03 13:09:21,SPX,7741.96,7660.24,7730.0,1025,376,0.122,0.003062
2026-09-03 13:09:21,SPX,7741.96,7660.24,7755.0,1597,163,0.1149,0.003062
2026-09-03 13:09:21,SPX,7741.96,7660.24,7725.0,3133,1643,0.1237,0.003062
2026-09-03 13:09:21,SPX,7741.96,7660.24,7760.0,1311,288,0.1137,0.003062
2026-09-03 13:09:21,SPX,7741.96,7660.24,7720.0,1468,873,0.1252,0.003062
2026-09-03 13:09:21,SPX,7741.96,7660.24,7765.0,862,112,0.1126,0.003062
2026-09-03 13:09:21,SPX,7741.96,7660.24,7715.0,2424,479,0.1269,0.003062
2026-09-03 13:09:21,SPX,7741.96,7660.24,7770.0,1292,281,0.1113,0.003062
2026-09-03 13:09:21,SPX,7741.96,7660.24,7710.0,1141,901,0.1288,0.003062
2026-09-03 13:09:21,SPX,7741.96,7660.24,7775.0,1985,314,0.1101,0.003062
2026-09-03 13:09:21,SPX,7741.96,7660.24,7705.0,679,352,0.1308,0.003062
2026-09-03 13:09:21,SPX,7741.96,7660.24,7780.0,1256,157,0.1092,0.003062
2026-09-03 13:09:21,SPX,7741.96,7660.24,7700.0,4723,3395,0.1323,0.003062
2026-09-03 13:09:21,SPX,7741.96,7660.24,7785.0,1035,83,0.1087,0.003062
2026-09-03 13:09:21,SPX,7741.96,7660.24,7695.0,751,562,0.1353,0.003062
2026-09-03 13:09:21,SPX,7741.96,7660.24,7790.0,990,164,0.1084,0.003062
2026-09-03 13:09:21,SPX,7741.96,7660.24,7690.0,708,509,0.1364,0.003062
2026-09-03 13:09:21,SPX,7741.96,7660.24,7795.0,1283,66,0.1084,0.003062
2026-09-03 13:09:21,SPX,7741.96,7660.24,7685.0,653,447,0.1378,0.003062
2026-09-03 13:09:21,SPX,7741.96,7660.24,7800.0,5578,820,0.1084,0.003062
2026-09-03 13:09:21,SPX,7741.96,7660.24,7680.0,2021,1776,0.1393,0.003062
2026-09-03 13:09:21,SPX,7741.96,7660.24,7805.0,1064,180,0.1085,0.003062
2026-09-03 13:09:21,SPX,7741.96,7660.24,7675.0,1388,2534,0.1411,0.003062
2026-09-03 13:09:21,SPX,7741.96,7660.24,7810.0,2570,148,0.1086,0.003062
2026-09-03 13:09:21,SPX,7741.96,7660.24,7670.0,1040,1308,0.1433,0.003062
2026-09-03 13:09:21,SPX,7741.96,7660.24,7815.0,986,185,0.109,0.003062
2026-09-03 13:09:21,SPX,7741.96,7660.24,7665.0,582,1256,0.1462,0.003062
2026-09-03 13:09:21,SPX,7741.96,7660.24,7820.0,3518,74,0.1097,0.003062
2026-09-03 13:09:21,SPX,7741.96,7660.24,7660.0,541,724,0.1474,0.003062
2026-09-03 13:09:21,SPX,7741.96,7660.24,7825.0,3450,192,0.1106,0.003062
2026-09-03 13:09:21,SPX,7741.96,7660.24,7655.0,361,660,0.1494,0.003062
2026-09-03 13:09:21,SPX,7741.96,7660.24,7830.0,1761,12,0.1119,0.003062
2026-09-03 13:09:21,SPX,7741.96,7660.24,7650.0,1675,4096,0.1515,0.003062
2026-09-03 13:09:21,SPX,7741.96,7660.24,7835.0,2392,2,0.1136,0.003062
2026-09-03 13:09:21,SPX,7741.96,7660.24,7645.0,274,566,0.1547,0.003062
2026-09-03 13:09:21,SPX,7741.96,7660.24,7840.0,892,20,0.1156,0.003062
2026-09-03 13:09:21,SPX,7741.96,7660.24,7640.0,319,1379,0.1569,0.003062
2026-09-03 13:09:21,SPX,7741.96,7660.24,7845.0,1098,15,0.118,0.003062
2026-09-03 13:09:21,SPX,7741.96,7660.24,7635.0,419,652,0.1596,0.003062
2026-09-03 13:09:21,SPX,7741.96,7660.24,7850.0,5694,92,0.1207,0.003062
2026-09-03 13:09:21,SPX,7741.96,7660.24,7630.0,732,1843,0.1599,0.003062
2026-09-03 13:09:21,SPX,7741.96,7660.24,7855.0,1518,5,0.1235,0.003062
2026-09-03 13:09:21,SPX,7741.96,7660.24,7625.0,849,1886,0.1631,0.003062
2026-09-03 13:09:21,SPX,7741.96,7660.24,7860.0,1276,25,0.1266,0.003062
2026-09-03 13:09:21,SPX,7741.96,7660.24,7620.0,361,1251,0.1644,0.003062
2026-09-03 13:09:21,SPX,7741.96,7660.24,7865.0,749,0,0.1297,0.003062
2026-09-03 13:09:21,SPX,7741.96,7660.24,7740.0,1063,118,0.0783,0.014014
2026-09-03 13:09:21,SPX,7741.96,7660.24,7745.0,952,58,0.0775,0.014014
2026-09-03 13:09:21,SPX,7741.96,7660.24,7735.0,380,44,0.0791,0.014014
2026-09-03 13:09:21,SPX,7741.96,7660.24,7750.0,663,482,0.0768,0.014014
2026-09-03 13:09:21,SPX,7741.96,7660.24,7730.0,547,211,0.0799,0.014014
2026-09-03 13:09:21,SPX,7741.96,7660.24,7755.0,399,19,0.076,0.014014
2026-09-03 13:09:21,SPX,7741.96,7660.24,7725.0,1770,225,0.0807,0.014014
2026-09-03 13:09:21,SPX,7741.96,7660.24,7760.0,693,105,0.0754,0.014014
2026-09-03 13:09:21,SPX,7741.96,7660.24,7720.0,719,833,0.0817,0.014014
2026-09-03 13:09:21,SPX,7741.96,7660.24,7765.0,901,38,0.0749,0.014014
2026-09-03 13:09:21,SPX,7741.96,7660.24,7715.0,900,832,0.0824,0.014014
2026-09-03 13:09:21,SPX,7741.96,7660.24,7770.0,1131,160,0.0743,0.014014
2026-09-03 13:09:21,SPX,7741.96,7660.24,7710.0,351,269,0.0834,0.014014
2026-09-03 13:09:21,SPX,7741.96,7660.24,7775.0,1512,153,0.0737,0.014014
2026-09-03 13:09:21,SPX,7741.96,7660.24,7705.0,261,172,0.0844,0.014014
2026-09-03 13:09:21,SPX,7741.96,7660.24,7780.0,751,74,0.073,0.014014
2026-09-03 13:09:21,SPX,7741.96,7660.24,7700.0,1507,719,0.085,0.014014
2026-09-03 13:09:21,SPX,7741.96,7660.24,7785.0,540,14,0.0725,0.014014
2026-09-03 13:09:21,SPX,7741.96,7660.24,7695.0,1642,535,0.0863,0.014014
2026-09-03 13:09:21,SPX,7741.96,7660.24,7790.0,1573,40,0.0719,0.014014
2026-09-03 13:09:21,SPX,7741.96,7660.24,7690.0,460,986,0.0876,0.014014
2026-09-03 13:09:21,SPX,7741.96,7660.24,7795.0,1161,10,0.0712,0.014014
2026-09-03 13:09:21,SPX,7741.96,7660.24,7685.0,190,545,0.0883,0.014014
2026-09-03 13:09:21,SPX,7741.96,7660.24,7800.0,3685,979,0.0707,0.014014
2026-09-03 13:09:21,SPX,7741.96,7660.24,7680.0,627,767,0.0888,0.014014
2026-09-03 13:09:21,SPX,7741.96,7660.24,7805.0,2563,15,0.0703,0.014014
2026-09-03 13:09:21,SPX,7741.96,7660.24,7675.0,422,2664,0.0897,0.014014
2026-09-03 13:09:21,SPX,7741.96,7660.24,7810.0,903,29,0.0701,0.014014
2026-09-03 13:09:21,SPX,7741.96,7660.24,7670.0,298,320,0.0912,0.014014
2026-09-03 13:09:21,SPX,7741.96,7660.24,7815.0,713,8,0.0699,0.014014
2026-09-03 13:09:21,SPX,7741.96,7660.24,7665.0,174,219,0.0923,0.014014
2026-09-03 13:09:21,SPX,7741.96,7660.24,7820.0,699,85,0.0697,0.014014
2026-09-03 13:09:21,SPX,7741.96,7660.24,7660.0,144,639,0.0932,0.014014
2026-09-03 13:09:21,SPX,7741.96,7660.24,7825.0,548,25,0.0695,0.014014
2026-09-03 13:09:21,SPX,7741.96,7660.24,7655.0,79,402,0.0945,0.014014
2026-09-03 13:09:21,SPX,7741.96,7660.24,7830.0,1485,48,0.0693,0.014014
2026-09-03 13:09:21,SPX,7741.96,7660.24,7650.0,706,1134,0.0954,0.014014
2026-09-03 13:09:21,SPX,7741.96,7660.24,7835.0,811,0,0.0691,0.014014
2026-09-03 13:09:21,SPX,7741.96,7660.24,7645.0,152,219,0.0959,0.014014
2026-09-03 13:09:21,SPX,7741.96,7660.24,7840.0,678,16,0.0689,0.014014
2026-09-03 13:09:21,SPX,7741.96,7660.24,7640.0,156,372,0.0969,0.014014
2026-09-03 13:09:21,SPX,7741.96,7660.24,7845.0,1012,1,0.0688,0.014014
2026-09-03 13:09:21,SPX,7741.96,7660.24,7635.0,116,213,0.0979,0.014014
2026-09-03 13:09:21,SPX,7741.96,7660.24,7850.0,1863,40,0.0688,0.014014
2026-09-03 13:09:21,SPX,7741.96,7660.24,7630.0,193,650,0.0994,0.014014
2026-09-03 13:09:21,SPX,7741.96,7660.24,7855.0,402,0,0.0689,0.014014
2026-09-03 13:09:21,SPX,7741.96,7660.24,7625.0,1038,0,0.1005,0.014014
2026-09-03 13:09:21,SPX,7741.96,7660.24,7860.0,1270,3,0.0691,0.014014
2026-09-03 13:09:21,SPX,7741.96,7660.24,7620.0,131,368,0.1016,0.014014
2026-09-03 13:09:21,SPX,7741.96,7660.24,7865.0,272,0,0.0695,0.014014
2026-09-03 13:39:46,SPX,7746.31,7661.22,7745.0,1787,167,0.1024,0.000267
2026-09-03 13:39:46,SPX,7746.31,7661.22,7750.0,3813,873,0.1003,0.000267
2026-09-03 13:39:46,SPX,7746.31,7661.22,7740.0,3632,311,0.1062,0.000267
2026-09-03 13:39:46,SPX,7746.31,7661.22,7755.0,894,92,0.1001,0.000267
2026-09-03 13:39:46,SPX,7746.31,7661.22,7735.0,2567,136,0.1124,0.000267
2026-09-03 13:39:46,SPX,7746.31,7661.22,7760.0,3166,194,0.103,0.000267
2026-09-03 13:39:46,SPX,7746.31,7661.22,7730.0,2283,433,0.1191,0.000267
2026-09-03 13:39:46,SPX,7746.31,7661.22,7765.0,1343,71,0.1075,0.000267
2026-09-03 13:39:46,SPX,7746.31,7661.22,7725.0,2498,303,0.1285,0.000267
2026-09-03 13:39:46,SPX,7746.31,7661.22,7770.0,1129,76,0.1135,0.000267
2026-09-03 13:39:46,SPX,7746.31,7661.22,7720.0,5150,281,0.1376,0.000267
2026-09-03 13:39:46,SPX,7746.31,7661.22,7775.0,13357,77,0.124,0.000267
2026-09-03 13:39:46,SPX,7746.31,7661.22,7715.0,2994,195,0.1495,0.000267
2026-09-03 13:39:46,SPX,7746.31,7661.22,7780.0,5042,44,0.1372,0.000267
2026-09-03 13:39:46,SPX,7746.31,7661.22,7710.0,2843,414,0.1613,0.000267
2026-09-03 13:39:46,SPX,7746.31,7661.22,7785.0,5445,24,0.1494,0.000267
2026-09-03 13:39:46,SPX,7746.31,7661.22,7705.0,1466,146,0.1728,0.000267
2026-09-03 13:39:46,SPX,7746.31,7661.22,7790.0,719,66,0.1608,0.000267
2026-09-03 13:39:46,SPX,7746.31,7661.22,7700.0,3695,655,0.1848,0.000267
2026-09-03 13:39:46,SPX,7746.31,7661.22,7795.0,808,2,0.1714,0.000267
2026-09-03 13:39:46,SPX,7746.31,7661.22,7695.0,936,322,0.1937,0.000267
2026-09-03 13:39:46,SPX,7746.31,7661.22,7800.0,2373,97,0.181,0.000267
2026-09-03 13:39:46,SPX,7746.31,7661.22,7690.0,2094,521,0.2091,0.000267
2026-09-03 13:39:46,SPX,7746.31,7661.22,7805.0,1187,10,0.1908,0.000267
2026-09-03 13:39:46,SPX,7746.31,7661.22,7685.0,699,604,0.2232,0.000267
2026-09-03 13:39:46,SPX,7746.31,7661.22,7810.0,799,41,0.2017,0.000267
2026-09-03 13:39:46,SPX,7746.31,7661.22,7680.0,2163,477,0.2263,0.000267
2026-09-03 13:39:46,SPX,7746.31,7661.22,7815.0,444,0,0.214,0.000267
2026-09-03 13:39:46,SPX,7746.31,7661.22,7675.0,1979,1754,0.2404,0.000267
2026-09-03 13:39:46,SPX,7746.31,7661.22,7820.0,469,154,0.2271,0.000267
2026-09-03 13:39:46,SPX,7746.31,7661.22,7670.0,1851,1624,0.2604,0.000267
2026-09-03 13:39:46,SPX,7746.31,7661.22,7825.0,986,36,0.2401,0.000267
2026-09-03 13:39:46,SPX,7746.31,7661.22,7665.0,1201,1226,0.2799,0.000267
2026-09-03 13:39:46,SPX,7746.31,7661.22,7830.0,691,33,0.2528,0.000267
2026-09-03 13:39:46,SPX,7746.31,7661.22,7660.0,792,1145,0.2972,0.000267
2026-09-03 13:39:46,SPX,7746.31,7661.22,7835.0,509,1,0.2651,0.000267
2026-09-03 13:39:46,SPX,7746.31,7661.22,7655.0,395,687,0.3122,0.000267
2026-09-03 13:39:46,SPX,7746.31,7661.22,7840.0,1571,23,0.2766,0.000267
2026-09-03 13:39:46,SPX,7746.31,7661.22,7650.0,922,1967,0.3252,0.000267
2026-09-03 13:39:46,SPX,7746.31,7661.22,7845.0,1157,4,0.2872,0.000267
2026-09-03 13:39:46,SPX,7746.31,7661.22,7645.0,456,1329,0.3368,0.000267
2026-09-03 13:39:46,SPX,7746.31,7661.22,7850.0,2986,34,0.2968,0.000267
2026-09-03 13:39:46,SPX,7746.31,7661.22,7640.0,1041,1530,0.3479,0.000267
2026-09-03 13:39:46,SPX,7746.31,7661.22,7855.0,2261,5,0.3055,0.000267
2026-09-03 13:39:46,SPX,7746.31,7661.22,7635.0,466,2020,0.3589,0.000267
2026-09-03 13:39:46,SPX,7746.31,7661.22,7860.0,6168,30,0.313,0.000267
2026-09-03 13:39:46,SPX,7746.31,7661.22,7630.0,464,2757,0.3702,0.000267
2026-09-03 13:39:46,SPX,7746.31,7661.22,7865.0,191,0,0.3196,0.000267
2026-09-03 13:39:46,SPX,7746.31,7661.22,7625.0,738,3177,0.382,0.000267
2026-09-03 13:39:46,SPX,7746.31,7661.22,7870.0,1099,7,0.3251,0.000267
2026-09-03 13:39:46,SPX,7746.31,7661.22,7745.0,1555,217,0.1145,0.003004
2026-09-03 13:39:46,SPX,7746.31,7661.22,7750.0,5368,3284,0.1129,0.003004
2026-09-03 13:39:46,SPX,7746.31,7661.22,7740.0,1089,661,0.1156,0.003004
2026-09-03 13:39:46,SPX,7746.31,7661.22,7755.0,1597,163,0.1115,0.003004
2026-09-03 13:39:46,SPX,7746.31,7661.22,7735.0,640,227,0.1171,0.003004
2026-09-03 13:39:46,SPX,7746.31,7661.22,7760.0,1311,288,0.1104,0.003004
2026-09-03 13:39:46,SPX,7746.31,7661.22,7730.0,1025,376,0.1189,0.003004
2026-09-03 13:39:46,SPX,7746.31,7661.22,7765.0,862,112,0.1092,0.003004
2026-09-03 13:39:46,SPX,7746.31,7661.22,7725.0,3133,1643,0.1204,0.003004
2026-09-03 13:39:46,SPX,7746.31,7661.22,7770.0,1292,281,0.108,0.003004
2026-09-03 13:39:46,SPX,7746.31,7661.22,7720.0,1468,873,0.1228,0.003004
2026-09-03 13:39:46,SPX,7746.31,7661.22,7775.0,1985,314,0.1067,0.003004
2026-09-03 13:39:46,SPX,7746.31,7661.22,7715.0,2424,479,0.1246,0.003004
2026-09-03 13:39:46,SPX,7746.31,7661.22,7780.0,1256,157,0.1054,0.003004
2026-09-03 13:39:46,SPX,7746.31,7661.22,7710.0,1141,901,0.1265,0.003004
2026-09-03 13:39:46,SPX,7746.31,7661.22,7785.0,1035,83,0.1043,0.003004
2026-09-03 13:39:46,SPX,7746.31,7661.22,7705.0,679,352,0.1276,0.003004
2026-09-03 13:39:46,SPX,7746.31,7661.22,7790.0,990,164,0.1036,0.003004
2026-09-03 13:39:46,SPX,7746.31,7661.22,7700.0,4723,3395,0.1287,0.003004
2026-09-03 13:39:46,SPX,7746.31,7661.22,7795.0,1283,66,0.1031,0.003004
2026-09-03 13:39:46,SPX,7746.31,7661.22,7695.0,751,562,0.1305,0.003004
2026-09-03 13:39:46,SPX,7746.31,7661.22,7800.0,5578,820,0.103,0.003004
2026-09-03 13:39:46,SPX,7746.31,7661.22,7690.0,708,509,0.1319,0.003004
2026-09-03 13:39:46,SPX,7746.31,7661.22,7805.0,1064,180,0.1031,0.003004
2026-09-03 13:39:46,SPX,7746.31,7661.22,7685.0,653,447,0.1338,0.003004
2026-09-03 13:39:46,SPX,7746.31,7661.22,7810.0,2570,148,0.1033,0.003004
2026-09-03 13:39:46,SPX,7746.31,7661.22,7680.0,2021,1776,0.1353,0.003004
2026-09-03 13:39:46,SPX,7746.31,7661.22,7815.0,986,185,0.1037,0.003004
2026-09-03 13:39:46,SPX,7746.31,7661.22,7675.0,1388,2534,0.1395,0.003004
2026-09-03 13:39:46,SPX,7746.31,7661.22,7820.0,3518,74,0.1044,0.003004
2026-09-03 13:39:46,SPX,7746.31,7661.22,7670.0,1040,1308,0.14,0.003004
2026-09-03 13:39:46,SPX,7746.31,7661.22,7825.0,3450,192,0.1052,0.003004
2026-09-03 13:39:46,SPX,7746.31,7661.22,7665.0,582,1256,0.1421,0.003004
2026-09-03 13:39:46,SPX,7746.31,7661.22,7830.0,1761,12,0.1065,0.003004
2026-09-03 13:39:46,SPX,7746.31,7661.22,7660.0,541,724,0.1437,0.003004
2026-09-03 13:39:46,SPX,7746.31,7661.22,7835.0,2392,2,0.1082,0.003004
2026-09-03 13:39:46,SPX,7746.31,7661.22,7655.0,361,660,0.1467,0.003004
2026-09-03 13:39:46,SPX,7746.31,7661.22,7840.0,892,20,0.1102,0.003004
2026-09-03 13:39:46,SPX,7746.31,7661.22,7650.0,1675,4096,0.1495,0.003004
2026-09-03 13:39:46,SPX,7746.31,7661.22,7845.0,1098,15,0.1127,0.003004
2026-09-03 13:39:46,SPX,7746.31,7661.22,7645.0,274,566,0.1524,0.003004
2026-09-03 13:39:46,SPX,7746.31,7661.22,7850.0,5694,92,0.1155,0.003004
2026-09-03 13:39:46,SPX,7746.31,7661.22,7640.0,319,1379,0.1529,0.003004
2026-09-03 13:39:46,SPX,7746.31,7661.22,7855.0,1518,5,0.1186,0.003004
2026-09-03 13:39:46,SPX,7746.31,7661.22,7635.0,419,652,0.1547,0.003004
2026-09-03 13:39:46,SPX,7746.31,7661.22,7860.0,1276,25,0.1219,0.003004
2026-09-03 13:39:46,SPX,7746.31,7661.22,7630.0,732,1843,0.1575,0.003004
2026-09-03 13:39:46,SPX,7746.31,7661.22,7865.0,749,0,0.1254,0.003004
2026-09-03 13:39:46,SPX,7746.31,7661.22,7625.0,849,1886,0.161,0.003004
2026-09-03 13:39:46,SPX,7746.31,7661.22,7870.0,802,17,0.1289,0.003004
2026-09-03 13:39:46,SPX,7746.31,7661.22,7745.0,952,58,0.0757,0.013956
2026-09-03 13:39:46,SPX,7746.31,7661.22,7750.0,663,482,0.0751,0.013956
2026-09-03 13:39:46,SPX,7746.31,7661.22,7740.0,1063,118,0.0766,0.013956
2026-09-03 13:39:46,SPX,7746.31,7661.22,7755.0,399,19,0.0743,0.013956
2026-09-03 13:39:46,SPX,7746.31,7661.22,7735.0,380,44,0.0775,0.013956
2026-09-03 13:39:46,SPX,7746.31,7661.22,7760.0,693,105,0.0737,0.013956
2026-09-03 13:39:46,SPX,7746.31,7661.22,7730.0,547,211,0.0782,0.013956
2026-09-03 13:39:46,SPX,7746.31,7661.22,7765.0,901,38,0.0732,0.013956
2026-09-03 13:39:46,SPX,7746.31,7661.22,7725.0,1770,225,0.0789,0.013956
2026-09-03 13:39:46,SPX,7746.31,7661.22,7770.0,1131,160,0.0728,0.013956
2026-09-03 13:39:46,SPX,7746.31,7661.22,7720.0,719,833,0.0798,0.013956
2026-09-03 13:39:46,SPX,7746.31,7661.22,7775.0,1512,153,0.0723,0.013956
2026-09-03 13:39:46,SPX,7746.31,7661.22,7715.0,900,832,0.0807,0.013956
2026-09-03 13:39:46,SPX,7746.31,7661.22,7780.0,751,74,0.0715,0.013956
2026-09-03 13:39:46,SPX,7746.31,7661.22,7710.0,351,269,0.0815,0.013956
2026-09-03 13:39:46,SPX,7746.31,7661.22,7785.0,540,14,0.0707,0.013956
2026-09-03 13:39:46,SPX,7746.31,7661.22,7705.0,261,172,0.0824,0.013956
2026-09-03 13:39:46,SPX,7746.31,7661.22,7790.0,1573,40,0.0701,0.013956
2026-09-03 13:39:46,SPX,7746.31,7661.22,7700.0,1507,719,0.0837,0.013956
2026-09-03 13:39:46,SPX,7746.31,7661.22,7795.0,1161,10,0.0695,0.013956
2026-09-03 13:39:46,SPX,7746.31,7661.22,7695.0,1642,535,0.0845,0.013956
2026-09-03 13:39:46,SPX,7746.31,7661.22,7800.0,3685,979,0.0691,0.013956
2026-09-03 13:39:46,SPX,7746.31,7661.22,7690.0,460,986,0.0851,0.013956
2026-09-03 13:39:46,SPX,7746.31,7661.22,7805.0,2563,15,0.0688,0.013956
2026-09-03 13:39:46,SPX,7746.31,7661.22,7685.0,190,545,0.0862,0.013956
2026-09-03 13:39:46,SPX,7746.31,7661.22,7810.0,903,29,0.0684,0.013956
2026-09-03 13:39:46,SPX,7746.31,7661.22,7680.0,627,767,0.0876,0.013956
2026-09-03 13:39:46,SPX,7746.31,7661.22,7815.0,713,8,0.0681,0.013956
2026-09-03 13:39:46,SPX,7746.31,7661.22,7675.0,422,2664,0.0888,0.013956
2026-09-03 13:39:46,SPX,7746.31,7661.22,7820.0,699,85,0.0678,0.013956
2026-09-03 13:39:46,SPX,7746.31,7661.22,7670.0,298,320,0.0892,0.013956
2026-09-03 13:39:46,SPX,7746.31,7661.22,7825.0,548,25,0.0674,0.013956
2026-09-03 13:39:46,SPX,7746.31,7661.22,7665.0,174,219,0.0901,0.013956
2026-09-03 13:39:46,SPX,7746.31,7661.22,7830.0,1485,48,0.067,0.013956
2026-09-03 13:39:46,SPX,7746.31,7661.22,7660.0,144,639,0.0909,0.013956
2026-09-03 13:39:46,SPX,7746.31,7661.22,7835.0,811,0,0.0667,0.013956
2026-09-03 13:39:46,SPX,7746.31,7661.22,7655.0,79,402,0.0923,0.013956
2026-09-03 13:39:46,SPX,7746.31,7661.22,7840.0,678,16,0.0664,0.013956
2026-09-03 13:39:46,SPX,7746.31,7661.22,7650.0,706,1134,0.093,0.013956
2026-09-03 13:39:46,SPX,7746.31,7661.22,7845.0,1012,1,0.0662,0.013956
2026-09-03 13:39:46,SPX,7746.31,7661.22,7645.0,152,219,0.0941,0.013956
2026-09-03 13:39:46,SPX,7746.31,7661.22,7850.0,1863,40,0.0662,0.013956
2026-09-03 13:39:46,SPX,7746.31,7661.22,7640.0,156,372,0.095,0.013956
2026-09-03 13:39:46,SPX,7746.31,7661.22,7855.0,402,0,0.0663,0.013956
2026-09-03 13:39:46,SPX,7746.31,7661.22,7635.0,116,213,0.0963,0.013956
2026-09-03 13:39:46,SPX,7746.31,7661.22,7860.0,1270,3,0.0665,0.013956
2026-09-03 13:39:46,SPX,7746.31,7661.22,7630.0,193,650,0.0977,0.013956
2026-09-03 13:39:46,SPX,7746.31,7661.22,7865.0,272,0,0.0669,0.013956
2026-09-03 13:39:46,SPX,7746.31,7661.22,7625.0,1038,767,0.0993,0.013956
2026-09-03 13:39:46,SPX,7746.31,7661.22,7870.0,350,2,0.0675,0.013956
2026-09-03 14:10:14,SPX,7754.33,7657.49,7755.0,894,92,0.1155,0.000209
2026-09-03 14:10:14,SPX,7754.33,7657.49,7750.0,3813,873,0.1174,0.000209
2026-09-03 14:10:14,SPX,7754.33,7657.49,7760.0,3166,194,0.114,0.000209
2026-09-03 14:10:14,SPX,7754.33,7657.49,7745.0,1787,167,0.1211,0.000209
2026-09-03 14:10:14,SPX,7754.33,7657.49,7765.0,1343,71,0.1176,0.000209
2026-09-03 14:10:14,SPX,7754.33,7657.49,7740.0,3632,311,0.1284,0.000209
2026-09-03 14:10:14,SPX,7754.33,7657.49,7770.0,1129,76,0.123,0.000209
2026-09-03 14:10:14,SPX,7754.33,7657.49,7735.0,2567,136,0.1375,0.000209
2026-09-03 14:10:14,SPX,7754.33,7657.49,7775.0,13357,77,0.1287,0.000209
2026-09-03 14:10:14,SPX,7754.33,7657.49,7730.0,2283,433,0.1474,0.000209
2026-09-03 14:10:14,SPX,7754.33,7657.49,7780.0,5042,44,0.1375,0.000209
2026-09-03 14:10:14,SPX,7754.33,7657.49,7725.0,2498,303,0.1593,0.000209
2026-09-03 14:10:14,SPX,7754.33,7657.49,7785.0,5445,24,0.1482,0.000209
2026-09-03 14:10:14,SPX,7754.33,7657.49,7720.0,5150,281,0.1727,0.000209
2026-09-03 14:10:14,SPX,7754.33,7657.49,7790.0,719,66,0.159,0.000209
2026-09-03 14:10:14,SPX,7754.33,7657.49,7715.0,2994,195,0.1868,0.000209
2026-09-03 14:10:14,SPX,7754.33,7657.49,7795.0,808,2,0.1695,0.000209
2026-09-03 14:10:14,SPX,7754.33,7657.49,7710.0,2843,414,0.2014,0.000209
2026-09-03 14:10:14,SPX,7754.33,7657.49,7800.0,2373,97,0.179,0.000209
2026-09-03 14:10:14,SPX,7754.33,7657.49,7705.0,1466,146,0.2178,0.000209
2026-09-03 14:10:14,SPX,7754.33,7657.49,7805.0,1187,10,0.1892,0.000209
2026-09-03 14:10:14,SPX,7754.33,7657.49,7700.0,3695,655,0.2275,0.000209
2026-09-03 14:10:14,SPX,7754.33,7657.49,7810.0,799,41,0.2008,0.000209
2026-09-03 14:10:14,SPX,7754.33,7657.49,7695.0,936,322,0.2436,0.000209
2026-09-03 14:10:14,SPX,7754.33,7657.49,7815.0,444,0,0.2141,0.000209
2026-09-03 14:10:14,SPX,7754.33,7657.49,7690.0,2094,521,0.2641,0.000209
2026-09-03 14:10:14,SPX,7754.33,7657.49,7820.0,469,154,0.2285,0.000209
2026-09-03 14:10:14,SPX,7754.33,7657.49,7685.0,699,604,0.2878,0.000209
2026-09-03 14:10:14,SPX,7754.33,7657.49,7825.0,986,36,0.2433,0.000209
2026-09-03 14:10:14,SPX,7754.33,7657.49,7680.0,2163,477,0.3077,0.000209
2026-09-03 14:10:14,SPX,7754.33,7657.49,7830.0,691,33,0.2582,0.000209
2026-09-03 14:10:14,SPX,7754.33,7657.49,7675.0,1979,1754,0.3231,0.000209
2026-09-03 14:10:14,SPX,7754.33,7657.49,7835.0,509,1,0.273,0.000209
2026-09-03 14:10:14,SPX,7754.33,7657.49,7670.0,1851,1624,0.3357,0.000209
2026-09-03 14:10:14,SPX,7754.33,7657.49,7840.0,1571,23,0.2872,0.000209
2026-09-03 14:10:14,SPX,7754.33,7657.49,7665.0,1201,1226,0.3471,0.000209
2026-09-03 14:10:14,SPX,7754.33,7657.49,7845.0,1157,4,0.3005,0.000209
2026-09-03 14:10:14,SPX,7754.33,7657.49,7660.0,792,1145,0.3594,0.000209
2026-09-03 14:10:14,SPX,7754.33,7657.49,7850.0,2986,34,0.3126,0.000209
2026-09-03 14:10:14,SPX,7754.33,7657.49,7655.0,395,687,0.3716,0.000209
2026-09-03 14:10:14,SPX,7754.33,7657.49,7855.0,2261,5,0.3234,0.000209
2026-09-03 14:10:14,SPX,7754.33,7657.49,7650.0,922,1967,0.3846,0.000209
2026-09-03 14:10:14,SPX,7754.33,7657.49,7860.0,6168,30,0.3329,0.000209
2026-09-03 14:10:14,SPX,7754.33,7657.49,7645.0,456,1329,0.3987,0.000209
2026-09-03 14:10:14,SPX,7754.33,7657.49,7865.0,191,0,0.3409,0.000209
2026-09-03 14:10:14,SPX,7754.33,7657.49,7640.0,1041,1530,0.4136,0.000209
2026-09-03 14:10:14,SPX,7754.33,7657.49,7870.0,1099,7,0.3476,0.000209
2026-09-03 14:10:14,SPX,7754.33,7657.49,7635.0,466,2020,0.4288,0.000209
2026-09-03 14:10:14,SPX,7754.33,7657.49,7875.0,8410,5,0.3531,0.000209
2026-09-03 14:10:14,SPX,7754.33,7657.49,7630.0,464,2757,0.4442,0.000209
2026-09-03 14:10:14,SPX,7754.33,7657.49,7755.0,1597,163,0.1144,0.002947
2026-09-03 14:10:14,SPX,7754.33,7657.49,7750.0,5368,3284,0.1158,0.002947
2026-09-03 14:10:14,SPX,7754.33,7657.49,7760.0,1311,288,0.1131,0.002947
2026-09-03 14:10:14,SPX,7754.33,7657.49,7745.0,1555,217,0.1173,0.002947
2026-09-03 14:10:14,SPX,7754.33,7657.49,7765.0,862,112,0.1116,0.002947
2026-09-03 14:10:14,SPX,7754.33,7657.49,7740.0,1089,661,0.1188,0.002947
2026-09-03 14:10:14,SPX,7754.33,7657.49,7770.0,1292,281,0.1102,0.002947
2026-09-03 14:10:14,SPX,7754.33,7657.49,7735.0,640,227,0.1202,0.002947
2026-09-03 14:10:14,SPX,7754.33,7657.49,7775.0,1985,314,0.109,0.002947
2026-09-03 14:10:14,SPX,7754.33,7657.49,7730.0,1025,376,0.1219,0.002947
2026-09-03 14:10:14,SPX,7754.33,7657.49,7780.0,1256,157,0.1074,0.002947
2026-09-03 14:10:14,SPX,7754.33,7657.49,7725.0,3133,1643,0.1242,0.002947
2026-09-03 14:10:14,SPX,7754.33,7657.49,7785.0,1035,83,0.1059,0.002947
2026-09-03 14:10:14,SPX,7754.33,7657.49,7720.0,1468,873,0.1252,0.002947
2026-09-03 14:10:14,SPX,7754.33,7657.49,7790.0,990,164,0.1048,0.002947
2026-09-03 14:10:14,SPX,7754.33,7657.49,7715.0,2424,479,0.1268,0.002947
2026-09-03 14:10:14,SPX,7754.33,7657.49,7795.0,1283,66,0.1043,0.002947
2026-09-03 14:10:14,SPX,7754.33,7657.49,7710.0,1141,901,0.1286,0.002947
2026-09-03 14:10:14,SPX,7754.33,7657.49,7800.0,5578,820,0.104,0.002947
2026-09-03 14:10:14,SPX,7754.33,7657.49,7705.0,679,352,0.1299,0.002947
2026-09-03 14:10:14,SPX,7754.33,7657.49,7805.0,1064,180,0.104,0.002947
2026-09-03 14:10:14,SPX,7754.33,7657.49,7700.0,4723,3395,0.1319,0.002947
2026-09-03 14:10:14,SPX,7754.33,7657.49,7810.0,2570,148,0.1039,0.002947
2026-09-03 14:10:14,SPX,7754.33,7657.49,7695.0,751,562,0.1333,0.002947
2026-09-03 14:10:14,SPX,7754.33,7657.49,7815.0,986,185,0.104,0.002947
2026-09-03 14:10:14,SPX,7754.33,7657.49,7690.0,708,509,0.1359,0.002947
2026-09-03 14:10:14,SPX,7754.33,7657.49,7820.0,3518,74,0.1042,0.002947
2026-09-03 14:10:14,SPX,7754.33,7657.49,7685.0,653,447,0.1373,0.002947
2026-09-03 14:10:14,SPX,7754.33,7657.49,7825.0,3450,192,0.1047,0.002947
2026-09-03 14:10:14,SPX,7754.33,7657.49,7680.0,2021,1776,0.14,0.002947
2026-09-03 14:10:14,SPX,7754.33,7657.49,7830.0,1761,12,0.1054,0.002947
2026-09-03 14:10:14,SPX,7754.33,7657.49,7675.0,1388,2534,0.1432,0.002947
2026-09-03 14:10:14,SPX,7754.33,7657.49,7835.0,2392,2,0.1065,0.002947
2026-09-03 14:10:14,SPX,7754.33,7657.49,7670.0,1040,1308,0.1449,0.002947
2026-09-03 14:10:14,SPX,7754.33,7657.49,7840.0,892,20,0.108,0.002947
2026-09-03 14:10:14,SPX,7754.33,7657.49,7665.0,582,1256,0.1478,0.002947
2026-09-03 14:10:14,SPX,7754.33,7657.49,7845.0,1098,15,0.1099,0.002947
2026-09-03 14:10:14,SPX,7754.33,7657.49,7660.0,541,724,0.1487,0.002947
2026-09-03 14:10:14,SPX,7754.33,7657.49,7850.0,5694,92,0.1122,0.002947
2026-09-03 14:10:14,SPX,7754.33,7657.49,7655.0,361,660,0.151,0.002947
2026-09-03 14:10:14,SPX,7754.33,7657.49,7855.0,1518,5,0.1148,0.002947
2026-09-03 14:10:14,SPX,7754.33,7657.49,7650.0,1675,4096,0.1534,0.002947
2026-09-03 14:10:14,SPX,7754.33,7657.49,7860.0,1276,25,0.1177,0.002947
2026-09-03 14:10:14,SPX,7754.33,7657.49,7645.0,274,566,0.1567,0.002947
2026-09-03 14:10:14,SPX,7754.33,7657.49,7865.0,749,0,0.1209,0.002947
2026-09-03 14:10:14,SPX,7754.33,7657.49,7640.0,319,1379,0.1581,0.002947
2026-09-03 14:10:14,SPX,7754.33,7657.49,7870.0,802,17,0.1243,0.002947
2026-09-03 14:10:14,SPX,7754.33,7657.49,7635.0,419,652,0.1607,0.002947
2026-09-03 14:10:14,SPX,7754.33,7657.49,7875.0,1108,167,0.1278,0.002947
2026-09-03 14:10:14,SPX,7754.33,7657.49,7630.0,732,1843,0.1634,0.002947
2026-09-03 14:10:14,SPX,7754.33,7657.49,7755.0,399,19,0.0771,0.013898
2026-09-03 14:10:14,SPX,7754.33,7657.49,7750.0,663,482,0.0777,0.013898
2026-09-03 14:10:14,SPX,7754.33,7657.49,7760.0,693,105,0.0763,0.013898
2026-09-03 14:10:14,SPX,7754.33,7657.49,7745.0,952,58,0.0786,0.013898
2026-09-03 14:10:14,SPX,7754.33,7657.49,7765.0,901,38,0.0757,0.013898
2026-09-03 14:10:14,SPX,7754.33,7657.49,7740.0,1063,118,0.0794,0.013898
2026-09-03 14:10:14,SPX,7754.33,7657.49,7770.0,1131,160,0.0752,0.013898
2026-09-03 14:10:14,SPX,7754.33,7657.49,7735.0,380,44,0.0802,0.013898
2026-09-03 14:10:14,SPX,7754.33,7657.49,7775.0,1512,153,0.0747,0.013898
2026-09-03 14:10:14,SPX,7754.33,7657.49,7730.0,547,211,0.0812,0.013898
2026-09-03 14:10:14,SPX,7754.33,7657.49,7780.0,751,0,0.0741,0.013898
2026-09-03 14:10:14,SPX,7754.33,7657.49,7785.0,0,14,0.0733,0.013898
2026-09-03 14:10:14,SPX,7754.33,7657.49,7790.0,1573,0,0.0725,0.013898
2026-09-03 14:10:14,SPX,7754.33,7657.49,7715.0,0,832,0.0835,0.013898
2026-09-03 14:10:14,SPX,7754.33,7657.49,7795.0,1161,10,0.0718,0.013898
2026-09-03 14:10:14,SPX,7754.33,7657.49,7710.0,351,269,0.0847,0.013898
2026-09-03 14:10:14,SPX,7754.33,7657.49,7800.0,3685,979,0.0711,0.013898
2026-09-03 14:10:14,SPX,7754.33,7657.49,7705.0,261,172,0.086,0.013898
2026-09-03 14:10:14,SPX,7754.33,7657.49,7805.0,2563,15,0.0706,0.013898
2026-09-03 14:10:14,SPX,7754.33,7657.49,7700.0,1507,719,0.0867,0.013898
2026-09-03 14:10:14,SPX,7754.33,7657.49,7810.0,903,29,0.0702,0.013898
2026-09-03 14:10:14,SPX,7754.33,7657.49,7695.0,1642,535,0.0874,0.013898
2026-09-03 14:10:14,SPX,7754.33,7657.49,7815.0,713,8,0.0699,0.013898
2026-09-03 14:10:14,SPX,7754.33,7657.49,7690.0,460,986,0.0885,0.013898
2026-09-03 14:10:14,SPX,7754.33,7657.49,7820.0,699,85,0.0696,0.013898
2026-09-03 14:10:14,SPX,7754.33,7657.49,7685.0,190,545,0.0891,0.013898
2026-09-03 14:10:14,SPX,7754.33,7657.49,7825.0,548,25,0.0693,0.013898
2026-09-03 14:10:14,SPX,7754.33,7657.49,7680.0,627,767,0.0901,0.013898
2026-09-03 14:10:14,SPX,7754.33,7657.49,7830.0,1485,48,0.0689,0.013898
2026-09-03 14:10:14,SPX,7754.33,7657.49,7675.0,422,2664,0.0912,0.013898
2026-09-03 14:10:14,SPX,7754.33,7657.49,7835.0,811,0,0.0686,0.013898
2026-09-03 14:10:14,SPX,7754.33,7657.49,7670.0,298,320,0.0928,0.013898
2026-09-03 14:10:14,SPX,7754.33,7657.49,7840.0,678,16,0.0682,0.013898
2026-09-03 14:10:14,SPX,7754.33,7657.49,7665.0,174,219,0.0936,0.013898
2026-09-03 14:10:14,SPX,7754.33,7657.49,7845.0,1012,1,0.0679,0.013898
2026-09-03 14:10:14,SPX,7754.33,7657.49,7660.0,144,639,0.0946,0.013898
2026-09-03 14:10:14,SPX,7754.33,7657.49,7850.0,1863,40,0.0677,0.013898
2026-09-03 14:10:14,SPX,7754.33,7657.49,7655.0,79,402,0.0958,0.013898
2026-09-03 14:10:14,SPX,7754.33,7657.49,7855.0,402,0,0.0676,0.013898
2026-09-03 14:10:14,SPX,7754.33,7657.49,7650.0,706,1134,0.0968,0.013898
2026-09-03 14:10:14,SPX,7754.33,7657.49,7860.0,1270,3,0.0676,0.013898
2026-09-03 14:10:14,SPX,7754.33,7657.49,7645.0,152,219,0.0977,0.013898
2026-09-03 14:10:14,SPX,7754.33,7657.49,7865.0,272,0,0.0677,0.013898
2026-09-03 14:10:14,SPX,7754.33,7657.49,7640.0,156,372,0.099,0.013898
2026-09-03 14:10:14,SPX,7754.33,7657.49,7870.0,350,2,0.068,0.013898
2026-09-03 14:10:14,SPX,7754.33,7657.49,7635.0,116,213,0.1004,0.013898
2026-09-03 14:10:14,SPX,7754.33,7657.49,7875.0,2581,169,0.0684,0.013898
2026-09-03 14:10:14,SPX,7754.33,7657.49,7630.0,193,650,0.1018,0.013898
2026-09-03 14:40:39,SPX,7755.42,7650.18,7755.0,894,92,0.1083,0.000151
2026-09-03 14:40:39,SPX,7755.42,7650.18,7760.0,3166,194,0.1098,0.000151
2026-09-03 14:40:39,SPX,7755.42,7650.18,7750.0,3813,873,0.1104,0.000151
2026-09-03 14:40:39,SPX,7755.42,7650.18,7765.0,1343,71,0.1157,0.000151
2026-09-03 14:40:39,SPX,7755.42,7650.18,7745.0,1787,167,0.1161,0.000151
2026-09-03 14:40:39,SPX,7755.42,7650.18,7770.0,1129,76,0.1253,0.000151
2026-09-03 14:40:39,SPX,7755.42,7650.18,7740.0,3632,311,0.1269,0.000151
2026-09-03 14:40:39,SPX,7755.42,7650.18,7775.0,13357,77,0.1347,0.000151
2026-09-03 14:40:39,SPX,7755.42,7650.18,7735.0,2567,136,0.1403,0.000151
2026-09-03 14:40:39,SPX,7755.42,7650.18,7780.0,5042,44,0.1493,0.000151
2026-09-03 14:40:39,SPX,7755.42,7650.18,7730.0,2283,433,0.1557,0.000151
2026-09-03 14:40:39,SPX,7755.42,7650.18,7785.0,5445,24,0.1672,0.000151
2026-09-03 14:40:39,SPX,7755.42,7650.18,7725.0,2498,303,0.1737,0.000151
2026-09-03 14:40:39,SPX,7755.42,7650.18,7790.0,719,66,0.1787,0.000151
2026-09-03 14:40:39,SPX,7755.42,7650.18,7720.0,5150,281,0.1912,0.000151
2026-09-03 14:40:39,SPX,7755.42,7650.18,7795.0,808,2,0.1879,0.000151
2026-09-03 14:40:39,SPX,7755.42,7650.18,7715.0,2994,195,0.204,0.000151
2026-09-03 14:40:39,SPX,7755.42,7650.18,7800.0,2373,97,0.2006,0.000151
2026-09-03 14:40:39,SPX,7755.42,7650.18,7710.0,2843,414,0.2243,0.000151
2026-09-03 14:40:39,SPX,7755.42,7650.18,7805.0,1187,10,0.2163,0.000151
2026-09-03 14:40:39,SPX,7755.42,7650.18,7705.0,1466,146,0.2475,0.000151
2026-09-03 14:40:39,SPX,7755.42,7650.18,7810.0,799,41,0.2334,0.000151
2026-09-03 14:40:39,SPX,7755.42,7650.18,7700.0,3695,655,0.2596,0.000151
2026-09-03 14:40:39,SPX,7755.42,7650.18,7815.0,444,0,0.2515,0.000151
2026-09-03 14:40:39,SPX,7755.42,7650.18,7695.0,936,322,0.2733,0.000151
2026-09-03 14:40:39,SPX,7755.42,7650.18,7820.0,469,154,0.2696,0.000151
2026-09-03 14:40:39,SPX,7755.42,7650.18,7690.0,2094,521,0.2983,0.000151
2026-09-03 14:40:39,SPX,7755.42,7650.18,7825.0,986,36,0.2869,0.000151
2026-09-03 14:40:39,SPX,7755.42,7650.18,7685.0,699,604,0.3248,0.000151
2026-09-03 14:40:39,SPX,7755.42,7650.18,7830.0,691,33,0.303,0.000151
2026-09-03 14:40:39,SPX,7755.42,7650.18,7680.0,2163,477,0.3449,0.000151
2026-09-03 14:40:39,SPX,7755.42,7650.18,7835.0,509,1,0.3176,0.000151
2026-09-03 14:40:39,SPX,7755.42,7650.18,7675.0,1979,1754,0.3603,0.000151
2026-09-03 14:40:39,SPX,7755.42,7650.18,7840.0,1571,23,0.3307,0.000151
2026-09-03 14:40:39,SPX,7755.42,7650.18,7670.0,1851,1624,0.375,0.000151
2026-09-03 14:40:39,SPX,7755.42,7650.18,7845.0,1157,4,0.3421,0.000151
2026-09-03 14:40:39,SPX,7755.42,7650.18,7665.0,1201,1226,0.3904,0.000151
2026-09-03 14:40:39,SPX,7755.42,7650.18,7850.0,2986,34,0.3517,0.000151
2026-09-03 14:40:39,SPX,7755.42,7650.18,7660.0,792,1145,0.407,0.000151
2026-09-03 14:40:39,SPX,7755.42,7650.18,7855.0,2261,5,0.3599,0.000151
2026-09-03 14:40:39,SPX,7755.42,7650.18,7655.0,395,687,0.4243,0.000151
2026-09-03 14:40:39,SPX,7755.42,7650.18,7860.0,6168,30,0.3667,0.000151
2026-09-03 14:40:39,SPX,7755.42,7650.18,7650.0,922,1967,0.4423,0.000151
2026-09-03 14:40:39,SPX,7755.42,7650.18,7865.0,191,0,0.3722,0.000151
2026-09-03 14:40:39,SPX,7755.42,7650.18,7645.0,456,1329,0.4609,0.000151
2026-09-03 14:40:39,SPX,7755.42,7650.18,7870.0,1099,7,0.3766,0.000151
2026-09-03 14:40:39,SPX,7755.42,7650.18,7640.0,1041,1530,0.4796,0.000151
2026-09-03 14:40:39,SPX,7755.42,7650.18,7875.0,8410,5,0.38,0.000151
2026-09-03 14:40:39,SPX,7755.42,7650.18,7635.0,466,2020,0.4985,0.000151
2026-09-03 14:40:39,SPX,7755.42,7650.18,7880.0,3659,7,0.3823,0.000151
2026-09-03 14:40:39,SPX,7755.42,7650.18,7755.0,1597,163,0.1144,0.002889
2026-09-03 14:40:39,SPX,7755.42,7650.18,7760.0,1311,288,0.113,0.002889
2026-09-03 14:40:39,SPX,7755.42,7650.18,7750.0,5368,3284,0.1158,0.002889
2026-09-03 14:40:39,SPX,7755.42,7650.18,7765.0,862,112,0.1117,0.002889
2026-09-03 14:40:39,SPX,7755.42,7650.18,7745.0,1555,217,0.1172,0.002889
2026-09-03 14:40:39,SPX,7755.42,7650.18,7770.0,1292,281,0.11,0.002889
2026-09-03 14:40:39,SPX,7755.42,7650.18,7740.0,1089,661,0.1186,0.002889
2026-09-03 14:40:39,SPX,7755.42,7650.18,7775.0,1985,314,0.1085,0.002889
2026-09-03 14:40:39,SPX,7755.42,7650.18,7735.0,640,227,0.1199,0.002889
2026-09-03 14:40:39,SPX,7755.42,7650.18,7780.0,1256,157,0.107,0.002889
2026-09-03 14:40:39,SPX,7755.42,7650.18,7730.0,1025,376,0.1216,0.002889
2026-09-03 14:40:39,SPX,7755.42,7650.18,7785.0,1035,83,0.1058,0.002889
2026-09-03 14:40:39,SPX,7755.42,7650.18,7725.0,3133,1643,0.1232,0.002889
2026-09-03 14:40:39,SPX,7755.42,7650.18,7790.0,990,164,0.1051,0.002889
2026-09-03 14:40:39,SPX,7755.42,7650.18,7720.0,1468,873,0.1251,0.002889
2026-09-03 14:40:39,SPX,7755.42,7650.18,7795.0,1283,66,0.1049,0.002889
2026-09-03 14:40:39,SPX,7755.42,7650.18,7715.0,2424,479,0.1266,0.002889
2026-09-03 14:40:39,SPX,7755.42,7650.18,7800.0,5578,820,0.1047,0.002889
2026-09-03 14:40:39,SPX,7755.42,7650.18,7710.0,1141,901,0.1285,0.002889
2026-09-03 14:40:39,SPX,7755.42,7650.18,7805.0,1064,180,0.1046,0.002889
2026-09-03 14:40:39,SPX,7755.42,7650.18,7705.0,679,352,0.1305,0.002889
2026-09-03 14:40:39,SPX,7755.42,7650.18,7810.0,2570,148,0.1045,0.002889
2026-09-03 14:40:39,SPX,7755.42,7650.18,7700.0,4723,3395,0.1316,0.002889
2026-09-03 14:40:39,SPX,7755.42,7650.18,7815.0,986,185,0.1046,0.002889
2026-09-03 14:40:39,SPX,7755.42,7650.18,7695.0,751,562,0.1349,0.002889
2026-09-03 14:40:39,SPX,7755.42,7650.18,7820.0,3518,74,0.1048,0.002889
2026-09-03 14:40:39,SPX,7755.42,7650.18,7690.0,708,509,0.1356,0.002889
2026-09-03 14:40:39,SPX,7755.42,7650.18,7825.0,3450,192,0.1056,0.002889
2026-09-03 14:40:39,SPX,7755.42,7650.18,7685.0,653,447,0.1378,0.002889
2026-09-03 14:40:39,SPX,7755.42,7650.18,7830.0,1761,12,0.1067,0.002889
2026-09-03 14:40:39,SPX,7755.42,7650.18,7680.0,2021,1776,0.1407,0.002889
2026-09-03 14:40:39,SPX,7755.42,7650.18,7835.0,2392,2,0.1082,0.002889
2026-09-03 14:40:39,SPX,7755.42,7650.18,7675.0,1388,2534,0.1425,0.002889
2026-09-03 14:40:39,SPX,7755.42,7650.18,7840.0,892,20,0.11,0.002889
2026-09-03 14:40:39,SPX,7755.42,7650.18,7670.0,1040,1308,0.1458,0.002889
2026-09-03 14:40:39,SPX,7755.42,7650.18,7845.0,1098,15,0.1123,0.002889
2026-09-03 14:40:39,SPX,7755.42,7650.18,7665.0,582,1256,0.147,0.002889
2026-09-03 14:40:39,SPX,7755.42,7650.18,7850.0,5694,92,0.1147,0.002889
2026-09-03 14:40:39,SPX,7755.42,7650.18,7660.0,541,724,0.1496,0.002889
2026-09-03 14:40:39,SPX,7755.42,7650.18,7855.0,1518,5,0.1175,0.002889
2026-09-03 14:40:39,SPX,7755.42,7650.18,7655.0,361,660,0.1526,0.002889
2026-09-03 14:40:39,SPX,7755.42,7650.18,7860.0,1276,25,0.1204,0.002889
2026-09-03 14:40:39,SPX,7755.42,7650.18,7650.0,1675,4096,0.1541,0.002889
2026-09-03 14:40:39,SPX,7755.42,7650.18,7865.0,749,0,0.1235,0.002889
2026-09-03 14:40:39,SPX,7755.42,7650.18,7645.0,274,566,0.1561,0.002889
2026-09-03 14:40:39,SPX,7755.42,7650.18,7870.0,802,17,0.1267,0.002889
2026-09-03 14:40:39,SPX,7755.42,7650.18,7640.0,319,1379,0.1591,0.002889
2026-09-03 14:40:39,SPX,7755.42,7650.18,7875.0,1108,167,0.13,0.002889
2026-09-03 14:40:39,SPX,7755.42,7650.18,7635.0,419,652,0.162,0.002889
2026-09-03 14:40:39,SPX,7755.42,7650.18,7880.0,2952,55,0.1333,0.002889
2026-09-03 14:40:39,SPX,7755.42,7650.18,7755.0,399,19,0.0763,0.01384
2026-09-03 14:40:39,SPX,7755.42,7650.18,7760.0,693,105,0.0756,0.01384
2026-09-03 14:40:39,SPX,7755.42,7650.18,7750.0,663,482,0.0772,0.01384
2026-09-03 14:40:39,SPX,7755.42,7650.18,7765.0,901,38,0.0748,0.01384
2026-09-03 14:40:39,SPX,7755.42,7650.18,7745.0,952,58,0.0779,0.01384
2026-09-03 14:40:39,SPX,7755.42,7650.18,7770.0,1131,160,0.0741,0.01384
2026-09-03 14:40:39,SPX,7755.42,7650.18,7740.0,1063,118,0.0786,0.01384
2026-09-03 14:40:39,SPX,7755.42,7650.18,7775.0,1512,153,0.0735,0.01384
2026-09-03 14:40:39,SPX,7755.42,7650.18,7735.0,380,44,0.0794,0.01384
2026-09-03 14:40:39,SPX,7755.42,7650.18,7780.0,751,74,0.0729,0.01384
2026-09-03 14:40:39,SPX,7755.42,7650.18,7730.0,547,211,0.0802,0.01384
2026-09-03 14:40:39,SPX,7755.42,7650.18,7785.0,540,14,0.0725,0.01384
2026-09-03 14:40:39,SPX,7755.42,7650.18,7725.0,1770,225,0.0812,0.01384
2026-09-03 14:40:39,SPX,7755.42,7650.18,7790.0,1573,40,0.0719,0.01384
2026-09-03 14:40:39,SPX,7755.42,7650.18,7720.0,719,833,0.082,0.01384
2026-09-03 14:40:39,SPX,7755.42,7650.18,7795.0,1161,10,0.0713,0.01384
2026-09-03 14:40:39,SPX,7755.42,7650.18,7715.0,900,832,0.083,0.01384
2026-09-03 14:40:39,SPX,7755.42,7650.18,7800.0,3685,979,0.0706,0.01384
2026-09-03 14:40:39,SPX,7755.42,7650.18,7710.0,351,269,0.0838,0.01384
2026-09-03 14:40:39,SPX,7755.42,7650.18,7805.0,2563,15,0.0699,0.01384
2026-09-03 14:40:39,SPX,7755.42,7650.18,7705.0,261,172,0.085,0.01384
2026-09-03 14:40:39,SPX,7755.42,7650.18,7810.0,903,29,0.0694,0.01384
2026-09-03 14:40:39,SPX,7755.42,7650.18,7700.0,1507,719,0.0856,0.01384
2026-09-03 14:40:39,SPX,7755.42,7650.18,7815.0,713,8,0.069,0.01384
2026-09-03 14:40:39,SPX,7755.42,7650.18,7695.0,1642,535,0.0864,0.01384
2026-09-03 14:40:39,SPX,7755.42,7650.18,7820.0,699,85,0.0688,0.01384
2026-09-03 14:40:39,SPX,7755.42,7650.18,7690.0,460,986,0.0874,0.01384
2026-09-03 14:40:39,SPX,7755.42,7650.18,7825.0,548,25,0.0686,0.01384
2026-09-03 14:40:39,SPX,7755.42,7650.18,7685.0,190,545,0.0889,0.01384
2026-09-03 14:40:39,SPX,7755.42,7650.18,7830.0,1485,48,0.0684,0.01384
2026-09-03 14:40:39,SPX,7755.42,7650.18,7680.0,627,767,0.0897,0.01384
2026-09-03 14:40:39,SPX,7755.42,7650.18,7835.0,811,0,0.0682,0.01384
2026-09-03 14:40:39,SPX,7755.42,7650.18,7675.0,422,2664,0.0905,0.01384
2026-09-03 14:40:39,SPX,7755.42,7650.18,7840.0,678,16,0.068,0.01384
2026-09-03 14:40:39,SPX,7755.42,7650.18,7670.0,298,320,0.0914,0.01384
2026-09-03 14:40:39,SPX,7755.42,7650.18,7845.0,1012,1,0.0678,0.01384
2026-09-03 14:40:39,SPX,7755.42,7650.18,7665.0,174,219,0.0924,0.01384
2026-09-03 14:40:39,SPX,7755.42,7650.18,7850.0,1863,40,0.0676,0.01384
2026-09-03 14:40:39,SPX,7755.42,7650.18,7660.0,144,639,0.0933,0.01384
2026-09-03 14:40:39,SPX,7755.42,7650.18,7855.0,402,0,0.0675,0.01384
2026-09-03 14:40:39,SPX,7755.42,7650.18,7655.0,79,402,0.0945,0.01384
2026-09-03 14:40:39,SPX,7755.42,7650.18,7860.0,1270,3,0.0675,0.01384
2026-09-03 14:40:39,SPX,7755.42,7650.18,7650.0,706,1134,0.0957,0.01384
2026-09-03 14:40:39,SPX,7755.42,7650.18,7865.0,272,0,0.0676,0.01384
2026-09-03 14:40:39,SPX,7755.42,7650.18,7645.0,152,219,0.0969,0.01384
2026-09-03 14:40:39,SPX,7755.42,7650.18,7870.0,350,2,0.0678,0.01384
2026-09-03 14:40:39,SPX,7755.42,7650.18,7640.0,156,372,0.0983,0.01384
2026-09-03 14:40:39,SPX,7755.42,7650.18,7875.0,2581,169,0.0682,0.01384
2026-09-03 14:40:39,SPX,7755.42,7650.18,7635.0,116,213,0.0996,0.01384
2026-09-03 14:40:39,SPX,7755.42,7650.18,7880.0,1171,0,0.0688,0.01384
2026-09-03 15:11:05,SPX,7752.22,7658.47,7750.0,3813,873,0.1057,9.3e-05
2026-09-03 15:11:05,SPX,7752.22,7658.47,7755.0,894,92,0.1046,9.3e-05
2026-09-03 15:11:05,SPX,7752.22,7658.47,7745.0,1787,167,0.1139,9.3e-05
2026-09-03 15:11:05,SPX,7752.22,7658.47,7760.0,3166,194,0.1092,9.3e-05
2026-09-03 15:11:05,SPX,7752.22,7658.47,7740.0,3632,311,0.1291,9.3e-05
2026-09-03 15:11:05,SPX,7752.22,7658.47,7765.0,1343,71,0.1211,9.3e-05
2026-09-03 15:11:05,SPX,7752.22,7658.47,7735.0,2567,136,0.1488,9.3e-05
2026-09-03 15:11:05,SPX,7752.22,7658.47,7770.0,1129,76,0.1388,9.3e-05
2026-09-03 15:11:05,SPX,7752.22,7658.47,7730.0,2283,433,0.1705,9.3e-05
2026-09-03 15:11:05,SPX,7752.22,7658.47,7775.0,13357,77,0.1589,9.3e-05
2026-09-03 15:11:05,SPX,7752.22,7658.47,7725.0,2498,303,0.1938,9.3e-05
2026-09-03 15:11:05,SPX,7752.22,7658.47,7780.0,5042,44,0.1784,9.3e-05
2026-09-03 15:11:05,SPX,7752.22,7658.47,7720.0,5150,281,0.2135,9.3e-05
2026-09-03 15:11:05,SPX,7752.22,7658.47,7785.0,5445,24,0.1965,9.3e-05
2026-09-03 15:11:05,SPX,7752.22,7658.47,7715.0,2994,195,0.2393,9.3e-05
2026-09-03 15:11:05,SPX,7752.22,7658.47,7790.0,719,66,0.2168,9.3e-05
2026-09-03 15:11:05,SPX,7752.22,7658.47,7710.0,2843,414,0.265,9.3e-05
2026-09-03 15:11:05,SPX,7752.22,7658.47,7795.0,808,2,0.2384,9.3e-05
2026-09-03 15:11:05,SPX,7752.22,7658.47,7705.0,1466,146,0.2848,9.3e-05
2026-09-03 15:11:05,SPX,7752.22,7658.47,7800.0,2373,97,0.2596,9.3e-05
2026-09-03 15:11:05,SPX,7752.22,7658.47,7700.0,3695,655,0.3,9.3e-05
2026-09-03 15:11:05,SPX,7752.22,7658.47,7805.0,1187,10,0.2804,9.3e-05
2026-09-03 15:11:05,SPX,7752.22,7658.47,7695.0,936,322,0.3182,9.3e-05
2026-09-03 15:11:05,SPX,7752.22,7658.47,7810.0,799,41,0.3005,9.3e-05
2026-09-03 15:11:05,SPX,7752.22,7658.47,7690.0,2094,521,0.3411,9.3e-05
2026-09-03 15:11:05,SPX,7752.22,7658.47,7815.0,444,0,0.3195,9.3e-05
2026-09-03 15:11:05,SPX,7752.22,7658.47,7685.0,699,604,0.3679,9.3e-05
2026-09-03 15:11:05,SPX,7752.22,7658.47,7820.0,469,154,0.3371,9.3e-05
2026-09-03 15:11:05,SPX,7752.22,7658.47,7680.0,2163,477,0.396,9.3e-05
2026-09-03 15:11:05,SPX,7752.22,7658.47,7825.0,986,36,0.3531,9.3e-05
2026-09-03 15:11:05,SPX,7752.22,7658.47,7675.0,1979,1754,0.4238,9.3e-05
2026-09-03 15:11:05,SPX,7752.22,7658.47,7830.0,691,33,0.3673,9.3e-05
2026-09-03 15:11:05,SPX,7752.22,7658.47,7670.0,1851,1624,0.45,9.3e-05
2026-09-03 15:11:05,SPX,7752.22,7658.47,7835.0,509,1,0.3797,9.3e-05
2026-09-03 15:11:05,SPX,7752.22,7658.47,7665.0,1201,1226,0.4748,9.3e-05
2026-09-03 15:11:05,SPX,7752.22,7658.47,7840.0,1571,23,0.3904,9.3e-05
2026-09-03 15:11:05,SPX,7752.22,7658.47,7660.0,792,1145,0.4978,9.3e-05
2026-09-03 15:11:05,SPX,7752.22,7658.47,7845.0,1157,4,0.3991,9.3e-05
2026-09-03 15:11:05,SPX,7752.22,7658.47,7655.0,395,687,0.5197,9.3e-05
2026-09-03 15:11:05,SPX,7752.22,7658.47,7850.0,2986,34,0.4059,9.3e-05
2026-09-03 15:11:05,SPX,7752.22,7658.47,7650.0,922,1967,0.5406,9.3e-05
2026-09-03 15:11:05,SPX,7752.22,7658.47,7855.0,2261,5,0.4111,9.3e-05
2026-09-03 15:11:05,SPX,7752.22,7658.47,7645.0,456,1329,0.5606,9.3e-05
2026-09-03 15:11:05,SPX,7752.22,7658.47,7860.0,6168,30,0.4147,9.3e-05
2026-09-03 15:11:05,SPX,7752.22,7658.47,7640.0,1041,1530,0.5791,9.3e-05
2026-09-03 15:11:05,SPX,7752.22,7658.47,7865.0,191,0,0.417,9.3e-05
2026-09-03 15:11:05,SPX,7752.22,7658.47,7635.0,466,2020,0.5955,9.3e-05
2026-09-03 15:11:05,SPX,7752.22,7658.47,7870.0,1099,7,0.4181,9.3e-05
2026-09-03 15:11:05,SPX,7752.22,7658.47,7630.0,464,2757,0.6114,9.3e-05
2026-09-03 15:11:05,SPX,7752.22,7658.47,7875.0,8410,5,0.4182,9.3e-05
2026-09-03 15:11:05,SPX,7752.22,7658.47,7750.0,5368,3284,0.1146,0.002831
2026-09-03 15:11:05,SPX,7752.22,7658.47,7755.0,1597,163,0.1122,0.002831
2026-09-03 15:11:05,SPX,7752.22,7658.47,7745.0,1555,217,0.1163,0.002831
2026-09-03 15:11:05,SPX,7752.22,7658.47,7760.0,1311,288,0.1114,0.002831
2026-09-03 15:11:05,SPX,7752.22,7658.47,7740.0,1089,661,0.1182,0.002831
2026-09-03 15:11:05,SPX,7752.22,7658.47,7765.0,862,112,0.1091,0.002831
2026-09-03 15:11:05,SPX,7752.22,7658.47,7735.0,640,227,0.1198,0.002831
2026-09-03 15:11:05,SPX,7752.22,7658.47,7770.0,1292,281,0.1081,0.002831
2026-09-03 15:11:05,SPX,7752.22,7658.47,7730.0,1025,376,0.1208,0.002831
2026-09-03 15:11:05,SPX,7752.22,7658.47,7775.0,1985,314,0.1072,0.002831
2026-09-03 15:11:05,SPX,7752.22,7658.47,7725.0,3133,1643,0.1235,0.002831
2026-09-03 15:11:05,SPX,7752.22,7658.47,7780.0,1256,157,0.1054,0.002831
2026-09-03 15:11:05,SPX,7752.22,7658.47,7720.0,1468,873,0.1247,0.002831
2026-09-03 15:11:05,SPX,7752.22,7658.47,7785.0,1035,83,0.1039,0.002831
2026-09-03 15:11:05,SPX,7752.22,7658.47,7715.0,2424,479,0.1264,0.002831
2026-09-03 15:11:05,SPX,7752.22,7658.47,7790.0,990,164,0.104,0.002831
2026-09-03 15:11:05,SPX,7752.22,7658.47,7710.0,1141,901,0.128,0.002831
2026-09-03 15:11:05,SPX,7752.22,7658.47,7795.0,1283,66,0.1029,0.002831
2026-09-03 15:11:05,SPX,7752.22,7658.47,7705.0,679,352,0.1303,0.002831
2026-09-03 15:11:05,SPX,7752.22,7658.47,7800.0,5578,820,0.1027,0.002831
2026-09-03 15:11:05,SPX,7752.22,7658.47,7700.0,4723,3395,0.1319,0.002831
2026-09-03 15:11:05,SPX,7752.22,7658.47,7805.0,1064,180,0.1025,0.002831
2026-09-03 15:11:05,SPX,7752.22,7658.47,7695.0,751,562,0.1355,0.002831
2026-09-03 15:11:05,SPX,7752.22,7658.47,7810.0,2570,148,0.1027,0.002831
2026-09-03 15:11:05,SPX,7752.22,7658.47,7690.0,708,509,0.1356,0.002831
2026-09-03 15:11:05,SPX,7752.22,7658.47,7815.0,986,185,0.1028,0.002831
2026-09-03 15:11:05,SPX,7752.22,7658.47,7685.0,653,447,0.138,0.002831
2026-09-03 15:11:05,SPX,7752.22,7658.47,7820.0,3518,74,0.103,0.002831
2026-09-03 15:11:05,SPX,7752.22,7658.47,7680.0,2021,1776,0.1409,0.002831
2026-09-03 15:11:05,SPX,7752.22,7658.47,7825.0,3450,192,0.1033,0.002831
2026-09-03 15:11:05,SPX,7752.22,7658.47,7675.0,1388,2534,0.1433,0.002831
2026-09-03 15:11:05,SPX,7752.22,7658.47,7830.0,1761,12,0.1041,0.002831
2026-09-03 15:11:05,SPX,7752.22,7658.47,7670.0,1040,1308,0.1464,0.002831
2026-09-03 15:11:05,SPX,7752.22,7658.47,7835.0,2392,2,0.1058,0.002831
2026-09-03 15:11:05,SPX,7752.22,7658.47,7665.0,582,1256,0.1472,0.002831
2026-09-03 15:11:05,SPX,7752.22,7658.47,7840.0,892,20,0.1081,0.002831
2026-09-03 15:11:05,SPX,7752.22,7658.47,7660.0,541,724,0.15,0.002831
2026-09-03 15:11:05,SPX,7752.22,7658.47,7845.0,1098,15,0.1107,0.002831
2026-09-03 15:11:05,SPX,7752.22,7658.47,7655.0,361,660,0.152,0.002831
2026-09-03 15:11:05,SPX,7752.22,7658.47,7850.0,5694,92,0.1135,0.002831
2026-09-03 15:11:05,SPX,7752.22,7658.47,7650.0,1675,4096,0.1547,0.002831
2026-09-03 15:11:05,SPX,7752.22,7658.47,7855.0,1518,5,0.1162,0.002831
2026-09-03 15:11:05,SPX,7752.22,7658.47,7645.0,274,566,0.1569,0.002831
2026-09-03 15:11:05,SPX,7752.22,7658.47,7860.0,1276,25,0.119,0.002831
2026-09-03 15:11:05,SPX,7752.22,7658.47,7640.0,319,1379,0.1599,0.002831
2026-09-03 15:11:05,SPX,7752.22,7658.47,7865.0,749,0,0.1218,0.002831
2026-09-03 15:11:05,SPX,7752.22,7658.47,7635.0,419,652,0.162,0.002831
2026-09-03 15:11:05,SPX,7752.22,7658.47,7870.0,802,17,0.1248,0.002831
2026-09-03 15:11:05,SPX,7752.22,7658.47,7630.0,732,1843,0.1648,0.002831
2026-09-03 15:11:05,SPX,7752.22,7658.47,7875.0,1108,167,0.128,0.002831
2026-09-03 15:11:05,SPX,7752.22,7658.47,7750.0,663,482,0.0749,0.013782
2026-09-03 15:11:05,SPX,7752.22,7658.47,7755.0,399,19,0.0741,0.013782
2026-09-03 15:11:05,SPX,7752.22,7658.47,7745.0,952,58,0.0757,0.013782
2026-09-03 15:11:05,SPX,7752.22,7658.47,7760.0,693,105,0.0734,0.013782
2026-09-03 15:11:05,SPX,7752.22,7658.47,7740.0,1063,118,0.0764,0.013782
2026-09-03 15:11:05,SPX,7752.22,7658.47,7765.0,901,38,0.0729,0.013782
2026-09-03 15:11:05,SPX,7752.22,7658.47,7735.0,380,44,0.0773,0.013782
2026-09-03 15:11:05,SPX,7752.22,7658.47,7770.0,1131,160,0.0722,0.013782
2026-09-03 15:11:05,SPX,7752.22,7658.47,7730.0,547,211,0.0784,0.013782
2026-09-03 15:11:05,SPX,7752.22,7658.47,7775.0,1512,153,0.0715,0.013782
2026-09-03 15:11:05,SPX,7752.22,7658.47,7725.0,1770,225,0.0791,0.013782
2026-09-03 15:11:05,SPX,7752.22,7658.47,7780.0,751,74,0.0708,0.013782
2026-09-03 15:11:05,SPX,7752.22,7658.47,7720.0,719,833,0.0802,0.013782
2026-09-03 15:11:05,SPX,7752.22,7658.47,7785.0,540,14,0.07,0.013782
2026-09-03 15:11:05,SPX,7752.22,7658.47,7715.0,900,832,0.0808,0.013782
2026-09-03 15:11:05,SPX,7752.22,7658.47,7790.0,1573,40,0.0693,0.013782
2026-09-03 15:11:05,SPX,7752.22,7658.47,7710.0,351,269,0.0819,0.013782
2026-09-03 15:11:05,SPX,7752.22,7658.47,7795.0,1161,10,0.0686,0.013782
2026-09-03 15:11:05,SPX,7752.22,7658.47,7705.0,261,172,0.0827,0.013782
2026-09-03 15:11:05,SPX,7752.22,7658.47,7800.0,3685,979,0.068,0.013782
2026-09-03 15:11:05,SPX,7752.22,7658.47,7700.0,1507,719,0.084,0.013782
2026-09-03 15:11:05,SPX,7752.22,7658.47,7805.0,2563,15,0.0677,0.013782
2026-09-03 15:11:05,SPX,7752.22,7658.47,7695.0,1642,535,0.0847,0.013782
2026-09-03 15:11:05,SPX,7752.22,7658.47,7810.0,903,29,0.0674,0.013782
2026-09-03 15:11:05,SPX,7752.22,7658.47,7690.0,460,986,0.0856,0.013782
2026-09-03 15:11:05,SPX,7752.22,7658.47,7815.0,713,8,0.0671,0.013782
2026-09-03 15:11:05,SPX,7752.22,7658.47,7685.0,190,545,0.0868,0.013782
2026-09-03 15:11:05,SPX,7752.22,7658.47,7820.0,699,85,0.0668,0.013782
2026-09-03 15:11:05,SPX,7752.22,7658.47,7680.0,627,767,0.0876,0.013782
2026-09-03 15:11:05,SPX,7752.22,7658.47,7825.0,548,25,0.0665,0.013782
2026-09-03 15:11:05,SPX,7752.22,7658.47,7675.0,422,2664,0.0886,0.013782
2026-09-03 15:11:05,SPX,7752.22,7658.47,7830.0,1485,48,0.0662,0.013782
2026-09-03 15:11:05,SPX,7752.22,7658.47,7670.0,298,320,0.0899,0.013782
2026-09-03 15:11:05,SPX,7752.22,7658.47,7835.0,811,0,0.0658,0.013782
2026-09-03 15:11:05,SPX,7752.22,7658.47,7665.0,174,219,0.0909,0.013782
2026-09-03 15:11:05,SPX,7752.22,7658.47,7840.0,678,16,0.0655,0.013782
2026-09-03 15:11:05,SPX,7752.22,7658.47,7660.0,144,639,0.0921,0.013782
2026-09-03 15:11:05,SPX,7752.22,7658.47,7845.0,1012,1,0.0653,0.013782
2026-09-03 15:11:05,SPX,7752.22,7658.47,7655.0,79,402,0.0936,0.013782
2026-09-03 15:11:05,SPX,7752.22,7658.47,7850.0,1863,40,0.0651,0.013782
2026-09-03 15:11:05,SPX,7752.22,7658.47,7650.0,706,1134,0.0948,0.013782
2026-09-03 15:11:05,SPX,7752.22,7658.47,7855.0,402,0,0.0651,0.013782
2026-09-03 15:11:05,SPX,7752.22,7658.47,7645.0,152,219,0.0955,0.013782
2026-09-03 15:11:05,SPX,7752.22,7658.47,7860.0,1270,3,0.0651,0.013782
2026-09-03 15:11:05,SPX,7752.22,7658.47,7640.0,156,372,0.0967,0.013782
2026-09-03 15:11:05,SPX,7752.22,7658.47,7865.0,272,0,0.0654,0.013782
2026-09-03 15:11:05,SPX,7752.22,7658.47,7635.0,116,213,0.0981,0.013782
2026-09-03 15:11:05,SPX,7752.22,7658.47,7870.0,350,2,0.0657,0.013782
2026-09-03 15:11:05,SPX,7752.22,7658.47,7630.0,193,650,0.0994,0.013782
2026-09-03 15:11:05,SPX,7752.22,7658.47,7875.0,2581,169,0.0662,0.013782
2026-09-03 15:41:31,SPX,7751.63,7660.48,7750.0,3813,873,0.1261,3.5e-05
2026-09-03 15:41:31,SPX,7751.63,7660.48,7755.0,894,92,0.1272,3.5e-05
2026-09-03 15:41:31,SPX,7751.63,7660.48,7745.0,1787,167,0.1368,3.5e-05
2026-09-03 15:41:31,SPX,7751.63,7660.48,7760.0,3166,194,0.1399,3.5e-05
2026-09-03 15:41:31,SPX,7751.63,7660.48,7740.0,3632,311,0.16,3.5e-05
2026-09-03 15:41:31,SPX,7751.63,7660.48,7765.0,1343,71,0.1607,3.5e-05
2026-09-03 15:41:31,SPX,7751.63,7660.48,7735.0,2567,136,0.1908,3.5e-05
2026-09-03 15:41:31,SPX,7751.63,7660.48,7770.0,1129,76,0.1834,3.5e-05
2026-09-03 15:41:31,SPX,7751.63,7660.48,7730.0,2283,433,0.2215,3.5e-05
2026-09-03 15:41:31,SPX,7751.63,7660.48,7775.0,13357,77,0.2087,3.5e-05
2026-09-03 15:41:31,SPX,7751.63,7660.48,7725.0,2498,303,0.2558,3.5e-05
2026-09-03 15:41:31,SPX,7751.63,7660.48,7780.0,5042,44,0.2336,3.5e-05
2026-09-03 15:41:31,SPX,7751.63,7660.48,7720.0,5150,281,0.2885,3.5e-05
2026-09-03 15:41:31,SPX,7751.63,7660.48,7785.0,5445,24,0.2561,3.5e-05
2026-09-03 15:41:31,SPX,7751.63,7660.48,7715.0,2994,195,0.327,3.5e-05
2026-09-03 15:41:31,SPX,7751.63,7660.48,7790.0,719,66,0.2775,3.5e-05
2026-09-03 15:41:31,SPX,7751.63,7660.48,7710.0,2843,414,0.3605,3.5e-05
2026-09-03 15:41:31,SPX,7751.63,7660.48,7795.0,808,2,0.2997,3.5e-05
2026-09-03 15:41:31,SPX,7751.63,7660.48,7705.0,1466,146,0.3914,3.5e-05
2026-09-03 15:41:31,SPX,7751.63,7660.48,7800.0,2373,97,0.3219,3.5e-05
2026-09-03 15:41:31,SPX,7751.63,7660.48,7700.0,3695,655,0.4238,3.5e-05
2026-09-03 15:41:31,SPX,7751.63,7660.48,7805.0,1187,10,0.3434,3.5e-05
2026-09-03 15:41:31,SPX,7751.63,7660.48,7695.0,936,322,0.4538,3.5e-05
2026-09-03 15:41:31,SPX,7751.63,7660.48,7810.0,799,41,0.3632,3.5e-05
2026-09-03 15:41:31,SPX,7751.63,7660.48,7690.0,2094,521,0.4795,3.5e-05
2026-09-03 15:41:31,SPX,7751.63,7660.48,7815.0,444,0,0.3803,3.5e-05
2026-09-03 15:41:31,SPX,7751.63,7660.48,7685.0,699,604,0.5021,3.5e-05
2026-09-03 15:41:31,SPX,7751.63,7660.48,7820.0,469,154,0.3945,3.5e-05
2026-09-03 15:41:31,SPX,7751.63,7660.48,7680.0,2163,477,0.5224,3.5e-05
2026-09-03 15:41:31,SPX,7751.63,7660.48,7825.0,986,36,0.4058,3.5e-05
2026-09-03 15:41:31,SPX,7751.63,7660.48,7675.0,1979,1754,0.5407,3.5e-05
2026-09-03 15:41:31,SPX,7751.63,7660.48,7830.0,691,33,0.4143,3.5e-05
2026-09-03 15:41:31,SPX,7751.63,7660.48,7670.0,1851,1624,0.5569,3.5e-05
2026-09-03 15:41:31,SPX,7751.63,7660.48,7835.0,509,1,0.4206,3.5e-05
2026-09-03 15:41:31,SPX,7751.63,7660.48,7665.0,1201,1226,0.5717,3.5e-05
2026-09-03 15:41:31,SPX,7751.63,7660.48,7840.0,1571,23,0.425,3.5e-05
2026-09-03 15:41:31,SPX,7751.63,7660.48,7660.0,792,1145,0.5853,3.5e-05
2026-09-03 15:41:31,SPX,7751.63,7660.48,7845.0,1157,4,0.4277,3.5e-05
2026-09-03 15:41:31,SPX,7751.63,7660.48,7655.0,395,687,0.5977,3.5e-05
2026-09-03 15:41:31,SPX,7751.63,7660.48,7850.0,2986,34,0.429,3.5e-05
2026-09-03 15:41:31,SPX,7751.63,7660.48,7650.0,922,1967,0.609,3.5e-05
2026-09-03 15:41:31,SPX,7751.63,7660.48,7855.0,2261,5,0.4294,3.5e-05
2026-09-03 15:41:31,SPX,7751.63,7660.48,7645.0,456,1329,0.6192,3.5e-05
2026-09-03 15:41:31,SPX,7751.63,7660.48,7860.0,6168,30,0.429,3.5e-05
2026-09-03 15:41:31,SPX,7751.63,7660.48,7640.0,1041,1530,0.6279,3.5e-05
2026-09-03 15:41:31,SPX,7751.63,7660.48,7865.0,191,0,0.4279,3.5e-05
2026-09-03 15:41:31,SPX,7751.63,7660.48,7635.0,466,2020,0.635,3.5e-05
2026-09-03 15:41:31,SPX,7751.63,7660.48,7870.0,1099,7,0.4264,3.5e-05
2026-09-03 15:41:31,SPX,7751.63,7660.48,7630.0,464,2757,0.6411,3.5e-05
2026-09-03 15:41:31,SPX,7751.63,7660.48,7875.0,8410,5,0.4246,3.5e-05
2026-09-03 15:41:31,SPX,7751.63,7660.48,7750.0,5368,3284,0.1161,0.002773
2026-09-03 15:41:31,SPX,7751.63,7660.48,7755.0,1597,163,0.1145,0.002773
2026-09-03 15:41:31,SPX,7751.63,7660.48,7745.0,1555,217,0.1177,0.002773
2026-09-03 15:41:31,SPX,7751.63,7660.48,7760.0,1311,288,0.1131,0.002773
2026-09-03 15:41:31,SPX,7751.63,7660.48,7740.0,1089,661,0.1187,0.002773
2026-09-03 15:41:31,SPX,7751.63,7660.48,7765.0,862,112,0.1117,0.002773
2026-09-03 15:41:31,SPX,7751.63,7660.48,7735.0,640,227,0.1201,0.002773
2026-09-03 15:41:31,SPX,7751.63,7660.48,7770.0,1292,281,0.1107,0.002773
2026-09-03 15:41:31,SPX,7751.63,7660.48,7730.0,1025,376,0.122,0.002773
2026-09-03 15:41:31,SPX,7751.63,7660.48,7775.0,1985,314,0.1098,0.002773
2026-09-03 15:41:31,SPX,7751.63,7660.48,7725.0,3133,1643,0.1237,0.002773
2026-09-03 15:41:31,SPX,7751.63,7660.48,7780.0,1256,157,0.1086,0.002773
2026-09-03 15:41:31,SPX,7751.63,7660.48,7720.0,1468,873,0.1253,0.002773
2026-09-03 15:41:31,SPX,7751.63,7660.48,7785.0,1035,83,0.1078,0.002773
2026-09-03 15:41:31,SPX,7751.63,7660.48,7715.0,2424,479,0.1263,0.002773
2026-09-03 15:41:31,SPX,7751.63,7660.48,7790.0,990,164,0.1077,0.002773
2026-09-03 15:41:31,SPX,7751.63,7660.48,7710.0,1141,901,0.1277,0.002773
2026-09-03 15:41:31,SPX,7751.63,7660.48,7795.0,1283,66,0.1073,0.002773
2026-09-03 15:41:31,SPX,7751.63,7660.48,7705.0,679,352,0.1298,0.002773
2026-09-03 15:41:31,SPX,7751.63,7660.48,7800.0,5578,820,0.1073,0.002773
2026-09-03 15:41:31,SPX,7751.63,7660.48,7700.0,4723,3395,0.1317,0.002773
2026-09-03 15:41:31,SPX,7751.63,7660.48,7805.0,1064,180,0.1061,0.002773
2026-09-03 15:41:31,SPX,7751.63,7660.48,7695.0,751,562,0.1332,0.002773
2026-09-03 15:41:31,SPX,7751.63,7660.48,7810.0,2570,148,0.1067,0.002773
2026-09-03 15:41:31,SPX,7751.63,7660.48,7690.0,708,509,0.1347,0.002773
2026-09-03 15:41:31,SPX,7751.63,7660.48,7815.0,986,185,0.1069,0.002773
2026-09-03 15:41:31,SPX,7751.63,7660.48,7685.0,653,447,0.1362,0.002773
2026-09-03 15:41:31,SPX,7751.63,7660.48,7820.0,3518,74,0.1078,0.002773
2026-09-03 15:41:31,SPX,7751.63,7660.48,7680.0,2021,1776,0.1379,0.002773
2026-09-03 15:41:31,SPX,7751.63,7660.48,7825.0,3450,192,0.1086,0.002773
2026-09-03 15:41:31,SPX,7751.63,7660.48,7675.0,1388,2534,0.1402,0.002773
2026-09-03 15:41:31,SPX,7751.63,7660.48,7830.0,1761,12,0.1097,0.002773
2026-09-03 15:41:31,SPX,7751.63,7660.48,7670.0,1040,1308,0.142,0.002773
2026-09-03 15:41:31,SPX,7751.63,7660.48,7835.0,2392,2,0.1113,0.002773
2026-09-03 15:41:31,SPX,7751.63,7660.48,7665.0,582,1256,0.1443,0.002773
2026-09-03 15:41:31,SPX,7751.63,7660.48,7840.0,892,20,0.1135,0.002773
2026-09-03 15:41:31,SPX,7751.63,7660.48,7660.0,541,724,0.1472,0.002773
2026-09-03 15:41:31,SPX,7751.63,7660.48,7845.0,1098,15,0.1161,0.002773
2026-09-03 15:41:31,SPX,7751.63,7660.48,7655.0,361,660,0.1496,0.002773
2026-09-03 15:41:31,SPX,7751.63,7660.48,7850.0,5694,92,0.1187,0.002773
2026-09-03 15:41:31,SPX,7751.63,7660.48,7650.0,1675,4096,0.1513,0.002773
2026-09-03 15:41:31,SPX,7751.63,7660.48,7855.0,1518,5,0.1212,0.002773
2026-09-03 15:41:31,SPX,7751.63,7660.48,7645.0,274,566,0.1537,0.002773
2026-09-03 15:41:31,SPX,7751.63,7660.48,7860.0,1276,25,0.1235,0.002773
2026-09-03 15:41:31,SPX,7751.63,7660.48,7640.0,319,1379,0.1564,0.002773
2026-09-03 15:41:31,SPX,7751.63,7660.48,7865.0,749,0,0.1259,0.002773
2026-09-03 15:41:31,SPX,7751.63,7660.48,7635.0,419,652,0.1589,0.002773
2026-09-03 15:41:31,SPX,7751.63,7660.48,7870.0,802,17,0.1284,0.002773
2026-09-03 15:41:31,SPX,7751.63,7660.48,7630.0,732,0,0.1612,0.002773
2026-09-03 15:41:31,SPX,7751.63,7660.48,7875.0,1108,167,0.131,0.002773
2026-09-03 15:41:31,SPX,7751.63,7660.48,7750.0,663,482,0.0762,0.013724
2026-09-03 15:41:31,SPX,7751.63,7660.48,7755.0,399,19,0.0755,0.013724
2026-09-03 15:41:31,SPX,7751.63,7660.48,7745.0,952,58,0.0769,0.013724
2026-09-03 15:41:31,SPX,7751.63,7660.48,7760.0,693,105,0.075,0.013724
2026-09-03 15:41:31,SPX,7751.63,7660.48,7740.0,1063,118,0.0776,0.013724
2026-09-03 15:41:31,SPX,7751.63,7660.48,7765.0,901,38,0.0745,0.013724
2026-09-03 15:41:31,SPX,7751.63,7660.48,7735.0,380,44,0.0784,0.013724
2026-09-03 15:41:31,SPX,7751.63,7660.48,7770.0,1131,160,0.074,0.013724
2026-09-03 15:41:31,SPX,7751.63,7660.48,7730.0,547,211,0.0791,0.013724
2026-09-03 15:41:31,SPX,7751.63,7660.48,7775.0,1512,153,0.0736,0.013724
2026-09-03 15:41:31,SPX,7751.63,7660.48,7725.0,1770,225,0.0798,0.013724
2026-09-03 15:41:31,SPX,7751.63,7660.48,7780.0,751,74,0.0731,0.013724
2026-09-03 15:41:31,SPX,7751.63,7660.48,7720.0,719,833,0.0807,0.013724
2026-09-03 15:41:31,SPX,7751.63,7660.48,7785.0,540,14,0.0724,0.013724
2026-09-03 15:41:31,SPX,7751.63,7660.48,7715.0,900,832,0.0816,0.013724
2026-09-03 15:41:31,SPX,7751.63,7660.48,7790.0,1573,40,0.0716,0.013724
2026-09-03 15:41:31,SPX,7751.63,7660.48,7710.0,351,269,0.0825,0.013724
2026-09-03 15:41:31,SPX,7751.63,7660.48,7795.0,1161,10,0.0709,0.013724
2026-09-03 15:41:31,SPX,7751.63,7660.48,7705.0,261,172,0.0833,0.013724
2026-09-03 15:41:31,SPX,7751.63,7660.48,7800.0,3685,979,0.0704,0.013724
2026-09-03 15:41:31,SPX,7751.63,7660.48,7700.0,1507,719,0.0845,0.013724
2026-09-03 15:41:31,SPX,7751.63,7660.48,7805.0,2563,15,0.0701,0.013724
2026-09-03 15:41:31,SPX,7751.63,7660.48,7695.0,1642,535,0.0851,0.013724
2026-09-03 15:41:31,SPX,7751.63,7660.48,7810.0,903,29,0.0699,0.013724
2026-09-03 15:41:31,SPX,7751.63,7660.48,7690.0,460,986,0.086,0.013724
2026-09-03 15:41:31,SPX,7751.63,7660.48,7815.0,713,8,0.0696,0.013724
2026-09-03 15:41:31,SPX,7751.63,7660.48,7685.0,190,545,0.0868,0.013724
2026-09-03 15:41:31,SPX,7751.63,7660.48,7820.0,699,85,0.0693,0.013724
2026-09-03 15:41:31,SPX,7751.63,7660.48,7680.0,627,767,0.0877,0.013724
2026-09-03 15:41:31,SPX,7751.63,7660.48,7825.0,548,25,0.069,0.013724
2026-09-03 15:41:31,SPX,7751.63,7660.48,7675.0,422,2664,0.0886,0.013724
2026-09-03 15:41:31,SPX,7751.63,7660.48,7830.0,1485,48,0.0686,0.013724
2026-09-03 15:41:31,SPX,7751.63,7660.48,7670.0,298,320,0.0894,0.013724
2026-09-03 15:41:31,SPX,7751.63,7660.48,7835.0,811,0,0.0682,0.013724
2026-09-03 15:41:31,SPX,7751.63,7660.48,7665.0,174,219,0.0908,0.013724
2026-09-03 15:41:31,SPX,7751.63,7660.48,7840.0,678,16,0.0679,0.013724
2026-09-03 15:41:31,SPX,7751.63,7660.48,7660.0,144,639,0.0916,0.013724
2026-09-03 15:41:31,SPX,7751.63,7660.48,7845.0,1012,1,0.0677,0.013724
2026-09-03 15:41:31,SPX,7751.63,7660.48,7655.0,79,402,0.0928,0.013724
2026-09-03 15:41:31,SPX,7751.63,7660.48,7850.0,1863,40,0.0676,0.013724
2026-09-03 15:41:31,SPX,7751.63,7660.48,7650.0,706,1134,0.0938,0.013724
2026-09-03 15:41:31,SPX,7751.63,7660.48,7855.0,402,0,0.0676,0.013724
2026-09-03 15:41:31,SPX,7751.63,7660.48,7645.0,152,219,0.0947,0.013724
2026-09-03 15:41:31,SPX,7751.63,7660.48,7860.0,1270,3,0.0677,0.013724
2026-09-03 15:41:31,SPX,7751.63,7660.48,7640.0,156,372,0.096,0.013724
2026-09-03 15:41:31,SPX,7751.63,7660.48,7865.0,272,0,0.0679,0.013724
2026-09-03 15:41:31,SPX,7751.63,7660.48,7635.0,116,213,0.0972,0.013724
2026-09-03 15:41:31,SPX,7751.63,7660.48,7870.0,350,2,0.0682,0.013724
2026-09-03 15:41:31,SPX,7751.63,7660.48,7630.0,193,650,0.0983,0.013724
2026-09-03 15:41:31,SPX,7751.63,7660.48,7875.0,2581,169,0.0686,0.013724
