timestamp,symbol,spot,gflip,strike,oi_call,oi_put,iv,T
2026-08-21 09:32:02,SPX,7672.87,7702.46,7675.0,1284,2161,0.1683,0.000738
2026-08-21 09:32:02,SPX,7672.87,7702.46,7670.0,976,1623,0.1692,0.000738
2026-08-21 09:32:02,SPX,7672.87,7702.46,7680.0,1741,1521,0.1655,0.000738
2026-08-21 09:32:02,SPX,7672.87,7702.46,7665.0,965,2802,0.172,0.000738
2026-08-21 09:32:02,SPX,7672.87,7702.46,7685.0,2194,4003,0.1651,0.000738
2026-08-21 09:32:02,SPX,7672.87,7702.46,7660.0,1554,1346,0.1753,0.000738
2026-08-21 09:32:02,SPX,7672.87,7702.46,7690.0,2301,1257,0.1651,0.000738
2026-08-21 09:32:02,SPX,7672.87,7702.46,7655.0,705,1433,0.1793,0.000738
2026-08-21 09:32:02,SPX,7672.87,7702.46,7695.0,1534,1764,0.1659,0.000738
2026-08-21 09:32:02,SPX,7672.87,7702.46,7650.0,1528,3444,0.183,0.000738
2026-08-21 09:32:02,SPX,7672.87,7702.46,7700.0,8404,5589,0.1673,0.000738
2026-08-21 09:32:02,SPX,7672.87,7702.46,7645.0,425,1972,0.1851,0.000738
2026-08-21 09:32:02,SPX,7672.87,7702.46,7705.0,1364,1283,0.169,0.000738
2026-08-21 09:32:02,SPX,7672.87,7702.46,7640.0,679,6643,0.1917,0.000738
2026-08-21 09:32:02,SPX,7672.87,7702.46,7710.0,1929,990,0.1705,0.000738
2026-08-21 09:32:02,SPX,7672.87,7702.46,7635.0,612,2060,0.1965,0.000738
2026-08-21 09:32:02,SPX,7672.87,7702.46,7715.0,1908,763,0.1724,0.000738
2026-08-21 09:32:02,SPX,7672.87,7702.46,7630.0,351,2184,0.2016,0.000738
2026-08-21 09:32:02,SPX,7672.87,7702.46,7720.0,3159,871,0.1753,0.000738
2026-08-21 09:32:02,SPX,7672.87,7702.46,7625.0,692,3071,0.2047,0.000738
2026-08-21 09:32:02,SPX,7672.87,7702.46,7725.0,2422,1444,0.1789,0.000738
2026-08-21 09:32:02,SPX,7672.87,7702.46,7620.0,544,2919,0.2103,0.000738
2026-08-21 09:32:02,SPX,7672.87,7702.46,7730.0,3093,885,0.1829,0.000738
2026-08-21 09:32:02,SPX,7672.87,7702.46,7615.0,279,1428,0.2138,0.000738
2026-08-21 09:32:02,SPX,7672.87,7702.46,7735.0,2720,535,0.1869,0.000738
2026-08-21 09:32:02,SPX,7672.87,7702.46,7610.0,423,2272,0.219,0.000738
2026-08-21 09:32:02,SPX,7672.87,7702.46,7740.0,1683,492,0.1894,0.000738
2026-08-21 09:32:02,SPX,7672.87,7702.46,7605.0,263,1844,0.2251,0.000738
2026-08-21 09:32:02,SPX,7672.87,7702.46,7745.0,1544,925,0.1933,0.000738
2026-08-21 09:32:02,SPX,7672.87,7702.46,7600.0,1940,7126,0.2279,0.000738
2026-08-21 09:32:02,SPX,7672.87,7702.46,7750.0,5025,2644,0.1989,0.000738
2026-08-21 09:32:02,SPX,7672.87,7702.46,7595.0,184,1675,0.2292,0.000738
2026-08-21 09:32:02,SPX,7672.87,7702.46,7755.0,1388,590,0.2045,0.000738
2026-08-21 09:32:02,SPX,7672.87,7702.46,7590.0,327,5069,0.2357,0.000738
2026-08-21 09:32:02,SPX,7672.87,7702.46,7760.0,1957,803,0.2098,0.000738
2026-08-21 09:32:02,SPX,7672.87,7702.46,7585.0,314,1414,0.2437,0.000738
2026-08-21 09:32:02,SPX,7672.87,7702.46,7765.0,1431,386,0.2142,0.000738
2026-08-21 09:32:02,SPX,7672.87,7702.46,7580.0,1359,2203,0.2458,0.000738
2026-08-21 09:32:02,SPX,7672.87,7702.46,7770.0,2220,610,0.2179,0.000738
2026-08-21 09:32:02,SPX,7672.87,7702.46,7575.0,1646,1841,0.2494,0.000738
2026-08-21 09:32:02,SPX,7672.87,7702.46,7775.0,3706,948,0.2212,0.000738
2026-08-21 09:32:02,SPX,7672.87,7702.46,7570.0,284,1500,0.2526,0.000738
2026-08-21 09:32:02,SPX,7672.87,7702.46,7780.0,3086,1068,0.2246,0.000738
2026-08-21 09:32:02,SPX,7672.87,7702.46,7565.0,145,1828,0.2574,0.000738
2026-08-21 09:32:02,SPX,7672.87,7702.46,7785.0,2538,562,0.2286,0.000738
2026-08-21 09:32:02,SPX,7672.87,7702.46,7560.0,608,1966,0.2636,0.000738
2026-08-21 09:32:02,SPX,7672.87,7702.46,7790.0,2013,536,0.2332,0.000738
2026-08-21 09:32:02,SPX,7672.87,7702.46,7555.0,550,1410,0.2702,0.000738
2026-08-21 09:32:02,SPX,7672.87,7702.46,7795.0,1194,259,0.2385,0.000738
2026-08-21 09:32:02,SPX,7672.87,7702.46,7550.0,2065,5715,0.2764,0.000738
2026-08-21 09:32:02,SPX,7672.87,7702.46,7675.0,395,1094,0.0835,0.008951
2026-08-21 09:32:02,SPX,7672.87,7702.46,7670.0,264,940,0.0845,0.008951
2026-08-21 09:32:02,SPX,7672.87,7702.46,7680.0,318,503,0.0828,0.008951
2026-08-21 09:32:02,SPX,7672.87,7702.46,7665.0,150,615,0.0854,0.008951
2026-08-21 09:32:02,SPX,7672.87,7702.46,7685.0,276,266,0.0821,0.008951
2026-08-21 09:32:02,SPX,7672.87,7702.46,7660.0,391,403,0.0862,0.008951
2026-08-21 09:32:02,SPX,7672.87,7702.46,7690.0,232,1008,0.0817,0.008951
2026-08-21 09:32:02,SPX,7672.87,7702.46,7655.0,541,565,0.0871,0.008951
2026-08-21 09:32:02,SPX,7672.87,7702.46,7695.0,234,224,0.0812,0.008951
2026-08-21 09:32:02,SPX,7672.87,7702.46,7650.0,955,2020,0.0883,0.008951
2026-08-21 09:32:02,SPX,7672.87,7702.46,7700.0,2042,4704,0.0807,0.008951
2026-08-21 09:32:02,SPX,7672.87,7702.46,7645.0,83,315,0.0894,0.008951
2026-08-21 09:32:02,SPX,7672.87,7702.46,7705.0,211,240,0.0801,0.008951
2026-08-21 09:32:02,SPX,7672.87,7702.46,7640.0,200,527,0.0908,0.008951
2026-08-21 09:32:02,SPX,7672.87,7702.46,7710.0,480,268,0.0793,0.008951
2026-08-21 09:32:02,SPX,7672.87,7702.46,7635.0,67,360,0.0923,0.008951
2026-08-21 09:32:02,SPX,7672.87,7702.46,7715.0,161,334,0.0786,0.008951
2026-08-21 09:32:02,SPX,7672.87,7702.46,7630.0,117,3424,0.0937,0.008951
2026-08-21 09:32:02,SPX,7672.87,7702.46,7720.0,637,359,0.0781,0.008951
2026-08-21 09:32:02,SPX,7672.87,7702.46,7625.0,648,869,0.0952,0.008951
2026-08-21 09:32:02,SPX,7672.87,7702.46,7725.0,1158,712,0.0778,0.008951
2026-08-21 09:32:02,SPX,7672.87,7702.46,7620.0,89,1512,0.0966,0.008951
2026-08-21 09:32:02,SPX,7672.87,7702.46,7730.0,482,211,0.0776,0.008951
2026-08-21 09:32:02,SPX,7672.87,7702.46,7615.0,25,1493,0.0981,0.008951
2026-08-21 09:32:02,SPX,7672.87,7702.46,7735.0,396,219,0.0776,0.008951
2026-08-21 09:32:02,SPX,7672.87,7702.46,7610.0,78,1701,0.0992,0.008951
2026-08-21 09:32:02,SPX,7672.87,7702.46,7740.0,919,964,0.0777,0.008951
2026-08-21 09:32:02,SPX,7672.87,7702.46,7605.0,40,491,0.1001,0.008951
2026-08-21 09:32:02,SPX,7672.87,7702.46,7745.0,324,192,0.0778,0.008951
2026-08-21 09:32:02,SPX,7672.87,7702.46,7600.0,422,4296,0.101,0.008951
2026-08-21 09:32:02,SPX,7672.87,7702.46,7750.0,2384,1798,0.0777,0.008951
2026-08-21 09:32:02,SPX,7672.87,7702.46,7595.0,60,432,0.1023,0.008951
2026-08-21 09:32:02,SPX,7672.87,7702.46,7755.0,333,223,0.0777,0.008951
2026-08-21 09:32:02,SPX,7672.87,7702.46,7590.0,58,628,0.104,0.008951
2026-08-21 09:32:02,SPX,7672.87,7702.46,7760.0,550,322,0.0776,0.008951
2026-08-21 09:32:02,SPX,7672.87,7702.46,7585.0,10,6210,0.1059,0.008951
2026-08-21 09:32:02,SPX,7672.87,7702.46,7765.0,600,152,0.0775,0.008951
2026-08-21 09:32:02,SPX,7672.87,7702.46,7580.0,115,1953,0.1076,0.008951
2026-08-21 09:32:02,SPX,7672.87,7702.46,7770.0,734,250,0.0775,0.008951
2026-08-21 09:32:02,SPX,7672.87,7702.46,7575.0,336,7004,0.1086,0.008951
2026-08-21 09:32:02,SPX,7672.87,7702.46,7775.0,950,201,0.0777,0.008951
2026-08-21 09:32:02,SPX,7672.87,7702.46,7570.0,98,255,0.1097,0.008951
2026-08-21 09:32:02,SPX,7672.87,7702.46,7780.0,524,200,0.078,0.008951
2026-08-21 09:32:02,SPX,7672.87,7702.46,7565.0,14,264,0.1107,0.008951
2026-08-21 09:32:02,SPX,7672.87,7702.46,7785.0,360,133,0.0785,0.008951
2026-08-21 09:32:02,SPX,7672.87,7702.46,7560.0,111,796,0.1116,0.008951
2026-08-21 09:32:02,SPX,7672.87,7702.46,7790.0,577,129,0.0793,0.008951
2026-08-21 09:32:02,SPX,7672.87,7702.46,7555.0,5,256,0.1127,0.008951
2026-08-21 09:32:02,SPX,7672.87,7702.46,7795.0,404,158,0.0803,0.008951
2026-08-21 09:32:02,SPX,7672.87,7702.46,7550.0,131,675,0.1139,0.008951
2026-08-21 09:32:02,SPX,7672.87,7702.46,7675.0,576,553,0.0924,0.011689
2026-08-21 09:32:02,SPX,7672.87,7702.46,7670.0,108,422,0.0933,0.011689
2026-08-21 09:32:02,SPX,7672.87,7702.46,7680.0,112,292,0.0917,0.011689
2026-08-21 09:32:02,SPX,7672.87,7702.46,7665.0,1056,177,0.0942,0.011689
2026-08-21 09:32:02,SPX,7672.87,7702.46,7685.0,110,144,0.0912,0.011689
2026-08-21 09:32:02,SPX,7672.87,7702.46,7660.0,96,239,0.0951,0.011689
2026-08-21 09:32:02,SPX,7672.87,7702.46,7690.0,115,596,0.0906,0.011689
2026-08-21 09:32:02,SPX,7672.87,7702.46,7655.0,75,148,0.0964,0.011689
2026-08-21 09:32:02,SPX,7672.87,7702.46,7695.0,112,174,0.09,0.011689
2026-08-21 09:32:02,SPX,7672.87,7702.46,7650.0,1591,1291,0.0971,0.011689
2026-08-21 09:32:02,SPX,7672.87,7702.46,7700.0,1598,873,0.0894,0.011689
2026-08-21 09:32:02,SPX,7672.87,7702.46,7645.0,51,203,0.0982,0.011689
2026-08-21 09:32:02,SPX,7672.87,7702.46,7705.0,237,156,0.0888,0.011689
2026-08-21 09:32:02,SPX,7672.87,7702.46,7640.0,119,583,0.0994,0.011689
2026-08-21 09:32:02,SPX,7672.87,7702.46,7710.0,574,145,0.0882,0.011689
2026-08-21 09:32:02,SPX,7672.87,7702.46,7635.0,33,231,0.1008,0.011689
2026-08-21 09:32:02,SPX,7672.87,7702.46,7715.0,131,134,0.0874,0.011689
2026-08-21 09:32:02,SPX,7672.87,7702.46,7630.0,107,484,0.1017,0.011689
2026-08-21 09:32:02,SPX,7672.87,7702.46,7720.0,304,139,0.0865,0.011689
2026-08-21 09:32:02,SPX,7672.87,7702.46,7625.0,590,1085,0.1028,0.011689
2026-08-21 09:32:02,SPX,7672.87,7702.46,7725.0,402,598,0.0858,0.011689
2026-08-21 09:32:02,SPX,7672.87,7702.46,7620.0,51,364,0.1043,0.011689
2026-08-21 09:32:02,SPX,7672.87,7702.46,7730.0,163,301,0.0852,0.011689
2026-08-21 09:32:02,SPX,7672.87,7702.46,7615.0,7,103,0.1052,0.011689
2026-08-21 09:32:02,SPX,7672.87,7702.46,7735.0,176,96,0.0848,0.011689
2026-08-21 09:32:02,SPX,7672.87,7702.46,7610.0,53,683,0.1063,0.011689
2026-08-21 09:32:02,SPX,7672.87,7702.46,7740.0,316,329,0.0847,0.011689
2026-08-21 09:32:02,SPX,7672.87,7702.46,7605.0,27,266,0.1076,0.011689
2026-08-21 09:32:02,SPX,7672.87,7702.46,7745.0,346,97,0.0846,0.011689
2026-08-21 09:32:02,SPX,7672.87,7702.46,7600.0,688,2443,0.1087,0.011689
2026-08-21 09:32:02,SPX,7672.87,7702.46,7750.0,825,677,0.0845,0.011689
2026-08-21 09:32:02,SPX,7672.87,7702.46,7595.0,53,1024,0.1101,0.011689
2026-08-21 09:32:02,SPX,7672.87,7702.46,7755.0,205,54,0.0843,0.011689
2026-08-21 09:32:02,SPX,7672.87,7702.46,7590.0,8,260,0.1116,0.011689
2026-08-21 09:32:02,SPX,7672.87,7702.46,7760.0,395,897,0.0841,0.011689
2026-08-21 09:32:02,SPX,7672.87,7702.46,7585.0,9,335,0.113,0.011689
2026-08-21 09:32:02,SPX,7672.87,7702.46,7765.0,463,78,0.0839,0.011689
2026-08-21 09:32:02,SPX,7672.87,7702.46,7580.0,22,901,0.1146,0.011689
2026-08-21 09:32:02,SPX,7672.87,7702.46,7770.0,412,119,0.0836,0.011689
2026-08-21 09:32:02,SPX,7672.87,7702.46,7575.0,310,322,0.116,0.011689
2026-08-21 09:32:02,SPX,7672.87,7702.46,7775.0,1044,155,0.0834,0.011689
2026-08-21 09:32:02,SPX,7672.87,7702.46,7570.0,45,681,0.1172,0.011689
2026-08-21 09:32:02,SPX,7672.87,7702.46,7780.0,680,64,0.0831,0.011689
2026-08-21 09:32:02,SPX,7672.87,7702.46,7565.0,3,117,0.1181,0.011689
2026-08-21 09:32:02,SPX,7672.87,7702.46,7785.0,586,78,0.0829,0.011689
2026-08-21 09:32:02,SPX,7672.87,7702.46,7560.0,178,133,0.119,0.011689
2026-08-21 09:32:02,SPX,7672.87,7702.46,7790.0,259,46,0.0828,0.011689
2026-08-21 09:32:02,SPX,7672.87,7702.46,7555.0,3,124,0.1199,0.011689
2026-08-21 09:32:02,SPX,7672.87,7702.46,7795.0,454,31,0.0827,0.011689
2026-08-21 09:32:02,SPX,7672.87,7702.46,7550.0,0,972,0.1209,0.011689
2026-08-21 10:02:29,SPX,7667.24,7698.16,7665.0,965,2802,0.1402,0.00068
2026-08-21 10:02:29,SPX,7667.24,7698.16,7670.0,976,1623,0.1372,0.00068
2026-08-21 10:02:29,SPX,7667.24,7698.16,7660.0,1554,1346,0.1435,0.00068
2026-08-21 10:02:29,SPX,7667.24,7698.16,7675.0,1284,2161,0.1351,0.00068
2026-08-21 10:02:29,SPX,7667.24,7698.16,7655.0,705,1433,0.1464,0.00068
2026-08-21 10:02:29,SPX,7667.24,7698.16,7680.0,1741,1521,0.1336,0.00068
2026-08-21 10:02:29,SPX,7667.24,7698.16,7650.0,1528,3444,0.1513,0.00068
2026-08-21 10:02:29,SPX,7667.24,7698.16,7685.0,2194,4003,0.1322,0.00068
2026-08-21 10:02:29,SPX,7667.24,7698.16,7645.0,425,1972,0.1553,0.00068
2026-08-21 10:02:29,SPX,7667.24,7698.16,7690.0,2301,1257,0.1323,0.00068
2026-08-21 10:02:29,SPX,7667.24,7698.16,7640.0,679,6643,0.1601,0.00068
2026-08-21 10:02:29,SPX,7667.24,7698.16,7695.0,1534,1764,0.1334,0.00068
2026-08-21 10:02:29,SPX,7667.24,7698.16,7635.0,612,2060,0.164,0.00068
2026-08-21 10:02:29,SPX,7667.24,7698.16,7700.0,8404,5589,0.1346,0.00068
2026-08-21 10:02:29,SPX,7667.24,7698.16,7630.0,351,2184,0.1686,0.00068
2026-08-21 10:02:29,SPX,7667.24,7698.16,7705.0,1364,1283,0.1369,0.00068
2026-08-21 10:02:29,SPX,7667.24,7698.16,7625.0,692,3071,0.1738,0.00068
2026-08-21 10:02:29,SPX,7667.24,7698.16,7710.0,1929,990,0.1405,0.00068
2026-08-21 10:02:29,SPX,7667.24,7698.16,7620.0,544,2919,0.1778,0.00068
2026-08-21 10:02:29,SPX,7667.24,7698.16,7715.0,1908,763,0.1446,0.00068
2026-08-21 10:02:29,SPX,7667.24,7698.16,7615.0,279,1428,0.1829,0.00068
2026-08-21 10:02:29,SPX,7667.24,7698.16,7720.0,3159,871,0.1499,0.00068
2026-08-21 10:02:29,SPX,7667.24,7698.16,7610.0,423,2272,0.1893,0.00068
2026-08-21 10:02:29,SPX,7667.24,7698.16,7725.0,2422,1444,0.156,0.00068
2026-08-21 10:02:29,SPX,7667.24,7698.16,7605.0,263,1844,0.193,0.00068
2026-08-21 10:02:29,SPX,7667.24,7698.16,7730.0,3093,885,0.1621,0.00068
2026-08-21 10:02:29,SPX,7667.24,7698.16,7600.0,1940,7126,0.1973,0.00068
2026-08-21 10:02:29,SPX,7667.24,7698.16,7735.0,2720,535,0.168,0.00068
2026-08-21 10:02:29,SPX,7667.24,7698.16,7595.0,184,1675,0.2059,0.00068
2026-08-21 10:02:29,SPX,7667.24,7698.16,7740.0,1683,492,0.1739,0.00068
2026-08-21 10:02:29,SPX,7667.24,7698.16,7590.0,327,5069,0.2107,0.00068
2026-08-21 10:02:29,SPX,7667.24,7698.16,7745.0,1544,925,0.1803,0.00068
2026-08-21 10:02:29,SPX,7667.24,7698.16,7585.0,314,1414,0.2139,0.00068
2026-08-21 10:02:29,SPX,7667.24,7698.16,7750.0,5025,2644,0.1869,0.00068
2026-08-21 10:02:29,SPX,7667.24,7698.16,7580.0,1359,2203,0.2199,0.00068
2026-08-21 10:02:29,SPX,7667.24,7698.16,7755.0,1388,590,0.1932,0.00068
2026-08-21 10:02:29,SPX,7667.24,7698.16,7575.0,1646,1841,0.2256,0.00068
2026-08-21 10:02:29,SPX,7667.24,7698.16,7760.0,1957,803,0.199,0.00068
2026-08-21 10:02:29,SPX,7667.24,7698.16,7570.0,284,1500,0.232,0.00068
2026-08-21 10:02:29,SPX,7667.24,7698.16,7765.0,1431,386,0.2047,0.00068
2026-08-21 10:02:29,SPX,7667.24,7698.16,7565.0,145,1828,0.2382,0.00068
2026-08-21 10:02:29,SPX,7667.24,7698.16,7770.0,2220,610,0.2103,0.00068
2026-08-21 10:02:29,SPX,7667.24,7698.16,7560.0,608,1966,0.2446,0.00068
2026-08-21 10:02:29,SPX,7667.24,7698.16,7775.0,3706,948,0.2162,0.00068
2026-08-21 10:02:29,SPX,7667.24,7698.16,7555.0,550,1410,0.2511,0.00068
2026-08-21 10:02:29,SPX,7667.24,7698.16,7780.0,3086,1068,0.2226,0.00068
2026-08-21 10:02:29,SPX,7667.24,7698.16,7550.0,2065,5715,0.2575,0.00068
2026-08-21 10:02:29,SPX,7667.24,7698.16,7785.0,2538,562,0.2293,0.00068
2026-08-21 10:02:29,SPX,7667.24,7698.16,7545.0,1015,2018,0.2636,0.00068
2026-08-21 10:02:29,SPX,7667.24,7698.16,7790.0,2013,536,0.2363,0.00068
2026-08-21 10:02:29,SPX,7667.24,7698.16,7665.0,150,615,0.0755,0.008893
2026-08-21 10:02:29,SPX,7667.24,7698.16,7670.0,264,940,0.0746,0.008893
2026-08-21 10:02:29,SPX,7667.24,7698.16,7660.0,391,403,0.0764,0.008893
2026-08-21 10:02:29,SPX,7667.24,7698.16,7675.0,395,1094,0.0738,0.008893
2026-08-21 10:02:29,SPX,7667.24,7698.16,7655.0,541,565,0.0775,0.008893
2026-08-21 10:02:29,SPX,7667.24,7698.16,7680.0,318,503,0.0729,0.008893
2026-08-21 10:02:29,SPX,7667.24,7698.16,7650.0,955,2020,0.0787,0.008893
2026-08-21 10:02:29,SPX,7667.24,7698.16,7685.0,276,266,0.072,0.008893
2026-08-21 10:02:29,SPX,7667.24,7698.16,7645.0,83,315,0.0798,0.008893
2026-08-21 10:02:29,SPX,7667.24,7698.16,7690.0,232,1008,0.0713,0.008893
2026-08-21 10:02:29,SPX,7667.24,7698.16,7640.0,200,527,0.081,0.008893
2026-08-21 10:02:29,SPX,7667.24,7698.16,7695.0,234,224,0.0708,0.008893
2026-08-21 10:02:29,SPX,7667.24,7698.16,7635.0,67,360,0.0822,0.008893
2026-08-21 10:02:29,SPX,7667.24,7698.16,7700.0,2042,4704,0.0701,0.008893
2026-08-21 10:02:29,SPX,7667.24,7698.16,7630.0,117,3424,0.0836,0.008893
2026-08-21 10:02:29,SPX,7667.24,7698.16,7705.0,211,240,0.0694,0.008893
2026-08-21 10:02:29,SPX,7667.24,7698.16,7625.0,648,869,0.0847,0.008893
2026-08-21 10:02:29,SPX,7667.24,7698.16,7710.0,480,268,0.0688,0.008893
2026-08-21 10:02:29,SPX,7667.24,7698.16,7620.0,89,1512,0.0865,0.008893
2026-08-21 10:02:29,SPX,7667.24,7698.16,7715.0,161,334,0.0683,0.008893
2026-08-21 10:02:29,SPX,7667.24,7698.16,7615.0,25,1493,0.0876,0.008893
2026-08-21 10:02:29,SPX,7667.24,7698.16,7720.0,637,359,0.0679,0.008893
2026-08-21 10:02:29,SPX,7667.24,7698.16,7610.0,78,1701,0.0887,0.008893
2026-08-21 10:02:29,SPX,7667.24,7698.16,7725.0,1158,712,0.0678,0.008893
2026-08-21 10:02:29,SPX,7667.24,7698.16,7605.0,40,491,0.0906,0.008893
2026-08-21 10:02:29,SPX,7667.24,7698.16,7730.0,482,211,0.0679,0.008893
2026-08-21 10:02:29,SPX,7667.24,7698.16,7600.0,422,4296,0.0922,0.008893
2026-08-21 10:02:29,SPX,7667.24,7698.16,7735.0,396,219,0.0681,0.008893
2026-08-21 10:02:29,SPX,7667.24,7698.16,7595.0,60,432,0.0935,0.008893
2026-08-21 10:02:29,SPX,7667.24,7698.16,7740.0,919,964,0.0683,0.008893
2026-08-21 10:02:29,SPX,7667.24,7698.16,7590.0,58,628,0.094,0.008893
2026-08-21 10:02:29,SPX,7667.24,7698.16,7745.0,324,192,0.0686,0.008893
2026-08-21 10:02:29,SPX,7667.24,7698.16,7585.0,10,6210,0.0956,0.008893
2026-08-21 10:02:29,SPX,7667.24,7698.16,7750.0,2384,1798,0.069,0.008893
2026-08-21 10:02:29,SPX,7667.24,7698.16,7580.0,115,1953,0.0982,0.008893
2026-08-21 10:02:29,SPX,7667.24,7698.16,7755.0,333,223,0.0694,0.008893
2026-08-21 10:02:29,SPX,7667.24,7698.16,7575.0,336,7004,0.0989,0.008893
2026-08-21 10:02:29,SPX,7667.24,7698.16,7760.0,550,322,0.0699,0.008893
2026-08-21 10:02:29,SPX,7667.24,7698.16,7570.0,98,255,0.0994,0.008893
2026-08-21 10:02:29,SPX,7667.24,7698.16,7765.0,600,152,0.0705,0.008893
2026-08-21 10:02:29,SPX,7667.24,7698.16,7565.0,14,264,0.101,0.008893
2026-08-21 10:02:29,SPX,7667.24,7698.16,7770.0,734,250,0.0713,0.008893
2026-08-21 10:02:29,SPX,7667.24,7698.16,7560.0,111,796,0.1023,0.008893
2026-08-21 10:02:29,SPX,7667.24,7698.16,7775.0,950,201,0.0722,0.008893
2026-08-21 10:02:29,SPX,7667.24,7698.16,7555.0,5,256,0.1035,0.008893
2026-08-21 10:02:29,SPX,7667.24,7698.16,7780.0,524,200,0.0732,0.008893
2026-08-21 10:02:29,SPX,7667.24,7698.16,7550.0,131,675,0.1049,0.008893
2026-08-21 10:02:29,SPX,7667.24,7698.16,7785.0,360,133,0.0744,0.008893
2026-08-21 10:02:29,SPX,7667.24,7698.16,7545.0,2,328,0.1066,0.008893
2026-08-21 10:02:29,SPX,7667.24,7698.16,7790.0,577,129,0.0757,0.008893
2026-08-21 10:02:29,SPX,7667.24,7698.16,7665.0,1056,177,0.0858,0.011631
2026-08-21 10:02:29,SPX,7667.24,7698.16,7670.0,108,422,0.085,0.011631
2026-08-21 10:02:29,SPX,7667.24,7698.16,7660.0,96,239,0.0868,0.011631
2026-08-21 10:02:29,SPX,7667.24,7698.16,7675.0,576,553,0.0841,0.011631
2026-08-21 10:02:29,SPX,7667.24,7698.16,7655.0,75,148,0.088,0.011631
2026-08-21 10:02:29,SPX,7667.24,7698.16,7680.0,112,292,0.0834,0.011631
2026-08-21 10:02:29,SPX,7667.24,7698.16,7650.0,1591,1291,0.089,0.011631
2026-08-21 10:02:29,SPX,7667.24,7698.16,7685.0,110,144,0.0827,0.011631
2026-08-21 10:02:29,SPX,7667.24,7698.16,7645.0,51,203,0.0901,0.011631
2026-08-21 10:02:29,SPX,7667.24,7698.16,7690.0,115,596,0.082,0.011631
2026-08-21 10:02:29,SPX,7667.24,7698.16,7640.0,119,583,0.0914,0.011631
2026-08-21 10:02:29,SPX,7667.24,7698.16,7695.0,112,174,0.0813,0.011631
2026-08-21 10:02:29,SPX,7667.24,7698.16,7635.0,33,231,0.0923,0.011631
2026-08-21 10:02:29,SPX,7667.24,7698.16,7700.0,1598,873,0.0804,0.011631
2026-08-21 10:02:29,SPX,7667.24,7698.16,7630.0,107,484,0.0935,0.011631
2026-08-21 10:02:29,SPX,7667.24,7698.16,7705.0,237,156,0.0795,0.011631
2026-08-21 10:02:29,SPX,7667.24,7698.16,7625.0,590,1085,0.0947,0.011631
2026-08-21 10:02:29,SPX,7667.24,7698.16,7710.0,574,145,0.0788,0.011631
2026-08-21 10:02:29,SPX,7667.24,7698.16,7620.0,51,364,0.0962,0.011631
2026-08-21 10:02:29,SPX,7667.24,7698.16,7715.0,131,134,0.0783,0.011631
2026-08-21 10:02:29,SPX,7667.24,7698.16,7615.0,7,103,0.0976,0.011631
2026-08-21 10:02:29,SPX,7667.24,7698.16,7720.0,304,139,0.0779,0.011631
2026-08-21 10:02:29,SPX,7667.24,7698.16,7610.0,53,683,0.0988,0.011631
2026-08-21 10:02:29,SPX,7667.24,7698.16,7725.0,402,598,0.0777,0.011631
2026-08-21 10:02:29,SPX,7667.24,7698.16,7605.0,27,266,0.0997,0.011631
2026-08-21 10:02:29,SPX,7667.24,7698.16,7730.0,163,301,0.0775,0.011631
2026-08-21 10:02:29,SPX,7667.24,7698.16,7600.0,688,2443,0.1008,0.011631
2026-08-21 10:02:29,SPX,7667.24,7698.16,7735.0,176,96,0.0772,0.011631
2026-08-21 10:02:29,SPX,7667.24,7698.16,7595.0,53,1024,0.1023,0.011631
2026-08-21 10:02:29,SPX,7667.24,7698.16,7740.0,316,329,0.0769,0.011631
2026-08-21 10:02:29,SPX,7667.24,7698.16,7590.0,8,260,0.1039,0.011631
2026-08-21 10:02:29,SPX,7667.24,7698.16,7745.0,346,97,0.0766,0.011631
2026-08-21 10:02:29,SPX,7667.24,7698.16,7585.0,9,335,0.1052,0.011631
2026-08-21 10:02:29,SPX,7667.24,7698.16,7750.0,825,677,0.0762,0.011631
2026-08-21 10:02:29,SPX,7667.24,7698.16,7580.0,22,901,0.1064,0.011631
2026-08-21 10:02:29,SPX,7667.24,7698.16,7755.0,205,54,0.0759,0.011631
2026-08-21 10:02:29,SPX,7667.24,7698.16,7575.0,310,322,0.1071,0.011631
2026-08-21 10:02:29,SPX,7667.24,7698.16,7760.0,395,897,0.0756,0.011631
2026-08-21 10:02:29,SPX,7667.24,7698.16,7570.0,45,681,0.1084,0.011631
2026-08-21 10:02:29,SPX,7667.24,7698.16,7765.0,463,78,0.0754,0.011631
2026-08-21 10:02:29,SPX,7667.24,7698.16,7565.0,3,117,0.1094,0.011631
2026-08-21 10:02:29,SPX,7667.24,7698.16,7770.0,412,119,0.0754,0.011631
2026-08-21 10:02:29,SPX,7667.24,7698.16,7560.0,178,133,0.1107,0.011631
2026-08-21 10:02:29,SPX,7667.24,7698.16,7775.0,1044,155,0.0755,0.011631
2026-08-21 10:02:29,SPX,7667.24,7698.16,7555.0,3,124,0.112,0.011631
2026-08-21 10:02:29,SPX,7667.24,7698.16,7780.0,680,64,0.0757,0.011631
2026-08-21 10:02:29,SPX,7667.24,7698.16,7550.0,270,972,0.1135,0.011631
2026-08-21 10:02:29,SPX,7667.24,7698.16,7785.0,586,78,0.0761,0.011631
2026-08-21 10:02:29,SPX,7667.24,7698.16,7545.0,0,391,0.115,0.011631
2026-08-21 10:02:29,SPX,7667.24,7698.16,7790.0,259,46,0.0767,0.011631
2026-08-21 10:32:56,SPX,7665.63,7695.89,7665.0,965,2802,0.1313,0.000622
2026-08-21 10:32:56,SPX,7665.63,7695.89,7670.0,976,1623,0.1277,0.000622
2026-08-21 10:32:56,SPX,7665.63,7695.89,7660.0,1554,1346,0.1342,0.000622
2026-08-21 10:32:56,SPX,7665.63,7695.89,7675.0,1284,2161,0.1253,0.000622
2026-08-21 10:32:56,SPX,7665.63,7695.89,7655.0,705,1433,0.1376,0.000622
2026-08-21 10:32:56,SPX,7665.63,7695.89,7680.0,1741,1521,0.123,0.000622
2026-08-21 10:32:56,SPX,7665.63,7695.89,7650.0,1528,3444,0.1423,0.000622
2026-08-21 10:32:56,SPX,7665.63,7695.89,7685.0,2194,4003,0.1214,0.000622
2026-08-21 10:32:56,SPX,7665.63,7695.89,7645.0,425,1972,0.1465,0.000622
2026-08-21 10:32:56,SPX,7665.63,7695.89,7690.0,2301,1257,0.1205,0.000622
2026-08-21 10:32:56,SPX,7665.63,7695.89,7640.0,679,6643,0.1501,0.000622
2026-08-21 10:32:56,SPX,7665.63,7695.89,7695.0,1534,1764,0.1213,0.000622
2026-08-21 10:32:56,SPX,7665.63,7695.89,7635.0,612,2060,0.1547,0.000622
2026-08-21 10:32:56,SPX,7665.63,7695.89,7700.0,8404,5589,0.1231,0.000622
2026-08-21 10:32:56,SPX,7665.63,7695.89,7630.0,351,2184,0.1585,0.000622
2026-08-21 10:32:56,SPX,7665.63,7695.89,7705.0,1364,1283,0.1257,0.000622
2026-08-21 10:32:56,SPX,7665.63,7695.89,7625.0,692,3071,0.1622,0.000622
2026-08-21 10:32:56,SPX,7665.63,7695.89,7710.0,1929,990,0.1294,0.000622
2026-08-21 10:32:56,SPX,7665.63,7695.89,7620.0,544,2919,0.1687,0.000622
2026-08-21 10:32:56,SPX,7665.63,7695.89,7715.0,1908,763,0.1341,0.000622
2026-08-21 10:32:56,SPX,7665.63,7695.89,7615.0,279,1428,0.1732,0.000622
2026-08-21 10:32:56,SPX,7665.63,7695.89,7720.0,3159,871,0.1397,0.000622
2026-08-21 10:32:56,SPX,7665.63,7695.89,7610.0,423,2272,0.1802,0.000622
2026-08-21 10:32:56,SPX,7665.63,7695.89,7725.0,2422,1444,0.1463,0.000622
2026-08-21 10:32:56,SPX,7665.63,7695.89,7605.0,263,1844,0.1852,0.000622
2026-08-21 10:32:56,SPX,7665.63,7695.89,7730.0,3093,885,0.1535,0.000622
2026-08-21 10:32:56,SPX,7665.63,7695.89,7600.0,1940,7126,0.1913,0.000622
2026-08-21 10:32:56,SPX,7665.63,7695.89,7735.0,2720,535,0.161,0.000622
2026-08-21 10:32:56,SPX,7665.63,7695.89,7595.0,184,1675,0.1992,0.000622
2026-08-21 10:32:56,SPX,7665.63,7695.89,7740.0,1683,492,0.1682,0.000622
2026-08-21 10:32:56,SPX,7665.63,7695.89,7590.0,327,5069,0.2044,0.000622
2026-08-21 10:32:56,SPX,7665.63,7695.89,7745.0,1544,925,0.1753,0.000622
2026-08-21 10:32:56,SPX,7665.63,7695.89,7585.0,314,1414,0.2088,0.000622
2026-08-21 10:32:56,SPX,7665.63,7695.89,7750.0,5025,2644,0.1822,0.000622
2026-08-21 10:32:56,SPX,7665.63,7695.89,7580.0,1359,2203,0.2153,0.000622
2026-08-21 10:32:56,SPX,7665.63,7695.89,7755.0,1388,590,0.1889,0.000622
2026-08-21 10:32:56,SPX,7665.63,7695.89,7575.0,1646,1841,0.2244,0.000622
2026-08-21 10:32:56,SPX,7665.63,7695.89,7760.0,1957,803,0.1955,0.000622
2026-08-21 10:32:56,SPX,7665.63,7695.89,7570.0,284,1500,0.2338,0.000622
2026-08-21 10:32:56,SPX,7665.63,7695.89,7765.0,1431,386,0.2021,0.000622
2026-08-21 10:32:56,SPX,7665.63,7695.89,7565.0,145,1828,0.2426,0.000622
2026-08-21 10:32:56,SPX,7665.63,7695.89,7770.0,2220,610,0.2089,0.000622
2026-08-21 10:32:56,SPX,7665.63,7695.89,7560.0,608,1966,0.2507,0.000622
2026-08-21 10:32:56,SPX,7665.63,7695.89,7775.0,3706,948,0.2158,0.000622
2026-08-21 10:32:56,SPX,7665.63,7695.89,7555.0,550,1410,0.2582,0.000622
2026-08-21 10:32:56,SPX,7665.63,7695.89,7780.0,3086,1068,0.223,0.000622
2026-08-21 10:32:56,SPX,7665.63,7695.89,7550.0,2065,5715,0.2655,0.000622
2026-08-21 10:32:56,SPX,7665.63,7695.89,7785.0,2538,562,0.2305,0.000622
2026-08-21 10:32:56,SPX,7665.63,7695.89,7545.0,1015,2018,0.2729,0.000622
2026-08-21 10:32:56,SPX,7665.63,7695.89,7790.0,2013,536,0.2382,0.000622
2026-08-21 10:32:56,SPX,7665.63,7695.89,7665.0,150,615,0.0741,0.008835
2026-08-21 10:32:56,SPX,7665.63,7695.89,7670.0,264,940,0.0733,0.008835
2026-08-21 10:32:56,SPX,7665.63,7695.89,7660.0,391,403,0.075,0.008835
2026-08-21 10:32:56,SPX,7665.63,7695.89,7675.0,395,1094,0.0724,0.008835
2026-08-21 10:32:56,SPX,7665.63,7695.89,7655.0,541,565,0.0761,0.008835
2026-08-21 10:32:56,SPX,7665.63,7695.89,7680.0,318,503,0.0717,0.008835
2026-08-21 10:32:56,SPX,7665.63,7695.89,7650.0,955,2020,0.0772,0.008835
2026-08-21 10:32:56,SPX,7665.63,7695.89,7685.0,276,266,0.0709,0.008835
2026-08-21 10:32:56,SPX,7665.63,7695.89,7645.0,83,315,0.0785,0.008835
2026-08-21 10:32:56,SPX,7665.63,7695.89,7690.0,232,1008,0.0704,0.008835
2026-08-21 10:32:56,SPX,7665.63,7695.89,7640.0,200,527,0.0798,0.008835
2026-08-21 10:32:56,SPX,7665.63,7695.89,7695.0,234,224,0.0697,0.008835
2026-08-21 10:32:56,SPX,7665.63,7695.89,7635.0,67,360,0.0818,0.008835
2026-08-21 10:32:56,SPX,7665.63,7695.89,7700.0,2042,4704,0.0691,0.008835
2026-08-21 10:32:56,SPX,7665.63,7695.89,7705.0,211,240,0.0686,0.008835
2026-08-21 10:32:56,SPX,7665.63,7695.89,7710.0,0,268,0.0683,0.008835
2026-08-21 10:32:56,SPX,7665.63,7695.89,7620.0,89,1512,0.0852,0.008835
2026-08-21 10:32:56,SPX,7665.63,7695.89,7715.0,161,0,0.0681,0.008835
2026-08-21 10:32:56,SPX,7665.63,7695.89,7615.0,0,1493,0.0865,0.008835
2026-08-21 10:32:56,SPX,7665.63,7695.89,7720.0,637,359,0.0682,0.008835
2026-08-21 10:32:56,SPX,7665.63,7695.89,7610.0,78,1701,0.0888,0.008835
2026-08-21 10:32:56,SPX,7665.63,7695.89,7725.0,1158,712,0.0683,0.008835
2026-08-21 10:32:56,SPX,7665.63,7695.89,7605.0,40,491,0.0898,0.008835
2026-08-21 10:32:56,SPX,7665.63,7695.89,7730.0,482,211,0.0685,0.008835
2026-08-21 10:32:56,SPX,7665.63,7695.89,7600.0,422,4296,0.0905,0.008835
2026-08-21 10:32:56,SPX,7665.63,7695.89,7735.0,396,219,0.0686,0.008835
2026-08-21 10:32:56,SPX,7665.63,7695.89,7595.0,60,432,0.0923,0.008835
2026-08-21 10:32:56,SPX,7665.63,7695.89,7740.0,919,964,0.0688,0.008835
2026-08-21 10:32:56,SPX,7665.63,7695.89,7590.0,58,628,0.0942,0.008835
2026-08-21 10:32:56,SPX,7665.63,7695.89,7745.0,324,192,0.0689,0.008835
2026-08-21 10:32:56,SPX,7665.63,7695.89,7585.0,10,6210,0.0956,0.008835
2026-08-21 10:32:56,SPX,7665.63,7695.89,7750.0,2384,1798,0.0691,0.008835
2026-08-21 10:32:56,SPX,7665.63,7695.89,7580.0,115,1953,0.0969,0.008835
2026-08-21 10:32:56,SPX,7665.63,7695.89,7755.0,333,223,0.0695,0.008835
2026-08-21 10:32:56,SPX,7665.63,7695.89,7575.0,336,7004,0.0978,0.008835
2026-08-21 10:32:56,SPX,7665.63,7695.89,7760.0,550,322,0.0699,0.008835
2026-08-21 10:32:56,SPX,7665.63,7695.89,7570.0,98,255,0.0991,0.008835
2026-08-21 10:32:56,SPX,7665.63,7695.89,7765.0,600,152,0.0706,0.008835
2026-08-21 10:32:56,SPX,7665.63,7695.89,7565.0,14,264,0.1013,0.008835
2026-08-21 10:32:56,SPX,7665.63,7695.89,7770.0,734,250,0.0714,0.008835
2026-08-21 10:32:56,SPX,7665.63,7695.89,7560.0,111,796,0.1027,0.008835
2026-08-21 10:32:56,SPX,7665.63,7695.89,7775.0,950,201,0.0724,0.008835
2026-08-21 10:32:56,SPX,7665.63,7695.89,7555.0,5,256,0.1033,0.008835
2026-08-21 10:32:56,SPX,7665.63,7695.89,7780.0,524,200,0.0736,0.008835
2026-08-21 10:32:56,SPX,7665.63,7695.89,7550.0,131,675,0.1047,0.008835
2026-08-21 10:32:56,SPX,7665.63,7695.89,7785.0,360,133,0.0749,0.008835
2026-08-21 10:32:56,SPX,7665.63,7695.89,7545.0,2,328,0.1066,0.008835
2026-08-21 10:32:56,SPX,7665.63,7695.89,7790.0,577,129,0.0764,0.008835
2026-08-21 10:32:56,SPX,7665.63,7695.89,7665.0,1056,177,0.084,0.011573
2026-08-21 10:32:56,SPX,7665.63,7695.89,7670.0,108,422,0.0831,0.011573
2026-08-21 10:32:56,SPX,7665.63,7695.89,7660.0,96,239,0.0851,0.011573
2026-08-21 10:32:56,SPX,7665.63,7695.89,7675.0,576,553,0.0823,0.011573
2026-08-21 10:32:56,SPX,7665.63,7695.89,7655.0,75,148,0.0862,0.011573
2026-08-21 10:32:56,SPX,7665.63,7695.89,7680.0,112,292,0.0816,0.011573
2026-08-21 10:32:56,SPX,7665.63,7695.89,7650.0,1591,1291,0.0872,0.011573
2026-08-21 10:32:56,SPX,7665.63,7695.89,7685.0,110,144,0.0809,0.011573
2026-08-21 10:32:56,SPX,7665.63,7695.89,7645.0,51,203,0.0883,0.011573
2026-08-21 10:32:56,SPX,7665.63,7695.89,7690.0,115,596,0.0803,0.011573
2026-08-21 10:32:56,SPX,7665.63,7695.89,7640.0,119,583,0.0894,0.011573
2026-08-21 10:32:56,SPX,7665.63,7695.89,7695.0,112,174,0.0796,0.011573
2026-08-21 10:32:56,SPX,7665.63,7695.89,7635.0,33,231,0.0907,0.011573
2026-08-21 10:32:56,SPX,7665.63,7695.89,7700.0,1598,873,0.079,0.011573
2026-08-21 10:32:56,SPX,7665.63,7695.89,7630.0,107,484,0.0922,0.011573
2026-08-21 10:32:56,SPX,7665.63,7695.89,7705.0,237,156,0.0783,0.011573
2026-08-21 10:32:56,SPX,7665.63,7695.89,7625.0,590,1085,0.0933,0.011573
2026-08-21 10:32:56,SPX,7665.63,7695.89,7710.0,574,145,0.0775,0.011573
2026-08-21 10:32:56,SPX,7665.63,7695.89,7620.0,51,364,0.0941,0.011573
2026-08-21 10:32:56,SPX,7665.63,7695.89,7715.0,131,134,0.0769,0.011573
2026-08-21 10:32:56,SPX,7665.63,7695.89,7615.0,7,103,0.0952,0.011573
2026-08-21 10:32:56,SPX,7665.63,7695.89,7720.0,304,139,0.0765,0.011573
2026-08-21 10:32:56,SPX,7665.63,7695.89,7610.0,53,683,0.0969,0.011573
2026-08-21 10:32:56,SPX,7665.63,7695.89,7725.0,402,598,0.0763,0.011573
2026-08-21 10:32:56,SPX,7665.63,7695.89,7605.0,27,266,0.0986,0.011573
2026-08-21 10:32:56,SPX,7665.63,7695.89,7730.0,163,301,0.0762,0.011573
2026-08-21 10:32:56,SPX,7665.63,7695.89,7600.0,688,2443,0.0998,0.011573
2026-08-21 10:32:56,SPX,7665.63,7695.89,7735.0,176,96,0.0762,0.011573
2026-08-21 10:32:56,SPX,7665.63,7695.89,7595.0,53,1024,0.1008,0.011573
2026-08-21 10:32:56,SPX,7665.63,7695.89,7740.0,316,329,0.0761,0.011573
2026-08-21 10:32:56,SPX,7665.63,7695.89,7590.0,8,260,0.1019,0.011573
2026-08-21 10:32:56,SPX,7665.63,7695.89,7745.0,346,97,0.076,0.011573
2026-08-21 10:32:56,SPX,7665.63,7695.89,7585.0,9,335,0.1032,0.011573
2026-08-21 10:32:56,SPX,7665.63,7695.89,7750.0,825,677,0.0758,0.011573
2026-08-21 10:32:56,SPX,7665.63,7695.89,7580.0,22,901,0.1045,0.011573
2026-08-21 10:32:56,SPX,7665.63,7695.89,7755.0,205,54,0.0756,0.011573
2026-08-21 10:32:56,SPX,7665.63,7695.89,7760.0,0,897,0.0755,0.011573
2026-08-21 10:32:56,SPX,7665.63,7695.89,7570.0,45,681,0.107,0.011573
2026-08-21 10:32:56,SPX,7665.63,7695.89,7765.0,0,78,0.0754,0.011573
2026-08-21 10:32:56,SPX,7665.63,7695.89,7770.0,412,0,0.0754,0.011573
2026-08-21 10:32:56,SPX,7665.63,7695.89,7775.0,1044,0,0.0755,0.011573
2026-08-21 10:32:56,SPX,7665.63,7695.89,7555.0,3,124,0.111,0.011573
2026-08-21 10:32:56,SPX,7665.63,7695.89,7780.0,0,64,0.0757,0.011573
2026-08-21 10:32:56,SPX,7665.63,7695.89,7550.0,270,972,0.1127,0.011573
2026-08-21 10:32:56,SPX,7665.63,7695.89,7785.0,586,78,0.0761,0.011573
2026-08-21 10:32:56,SPX,7665.63,7695.89,7545.0,0,391,0.1143,0.011573
2026-08-21 10:32:56,SPX,7665.63,7695.89,7790.0,259,46,0.0766,0.011573
2026-08-21 11:03:32,SPX,7676.47,7696.01,7675.0,1284,2161,0.1254,0.000564
2026-08-21 11:03:32,SPX,7676.47,7696.01,7680.0,1741,1521,0.1234,0.000564
2026-08-21 11:03:32,SPX,7676.47,7696.01,7670.0,976,1623,0.1286,0.000564
2026-08-21 11:03:32,SPX,7676.47,7696.01,7685.0,2194,4003,0.1209,0.000564
2026-08-21 11:03:32,SPX,7676.47,7696.01,7665.0,965,2802,0.1325,0.000564
2026-08-21 11:03:32,SPX,7676.47,7696.01,7690.0,2301,1257,0.1199,0.000564
2026-08-21 11:03:32,SPX,7676.47,7696.01,7660.0,1554,1346,0.1368,0.000564
2026-08-21 11:03:32,SPX,7676.47,7696.01,7695.0,1534,1764,0.1196,0.000564
2026-08-21 11:03:32,SPX,7676.47,7696.01,7655.0,705,1433,0.1403,0.000564
2026-08-21 11:03:32,SPX,7676.47,7696.01,7700.0,8404,5589,0.1209,0.000564
2026-08-21 11:03:32,SPX,7676.47,7696.01,7650.0,1528,3444,0.1462,0.000564
2026-08-21 11:03:32,SPX,7676.47,7696.01,7705.0,1364,1283,0.1226,0.000564
2026-08-21 11:03:32,SPX,7676.47,7696.01,7645.0,425,1972,0.1492,0.000564
2026-08-21 11:03:32,SPX,7676.47,7696.01,7710.0,1929,990,0.1246,0.000564
2026-08-21 11:03:32,SPX,7676.47,7696.01,7640.0,679,6643,0.1546,0.000564
2026-08-21 11:03:32,SPX,7676.47,7696.01,7715.0,1908,763,0.1275,0.000564
2026-08-21 11:03:32,SPX,7676.47,7696.01,7635.0,612,2060,0.1593,0.000564
2026-08-21 11:03:32,SPX,7676.47,7696.01,7720.0,3159,871,0.1322,0.000564
2026-08-21 11:03:32,SPX,7676.47,7696.01,7630.0,351,2184,0.1672,0.000564
2026-08-21 11:03:32,SPX,7676.47,7696.01,7725.0,2422,1444,0.1384,0.000564
2026-08-21 11:03:32,SPX,7676.47,7696.01,7625.0,692,3071,0.171,0.000564
2026-08-21 11:03:32,SPX,7676.47,7696.01,7730.0,3093,885,0.1449,0.000564
2026-08-21 11:03:32,SPX,7676.47,7696.01,7620.0,544,2919,0.1808,0.000564
2026-08-21 11:03:32,SPX,7676.47,7696.01,7735.0,2720,535,0.1513,0.000564
2026-08-21 11:03:32,SPX,7676.47,7696.01,7615.0,279,0,0.1878,0.000564
2026-08-21 11:03:32,SPX,7676.47,7696.01,7740.0,1683,492,0.1575,0.000564
2026-08-21 11:03:32,SPX,7676.47,7696.01,7610.0,423,2272,0.1924,0.000564
2026-08-21 11:03:32,SPX,7676.47,7696.01,7745.0,1544,925,0.1641,0.000564
2026-08-21 11:03:32,SPX,7676.47,7696.01,7605.0,263,1844,0.1992,0.000564
2026-08-21 11:03:32,SPX,7676.47,7696.01,7750.0,5025,2644,0.1713,0.000564
2026-08-21 11:03:32,SPX,7676.47,7696.01,7600.0,1940,7126,0.2081,0.000564
2026-08-21 11:03:32,SPX,7676.47,7696.01,7755.0,1388,590,0.1782,0.000564
2026-08-21 11:03:32,SPX,7676.47,7696.01,7595.0,184,1675,0.216,0.000564
2026-08-21 11:03:32,SPX,7676.47,7696.01,7760.0,1957,803,0.1846,0.000564
2026-08-21 11:03:32,SPX,7676.47,7696.01,7590.0,327,5069,0.2245,0.000564
2026-08-21 11:03:32,SPX,7676.47,7696.01,7765.0,1431,386,0.1905,0.000564
2026-08-21 11:03:32,SPX,7676.47,7696.01,7585.0,314,1414,0.234,0.000564
2026-08-21 11:03:32,SPX,7676.47,7696.01,7770.0,2220,610,0.1965,0.000564
2026-08-21 11:03:32,SPX,7676.47,7696.01,7580.0,1359,2203,0.243,0.000564
2026-08-21 11:03:32,SPX,7676.47,7696.01,7775.0,3706,948,0.2029,0.000564
2026-08-21 11:03:32,SPX,7676.47,7696.01,7575.0,1646,1841,0.2511,0.000564
2026-08-21 11:03:32,SPX,7676.47,7696.01,7780.0,3086,1068,0.2101,0.000564
2026-08-21 11:03:32,SPX,7676.47,7696.01,7570.0,284,1500,0.2584,0.000564
2026-08-21 11:03:32,SPX,7676.47,7696.01,7785.0,2538,562,0.218,0.000564
2026-08-21 11:03:32,SPX,7676.47,7696.01,7565.0,145,1828,0.2652,0.000564
2026-08-21 11:03:32,SPX,7676.47,7696.01,7790.0,2013,536,0.2264,0.000564
2026-08-21 11:03:32,SPX,7676.47,7696.01,7560.0,608,1966,0.2719,0.000564
2026-08-21 11:03:32,SPX,7676.47,7696.01,7795.0,1194,259,0.2349,0.000564
2026-08-21 11:03:32,SPX,7676.47,7696.01,7555.0,550,1410,0.2789,0.000564
2026-08-21 11:03:32,SPX,7676.47,7696.01,7800.0,10914,2047,0.2435,0.000564
2026-08-21 11:03:32,SPX,7676.47,7696.01,7675.0,395,1094,0.0716,0.008777
2026-08-21 11:03:32,SPX,7676.47,7696.01,7680.0,318,503,0.0706,0.008777
2026-08-21 11:03:32,SPX,7676.47,7696.01,7670.0,264,940,0.0727,0.008777
2026-08-21 11:03:32,SPX,7676.47,7696.01,7685.0,276,266,0.0699,0.008777
2026-08-21 11:03:32,SPX,7676.47,7696.01,7665.0,150,615,0.0735,0.008777
2026-08-21 11:03:32,SPX,7676.47,7696.01,7690.0,232,1008,0.0692,0.008777
2026-08-21 11:03:32,SPX,7676.47,7696.01,7660.0,391,403,0.0747,0.008777
2026-08-21 11:03:32,SPX,7676.47,7696.01,7695.0,234,224,0.0686,0.008777
2026-08-21 11:03:32,SPX,7676.47,7696.01,7655.0,541,565,0.0759,0.008777
2026-08-21 11:03:32,SPX,7676.47,7696.01,7700.0,2042,4704,0.0679,0.008777
2026-08-21 11:03:32,SPX,7676.47,7696.01,7650.0,955,2020,0.0772,0.008777
2026-08-21 11:03:32,SPX,7676.47,7696.01,7705.0,211,240,0.0674,0.008777
2026-08-21 11:03:32,SPX,7676.47,7696.01,7645.0,83,315,0.0785,0.008777
2026-08-21 11:03:32,SPX,7676.47,7696.01,7710.0,480,268,0.0668,0.008777
2026-08-21 11:03:32,SPX,7676.47,7696.01,7640.0,200,527,0.0798,0.008777
2026-08-21 11:03:32,SPX,7676.47,7696.01,7715.0,161,334,0.0664,0.008777
2026-08-21 11:03:32,SPX,7676.47,7696.01,7635.0,67,360,0.0813,0.008777
2026-08-21 11:03:32,SPX,7676.47,7696.01,7720.0,637,359,0.0659,0.008777
2026-08-21 11:03:32,SPX,7676.47,7696.01,7630.0,117,3424,0.0826,0.008777
2026-08-21 11:03:32,SPX,7676.47,7696.01,7725.0,1158,712,0.0657,0.008777
2026-08-21 11:03:32,SPX,7676.47,7696.01,7625.0,648,869,0.0839,0.008777
2026-08-21 11:03:32,SPX,7676.47,7696.01,7730.0,482,211,0.0657,0.008777
2026-08-21 11:03:32,SPX,7676.47,7696.01,7620.0,89,1512,0.0853,0.008777
2026-08-21 11:03:32,SPX,7676.47,7696.01,7735.0,396,219,0.0658,0.008777
2026-08-21 11:03:32,SPX,7676.47,7696.01,7615.0,25,1493,0.0868,0.008777
2026-08-21 11:03:32,SPX,7676.47,7696.01,7740.0,919,964,0.0664,0.008777
2026-08-21 11:03:32,SPX,7676.47,7696.01,7610.0,78,1701,0.0885,0.008777
2026-08-21 11:03:32,SPX,7676.47,7696.01,7745.0,324,192,0.0667,0.008777
2026-08-21 11:03:32,SPX,7676.47,7696.01,7605.0,40,491,0.0897,0.008777
2026-08-21 11:03:32,SPX,7676.47,7696.01,7750.0,2384,1798,0.0669,0.008777
2026-08-21 11:03:32,SPX,7676.47,7696.01,7600.0,422,4296,0.0916,0.008777
2026-08-21 11:03:32,SPX,7676.47,7696.01,7755.0,333,223,0.0671,0.008777
2026-08-21 11:03:32,SPX,7676.47,7696.01,7595.0,60,432,0.0932,0.008777
2026-08-21 11:03:32,SPX,7676.47,7696.01,7760.0,550,322,0.0674,0.008777
2026-08-21 11:03:32,SPX,7676.47,7696.01,7590.0,58,628,0.0947,0.008777
2026-08-21 11:03:32,SPX,7676.47,7696.01,7765.0,600,152,0.0678,0.008777
2026-08-21 11:03:32,SPX,7676.47,7696.01,7585.0,10,6210,0.0956,0.008777
2026-08-21 11:03:32,SPX,7676.47,7696.01,7770.0,734,250,0.0683,0.008777
2026-08-21 11:03:32,SPX,7676.47,7696.01,7580.0,115,1953,0.0967,0.008777
2026-08-21 11:03:32,SPX,7676.47,7696.01,7775.0,950,201,0.069,0.008777
2026-08-21 11:03:32,SPX,7676.47,7696.01,7575.0,336,7004,0.0988,0.008777
2026-08-21 11:03:32,SPX,7676.47,7696.01,7780.0,524,200,0.0699,0.008777
2026-08-21 11:03:32,SPX,7676.47,7696.01,7570.0,98,255,0.1001,0.008777
2026-08-21 11:03:32,SPX,7676.47,7696.01,7785.0,360,133,0.071,0.008777
2026-08-21 11:03:32,SPX,7676.47,7696.01,7565.0,14,264,0.1003,0.008777
2026-08-21 11:03:32,SPX,7676.47,7696.01,7790.0,577,129,0.0723,0.008777
2026-08-21 11:03:32,SPX,7676.47,7696.01,7560.0,111,796,0.1022,0.008777
2026-08-21 11:03:32,SPX,7676.47,7696.01,7795.0,404,158,0.0739,0.008777
2026-08-21 11:03:32,SPX,7676.47,7696.01,7555.0,5,256,0.1042,0.008777
2026-08-21 11:03:32,SPX,7676.47,7696.01,7800.0,1647,587,0.0755,0.008777
2026-08-21 11:03:32,SPX,7676.47,7696.01,7675.0,576,553,0.0816,0.011515
2026-08-21 11:03:32,SPX,7676.47,7696.01,7680.0,112,292,0.0807,0.011515
2026-08-21 11:03:32,SPX,7676.47,7696.01,7670.0,108,422,0.0827,0.011515
2026-08-21 11:03:32,SPX,7676.47,7696.01,7685.0,110,144,0.0799,0.011515
2026-08-21 11:03:32,SPX,7676.47,7696.01,7665.0,1056,177,0.0836,0.011515
2026-08-21 11:03:32,SPX,7676.47,7696.01,7690.0,115,596,0.079,0.011515
2026-08-21 11:03:32,SPX,7676.47,7696.01,7660.0,96,239,0.0848,0.011515
2026-08-21 11:03:32,SPX,7676.47,7696.01,7695.0,112,174,0.0783,0.011515
2026-08-21 11:03:32,SPX,7676.47,7696.01,7655.0,75,148,0.086,0.011515
2026-08-21 11:03:32,SPX,7676.47,7696.01,7700.0,1598,873,0.0778,0.011515
2026-08-21 11:03:32,SPX,7676.47,7696.01,7650.0,1591,1291,0.0869,0.011515
2026-08-21 11:03:32,SPX,7676.47,7696.01,7705.0,237,156,0.0773,0.011515
2026-08-21 11:03:32,SPX,7676.47,7696.01,7645.0,51,203,0.0881,0.011515
2026-08-21 11:03:32,SPX,7676.47,7696.01,7710.0,574,145,0.0766,0.011515
2026-08-21 11:03:32,SPX,7676.47,7696.01,7640.0,119,583,0.0892,0.011515
2026-08-21 11:03:32,SPX,7676.47,7696.01,7715.0,131,134,0.076,0.011515
2026-08-21 11:03:32,SPX,7676.47,7696.01,7635.0,33,231,0.0908,0.011515
2026-08-21 11:03:32,SPX,7676.47,7696.01,7720.0,304,139,0.0753,0.011515
2026-08-21 11:03:32,SPX,7676.47,7696.01,7630.0,107,484,0.0923,0.011515
2026-08-21 11:03:32,SPX,7676.47,7696.01,7725.0,402,598,0.0747,0.011515
2026-08-21 11:03:32,SPX,7676.47,7696.01,7625.0,590,1085,0.0932,0.011515
2026-08-21 11:03:32,SPX,7676.47,7696.01,7730.0,163,301,0.0742,0.011515
2026-08-21 11:03:32,SPX,7676.47,7696.01,7620.0,51,364,0.0941,0.011515
2026-08-21 11:03:32,SPX,7676.47,7696.01,7735.0,176,96,0.0738,0.011515
2026-08-21 11:03:32,SPX,7676.47,7696.01,7615.0,7,103,0.0955,0.011515
2026-08-21 11:03:32,SPX,7676.47,7696.01,7740.0,316,329,0.0736,0.011515
2026-08-21 11:03:32,SPX,7676.47,7696.01,7610.0,53,683,0.0971,0.011515
2026-08-21 11:03:32,SPX,7676.47,7696.01,7745.0,346,97,0.0735,0.011515
2026-08-21 11:03:32,SPX,7676.47,7696.01,7605.0,27,266,0.0984,0.011515
2026-08-21 11:03:32,SPX,7676.47,7696.01,7750.0,825,677,0.0734,0.011515
2026-08-21 11:03:32,SPX,7676.47,7696.01,7600.0,688,2443,0.0995,0.011515
2026-08-21 11:03:32,SPX,7676.47,7696.01,7755.0,205,54,0.0734,0.011515
2026-08-21 11:03:32,SPX,7676.47,7696.01,7595.0,53,1024,0.1006,0.011515
2026-08-21 11:03:32,SPX,7676.47,7696.01,7760.0,395,897,0.0733,0.011515
2026-08-21 11:03:32,SPX,7676.47,7696.01,7590.0,8,260,0.1018,0.011515
2026-08-21 11:03:32,SPX,7676.47,7696.01,7765.0,463,78,0.0732,0.011515
2026-08-21 11:03:32,SPX,7676.47,7696.01,7585.0,9,335,0.103,0.011515
2026-08-21 11:03:32,SPX,7676.47,7696.01,7770.0,412,119,0.0732,0.011515
2026-08-21 11:03:32,SPX,7676.47,7696.01,7580.0,22,901,0.1045,0.011515
2026-08-21 11:03:32,SPX,7676.47,7696.01,7775.0,1044,155,0.0732,0.011515
2026-08-21 11:03:32,SPX,7676.47,7696.01,7575.0,310,322,0.106,0.011515
2026-08-21 11:03:32,SPX,7676.47,7696.01,7780.0,680,64,0.0733,0.011515
2026-08-21 11:03:32,SPX,7676.47,7696.01,7570.0,45,681,0.1069,0.011515
2026-08-21 11:03:32,SPX,7676.47,7696.01,7785.0,586,78,0.0734,0.011515
2026-08-21 11:03:32,SPX,7676.47,7696.01,7565.0,3,117,0.1085,0.011515
2026-08-21 11:03:32,SPX,7676.47,7696.01,7790.0,259,46,0.0738,0.011515
2026-08-21 11:03:32,SPX,7676.47,7696.01,7560.0,178,133,0.1099,0.011515
2026-08-21 11:03:32,SPX,7676.47,7696.01,7795.0,454,31,0.0742,0.011515
2026-08-21 11:03:32,SPX,7676.47,7696.01,7555.0,3,124,0.1113,0.011515
2026-08-21 11:03:32,SPX,7676.47,7696.01,7800.0,879,229,0.0748,0.011515
2026-08-21 11:33:56,SPX,7680.29,7714.44,7680.0,1741,1521,0.1129,0.000506
2026-08-21 11:33:56,SPX,7680.29,7714.44,7685.0,2194,4003,0.1108,0.000506
2026-08-21 11:33:56,SPX,7680.29,7714.44,7675.0,1284,2161,0.1155,0.000506
2026-08-21 11:33:56,SPX,7680.29,7714.44,7690.0,0,1257,0.1091,0.000506
2026-08-21 11:33:56,SPX,7680.29,7714.44,7670.0,976,0,0.1191,0.000506
2026-08-21 11:33:56,SPX,7680.29,7714.44,7665.0,965,0,0.123,0.000506
2026-08-21 11:33:56,SPX,7680.29,7714.44,7700.0,0,5589,0.1119,0.000506
2026-08-21 11:33:56,SPX,7680.29,7714.44,7705.0,0,1283,0.1145,0.000506
2026-08-21 11:33:56,SPX,7680.29,7714.44,7715.0,0,763,0.1228,0.000506
2026-08-21 11:33:56,SPX,7680.29,7714.44,7645.0,425,1972,0.1436,0.000506
2026-08-21 11:33:56,SPX,7680.29,7714.44,7720.0,3159,871,0.1307,0.000506
2026-08-21 11:33:56,SPX,7680.29,7714.44,7640.0,679,6643,0.1477,0.000506
2026-08-21 11:33:56,SPX,7680.29,7714.44,7725.0,2422,1444,0.1388,0.000506
2026-08-21 11:33:56,SPX,7680.29,7714.44,7635.0,612,2060,0.155,0.000506
2026-08-21 11:33:56,SPX,7680.29,7714.44,7730.0,3093,885,0.1455,0.000506
2026-08-21 11:33:56,SPX,7680.29,7714.44,7630.0,351,2184,0.1599,0.000506
2026-08-21 11:33:56,SPX,7680.29,7714.44,7735.0,2720,535,0.1515,0.000506
2026-08-21 11:33:56,SPX,7680.29,7714.44,7625.0,692,3071,0.1695,0.000506
2026-08-21 11:33:56,SPX,7680.29,7714.44,7740.0,1683,492,0.1581,0.000506
2026-08-21 11:33:56,SPX,7680.29,7714.44,7620.0,544,2919,0.1785,0.000506
2026-08-21 11:33:56,SPX,7680.29,7714.44,7745.0,1544,925,0.1652,0.000506
2026-08-21 11:33:56,SPX,7680.29,7714.44,7615.0,279,1428,0.1818,0.000506
2026-08-21 11:33:56,SPX,7680.29,7714.44,7750.0,5025,2644,0.1721,0.000506
2026-08-21 11:33:56,SPX,7680.29,7714.44,7610.0,423,2272,0.1883,0.000506
2026-08-21 11:33:56,SPX,7680.29,7714.44,7755.0,1388,590,0.1789,0.000506
2026-08-21 11:33:56,SPX,7680.29,7714.44,7605.0,263,1844,0.1987,0.000506
2026-08-21 11:33:56,SPX,7680.29,7714.44,7760.0,1957,803,0.1862,0.000506
2026-08-21 11:33:56,SPX,7680.29,7714.44,7600.0,1940,7126,0.21,0.000506
2026-08-21 11:33:56,SPX,7680.29,7714.44,7765.0,1431,386,0.1941,0.000506
2026-08-21 11:33:56,SPX,7680.29,7714.44,7595.0,184,1675,0.2216,0.000506
2026-08-21 11:33:56,SPX,7680.29,7714.44,7770.0,2220,610,0.2027,0.000506
2026-08-21 11:33:56,SPX,7680.29,7714.44,7590.0,327,5069,0.2319,0.000506
2026-08-21 11:33:56,SPX,7680.29,7714.44,7775.0,3706,948,0.2117,0.000506
2026-08-21 11:33:56,SPX,7680.29,7714.44,7585.0,314,1414,0.2399,0.000506
2026-08-21 11:33:56,SPX,7680.29,7714.44,7780.0,3086,1068,0.2209,0.000506
2026-08-21 11:33:56,SPX,7680.29,7714.44,7580.0,1359,2203,0.2466,0.000506
2026-08-21 11:33:56,SPX,7680.29,7714.44,7785.0,2538,562,0.2302,0.000506
2026-08-21 11:33:56,SPX,7680.29,7714.44,7575.0,1646,1841,0.2531,0.000506
2026-08-21 11:33:56,SPX,7680.29,7714.44,7790.0,2013,536,0.2394,0.000506
2026-08-21 11:33:56,SPX,7680.29,7714.44,7570.0,284,1500,0.2603,0.000506
2026-08-21 11:33:56,SPX,7680.29,7714.44,7795.0,1194,259,0.2485,0.000506
2026-08-21 11:33:56,SPX,7680.29,7714.44,7565.0,145,1828,0.2684,0.000506
2026-08-21 11:33:56,SPX,7680.29,7714.44,7800.0,10914,2047,0.2574,0.000506
2026-08-21 11:33:56,SPX,7680.29,7714.44,7560.0,608,1966,0.2774,0.000506
2026-08-21 11:33:56,SPX,7680.29,7714.44,7805.0,1477,330,0.266,0.000506
2026-08-21 11:33:56,SPX,7680.29,7714.44,7680.0,318,503,0.0689,0.008719
2026-08-21 11:33:56,SPX,7680.29,7714.44,7685.0,276,266,0.0683,0.008719
2026-08-21 11:33:56,SPX,7680.29,7714.44,7675.0,395,1094,0.0697,0.008719
2026-08-21 11:33:56,SPX,7680.29,7714.44,7690.0,232,1008,0.0679,0.008719
2026-08-21 11:33:56,SPX,7680.29,7714.44,7670.0,264,940,0.0705,0.008719
2026-08-21 11:33:56,SPX,7680.29,7714.44,7695.0,234,224,0.0667,0.008719
2026-08-21 11:33:56,SPX,7680.29,7714.44,7665.0,150,615,0.0717,0.008719
2026-08-21 11:33:56,SPX,7680.29,7714.44,7700.0,2042,4704,0.0667,0.008719
2026-08-21 11:33:56,SPX,7680.29,7714.44,7660.0,391,403,0.0727,0.008719
2026-08-21 11:33:56,SPX,7680.29,7714.44,7705.0,211,240,0.0663,0.008719
2026-08-21 11:33:56,SPX,7680.29,7714.44,7655.0,541,565,0.0739,0.008719
2026-08-21 11:33:56,SPX,7680.29,7714.44,7710.0,480,268,0.0661,0.008719
2026-08-21 11:33:56,SPX,7680.29,7714.44,7650.0,955,2020,0.0753,0.008719
2026-08-21 11:33:56,SPX,7680.29,7714.44,7715.0,161,334,0.0657,0.008719
2026-08-21 11:33:56,SPX,7680.29,7714.44,7645.0,83,315,0.0769,0.008719
2026-08-21 11:33:56,SPX,7680.29,7714.44,7720.0,637,359,0.0654,0.008719
2026-08-21 11:33:56,SPX,7680.29,7714.44,7640.0,200,527,0.0784,0.008719
2026-08-21 11:33:56,SPX,7680.29,7714.44,7725.0,1158,712,0.0651,0.008719
2026-08-21 11:33:56,SPX,7680.29,7714.44,7635.0,67,360,0.079,0.008719
2026-08-21 11:33:56,SPX,7680.29,7714.44,7730.0,482,211,0.0647,0.008719
2026-08-21 11:33:56,SPX,7680.29,7714.44,7630.0,117,3424,0.081,0.008719
2026-08-21 11:33:56,SPX,7680.29,7714.44,7735.0,396,219,0.0646,0.008719
2026-08-21 11:33:56,SPX,7680.29,7714.44,7625.0,648,869,0.0827,0.008719
2026-08-21 11:33:56,SPX,7680.29,7714.44,7740.0,919,964,0.0648,0.008719
2026-08-21 11:33:56,SPX,7680.29,7714.44,7620.0,89,1512,0.0836,0.008719
2026-08-21 11:33:56,SPX,7680.29,7714.44,7745.0,324,192,0.065,0.008719
2026-08-21 11:33:56,SPX,7680.29,7714.44,7615.0,25,1493,0.0854,0.008719
2026-08-21 11:33:56,SPX,7680.29,7714.44,7750.0,2384,1798,0.0652,0.008719
2026-08-21 11:33:56,SPX,7680.29,7714.44,7610.0,78,1701,0.0865,0.008719
2026-08-21 11:33:56,SPX,7680.29,7714.44,7755.0,333,223,0.0654,0.008719
2026-08-21 11:33:56,SPX,7680.29,7714.44,7605.0,40,491,0.0872,0.008719
2026-08-21 11:33:56,SPX,7680.29,7714.44,7760.0,550,322,0.0657,0.008719
2026-08-21 11:33:56,SPX,7680.29,7714.44,7600.0,422,4296,0.0889,0.008719
2026-08-21 11:33:56,SPX,7680.29,7714.44,7765.0,600,152,0.0662,0.008719
2026-08-21 11:33:56,SPX,7680.29,7714.44,7595.0,60,432,0.091,0.008719
2026-08-21 11:33:56,SPX,7680.29,7714.44,7770.0,734,250,0.0667,0.008719
2026-08-21 11:33:56,SPX,7680.29,7714.44,7590.0,58,628,0.0929,0.008719
2026-08-21 11:33:56,SPX,7680.29,7714.44,7775.0,950,201,0.0675,0.008719
2026-08-21 11:33:56,SPX,7680.29,7714.44,7585.0,10,6210,0.0943,0.008719
2026-08-21 11:33:56,SPX,7680.29,7714.44,7780.0,524,200,0.0685,0.008719
2026-08-21 11:33:56,SPX,7680.29,7714.44,7580.0,115,1953,0.0952,0.008719
2026-08-21 11:33:56,SPX,7680.29,7714.44,7785.0,360,133,0.0697,0.008719
2026-08-21 11:33:56,SPX,7680.29,7714.44,7575.0,336,7004,0.0964,0.008719
2026-08-21 11:33:56,SPX,7680.29,7714.44,7790.0,577,129,0.071,0.008719
2026-08-21 11:33:56,SPX,7680.29,7714.44,7570.0,98,255,0.0985,0.008719
2026-08-21 11:33:56,SPX,7680.29,7714.44,7795.0,404,158,0.0725,0.008719
2026-08-21 11:33:56,SPX,7680.29,7714.44,7565.0,14,264,0.1002,0.008719
2026-08-21 11:33:56,SPX,7680.29,7714.44,7800.0,1647,587,0.0741,0.008719
2026-08-21 11:33:56,SPX,7680.29,7714.44,7560.0,111,796,0.1009,0.008719
2026-08-21 11:33:56,SPX,7680.29,7714.44,7805.0,641,111,0.0757,0.008719
2026-08-21 11:33:56,SPX,7680.29,7714.44,7680.0,112,292,0.0786,0.011457
2026-08-21 11:33:56,SPX,7680.29,7714.44,7685.0,110,144,0.0778,0.011457
2026-08-21 11:33:56,SPX,7680.29,7714.44,7675.0,576,553,0.0795,0.011457
2026-08-21 11:33:56,SPX,7680.29,7714.44,7690.0,115,596,0.0772,0.011457
2026-08-21 11:33:56,SPX,7680.29,7714.44,7670.0,108,422,0.0803,0.011457
2026-08-21 11:33:56,SPX,7680.29,7714.44,7695.0,112,174,0.0766,0.011457
2026-08-21 11:33:56,SPX,7680.29,7714.44,7665.0,1056,177,0.0812,0.011457
2026-08-21 11:33:56,SPX,7680.29,7714.44,7700.0,1598,873,0.076,0.011457
2026-08-21 11:33:56,SPX,7680.29,7714.44,7660.0,96,239,0.0823,0.011457
2026-08-21 11:33:56,SPX,7680.29,7714.44,7705.0,237,156,0.0754,0.011457
2026-08-21 11:33:56,SPX,7680.29,7714.44,7655.0,75,148,0.0833,0.011457
2026-08-21 11:33:56,SPX,7680.29,7714.44,7710.0,574,145,0.0749,0.011457
2026-08-21 11:33:56,SPX,7680.29,7714.44,7650.0,1591,1291,0.0843,0.011457
2026-08-21 11:33:56,SPX,7680.29,7714.44,7715.0,131,134,0.0744,0.011457
2026-08-21 11:33:56,SPX,7680.29,7714.44,7645.0,51,203,0.0856,0.011457
2026-08-21 11:33:56,SPX,7680.29,7714.44,7720.0,304,139,0.0738,0.011457
2026-08-21 11:33:56,SPX,7680.29,7714.44,7640.0,119,583,0.0868,0.011457
2026-08-21 11:33:56,SPX,7680.29,7714.44,7725.0,402,598,0.0732,0.011457
2026-08-21 11:33:56,SPX,7680.29,7714.44,7635.0,33,231,0.0877,0.011457
2026-08-21 11:33:56,SPX,7680.29,7714.44,7730.0,163,301,0.0726,0.011457
2026-08-21 11:33:56,SPX,7680.29,7714.44,7630.0,107,484,0.089,0.011457
2026-08-21 11:33:56,SPX,7680.29,7714.44,7735.0,176,96,0.0722,0.011457
2026-08-21 11:33:56,SPX,7680.29,7714.44,7625.0,590,1085,0.0905,0.011457
2026-08-21 11:33:56,SPX,7680.29,7714.44,7740.0,316,329,0.072,0.011457
2026-08-21 11:33:56,SPX,7680.29,7714.44,7620.0,51,364,0.0921,0.011457
2026-08-21 11:33:56,SPX,7680.29,7714.44,7745.0,346,97,0.0719,0.011457
2026-08-21 11:33:56,SPX,7680.29,7714.44,7615.0,7,103,0.0934,0.011457
2026-08-21 11:33:56,SPX,7680.29,7714.44,7750.0,825,677,0.0719,0.011457
2026-08-21 11:33:56,SPX,7680.29,7714.44,7610.0,53,683,0.0943,0.011457
2026-08-21 11:33:56,SPX,7680.29,7714.44,7755.0,205,54,0.0719,0.011457
2026-08-21 11:33:56,SPX,7680.29,7714.44,7605.0,27,266,0.0953,0.011457
2026-08-21 11:33:56,SPX,7680.29,7714.44,7760.0,395,897,0.0718,0.011457
2026-08-21 11:33:56,SPX,7680.29,7714.44,7600.0,688,2443,0.0967,0.011457
2026-08-21 11:33:56,SPX,7680.29,7714.44,7765.0,463,78,0.0718,0.011457
2026-08-21 11:33:56,SPX,7680.29,7714.44,7595.0,53,1024,0.0984,0.011457
2026-08-21 11:33:56,SPX,7680.29,7714.44,7770.0,412,119,0.0717,0.011457
2026-08-21 11:33:56,SPX,7680.29,7714.44,7590.0,8,260,0.1001,0.011457
2026-08-21 11:33:56,SPX,7680.29,7714.44,7775.0,1044,155,0.0717,0.011457
2026-08-21 11:33:56,SPX,7680.29,7714.44,7585.0,9,335,0.1013,0.011457
2026-08-21 11:33:56,SPX,7680.29,7714.44,7780.0,680,64,0.0718,0.011457
2026-08-21 11:33:56,SPX,7680.29,7714.44,7580.0,22,901,0.1024,0.011457
2026-08-21 11:33:56,SPX,7680.29,7714.44,7785.0,586,78,0.072,0.011457
2026-08-21 11:33:56,SPX,7680.29,7714.44,7575.0,310,322,0.1037,0.011457
2026-08-21 11:33:56,SPX,7680.29,7714.44,7790.0,259,46,0.0723,0.011457
2026-08-21 11:33:56,SPX,7680.29,7714.44,7570.0,45,681,0.1047,0.011457
2026-08-21 11:33:56,SPX,7680.29,7714.44,7795.0,454,31,0.0728,0.011457
2026-08-21 11:33:56,SPX,7680.29,7714.44,7565.0,3,117,0.1065,0.011457
2026-08-21 11:33:56,SPX,7680.29,7714.44,7800.0,879,229,0.0735,0.011457
2026-08-21 11:33:56,SPX,7680.29,7714.44,7560.0,178,133,0.1074,0.011457
2026-08-21 11:33:56,SPX,7680.29,7714.44,7805.0,205,24,0.0743,0.011457
2026-08-21 12:04:19,SPX,7687.86,7696.3,7690.0,2301,1257,0.1149,0.000448
2026-08-21 12:04:19,SPX,7687.86,7696.3,7685.0,2194,4003,0.1189,0.000448
2026-08-21 12:04:19,SPX,7687.86,7696.3,7695.0,1534,1764,0.1132,0.000448
2026-08-21 12:04:19,SPX,7687.86,7696.3,7680.0,1741,1521,0.1214,0.000448
2026-08-21 12:04:19,SPX,7687.86,7696.3,7700.0,8404,5589,0.1122,0.000448
2026-08-21 12:04:19,SPX,7687.86,7696.3,7675.0,1284,2161,0.1281,0.000448
2026-08-21 12:04:19,SPX,7687.86,7696.3,7705.0,1364,1283,0.1131,0.000448
2026-08-21 12:04:19,SPX,7687.86,7696.3,7670.0,976,1623,0.1346,0.000448
2026-08-21 12:04:19,SPX,7687.86,7696.3,7710.0,1929,990,0.1146,0.000448
2026-08-21 12:04:19,SPX,7687.86,7696.3,7665.0,965,2802,0.141,0.000448
2026-08-21 12:04:19,SPX,7687.86,7696.3,7715.0,1908,763,0.1176,0.000448
2026-08-21 12:04:19,SPX,7687.86,7696.3,7660.0,1554,1346,0.1474,0.000448
2026-08-21 12:04:19,SPX,7687.86,7696.3,7720.0,3159,871,0.1221,0.000448
2026-08-21 12:04:19,SPX,7687.86,7696.3,7655.0,705,1433,0.1538,0.000448
2026-08-21 12:04:19,SPX,7687.86,7696.3,7725.0,2422,1444,0.1273,0.000448
2026-08-21 12:04:19,SPX,7687.86,7696.3,7650.0,1528,3444,0.1602,0.000448
2026-08-21 12:04:19,SPX,7687.86,7696.3,7730.0,3093,885,0.1336,0.000448
2026-08-21 12:04:19,SPX,7687.86,7696.3,7645.0,425,1972,0.1683,0.000448
2026-08-21 12:04:19,SPX,7687.86,7696.3,7735.0,2720,535,0.1403,0.000448
2026-08-21 12:04:19,SPX,7687.86,7696.3,7640.0,679,6643,0.1739,0.000448
2026-08-21 12:04:19,SPX,7687.86,7696.3,7740.0,1683,492,0.1483,0.000448
2026-08-21 12:04:19,SPX,7687.86,7696.3,7635.0,612,2060,0.1841,0.000448
2026-08-21 12:04:19,SPX,7687.86,7696.3,7745.0,1544,925,0.1563,0.000448
2026-08-21 12:04:19,SPX,7687.86,7696.3,7630.0,351,2184,0.1885,0.000448
2026-08-21 12:04:19,SPX,7687.86,7696.3,7750.0,5025,2644,0.1647,0.000448
2026-08-21 12:04:19,SPX,7687.86,7696.3,7625.0,692,3071,0.1948,0.000448
2026-08-21 12:04:19,SPX,7687.86,7696.3,7755.0,1388,590,0.1762,0.000448
2026-08-21 12:04:19,SPX,7687.86,7696.3,7620.0,544,2919,0.2007,0.000448
2026-08-21 12:04:19,SPX,7687.86,7696.3,7760.0,1957,803,0.1823,0.000448
2026-08-21 12:04:19,SPX,7687.86,7696.3,7615.0,279,1428,0.2118,0.000448
2026-08-21 12:04:19,SPX,7687.86,7696.3,7765.0,1431,386,0.1888,0.000448
2026-08-21 12:04:19,SPX,7687.86,7696.3,7610.0,423,2272,0.2234,0.000448
2026-08-21 12:04:19,SPX,7687.86,7696.3,7770.0,2220,610,0.1962,0.000448
2026-08-21 12:04:19,SPX,7687.86,7696.3,7605.0,263,1844,0.2342,0.000448
2026-08-21 12:04:19,SPX,7687.86,7696.3,7775.0,3706,948,0.2049,0.000448
2026-08-21 12:04:19,SPX,7687.86,7696.3,7600.0,1940,7126,0.2434,0.000448
2026-08-21 12:04:19,SPX,7687.86,7696.3,7780.0,3086,1068,0.2146,0.000448
2026-08-21 12:04:19,SPX,7687.86,7696.3,7595.0,184,1675,0.2517,0.000448
2026-08-21 12:04:19,SPX,7687.86,7696.3,7785.0,2538,562,0.2249,0.000448
2026-08-21 12:04:19,SPX,7687.86,7696.3,7590.0,327,5069,0.2596,0.000448
2026-08-21 12:04:19,SPX,7687.86,7696.3,7790.0,2013,536,0.2353,0.000448
2026-08-21 12:04:19,SPX,7687.86,7696.3,7585.0,314,1414,0.2676,0.000448
2026-08-21 12:04:19,SPX,7687.86,7696.3,7795.0,1194,259,0.2454,0.000448
2026-08-21 12:04:19,SPX,7687.86,7696.3,7580.0,1359,2203,0.276,0.000448
2026-08-21 12:04:19,SPX,7687.86,7696.3,7800.0,10914,2047,0.255,0.000448
2026-08-21 12:04:19,SPX,7687.86,7696.3,7575.0,1646,1841,0.2851,0.000448
2026-08-21 12:04:19,SPX,7687.86,7696.3,7805.0,1477,330,0.2641,0.000448
2026-08-21 12:04:19,SPX,7687.86,7696.3,7570.0,284,1500,0.2949,0.000448
2026-08-21 12:04:19,SPX,7687.86,7696.3,7810.0,5854,266,0.2726,0.000448
2026-08-21 12:04:19,SPX,7687.86,7696.3,7565.0,145,1828,0.3054,0.000448
2026-08-21 12:04:19,SPX,7687.86,7696.3,7690.0,232,1008,0.0694,0.008662
2026-08-21 12:04:19,SPX,7687.86,7696.3,7685.0,276,266,0.0702,0.008662
2026-08-21 12:04:19,SPX,7687.86,7696.3,7695.0,234,224,0.0687,0.008662
2026-08-21 12:04:19,SPX,7687.86,7696.3,7680.0,318,503,0.071,0.008662
2026-08-21 12:04:19,SPX,7687.86,7696.3,7700.0,2042,4704,0.068,0.008662
2026-08-21 12:04:19,SPX,7687.86,7696.3,7675.0,395,1094,0.072,0.008662
2026-08-21 12:04:19,SPX,7687.86,7696.3,7705.0,211,240,0.0677,0.008662
2026-08-21 12:04:19,SPX,7687.86,7696.3,7670.0,264,940,0.073,0.008662
2026-08-21 12:04:19,SPX,7687.86,7696.3,7710.0,480,268,0.0674,0.008662
2026-08-21 12:04:19,SPX,7687.86,7696.3,7665.0,150,615,0.0743,0.008662
2026-08-21 12:04:19,SPX,7687.86,7696.3,7715.0,161,334,0.067,0.008662
2026-08-21 12:04:19,SPX,7687.86,7696.3,7660.0,391,403,0.076,0.008662
2026-08-21 12:04:19,SPX,7687.86,7696.3,7720.0,637,359,0.0668,0.008662
2026-08-21 12:04:19,SPX,7687.86,7696.3,7655.0,541,565,0.077,0.008662
2026-08-21 12:04:19,SPX,7687.86,7696.3,7725.0,1158,712,0.0664,0.008662
2026-08-21 12:04:19,SPX,7687.86,7696.3,7650.0,955,2020,0.0779,0.008662
2026-08-21 12:04:19,SPX,7687.86,7696.3,7730.0,482,211,0.0659,0.008662
2026-08-21 12:04:19,SPX,7687.86,7696.3,7645.0,83,315,0.0796,0.008662
2026-08-21 12:04:19,SPX,7687.86,7696.3,7735.0,396,219,0.0657,0.008662
2026-08-21 12:04:19,SPX,7687.86,7696.3,7640.0,200,527,0.0808,0.008662
2026-08-21 12:04:19,SPX,7687.86,7696.3,7740.0,919,964,0.0657,0.008662
2026-08-21 12:04:19,SPX,7687.86,7696.3,7635.0,67,360,0.0824,0.008662
2026-08-21 12:04:19,SPX,7687.86,7696.3,7745.0,324,192,0.0659,0.008662
2026-08-21 12:04:19,SPX,7687.86,7696.3,7630.0,117,3424,0.0841,0.008662
2026-08-21 12:04:19,SPX,7687.86,7696.3,7750.0,2384,1798,0.0663,0.008662
2026-08-21 12:04:19,SPX,7687.86,7696.3,7625.0,648,869,0.0856,0.008662
2026-08-21 12:04:19,SPX,7687.86,7696.3,7755.0,333,223,0.0667,0.008662
2026-08-21 12:04:19,SPX,7687.86,7696.3,7620.0,89,1512,0.087,0.008662
2026-08-21 12:04:19,SPX,7687.86,7696.3,7760.0,550,322,0.0671,0.008662
2026-08-21 12:04:19,SPX,7687.86,7696.3,7615.0,25,1493,0.0883,0.008662
2026-08-21 12:04:19,SPX,7687.86,7696.3,7765.0,600,152,0.0674,0.008662
2026-08-21 12:04:19,SPX,7687.86,7696.3,7610.0,78,1701,0.0896,0.008662
2026-08-21 12:04:19,SPX,7687.86,7696.3,7770.0,734,250,0.0677,0.008662
2026-08-21 12:04:19,SPX,7687.86,7696.3,7605.0,40,491,0.0911,0.008662
2026-08-21 12:04:19,SPX,7687.86,7696.3,7775.0,950,201,0.068,0.008662
2026-08-21 12:04:19,SPX,7687.86,7696.3,7600.0,422,4296,0.0927,0.008662
2026-08-21 12:04:19,SPX,7687.86,7696.3,7780.0,524,200,0.0684,0.008662
2026-08-21 12:04:19,SPX,7687.86,7696.3,7595.0,60,432,0.0942,0.008662
2026-08-21 12:04:19,SPX,7687.86,7696.3,7785.0,360,133,0.069,0.008662
2026-08-21 12:04:19,SPX,7687.86,7696.3,7590.0,58,628,0.0956,0.008662
2026-08-21 12:04:19,SPX,7687.86,7696.3,7790.0,577,129,0.0697,0.008662
2026-08-21 12:04:19,SPX,7687.86,7696.3,7585.0,10,6210,0.097,0.008662
2026-08-21 12:04:19,SPX,7687.86,7696.3,7795.0,404,158,0.0706,0.008662
2026-08-21 12:04:19,SPX,7687.86,7696.3,7580.0,115,1953,0.0986,0.008662
2026-08-21 12:04:19,SPX,7687.86,7696.3,7800.0,1647,587,0.0717,0.008662
2026-08-21 12:04:19,SPX,7687.86,7696.3,7575.0,336,7004,0.1004,0.008662
2026-08-21 12:04:19,SPX,7687.86,7696.3,7805.0,641,111,0.0731,0.008662
2026-08-21 12:04:19,SPX,7687.86,7696.3,7570.0,98,255,0.1026,0.008662
2026-08-21 12:04:19,SPX,7687.86,7696.3,7810.0,1133,114,0.0746,0.008662
2026-08-21 12:04:19,SPX,7687.86,7696.3,7565.0,14,264,0.1042,0.008662
2026-08-21 12:04:19,SPX,7687.86,7696.3,7690.0,115,596,0.0794,0.011399
2026-08-21 12:04:19,SPX,7687.86,7696.3,7685.0,110,144,0.0802,0.011399
2026-08-21 12:04:19,SPX,7687.86,7696.3,7695.0,112,174,0.0788,0.011399
2026-08-21 12:04:19,SPX,7687.86,7696.3,7680.0,112,292,0.0812,0.011399
2026-08-21 12:04:19,SPX,7687.86,7696.3,7700.0,1598,873,0.078,0.011399
2026-08-21 12:04:19,SPX,7687.86,7696.3,7675.0,576,553,0.082,0.011399
2026-08-21 12:04:19,SPX,7687.86,7696.3,7705.0,237,156,0.0775,0.011399
2026-08-21 12:04:19,SPX,7687.86,7696.3,7670.0,108,422,0.0831,0.011399
2026-08-21 12:04:19,SPX,7687.86,7696.3,7710.0,574,145,0.0771,0.011399
2026-08-21 12:04:19,SPX,7687.86,7696.3,7665.0,1056,177,0.084,0.011399
2026-08-21 12:04:19,SPX,7687.86,7696.3,7715.0,131,134,0.0767,0.011399
2026-08-21 12:04:19,SPX,7687.86,7696.3,7660.0,96,239,0.0852,0.011399
2026-08-21 12:04:19,SPX,7687.86,7696.3,7720.0,304,139,0.0762,0.011399
2026-08-21 12:04:19,SPX,7687.86,7696.3,7655.0,75,148,0.0863,0.011399
2026-08-21 12:04:19,SPX,7687.86,7696.3,7725.0,402,598,0.0757,0.011399
2026-08-21 12:04:19,SPX,7687.86,7696.3,7650.0,1591,1291,0.0876,0.011399
2026-08-21 12:04:19,SPX,7687.86,7696.3,7730.0,163,301,0.0751,0.011399
2026-08-21 12:04:19,SPX,7687.86,7696.3,7645.0,51,203,0.0887,0.011399
2026-08-21 12:04:19,SPX,7687.86,7696.3,7735.0,176,96,0.0745,0.011399
2026-08-21 12:04:19,SPX,7687.86,7696.3,7640.0,119,583,0.0899,0.011399
2026-08-21 12:04:19,SPX,7687.86,7696.3,7740.0,316,329,0.0741,0.011399
2026-08-21 12:04:19,SPX,7687.86,7696.3,7635.0,33,231,0.0911,0.011399
2026-08-21 12:04:19,SPX,7687.86,7696.3,7745.0,346,97,0.0739,0.011399
2026-08-21 12:04:19,SPX,7687.86,7696.3,7630.0,107,484,0.0924,0.011399
2026-08-21 12:04:19,SPX,7687.86,7696.3,7750.0,825,677,0.0739,0.011399
2026-08-21 12:04:19,SPX,7687.86,7696.3,7625.0,590,1085,0.0935,0.011399
2026-08-21 12:04:19,SPX,7687.86,7696.3,7755.0,205,54,0.074,0.011399
2026-08-21 12:04:19,SPX,7687.86,7696.3,7620.0,51,364,0.0952,0.011399
2026-08-21 12:04:19,SPX,7687.86,7696.3,7760.0,395,897,0.0741,0.011399
2026-08-21 12:04:19,SPX,7687.86,7696.3,7615.0,7,103,0.0966,0.011399
2026-08-21 12:04:19,SPX,7687.86,7696.3,7765.0,463,78,0.0742,0.011399
2026-08-21 12:04:19,SPX,7687.86,7696.3,7610.0,53,683,0.0983,0.011399
2026-08-21 12:04:19,SPX,7687.86,7696.3,7770.0,412,119,0.0743,0.011399
2026-08-21 12:04:19,SPX,7687.86,7696.3,7605.0,27,266,0.0997,0.011399
2026-08-21 12:04:19,SPX,7687.86,7696.3,7775.0,1044,155,0.0744,0.011399
2026-08-21 12:04:19,SPX,7687.86,7696.3,7600.0,688,2443,0.1005,0.011399
2026-08-21 12:04:19,SPX,7687.86,7696.3,7780.0,680,64,0.0744,0.011399
2026-08-21 12:04:19,SPX,7687.86,7696.3,7595.0,53,1024,0.1015,0.011399
2026-08-21 12:04:19,SPX,7687.86,7696.3,7785.0,586,78,0.0745,0.011399
2026-08-21 12:04:19,SPX,7687.86,7696.3,7590.0,8,260,0.1032,0.011399
2026-08-21 12:04:19,SPX,7687.86,7696.3,7790.0,259,46,0.0747,0.011399
2026-08-21 12:04:19,SPX,7687.86,7696.3,7585.0,9,335,0.1052,0.011399
2026-08-21 12:04:19,SPX,7687.86,7696.3,7795.0,454,31,0.0749,0.011399
2026-08-21 12:04:19,SPX,7687.86,7696.3,7580.0,22,901,0.1065,0.011399
2026-08-21 12:04:19,SPX,7687.86,7696.3,7800.0,879,229,0.0752,0.011399
2026-08-21 12:04:19,SPX,7687.86,7696.3,7575.0,310,322,0.1074,0.011399
2026-08-21 12:04:19,SPX,7687.86,7696.3,7805.0,205,24,0.0757,0.011399
2026-08-21 12:04:19,SPX,7687.86,7696.3,7570.0,45,681,0.109,0.011399
2026-08-21 12:04:19,SPX,7687.86,7696.3,7810.0,280,16,0.0762,0.011399
2026-08-21 12:04:19,SPX,7687.86,7696.3,7565.0,3,117,0.1109,0.011399
2026-08-21 12:34:47,SPX,7681.63,7694.38,7680.0,1741,1521,0.1229,0.00039
2026-08-21 12:34:47,SPX,7681.63,7694.38,7685.0,2194,4003,0.1204,0.00039
2026-08-21 12:34:47,SPX,7681.63,7694.38,7675.0,1284,2161,0.1262,0.00039
2026-08-21 12:34:47,SPX,7681.63,7694.38,7690.0,2301,1257,0.1196,0.00039
2026-08-21 12:34:47,SPX,7681.63,7694.38,7670.0,976,1623,0.1302,0.00039
2026-08-21 12:34:47,SPX,7681.63,7694.38,7695.0,1534,1764,0.1195,0.00039
2026-08-21 12:34:47,SPX,7681.63,7694.38,7665.0,965,2802,0.1353,0.00039
2026-08-21 12:34:47,SPX,7681.63,7694.38,7700.0,8404,5589,0.1213,0.00039
2026-08-21 12:34:47,SPX,7681.63,7694.38,7660.0,1554,1346,0.1396,0.00039
2026-08-21 12:34:47,SPX,7681.63,7694.38,7705.0,1364,1283,0.1245,0.00039
2026-08-21 12:34:47,SPX,7681.63,7694.38,7655.0,705,1433,0.144,0.00039
2026-08-21 12:34:47,SPX,7681.63,7694.38,7710.0,1929,990,0.1288,0.00039
2026-08-21 12:34:47,SPX,7681.63,7694.38,7650.0,1528,3444,0.1498,0.00039
2026-08-21 12:34:47,SPX,7681.63,7694.38,7715.0,1908,763,0.1343,0.00039
2026-08-21 12:34:47,SPX,7681.63,7694.38,7645.0,425,1972,0.1566,0.00039
2026-08-21 12:34:47,SPX,7681.63,7694.38,7720.0,3159,871,0.1412,0.00039
2026-08-21 12:34:47,SPX,7681.63,7694.38,7640.0,679,6643,0.1612,0.00039
2026-08-21 12:34:47,SPX,7681.63,7694.38,7725.0,2422,1444,0.1492,0.00039
2026-08-21 12:34:47,SPX,7681.63,7694.38,7635.0,612,2060,0.171,0.00039
2026-08-21 12:34:47,SPX,7681.63,7694.38,7730.0,3093,885,0.158,0.00039
2026-08-21 12:34:47,SPX,7681.63,7694.38,7630.0,351,2184,0.1763,0.00039
2026-08-21 12:34:47,SPX,7681.63,7694.38,7735.0,2720,535,0.1669,0.00039
2026-08-21 12:34:47,SPX,7681.63,7694.38,7625.0,692,3071,0.1873,0.00039
2026-08-21 12:34:47,SPX,7681.63,7694.38,7740.0,1683,492,0.1761,0.00039
2026-08-21 12:34:47,SPX,7681.63,7694.38,7620.0,544,2919,0.1938,0.00039
2026-08-21 12:34:47,SPX,7681.63,7694.38,7745.0,1544,925,0.1861,0.00039
2026-08-21 12:34:47,SPX,7681.63,7694.38,7615.0,279,1428,0.2052,0.00039
2026-08-21 12:34:47,SPX,7681.63,7694.38,7750.0,5025,2644,0.1962,0.00039
2026-08-21 12:34:47,SPX,7681.63,7694.38,7610.0,423,2272,0.2145,0.00039
2026-08-21 12:34:47,SPX,7681.63,7694.38,7755.0,1388,590,0.2052,0.00039
2026-08-21 12:34:47,SPX,7681.63,7694.38,7605.0,263,1844,0.2243,0.00039
2026-08-21 12:34:47,SPX,7681.63,7694.38,7760.0,1957,803,0.213,0.00039
2026-08-21 12:34:47,SPX,7681.63,7694.38,7600.0,1940,7126,0.2347,0.00039
2026-08-21 12:34:47,SPX,7681.63,7694.38,7765.0,1431,386,0.2209,0.00039
2026-08-21 12:34:47,SPX,7681.63,7694.38,7595.0,184,1675,0.2446,0.00039
2026-08-21 12:34:47,SPX,7681.63,7694.38,7770.0,2220,610,0.2316,0.00039
2026-08-21 12:34:47,SPX,7681.63,7694.38,7590.0,327,5069,0.2544,0.00039
2026-08-21 12:34:47,SPX,7681.63,7694.38,7775.0,3706,948,0.2408,0.00039
2026-08-21 12:34:47,SPX,7681.63,7694.38,7585.0,314,1414,0.2648,0.00039
2026-08-21 12:34:47,SPX,7681.63,7694.38,7780.0,3086,1068,0.2503,0.00039
2026-08-21 12:34:47,SPX,7681.63,7694.38,7580.0,1359,2203,0.2752,0.00039
2026-08-21 12:34:47,SPX,7681.63,7694.38,7785.0,2538,562,0.2601,0.00039
2026-08-21 12:34:47,SPX,7681.63,7694.38,7575.0,1646,1841,0.2856,0.00039
2026-08-21 12:34:47,SPX,7681.63,7694.38,7790.0,2013,536,0.2696,0.00039
2026-08-21 12:34:47,SPX,7681.63,7694.38,7570.0,284,1500,0.2964,0.00039
2026-08-21 12:34:47,SPX,7681.63,7694.38,7795.0,1194,259,0.2787,0.00039
2026-08-21 12:34:47,SPX,7681.63,7694.38,7565.0,145,1828,0.3076,0.00039
2026-08-21 12:34:47,SPX,7681.63,7694.38,7800.0,10914,2047,0.2875,0.00039
2026-08-21 12:34:47,SPX,7681.63,7694.38,7560.0,608,1966,0.3192,0.00039
2026-08-21 12:34:47,SPX,7681.63,7694.38,7805.0,1477,330,0.296,0.00039
2026-08-21 12:34:47,SPX,7681.63,7694.38,7680.0,318,503,0.0704,0.008604
2026-08-21 12:34:47,SPX,7681.63,7694.38,7685.0,276,266,0.0698,0.008604
2026-08-21 12:34:47,SPX,7681.63,7694.38,7675.0,395,1094,0.0713,0.008604
2026-08-21 12:34:47,SPX,7681.63,7694.38,7690.0,232,1008,0.0691,0.008604
2026-08-21 12:34:47,SPX,7681.63,7694.38,7670.0,264,940,0.0722,0.008604
2026-08-21 12:34:47,SPX,7681.63,7694.38,7695.0,234,224,0.0685,0.008604
2026-08-21 12:34:47,SPX,7681.63,7694.38,7665.0,150,615,0.0733,0.008604
2026-08-21 12:34:47,SPX,7681.63,7694.38,7700.0,2042,4704,0.068,0.008604
2026-08-21 12:34:47,SPX,7681.63,7694.38,7660.0,391,403,0.0744,0.008604
2026-08-21 12:34:47,SPX,7681.63,7694.38,7705.0,211,240,0.0676,0.008604
2026-08-21 12:34:47,SPX,7681.63,7694.38,7655.0,541,565,0.0761,0.008604
2026-08-21 12:34:47,SPX,7681.63,7694.38,7710.0,480,268,0.0675,0.008604
2026-08-21 12:34:47,SPX,7681.63,7694.38,7650.0,955,2020,0.0768,0.008604
2026-08-21 12:34:47,SPX,7681.63,7694.38,7715.0,161,334,0.0672,0.008604
2026-08-21 12:34:47,SPX,7681.63,7694.38,7645.0,83,315,0.0781,0.008604
2026-08-21 12:34:47,SPX,7681.63,7694.38,7720.0,637,359,0.0671,0.008604
2026-08-21 12:34:47,SPX,7681.63,7694.38,7640.0,200,527,0.0791,0.008604
2026-08-21 12:34:47,SPX,7681.63,7694.38,7725.0,1158,712,0.0667,0.008604
2026-08-21 12:34:47,SPX,7681.63,7694.38,7635.0,67,360,0.0806,0.008604
2026-08-21 12:34:47,SPX,7681.63,7694.38,7730.0,482,211,0.0664,0.008604
2026-08-21 12:34:47,SPX,7681.63,7694.38,7630.0,117,3424,0.0817,0.008604
2026-08-21 12:34:47,SPX,7681.63,7694.38,7735.0,396,219,0.0663,0.008604
2026-08-21 12:34:47,SPX,7681.63,7694.38,7625.0,648,869,0.0833,0.008604
2026-08-21 12:34:47,SPX,7681.63,7694.38,7740.0,919,964,0.0663,0.008604
2026-08-21 12:34:47,SPX,7681.63,7694.38,7620.0,89,1512,0.085,0.008604
2026-08-21 12:34:47,SPX,7681.63,7694.38,7745.0,324,192,0.0665,0.008604
2026-08-21 12:34:47,SPX,7681.63,7694.38,7615.0,25,1493,0.0861,0.008604
2026-08-21 12:34:47,SPX,7681.63,7694.38,7750.0,2384,1798,0.0669,0.008604
2026-08-21 12:34:47,SPX,7681.63,7694.38,7610.0,78,1701,0.0868,0.008604
2026-08-21 12:34:47,SPX,7681.63,7694.38,7755.0,333,223,0.0676,0.008604
2026-08-21 12:34:47,SPX,7681.63,7694.38,7605.0,40,491,0.0884,0.008604
2026-08-21 12:34:47,SPX,7681.63,7694.38,7760.0,550,322,0.0683,0.008604
2026-08-21 12:34:47,SPX,7681.63,7694.38,7600.0,422,4296,0.0903,0.008604
2026-08-21 12:34:47,SPX,7681.63,7694.38,7765.0,600,152,0.0689,0.008604
2026-08-21 12:34:47,SPX,7681.63,7694.38,7595.0,60,432,0.0919,0.008604
2026-08-21 12:34:47,SPX,7681.63,7694.38,7770.0,734,250,0.0695,0.008604
2026-08-21 12:34:47,SPX,7681.63,7694.38,7590.0,58,628,0.0931,0.008604
2026-08-21 12:34:47,SPX,7681.63,7694.38,7775.0,950,201,0.0701,0.008604
2026-08-21 12:34:47,SPX,7681.63,7694.38,7585.0,10,6210,0.0939,0.008604
2026-08-21 12:34:47,SPX,7681.63,7694.38,7780.0,524,200,0.0707,0.008604
2026-08-21 12:34:47,SPX,7681.63,7694.38,7580.0,115,1953,0.0954,0.008604
2026-08-21 12:34:47,SPX,7681.63,7694.38,7785.0,360,133,0.0715,0.008604
2026-08-21 12:34:47,SPX,7681.63,7694.38,7575.0,336,7004,0.0973,0.008604
2026-08-21 12:34:47,SPX,7681.63,7694.38,7790.0,577,129,0.0724,0.008604
2026-08-21 12:34:47,SPX,7681.63,7694.38,7570.0,98,255,0.099,0.008604
2026-08-21 12:34:47,SPX,7681.63,7694.38,7795.0,404,158,0.0735,0.008604
2026-08-21 12:34:47,SPX,7681.63,7694.38,7565.0,14,264,0.0997,0.008604
2026-08-21 12:34:47,SPX,7681.63,7694.38,7800.0,1647,587,0.0748,0.008604
2026-08-21 12:34:47,SPX,7681.63,7694.38,7560.0,111,796,0.1017,0.008604
2026-08-21 12:34:47,SPX,7681.63,7694.38,7805.0,641,111,0.0763,0.008604
2026-08-21 12:34:47,SPX,7681.63,7694.38,7680.0,112,292,0.0802,0.011342
2026-08-21 12:34:47,SPX,7681.63,7694.38,7685.0,110,144,0.0794,0.011342
2026-08-21 12:34:47,SPX,7681.63,7694.38,7675.0,576,553,0.0812,0.011342
2026-08-21 12:34:47,SPX,7681.63,7694.38,7690.0,115,596,0.0787,0.011342
2026-08-21 12:34:47,SPX,7681.63,7694.38,7670.0,108,422,0.082,0.011342
2026-08-21 12:34:47,SPX,7681.63,7694.38,7695.0,112,174,0.0781,0.011342
2026-08-21 12:34:47,SPX,7681.63,7694.38,7665.0,1056,177,0.083,0.011342
2026-08-21 12:34:47,SPX,7681.63,7694.38,7700.0,1598,873,0.0775,0.011342
2026-08-21 12:34:47,SPX,7681.63,7694.38,7660.0,96,239,0.0841,0.011342
2026-08-21 12:34:47,SPX,7681.63,7694.38,7705.0,237,156,0.0769,0.011342
2026-08-21 12:34:47,SPX,7681.63,7694.38,7655.0,75,148,0.0849,0.011342
2026-08-21 12:34:47,SPX,7681.63,7694.38,7710.0,574,145,0.0765,0.011342
2026-08-21 12:34:47,SPX,7681.63,7694.38,7650.0,1591,1291,0.086,0.011342
2026-08-21 12:34:47,SPX,7681.63,7694.38,7715.0,131,134,0.0762,0.011342
2026-08-21 12:34:47,SPX,7681.63,7694.38,7645.0,51,203,0.0874,0.011342
2026-08-21 12:34:47,SPX,7681.63,7694.38,7720.0,304,139,0.0757,0.011342
2026-08-21 12:34:47,SPX,7681.63,7694.38,7640.0,119,583,0.0884,0.011342
2026-08-21 12:34:47,SPX,7681.63,7694.38,7725.0,402,598,0.0751,0.011342
2026-08-21 12:34:47,SPX,7681.63,7694.38,7635.0,33,231,0.0897,0.011342
2026-08-21 12:34:47,SPX,7681.63,7694.38,7730.0,163,301,0.0746,0.011342
2026-08-21 12:34:47,SPX,7681.63,7694.38,7630.0,107,484,0.0907,0.011342
2026-08-21 12:34:47,SPX,7681.63,7694.38,7735.0,176,96,0.0742,0.011342
2026-08-21 12:34:47,SPX,7681.63,7694.38,7625.0,590,1085,0.0919,0.011342
2026-08-21 12:34:47,SPX,7681.63,7694.38,7740.0,316,329,0.074,0.011342
2026-08-21 12:34:47,SPX,7681.63,7694.38,7620.0,51,364,0.0933,0.011342
2026-08-21 12:34:47,SPX,7681.63,7694.38,7745.0,346,97,0.0739,0.011342
2026-08-21 12:34:47,SPX,7681.63,7694.38,7615.0,7,103,0.0949,0.011342
2026-08-21 12:34:47,SPX,7681.63,7694.38,7750.0,825,677,0.0739,0.011342
2026-08-21 12:34:47,SPX,7681.63,7694.38,7610.0,53,683,0.0965,0.011342
2026-08-21 12:34:47,SPX,7681.63,7694.38,7755.0,205,54,0.074,0.011342
2026-08-21 12:34:47,SPX,7681.63,7694.38,7605.0,27,266,0.0978,0.011342
2026-08-21 12:34:47,SPX,7681.63,7694.38,7760.0,395,897,0.0742,0.011342
2026-08-21 12:34:47,SPX,7681.63,7694.38,7600.0,688,2443,0.0988,0.011342
2026-08-21 12:34:47,SPX,7681.63,7694.38,7765.0,463,78,0.0744,0.011342
2026-08-21 12:34:47,SPX,7681.63,7694.38,7595.0,53,1024,0.0998,0.011342
2026-08-21 12:34:47,SPX,7681.63,7694.38,7770.0,412,119,0.0745,0.011342
2026-08-21 12:34:47,SPX,7681.63,7694.38,7590.0,8,260,0.1012,0.011342
2026-08-21 12:34:47,SPX,7681.63,7694.38,7775.0,1044,155,0.0747,0.011342
2026-08-21 12:34:47,SPX,7681.63,7694.38,7585.0,9,335,0.1028,0.011342
2026-08-21 12:34:47,SPX,7681.63,7694.38,7780.0,680,64,0.0749,0.011342
2026-08-21 12:34:47,SPX,7681.63,7694.38,7580.0,22,901,0.1042,0.011342
2026-08-21 12:34:47,SPX,7681.63,7694.38,7785.0,586,78,0.0751,0.011342
2026-08-21 12:34:47,SPX,7681.63,7694.38,7575.0,310,322,0.1056,0.011342
2026-08-21 12:34:47,SPX,7681.63,7694.38,7790.0,259,46,0.0754,0.011342
2026-08-21 12:34:47,SPX,7681.63,7694.38,7570.0,45,681,0.1069,0.011342
2026-08-21 12:34:47,SPX,7681.63,7694.38,7795.0,454,31,0.0758,0.011342
2026-08-21 12:34:47,SPX,7681.63,7694.38,7565.0,3,117,0.1081,0.011342
2026-08-21 12:34:47,SPX,7681.63,7694.38,7800.0,879,229,0.0764,0.011342
2026-08-21 12:34:47,SPX,7681.63,7694.38,7560.0,178,133,0.1089,0.011342
2026-08-21 12:34:47,SPX,7681.63,7694.38,7805.0,205,24,0.077,0.011342
2026-08-21 13:05:20,SPX,7681.85,7693.62,7680.0,1741,1521,0.1129,0.000332
2026-08-21 13:05:20,SPX,7681.85,7693.62,7685.0,2194,4003,0.1105,0.000332
2026-08-21 13:05:20,SPX,7681.85,7693.62,7675.0,1284,2161,0.1162,0.000332
2026-08-21 13:05:20,SPX,7681.85,7693.62,7690.0,2301,1257,0.1084,0.000332
2026-08-21 13:05:20,SPX,7681.85,7693.62,7670.0,976,1623,0.1211,0.000332
2026-08-21 13:05:20,SPX,7681.85,7693.62,7695.0,1534,1764,0.1101,0.000332
2026-08-21 13:05:20,SPX,7681.85,7693.62,7665.0,965,2802,0.1263,0.000332
2026-08-21 13:05:20,SPX,7681.85,7693.62,7700.0,8404,5589,0.113,0.000332
2026-08-21 13:05:20,SPX,7681.85,7693.62,7660.0,1554,1346,0.1322,0.000332
2026-08-21 13:05:20,SPX,7681.85,7693.62,7705.0,1364,1283,0.1169,0.000332
2026-08-21 13:05:20,SPX,7681.85,7693.62,7655.0,705,1433,0.1392,0.000332
2026-08-21 13:05:20,SPX,7681.85,7693.62,7710.0,1929,990,0.1226,0.000332
2026-08-21 13:05:20,SPX,7681.85,7693.62,7650.0,1528,3444,0.1467,0.000332
2026-08-21 13:05:20,SPX,7681.85,7693.62,7715.0,1908,763,0.1308,0.000332
2026-08-21 13:05:20,SPX,7681.85,7693.62,7645.0,425,1972,0.1562,0.000332
2026-08-21 13:05:20,SPX,7681.85,7693.62,7720.0,3159,871,0.1403,0.000332
2026-08-21 13:05:20,SPX,7681.85,7693.62,7640.0,679,6643,0.1654,0.000332
2026-08-21 13:05:20,SPX,7681.85,7693.62,7725.0,2422,1444,0.1514,0.000332
2026-08-21 13:05:20,SPX,7681.85,7693.62,7635.0,612,2060,0.1753,0.000332
2026-08-21 13:05:20,SPX,7681.85,7693.62,7730.0,3093,885,0.1634,0.000332
2026-08-21 13:05:20,SPX,7681.85,7693.62,7630.0,351,2184,0.1842,0.000332
2026-08-21 13:05:20,SPX,7681.85,7693.62,7735.0,2720,535,0.1739,0.000332
2026-08-21 13:05:20,SPX,7681.85,7693.62,7625.0,692,3071,0.1984,0.000332
2026-08-21 13:05:20,SPX,7681.85,7693.62,7740.0,1683,492,0.183,0.000332
2026-08-21 13:05:20,SPX,7681.85,7693.62,7620.0,544,2919,0.2127,0.000332
2026-08-21 13:05:20,SPX,7681.85,7693.62,7745.0,1544,925,0.1958,0.000332
2026-08-21 13:05:20,SPX,7681.85,7693.62,7615.0,279,1428,0.2216,0.000332
2026-08-21 13:05:20,SPX,7681.85,7693.62,7750.0,5025,2644,0.2048,0.000332
2026-08-21 13:05:20,SPX,7681.85,7693.62,7610.0,423,2272,0.2306,0.000332
2026-08-21 13:05:20,SPX,7681.85,7693.62,7755.0,1388,590,0.2144,0.000332
2026-08-21 13:05:20,SPX,7681.85,7693.62,7605.0,263,1844,0.2393,0.000332
2026-08-21 13:05:20,SPX,7681.85,7693.62,7760.0,1957,803,0.2251,0.000332
2026-08-21 13:05:20,SPX,7681.85,7693.62,7600.0,1940,7126,0.2489,0.000332
2026-08-21 13:05:20,SPX,7681.85,7693.62,7765.0,1431,386,0.2366,0.000332
2026-08-21 13:05:20,SPX,7681.85,7693.62,7595.0,184,1675,0.2599,0.000332
2026-08-21 13:05:20,SPX,7681.85,7693.62,7770.0,2220,610,0.2485,0.000332
2026-08-21 13:05:20,SPX,7681.85,7693.62,7590.0,327,5069,0.2721,0.000332
2026-08-21 13:05:20,SPX,7681.85,7693.62,7775.0,3706,948,0.2604,0.000332
2026-08-21 13:05:20,SPX,7681.85,7693.62,7585.0,314,1414,0.2851,0.000332
2026-08-21 13:05:20,SPX,7681.85,7693.62,7780.0,3086,1068,0.272,0.000332
2026-08-21 13:05:20,SPX,7681.85,7693.62,7580.0,1359,2203,0.2982,0.000332
2026-08-21 13:05:20,SPX,7681.85,7693.62,7785.0,2538,562,0.2831,0.000332
2026-08-21 13:05:20,SPX,7681.85,7693.62,7575.0,1646,1841,0.3112,0.000332
2026-08-21 13:05:20,SPX,7681.85,7693.62,7790.0,2013,536,0.2933,0.000332
2026-08-21 13:05:20,SPX,7681.85,7693.62,7570.0,284,1500,0.3242,0.000332
2026-08-21 13:05:20,SPX,7681.85,7693.62,7795.0,1194,259,0.3028,0.000332
2026-08-21 13:05:20,SPX,7681.85,7693.62,7565.0,145,1828,0.337,0.000332
2026-08-21 13:05:20,SPX,7681.85,7693.62,7800.0,10914,2047,0.3113,0.000332
2026-08-21 13:05:20,SPX,7681.85,7693.62,7560.0,608,1966,0.3497,0.000332
2026-08-21 13:05:20,SPX,7681.85,7693.62,7805.0,1477,330,0.319,0.000332
2026-08-21 13:05:20,SPX,7681.85,7693.62,7680.0,318,503,0.0685,0.008546
2026-08-21 13:05:20,SPX,7681.85,7693.62,7685.0,276,266,0.0678,0.008546
2026-08-21 13:05:20,SPX,7681.85,7693.62,7675.0,395,1094,0.0694,0.008546
2026-08-21 13:05:20,SPX,7681.85,7693.62,7690.0,232,1008,0.067,0.008546
2026-08-21 13:05:20,SPX,7681.85,7693.62,7670.0,264,940,0.0703,0.008546
2026-08-21 13:05:20,SPX,7681.85,7693.62,7695.0,234,224,0.0665,0.008546
2026-08-21 13:05:20,SPX,7681.85,7693.62,7665.0,150,615,0.0713,0.008546
2026-08-21 13:05:20,SPX,7681.85,7693.62,7700.0,2042,4704,0.066,0.008546
2026-08-21 13:05:20,SPX,7681.85,7693.62,7660.0,391,403,0.0724,0.008546
2026-08-21 13:05:20,SPX,7681.85,7693.62,7705.0,211,240,0.0654,0.008546
2026-08-21 13:05:20,SPX,7681.85,7693.62,7655.0,541,565,0.0737,0.008546
2026-08-21 13:05:20,SPX,7681.85,7693.62,7710.0,480,268,0.0648,0.008546
2026-08-21 13:05:20,SPX,7681.85,7693.62,7650.0,955,2020,0.0752,0.008546
2026-08-21 13:05:20,SPX,7681.85,7693.62,7715.0,161,334,0.0644,0.008546
2026-08-21 13:05:20,SPX,7681.85,7693.62,7645.0,83,315,0.0766,0.008546
2026-08-21 13:05:20,SPX,7681.85,7693.62,7720.0,637,359,0.0643,0.008546
2026-08-21 13:05:20,SPX,7681.85,7693.62,7640.0,200,527,0.0778,0.008546
2026-08-21 13:05:20,SPX,7681.85,7693.62,7725.0,1158,712,0.0646,0.008546
2026-08-21 13:05:20,SPX,7681.85,7693.62,7635.0,67,360,0.079,0.008546
2026-08-21 13:05:20,SPX,7681.85,7693.62,7730.0,482,211,0.0649,0.008546
2026-08-21 13:05:20,SPX,7681.85,7693.62,7630.0,117,3424,0.0803,0.008546
2026-08-21 13:05:20,SPX,7681.85,7693.62,7735.0,396,219,0.0652,0.008546
2026-08-21 13:05:20,SPX,7681.85,7693.62,7625.0,648,869,0.0816,0.008546
2026-08-21 13:05:20,SPX,7681.85,7693.62,7740.0,919,964,0.0654,0.008546
2026-08-21 13:05:20,SPX,7681.85,7693.62,7620.0,89,1512,0.0837,0.008546
2026-08-21 13:05:20,SPX,7681.85,7693.62,7745.0,324,192,0.0656,0.008546
2026-08-21 13:05:20,SPX,7681.85,7693.62,7615.0,25,1493,0.0847,0.008546
2026-08-21 13:05:20,SPX,7681.85,7693.62,7750.0,2384,1798,0.0659,0.008546
2026-08-21 13:05:20,SPX,7681.85,7693.62,7610.0,78,1701,0.0859,0.008546
2026-08-21 13:05:20,SPX,7681.85,7693.62,7755.0,333,223,0.0662,0.008546
2026-08-21 13:05:20,SPX,7681.85,7693.62,7605.0,40,491,0.0877,0.008546
2026-08-21 13:05:20,SPX,7681.85,7693.62,7760.0,550,322,0.0666,0.008546
2026-08-21 13:05:20,SPX,7681.85,7693.62,7600.0,422,4296,0.0895,0.008546
2026-08-21 13:05:20,SPX,7681.85,7693.62,7765.0,600,152,0.0671,0.008546
2026-08-21 13:05:20,SPX,7681.85,7693.62,7595.0,60,432,0.0909,0.008546
2026-08-21 13:05:20,SPX,7681.85,7693.62,7770.0,734,250,0.0678,0.008546
2026-08-21 13:05:20,SPX,7681.85,7693.62,7590.0,58,628,0.0922,0.008546
2026-08-21 13:05:20,SPX,7681.85,7693.62,7775.0,950,201,0.0687,0.008546
2026-08-21 13:05:20,SPX,7681.85,7693.62,7585.0,10,6210,0.0933,0.008546
2026-08-21 13:05:20,SPX,7681.85,7693.62,7780.0,524,200,0.0698,0.008546
2026-08-21 13:05:20,SPX,7681.85,7693.62,7580.0,115,1953,0.095,0.008546
2026-08-21 13:05:20,SPX,7681.85,7693.62,7785.0,360,133,0.0711,0.008546
2026-08-21 13:05:20,SPX,7681.85,7693.62,7575.0,336,7004,0.0967,0.008546
2026-08-21 13:05:20,SPX,7681.85,7693.62,7790.0,577,129,0.0724,0.008546
2026-08-21 13:05:20,SPX,7681.85,7693.62,7570.0,98,255,0.0977,0.008546
2026-08-21 13:05:20,SPX,7681.85,7693.62,7795.0,404,158,0.0739,0.008546
2026-08-21 13:05:20,SPX,7681.85,7693.62,7565.0,14,264,0.0998,0.008546
2026-08-21 13:05:20,SPX,7681.85,7693.62,7800.0,1647,587,0.0755,0.008546
2026-08-21 13:05:20,SPX,7681.85,7693.62,7560.0,111,796,0.1016,0.008546
2026-08-21 13:05:20,SPX,7681.85,7693.62,7805.0,641,111,0.0772,0.008546
2026-08-21 13:05:20,SPX,7681.85,7693.62,7680.0,112,292,0.079,0.011283
2026-08-21 13:05:20,SPX,7681.85,7693.62,7685.0,110,144,0.0782,0.011283
2026-08-21 13:05:20,SPX,7681.85,7693.62,7675.0,576,553,0.0799,0.011283
2026-08-21 13:05:20,SPX,7681.85,7693.62,7690.0,115,596,0.0773,0.011283
2026-08-21 13:05:20,SPX,7681.85,7693.62,7670.0,108,422,0.0809,0.011283
2026-08-21 13:05:20,SPX,7681.85,7693.62,7695.0,112,174,0.0765,0.011283
2026-08-21 13:05:20,SPX,7681.85,7693.62,7665.0,1056,177,0.0817,0.011283
2026-08-21 13:05:20,SPX,7681.85,7693.62,7700.0,1598,873,0.0758,0.011283
2026-08-21 13:05:20,SPX,7681.85,7693.62,7660.0,96,239,0.0828,0.011283
2026-08-21 13:05:20,SPX,7681.85,7693.62,7705.0,237,156,0.0754,0.011283
2026-08-21 13:05:20,SPX,7681.85,7693.62,7655.0,75,148,0.0842,0.011283
2026-08-21 13:05:20,SPX,7681.85,7693.62,7710.0,574,145,0.0749,0.011283
2026-08-21 13:05:20,SPX,7681.85,7693.62,7650.0,1591,1291,0.085,0.011283
2026-08-21 13:05:20,SPX,7681.85,7693.62,7715.0,131,134,0.0745,0.011283
2026-08-21 13:05:20,SPX,7681.85,7693.62,7645.0,51,203,0.0862,0.011283
2026-08-21 13:05:20,SPX,7681.85,7693.62,7720.0,304,139,0.0742,0.011283
2026-08-21 13:05:20,SPX,7681.85,7693.62,7640.0,119,583,0.0874,0.011283
2026-08-21 13:05:20,SPX,7681.85,7693.62,7725.0,402,598,0.0736,0.011283
2026-08-21 13:05:20,SPX,7681.85,7693.62,7635.0,33,231,0.089,0.011283
2026-08-21 13:05:20,SPX,7681.85,7693.62,7730.0,163,301,0.073,0.011283
2026-08-21 13:05:20,SPX,7681.85,7693.62,7630.0,107,484,0.0908,0.011283
2026-08-21 13:05:20,SPX,7681.85,7693.62,7735.0,176,96,0.0726,0.011283
2026-08-21 13:05:20,SPX,7681.85,7693.62,7625.0,590,1085,0.0922,0.011283
2026-08-21 13:05:20,SPX,7681.85,7693.62,7740.0,316,329,0.0724,0.011283
2026-08-21 13:05:20,SPX,7681.85,7693.62,7620.0,51,364,0.0932,0.011283
2026-08-21 13:05:20,SPX,7681.85,7693.62,7745.0,346,97,0.0725,0.011283
2026-08-21 13:05:20,SPX,7681.85,7693.62,7615.0,7,103,0.0943,0.011283
2026-08-21 13:05:20,SPX,7681.85,7693.62,7750.0,825,677,0.0727,0.011283
2026-08-21 13:05:20,SPX,7681.85,7693.62,7610.0,53,683,0.0958,0.011283
2026-08-21 13:05:20,SPX,7681.85,7693.62,7755.0,205,54,0.073,0.011283
2026-08-21 13:05:20,SPX,7681.85,7693.62,7605.0,27,266,0.0975,0.011283
2026-08-21 13:05:20,SPX,7681.85,7693.62,7760.0,395,897,0.0732,0.011283
2026-08-21 13:05:20,SPX,7681.85,7693.62,7600.0,688,2443,0.0989,0.011283
2026-08-21 13:05:20,SPX,7681.85,7693.62,7765.0,463,78,0.0734,0.011283
2026-08-21 13:05:20,SPX,7681.85,7693.62,7595.0,53,1024,0.1,0.011283
2026-08-21 13:05:20,SPX,7681.85,7693.62,7770.0,412,119,0.0736,0.011283
2026-08-21 13:05:20,SPX,7681.85,7693.62,7590.0,8,260,0.1013,0.011283
2026-08-21 13:05:20,SPX,7681.85,7693.62,7775.0,1044,155,0.0737,0.011283
2026-08-21 13:05:20,SPX,7681.85,7693.62,7585.0,9,335,0.1026,0.011283
2026-08-21 13:05:20,SPX,7681.85,7693.62,7780.0,680,64,0.0739,0.011283
2026-08-21 13:05:20,SPX,7681.85,7693.62,7580.0,22,901,0.1035,0.011283
2026-08-21 13:05:20,SPX,7681.85,7693.62,7785.0,586,78,0.0742,0.011283
2026-08-21 13:05:20,SPX,7681.85,7693.62,7575.0,310,322,0.105,0.011283
2026-08-21 13:05:20,SPX,7681.85,7693.62,7790.0,259,46,0.0745,0.011283
2026-08-21 13:05:20,SPX,7681.85,7693.62,7570.0,45,681,0.1064,0.011283
2026-08-21 13:05:20,SPX,7681.85,7693.62,7795.0,454,31,0.075,0.011283
2026-08-21 13:05:20,SPX,7681.85,7693.62,7565.0,3,117,0.1084,0.011283
2026-08-21 13:05:20,SPX,7681.85,7693.62,7800.0,879,229,0.0756,0.011283
2026-08-21 13:05:20,SPX,7681.85,7693.62,7560.0,178,133,0.11,0.011283
2026-08-21 13:05:20,SPX,7681.85,7693.62,7805.0,205,24,0.0763,0.011283
2026-08-21 13:35:50,SPX,7674.82,7692.54,7675.0,1284,2161,0.1088,0.000274
2026-08-21 13:35:50,SPX,7674.82,7692.54,7670.0,976,1623,0.1138,0.000274
2026-08-21 13:35:50,SPX,7674.82,7692.54,7680.0,1741,1521,0.1053,0.000274
2026-08-21 13:35:50,SPX,7674.82,7692.54,7665.0,965,2802,0.1209,0.000274
2026-08-21 13:35:50,SPX,7674.82,7692.54,7685.0,2194,4003,0.1048,0.000274
2026-08-21 13:35:50,SPX,7674.82,7692.54,7660.0,1554,1346,0.1286,0.000274
2026-08-21 13:35:50,SPX,7674.82,7692.54,7690.0,2301,1257,0.1072,0.000274
2026-08-21 13:35:50,SPX,7674.82,7692.54,7655.0,705,1433,0.137,0.000274
2026-08-21 13:35:50,SPX,7674.82,7692.54,7695.0,1534,1764,0.1116,0.000274
2026-08-21 13:35:50,SPX,7674.82,7692.54,7650.0,1528,3444,0.1459,0.000274
2026-08-21 13:35:50,SPX,7674.82,7692.54,7700.0,8404,5589,0.1175,0.000274
2026-08-21 13:35:50,SPX,7674.82,7692.54,7645.0,425,1972,0.1584,0.000274
2026-08-21 13:35:50,SPX,7674.82,7692.54,7705.0,1364,1283,0.1257,0.000274
2026-08-21 13:35:50,SPX,7674.82,7692.54,7640.0,679,6643,0.1653,0.000274
2026-08-21 13:35:50,SPX,7674.82,7692.54,7710.0,1929,990,0.1369,0.000274
2026-08-21 13:35:50,SPX,7674.82,7692.54,7635.0,612,2060,0.1739,0.000274
2026-08-21 13:35:50,SPX,7674.82,7692.54,7715.0,1908,763,0.1496,0.000274
2026-08-21 13:35:50,SPX,7674.82,7692.54,7630.0,351,2184,0.1892,0.000274
2026-08-21 13:35:50,SPX,7674.82,7692.54,7720.0,3159,871,0.1622,0.000274
2026-08-21 13:35:50,SPX,7674.82,7692.54,7625.0,692,3071,0.2024,0.000274
2026-08-21 13:35:50,SPX,7674.82,7692.54,7725.0,2422,1444,0.1745,0.000274
2026-08-21 13:35:50,SPX,7674.82,7692.54,7620.0,544,2919,0.2147,0.000274
2026-08-21 13:35:50,SPX,7674.82,7692.54,7730.0,3093,885,0.1861,0.000274
2026-08-21 13:35:50,SPX,7674.82,7692.54,7615.0,279,1428,0.2257,0.000274
2026-08-21 13:35:50,SPX,7674.82,7692.54,7735.0,2720,535,0.1969,0.000274
2026-08-21 13:35:50,SPX,7674.82,7692.54,7610.0,423,2272,0.2349,0.000274
2026-08-21 13:35:50,SPX,7674.82,7692.54,7740.0,1683,492,0.2073,0.000274
2026-08-21 13:35:50,SPX,7674.82,7692.54,7605.0,263,1844,0.2439,0.000274
2026-08-21 13:35:50,SPX,7674.82,7692.54,7745.0,1544,925,0.2182,0.000274
2026-08-21 13:35:50,SPX,7674.82,7692.54,7600.0,1940,7126,0.2544,0.000274
2026-08-21 13:35:50,SPX,7674.82,7692.54,7750.0,5025,2644,0.2303,0.000274
2026-08-21 13:35:50,SPX,7674.82,7692.54,7595.0,184,1675,0.2671,0.000274
2026-08-21 13:35:50,SPX,7674.82,7692.54,7755.0,1388,590,0.2426,0.000274
2026-08-21 13:35:50,SPX,7674.82,7692.54,7590.0,327,5069,0.2813,0.000274
2026-08-21 13:35:50,SPX,7674.82,7692.54,7760.0,1957,803,0.2553,0.000274
2026-08-21 13:35:50,SPX,7674.82,7692.54,7585.0,314,1414,0.2958,0.000274
2026-08-21 13:35:50,SPX,7674.82,7692.54,7765.0,1431,386,0.2688,0.000274
2026-08-21 13:35:50,SPX,7674.82,7692.54,7580.0,1359,2203,0.3103,0.000274
2026-08-21 13:35:50,SPX,7674.82,7692.54,7770.0,2220,610,0.282,0.000274
2026-08-21 13:35:50,SPX,7674.82,7692.54,7575.0,1646,1841,0.3246,0.000274
2026-08-21 13:35:50,SPX,7674.82,7692.54,7775.0,3706,948,0.2933,0.000274
2026-08-21 13:35:50,SPX,7674.82,7692.54,7570.0,284,1500,0.3387,0.000274
2026-08-21 13:35:50,SPX,7674.82,7692.54,7780.0,3086,1068,0.3035,0.000274
2026-08-21 13:35:50,SPX,7674.82,7692.54,7565.0,145,1828,0.3528,0.000274
2026-08-21 13:35:50,SPX,7674.82,7692.54,7785.0,2538,562,0.3128,0.000274
2026-08-21 13:35:50,SPX,7674.82,7692.54,7560.0,608,1966,0.3671,0.000274
2026-08-21 13:35:50,SPX,7674.82,7692.54,7790.0,2013,536,0.3213,0.000274
2026-08-21 13:35:50,SPX,7674.82,7692.54,7555.0,550,1410,0.3811,0.000274
2026-08-21 13:35:50,SPX,7674.82,7692.54,7795.0,1194,259,0.3289,0.000274
2026-08-21 13:35:50,SPX,7674.82,7692.54,7550.0,2065,5715,0.3944,0.000274
2026-08-21 13:35:50,SPX,7674.82,7692.54,7675.0,395,1094,0.0693,0.008488
2026-08-21 13:35:50,SPX,7674.82,7692.54,7670.0,264,940,0.15,0.008488
2026-08-21 13:35:50,SPX,7674.82,7692.54,7680.0,318,503,0.0665,0.008488
2026-08-21 13:35:50,SPX,7674.82,7692.54,7665.0,150,615,0.15,0.008488
2026-08-21 13:35:50,SPX,7674.82,7692.54,7685.0,276,266,0.15,0.008488
2026-08-21 13:35:50,SPX,7674.82,7692.54,7660.0,391,403,0.0703,0.008488
2026-08-21 13:35:50,SPX,7674.82,7692.54,7690.0,232,1008,0.0647,0.008488
2026-08-21 13:35:50,SPX,7674.82,7692.54,7655.0,541,565,0.0713,0.008488
2026-08-21 13:35:50,SPX,7674.82,7692.54,7695.0,234,224,0.0641,0.008488
2026-08-21 13:35:50,SPX,7674.82,7692.54,7650.0,955,2020,0.0727,0.008488
2026-08-21 13:35:50,SPX,7674.82,7692.54,7700.0,2042,4704,0.0637,0.008488
2026-08-21 13:35:50,SPX,7674.82,7692.54,7705.0,211,240,0.0634,0.008488
2026-08-21 13:35:50,SPX,7674.82,7692.54,7710.0,480,268,0.0633,0.008488
2026-08-21 13:35:50,SPX,7674.82,7692.54,7635.0,67,0,0.0769,0.008488
2026-08-21 13:35:50,SPX,7674.82,7692.54,7715.0,161,334,0.0634,0.008488
2026-08-21 13:35:50,SPX,7674.82,7692.54,7630.0,0,3424,0.0782,0.008488
2026-08-21 13:35:50,SPX,7674.82,7692.54,7720.0,637,359,0.0636,0.008488
2026-08-21 13:35:50,SPX,7674.82,7692.54,7625.0,648,869,0.0796,0.008488
2026-08-21 13:35:50,SPX,7674.82,7692.54,7725.0,1158,712,0.0638,0.008488
2026-08-21 13:35:50,SPX,7674.82,7692.54,7620.0,89,1512,0.0806,0.008488
2026-08-21 13:35:50,SPX,7674.82,7692.54,7730.0,482,211,0.064,0.008488
2026-08-21 13:35:50,SPX,7674.82,7692.54,7615.0,25,1493,0.0828,0.008488
2026-08-21 13:35:50,SPX,7674.82,7692.54,7735.0,396,219,0.0643,0.008488
2026-08-21 13:35:50,SPX,7674.82,7692.54,7610.0,78,1701,0.0838,0.008488
2026-08-21 13:35:50,SPX,7674.82,7692.54,7740.0,919,964,0.0646,0.008488
2026-08-21 13:35:50,SPX,7674.82,7692.54,7605.0,40,491,0.0851,0.008488
2026-08-21 13:35:50,SPX,7674.82,7692.54,7745.0,324,192,0.0651,0.008488
2026-08-21 13:35:50,SPX,7674.82,7692.54,7600.0,422,4296,0.0871,0.008488
2026-08-21 13:35:50,SPX,7674.82,7692.54,7750.0,2384,1798,0.0658,0.008488
2026-08-21 13:35:50,SPX,7674.82,7692.54,7595.0,60,432,0.0888,0.008488
2026-08-21 13:35:50,SPX,7674.82,7692.54,7755.0,333,223,0.0666,0.008488
2026-08-21 13:35:50,SPX,7674.82,7692.54,7590.0,58,628,0.0903,0.008488
2026-08-21 13:35:50,SPX,7674.82,7692.54,7760.0,550,322,0.0676,0.008488
2026-08-21 13:35:50,SPX,7674.82,7692.54,7585.0,10,6210,0.0913,0.008488
2026-08-21 13:35:50,SPX,7674.82,7692.54,7765.0,600,152,0.0688,0.008488
2026-08-21 13:35:50,SPX,7674.82,7692.54,7580.0,115,1953,0.0927,0.008488
2026-08-21 13:35:50,SPX,7674.82,7692.54,7770.0,734,250,0.07,0.008488
2026-08-21 13:35:50,SPX,7674.82,7692.54,7575.0,336,7004,0.0951,0.008488
2026-08-21 13:35:50,SPX,7674.82,7692.54,7775.0,950,201,0.0714,0.008488
2026-08-21 13:35:50,SPX,7674.82,7692.54,7570.0,98,255,0.0966,0.008488
2026-08-21 13:35:50,SPX,7674.82,7692.54,7780.0,524,200,0.0729,0.008488
2026-08-21 13:35:50,SPX,7674.82,7692.54,7565.0,14,264,0.0972,0.008488
2026-08-21 13:35:50,SPX,7674.82,7692.54,7785.0,360,133,0.0745,0.008488
2026-08-21 13:35:50,SPX,7674.82,7692.54,7560.0,111,796,0.0992,0.008488
2026-08-21 13:35:50,SPX,7674.82,7692.54,7790.0,577,129,0.0762,0.008488
2026-08-21 13:35:50,SPX,7674.82,7692.54,7555.0,5,256,0.1013,0.008488
2026-08-21 13:35:50,SPX,7674.82,7692.54,7795.0,404,158,0.078,0.008488
2026-08-21 13:35:50,SPX,7674.82,7692.54,7550.0,131,675,0.1029,0.008488
2026-08-21 13:35:50,SPX,7674.82,7692.54,7675.0,576,553,0.0777,0.011225
2026-08-21 13:35:50,SPX,7674.82,7692.54,7670.0,108,422,0.0787,0.011225
2026-08-21 13:35:50,SPX,7674.82,7692.54,7680.0,112,292,0.0768,0.011225
2026-08-21 13:35:50,SPX,7674.82,7692.54,7665.0,1056,177,0.0796,0.011225
2026-08-21 13:35:50,SPX,7674.82,7692.54,7685.0,110,144,0.076,0.011225
2026-08-21 13:35:50,SPX,7674.82,7692.54,7660.0,96,239,0.0807,0.011225
2026-08-21 13:35:50,SPX,7674.82,7692.54,7690.0,115,596,0.0753,0.011225
2026-08-21 13:35:50,SPX,7674.82,7692.54,7655.0,75,148,0.0819,0.011225
2026-08-21 13:35:50,SPX,7674.82,7692.54,7695.0,112,174,0.0748,0.011225
2026-08-21 13:35:50,SPX,7674.82,7692.54,7650.0,1591,1291,0.0829,0.011225
2026-08-21 13:35:50,SPX,7674.82,7692.54,7700.0,1598,873,0.0743,0.011225
2026-08-21 13:35:50,SPX,7674.82,7692.54,7645.0,51,203,0.0841,0.011225
2026-08-21 13:35:50,SPX,7674.82,7692.54,7705.0,237,156,0.0738,0.011225
2026-08-21 13:35:50,SPX,7674.82,7692.54,7640.0,119,583,0.0854,0.011225
2026-08-21 13:35:50,SPX,7674.82,7692.54,7710.0,574,145,0.0734,0.011225
2026-08-21 13:35:50,SPX,7674.82,7692.54,7635.0,33,231,0.0867,0.011225
2026-08-21 13:35:50,SPX,7674.82,7692.54,7715.0,131,134,0.073,0.011225
2026-08-21 13:35:50,SPX,7674.82,7692.54,7630.0,107,484,0.0883,0.011225
2026-08-21 13:35:50,SPX,7674.82,7692.54,7720.0,304,139,0.0726,0.011225
2026-08-21 13:35:50,SPX,7674.82,7692.54,7625.0,590,1085,0.0898,0.011225
2026-08-21 13:35:50,SPX,7674.82,7692.54,7725.0,402,598,0.0721,0.011225
2026-08-21 13:35:50,SPX,7674.82,7692.54,7620.0,51,364,0.0908,0.011225
2026-08-21 13:35:50,SPX,7674.82,7692.54,7730.0,163,301,0.0716,0.011225
2026-08-21 13:35:50,SPX,7674.82,7692.54,7615.0,7,103,0.0917,0.011225
2026-08-21 13:35:50,SPX,7674.82,7692.54,7735.0,176,96,0.0714,0.011225
2026-08-21 13:35:50,SPX,7674.82,7692.54,7610.0,53,683,0.093,0.011225
2026-08-21 13:35:50,SPX,7674.82,7692.54,7740.0,316,329,0.0714,0.011225
2026-08-21 13:35:50,SPX,7674.82,7692.54,7605.0,27,266,0.0947,0.011225
2026-08-21 13:35:50,SPX,7674.82,7692.54,7745.0,346,97,0.0715,0.011225
2026-08-21 13:35:50,SPX,7674.82,7692.54,7600.0,688,2443,0.0967,0.011225
2026-08-21 13:35:50,SPX,7674.82,7692.54,7750.0,825,677,0.0716,0.011225
2026-08-21 13:35:50,SPX,7674.82,7692.54,7595.0,53,1024,0.0983,0.011225
2026-08-21 13:35:50,SPX,7674.82,7692.54,7755.0,205,54,0.0718,0.011225
2026-08-21 13:35:50,SPX,7674.82,7692.54,7590.0,8,260,0.0995,0.011225
2026-08-21 13:35:50,SPX,7674.82,7692.54,7760.0,395,897,0.0721,0.011225
2026-08-21 13:35:50,SPX,7674.82,7692.54,7585.0,9,335,0.1008,0.011225
2026-08-21 13:35:50,SPX,7674.82,7692.54,7765.0,463,78,0.0724,0.011225
2026-08-21 13:35:50,SPX,7674.82,7692.54,7580.0,22,901,0.1018,0.011225
2026-08-21 13:35:50,SPX,7674.82,7692.54,7770.0,412,119,0.0727,0.011225
2026-08-21 13:35:50,SPX,7674.82,7692.54,7575.0,310,322,0.1027,0.011225
2026-08-21 13:35:50,SPX,7674.82,7692.54,7775.0,1044,155,0.0731,0.011225
2026-08-21 13:35:50,SPX,7674.82,7692.54,7570.0,45,681,0.1044,0.011225
2026-08-21 13:35:50,SPX,7674.82,7692.54,7780.0,680,64,0.0736,0.011225
2026-08-21 13:35:50,SPX,7674.82,7692.54,7565.0,3,117,0.1058,0.011225
2026-08-21 13:35:50,SPX,7674.82,7692.54,7785.0,586,78,0.0741,0.011225
2026-08-21 13:35:50,SPX,7674.82,7692.54,7560.0,178,133,0.108,0.011225
2026-08-21 13:35:50,SPX,7674.82,7692.54,7790.0,259,46,0.0748,0.011225
2026-08-21 13:35:50,SPX,7674.82,7692.54,7555.0,3,124,0.1096,0.011225
2026-08-21 13:35:50,SPX,7674.82,7692.54,7795.0,454,31,0.0756,0.011225
2026-08-21 13:35:50,SPX,7674.82,7692.54,7550.0,270,972,0.111,0.011225
2026-08-21 14:06:20,SPX,7675.16,7691.95,7675.0,1284,2161,0.1058,0.000216
2026-08-21 14:06:20,SPX,7675.16,7691.95,7680.0,1741,1521,0.1044,0.000216
2026-08-21 14:06:20,SPX,7675.16,7691.95,7670.0,976,1623,0.1103,0.000216
2026-08-21 14:06:20,SPX,7675.16,7691.95,7685.0,2194,4003,0.1049,0.000216
2026-08-21 14:06:20,SPX,7675.16,7691.95,7665.0,965,2802,0.1162,0.000216
2026-08-21 14:06:20,SPX,7675.16,7691.95,7690.0,2301,1257,0.11,0.000216
2026-08-21 14:06:20,SPX,7675.16,7691.95,7660.0,1554,1346,0.1251,0.000216
2026-08-21 14:06:20,SPX,7675.16,7691.95,7695.0,1534,1764,0.1175,0.000216
2026-08-21 14:06:20,SPX,7675.16,7691.95,7655.0,705,1433,0.1341,0.000216
2026-08-21 14:06:20,SPX,7675.16,7691.95,7700.0,8404,5589,0.1285,0.000216
2026-08-21 14:06:20,SPX,7675.16,7691.95,7650.0,1528,3444,0.1448,0.000216
2026-08-21 14:06:20,SPX,7675.16,7691.95,7705.0,1364,1283,0.1426,0.000216
2026-08-21 14:06:20,SPX,7675.16,7691.95,7645.0,425,1972,0.1577,0.000216
2026-08-21 14:06:20,SPX,7675.16,7691.95,7710.0,1929,990,0.1556,0.000216
2026-08-21 14:06:20,SPX,7675.16,7691.95,7640.0,679,6643,0.1743,0.000216
2026-08-21 14:06:20,SPX,7675.16,7691.95,7715.0,1908,763,0.1679,0.000216
2026-08-21 14:06:20,SPX,7675.16,7691.95,7635.0,612,2060,0.1837,0.000216
2026-08-21 14:06:20,SPX,7675.16,7691.95,7720.0,3159,871,0.1804,0.000216
2026-08-21 14:06:20,SPX,7675.16,7691.95,7630.0,351,2184,0.1987,0.000216
2026-08-21 14:06:20,SPX,7675.16,7691.95,7725.0,2422,1444,0.1935,0.000216
2026-08-21 14:06:20,SPX,7675.16,7691.95,7625.0,692,3071,0.2185,0.000216
2026-08-21 14:06:20,SPX,7675.16,7691.95,7730.0,3093,885,0.2069,0.000216
2026-08-21 14:06:20,SPX,7675.16,7691.95,7620.0,544,2919,0.2332,0.000216
2026-08-21 14:06:20,SPX,7675.16,7691.95,7735.0,2720,535,0.2207,0.000216
2026-08-21 14:06:20,SPX,7675.16,7691.95,7615.0,279,1428,0.2447,0.000216
2026-08-21 14:06:20,SPX,7675.16,7691.95,7740.0,1683,492,0.235,0.000216
2026-08-21 14:06:20,SPX,7675.16,7691.95,7610.0,423,2272,0.2565,0.000216
2026-08-21 14:06:20,SPX,7675.16,7691.95,7745.0,1544,925,0.2496,0.000216
2026-08-21 14:06:20,SPX,7675.16,7691.95,7605.0,263,1844,0.2694,0.000216
2026-08-21 14:06:20,SPX,7675.16,7691.95,7750.0,5025,2644,0.2643,0.000216
2026-08-21 14:06:20,SPX,7675.16,7691.95,7600.0,1940,7126,0.2841,0.000216
2026-08-21 14:06:20,SPX,7675.16,7691.95,7755.0,1388,590,0.2778,0.000216
2026-08-21 14:06:20,SPX,7675.16,7691.95,7595.0,184,1675,0.3001,0.000216
2026-08-21 14:06:20,SPX,7675.16,7691.95,7760.0,1957,803,0.2906,0.000216
2026-08-21 14:06:20,SPX,7675.16,7691.95,7590.0,327,5069,0.3164,0.000216
2026-08-21 14:06:20,SPX,7675.16,7691.95,7765.0,1431,386,0.3018,0.000216
2026-08-21 14:06:20,SPX,7675.16,7691.95,7585.0,314,1414,0.3327,0.000216
2026-08-21 14:06:20,SPX,7675.16,7691.95,7770.0,2220,610,0.3119,0.000216
2026-08-21 14:06:20,SPX,7675.16,7691.95,7580.0,1359,2203,0.3489,0.000216
2026-08-21 14:06:20,SPX,7675.16,7691.95,7775.0,3706,948,0.3207,0.000216
2026-08-21 14:06:20,SPX,7675.16,7691.95,7575.0,1646,1841,0.3649,0.000216
2026-08-21 14:06:20,SPX,7675.16,7691.95,7780.0,3086,1068,0.3284,0.000216
2026-08-21 14:06:20,SPX,7675.16,7691.95,7570.0,284,1500,0.381,0.000216
2026-08-21 14:06:20,SPX,7675.16,7691.95,7785.0,2538,562,0.3351,0.000216
2026-08-21 14:06:20,SPX,7675.16,7691.95,7565.0,145,1828,0.397,0.000216
2026-08-21 14:06:20,SPX,7675.16,7691.95,7790.0,2013,536,0.3408,0.000216
2026-08-21 14:06:20,SPX,7675.16,7691.95,7560.0,608,1966,0.4121,0.000216
2026-08-21 14:06:20,SPX,7675.16,7691.95,7795.0,1194,259,0.3456,0.000216
2026-08-21 14:06:20,SPX,7675.16,7691.95,7555.0,550,1410,0.4261,0.000216
2026-08-21 14:06:20,SPX,7675.16,7691.95,7800.0,10914,2047,0.3496,0.000216
2026-08-21 14:06:20,SPX,7675.16,7691.95,7675.0,395,1094,0.0651,0.00843
2026-08-21 14:06:20,SPX,7675.16,7691.95,7680.0,318,503,0.0642,0.00843
2026-08-21 14:06:20,SPX,7675.16,7691.95,7670.0,264,940,0.0659,0.00843
2026-08-21 14:06:20,SPX,7675.16,7691.95,7685.0,276,266,0.0636,0.00843
2026-08-21 14:06:20,SPX,7675.16,7691.95,7665.0,150,615,0.067,0.00843
2026-08-21 14:06:20,SPX,7675.16,7691.95,7690.0,232,1008,0.0628,0.00843
2026-08-21 14:06:20,SPX,7675.16,7691.95,7660.0,391,403,0.0682,0.00843
2026-08-21 14:06:20,SPX,7675.16,7691.95,7695.0,234,224,0.062,0.00843
2026-08-21 14:06:20,SPX,7675.16,7691.95,7655.0,541,565,0.0692,0.00843
2026-08-21 14:06:20,SPX,7675.16,7691.95,7700.0,2042,4704,0.0615,0.00843
2026-08-21 14:06:20,SPX,7675.16,7691.95,7650.0,955,2020,0.0711,0.00843
2026-08-21 14:06:20,SPX,7675.16,7691.95,7705.0,211,240,0.0611,0.00843
2026-08-21 14:06:20,SPX,7675.16,7691.95,7645.0,83,315,0.0722,0.00843
2026-08-21 14:06:20,SPX,7675.16,7691.95,7710.0,480,268,0.0612,0.00843
2026-08-21 14:06:20,SPX,7675.16,7691.95,7640.0,200,527,0.0734,0.00843
2026-08-21 14:06:20,SPX,7675.16,7691.95,7715.0,161,334,0.0614,0.00843
2026-08-21 14:06:20,SPX,7675.16,7691.95,7635.0,67,360,0.0749,0.00843
2026-08-21 14:06:20,SPX,7675.16,7691.95,7720.0,637,359,0.0617,0.00843
2026-08-21 14:06:20,SPX,7675.16,7691.95,7630.0,117,3424,0.0765,0.00843
2026-08-21 14:06:20,SPX,7675.16,7691.95,7725.0,1158,712,0.0619,0.00843
2026-08-21 14:06:20,SPX,7675.16,7691.95,7625.0,648,869,0.0778,0.00843
2026-08-21 14:06:20,SPX,7675.16,7691.95,7730.0,482,211,0.0622,0.00843
2026-08-21 14:06:20,SPX,7675.16,7691.95,7620.0,89,1512,0.0791,0.00843
2026-08-21 14:06:20,SPX,7675.16,7691.95,7735.0,396,219,0.0625,0.00843
2026-08-21 14:06:20,SPX,7675.16,7691.95,7615.0,25,1493,0.0818,0.00843
2026-08-21 14:06:20,SPX,7675.16,7691.95,7740.0,919,964,0.063,0.00843
2026-08-21 14:06:20,SPX,7675.16,7691.95,7610.0,78,1701,0.0826,0.00843
2026-08-21 14:06:20,SPX,7675.16,7691.95,7745.0,324,192,0.0635,0.00843
2026-08-21 14:06:20,SPX,7675.16,7691.95,7605.0,40,491,0.0837,0.00843
2026-08-21 14:06:20,SPX,7675.16,7691.95,7750.0,2384,1798,0.0642,0.00843
2026-08-21 14:06:20,SPX,7675.16,7691.95,7600.0,422,4296,0.0857,0.00843
2026-08-21 14:06:20,SPX,7675.16,7691.95,7755.0,333,223,0.0652,0.00843
2026-08-21 14:06:20,SPX,7675.16,7691.95,7595.0,60,432,0.0875,0.00843
2026-08-21 14:06:20,SPX,7675.16,7691.95,7760.0,550,322,0.0663,0.00843
2026-08-21 14:06:20,SPX,7675.16,7691.95,7590.0,58,628,0.0893,0.00843
2026-08-21 14:06:20,SPX,7675.16,7691.95,7765.0,600,152,0.0675,0.00843
2026-08-21 14:06:20,SPX,7675.16,7691.95,7585.0,10,6210,0.0902,0.00843
2026-08-21 14:06:20,SPX,7675.16,7691.95,7770.0,734,250,0.0689,0.00843
2026-08-21 14:06:20,SPX,7675.16,7691.95,7580.0,115,1953,0.0919,0.00843
2026-08-21 14:06:20,SPX,7675.16,7691.95,7775.0,950,201,0.0704,0.00843
2026-08-21 14:06:20,SPX,7675.16,7691.95,7575.0,336,7004,0.0936,0.00843
2026-08-21 14:06:20,SPX,7675.16,7691.95,7780.0,524,200,0.0721,0.00843
2026-08-21 14:06:20,SPX,7675.16,7691.95,7570.0,98,255,0.095,0.00843
2026-08-21 14:06:20,SPX,7675.16,7691.95,7785.0,360,133,0.0737,0.00843
2026-08-21 14:06:20,SPX,7675.16,7691.95,7565.0,14,264,0.0965,0.00843
2026-08-21 14:06:20,SPX,7675.16,7691.95,7790.0,577,129,0.0755,0.00843
2026-08-21 14:06:20,SPX,7675.16,7691.95,7560.0,111,796,0.0982,0.00843
2026-08-21 14:06:20,SPX,7675.16,7691.95,7795.0,404,158,0.0773,0.00843
2026-08-21 14:06:20,SPX,7675.16,7691.95,7555.0,5,256,0.0997,0.00843
2026-08-21 14:06:20,SPX,7675.16,7691.95,7800.0,1647,587,0.0791,0.00843
2026-08-21 14:06:20,SPX,7675.16,7691.95,7675.0,576,553,0.076,0.011168
2026-08-21 14:06:20,SPX,7675.16,7691.95,7680.0,112,292,0.075,0.011168
2026-08-21 14:06:20,SPX,7675.16,7691.95,7670.0,108,422,0.0769,0.011168
2026-08-21 14:06:20,SPX,7675.16,7691.95,7685.0,110,144,0.0743,0.011168
2026-08-21 14:06:20,SPX,7675.16,7691.95,7665.0,1056,177,0.0779,0.011168
2026-08-21 14:06:20,SPX,7675.16,7691.95,7690.0,115,596,0.0736,0.011168
2026-08-21 14:06:20,SPX,7675.16,7691.95,7660.0,96,239,0.0791,0.011168
2026-08-21 14:06:20,SPX,7675.16,7691.95,7695.0,112,174,0.073,0.011168
2026-08-21 14:06:20,SPX,7675.16,7691.95,7655.0,75,148,0.0802,0.011168
2026-08-21 14:06:20,SPX,7675.16,7691.95,7700.0,1598,873,0.0725,0.011168
2026-08-21 14:06:20,SPX,7675.16,7691.95,7650.0,1591,1291,0.0813,0.011168
2026-08-21 14:06:20,SPX,7675.16,7691.95,7705.0,237,156,0.072,0.011168
2026-08-21 14:06:20,SPX,7675.16,7691.95,7645.0,51,203,0.0826,0.011168
2026-08-21 14:06:20,SPX,7675.16,7691.95,7710.0,574,145,0.0717,0.011168
2026-08-21 14:06:20,SPX,7675.16,7691.95,7640.0,119,583,0.0839,0.011168
2026-08-21 14:06:20,SPX,7675.16,7691.95,7715.0,131,134,0.0712,0.011168
2026-08-21 14:06:20,SPX,7675.16,7691.95,7635.0,33,231,0.085,0.011168
2026-08-21 14:06:20,SPX,7675.16,7691.95,7720.0,304,139,0.0707,0.011168
2026-08-21 14:06:20,SPX,7675.16,7691.95,7630.0,107,484,0.0862,0.011168
2026-08-21 14:06:20,SPX,7675.16,7691.95,7725.0,402,598,0.0703,0.011168
2026-08-21 14:06:20,SPX,7675.16,7691.95,7625.0,590,1085,0.0879,0.011168
2026-08-21 14:06:20,SPX,7675.16,7691.95,7730.0,163,0,0.07,0.011168
2026-08-21 14:06:20,SPX,7675.16,7691.95,7620.0,51,364,0.0892,0.011168
2026-08-21 14:06:20,SPX,7675.16,7691.95,7735.0,176,96,0.0698,0.011168
2026-08-21 14:06:20,SPX,7675.16,7691.95,7615.0,7,103,0.0903,0.011168
2026-08-21 14:06:20,SPX,7675.16,7691.95,7740.0,316,329,0.0704,0.011168
2026-08-21 14:06:20,SPX,7675.16,7691.95,7610.0,53,683,0.0922,0.011168
2026-08-21 14:06:20,SPX,7675.16,7691.95,7745.0,346,97,0.0705,0.011168
2026-08-21 14:06:20,SPX,7675.16,7691.95,7605.0,27,266,0.0934,0.011168
2026-08-21 14:06:20,SPX,7675.16,7691.95,7750.0,825,677,0.0708,0.011168
2026-08-21 14:06:20,SPX,7675.16,7691.95,7600.0,688,2443,0.0949,0.011168
2026-08-21 14:06:20,SPX,7675.16,7691.95,7755.0,205,54,0.0712,0.011168
2026-08-21 14:06:20,SPX,7675.16,7691.95,7595.0,53,1024,0.0965,0.011168
2026-08-21 14:06:20,SPX,7675.16,7691.95,7760.0,395,897,0.0715,0.011168
2026-08-21 14:06:20,SPX,7675.16,7691.95,7590.0,8,260,0.0982,0.011168
2026-08-21 14:06:20,SPX,7675.16,7691.95,7765.0,463,78,0.0717,0.011168
2026-08-21 14:06:20,SPX,7675.16,7691.95,7585.0,9,335,0.0999,0.011168
2026-08-21 14:06:20,SPX,7675.16,7691.95,7770.0,412,119,0.072,0.011168
2026-08-21 14:06:20,SPX,7675.16,7691.95,7580.0,22,901,0.1013,0.011168
2026-08-21 14:06:20,SPX,7675.16,7691.95,7775.0,1044,155,0.0724,0.011168
2026-08-21 14:06:20,SPX,7675.16,7691.95,7575.0,310,322,0.1025,0.011168
2026-08-21 14:06:20,SPX,7675.16,7691.95,7780.0,680,64,0.0728,0.011168
2026-08-21 14:06:20,SPX,7675.16,7691.95,7570.0,45,681,0.1035,0.011168
2026-08-21 14:06:20,SPX,7675.16,7691.95,7785.0,586,78,0.0734,0.011168
2026-08-21 14:06:20,SPX,7675.16,7691.95,7565.0,3,117,0.1044,0.011168
2026-08-21 14:06:20,SPX,7675.16,7691.95,7790.0,259,46,0.0741,0.011168
2026-08-21 14:06:20,SPX,7675.16,7691.95,7560.0,178,133,0.1058,0.011168
2026-08-21 14:06:20,SPX,7675.16,7691.95,7795.0,454,31,0.0749,0.011168
2026-08-21 14:06:20,SPX,7675.16,7691.95,7555.0,3,124,0.1078,0.011168
2026-08-21 14:06:20,SPX,7675.16,7691.95,7800.0,879,229,0.0759,0.011168
2026-08-21 14:36:50,SPX,7671.17,7691.63,7670.0,976,1623,0.1089,0.000158
2026-08-21 14:36:50,SPX,7671.17,7691.63,7675.0,1284,2161,0.1058,0.000158
2026-08-21 14:36:50,SPX,7671.17,7691.63,7665.0,965,2802,0.1162,0.000158
2026-08-21 14:36:50,SPX,7671.17,7691.63,7680.0,1741,1521,0.1083,0.000158
2026-08-21 14:36:50,SPX,7671.17,7691.63,7660.0,1554,1346,0.1253,0.000158
2026-08-21 14:36:50,SPX,7671.17,7691.63,7685.0,2194,4003,0.1125,0.000158
2026-08-21 14:36:50,SPX,7671.17,7691.63,7655.0,705,1433,0.1369,0.000158
2026-08-21 14:36:50,SPX,7671.17,7691.63,7690.0,2301,1257,0.121,0.000158
2026-08-21 14:36:50,SPX,7671.17,7691.63,7650.0,1528,3444,0.1503,0.000158
2026-08-21 14:36:50,SPX,7671.17,7691.63,7695.0,1534,1764,0.1347,0.000158
2026-08-21 14:36:50,SPX,7671.17,7691.63,7645.0,425,1972,0.1636,0.000158
2026-08-21 14:36:50,SPX,7671.17,7691.63,7700.0,8404,5589,0.1501,0.000158
2026-08-21 14:36:50,SPX,7671.17,7691.63,7640.0,679,6643,0.1814,0.000158
2026-08-21 14:36:50,SPX,7671.17,7691.63,7705.0,1364,1283,0.1644,0.000158
2026-08-21 14:36:50,SPX,7671.17,7691.63,7635.0,612,2060,0.1999,0.000158
2026-08-21 14:36:50,SPX,7671.17,7691.63,7710.0,1929,990,0.1791,0.000158
2026-08-21 14:36:50,SPX,7671.17,7691.63,7630.0,351,2184,0.2165,0.000158
2026-08-21 14:36:50,SPX,7671.17,7691.63,7715.0,1908,763,0.1951,0.000158
2026-08-21 14:36:50,SPX,7671.17,7691.63,7625.0,692,3071,0.2329,0.000158
2026-08-21 14:36:50,SPX,7671.17,7691.63,7720.0,3159,871,0.2109,0.000158
2026-08-21 14:36:50,SPX,7671.17,7691.63,7620.0,544,2919,0.2492,0.000158
2026-08-21 14:36:50,SPX,7671.17,7691.63,7725.0,2422,1444,0.2268,0.000158
2026-08-21 14:36:50,SPX,7671.17,7691.63,7615.0,279,1428,0.2648,0.000158
2026-08-21 14:36:50,SPX,7671.17,7691.63,7730.0,3093,885,0.2435,0.000158
2026-08-21 14:36:50,SPX,7671.17,7691.63,7610.0,423,2272,0.2796,0.000158
2026-08-21 14:36:50,SPX,7671.17,7691.63,7735.0,2720,535,0.2609,0.000158
2026-08-21 14:36:50,SPX,7671.17,7691.63,7605.0,263,1844,0.2948,0.000158
2026-08-21 14:36:50,SPX,7671.17,7691.63,7740.0,1683,492,0.2782,0.000158
2026-08-21 14:36:50,SPX,7671.17,7691.63,7600.0,1940,7126,0.3108,0.000158
2026-08-21 14:36:50,SPX,7671.17,7691.63,7745.0,1544,925,0.2947,0.000158
2026-08-21 14:36:50,SPX,7671.17,7691.63,7595.0,184,1675,0.3278,0.000158
2026-08-21 14:36:50,SPX,7671.17,7691.63,7750.0,5025,2644,0.3099,0.000158
2026-08-21 14:36:50,SPX,7671.17,7691.63,7590.0,327,5069,0.3455,0.000158
2026-08-21 14:36:50,SPX,7671.17,7691.63,7755.0,1388,590,0.3231,0.000158
2026-08-21 14:36:50,SPX,7671.17,7691.63,7585.0,314,1414,0.3635,0.000158
2026-08-21 14:36:50,SPX,7671.17,7691.63,7760.0,1957,803,0.3347,0.000158
2026-08-21 14:36:50,SPX,7671.17,7691.63,7580.0,1359,2203,0.381,0.000158
2026-08-21 14:36:50,SPX,7671.17,7691.63,7765.0,1431,386,0.3442,0.000158
2026-08-21 14:36:50,SPX,7671.17,7691.63,7575.0,1646,1841,0.3972,0.000158
2026-08-21 14:36:50,SPX,7671.17,7691.63,7770.0,2220,610,0.352,0.000158
2026-08-21 14:36:50,SPX,7671.17,7691.63,7570.0,284,1500,0.4116,0.000158
2026-08-21 14:36:50,SPX,7671.17,7691.63,7775.0,3706,948,0.3584,0.000158
2026-08-21 14:36:50,SPX,7671.17,7691.63,7565.0,145,1828,0.4241,0.000158
2026-08-21 14:36:50,SPX,7671.17,7691.63,7780.0,3086,1068,0.3635,0.000158
2026-08-21 14:36:50,SPX,7671.17,7691.63,7560.0,608,1966,0.4347,0.000158
2026-08-21 14:36:50,SPX,7671.17,7691.63,7785.0,2538,562,0.3676,0.000158
2026-08-21 14:36:50,SPX,7671.17,7691.63,7555.0,550,1410,0.4435,0.000158
2026-08-21 14:36:50,SPX,7671.17,7691.63,7790.0,2013,536,0.3707,0.000158
2026-08-21 14:36:50,SPX,7671.17,7691.63,7550.0,2065,5715,0.4507,0.000158
2026-08-21 14:36:50,SPX,7671.17,7691.63,7795.0,1194,259,0.3731,0.000158
2026-08-21 14:36:50,SPX,7671.17,7691.63,7670.0,264,940,0.0653,0.008372
2026-08-21 14:36:50,SPX,7671.17,7691.63,7675.0,395,1094,0.0645,0.008372
2026-08-21 14:36:50,SPX,7671.17,7691.63,7665.0,150,615,0.0662,0.008372
2026-08-21 14:36:50,SPX,7671.17,7691.63,7680.0,318,503,0.0636,0.008372
2026-08-21 14:36:50,SPX,7671.17,7691.63,7660.0,391,403,0.0672,0.008372
2026-08-21 14:36:50,SPX,7671.17,7691.63,7685.0,276,266,0.0629,0.008372
2026-08-21 14:36:50,SPX,7671.17,7691.63,7655.0,541,565,0.0683,0.008372
2026-08-21 14:36:50,SPX,7671.17,7691.63,7690.0,232,1008,0.062,0.008372
2026-08-21 14:36:50,SPX,7671.17,7691.63,7650.0,955,2020,0.0693,0.008372
2026-08-21 14:36:50,SPX,7671.17,7691.63,7695.0,234,224,0.0614,0.008372
2026-08-21 14:36:50,SPX,7671.17,7691.63,7645.0,83,315,0.0713,0.008372
2026-08-21 14:36:50,SPX,7671.17,7691.63,7700.0,2042,4704,0.0612,0.008372
2026-08-21 14:36:50,SPX,7671.17,7691.63,7640.0,200,527,0.0725,0.008372
2026-08-21 14:36:50,SPX,7671.17,7691.63,7705.0,211,240,0.0612,0.008372
2026-08-21 14:36:50,SPX,7671.17,7691.63,7635.0,67,360,0.0735,0.008372
2026-08-21 14:36:50,SPX,7671.17,7691.63,7710.0,480,268,0.0614,0.008372
2026-08-21 14:36:50,SPX,7671.17,7691.63,7630.0,117,3424,0.0752,0.008372
2026-08-21 14:36:50,SPX,7671.17,7691.63,7715.0,161,334,0.0617,0.008372
2026-08-21 14:36:50,SPX,7671.17,7691.63,7625.0,648,869,0.0772,0.008372
2026-08-21 14:36:50,SPX,7671.17,7691.63,7720.0,637,359,0.0619,0.008372
2026-08-21 14:36:50,SPX,7671.17,7691.63,7620.0,89,1512,0.0781,0.008372
2026-08-21 14:36:50,SPX,7671.17,7691.63,7725.0,1158,712,0.0621,0.008372
2026-08-21 14:36:50,SPX,7671.17,7691.63,7615.0,25,1493,0.0795,0.008372
2026-08-21 14:36:50,SPX,7671.17,7691.63,7730.0,482,211,0.0624,0.008372
2026-08-21 14:36:50,SPX,7671.17,7691.63,7610.0,78,1701,0.0807,0.008372
2026-08-21 14:36:50,SPX,7671.17,7691.63,7735.0,396,219,0.0628,0.008372
2026-08-21 14:36:50,SPX,7671.17,7691.63,7605.0,40,491,0.083,0.008372
2026-08-21 14:36:50,SPX,7671.17,7691.63,7740.0,919,964,0.0634,0.008372
2026-08-21 14:36:50,SPX,7671.17,7691.63,7600.0,422,4296,0.0838,0.008372
2026-08-21 14:36:50,SPX,7671.17,7691.63,7745.0,324,192,0.0642,0.008372
2026-08-21 14:36:50,SPX,7671.17,7691.63,7595.0,60,432,0.0854,0.008372
2026-08-21 14:36:50,SPX,7671.17,7691.63,7750.0,2384,1798,0.0651,0.008372
2026-08-21 14:36:50,SPX,7671.17,7691.63,7590.0,58,628,0.0875,0.008372
2026-08-21 14:36:50,SPX,7671.17,7691.63,7755.0,333,223,0.0663,0.008372
2026-08-21 14:36:50,SPX,7671.17,7691.63,7585.0,10,6210,0.089,0.008372
2026-08-21 14:36:50,SPX,7671.17,7691.63,7760.0,550,322,0.0677,0.008372
2026-08-21 14:36:50,SPX,7671.17,7691.63,7580.0,115,1953,0.0905,0.008372
2026-08-21 14:36:50,SPX,7671.17,7691.63,7765.0,600,152,0.0692,0.008372
2026-08-21 14:36:50,SPX,7671.17,7691.63,7575.0,336,7004,0.0914,0.008372
2026-08-21 14:36:50,SPX,7671.17,7691.63,7770.0,734,250,0.0708,0.008372
2026-08-21 14:36:50,SPX,7671.17,7691.63,7570.0,98,255,0.0933,0.008372
2026-08-21 14:36:50,SPX,7671.17,7691.63,7775.0,950,201,0.0725,0.008372
2026-08-21 14:36:50,SPX,7671.17,7691.63,7565.0,14,264,0.0956,0.008372
2026-08-21 14:36:50,SPX,7671.17,7691.63,7780.0,524,200,0.0743,0.008372
2026-08-21 14:36:50,SPX,7671.17,7691.63,7560.0,111,796,0.0967,0.008372
2026-08-21 14:36:50,SPX,7671.17,7691.63,7785.0,360,133,0.0761,0.008372
2026-08-21 14:36:50,SPX,7671.17,7691.63,7555.0,5,256,0.0977,0.008372
2026-08-21 14:36:50,SPX,7671.17,7691.63,7790.0,577,129,0.0779,0.008372
2026-08-21 14:36:50,SPX,7671.17,7691.63,7550.0,131,675,0.0996,0.008372
2026-08-21 14:36:50,SPX,7671.17,7691.63,7795.0,404,158,0.0798,0.008372
2026-08-21 14:36:50,SPX,7671.17,7691.63,7670.0,108,422,0.0772,0.01111
2026-08-21 14:36:50,SPX,7671.17,7691.63,7675.0,576,553,0.0762,0.01111
2026-08-21 14:36:50,SPX,7671.17,7691.63,7665.0,1056,177,0.0782,0.01111
2026-08-21 14:36:50,SPX,7671.17,7691.63,7680.0,112,292,0.0755,0.01111
2026-08-21 14:36:50,SPX,7671.17,7691.63,7660.0,96,239,0.0792,0.01111
2026-08-21 14:36:50,SPX,7671.17,7691.63,7685.0,110,144,0.0747,0.01111
2026-08-21 14:36:50,SPX,7671.17,7691.63,7655.0,75,148,0.0804,0.01111
2026-08-21 14:36:50,SPX,7671.17,7691.63,7690.0,115,596,0.074,0.01111
2026-08-21 14:36:50,SPX,7671.17,7691.63,7650.0,1591,1291,0.0814,0.01111
2026-08-21 14:36:50,SPX,7671.17,7691.63,7695.0,112,174,0.0735,0.01111
2026-08-21 14:36:50,SPX,7671.17,7691.63,7645.0,51,203,0.0826,0.01111
2026-08-21 14:36:50,SPX,7671.17,7691.63,7700.0,1598,873,0.073,0.01111
2026-08-21 14:36:50,SPX,7671.17,7691.63,7640.0,119,583,0.0839,0.01111
2026-08-21 14:36:50,SPX,7671.17,7691.63,7705.0,237,156,0.0727,0.01111
2026-08-21 14:36:50,SPX,7671.17,7691.63,7635.0,33,231,0.0848,0.01111
2026-08-21 14:36:50,SPX,7671.17,7691.63,7710.0,574,145,0.0721,0.01111
2026-08-21 14:36:50,SPX,7671.17,7691.63,7630.0,107,484,0.086,0.01111
2026-08-21 14:36:50,SPX,7671.17,7691.63,7715.0,131,134,0.0713,0.01111
2026-08-21 14:36:50,SPX,7671.17,7691.63,7625.0,590,1085,0.0876,0.01111
2026-08-21 14:36:50,SPX,7671.17,7691.63,7720.0,304,139,0.0707,0.01111
2026-08-21 14:36:50,SPX,7671.17,7691.63,7620.0,51,364,0.0889,0.01111
2026-08-21 14:36:50,SPX,7671.17,7691.63,7725.0,402,598,0.0704,0.01111
2026-08-21 14:36:50,SPX,7671.17,7691.63,7615.0,7,103,0.0903,0.01111
2026-08-21 14:36:50,SPX,7671.17,7691.63,7730.0,163,301,0.0703,0.01111
2026-08-21 14:36:50,SPX,7671.17,7691.63,7610.0,53,683,0.092,0.01111
2026-08-21 14:36:50,SPX,7671.17,7691.63,7735.0,176,96,0.0704,0.01111
2026-08-21 14:36:50,SPX,7671.17,7691.63,7605.0,27,266,0.0934,0.01111
2026-08-21 14:36:50,SPX,7671.17,7691.63,7740.0,316,329,0.0705,0.01111
2026-08-21 14:36:50,SPX,7671.17,7691.63,7600.0,688,2443,0.0947,0.01111
2026-08-21 14:36:50,SPX,7671.17,7691.63,7745.0,346,97,0.0706,0.01111
2026-08-21 14:36:50,SPX,7671.17,7691.63,7595.0,53,1024,0.0959,0.01111
2026-08-21 14:36:50,SPX,7671.17,7691.63,7750.0,825,677,0.0708,0.01111
2026-08-21 14:36:50,SPX,7671.17,7691.63,7590.0,8,260,0.097,0.01111
2026-08-21 14:36:50,SPX,7671.17,7691.63,7755.0,205,54,0.071,0.01111
2026-08-21 14:36:50,SPX,7671.17,7691.63,7585.0,9,335,0.0984,0.01111
2026-08-21 14:36:50,SPX,7671.17,7691.63,7760.0,395,897,0.0712,0.01111
2026-08-21 14:36:50,SPX,7671.17,7691.63,7580.0,22,901,0.0999,0.01111
2026-08-21 14:36:50,SPX,7671.17,7691.63,7765.0,463,78,0.0715,0.01111
2026-08-21 14:36:50,SPX,7671.17,7691.63,7575.0,310,322,0.1016,0.01111
2026-08-21 14:36:50,SPX,7671.17,7691.63,7770.0,412,119,0.0718,0.01111
2026-08-21 14:36:50,SPX,7671.17,7691.63,7570.0,45,681,0.1032,0.01111
2026-08-21 14:36:50,SPX,7671.17,7691.63,7775.0,1044,155,0.0722,0.01111
2026-08-21 14:36:50,SPX,7671.17,7691.63,7565.0,3,117,0.1047,0.01111
2026-08-21 14:36:50,SPX,7671.17,7691.63,7780.0,680,64,0.0728,0.01111
2026-08-21 14:36:50,SPX,7671.17,7691.63,7560.0,178,133,0.1057,0.01111
2026-08-21 14:36:50,SPX,7671.17,7691.63,7785.0,586,78,0.0734,0.01111
2026-08-21 14:36:50,SPX,7671.17,7691.63,7555.0,3,124,0.1068,0.01111
2026-08-21 14:36:50,SPX,7671.17,7691.63,7790.0,259,46,0.0743,0.01111
2026-08-21 14:36:50,SPX,7671.17,7691.63,7550.0,270,972,0.1085,0.01111
2026-08-21 14:36:50,SPX,7671.17,7691.63,7795.0,454,31,0.0752,0.01111
2026-08-21 15:07:22,SPX,7678.75,7691.44,7680.0,1741,1521,0.122,0.0001
2026-08-21 15:07:22,SPX,7678.75,7691.44,7675.0,1284,2161,0.1238,0.0001
2026-08-21 15:07:22,SPX,7678.75,7691.44,7685.0,2194,4003,0.1244,0.0001
2026-08-21 15:07:22,SPX,7678.75,7691.44,7670.0,976,1623,0.1301,0.0001
2026-08-21 15:07:22,SPX,7678.75,7691.44,7690.0,2301,1257,0.1317,0.0001
2026-08-21 15:07:22,SPX,7678.75,7691.44,7665.0,965,2802,0.1393,0.0001
2026-08-21 15:07:22,SPX,7678.75,7691.44,7695.0,1534,1764,0.1428,0.0001
2026-08-21 15:07:22,SPX,7678.75,7691.44,7660.0,1554,1346,0.1516,0.0001
2026-08-21 15:07:22,SPX,7678.75,7691.44,7700.0,8404,5589,0.1557,0.0001
2026-08-21 15:07:22,SPX,7678.75,7691.44,7655.0,705,1433,0.1664,0.0001
2026-08-21 15:07:22,SPX,7678.75,7691.44,7705.0,1364,1283,0.1732,0.0001
2026-08-21 15:07:22,SPX,7678.75,7691.44,7650.0,1528,3444,0.1834,0.0001
2026-08-21 15:07:22,SPX,7678.75,7691.44,7710.0,1929,990,0.1926,0.0001
2026-08-21 15:07:22,SPX,7678.75,7691.44,7645.0,425,1972,0.2014,0.0001
2026-08-21 15:07:22,SPX,7678.75,7691.44,7715.0,1908,763,0.2109,0.0001
2026-08-21 15:07:22,SPX,7678.75,7691.44,7640.0,679,6643,0.2206,0.0001
2026-08-21 15:07:22,SPX,7678.75,7691.44,7720.0,3159,871,0.2316,0.0001
2026-08-21 15:07:22,SPX,7678.75,7691.44,7635.0,612,2060,0.2383,0.0001
2026-08-21 15:07:22,SPX,7678.75,7691.44,7725.0,2422,1444,0.255,0.0001
2026-08-21 15:07:22,SPX,7678.75,7691.44,7630.0,351,2184,0.2593,0.0001
2026-08-21 15:07:22,SPX,7678.75,7691.44,7730.0,3093,885,0.277,0.0001
2026-08-21 15:07:22,SPX,7678.75,7691.44,7625.0,692,3071,0.2851,0.0001
2026-08-21 15:07:22,SPX,7678.75,7691.44,7735.0,2720,535,0.294,0.0001
2026-08-21 15:07:22,SPX,7678.75,7691.44,7620.0,544,2919,0.3096,0.0001
2026-08-21 15:07:22,SPX,7678.75,7691.44,7740.0,1683,492,0.3066,0.0001
2026-08-21 15:07:22,SPX,7678.75,7691.44,7615.0,279,1428,0.3262,0.0001
2026-08-21 15:07:22,SPX,7678.75,7691.44,7745.0,1544,925,0.319,0.0001
2026-08-21 15:07:22,SPX,7678.75,7691.44,7610.0,423,2272,0.3479,0.0001
2026-08-21 15:07:22,SPX,7678.75,7691.44,7750.0,5025,2644,0.3332,0.0001
2026-08-21 15:07:22,SPX,7678.75,7691.44,7605.0,263,1844,0.3704,0.0001
2026-08-21 15:07:22,SPX,7678.75,7691.44,7755.0,1388,590,0.3497,0.0001
2026-08-21 15:07:22,SPX,7678.75,7691.44,7600.0,1940,7126,0.3833,0.0001
2026-08-21 15:07:22,SPX,7678.75,7691.44,7760.0,1957,803,0.3678,0.0001
2026-08-21 15:07:22,SPX,7678.75,7691.44,7595.0,184,1675,0.3985,0.0001
2026-08-21 15:07:22,SPX,7678.75,7691.44,7765.0,1431,386,0.3863,0.0001
2026-08-21 15:07:22,SPX,7678.75,7691.44,7590.0,327,5069,0.4136,0.0001
2026-08-21 15:07:22,SPX,7678.75,7691.44,7770.0,2220,610,0.4042,0.0001
2026-08-21 15:07:22,SPX,7678.75,7691.44,7585.0,314,1414,0.4248,0.0001
2026-08-21 15:07:22,SPX,7678.75,7691.44,7775.0,3706,948,0.4212,0.0001
2026-08-21 15:07:22,SPX,7678.75,7691.44,7580.0,1359,2203,0.437,0.0001
2026-08-21 15:07:22,SPX,7678.75,7691.44,7780.0,3086,1068,0.4372,0.0001
2026-08-21 15:07:22,SPX,7678.75,7691.44,7575.0,1646,1841,0.4425,0.0001
2026-08-21 15:07:22,SPX,7678.75,7691.44,7785.0,2538,562,0.452,0.0001
2026-08-21 15:07:22,SPX,7678.75,7691.44,7570.0,284,1500,0.4432,0.0001
2026-08-21 15:07:22,SPX,7678.75,7691.44,7790.0,2013,536,0.4656,0.0001
2026-08-21 15:07:22,SPX,7678.75,7691.44,7565.0,145,1828,0.4562,0.0001
2026-08-21 15:07:22,SPX,7678.75,7691.44,7795.0,1194,259,0.478,0.0001
2026-08-21 15:07:22,SPX,7678.75,7691.44,7560.0,608,1966,0.4705,0.0001
2026-08-21 15:07:22,SPX,7678.75,7691.44,7800.0,10914,2047,0.4891,0.0001
2026-08-21 15:07:22,SPX,7678.75,7691.44,7555.0,550,1410,0.4854,0.0001
2026-08-21 15:07:22,SPX,7678.75,7691.44,7680.0,318,503,0.0645,0.008314
2026-08-21 15:07:22,SPX,7678.75,7691.44,7675.0,395,1094,0.0653,0.008314
2026-08-21 15:07:22,SPX,7678.75,7691.44,7685.0,276,266,0.0637,0.008314
2026-08-21 15:07:22,SPX,7678.75,7691.44,7670.0,264,940,0.0661,0.008314
2026-08-21 15:07:22,SPX,7678.75,7691.44,7690.0,232,1008,0.0631,0.008314
2026-08-21 15:07:22,SPX,7678.75,7691.44,7665.0,150,615,0.0672,0.008314
2026-08-21 15:07:22,SPX,7678.75,7691.44,7695.0,234,224,0.0623,0.008314
2026-08-21 15:07:22,SPX,7678.75,7691.44,7660.0,391,403,0.0687,0.008314
2026-08-21 15:07:22,SPX,7678.75,7691.44,7700.0,2042,4704,0.062,0.008314
2026-08-21 15:07:22,SPX,7678.75,7691.44,7655.0,541,565,0.0694,0.008314
2026-08-21 15:07:22,SPX,7678.75,7691.44,7705.0,211,240,0.0614,0.008314
2026-08-21 15:07:22,SPX,7678.75,7691.44,7650.0,955,2020,0.0712,0.008314
2026-08-21 15:07:22,SPX,7678.75,7691.44,7710.0,480,268,0.0614,0.008314
2026-08-21 15:07:22,SPX,7678.75,7691.44,7645.0,83,315,0.0727,0.008314
2026-08-21 15:07:22,SPX,7678.75,7691.44,7715.0,161,334,0.0612,0.008314
2026-08-21 15:07:22,SPX,7678.75,7691.44,7640.0,200,527,0.074,0.008314
2026-08-21 15:07:22,SPX,7678.75,7691.44,7720.0,637,359,0.0612,0.008314
2026-08-21 15:07:22,SPX,7678.75,7691.44,7635.0,67,360,0.0753,0.008314
2026-08-21 15:07:22,SPX,7678.75,7691.44,7725.0,1158,712,0.0613,0.008314
2026-08-21 15:07:22,SPX,7678.75,7691.44,7630.0,117,3424,0.0767,0.008314
2026-08-21 15:07:22,SPX,7678.75,7691.44,7730.0,482,211,0.0613,0.008314
2026-08-21 15:07:22,SPX,7678.75,7691.44,7625.0,648,869,0.078,0.008314
2026-08-21 15:07:22,SPX,7678.75,7691.44,7735.0,396,219,0.0614,0.008314
2026-08-21 15:07:22,SPX,7678.75,7691.44,7620.0,89,1512,0.0791,0.008314
2026-08-21 15:07:22,SPX,7678.75,7691.44,7740.0,919,964,0.0619,0.008314
2026-08-21 15:07:22,SPX,7678.75,7691.44,7615.0,25,1493,0.0812,0.008314
2026-08-21 15:07:22,SPX,7678.75,7691.44,7745.0,324,192,0.0624,0.008314
2026-08-21 15:07:22,SPX,7678.75,7691.44,7610.0,78,1701,0.0819,0.008314
2026-08-21 15:07:22,SPX,7678.75,7691.44,7750.0,2384,1798,0.063,0.008314
2026-08-21 15:07:22,SPX,7678.75,7691.44,7605.0,40,491,0.0833,0.008314
2026-08-21 15:07:22,SPX,7678.75,7691.44,7755.0,333,223,0.0638,0.008314
2026-08-21 15:07:22,SPX,7678.75,7691.44,7600.0,422,4296,0.0853,0.008314
2026-08-21 15:07:22,SPX,7678.75,7691.44,7760.0,550,322,0.0649,0.008314
2026-08-21 15:07:22,SPX,7678.75,7691.44,7595.0,60,432,0.0868,0.008314
2026-08-21 15:07:22,SPX,7678.75,7691.44,7765.0,600,152,0.066,0.008314
2026-08-21 15:07:22,SPX,7678.75,7691.44,7590.0,58,628,0.0883,0.008314
2026-08-21 15:07:22,SPX,7678.75,7691.44,7770.0,734,250,0.0673,0.008314
2026-08-21 15:07:22,SPX,7678.75,7691.44,7585.0,10,6210,0.0894,0.008314
2026-08-21 15:07:22,SPX,7678.75,7691.44,7775.0,950,201,0.0686,0.008314
2026-08-21 15:07:22,SPX,7678.75,7691.44,7580.0,115,1953,0.091,0.008314
2026-08-21 15:07:22,SPX,7678.75,7691.44,7780.0,524,200,0.07,0.008314
2026-08-21 15:07:22,SPX,7678.75,7691.44,7575.0,336,7004,0.093,0.008314
2026-08-21 15:07:22,SPX,7678.75,7691.44,7785.0,360,133,0.0715,0.008314
2026-08-21 15:07:22,SPX,7678.75,7691.44,7570.0,98,255,0.0937,0.008314
2026-08-21 15:07:22,SPX,7678.75,7691.44,7790.0,577,129,0.0733,0.008314
2026-08-21 15:07:22,SPX,7678.75,7691.44,7565.0,14,264,0.0952,0.008314
2026-08-21 15:07:22,SPX,7678.75,7691.44,7795.0,404,158,0.0751,0.008314
2026-08-21 15:07:22,SPX,7678.75,7691.44,7560.0,111,796,0.0971,0.008314
2026-08-21 15:07:22,SPX,7678.75,7691.44,7800.0,1647,587,0.0771,0.008314
2026-08-21 15:07:22,SPX,7678.75,7691.44,7555.0,5,256,0.0988,0.008314
2026-08-21 15:07:22,SPX,7678.75,7691.44,7680.0,112,292,0.0755,0.011051
2026-08-21 15:07:22,SPX,7678.75,7691.44,7675.0,576,553,0.0764,0.011051
2026-08-21 15:07:22,SPX,7678.75,7691.44,7685.0,110,144,0.0747,0.011051
2026-08-21 15:07:22,SPX,7678.75,7691.44,7670.0,108,422,0.0775,0.011051
2026-08-21 15:07:22,SPX,7678.75,7691.44,7690.0,115,596,0.0739,0.011051
2026-08-21 15:07:22,SPX,7678.75,7691.44,7665.0,1056,177,0.0785,0.011051
2026-08-21 15:07:22,SPX,7678.75,7691.44,7695.0,112,174,0.0732,0.011051
2026-08-21 15:07:22,SPX,7678.75,7691.44,7660.0,96,239,0.0796,0.011051
2026-08-21 15:07:22,SPX,7678.75,7691.44,7700.0,1598,873,0.0725,0.011051
2026-08-21 15:07:22,SPX,7678.75,7691.44,7655.0,75,148,0.0805,0.011051
2026-08-21 15:07:22,SPX,7678.75,7691.44,7705.0,237,156,0.072,0.011051
2026-08-21 15:07:22,SPX,7678.75,7691.44,7650.0,1591,1291,0.0819,0.011051
2026-08-21 15:07:22,SPX,7678.75,7691.44,7710.0,574,145,0.0716,0.011051
2026-08-21 15:07:22,SPX,7678.75,7691.44,7645.0,51,203,0.0828,0.011051
2026-08-21 15:07:22,SPX,7678.75,7691.44,7715.0,131,134,0.071,0.011051
2026-08-21 15:07:22,SPX,7678.75,7691.44,7640.0,119,583,0.0841,0.011051
2026-08-21 15:07:22,SPX,7678.75,7691.44,7720.0,304,139,0.0706,0.011051
2026-08-21 15:07:22,SPX,7678.75,7691.44,7635.0,33,231,0.0856,0.011051
2026-08-21 15:07:22,SPX,7678.75,7691.44,7725.0,402,598,0.0703,0.011051
2026-08-21 15:07:22,SPX,7678.75,7691.44,7630.0,107,484,0.0871,0.011051
2026-08-21 15:07:22,SPX,7678.75,7691.44,7730.0,163,301,0.0698,0.011051
2026-08-21 15:07:22,SPX,7678.75,7691.44,7625.0,590,1085,0.0886,0.011051
2026-08-21 15:07:22,SPX,7678.75,7691.44,7735.0,176,96,0.0693,0.011051
2026-08-21 15:07:22,SPX,7678.75,7691.44,7620.0,51,364,0.0898,0.011051
2026-08-21 15:07:22,SPX,7678.75,7691.44,7740.0,316,329,0.069,0.011051
2026-08-21 15:07:22,SPX,7678.75,7691.44,7610.0,0,683,0.092,0.011051
2026-08-21 15:07:22,SPX,7678.75,7691.44,7595.0,0,1024,0.0962,0.011051
2026-08-21 15:07:22,SPX,7678.75,7691.44,7590.0,0,260,0.0976,0.011051
2026-08-21 15:07:22,SPX,7678.75,7691.44,7770.0,412,119,0.0699,0.011051
2026-08-21 15:07:22,SPX,7678.75,7691.44,7585.0,9,335,0.0991,0.011051
2026-08-21 15:07:22,SPX,7678.75,7691.44,7775.0,1044,155,0.0702,0.011051
2026-08-21 15:07:22,SPX,7678.75,7691.44,7580.0,22,901,0.1007,0.011051
2026-08-21 15:07:22,SPX,7678.75,7691.44,7780.0,680,64,0.0705,0.011051
2026-08-21 15:07:22,SPX,7678.75,7691.44,7575.0,310,322,0.1021,0.011051
2026-08-21 15:07:22,SPX,7678.75,7691.44,7785.0,586,78,0.0709,0.011051
2026-08-21 15:07:22,SPX,7678.75,7691.44,7570.0,45,681,0.1034,0.011051
2026-08-21 15:07:22,SPX,7678.75,7691.44,7790.0,259,46,0.0714,0.011051
2026-08-21 15:07:22,SPX,7678.75,7691.44,7565.0,3,117,0.1045,0.011051
2026-08-21 15:07:22,SPX,7678.75,7691.44,7795.0,454,31,0.072,0.011051
2026-08-21 15:07:22,SPX,7678.75,7691.44,7560.0,178,133,0.1055,0.011051
2026-08-21 15:07:22,SPX,7678.75,7691.44,7800.0,879,229,0.0728,0.011051
2026-08-21 15:07:22,SPX,7678.75,7691.44,7555.0,3,124,0.1072,0.011051
2026-08-21 15:37:51,SPX,7680.16,7691.67,7680.0,1741,1521,0.1368,4.2e-05
2026-08-21 15:37:51,SPX,7680.16,7691.67,7685.0,2194,4003,0.1412,4.2e-05
2026-08-21 15:37:51,SPX,7680.16,7691.67,7675.0,1284,2161,0.1408,4.2e-05
2026-08-21 15:37:51,SPX,7680.16,7691.67,7690.0,2301,1257,0.1561,4.2e-05
2026-08-21 15:37:51,SPX,7680.16,7691.67,7670.0,976,1623,0.1537,4.2e-05
2026-08-21 15:37:51,SPX,7680.16,7691.67,7695.0,1534,1764,0.1772,4.2e-05
2026-08-21 15:37:51,SPX,7680.16,7691.67,7665.0,965,2802,0.173,4.2e-05
2026-08-21 15:37:51,SPX,7680.16,7691.67,7700.0,8404,5589,0.1983,4.2e-05
2026-08-21 15:37:51,SPX,7680.16,7691.67,7660.0,1554,1346,0.202,4.2e-05
2026-08-21 15:37:51,SPX,7680.16,7691.67,7705.0,1364,1283,0.2234,4.2e-05
2026-08-21 15:37:51,SPX,7680.16,7691.67,7655.0,705,1433,0.2337,4.2e-05
2026-08-21 15:37:51,SPX,7680.16,7691.67,7710.0,1929,990,0.2543,4.2e-05
2026-08-21 15:37:51,SPX,7680.16,7691.67,7650.0,1528,3444,0.2647,4.2e-05
2026-08-21 15:37:51,SPX,7680.16,7691.67,7715.0,1908,763,0.2847,4.2e-05
2026-08-21 15:37:51,SPX,7680.16,7691.67,7645.0,425,1972,0.2949,4.2e-05
2026-08-21 15:37:51,SPX,7680.16,7691.67,7720.0,3159,871,0.3132,4.2e-05
2026-08-21 15:37:51,SPX,7680.16,7691.67,7640.0,679,6643,0.3264,4.2e-05
2026-08-21 15:37:51,SPX,7680.16,7691.67,7725.0,2422,1444,0.3376,4.2e-05
2026-08-21 15:37:51,SPX,7680.16,7691.67,7635.0,612,2060,0.3555,4.2e-05
2026-08-21 15:37:51,SPX,7680.16,7691.67,7730.0,3093,885,0.3572,4.2e-05
2026-08-21 15:37:51,SPX,7680.16,7691.67,7630.0,351,2184,0.3812,4.2e-05
2026-08-21 15:37:51,SPX,7680.16,7691.67,7735.0,2720,535,0.3735,4.2e-05
2026-08-21 15:37:51,SPX,7680.16,7691.67,7625.0,692,3071,0.4017,4.2e-05
2026-08-21 15:37:51,SPX,7680.16,7691.67,7740.0,1683,492,0.3889,4.2e-05
2026-08-21 15:37:51,SPX,7680.16,7691.67,7620.0,544,2919,0.4175,4.2e-05
2026-08-21 15:37:51,SPX,7680.16,7691.67,7745.0,1544,925,0.4055,4.2e-05
2026-08-21 15:37:51,SPX,7680.16,7691.67,7615.0,279,1428,0.4289,4.2e-05
2026-08-21 15:37:51,SPX,7680.16,7691.67,7750.0,5025,2644,0.4237,4.2e-05
2026-08-21 15:37:51,SPX,7680.16,7691.67,7610.0,423,2272,0.4418,4.2e-05
2026-08-21 15:37:51,SPX,7680.16,7691.67,7755.0,1388,590,0.4419,4.2e-05
2026-08-21 15:37:51,SPX,7680.16,7691.67,7605.0,263,1844,0.4556,4.2e-05
2026-08-21 15:37:51,SPX,7680.16,7691.67,7760.0,1957,803,0.4605,4.2e-05
2026-08-21 15:37:51,SPX,7680.16,7691.67,7600.0,1940,7126,0.4664,4.2e-05
2026-08-21 15:37:51,SPX,7680.16,7691.67,7765.0,1431,386,0.477,4.2e-05
2026-08-21 15:37:51,SPX,7680.16,7691.67,7595.0,184,1675,0.4806,4.2e-05
2026-08-21 15:37:51,SPX,7680.16,7691.67,7770.0,2220,610,0.4921,4.2e-05
2026-08-21 15:37:51,SPX,7680.16,7691.67,7590.0,327,5069,0.4958,4.2e-05
2026-08-21 15:37:51,SPX,7680.16,7691.67,7775.0,3706,948,0.5058,4.2e-05
2026-08-21 15:37:51,SPX,7680.16,7691.67,7585.0,314,1414,0.5099,4.2e-05
2026-08-21 15:37:51,SPX,7680.16,7691.67,7780.0,3086,1068,0.5179,4.2e-05
2026-08-21 15:37:51,SPX,7680.16,7691.67,7580.0,1359,2203,0.5254,4.2e-05
2026-08-21 15:37:51,SPX,7680.16,7691.67,7785.0,2538,562,0.5284,4.2e-05
2026-08-21 15:37:51,SPX,7680.16,7691.67,7575.0,1646,1841,0.5375,4.2e-05
2026-08-21 15:37:51,SPX,7680.16,7691.67,7790.0,2013,536,0.5371,4.2e-05
2026-08-21 15:37:51,SPX,7680.16,7691.67,7570.0,284,1500,0.5475,4.2e-05
2026-08-21 15:37:51,SPX,7680.16,7691.67,7795.0,1194,259,0.5444,4.2e-05
2026-08-21 15:37:51,SPX,7680.16,7691.67,7565.0,145,1828,0.5636,4.2e-05
2026-08-21 15:37:51,SPX,7680.16,7691.67,7800.0,10914,2047,0.5503,4.2e-05
2026-08-21 15:37:51,SPX,7680.16,7691.67,7560.0,608,1966,0.5774,4.2e-05
2026-08-21 15:37:51,SPX,7680.16,7691.67,7805.0,1477,330,0.555,4.2e-05
2026-08-21 15:37:51,SPX,7680.16,7691.67,7680.0,318,503,0.0615,0.008256
2026-08-21 15:37:51,SPX,7680.16,7691.67,7685.0,276,266,0.0608,0.008256
2026-08-21 15:37:51,SPX,7680.16,7691.67,7675.0,395,1094,0.0624,0.008256
2026-08-21 15:37:51,SPX,7680.16,7691.67,7690.0,232,1008,0.0604,0.008256
2026-08-21 15:37:51,SPX,7680.16,7691.67,7670.0,264,940,0.0633,0.008256
2026-08-21 15:37:51,SPX,7680.16,7691.67,7695.0,234,224,0.0599,0.008256
2026-08-21 15:37:51,SPX,7680.16,7691.67,7665.0,150,615,0.0641,0.008256
2026-08-21 15:37:51,SPX,7680.16,7691.67,7700.0,2042,4704,0.0588,0.008256
2026-08-21 15:37:51,SPX,7680.16,7691.67,7660.0,391,403,0.065,0.008256
2026-08-21 15:37:51,SPX,7680.16,7691.67,7705.0,211,240,0.059,0.008256
2026-08-21 15:37:51,SPX,7680.16,7691.67,7655.0,541,565,0.0668,0.008256
2026-08-21 15:37:51,SPX,7680.16,7691.67,7710.0,480,268,0.0582,0.008256
2026-08-21 15:37:51,SPX,7680.16,7691.67,7650.0,955,2020,0.0678,0.008256
2026-08-21 15:37:51,SPX,7680.16,7691.67,7715.0,161,334,0.0583,0.008256
2026-08-21 15:37:51,SPX,7680.16,7691.67,7645.0,83,315,0.0692,0.008256
2026-08-21 15:37:51,SPX,7680.16,7691.67,7720.0,637,359,0.0583,0.008256
2026-08-21 15:37:51,SPX,7680.16,7691.67,7640.0,200,527,0.0705,0.008256
2026-08-21 15:37:51,SPX,7680.16,7691.67,7725.0,1158,712,0.0583,0.008256
2026-08-21 15:37:51,SPX,7680.16,7691.67,7635.0,67,360,0.0715,0.008256
2026-08-21 15:37:51,SPX,7680.16,7691.67,7730.0,482,211,0.0583,0.008256
2026-08-21 15:37:51,SPX,7680.16,7691.67,7630.0,117,3424,0.0728,0.008256
2026-08-21 15:37:51,SPX,7680.16,7691.67,7735.0,396,219,0.0584,0.008256
2026-08-21 15:37:51,SPX,7680.16,7691.67,7625.0,648,869,0.074,0.008256
2026-08-21 15:37:51,SPX,7680.16,7691.67,7740.0,919,964,0.0587,0.008256
2026-08-21 15:37:51,SPX,7680.16,7691.67,7620.0,89,1512,0.0753,0.008256
2026-08-21 15:37:51,SPX,7680.16,7691.67,7745.0,324,192,0.0593,0.008256
2026-08-21 15:37:51,SPX,7680.16,7691.67,7615.0,25,1493,0.077,0.008256
2026-08-21 15:37:51,SPX,7680.16,7691.67,7750.0,2384,1798,0.0602,0.008256
2026-08-21 15:37:51,SPX,7680.16,7691.67,7610.0,78,1701,0.0782,0.008256
2026-08-21 15:37:51,SPX,7680.16,7691.67,7755.0,333,223,0.0614,0.008256
2026-08-21 15:37:51,SPX,7680.16,7691.67,7605.0,40,491,0.0803,0.008256
2026-08-21 15:37:51,SPX,7680.16,7691.67,7760.0,550,322,0.0625,0.008256
2026-08-21 15:37:51,SPX,7680.16,7691.67,7600.0,422,4296,0.0816,0.008256
2026-08-21 15:37:51,SPX,7680.16,7691.67,7765.0,600,152,0.0636,0.008256
2026-08-21 15:37:51,SPX,7680.16,7691.67,7595.0,60,432,0.0832,0.008256
2026-08-21 15:37:51,SPX,7680.16,7691.67,7770.0,734,250,0.0648,0.008256
2026-08-21 15:37:51,SPX,7680.16,7691.67,7590.0,58,628,0.0838,0.008256
2026-08-21 15:37:51,SPX,7680.16,7691.67,7775.0,950,201,0.0661,0.008256
2026-08-21 15:37:51,SPX,7680.16,7691.67,7585.0,10,6210,0.0854,0.008256
2026-08-21 15:37:51,SPX,7680.16,7691.67,7780.0,524,200,0.0674,0.008256
2026-08-21 15:37:51,SPX,7680.16,7691.67,7580.0,115,1953,0.0875,0.008256
2026-08-21 15:37:51,SPX,7680.16,7691.67,7785.0,360,133,0.0688,0.008256
2026-08-21 15:37:51,SPX,7680.16,7691.67,7575.0,336,7004,0.0886,0.008256
2026-08-21 15:37:51,SPX,7680.16,7691.67,7790.0,577,129,0.0702,0.008256
2026-08-21 15:37:51,SPX,7680.16,7691.67,7570.0,98,255,0.0903,0.008256
2026-08-21 15:37:51,SPX,7680.16,7691.67,7795.0,404,158,0.0719,0.008256
2026-08-21 15:37:51,SPX,7680.16,7691.67,7565.0,14,264,0.0922,0.008256
2026-08-21 15:37:51,SPX,7680.16,7691.67,7800.0,1647,587,0.0737,0.008256
2026-08-21 15:37:51,SPX,7680.16,7691.67,7560.0,111,796,0.094,0.008256
2026-08-21 15:37:51,SPX,7680.16,7691.67,7805.0,641,111,0.0756,0.008256
2026-08-21 15:37:51,SPX,7680.16,7691.67,7680.0,112,292,0.074,0.010994
2026-08-21 15:37:51,SPX,7680.16,7691.67,7685.0,110,144,0.0732,0.010994
2026-08-21 15:37:51,SPX,7680.16,7691.67,7675.0,576,553,0.0748,0.010994
2026-08-21 15:37:51,SPX,7680.16,7691.67,7690.0,115,596,0.0722,0.010994
2026-08-21 15:37:51,SPX,7680.16,7691.67,7670.0,108,422,0.0757,0.010994
2026-08-21 15:37:51,SPX,7680.16,7691.67,7695.0,112,174,0.0715,0.010994
2026-08-21 15:37:51,SPX,7680.16,7691.67,7665.0,1056,177,0.0768,0.010994
2026-08-21 15:37:51,SPX,7680.16,7691.67,7700.0,1598,873,0.071,0.010994
2026-08-21 15:37:51,SPX,7680.16,7691.67,7660.0,96,239,0.0777,0.010994
2026-08-21 15:37:51,SPX,7680.16,7691.67,7705.0,237,156,0.0704,0.010994
2026-08-21 15:37:51,SPX,7680.16,7691.67,7655.0,75,148,0.0789,0.010994
2026-08-21 15:37:51,SPX,7680.16,7691.67,7710.0,574,145,0.0701,0.010994
2026-08-21 15:37:51,SPX,7680.16,7691.67,7650.0,1591,1291,0.0799,0.010994
2026-08-21 15:37:51,SPX,7680.16,7691.67,7715.0,131,134,0.0699,0.010994
2026-08-21 15:37:51,SPX,7680.16,7691.67,7645.0,51,203,0.0812,0.010994
2026-08-21 15:37:51,SPX,7680.16,7691.67,7720.0,304,139,0.0695,0.010994
2026-08-21 15:37:51,SPX,7680.16,7691.67,7640.0,119,583,0.0823,0.010994
2026-08-21 15:37:51,SPX,7680.16,7691.67,7725.0,402,598,0.0691,0.010994
2026-08-21 15:37:51,SPX,7680.16,7691.67,7635.0,33,231,0.0834,0.010994
2026-08-21 15:37:51,SPX,7680.16,7691.67,7730.0,163,301,0.0686,0.010994
2026-08-21 15:37:51,SPX,7680.16,7691.67,7630.0,107,484,0.0846,0.010994
2026-08-21 15:37:51,SPX,7680.16,7691.67,7735.0,176,96,0.0682,0.010994
2026-08-21 15:37:51,SPX,7680.16,7691.67,7625.0,590,1085,0.0862,0.010994
2026-08-21 15:37:51,SPX,7680.16,7691.67,7740.0,316,329,0.0679,0.010994
2026-08-21 15:37:51,SPX,7680.16,7691.67,7620.0,51,364,0.0877,0.010994
2026-08-21 15:37:51,SPX,7680.16,7691.67,7745.0,346,97,0.0676,0.010994
2026-08-21 15:37:51,SPX,7680.16,7691.67,7615.0,7,103,0.0888,0.010994
2026-08-21 15:37:51,SPX,7680.16,7691.67,7750.0,825,677,0.0676,0.010994
2026-08-21 15:37:51,SPX,7680.16,7691.67,7610.0,53,683,0.0897,0.010994
2026-08-21 15:37:51,SPX,7680.16,7691.67,7755.0,205,54,0.0678,0.010994
2026-08-21 15:37:51,SPX,7680.16,7691.67,7605.0,27,266,0.0908,0.010994
2026-08-21 15:37:51,SPX,7680.16,7691.67,7760.0,395,897,0.0681,0.010994
2026-08-21 15:37:51,SPX,7680.16,7691.67,7600.0,688,2443,0.092,0.010994
2026-08-21 15:37:51,SPX,7680.16,7691.67,7765.0,463,78,0.0685,0.010994
2026-08-21 15:37:51,SPX,7680.16,7691.67,7595.0,53,1024,0.0934,0.010994
2026-08-21 15:37:51,SPX,7680.16,7691.67,7770.0,412,119,0.0689,0.010994
2026-08-21 15:37:51,SPX,7680.16,7691.67,7590.0,8,260,0.0947,0.010994
2026-08-21 15:37:51,SPX,7680.16,7691.67,7775.0,1044,155,0.0692,0.010994
2026-08-21 15:37:51,SPX,7680.16,7691.67,7585.0,9,335,0.0961,0.010994
2026-08-21 15:37:51,SPX,7680.16,7691.67,7780.0,680,64,0.0696,0.010994
2026-08-21 15:37:51,SPX,7680.16,7691.67,7580.0,22,901,0.0974,0.010994
2026-08-21 15:37:51,SPX,7680.16,7691.67,7785.0,586,78,0.0699,0.010994
2026-08-21 15:37:51,SPX,7680.16,7691.67,7575.0,310,322,0.099,0.010994
2026-08-21 15:37:51,SPX,7680.16,7691.67,7790.0,259,46,0.0704,0.010994
2026-08-21 15:37:51,SPX,7680.16,7691.67,7570.0,45,681,0.1004,0.010994
2026-08-21 15:37:51,SPX,7680.16,7691.67,7795.0,454,31,0.071,0.010994
2026-08-21 15:37:51,SPX,7680.16,7691.67,7565.0,3,117,0.1015,0.010994
2026-08-21 15:37:51,SPX,7680.16,7691.67,7800.0,879,229,0.0716,0.010994
2026-08-21 15:37:51,SPX,7680.16,7691.67,7560.0,178,133,0.1025,0.010994
2026-08-21 15:37:51,SPX,7680.16,7691.67,7805.0,205,24,0.0725,0.010994
