timestamp,symbol,spot,gflip,strike,oi_call,oi_put,iv,T
2026-09-14 08:52:38,SPX,7656.98,7654.45,7650.0,2328,2140,0.1661,0.000813
2026-09-14 08:52:38,SPX,7656.98,7654.45,7665.0,1125,984,0.1698,0.000813
2026-09-14 08:52:38,SPX,7656.98,7654.45,7645.0,338,1275,0.1655,0.000813
2026-09-14 08:52:38,SPX,7656.98,7654.45,7670.0,1245,716,0.1721,0.000813
2026-09-14 08:52:38,SPX,7656.98,7654.45,7640.0,407,890,0.1656,0.000813
2026-09-14 08:52:38,SPX,7656.98,7654.45,7675.0,3444,1867,0.1751,0.000813
2026-09-14 08:52:38,SPX,7656.98,7654.45,7635.0,261,755,0.1667,0.000813
2026-09-14 08:52:38,SPX,7656.98,7654.45,7680.0,2948,1779,0.1787,0.000813
2026-09-14 08:52:38,SPX,7656.98,7654.45,7630.0,269,1151,0.1684,0.000813
2026-09-14 08:52:38,SPX,7656.98,7654.45,7685.0,796,272,0.1829,0.000813
2026-09-14 08:52:38,SPX,7656.98,7654.45,7625.0,492,1894,0.171,0.000813
2026-09-14 08:52:38,SPX,7656.98,7654.45,7690.0,1113,270,0.1876,0.000813
2026-09-14 08:52:38,SPX,7656.98,7654.45,7710.0,1629,230,0.2098,0.000813
2026-09-14 08:52:38,SPX,7656.98,7654.45,7600.0,1069,4496,0.1862,0.000813
2026-09-14 08:52:38,SPX,7656.98,7654.45,7715.0,3168,78,0.2156,0.000813
2026-09-14 08:52:38,SPX,7656.98,7654.45,7595.0,255,978,0.19,0.000813
2026-09-14 08:52:38,SPX,7656.98,7654.45,7720.0,6710,0,0.2213,0.000813
2026-09-14 08:52:38,SPX,7656.98,7654.45,7590.0,97,1818,0.1942,0.000813
2026-09-14 08:52:38,SPX,7656.98,7654.45,7580.0,96,0,0.2008,0.000813
2026-09-14 08:52:38,SPX,7656.98,7654.45,7735.0,2667,0,0.2395,0.000813
2026-09-14 08:52:38,SPX,7656.98,7654.45,7740.0,0,89,0.2462,0.000813
2026-09-14 08:52:38,SPX,7656.98,7654.45,7745.0,0,54,0.2532,0.000813
2026-09-14 08:52:38,SPX,7656.98,7654.45,7565.0,73,1290,0.213,0.000813
2026-09-14 08:52:38,SPX,7656.98,7654.45,7750.0,3036,396,0.2601,0.000813
2026-09-14 08:52:38,SPX,7656.98,7654.45,7560.0,66,2432,0.2175,0.000813
2026-09-14 08:52:38,SPX,7656.98,7654.45,7755.0,1674,33,0.2666,0.000813
2026-09-14 08:52:38,SPX,7656.98,7654.45,7555.0,41,2475,0.2223,0.000813
2026-09-14 08:52:38,SPX,7656.98,7654.45,7760.0,4448,105,0.2726,0.000813
2026-09-14 08:52:38,SPX,7656.98,7654.45,7550.0,61,5411,0.2245,0.000813
2026-09-14 08:52:38,SPX,7656.98,7654.45,7765.0,1301,46,0.2779,0.000813
2026-09-14 08:52:38,SPX,7656.98,7654.45,7545.0,27,4407,0.2289,0.000813
2026-09-14 08:52:38,SPX,7656.98,7654.45,7770.0,1587,111,0.2824,0.000813
2026-09-14 08:52:38,SPX,7656.98,7654.45,7540.0,25,1517,0.2328,0.000813
2026-09-14 08:52:38,SPX,7656.98,7654.45,7775.0,6475,70,0.2861,0.000813
2026-09-14 08:52:38,SPX,7656.98,7654.45,7535.0,13,2818,0.2381,0.000813
2026-09-14 08:52:38,SPX,7656.98,7654.45,7780.0,8118,89,0.289,0.000813
2026-09-14 08:52:38,SPX,7656.98,7654.45,7530.0,51,3495,0.2428,0.000813
2026-09-14 08:52:38,SPX,7656.98,7654.45,7785.0,8660,32,0.2911,0.000813
2026-09-14 08:52:38,SPX,7656.98,7654.45,7525.0,64,5429,0.245,0.000813
2026-09-14 08:52:38,SPX,7656.98,7654.45,7790.0,3394,73,0.2926,0.000813
2026-09-14 08:52:38,SPX,7656.98,7654.45,7520.0,38,2095,0.2497,0.000813
2026-09-14 08:52:38,SPX,7656.98,7654.45,7795.0,599,3,0.2933,0.000813
2026-09-14 08:52:38,SPX,7656.98,7654.45,7515.0,30,892,0.2548,0.000813
2026-09-14 08:52:38,SPX,7656.98,7654.45,7800.0,4155,299,0.2936,0.000813
2026-09-14 08:52:38,SPX,7656.98,7654.45,7510.0,78,801,0.2602,0.000813
2026-09-14 08:52:38,SPX,7656.98,7654.45,7805.0,3131,8,0.2933,0.000813
2026-09-14 08:52:38,SPX,7656.98,7654.45,7505.0,6,1667,0.2641,0.000813
2026-09-14 08:52:38,SPX,7656.98,7654.45,7810.0,1254,27,0.2927,0.000813
2026-09-14 08:52:38,SPX,7656.98,7654.45,7500.0,134,9425,0.267,0.000813
2026-09-14 08:52:38,SPX,7656.98,7654.45,7815.0,483,4,0.2918,0.000813
2026-09-14 08:52:38,SPX,7656.98,7654.45,7495.0,4,488,0.2709,0.000813
2026-09-14 08:52:38,SPX,7656.98,7654.45,7820.0,1135,83,0.2908,0.000813
2026-09-14 08:52:38,SPX,7656.98,7654.45,7490.0,21,806,0.2756,0.000813
2026-09-14 08:52:38,SPX,7656.98,7654.45,7825.0,3742,49,0.2897,0.000813
2026-09-14 08:52:38,SPX,7656.98,7654.45,7485.0,4,1294,0.2808,0.000813
2026-09-14 08:52:38,SPX,7656.98,7654.45,7830.0,452,12,0.2884,0.000813
2026-09-14 08:52:38,SPX,7656.98,7654.45,7480.0,44,954,0.2863,0.000813
2026-09-14 08:52:38,SPX,7656.98,7654.45,7835.0,413,0,0.2872,0.000813
2026-09-14 08:52:38,SPX,7656.98,7654.45,7475.0,44,2221,0.2922,0.000813
2026-09-14 08:52:38,SPX,7656.98,7654.45,7840.0,670,13,0.2859,0.000813
2026-09-14 08:52:38,SPX,7656.98,7654.45,7470.0,7,2414,0.2984,0.000813
2026-09-14 08:52:38,SPX,7656.98,7654.45,7845.0,1762,1,0.2847,0.000813
2026-09-14 08:52:38,SPX,7656.98,7654.45,7465.0,1,1379,0.3046,0.000813
2026-09-14 08:52:38,SPX,7656.98,7654.45,7850.0,18075,37,0.2834,0.000813
2026-09-14 08:52:38,SPX,7656.98,7654.45,7460.0,6,2276,0.3109,0.000813
2026-09-14 08:52:38,SPX,7656.98,7654.45,7855.0,285,0,0.2821,0.000813
2026-09-14 08:52:38,SPX,7656.98,7654.45,7455.0,2,958,0.3171,0.000813
2026-09-14 08:52:38,SPX,7656.98,7654.45,7860.0,1526,3,0.2808,0.000813
2026-09-14 08:52:38,SPX,7656.98,7654.45,7450.0,22,3029,0.3233,0.000813
2026-09-14 08:52:38,SPX,7656.98,7654.45,7865.0,3507,1,0.2795,0.000813
2026-09-14 08:52:38,SPX,7656.98,7654.45,7445.0,0,297,0.3295,0.000813
2026-09-14 08:52:38,SPX,7656.98,7654.45,7870.0,1472,7,0.2781,0.000813
2026-09-14 08:52:38,SPX,7656.98,7654.45,7440.0,0,6015,0.3356,0.000813
2026-09-14 08:52:38,SPX,7656.98,7654.45,7875.0,1671,7,0.2767,0.000813
2026-09-14 08:52:38,SPX,7656.98,7654.45,7435.0,0,1279,0.3417,0.000813
2026-09-14 08:52:38,SPX,7656.98,7654.45,7880.0,3027,3,0.2752,0.000813
2026-09-14 08:52:38,SPX,7656.98,7654.45,7430.0,9,475,0.3479,0.000813
2026-09-14 08:52:38,SPX,7656.98,7654.45,7885.0,247,0,0.2737,0.000813
2026-09-14 08:52:38,SPX,7656.98,7654.45,7425.0,34,7642,0.3541,0.000813
2026-09-14 08:52:38,SPX,7656.98,7654.45,7890.0,381,0,0.2722,0.000813
2026-09-14 08:52:38,SPX,7656.98,7654.45,7420.0,7,844,0.3604,0.000813
2026-09-14 08:52:38,SPX,7656.98,7654.45,7895.0,221,0,0.2706,0.000813
2026-09-14 08:52:38,SPX,7656.98,7654.45,7415.0,0,320,0.3668,0.000813
2026-09-14 08:52:38,SPX,7656.98,7654.45,7900.0,4369,135,0.2691,0.000813
2026-09-14 08:52:38,SPX,7656.98,7654.45,7410.0,30,1280,0.3733,0.000813
2026-09-14 08:52:38,SPX,7656.98,7654.45,7655.0,256,257,0.1312,0.00355
2026-09-14 08:52:38,SPX,7656.98,7654.45,7660.0,332,304,0.1307,0.00355
2026-09-14 08:52:38,SPX,7656.98,7654.45,7650.0,1180,2458,0.1321,0.00355
2026-09-14 08:52:38,SPX,7656.98,7654.45,7665.0,309,449,0.1304,0.00355
2026-09-14 08:52:38,SPX,7656.98,7654.45,7645.0,108,293,0.1333,0.00355
2026-09-14 08:52:38,SPX,7656.98,7654.45,7670.0,301,552,0.1302,0.00355
2026-09-14 08:52:38,SPX,7656.98,7654.45,7640.0,190,538,0.1347,0.00355
2026-09-14 08:52:38,SPX,7656.98,7654.45,7675.0,1667,1631,0.1301,0.00355
2026-09-14 08:52:38,SPX,7656.98,7654.45,7635.0,88,410,0.1363,0.00355
2026-09-14 08:52:38,SPX,7656.98,7654.45,7680.0,383,560,0.13,0.00355
2026-09-14 08:52:38,SPX,7656.98,7654.45,7630.0,159,521,0.1381,0.00355
2026-09-14 08:52:38,SPX,7656.98,7654.45,7685.0,276,695,0.13,0.00355
2026-09-14 08:52:38,SPX,7656.98,7654.45,7625.0,148,1093,0.1399,0.00355
2026-09-14 08:52:38,SPX,7656.98,7654.45,7690.0,413,299,0.13,0.00355
2026-09-14 08:52:38,SPX,7656.98,7654.45,7620.0,86,3068,0.1415,0.00355
2026-09-14 08:52:38,SPX,7656.98,7654.45,7695.0,266,183,0.1301,0.00355
2026-09-14 08:52:38,SPX,7656.98,7654.45,7615.0,123,2373,0.1432,0.00355
2026-09-14 08:52:38,SPX,7656.98,7654.45,7700.0,2732,729,0.1303,0.00355
2026-09-14 08:52:38,SPX,7656.98,7654.45,7610.0,68,764,0.1449,0.00355
2026-09-14 08:52:38,SPX,7656.98,7654.45,7705.0,374,438,0.1307,0.00355
2026-09-14 08:52:38,SPX,7656.98,7654.45,7605.0,115,216,0.1462,0.00355
2026-09-14 08:52:38,SPX,7656.98,7654.45,7710.0,1141,759,0.1312,0.00355
2026-09-14 08:52:38,SPX,7656.98,7654.45,7600.0,181,1536,0.1477,0.00355
2026-09-14 08:52:38,SPX,7656.98,7654.45,7715.0,505,159,0.132,0.00355
2026-09-14 08:52:38,SPX,7656.98,7654.45,7595.0,102,3426,0.1504,0.00355
2026-09-14 08:52:38,SPX,7656.98,7654.45,7720.0,790,206,0.1331,0.00355
2026-09-14 08:52:38,SPX,7656.98,7654.45,7590.0,41,432,0.1527,0.00355
2026-09-14 08:52:38,SPX,7656.98,7654.45,7725.0,1258,289,0.1344,0.00355
2026-09-14 08:52:38,SPX,7656.98,7654.45,7585.0,34,188,0.1545,0.00355
2026-09-14 08:52:38,SPX,7656.98,7654.45,7730.0,552,205,0.136,0.00355
2026-09-14 08:52:38,SPX,7656.98,7654.45,7580.0,88,696,0.1561,0.00355
2026-09-14 08:52:38,SPX,7656.98,7654.45,7735.0,1185,48,0.1378,0.00355
2026-09-14 08:52:38,SPX,7656.98,7654.45,7575.0,53,902,0.1577,0.00355
2026-09-14 08:52:38,SPX,7656.98,7654.45,7740.0,577,90,0.1398,0.00355
2026-09-14 08:52:38,SPX,7656.98,7654.45,7570.0,50,531,0.16,0.00355
2026-09-14 08:52:38,SPX,7656.98,7654.45,7745.0,773,75,0.142,0.00355
2026-09-14 08:52:38,SPX,7656.98,7654.45,7565.0,31,346,0.1629,0.00355
2026-09-14 08:52:38,SPX,7656.98,7654.45,7750.0,1883,803,0.1444,0.00355
2026-09-14 08:52:38,SPX,7656.98,7654.45,7560.0,38,506,0.1658,0.00355
2026-09-14 08:52:38,SPX,7656.98,7654.45,7755.0,322,37,0.1469,0.00355
2026-09-14 08:52:38,SPX,7656.98,7654.45,7555.0,25,342,0.1682,0.00355
2026-09-14 08:52:38,SPX,7656.98,7654.45,7760.0,630,60,0.1494,0.00355
2026-09-14 08:52:38,SPX,7656.98,7654.45,7550.0,47,2766,0.1702,0.00355
2026-09-14 08:52:38,SPX,7656.98,7654.45,7765.0,566,22,0.152,0.00355
2026-09-14 08:52:38,SPX,7656.98,7654.45,7545.0,17,380,0.1721,0.00355
2026-09-14 08:52:38,SPX,7656.98,7654.45,7770.0,591,33,0.1547,0.00355
2026-09-14 08:52:38,SPX,7656.98,7654.45,7540.0,28,437,0.1742,0.00355
2026-09-14 08:52:38,SPX,7656.98,7654.45,7775.0,1185,26,0.1573,0.00355
2026-09-14 08:52:38,SPX,7656.98,7654.45,7535.0,22,561,0.1761,0.00355
2026-09-14 08:52:38,SPX,7656.98,7654.45,7780.0,898,122,0.1599,0.00355
2026-09-14 08:52:38,SPX,7656.98,7654.45,7530.0,30,319,0.1785,0.00355
2026-09-14 08:52:38,SPX,7656.98,7654.45,7785.0,427,24,0.163,0.00355
2026-09-14 08:52:38,SPX,7656.98,7654.45,7525.0,87,1191,0.1804,0.00355
2026-09-14 08:52:38,SPX,7656.98,7654.45,7790.0,422,69,0.1658,0.00355
2026-09-14 08:52:38,SPX,7656.98,7654.45,7520.0,99,292,0.1835,0.00355
2026-09-14 08:52:38,SPX,7656.98,7654.45,7795.0,336,0,0.1686,0.00355
2026-09-14 08:52:38,SPX,7656.98,7654.45,7515.0,24,229,0.1868,0.00355
2026-09-14 08:52:38,SPX,7656.98,7654.45,7800.0,3029,51,0.1715,0.00355
2026-09-14 08:52:38,SPX,7656.98,7654.45,7510.0,7,407,0.1896,0.00355
2026-09-14 08:52:38,SPX,7656.98,7654.45,7805.0,420,6,0.1745,0.00355
2026-09-14 08:52:38,SPX,7656.98,7654.45,7505.0,7,253,0.1919,0.00355
2026-09-14 08:52:38,SPX,7656.98,7654.45,7810.0,711,7,0.1776,0.00355
2026-09-14 08:52:38,SPX,7656.98,7654.45,7500.0,50,3136,0.194,0.00355
2026-09-14 08:52:38,SPX,7656.98,7654.45,7815.0,478,1,0.1806,0.00355
2026-09-14 08:52:38,SPX,7656.98,7654.45,7495.0,0,1326,0.1963,0.00355
2026-09-14 08:52:38,SPX,7656.98,7654.45,7820.0,719,19,0.1836,0.00355
2026-09-14 08:52:38,SPX,7656.98,7654.45,7490.0,7,439,0.1987,0.00355
2026-09-14 08:52:38,SPX,7656.98,7654.45,7825.0,2219,41,0.1865,0.00355
2026-09-14 08:52:38,SPX,7656.98,7654.45,7485.0,1,211,0.2013,0.00355
2026-09-14 08:52:38,SPX,7656.98,7654.45,7830.0,1772,3,0.1892,0.00355
2026-09-14 08:52:38,SPX,7656.98,7654.45,7480.0,4,257,0.204,0.00355
2026-09-14 08:52:38,SPX,7656.98,7654.45,7835.0,638,0,0.1917,0.00355
2026-09-14 08:52:38,SPX,7656.98,7654.45,7475.0,8,396,0.207,0.00355
2026-09-14 08:52:38,SPX,7656.98,7654.45,7840.0,486,4,0.1942,0.00355
2026-09-14 08:52:38,SPX,7656.98,7654.45,7470.0,0,229,0.21,0.00355
2026-09-14 08:52:38,SPX,7656.98,7654.45,7845.0,439,1,0.1965,0.00355
2026-09-14 08:52:38,SPX,7656.98,7654.45,7465.0,0,172,0.2131,0.00355
2026-09-14 08:52:38,SPX,7656.98,7654.45,7850.0,758,32,0.1989,0.00355
2026-09-14 08:52:38,SPX,7656.98,7654.45,7460.0,5,563,0.2162,0.00355
2026-09-14 08:52:38,SPX,7656.98,7654.45,7855.0,257,0,0.2011,0.00355
2026-09-14 08:52:38,SPX,7656.98,7654.45,7455.0,14,91,0.2192,0.00355
2026-09-14 08:52:38,SPX,7656.98,7654.45,7860.0,321,0,0.2032,0.00355
2026-09-14 08:52:38,SPX,7656.98,7654.45,7450.0,11,1696,0.222,0.00355
2026-09-14 08:52:38,SPX,7656.98,7654.45,7865.0,337,0,0.2049,0.00355
2026-09-14 08:52:38,SPX,7656.98,7654.45,7445.0,1,343,0.2248,0.00355
2026-09-14 08:52:38,SPX,7656.98,7654.45,7870.0,382,0,0.2062,0.00355
2026-09-14 08:52:38,SPX,7656.98,7654.45,7440.0,81,473,0.2276,0.00355
2026-09-14 08:52:38,SPX,7656.98,7654.45,7875.0,1031,1,0.2069,0.00355
2026-09-14 08:52:38,SPX,7656.98,7654.45,7435.0,0,209,0.2302,0.00355
2026-09-14 08:52:38,SPX,7656.98,7654.45,7880.0,333,0,0.2071,0.00355
2026-09-14 08:52:38,SPX,7656.98,7654.45,7430.0,0,335,0.2329,0.00355
2026-09-14 08:52:38,SPX,7656.98,7654.45,7425.0,10,1228,0.2356,0.00355
2026-09-14 08:52:38,SPX,7656.98,7654.45,7410.0,0,301,0.2438,0.00355
2026-09-14 08:52:38,SPX,7656.98,7654.45,7655.0,88,769,0.153,0.006288
2026-09-14 08:52:38,SPX,7656.98,7654.45,7660.0,149,214,0.1521,0.006288
2026-09-14 08:52:38,SPX,7656.98,7654.45,7650.0,3942,0,0.154,0.006288
2026-09-14 08:52:38,SPX,7656.98,7654.45,7665.0,153,0,0.1513,0.006288
2026-09-14 08:52:38,SPX,7656.98,7654.45,7670.0,252,0,0.1504,0.006288
2026-09-14 08:52:38,SPX,7656.98,7654.45,7640.0,173,260,0.1561,0.006288
2026-09-14 08:52:38,SPX,7656.98,7654.45,7675.0,3101,555,0.1495,0.006288
2026-09-14 08:52:38,SPX,7656.98,7654.45,7680.0,431,0,0.1486,0.006288
2026-09-14 08:52:38,SPX,7656.98,7654.45,7630.0,0,311,0.1586,0.006288
2026-09-14 08:52:38,SPX,7656.98,7654.45,7685.0,799,212,0.1478,0.006288
2026-09-14 08:52:38,SPX,7656.98,7654.45,7625.0,76,3525,0.16,0.006288
2026-09-14 08:52:38,SPX,7656.98,7654.45,7690.0,254,121,0.1469,0.006288
2026-09-14 08:52:38,SPX,7656.98,7654.45,7620.0,92,165,0.1616,0.006288
2026-09-14 08:52:38,SPX,7656.98,7654.45,7695.0,197,111,0.1461,0.006288
2026-09-14 08:52:38,SPX,7656.98,7654.45,7615.0,30,136,0.1633,0.006288
2026-09-14 08:52:38,SPX,7656.98,7654.45,7700.0,1164,639,0.1454,0.006288
2026-09-14 08:52:38,SPX,7656.98,7654.45,7610.0,86,444,0.1651,0.006288
2026-09-14 08:52:38,SPX,7656.98,7654.45,7705.0,125,2044,0.1447,0.006288
2026-09-14 08:52:38,SPX,7656.98,7654.45,7605.0,46,171,0.1669,0.006288
2026-09-14 08:52:38,SPX,7656.98,7654.45,7710.0,827,106,0.1441,0.006288
2026-09-14 08:52:38,SPX,7656.98,7654.45,7600.0,299,2447,0.1686,0.006288
2026-09-14 08:52:38,SPX,7656.98,7654.45,7715.0,226,1313,0.1436,0.006288
2026-09-14 08:52:38,SPX,7656.98,7654.45,7595.0,81,353,0.1702,0.006288
2026-09-14 08:52:38,SPX,7656.98,7654.45,7720.0,333,74,0.1432,0.006288
2026-09-14 08:52:38,SPX,7656.98,7654.45,7590.0,83,381,0.1717,0.006288
2026-09-14 08:52:38,SPX,7656.98,7654.45,7725.0,894,102,0.1429,0.006288
2026-09-14 08:52:38,SPX,7656.98,7654.45,7585.0,83,325,0.173,0.006288
2026-09-14 08:52:38,SPX,7656.98,7654.45,7730.0,2632,2029,0.1427,0.006288
2026-09-14 08:52:38,SPX,7656.98,7654.45,7580.0,31,654,0.1741,0.006288
2026-09-14 08:52:38,SPX,7656.98,7654.45,7735.0,623,10,0.1426,0.006288
2026-09-14 08:52:38,SPX,7656.98,7654.45,7575.0,46,586,0.1756,0.006288
2026-09-14 08:52:38,SPX,7656.98,7654.45,7740.0,1778,1337,0.1426,0.006288
2026-09-14 08:52:38,SPX,7656.98,7654.45,7570.0,20,769,0.1774,0.006288
2026-09-14 08:52:38,SPX,7656.98,7654.45,7745.0,497,122,0.1428,0.006288
2026-09-14 08:52:38,SPX,7656.98,7654.45,7565.0,10,210,0.1797,0.006288
2026-09-14 08:52:38,SPX,7656.98,7654.45,7750.0,1137,298,0.1431,0.006288
2026-09-14 08:52:38,SPX,7656.98,7654.45,7560.0,37,297,0.1819,0.006288
2026-09-14 08:52:38,SPX,7656.98,7654.45,7755.0,2504,30,0.1434,0.006288
2026-09-14 08:52:38,SPX,7656.98,7654.45,7555.0,30,245,0.1837,0.006288
2026-09-14 08:52:38,SPX,7656.98,7654.45,7760.0,444,61,0.1439,0.006288
2026-09-14 08:52:38,SPX,7656.98,7654.45,7550.0,66,971,0.1852,0.006288
2026-09-14 08:52:38,SPX,7656.98,7654.45,7765.0,1907,14,0.1445,0.006288
2026-09-14 08:52:38,SPX,7656.98,7654.45,7545.0,4,234,0.1867,0.006288
2026-09-14 08:52:38,SPX,7656.98,7654.45,7770.0,966,30,0.1452,0.006288
2026-09-14 08:52:38,SPX,7656.98,7654.45,7540.0,26,558,0.1881,0.006288
2026-09-14 08:52:38,SPX,7656.98,7654.45,7775.0,1163,62,0.1459,0.006288
2026-09-14 08:52:38,SPX,7656.98,7654.45,7535.0,5,247,0.1895,0.006288
2026-09-14 08:52:38,SPX,7656.98,7654.45,7780.0,887,32,0.1468,0.006288
2026-09-14 08:52:38,SPX,7656.98,7654.45,7530.0,36,367,0.191,0.006288
2026-09-14 08:52:38,SPX,7656.98,7654.45,7785.0,339,279,0.1477,0.006288
2026-09-14 08:52:38,SPX,7656.98,7654.45,7525.0,35,2414,0.1927,0.006288
2026-09-14 08:52:38,SPX,7656.98,7654.45,7790.0,595,24,0.1487,0.006288
2026-09-14 08:52:38,SPX,7656.98,7654.45,7520.0,26,946,0.1944,0.006288
2026-09-14 08:52:38,SPX,7656.98,7654.45,7795.0,356,13,0.1497,0.006288
2026-09-14 08:52:38,SPX,7656.98,7654.45,7515.0,43,171,0.1962,0.006288
2026-09-14 08:52:38,SPX,7656.98,7654.45,7800.0,3052,36,0.1508,0.006288
2026-09-14 08:52:38,SPX,7656.98,7654.45,7510.0,40,185,0.1981,0.006288
2026-09-14 08:52:38,SPX,7656.98,7654.45,7805.0,1690,1,0.1519,0.006288
2026-09-14 08:52:38,SPX,7656.98,7654.45,7505.0,26,246,0.2001,0.006288
2026-09-14 08:52:38,SPX,7656.98,7654.45,7810.0,538,32,0.1531,0.006288
2026-09-14 08:52:38,SPX,7656.98,7654.45,7500.0,43,2563,0.2021,0.006288
2026-09-14 08:52:38,SPX,7656.98,7654.45,7815.0,433,4,0.1544,0.006288
2026-09-14 08:52:38,SPX,7656.98,7654.45,7495.0,0,148,0.204,0.006288
2026-09-14 08:52:38,SPX,7656.98,7654.45,7820.0,1311,62,0.1557,0.006288
2026-09-14 08:52:38,SPX,7656.98,7654.45,7490.0,0,302,0.206,0.006288
2026-09-14 08:52:38,SPX,7656.98,7654.45,7825.0,1157,42,0.157,0.006288
2026-09-14 08:52:38,SPX,7656.98,7654.45,7485.0,3,172,0.208,0.006288
2026-09-14 08:52:38,SPX,7656.98,7654.45,7830.0,439,126,0.1584,0.006288
2026-09-14 08:52:38,SPX,7656.98,7654.45,7480.0,7,320,0.21,0.006288
2026-09-14 08:52:38,SPX,7656.98,7654.45,7835.0,380,30,0.1598,0.006288
2026-09-14 08:52:38,SPX,7656.98,7654.45,7475.0,24,984,0.2119,0.006288
2026-09-14 08:52:38,SPX,7656.98,7654.45,7840.0,487,1,0.1613,0.006288
2026-09-14 08:52:38,SPX,7656.98,7654.45,7470.0,25,842,0.2139,0.006288
2026-09-14 08:52:38,SPX,7656.98,7654.45,7845.0,248,1,0.1628,0.006288
2026-09-14 08:52:38,SPX,7656.98,7654.45,7465.0,0,409,0.2158,0.006288
2026-09-14 08:52:38,SPX,7656.98,7654.45,7850.0,1424,123,0.1644,0.006288
2026-09-14 08:52:38,SPX,7656.98,7654.45,7460.0,25,380,0.2178,0.006288
2026-09-14 08:52:38,SPX,7656.98,7654.45,7855.0,210,0,0.166,0.006288
2026-09-14 08:52:38,SPX,7656.98,7654.45,7455.0,0,208,0.2197,0.006288
2026-09-14 08:52:38,SPX,7656.98,7654.45,7860.0,585,3,0.1677,0.006288
2026-09-14 08:52:38,SPX,7656.98,7654.45,7450.0,3,873,0.2216,0.006288
2026-09-14 08:52:38,SPX,7656.98,7654.45,7865.0,389,6,0.1694,0.006288
2026-09-14 08:52:38,SPX,7656.98,7654.45,7445.0,0,160,0.2235,0.006288
2026-09-14 08:52:38,SPX,7656.98,7654.45,7870.0,377,0,0.1712,0.006288
2026-09-14 08:52:38,SPX,7656.98,7654.45,7440.0,0,250,0.2255,0.006288
2026-09-14 08:52:38,SPX,7656.98,7654.45,7875.0,1075,19,0.1731,0.006288
2026-09-14 08:52:38,SPX,7656.98,7654.45,7435.0,0,111,0.2274,0.006288
2026-09-14 08:52:38,SPX,7656.98,7654.45,7880.0,313,0,0.175,0.006288
2026-09-14 08:52:38,SPX,7656.98,7654.45,7430.0,0,160,0.2294,0.006288
2026-09-14 08:52:38,SPX,7656.98,7654.45,7885.0,282,0,0.177,0.006288
2026-09-14 08:52:38,SPX,7656.98,7654.45,7425.0,6,354,0.2313,0.006288
2026-09-14 08:52:38,SPX,7656.98,7654.45,7890.0,469,2,0.1791,0.006288
2026-09-14 08:52:38,SPX,7656.98,7654.45,7420.0,1,667,0.2334,0.006288
2026-09-14 08:52:38,SPX,7656.98,7654.45,7895.0,189,0,0.1812,0.006288
2026-09-14 08:52:38,SPX,7656.98,7654.45,7415.0,0,236,0.2354,0.006288
2026-09-14 08:52:38,SPX,7656.98,7654.45,7900.0,620,5,0.1834,0.006288
2026-09-14 08:52:38,SPX,7656.98,7654.45,7410.0,0,210,0.2375,0.006288
2026-09-14 09:33:01,SPX,7599.11,7654.66,7600.0,1069,4496,0.1805,0.000736
2026-09-14 09:33:01,SPX,7599.11,7654.66,7595.0,255,978,0.1836,0.000736
2026-09-14 09:33:01,SPX,7599.11,7654.66,7605.0,582,3198,0.1779,0.000736
2026-09-14 09:33:01,SPX,7599.11,7654.66,7590.0,97,1818,0.1865,0.000736
2026-09-14 09:33:01,SPX,7599.11,7654.66,7610.0,276,1598,0.1732,0.000736
2026-09-14 09:33:01,SPX,7599.11,7654.66,7585.0,189,0,0.1903,0.000736
2026-09-14 09:33:01,SPX,7599.11,7654.66,7615.0,205,2588,0.1702,0.000736
2026-09-14 09:33:01,SPX,7599.11,7654.66,7580.0,0,2170,0.1964,0.000736
2026-09-14 09:33:01,SPX,7599.11,7654.66,7620.0,146,1404,0.1689,0.000736
2026-09-14 09:33:01,SPX,7599.11,7654.66,7570.0,61,1484,0.2048,0.000736
2026-09-14 09:33:01,SPX,7599.11,7654.66,7565.0,0,1290,0.2092,0.000736
2026-09-14 09:33:01,SPX,7599.11,7654.66,7635.0,261,755,0.1611,0.000736
2026-09-14 09:33:01,SPX,7599.11,7654.66,7560.0,66,2432,0.2123,0.000736
2026-09-14 09:33:01,SPX,7599.11,7654.66,7640.0,407,890,0.1615,0.000736
2026-09-14 09:33:01,SPX,7599.11,7654.66,7555.0,41,2475,0.2146,0.000736
2026-09-14 09:33:01,SPX,7599.11,7654.66,7645.0,338,1275,0.1612,0.000736
2026-09-14 09:33:01,SPX,7599.11,7654.66,7550.0,61,5411,0.2223,0.000736
2026-09-14 09:33:01,SPX,7599.11,7654.66,7650.0,2328,2140,0.1618,0.000736
2026-09-14 09:33:01,SPX,7599.11,7654.66,7545.0,27,4407,0.2272,0.000736
2026-09-14 09:33:01,SPX,7599.11,7654.66,7655.0,1374,904,0.1637,0.000736
2026-09-14 09:33:01,SPX,7599.11,7654.66,7540.0,25,1517,0.2298,0.000736
2026-09-14 09:33:01,SPX,7599.11,7654.66,7660.0,1081,1336,0.1661,0.000736
2026-09-14 09:33:01,SPX,7599.11,7654.66,7535.0,13,2818,0.2324,0.000736
2026-09-14 09:33:01,SPX,7599.11,7654.66,7665.0,1125,984,0.169,0.000736
2026-09-14 09:33:01,SPX,7599.11,7654.66,7530.0,51,3495,0.2413,0.000736
2026-09-14 09:33:01,SPX,7599.11,7654.66,7670.0,1245,716,0.1725,0.000736
2026-09-14 09:33:01,SPX,7599.11,7654.66,7525.0,64,5429,0.2456,0.000736
2026-09-14 09:33:01,SPX,7599.11,7654.66,7675.0,3444,1867,0.1763,0.000736
2026-09-14 09:33:01,SPX,7599.11,7654.66,7520.0,38,2095,0.2518,0.000736
2026-09-14 09:33:01,SPX,7599.11,7654.66,7680.0,2948,1779,0.1805,0.000736
2026-09-14 09:33:01,SPX,7599.11,7654.66,7515.0,30,892,0.255,0.000736
2026-09-14 09:33:01,SPX,7599.11,7654.66,7685.0,796,272,0.1849,0.000736
2026-09-14 09:33:01,SPX,7599.11,7654.66,7510.0,78,801,0.2595,0.000736
2026-09-14 09:33:01,SPX,7599.11,7654.66,7690.0,1113,270,0.1897,0.000736
2026-09-14 09:33:01,SPX,7599.11,7654.66,7505.0,6,1667,0.2628,0.000736
2026-09-14 09:33:01,SPX,7599.11,7654.66,7695.0,1805,157,0.195,0.000736
2026-09-14 09:33:01,SPX,7599.11,7654.66,7500.0,134,9425,0.2669,0.000736
2026-09-14 09:33:01,SPX,7599.11,7654.66,7700.0,3735,1374,0.2006,0.000736
2026-09-14 09:33:01,SPX,7599.11,7654.66,7495.0,4,488,0.2725,0.000736
2026-09-14 09:33:01,SPX,7599.11,7654.66,7705.0,3576,952,0.2064,0.000736
2026-09-14 09:33:01,SPX,7599.11,7654.66,7490.0,21,806,0.2788,0.000736
2026-09-14 09:33:01,SPX,7599.11,7654.66,7710.0,1629,230,0.2125,0.000736
2026-09-14 09:33:01,SPX,7599.11,7654.66,7485.0,4,1294,0.2856,0.000736
2026-09-14 09:33:01,SPX,7599.11,7654.66,7715.0,3168,78,0.2189,0.000736
2026-09-14 09:33:01,SPX,7599.11,7654.66,7480.0,44,954,0.2925,0.000736
2026-09-14 09:33:01,SPX,7599.11,7654.66,7720.0,6710,256,0.2256,0.000736
2026-09-14 09:33:01,SPX,7599.11,7654.66,7475.0,44,2221,0.2995,0.000736
2026-09-14 09:33:01,SPX,7599.11,7654.66,7725.0,3627,371,0.2327,0.000736
2026-09-14 09:33:01,SPX,7599.11,7654.66,7470.0,7,2414,0.3062,0.000736
2026-09-14 09:33:01,SPX,7599.11,7654.66,7730.0,3683,1017,0.2402,0.000736
2026-09-14 09:33:01,SPX,7599.11,7654.66,7465.0,1,1379,0.3128,0.000736
2026-09-14 09:33:01,SPX,7599.11,7654.66,7735.0,2667,96,0.2482,0.000736
2026-09-14 09:33:01,SPX,7599.11,7654.66,7460.0,6,2276,0.3191,0.000736
2026-09-14 09:33:01,SPX,7599.11,7654.66,7740.0,1858,89,0.2564,0.000736
2026-09-14 09:33:01,SPX,7599.11,7654.66,7455.0,2,958,0.3253,0.000736
2026-09-14 09:33:01,SPX,7599.11,7654.66,7745.0,1727,54,0.2647,0.000736
2026-09-14 09:33:01,SPX,7599.11,7654.66,7450.0,22,3029,0.3314,0.000736
2026-09-14 09:33:01,SPX,7599.11,7654.66,7750.0,3036,396,0.2727,0.000736
2026-09-14 09:33:01,SPX,7599.11,7654.66,7445.0,0,297,0.3376,0.000736
2026-09-14 09:33:01,SPX,7599.11,7654.66,7755.0,1674,33,0.2804,0.000736
2026-09-14 09:33:01,SPX,7599.11,7654.66,7440.0,0,6015,0.3439,0.000736
2026-09-14 09:33:01,SPX,7599.11,7654.66,7760.0,4448,105,0.2875,0.000736
2026-09-14 09:33:01,SPX,7599.11,7654.66,7435.0,0,1279,0.3505,0.000736
2026-09-14 09:33:01,SPX,7599.11,7654.66,7765.0,1301,46,0.2938,0.000736
2026-09-14 09:33:01,SPX,7599.11,7654.66,7430.0,9,475,0.3572,0.000736
2026-09-14 09:33:01,SPX,7599.11,7654.66,7770.0,1587,111,0.2991,0.000736
2026-09-14 09:33:01,SPX,7599.11,7654.66,7425.0,34,7642,0.3642,0.000736
2026-09-14 09:33:01,SPX,7599.11,7654.66,7775.0,6475,70,0.3029,0.000736
2026-09-14 09:33:01,SPX,7599.11,7654.66,7420.0,7,844,0.3713,0.000736
2026-09-14 09:33:01,SPX,7599.11,7654.66,7780.0,8118,89,0.3056,0.000736
2026-09-14 09:33:01,SPX,7599.11,7654.66,7415.0,0,320,0.3787,0.000736
2026-09-14 09:33:01,SPX,7599.11,7654.66,7785.0,8660,32,0.309,0.000736
2026-09-14 09:33:01,SPX,7599.11,7654.66,7410.0,30,1280,0.3862,0.000736
2026-09-14 09:33:01,SPX,7599.11,7654.66,7790.0,3394,73,0.3166,0.000736
2026-09-14 09:33:01,SPX,7599.11,7654.66,7405.0,5,1222,0.3938,0.000736
2026-09-14 09:33:01,SPX,7599.11,7654.66,7795.0,599,3,0.3242,0.000736
2026-09-14 09:33:01,SPX,7599.11,7654.66,7400.0,0,5111,0.4015,0.000736
2026-09-14 09:33:01,SPX,7599.11,7654.66,7800.0,4155,299,0.3246,0.000736
2026-09-14 09:33:01,SPX,7599.11,7654.66,7395.0,14,340,0.4092,0.000736
2026-09-14 09:33:01,SPX,7599.11,7654.66,7805.0,3131,8,0.3226,0.000736
2026-09-14 09:33:01,SPX,7599.11,7654.66,7390.0,4,790,0.417,0.000736
2026-09-14 09:33:01,SPX,7599.11,7654.66,7810.0,1254,27,0.3204,0.000736
2026-09-14 09:33:01,SPX,7599.11,7654.66,7385.0,0,3318,0.4248,0.000736
2026-09-14 09:33:01,SPX,7599.11,7654.66,7815.0,483,4,0.3179,0.000736
2026-09-14 09:33:01,SPX,7599.11,7654.66,7380.0,1,321,0.4325,0.000736
2026-09-14 09:33:01,SPX,7599.11,7654.66,7820.0,1135,83,0.3153,0.000736
2026-09-14 09:33:01,SPX,7599.11,7654.66,7375.0,0,5284,0.4402,0.000736
2026-09-14 09:33:01,SPX,7599.11,7654.66,7825.0,3742,49,0.3127,0.000736
2026-09-14 09:33:01,SPX,7599.11,7654.66,7370.0,3,408,0.4477,0.000736
2026-09-14 09:33:01,SPX,7599.11,7654.66,7830.0,452,12,0.3102,0.000736
2026-09-14 09:33:01,SPX,7599.11,7654.66,7365.0,10,2565,0.4552,0.000736
2026-09-14 09:33:01,SPX,7599.11,7654.66,7835.0,413,0,0.3079,0.000736
2026-09-14 09:33:01,SPX,7599.11,7654.66,7360.0,25,1134,0.4625,0.000736
2026-09-14 09:33:01,SPX,7599.11,7654.66,7840.0,670,13,0.3057,0.000736
2026-09-14 09:33:01,SPX,7599.11,7654.66,7355.0,0,182,0.4698,0.000736
2026-09-14 09:33:01,SPX,7599.11,7654.66,7845.0,1762,1,0.3036,0.000736
2026-09-14 09:33:01,SPX,7599.11,7654.66,7350.0,9,2702,0.4769,0.000736
2026-09-14 09:33:01,SPX,7599.11,7654.66,7600.0,181,1536,0.1356,0.003474
2026-09-14 09:33:01,SPX,7599.11,7654.66,7595.0,102,3426,0.1374,0.003474
2026-09-14 09:33:01,SPX,7599.11,7654.66,7605.0,115,216,0.1333,0.003474
2026-09-14 09:33:01,SPX,7599.11,7654.66,7590.0,41,432,0.1396,0.003474
2026-09-14 09:33:01,SPX,7599.11,7654.66,7610.0,68,764,0.1321,0.003474
2026-09-14 09:33:01,SPX,7599.11,7654.66,7585.0,34,188,0.1416,0.003474
2026-09-14 09:33:01,SPX,7599.11,7654.66,7615.0,123,2373,0.1304,0.003474
2026-09-14 09:33:01,SPX,7599.11,7654.66,7580.0,88,696,0.1434,0.003474
2026-09-14 09:33:01,SPX,7599.11,7654.66,7620.0,86,3068,0.129,0.003474
2026-09-14 09:33:01,SPX,7599.11,7654.66,7575.0,53,902,0.1454,0.003474
2026-09-14 09:33:01,SPX,7599.11,7654.66,7625.0,148,1093,0.1279,0.003474
2026-09-14 09:33:01,SPX,7599.11,7654.66,7570.0,50,531,0.1479,0.003474
2026-09-14 09:33:01,SPX,7599.11,7654.66,7630.0,159,521,0.1269,0.003474
2026-09-14 09:33:01,SPX,7599.11,7654.66,7565.0,31,346,0.1498,0.003474
2026-09-14 09:33:01,SPX,7599.11,7654.66,7635.0,88,410,0.1256,0.003474
2026-09-14 09:33:01,SPX,7599.11,7654.66,7560.0,38,506,0.1526,0.003474
2026-09-14 09:33:01,SPX,7599.11,7654.66,7640.0,190,538,0.1248,0.003474
2026-09-14 09:33:01,SPX,7599.11,7654.66,7555.0,25,342,0.1555,0.003474
2026-09-14 09:33:01,SPX,7599.11,7654.66,7645.0,108,293,0.1239,0.003474
2026-09-14 09:33:01,SPX,7599.11,7654.66,7550.0,47,2766,0.1577,0.003474
2026-09-14 09:33:01,SPX,7599.11,7654.66,7650.0,1180,2458,0.1232,0.003474
2026-09-14 09:33:01,SPX,7599.11,7654.66,7545.0,17,380,0.1597,0.003474
2026-09-14 09:33:01,SPX,7599.11,7654.66,7655.0,256,257,0.1221,0.003474
2026-09-14 09:33:01,SPX,7599.11,7654.66,7540.0,28,437,0.1617,0.003474
2026-09-14 09:33:01,SPX,7599.11,7654.66,7660.0,332,304,0.121,0.003474
2026-09-14 09:33:01,SPX,7599.11,7654.66,7535.0,22,561,0.1642,0.003474
2026-09-14 09:33:01,SPX,7599.11,7654.66,7665.0,309,449,0.1202,0.003474
2026-09-14 09:33:01,SPX,7599.11,7654.66,7530.0,30,319,0.1671,0.003474
2026-09-14 09:33:01,SPX,7599.11,7654.66,7670.0,301,552,0.1195,0.003474
2026-09-14 09:33:01,SPX,7599.11,7654.66,7525.0,87,1191,0.1702,0.003474
2026-09-14 09:33:01,SPX,7599.11,7654.66,7675.0,1667,1631,0.1191,0.003474
2026-09-14 09:33:01,SPX,7599.11,7654.66,7520.0,99,292,0.1729,0.003474
2026-09-14 09:33:01,SPX,7599.11,7654.66,7680.0,383,560,0.1192,0.003474
2026-09-14 09:33:01,SPX,7599.11,7654.66,7515.0,24,229,0.1751,0.003474
2026-09-14 09:33:01,SPX,7599.11,7654.66,7685.0,276,695,0.1198,0.003474
2026-09-14 09:33:01,SPX,7599.11,7654.66,7510.0,7,407,0.1768,0.003474
2026-09-14 09:33:01,SPX,7599.11,7654.66,7690.0,413,299,0.1205,0.003474
2026-09-14 09:33:01,SPX,7599.11,7654.66,7505.0,7,253,0.1789,0.003474
2026-09-14 09:33:01,SPX,7599.11,7654.66,7695.0,266,183,0.1212,0.003474
2026-09-14 09:33:01,SPX,7599.11,7654.66,7500.0,50,3136,0.1825,0.003474
2026-09-14 09:33:01,SPX,7599.11,7654.66,7700.0,2732,729,0.1219,0.003474
2026-09-14 09:33:01,SPX,7599.11,7654.66,7495.0,0,1326,0.1858,0.003474
2026-09-14 09:33:01,SPX,7599.11,7654.66,7705.0,374,438,0.1227,0.003474
2026-09-14 09:33:01,SPX,7599.11,7654.66,7490.0,7,439,0.1883,0.003474
2026-09-14 09:33:01,SPX,7599.11,7654.66,7710.0,1141,759,0.1236,0.003474
2026-09-14 09:33:01,SPX,7599.11,7654.66,7485.0,1,211,0.1906,0.003474
2026-09-14 09:33:01,SPX,7599.11,7654.66,7715.0,505,159,0.1246,0.003474
2026-09-14 09:33:01,SPX,7599.11,7654.66,7480.0,4,257,0.1929,0.003474
2026-09-14 09:33:01,SPX,7599.11,7654.66,7720.0,790,206,0.1258,0.003474
2026-09-14 09:33:01,SPX,7599.11,7654.66,7475.0,8,396,0.1953,0.003474
2026-09-14 09:33:01,SPX,7599.11,7654.66,7725.0,1258,289,0.1271,0.003474
2026-09-14 09:33:01,SPX,7599.11,7654.66,7470.0,0,229,0.1979,0.003474
2026-09-14 09:33:01,SPX,7599.11,7654.66,7730.0,552,205,0.1287,0.003474
2026-09-14 09:33:01,SPX,7599.11,7654.66,7465.0,0,172,0.2008,0.003474
2026-09-14 09:33:01,SPX,7599.11,7654.66,7735.0,1185,48,0.1306,0.003474
2026-09-14 09:33:01,SPX,7599.11,7654.66,7460.0,5,563,0.2039,0.003474
2026-09-14 09:33:01,SPX,7599.11,7654.66,7740.0,577,90,0.1326,0.003474
2026-09-14 09:33:01,SPX,7599.11,7654.66,7455.0,14,91,0.2071,0.003474
2026-09-14 09:33:01,SPX,7599.11,7654.66,7745.0,773,75,0.1349,0.003474
2026-09-14 09:33:01,SPX,7599.11,7654.66,7450.0,11,1696,0.2103,0.003474
2026-09-14 09:33:01,SPX,7599.11,7654.66,7750.0,1883,803,0.1375,0.003474
2026-09-14 09:33:01,SPX,7599.11,7654.66,7445.0,1,343,0.2135,0.003474
2026-09-14 09:33:01,SPX,7599.11,7654.66,7755.0,322,37,0.1402,0.003474
2026-09-14 09:33:01,SPX,7599.11,7654.66,7440.0,81,473,0.2166,0.003474
2026-09-14 09:33:01,SPX,7599.11,7654.66,7760.0,630,60,0.1429,0.003474
2026-09-14 09:33:01,SPX,7599.11,7654.66,7435.0,0,209,0.2197,0.003474
2026-09-14 09:33:01,SPX,7599.11,7654.66,7765.0,566,22,0.1456,0.003474
2026-09-14 09:33:01,SPX,7599.11,7654.66,7430.0,0,335,0.2227,0.003474
2026-09-14 09:33:01,SPX,7599.11,7654.66,7770.0,591,33,0.1483,0.003474
2026-09-14 09:33:01,SPX,7599.11,7654.66,7425.0,10,1228,0.2256,0.003474
2026-09-14 09:33:01,SPX,7599.11,7654.66,7775.0,1185,26,0.1511,0.003474
2026-09-14 09:33:01,SPX,7599.11,7654.66,7420.0,2,274,0.2286,0.003474
2026-09-14 09:33:01,SPX,7599.11,7654.66,7780.0,898,122,0.1539,0.003474
2026-09-14 09:33:01,SPX,7599.11,7654.66,7415.0,0,269,0.2315,0.003474
2026-09-14 09:33:01,SPX,7599.11,7654.66,7785.0,427,24,0.1568,0.003474
2026-09-14 09:33:01,SPX,7599.11,7654.66,7410.0,32,301,0.2345,0.003474
2026-09-14 09:33:01,SPX,7599.11,7654.66,7790.0,422,69,0.1598,0.003474
2026-09-14 09:33:01,SPX,7599.11,7654.66,7405.0,0,163,0.2375,0.003474
2026-09-14 09:33:01,SPX,7599.11,7654.66,7795.0,336,0,0.1629,0.003474
2026-09-14 09:33:01,SPX,7599.11,7654.66,7400.0,11,3737,0.2406,0.003474
2026-09-14 09:33:01,SPX,7599.11,7654.66,7800.0,3029,51,0.166,0.003474
2026-09-14 09:33:01,SPX,7599.11,7654.66,7395.0,0,92,0.2437,0.003474
2026-09-14 09:33:01,SPX,7599.11,7654.66,7805.0,420,6,0.1693,0.003474
2026-09-14 09:33:01,SPX,7599.11,7654.66,7390.0,0,270,0.2468,0.003474
2026-09-14 09:33:01,SPX,7599.11,7654.66,7810.0,711,7,0.1727,0.003474
2026-09-14 09:33:01,SPX,7599.11,7654.66,7385.0,0,99,0.25,0.003474
2026-09-14 09:33:01,SPX,7599.11,7654.66,7815.0,478,1,0.1761,0.003474
2026-09-14 09:33:01,SPX,7599.11,7654.66,7380.0,0,246,0.2532,0.003474
2026-09-14 09:33:01,SPX,7599.11,7654.66,7820.0,719,19,0.1796,0.003474
2026-09-14 09:33:01,SPX,7599.11,7654.66,7375.0,19,407,0.2564,0.003474
2026-09-14 09:33:01,SPX,7599.11,7654.66,7825.0,2219,41,0.1831,0.003474
2026-09-14 09:33:01,SPX,7599.11,7654.66,7370.0,1,170,0.2597,0.003474
2026-09-14 09:33:01,SPX,7599.11,7654.66,7830.0,1772,3,0.1865,0.003474
2026-09-14 09:33:01,SPX,7599.11,7654.66,7365.0,0,91,0.2631,0.003474
2026-09-14 09:33:01,SPX,7599.11,7654.66,7835.0,638,0,0.1899,0.003474
2026-09-14 09:33:01,SPX,7599.11,7654.66,7360.0,15,196,0.2665,0.003474
2026-09-14 09:33:01,SPX,7599.11,7654.66,7840.0,486,4,0.1931,0.003474
2026-09-14 09:33:01,SPX,7599.11,7654.66,7355.0,0,165,0.2699,0.003474
2026-09-14 09:33:01,SPX,7599.11,7654.66,7845.0,439,1,0.1961,0.003474
2026-09-14 09:33:01,SPX,7599.11,7654.66,7350.0,10,303,0.2734,0.003474
2026-09-14 09:33:01,SPX,7599.11,7654.66,7600.0,299,2447,0.16,0.006211
2026-09-14 09:33:01,SPX,7599.11,7654.66,7595.0,81,353,0.1614,0.006211
2026-09-14 09:33:01,SPX,7599.11,7654.66,7605.0,46,171,0.1587,0.006211
2026-09-14 09:33:01,SPX,7599.11,7654.66,7590.0,83,381,0.1632,0.006211
2026-09-14 09:33:01,SPX,7599.11,7654.66,7610.0,86,444,0.1572,0.006211
2026-09-14 09:33:01,SPX,7599.11,7654.66,7585.0,83,325,0.1654,0.006211
2026-09-14 09:33:01,SPX,7599.11,7654.66,7615.0,30,136,0.156,0.006211
2026-09-14 09:33:01,SPX,7599.11,7654.66,7580.0,31,654,0.1662,0.006211
2026-09-14 09:33:01,SPX,7599.11,7654.66,7620.0,92,165,0.1548,0.006211
2026-09-14 09:33:01,SPX,7599.11,7654.66,7575.0,46,586,0.1684,0.006211
2026-09-14 09:33:01,SPX,7599.11,7654.66,7625.0,76,3525,0.1535,0.006211
2026-09-14 09:33:01,SPX,7599.11,7654.66,7570.0,20,769,0.1698,0.006211
2026-09-14 09:33:01,SPX,7599.11,7654.66,7630.0,190,311,0.1523,0.006211
2026-09-14 09:33:01,SPX,7599.11,7654.66,7565.0,10,210,0.1714,0.006211
2026-09-14 09:33:01,SPX,7599.11,7654.66,7635.0,100,393,0.1511,0.006211
2026-09-14 09:33:01,SPX,7599.11,7654.66,7560.0,37,297,0.1731,0.006211
2026-09-14 09:33:01,SPX,7599.11,7654.66,7640.0,173,260,0.1498,0.006211
2026-09-14 09:33:01,SPX,7599.11,7654.66,7555.0,30,245,0.1751,0.006211
2026-09-14 09:33:01,SPX,7599.11,7654.66,7645.0,125,436,0.1483,0.006211
2026-09-14 09:33:01,SPX,7599.11,7654.66,7550.0,66,971,0.1772,0.006211
2026-09-14 09:33:01,SPX,7599.11,7654.66,7650.0,3942,4297,0.1469,0.006211
2026-09-14 09:33:01,SPX,7599.11,7654.66,7545.0,4,234,0.1792,0.006211
2026-09-14 09:33:01,SPX,7599.11,7654.66,7655.0,88,769,0.1455,0.006211
2026-09-14 09:33:01,SPX,7599.11,7654.66,7540.0,26,558,0.1809,0.006211
2026-09-14 09:33:01,SPX,7599.11,7654.66,7660.0,149,214,0.1443,0.006211
2026-09-14 09:33:01,SPX,7599.11,7654.66,7535.0,5,247,0.1824,0.006211
2026-09-14 09:33:01,SPX,7599.11,7654.66,7665.0,153,0,0.1433,0.006211
2026-09-14 09:33:01,SPX,7599.11,7654.66,7530.0,36,367,0.1837,0.006211
2026-09-14 09:33:01,SPX,7599.11,7654.66,7670.0,252,521,0.1423,0.006211
2026-09-14 09:33:01,SPX,7599.11,7654.66,7525.0,35,2414,0.1851,0.006211
2026-09-14 09:33:01,SPX,7599.11,7654.66,7675.0,3101,555,0.1415,0.006211
2026-09-14 09:33:01,SPX,7599.11,7654.66,7520.0,26,946,0.1866,0.006211
2026-09-14 09:33:01,SPX,7599.11,7654.66,7680.0,431,792,0.1408,0.006211
2026-09-14 09:33:01,SPX,7599.11,7654.66,7515.0,43,171,0.1882,0.006211
2026-09-14 09:33:01,SPX,7599.11,7654.66,7685.0,799,212,0.1401,0.006211
2026-09-14 09:33:01,SPX,7599.11,7654.66,7510.0,40,185,0.1898,0.006211
2026-09-14 09:33:01,SPX,7599.11,7654.66,7690.0,254,121,0.1395,0.006211
2026-09-14 09:33:01,SPX,7599.11,7654.66,7505.0,26,246,0.1916,0.006211
2026-09-14 09:33:01,SPX,7599.11,7654.66,7695.0,197,111,0.1389,0.006211
2026-09-14 09:33:01,SPX,7599.11,7654.66,7500.0,43,2563,0.1935,0.006211
2026-09-14 09:33:01,SPX,7599.11,7654.66,7700.0,1164,639,0.1383,0.006211
2026-09-14 09:33:01,SPX,7599.11,7654.66,7495.0,0,148,0.1954,0.006211
2026-09-14 09:33:01,SPX,7599.11,7654.66,7705.0,125,2044,0.1378,0.006211
2026-09-14 09:33:01,SPX,7599.11,7654.66,7490.0,0,302,0.1974,0.006211
2026-09-14 09:33:01,SPX,7599.11,7654.66,7710.0,827,106,0.1373,0.006211
2026-09-14 09:33:01,SPX,7599.11,7654.66,7485.0,3,172,0.1995,0.006211
2026-09-14 09:33:01,SPX,7599.11,7654.66,7715.0,226,1313,0.1368,0.006211
2026-09-14 09:33:01,SPX,7599.11,7654.66,7480.0,7,320,0.2016,0.006211
2026-09-14 09:33:01,SPX,7599.11,7654.66,7720.0,333,74,0.1363,0.006211
2026-09-14 09:33:01,SPX,7599.11,7654.66,7475.0,24,984,0.2037,0.006211
2026-09-14 09:33:01,SPX,7599.11,7654.66,7725.0,894,102,0.1359,0.006211
2026-09-14 09:33:01,SPX,7599.11,7654.66,7470.0,25,842,0.2058,0.006211
2026-09-14 09:33:01,SPX,7599.11,7654.66,7730.0,2632,2029,0.1356,0.006211
2026-09-14 09:33:01,SPX,7599.11,7654.66,7465.0,0,409,0.2079,0.006211
2026-09-14 09:33:01,SPX,7599.11,7654.66,7735.0,623,10,0.1353,0.006211
2026-09-14 09:33:01,SPX,7599.11,7654.66,7460.0,25,380,0.2099,0.006211
2026-09-14 09:33:01,SPX,7599.11,7654.66,7740.0,1778,1337,0.1352,0.006211
2026-09-14 09:33:01,SPX,7599.11,7654.66,7455.0,0,208,0.212,0.006211
2026-09-14 09:33:01,SPX,7599.11,7654.66,7745.0,497,122,0.1352,0.006211
2026-09-14 09:33:01,SPX,7599.11,7654.66,7450.0,3,873,0.214,0.006211
2026-09-14 09:33:01,SPX,7599.11,7654.66,7750.0,1137,298,0.1354,0.006211
2026-09-14 09:33:01,SPX,7599.11,7654.66,7445.0,0,160,0.216,0.006211
2026-09-14 09:33:01,SPX,7599.11,7654.66,7755.0,2504,30,0.1357,0.006211
2026-09-14 09:33:01,SPX,7599.11,7654.66,7440.0,0,250,0.218,0.006211
2026-09-14 09:33:01,SPX,7599.11,7654.66,7760.0,444,61,0.1361,0.006211
2026-09-14 09:33:01,SPX,7599.11,7654.66,7435.0,0,111,0.22,0.006211
2026-09-14 09:33:01,SPX,7599.11,7654.66,7765.0,1907,14,0.1367,0.006211
2026-09-14 09:33:01,SPX,7599.11,7654.66,7430.0,0,160,0.222,0.006211
2026-09-14 09:33:01,SPX,7599.11,7654.66,7770.0,966,30,0.1374,0.006211
2026-09-14 09:33:01,SPX,7599.11,7654.66,7425.0,6,354,0.2241,0.006211
2026-09-14 09:33:01,SPX,7599.11,7654.66,7775.0,1163,62,0.1382,0.006211
2026-09-14 09:33:01,SPX,7599.11,7654.66,7420.0,1,667,0.2262,0.006211
2026-09-14 09:33:01,SPX,7599.11,7654.66,7780.0,887,32,0.1391,0.006211
2026-09-14 09:33:01,SPX,7599.11,7654.66,7415.0,0,236,0.2283,0.006211
2026-09-14 09:33:01,SPX,7599.11,7654.66,7785.0,339,279,0.1402,0.006211
2026-09-14 09:33:01,SPX,7599.11,7654.66,7410.0,0,210,0.2304,0.006211
2026-09-14 09:33:01,SPX,7599.11,7654.66,7790.0,595,24,0.1413,0.006211
2026-09-14 09:33:01,SPX,7599.11,7654.66,7405.0,0,233,0.2326,0.006211
2026-09-14 09:33:01,SPX,7599.11,7654.66,7795.0,356,13,0.1426,0.006211
2026-09-14 09:33:01,SPX,7599.11,7654.66,7400.0,31,2257,0.2348,0.006211
2026-09-14 09:33:01,SPX,7599.11,7654.66,7800.0,3052,36,0.1439,0.006211
2026-09-14 09:33:01,SPX,7599.11,7654.66,7395.0,0,1437,0.237,0.006211
2026-09-14 09:33:01,SPX,7599.11,7654.66,7805.0,1690,1,0.1453,0.006211
2026-09-14 09:33:01,SPX,7599.11,7654.66,7390.0,30,406,0.2393,0.006211
2026-09-14 09:33:01,SPX,7599.11,7654.66,7810.0,538,32,0.1468,0.006211
2026-09-14 09:33:01,SPX,7599.11,7654.66,7385.0,1,191,0.2417,0.006211
2026-09-14 09:33:01,SPX,7599.11,7654.66,7815.0,433,4,0.1484,0.006211
2026-09-14 09:33:01,SPX,7599.11,7654.66,7380.0,1,456,0.244,0.006211
2026-09-14 09:33:01,SPX,7599.11,7654.66,7820.0,1311,62,0.1501,0.006211
2026-09-14 09:33:01,SPX,7599.11,7654.66,7375.0,0,488,0.2464,0.006211
2026-09-14 09:33:01,SPX,7599.11,7654.66,7825.0,1157,42,0.1518,0.006211
2026-09-14 09:33:01,SPX,7599.11,7654.66,7370.0,24,161,0.2489,0.006211
2026-09-14 09:33:01,SPX,7599.11,7654.66,7830.0,439,126,0.1535,0.006211
2026-09-14 09:33:01,SPX,7599.11,7654.66,7365.0,0,319,0.2513,0.006211
2026-09-14 09:33:01,SPX,7599.11,7654.66,7835.0,380,30,0.1553,0.006211
2026-09-14 09:33:01,SPX,7599.11,7654.66,7360.0,2,361,0.2538,0.006211
2026-09-14 09:33:01,SPX,7599.11,7654.66,7840.0,487,1,0.1572,0.006211
2026-09-14 09:33:01,SPX,7599.11,7654.66,7355.0,0,82,0.2564,0.006211
2026-09-14 09:33:01,SPX,7599.11,7654.66,7845.0,248,1,0.1591,0.006211
2026-09-14 09:33:01,SPX,7599.11,7654.66,7350.0,1,1360,0.2589,0.006211
2026-09-14 10:03:25,SPX,7616.95,7657.19,7615.0,205,2588,0.1451,0.000678
2026-09-14 10:03:25,SPX,7616.95,7657.19,7620.0,146,1404,0.1427,0.000678
2026-09-14 10:03:25,SPX,7616.95,7657.19,7610.0,276,1598,0.1482,0.000678
2026-09-14 10:03:25,SPX,7616.95,7657.19,7625.0,492,1894,0.1404,0.000678
2026-09-14 10:03:25,SPX,7616.95,7657.19,7605.0,582,3198,0.1525,0.000678
2026-09-14 10:03:25,SPX,7616.95,7657.19,7630.0,269,1151,0.1385,0.000678
2026-09-14 10:03:25,SPX,7616.95,7657.19,7600.0,1069,4496,0.1568,0.000678
2026-09-14 10:03:25,SPX,7616.95,7657.19,7635.0,261,755,0.137,0.000678
2026-09-14 10:03:25,SPX,7616.95,7657.19,7595.0,255,978,0.1605,0.000678
2026-09-14 10:03:25,SPX,7616.95,7657.19,7640.0,407,890,0.1375,0.000678
2026-09-14 10:03:25,SPX,7616.95,7657.19,7590.0,97,1818,0.165,0.000678
2026-09-14 10:03:25,SPX,7616.95,7657.19,7645.0,338,1275,0.1379,0.000678
2026-09-14 10:03:25,SPX,7616.95,7657.19,7585.0,189,1180,0.1704,0.000678
2026-09-14 10:03:25,SPX,7616.95,7657.19,7650.0,2328,2140,0.1394,0.000678
2026-09-14 10:03:25,SPX,7616.95,7657.19,7580.0,96,2170,0.1747,0.000678
2026-09-14 10:03:25,SPX,7616.95,7657.19,7655.0,1374,904,0.1422,0.000678
2026-09-14 10:03:25,SPX,7616.95,7657.19,7575.0,238,3088,0.1789,0.000678
2026-09-14 10:03:25,SPX,7616.95,7657.19,7660.0,1081,1336,0.1459,0.000678
2026-09-14 10:03:25,SPX,7616.95,7657.19,7570.0,61,1484,0.1843,0.000678
2026-09-14 10:03:25,SPX,7616.95,7657.19,7665.0,1125,984,0.1503,0.000678
2026-09-14 10:03:25,SPX,7616.95,7657.19,7565.0,73,1290,0.1869,0.000678
2026-09-14 10:03:25,SPX,7616.95,7657.19,7670.0,1245,716,0.1552,0.000678
2026-09-14 10:03:25,SPX,7616.95,7657.19,7560.0,66,2432,0.1952,0.000678
2026-09-14 10:03:25,SPX,7616.95,7657.19,7675.0,3444,1867,0.1606,0.000678
2026-09-14 10:03:25,SPX,7616.95,7657.19,7555.0,41,2475,0.1971,0.000678
2026-09-14 10:03:25,SPX,7616.95,7657.19,7680.0,2948,1779,0.1662,0.000678
2026-09-14 10:03:25,SPX,7616.95,7657.19,7550.0,61,5411,0.2028,0.000678
2026-09-14 10:03:25,SPX,7616.95,7657.19,7685.0,796,272,0.1719,0.000678
2026-09-14 10:03:25,SPX,7616.95,7657.19,7545.0,27,4407,0.2122,0.000678
2026-09-14 10:03:25,SPX,7616.95,7657.19,7690.0,1113,270,0.1776,0.000678
2026-09-14 10:03:25,SPX,7616.95,7657.19,7540.0,25,1517,0.2163,0.000678
2026-09-14 10:03:25,SPX,7616.95,7657.19,7695.0,1805,157,0.1834,0.000678
2026-09-14 10:03:25,SPX,7616.95,7657.19,7535.0,13,2818,0.224,0.000678
2026-09-14 10:03:25,SPX,7616.95,7657.19,7700.0,3735,1374,0.1893,0.000678
2026-09-14 10:03:25,SPX,7616.95,7657.19,7530.0,51,3495,0.2311,0.000678
2026-09-14 10:03:25,SPX,7616.95,7657.19,7705.0,3576,952,0.1954,0.000678
2026-09-14 10:03:25,SPX,7616.95,7657.19,7525.0,64,5429,0.236,0.000678
2026-09-14 10:03:25,SPX,7616.95,7657.19,7710.0,1629,230,0.2016,0.000678
2026-09-14 10:03:25,SPX,7616.95,7657.19,7520.0,38,2095,0.2418,0.000678
2026-09-14 10:03:25,SPX,7616.95,7657.19,7715.0,3168,78,0.208,0.000678
2026-09-14 10:03:25,SPX,7616.95,7657.19,7515.0,30,892,0.2471,0.000678
2026-09-14 10:03:25,SPX,7616.95,7657.19,7720.0,6710,256,0.2147,0.000678
2026-09-14 10:03:25,SPX,7616.95,7657.19,7510.0,78,801,0.2535,0.000678
2026-09-14 10:03:25,SPX,7616.95,7657.19,7725.0,3627,371,0.2215,0.000678
2026-09-14 10:03:25,SPX,7616.95,7657.19,7505.0,6,1667,0.2621,0.000678
2026-09-14 10:03:25,SPX,7616.95,7657.19,7730.0,3683,1017,0.2284,0.000678
2026-09-14 10:03:25,SPX,7616.95,7657.19,7500.0,134,9425,0.2712,0.000678
2026-09-14 10:03:25,SPX,7616.95,7657.19,7735.0,2667,96,0.2352,0.000678
2026-09-14 10:03:25,SPX,7616.95,7657.19,7495.0,4,488,0.2797,0.000678
2026-09-14 10:03:25,SPX,7616.95,7657.19,7740.0,1858,89,0.2417,0.000678
2026-09-14 10:03:25,SPX,7616.95,7657.19,7490.0,21,806,0.2877,0.000678
2026-09-14 10:03:25,SPX,7616.95,7657.19,7745.0,1727,54,0.2479,0.000678
2026-09-14 10:03:25,SPX,7616.95,7657.19,7485.0,4,1294,0.2952,0.000678
2026-09-14 10:03:25,SPX,7616.95,7657.19,7750.0,3036,396,0.2537,0.000678
2026-09-14 10:03:25,SPX,7616.95,7657.19,7480.0,44,954,0.3027,0.000678
2026-09-14 10:03:25,SPX,7616.95,7657.19,7755.0,1674,33,0.259,0.000678
2026-09-14 10:03:25,SPX,7616.95,7657.19,7475.0,44,2221,0.3102,0.000678
2026-09-14 10:03:25,SPX,7616.95,7657.19,7760.0,4448,105,0.2639,0.000678
2026-09-14 10:03:25,SPX,7616.95,7657.19,7470.0,7,2414,0.3177,0.000678
2026-09-14 10:03:25,SPX,7616.95,7657.19,7765.0,1301,46,0.2684,0.000678
2026-09-14 10:03:25,SPX,7616.95,7657.19,7465.0,1,1379,0.3251,0.000678
2026-09-14 10:03:25,SPX,7616.95,7657.19,7770.0,1587,111,0.2723,0.000678
2026-09-14 10:03:25,SPX,7616.95,7657.19,7460.0,6,2276,0.3322,0.000678
2026-09-14 10:03:25,SPX,7616.95,7657.19,7775.0,6475,70,0.2758,0.000678
2026-09-14 10:03:25,SPX,7616.95,7657.19,7455.0,2,958,0.3393,0.000678
2026-09-14 10:03:25,SPX,7616.95,7657.19,7780.0,8118,89,0.2788,0.000678
2026-09-14 10:03:25,SPX,7616.95,7657.19,7450.0,22,3029,0.3467,0.000678
2026-09-14 10:03:25,SPX,7616.95,7657.19,7785.0,8660,32,0.2814,0.000678
2026-09-14 10:03:25,SPX,7616.95,7657.19,7445.0,0,297,0.3546,0.000678
2026-09-14 10:03:25,SPX,7616.95,7657.19,7790.0,3394,73,0.2835,0.000678
2026-09-14 10:03:25,SPX,7616.95,7657.19,7440.0,0,6015,0.363,0.000678
2026-09-14 10:03:25,SPX,7616.95,7657.19,7795.0,599,3,0.2853,0.000678
2026-09-14 10:03:25,SPX,7616.95,7657.19,7435.0,0,1279,0.3716,0.000678
2026-09-14 10:03:25,SPX,7616.95,7657.19,7800.0,4155,299,0.2867,0.000678
2026-09-14 10:03:25,SPX,7616.95,7657.19,7430.0,9,475,0.3803,0.000678
2026-09-14 10:03:25,SPX,7616.95,7657.19,7805.0,3131,8,0.2878,0.000678
2026-09-14 10:03:25,SPX,7616.95,7657.19,7425.0,34,7642,0.3891,0.000678
2026-09-14 10:03:25,SPX,7616.95,7657.19,7810.0,1254,27,0.2886,0.000678
2026-09-14 10:03:25,SPX,7616.95,7657.19,7420.0,7,844,0.3978,0.000678
2026-09-14 10:03:25,SPX,7616.95,7657.19,7815.0,483,4,0.289,0.000678
2026-09-14 10:03:25,SPX,7616.95,7657.19,7415.0,0,320,0.4064,0.000678
2026-09-14 10:03:25,SPX,7616.95,7657.19,7820.0,1135,83,0.2892,0.000678
2026-09-14 10:03:25,SPX,7616.95,7657.19,7410.0,30,1280,0.4148,0.000678
2026-09-14 10:03:25,SPX,7616.95,7657.19,7825.0,3742,49,0.2892,0.000678
2026-09-14 10:03:25,SPX,7616.95,7657.19,7405.0,5,1222,0.423,0.000678
2026-09-14 10:03:25,SPX,7616.95,7657.19,7830.0,452,12,0.289,0.000678
2026-09-14 10:03:25,SPX,7616.95,7657.19,7400.0,38,5111,0.4311,0.000678
2026-09-14 10:03:25,SPX,7616.95,7657.19,7835.0,413,0,0.2885,0.000678
2026-09-14 10:03:25,SPX,7616.95,7657.19,7395.0,14,340,0.4391,0.000678
2026-09-14 10:03:25,SPX,7616.95,7657.19,7840.0,670,13,0.288,0.000678
2026-09-14 10:03:25,SPX,7616.95,7657.19,7390.0,4,790,0.4469,0.000678
2026-09-14 10:03:25,SPX,7616.95,7657.19,7845.0,1762,1,0.2872,0.000678
2026-09-14 10:03:25,SPX,7616.95,7657.19,7385.0,0,3318,0.4548,0.000678
2026-09-14 10:03:25,SPX,7616.95,7657.19,7850.0,18075,37,0.2864,0.000678
2026-09-14 10:03:25,SPX,7616.95,7657.19,7380.0,1,321,0.4626,0.000678
2026-09-14 10:03:25,SPX,7616.95,7657.19,7855.0,285,0,0.2854,0.000678
2026-09-14 10:03:25,SPX,7616.95,7657.19,7375.0,0,5284,0.4703,0.000678
2026-09-14 10:03:25,SPX,7616.95,7657.19,7860.0,1526,3,0.2843,0.000678
2026-09-14 10:03:25,SPX,7616.95,7657.19,7370.0,3,408,0.4779,0.000678
2026-09-14 10:03:25,SPX,7616.95,7657.19,7865.0,3507,1,0.2832,0.000678
2026-09-14 10:03:25,SPX,7616.95,7657.19,7615.0,123,2373,0.1259,0.003416
2026-09-14 10:03:25,SPX,7616.95,7657.19,7620.0,86,3068,0.1243,0.003416
2026-09-14 10:03:25,SPX,7616.95,7657.19,7610.0,68,764,0.1278,0.003416
2026-09-14 10:03:25,SPX,7616.95,7657.19,7625.0,148,1093,0.1225,0.003416
2026-09-14 10:03:25,SPX,7616.95,7657.19,7605.0,115,216,0.13,0.003416
2026-09-14 10:03:25,SPX,7616.95,7657.19,7630.0,159,521,0.121,0.003416
2026-09-14 10:03:25,SPX,7616.95,7657.19,7600.0,181,1536,0.1322,0.003416
2026-09-14 10:03:25,SPX,7616.95,7657.19,7635.0,88,410,0.1195,0.003416
2026-09-14 10:03:25,SPX,7616.95,7657.19,7595.0,102,3426,0.1344,0.003416
2026-09-14 10:03:25,SPX,7616.95,7657.19,7640.0,190,538,0.1179,0.003416
2026-09-14 10:03:25,SPX,7616.95,7657.19,7590.0,41,432,0.1369,0.003416
2026-09-14 10:03:25,SPX,7616.95,7657.19,7645.0,108,293,0.1167,0.003416
2026-09-14 10:03:25,SPX,7616.95,7657.19,7585.0,34,188,0.1394,0.003416
2026-09-14 10:03:25,SPX,7616.95,7657.19,7650.0,1180,2458,0.1157,0.003416
2026-09-14 10:03:25,SPX,7616.95,7657.19,7580.0,88,696,0.1418,0.003416
2026-09-14 10:03:25,SPX,7616.95,7657.19,7655.0,256,257,0.1149,0.003416
2026-09-14 10:03:25,SPX,7616.95,7657.19,7575.0,53,902,0.1436,0.003416
2026-09-14 10:03:25,SPX,7616.95,7657.19,7660.0,332,304,0.114,0.003416
2026-09-14 10:03:25,SPX,7616.95,7657.19,7570.0,50,531,0.1457,0.003416
2026-09-14 10:03:25,SPX,7616.95,7657.19,7665.0,309,449,0.1128,0.003416
2026-09-14 10:03:25,SPX,7616.95,7657.19,7565.0,31,346,0.1483,0.003416
2026-09-14 10:03:25,SPX,7616.95,7657.19,7670.0,301,552,0.1118,0.003416
2026-09-14 10:03:25,SPX,7616.95,7657.19,7560.0,38,506,0.1512,0.003416
2026-09-14 10:03:25,SPX,7616.95,7657.19,7675.0,1667,1631,0.1111,0.003416
2026-09-14 10:03:25,SPX,7616.95,7657.19,7555.0,25,342,0.1537,0.003416
2026-09-14 10:03:25,SPX,7616.95,7657.19,7680.0,383,560,0.1108,0.003416
2026-09-14 10:03:25,SPX,7616.95,7657.19,7550.0,47,2766,0.1558,0.003416
2026-09-14 10:03:25,SPX,7616.95,7657.19,7685.0,276,695,0.1109,0.003416
2026-09-14 10:03:25,SPX,7616.95,7657.19,7545.0,17,380,0.1576,0.003416
2026-09-14 10:03:25,SPX,7616.95,7657.19,7690.0,413,299,0.1115,0.003416
2026-09-14 10:03:25,SPX,7616.95,7657.19,7540.0,28,437,0.1598,0.003416
2026-09-14 10:03:25,SPX,7616.95,7657.19,7695.0,266,183,0.1122,0.003416
2026-09-14 10:03:25,SPX,7616.95,7657.19,7535.0,22,561,0.1626,0.003416
2026-09-14 10:03:25,SPX,7616.95,7657.19,7700.0,2732,729,0.1129,0.003416
2026-09-14 10:03:25,SPX,7616.95,7657.19,7530.0,30,319,0.1659,0.003416
2026-09-14 10:03:25,SPX,7616.95,7657.19,7705.0,374,438,0.1136,0.003416
2026-09-14 10:03:25,SPX,7616.95,7657.19,7525.0,87,1191,0.1685,0.003416
2026-09-14 10:03:25,SPX,7616.95,7657.19,7710.0,1141,759,0.1142,0.003416
2026-09-14 10:03:25,SPX,7616.95,7657.19,7520.0,99,292,0.1699,0.003416
2026-09-14 10:03:25,SPX,7616.95,7657.19,7715.0,505,159,0.1149,0.003416
2026-09-14 10:03:25,SPX,7616.95,7657.19,7515.0,24,229,0.1726,0.003416
2026-09-14 10:03:25,SPX,7616.95,7657.19,7720.0,790,206,0.1157,0.003416
2026-09-14 10:03:25,SPX,7616.95,7657.19,7510.0,7,407,0.1757,0.003416
2026-09-14 10:03:25,SPX,7616.95,7657.19,7725.0,1258,289,0.1167,0.003416
2026-09-14 10:03:25,SPX,7616.95,7657.19,7505.0,7,253,0.1783,0.003416
2026-09-14 10:03:25,SPX,7616.95,7657.19,7730.0,552,205,0.118,0.003416
2026-09-14 10:03:25,SPX,7616.95,7657.19,7500.0,50,3136,0.181,0.003416
2026-09-14 10:03:25,SPX,7616.95,7657.19,7735.0,1185,0,0.1196,0.003416
2026-09-14 10:03:25,SPX,7616.95,7657.19,7495.0,0,1326,0.1837,0.003416
2026-09-14 10:03:25,SPX,7616.95,7657.19,7740.0,577,90,0.1215,0.003416
2026-09-14 10:03:25,SPX,7616.95,7657.19,7490.0,0,439,0.1861,0.003416
2026-09-14 10:03:25,SPX,7616.95,7657.19,7745.0,773,75,0.1235,0.003416
2026-09-14 10:03:25,SPX,7616.95,7657.19,7485.0,1,211,0.1884,0.003416
2026-09-14 10:03:25,SPX,7616.95,7657.19,7750.0,1883,803,0.1256,0.003416
2026-09-14 10:03:25,SPX,7616.95,7657.19,7480.0,4,257,0.1909,0.003416
2026-09-14 10:03:25,SPX,7616.95,7657.19,7755.0,322,37,0.1279,0.003416
2026-09-14 10:03:25,SPX,7616.95,7657.19,7475.0,8,396,0.1938,0.003416
2026-09-14 10:03:25,SPX,7616.95,7657.19,7760.0,630,60,0.1303,0.003416
2026-09-14 10:03:25,SPX,7616.95,7657.19,7470.0,0,229,0.1968,0.003416
2026-09-14 10:03:25,SPX,7616.95,7657.19,7765.0,566,22,0.133,0.003416
2026-09-14 10:03:25,SPX,7616.95,7657.19,7465.0,0,172,0.2001,0.003416
2026-09-14 10:03:25,SPX,7616.95,7657.19,7770.0,591,33,0.1357,0.003416
2026-09-14 10:03:25,SPX,7616.95,7657.19,7460.0,5,563,0.2034,0.003416
2026-09-14 10:03:25,SPX,7616.95,7657.19,7775.0,1185,26,0.1387,0.003416
2026-09-14 10:03:25,SPX,7616.95,7657.19,7455.0,14,91,0.2067,0.003416
2026-09-14 10:03:25,SPX,7616.95,7657.19,7780.0,898,122,0.1419,0.003416
2026-09-14 10:03:25,SPX,7616.95,7657.19,7450.0,11,1696,0.2099,0.003416
2026-09-14 10:03:25,SPX,7616.95,7657.19,7785.0,427,24,0.1452,0.003416
2026-09-14 10:03:25,SPX,7616.95,7657.19,7445.0,1,343,0.2131,0.003416
2026-09-14 10:03:25,SPX,7616.95,7657.19,7790.0,422,69,0.1488,0.003416
2026-09-14 10:03:25,SPX,7616.95,7657.19,7440.0,81,473,0.2161,0.003416
2026-09-14 10:03:25,SPX,7616.95,7657.19,7795.0,336,0,0.1525,0.003416
2026-09-14 10:03:25,SPX,7616.95,7657.19,7435.0,0,209,0.2192,0.003416
2026-09-14 10:03:25,SPX,7616.95,7657.19,7800.0,3029,51,0.1562,0.003416
2026-09-14 10:03:25,SPX,7616.95,7657.19,7430.0,0,335,0.2221,0.003416
2026-09-14 10:03:25,SPX,7616.95,7657.19,7805.0,420,6,0.16,0.003416
2026-09-14 10:03:25,SPX,7616.95,7657.19,7425.0,10,1228,0.2251,0.003416
2026-09-14 10:03:25,SPX,7616.95,7657.19,7810.0,711,7,0.1636,0.003416
2026-09-14 10:03:25,SPX,7616.95,7657.19,7420.0,2,274,0.2281,0.003416
2026-09-14 10:03:25,SPX,7616.95,7657.19,7815.0,478,1,0.1672,0.003416
2026-09-14 10:03:25,SPX,7616.95,7657.19,7415.0,0,269,0.2311,0.003416
2026-09-14 10:03:25,SPX,7616.95,7657.19,7820.0,719,19,0.1705,0.003416
2026-09-14 10:03:25,SPX,7616.95,7657.19,7410.0,32,301,0.2342,0.003416
2026-09-14 10:03:25,SPX,7616.95,7657.19,7825.0,2219,41,0.1735,0.003416
2026-09-14 10:03:25,SPX,7616.95,7657.19,7405.0,0,163,0.2373,0.003416
2026-09-14 10:03:25,SPX,7616.95,7657.19,7830.0,1772,3,0.1763,0.003416
2026-09-14 10:03:25,SPX,7616.95,7657.19,7400.0,11,3737,0.2405,0.003416
2026-09-14 10:03:25,SPX,7616.95,7657.19,7835.0,638,0,0.1788,0.003416
2026-09-14 10:03:25,SPX,7616.95,7657.19,7395.0,0,92,0.2438,0.003416
2026-09-14 10:03:25,SPX,7616.95,7657.19,7840.0,486,4,0.181,0.003416
2026-09-14 10:03:25,SPX,7616.95,7657.19,7390.0,0,270,0.2471,0.003416
2026-09-14 10:03:25,SPX,7616.95,7657.19,7845.0,439,1,0.1829,0.003416
2026-09-14 10:03:25,SPX,7616.95,7657.19,7385.0,0,99,0.2505,0.003416
2026-09-14 10:03:25,SPX,7616.95,7657.19,7850.0,758,32,0.1838,0.003416
2026-09-14 10:03:25,SPX,7616.95,7657.19,7380.0,0,246,0.254,0.003416
2026-09-14 10:03:25,SPX,7616.95,7657.19,7855.0,257,0,0.1847,0.003416
2026-09-14 10:03:25,SPX,7616.95,7657.19,7375.0,19,407,0.2575,0.003416
2026-09-14 10:03:25,SPX,7616.95,7657.19,7860.0,321,0,0.1882,0.003416
2026-09-14 10:03:25,SPX,7616.95,7657.19,7370.0,1,170,0.2611,0.003416
2026-09-14 10:03:25,SPX,7616.95,7657.19,7865.0,337,0,0.1882,0.003416
2026-09-14 10:03:25,SPX,7616.95,7657.19,7615.0,30,136,0.1549,0.006154
2026-09-14 10:03:25,SPX,7616.95,7657.19,7620.0,92,165,0.1536,0.006154
2026-09-14 10:03:25,SPX,7616.95,7657.19,7610.0,86,444,0.1563,0.006154
2026-09-14 10:03:25,SPX,7616.95,7657.19,7625.0,76,3525,0.1523,0.006154
2026-09-14 10:03:25,SPX,7616.95,7657.19,7605.0,46,171,0.1577,0.006154
2026-09-14 10:03:25,SPX,7616.95,7657.19,7630.0,190,311,0.1509,0.006154
2026-09-14 10:03:25,SPX,7616.95,7657.19,7600.0,299,2447,0.1592,0.006154
2026-09-14 10:03:25,SPX,7616.95,7657.19,7635.0,100,393,0.1494,0.006154
2026-09-14 10:03:25,SPX,7616.95,7657.19,7595.0,81,353,0.1609,0.006154
2026-09-14 10:03:25,SPX,7616.95,7657.19,7640.0,173,260,0.1479,0.006154
2026-09-14 10:03:25,SPX,7616.95,7657.19,7590.0,83,381,0.1625,0.006154
2026-09-14 10:03:25,SPX,7616.95,7657.19,7645.0,125,436,0.1463,0.006154
2026-09-14 10:03:25,SPX,7616.95,7657.19,7585.0,83,325,0.1649,0.006154
2026-09-14 10:03:25,SPX,7616.95,7657.19,7650.0,3942,4297,0.1448,0.006154
2026-09-14 10:03:25,SPX,7616.95,7657.19,7580.0,31,654,0.1661,0.006154
2026-09-14 10:03:25,SPX,7616.95,7657.19,7655.0,88,769,0.1434,0.006154
2026-09-14 10:03:25,SPX,7616.95,7657.19,7575.0,46,586,0.1676,0.006154
2026-09-14 10:03:25,SPX,7616.95,7657.19,7660.0,149,214,0.1421,0.006154
2026-09-14 10:03:25,SPX,7616.95,7657.19,7570.0,20,769,0.1693,0.006154
2026-09-14 10:03:25,SPX,7616.95,7657.19,7665.0,153,256,0.141,0.006154
2026-09-14 10:03:25,SPX,7616.95,7657.19,7565.0,10,210,0.171,0.006154
2026-09-14 10:03:25,SPX,7616.95,7657.19,7670.0,252,521,0.1401,0.006154
2026-09-14 10:03:25,SPX,7616.95,7657.19,7560.0,37,297,0.173,0.006154
2026-09-14 10:03:25,SPX,7616.95,7657.19,7675.0,3101,555,0.1392,0.006154
2026-09-14 10:03:25,SPX,7616.95,7657.19,7555.0,30,245,0.1748,0.006154
2026-09-14 10:03:25,SPX,7616.95,7657.19,7680.0,431,792,0.1384,0.006154
2026-09-14 10:03:25,SPX,7616.95,7657.19,7550.0,66,971,0.1766,0.006154
2026-09-14 10:03:25,SPX,7616.95,7657.19,7685.0,799,212,0.1376,0.006154
2026-09-14 10:03:25,SPX,7616.95,7657.19,7545.0,4,234,0.1785,0.006154
2026-09-14 10:03:25,SPX,7616.95,7657.19,7690.0,254,121,0.1368,0.006154
2026-09-14 10:03:25,SPX,7616.95,7657.19,7540.0,26,558,0.1803,0.006154
2026-09-14 10:03:25,SPX,7616.95,7657.19,7695.0,197,111,0.136,0.006154
2026-09-14 10:03:25,SPX,7616.95,7657.19,7535.0,5,247,0.1821,0.006154
2026-09-14 10:03:25,SPX,7616.95,7657.19,7700.0,1164,639,0.1352,0.006154
2026-09-14 10:03:25,SPX,7616.95,7657.19,7530.0,36,367,0.1836,0.006154
2026-09-14 10:03:25,SPX,7616.95,7657.19,7705.0,125,2044,0.1344,0.006154
2026-09-14 10:03:25,SPX,7616.95,7657.19,7525.0,35,2414,0.1851,0.006154
2026-09-14 10:03:25,SPX,7616.95,7657.19,7710.0,827,106,0.1335,0.006154
2026-09-14 10:03:25,SPX,7616.95,7657.19,7520.0,26,946,0.1867,0.006154
2026-09-14 10:03:25,SPX,7616.95,7657.19,7715.0,226,1313,0.1328,0.006154
2026-09-14 10:03:25,SPX,7616.95,7657.19,7515.0,43,171,0.1884,0.006154
2026-09-14 10:03:25,SPX,7616.95,7657.19,7720.0,333,74,0.1321,0.006154
2026-09-14 10:03:25,SPX,7616.95,7657.19,7510.0,40,185,0.1901,0.006154
2026-09-14 10:03:25,SPX,7616.95,7657.19,7725.0,894,102,0.1315,0.006154
2026-09-14 10:03:25,SPX,7616.95,7657.19,7505.0,26,246,0.192,0.006154
2026-09-14 10:03:25,SPX,7616.95,7657.19,7730.0,2632,2029,0.131,0.006154
2026-09-14 10:03:25,SPX,7616.95,7657.19,7500.0,43,2563,0.194,0.006154
2026-09-14 10:03:25,SPX,7616.95,7657.19,7735.0,623,10,0.1307,0.006154
2026-09-14 10:03:25,SPX,7616.95,7657.19,7495.0,0,148,0.196,0.006154
2026-09-14 10:03:25,SPX,7616.95,7657.19,7740.0,1778,1337,0.1305,0.006154
2026-09-14 10:03:25,SPX,7616.95,7657.19,7490.0,0,302,0.1981,0.006154
2026-09-14 10:03:25,SPX,7616.95,7657.19,7745.0,497,122,0.1302,0.006154
2026-09-14 10:03:25,SPX,7616.95,7657.19,7485.0,3,172,0.2001,0.006154
2026-09-14 10:03:25,SPX,7616.95,7657.19,7750.0,1137,298,0.1302,0.006154
2026-09-14 10:03:25,SPX,7616.95,7657.19,7480.0,7,320,0.2022,0.006154
2026-09-14 10:03:25,SPX,7616.95,7657.19,7755.0,2504,30,0.1304,0.006154
2026-09-14 10:03:25,SPX,7616.95,7657.19,7475.0,24,984,0.2042,0.006154
2026-09-14 10:03:25,SPX,7616.95,7657.19,7760.0,444,61,0.1307,0.006154
2026-09-14 10:03:25,SPX,7616.95,7657.19,7470.0,25,842,0.2062,0.006154
2026-09-14 10:03:25,SPX,7616.95,7657.19,7765.0,1907,14,0.1311,0.006154
2026-09-14 10:03:25,SPX,7616.95,7657.19,7465.0,0,409,0.2083,0.006154
2026-09-14 10:03:25,SPX,7616.95,7657.19,7770.0,966,30,0.1317,0.006154
2026-09-14 10:03:25,SPX,7616.95,7657.19,7460.0,25,380,0.2103,0.006154
2026-09-14 10:03:25,SPX,7616.95,7657.19,7775.0,1163,62,0.1324,0.006154
2026-09-14 10:03:25,SPX,7616.95,7657.19,7455.0,0,208,0.2123,0.006154
2026-09-14 10:03:25,SPX,7616.95,7657.19,7780.0,887,32,0.1332,0.006154
2026-09-14 10:03:25,SPX,7616.95,7657.19,7450.0,3,873,0.2143,0.006154
2026-09-14 10:03:25,SPX,7616.95,7657.19,7785.0,339,279,0.1342,0.006154
2026-09-14 10:03:25,SPX,7616.95,7657.19,7445.0,0,160,0.2163,0.006154
2026-09-14 10:03:25,SPX,7616.95,7657.19,7790.0,595,24,0.1352,0.006154
2026-09-14 10:03:25,SPX,7616.95,7657.19,7440.0,0,250,0.2184,0.006154
2026-09-14 10:03:25,SPX,7616.95,7657.19,7795.0,356,13,0.1363,0.006154
2026-09-14 10:03:25,SPX,7616.95,7657.19,7435.0,0,111,0.2204,0.006154
2026-09-14 10:03:25,SPX,7616.95,7657.19,7800.0,3052,36,0.1375,0.006154
2026-09-14 10:03:25,SPX,7616.95,7657.19,7430.0,0,160,0.2225,0.006154
2026-09-14 10:03:25,SPX,7616.95,7657.19,7805.0,1690,1,0.1388,0.006154
2026-09-14 10:03:25,SPX,7616.95,7657.19,7425.0,6,354,0.2245,0.006154
2026-09-14 10:03:25,SPX,7616.95,7657.19,7810.0,538,32,0.1401,0.006154
2026-09-14 10:03:25,SPX,7616.95,7657.19,7420.0,1,667,0.2266,0.006154
2026-09-14 10:03:25,SPX,7616.95,7657.19,7815.0,433,4,0.1415,0.006154
2026-09-14 10:03:25,SPX,7616.95,7657.19,7415.0,0,236,0.2288,0.006154
2026-09-14 10:03:25,SPX,7616.95,7657.19,7820.0,1311,62,0.1429,0.006154
2026-09-14 10:03:25,SPX,7616.95,7657.19,7410.0,0,210,0.2309,0.006154
2026-09-14 10:03:25,SPX,7616.95,7657.19,7825.0,1157,42,0.1443,0.006154
2026-09-14 10:03:25,SPX,7616.95,7657.19,7405.0,0,233,0.2331,0.006154
2026-09-14 10:03:25,SPX,7616.95,7657.19,7830.0,439,126,0.1459,0.006154
2026-09-14 10:03:25,SPX,7616.95,7657.19,7400.0,31,2257,0.2354,0.006154
2026-09-14 10:03:25,SPX,7616.95,7657.19,7835.0,380,30,0.1474,0.006154
2026-09-14 10:03:25,SPX,7616.95,7657.19,7395.0,0,1437,0.2376,0.006154
2026-09-14 10:03:25,SPX,7616.95,7657.19,7840.0,487,1,0.149,0.006154
2026-09-14 10:03:25,SPX,7616.95,7657.19,7390.0,30,406,0.2399,0.006154
2026-09-14 10:03:25,SPX,7616.95,7657.19,7845.0,248,1,0.1507,0.006154
2026-09-14 10:03:25,SPX,7616.95,7657.19,7385.0,1,191,0.2422,0.006154
2026-09-14 10:03:25,SPX,7616.95,7657.19,7850.0,1424,123,0.1523,0.006154
2026-09-14 10:03:25,SPX,7616.95,7657.19,7380.0,1,456,0.2446,0.006154
2026-09-14 10:03:25,SPX,7616.95,7657.19,7855.0,210,0,0.1541,0.006154
2026-09-14 10:03:25,SPX,7616.95,7657.19,7375.0,0,488,0.2469,0.006154
2026-09-14 10:03:25,SPX,7616.95,7657.19,7860.0,585,3,0.1559,0.006154
2026-09-14 10:03:25,SPX,7616.95,7657.19,7370.0,24,161,0.2493,0.006154
2026-09-14 10:03:25,SPX,7616.95,7657.19,7865.0,389,6,0.1577,0.006154
2026-09-14 10:33:47,SPX,7600.71,7654.75,7600.0,1069,4496,0.1457,0.00062
2026-09-14 10:33:47,SPX,7600.71,7654.75,7605.0,582,3198,0.1427,0.00062
2026-09-14 10:33:47,SPX,7600.71,7654.75,7595.0,255,978,0.1487,0.00062
2026-09-14 10:33:47,SPX,7600.71,7654.75,7610.0,276,1598,0.14,0.00062
2026-09-14 10:33:47,SPX,7600.71,7654.75,7590.0,97,1818,0.1522,0.00062
2026-09-14 10:33:47,SPX,7600.71,7654.75,7615.0,205,2588,0.1373,0.00062
2026-09-14 10:33:47,SPX,7600.71,7654.75,7585.0,189,1180,0.1559,0.00062
2026-09-14 10:33:47,SPX,7600.71,7654.75,7620.0,146,1404,0.1359,0.00062
2026-09-14 10:33:47,SPX,7600.71,7654.75,7580.0,96,2170,0.1604,0.00062
2026-09-14 10:33:47,SPX,7600.71,7654.75,7625.0,492,1894,0.1356,0.00062
2026-09-14 10:33:47,SPX,7600.71,7654.75,7575.0,238,3088,0.1647,0.00062
2026-09-14 10:33:47,SPX,7600.71,7654.75,7630.0,269,1151,0.1364,0.00062
2026-09-14 10:33:47,SPX,7600.71,7654.75,7570.0,61,1484,0.1687,0.00062
2026-09-14 10:33:47,SPX,7600.71,7654.75,7635.0,261,755,0.1384,0.00062
2026-09-14 10:33:47,SPX,7600.71,7654.75,7565.0,73,1290,0.1727,0.00062
2026-09-14 10:33:47,SPX,7600.71,7654.75,7640.0,407,890,0.1415,0.00062
2026-09-14 10:33:47,SPX,7600.71,7654.75,7560.0,66,2432,0.1768,0.00062
2026-09-14 10:33:47,SPX,7600.71,7654.75,7645.0,338,1275,0.1454,0.00062
2026-09-14 10:33:47,SPX,7600.71,7654.75,7555.0,41,2475,0.1831,0.00062
2026-09-14 10:33:47,SPX,7600.71,7654.75,7650.0,2328,2140,0.1499,0.00062
2026-09-14 10:33:47,SPX,7600.71,7654.75,7550.0,61,5411,0.1876,0.00062
2026-09-14 10:33:47,SPX,7600.71,7654.75,7655.0,1374,904,0.1548,0.00062
2026-09-14 10:33:47,SPX,7600.71,7654.75,7545.0,27,4407,0.1955,0.00062
2026-09-14 10:33:47,SPX,7600.71,7654.75,7660.0,1081,1336,0.1604,0.00062
2026-09-14 10:33:47,SPX,7600.71,7654.75,7540.0,25,1517,0.1981,0.00062
2026-09-14 10:33:47,SPX,7600.71,7654.75,7665.0,1125,984,0.1665,0.00062
2026-09-14 10:33:47,SPX,7600.71,7654.75,7535.0,13,2818,0.206,0.00062
2026-09-14 10:33:47,SPX,7600.71,7654.75,7670.0,1245,716,0.1731,0.00062
2026-09-14 10:33:47,SPX,7600.71,7654.75,7530.0,51,3495,0.2141,0.00062
2026-09-14 10:33:47,SPX,7600.71,7654.75,7675.0,3444,1867,0.1802,0.00062
2026-09-14 10:33:47,SPX,7600.71,7654.75,7525.0,64,5429,0.221,0.00062
2026-09-14 10:33:47,SPX,7600.71,7654.75,7680.0,2948,1779,0.1876,0.00062
2026-09-14 10:33:47,SPX,7600.71,7654.75,7520.0,38,2095,0.2286,0.00062
2026-09-14 10:33:47,SPX,7600.71,7654.75,7685.0,796,272,0.1952,0.00062
2026-09-14 10:33:47,SPX,7600.71,7654.75,7515.0,30,892,0.234,0.00062
2026-09-14 10:33:47,SPX,7600.71,7654.75,7690.0,1113,270,0.203,0.00062
2026-09-14 10:33:47,SPX,7600.71,7654.75,7510.0,78,801,0.2428,0.00062
2026-09-14 10:33:47,SPX,7600.71,7654.75,7695.0,1805,157,0.2108,0.00062
2026-09-14 10:33:47,SPX,7600.71,7654.75,7505.0,6,1667,0.2501,0.00062
2026-09-14 10:33:47,SPX,7600.71,7654.75,7700.0,3735,1374,0.2186,0.00062
2026-09-14 10:33:47,SPX,7600.71,7654.75,7500.0,134,9425,0.2563,0.00062
2026-09-14 10:33:47,SPX,7600.71,7654.75,7705.0,3576,952,0.2264,0.00062
2026-09-14 10:33:47,SPX,7600.71,7654.75,7495.0,4,488,0.2629,0.00062
2026-09-14 10:33:47,SPX,7600.71,7654.75,7710.0,1629,230,0.2342,0.00062
2026-09-14 10:33:47,SPX,7600.71,7654.75,7490.0,21,806,0.27,0.00062
2026-09-14 10:33:47,SPX,7600.71,7654.75,7715.0,3168,78,0.2418,0.00062
2026-09-14 10:33:47,SPX,7600.71,7654.75,7485.0,4,1294,0.2781,0.00062
2026-09-14 10:33:47,SPX,7600.71,7654.75,7720.0,6710,256,0.2492,0.00062
2026-09-14 10:33:47,SPX,7600.71,7654.75,7480.0,44,954,0.2876,0.00062
2026-09-14 10:33:47,SPX,7600.71,7654.75,7725.0,3627,371,0.2563,0.00062
2026-09-14 10:33:47,SPX,7600.71,7654.75,7475.0,44,2221,0.2974,0.00062
2026-09-14 10:33:47,SPX,7600.71,7654.75,7730.0,3683,1017,0.2628,0.00062
2026-09-14 10:33:47,SPX,7600.71,7654.75,7470.0,7,2414,0.3068,0.00062
2026-09-14 10:33:47,SPX,7600.71,7654.75,7735.0,2667,96,0.2688,0.00062
2026-09-14 10:33:47,SPX,7600.71,7654.75,7465.0,1,1379,0.3158,0.00062
2026-09-14 10:33:47,SPX,7600.71,7654.75,7740.0,1858,89,0.2742,0.00062
2026-09-14 10:33:47,SPX,7600.71,7654.75,7460.0,6,2276,0.3243,0.00062
2026-09-14 10:33:47,SPX,7600.71,7654.75,7745.0,1727,54,0.2791,0.00062
2026-09-14 10:33:47,SPX,7600.71,7654.75,7455.0,2,958,0.3322,0.00062
2026-09-14 10:33:47,SPX,7600.71,7654.75,7750.0,3036,396,0.2834,0.00062
2026-09-14 10:33:47,SPX,7600.71,7654.75,7450.0,22,3029,0.3397,0.00062
2026-09-14 10:33:47,SPX,7600.71,7654.75,7755.0,1674,33,0.2871,0.00062
2026-09-14 10:33:47,SPX,7600.71,7654.75,7445.0,0,297,0.347,0.00062
2026-09-14 10:33:47,SPX,7600.71,7654.75,7760.0,4448,105,0.2902,0.00062
2026-09-14 10:33:47,SPX,7600.71,7654.75,7440.0,0,6015,0.3543,0.00062
2026-09-14 10:33:47,SPX,7600.71,7654.75,7765.0,1301,46,0.2928,0.00062
2026-09-14 10:33:47,SPX,7600.71,7654.75,7435.0,0,1279,0.3616,0.00062
2026-09-14 10:33:47,SPX,7600.71,7654.75,7770.0,1587,111,0.2949,0.00062
2026-09-14 10:33:47,SPX,7600.71,7654.75,7430.0,9,475,0.369,0.00062
2026-09-14 10:33:47,SPX,7600.71,7654.75,7775.0,6475,70,0.2965,0.00062
2026-09-14 10:33:47,SPX,7600.71,7654.75,7425.0,34,7642,0.3764,0.00062
2026-09-14 10:33:47,SPX,7600.71,7654.75,7780.0,8118,89,0.2976,0.00062
2026-09-14 10:33:47,SPX,7600.71,7654.75,7420.0,7,844,0.3836,0.00062
2026-09-14 10:33:47,SPX,7600.71,7654.75,7785.0,8660,32,0.2983,0.00062
2026-09-14 10:33:47,SPX,7600.71,7654.75,7415.0,0,320,0.3907,0.00062
2026-09-14 10:33:47,SPX,7600.71,7654.75,7790.0,3394,73,0.2987,0.00062
2026-09-14 10:33:47,SPX,7600.71,7654.75,7410.0,30,1280,0.398,0.00062
2026-09-14 10:33:47,SPX,7600.71,7654.75,7795.0,599,3,0.2988,0.00062
2026-09-14 10:33:47,SPX,7600.71,7654.75,7405.0,5,1222,0.4054,0.00062
2026-09-14 10:33:47,SPX,7600.71,7654.75,7800.0,4155,299,0.2986,0.00062
2026-09-14 10:33:47,SPX,7600.71,7654.75,7400.0,38,5111,0.413,0.00062
2026-09-14 10:33:47,SPX,7600.71,7654.75,7805.0,3131,8,0.2982,0.00062
2026-09-14 10:33:47,SPX,7600.71,7654.75,7395.0,14,340,0.4208,0.00062
2026-09-14 10:33:47,SPX,7600.71,7654.75,7810.0,1254,27,0.2975,0.00062
2026-09-14 10:33:47,SPX,7600.71,7654.75,7390.0,4,790,0.4287,0.00062
2026-09-14 10:33:47,SPX,7600.71,7654.75,7815.0,483,4,0.2966,0.00062
2026-09-14 10:33:47,SPX,7600.71,7654.75,7385.0,0,3318,0.4368,0.00062
2026-09-14 10:33:47,SPX,7600.71,7654.75,7820.0,1135,83,0.2955,0.00062
2026-09-14 10:33:47,SPX,7600.71,7654.75,7380.0,1,321,0.445,0.00062
2026-09-14 10:33:47,SPX,7600.71,7654.75,7825.0,3742,49,0.2942,0.00062
2026-09-14 10:33:47,SPX,7600.71,7654.75,7375.0,0,5284,0.4533,0.00062
2026-09-14 10:33:47,SPX,7600.71,7654.75,7830.0,452,12,0.2928,0.00062
2026-09-14 10:33:47,SPX,7600.71,7654.75,7370.0,3,408,0.4618,0.00062
2026-09-14 10:33:47,SPX,7600.71,7654.75,7835.0,413,0,0.2914,0.00062
2026-09-14 10:33:47,SPX,7600.71,7654.75,7365.0,10,2565,0.4703,0.00062
2026-09-14 10:33:47,SPX,7600.71,7654.75,7840.0,670,13,0.2898,0.00062
2026-09-14 10:33:47,SPX,7600.71,7654.75,7360.0,25,1134,0.479,0.00062
2026-09-14 10:33:47,SPX,7600.71,7654.75,7845.0,1762,1,0.2881,0.00062
2026-09-14 10:33:47,SPX,7600.71,7654.75,7355.0,0,182,0.4877,0.00062
2026-09-14 10:33:47,SPX,7600.71,7654.75,7850.0,18075,37,0.2864,0.00062
2026-09-14 10:33:47,SPX,7600.71,7654.75,7600.0,181,1536,0.1296,0.003358
2026-09-14 10:33:47,SPX,7600.71,7654.75,7605.0,115,216,0.1277,0.003358
2026-09-14 10:33:47,SPX,7600.71,7654.75,7595.0,102,3426,0.1315,0.003358
2026-09-14 10:33:47,SPX,7600.71,7654.75,7610.0,68,764,0.1263,0.003358
2026-09-14 10:33:47,SPX,7600.71,7654.75,7590.0,41,432,0.1337,0.003358
2026-09-14 10:33:47,SPX,7600.71,7654.75,7615.0,123,2373,0.1249,0.003358
2026-09-14 10:33:47,SPX,7600.71,7654.75,7585.0,34,188,0.1355,0.003358
2026-09-14 10:33:47,SPX,7600.71,7654.75,7620.0,86,3068,0.1232,0.003358
2026-09-14 10:33:47,SPX,7600.71,7654.75,7580.0,88,696,0.1383,0.003358
2026-09-14 10:33:47,SPX,7600.71,7654.75,7625.0,148,1093,0.1218,0.003358
2026-09-14 10:33:47,SPX,7600.71,7654.75,7575.0,53,902,0.1409,0.003358
2026-09-14 10:33:47,SPX,7600.71,7654.75,7630.0,159,521,0.1201,0.003358
2026-09-14 10:33:47,SPX,7600.71,7654.75,7570.0,50,531,0.1428,0.003358
2026-09-14 10:33:47,SPX,7600.71,7654.75,7635.0,88,410,0.1186,0.003358
2026-09-14 10:33:47,SPX,7600.71,7654.75,7565.0,31,346,0.1448,0.003358
2026-09-14 10:33:47,SPX,7600.71,7654.75,7640.0,190,538,0.1172,0.003358
2026-09-14 10:33:47,SPX,7600.71,7654.75,7560.0,38,506,0.1471,0.003358
2026-09-14 10:33:47,SPX,7600.71,7654.75,7645.0,108,293,0.1161,0.003358
2026-09-14 10:33:47,SPX,7600.71,7654.75,7555.0,25,342,0.15,0.003358
2026-09-14 10:33:47,SPX,7600.71,7654.75,7650.0,1180,2458,0.1152,0.003358
2026-09-14 10:33:47,SPX,7600.71,7654.75,7550.0,47,2766,0.1527,0.003358
2026-09-14 10:33:47,SPX,7600.71,7654.75,7655.0,256,257,0.1146,0.003358
2026-09-14 10:33:47,SPX,7600.71,7654.75,7545.0,17,380,0.1547,0.003358
2026-09-14 10:33:47,SPX,7600.71,7654.75,7660.0,332,304,0.1142,0.003358
2026-09-14 10:33:47,SPX,7600.71,7654.75,7540.0,28,437,0.1563,0.003358
2026-09-14 10:33:47,SPX,7600.71,7654.75,7665.0,309,449,0.1139,0.003358
2026-09-14 10:33:47,SPX,7600.71,7654.75,7535.0,22,561,0.1584,0.003358
2026-09-14 10:33:47,SPX,7600.71,7654.75,7670.0,301,552,0.1137,0.003358
2026-09-14 10:33:47,SPX,7600.71,7654.75,7530.0,30,319,0.1618,0.003358
2026-09-14 10:33:47,SPX,7600.71,7654.75,7675.0,1667,1631,0.1136,0.003358
2026-09-14 10:33:47,SPX,7600.71,7654.75,7525.0,87,1191,0.1644,0.003358
2026-09-14 10:33:47,SPX,7600.71,7654.75,7680.0,383,560,0.1138,0.003358
2026-09-14 10:33:47,SPX,7600.71,7654.75,7520.0,99,292,0.1661,0.003358
2026-09-14 10:33:47,SPX,7600.71,7654.75,7685.0,276,695,0.1141,0.003358
2026-09-14 10:33:47,SPX,7600.71,7654.75,7515.0,24,229,0.1686,0.003358
2026-09-14 10:33:47,SPX,7600.71,7654.75,7690.0,413,299,0.1146,0.003358
2026-09-14 10:33:47,SPX,7600.71,7654.75,7510.0,7,407,0.1719,0.003358
2026-09-14 10:33:47,SPX,7600.71,7654.75,7695.0,266,183,0.1154,0.003358
2026-09-14 10:33:47,SPX,7600.71,7654.75,7505.0,7,253,0.1746,0.003358
2026-09-14 10:33:47,SPX,7600.71,7654.75,7700.0,2732,729,0.1164,0.003358
2026-09-14 10:33:47,SPX,7600.71,7654.75,7500.0,50,3136,0.1769,0.003358
2026-09-14 10:33:47,SPX,7600.71,7654.75,7705.0,374,438,0.1177,0.003358
2026-09-14 10:33:47,SPX,7600.71,7654.75,7495.0,0,1326,0.1795,0.003358
2026-09-14 10:33:47,SPX,7600.71,7654.75,7710.0,1141,759,0.1192,0.003358
2026-09-14 10:33:47,SPX,7600.71,7654.75,7490.0,7,439,0.1822,0.003358
2026-09-14 10:33:47,SPX,7600.71,7654.75,7715.0,505,159,0.121,0.003358
2026-09-14 10:33:47,SPX,7600.71,7654.75,7485.0,1,211,0.1845,0.003358
2026-09-14 10:33:47,SPX,7600.71,7654.75,7720.0,790,206,0.1231,0.003358
2026-09-14 10:33:47,SPX,7600.71,7654.75,7480.0,4,257,0.1868,0.003358
2026-09-14 10:33:47,SPX,7600.71,7654.75,7725.0,1258,289,0.1254,0.003358
2026-09-14 10:33:47,SPX,7600.71,7654.75,7475.0,8,396,0.1894,0.003358
2026-09-14 10:33:47,SPX,7600.71,7654.75,7730.0,552,205,0.1279,0.003358
2026-09-14 10:33:47,SPX,7600.71,7654.75,7470.0,0,229,0.1922,0.003358
2026-09-14 10:33:47,SPX,7600.71,7654.75,7735.0,1185,48,0.1306,0.003358
2026-09-14 10:33:47,SPX,7600.71,7654.75,7465.0,0,172,0.1953,0.003358
2026-09-14 10:33:47,SPX,7600.71,7654.75,7740.0,577,90,0.1334,0.003358
2026-09-14 10:33:47,SPX,7600.71,7654.75,7460.0,5,563,0.1985,0.003358
2026-09-14 10:33:47,SPX,7600.71,7654.75,7745.0,773,75,0.1363,0.003358
2026-09-14 10:33:47,SPX,7600.71,7654.75,7455.0,14,91,0.2018,0.003358
2026-09-14 10:33:47,SPX,7600.71,7654.75,7750.0,1883,803,0.1391,0.003358
2026-09-14 10:33:47,SPX,7600.71,7654.75,7450.0,11,1696,0.2051,0.003358
2026-09-14 10:33:47,SPX,7600.71,7654.75,7755.0,322,37,0.142,0.003358
2026-09-14 10:33:47,SPX,7600.71,7654.75,7445.0,1,343,0.2084,0.003358
2026-09-14 10:33:47,SPX,7600.71,7654.75,7760.0,630,60,0.1448,0.003358
2026-09-14 10:33:47,SPX,7600.71,7654.75,7440.0,81,473,0.2116,0.003358
2026-09-14 10:33:47,SPX,7600.71,7654.75,7765.0,566,22,0.1477,0.003358
2026-09-14 10:33:47,SPX,7600.71,7654.75,7435.0,0,209,0.2148,0.003358
2026-09-14 10:33:47,SPX,7600.71,7654.75,7770.0,591,33,0.1506,0.003358
2026-09-14 10:33:47,SPX,7600.71,7654.75,7430.0,0,335,0.218,0.003358
2026-09-14 10:33:47,SPX,7600.71,7654.75,7775.0,1185,26,0.1536,0.003358
2026-09-14 10:33:47,SPX,7600.71,7654.75,7425.0,10,1228,0.2211,0.003358
2026-09-14 10:33:47,SPX,7600.71,7654.75,7780.0,898,122,0.1566,0.003358
2026-09-14 10:33:47,SPX,7600.71,7654.75,7420.0,2,274,0.2243,0.003358
2026-09-14 10:33:47,SPX,7600.71,7654.75,7785.0,427,24,0.1597,0.003358
2026-09-14 10:33:47,SPX,7600.71,7654.75,7415.0,0,269,0.2275,0.003358
2026-09-14 10:33:47,SPX,7600.71,7654.75,7790.0,422,69,0.163,0.003358
2026-09-14 10:33:47,SPX,7600.71,7654.75,7410.0,32,301,0.2307,0.003358
2026-09-14 10:33:47,SPX,7600.71,7654.75,7795.0,336,0,0.1664,0.003358
2026-09-14 10:33:47,SPX,7600.71,7654.75,7405.0,0,163,0.2339,0.003358
2026-09-14 10:33:47,SPX,7600.71,7654.75,7800.0,3029,51,0.17,0.003358
2026-09-14 10:33:47,SPX,7600.71,7654.75,7400.0,11,3737,0.2373,0.003358
2026-09-14 10:33:47,SPX,7600.71,7654.75,7805.0,420,6,0.1735,0.003358
2026-09-14 10:33:47,SPX,7600.71,7654.75,7395.0,0,92,0.2406,0.003358
2026-09-14 10:33:47,SPX,7600.71,7654.75,7810.0,711,7,0.177,0.003358
2026-09-14 10:33:47,SPX,7600.71,7654.75,7390.0,0,270,0.2441,0.003358
2026-09-14 10:33:47,SPX,7600.71,7654.75,7815.0,478,1,0.1803,0.003358
2026-09-14 10:33:47,SPX,7600.71,7654.75,7385.0,0,99,0.2476,0.003358
2026-09-14 10:33:47,SPX,7600.71,7654.75,7820.0,719,19,0.1833,0.003358
2026-09-14 10:33:47,SPX,7600.71,7654.75,7380.0,0,246,0.2512,0.003358
2026-09-14 10:33:47,SPX,7600.71,7654.75,7825.0,2219,41,0.186,0.003358
2026-09-14 10:33:47,SPX,7600.71,7654.75,7375.0,19,407,0.2549,0.003358
2026-09-14 10:33:47,SPX,7600.71,7654.75,7830.0,1772,3,0.1883,0.003358
2026-09-14 10:33:47,SPX,7600.71,7654.75,7370.0,1,170,0.2586,0.003358
2026-09-14 10:33:47,SPX,7600.71,7654.75,7835.0,638,0,0.1902,0.003358
2026-09-14 10:33:47,SPX,7600.71,7654.75,7365.0,0,91,0.2624,0.003358
2026-09-14 10:33:47,SPX,7600.71,7654.75,7840.0,486,4,0.1916,0.003358
2026-09-14 10:33:47,SPX,7600.71,7654.75,7360.0,15,196,0.2662,0.003358
2026-09-14 10:33:47,SPX,7600.71,7654.75,7845.0,439,1,0.1926,0.003358
2026-09-14 10:33:47,SPX,7600.71,7654.75,7355.0,0,165,0.27,0.003358
2026-09-14 10:33:47,SPX,7600.71,7654.75,7850.0,758,32,0.1931,0.003358
2026-09-14 10:33:47,SPX,7600.71,7654.75,7600.0,299,2447,0.1577,0.006096
2026-09-14 10:33:47,SPX,7600.71,7654.75,7605.0,46,171,0.1562,0.006096
2026-09-14 10:33:47,SPX,7600.71,7654.75,7595.0,81,353,0.1592,0.006096
2026-09-14 10:33:47,SPX,7600.71,7654.75,7610.0,86,444,0.1548,0.006096
2026-09-14 10:33:47,SPX,7600.71,7654.75,7590.0,83,381,0.1608,0.006096
2026-09-14 10:33:47,SPX,7600.71,7654.75,7615.0,30,136,0.1534,0.006096
2026-09-14 10:33:47,SPX,7600.71,7654.75,7585.0,83,325,0.1623,0.006096
2026-09-14 10:33:47,SPX,7600.71,7654.75,7620.0,92,165,0.1521,0.006096
2026-09-14 10:33:47,SPX,7600.71,7654.75,7580.0,31,654,0.1646,0.006096
2026-09-14 10:33:47,SPX,7600.71,7654.75,7625.0,76,3525,0.1509,0.006096
2026-09-14 10:33:47,SPX,7600.71,7654.75,7575.0,46,586,0.1657,0.006096
2026-09-14 10:33:47,SPX,7600.71,7654.75,7630.0,190,311,0.1496,0.006096
2026-09-14 10:33:47,SPX,7600.71,7654.75,7570.0,20,769,0.1672,0.006096
2026-09-14 10:33:47,SPX,7600.71,7654.75,7635.0,100,393,0.1482,0.006096
2026-09-14 10:33:47,SPX,7600.71,7654.75,7565.0,10,210,0.1688,0.006096
2026-09-14 10:33:47,SPX,7600.71,7654.75,7640.0,173,260,0.1468,0.006096
2026-09-14 10:33:47,SPX,7600.71,7654.75,7560.0,37,297,0.1704,0.006096
2026-09-14 10:33:47,SPX,7600.71,7654.75,7645.0,125,436,0.1453,0.006096
2026-09-14 10:33:47,SPX,7600.71,7654.75,7555.0,30,245,0.1722,0.006096
2026-09-14 10:33:47,SPX,7600.71,7654.75,7650.0,3942,4297,0.1439,0.006096
2026-09-14 10:33:47,SPX,7600.71,7654.75,7550.0,66,971,0.1741,0.006096
2026-09-14 10:33:47,SPX,7600.71,7654.75,7655.0,88,769,0.1427,0.006096
2026-09-14 10:33:47,SPX,7600.71,7654.75,7545.0,4,234,0.1761,0.006096
2026-09-14 10:33:47,SPX,7600.71,7654.75,7660.0,149,214,0.1416,0.006096
2026-09-14 10:33:47,SPX,7600.71,7654.75,7540.0,26,558,0.1781,0.006096
2026-09-14 10:33:47,SPX,7600.71,7654.75,7665.0,153,256,0.1406,0.006096
2026-09-14 10:33:47,SPX,7600.71,7654.75,7535.0,5,247,0.1791,0.006096
2026-09-14 10:33:47,SPX,7600.71,7654.75,7670.0,252,521,0.1398,0.006096
2026-09-14 10:33:47,SPX,7600.71,7654.75,7530.0,36,367,0.181,0.006096
2026-09-14 10:33:47,SPX,7600.71,7654.75,7675.0,3101,555,0.1391,0.006096
2026-09-14 10:33:47,SPX,7600.71,7654.75,7525.0,35,2414,0.1828,0.006096
2026-09-14 10:33:47,SPX,7600.71,7654.75,7680.0,431,792,0.1383,0.006096
2026-09-14 10:33:47,SPX,7600.71,7654.75,7520.0,26,946,0.1845,0.006096
2026-09-14 10:33:47,SPX,7600.71,7654.75,7685.0,799,212,0.1375,0.006096
2026-09-14 10:33:47,SPX,7600.71,7654.75,7515.0,43,171,0.1862,0.006096
2026-09-14 10:33:47,SPX,7600.71,7654.75,7690.0,254,121,0.1367,0.006096
2026-09-14 10:33:47,SPX,7600.71,7654.75,7510.0,40,185,0.1878,0.006096
2026-09-14 10:33:47,SPX,7600.71,7654.75,7695.0,197,111,0.1359,0.006096
2026-09-14 10:33:47,SPX,7600.71,7654.75,7505.0,26,246,0.1894,0.006096
2026-09-14 10:33:47,SPX,7600.71,7654.75,7700.0,1164,639,0.1351,0.006096
2026-09-14 10:33:47,SPX,7600.71,7654.75,7500.0,43,2563,0.191,0.006096
2026-09-14 10:33:47,SPX,7600.71,7654.75,7705.0,125,2044,0.1343,0.006096
2026-09-14 10:33:47,SPX,7600.71,7654.75,7495.0,0,148,0.1928,0.006096
2026-09-14 10:33:47,SPX,7600.71,7654.75,7710.0,827,106,0.1337,0.006096
2026-09-14 10:33:47,SPX,7600.71,7654.75,7490.0,0,302,0.1947,0.006096
2026-09-14 10:33:47,SPX,7600.71,7654.75,7715.0,226,1313,0.1331,0.006096
2026-09-14 10:33:47,SPX,7600.71,7654.75,7485.0,3,172,0.1966,0.006096
2026-09-14 10:33:47,SPX,7600.71,7654.75,7720.0,333,74,0.1326,0.006096
2026-09-14 10:33:47,SPX,7600.71,7654.75,7480.0,7,320,0.1986,0.006096
2026-09-14 10:33:47,SPX,7600.71,7654.75,7725.0,894,102,0.1323,0.006096
2026-09-14 10:33:47,SPX,7600.71,7654.75,7475.0,24,984,0.2006,0.006096
2026-09-14 10:33:47,SPX,7600.71,7654.75,7730.0,2632,2029,0.1321,0.006096
2026-09-14 10:33:47,SPX,7600.71,7654.75,7470.0,25,842,0.2027,0.006096
2026-09-14 10:33:47,SPX,7600.71,7654.75,7735.0,623,10,0.1321,0.006096
2026-09-14 10:33:47,SPX,7600.71,7654.75,7465.0,0,409,0.2047,0.006096
2026-09-14 10:33:47,SPX,7600.71,7654.75,7740.0,1778,1337,0.1322,0.006096
2026-09-14 10:33:47,SPX,7600.71,7654.75,7460.0,25,380,0.2067,0.006096
2026-09-14 10:33:47,SPX,7600.71,7654.75,7745.0,497,122,0.1325,0.006096
2026-09-14 10:33:47,SPX,7600.71,7654.75,7455.0,0,208,0.2087,0.006096
2026-09-14 10:33:47,SPX,7600.71,7654.75,7750.0,1137,298,0.133,0.006096
2026-09-14 10:33:47,SPX,7600.71,7654.75,7450.0,3,873,0.2106,0.006096
2026-09-14 10:33:47,SPX,7600.71,7654.75,7755.0,2504,30,0.1337,0.006096
2026-09-14 10:33:47,SPX,7600.71,7654.75,7445.0,0,160,0.2125,0.006096
2026-09-14 10:33:47,SPX,7600.71,7654.75,7760.0,444,61,0.1344,0.006096
2026-09-14 10:33:47,SPX,7600.71,7654.75,7440.0,0,250,0.2145,0.006096
2026-09-14 10:33:47,SPX,7600.71,7654.75,7765.0,1907,14,0.1353,0.006096
2026-09-14 10:33:47,SPX,7600.71,7654.75,7435.0,0,111,0.2164,0.006096
2026-09-14 10:33:47,SPX,7600.71,7654.75,7770.0,966,30,0.1363,0.006096
2026-09-14 10:33:47,SPX,7600.71,7654.75,7430.0,0,160,0.2183,0.006096
2026-09-14 10:33:47,SPX,7600.71,7654.75,7775.0,1163,62,0.1375,0.006096
2026-09-14 10:33:47,SPX,7600.71,7654.75,7425.0,6,354,0.2202,0.006096
2026-09-14 10:33:47,SPX,7600.71,7654.75,7780.0,887,32,0.1387,0.006096
2026-09-14 10:33:47,SPX,7600.71,7654.75,7420.0,1,667,0.2221,0.006096
2026-09-14 10:33:47,SPX,7600.71,7654.75,7785.0,339,279,0.1399,0.006096
2026-09-14 10:33:47,SPX,7600.71,7654.75,7415.0,0,236,0.224,0.006096
2026-09-14 10:33:47,SPX,7600.71,7654.75,7790.0,595,24,0.1413,0.006096
2026-09-14 10:33:47,SPX,7600.71,7654.75,7410.0,0,210,0.2259,0.006096
2026-09-14 10:33:47,SPX,7600.71,7654.75,7795.0,356,13,0.1427,0.006096
2026-09-14 10:33:47,SPX,7600.71,7654.75,7405.0,0,233,0.2279,0.006096
2026-09-14 10:33:47,SPX,7600.71,7654.75,7800.0,3052,36,0.1441,0.006096
2026-09-14 10:33:47,SPX,7600.71,7654.75,7400.0,31,2257,0.2299,0.006096
2026-09-14 10:33:47,SPX,7600.71,7654.75,7805.0,1690,1,0.1457,0.006096
2026-09-14 10:33:47,SPX,7600.71,7654.75,7395.0,0,1437,0.232,0.006096
2026-09-14 10:33:47,SPX,7600.71,7654.75,7810.0,538,32,0.1472,0.006096
2026-09-14 10:33:47,SPX,7600.71,7654.75,7390.0,30,406,0.234,0.006096
2026-09-14 10:33:47,SPX,7600.71,7654.75,7815.0,433,4,0.1488,0.006096
2026-09-14 10:33:47,SPX,7600.71,7654.75,7385.0,1,191,0.2362,0.006096
2026-09-14 10:33:47,SPX,7600.71,7654.75,7820.0,1311,62,0.1505,0.006096
2026-09-14 10:33:47,SPX,7600.71,7654.75,7380.0,1,456,0.2383,0.006096
2026-09-14 10:33:47,SPX,7600.71,7654.75,7825.0,1157,42,0.1522,0.006096
2026-09-14 10:33:47,SPX,7600.71,7654.75,7375.0,0,488,0.2405,0.006096
2026-09-14 10:33:47,SPX,7600.71,7654.75,7830.0,439,126,0.1539,0.006096
2026-09-14 10:33:47,SPX,7600.71,7654.75,7370.0,24,161,0.2427,0.006096
2026-09-14 10:33:47,SPX,7600.71,7654.75,7835.0,380,30,0.1556,0.006096
2026-09-14 10:33:47,SPX,7600.71,7654.75,7365.0,0,319,0.2449,0.006096
2026-09-14 10:33:47,SPX,7600.71,7654.75,7840.0,487,1,0.1574,0.006096
2026-09-14 10:33:47,SPX,7600.71,7654.75,7360.0,2,361,0.2472,0.006096
2026-09-14 10:33:47,SPX,7600.71,7654.75,7845.0,248,1,0.1592,0.006096
2026-09-14 10:33:47,SPX,7600.71,7654.75,7355.0,0,82,0.2495,0.006096
2026-09-14 10:33:47,SPX,7600.71,7654.75,7850.0,1424,123,0.161,0.006096
2026-09-14 11:04:09,SPX,7597.56,7652.99,7600.0,1069,4496,0.1348,0.000562
2026-09-14 11:04:09,SPX,7597.56,7652.99,7595.0,255,978,0.1376,0.000562
2026-09-14 11:04:09,SPX,7597.56,7652.99,7605.0,582,3198,0.1326,0.000562
2026-09-14 11:04:09,SPX,7597.56,7652.99,7590.0,97,1818,0.1405,0.000562
2026-09-14 11:04:09,SPX,7597.56,7652.99,7610.0,276,1598,0.1309,0.000562
2026-09-14 11:04:09,SPX,7597.56,7652.99,7585.0,189,1180,0.1439,0.000562
2026-09-14 11:04:09,SPX,7597.56,7652.99,7615.0,205,2588,0.13,0.000562
2026-09-14 11:04:09,SPX,7597.56,7652.99,7580.0,96,2170,0.1479,0.000562
2026-09-14 11:04:09,SPX,7597.56,7652.99,7620.0,146,1404,0.1316,0.000562
2026-09-14 11:04:09,SPX,7597.56,7652.99,7575.0,238,3088,0.1525,0.000562
2026-09-14 11:04:09,SPX,7597.56,7652.99,7625.0,492,1894,0.1323,0.000562
2026-09-14 11:04:09,SPX,7597.56,7652.99,7570.0,61,1484,0.1569,0.000562
2026-09-14 11:04:09,SPX,7597.56,7652.99,7630.0,269,1151,0.1354,0.000562
2026-09-14 11:04:09,SPX,7597.56,7652.99,7565.0,73,1290,0.1614,0.000562
2026-09-14 11:04:09,SPX,7597.56,7652.99,7635.0,261,755,0.1395,0.000562
2026-09-14 11:04:09,SPX,7597.56,7652.99,7560.0,66,2432,0.1663,0.000562
2026-09-14 11:04:09,SPX,7597.56,7652.99,7640.0,407,890,0.1457,0.000562
2026-09-14 11:04:09,SPX,7597.56,7652.99,7555.0,41,2475,0.1718,0.000562
2026-09-14 11:04:09,SPX,7597.56,7652.99,7645.0,338,1275,0.1529,0.000562
2026-09-14 11:04:09,SPX,7597.56,7652.99,7550.0,61,5411,0.1769,0.000562
2026-09-14 11:04:09,SPX,7597.56,7652.99,7650.0,2328,2140,0.1605,0.000562
2026-09-14 11:04:09,SPX,7597.56,7652.99,7545.0,27,4407,0.1834,0.000562
2026-09-14 11:04:09,SPX,7597.56,7652.99,7655.0,1374,904,0.1679,0.000562
2026-09-14 11:04:09,SPX,7597.56,7652.99,7540.0,25,1517,0.1859,0.000562
2026-09-14 11:04:09,SPX,7597.56,7652.99,7660.0,1081,1336,0.1752,0.000562
2026-09-14 11:04:09,SPX,7597.56,7652.99,7535.0,13,2818,0.1964,0.000562
2026-09-14 11:04:09,SPX,7597.56,7652.99,7665.0,1125,984,0.1826,0.000562
2026-09-14 11:04:09,SPX,7597.56,7652.99,7530.0,51,3495,0.2002,0.000562
2026-09-14 11:04:09,SPX,7597.56,7652.99,7670.0,1245,716,0.1902,0.000562
2026-09-14 11:04:09,SPX,7597.56,7652.99,7525.0,64,5429,0.2096,0.000562
2026-09-14 11:04:09,SPX,7597.56,7652.99,7675.0,3444,1867,0.198,0.000562
2026-09-14 11:04:09,SPX,7597.56,7652.99,7520.0,38,2095,0.214,0.000562
2026-09-14 11:04:09,SPX,7597.56,7652.99,7680.0,2948,1779,0.206,0.000562
2026-09-14 11:04:09,SPX,7597.56,7652.99,7515.0,30,892,0.2236,0.000562
2026-09-14 11:04:09,SPX,7597.56,7652.99,7685.0,796,272,0.214,0.000562
2026-09-14 11:04:09,SPX,7597.56,7652.99,7510.0,78,801,0.232,0.000562
2026-09-14 11:04:09,SPX,7597.56,7652.99,7690.0,1113,270,0.2219,0.000562
2026-09-14 11:04:09,SPX,7597.56,7652.99,7505.0,6,1667,0.2357,0.000562
2026-09-14 11:04:09,SPX,7597.56,7652.99,7695.0,1805,157,0.2298,0.000562
2026-09-14 11:04:09,SPX,7597.56,7652.99,7500.0,134,9425,0.2407,0.000562
2026-09-14 11:04:09,SPX,7597.56,7652.99,7700.0,3735,1374,0.2377,0.000562
2026-09-14 11:04:09,SPX,7597.56,7652.99,7495.0,4,488,0.2498,0.000562
2026-09-14 11:04:09,SPX,7597.56,7652.99,7705.0,3576,952,0.2458,0.000562
2026-09-14 11:04:09,SPX,7597.56,7652.99,7490.0,21,806,0.2604,0.000562
2026-09-14 11:04:09,SPX,7597.56,7652.99,7710.0,1629,230,0.2544,0.000562
2026-09-14 11:04:09,SPX,7597.56,7652.99,7485.0,4,1294,0.271,0.000562
2026-09-14 11:04:09,SPX,7597.56,7652.99,7715.0,3168,78,0.2635,0.000562
2026-09-14 11:04:09,SPX,7597.56,7652.99,7480.0,44,954,0.2817,0.000562
2026-09-14 11:04:09,SPX,7597.56,7652.99,7720.0,6710,256,0.2729,0.000562
2026-09-14 11:04:09,SPX,7597.56,7652.99,7475.0,44,2221,0.2918,0.000562
2026-09-14 11:04:09,SPX,7597.56,7652.99,7725.0,3627,371,0.2821,0.000562
2026-09-14 11:04:09,SPX,7597.56,7652.99,7470.0,7,2414,0.3011,0.000562
2026-09-14 11:04:09,SPX,7597.56,7652.99,7730.0,3683,1017,0.2909,0.000562
2026-09-14 11:04:09,SPX,7597.56,7652.99,7465.0,1,1379,0.3095,0.000562
2026-09-14 11:04:09,SPX,7597.56,7652.99,7735.0,2667,96,0.2988,0.000562
2026-09-14 11:04:09,SPX,7597.56,7652.99,7460.0,6,2276,0.3171,0.000562
2026-09-14 11:04:09,SPX,7597.56,7652.99,7740.0,1858,89,0.3059,0.000562
2026-09-14 11:04:09,SPX,7597.56,7652.99,7455.0,2,958,0.3241,0.000562
2026-09-14 11:04:09,SPX,7597.56,7652.99,7745.0,1727,54,0.3121,0.000562
2026-09-14 11:04:09,SPX,7597.56,7652.99,7450.0,22,3029,0.331,0.000562
2026-09-14 11:04:09,SPX,7597.56,7652.99,7750.0,3036,396,0.3175,0.000562
2026-09-14 11:04:09,SPX,7597.56,7652.99,7445.0,0,297,0.338,0.000562
2026-09-14 11:04:09,SPX,7597.56,7652.99,7755.0,1674,33,0.3219,0.000562
2026-09-14 11:04:09,SPX,7597.56,7652.99,7440.0,0,6015,0.3453,0.000562
2026-09-14 11:04:09,SPX,7597.56,7652.99,7760.0,4448,105,0.3253,0.000562
2026-09-14 11:04:09,SPX,7597.56,7652.99,7435.0,0,1279,0.3531,0.000562
2026-09-14 11:04:09,SPX,7597.56,7652.99,7765.0,1301,46,0.3278,0.000562
2026-09-14 11:04:09,SPX,7597.56,7652.99,7430.0,9,475,0.3612,0.000562
2026-09-14 11:04:09,SPX,7597.56,7652.99,7770.0,1587,111,0.3294,0.000562
2026-09-14 11:04:09,SPX,7597.56,7652.99,7425.0,34,7642,0.3698,0.000562
2026-09-14 11:04:09,SPX,7597.56,7652.99,7775.0,6475,70,0.3301,0.000562
2026-09-14 11:04:09,SPX,7597.56,7652.99,7420.0,7,844,0.3787,0.000562
2026-09-14 11:04:09,SPX,7597.56,7652.99,7780.0,8118,89,0.3301,0.000562
2026-09-14 11:04:09,SPX,7597.56,7652.99,7415.0,0,320,0.3879,0.000562
2026-09-14 11:04:09,SPX,7597.56,7652.99,7785.0,8660,32,0.3294,0.000562
2026-09-14 11:04:09,SPX,7597.56,7652.99,7410.0,30,1280,0.3972,0.000562
2026-09-14 11:04:09,SPX,7597.56,7652.99,7790.0,3394,73,0.3284,0.000562
2026-09-14 11:04:09,SPX,7597.56,7652.99,7405.0,5,1222,0.4066,0.000562
2026-09-14 11:04:09,SPX,7597.56,7652.99,7795.0,599,3,0.327,0.000562
2026-09-14 11:04:09,SPX,7597.56,7652.99,7400.0,38,5111,0.4161,0.000562
2026-09-14 11:04:09,SPX,7597.56,7652.99,7800.0,4155,299,0.3253,0.000562
2026-09-14 11:04:09,SPX,7597.56,7652.99,7395.0,14,340,0.4256,0.000562
2026-09-14 11:04:09,SPX,7597.56,7652.99,7805.0,3131,8,0.3236,0.000562
2026-09-14 11:04:09,SPX,7597.56,7652.99,7390.0,4,790,0.435,0.000562
2026-09-14 11:04:09,SPX,7597.56,7652.99,7810.0,1254,27,0.3217,0.000562
2026-09-14 11:04:09,SPX,7597.56,7652.99,7385.0,0,3318,0.4444,0.000562
2026-09-14 11:04:09,SPX,7597.56,7652.99,7815.0,483,4,0.3199,0.000562
2026-09-14 11:04:09,SPX,7597.56,7652.99,7380.0,1,321,0.4537,0.000562
2026-09-14 11:04:09,SPX,7597.56,7652.99,7820.0,1135,83,0.318,0.000562
2026-09-14 11:04:09,SPX,7597.56,7652.99,7375.0,0,5284,0.463,0.000562
2026-09-14 11:04:09,SPX,7597.56,7652.99,7825.0,3742,49,0.316,0.000562
2026-09-14 11:04:09,SPX,7597.56,7652.99,7370.0,3,408,0.4722,0.000562
2026-09-14 11:04:09,SPX,7597.56,7652.99,7830.0,452,12,0.3141,0.000562
2026-09-14 11:04:09,SPX,7597.56,7652.99,7365.0,10,2565,0.4813,0.000562
2026-09-14 11:04:09,SPX,7597.56,7652.99,7835.0,413,0,0.3121,0.000562
2026-09-14 11:04:09,SPX,7597.56,7652.99,7360.0,25,1134,0.4905,0.000562
2026-09-14 11:04:09,SPX,7597.56,7652.99,7840.0,670,13,0.3101,0.000562
2026-09-14 11:04:09,SPX,7597.56,7652.99,7355.0,0,182,0.4996,0.000562
2026-09-14 11:04:09,SPX,7597.56,7652.99,7845.0,1762,1,0.3081,0.000562
2026-09-14 11:04:09,SPX,7597.56,7652.99,7350.0,9,2702,0.5087,0.000562
2026-09-14 11:04:09,SPX,7597.56,7652.99,7600.0,181,1536,0.1282,0.0033
2026-09-14 11:04:09,SPX,7597.56,7652.99,7595.0,102,3426,0.1297,0.0033
2026-09-14 11:04:09,SPX,7597.56,7652.99,7605.0,115,216,0.1266,0.0033
2026-09-14 11:04:09,SPX,7597.56,7652.99,7590.0,41,432,0.1315,0.0033
2026-09-14 11:04:09,SPX,7597.56,7652.99,7610.0,68,764,0.1248,0.0033
2026-09-14 11:04:09,SPX,7597.56,7652.99,7585.0,34,188,0.1335,0.0033
2026-09-14 11:04:09,SPX,7597.56,7652.99,7615.0,123,2373,0.1234,0.0033
2026-09-14 11:04:09,SPX,7597.56,7652.99,7580.0,88,696,0.1358,0.0033
2026-09-14 11:04:09,SPX,7597.56,7652.99,7620.0,86,3068,0.122,0.0033
2026-09-14 11:04:09,SPX,7597.56,7652.99,7575.0,53,902,0.1389,0.0033
2026-09-14 11:04:09,SPX,7597.56,7652.99,7625.0,148,1093,0.1206,0.0033
2026-09-14 11:04:09,SPX,7597.56,7652.99,7570.0,50,531,0.1412,0.0033
2026-09-14 11:04:09,SPX,7597.56,7652.99,7630.0,159,521,0.1188,0.0033
2026-09-14 11:04:09,SPX,7597.56,7652.99,7565.0,31,346,0.1425,0.0033
2026-09-14 11:04:09,SPX,7597.56,7652.99,7635.0,88,410,0.1171,0.0033
2026-09-14 11:04:09,SPX,7597.56,7652.99,7560.0,38,506,0.1448,0.0033
2026-09-14 11:04:09,SPX,7597.56,7652.99,7640.0,190,538,0.1157,0.0033
2026-09-14 11:04:09,SPX,7597.56,7652.99,7555.0,25,342,0.1477,0.0033
2026-09-14 11:04:09,SPX,7597.56,7652.99,7645.0,108,293,0.1149,0.0033
2026-09-14 11:04:09,SPX,7597.56,7652.99,7550.0,47,2766,0.1502,0.0033
2026-09-14 11:04:09,SPX,7597.56,7652.99,7650.0,1180,2458,0.1144,0.0033
2026-09-14 11:04:09,SPX,7597.56,7652.99,7545.0,17,380,0.1522,0.0033
2026-09-14 11:04:09,SPX,7597.56,7652.99,7655.0,256,257,0.1143,0.0033
2026-09-14 11:04:09,SPX,7597.56,7652.99,7540.0,28,437,0.1539,0.0033
2026-09-14 11:04:09,SPX,7597.56,7652.99,7660.0,332,304,0.1143,0.0033
2026-09-14 11:04:09,SPX,7597.56,7652.99,7535.0,22,561,0.1563,0.0033
2026-09-14 11:04:09,SPX,7597.56,7652.99,7665.0,309,449,0.1144,0.0033
2026-09-14 11:04:09,SPX,7597.56,7652.99,7530.0,30,319,0.1598,0.0033
2026-09-14 11:04:09,SPX,7597.56,7652.99,7670.0,301,552,0.1146,0.0033
2026-09-14 11:04:09,SPX,7597.56,7652.99,7525.0,87,1191,0.1615,0.0033
2026-09-14 11:04:09,SPX,7597.56,7652.99,7675.0,1667,1631,0.1148,0.0033
2026-09-14 11:04:09,SPX,7597.56,7652.99,7520.0,99,292,0.163,0.0033
2026-09-14 11:04:09,SPX,7597.56,7652.99,7680.0,383,560,0.1151,0.0033
2026-09-14 11:04:09,SPX,7597.56,7652.99,7515.0,24,229,0.1661,0.0033
2026-09-14 11:04:09,SPX,7597.56,7652.99,7685.0,276,695,0.1156,0.0033
2026-09-14 11:04:09,SPX,7597.56,7652.99,7510.0,7,407,0.1692,0.0033
2026-09-14 11:04:09,SPX,7597.56,7652.99,7690.0,413,299,0.1163,0.0033
2026-09-14 11:04:09,SPX,7597.56,7652.99,7505.0,7,253,0.1722,0.0033
2026-09-14 11:04:09,SPX,7597.56,7652.99,7695.0,266,183,0.1173,0.0033
2026-09-14 11:04:09,SPX,7597.56,7652.99,7500.0,50,3136,0.1749,0.0033
2026-09-14 11:04:09,SPX,7597.56,7652.99,7700.0,2732,729,0.1185,0.0033
2026-09-14 11:04:09,SPX,7597.56,7652.99,7495.0,0,1326,0.1769,0.0033
2026-09-14 11:04:09,SPX,7597.56,7652.99,7705.0,374,438,0.12,0.0033
2026-09-14 11:04:09,SPX,7597.56,7652.99,7490.0,7,439,0.1792,0.0033
2026-09-14 11:04:09,SPX,7597.56,7652.99,7710.0,1141,759,0.1217,0.0033
2026-09-14 11:04:09,SPX,7597.56,7652.99,7485.0,1,211,0.1816,0.0033
2026-09-14 11:04:09,SPX,7597.56,7652.99,7715.0,505,159,0.1238,0.0033
2026-09-14 11:04:09,SPX,7597.56,7652.99,7480.0,4,257,0.1838,0.0033
2026-09-14 11:04:09,SPX,7597.56,7652.99,7720.0,790,206,0.126,0.0033
2026-09-14 11:04:09,SPX,7597.56,7652.99,7475.0,8,396,0.1862,0.0033
2026-09-14 11:04:09,SPX,7597.56,7652.99,7725.0,1258,289,0.1284,0.0033
2026-09-14 11:04:09,SPX,7597.56,7652.99,7470.0,0,229,0.1888,0.0033
2026-09-14 11:04:09,SPX,7597.56,7652.99,7730.0,552,205,0.131,0.0033
2026-09-14 11:04:09,SPX,7597.56,7652.99,7465.0,0,172,0.1918,0.0033
2026-09-14 11:04:09,SPX,7597.56,7652.99,7735.0,1185,48,0.1338,0.0033
2026-09-14 11:04:09,SPX,7597.56,7652.99,7460.0,5,563,0.1949,0.0033
2026-09-14 11:04:09,SPX,7597.56,7652.99,7740.0,577,90,0.1366,0.0033
2026-09-14 11:04:09,SPX,7597.56,7652.99,7455.0,14,91,0.1981,0.0033
2026-09-14 11:04:09,SPX,7597.56,7652.99,7745.0,773,75,0.1394,0.0033
2026-09-14 11:04:09,SPX,7597.56,7652.99,7450.0,11,1696,0.2014,0.0033
2026-09-14 11:04:09,SPX,7597.56,7652.99,7750.0,1883,803,0.1423,0.0033
2026-09-14 11:04:09,SPX,7597.56,7652.99,7445.0,1,343,0.2045,0.0033
2026-09-14 11:04:09,SPX,7597.56,7652.99,7755.0,322,37,0.1451,0.0033
2026-09-14 11:04:09,SPX,7597.56,7652.99,7440.0,81,473,0.2077,0.0033
2026-09-14 11:04:09,SPX,7597.56,7652.99,7760.0,630,60,0.1479,0.0033
2026-09-14 11:04:09,SPX,7597.56,7652.99,7435.0,0,209,0.2107,0.0033
2026-09-14 11:04:09,SPX,7597.56,7652.99,7765.0,566,22,0.1506,0.0033
2026-09-14 11:04:09,SPX,7597.56,7652.99,7430.0,0,335,0.2138,0.0033
2026-09-14 11:04:09,SPX,7597.56,7652.99,7770.0,591,33,0.1535,0.0033
2026-09-14 11:04:09,SPX,7597.56,7652.99,7425.0,10,1228,0.2168,0.0033
2026-09-14 11:04:09,SPX,7597.56,7652.99,7775.0,1185,26,0.1566,0.0033
2026-09-14 11:04:09,SPX,7597.56,7652.99,7420.0,2,274,0.2199,0.0033
2026-09-14 11:04:09,SPX,7597.56,7652.99,7780.0,898,122,0.16,0.0033
2026-09-14 11:04:09,SPX,7597.56,7652.99,7415.0,0,269,0.223,0.0033
2026-09-14 11:04:09,SPX,7597.56,7652.99,7785.0,427,24,0.1635,0.0033
2026-09-14 11:04:09,SPX,7597.56,7652.99,7410.0,32,301,0.2259,0.0033
2026-09-14 11:04:09,SPX,7597.56,7652.99,7790.0,422,69,0.1659,0.0033
2026-09-14 11:04:09,SPX,7597.56,7652.99,7405.0,0,163,0.2292,0.0033
2026-09-14 11:04:09,SPX,7597.56,7652.99,7795.0,336,0,0.1698,0.0033
2026-09-14 11:04:09,SPX,7597.56,7652.99,7400.0,11,3737,0.2325,0.0033
2026-09-14 11:04:09,SPX,7597.56,7652.99,7800.0,3029,51,0.1736,0.0033
2026-09-14 11:04:09,SPX,7597.56,7652.99,7395.0,0,92,0.236,0.0033
2026-09-14 11:04:09,SPX,7597.56,7652.99,7805.0,420,6,0.1772,0.0033
2026-09-14 11:04:09,SPX,7597.56,7652.99,7390.0,0,270,0.2395,0.0033
2026-09-14 11:04:09,SPX,7597.56,7652.99,7810.0,711,7,0.1805,0.0033
2026-09-14 11:04:09,SPX,7597.56,7652.99,7385.0,0,99,0.243,0.0033
2026-09-14 11:04:09,SPX,7597.56,7652.99,7815.0,478,1,0.1834,0.0033
2026-09-14 11:04:09,SPX,7597.56,7652.99,7380.0,0,246,0.2466,0.0033
2026-09-14 11:04:09,SPX,7597.56,7652.99,7820.0,719,19,0.1858,0.0033
2026-09-14 11:04:09,SPX,7597.56,7652.99,7375.0,19,407,0.2503,0.0033
2026-09-14 11:04:09,SPX,7597.56,7652.99,7825.0,2219,41,0.1878,0.0033
2026-09-14 11:04:09,SPX,7597.56,7652.99,7370.0,1,170,0.2541,0.0033
2026-09-14 11:04:09,SPX,7597.56,7652.99,7830.0,1772,3,0.1894,0.0033
2026-09-14 11:04:09,SPX,7597.56,7652.99,7365.0,0,91,0.2579,0.0033
2026-09-14 11:04:09,SPX,7597.56,7652.99,7835.0,638,0,0.1905,0.0033
2026-09-14 11:04:09,SPX,7597.56,7652.99,7360.0,15,196,0.2617,0.0033
2026-09-14 11:04:09,SPX,7597.56,7652.99,7840.0,486,4,0.1911,0.0033
2026-09-14 11:04:09,SPX,7597.56,7652.99,7355.0,0,165,0.2656,0.0033
2026-09-14 11:04:09,SPX,7597.56,7652.99,7845.0,439,1,0.1913,0.0033
2026-09-14 11:04:09,SPX,7597.56,7652.99,7350.0,10,303,0.2695,0.0033
2026-09-14 11:04:09,SPX,7597.56,7652.99,7600.0,299,2447,0.1562,0.006038
2026-09-14 11:04:09,SPX,7597.56,7652.99,7595.0,81,353,0.1575,0.006038
2026-09-14 11:04:09,SPX,7597.56,7652.99,7605.0,46,171,0.1546,0.006038
2026-09-14 11:04:09,SPX,7597.56,7652.99,7590.0,83,381,0.1592,0.006038
2026-09-14 11:04:09,SPX,7597.56,7652.99,7610.0,86,444,0.1533,0.006038
2026-09-14 11:04:09,SPX,7597.56,7652.99,7585.0,83,325,0.1609,0.006038
2026-09-14 11:04:09,SPX,7597.56,7652.99,7615.0,30,136,0.1521,0.006038
2026-09-14 11:04:09,SPX,7597.56,7652.99,7580.0,31,654,0.1626,0.006038
2026-09-14 11:04:09,SPX,7597.56,7652.99,7620.0,92,165,0.1509,0.006038
2026-09-14 11:04:09,SPX,7597.56,7652.99,7575.0,46,586,0.1644,0.006038
2026-09-14 11:04:09,SPX,7597.56,7652.99,7625.0,76,3525,0.1495,0.006038
2026-09-14 11:04:09,SPX,7597.56,7652.99,7570.0,20,769,0.1664,0.006038
2026-09-14 11:04:09,SPX,7597.56,7652.99,7630.0,190,311,0.148,0.006038
2026-09-14 11:04:09,SPX,7597.56,7652.99,7565.0,10,210,0.1677,0.006038
2026-09-14 11:04:09,SPX,7597.56,7652.99,7635.0,100,393,0.1465,0.006038
2026-09-14 11:04:09,SPX,7597.56,7652.99,7560.0,37,297,0.1695,0.006038
2026-09-14 11:04:09,SPX,7597.56,7652.99,7640.0,173,260,0.1449,0.006038
2026-09-14 11:04:09,SPX,7597.56,7652.99,7555.0,30,245,0.171,0.006038
2026-09-14 11:04:09,SPX,7597.56,7652.99,7645.0,125,436,0.1435,0.006038
2026-09-14 11:04:09,SPX,7597.56,7652.99,7550.0,66,971,0.1725,0.006038
2026-09-14 11:04:09,SPX,7597.56,7652.99,7650.0,3942,4297,0.1422,0.006038
2026-09-14 11:04:09,SPX,7597.56,7652.99,7545.0,4,234,0.1742,0.006038
2026-09-14 11:04:09,SPX,7597.56,7652.99,7655.0,88,769,0.141,0.006038
2026-09-14 11:04:09,SPX,7597.56,7652.99,7540.0,26,558,0.1761,0.006038
2026-09-14 11:04:09,SPX,7597.56,7652.99,7660.0,149,214,0.1401,0.006038
2026-09-14 11:04:09,SPX,7597.56,7652.99,7535.0,5,247,0.1778,0.006038
2026-09-14 11:04:09,SPX,7597.56,7652.99,7665.0,153,256,0.1392,0.006038
2026-09-14 11:04:09,SPX,7597.56,7652.99,7530.0,36,367,0.1797,0.006038
2026-09-14 11:04:09,SPX,7597.56,7652.99,7670.0,252,521,0.1385,0.006038
2026-09-14 11:04:09,SPX,7597.56,7652.99,7525.0,35,2414,0.1816,0.006038
2026-09-14 11:04:09,SPX,7597.56,7652.99,7675.0,3101,555,0.1377,0.006038
2026-09-14 11:04:09,SPX,7597.56,7652.99,7520.0,26,946,0.1837,0.006038
2026-09-14 11:04:09,SPX,7597.56,7652.99,7680.0,431,792,0.1369,0.006038
2026-09-14 11:04:09,SPX,7597.56,7652.99,7515.0,43,171,0.1857,0.006038
2026-09-14 11:04:09,SPX,7597.56,7652.99,7685.0,799,212,0.1362,0.006038
2026-09-14 11:04:09,SPX,7597.56,7652.99,7510.0,40,185,0.1874,0.006038
2026-09-14 11:04:09,SPX,7597.56,7652.99,7690.0,254,121,0.1354,0.006038
2026-09-14 11:04:09,SPX,7597.56,7652.99,7505.0,26,246,0.189,0.006038
2026-09-14 11:04:09,SPX,7597.56,7652.99,7695.0,197,111,0.1346,0.006038
2026-09-14 11:04:09,SPX,7597.56,7652.99,7500.0,43,2563,0.1905,0.006038
2026-09-14 11:04:09,SPX,7597.56,7652.99,7700.0,1164,639,0.1338,0.006038
2026-09-14 11:04:09,SPX,7597.56,7652.99,7495.0,0,148,0.1921,0.006038
2026-09-14 11:04:09,SPX,7597.56,7652.99,7705.0,125,2044,0.1332,0.006038
2026-09-14 11:04:09,SPX,7597.56,7652.99,7490.0,0,302,0.1936,0.006038
2026-09-14 11:04:09,SPX,7597.56,7652.99,7710.0,827,106,0.1326,0.006038
2026-09-14 11:04:09,SPX,7597.56,7652.99,7485.0,3,172,0.1952,0.006038
2026-09-14 11:04:09,SPX,7597.56,7652.99,7715.0,226,1313,0.1321,0.006038
2026-09-14 11:04:09,SPX,7597.56,7652.99,7480.0,7,320,0.1969,0.006038
2026-09-14 11:04:09,SPX,7597.56,7652.99,7720.0,333,74,0.1317,0.006038
2026-09-14 11:04:09,SPX,7597.56,7652.99,7475.0,24,984,0.1987,0.006038
2026-09-14 11:04:09,SPX,7597.56,7652.99,7725.0,894,102,0.1314,0.006038
2026-09-14 11:04:09,SPX,7597.56,7652.99,7470.0,25,842,0.2006,0.006038
2026-09-14 11:04:09,SPX,7597.56,7652.99,7730.0,2632,2029,0.1313,0.006038
2026-09-14 11:04:09,SPX,7597.56,7652.99,7465.0,0,409,0.2025,0.006038
2026-09-14 11:04:09,SPX,7597.56,7652.99,7735.0,623,10,0.1313,0.006038
2026-09-14 11:04:09,SPX,7597.56,7652.99,7460.0,25,380,0.2046,0.006038
2026-09-14 11:04:09,SPX,7597.56,7652.99,7740.0,1778,1337,0.1315,0.006038
2026-09-14 11:04:09,SPX,7597.56,7652.99,7455.0,0,208,0.2066,0.006038
2026-09-14 11:04:09,SPX,7597.56,7652.99,7745.0,497,122,0.1319,0.006038
2026-09-14 11:04:09,SPX,7597.56,7652.99,7450.0,3,873,0.2087,0.006038
2026-09-14 11:04:09,SPX,7597.56,7652.99,7750.0,1137,298,0.1324,0.006038
2026-09-14 11:04:09,SPX,7597.56,7652.99,7445.0,0,160,0.2108,0.006038
2026-09-14 11:04:09,SPX,7597.56,7652.99,7755.0,2504,30,0.133,0.006038
2026-09-14 11:04:09,SPX,7597.56,7652.99,7440.0,0,250,0.2128,0.006038
2026-09-14 11:04:09,SPX,7597.56,7652.99,7760.0,444,61,0.1337,0.006038
2026-09-14 11:04:09,SPX,7597.56,7652.99,7435.0,0,111,0.2149,0.006038
2026-09-14 11:04:09,SPX,7597.56,7652.99,7765.0,1907,14,0.1345,0.006038
2026-09-14 11:04:09,SPX,7597.56,7652.99,7430.0,0,160,0.2169,0.006038
2026-09-14 11:04:09,SPX,7597.56,7652.99,7770.0,966,30,0.1355,0.006038
2026-09-14 11:04:09,SPX,7597.56,7652.99,7425.0,6,354,0.2188,0.006038
2026-09-14 11:04:09,SPX,7597.56,7652.99,7775.0,1163,62,0.1366,0.006038
2026-09-14 11:04:09,SPX,7597.56,7652.99,7420.0,1,667,0.2208,0.006038
2026-09-14 11:04:09,SPX,7597.56,7652.99,7780.0,887,32,0.1378,0.006038
2026-09-14 11:04:09,SPX,7597.56,7652.99,7415.0,0,236,0.2228,0.006038
2026-09-14 11:04:09,SPX,7597.56,7652.99,7785.0,339,279,0.139,0.006038
2026-09-14 11:04:09,SPX,7597.56,7652.99,7410.0,0,210,0.2247,0.006038
2026-09-14 11:04:09,SPX,7597.56,7652.99,7790.0,595,24,0.1404,0.006038
2026-09-14 11:04:09,SPX,7597.56,7652.99,7405.0,0,233,0.2267,0.006038
2026-09-14 11:04:09,SPX,7597.56,7652.99,7795.0,356,13,0.1419,0.006038
2026-09-14 11:04:09,SPX,7597.56,7652.99,7400.0,31,2257,0.2286,0.006038
2026-09-14 11:04:09,SPX,7597.56,7652.99,7800.0,3052,36,0.1434,0.006038
2026-09-14 11:04:09,SPX,7597.56,7652.99,7395.0,0,1437,0.2306,0.006038
2026-09-14 11:04:09,SPX,7597.56,7652.99,7805.0,1690,1,0.145,0.006038
2026-09-14 11:04:09,SPX,7597.56,7652.99,7390.0,30,406,0.2327,0.006038
2026-09-14 11:04:09,SPX,7597.56,7652.99,7810.0,538,32,0.1467,0.006038
2026-09-14 11:04:09,SPX,7597.56,7652.99,7385.0,1,191,0.2347,0.006038
2026-09-14 11:04:09,SPX,7597.56,7652.99,7815.0,433,4,0.1484,0.006038
2026-09-14 11:04:09,SPX,7597.56,7652.99,7380.0,1,456,0.2368,0.006038
2026-09-14 11:04:09,SPX,7597.56,7652.99,7820.0,1311,62,0.1501,0.006038
2026-09-14 11:04:09,SPX,7597.56,7652.99,7375.0,0,488,0.2389,0.006038
2026-09-14 11:04:09,SPX,7597.56,7652.99,7825.0,1157,42,0.1519,0.006038
2026-09-14 11:04:09,SPX,7597.56,7652.99,7370.0,24,161,0.2411,0.006038
2026-09-14 11:04:09,SPX,7597.56,7652.99,7830.0,439,126,0.1537,0.006038
2026-09-14 11:04:09,SPX,7597.56,7652.99,7365.0,0,319,0.2433,0.006038
2026-09-14 11:04:09,SPX,7597.56,7652.99,7835.0,380,30,0.1555,0.006038
2026-09-14 11:04:09,SPX,7597.56,7652.99,7360.0,2,361,0.2455,0.006038
2026-09-14 11:04:09,SPX,7597.56,7652.99,7840.0,487,1,0.1574,0.006038
2026-09-14 11:04:09,SPX,7597.56,7652.99,7355.0,0,82,0.2478,0.006038
2026-09-14 11:04:09,SPX,7597.56,7652.99,7845.0,248,1,0.1592,0.006038
2026-09-14 11:04:09,SPX,7597.56,7652.99,7350.0,1,1360,0.2501,0.006038
2026-09-14 11:34:31,SPX,7614.37,7654.61,7615.0,205,2588,0.1195,0.000505
2026-09-14 11:34:31,SPX,7614.37,7654.61,7610.0,276,1598,0.1215,0.000505
2026-09-14 11:34:31,SPX,7614.37,7654.61,7620.0,146,1404,0.1187,0.000505
2026-09-14 11:34:31,SPX,7614.37,7654.61,7605.0,582,3198,0.1237,0.000505
2026-09-14 11:34:31,SPX,7614.37,7654.61,7625.0,492,1894,0.1187,0.000505
2026-09-14 11:34:31,SPX,7614.37,7654.61,7600.0,1069,4496,0.1273,0.000505
2026-09-14 11:34:31,SPX,7614.37,7654.61,7630.0,269,1151,0.1204,0.000505
2026-09-14 11:34:31,SPX,7614.37,7654.61,7595.0,255,978,0.1309,0.000505
2026-09-14 11:34:31,SPX,7614.37,7654.61,7635.0,261,755,0.123,0.000505
2026-09-14 11:34:31,SPX,7614.37,7654.61,7590.0,97,1818,0.1348,0.000505
2026-09-14 11:34:31,SPX,7614.37,7654.61,7640.0,407,890,0.1276,0.000505
2026-09-14 11:34:31,SPX,7614.37,7654.61,7585.0,189,1180,0.1394,0.000505
2026-09-14 11:34:31,SPX,7614.37,7654.61,7645.0,338,1275,0.1329,0.000505
2026-09-14 11:34:31,SPX,7614.37,7654.61,7580.0,96,2170,0.144,0.000505
2026-09-14 11:34:31,SPX,7614.37,7654.61,7650.0,2328,2140,0.1389,0.000505
2026-09-14 11:34:31,SPX,7614.37,7654.61,7575.0,238,3088,0.1499,0.000505
2026-09-14 11:34:31,SPX,7614.37,7654.61,7655.0,1374,904,0.1457,0.000505
2026-09-14 11:34:31,SPX,7614.37,7654.61,7570.0,61,1484,0.1555,0.000505
2026-09-14 11:34:31,SPX,7614.37,7654.61,7660.0,1081,1336,0.153,0.000505
2026-09-14 11:34:31,SPX,7614.37,7654.61,7565.0,73,1290,0.1596,0.000505
2026-09-14 11:34:31,SPX,7614.37,7654.61,7665.0,1125,984,0.1607,0.000505
2026-09-14 11:34:31,SPX,7614.37,7654.61,7560.0,66,2432,0.1673,0.000505
2026-09-14 11:34:31,SPX,7614.37,7654.61,7670.0,1245,716,0.1686,0.000505
2026-09-14 11:34:31,SPX,7614.37,7654.61,7555.0,41,2475,0.1732,0.000505
2026-09-14 11:34:31,SPX,7614.37,7654.61,7675.0,3444,1867,0.1766,0.000505
2026-09-14 11:34:31,SPX,7614.37,7654.61,7550.0,61,5411,0.1927,0.000505
2026-09-14 11:34:31,SPX,7614.37,7654.61,7680.0,2948,1779,0.1843,0.000505
2026-09-14 11:34:31,SPX,7614.37,7654.61,7545.0,27,4407,0.203,0.000505
2026-09-14 11:34:31,SPX,7614.37,7654.61,7685.0,796,272,0.1913,0.000505
2026-09-14 11:34:31,SPX,7614.37,7654.61,7540.0,25,1517,0.2114,0.000505
2026-09-14 11:34:31,SPX,7614.37,7654.61,7690.0,1113,270,0.1986,0.000505
2026-09-14 11:34:31,SPX,7614.37,7654.61,7535.0,13,2818,0.2222,0.000505
2026-09-14 11:34:31,SPX,7614.37,7654.61,7695.0,1805,157,0.2065,0.000505
2026-09-14 11:34:31,SPX,7614.37,7654.61,7530.0,51,3495,0.226,0.000505
2026-09-14 11:34:31,SPX,7614.37,7654.61,7700.0,3735,1374,0.2148,0.000505
2026-09-14 11:34:31,SPX,7614.37,7654.61,7525.0,64,5429,0.2314,0.000505
2026-09-14 11:34:31,SPX,7614.37,7654.61,7705.0,3576,952,0.2236,0.000505
2026-09-14 11:34:31,SPX,7614.37,7654.61,7520.0,38,2095,0.2419,0.000505
2026-09-14 11:34:31,SPX,7614.37,7654.61,7710.0,1629,230,0.2325,0.000505
2026-09-14 11:34:31,SPX,7614.37,7654.61,7515.0,30,892,0.2532,0.000505
2026-09-14 11:34:31,SPX,7614.37,7654.61,7715.0,3168,78,0.2413,0.000505
2026-09-14 11:34:31,SPX,7614.37,7654.61,7510.0,78,801,0.2641,0.000505
2026-09-14 11:34:31,SPX,7614.37,7654.61,7720.0,6710,256,0.25,0.000505
2026-09-14 11:34:31,SPX,7614.37,7654.61,7505.0,6,1667,0.275,0.000505
2026-09-14 11:34:31,SPX,7614.37,7654.61,7725.0,3627,371,0.2583,0.000505
2026-09-14 11:34:31,SPX,7614.37,7654.61,7500.0,134,9425,0.2858,0.000505
2026-09-14 11:34:31,SPX,7614.37,7654.61,7730.0,3683,1017,0.2663,0.000505
2026-09-14 11:34:31,SPX,7614.37,7654.61,7495.0,4,488,0.2963,0.000505
2026-09-14 11:34:31,SPX,7614.37,7654.61,7735.0,2667,96,0.2737,0.000505
2026-09-14 11:34:31,SPX,7614.37,7654.61,7490.0,21,806,0.3063,0.000505
2026-09-14 11:34:31,SPX,7614.37,7654.61,7740.0,1858,89,0.2804,0.000505
2026-09-14 11:34:31,SPX,7614.37,7654.61,7485.0,4,1294,0.3155,0.000505
2026-09-14 11:34:31,SPX,7614.37,7654.61,7745.0,1727,54,0.2864,0.000505
2026-09-14 11:34:31,SPX,7614.37,7654.61,7480.0,44,954,0.324,0.000505
2026-09-14 11:34:31,SPX,7614.37,7654.61,7750.0,3036,396,0.2918,0.000505
2026-09-14 11:34:31,SPX,7614.37,7654.61,7475.0,44,2221,0.3318,0.000505
2026-09-14 11:34:31,SPX,7614.37,7654.61,7755.0,1674,33,0.2965,0.000505
2026-09-14 11:34:31,SPX,7614.37,7654.61,7470.0,7,2414,0.3393,0.000505
2026-09-14 11:34:31,SPX,7614.37,7654.61,7760.0,4448,105,0.3005,0.000505
2026-09-14 11:34:31,SPX,7614.37,7654.61,7465.0,1,1379,0.3468,0.000505
2026-09-14 11:34:31,SPX,7614.37,7654.61,7765.0,1301,46,0.304,0.000505
2026-09-14 11:34:31,SPX,7614.37,7654.61,7460.0,6,2276,0.3543,0.000505
2026-09-14 11:34:31,SPX,7614.37,7654.61,7770.0,1587,111,0.3069,0.000505
2026-09-14 11:34:31,SPX,7614.37,7654.61,7455.0,2,958,0.3622,0.000505
2026-09-14 11:34:31,SPX,7614.37,7654.61,7775.0,6475,70,0.3093,0.000505
2026-09-14 11:34:31,SPX,7614.37,7654.61,7450.0,22,3029,0.3704,0.000505
2026-09-14 11:34:31,SPX,7614.37,7654.61,7780.0,8118,89,0.3112,0.000505
2026-09-14 11:34:31,SPX,7614.37,7654.61,7445.0,0,297,0.379,0.000505
2026-09-14 11:34:31,SPX,7614.37,7654.61,7785.0,8660,32,0.3127,0.000505
2026-09-14 11:34:31,SPX,7614.37,7654.61,7440.0,0,6015,0.3881,0.000505
2026-09-14 11:34:31,SPX,7614.37,7654.61,7790.0,3394,73,0.3137,0.000505
2026-09-14 11:34:31,SPX,7614.37,7654.61,7435.0,0,1279,0.3976,0.000505
2026-09-14 11:34:31,SPX,7614.37,7654.61,7795.0,599,3,0.3144,0.000505
2026-09-14 11:34:31,SPX,7614.37,7654.61,7430.0,9,475,0.4075,0.000505
2026-09-14 11:34:31,SPX,7614.37,7654.61,7800.0,4155,299,0.3147,0.000505
2026-09-14 11:34:31,SPX,7614.37,7654.61,7425.0,34,7642,0.4176,0.000505
2026-09-14 11:34:31,SPX,7614.37,7654.61,7805.0,3131,8,0.3148,0.000505
2026-09-14 11:34:31,SPX,7614.37,7654.61,7420.0,7,844,0.428,0.000505
2026-09-14 11:34:31,SPX,7614.37,7654.61,7810.0,1254,27,0.3146,0.000505
2026-09-14 11:34:31,SPX,7614.37,7654.61,7415.0,0,320,0.4386,0.000505
2026-09-14 11:34:31,SPX,7614.37,7654.61,7815.0,483,4,0.3142,0.000505
2026-09-14 11:34:31,SPX,7614.37,7654.61,7410.0,30,1280,0.4492,0.000505
2026-09-14 11:34:31,SPX,7614.37,7654.61,7820.0,1135,83,0.3136,0.000505
2026-09-14 11:34:31,SPX,7614.37,7654.61,7405.0,5,1222,0.4599,0.000505
2026-09-14 11:34:31,SPX,7614.37,7654.61,7825.0,3742,49,0.3128,0.000505
2026-09-14 11:34:31,SPX,7614.37,7654.61,7400.0,38,5111,0.4706,0.000505
2026-09-14 11:34:31,SPX,7614.37,7654.61,7830.0,452,12,0.3119,0.000505
2026-09-14 11:34:31,SPX,7614.37,7654.61,7395.0,14,340,0.4813,0.000505
2026-09-14 11:34:31,SPX,7614.37,7654.61,7835.0,413,0,0.3108,0.000505
2026-09-14 11:34:31,SPX,7614.37,7654.61,7390.0,4,790,0.4919,0.000505
2026-09-14 11:34:31,SPX,7614.37,7654.61,7840.0,670,13,0.3096,0.000505
2026-09-14 11:34:31,SPX,7614.37,7654.61,7385.0,0,3318,0.5025,0.000505
2026-09-14 11:34:31,SPX,7614.37,7654.61,7845.0,1762,1,0.3084,0.000505
2026-09-14 11:34:31,SPX,7614.37,7654.61,7380.0,1,321,0.5126,0.000505
2026-09-14 11:34:31,SPX,7614.37,7654.61,7850.0,18075,37,0.307,0.000505
2026-09-14 11:34:31,SPX,7614.37,7654.61,7375.0,0,5284,0.5226,0.000505
2026-09-14 11:34:31,SPX,7614.37,7654.61,7855.0,285,0,0.3056,0.000505
2026-09-14 11:34:31,SPX,7614.37,7654.61,7370.0,3,408,0.5324,0.000505
2026-09-14 11:34:31,SPX,7614.37,7654.61,7860.0,1526,3,0.3041,0.000505
2026-09-14 11:34:31,SPX,7614.37,7654.61,7365.0,10,2565,0.5422,0.000505
2026-09-14 11:34:31,SPX,7614.37,7654.61,7615.0,123,2373,0.1209,0.003243
2026-09-14 11:34:31,SPX,7614.37,7654.61,7610.0,68,764,0.1227,0.003243
2026-09-14 11:34:31,SPX,7614.37,7654.61,7620.0,86,3068,0.1192,0.003243
2026-09-14 11:34:31,SPX,7614.37,7654.61,7605.0,115,216,0.1246,0.003243
2026-09-14 11:34:31,SPX,7614.37,7654.61,7625.0,148,1093,0.1171,0.003243
2026-09-14 11:34:31,SPX,7614.37,7654.61,7600.0,181,1536,0.1266,0.003243
2026-09-14 11:34:31,SPX,7614.37,7654.61,7630.0,159,521,0.115,0.003243
2026-09-14 11:34:31,SPX,7614.37,7654.61,7595.0,102,3426,0.1285,0.003243
2026-09-14 11:34:31,SPX,7614.37,7654.61,7635.0,88,410,0.1132,0.003243
2026-09-14 11:34:31,SPX,7614.37,7654.61,7590.0,41,432,0.13,0.003243
2026-09-14 11:34:31,SPX,7614.37,7654.61,7640.0,190,538,0.1119,0.003243
2026-09-14 11:34:31,SPX,7614.37,7654.61,7585.0,34,188,0.1336,0.003243
2026-09-14 11:34:31,SPX,7614.37,7654.61,7645.0,108,293,0.1108,0.003243
2026-09-14 11:34:31,SPX,7614.37,7654.61,7580.0,88,696,0.1352,0.003243
2026-09-14 11:34:31,SPX,7614.37,7654.61,7650.0,1180,2458,0.11,0.003243
2026-09-14 11:34:31,SPX,7614.37,7654.61,7575.0,53,902,0.1373,0.003243
2026-09-14 11:34:31,SPX,7614.37,7654.61,7655.0,256,257,0.1095,0.003243
2026-09-14 11:34:31,SPX,7614.37,7654.61,7570.0,50,531,0.1402,0.003243
2026-09-14 11:34:31,SPX,7614.37,7654.61,7660.0,332,304,0.1091,0.003243
2026-09-14 11:34:31,SPX,7614.37,7654.61,7565.0,31,346,0.1426,0.003243
2026-09-14 11:34:31,SPX,7614.37,7654.61,7665.0,309,449,0.1087,0.003243
2026-09-14 11:34:31,SPX,7614.37,7654.61,7560.0,38,506,0.1449,0.003243
2026-09-14 11:34:31,SPX,7614.37,7654.61,7670.0,301,552,0.1083,0.003243
2026-09-14 11:34:31,SPX,7614.37,7654.61,7555.0,25,342,0.1464,0.003243
2026-09-14 11:34:31,SPX,7614.37,7654.61,7675.0,1667,1631,0.108,0.003243
2026-09-14 11:34:31,SPX,7614.37,7654.61,7550.0,47,2766,0.1486,0.003243
2026-09-14 11:34:31,SPX,7614.37,7654.61,7680.0,383,560,0.1078,0.003243
2026-09-14 11:34:31,SPX,7614.37,7654.61,7545.0,17,380,0.1524,0.003243
2026-09-14 11:34:31,SPX,7614.37,7654.61,7685.0,276,695,0.1078,0.003243
2026-09-14 11:34:31,SPX,7614.37,7654.61,7540.0,28,437,0.1551,0.003243
2026-09-14 11:34:31,SPX,7614.37,7654.61,7690.0,413,299,0.1081,0.003243
2026-09-14 11:34:31,SPX,7614.37,7654.61,7535.0,22,561,0.1559,0.003243
2026-09-14 11:34:31,SPX,7614.37,7654.61,7695.0,266,183,0.1087,0.003243
2026-09-14 11:34:31,SPX,7614.37,7654.61,7530.0,30,319,0.1586,0.003243
2026-09-14 11:34:31,SPX,7614.37,7654.61,7700.0,2732,729,0.1095,0.003243
2026-09-14 11:34:31,SPX,7614.37,7654.61,7525.0,87,1191,0.161,0.003243
2026-09-14 11:34:31,SPX,7614.37,7654.61,7705.0,374,438,0.1106,0.003243
2026-09-14 11:34:31,SPX,7614.37,7654.61,7520.0,99,292,0.1639,0.003243
2026-09-14 11:34:31,SPX,7614.37,7654.61,7710.0,1141,759,0.112,0.003243
2026-09-14 11:34:31,SPX,7614.37,7654.61,7515.0,24,229,0.167,0.003243
2026-09-14 11:34:31,SPX,7614.37,7654.61,7715.0,505,159,0.1135,0.003243
2026-09-14 11:34:31,SPX,7614.37,7654.61,7510.0,7,407,0.1695,0.003243
2026-09-14 11:34:31,SPX,7614.37,7654.61,7720.0,790,206,0.1153,0.003243
2026-09-14 11:34:31,SPX,7614.37,7654.61,7505.0,7,253,0.1715,0.003243
2026-09-14 11:34:31,SPX,7614.37,7654.61,7725.0,1258,289,0.1172,0.003243
2026-09-14 11:34:31,SPX,7614.37,7654.61,7500.0,50,3136,0.1736,0.003243
2026-09-14 11:34:31,SPX,7614.37,7654.61,7730.0,552,205,0.1192,0.003243
2026-09-14 11:34:31,SPX,7614.37,7654.61,7495.0,0,1326,0.1759,0.003243
2026-09-14 11:34:31,SPX,7614.37,7654.61,7735.0,1185,48,0.1213,0.003243
2026-09-14 11:34:31,SPX,7614.37,7654.61,7490.0,7,439,0.1786,0.003243
2026-09-14 11:34:31,SPX,7614.37,7654.61,7740.0,577,90,0.1236,0.003243
2026-09-14 11:34:31,SPX,7614.37,7654.61,7485.0,1,211,0.1817,0.003243
2026-09-14 11:34:31,SPX,7614.37,7654.61,7745.0,773,75,0.126,0.003243
2026-09-14 11:34:31,SPX,7614.37,7654.61,7480.0,4,257,0.1849,0.003243
2026-09-14 11:34:31,SPX,7614.37,7654.61,7750.0,1883,803,0.1285,0.003243
2026-09-14 11:34:31,SPX,7614.37,7654.61,7475.0,8,396,0.1883,0.003243
2026-09-14 11:34:31,SPX,7614.37,7654.61,7755.0,322,37,0.1313,0.003243
2026-09-14 11:34:31,SPX,7614.37,7654.61,7470.0,0,229,0.1917,0.003243
2026-09-14 11:34:31,SPX,7614.37,7654.61,7760.0,630,60,0.134,0.003243
2026-09-14 11:34:31,SPX,7614.37,7654.61,7465.0,0,172,0.1949,0.003243
2026-09-14 11:34:31,SPX,7614.37,7654.61,7765.0,566,22,0.1368,0.003243
2026-09-14 11:34:31,SPX,7614.37,7654.61,7460.0,5,563,0.1981,0.003243
2026-09-14 11:34:31,SPX,7614.37,7654.61,7770.0,591,33,0.1396,0.003243
2026-09-14 11:34:31,SPX,7614.37,7654.61,7455.0,14,91,0.2013,0.003243
2026-09-14 11:34:31,SPX,7614.37,7654.61,7775.0,1185,26,0.1423,0.003243
2026-09-14 11:34:31,SPX,7614.37,7654.61,7450.0,11,1696,0.2043,0.003243
2026-09-14 11:34:31,SPX,7614.37,7654.61,7780.0,898,122,0.145,0.003243
2026-09-14 11:34:31,SPX,7614.37,7654.61,7445.0,1,343,0.2073,0.003243
2026-09-14 11:34:31,SPX,7614.37,7654.61,7785.0,427,24,0.1476,0.003243
2026-09-14 11:34:31,SPX,7614.37,7654.61,7440.0,81,473,0.2104,0.003243
2026-09-14 11:34:31,SPX,7614.37,7654.61,7790.0,422,69,0.1501,0.003243
2026-09-14 11:34:31,SPX,7614.37,7654.61,7435.0,0,209,0.2134,0.003243
2026-09-14 11:34:31,SPX,7614.37,7654.61,7795.0,336,0,0.1526,0.003243
2026-09-14 11:34:31,SPX,7614.37,7654.61,7800.0,3029,51,0.1549,0.003243
2026-09-14 11:34:31,SPX,7614.37,7654.61,7425.0,10,1228,0.2197,0.003243
2026-09-14 11:34:31,SPX,7614.37,7654.61,7805.0,420,6,0.157,0.003243
2026-09-14 11:34:31,SPX,7614.37,7654.61,7420.0,2,274,0.223,0.003243
2026-09-14 11:34:31,SPX,7614.37,7654.61,7810.0,711,7,0.1588,0.003243
2026-09-14 11:34:31,SPX,7614.37,7654.61,7415.0,0,269,0.2264,0.003243
2026-09-14 11:34:31,SPX,7614.37,7654.61,7815.0,478,1,0.1603,0.003243
2026-09-14 11:34:31,SPX,7614.37,7654.61,7410.0,32,301,0.2299,0.003243
2026-09-14 11:34:31,SPX,7614.37,7654.61,7820.0,719,19,0.1616,0.003243
2026-09-14 11:34:31,SPX,7614.37,7654.61,7405.0,0,163,0.2335,0.003243
2026-09-14 11:34:31,SPX,7614.37,7654.61,7825.0,2219,41,0.1625,0.003243
2026-09-14 11:34:31,SPX,7614.37,7654.61,7400.0,11,3737,0.2372,0.003243
2026-09-14 11:34:31,SPX,7614.37,7654.61,7830.0,1772,3,0.1632,0.003243
2026-09-14 11:34:31,SPX,7614.37,7654.61,7395.0,0,92,0.241,0.003243
2026-09-14 11:34:31,SPX,7614.37,7654.61,7835.0,638,0,0.1642,0.003243
2026-09-14 11:34:31,SPX,7614.37,7654.61,7390.0,0,270,0.2448,0.003243
2026-09-14 11:34:31,SPX,7614.37,7654.61,7840.0,486,4,0.166,0.003243
2026-09-14 11:34:31,SPX,7614.37,7654.61,7385.0,0,99,0.2488,0.003243
2026-09-14 11:34:31,SPX,7614.37,7654.61,7845.0,439,1,0.1658,0.003243
2026-09-14 11:34:31,SPX,7614.37,7654.61,7380.0,0,246,0.2528,0.003243
2026-09-14 11:34:31,SPX,7614.37,7654.61,7850.0,758,32,0.165,0.003243
2026-09-14 11:34:31,SPX,7614.37,7654.61,7375.0,19,407,0.2568,0.003243
2026-09-14 11:34:31,SPX,7614.37,7654.61,7855.0,257,0,0.1639,0.003243
2026-09-14 11:34:31,SPX,7614.37,7654.61,7370.0,1,170,0.2609,0.003243
2026-09-14 11:34:31,SPX,7614.37,7654.61,7860.0,321,0,0.1628,0.003243
2026-09-14 11:34:31,SPX,7614.37,7654.61,7365.0,0,91,0.265,0.003243
2026-09-14 11:34:31,SPX,7614.37,7654.61,7615.0,30,136,0.1484,0.00598
2026-09-14 11:34:31,SPX,7614.37,7654.61,7610.0,86,444,0.1499,0.00598
2026-09-14 11:34:31,SPX,7614.37,7654.61,7620.0,92,165,0.1468,0.00598
2026-09-14 11:34:31,SPX,7614.37,7654.61,7605.0,46,171,0.1517,0.00598
2026-09-14 11:34:31,SPX,7614.37,7654.61,7625.0,76,3525,0.1452,0.00598
2026-09-14 11:34:31,SPX,7614.37,7654.61,7600.0,299,2447,0.1533,0.00598
2026-09-14 11:34:31,SPX,7614.37,7654.61,7630.0,190,311,0.1439,0.00598
2026-09-14 11:34:31,SPX,7614.37,7654.61,7595.0,81,353,0.1551,0.00598
2026-09-14 11:34:31,SPX,7614.37,7654.61,7635.0,100,393,0.1425,0.00598
2026-09-14 11:34:31,SPX,7614.37,7654.61,7590.0,83,381,0.1567,0.00598
2026-09-14 11:34:31,SPX,7614.37,7654.61,7640.0,173,260,0.1412,0.00598
2026-09-14 11:34:31,SPX,7614.37,7654.61,7585.0,83,325,0.159,0.00598
2026-09-14 11:34:31,SPX,7614.37,7654.61,7645.0,125,436,0.14,0.00598
2026-09-14 11:34:31,SPX,7614.37,7654.61,7580.0,31,654,0.16,0.00598
2026-09-14 11:34:31,SPX,7614.37,7654.61,7650.0,3942,4297,0.1388,0.00598
2026-09-14 11:34:31,SPX,7614.37,7654.61,7575.0,46,586,0.1615,0.00598
2026-09-14 11:34:31,SPX,7614.37,7654.61,7655.0,88,769,0.1379,0.00598
2026-09-14 11:34:31,SPX,7614.37,7654.61,7570.0,20,769,0.1631,0.00598
2026-09-14 11:34:31,SPX,7614.37,7654.61,7660.0,149,214,0.1369,0.00598
2026-09-14 11:34:31,SPX,7614.37,7654.61,7565.0,10,210,0.1648,0.00598
2026-09-14 11:34:31,SPX,7614.37,7654.61,7665.0,153,256,0.1355,0.00598
2026-09-14 11:34:31,SPX,7614.37,7654.61,7560.0,37,297,0.1666,0.00598
2026-09-14 11:34:31,SPX,7614.37,7654.61,7670.0,252,521,0.1342,0.00598
2026-09-14 11:34:31,SPX,7614.37,7654.61,7555.0,30,245,0.1683,0.00598
2026-09-14 11:34:31,SPX,7614.37,7654.61,7675.0,3101,555,0.1331,0.00598
2026-09-14 11:34:31,SPX,7614.37,7654.61,7550.0,66,971,0.1701,0.00598
2026-09-14 11:34:31,SPX,7614.37,7654.61,7680.0,431,792,0.132,0.00598
2026-09-14 11:34:31,SPX,7614.37,7654.61,7545.0,4,234,0.1721,0.00598
2026-09-14 11:34:31,SPX,7614.37,7654.61,7685.0,799,212,0.1309,0.00598
2026-09-14 11:34:31,SPX,7614.37,7654.61,7540.0,26,558,0.174,0.00598
2026-09-14 11:34:31,SPX,7614.37,7654.61,7690.0,254,121,0.1299,0.00598
2026-09-14 11:34:31,SPX,7614.37,7654.61,7535.0,5,247,0.1759,0.00598
2026-09-14 11:34:31,SPX,7614.37,7654.61,7695.0,197,111,0.1291,0.00598
2026-09-14 11:34:31,SPX,7614.37,7654.61,7530.0,36,367,0.1777,0.00598
2026-09-14 11:34:31,SPX,7614.37,7654.61,7700.0,1164,639,0.1284,0.00598
2026-09-14 11:34:31,SPX,7614.37,7654.61,7525.0,35,2414,0.1794,0.00598
2026-09-14 11:34:31,SPX,7614.37,7654.61,7705.0,125,2044,0.1278,0.00598
2026-09-14 11:34:31,SPX,7614.37,7654.61,7520.0,26,946,0.181,0.00598
2026-09-14 11:34:31,SPX,7614.37,7654.61,7710.0,827,106,0.1274,0.00598
2026-09-14 11:34:31,SPX,7614.37,7654.61,7515.0,43,171,0.1826,0.00598
2026-09-14 11:34:31,SPX,7614.37,7654.61,7715.0,226,1313,0.1271,0.00598
2026-09-14 11:34:31,SPX,7614.37,7654.61,7510.0,40,185,0.1841,0.00598
2026-09-14 11:34:31,SPX,7614.37,7654.61,7720.0,333,74,0.1268,0.00598
2026-09-14 11:34:31,SPX,7614.37,7654.61,7505.0,26,246,0.1858,0.00598
2026-09-14 11:34:31,SPX,7614.37,7654.61,7725.0,894,102,0.1265,0.00598
2026-09-14 11:34:31,SPX,7614.37,7654.61,7500.0,43,2563,0.1875,0.00598
2026-09-14 11:34:31,SPX,7614.37,7654.61,7730.0,2632,2029,0.1263,0.00598
2026-09-14 11:34:31,SPX,7614.37,7654.61,7495.0,0,148,0.1894,0.00598
2026-09-14 11:34:31,SPX,7614.37,7654.61,7735.0,623,10,0.1262,0.00598
2026-09-14 11:34:31,SPX,7614.37,7654.61,7490.0,0,302,0.1914,0.00598
2026-09-14 11:34:31,SPX,7614.37,7654.61,7740.0,1778,1337,0.1261,0.00598
2026-09-14 11:34:31,SPX,7614.37,7654.61,7485.0,3,172,0.1934,0.00598
2026-09-14 11:34:31,SPX,7614.37,7654.61,7745.0,497,122,0.1261,0.00598
2026-09-14 11:34:31,SPX,7614.37,7654.61,7480.0,7,320,0.1954,0.00598
2026-09-14 11:34:31,SPX,7614.37,7654.61,7750.0,1137,298,0.1262,0.00598
2026-09-14 11:34:31,SPX,7614.37,7654.61,7475.0,24,984,0.1974,0.00598
2026-09-14 11:34:31,SPX,7614.37,7654.61,7755.0,2504,30,0.1265,0.00598
2026-09-14 11:34:31,SPX,7614.37,7654.61,7470.0,25,842,0.1993,0.00598
2026-09-14 11:34:31,SPX,7614.37,7654.61,7760.0,444,61,0.1269,0.00598
2026-09-14 11:34:31,SPX,7614.37,7654.61,7465.0,0,409,0.2013,0.00598
2026-09-14 11:34:31,SPX,7614.37,7654.61,7765.0,1907,14,0.1274,0.00598
2026-09-14 11:34:31,SPX,7614.37,7654.61,7460.0,25,380,0.2031,0.00598
2026-09-14 11:34:31,SPX,7614.37,7654.61,7770.0,966,30,0.1281,0.00598
2026-09-14 11:34:31,SPX,7614.37,7654.61,7455.0,0,208,0.205,0.00598
2026-09-14 11:34:31,SPX,7614.37,7654.61,7775.0,1163,62,0.1289,0.00598
2026-09-14 11:34:31,SPX,7614.37,7654.61,7450.0,3,873,0.2069,0.00598
2026-09-14 11:34:31,SPX,7614.37,7654.61,7780.0,887,32,0.1298,0.00598
2026-09-14 11:34:31,SPX,7614.37,7654.61,7445.0,0,160,0.2087,0.00598
2026-09-14 11:34:31,SPX,7614.37,7654.61,7785.0,339,279,0.1308,0.00598
2026-09-14 11:34:31,SPX,7614.37,7654.61,7440.0,0,250,0.2106,0.00598
2026-09-14 11:34:31,SPX,7614.37,7654.61,7790.0,595,24,0.132,0.00598
2026-09-14 11:34:31,SPX,7614.37,7654.61,7435.0,0,111,0.2125,0.00598
2026-09-14 11:34:31,SPX,7614.37,7654.61,7795.0,356,13,0.1334,0.00598
2026-09-14 11:34:31,SPX,7614.37,7654.61,7430.0,0,160,0.2144,0.00598
2026-09-14 11:34:31,SPX,7614.37,7654.61,7800.0,3052,36,0.1348,0.00598
2026-09-14 11:34:31,SPX,7614.37,7654.61,7425.0,6,354,0.2164,0.00598
2026-09-14 11:34:31,SPX,7614.37,7654.61,7805.0,1690,1,0.1364,0.00598
2026-09-14 11:34:31,SPX,7614.37,7654.61,7420.0,1,667,0.2184,0.00598
2026-09-14 11:34:31,SPX,7614.37,7654.61,7810.0,538,32,0.1381,0.00598
2026-09-14 11:34:31,SPX,7614.37,7654.61,7415.0,0,236,0.2204,0.00598
2026-09-14 11:34:31,SPX,7614.37,7654.61,7815.0,433,4,0.1399,0.00598
2026-09-14 11:34:31,SPX,7614.37,7654.61,7410.0,0,210,0.2225,0.00598
2026-09-14 11:34:31,SPX,7614.37,7654.61,7820.0,1311,62,0.1418,0.00598
2026-09-14 11:34:31,SPX,7614.37,7654.61,7405.0,0,233,0.2247,0.00598
2026-09-14 11:34:31,SPX,7614.37,7654.61,7825.0,1157,42,0.1438,0.00598
2026-09-14 11:34:31,SPX,7614.37,7654.61,7400.0,31,2257,0.2268,0.00598
2026-09-14 11:34:31,SPX,7614.37,7654.61,7830.0,439,126,0.1458,0.00598
2026-09-14 11:34:31,SPX,7614.37,7654.61,7395.0,0,1437,0.2291,0.00598
2026-09-14 11:34:31,SPX,7614.37,7654.61,7835.0,380,30,0.1478,0.00598
2026-09-14 11:34:31,SPX,7614.37,7654.61,7390.0,30,406,0.2313,0.00598
2026-09-14 11:34:31,SPX,7614.37,7654.61,7840.0,487,1,0.1498,0.00598
2026-09-14 11:34:31,SPX,7614.37,7654.61,7385.0,1,191,0.2336,0.00598
2026-09-14 11:34:31,SPX,7614.37,7654.61,7845.0,248,1,0.1519,0.00598
2026-09-14 11:34:31,SPX,7614.37,7654.61,7380.0,1,456,0.236,0.00598
2026-09-14 11:34:31,SPX,7614.37,7654.61,7850.0,1424,123,0.1539,0.00598
2026-09-14 11:34:31,SPX,7614.37,7654.61,7375.0,0,488,0.2383,0.00598
2026-09-14 11:34:31,SPX,7614.37,7654.61,7855.0,210,0,0.1559,0.00598
2026-09-14 11:34:31,SPX,7614.37,7654.61,7370.0,24,161,0.2407,0.00598
2026-09-14 11:34:31,SPX,7614.37,7654.61,7860.0,585,3,0.158,0.00598
2026-09-14 11:34:31,SPX,7614.37,7654.61,7365.0,0,319,0.2432,0.00598
2026-09-14 12:05:29,SPX,7627.68,7657.69,7630.0,269,1151,0.1267,0.000446
2026-09-14 12:05:29,SPX,7627.68,7657.69,7625.0,492,1894,0.1291,0.000446
2026-09-14 12:05:29,SPX,7627.68,7657.69,7635.0,261,755,0.1251,0.000446
2026-09-14 12:05:29,SPX,7627.68,7657.69,7620.0,146,1404,0.1327,0.000446
2026-09-14 12:05:29,SPX,7627.68,7657.69,7640.0,407,890,0.1257,0.000446
2026-09-14 12:05:29,SPX,7627.68,7657.69,7615.0,205,2588,0.1361,0.000446
2026-09-14 12:05:29,SPX,7627.68,7657.69,7645.0,338,1275,0.1264,0.000446
2026-09-14 12:05:29,SPX,7627.68,7657.69,7610.0,276,1598,0.1421,0.000446
2026-09-14 12:05:29,SPX,7627.68,7657.69,7650.0,2328,2140,0.1284,0.000446
2026-09-14 12:05:29,SPX,7627.68,7657.69,7605.0,582,3198,0.1484,0.000446
2026-09-14 12:05:29,SPX,7627.68,7657.69,7655.0,1374,904,0.1322,0.000446
2026-09-14 12:05:29,SPX,7627.68,7657.69,7600.0,1069,4496,0.155,0.000446
2026-09-14 12:05:29,SPX,7627.68,7657.69,7660.0,1081,1336,0.1371,0.000446
2026-09-14 12:05:29,SPX,7627.68,7657.69,7595.0,255,978,0.1621,0.000446
2026-09-14 12:05:29,SPX,7627.68,7657.69,7665.0,1125,984,0.1427,0.000446
2026-09-14 12:05:29,SPX,7627.68,7657.69,7590.0,97,1818,0.1699,0.000446
2026-09-14 12:05:29,SPX,7627.68,7657.69,7670.0,1245,716,0.15,0.000446
2026-09-14 12:05:29,SPX,7627.68,7657.69,7585.0,189,1180,0.1793,0.000446
2026-09-14 12:05:29,SPX,7627.68,7657.69,7675.0,3444,1867,0.1587,0.000446
2026-09-14 12:05:29,SPX,7627.68,7657.69,7580.0,96,2170,0.185,0.000446
2026-09-14 12:05:29,SPX,7627.68,7657.69,7680.0,2948,1779,0.1669,0.000446
2026-09-14 12:05:29,SPX,7627.68,7657.69,7575.0,238,3088,0.1962,0.000446
2026-09-14 12:05:29,SPX,7627.68,7657.69,7685.0,796,272,0.1757,0.000446
2026-09-14 12:05:29,SPX,7627.68,7657.69,7570.0,61,1484,0.2016,0.000446
2026-09-14 12:05:29,SPX,7627.68,7657.69,7690.0,1113,270,0.1841,0.000446
2026-09-14 12:05:29,SPX,7627.68,7657.69,7565.0,73,1290,0.2135,0.000446
2026-09-14 12:05:29,SPX,7627.68,7657.69,7695.0,1805,157,0.192,0.000446
2026-09-14 12:05:29,SPX,7627.68,7657.69,7560.0,66,2432,0.2227,0.000446
2026-09-14 12:05:29,SPX,7627.68,7657.69,7700.0,3735,1374,0.1996,0.000446
2026-09-14 12:05:29,SPX,7627.68,7657.69,7555.0,41,2475,0.2303,0.000446
2026-09-14 12:05:29,SPX,7627.68,7657.69,7705.0,3576,952,0.2072,0.000446
2026-09-14 12:05:29,SPX,7627.68,7657.69,7550.0,61,5411,0.2398,0.000446
2026-09-14 12:05:29,SPX,7627.68,7657.69,7710.0,1629,230,0.2151,0.000446
2026-09-14 12:05:29,SPX,7627.68,7657.69,7545.0,27,4407,0.2492,0.000446
2026-09-14 12:05:29,SPX,7627.68,7657.69,7715.0,3168,78,0.2232,0.000446
2026-09-14 12:05:29,SPX,7627.68,7657.69,7540.0,25,1517,0.2597,0.000446
2026-09-14 12:05:29,SPX,7627.68,7657.69,7720.0,6710,256,0.2314,0.000446
2026-09-14 12:05:29,SPX,7627.68,7657.69,7535.0,13,2818,0.271,0.000446
2026-09-14 12:05:29,SPX,7627.68,7657.69,7725.0,3627,371,0.2396,0.000446
2026-09-14 12:05:29,SPX,7627.68,7657.69,7530.0,51,3495,0.2822,0.000446
2026-09-14 12:05:29,SPX,7627.68,7657.69,7730.0,3683,1017,0.2479,0.000446
2026-09-14 12:05:29,SPX,7627.68,7657.69,7525.0,64,5429,0.2929,0.000446
2026-09-14 12:05:29,SPX,7627.68,7657.69,7735.0,2667,96,0.256,0.000446
2026-09-14 12:05:29,SPX,7627.68,7657.69,7520.0,38,2095,0.303,0.000446
2026-09-14 12:05:29,SPX,7627.68,7657.69,7740.0,1858,89,0.2639,0.000446
2026-09-14 12:05:29,SPX,7627.68,7657.69,7515.0,30,892,0.3126,0.000446
2026-09-14 12:05:29,SPX,7627.68,7657.69,7745.0,1727,54,0.2712,0.000446
2026-09-14 12:05:29,SPX,7627.68,7657.69,7510.0,78,801,0.3219,0.000446
2026-09-14 12:05:29,SPX,7627.68,7657.69,7750.0,3036,396,0.278,0.000446
2026-09-14 12:05:29,SPX,7627.68,7657.69,7505.0,6,1667,0.3314,0.000446
2026-09-14 12:05:29,SPX,7627.68,7657.69,7755.0,1674,33,0.2843,0.000446
2026-09-14 12:05:29,SPX,7627.68,7657.69,7500.0,134,9425,0.3411,0.000446
2026-09-14 12:05:29,SPX,7627.68,7657.69,7760.0,4448,105,0.29,0.000446
2026-09-14 12:05:29,SPX,7627.68,7657.69,7495.0,4,488,0.3511,0.000446
2026-09-14 12:05:29,SPX,7627.68,7657.69,7765.0,1301,46,0.2951,0.000446
2026-09-14 12:05:29,SPX,7627.68,7657.69,7490.0,21,806,0.3612,0.000446
2026-09-14 12:05:29,SPX,7627.68,7657.69,7770.0,1587,111,0.2996,0.000446
2026-09-14 12:05:29,SPX,7627.68,7657.69,7485.0,4,1294,0.3712,0.000446
2026-09-14 12:05:29,SPX,7627.68,7657.69,7775.0,6475,70,0.3035,0.000446
2026-09-14 12:05:29,SPX,7627.68,7657.69,7480.0,44,954,0.381,0.000446
2026-09-14 12:05:29,SPX,7627.68,7657.69,7780.0,8118,89,0.3068,0.000446
2026-09-14 12:05:29,SPX,7627.68,7657.69,7475.0,44,2221,0.3905,0.000446
2026-09-14 12:05:29,SPX,7627.68,7657.69,7785.0,8660,32,0.3096,0.000446
2026-09-14 12:05:29,SPX,7627.68,7657.69,7470.0,7,2414,0.3996,0.000446
2026-09-14 12:05:29,SPX,7627.68,7657.69,7790.0,3394,73,0.3117,0.000446
2026-09-14 12:05:29,SPX,7627.68,7657.69,7465.0,1,1379,0.4087,0.000446
2026-09-14 12:05:29,SPX,7627.68,7657.69,7795.0,599,3,0.3133,0.000446
2026-09-14 12:05:29,SPX,7627.68,7657.69,7460.0,6,2276,0.4178,0.000446
2026-09-14 12:05:29,SPX,7627.68,7657.69,7800.0,4155,299,0.3145,0.000446
2026-09-14 12:05:29,SPX,7627.68,7657.69,7455.0,2,958,0.4271,0.000446
2026-09-14 12:05:29,SPX,7627.68,7657.69,7805.0,3131,8,0.3153,0.000446
2026-09-14 12:05:29,SPX,7627.68,7657.69,7450.0,22,3029,0.4366,0.000446
2026-09-14 12:05:29,SPX,7627.68,7657.69,7810.0,1254,27,0.3157,0.000446
2026-09-14 12:05:29,SPX,7627.68,7657.69,7445.0,0,297,0.4462,0.000446
2026-09-14 12:05:29,SPX,7627.68,7657.69,7815.0,483,4,0.3158,0.000446
2026-09-14 12:05:29,SPX,7627.68,7657.69,7440.0,0,6015,0.456,0.000446
2026-09-14 12:05:29,SPX,7627.68,7657.69,7820.0,1135,83,0.3156,0.000446
2026-09-14 12:05:29,SPX,7627.68,7657.69,7435.0,0,1279,0.4658,0.000446
2026-09-14 12:05:29,SPX,7627.68,7657.69,7825.0,3742,49,0.3151,0.000446
2026-09-14 12:05:29,SPX,7627.68,7657.69,7430.0,9,475,0.4758,0.000446
2026-09-14 12:05:29,SPX,7627.68,7657.69,7830.0,452,12,0.3144,0.000446
2026-09-14 12:05:29,SPX,7627.68,7657.69,7425.0,34,7642,0.4858,0.000446
2026-09-14 12:05:29,SPX,7627.68,7657.69,7835.0,413,0,0.3135,0.000446
2026-09-14 12:05:29,SPX,7627.68,7657.69,7420.0,7,844,0.4958,0.000446
2026-09-14 12:05:29,SPX,7627.68,7657.69,7840.0,670,13,0.3124,0.000446
2026-09-14 12:05:29,SPX,7627.68,7657.69,7415.0,0,320,0.5058,0.000446
2026-09-14 12:05:29,SPX,7627.68,7657.69,7845.0,1762,1,0.3112,0.000446
2026-09-14 12:05:29,SPX,7627.68,7657.69,7410.0,30,1280,0.5158,0.000446
2026-09-14 12:05:29,SPX,7627.68,7657.69,7850.0,18075,37,0.3099,0.000446
2026-09-14 12:05:29,SPX,7627.68,7657.69,7405.0,5,1222,0.5257,0.000446
2026-09-14 12:05:29,SPX,7627.68,7657.69,7855.0,285,0,0.3085,0.000446
2026-09-14 12:05:29,SPX,7627.68,7657.69,7400.0,38,5111,0.5357,0.000446
2026-09-14 12:05:29,SPX,7627.68,7657.69,7860.0,1526,3,0.307,0.000446
2026-09-14 12:05:29,SPX,7627.68,7657.69,7395.0,14,340,0.5458,0.000446
2026-09-14 12:05:29,SPX,7627.68,7657.69,7865.0,3507,1,0.3054,0.000446
2026-09-14 12:05:29,SPX,7627.68,7657.69,7390.0,4,790,0.5559,0.000446
2026-09-14 12:05:29,SPX,7627.68,7657.69,7870.0,1472,7,0.3037,0.000446
2026-09-14 12:05:29,SPX,7627.68,7657.69,7385.0,0,3318,0.5663,0.000446
2026-09-14 12:05:29,SPX,7627.68,7657.69,7875.0,1671,7,0.302,0.000446
2026-09-14 12:05:29,SPX,7627.68,7657.69,7380.0,1,321,0.5768,0.000446
2026-09-14 12:05:29,SPX,7627.68,7657.69,7630.0,159,521,0.1182,0.003184
2026-09-14 12:05:29,SPX,7627.68,7657.69,7625.0,148,1093,0.1201,0.003184
2026-09-14 12:05:29,SPX,7627.68,7657.69,7635.0,88,410,0.1164,0.003184
2026-09-14 12:05:29,SPX,7627.68,7657.69,7620.0,86,3068,0.1218,0.003184
2026-09-14 12:05:29,SPX,7627.68,7657.69,7640.0,190,538,0.115,0.003184
2026-09-14 12:05:29,SPX,7627.68,7657.69,7615.0,123,2373,0.1238,0.003184
2026-09-14 12:05:29,SPX,7627.68,7657.69,7645.0,108,293,0.1135,0.003184
2026-09-14 12:05:29,SPX,7627.68,7657.69,7610.0,68,764,0.1261,0.003184
2026-09-14 12:05:29,SPX,7627.68,7657.69,7650.0,1180,2458,0.1118,0.003184
2026-09-14 12:05:29,SPX,7627.68,7657.69,7605.0,115,216,0.1279,0.003184
2026-09-14 12:05:29,SPX,7627.68,7657.69,7655.0,256,257,0.1102,0.003184
2026-09-14 12:05:29,SPX,7627.68,7657.69,7600.0,181,1536,0.1301,0.003184
2026-09-14 12:05:29,SPX,7627.68,7657.69,7660.0,332,304,0.1089,0.003184
2026-09-14 12:05:29,SPX,7627.68,7657.69,7595.0,102,3426,0.1332,0.003184
2026-09-14 12:05:29,SPX,7627.68,7657.69,7665.0,309,449,0.1082,0.003184
2026-09-14 12:05:29,SPX,7627.68,7657.69,7590.0,41,432,0.1359,0.003184
2026-09-14 12:05:29,SPX,7627.68,7657.69,7670.0,301,552,0.108,0.003184
2026-09-14 12:05:29,SPX,7627.68,7657.69,7585.0,34,188,0.1378,0.003184
2026-09-14 12:05:29,SPX,7627.68,7657.69,7675.0,1667,1631,0.108,0.003184
2026-09-14 12:05:29,SPX,7627.68,7657.69,7580.0,88,696,0.1397,0.003184
2026-09-14 12:05:29,SPX,7627.68,7657.69,7680.0,383,560,0.1079,0.003184
2026-09-14 12:05:29,SPX,7627.68,7657.69,7575.0,53,902,0.1421,0.003184
2026-09-14 12:05:29,SPX,7627.68,7657.69,7685.0,276,695,0.1078,0.003184
2026-09-14 12:05:29,SPX,7627.68,7657.69,7570.0,50,531,0.1449,0.003184
2026-09-14 12:05:29,SPX,7627.68,7657.69,7690.0,413,299,0.1077,0.003184
2026-09-14 12:05:29,SPX,7627.68,7657.69,7565.0,31,346,0.1476,0.003184
2026-09-14 12:05:29,SPX,7627.68,7657.69,7695.0,266,183,0.1076,0.003184
2026-09-14 12:05:29,SPX,7627.68,7657.69,7560.0,38,506,0.1498,0.003184
2026-09-14 12:05:29,SPX,7627.68,7657.69,7700.0,2732,729,0.1077,0.003184
2026-09-14 12:05:29,SPX,7627.68,7657.69,7555.0,25,342,0.152,0.003184
2026-09-14 12:05:29,SPX,7627.68,7657.69,7705.0,374,438,0.108,0.003184
2026-09-14 12:05:29,SPX,7627.68,7657.69,7550.0,47,2766,0.1548,0.003184
2026-09-14 12:05:29,SPX,7627.68,7657.69,7710.0,1141,759,0.1086,0.003184
2026-09-14 12:05:29,SPX,7627.68,7657.69,7545.0,17,380,0.1583,0.003184
2026-09-14 12:05:29,SPX,7627.68,7657.69,7715.0,505,159,0.1095,0.003184
2026-09-14 12:05:29,SPX,7627.68,7657.69,7540.0,28,437,0.162,0.003184
2026-09-14 12:05:29,SPX,7627.68,7657.69,7720.0,790,206,0.1107,0.003184
2026-09-14 12:05:29,SPX,7627.68,7657.69,7535.0,22,561,0.1641,0.003184
2026-09-14 12:05:29,SPX,7627.68,7657.69,7725.0,1258,289,0.1121,0.003184
2026-09-14 12:05:29,SPX,7627.68,7657.69,7530.0,30,319,0.1656,0.003184
2026-09-14 12:05:29,SPX,7627.68,7657.69,7730.0,552,205,0.1137,0.003184
2026-09-14 12:05:29,SPX,7627.68,7657.69,7525.0,87,1191,0.1693,0.003184
2026-09-14 12:05:29,SPX,7627.68,7657.69,7735.0,1185,48,0.1155,0.003184
2026-09-14 12:05:29,SPX,7627.68,7657.69,7520.0,99,292,0.1724,0.003184
2026-09-14 12:05:29,SPX,7627.68,7657.69,7740.0,577,90,0.1175,0.003184
2026-09-14 12:05:29,SPX,7627.68,7657.69,7515.0,24,229,0.1753,0.003184
2026-09-14 12:05:29,SPX,7627.68,7657.69,7745.0,773,75,0.1197,0.003184
2026-09-14 12:05:29,SPX,7627.68,7657.69,7510.0,7,407,0.1781,0.003184
2026-09-14 12:05:29,SPX,7627.68,7657.69,7750.0,1883,803,0.122,0.003184
2026-09-14 12:05:29,SPX,7627.68,7657.69,7505.0,7,253,0.1804,0.003184
2026-09-14 12:05:29,SPX,7627.68,7657.69,7755.0,322,37,0.1244,0.003184
2026-09-14 12:05:29,SPX,7627.68,7657.69,7500.0,50,3136,0.183,0.003184
2026-09-14 12:05:29,SPX,7627.68,7657.69,7760.0,630,60,0.1267,0.003184
2026-09-14 12:05:29,SPX,7627.68,7657.69,7495.0,0,1326,0.186,0.003184
2026-09-14 12:05:29,SPX,7627.68,7657.69,7765.0,566,22,0.1291,0.003184
2026-09-14 12:05:29,SPX,7627.68,7657.69,7490.0,7,439,0.1893,0.003184
2026-09-14 12:05:29,SPX,7627.68,7657.69,7770.0,591,33,0.1314,0.003184
2026-09-14 12:05:29,SPX,7627.68,7657.69,7485.0,1,211,0.1929,0.003184
2026-09-14 12:05:29,SPX,7627.68,7657.69,7775.0,1185,26,0.1336,0.003184
2026-09-14 12:05:29,SPX,7627.68,7657.69,7480.0,4,257,0.1965,0.003184
2026-09-14 12:05:29,SPX,7627.68,7657.69,7780.0,898,122,0.1357,0.003184
2026-09-14 12:05:29,SPX,7627.68,7657.69,7475.0,8,396,0.2002,0.003184
2026-09-14 12:05:29,SPX,7627.68,7657.69,7785.0,427,24,0.1376,0.003184
2026-09-14 12:05:29,SPX,7627.68,7657.69,7470.0,0,229,0.2039,0.003184
2026-09-14 12:05:29,SPX,7627.68,7657.69,7790.0,422,69,0.1393,0.003184
2026-09-14 12:05:29,SPX,7627.68,7657.69,7465.0,0,172,0.2075,0.003184
2026-09-14 12:05:29,SPX,7627.68,7657.69,7795.0,336,0,0.1409,0.003184
2026-09-14 12:05:29,SPX,7627.68,7657.69,7460.0,5,563,0.211,0.003184
2026-09-14 12:05:29,SPX,7627.68,7657.69,7800.0,3029,51,0.1424,0.003184
2026-09-14 12:05:29,SPX,7627.68,7657.69,7455.0,14,91,0.2145,0.003184
2026-09-14 12:05:29,SPX,7627.68,7657.69,7805.0,420,6,0.1436,0.003184
2026-09-14 12:05:29,SPX,7627.68,7657.69,7450.0,11,1696,0.2179,0.003184
2026-09-14 12:05:29,SPX,7627.68,7657.69,7810.0,711,7,0.1447,0.003184
2026-09-14 12:05:29,SPX,7627.68,7657.69,7445.0,1,343,0.2212,0.003184
2026-09-14 12:05:29,SPX,7627.68,7657.69,7815.0,478,1,0.1456,0.003184
2026-09-14 12:05:29,SPX,7627.68,7657.69,7440.0,81,473,0.2246,0.003184
2026-09-14 12:05:29,SPX,7627.68,7657.69,7820.0,719,19,0.1464,0.003184
2026-09-14 12:05:29,SPX,7627.68,7657.69,7435.0,0,209,0.228,0.003184
2026-09-14 12:05:29,SPX,7627.68,7657.69,7825.0,2219,41,0.147,0.003184
2026-09-14 12:05:29,SPX,7627.68,7657.69,7430.0,0,335,0.2315,0.003184
2026-09-14 12:05:29,SPX,7627.68,7657.69,7830.0,1772,3,0.1474,0.003184
2026-09-14 12:05:29,SPX,7627.68,7657.69,7425.0,10,1228,0.235,0.003184
2026-09-14 12:05:29,SPX,7627.68,7657.69,7835.0,638,0,0.1477,0.003184
2026-09-14 12:05:29,SPX,7627.68,7657.69,7420.0,2,274,0.2386,0.003184
2026-09-14 12:05:29,SPX,7627.68,7657.69,7840.0,486,4,0.1479,0.003184
2026-09-14 12:05:29,SPX,7627.68,7657.69,7415.0,0,269,0.2423,0.003184
2026-09-14 12:05:29,SPX,7627.68,7657.69,7845.0,439,1,0.1478,0.003184
2026-09-14 12:05:29,SPX,7627.68,7657.69,7410.0,32,301,0.246,0.003184
2026-09-14 12:05:29,SPX,7627.68,7657.69,7850.0,758,32,0.1477,0.003184
2026-09-14 12:05:29,SPX,7627.68,7657.69,7405.0,0,163,0.2497,0.003184
2026-09-14 12:05:29,SPX,7627.68,7657.69,7855.0,257,0,0.1474,0.003184
2026-09-14 12:05:29,SPX,7627.68,7657.69,7400.0,11,3737,0.2536,0.003184
2026-09-14 12:05:29,SPX,7627.68,7657.69,7860.0,321,0,0.1469,0.003184
2026-09-14 12:05:29,SPX,7627.68,7657.69,7395.0,0,92,0.2575,0.003184
2026-09-14 12:05:29,SPX,7627.68,7657.69,7865.0,337,0,0.1464,0.003184
2026-09-14 12:05:29,SPX,7627.68,7657.69,7390.0,0,270,0.2614,0.003184
2026-09-14 12:05:29,SPX,7627.68,7657.69,7870.0,382,0,0.1458,0.003184
2026-09-14 12:05:29,SPX,7627.68,7657.69,7385.0,0,99,0.2653,0.003184
2026-09-14 12:05:29,SPX,7627.68,7657.69,7875.0,1031,1,0.1451,0.003184
2026-09-14 12:05:29,SPX,7627.68,7657.69,7380.0,0,246,0.2693,0.003184
2026-09-14 12:05:29,SPX,7627.68,7657.69,7630.0,190,311,0.1462,0.005922
2026-09-14 12:05:29,SPX,7627.68,7657.69,7625.0,76,3525,0.1475,0.005922
2026-09-14 12:05:29,SPX,7627.68,7657.69,7635.0,100,393,0.145,0.005922
2026-09-14 12:05:29,SPX,7627.68,7657.69,7620.0,92,165,0.1487,0.005922
2026-09-14 12:05:29,SPX,7627.68,7657.69,7640.0,173,260,0.1438,0.005922
2026-09-14 12:05:29,SPX,7627.68,7657.69,7615.0,30,136,0.1501,0.005922
2026-09-14 12:05:29,SPX,7627.68,7657.69,7645.0,125,436,0.1424,0.005922
2026-09-14 12:05:29,SPX,7627.68,7657.69,7610.0,86,444,0.1517,0.005922
2026-09-14 12:05:29,SPX,7627.68,7657.69,7650.0,3942,4297,0.141,0.005922
2026-09-14 12:05:29,SPX,7627.68,7657.69,7605.0,46,171,0.1533,0.005922
2026-09-14 12:05:29,SPX,7627.68,7657.69,7655.0,88,769,0.1396,0.005922
2026-09-14 12:05:29,SPX,7627.68,7657.69,7600.0,299,2447,0.1549,0.005922
2026-09-14 12:05:29,SPX,7627.68,7657.69,7660.0,149,214,0.1381,0.005922
2026-09-14 12:05:29,SPX,7627.68,7657.69,7595.0,81,353,0.1564,0.005922
2026-09-14 12:05:29,SPX,7627.68,7657.69,7665.0,153,256,0.1368,0.005922
2026-09-14 12:05:29,SPX,7627.68,7657.69,7590.0,83,381,0.1581,0.005922
2026-09-14 12:05:29,SPX,7627.68,7657.69,7670.0,252,521,0.1357,0.005922
2026-09-14 12:05:29,SPX,7627.68,7657.69,7585.0,83,325,0.1598,0.005922
2026-09-14 12:05:29,SPX,7627.68,7657.69,7675.0,3101,555,0.1347,0.005922
2026-09-14 12:05:29,SPX,7627.68,7657.69,7580.0,31,654,0.1616,0.005922
2026-09-14 12:05:29,SPX,7627.68,7657.69,7680.0,431,792,0.1339,0.005922
2026-09-14 12:05:29,SPX,7627.68,7657.69,7575.0,46,586,0.163,0.005922
2026-09-14 12:05:29,SPX,7627.68,7657.69,7685.0,799,212,0.1332,0.005922
2026-09-14 12:05:29,SPX,7627.68,7657.69,7570.0,20,769,0.1645,0.005922
2026-09-14 12:05:29,SPX,7627.68,7657.69,7690.0,254,121,0.1326,0.005922
2026-09-14 12:05:29,SPX,7627.68,7657.69,7565.0,10,210,0.1661,0.005922
2026-09-14 12:05:29,SPX,7627.68,7657.69,7695.0,197,111,0.1319,0.005922
2026-09-14 12:05:29,SPX,7627.68,7657.69,7560.0,37,297,0.1675,0.005922
2026-09-14 12:05:29,SPX,7627.68,7657.69,7700.0,1164,639,0.1312,0.005922
2026-09-14 12:05:29,SPX,7627.68,7657.69,7555.0,30,245,0.1691,0.005922
2026-09-14 12:05:29,SPX,7627.68,7657.69,7705.0,125,2044,0.1305,0.005922
2026-09-14 12:05:29,SPX,7627.68,7657.69,7550.0,66,971,0.1711,0.005922
2026-09-14 12:05:29,SPX,7627.68,7657.69,7710.0,827,106,0.1298,0.005922
2026-09-14 12:05:29,SPX,7627.68,7657.69,7545.0,4,234,0.173,0.005922
2026-09-14 12:05:29,SPX,7627.68,7657.69,7715.0,226,1313,0.1291,0.005922
2026-09-14 12:05:29,SPX,7627.68,7657.69,7540.0,26,558,0.175,0.005922
2026-09-14 12:05:29,SPX,7627.68,7657.69,7720.0,333,74,0.1284,0.005922
2026-09-14 12:05:29,SPX,7627.68,7657.69,7535.0,5,247,0.177,0.005922
2026-09-14 12:05:29,SPX,7627.68,7657.69,7725.0,894,102,0.1278,0.005922
2026-09-14 12:05:29,SPX,7627.68,7657.69,7530.0,36,367,0.179,0.005922
2026-09-14 12:05:29,SPX,7627.68,7657.69,7730.0,2632,2029,0.1273,0.005922
2026-09-14 12:05:29,SPX,7627.68,7657.69,7525.0,35,2414,0.1808,0.005922
2026-09-14 12:05:29,SPX,7627.68,7657.69,7735.0,623,10,0.1269,0.005922
2026-09-14 12:05:29,SPX,7627.68,7657.69,7520.0,26,946,0.1825,0.005922
2026-09-14 12:05:29,SPX,7627.68,7657.69,7740.0,1778,1337,0.1266,0.005922
2026-09-14 12:05:29,SPX,7627.68,7657.69,7515.0,43,171,0.184,0.005922
2026-09-14 12:05:29,SPX,7627.68,7657.69,7745.0,497,122,0.1265,0.005922
2026-09-14 12:05:29,SPX,7627.68,7657.69,7510.0,40,185,0.1856,0.005922
2026-09-14 12:05:29,SPX,7627.68,7657.69,7750.0,1137,298,0.1265,0.005922
2026-09-14 12:05:29,SPX,7627.68,7657.69,7505.0,26,246,0.1871,0.005922
2026-09-14 12:05:29,SPX,7627.68,7657.69,7755.0,2504,30,0.1266,0.005922
2026-09-14 12:05:29,SPX,7627.68,7657.69,7500.0,43,2563,0.1887,0.005922
2026-09-14 12:05:29,SPX,7627.68,7657.69,7760.0,444,61,0.1269,0.005922
2026-09-14 12:05:29,SPX,7627.68,7657.69,7495.0,0,148,0.1905,0.005922
2026-09-14 12:05:29,SPX,7627.68,7657.69,7765.0,1907,14,0.1273,0.005922
2026-09-14 12:05:29,SPX,7627.68,7657.69,7490.0,0,302,0.1924,0.005922
2026-09-14 12:05:29,SPX,7627.68,7657.69,7770.0,966,30,0.1279,0.005922
2026-09-14 12:05:29,SPX,7627.68,7657.69,7485.0,3,172,0.1944,0.005922
2026-09-14 12:05:29,SPX,7627.68,7657.69,7775.0,1163,62,0.1286,0.005922
2026-09-14 12:05:29,SPX,7627.68,7657.69,7480.0,7,320,0.1965,0.005922
2026-09-14 12:05:29,SPX,7627.68,7657.69,7780.0,887,32,0.1294,0.005922
2026-09-14 12:05:29,SPX,7627.68,7657.69,7475.0,24,984,0.1985,0.005922
2026-09-14 12:05:29,SPX,7627.68,7657.69,7785.0,339,279,0.1303,0.005922
2026-09-14 12:05:29,SPX,7627.68,7657.69,7470.0,25,842,0.2006,0.005922
2026-09-14 12:05:29,SPX,7627.68,7657.69,7790.0,595,24,0.1313,0.005922
2026-09-14 12:05:29,SPX,7627.68,7657.69,7465.0,0,409,0.2027,0.005922
2026-09-14 12:05:29,SPX,7627.68,7657.69,7795.0,356,13,0.1324,0.005922
2026-09-14 12:05:29,SPX,7627.68,7657.69,7460.0,25,380,0.2047,0.005922
2026-09-14 12:05:29,SPX,7627.68,7657.69,7800.0,3052,36,0.1336,0.005922
2026-09-14 12:05:29,SPX,7627.68,7657.69,7455.0,0,208,0.2068,0.005922
2026-09-14 12:05:29,SPX,7627.68,7657.69,7805.0,1690,1,0.1348,0.005922
2026-09-14 12:05:29,SPX,7627.68,7657.69,7450.0,3,873,0.2088,0.005922
2026-09-14 12:05:29,SPX,7627.68,7657.69,7810.0,538,32,0.1361,0.005922
2026-09-14 12:05:29,SPX,7627.68,7657.69,7445.0,0,160,0.2108,0.005922
2026-09-14 12:05:29,SPX,7627.68,7657.69,7815.0,433,4,0.1375,0.005922
2026-09-14 12:05:29,SPX,7627.68,7657.69,7440.0,0,250,0.2128,0.005922
2026-09-14 12:05:29,SPX,7627.68,7657.69,7820.0,1311,62,0.1389,0.005922
2026-09-14 12:05:29,SPX,7627.68,7657.69,7435.0,0,111,0.2147,0.005922
2026-09-14 12:05:29,SPX,7627.68,7657.69,7825.0,1157,42,0.1403,0.005922
2026-09-14 12:05:29,SPX,7627.68,7657.69,7430.0,0,160,0.2167,0.005922
2026-09-14 12:05:29,SPX,7627.68,7657.69,7830.0,439,126,0.1418,0.005922
2026-09-14 12:05:29,SPX,7627.68,7657.69,7425.0,6,354,0.2188,0.005922
2026-09-14 12:05:29,SPX,7627.68,7657.69,7835.0,380,30,0.1433,0.005922
2026-09-14 12:05:29,SPX,7627.68,7657.69,7420.0,1,667,0.2208,0.005922
2026-09-14 12:05:29,SPX,7627.68,7657.69,7840.0,487,1,0.1448,0.005922
2026-09-14 12:05:29,SPX,7627.68,7657.69,7415.0,0,236,0.2229,0.005922
2026-09-14 12:05:29,SPX,7627.68,7657.69,7845.0,248,1,0.1464,0.005922
2026-09-14 12:05:29,SPX,7627.68,7657.69,7410.0,0,210,0.225,0.005922
2026-09-14 12:05:29,SPX,7627.68,7657.69,7850.0,1424,123,0.148,0.005922
2026-09-14 12:05:29,SPX,7627.68,7657.69,7405.0,0,233,0.2272,0.005922
2026-09-14 12:05:29,SPX,7627.68,7657.69,7855.0,210,0,0.1497,0.005922
2026-09-14 12:05:29,SPX,7627.68,7657.69,7400.0,31,2257,0.2294,0.005922
2026-09-14 12:05:29,SPX,7627.68,7657.69,7860.0,585,3,0.1514,0.005922
2026-09-14 12:05:29,SPX,7627.68,7657.69,7395.0,0,1437,0.2316,0.005922
2026-09-14 12:05:29,SPX,7627.68,7657.69,7865.0,389,6,0.1531,0.005922
2026-09-14 12:05:29,SPX,7627.68,7657.69,7390.0,30,406,0.2339,0.005922
2026-09-14 12:05:29,SPX,7627.68,7657.69,7870.0,377,0,0.1549,0.005922
2026-09-14 12:05:29,SPX,7627.68,7657.69,7385.0,1,191,0.2363,0.005922
2026-09-14 12:05:29,SPX,7627.68,7657.69,7875.0,1075,19,0.1568,0.005922
2026-09-14 12:05:29,SPX,7627.68,7657.69,7380.0,1,456,0.2386,0.005922
2026-09-14 12:35:51,SPX,7635.41,7659.77,7635.0,261,755,0.1311,0.000388
2026-09-14 12:35:51,SPX,7635.41,7659.77,7640.0,407,890,0.1305,0.000388
2026-09-14 12:35:51,SPX,7635.41,7659.77,7630.0,269,1151,0.1344,0.000388
2026-09-14 12:35:51,SPX,7635.41,7659.77,7645.0,338,1275,0.1292,0.000388
2026-09-14 12:35:51,SPX,7635.41,7659.77,7625.0,492,1894,0.1373,0.000388
2026-09-14 12:35:51,SPX,7635.41,7659.77,7650.0,2328,2140,0.1306,0.000388
2026-09-14 12:35:51,SPX,7635.41,7659.77,7620.0,146,1404,0.1426,0.000388
2026-09-14 12:35:51,SPX,7635.41,7659.77,7655.0,1374,904,0.1327,0.000388
2026-09-14 12:35:51,SPX,7635.41,7659.77,7615.0,205,2588,0.1485,0.000388
2026-09-14 12:35:51,SPX,7635.41,7659.77,7660.0,1081,1336,0.1368,0.000388
2026-09-14 12:35:51,SPX,7635.41,7659.77,7610.0,276,1598,0.1544,0.000388
2026-09-14 12:35:51,SPX,7635.41,7659.77,7665.0,1125,984,0.1428,0.000388
2026-09-14 12:35:51,SPX,7635.41,7659.77,7605.0,582,3198,0.1613,0.000388
2026-09-14 12:35:51,SPX,7635.41,7659.77,7670.0,1245,716,0.1498,0.000388
2026-09-14 12:35:51,SPX,7635.41,7659.77,7600.0,1069,4496,0.1701,0.000388
2026-09-14 12:35:51,SPX,7635.41,7659.77,7675.0,3444,1867,0.1578,0.000388
2026-09-14 12:35:51,SPX,7635.41,7659.77,7595.0,255,978,0.1787,0.000388
2026-09-14 12:35:51,SPX,7635.41,7659.77,7680.0,2948,1779,0.1665,0.000388
2026-09-14 12:35:51,SPX,7635.41,7659.77,7590.0,97,1818,0.1872,0.000388
2026-09-14 12:35:51,SPX,7635.41,7659.77,7685.0,796,272,0.1753,0.000388
2026-09-14 12:35:51,SPX,7635.41,7659.77,7585.0,189,1180,0.1943,0.000388
2026-09-14 12:35:51,SPX,7635.41,7659.77,7690.0,1113,270,0.1836,0.000388
2026-09-14 12:35:51,SPX,7635.41,7659.77,7580.0,96,2170,0.207,0.000388
2026-09-14 12:35:51,SPX,7635.41,7659.77,7695.0,1805,157,0.1915,0.000388
2026-09-14 12:35:51,SPX,7635.41,7659.77,7575.0,238,3088,0.2126,0.000388
2026-09-14 12:35:51,SPX,7635.41,7659.77,7700.0,3735,1374,0.1994,0.000388
2026-09-14 12:35:51,SPX,7635.41,7659.77,7570.0,61,1484,0.2274,0.000388
2026-09-14 12:35:51,SPX,7635.41,7659.77,7705.0,3576,952,0.2075,0.000388
2026-09-14 12:35:51,SPX,7635.41,7659.77,7565.0,73,1290,0.2369,0.000388
2026-09-14 12:35:51,SPX,7635.41,7659.77,7710.0,1629,230,0.2157,0.000388
2026-09-14 12:35:51,SPX,7635.41,7659.77,7560.0,66,2432,0.2438,0.000388
2026-09-14 12:35:51,SPX,7635.41,7659.77,7715.0,3168,78,0.2242,0.000388
2026-09-14 12:35:51,SPX,7635.41,7659.77,7555.0,41,2475,0.258,0.000388
2026-09-14 12:35:51,SPX,7635.41,7659.77,7720.0,6710,256,0.2331,0.000388
2026-09-14 12:35:51,SPX,7635.41,7659.77,7550.0,61,5411,0.2681,0.000388
2026-09-14 12:35:51,SPX,7635.41,7659.77,7725.0,3627,371,0.2423,0.000388
2026-09-14 12:35:51,SPX,7635.41,7659.77,7545.0,27,4407,0.2777,0.000388
2026-09-14 12:35:51,SPX,7635.41,7659.77,7730.0,3683,1017,0.2516,0.000388
2026-09-14 12:35:51,SPX,7635.41,7659.77,7540.0,25,1517,0.2899,0.000388
2026-09-14 12:35:51,SPX,7635.41,7659.77,7735.0,2667,96,0.2607,0.000388
2026-09-14 12:35:51,SPX,7635.41,7659.77,7535.0,13,2818,0.3023,0.000388
2026-09-14 12:35:51,SPX,7635.41,7659.77,7740.0,1858,89,0.2694,0.000388
2026-09-14 12:35:51,SPX,7635.41,7659.77,7530.0,51,3495,0.314,0.000388
2026-09-14 12:35:51,SPX,7635.41,7659.77,7745.0,1727,54,0.2776,0.000388
2026-09-14 12:35:51,SPX,7635.41,7659.77,7525.0,64,5429,0.3248,0.000388
2026-09-14 12:35:51,SPX,7635.41,7659.77,7750.0,3036,396,0.2852,0.000388
2026-09-14 12:35:51,SPX,7635.41,7659.77,7520.0,38,2095,0.3352,0.000388
2026-09-14 12:35:51,SPX,7635.41,7659.77,7755.0,1674,33,0.2921,0.000388
2026-09-14 12:35:51,SPX,7635.41,7659.77,7515.0,30,892,0.3456,0.000388
2026-09-14 12:35:51,SPX,7635.41,7659.77,7760.0,4448,105,0.2983,0.000388
2026-09-14 12:35:51,SPX,7635.41,7659.77,7510.0,78,801,0.3562,0.000388
2026-09-14 12:35:51,SPX,7635.41,7659.77,7765.0,1301,46,0.3038,0.000388
2026-09-14 12:35:51,SPX,7635.41,7659.77,7505.0,6,1667,0.3671,0.000388
2026-09-14 12:35:51,SPX,7635.41,7659.77,7770.0,1587,111,0.3086,0.000388
2026-09-14 12:35:51,SPX,7635.41,7659.77,7500.0,134,9425,0.3781,0.000388
2026-09-14 12:35:51,SPX,7635.41,7659.77,7775.0,6475,70,0.3127,0.000388
2026-09-14 12:35:51,SPX,7635.41,7659.77,7495.0,4,488,0.3894,0.000388
2026-09-14 12:35:51,SPX,7635.41,7659.77,7780.0,8118,89,0.3161,0.000388
2026-09-14 12:35:51,SPX,7635.41,7659.77,7490.0,21,806,0.4008,0.000388
2026-09-14 12:35:51,SPX,7635.41,7659.77,7785.0,8660,32,0.3189,0.000388
2026-09-14 12:35:51,SPX,7635.41,7659.77,7485.0,4,1294,0.4123,0.000388
2026-09-14 12:35:51,SPX,7635.41,7659.77,7790.0,3394,73,0.321,0.000388
2026-09-14 12:35:51,SPX,7635.41,7659.77,7480.0,44,954,0.4238,0.000388
2026-09-14 12:35:51,SPX,7635.41,7659.77,7795.0,599,3,0.3225,0.000388
2026-09-14 12:35:51,SPX,7635.41,7659.77,7475.0,44,2221,0.4353,0.000388
2026-09-14 12:35:51,SPX,7635.41,7659.77,7800.0,4155,299,0.3235,0.000388
2026-09-14 12:35:51,SPX,7635.41,7659.77,7470.0,7,2414,0.4466,0.000388
2026-09-14 12:35:51,SPX,7635.41,7659.77,7805.0,3131,8,0.324,0.000388
2026-09-14 12:35:51,SPX,7635.41,7659.77,7465.0,1,1379,0.4579,0.000388
2026-09-14 12:35:51,SPX,7635.41,7659.77,7810.0,1254,27,0.3241,0.000388
2026-09-14 12:35:51,SPX,7635.41,7659.77,7460.0,6,2276,0.4689,0.000388
2026-09-14 12:35:51,SPX,7635.41,7659.77,7815.0,483,4,0.3238,0.000388
2026-09-14 12:35:51,SPX,7635.41,7659.77,7455.0,2,958,0.4799,0.000388
2026-09-14 12:35:51,SPX,7635.41,7659.77,7820.0,1135,83,0.3231,0.000388
2026-09-14 12:35:51,SPX,7635.41,7659.77,7450.0,22,3029,0.4908,0.000388
2026-09-14 12:35:51,SPX,7635.41,7659.77,7825.0,3742,49,0.3222,0.000388
2026-09-14 12:35:51,SPX,7635.41,7659.77,7445.0,0,297,0.5016,0.000388
2026-09-14 12:35:51,SPX,7635.41,7659.77,7830.0,452,12,0.321,0.000388
2026-09-14 12:35:51,SPX,7635.41,7659.77,7440.0,0,6015,0.5123,0.000388
2026-09-14 12:35:51,SPX,7635.41,7659.77,7835.0,413,0,0.3196,0.000388
2026-09-14 12:35:51,SPX,7635.41,7659.77,7435.0,0,1279,0.5229,0.000388
2026-09-14 12:35:51,SPX,7635.41,7659.77,7840.0,670,13,0.3179,0.000388
2026-09-14 12:35:51,SPX,7635.41,7659.77,7430.0,9,475,0.5335,0.000388
2026-09-14 12:35:51,SPX,7635.41,7659.77,7845.0,1762,1,0.3162,0.000388
2026-09-14 12:35:51,SPX,7635.41,7659.77,7425.0,34,7642,0.5439,0.000388
2026-09-14 12:35:51,SPX,7635.41,7659.77,7850.0,18075,37,0.3143,0.000388
2026-09-14 12:35:51,SPX,7635.41,7659.77,7420.0,7,844,0.5543,0.000388
2026-09-14 12:35:51,SPX,7635.41,7659.77,7855.0,285,0,0.3122,0.000388
2026-09-14 12:35:51,SPX,7635.41,7659.77,7415.0,0,320,0.5646,0.000388
2026-09-14 12:35:51,SPX,7635.41,7659.77,7860.0,1526,3,0.3101,0.000388
2026-09-14 12:35:51,SPX,7635.41,7659.77,7410.0,30,1280,0.5748,0.000388
2026-09-14 12:35:51,SPX,7635.41,7659.77,7865.0,3507,1,0.308,0.000388
2026-09-14 12:35:51,SPX,7635.41,7659.77,7405.0,5,1222,0.585,0.000388
2026-09-14 12:35:51,SPX,7635.41,7659.77,7870.0,1472,7,0.3057,0.000388
2026-09-14 12:35:51,SPX,7635.41,7659.77,7400.0,38,5111,0.5952,0.000388
2026-09-14 12:35:51,SPX,7635.41,7659.77,7875.0,1671,7,0.3035,0.000388
2026-09-14 12:35:51,SPX,7635.41,7659.77,7395.0,14,340,0.6054,0.000388
2026-09-14 12:35:51,SPX,7635.41,7659.77,7880.0,3027,3,0.3012,0.000388
2026-09-14 12:35:51,SPX,7635.41,7659.77,7390.0,4,790,0.6157,0.000388
2026-09-14 12:35:51,SPX,7635.41,7659.77,7885.0,247,0,0.2988,0.000388
2026-09-14 12:35:51,SPX,7635.41,7659.77,7635.0,88,410,0.1201,0.003126
2026-09-14 12:35:51,SPX,7635.41,7659.77,7640.0,190,538,0.1183,0.003126
2026-09-14 12:35:51,SPX,7635.41,7659.77,7630.0,159,521,0.1218,0.003126
2026-09-14 12:35:51,SPX,7635.41,7659.77,7645.0,108,293,0.1163,0.003126
2026-09-14 12:35:51,SPX,7635.41,7659.77,7625.0,148,1093,0.1239,0.003126
2026-09-14 12:35:51,SPX,7635.41,7659.77,7650.0,1180,2458,0.1142,0.003126
2026-09-14 12:35:51,SPX,7635.41,7659.77,7620.0,86,3068,0.126,0.003126
2026-09-14 12:35:51,SPX,7635.41,7659.77,7655.0,256,257,0.1123,0.003126
2026-09-14 12:35:51,SPX,7635.41,7659.77,7615.0,123,2373,0.1281,0.003126
2026-09-14 12:35:51,SPX,7635.41,7659.77,7660.0,332,304,0.1109,0.003126
2026-09-14 12:35:51,SPX,7635.41,7659.77,7610.0,68,764,0.1301,0.003126
2026-09-14 12:35:51,SPX,7635.41,7659.77,7665.0,309,449,0.1099,0.003126
2026-09-14 12:35:51,SPX,7635.41,7659.77,7605.0,115,216,0.1319,0.003126
2026-09-14 12:35:51,SPX,7635.41,7659.77,7670.0,301,552,0.1092,0.003126
2026-09-14 12:35:51,SPX,7635.41,7659.77,7600.0,181,1536,0.1355,0.003126
2026-09-14 12:35:51,SPX,7635.41,7659.77,7675.0,1667,1631,0.1086,0.003126
2026-09-14 12:35:51,SPX,7635.41,7659.77,7595.0,102,3426,0.1375,0.003126
2026-09-14 12:35:51,SPX,7635.41,7659.77,7680.0,383,560,0.108,0.003126
2026-09-14 12:35:51,SPX,7635.41,7659.77,7590.0,41,432,0.1392,0.003126
2026-09-14 12:35:51,SPX,7635.41,7659.77,7685.0,276,695,0.1075,0.003126
2026-09-14 12:35:51,SPX,7635.41,7659.77,7585.0,34,188,0.1421,0.003126
2026-09-14 12:35:51,SPX,7635.41,7659.77,7690.0,413,299,0.1071,0.003126
2026-09-14 12:35:51,SPX,7635.41,7659.77,7580.0,88,696,0.1454,0.003126
2026-09-14 12:35:51,SPX,7635.41,7659.77,7695.0,266,183,0.1068,0.003126
2026-09-14 12:35:51,SPX,7635.41,7659.77,7575.0,53,902,0.1482,0.003126
2026-09-14 12:35:51,SPX,7635.41,7659.77,7700.0,0,729,0.1068,0.003126
2026-09-14 12:35:51,SPX,7635.41,7659.77,7570.0,50,531,0.15,0.003126
2026-09-14 12:35:51,SPX,7635.41,7659.77,7705.0,374,438,0.1069,0.003126
2026-09-14 12:35:51,SPX,7635.41,7659.77,7565.0,31,346,0.1514,0.003126
2026-09-14 12:35:51,SPX,7635.41,7659.77,7710.0,1141,759,0.1075,0.003126
2026-09-14 12:35:51,SPX,7635.41,7659.77,7560.0,38,506,0.1538,0.003126
2026-09-14 12:35:51,SPX,7635.41,7659.77,7715.0,505,159,0.1083,0.003126
2026-09-14 12:35:51,SPX,7635.41,7659.77,7555.0,25,342,0.1575,0.003126
2026-09-14 12:35:51,SPX,7635.41,7659.77,7720.0,790,206,0.1095,0.003126
2026-09-14 12:35:51,SPX,7635.41,7659.77,7550.0,47,2766,0.1605,0.003126
2026-09-14 12:35:51,SPX,7635.41,7659.77,7725.0,1258,289,0.111,0.003126
2026-09-14 12:35:51,SPX,7635.41,7659.77,7545.0,17,380,0.1621,0.003126
2026-09-14 12:35:51,SPX,7635.41,7659.77,7730.0,552,205,0.1127,0.003126
2026-09-14 12:35:51,SPX,7635.41,7659.77,7540.0,28,437,0.165,0.003126
2026-09-14 12:35:51,SPX,7635.41,7659.77,7735.0,1185,48,0.1146,0.003126
2026-09-14 12:35:51,SPX,7635.41,7659.77,7535.0,22,561,0.1683,0.003126
2026-09-14 12:35:51,SPX,7635.41,7659.77,7740.0,577,90,0.1166,0.003126
2026-09-14 12:35:51,SPX,7635.41,7659.77,7530.0,30,319,0.1715,0.003126
2026-09-14 12:35:51,SPX,7635.41,7659.77,7745.0,773,75,0.1187,0.003126
2026-09-14 12:35:51,SPX,7635.41,7659.77,7525.0,87,1191,0.1744,0.003126
2026-09-14 12:35:51,SPX,7635.41,7659.77,7750.0,1883,803,0.1209,0.003126
2026-09-14 12:35:51,SPX,7635.41,7659.77,7520.0,99,292,0.1769,0.003126
2026-09-14 12:35:51,SPX,7635.41,7659.77,7755.0,322,37,0.123,0.003126
2026-09-14 12:35:51,SPX,7635.41,7659.77,7515.0,24,229,0.1794,0.003126
2026-09-14 12:35:51,SPX,7635.41,7659.77,7760.0,630,60,0.1253,0.003126
2026-09-14 12:35:51,SPX,7635.41,7659.77,7510.0,7,407,0.1821,0.003126
2026-09-14 12:35:51,SPX,7635.41,7659.77,7765.0,566,22,0.1277,0.003126
2026-09-14 12:35:51,SPX,7635.41,7659.77,7505.0,7,253,0.1851,0.003126
2026-09-14 12:35:51,SPX,7635.41,7659.77,7770.0,591,33,0.1303,0.003126
2026-09-14 12:35:51,SPX,7635.41,7659.77,7500.0,50,3136,0.1885,0.003126
2026-09-14 12:35:51,SPX,7635.41,7659.77,7775.0,1185,26,0.133,0.003126
2026-09-14 12:35:51,SPX,7635.41,7659.77,7495.0,0,1326,0.192,0.003126
2026-09-14 12:35:51,SPX,7635.41,7659.77,7780.0,898,122,0.1359,0.003126
2026-09-14 12:35:51,SPX,7635.41,7659.77,7490.0,7,439,0.1955,0.003126
2026-09-14 12:35:51,SPX,7635.41,7659.77,7785.0,427,24,0.1388,0.003126
2026-09-14 12:35:51,SPX,7635.41,7659.77,7485.0,1,211,0.199,0.003126
2026-09-14 12:35:51,SPX,7635.41,7659.77,7790.0,422,69,0.1417,0.003126
2026-09-14 12:35:51,SPX,7635.41,7659.77,7480.0,4,257,0.2025,0.003126
2026-09-14 12:35:51,SPX,7635.41,7659.77,7795.0,336,0,0.1444,0.003126
2026-09-14 12:35:51,SPX,7635.41,7659.77,7475.0,8,396,0.2061,0.003126
2026-09-14 12:35:51,SPX,7635.41,7659.77,7800.0,3029,51,0.1471,0.003126
2026-09-14 12:35:51,SPX,7635.41,7659.77,7470.0,0,229,0.2096,0.003126
2026-09-14 12:35:51,SPX,7635.41,7659.77,7805.0,420,6,0.1495,0.003126
2026-09-14 12:35:51,SPX,7635.41,7659.77,7465.0,0,172,0.2131,0.003126
2026-09-14 12:35:51,SPX,7635.41,7659.77,7810.0,711,7,0.1517,0.003126
2026-09-14 12:35:51,SPX,7635.41,7659.77,7460.0,5,563,0.2165,0.003126
2026-09-14 12:35:51,SPX,7635.41,7659.77,7815.0,478,1,0.1536,0.003126
2026-09-14 12:35:51,SPX,7635.41,7659.77,7455.0,14,91,0.2199,0.003126
2026-09-14 12:35:51,SPX,7635.41,7659.77,7820.0,719,19,0.155,0.003126
2026-09-14 12:35:51,SPX,7635.41,7659.77,7450.0,11,1696,0.2233,0.003126
2026-09-14 12:35:51,SPX,7635.41,7659.77,7825.0,2219,41,0.1593,0.003126
2026-09-14 12:35:51,SPX,7635.41,7659.77,7445.0,1,343,0.2238,0.003126
2026-09-14 12:35:51,SPX,7635.41,7659.77,7830.0,1772,3,0.1596,0.003126
2026-09-14 12:35:51,SPX,7635.41,7659.77,7440.0,81,473,0.2272,0.003126
2026-09-14 12:35:51,SPX,7635.41,7659.77,7835.0,638,0,0.1593,0.003126
2026-09-14 12:35:51,SPX,7635.41,7659.77,7435.0,0,209,0.2307,0.003126
2026-09-14 12:35:51,SPX,7635.41,7659.77,7840.0,486,4,0.1587,0.003126
2026-09-14 12:35:51,SPX,7635.41,7659.77,7430.0,0,335,0.2343,0.003126
2026-09-14 12:35:51,SPX,7635.41,7659.77,7845.0,439,1,0.1576,0.003126
2026-09-14 12:35:51,SPX,7635.41,7659.77,7425.0,10,1228,0.238,0.003126
2026-09-14 12:35:51,SPX,7635.41,7659.77,7850.0,758,32,0.1564,0.003126
2026-09-14 12:35:51,SPX,7635.41,7659.77,7420.0,2,274,0.2418,0.003126
2026-09-14 12:35:51,SPX,7635.41,7659.77,7855.0,257,0,0.1549,0.003126
2026-09-14 12:35:51,SPX,7635.41,7659.77,7415.0,0,269,0.2456,0.003126
2026-09-14 12:35:51,SPX,7635.41,7659.77,7860.0,321,0,0.1533,0.003126
2026-09-14 12:35:51,SPX,7635.41,7659.77,7410.0,32,301,0.2495,0.003126
2026-09-14 12:35:51,SPX,7635.41,7659.77,7865.0,337,0,0.1517,0.003126
2026-09-14 12:35:51,SPX,7635.41,7659.77,7405.0,0,163,0.2534,0.003126
2026-09-14 12:35:51,SPX,7635.41,7659.77,7870.0,382,0,0.15,0.003126
2026-09-14 12:35:51,SPX,7635.41,7659.77,7400.0,11,3737,0.2574,0.003126
2026-09-14 12:35:51,SPX,7635.41,7659.77,7875.0,1031,1,0.1483,0.003126
2026-09-14 12:35:51,SPX,7635.41,7659.77,7395.0,0,92,0.2614,0.003126
2026-09-14 12:35:51,SPX,7635.41,7659.77,7880.0,333,0,0.1467,0.003126
2026-09-14 12:35:51,SPX,7635.41,7659.77,7390.0,0,270,0.2655,0.003126
2026-09-14 12:35:51,SPX,7635.41,7659.77,7885.0,168,0,0.1452,0.003126
2026-09-14 12:35:51,SPX,7635.41,7659.77,7635.0,100,393,0.146,0.005864
2026-09-14 12:35:51,SPX,7635.41,7659.77,7640.0,173,260,0.1445,0.005864
2026-09-14 12:35:51,SPX,7635.41,7659.77,7630.0,190,311,0.1475,0.005864
2026-09-14 12:35:51,SPX,7635.41,7659.77,7645.0,125,436,0.1431,0.005864
2026-09-14 12:35:51,SPX,7635.41,7659.77,7625.0,76,3525,0.1492,0.005864
2026-09-14 12:35:51,SPX,7635.41,7659.77,7650.0,3942,4297,0.1419,0.005864
2026-09-14 12:35:51,SPX,7635.41,7659.77,7620.0,92,165,0.1508,0.005864
2026-09-14 12:35:51,SPX,7635.41,7659.77,7655.0,88,769,0.1408,0.005864
2026-09-14 12:35:51,SPX,7635.41,7659.77,7615.0,30,136,0.1523,0.005864
2026-09-14 12:35:51,SPX,7635.41,7659.77,7660.0,149,214,0.1397,0.005864
2026-09-14 12:35:51,SPX,7635.41,7659.77,7610.0,86,444,0.1538,0.005864
2026-09-14 12:35:51,SPX,7635.41,7659.77,7665.0,153,256,0.1385,0.005864
2026-09-14 12:35:51,SPX,7635.41,7659.77,7605.0,46,171,0.1555,0.005864
2026-09-14 12:35:51,SPX,7635.41,7659.77,7670.0,252,521,0.1372,0.005864
2026-09-14 12:35:51,SPX,7635.41,7659.77,7600.0,299,2447,0.1572,0.005864
2026-09-14 12:35:51,SPX,7635.41,7659.77,7675.0,3101,555,0.1358,0.005864
2026-09-14 12:35:51,SPX,7635.41,7659.77,7595.0,81,353,0.1589,0.005864
2026-09-14 12:35:51,SPX,7635.41,7659.77,7680.0,431,792,0.1346,0.005864
2026-09-14 12:35:51,SPX,7635.41,7659.77,7590.0,83,381,0.1605,0.005864
2026-09-14 12:35:51,SPX,7635.41,7659.77,7685.0,799,212,0.1334,0.005864
2026-09-14 12:35:51,SPX,7635.41,7659.77,7585.0,83,325,0.162,0.005864
2026-09-14 12:35:51,SPX,7635.41,7659.77,7690.0,254,121,0.1324,0.005864
2026-09-14 12:35:51,SPX,7635.41,7659.77,7580.0,31,654,0.1641,0.005864
2026-09-14 12:35:51,SPX,7635.41,7659.77,7695.0,197,111,0.1314,0.005864
2026-09-14 12:35:51,SPX,7635.41,7659.77,7575.0,46,586,0.1655,0.005864
2026-09-14 12:35:51,SPX,7635.41,7659.77,7700.0,1164,639,0.1305,0.005864
2026-09-14 12:35:51,SPX,7635.41,7659.77,7570.0,20,769,0.1667,0.005864
2026-09-14 12:35:51,SPX,7635.41,7659.77,7705.0,125,2044,0.1298,0.005864
2026-09-14 12:35:51,SPX,7635.41,7659.77,7565.0,10,210,0.169,0.005864
2026-09-14 12:35:51,SPX,7635.41,7659.77,7710.0,827,106,0.1292,0.005864
2026-09-14 12:35:51,SPX,7635.41,7659.77,7560.0,37,297,0.1701,0.005864
2026-09-14 12:35:51,SPX,7635.41,7659.77,7715.0,226,1313,0.1287,0.005864
2026-09-14 12:35:51,SPX,7635.41,7659.77,7555.0,30,245,0.1719,0.005864
2026-09-14 12:35:51,SPX,7635.41,7659.77,7720.0,333,74,0.1282,0.005864
2026-09-14 12:35:51,SPX,7635.41,7659.77,7550.0,66,971,0.1736,0.005864
2026-09-14 12:35:51,SPX,7635.41,7659.77,7725.0,894,102,0.1277,0.005864
2026-09-14 12:35:51,SPX,7635.41,7659.77,7545.0,4,234,0.1756,0.005864
2026-09-14 12:35:51,SPX,7635.41,7659.77,7730.0,2632,2029,0.1273,0.005864
2026-09-14 12:35:51,SPX,7635.41,7659.77,7540.0,26,558,0.1777,0.005864
2026-09-14 12:35:51,SPX,7635.41,7659.77,7735.0,623,10,0.1269,0.005864
2026-09-14 12:35:51,SPX,7635.41,7659.77,7535.0,5,247,0.1799,0.005864
2026-09-14 12:35:51,SPX,7635.41,7659.77,7740.0,1778,1337,0.1266,0.005864
2026-09-14 12:35:51,SPX,7635.41,7659.77,7530.0,36,367,0.1817,0.005864
2026-09-14 12:35:51,SPX,7635.41,7659.77,7745.0,497,122,0.1263,0.005864
2026-09-14 12:35:51,SPX,7635.41,7659.77,7525.0,35,2414,0.1833,0.005864
2026-09-14 12:35:51,SPX,7635.41,7659.77,7750.0,1137,298,0.1261,0.005864
2026-09-14 12:35:51,SPX,7635.41,7659.77,7520.0,26,946,0.1847,0.005864
2026-09-14 12:35:51,SPX,7635.41,7659.77,7755.0,2504,30,0.1261,0.005864
2026-09-14 12:35:51,SPX,7635.41,7659.77,7515.0,43,171,0.1861,0.005864
2026-09-14 12:35:51,SPX,7635.41,7659.77,7760.0,444,61,0.1261,0.005864
2026-09-14 12:35:51,SPX,7635.41,7659.77,7510.0,40,185,0.1876,0.005864
2026-09-14 12:35:51,SPX,7635.41,7659.77,7765.0,1907,14,0.1262,0.005864
2026-09-14 12:35:51,SPX,7635.41,7659.77,7505.0,26,246,0.1892,0.005864
2026-09-14 12:35:51,SPX,7635.41,7659.77,7770.0,966,30,0.1265,0.005864
2026-09-14 12:35:51,SPX,7635.41,7659.77,7500.0,43,2563,0.1909,0.005864
2026-09-14 12:35:51,SPX,7635.41,7659.77,7775.0,1163,62,0.1269,0.005864
2026-09-14 12:35:51,SPX,7635.41,7659.77,7495.0,0,148,0.1928,0.005864
2026-09-14 12:35:51,SPX,7635.41,7659.77,7780.0,887,32,0.1275,0.005864
2026-09-14 12:35:51,SPX,7635.41,7659.77,7490.0,0,302,0.1947,0.005864
2026-09-14 12:35:51,SPX,7635.41,7659.77,7785.0,339,279,0.1282,0.005864
2026-09-14 12:35:51,SPX,7635.41,7659.77,7485.0,3,172,0.1967,0.005864
2026-09-14 12:35:51,SPX,7635.41,7659.77,7790.0,595,24,0.129,0.005864
2026-09-14 12:35:51,SPX,7635.41,7659.77,7480.0,7,320,0.1987,0.005864
2026-09-14 12:35:51,SPX,7635.41,7659.77,7795.0,356,13,0.1299,0.005864
2026-09-14 12:35:51,SPX,7635.41,7659.77,7475.0,24,984,0.2007,0.005864
2026-09-14 12:35:51,SPX,7635.41,7659.77,7800.0,3052,36,0.1309,0.005864
2026-09-14 12:35:51,SPX,7635.41,7659.77,7470.0,25,842,0.2028,0.005864
2026-09-14 12:35:51,SPX,7635.41,7659.77,7805.0,1690,1,0.132,0.005864
2026-09-14 12:35:51,SPX,7635.41,7659.77,7465.0,0,409,0.2048,0.005864
2026-09-14 12:35:51,SPX,7635.41,7659.77,7810.0,538,32,0.1332,0.005864
2026-09-14 12:35:51,SPX,7635.41,7659.77,7460.0,25,380,0.2069,0.005864
2026-09-14 12:35:51,SPX,7635.41,7659.77,7815.0,433,4,0.1345,0.005864
2026-09-14 12:35:51,SPX,7635.41,7659.77,7455.0,0,208,0.2089,0.005864
2026-09-14 12:35:51,SPX,7635.41,7659.77,7820.0,1311,62,0.1359,0.005864
2026-09-14 12:35:51,SPX,7635.41,7659.77,7450.0,3,873,0.2109,0.005864
2026-09-14 12:35:51,SPX,7635.41,7659.77,7825.0,1157,42,0.1373,0.005864
2026-09-14 12:35:51,SPX,7635.41,7659.77,7445.0,0,160,0.2129,0.005864
2026-09-14 12:35:51,SPX,7635.41,7659.77,7830.0,439,126,0.1389,0.005864
2026-09-14 12:35:51,SPX,7635.41,7659.77,7440.0,0,250,0.2149,0.005864
2026-09-14 12:35:51,SPX,7635.41,7659.77,7835.0,380,30,0.1405,0.005864
2026-09-14 12:35:51,SPX,7635.41,7659.77,7435.0,0,111,0.2169,0.005864
2026-09-14 12:35:51,SPX,7635.41,7659.77,7840.0,487,1,0.1422,0.005864
2026-09-14 12:35:51,SPX,7635.41,7659.77,7430.0,0,160,0.2188,0.005864
2026-09-14 12:35:51,SPX,7635.41,7659.77,7845.0,248,1,0.1439,0.005864
2026-09-14 12:35:51,SPX,7635.41,7659.77,7425.0,6,354,0.2208,0.005864
2026-09-14 12:35:51,SPX,7635.41,7659.77,7850.0,1424,123,0.1457,0.005864
2026-09-14 12:35:51,SPX,7635.41,7659.77,7420.0,1,667,0.2229,0.005864
2026-09-14 12:35:51,SPX,7635.41,7659.77,7855.0,210,0,0.1476,0.005864
2026-09-14 12:35:51,SPX,7635.41,7659.77,7415.0,0,236,0.2249,0.005864
2026-09-14 12:35:51,SPX,7635.41,7659.77,7860.0,585,3,0.1496,0.005864
2026-09-14 12:35:51,SPX,7635.41,7659.77,7410.0,0,210,0.227,0.005864
2026-09-14 12:35:51,SPX,7635.41,7659.77,7865.0,389,6,0.1516,0.005864
2026-09-14 12:35:51,SPX,7635.41,7659.77,7405.0,0,233,0.2292,0.005864
2026-09-14 12:35:51,SPX,7635.41,7659.77,7870.0,377,0,0.1537,0.005864
2026-09-14 12:35:51,SPX,7635.41,7659.77,7400.0,31,2257,0.2313,0.005864
2026-09-14 12:35:51,SPX,7635.41,7659.77,7875.0,1075,19,0.1559,0.005864
2026-09-14 12:35:51,SPX,7635.41,7659.77,7395.0,0,1437,0.2336,0.005864
2026-09-14 12:35:51,SPX,7635.41,7659.77,7880.0,313,0,0.1581,0.005864
2026-09-14 12:35:51,SPX,7635.41,7659.77,7390.0,30,406,0.2359,0.005864
2026-09-14 12:35:51,SPX,7635.41,7659.77,7885.0,282,0,0.1604,0.005864
2026-09-14 13:06:23,SPX,7639.89,7659.54,7640.0,407,890,0.133,0.00033
2026-09-14 13:06:23,SPX,7639.89,7659.54,7635.0,261,755,0.135,0.00033
2026-09-14 13:06:23,SPX,7639.89,7659.54,7645.0,338,1275,0.1322,0.00033
2026-09-14 13:06:23,SPX,7639.89,7659.54,7630.0,269,1151,0.1382,0.00033
2026-09-14 13:06:23,SPX,7639.89,7659.54,7650.0,2328,2140,0.1332,0.00033
2026-09-14 13:06:23,SPX,7639.89,7659.54,7625.0,492,1894,0.1439,0.00033
2026-09-14 13:06:23,SPX,7639.89,7659.54,7655.0,1374,904,0.136,0.00033
2026-09-14 13:06:23,SPX,7639.89,7659.54,7620.0,146,1404,0.1495,0.00033
2026-09-14 13:06:23,SPX,7639.89,7659.54,7660.0,1081,1336,0.1409,0.00033
2026-09-14 13:06:23,SPX,7639.89,7659.54,7615.0,205,2588,0.1561,0.00033
2026-09-14 13:06:23,SPX,7639.89,7659.54,7665.0,1125,984,0.1468,0.00033
2026-09-14 13:06:23,SPX,7639.89,7659.54,7610.0,276,1598,0.166,0.00033
2026-09-14 13:06:23,SPX,7639.89,7659.54,7670.0,1245,716,0.1538,0.00033
2026-09-14 13:06:23,SPX,7639.89,7659.54,7605.0,582,3198,0.1736,0.00033
2026-09-14 13:06:23,SPX,7639.89,7659.54,7675.0,3444,1867,0.1616,0.00033
2026-09-14 13:06:23,SPX,7639.89,7659.54,7600.0,1069,4496,0.1834,0.00033
2026-09-14 13:06:23,SPX,7639.89,7659.54,7680.0,2948,1779,0.1691,0.00033
2026-09-14 13:06:23,SPX,7639.89,7659.54,7595.0,255,978,0.1947,0.00033
2026-09-14 13:06:23,SPX,7639.89,7659.54,7685.0,796,272,0.1794,0.00033
2026-09-14 13:06:23,SPX,7639.89,7659.54,7590.0,97,1818,0.2015,0.00033
2026-09-14 13:06:23,SPX,7639.89,7659.54,7690.0,1113,270,0.1907,0.00033
2026-09-14 13:06:23,SPX,7639.89,7659.54,7585.0,189,1180,0.2169,0.00033
2026-09-14 13:06:23,SPX,7639.89,7659.54,7695.0,1805,157,0.201,0.00033
2026-09-14 13:06:23,SPX,7639.89,7659.54,7580.0,96,2170,0.229,0.00033
2026-09-14 13:06:23,SPX,7639.89,7659.54,7700.0,3735,1374,0.2098,0.00033
2026-09-14 13:06:23,SPX,7639.89,7659.54,7575.0,238,3088,0.2431,0.00033
2026-09-14 13:06:23,SPX,7639.89,7659.54,7705.0,3576,952,0.2177,0.00033
2026-09-14 13:06:23,SPX,7639.89,7659.54,7570.0,61,1484,0.2522,0.00033
2026-09-14 13:06:23,SPX,7639.89,7659.54,7710.0,1629,230,0.2252,0.00033
2026-09-14 13:06:23,SPX,7639.89,7659.54,7565.0,73,1290,0.2619,0.00033
2026-09-14 13:06:23,SPX,7639.89,7659.54,7715.0,3168,78,0.2329,0.00033
2026-09-14 13:06:23,SPX,7639.89,7659.54,7560.0,66,2432,0.2684,0.00033
2026-09-14 13:06:23,SPX,7639.89,7659.54,7720.0,6710,256,0.241,0.00033
2026-09-14 13:06:23,SPX,7639.89,7659.54,7555.0,41,2475,0.2816,0.00033
2026-09-14 13:06:23,SPX,7639.89,7659.54,7725.0,3627,371,0.2496,0.00033
2026-09-14 13:06:23,SPX,7639.89,7659.54,7550.0,61,5411,0.2993,0.00033
2026-09-14 13:06:23,SPX,7639.89,7659.54,7730.0,3683,1017,0.2585,0.00033
2026-09-14 13:06:23,SPX,7639.89,7659.54,7545.0,27,4407,0.3147,0.00033
2026-09-14 13:06:23,SPX,7639.89,7659.54,7735.0,2667,96,0.2677,0.00033
2026-09-14 13:06:23,SPX,7639.89,7659.54,7540.0,25,1517,0.3271,0.00033
2026-09-14 13:06:23,SPX,7639.89,7659.54,7740.0,1858,89,0.2769,0.00033
2026-09-14 13:06:23,SPX,7639.89,7659.54,7535.0,13,2818,0.3377,0.00033
2026-09-14 13:06:23,SPX,7639.89,7659.54,7745.0,1727,54,0.2858,0.00033
2026-09-14 13:06:23,SPX,7639.89,7659.54,7530.0,51,3495,0.3482,0.00033
2026-09-14 13:06:23,SPX,7639.89,7659.54,7750.0,3036,396,0.2941,0.00033
2026-09-14 13:06:23,SPX,7639.89,7659.54,7525.0,64,5429,0.3592,0.00033
2026-09-14 13:06:23,SPX,7639.89,7659.54,7755.0,1674,33,0.3019,0.00033
2026-09-14 13:06:23,SPX,7639.89,7659.54,7520.0,38,2095,0.3709,0.00033
2026-09-14 13:06:23,SPX,7639.89,7659.54,7760.0,4448,105,0.309,0.00033
2026-09-14 13:06:23,SPX,7639.89,7659.54,7515.0,30,892,0.3831,0.00033
2026-09-14 13:06:23,SPX,7639.89,7659.54,7765.0,1301,46,0.3155,0.00033
2026-09-14 13:06:23,SPX,7639.89,7659.54,7510.0,78,801,0.3955,0.00033
2026-09-14 13:06:23,SPX,7639.89,7659.54,7770.0,1587,111,0.3212,0.00033
2026-09-14 13:06:23,SPX,7639.89,7659.54,7505.0,6,1667,0.4081,0.00033
2026-09-14 13:06:23,SPX,7639.89,7659.54,7775.0,6475,70,0.3262,0.00033
2026-09-14 13:06:23,SPX,7639.89,7659.54,7500.0,134,9425,0.4208,0.00033
2026-09-14 13:06:23,SPX,7639.89,7659.54,7780.0,8118,89,0.3304,0.00033
2026-09-14 13:06:23,SPX,7639.89,7659.54,7495.0,4,488,0.4335,0.00033
2026-09-14 13:06:23,SPX,7639.89,7659.54,7785.0,8660,32,0.3339,0.00033
2026-09-14 13:06:23,SPX,7639.89,7659.54,7490.0,21,806,0.4462,0.00033
2026-09-14 13:06:23,SPX,7639.89,7659.54,7790.0,3394,73,0.3365,0.00033
2026-09-14 13:06:23,SPX,7639.89,7659.54,7485.0,4,1294,0.4587,0.00033
2026-09-14 13:06:23,SPX,7639.89,7659.54,7795.0,599,3,0.3384,0.00033
2026-09-14 13:06:23,SPX,7639.89,7659.54,7480.0,44,954,0.4711,0.00033
2026-09-14 13:06:23,SPX,7639.89,7659.54,7800.0,4155,299,0.3396,0.00033
2026-09-14 13:06:23,SPX,7639.89,7659.54,7475.0,44,2221,0.4834,0.00033
2026-09-14 13:06:23,SPX,7639.89,7659.54,7805.0,3131,8,0.3403,0.00033
2026-09-14 13:06:23,SPX,7639.89,7659.54,7470.0,7,2414,0.4956,0.00033
2026-09-14 13:06:23,SPX,7639.89,7659.54,7810.0,1254,27,0.3405,0.00033
2026-09-14 13:06:23,SPX,7639.89,7659.54,7465.0,1,1379,0.5078,0.00033
2026-09-14 13:06:23,SPX,7639.89,7659.54,7815.0,483,4,0.3402,0.00033
2026-09-14 13:06:23,SPX,7639.89,7659.54,7460.0,6,2276,0.5198,0.00033
2026-09-14 13:06:23,SPX,7639.89,7659.54,7820.0,1135,83,0.3395,0.00033
2026-09-14 13:06:23,SPX,7639.89,7659.54,7455.0,2,958,0.5318,0.00033
2026-09-14 13:06:23,SPX,7639.89,7659.54,7825.0,3742,49,0.3385,0.00033
2026-09-14 13:06:23,SPX,7639.89,7659.54,7450.0,22,3029,0.5437,0.00033
2026-09-14 13:06:23,SPX,7639.89,7659.54,7830.0,452,12,0.3371,0.00033
2026-09-14 13:06:23,SPX,7639.89,7659.54,7445.0,0,297,0.5553,0.00033
2026-09-14 13:06:23,SPX,7639.89,7659.54,7835.0,413,0,0.3354,0.00033
2026-09-14 13:06:23,SPX,7639.89,7659.54,7440.0,0,6015,0.5668,0.00033
2026-09-14 13:06:23,SPX,7639.89,7659.54,7840.0,670,13,0.3336,0.00033
2026-09-14 13:06:23,SPX,7639.89,7659.54,7435.0,0,1279,0.5782,0.00033
2026-09-14 13:06:23,SPX,7639.89,7659.54,7845.0,1762,1,0.3315,0.00033
2026-09-14 13:06:23,SPX,7639.89,7659.54,7430.0,9,475,0.5894,0.00033
2026-09-14 13:06:23,SPX,7639.89,7659.54,7850.0,18075,37,0.3292,0.00033
2026-09-14 13:06:23,SPX,7639.89,7659.54,7425.0,34,7642,0.6005,0.00033
2026-09-14 13:06:23,SPX,7639.89,7659.54,7855.0,285,0,0.3268,0.00033
2026-09-14 13:06:23,SPX,7639.89,7659.54,7420.0,7,844,0.6115,0.00033
2026-09-14 13:06:23,SPX,7639.89,7659.54,7860.0,1526,3,0.3242,0.00033
2026-09-14 13:06:23,SPX,7639.89,7659.54,7415.0,0,320,0.6224,0.00033
2026-09-14 13:06:23,SPX,7639.89,7659.54,7865.0,3507,1,0.3216,0.00033
2026-09-14 13:06:23,SPX,7639.89,7659.54,7410.0,30,1280,0.6334,0.00033
2026-09-14 13:06:23,SPX,7639.89,7659.54,7870.0,1472,7,0.3189,0.00033
2026-09-14 13:06:23,SPX,7639.89,7659.54,7405.0,5,1222,0.6444,0.00033
2026-09-14 13:06:23,SPX,7639.89,7659.54,7875.0,1671,7,0.3161,0.00033
2026-09-14 13:06:23,SPX,7639.89,7659.54,7400.0,38,5111,0.6555,0.00033
2026-09-14 13:06:23,SPX,7639.89,7659.54,7880.0,3027,3,0.3133,0.00033
2026-09-14 13:06:23,SPX,7639.89,7659.54,7395.0,14,340,0.6666,0.00033
2026-09-14 13:06:23,SPX,7639.89,7659.54,7885.0,247,0,0.3105,0.00033
2026-09-14 13:06:23,SPX,7639.89,7659.54,7390.0,4,790,0.6779,0.00033
2026-09-14 13:06:23,SPX,7639.89,7659.54,7640.0,190,538,0.1219,0.003068
2026-09-14 13:06:23,SPX,7639.89,7659.54,7635.0,88,410,0.1238,0.003068
2026-09-14 13:06:23,SPX,7639.89,7659.54,7645.0,108,293,0.1201,0.003068
2026-09-14 13:06:23,SPX,7639.89,7659.54,7630.0,159,521,0.1255,0.003068
2026-09-14 13:06:23,SPX,7639.89,7659.54,7650.0,1180,2458,0.1185,0.003068
2026-09-14 13:06:23,SPX,7639.89,7659.54,7625.0,148,1093,0.1275,0.003068
2026-09-14 13:06:23,SPX,7639.89,7659.54,7655.0,256,257,0.1164,0.003068
2026-09-14 13:06:23,SPX,7639.89,7659.54,7620.0,86,3068,0.1298,0.003068
2026-09-14 13:06:23,SPX,7639.89,7659.54,7660.0,332,304,0.1145,0.003068
2026-09-14 13:06:23,SPX,7639.89,7659.54,7615.0,123,2373,0.1318,0.003068
2026-09-14 13:06:23,SPX,7639.89,7659.54,7665.0,309,449,0.1129,0.003068
2026-09-14 13:06:23,SPX,7639.89,7659.54,7610.0,68,764,0.1345,0.003068
2026-09-14 13:06:23,SPX,7639.89,7659.54,7670.0,301,552,0.1117,0.003068
2026-09-14 13:06:23,SPX,7639.89,7659.54,7605.0,115,216,0.1372,0.003068
2026-09-14 13:06:23,SPX,7639.89,7659.54,7675.0,1667,1631,0.1109,0.003068
2026-09-14 13:06:23,SPX,7639.89,7659.54,7600.0,181,1536,0.1391,0.003068
2026-09-14 13:06:23,SPX,7639.89,7659.54,7680.0,383,560,0.1104,0.003068
2026-09-14 13:06:23,SPX,7639.89,7659.54,7595.0,102,3426,0.1407,0.003068
2026-09-14 13:06:23,SPX,7639.89,7659.54,7685.0,276,695,0.1101,0.003068
2026-09-14 13:06:23,SPX,7639.89,7659.54,7590.0,41,432,0.1428,0.003068
2026-09-14 13:06:23,SPX,7639.89,7659.54,7690.0,413,299,0.1098,0.003068
2026-09-14 13:06:23,SPX,7639.89,7659.54,7585.0,34,188,0.1457,0.003068
2026-09-14 13:06:23,SPX,7639.89,7659.54,7695.0,266,183,0.1096,0.003068
2026-09-14 13:06:23,SPX,7639.89,7659.54,7580.0,88,696,0.1488,0.003068
2026-09-14 13:06:23,SPX,7639.89,7659.54,7700.0,2732,729,0.1094,0.003068
2026-09-14 13:06:23,SPX,7639.89,7659.54,7575.0,53,902,0.1515,0.003068
2026-09-14 13:06:23,SPX,7639.89,7659.54,7705.0,374,438,0.1092,0.003068
2026-09-14 13:06:23,SPX,7639.89,7659.54,7570.0,50,531,0.1536,0.003068
2026-09-14 13:06:23,SPX,7639.89,7659.54,7710.0,1141,759,0.1093,0.003068
2026-09-14 13:06:23,SPX,7639.89,7659.54,7565.0,31,346,0.1556,0.003068
2026-09-14 13:06:23,SPX,7639.89,7659.54,7715.0,505,159,0.1095,0.003068
2026-09-14 13:06:23,SPX,7639.89,7659.54,7560.0,38,506,0.1583,0.003068
2026-09-14 13:06:23,SPX,7639.89,7659.54,7720.0,790,206,0.1101,0.003068
2026-09-14 13:06:23,SPX,7639.89,7659.54,7555.0,25,342,0.1618,0.003068
2026-09-14 13:06:23,SPX,7639.89,7659.54,7725.0,1258,289,0.1108,0.003068
2026-09-14 13:06:23,SPX,7639.89,7659.54,7550.0,47,2766,0.1656,0.003068
2026-09-14 13:06:23,SPX,7639.89,7659.54,7730.0,552,205,0.1119,0.003068
2026-09-14 13:06:23,SPX,7639.89,7659.54,7545.0,17,380,0.1686,0.003068
2026-09-14 13:06:23,SPX,7639.89,7659.54,7735.0,1185,48,0.1132,0.003068
2026-09-14 13:06:23,SPX,7639.89,7659.54,7540.0,28,437,0.171,0.003068
2026-09-14 13:06:23,SPX,7639.89,7659.54,7740.0,577,90,0.1147,0.003068
2026-09-14 13:06:23,SPX,7639.89,7659.54,7535.0,22,561,0.1745,0.003068
2026-09-14 13:06:23,SPX,7639.89,7659.54,7745.0,773,75,0.1164,0.003068
2026-09-14 13:06:23,SPX,7639.89,7659.54,7530.0,30,319,0.1781,0.003068
2026-09-14 13:06:23,SPX,7639.89,7659.54,7750.0,1883,803,0.1182,0.003068
2026-09-14 13:06:23,SPX,7639.89,7659.54,7525.0,87,1191,0.181,0.003068
2026-09-14 13:06:23,SPX,7639.89,7659.54,7755.0,322,37,0.1201,0.003068
2026-09-14 13:06:23,SPX,7639.89,7659.54,7520.0,99,292,0.1841,0.003068
2026-09-14 13:06:23,SPX,7639.89,7659.54,7760.0,630,60,0.1221,0.003068
2026-09-14 13:06:23,SPX,7639.89,7659.54,7515.0,24,229,0.1873,0.003068
2026-09-14 13:06:23,SPX,7639.89,7659.54,7765.0,566,22,0.1242,0.003068
2026-09-14 13:06:23,SPX,7639.89,7659.54,7510.0,7,407,0.1908,0.003068
2026-09-14 13:06:23,SPX,7639.89,7659.54,7770.0,591,33,0.1264,0.003068
2026-09-14 13:06:23,SPX,7639.89,7659.54,7505.0,7,253,0.1946,0.003068
2026-09-14 13:06:23,SPX,7639.89,7659.54,7775.0,1185,26,0.1288,0.003068
2026-09-14 13:06:23,SPX,7639.89,7659.54,7500.0,50,3136,0.1986,0.003068
2026-09-14 13:06:23,SPX,7639.89,7659.54,7780.0,898,122,0.1313,0.003068
2026-09-14 13:06:23,SPX,7639.89,7659.54,7495.0,0,1326,0.2027,0.003068
2026-09-14 13:06:23,SPX,7639.89,7659.54,7785.0,427,24,0.1338,0.003068
2026-09-14 13:06:23,SPX,7639.89,7659.54,7490.0,7,439,0.2067,0.003068
2026-09-14 13:06:23,SPX,7639.89,7659.54,7790.0,422,69,0.1362,0.003068
2026-09-14 13:06:23,SPX,7639.89,7659.54,7485.0,1,211,0.2107,0.003068
2026-09-14 13:06:23,SPX,7639.89,7659.54,7795.0,336,0,0.1385,0.003068
2026-09-14 13:06:23,SPX,7639.89,7659.54,7480.0,4,257,0.2146,0.003068
2026-09-14 13:06:23,SPX,7639.89,7659.54,7800.0,3029,51,0.1406,0.003068
2026-09-14 13:06:23,SPX,7639.89,7659.54,7475.0,8,396,0.2184,0.003068
2026-09-14 13:06:23,SPX,7639.89,7659.54,7805.0,420,6,0.1425,0.003068
2026-09-14 13:06:23,SPX,7639.89,7659.54,7470.0,0,229,0.2221,0.003068
2026-09-14 13:06:23,SPX,7639.89,7659.54,7810.0,711,7,0.1442,0.003068
2026-09-14 13:06:23,SPX,7639.89,7659.54,7465.0,0,172,0.2259,0.003068
2026-09-14 13:06:23,SPX,7639.89,7659.54,7815.0,478,1,0.1456,0.003068
2026-09-14 13:06:23,SPX,7639.89,7659.54,7460.0,5,563,0.2296,0.003068
2026-09-14 13:06:23,SPX,7639.89,7659.54,7820.0,719,19,0.1467,0.003068
2026-09-14 13:06:23,SPX,7639.89,7659.54,7455.0,14,91,0.2334,0.003068
2026-09-14 13:06:23,SPX,7639.89,7659.54,7825.0,2219,41,0.1475,0.003068
2026-09-14 13:06:23,SPX,7639.89,7659.54,7450.0,11,1696,0.2373,0.003068
2026-09-14 13:06:23,SPX,7639.89,7659.54,7830.0,1772,3,0.1482,0.003068
2026-09-14 13:06:23,SPX,7639.89,7659.54,7445.0,1,343,0.2412,0.003068
2026-09-14 13:06:23,SPX,7639.89,7659.54,7835.0,638,0,0.1489,0.003068
2026-09-14 13:06:23,SPX,7639.89,7659.54,7440.0,81,473,0.2452,0.003068
2026-09-14 13:06:23,SPX,7639.89,7659.54,7840.0,486,4,0.1493,0.003068
2026-09-14 13:06:23,SPX,7639.89,7659.54,7435.0,0,209,0.2493,0.003068
2026-09-14 13:06:23,SPX,7639.89,7659.54,7845.0,439,1,0.1494,0.003068
2026-09-14 13:06:23,SPX,7639.89,7659.54,7430.0,0,335,0.2534,0.003068
2026-09-14 13:06:23,SPX,7639.89,7659.54,7850.0,758,32,0.1493,0.003068
2026-09-14 13:06:23,SPX,7639.89,7659.54,7425.0,10,1228,0.2576,0.003068
2026-09-14 13:06:23,SPX,7639.89,7659.54,7855.0,257,0,0.149,0.003068
2026-09-14 13:06:23,SPX,7639.89,7659.54,7420.0,2,274,0.2618,0.003068
2026-09-14 13:06:23,SPX,7639.89,7659.54,7860.0,321,0,0.1484,0.003068
2026-09-14 13:06:23,SPX,7639.89,7659.54,7415.0,0,269,0.2661,0.003068
2026-09-14 13:06:23,SPX,7639.89,7659.54,7865.0,337,0,0.1477,0.003068
2026-09-14 13:06:23,SPX,7639.89,7659.54,7410.0,32,301,0.2704,0.003068
2026-09-14 13:06:23,SPX,7639.89,7659.54,7870.0,382,0,0.1468,0.003068
2026-09-14 13:06:23,SPX,7639.89,7659.54,7405.0,0,163,0.2748,0.003068
2026-09-14 13:06:23,SPX,7639.89,7659.54,7875.0,1031,1,0.1459,0.003068
2026-09-14 13:06:23,SPX,7639.89,7659.54,7400.0,11,3737,0.2792,0.003068
2026-09-14 13:06:23,SPX,7639.89,7659.54,7880.0,333,0,0.1449,0.003068
2026-09-14 13:06:23,SPX,7639.89,7659.54,7395.0,0,92,0.2836,0.003068
2026-09-14 13:06:23,SPX,7639.89,7659.54,7885.0,168,0,0.1439,0.003068
2026-09-14 13:06:23,SPX,7639.89,7659.54,7390.0,0,270,0.2879,0.003068
2026-09-14 13:06:23,SPX,7639.89,7659.54,7640.0,173,260,0.1466,0.005806
2026-09-14 13:06:23,SPX,7639.89,7659.54,7635.0,100,393,0.1481,0.005806
2026-09-14 13:06:23,SPX,7639.89,7659.54,7645.0,125,436,0.145,0.005806
2026-09-14 13:06:23,SPX,7639.89,7659.54,7630.0,190,311,0.1496,0.005806
2026-09-14 13:06:23,SPX,7639.89,7659.54,7650.0,3942,4297,0.1436,0.005806
2026-09-14 13:06:23,SPX,7639.89,7659.54,7625.0,76,3525,0.1511,0.005806
2026-09-14 13:06:23,SPX,7639.89,7659.54,7655.0,88,769,0.1425,0.005806
2026-09-14 13:06:23,SPX,7639.89,7659.54,7620.0,92,165,0.1524,0.005806
2026-09-14 13:06:23,SPX,7639.89,7659.54,7660.0,149,214,0.1414,0.005806
2026-09-14 13:06:23,SPX,7639.89,7659.54,7615.0,30,136,0.1544,0.005806
2026-09-14 13:06:23,SPX,7639.89,7659.54,7665.0,153,256,0.1401,0.005806
2026-09-14 13:06:23,SPX,7639.89,7659.54,7610.0,86,444,0.1558,0.005806
2026-09-14 13:06:23,SPX,7639.89,7659.54,7670.0,252,521,0.1389,0.005806
2026-09-14 13:06:23,SPX,7639.89,7659.54,7605.0,46,171,0.1572,0.005806
2026-09-14 13:06:23,SPX,7639.89,7659.54,7675.0,3101,555,0.1377,0.005806
2026-09-14 13:06:23,SPX,7639.89,7659.54,7600.0,299,2447,0.1592,0.005806
2026-09-14 13:06:23,SPX,7639.89,7659.54,7680.0,431,792,0.1363,0.005806
2026-09-14 13:06:23,SPX,7639.89,7659.54,7595.0,81,353,0.161,0.005806
2026-09-14 13:06:23,SPX,7639.89,7659.54,7685.0,799,212,0.1349,0.005806
2026-09-14 13:06:23,SPX,7639.89,7659.54,7590.0,83,381,0.163,0.005806
2026-09-14 13:06:23,SPX,7639.89,7659.54,7690.0,254,121,0.1336,0.005806
2026-09-14 13:06:23,SPX,7639.89,7659.54,7585.0,83,325,0.1639,0.005806
2026-09-14 13:06:23,SPX,7639.89,7659.54,7695.0,197,111,0.1325,0.005806
2026-09-14 13:06:23,SPX,7639.89,7659.54,7580.0,31,654,0.1657,0.005806
2026-09-14 13:06:23,SPX,7639.89,7659.54,7700.0,1164,639,0.1316,0.005806
2026-09-14 13:06:23,SPX,7639.89,7659.54,7575.0,46,586,0.1674,0.005806
2026-09-14 13:06:23,SPX,7639.89,7659.54,7705.0,125,2044,0.1308,0.005806
2026-09-14 13:06:23,SPX,7639.89,7659.54,7570.0,20,769,0.1691,0.005806
2026-09-14 13:06:23,SPX,7639.89,7659.54,7710.0,827,106,0.1301,0.005806
2026-09-14 13:06:23,SPX,7639.89,7659.54,7565.0,10,210,0.1707,0.005806
2026-09-14 13:06:23,SPX,7639.89,7659.54,7715.0,226,1313,0.1295,0.005806
2026-09-14 13:06:23,SPX,7639.89,7659.54,7560.0,37,297,0.1726,0.005806
2026-09-14 13:06:23,SPX,7639.89,7659.54,7720.0,333,74,0.129,0.005806
2026-09-14 13:06:23,SPX,7639.89,7659.54,7555.0,30,245,0.1746,0.005806
2026-09-14 13:06:23,SPX,7639.89,7659.54,7725.0,894,102,0.1284,0.005806
2026-09-14 13:06:23,SPX,7639.89,7659.54,7550.0,66,971,0.1768,0.005806
2026-09-14 13:06:23,SPX,7639.89,7659.54,7730.0,2632,2029,0.1279,0.005806
2026-09-14 13:06:23,SPX,7639.89,7659.54,7545.0,4,234,0.1789,0.005806
2026-09-14 13:06:23,SPX,7639.89,7659.54,7735.0,623,10,0.1273,0.005806
2026-09-14 13:06:23,SPX,7639.89,7659.54,7540.0,26,558,0.1807,0.005806
2026-09-14 13:06:23,SPX,7639.89,7659.54,7740.0,1778,1337,0.1268,0.005806
2026-09-14 13:06:23,SPX,7639.89,7659.54,7535.0,5,247,0.1822,0.005806
2026-09-14 13:06:23,SPX,7639.89,7659.54,7745.0,497,122,0.1262,0.005806
2026-09-14 13:06:23,SPX,7639.89,7659.54,7530.0,36,367,0.1836,0.005806
2026-09-14 13:06:23,SPX,7639.89,7659.54,7750.0,1137,298,0.1258,0.005806
2026-09-14 13:06:23,SPX,7639.89,7659.54,7525.0,35,2414,0.1851,0.005806
2026-09-14 13:06:23,SPX,7639.89,7659.54,7755.0,2504,30,0.1254,0.005806
2026-09-14 13:06:23,SPX,7639.89,7659.54,7520.0,26,946,0.1867,0.005806
2026-09-14 13:06:23,SPX,7639.89,7659.54,7760.0,444,61,0.1251,0.005806
2026-09-14 13:06:23,SPX,7639.89,7659.54,7515.0,43,171,0.1885,0.005806
2026-09-14 13:06:23,SPX,7639.89,7659.54,7765.0,1907,14,0.125,0.005806
2026-09-14 13:06:23,SPX,7639.89,7659.54,7510.0,40,185,0.1903,0.005806
2026-09-14 13:06:23,SPX,7639.89,7659.54,7770.0,966,30,0.1249,0.005806
2026-09-14 13:06:23,SPX,7639.89,7659.54,7505.0,26,246,0.1923,0.005806
2026-09-14 13:06:23,SPX,7639.89,7659.54,7775.0,1163,62,0.125,0.005806
2026-09-14 13:06:23,SPX,7639.89,7659.54,7500.0,43,2563,0.1944,0.005806
2026-09-14 13:06:23,SPX,7639.89,7659.54,7780.0,887,32,0.1252,0.005806
2026-09-14 13:06:23,SPX,7639.89,7659.54,7495.0,0,148,0.1965,0.005806
2026-09-14 13:06:23,SPX,7639.89,7659.54,7785.0,339,279,0.1256,0.005806
2026-09-14 13:06:23,SPX,7639.89,7659.54,7490.0,0,302,0.1986,0.005806
2026-09-14 13:06:23,SPX,7639.89,7659.54,7790.0,595,24,0.1261,0.005806
2026-09-14 13:06:23,SPX,7639.89,7659.54,7485.0,3,172,0.2007,0.005806
2026-09-14 13:06:23,SPX,7639.89,7659.54,7795.0,356,13,0.1267,0.005806
2026-09-14 13:06:23,SPX,7639.89,7659.54,7480.0,7,320,0.2028,0.005806
2026-09-14 13:06:23,SPX,7639.89,7659.54,7800.0,3052,36,0.1275,0.005806
2026-09-14 13:06:23,SPX,7639.89,7659.54,7475.0,24,984,0.2049,0.005806
2026-09-14 13:06:23,SPX,7639.89,7659.54,7805.0,1690,1,0.1283,0.005806
2026-09-14 13:06:23,SPX,7639.89,7659.54,7470.0,25,842,0.207,0.005806
2026-09-14 13:06:23,SPX,7639.89,7659.54,7810.0,538,32,0.1293,0.005806
2026-09-14 13:06:23,SPX,7639.89,7659.54,7465.0,0,409,0.2091,0.005806
2026-09-14 13:06:23,SPX,7639.89,7659.54,7815.0,433,4,0.1304,0.005806
2026-09-14 13:06:23,SPX,7639.89,7659.54,7460.0,25,380,0.2111,0.005806
2026-09-14 13:06:23,SPX,7639.89,7659.54,7820.0,1311,62,0.1316,0.005806
2026-09-14 13:06:23,SPX,7639.89,7659.54,7455.0,0,208,0.2132,0.005806
2026-09-14 13:06:23,SPX,7639.89,7659.54,7825.0,1157,42,0.1329,0.005806
2026-09-14 13:06:23,SPX,7639.89,7659.54,7450.0,3,873,0.2152,0.005806
2026-09-14 13:06:23,SPX,7639.89,7659.54,7830.0,439,126,0.1343,0.005806
2026-09-14 13:06:23,SPX,7639.89,7659.54,7445.0,0,160,0.2173,0.005806
2026-09-14 13:06:23,SPX,7639.89,7659.54,7835.0,380,30,0.1358,0.005806
2026-09-14 13:06:23,SPX,7639.89,7659.54,7440.0,0,250,0.2194,0.005806
2026-09-14 13:06:23,SPX,7639.89,7659.54,7840.0,487,1,0.1374,0.005806
2026-09-14 13:06:23,SPX,7639.89,7659.54,7435.0,0,111,0.2215,0.005806
2026-09-14 13:06:23,SPX,7639.89,7659.54,7845.0,248,1,0.139,0.005806
2026-09-14 13:06:23,SPX,7639.89,7659.54,7430.0,0,160,0.2236,0.005806
2026-09-14 13:06:23,SPX,7639.89,7659.54,7850.0,1424,123,0.1407,0.005806
2026-09-14 13:06:23,SPX,7639.89,7659.54,7425.0,6,354,0.2258,0.005806
2026-09-14 13:06:23,SPX,7639.89,7659.54,7855.0,210,0,0.1425,0.005806
2026-09-14 13:06:23,SPX,7639.89,7659.54,7420.0,1,667,0.228,0.005806
2026-09-14 13:06:23,SPX,7639.89,7659.54,7860.0,585,3,0.1443,0.005806
2026-09-14 13:06:23,SPX,7639.89,7659.54,7415.0,0,236,0.2303,0.005806
2026-09-14 13:06:23,SPX,7639.89,7659.54,7865.0,389,6,0.1463,0.005806
2026-09-14 13:06:23,SPX,7639.89,7659.54,7410.0,0,210,0.2326,0.005806
2026-09-14 13:06:23,SPX,7639.89,7659.54,7870.0,377,0,0.1483,0.005806
2026-09-14 13:06:23,SPX,7639.89,7659.54,7405.0,0,233,0.235,0.005806
2026-09-14 13:06:23,SPX,7639.89,7659.54,7875.0,1075,19,0.1503,0.005806
2026-09-14 13:06:23,SPX,7639.89,7659.54,7400.0,31,2257,0.2374,0.005806
2026-09-14 13:06:23,SPX,7639.89,7659.54,7880.0,313,0,0.1525,0.005806
2026-09-14 13:06:23,SPX,7639.89,7659.54,7395.0,0,1437,0.15,0.005806
2026-09-14 13:06:23,SPX,7639.89,7659.54,7885.0,282,0,0.1547,0.005806
2026-09-14 13:36:49,SPX,7639.24,7659.24,7640.0,407,890,0.1261,0.000272
2026-09-14 13:36:49,SPX,7639.24,7659.24,7635.0,261,755,0.1289,0.000272
2026-09-14 13:36:49,SPX,7639.24,7659.24,7645.0,338,1275,0.1254,0.000272
2026-09-14 13:36:49,SPX,7639.24,7659.24,7630.0,269,1151,0.134,0.000272
2026-09-14 13:36:49,SPX,7639.24,7659.24,7650.0,2328,2140,0.1261,0.000272
2026-09-14 13:36:49,SPX,7639.24,7659.24,7625.0,492,1894,0.137,0.000272
2026-09-14 13:36:49,SPX,7639.24,7659.24,7655.0,1374,904,0.1312,0.000272
2026-09-14 13:36:49,SPX,7639.24,7659.24,7620.0,146,1404,0.1435,0.000272
2026-09-14 13:36:49,SPX,7639.24,7659.24,7660.0,1081,1336,0.1362,0.000272
2026-09-14 13:36:49,SPX,7639.24,7659.24,7615.0,205,2588,0.1507,0.000272
2026-09-14 13:36:49,SPX,7639.24,7659.24,7665.0,1125,984,0.1423,0.000272
2026-09-14 13:36:49,SPX,7639.24,7659.24,7610.0,276,1598,0.1603,0.000272
2026-09-14 13:36:49,SPX,7639.24,7659.24,7670.0,1245,716,0.1519,0.000272
2026-09-14 13:36:49,SPX,7639.24,7659.24,7605.0,582,3198,0.1735,0.000272
2026-09-14 13:36:49,SPX,7639.24,7659.24,7675.0,3444,1867,0.1631,0.000272
2026-09-14 13:36:49,SPX,7639.24,7659.24,7600.0,1069,4496,0.1831,0.000272
2026-09-14 13:36:49,SPX,7639.24,7659.24,7680.0,2948,1779,0.1755,0.000272
2026-09-14 13:36:49,SPX,7639.24,7659.24,7595.0,255,978,0.1944,0.000272
2026-09-14 13:36:49,SPX,7639.24,7659.24,7685.0,796,272,0.1885,0.000272
2026-09-14 13:36:49,SPX,7639.24,7659.24,7590.0,97,1818,0.2054,0.000272
2026-09-14 13:36:49,SPX,7639.24,7659.24,7690.0,1113,270,0.1994,0.000272
2026-09-14 13:36:49,SPX,7639.24,7659.24,7585.0,189,1180,0.22,0.000272
2026-09-14 13:36:49,SPX,7639.24,7659.24,7695.0,1805,157,0.2095,0.000272
2026-09-14 13:36:49,SPX,7639.24,7659.24,7580.0,96,2170,0.2353,0.000272
2026-09-14 13:36:49,SPX,7639.24,7659.24,7700.0,3735,1374,0.2188,0.000272
2026-09-14 13:36:49,SPX,7639.24,7659.24,7575.0,238,3088,0.244,0.000272
2026-09-14 13:36:49,SPX,7639.24,7659.24,7705.0,3576,952,0.2281,0.000272
2026-09-14 13:36:49,SPX,7639.24,7659.24,7570.0,61,1484,0.2596,0.000272
2026-09-14 13:36:49,SPX,7639.24,7659.24,7710.0,1629,230,0.2375,0.000272
2026-09-14 13:36:49,SPX,7639.24,7659.24,7565.0,73,1290,0.2731,0.000272
2026-09-14 13:36:49,SPX,7639.24,7659.24,7715.0,3168,78,0.2473,0.000272
2026-09-14 13:36:49,SPX,7639.24,7659.24,7560.0,66,2432,0.2888,0.000272
2026-09-14 13:36:49,SPX,7639.24,7659.24,7720.0,6710,256,0.2574,0.000272
2026-09-14 13:36:49,SPX,7639.24,7659.24,7555.0,41,2475,0.305,0.000272
2026-09-14 13:36:49,SPX,7639.24,7659.24,7725.0,3627,371,0.2677,0.000272
2026-09-14 13:36:49,SPX,7639.24,7659.24,7550.0,61,5411,0.3196,0.000272
2026-09-14 13:36:49,SPX,7639.24,7659.24,7730.0,3683,1017,0.2779,0.000272
2026-09-14 13:36:49,SPX,7639.24,7659.24,7545.0,27,4407,0.334,0.000272
2026-09-14 13:36:49,SPX,7639.24,7659.24,7735.0,2667,96,0.288,0.000272
2026-09-14 13:36:49,SPX,7639.24,7659.24,7540.0,25,1517,0.3489,0.000272
2026-09-14 13:36:49,SPX,7639.24,7659.24,7740.0,1858,89,0.2978,0.000272
2026-09-14 13:36:49,SPX,7639.24,7659.24,7535.0,13,2818,0.3636,0.000272
2026-09-14 13:36:49,SPX,7639.24,7659.24,7745.0,1727,54,0.3071,0.000272
2026-09-14 13:36:49,SPX,7639.24,7659.24,7530.0,51,3495,0.3774,0.000272
2026-09-14 13:36:49,SPX,7639.24,7659.24,7750.0,3036,396,0.3158,0.000272
2026-09-14 13:36:49,SPX,7639.24,7659.24,7525.0,64,5429,0.3904,0.000272
2026-09-14 13:36:49,SPX,7639.24,7659.24,7755.0,1674,33,0.3238,0.000272
2026-09-14 13:36:49,SPX,7639.24,7659.24,7520.0,38,2095,0.4032,0.000272
2026-09-14 13:36:49,SPX,7639.24,7659.24,7760.0,4448,105,0.331,0.000272
2026-09-14 13:36:49,SPX,7639.24,7659.24,7515.0,30,892,0.4161,0.000272
2026-09-14 13:36:49,SPX,7639.24,7659.24,7765.0,1301,46,0.3373,0.000272
2026-09-14 13:36:49,SPX,7639.24,7659.24,7510.0,78,801,0.4294,0.000272
2026-09-14 13:36:49,SPX,7639.24,7659.24,7770.0,1587,111,0.3427,0.000272
2026-09-14 13:36:49,SPX,7639.24,7659.24,7505.0,6,1667,0.4429,0.000272
2026-09-14 13:36:49,SPX,7639.24,7659.24,7775.0,6475,70,0.3472,0.000272
2026-09-14 13:36:49,SPX,7639.24,7659.24,7500.0,134,9425,0.4565,0.000272
2026-09-14 13:36:49,SPX,7639.24,7659.24,7780.0,8118,89,0.3509,0.000272
2026-09-14 13:36:49,SPX,7639.24,7659.24,7495.0,4,488,0.4699,0.000272
2026-09-14 13:36:49,SPX,7639.24,7659.24,7785.0,8660,32,0.3538,0.000272
2026-09-14 13:36:49,SPX,7639.24,7659.24,7490.0,21,806,0.4831,0.000272
2026-09-14 13:36:49,SPX,7639.24,7659.24,7790.0,3394,73,0.3558,0.000272
2026-09-14 13:36:49,SPX,7639.24,7659.24,7485.0,4,1294,0.4961,0.000272
2026-09-14 13:36:49,SPX,7639.24,7659.24,7795.0,599,3,0.3571,0.000272
2026-09-14 13:36:49,SPX,7639.24,7659.24,7480.0,44,954,0.509,0.000272
2026-09-14 13:36:49,SPX,7639.24,7659.24,7800.0,4155,299,0.3578,0.000272
2026-09-14 13:36:49,SPX,7639.24,7659.24,7475.0,44,2221,0.5218,0.000272
2026-09-14 13:36:49,SPX,7639.24,7659.24,7805.0,3131,8,0.3579,0.000272
2026-09-14 13:36:49,SPX,7639.24,7659.24,7470.0,7,2414,0.5346,0.000272
2026-09-14 13:36:49,SPX,7639.24,7659.24,7810.0,1254,27,0.3574,0.000272
2026-09-14 13:36:49,SPX,7639.24,7659.24,7465.0,1,1379,0.5473,0.000272
2026-09-14 13:36:49,SPX,7639.24,7659.24,7815.0,483,4,0.3565,0.000272
2026-09-14 13:36:49,SPX,7639.24,7659.24,7460.0,6,2276,0.56,0.000272
2026-09-14 13:36:49,SPX,7639.24,7659.24,7820.0,1135,83,0.3552,0.000272
2026-09-14 13:36:49,SPX,7639.24,7659.24,7455.0,2,958,0.5725,0.000272
2026-09-14 13:36:49,SPX,7639.24,7659.24,7825.0,3742,49,0.3536,0.000272
2026-09-14 13:36:49,SPX,7639.24,7659.24,7450.0,22,3029,0.5874,0.000272
2026-09-14 13:36:49,SPX,7639.24,7659.24,7830.0,452,12,0.3529,0.000272
2026-09-14 13:36:49,SPX,7639.24,7659.24,7445.0,0,297,0.5997,0.000272
2026-09-14 13:36:49,SPX,7639.24,7659.24,7835.0,413,0,0.3506,0.000272
2026-09-14 13:36:49,SPX,7639.24,7659.24,7440.0,0,6015,0.6119,0.000272
2026-09-14 13:36:49,SPX,7639.24,7659.24,7840.0,670,13,0.3482,0.000272
2026-09-14 13:36:49,SPX,7639.24,7659.24,7435.0,0,1279,0.6241,0.000272
2026-09-14 13:36:49,SPX,7639.24,7659.24,7845.0,1762,1,0.3456,0.000272
2026-09-14 13:36:49,SPX,7639.24,7659.24,7430.0,9,475,0.6364,0.000272
2026-09-14 13:36:49,SPX,7639.24,7659.24,7850.0,18075,37,0.3428,0.000272
2026-09-14 13:36:49,SPX,7639.24,7659.24,7425.0,34,7642,0.6487,0.000272
2026-09-14 13:36:49,SPX,7639.24,7659.24,7855.0,285,0,0.3399,0.000272
2026-09-14 13:36:49,SPX,7639.24,7659.24,7420.0,7,844,0.6611,0.000272
2026-09-14 13:36:49,SPX,7639.24,7659.24,7860.0,1526,3,0.337,0.000272
2026-09-14 13:36:49,SPX,7639.24,7659.24,7415.0,0,320,0.6737,0.000272
2026-09-14 13:36:49,SPX,7639.24,7659.24,7865.0,3507,1,0.334,0.000272
2026-09-14 13:36:49,SPX,7639.24,7659.24,7410.0,30,1280,0.6864,0.000272
2026-09-14 13:36:49,SPX,7639.24,7659.24,7870.0,1472,7,0.3309,0.000272
2026-09-14 13:36:49,SPX,7639.24,7659.24,7405.0,5,1222,0.6992,0.000272
2026-09-14 13:36:49,SPX,7639.24,7659.24,7875.0,1671,7,0.3278,0.000272
2026-09-14 13:36:49,SPX,7639.24,7659.24,7400.0,38,5111,0.7122,0.000272
2026-09-14 13:36:49,SPX,7639.24,7659.24,7880.0,3027,3,0.3247,0.000272
2026-09-14 13:36:49,SPX,7639.24,7659.24,7395.0,14,340,0.7253,0.000272
2026-09-14 13:36:49,SPX,7639.24,7659.24,7885.0,247,0,0.3215,0.000272
2026-09-14 13:36:49,SPX,7639.24,7659.24,7390.0,4,790,0.7383,0.000272
2026-09-14 13:36:49,SPX,7639.24,7659.24,7640.0,190,538,0.115,0.00301
2026-09-14 13:36:49,SPX,7639.24,7659.24,7635.0,88,410,0.117,0.00301
2026-09-14 13:36:49,SPX,7639.24,7659.24,7645.0,108,293,0.1135,0.00301
2026-09-14 13:36:49,SPX,7639.24,7659.24,7630.0,159,521,0.1191,0.00301
2026-09-14 13:36:49,SPX,7639.24,7659.24,7650.0,1180,2458,0.1118,0.00301
2026-09-14 13:36:49,SPX,7639.24,7659.24,7625.0,148,1093,0.1213,0.00301
2026-09-14 13:36:49,SPX,7639.24,7659.24,7655.0,256,257,0.11,0.00301
2026-09-14 13:36:49,SPX,7639.24,7659.24,7620.0,86,3068,0.1231,0.00301
2026-09-14 13:36:49,SPX,7639.24,7659.24,7660.0,332,304,0.1082,0.00301
2026-09-14 13:36:49,SPX,7639.24,7659.24,7615.0,123,2373,0.1253,0.00301
2026-09-14 13:36:49,SPX,7639.24,7659.24,7665.0,309,449,0.1066,0.00301
2026-09-14 13:36:49,SPX,7639.24,7659.24,7610.0,68,764,0.1274,0.00301
2026-09-14 13:36:49,SPX,7639.24,7659.24,7670.0,301,552,0.1053,0.00301
2026-09-14 13:36:49,SPX,7639.24,7659.24,7605.0,115,216,0.13,0.00301
2026-09-14 13:36:49,SPX,7639.24,7659.24,7675.0,1667,1631,0.1046,0.00301
2026-09-14 13:36:49,SPX,7639.24,7659.24,7600.0,181,1536,0.1328,0.00301
2026-09-14 13:36:49,SPX,7639.24,7659.24,7680.0,383,560,0.1042,0.00301
2026-09-14 13:36:49,SPX,7639.24,7659.24,7595.0,102,3426,0.1354,0.00301
2026-09-14 13:36:49,SPX,7639.24,7659.24,7685.0,276,695,0.1039,0.00301
2026-09-14 13:36:49,SPX,7639.24,7659.24,7590.0,41,432,0.1371,0.00301
2026-09-14 13:36:49,SPX,7639.24,7659.24,7690.0,413,299,0.1035,0.00301
2026-09-14 13:36:49,SPX,7639.24,7659.24,7585.0,34,188,0.1392,0.00301
2026-09-14 13:36:49,SPX,7639.24,7659.24,7695.0,266,183,0.1031,0.00301
2026-09-14 13:36:49,SPX,7639.24,7659.24,7580.0,88,696,0.1422,0.00301
2026-09-14 13:36:49,SPX,7639.24,7659.24,7700.0,2732,729,0.1028,0.00301
2026-09-14 13:36:49,SPX,7639.24,7659.24,7575.0,53,902,0.1456,0.00301
2026-09-14 13:36:49,SPX,7639.24,7659.24,7705.0,374,438,0.1027,0.00301
2026-09-14 13:36:49,SPX,7639.24,7659.24,7570.0,50,531,0.1484,0.00301
2026-09-14 13:36:49,SPX,7639.24,7659.24,7710.0,1141,759,0.1029,0.00301
2026-09-14 13:36:49,SPX,7639.24,7659.24,7565.0,31,346,0.1505,0.00301
2026-09-14 13:36:49,SPX,7639.24,7659.24,7715.0,505,159,0.1034,0.00301
2026-09-14 13:36:49,SPX,7639.24,7659.24,7560.0,38,506,0.1524,0.00301
2026-09-14 13:36:49,SPX,7639.24,7659.24,7720.0,790,206,0.1042,0.00301
2026-09-14 13:36:49,SPX,7639.24,7659.24,7555.0,25,342,0.1557,0.00301
2026-09-14 13:36:49,SPX,7639.24,7659.24,7725.0,1258,289,0.1054,0.00301
2026-09-14 13:36:49,SPX,7639.24,7659.24,7550.0,47,2766,0.1597,0.00301
2026-09-14 13:36:49,SPX,7639.24,7659.24,7730.0,552,205,0.1068,0.00301
2026-09-14 13:36:49,SPX,7639.24,7659.24,7545.0,17,380,0.1627,0.00301
2026-09-14 13:36:49,SPX,7639.24,7659.24,7735.0,1185,48,0.1086,0.00301
2026-09-14 13:36:49,SPX,7639.24,7659.24,7540.0,28,437,0.1665,0.00301
2026-09-14 13:36:49,SPX,7639.24,7659.24,7740.0,577,90,0.1106,0.00301
2026-09-14 13:36:49,SPX,7639.24,7659.24,7535.0,22,561,0.1699,0.00301
2026-09-14 13:36:49,SPX,7639.24,7659.24,7745.0,773,75,0.1129,0.00301
2026-09-14 13:36:49,SPX,7639.24,7659.24,7530.0,30,319,0.1727,0.00301
2026-09-14 13:36:49,SPX,7639.24,7659.24,7750.0,1883,803,0.1153,0.00301
2026-09-14 13:36:49,SPX,7639.24,7659.24,7525.0,87,1191,0.1758,0.00301
2026-09-14 13:36:49,SPX,7639.24,7659.24,7755.0,322,37,0.1177,0.00301
2026-09-14 13:36:49,SPX,7639.24,7659.24,7520.0,99,292,0.179,0.00301
2026-09-14 13:36:49,SPX,7639.24,7659.24,7760.0,630,60,0.1201,0.00301
2026-09-14 13:36:49,SPX,7639.24,7659.24,7515.0,24,229,0.1825,0.00301
2026-09-14 13:36:49,SPX,7639.24,7659.24,7765.0,566,22,0.1226,0.00301
2026-09-14 13:36:49,SPX,7639.24,7659.24,7510.0,7,407,0.1863,0.00301
2026-09-14 13:36:49,SPX,7639.24,7659.24,7770.0,591,33,0.125,0.00301
2026-09-14 13:36:49,SPX,7639.24,7659.24,7505.0,7,253,0.1903,0.00301
2026-09-14 13:36:49,SPX,7639.24,7659.24,7775.0,1185,26,0.1275,0.00301
2026-09-14 13:36:49,SPX,7639.24,7659.24,7500.0,50,3136,0.1945,0.00301
2026-09-14 13:36:49,SPX,7639.24,7659.24,7780.0,898,122,0.1299,0.00301
2026-09-14 13:36:49,SPX,7639.24,7659.24,7495.0,0,1326,0.1986,0.00301
2026-09-14 13:36:49,SPX,7639.24,7659.24,7785.0,427,24,0.1322,0.00301
2026-09-14 13:36:49,SPX,7639.24,7659.24,7490.0,7,439,0.2027,0.00301
2026-09-14 13:36:49,SPX,7639.24,7659.24,7790.0,422,69,0.1344,0.00301
2026-09-14 13:36:49,SPX,7639.24,7659.24,7485.0,1,211,0.2067,0.00301
2026-09-14 13:36:49,SPX,7639.24,7659.24,7795.0,336,0,0.1363,0.00301
2026-09-14 13:36:49,SPX,7639.24,7659.24,7480.0,4,257,0.2106,0.00301
2026-09-14 13:36:49,SPX,7639.24,7659.24,7800.0,3029,51,0.1378,0.00301
2026-09-14 13:36:49,SPX,7639.24,7659.24,7475.0,8,396,0.2145,0.00301
2026-09-14 13:36:49,SPX,7639.24,7659.24,7805.0,420,6,0.1391,0.00301
2026-09-14 13:36:49,SPX,7639.24,7659.24,7470.0,0,229,0.2183,0.00301
2026-09-14 13:36:49,SPX,7639.24,7659.24,7810.0,711,7,0.1399,0.00301
2026-09-14 13:36:49,SPX,7639.24,7659.24,7465.0,0,172,0.2223,0.00301
2026-09-14 13:36:49,SPX,7639.24,7659.24,7815.0,478,1,0.1405,0.00301
2026-09-14 13:36:49,SPX,7639.24,7659.24,7460.0,5,563,0.2263,0.00301
2026-09-14 13:36:49,SPX,7639.24,7659.24,7820.0,719,19,0.1409,0.00301
2026-09-14 13:36:49,SPX,7639.24,7659.24,7455.0,14,91,0.2303,0.00301
2026-09-14 13:36:49,SPX,7639.24,7659.24,7825.0,2219,41,0.1411,0.00301
2026-09-14 13:36:49,SPX,7639.24,7659.24,7450.0,11,1696,0.2344,0.00301
2026-09-14 13:36:49,SPX,7639.24,7659.24,7830.0,1772,3,0.1411,0.00301
2026-09-14 13:36:49,SPX,7639.24,7659.24,7445.0,1,343,0.2386,0.00301
2026-09-14 13:36:49,SPX,7639.24,7659.24,7835.0,638,0,0.141,0.00301
2026-09-14 13:36:49,SPX,7639.24,7659.24,7440.0,81,473,0.2428,0.00301
2026-09-14 13:36:49,SPX,7639.24,7659.24,7840.0,486,4,0.1408,0.00301
2026-09-14 13:36:49,SPX,7639.24,7659.24,7435.0,0,209,0.2471,0.00301
2026-09-14 13:36:49,SPX,7639.24,7659.24,7845.0,439,1,0.1405,0.00301
2026-09-14 13:36:49,SPX,7639.24,7659.24,7430.0,0,335,0.2514,0.00301
2026-09-14 13:36:49,SPX,7639.24,7659.24,7850.0,758,32,0.14,0.00301
2026-09-14 13:36:49,SPX,7639.24,7659.24,7425.0,10,1228,0.2557,0.00301
2026-09-14 13:36:49,SPX,7639.24,7659.24,7855.0,257,0,0.1395,0.00301
2026-09-14 13:36:49,SPX,7639.24,7659.24,7420.0,2,274,0.2601,0.00301
2026-09-14 13:36:49,SPX,7639.24,7659.24,7860.0,321,0,0.1388,0.00301
2026-09-14 13:36:49,SPX,7639.24,7659.24,7415.0,0,269,0.2645,0.00301
2026-09-14 13:36:49,SPX,7639.24,7659.24,7865.0,337,0,0.138,0.00301
2026-09-14 13:36:49,SPX,7639.24,7659.24,7410.0,32,301,0.2689,0.00301
2026-09-14 13:36:49,SPX,7639.24,7659.24,7870.0,382,0,0.1372,0.00301
2026-09-14 13:36:49,SPX,7639.24,7659.24,7405.0,0,163,0.2733,0.00301
2026-09-14 13:36:49,SPX,7639.24,7659.24,7875.0,1031,1,0.1362,0.00301
2026-09-14 13:36:49,SPX,7639.24,7659.24,7400.0,11,3737,0.2778,0.00301
2026-09-14 13:36:49,SPX,7639.24,7659.24,7880.0,333,0,0.1352,0.00301
2026-09-14 13:36:49,SPX,7639.24,7659.24,7395.0,0,92,0.2822,0.00301
2026-09-14 13:36:49,SPX,7639.24,7659.24,7390.0,0,270,0.2866,0.00301
2026-09-14 13:36:49,SPX,7639.24,7659.24,7640.0,173,260,0.1443,0.005748
2026-09-14 13:36:49,SPX,7639.24,7659.24,7635.0,100,393,0.1459,0.005748
2026-09-14 13:36:49,SPX,7639.24,7659.24,7645.0,125,436,0.143,0.005748
2026-09-14 13:36:49,SPX,7639.24,7659.24,7630.0,190,311,0.1475,0.005748
2026-09-14 13:36:49,SPX,7639.24,7659.24,7650.0,3942,4297,0.1417,0.005748
2026-09-14 13:36:49,SPX,7639.24,7659.24,7625.0,76,3525,0.1496,0.005748
2026-09-14 13:36:49,SPX,7639.24,7659.24,7655.0,88,769,0.1403,0.005748
2026-09-14 13:36:49,SPX,7639.24,7659.24,7620.0,92,165,0.1509,0.005748
2026-09-14 13:36:49,SPX,7639.24,7659.24,7660.0,149,214,0.139,0.005748
2026-09-14 13:36:49,SPX,7639.24,7659.24,7615.0,30,136,0.1524,0.005748
2026-09-14 13:36:49,SPX,7639.24,7659.24,7665.0,153,256,0.1378,0.005748
2026-09-14 13:36:49,SPX,7639.24,7659.24,7610.0,86,444,0.1545,0.005748
2026-09-14 13:36:49,SPX,7639.24,7659.24,7670.0,252,521,0.1366,0.005748
2026-09-14 13:36:49,SPX,7639.24,7659.24,7605.0,46,171,0.1557,0.005748
2026-09-14 13:36:49,SPX,7639.24,7659.24,7675.0,3101,555,0.1356,0.005748
2026-09-14 13:36:49,SPX,7639.24,7659.24,7600.0,299,2447,0.1574,0.005748
2026-09-14 13:36:49,SPX,7639.24,7659.24,7680.0,431,792,0.1344,0.005748
2026-09-14 13:36:49,SPX,7639.24,7659.24,7595.0,81,353,0.1597,0.005748
2026-09-14 13:36:49,SPX,7639.24,7659.24,7685.0,799,212,0.1332,0.005748
2026-09-14 13:36:49,SPX,7639.24,7659.24,7590.0,83,381,0.1609,0.005748
2026-09-14 13:36:49,SPX,7639.24,7659.24,7690.0,254,121,0.1319,0.005748
2026-09-14 13:36:49,SPX,7639.24,7659.24,7585.0,83,325,0.1627,0.005748
2026-09-14 13:36:49,SPX,7639.24,7659.24,7695.0,197,111,0.1307,0.005748
2026-09-14 13:36:49,SPX,7639.24,7659.24,7580.0,31,654,0.1645,0.005748
2026-09-14 13:36:49,SPX,7639.24,7659.24,7700.0,1164,639,0.1296,0.005748
2026-09-14 13:36:49,SPX,7639.24,7659.24,7575.0,46,586,0.1661,0.005748
2026-09-14 13:36:49,SPX,7639.24,7659.24,7705.0,125,2044,0.1287,0.005748
2026-09-14 13:36:49,SPX,7639.24,7659.24,7570.0,20,769,0.1678,0.005748
2026-09-14 13:36:49,SPX,7639.24,7659.24,7710.0,827,106,0.1279,0.005748
2026-09-14 13:36:49,SPX,7639.24,7659.24,7565.0,10,210,0.1693,0.005748
2026-09-14 13:36:49,SPX,7639.24,7659.24,7715.0,226,1313,0.1272,0.005748
2026-09-14 13:36:49,SPX,7639.24,7659.24,7560.0,37,297,0.1712,0.005748
2026-09-14 13:36:49,SPX,7639.24,7659.24,7720.0,333,74,0.1267,0.005748
2026-09-14 13:36:49,SPX,7639.24,7659.24,7555.0,30,245,0.1734,0.005748
2026-09-14 13:36:49,SPX,7639.24,7659.24,7725.0,894,102,0.1262,0.005748
2026-09-14 13:36:49,SPX,7639.24,7659.24,7550.0,66,971,0.1754,0.005748
2026-09-14 13:36:49,SPX,7639.24,7659.24,7730.0,2632,2029,0.1257,0.005748
2026-09-14 13:36:49,SPX,7639.24,7659.24,7545.0,4,234,0.1773,0.005748
2026-09-14 13:36:49,SPX,7639.24,7659.24,7735.0,623,10,0.1252,0.005748
2026-09-14 13:36:49,SPX,7639.24,7659.24,7540.0,26,558,0.1793,0.005748
2026-09-14 13:36:49,SPX,7639.24,7659.24,7740.0,1778,1337,0.1247,0.005748
2026-09-14 13:36:49,SPX,7639.24,7659.24,7535.0,5,247,0.1811,0.005748
2026-09-14 13:36:49,SPX,7639.24,7659.24,7745.0,497,122,0.1242,0.005748
2026-09-14 13:36:49,SPX,7639.24,7659.24,7530.0,36,367,0.1828,0.005748
2026-09-14 13:36:49,SPX,7639.24,7659.24,7750.0,1137,298,0.1237,0.005748
2026-09-14 13:36:49,SPX,7639.24,7659.24,7525.0,35,2414,0.1845,0.005748
2026-09-14 13:36:49,SPX,7639.24,7659.24,7755.0,2504,30,0.1233,0.005748
2026-09-14 13:36:49,SPX,7639.24,7659.24,7520.0,26,946,0.1861,0.005748
2026-09-14 13:36:49,SPX,7639.24,7659.24,7760.0,444,61,0.1229,0.005748
2026-09-14 13:36:49,SPX,7639.24,7659.24,7515.0,43,171,0.1878,0.005748
2026-09-14 13:36:49,SPX,7639.24,7659.24,7765.0,1907,14,0.1227,0.005748
2026-09-14 13:36:49,SPX,7639.24,7659.24,7510.0,40,185,0.1896,0.005748
2026-09-14 13:36:49,SPX,7639.24,7659.24,7770.0,966,30,0.1226,0.005748
2026-09-14 13:36:49,SPX,7639.24,7659.24,7505.0,26,246,0.1916,0.005748
2026-09-14 13:36:49,SPX,7639.24,7659.24,7775.0,1163,62,0.1226,0.005748
2026-09-14 13:36:49,SPX,7639.24,7659.24,7500.0,43,2563,0.1936,0.005748
2026-09-14 13:36:49,SPX,7639.24,7659.24,7780.0,887,32,0.1228,0.005748
2026-09-14 13:36:49,SPX,7639.24,7659.24,7495.0,0,148,0.1958,0.005748
2026-09-14 13:36:49,SPX,7639.24,7659.24,7785.0,339,279,0.1231,0.005748
2026-09-14 13:36:49,SPX,7639.24,7659.24,7490.0,0,302,0.198,0.005748
2026-09-14 13:36:49,SPX,7639.24,7659.24,7790.0,595,24,0.1236,0.005748
2026-09-14 13:36:49,SPX,7639.24,7659.24,7485.0,3,172,0.2002,0.005748
2026-09-14 13:36:49,SPX,7639.24,7659.24,7795.0,356,13,0.1243,0.005748
2026-09-14 13:36:49,SPX,7639.24,7659.24,7480.0,7,320,0.2023,0.005748
2026-09-14 13:36:49,SPX,7639.24,7659.24,7800.0,3052,36,0.1251,0.005748
2026-09-14 13:36:49,SPX,7639.24,7659.24,7475.0,24,984,0.2045,0.005748
2026-09-14 13:36:49,SPX,7639.24,7659.24,7805.0,1690,1,0.126,0.005748
2026-09-14 13:36:49,SPX,7639.24,7659.24,7470.0,25,842,0.2067,0.005748
2026-09-14 13:36:49,SPX,7639.24,7659.24,7810.0,538,32,0.1271,0.005748
2026-09-14 13:36:49,SPX,7639.24,7659.24,7465.0,0,409,0.2088,0.005748
2026-09-14 13:36:49,SPX,7639.24,7659.24,7815.0,433,4,0.1283,0.005748
2026-09-14 13:36:49,SPX,7639.24,7659.24,7460.0,25,380,0.2109,0.005748
2026-09-14 13:36:49,SPX,7639.24,7659.24,7820.0,1311,62,0.1296,0.005748
2026-09-14 13:36:49,SPX,7639.24,7659.24,7455.0,0,208,0.213,0.005748
2026-09-14 13:36:49,SPX,7639.24,7659.24,7825.0,1157,42,0.131,0.005748
2026-09-14 13:36:49,SPX,7639.24,7659.24,7450.0,3,873,0.2152,0.005748
2026-09-14 13:36:49,SPX,7639.24,7659.24,7830.0,439,126,0.1325,0.005748
2026-09-14 13:36:49,SPX,7639.24,7659.24,7445.0,0,160,0.2173,0.005748
2026-09-14 13:36:49,SPX,7639.24,7659.24,7835.0,380,30,0.1341,0.005748
2026-09-14 13:36:49,SPX,7639.24,7659.24,7440.0,0,250,0.2194,0.005748
2026-09-14 13:36:49,SPX,7639.24,7659.24,7840.0,487,1,0.1358,0.005748
2026-09-14 13:36:49,SPX,7639.24,7659.24,7435.0,0,111,0.2215,0.005748
2026-09-14 13:36:49,SPX,7639.24,7659.24,7845.0,248,1,0.1375,0.005748
2026-09-14 13:36:49,SPX,7639.24,7659.24,7430.0,0,160,0.2237,0.005748
2026-09-14 13:36:49,SPX,7639.24,7659.24,7850.0,1424,123,0.1394,0.005748
2026-09-14 13:36:49,SPX,7639.24,7659.24,7425.0,6,354,0.2259,0.005748
2026-09-14 13:36:49,SPX,7639.24,7659.24,7855.0,210,0,0.1413,0.005748
2026-09-14 13:36:49,SPX,7639.24,7659.24,7420.0,1,667,0.2282,0.005748
2026-09-14 13:36:49,SPX,7639.24,7659.24,7860.0,585,3,0.1433,0.005748
2026-09-14 13:36:49,SPX,7639.24,7659.24,7415.0,0,236,0.2305,0.005748
2026-09-14 13:36:49,SPX,7639.24,7659.24,7865.0,389,6,0.1453,0.005748
2026-09-14 13:36:49,SPX,7639.24,7659.24,7410.0,0,210,0.2328,0.005748
2026-09-14 13:36:49,SPX,7639.24,7659.24,7870.0,377,0,0.1475,0.005748
2026-09-14 13:36:49,SPX,7639.24,7659.24,7405.0,0,233,0.2352,0.005748
2026-09-14 13:36:49,SPX,7639.24,7659.24,7875.0,1075,19,0.1497,0.005748
2026-09-14 13:36:49,SPX,7639.24,7659.24,7400.0,31,2257,0.2376,0.005748
2026-09-14 13:36:49,SPX,7639.24,7659.24,7880.0,313,0,0.152,0.005748
2026-09-14 13:36:49,SPX,7639.24,7659.24,7395.0,0,1437,0.2401,0.005748
2026-09-14 13:36:49,SPX,7639.24,7659.24,7885.0,282,0,0.1543,0.005748
2026-09-14 13:36:49,SPX,7639.24,7659.24,7390.0,30,406,0.2426,0.005748
2026-09-14 14:07:13,SPX,7634.96,7658.6,7635.0,261,755,0.1208,0.000214
2026-09-14 14:07:13,SPX,7634.96,7658.6,7630.0,269,1151,0.1255,0.000214
2026-09-14 14:07:13,SPX,7634.96,7658.6,7640.0,407,890,0.1178,0.000214
2026-09-14 14:07:13,SPX,7634.96,7658.6,7625.0,492,1894,0.1327,0.000214
2026-09-14 14:07:13,SPX,7634.96,7658.6,7645.0,338,1275,0.1189,0.000214
2026-09-14 14:07:13,SPX,7634.96,7658.6,7620.0,146,1404,0.1431,0.000214
2026-09-14 14:07:13,SPX,7634.96,7658.6,7650.0,2328,2140,0.1232,0.000214
2026-09-14 14:07:13,SPX,7634.96,7658.6,7615.0,205,2588,0.1547,0.000214
2026-09-14 14:07:13,SPX,7634.96,7658.6,7655.0,1374,904,0.1289,0.000214
2026-09-14 14:07:13,SPX,7634.96,7658.6,7610.0,276,1598,0.1656,0.000214
2026-09-14 14:07:13,SPX,7634.96,7658.6,7660.0,1081,1336,0.1374,0.000214
2026-09-14 14:07:13,SPX,7634.96,7658.6,7605.0,582,3198,0.1807,0.000214
2026-09-14 14:07:13,SPX,7634.96,7658.6,7665.0,1125,984,0.1493,0.000214
2026-09-14 14:07:13,SPX,7634.96,7658.6,7600.0,1069,4496,0.1966,0.000214
2026-09-14 14:07:13,SPX,7634.96,7658.6,7670.0,1245,716,0.1631,0.000214
2026-09-14 14:07:13,SPX,7634.96,7658.6,7595.0,255,978,0.2115,0.000214
2026-09-14 14:07:13,SPX,7634.96,7658.6,7675.0,3444,1867,0.1771,0.000214
2026-09-14 14:07:13,SPX,7634.96,7658.6,7590.0,97,1818,0.2245,0.000214
2026-09-14 14:07:13,SPX,7634.96,7658.6,7680.0,2948,1779,0.1906,0.000214
2026-09-14 14:07:13,SPX,7634.96,7658.6,7585.0,189,1180,0.2424,0.000214
2026-09-14 14:07:13,SPX,7634.96,7658.6,7685.0,796,272,0.2038,0.000214
2026-09-14 14:07:13,SPX,7634.96,7658.6,7580.0,96,2170,0.2527,0.000214
2026-09-14 14:07:13,SPX,7634.96,7658.6,7690.0,1113,270,0.2161,0.000214
2026-09-14 14:07:13,SPX,7634.96,7658.6,7575.0,238,3088,0.2716,0.000214
2026-09-14 14:07:13,SPX,7634.96,7658.6,7695.0,1805,157,0.2277,0.000214
2026-09-14 14:07:13,SPX,7634.96,7658.6,7570.0,61,1484,0.2821,0.000214
2026-09-14 14:07:13,SPX,7634.96,7658.6,7700.0,3735,1374,0.239,0.000214
2026-09-14 14:07:13,SPX,7634.96,7658.6,7565.0,73,1290,0.2982,0.000214
2026-09-14 14:07:13,SPX,7634.96,7658.6,7705.0,3576,952,0.2505,0.000214
2026-09-14 14:07:13,SPX,7634.96,7658.6,7560.0,66,2432,0.3136,0.000214
2026-09-14 14:07:13,SPX,7634.96,7658.6,7710.0,1629,230,0.2626,0.000214
2026-09-14 14:07:13,SPX,7634.96,7658.6,7555.0,41,2475,0.3279,0.000214
2026-09-14 14:07:13,SPX,7634.96,7658.6,7715.0,3168,78,0.2751,0.000214
2026-09-14 14:07:13,SPX,7634.96,7658.6,7550.0,61,5411,0.3456,0.000214
2026-09-14 14:07:13,SPX,7634.96,7658.6,7720.0,6710,256,0.2878,0.000214
2026-09-14 14:07:13,SPX,7634.96,7658.6,7545.0,27,4407,0.3652,0.000214
2026-09-14 14:07:13,SPX,7634.96,7658.6,7725.0,3627,371,0.3003,0.000214
2026-09-14 14:07:13,SPX,7634.96,7658.6,7540.0,25,1517,0.3835,0.000214
2026-09-14 14:07:13,SPX,7634.96,7658.6,7730.0,3683,1017,0.3124,0.000214
2026-09-14 14:07:13,SPX,7634.96,7658.6,7535.0,13,2818,0.3994,0.000214
2026-09-14 14:07:13,SPX,7634.96,7658.6,7735.0,2667,96,0.324,0.000214
2026-09-14 14:07:13,SPX,7634.96,7658.6,7530.0,51,3495,0.413,0.000214
2026-09-14 14:07:13,SPX,7634.96,7658.6,7740.0,1858,89,0.3346,0.000214
2026-09-14 14:07:13,SPX,7634.96,7658.6,7525.0,64,5429,0.425,0.000214
2026-09-14 14:07:13,SPX,7634.96,7658.6,7745.0,1727,54,0.3441,0.000214
2026-09-14 14:07:13,SPX,7634.96,7658.6,7520.0,38,2095,0.4362,0.000214
2026-09-14 14:07:13,SPX,7634.96,7658.6,7750.0,3036,396,0.3523,0.000214
2026-09-14 14:07:13,SPX,7634.96,7658.6,7515.0,30,892,0.4472,0.000214
2026-09-14 14:07:13,SPX,7634.96,7658.6,7755.0,1674,33,0.3594,0.000214
2026-09-14 14:07:13,SPX,7634.96,7658.6,7510.0,78,801,0.4587,0.000214
2026-09-14 14:07:13,SPX,7634.96,7658.6,7760.0,4448,105,0.368,0.000214
2026-09-14 14:07:13,SPX,7634.96,7658.6,7505.0,6,1667,0.4712,0.000214
2026-09-14 14:07:13,SPX,7634.96,7658.6,7765.0,1301,46,0.373,0.000214
2026-09-14 14:07:13,SPX,7634.96,7658.6,7500.0,134,9425,0.4849,0.000214
2026-09-14 14:07:13,SPX,7634.96,7658.6,7770.0,1587,111,0.3771,0.000214
2026-09-14 14:07:13,SPX,7634.96,7658.6,7495.0,4,488,0.4994,0.000214
2026-09-14 14:07:13,SPX,7634.96,7658.6,7775.0,6475,70,0.3803,0.000214
2026-09-14 14:07:13,SPX,7634.96,7658.6,7490.0,21,806,0.5145,0.000214
2026-09-14 14:07:13,SPX,7634.96,7658.6,7780.0,8118,89,0.3828,0.000214
2026-09-14 14:07:13,SPX,7634.96,7658.6,7485.0,4,1294,0.5299,0.000214
2026-09-14 14:07:13,SPX,7634.96,7658.6,7785.0,8660,32,0.3846,0.000214
2026-09-14 14:07:13,SPX,7634.96,7658.6,7480.0,44,954,0.5455,0.000214
2026-09-14 14:07:13,SPX,7634.96,7658.6,7790.0,3394,73,0.3854,0.000214
2026-09-14 14:07:13,SPX,7634.96,7658.6,7475.0,44,2221,0.5611,0.000214
2026-09-14 14:07:13,SPX,7634.96,7658.6,7795.0,599,3,0.3856,0.000214
2026-09-14 14:07:13,SPX,7634.96,7658.6,7470.0,7,2414,0.5767,0.000214
2026-09-14 14:07:13,SPX,7634.96,7658.6,7800.0,4155,299,0.3852,0.000214
2026-09-14 14:07:13,SPX,7634.96,7658.6,7465.0,1,1379,0.5921,0.000214
2026-09-14 14:07:13,SPX,7634.96,7658.6,7805.0,3131,8,0.3844,0.000214
2026-09-14 14:07:13,SPX,7634.96,7658.6,7460.0,6,2276,0.6074,0.000214
2026-09-14 14:07:13,SPX,7634.96,7658.6,7810.0,1254,27,0.3831,0.000214
2026-09-14 14:07:13,SPX,7634.96,7658.6,7455.0,0,958,0.6226,0.000214
2026-09-14 14:07:13,SPX,7634.96,7658.6,7815.0,483,4,0.3814,0.000214
2026-09-14 14:07:13,SPX,7634.96,7658.6,7450.0,22,3029,0.6378,0.000214
2026-09-14 14:07:13,SPX,7634.96,7658.6,7820.0,1135,83,0.3794,0.000214
2026-09-14 14:07:13,SPX,7634.96,7658.6,7445.0,0,297,0.6531,0.000214
2026-09-14 14:07:13,SPX,7634.96,7658.6,7825.0,3742,49,0.3771,0.000214
2026-09-14 14:07:13,SPX,7634.96,7658.6,7440.0,0,6015,0.6683,0.000214
2026-09-14 14:07:13,SPX,7634.96,7658.6,7830.0,452,12,0.3746,0.000214
2026-09-14 14:07:13,SPX,7634.96,7658.6,7435.0,0,1279,0.6834,0.000214
2026-09-14 14:07:13,SPX,7634.96,7658.6,7835.0,413,0,0.3719,0.000214
2026-09-14 14:07:13,SPX,7634.96,7658.6,7430.0,9,475,0.6981,0.000214
2026-09-14 14:07:13,SPX,7634.96,7658.6,7840.0,670,13,0.369,0.000214
2026-09-14 14:07:13,SPX,7634.96,7658.6,7425.0,34,7642,0.7123,0.000214
2026-09-14 14:07:13,SPX,7634.96,7658.6,7845.0,1762,1,0.366,0.000214
2026-09-14 14:07:13,SPX,7634.96,7658.6,7420.0,7,844,0.7261,0.000214
2026-09-14 14:07:13,SPX,7634.96,7658.6,7850.0,18075,37,0.3628,0.000214
2026-09-14 14:07:13,SPX,7634.96,7658.6,7415.0,0,320,0.7395,0.000214
2026-09-14 14:07:13,SPX,7634.96,7658.6,7855.0,285,0,0.3596,0.000214
2026-09-14 14:07:13,SPX,7634.96,7658.6,7410.0,30,1280,0.7524,0.000214
2026-09-14 14:07:13,SPX,7634.96,7658.6,7860.0,1526,3,0.3563,0.000214
2026-09-14 14:07:13,SPX,7634.96,7658.6,7405.0,5,1222,0.765,0.000214
2026-09-14 14:07:13,SPX,7634.96,7658.6,7865.0,3507,1,0.353,0.000214
2026-09-14 14:07:13,SPX,7634.96,7658.6,7400.0,38,5111,0.7771,0.000214
2026-09-14 14:07:13,SPX,7634.96,7658.6,7870.0,1472,7,0.3496,0.000214
2026-09-14 14:07:13,SPX,7634.96,7658.6,7395.0,14,340,0.7889,0.000214
2026-09-14 14:07:13,SPX,7634.96,7658.6,7875.0,1671,7,0.3462,0.000214
2026-09-14 14:07:13,SPX,7634.96,7658.6,7390.0,4,790,0.8,0.000214
2026-09-14 14:07:13,SPX,7634.96,7658.6,7880.0,3027,3,0.3428,0.000214
2026-09-14 14:07:13,SPX,7634.96,7658.6,7385.0,0,3318,0.8106,0.000214
2026-09-14 14:07:13,SPX,7634.96,7658.6,7635.0,88,410,0.1173,0.002952
2026-09-14 14:07:13,SPX,7634.96,7658.6,7630.0,159,521,0.1191,0.002952
2026-09-14 14:07:13,SPX,7634.96,7658.6,7640.0,190,538,0.1156,0.002952
2026-09-14 14:07:13,SPX,7634.96,7658.6,7625.0,148,1093,0.1214,0.002952
2026-09-14 14:07:13,SPX,7634.96,7658.6,7645.0,108,293,0.1137,0.002952
2026-09-14 14:07:13,SPX,7634.96,7658.6,7620.0,86,3068,0.1233,0.002952
2026-09-14 14:07:13,SPX,7634.96,7658.6,7650.0,1180,2458,0.112,0.002952
2026-09-14 14:07:13,SPX,7634.96,7658.6,7615.0,123,2373,0.1256,0.002952
2026-09-14 14:07:13,SPX,7634.96,7658.6,7655.0,256,257,0.1101,0.002952
2026-09-14 14:07:13,SPX,7634.96,7658.6,7610.0,68,764,0.1276,0.002952
2026-09-14 14:07:13,SPX,7634.96,7658.6,7660.0,332,304,0.1082,0.002952
2026-09-14 14:07:13,SPX,7634.96,7658.6,7605.0,115,216,0.1305,0.002952
2026-09-14 14:07:13,SPX,7634.96,7658.6,7665.0,309,449,0.1067,0.002952
2026-09-14 14:07:13,SPX,7634.96,7658.6,7600.0,181,1536,0.1332,0.002952
2026-09-14 14:07:13,SPX,7634.96,7658.6,7670.0,301,552,0.1056,0.002952
2026-09-14 14:07:13,SPX,7634.96,7658.6,7595.0,102,3426,0.136,0.002952
2026-09-14 14:07:13,SPX,7634.96,7658.6,7675.0,1667,1631,0.105,0.002952
2026-09-14 14:07:13,SPX,7634.96,7658.6,7590.0,41,432,0.1381,0.002952
2026-09-14 14:07:13,SPX,7634.96,7658.6,7680.0,383,560,0.1046,0.002952
2026-09-14 14:07:13,SPX,7634.96,7658.6,7585.0,34,188,0.1402,0.002952
2026-09-14 14:07:13,SPX,7634.96,7658.6,7685.0,276,695,0.1042,0.002952
2026-09-14 14:07:13,SPX,7634.96,7658.6,7580.0,88,696,0.1429,0.002952
2026-09-14 14:07:13,SPX,7634.96,7658.6,7690.0,413,299,0.1039,0.002952
2026-09-14 14:07:13,SPX,7634.96,7658.6,7575.0,53,902,0.1459,0.002952
2026-09-14 14:07:13,SPX,7634.96,7658.6,7695.0,266,183,0.1036,0.002952
2026-09-14 14:07:13,SPX,7634.96,7658.6,7570.0,50,531,0.149,0.002952
2026-09-14 14:07:13,SPX,7634.96,7658.6,7700.0,2732,729,0.1035,0.002952
2026-09-14 14:07:13,SPX,7634.96,7658.6,7565.0,31,346,0.1522,0.002952
2026-09-14 14:07:13,SPX,7634.96,7658.6,7705.0,374,438,0.1035,0.002952
2026-09-14 14:07:13,SPX,7634.96,7658.6,7560.0,38,506,0.1559,0.002952
2026-09-14 14:07:13,SPX,7634.96,7658.6,7710.0,1141,759,0.1037,0.002952
2026-09-14 14:07:13,SPX,7634.96,7658.6,7555.0,25,342,0.1581,0.002952
2026-09-14 14:07:13,SPX,7634.96,7658.6,7715.0,505,159,0.1043,0.002952
2026-09-14 14:07:13,SPX,7634.96,7658.6,7550.0,47,2766,0.1602,0.002952
2026-09-14 14:07:13,SPX,7634.96,7658.6,7720.0,790,206,0.1051,0.002952
2026-09-14 14:07:13,SPX,7634.96,7658.6,7545.0,17,380,0.1635,0.002952
2026-09-14 14:07:13,SPX,7634.96,7658.6,7725.0,1258,289,0.1063,0.002952
2026-09-14 14:07:13,SPX,7634.96,7658.6,7540.0,28,437,0.1673,0.002952
2026-09-14 14:07:13,SPX,7634.96,7658.6,7730.0,552,205,0.1078,0.002952
2026-09-14 14:07:13,SPX,7634.96,7658.6,7535.0,22,561,0.1708,0.002952
2026-09-14 14:07:13,SPX,7634.96,7658.6,7735.0,1185,48,0.1095,0.002952
2026-09-14 14:07:13,SPX,7634.96,7658.6,7530.0,30,319,0.1744,0.002952
2026-09-14 14:07:13,SPX,7634.96,7658.6,7740.0,577,90,0.1114,0.002952
2026-09-14 14:07:13,SPX,7634.96,7658.6,7525.0,87,1191,0.1777,0.002952
2026-09-14 14:07:13,SPX,7634.96,7658.6,7745.0,773,75,0.1135,0.002952
2026-09-14 14:07:13,SPX,7634.96,7658.6,7520.0,99,292,0.1806,0.002952
2026-09-14 14:07:13,SPX,7634.96,7658.6,7750.0,1883,803,0.1157,0.002952
2026-09-14 14:07:13,SPX,7634.96,7658.6,7515.0,24,229,0.1837,0.002952
2026-09-14 14:07:13,SPX,7634.96,7658.6,7755.0,322,37,0.1181,0.002952
2026-09-14 14:07:13,SPX,7634.96,7658.6,7510.0,7,407,0.1872,0.002952
2026-09-14 14:07:13,SPX,7634.96,7658.6,7760.0,630,60,0.1207,0.002952
2026-09-14 14:07:13,SPX,7634.96,7658.6,7505.0,7,253,0.1913,0.002952
2026-09-14 14:07:13,SPX,7634.96,7658.6,7765.0,566,22,0.1236,0.002952
2026-09-14 14:07:13,SPX,7634.96,7658.6,7500.0,50,3136,0.1956,0.002952
2026-09-14 14:07:13,SPX,7634.96,7658.6,7770.0,591,33,0.1267,0.002952
2026-09-14 14:07:13,SPX,7634.96,7658.6,7495.0,0,1326,0.2001,0.002952
2026-09-14 14:07:13,SPX,7634.96,7658.6,7775.0,1185,26,0.1298,0.002952
2026-09-14 14:07:13,SPX,7634.96,7658.6,7490.0,7,439,0.2045,0.002952
2026-09-14 14:07:13,SPX,7634.96,7658.6,7780.0,898,122,0.1329,0.002952
2026-09-14 14:07:13,SPX,7634.96,7658.6,7485.0,1,211,0.2089,0.002952
2026-09-14 14:07:13,SPX,7634.96,7658.6,7785.0,427,24,0.1356,0.002952
2026-09-14 14:07:13,SPX,7634.96,7658.6,7480.0,4,257,0.2131,0.002952
2026-09-14 14:07:13,SPX,7634.96,7658.6,7790.0,422,69,0.1381,0.002952
2026-09-14 14:07:13,SPX,7634.96,7658.6,7475.0,8,396,0.2172,0.002952
2026-09-14 14:07:13,SPX,7634.96,7658.6,7795.0,336,0,0.1402,0.002952
2026-09-14 14:07:13,SPX,7634.96,7658.6,7470.0,0,229,0.2212,0.002952
2026-09-14 14:07:13,SPX,7634.96,7658.6,7800.0,3029,51,0.1419,0.002952
2026-09-14 14:07:13,SPX,7634.96,7658.6,7465.0,0,172,0.2251,0.002952
2026-09-14 14:07:13,SPX,7634.96,7658.6,7805.0,420,6,0.143,0.002952
2026-09-14 14:07:13,SPX,7634.96,7658.6,7460.0,5,563,0.229,0.002952
2026-09-14 14:07:13,SPX,7634.96,7658.6,7810.0,711,7,0.1438,0.002952
2026-09-14 14:07:13,SPX,7634.96,7658.6,7455.0,14,91,0.2329,0.002952
2026-09-14 14:07:13,SPX,7634.96,7658.6,7815.0,478,1,0.1441,0.002952
2026-09-14 14:07:13,SPX,7634.96,7658.6,7450.0,11,1696,0.2368,0.002952
2026-09-14 14:07:13,SPX,7634.96,7658.6,7820.0,719,19,0.1442,0.002952
2026-09-14 14:07:13,SPX,7634.96,7658.6,7445.0,1,343,0.2407,0.002952
2026-09-14 14:07:13,SPX,7634.96,7658.6,7825.0,2219,41,0.144,0.002952
2026-09-14 14:07:13,SPX,7634.96,7658.6,7440.0,81,473,0.2446,0.002952
2026-09-14 14:07:13,SPX,7634.96,7658.6,7830.0,1772,3,0.1436,0.002952
2026-09-14 14:07:13,SPX,7634.96,7658.6,7435.0,0,209,0.2487,0.002952
2026-09-14 14:07:13,SPX,7634.96,7658.6,7835.0,638,0,0.143,0.002952
2026-09-14 14:07:13,SPX,7634.96,7658.6,7430.0,0,335,0.2528,0.002952
2026-09-14 14:07:13,SPX,7634.96,7658.6,7840.0,486,4,0.1423,0.002952
2026-09-14 14:07:13,SPX,7634.96,7658.6,7425.0,10,1228,0.2569,0.002952
2026-09-14 14:07:13,SPX,7634.96,7658.6,7845.0,439,1,0.1415,0.002952
2026-09-14 14:07:13,SPX,7634.96,7658.6,7420.0,2,274,0.2611,0.002952
2026-09-14 14:07:13,SPX,7634.96,7658.6,7850.0,758,32,0.1407,0.002952
2026-09-14 14:07:13,SPX,7634.96,7658.6,7415.0,0,269,0.2653,0.002952
2026-09-14 14:07:13,SPX,7634.96,7658.6,7855.0,257,0,0.1397,0.002952
2026-09-14 14:07:13,SPX,7634.96,7658.6,7410.0,32,301,0.2696,0.002952
2026-09-14 14:07:13,SPX,7634.96,7658.6,7860.0,321,0,0.1387,0.002952
2026-09-14 14:07:13,SPX,7634.96,7658.6,7405.0,0,163,0.2739,0.002952
2026-09-14 14:07:13,SPX,7634.96,7658.6,7865.0,337,0,0.1377,0.002952
2026-09-14 14:07:13,SPX,7634.96,7658.6,7400.0,11,3737,0.2782,0.002952
2026-09-14 14:07:13,SPX,7634.96,7658.6,7870.0,382,0,0.1366,0.002952
2026-09-14 14:07:13,SPX,7634.96,7658.6,7395.0,0,92,0.2825,0.002952
2026-09-14 14:07:13,SPX,7634.96,7658.6,7875.0,1031,1,0.1355,0.002952
2026-09-14 14:07:13,SPX,7634.96,7658.6,7390.0,0,270,0.2869,0.002952
2026-09-14 14:07:13,SPX,7634.96,7658.6,7880.0,333,0,0.1343,0.002952
2026-09-14 14:07:13,SPX,7634.96,7658.6,7385.0,0,99,0.2912,0.002952
2026-09-14 14:07:13,SPX,7634.96,7658.6,7635.0,100,393,0.1456,0.00569
2026-09-14 14:07:13,SPX,7634.96,7658.6,7630.0,190,311,0.1471,0.00569
2026-09-14 14:07:13,SPX,7634.96,7658.6,7640.0,173,260,0.144,0.00569
2026-09-14 14:07:13,SPX,7634.96,7658.6,7625.0,76,3525,0.149,0.00569
2026-09-14 14:07:13,SPX,7634.96,7658.6,7645.0,125,436,0.1424,0.00569
2026-09-14 14:07:13,SPX,7634.96,7658.6,7620.0,92,165,0.1503,0.00569
2026-09-14 14:07:13,SPX,7634.96,7658.6,7650.0,3942,4297,0.1411,0.00569
2026-09-14 14:07:13,SPX,7634.96,7658.6,7615.0,30,136,0.1521,0.00569
2026-09-14 14:07:13,SPX,7634.96,7658.6,7655.0,88,769,0.14,0.00569
2026-09-14 14:07:13,SPX,7634.96,7658.6,7610.0,86,444,0.154,0.00569
2026-09-14 14:07:13,SPX,7634.96,7658.6,7660.0,149,214,0.1385,0.00569
2026-09-14 14:07:13,SPX,7634.96,7658.6,7605.0,46,171,0.1559,0.00569
2026-09-14 14:07:13,SPX,7634.96,7658.6,7665.0,153,256,0.137,0.00569
2026-09-14 14:07:13,SPX,7634.96,7658.6,7600.0,299,2447,0.1582,0.00569
2026-09-14 14:07:13,SPX,7634.96,7658.6,7670.0,252,521,0.1357,0.00569
2026-09-14 14:07:13,SPX,7634.96,7658.6,7595.0,81,353,0.1596,0.00569
2026-09-14 14:07:13,SPX,7634.96,7658.6,7675.0,3101,555,0.1343,0.00569
2026-09-14 14:07:13,SPX,7634.96,7658.6,7590.0,83,381,0.1611,0.00569
2026-09-14 14:07:13,SPX,7634.96,7658.6,7680.0,431,792,0.1327,0.00569
2026-09-14 14:07:13,SPX,7634.96,7658.6,7585.0,83,325,0.1628,0.00569
2026-09-14 14:07:13,SPX,7634.96,7658.6,7685.0,799,212,0.1313,0.00569
2026-09-14 14:07:13,SPX,7634.96,7658.6,7580.0,31,654,0.1644,0.00569
2026-09-14 14:07:13,SPX,7634.96,7658.6,7690.0,254,121,0.13,0.00569
2026-09-14 14:07:13,SPX,7634.96,7658.6,7575.0,46,586,0.1663,0.00569
2026-09-14 14:07:13,SPX,7634.96,7658.6,7695.0,197,111,0.129,0.00569
2026-09-14 14:07:13,SPX,7634.96,7658.6,7570.0,20,769,0.1683,0.00569
2026-09-14 14:07:13,SPX,7634.96,7658.6,7700.0,1164,639,0.128,0.00569
2026-09-14 14:07:13,SPX,7634.96,7658.6,7565.0,10,210,0.1701,0.00569
2026-09-14 14:07:13,SPX,7634.96,7658.6,7705.0,125,2044,0.1272,0.00569
2026-09-14 14:07:13,SPX,7634.96,7658.6,7560.0,37,297,0.1721,0.00569
2026-09-14 14:07:13,SPX,7634.96,7658.6,7710.0,827,106,0.1265,0.00569
2026-09-14 14:07:13,SPX,7634.96,7658.6,7555.0,30,245,0.174,0.00569
2026-09-14 14:07:13,SPX,7634.96,7658.6,7715.0,226,1313,0.1257,0.00569
2026-09-14 14:07:13,SPX,7634.96,7658.6,7550.0,66,971,0.1761,0.00569
2026-09-14 14:07:13,SPX,7634.96,7658.6,7720.0,333,74,0.125,0.00569
2026-09-14 14:07:13,SPX,7634.96,7658.6,7545.0,4,234,0.1782,0.00569
2026-09-14 14:07:13,SPX,7634.96,7658.6,7725.0,894,102,0.1242,0.00569
2026-09-14 14:07:13,SPX,7634.96,7658.6,7540.0,26,558,0.1802,0.00569
2026-09-14 14:07:13,SPX,7634.96,7658.6,7730.0,2632,2029,0.1235,0.00569
2026-09-14 14:07:13,SPX,7634.96,7658.6,7535.0,5,247,0.1821,0.00569
2026-09-14 14:07:13,SPX,7634.96,7658.6,7735.0,623,10,0.1228,0.00569
2026-09-14 14:07:13,SPX,7634.96,7658.6,7530.0,36,367,0.184,0.00569
2026-09-14 14:07:13,SPX,7634.96,7658.6,7740.0,1778,1337,0.1221,0.00569
2026-09-14 14:07:13,SPX,7634.96,7658.6,7525.0,35,2414,0.1858,0.00569
2026-09-14 14:07:13,SPX,7634.96,7658.6,7745.0,497,122,0.1215,0.00569
2026-09-14 14:07:13,SPX,7634.96,7658.6,7520.0,26,946,0.1876,0.00569
2026-09-14 14:07:13,SPX,7634.96,7658.6,7750.0,1137,298,0.1209,0.00569
2026-09-14 14:07:13,SPX,7634.96,7658.6,7515.0,43,171,0.1893,0.00569
2026-09-14 14:07:13,SPX,7634.96,7658.6,7755.0,2504,30,0.1205,0.00569
2026-09-14 14:07:13,SPX,7634.96,7658.6,7510.0,40,185,0.1912,0.00569
2026-09-14 14:07:13,SPX,7634.96,7658.6,7760.0,444,61,0.1202,0.00569
2026-09-14 14:07:13,SPX,7634.96,7658.6,7505.0,26,246,0.193,0.00569
2026-09-14 14:07:13,SPX,7634.96,7658.6,7765.0,1907,14,0.12,0.00569
2026-09-14 14:07:13,SPX,7634.96,7658.6,7500.0,43,2563,0.195,0.00569
2026-09-14 14:07:13,SPX,7634.96,7658.6,7770.0,966,30,0.12,0.00569
2026-09-14 14:07:13,SPX,7634.96,7658.6,7495.0,0,148,0.1971,0.00569
2026-09-14 14:07:13,SPX,7634.96,7658.6,7775.0,1163,62,0.1202,0.00569
2026-09-14 14:07:13,SPX,7634.96,7658.6,7490.0,0,302,0.1992,0.00569
2026-09-14 14:07:13,SPX,7634.96,7658.6,7780.0,887,32,0.1206,0.00569
2026-09-14 14:07:13,SPX,7634.96,7658.6,7485.0,3,172,0.2014,0.00569
2026-09-14 14:07:13,SPX,7634.96,7658.6,7785.0,339,279,0.1211,0.00569
2026-09-14 14:07:13,SPX,7634.96,7658.6,7480.0,7,320,0.2037,0.00569
2026-09-14 14:07:13,SPX,7634.96,7658.6,7790.0,595,24,0.1219,0.00569
2026-09-14 14:07:13,SPX,7634.96,7658.6,7475.0,24,984,0.2059,0.00569
2026-09-14 14:07:13,SPX,7634.96,7658.6,7795.0,356,13,0.1228,0.00569
2026-09-14 14:07:13,SPX,7634.96,7658.6,7470.0,25,842,0.2082,0.00569
2026-09-14 14:07:13,SPX,7634.96,7658.6,7800.0,3052,36,0.1238,0.00569
2026-09-14 14:07:13,SPX,7634.96,7658.6,7465.0,0,409,0.2104,0.00569
2026-09-14 14:07:13,SPX,7634.96,7658.6,7805.0,1690,1,0.1251,0.00569
2026-09-14 14:07:13,SPX,7634.96,7658.6,7460.0,25,380,0.2126,0.00569
2026-09-14 14:07:13,SPX,7634.96,7658.6,7810.0,538,32,0.1265,0.00569
2026-09-14 14:07:13,SPX,7634.96,7658.6,7455.0,0,208,0.2148,0.00569
2026-09-14 14:07:13,SPX,7634.96,7658.6,7815.0,433,4,0.128,0.00569
2026-09-14 14:07:13,SPX,7634.96,7658.6,7450.0,3,873,0.217,0.00569
2026-09-14 14:07:13,SPX,7634.96,7658.6,7820.0,1311,62,0.1297,0.00569
2026-09-14 14:07:13,SPX,7634.96,7658.6,7445.0,0,160,0.2192,0.00569
2026-09-14 14:07:13,SPX,7634.96,7658.6,7825.0,1157,42,0.1315,0.00569
2026-09-14 14:07:13,SPX,7634.96,7658.6,7440.0,0,250,0.2214,0.00569
2026-09-14 14:07:13,SPX,7634.96,7658.6,7830.0,439,126,0.1335,0.00569
2026-09-14 14:07:13,SPX,7634.96,7658.6,7435.0,0,111,0.2236,0.00569
2026-09-14 14:07:13,SPX,7634.96,7658.6,7835.0,380,30,0.1355,0.00569
2026-09-14 14:07:13,SPX,7634.96,7658.6,7430.0,0,160,0.2258,0.00569
2026-09-14 14:07:13,SPX,7634.96,7658.6,7840.0,487,1,0.1377,0.00569
2026-09-14 14:07:13,SPX,7634.96,7658.6,7425.0,6,354,0.2281,0.00569
2026-09-14 14:07:13,SPX,7634.96,7658.6,7845.0,248,1,0.1398,0.00569
2026-09-14 14:07:13,SPX,7634.96,7658.6,7420.0,1,667,0.2304,0.00569
2026-09-14 14:07:13,SPX,7634.96,7658.6,7850.0,1424,123,0.1421,0.00569
2026-09-14 14:07:13,SPX,7634.96,7658.6,7415.0,0,236,0.2327,0.00569
2026-09-14 14:07:13,SPX,7634.96,7658.6,7855.0,210,0,0.1444,0.00569
2026-09-14 14:07:13,SPX,7634.96,7658.6,7410.0,0,210,0.2351,0.00569
2026-09-14 14:07:13,SPX,7634.96,7658.6,7860.0,585,3,0.1467,0.00569
2026-09-14 14:07:13,SPX,7634.96,7658.6,7405.0,0,233,0.2375,0.00569
2026-09-14 14:07:13,SPX,7634.96,7658.6,7865.0,389,6,0.149,0.00569
2026-09-14 14:07:13,SPX,7634.96,7658.6,7400.0,31,2257,0.24,0.00569
2026-09-14 14:07:13,SPX,7634.96,7658.6,7870.0,377,0,0.1514,0.00569
2026-09-14 14:07:13,SPX,7634.96,7658.6,7395.0,0,1437,0.2425,0.00569
2026-09-14 14:07:13,SPX,7634.96,7658.6,7875.0,1075,19,0.1538,0.00569
2026-09-14 14:07:13,SPX,7634.96,7658.6,7390.0,30,406,0.245,0.00569
2026-09-14 14:07:13,SPX,7634.96,7658.6,7880.0,313,0,0.1561,0.00569
2026-09-14 14:07:13,SPX,7634.96,7658.6,7385.0,1,191,0.2476,0.00569
2026-09-14 14:37:38,SPX,7634.88,7657.87,7635.0,261,755,0.1113,0.000157
2026-09-14 14:37:38,SPX,7634.88,7657.87,7630.0,269,1151,0.1164,0.000157
2026-09-14 14:37:38,SPX,7634.88,7657.87,7640.0,407,890,0.1098,0.000157
2026-09-14 14:37:38,SPX,7634.88,7657.87,7625.0,492,1894,0.1241,0.000157
2026-09-14 14:37:38,SPX,7634.88,7657.87,7645.0,338,1275,0.1121,0.000157
2026-09-14 14:37:38,SPX,7634.88,7657.87,7620.0,146,1404,0.1349,0.000157
2026-09-14 14:37:38,SPX,7634.88,7657.87,7650.0,2328,2140,0.1185,0.000157
2026-09-14 14:37:38,SPX,7634.88,7657.87,7615.0,205,2588,0.1482,0.000157
2026-09-14 14:37:38,SPX,7634.88,7657.87,7655.0,1374,904,0.1271,0.000157
2026-09-14 14:37:38,SPX,7634.88,7657.87,7610.0,276,1598,0.1624,0.000157
2026-09-14 14:37:38,SPX,7634.88,7657.87,7660.0,1081,1336,0.1407,0.000157
2026-09-14 14:37:38,SPX,7634.88,7657.87,7605.0,582,3198,0.1791,0.000157
2026-09-14 14:37:38,SPX,7634.88,7657.87,7665.0,1125,984,0.1574,0.000157
2026-09-14 14:37:38,SPX,7634.88,7657.87,7600.0,1069,4496,0.1958,0.000157
2026-09-14 14:37:38,SPX,7634.88,7657.87,7670.0,1245,716,0.1756,0.000157
2026-09-14 14:37:38,SPX,7634.88,7657.87,7595.0,255,978,0.2124,0.000157
2026-09-14 14:37:38,SPX,7634.88,7657.87,7675.0,3444,1867,0.1926,0.000157
2026-09-14 14:37:38,SPX,7634.88,7657.87,7590.0,97,1818,0.2274,0.000157
2026-09-14 14:37:38,SPX,7634.88,7657.87,7680.0,2948,1779,0.21,0.000157
2026-09-14 14:37:38,SPX,7634.88,7657.87,7585.0,189,1180,0.248,0.000157
2026-09-14 14:37:38,SPX,7634.88,7657.87,7685.0,796,272,0.2246,0.000157
2026-09-14 14:37:38,SPX,7634.88,7657.87,7580.0,96,2170,0.2629,0.000157
2026-09-14 14:37:38,SPX,7634.88,7657.87,7690.0,1113,270,0.2369,0.000157
2026-09-14 14:37:38,SPX,7634.88,7657.87,7575.0,238,3088,0.2786,0.000157
2026-09-14 14:37:38,SPX,7634.88,7657.87,7695.0,1805,157,0.2496,0.000157
2026-09-14 14:37:38,SPX,7634.88,7657.87,7570.0,61,1484,0.3044,0.000157
2026-09-14 14:37:38,SPX,7634.88,7657.87,7700.0,3735,1374,0.2641,0.000157
2026-09-14 14:37:38,SPX,7634.88,7657.87,7565.0,73,1290,0.3286,0.000157
2026-09-14 14:37:38,SPX,7634.88,7657.87,7705.0,3576,952,0.2798,0.000157
2026-09-14 14:37:38,SPX,7634.88,7657.87,7560.0,66,2432,0.3467,0.000157
2026-09-14 14:37:38,SPX,7634.88,7657.87,7710.0,1629,230,0.296,0.000157
2026-09-14 14:37:38,SPX,7634.88,7657.87,7555.0,41,2475,0.3625,0.000157
2026-09-14 14:37:38,SPX,7634.88,7657.87,7715.0,3168,78,0.3118,0.000157
2026-09-14 14:37:38,SPX,7634.88,7657.87,7550.0,61,5411,0.3784,0.000157
2026-09-14 14:37:38,SPX,7634.88,7657.87,7720.0,6710,256,0.3269,0.000157
2026-09-14 14:37:38,SPX,7634.88,7657.87,7545.0,27,4407,0.3945,0.000157
2026-09-14 14:37:38,SPX,7634.88,7657.87,7725.0,3627,371,0.3409,0.000157
2026-09-14 14:37:38,SPX,7634.88,7657.87,7540.0,25,1517,0.411,0.000157
2026-09-14 14:37:38,SPX,7634.88,7657.87,7730.0,3683,1017,0.3536,0.000157
2026-09-14 14:37:38,SPX,7634.88,7657.87,7535.0,13,2818,0.428,0.000157
2026-09-14 14:37:38,SPX,7634.88,7657.87,7735.0,2667,96,0.365,0.000157
2026-09-14 14:37:38,SPX,7634.88,7657.87,7530.0,51,3495,0.4455,0.000157
2026-09-14 14:37:38,SPX,7634.88,7657.87,7740.0,1858,89,0.3748,0.000157
2026-09-14 14:37:38,SPX,7634.88,7657.87,7525.0,64,5429,0.4636,0.000157
2026-09-14 14:37:38,SPX,7634.88,7657.87,7745.0,1727,54,0.3829,0.000157
2026-09-14 14:37:38,SPX,7634.88,7657.87,7520.0,38,2095,0.4819,0.000157
2026-09-14 14:37:38,SPX,7634.88,7657.87,7750.0,3036,396,0.3893,0.000157
2026-09-14 14:37:38,SPX,7634.88,7657.87,7515.0,30,892,0.5004,0.000157
2026-09-14 14:37:38,SPX,7634.88,7657.87,7755.0,1674,33,0.3945,0.000157
2026-09-14 14:37:38,SPX,7634.88,7657.87,7510.0,78,801,0.519,0.000157
2026-09-14 14:37:38,SPX,7634.88,7657.87,7760.0,4448,105,0.4002,0.000157
2026-09-14 14:37:38,SPX,7634.88,7657.87,7505.0,6,1667,0.5454,0.000157
2026-09-14 14:37:38,SPX,7634.88,7657.87,7765.0,1301,46,0.4031,0.000157
2026-09-14 14:37:38,SPX,7634.88,7657.87,7500.0,134,9425,0.5646,0.000157
2026-09-14 14:37:38,SPX,7634.88,7657.87,7770.0,1587,111,0.4049,0.000157
2026-09-14 14:37:38,SPX,7634.88,7657.87,7495.0,4,488,0.5833,0.000157
2026-09-14 14:37:38,SPX,7634.88,7657.87,7775.0,6475,70,0.406,0.000157
2026-09-14 14:37:38,SPX,7634.88,7657.87,7490.0,21,806,0.6017,0.000157
2026-09-14 14:37:38,SPX,7634.88,7657.87,7780.0,8118,89,0.4063,0.000157
2026-09-14 14:37:38,SPX,7634.88,7657.87,7485.0,4,1294,0.6198,0.000157
2026-09-14 14:37:38,SPX,7634.88,7657.87,7785.0,8660,32,0.406,0.000157
2026-09-14 14:37:38,SPX,7634.88,7657.87,7480.0,44,954,0.6375,0.000157
2026-09-14 14:37:38,SPX,7634.88,7657.87,7790.0,3394,73,0.405,0.000157
2026-09-14 14:37:38,SPX,7634.88,7657.87,7475.0,44,2221,0.6548,0.000157
2026-09-14 14:37:38,SPX,7634.88,7657.87,7795.0,599,3,0.4035,0.000157
2026-09-14 14:37:38,SPX,7634.88,7657.87,7470.0,7,2414,0.6716,0.000157
2026-09-14 14:37:38,SPX,7634.88,7657.87,7800.0,4155,299,0.4017,0.000157
2026-09-14 14:37:38,SPX,7634.88,7657.87,7465.0,1,1379,0.6874,0.000157
2026-09-14 14:37:38,SPX,7634.88,7657.87,7805.0,3131,8,0.3995,0.000157
2026-09-14 14:37:38,SPX,7634.88,7657.87,7460.0,6,2276,0.7025,0.000157
2026-09-14 14:37:38,SPX,7634.88,7657.87,7810.0,1254,27,0.3972,0.000157
2026-09-14 14:37:38,SPX,7634.88,7657.87,7455.0,2,958,0.7169,0.000157
2026-09-14 14:37:38,SPX,7634.88,7657.87,7815.0,483,4,0.3947,0.000157
2026-09-14 14:37:38,SPX,7634.88,7657.87,7450.0,22,3029,0.7305,0.000157
2026-09-14 14:37:38,SPX,7634.88,7657.87,7820.0,1135,83,0.3921,0.000157
2026-09-14 14:37:38,SPX,7634.88,7657.87,7445.0,0,297,0.7429,0.000157
2026-09-14 14:37:38,SPX,7634.88,7657.87,7825.0,3742,49,0.3893,0.000157
2026-09-14 14:37:38,SPX,7634.88,7657.87,7440.0,0,6015,0.7544,0.000157
2026-09-14 14:37:38,SPX,7634.88,7657.87,7830.0,452,12,0.3864,0.000157
2026-09-14 14:37:38,SPX,7634.88,7657.87,7435.0,0,1279,0.7652,0.000157
2026-09-14 14:37:38,SPX,7634.88,7657.87,7835.0,413,0,0.3834,0.000157
2026-09-14 14:37:38,SPX,7634.88,7657.87,7430.0,9,475,0.775,0.000157
2026-09-14 14:37:38,SPX,7634.88,7657.87,7840.0,670,13,0.3804,0.000157
2026-09-14 14:37:38,SPX,7634.88,7657.87,7425.0,34,7642,0.784,0.000157
2026-09-14 14:37:38,SPX,7634.88,7657.87,7845.0,1762,1,0.3773,0.000157
2026-09-14 14:37:38,SPX,7634.88,7657.87,7420.0,7,844,0.7923,0.000157
2026-09-14 14:37:38,SPX,7634.88,7657.87,7850.0,18075,37,0.3741,0.000157
2026-09-14 14:37:38,SPX,7634.88,7657.87,7415.0,0,320,0.8,0.000157
2026-09-14 14:37:38,SPX,7634.88,7657.87,7855.0,285,0,0.3709,0.000157
2026-09-14 14:37:38,SPX,7634.88,7657.87,7410.0,30,1280,0.8071,0.000157
2026-09-14 14:37:38,SPX,7634.88,7657.87,7860.0,1526,3,0.3677,0.000157
2026-09-14 14:37:38,SPX,7634.88,7657.87,7405.0,5,1222,0.8136,0.000157
2026-09-14 14:37:38,SPX,7634.88,7657.87,7865.0,3507,1,0.3644,0.000157
2026-09-14 14:37:38,SPX,7634.88,7657.87,7400.0,38,5111,0.8193,0.000157
2026-09-14 14:37:38,SPX,7634.88,7657.87,7870.0,1472,7,0.3611,0.000157
2026-09-14 14:37:38,SPX,7634.88,7657.87,7395.0,14,340,0.8242,0.000157
2026-09-14 14:37:38,SPX,7634.88,7657.87,7875.0,1671,7,0.3578,0.000157
2026-09-14 14:37:38,SPX,7634.88,7657.87,7390.0,4,790,0.8285,0.000157
2026-09-14 14:37:38,SPX,7634.88,7657.87,7880.0,3027,3,0.3545,0.000157
2026-09-14 14:37:38,SPX,7634.88,7657.87,7385.0,0,3318,0.8323,0.000157
2026-09-14 14:37:38,SPX,7634.88,7657.87,7635.0,88,410,0.1152,0.002894
2026-09-14 14:37:38,SPX,7634.88,7657.87,7630.0,159,521,0.1173,0.002894
2026-09-14 14:37:38,SPX,7634.88,7657.87,7640.0,190,538,0.1134,0.002894
2026-09-14 14:37:38,SPX,7634.88,7657.87,7625.0,148,1093,0.1195,0.002894
2026-09-14 14:37:38,SPX,7634.88,7657.87,7645.0,108,293,0.1112,0.002894
2026-09-14 14:37:38,SPX,7634.88,7657.87,7620.0,86,3068,0.1217,0.002894
2026-09-14 14:37:38,SPX,7634.88,7657.87,7650.0,1180,2458,0.1092,0.002894
2026-09-14 14:37:38,SPX,7634.88,7657.87,7615.0,123,2373,0.1236,0.002894
2026-09-14 14:37:38,SPX,7634.88,7657.87,7655.0,256,257,0.1071,0.002894
2026-09-14 14:37:38,SPX,7634.88,7657.87,7610.0,68,764,0.1257,0.002894
2026-09-14 14:37:38,SPX,7634.88,7657.87,7660.0,332,304,0.1052,0.002894
2026-09-14 14:37:38,SPX,7634.88,7657.87,7605.0,115,216,0.1282,0.002894
2026-09-14 14:37:38,SPX,7634.88,7657.87,7665.0,309,449,0.1039,0.002894
2026-09-14 14:37:38,SPX,7634.88,7657.87,7600.0,181,1536,0.1301,0.002894
2026-09-14 14:37:38,SPX,7634.88,7657.87,7670.0,301,552,0.1031,0.002894
2026-09-14 14:37:38,SPX,7634.88,7657.87,7595.0,102,3426,0.1339,0.002894
2026-09-14 14:37:38,SPX,7634.88,7657.87,7675.0,1667,1631,0.1025,0.002894
2026-09-14 14:37:38,SPX,7634.88,7657.87,7590.0,41,432,0.1353,0.002894
2026-09-14 14:37:38,SPX,7634.88,7657.87,7680.0,383,560,0.1019,0.002894
2026-09-14 14:37:38,SPX,7634.88,7657.87,7585.0,34,188,0.1373,0.002894
2026-09-14 14:37:38,SPX,7634.88,7657.87,7685.0,276,695,0.1011,0.002894
2026-09-14 14:37:38,SPX,7634.88,7657.87,7580.0,88,696,0.1405,0.002894
2026-09-14 14:37:38,SPX,7634.88,7657.87,7690.0,413,299,0.1005,0.002894
2026-09-14 14:37:38,SPX,7634.88,7657.87,7575.0,53,902,0.1437,0.002894
2026-09-14 14:37:38,SPX,7634.88,7657.87,7695.0,266,183,0.0999,0.002894
2026-09-14 14:37:38,SPX,7634.88,7657.87,7570.0,50,531,0.146,0.002894
2026-09-14 14:37:38,SPX,7634.88,7657.87,7700.0,2732,729,0.0997,0.002894
2026-09-14 14:37:38,SPX,7634.88,7657.87,7565.0,31,346,0.1478,0.002894
2026-09-14 14:37:38,SPX,7634.88,7657.87,7705.0,374,438,0.0997,0.002894
2026-09-14 14:37:38,SPX,7634.88,7657.87,7560.0,38,506,0.151,0.002894
2026-09-14 14:37:38,SPX,7634.88,7657.87,7710.0,1141,759,0.1002,0.002894
2026-09-14 14:37:38,SPX,7634.88,7657.87,7555.0,25,342,0.1556,0.002894
2026-09-14 14:37:38,SPX,7634.88,7657.87,7715.0,505,159,0.1012,0.002894
2026-09-14 14:37:38,SPX,7634.88,7657.87,7550.0,47,2766,0.1576,0.002894
2026-09-14 14:37:38,SPX,7634.88,7657.87,7720.0,790,206,0.1026,0.002894
2026-09-14 14:37:38,SPX,7634.88,7657.87,7545.0,17,380,0.1599,0.002894
2026-09-14 14:37:38,SPX,7634.88,7657.87,7725.0,1258,289,0.1044,0.002894
2026-09-14 14:37:38,SPX,7634.88,7657.87,7540.0,28,437,0.1629,0.002894
2026-09-14 14:37:38,SPX,7634.88,7657.87,7730.0,552,205,0.1065,0.002894
2026-09-14 14:37:38,SPX,7634.88,7657.87,7535.0,22,561,0.1667,0.002894
2026-09-14 14:37:38,SPX,7634.88,7657.87,7735.0,1185,48,0.1088,0.002894
2026-09-14 14:37:38,SPX,7634.88,7657.87,7530.0,30,319,0.1703,0.002894
2026-09-14 14:37:38,SPX,7634.88,7657.87,7740.0,577,90,0.1112,0.002894
2026-09-14 14:37:38,SPX,7634.88,7657.87,7525.0,87,1191,0.1738,0.002894
2026-09-14 14:37:38,SPX,7634.88,7657.87,7745.0,773,75,0.1138,0.002894
2026-09-14 14:37:38,SPX,7634.88,7657.87,7520.0,99,292,0.1767,0.002894
2026-09-14 14:37:38,SPX,7634.88,7657.87,7750.0,1883,803,0.1164,0.002894
2026-09-14 14:37:38,SPX,7634.88,7657.87,7515.0,24,229,0.1796,0.002894
2026-09-14 14:37:38,SPX,7634.88,7657.87,7755.0,322,37,0.1192,0.002894
2026-09-14 14:37:38,SPX,7634.88,7657.87,7510.0,7,407,0.1827,0.002894
2026-09-14 14:37:38,SPX,7634.88,7657.87,7760.0,630,60,0.1221,0.002894
2026-09-14 14:37:38,SPX,7634.88,7657.87,7505.0,7,253,0.1863,0.002894
2026-09-14 14:37:38,SPX,7634.88,7657.87,7765.0,566,22,0.1252,0.002894
2026-09-14 14:37:38,SPX,7634.88,7657.87,7500.0,50,3136,0.1904,0.002894
2026-09-14 14:37:38,SPX,7634.88,7657.87,7770.0,591,33,0.1284,0.002894
2026-09-14 14:37:38,SPX,7634.88,7657.87,7495.0,0,1326,0.1947,0.002894
2026-09-14 14:37:38,SPX,7634.88,7657.87,7775.0,1185,26,0.1315,0.002894
2026-09-14 14:37:38,SPX,7634.88,7657.87,7490.0,7,439,0.1991,0.002894
2026-09-14 14:37:38,SPX,7634.88,7657.87,7780.0,898,122,0.1346,0.002894
2026-09-14 14:37:38,SPX,7634.88,7657.87,7485.0,1,211,0.2034,0.002894
2026-09-14 14:37:38,SPX,7634.88,7657.87,7785.0,427,24,0.1373,0.002894
2026-09-14 14:37:38,SPX,7634.88,7657.87,7480.0,4,257,0.2076,0.002894
2026-09-14 14:37:38,SPX,7634.88,7657.87,7790.0,422,69,0.1397,0.002894
2026-09-14 14:37:38,SPX,7634.88,7657.87,7475.0,8,396,0.2117,0.002894
2026-09-14 14:37:38,SPX,7634.88,7657.87,7795.0,336,0,0.142,0.002894
2026-09-14 14:37:38,SPX,7634.88,7657.87,7470.0,0,229,0.2156,0.002894
2026-09-14 14:37:38,SPX,7634.88,7657.87,7800.0,3029,51,0.1437,0.002894
2026-09-14 14:37:38,SPX,7634.88,7657.87,7465.0,0,172,0.2194,0.002894
2026-09-14 14:37:38,SPX,7634.88,7657.87,7805.0,420,6,0.1445,0.002894
2026-09-14 14:37:38,SPX,7634.88,7657.87,7460.0,5,563,0.2232,0.002894
2026-09-14 14:37:38,SPX,7634.88,7657.87,7810.0,711,7,0.1447,0.002894
2026-09-14 14:37:38,SPX,7634.88,7657.87,7455.0,14,91,0.227,0.002894
2026-09-14 14:37:38,SPX,7634.88,7657.87,7815.0,478,1,0.1446,0.002894
2026-09-14 14:37:38,SPX,7634.88,7657.87,7820.0,719,19,0.1441,0.002894
2026-09-14 14:37:38,SPX,7634.88,7657.87,7445.0,1,343,0.2347,0.002894
2026-09-14 14:37:38,SPX,7634.88,7657.87,7825.0,2219,41,0.1434,0.002894
2026-09-14 14:37:38,SPX,7634.88,7657.87,7440.0,81,473,0.2387,0.002894
2026-09-14 14:37:38,SPX,7634.88,7657.87,7830.0,1772,3,0.1425,0.002894
2026-09-14 14:37:38,SPX,7634.88,7657.87,7435.0,0,209,0.2427,0.002894
2026-09-14 14:37:38,SPX,7634.88,7657.87,7835.0,638,0,0.1414,0.002894
2026-09-14 14:37:38,SPX,7634.88,7657.87,7430.0,0,335,0.2467,0.002894
2026-09-14 14:37:38,SPX,7634.88,7657.87,7840.0,486,4,0.1403,0.002894
2026-09-14 14:37:38,SPX,7634.88,7657.87,7425.0,10,1228,0.2509,0.002894
2026-09-14 14:37:38,SPX,7634.88,7657.87,7845.0,439,1,0.1391,0.002894
2026-09-14 14:37:38,SPX,7634.88,7657.87,7420.0,2,274,0.2551,0.002894
2026-09-14 14:37:38,SPX,7634.88,7657.87,7850.0,758,32,0.138,0.002894
2026-09-14 14:37:38,SPX,7634.88,7657.87,7415.0,0,269,0.2594,0.002894
2026-09-14 14:37:38,SPX,7634.88,7657.87,7855.0,257,0,0.1368,0.002894
2026-09-14 14:37:38,SPX,7634.88,7657.87,7410.0,32,301,0.2637,0.002894
2026-09-14 14:37:38,SPX,7634.88,7657.87,7860.0,321,0,0.1356,0.002894
2026-09-14 14:37:38,SPX,7634.88,7657.87,7405.0,0,163,0.2679,0.002894
2026-09-14 14:37:38,SPX,7634.88,7657.87,7865.0,337,0,0.1345,0.002894
2026-09-14 14:37:38,SPX,7634.88,7657.87,7400.0,11,3737,0.2722,0.002894
2026-09-14 14:37:38,SPX,7634.88,7657.87,7870.0,382,0,0.1333,0.002894
2026-09-14 14:37:38,SPX,7634.88,7657.87,7395.0,0,92,0.2764,0.002894
2026-09-14 14:37:38,SPX,7634.88,7657.87,7875.0,1031,1,0.1321,0.002894
2026-09-14 14:37:38,SPX,7634.88,7657.87,7390.0,0,270,0.2807,0.002894
2026-09-14 14:37:38,SPX,7634.88,7657.87,7880.0,333,0,0.1309,0.002894
2026-09-14 14:37:38,SPX,7634.88,7657.87,7385.0,0,99,0.2849,0.002894
2026-09-14 14:37:38,SPX,7634.88,7657.87,7635.0,100,393,0.1458,0.005632
2026-09-14 14:37:38,SPX,7634.88,7657.87,7630.0,190,311,0.1473,0.005632
2026-09-14 14:37:38,SPX,7634.88,7657.87,7640.0,173,260,0.1443,0.005632
2026-09-14 14:37:38,SPX,7634.88,7657.87,7625.0,76,3525,0.149,0.005632
2026-09-14 14:37:38,SPX,7634.88,7657.87,7645.0,125,436,0.1429,0.005632
2026-09-14 14:37:38,SPX,7634.88,7657.87,7620.0,92,165,0.1507,0.005632
2026-09-14 14:37:38,SPX,7634.88,7657.87,7650.0,3942,4297,0.1415,0.005632
2026-09-14 14:37:38,SPX,7634.88,7657.87,7615.0,30,136,0.1526,0.005632
2026-09-14 14:37:38,SPX,7634.88,7657.87,7655.0,88,769,0.1402,0.005632
2026-09-14 14:37:38,SPX,7634.88,7657.87,7610.0,86,444,0.1542,0.005632
2026-09-14 14:37:38,SPX,7634.88,7657.87,7660.0,149,214,0.1389,0.005632
2026-09-14 14:37:38,SPX,7634.88,7657.87,7605.0,46,171,0.156,0.005632
2026-09-14 14:37:38,SPX,7634.88,7657.87,7665.0,153,256,0.1374,0.005632
2026-09-14 14:37:38,SPX,7634.88,7657.87,7600.0,299,2447,0.1578,0.005632
2026-09-14 14:37:38,SPX,7634.88,7657.87,7670.0,252,521,0.136,0.005632
2026-09-14 14:37:38,SPX,7634.88,7657.87,7595.0,81,353,0.1601,0.005632
2026-09-14 14:37:38,SPX,7634.88,7657.87,7675.0,3101,555,0.1344,0.005632
2026-09-14 14:37:38,SPX,7634.88,7657.87,7590.0,83,381,0.1616,0.005632
2026-09-14 14:37:38,SPX,7634.88,7657.87,7680.0,431,792,0.1328,0.005632
2026-09-14 14:37:38,SPX,7634.88,7657.87,7585.0,83,325,0.1636,0.005632
2026-09-14 14:37:38,SPX,7634.88,7657.87,7685.0,799,212,0.1314,0.005632
2026-09-14 14:37:38,SPX,7634.88,7657.87,7580.0,31,654,0.1652,0.005632
2026-09-14 14:37:38,SPX,7634.88,7657.87,7690.0,254,121,0.1302,0.005632
2026-09-14 14:37:38,SPX,7634.88,7657.87,7575.0,46,586,0.167,0.005632
2026-09-14 14:37:38,SPX,7634.88,7657.87,7695.0,197,111,0.1292,0.005632
2026-09-14 14:37:38,SPX,7634.88,7657.87,7570.0,20,769,0.1689,0.005632
2026-09-14 14:37:38,SPX,7634.88,7657.87,7700.0,1164,639,0.1282,0.005632
2026-09-14 14:37:38,SPX,7634.88,7657.87,7565.0,10,210,0.1713,0.005632
2026-09-14 14:37:38,SPX,7634.88,7657.87,7705.0,125,2044,0.1274,0.005632
2026-09-14 14:37:38,SPX,7634.88,7657.87,7560.0,37,297,0.1735,0.005632
2026-09-14 14:37:38,SPX,7634.88,7657.87,7710.0,827,106,0.1265,0.005632
2026-09-14 14:37:38,SPX,7634.88,7657.87,7555.0,30,245,0.1756,0.005632
2026-09-14 14:37:38,SPX,7634.88,7657.87,7715.0,226,1313,0.1256,0.005632
2026-09-14 14:37:38,SPX,7634.88,7657.87,7550.0,66,971,0.1775,0.005632
2026-09-14 14:37:38,SPX,7634.88,7657.87,7720.0,333,74,0.1246,0.005632
2026-09-14 14:37:38,SPX,7634.88,7657.87,7545.0,4,234,0.1794,0.005632
2026-09-14 14:37:38,SPX,7634.88,7657.87,7725.0,894,102,0.1236,0.005632
2026-09-14 14:37:38,SPX,7634.88,7657.87,7540.0,26,558,0.1811,0.005632
2026-09-14 14:37:38,SPX,7634.88,7657.87,7730.0,2632,2029,0.1226,0.005632
2026-09-14 14:37:38,SPX,7634.88,7657.87,7535.0,5,247,0.1829,0.005632
2026-09-14 14:37:38,SPX,7634.88,7657.87,7735.0,623,10,0.1217,0.005632
2026-09-14 14:37:38,SPX,7634.88,7657.87,7530.0,36,367,0.1847,0.005632
2026-09-14 14:37:38,SPX,7634.88,7657.87,7740.0,1778,1337,0.1208,0.005632
2026-09-14 14:37:38,SPX,7634.88,7657.87,7525.0,35,2414,0.1867,0.005632
2026-09-14 14:37:38,SPX,7634.88,7657.87,7745.0,497,122,0.12,0.005632
2026-09-14 14:37:38,SPX,7634.88,7657.87,7520.0,26,946,0.1888,0.005632
2026-09-14 14:37:38,SPX,7634.88,7657.87,7750.0,1137,298,0.1194,0.005632
2026-09-14 14:37:38,SPX,7634.88,7657.87,7515.0,43,171,0.1909,0.005632
2026-09-14 14:37:38,SPX,7634.88,7657.87,7755.0,2504,30,0.1189,0.005632
2026-09-14 14:37:38,SPX,7634.88,7657.87,7510.0,40,185,0.193,0.005632
2026-09-14 14:37:38,SPX,7634.88,7657.87,7760.0,444,61,0.1186,0.005632
2026-09-14 14:37:38,SPX,7634.88,7657.87,7505.0,26,246,0.1952,0.005632
2026-09-14 14:37:38,SPX,7634.88,7657.87,7765.0,1907,14,0.1185,0.005632
2026-09-14 14:37:38,SPX,7634.88,7657.87,7500.0,43,2563,0.1974,0.005632
2026-09-14 14:37:38,SPX,7634.88,7657.87,7770.0,966,30,0.1186,0.005632
2026-09-14 14:37:38,SPX,7634.88,7657.87,7495.0,0,148,0.1996,0.005632
2026-09-14 14:37:38,SPX,7634.88,7657.87,7775.0,1163,62,0.1188,0.005632
2026-09-14 14:37:38,SPX,7634.88,7657.87,7490.0,0,302,0.2018,0.005632
2026-09-14 14:37:38,SPX,7634.88,7657.87,7780.0,887,32,0.1193,0.005632
2026-09-14 14:37:38,SPX,7634.88,7657.87,7485.0,3,172,0.204,0.005632
2026-09-14 14:37:38,SPX,7634.88,7657.87,7785.0,339,279,0.1199,0.005632
2026-09-14 14:37:38,SPX,7634.88,7657.87,7480.0,7,320,0.2062,0.005632
2026-09-14 14:37:38,SPX,7634.88,7657.87,7790.0,595,24,0.1207,0.005632
2026-09-14 14:37:38,SPX,7634.88,7657.87,7475.0,24,984,0.2084,0.005632
2026-09-14 14:37:38,SPX,7634.88,7657.87,7795.0,356,13,0.1217,0.005632
2026-09-14 14:37:38,SPX,7634.88,7657.87,7470.0,25,842,0.2106,0.005632
2026-09-14 14:37:38,SPX,7634.88,7657.87,7800.0,3052,36,0.1229,0.005632
2026-09-14 14:37:38,SPX,7634.88,7657.87,7465.0,0,409,0.2128,0.005632
2026-09-14 14:37:38,SPX,7634.88,7657.87,7805.0,1690,1,0.1242,0.005632
2026-09-14 14:37:38,SPX,7634.88,7657.87,7460.0,25,380,0.215,0.005632
2026-09-14 14:37:38,SPX,7634.88,7657.87,7810.0,538,32,0.1257,0.005632
2026-09-14 14:37:38,SPX,7634.88,7657.87,7455.0,0,208,0.2171,0.005632
2026-09-14 14:37:38,SPX,7634.88,7657.87,7815.0,433,4,0.1273,0.005632
2026-09-14 14:37:38,SPX,7634.88,7657.87,7450.0,3,873,0.2193,0.005632
2026-09-14 14:37:38,SPX,7634.88,7657.87,7820.0,1311,62,0.129,0.005632
2026-09-14 14:37:38,SPX,7634.88,7657.87,7445.0,0,160,0.2216,0.005632
2026-09-14 14:37:38,SPX,7634.88,7657.87,7825.0,1157,42,0.1308,0.005632
2026-09-14 14:37:38,SPX,7634.88,7657.87,7440.0,0,250,0.2238,0.005632
2026-09-14 14:37:38,SPX,7634.88,7657.87,7830.0,439,126,0.1327,0.005632
2026-09-14 14:37:38,SPX,7634.88,7657.87,7435.0,0,111,0.2261,0.005632
2026-09-14 14:37:38,SPX,7634.88,7657.87,7835.0,380,30,0.1347,0.005632
2026-09-14 14:37:38,SPX,7634.88,7657.87,7430.0,0,160,0.2285,0.005632
2026-09-14 14:37:38,SPX,7634.88,7657.87,7840.0,487,1,0.1368,0.005632
2026-09-14 14:37:38,SPX,7634.88,7657.87,7425.0,6,354,0.2308,0.005632
2026-09-14 14:37:38,SPX,7634.88,7657.87,7845.0,248,1,0.139,0.005632
2026-09-14 14:37:38,SPX,7634.88,7657.87,7420.0,1,667,0.2332,0.005632
2026-09-14 14:37:38,SPX,7634.88,7657.87,7850.0,1424,123,0.1412,0.005632
2026-09-14 14:37:38,SPX,7634.88,7657.87,7415.0,0,236,0.2357,0.005632
2026-09-14 14:37:38,SPX,7634.88,7657.87,7855.0,210,0,0.1435,0.005632
2026-09-14 14:37:38,SPX,7634.88,7657.87,7410.0,0,210,0.2382,0.005632
2026-09-14 14:37:38,SPX,7634.88,7657.87,7860.0,585,3,0.1459,0.005632
2026-09-14 14:37:38,SPX,7634.88,7657.87,7405.0,0,233,0.2407,0.005632
2026-09-14 14:37:38,SPX,7634.88,7657.87,7865.0,389,6,0.1482,0.005632
2026-09-14 14:37:38,SPX,7634.88,7657.87,7400.0,31,2257,0.2433,0.005632
2026-09-14 14:37:38,SPX,7634.88,7657.87,7870.0,377,0,0.1506,0.005632
2026-09-14 14:37:38,SPX,7634.88,7657.87,7395.0,0,1437,0.2459,0.005632
2026-09-14 14:37:38,SPX,7634.88,7657.87,7875.0,1075,19,0.1529,0.005632
2026-09-14 14:37:38,SPX,7634.88,7657.87,7390.0,30,406,0.2485,0.005632
2026-09-14 14:37:38,SPX,7634.88,7657.87,7385.0,1,191,0.2512,0.005632
2026-09-14 15:08:04,SPX,7630.61,7658.12,7630.0,269,1151,0.1226,9.9e-05
2026-09-14 15:08:04,SPX,7630.61,7658.12,7635.0,261,755,0.1163,9.9e-05
2026-09-14 15:08:04,SPX,7630.61,7658.12,7625.0,492,1894,0.133,9.9e-05
2026-09-14 15:08:04,SPX,7630.61,7658.12,7640.0,407,890,0.1159,9.9e-05
2026-09-14 15:08:04,SPX,7630.61,7658.12,7620.0,146,1404,0.1445,9.9e-05
2026-09-14 15:08:04,SPX,7630.61,7658.12,7645.0,338,1275,0.1201,9.9e-05
2026-09-14 15:08:04,SPX,7630.61,7658.12,7615.0,205,2588,0.157,9.9e-05
2026-09-14 15:08:04,SPX,7630.61,7658.12,7650.0,2328,2140,0.1293,9.9e-05
2026-09-14 15:08:04,SPX,7630.61,7658.12,7610.0,276,1598,0.1698,9.9e-05
2026-09-14 15:08:04,SPX,7630.61,7658.12,7655.0,1374,904,0.1426,9.9e-05
2026-09-14 15:08:04,SPX,7630.61,7658.12,7605.0,582,3198,0.1891,9.9e-05
2026-09-14 15:08:04,SPX,7630.61,7658.12,7660.0,1081,1336,0.1576,9.9e-05
2026-09-14 15:08:04,SPX,7630.61,7658.12,7600.0,1069,4496,0.207,9.9e-05
2026-09-14 15:08:04,SPX,7630.61,7658.12,7665.0,1125,984,0.1783,9.9e-05
2026-09-14 15:08:04,SPX,7630.61,7658.12,7595.0,255,978,0.2229,9.9e-05
2026-09-14 15:08:04,SPX,7630.61,7658.12,7670.0,1245,716,0.2006,9.9e-05
2026-09-14 15:08:04,SPX,7630.61,7658.12,7590.0,97,1818,0.2449,9.9e-05
2026-09-14 15:08:04,SPX,7630.61,7658.12,7675.0,3444,1867,0.225,9.9e-05
2026-09-14 15:08:04,SPX,7630.61,7658.12,7585.0,189,1180,0.2652,9.9e-05
2026-09-14 15:08:04,SPX,7630.61,7658.12,7680.0,2948,1779,0.2463,9.9e-05
2026-09-14 15:08:04,SPX,7630.61,7658.12,7580.0,96,2170,0.2851,9.9e-05
2026-09-14 15:08:04,SPX,7630.61,7658.12,7685.0,796,272,0.265,9.9e-05
2026-09-14 15:08:04,SPX,7630.61,7658.12,7575.0,238,3088,0.3072,9.9e-05
2026-09-14 15:08:04,SPX,7630.61,7658.12,7690.0,1113,270,0.283,9.9e-05
2026-09-14 15:08:04,SPX,7630.61,7658.12,7570.0,61,1484,0.3297,9.9e-05
2026-09-14 15:08:04,SPX,7630.61,7658.12,7695.0,1805,157,0.3009,9.9e-05
2026-09-14 15:08:04,SPX,7630.61,7658.12,7565.0,73,1290,0.3528,9.9e-05
2026-09-14 15:08:04,SPX,7630.61,7658.12,7700.0,3735,1374,0.3177,9.9e-05
2026-09-14 15:08:04,SPX,7630.61,7658.12,7560.0,66,2432,0.3766,9.9e-05
2026-09-14 15:08:04,SPX,7630.61,7658.12,7705.0,3576,952,0.3336,9.9e-05
2026-09-14 15:08:04,SPX,7630.61,7658.12,7555.0,41,2475,0.4003,9.9e-05
2026-09-14 15:08:04,SPX,7630.61,7658.12,7710.0,1629,230,0.3486,9.9e-05
2026-09-14 15:08:04,SPX,7630.61,7658.12,7550.0,61,5411,0.4241,9.9e-05
2026-09-14 15:08:04,SPX,7630.61,7658.12,7715.0,3168,78,0.3624,9.9e-05
2026-09-14 15:08:04,SPX,7630.61,7658.12,7545.0,27,4407,0.4477,9.9e-05
2026-09-14 15:08:04,SPX,7630.61,7658.12,7720.0,6710,256,0.3749,9.9e-05
2026-09-14 15:08:04,SPX,7630.61,7658.12,7540.0,25,1517,0.4705,9.9e-05
2026-09-14 15:08:04,SPX,7630.61,7658.12,7725.0,3627,371,0.3859,9.9e-05
2026-09-14 15:08:04,SPX,7630.61,7658.12,7535.0,13,2818,0.4921,9.9e-05
2026-09-14 15:08:04,SPX,7630.61,7658.12,7730.0,3683,1017,0.3953,9.9e-05
2026-09-14 15:08:04,SPX,7630.61,7658.12,7530.0,51,3495,0.5123,9.9e-05
2026-09-14 15:08:04,SPX,7630.61,7658.12,7735.0,2667,96,0.4031,9.9e-05
2026-09-14 15:08:04,SPX,7630.61,7658.12,7525.0,64,5429,0.5313,9.9e-05
2026-09-14 15:08:04,SPX,7630.61,7658.12,7740.0,1858,89,0.4091,9.9e-05
2026-09-14 15:08:04,SPX,7630.61,7658.12,7520.0,38,2095,0.5492,9.9e-05
2026-09-14 15:08:04,SPX,7630.61,7658.12,7745.0,1727,54,0.4131,9.9e-05
2026-09-14 15:08:04,SPX,7630.61,7658.12,7515.0,30,892,0.5662,9.9e-05
2026-09-14 15:08:04,SPX,7630.61,7658.12,7750.0,3036,396,0.4156,9.9e-05
2026-09-14 15:08:04,SPX,7630.61,7658.12,7510.0,78,801,0.5826,9.9e-05
2026-09-14 15:08:04,SPX,7630.61,7658.12,7755.0,1674,33,0.4169,9.9e-05
2026-09-14 15:08:04,SPX,7630.61,7658.12,7505.0,6,1667,0.5983,9.9e-05
2026-09-14 15:08:04,SPX,7630.61,7658.12,7760.0,4448,105,0.4174,9.9e-05
2026-09-14 15:08:04,SPX,7630.61,7658.12,7500.0,134,9425,0.6127,9.9e-05
2026-09-14 15:08:04,SPX,7630.61,7658.12,7765.0,1301,46,0.4172,9.9e-05
2026-09-14 15:08:04,SPX,7630.61,7658.12,7495.0,4,488,0.626,9.9e-05
2026-09-14 15:08:04,SPX,7630.61,7658.12,7770.0,1587,111,0.4164,9.9e-05
2026-09-14 15:08:04,SPX,7630.61,7658.12,7490.0,21,806,0.6385,9.9e-05
2026-09-14 15:08:04,SPX,7630.61,7658.12,7775.0,6475,70,0.415,9.9e-05
2026-09-14 15:08:04,SPX,7630.61,7658.12,7485.0,4,1294,0.6506,9.9e-05
2026-09-14 15:08:04,SPX,7630.61,7658.12,7780.0,8118,89,0.4134,9.9e-05
2026-09-14 15:08:04,SPX,7630.61,7658.12,7480.0,44,954,0.6621,9.9e-05
2026-09-14 15:08:04,SPX,7630.61,7658.12,7785.0,8660,32,0.4114,9.9e-05
2026-09-14 15:08:04,SPX,7630.61,7658.12,7475.0,44,2221,0.6733,9.9e-05
2026-09-14 15:08:04,SPX,7630.61,7658.12,7790.0,3394,73,0.4092,9.9e-05
2026-09-14 15:08:04,SPX,7630.61,7658.12,7470.0,7,2414,0.6839,9.9e-05
2026-09-14 15:08:04,SPX,7630.61,7658.12,7795.0,599,3,0.4068,9.9e-05
2026-09-14 15:08:04,SPX,7630.61,7658.12,7465.0,1,1379,0.694,9.9e-05
2026-09-14 15:08:04,SPX,7630.61,7658.12,7800.0,4155,299,0.4043,9.9e-05
2026-09-14 15:08:04,SPX,7630.61,7658.12,7460.0,6,2276,0.7033,9.9e-05
2026-09-14 15:08:04,SPX,7630.61,7658.12,7805.0,3131,8,0.4017,9.9e-05
2026-09-14 15:08:04,SPX,7630.61,7658.12,7455.0,2,958,0.7117,9.9e-05
2026-09-14 15:08:04,SPX,7630.61,7658.12,7810.0,1254,27,0.399,9.9e-05
2026-09-14 15:08:04,SPX,7630.61,7658.12,7450.0,22,3029,0.719,9.9e-05
2026-09-14 15:08:04,SPX,7630.61,7658.12,7815.0,483,4,0.3963,9.9e-05
2026-09-14 15:08:04,SPX,7630.61,7658.12,7445.0,0,297,0.7258,9.9e-05
2026-09-14 15:08:04,SPX,7630.61,7658.12,7820.0,1135,83,0.3933,9.9e-05
2026-09-14 15:08:04,SPX,7630.61,7658.12,7440.0,0,6015,0.7276,9.9e-05
2026-09-14 15:08:04,SPX,7630.61,7658.12,7825.0,3742,49,0.3905,9.9e-05
2026-09-14 15:08:04,SPX,7630.61,7658.12,7435.0,0,1279,0.7327,9.9e-05
2026-09-14 15:08:04,SPX,7630.61,7658.12,7830.0,452,12,0.3877,9.9e-05
2026-09-14 15:08:04,SPX,7630.61,7658.12,7430.0,9,475,0.7379,9.9e-05
2026-09-14 15:08:04,SPX,7630.61,7658.12,7835.0,413,0,0.3849,9.9e-05
2026-09-14 15:08:04,SPX,7630.61,7658.12,7425.0,34,7642,0.743,9.9e-05
2026-09-14 15:08:04,SPX,7630.61,7658.12,7840.0,670,13,0.3821,9.9e-05
2026-09-14 15:08:04,SPX,7630.61,7658.12,7420.0,7,844,0.7476,9.9e-05
2026-09-14 15:08:04,SPX,7630.61,7658.12,7845.0,1762,1,0.3792,9.9e-05
2026-09-14 15:08:04,SPX,7630.61,7658.12,7415.0,0,320,0.7516,9.9e-05
2026-09-14 15:08:04,SPX,7630.61,7658.12,7850.0,18075,37,0.3762,9.9e-05
2026-09-14 15:08:04,SPX,7630.61,7658.12,7410.0,30,1280,0.755,9.9e-05
2026-09-14 15:08:04,SPX,7630.61,7658.12,7855.0,285,0,0.3733,9.9e-05
2026-09-14 15:08:04,SPX,7630.61,7658.12,7405.0,5,1222,0.7575,9.9e-05
2026-09-14 15:08:04,SPX,7630.61,7658.12,7860.0,1526,3,0.3703,9.9e-05
2026-09-14 15:08:04,SPX,7630.61,7658.12,7400.0,38,5111,0.7592,9.9e-05
2026-09-14 15:08:04,SPX,7630.61,7658.12,7865.0,3507,1,0.3673,9.9e-05
2026-09-14 15:08:04,SPX,7630.61,7658.12,7395.0,14,340,0.7598,9.9e-05
2026-09-14 15:08:04,SPX,7630.61,7658.12,7870.0,1472,7,0.3643,9.9e-05
2026-09-14 15:08:04,SPX,7630.61,7658.12,7390.0,4,790,0.7606,9.9e-05
2026-09-14 15:08:04,SPX,7630.61,7658.12,7875.0,1671,7,0.3612,9.9e-05
2026-09-14 15:08:04,SPX,7630.61,7658.12,7385.0,0,3318,0.7615,9.9e-05
2026-09-14 15:08:04,SPX,7630.61,7658.12,7880.0,3027,3,0.3582,9.9e-05
2026-09-14 15:08:04,SPX,7630.61,7658.12,7630.0,159,521,0.1185,0.002837
2026-09-14 15:08:04,SPX,7630.61,7658.12,7635.0,88,410,0.1167,0.002837
2026-09-14 15:08:04,SPX,7630.61,7658.12,7625.0,148,1093,0.1206,0.002837
2026-09-14 15:08:04,SPX,7630.61,7658.12,7640.0,190,538,0.1143,0.002837
2026-09-14 15:08:04,SPX,7630.61,7658.12,7620.0,86,3068,0.1228,0.002837
2026-09-14 15:08:04,SPX,7630.61,7658.12,7645.0,108,293,0.112,0.002837
2026-09-14 15:08:04,SPX,7630.61,7658.12,7615.0,123,2373,0.1249,0.002837
2026-09-14 15:08:04,SPX,7630.61,7658.12,7650.0,1180,2458,0.1098,0.002837
2026-09-14 15:08:04,SPX,7630.61,7658.12,7610.0,68,764,0.1269,0.002837
2026-09-14 15:08:04,SPX,7630.61,7658.12,7655.0,256,257,0.1078,0.002837
2026-09-14 15:08:04,SPX,7630.61,7658.12,7605.0,115,216,0.1291,0.002837
2026-09-14 15:08:04,SPX,7630.61,7658.12,7660.0,332,304,0.1062,0.002837
2026-09-14 15:08:04,SPX,7630.61,7658.12,7600.0,181,1536,0.1311,0.002837
2026-09-14 15:08:04,SPX,7630.61,7658.12,7665.0,309,449,0.1051,0.002837
2026-09-14 15:08:04,SPX,7630.61,7658.12,7595.0,102,3426,0.1344,0.002837
2026-09-14 15:08:04,SPX,7630.61,7658.12,7670.0,301,552,0.1042,0.002837
2026-09-14 15:08:04,SPX,7630.61,7658.12,7590.0,41,432,0.1355,0.002837
2026-09-14 15:08:04,SPX,7630.61,7658.12,7675.0,1667,1631,0.1033,0.002837
2026-09-14 15:08:04,SPX,7630.61,7658.12,7585.0,34,188,0.138,0.002837
2026-09-14 15:08:04,SPX,7630.61,7658.12,7680.0,383,560,0.1024,0.002837
2026-09-14 15:08:04,SPX,7630.61,7658.12,7580.0,88,696,0.1415,0.002837
2026-09-14 15:08:04,SPX,7630.61,7658.12,7685.0,276,695,0.1015,0.002837
2026-09-14 15:08:04,SPX,7630.61,7658.12,7575.0,53,902,0.1441,0.002837
2026-09-14 15:08:04,SPX,7630.61,7658.12,7690.0,413,299,0.1007,0.002837
2026-09-14 15:08:04,SPX,7630.61,7658.12,7570.0,50,531,0.1465,0.002837
2026-09-14 15:08:04,SPX,7630.61,7658.12,7695.0,266,183,0.1001,0.002837
2026-09-14 15:08:04,SPX,7630.61,7658.12,7565.0,31,346,0.1477,0.002837
2026-09-14 15:08:04,SPX,7630.61,7658.12,7700.0,2732,729,0.0998,0.002837
2026-09-14 15:08:04,SPX,7630.61,7658.12,7560.0,38,506,0.1508,0.002837
2026-09-14 15:08:04,SPX,7630.61,7658.12,7705.0,374,438,0.1,0.002837
2026-09-14 15:08:04,SPX,7630.61,7658.12,7555.0,25,342,0.1551,0.002837
2026-09-14 15:08:04,SPX,7630.61,7658.12,7710.0,1141,759,0.1006,0.002837
2026-09-14 15:08:04,SPX,7630.61,7658.12,7550.0,47,2766,0.1563,0.002837
2026-09-14 15:08:04,SPX,7630.61,7658.12,7715.0,505,159,0.1017,0.002837
2026-09-14 15:08:04,SPX,7630.61,7658.12,7545.0,17,380,0.1594,0.002837
2026-09-14 15:08:04,SPX,7630.61,7658.12,7720.0,790,206,0.1031,0.002837
2026-09-14 15:08:04,SPX,7630.61,7658.12,7540.0,28,437,0.1626,0.002837
2026-09-14 15:08:04,SPX,7630.61,7658.12,7725.0,1258,289,0.105,0.002837
2026-09-14 15:08:04,SPX,7630.61,7658.12,7535.0,22,561,0.1659,0.002837
2026-09-14 15:08:04,SPX,7630.61,7658.12,7730.0,552,205,0.107,0.002837
2026-09-14 15:08:04,SPX,7630.61,7658.12,7530.0,30,319,0.1696,0.002837
2026-09-14 15:08:04,SPX,7630.61,7658.12,7735.0,1185,48,0.1093,0.002837
2026-09-14 15:08:04,SPX,7630.61,7658.12,7525.0,87,1191,0.1732,0.002837
2026-09-14 15:08:04,SPX,7630.61,7658.12,7740.0,577,90,0.1116,0.002837
2026-09-14 15:08:04,SPX,7630.61,7658.12,7520.0,99,292,0.176,0.002837
2026-09-14 15:08:04,SPX,7630.61,7658.12,7745.0,773,75,0.1142,0.002837
2026-09-14 15:08:04,SPX,7630.61,7658.12,7515.0,24,229,0.1784,0.002837
2026-09-14 15:08:04,SPX,7630.61,7658.12,7750.0,1883,803,0.117,0.002837
2026-09-14 15:08:04,SPX,7630.61,7658.12,7510.0,7,407,0.1813,0.002837
2026-09-14 15:08:04,SPX,7630.61,7658.12,7755.0,322,37,0.12,0.002837
2026-09-14 15:08:04,SPX,7630.61,7658.12,7505.0,7,253,0.1846,0.002837
2026-09-14 15:08:04,SPX,7630.61,7658.12,7760.0,630,60,0.1233,0.002837
2026-09-14 15:08:04,SPX,7630.61,7658.12,7500.0,50,3136,0.1885,0.002837
2026-09-14 15:08:04,SPX,7630.61,7658.12,7765.0,566,22,0.1265,0.002837
2026-09-14 15:08:04,SPX,7630.61,7658.12,7495.0,0,1326,0.1927,0.002837
2026-09-14 15:08:04,SPX,7630.61,7658.12,7770.0,591,33,0.1295,0.002837
2026-09-14 15:08:04,SPX,7630.61,7658.12,7490.0,7,439,0.197,0.002837
2026-09-14 15:08:04,SPX,7630.61,7658.12,7775.0,1185,26,0.1322,0.002837
2026-09-14 15:08:04,SPX,7630.61,7658.12,7485.0,1,211,0.2014,0.002837
2026-09-14 15:08:04,SPX,7630.61,7658.12,7780.0,898,122,0.1345,0.002837
2026-09-14 15:08:04,SPX,7630.61,7658.12,7480.0,4,257,0.2057,0.002837
2026-09-14 15:08:04,SPX,7630.61,7658.12,7785.0,427,24,0.1364,0.002837
2026-09-14 15:08:04,SPX,7630.61,7658.12,7475.0,8,396,0.2099,0.002837
2026-09-14 15:08:04,SPX,7630.61,7658.12,7790.0,422,69,0.1382,0.002837
2026-09-14 15:08:04,SPX,7630.61,7658.12,7470.0,0,229,0.2139,0.002837
2026-09-14 15:08:04,SPX,7630.61,7658.12,7795.0,336,0,0.1408,0.002837
2026-09-14 15:08:04,SPX,7630.61,7658.12,7465.0,0,172,0.2177,0.002837
2026-09-14 15:08:04,SPX,7630.61,7658.12,7800.0,3029,51,0.1427,0.002837
2026-09-14 15:08:04,SPX,7630.61,7658.12,7460.0,5,563,0.2215,0.002837
2026-09-14 15:08:04,SPX,7630.61,7658.12,7805.0,420,6,0.1432,0.002837
2026-09-14 15:08:04,SPX,7630.61,7658.12,7455.0,14,91,0.2253,0.002837
2026-09-14 15:08:04,SPX,7630.61,7658.12,7810.0,711,7,0.1429,0.002837
2026-09-14 15:08:04,SPX,7630.61,7658.12,7450.0,11,1696,0.229,0.002837
2026-09-14 15:08:04,SPX,7630.61,7658.12,7815.0,478,1,0.1424,0.002837
2026-09-14 15:08:04,SPX,7630.61,7658.12,7445.0,1,343,0.2329,0.002837
2026-09-14 15:08:04,SPX,7630.61,7658.12,7820.0,719,19,0.1418,0.002837
2026-09-14 15:08:04,SPX,7630.61,7658.12,7440.0,81,473,0.2367,0.002837
2026-09-14 15:08:04,SPX,7630.61,7658.12,7825.0,2219,41,0.1411,0.002837
2026-09-14 15:08:04,SPX,7630.61,7658.12,7435.0,0,209,0.2407,0.002837
2026-09-14 15:08:04,SPX,7630.61,7658.12,7830.0,1772,3,0.1402,0.002837
2026-09-14 15:08:04,SPX,7630.61,7658.12,7430.0,0,335,0.2448,0.002837
2026-09-14 15:08:04,SPX,7630.61,7658.12,7835.0,638,0,0.1393,0.002837
2026-09-14 15:08:04,SPX,7630.61,7658.12,7425.0,10,1228,0.2489,0.002837
2026-09-14 15:08:04,SPX,7630.61,7658.12,7840.0,486,4,0.1383,0.002837
2026-09-14 15:08:04,SPX,7630.61,7658.12,7420.0,2,274,0.253,0.002837
2026-09-14 15:08:04,SPX,7630.61,7658.12,7845.0,439,1,0.1372,0.002837
2026-09-14 15:08:04,SPX,7630.61,7658.12,7415.0,0,269,0.2573,0.002837
2026-09-14 15:08:04,SPX,7630.61,7658.12,7850.0,758,32,0.1361,0.002837
2026-09-14 15:08:04,SPX,7630.61,7658.12,7410.0,32,301,0.2615,0.002837
2026-09-14 15:08:04,SPX,7630.61,7658.12,7855.0,257,0,0.135,0.002837
2026-09-14 15:08:04,SPX,7630.61,7658.12,7405.0,0,163,0.2658,0.002837
2026-09-14 15:08:04,SPX,7630.61,7658.12,7860.0,321,0,0.1339,0.002837
2026-09-14 15:08:04,SPX,7630.61,7658.12,7400.0,11,3737,0.2702,0.002837
2026-09-14 15:08:04,SPX,7630.61,7658.12,7865.0,337,0,0.1327,0.002837
2026-09-14 15:08:04,SPX,7630.61,7658.12,7395.0,0,92,0.2746,0.002837
2026-09-14 15:08:04,SPX,7630.61,7658.12,7870.0,382,0,0.1316,0.002837
2026-09-14 15:08:04,SPX,7630.61,7658.12,7390.0,0,270,0.2791,0.002837
2026-09-14 15:08:04,SPX,7630.61,7658.12,7875.0,1031,1,0.1304,0.002837
2026-09-14 15:08:04,SPX,7630.61,7658.12,7385.0,0,99,0.2836,0.002837
2026-09-14 15:08:04,SPX,7630.61,7658.12,7880.0,333,0,0.1291,0.002837
2026-09-14 15:08:04,SPX,7630.61,7658.12,7630.0,190,311,0.1506,0.005574
2026-09-14 15:08:04,SPX,7630.61,7658.12,7635.0,100,393,0.1486,0.005574
2026-09-14 15:08:04,SPX,7630.61,7658.12,7625.0,76,3525,0.1519,0.005574
2026-09-14 15:08:04,SPX,7630.61,7658.12,7640.0,173,260,0.147,0.005574
2026-09-14 15:08:04,SPX,7630.61,7658.12,7620.0,92,165,0.1538,0.005574
2026-09-14 15:08:04,SPX,7630.61,7658.12,7645.0,125,436,0.1457,0.005574
2026-09-14 15:08:04,SPX,7630.61,7658.12,7615.0,30,136,0.1553,0.005574
2026-09-14 15:08:04,SPX,7630.61,7658.12,7650.0,3942,4297,0.1438,0.005574
2026-09-14 15:08:04,SPX,7630.61,7658.12,7610.0,86,444,0.1571,0.005574
2026-09-14 15:08:04,SPX,7630.61,7658.12,7655.0,88,769,0.1423,0.005574
2026-09-14 15:08:04,SPX,7630.61,7658.12,7605.0,46,171,0.1589,0.005574
2026-09-14 15:08:04,SPX,7630.61,7658.12,7660.0,149,214,0.141,0.005574
2026-09-14 15:08:04,SPX,7630.61,7658.12,7600.0,299,2447,0.1608,0.005574
2026-09-14 15:08:04,SPX,7630.61,7658.12,7665.0,153,256,0.1399,0.005574
2026-09-14 15:08:04,SPX,7630.61,7658.12,7595.0,81,353,0.1627,0.005574
2026-09-14 15:08:04,SPX,7630.61,7658.12,7670.0,252,521,0.1388,0.005574
2026-09-14 15:08:04,SPX,7630.61,7658.12,7590.0,83,381,0.164,0.005574
2026-09-14 15:08:04,SPX,7630.61,7658.12,7675.0,3101,555,0.1377,0.005574
2026-09-14 15:08:04,SPX,7630.61,7658.12,7585.0,83,325,0.1659,0.005574
2026-09-14 15:08:04,SPX,7630.61,7658.12,7680.0,431,792,0.1363,0.005574
2026-09-14 15:08:04,SPX,7630.61,7658.12,7580.0,31,654,0.1675,0.005574
2026-09-14 15:08:04,SPX,7630.61,7658.12,7685.0,799,212,0.1348,0.005574
2026-09-14 15:08:04,SPX,7630.61,7658.12,7575.0,46,586,0.1692,0.005574
2026-09-14 15:08:04,SPX,7630.61,7658.12,7690.0,254,121,0.1332,0.005574
2026-09-14 15:08:04,SPX,7630.61,7658.12,7570.0,20,769,0.1711,0.005574
2026-09-14 15:08:04,SPX,7630.61,7658.12,7695.0,197,111,0.1317,0.005574
2026-09-14 15:08:04,SPX,7630.61,7658.12,7565.0,10,210,0.1733,0.005574
2026-09-14 15:08:04,SPX,7630.61,7658.12,7700.0,1164,639,0.1304,0.005574
2026-09-14 15:08:04,SPX,7630.61,7658.12,7560.0,37,297,0.1755,0.005574
2026-09-14 15:08:04,SPX,7630.61,7658.12,7705.0,125,2044,0.1293,0.005574
2026-09-14 15:08:04,SPX,7630.61,7658.12,7555.0,30,245,0.1776,0.005574
2026-09-14 15:08:04,SPX,7630.61,7658.12,7710.0,827,106,0.1284,0.005574
2026-09-14 15:08:04,SPX,7630.61,7658.12,7550.0,66,971,0.1798,0.005574
2026-09-14 15:08:04,SPX,7630.61,7658.12,7715.0,226,1313,0.1276,0.005574
2026-09-14 15:08:04,SPX,7630.61,7658.12,7545.0,4,234,0.1817,0.005574
2026-09-14 15:08:04,SPX,7630.61,7658.12,7720.0,333,74,0.1268,0.005574
2026-09-14 15:08:04,SPX,7630.61,7658.12,7540.0,26,558,0.1837,0.005574
2026-09-14 15:08:04,SPX,7630.61,7658.12,7725.0,894,102,0.1259,0.005574
2026-09-14 15:08:04,SPX,7630.61,7658.12,7535.0,5,247,0.1855,0.005574
2026-09-14 15:08:04,SPX,7630.61,7658.12,7730.0,2632,2029,0.125,0.005574
2026-09-14 15:08:04,SPX,7630.61,7658.12,7530.0,36,367,0.1872,0.005574
2026-09-14 15:08:04,SPX,7630.61,7658.12,7735.0,623,10,0.124,0.005574
2026-09-14 15:08:04,SPX,7630.61,7658.12,7525.0,35,2414,0.189,0.005574
2026-09-14 15:08:04,SPX,7630.61,7658.12,7740.0,1778,1337,0.123,0.005574
2026-09-14 15:08:04,SPX,7630.61,7658.12,7520.0,26,946,0.1909,0.005574
2026-09-14 15:08:04,SPX,7630.61,7658.12,7745.0,497,122,0.122,0.005574
2026-09-14 15:08:04,SPX,7630.61,7658.12,7515.0,43,171,0.193,0.005574
2026-09-14 15:08:04,SPX,7630.61,7658.12,7750.0,1137,298,0.1211,0.005574
2026-09-14 15:08:04,SPX,7630.61,7658.12,7510.0,40,185,0.1952,0.005574
2026-09-14 15:08:04,SPX,7630.61,7658.12,7755.0,2504,30,0.1203,0.005574
2026-09-14 15:08:04,SPX,7630.61,7658.12,7505.0,26,246,0.1974,0.005574
2026-09-14 15:08:04,SPX,7630.61,7658.12,7760.0,444,61,0.1196,0.005574
2026-09-14 15:08:04,SPX,7630.61,7658.12,7500.0,43,2563,0.1998,0.005574
2026-09-14 15:08:04,SPX,7630.61,7658.12,7765.0,1907,14,0.1191,0.005574
2026-09-14 15:08:04,SPX,7630.61,7658.12,7495.0,0,148,0.2021,0.005574
2026-09-14 15:08:04,SPX,7630.61,7658.12,7770.0,966,30,0.1187,0.005574
2026-09-14 15:08:04,SPX,7630.61,7658.12,7490.0,0,302,0.2044,0.005574
2026-09-14 15:08:04,SPX,7630.61,7658.12,7775.0,1163,62,0.1185,0.005574
2026-09-14 15:08:04,SPX,7630.61,7658.12,7485.0,3,172,0.2067,0.005574
2026-09-14 15:08:04,SPX,7630.61,7658.12,7780.0,887,32,0.1185,0.005574
2026-09-14 15:08:04,SPX,7630.61,7658.12,7480.0,7,320,0.209,0.005574
2026-09-14 15:08:04,SPX,7630.61,7658.12,7785.0,339,279,0.1187,0.005574
2026-09-14 15:08:04,SPX,7630.61,7658.12,7475.0,24,984,0.2112,0.005574
2026-09-14 15:08:04,SPX,7630.61,7658.12,7790.0,595,24,0.1192,0.005574
2026-09-14 15:08:04,SPX,7630.61,7658.12,7470.0,25,842,0.2134,0.005574
2026-09-14 15:08:04,SPX,7630.61,7658.12,7795.0,356,13,0.1198,0.005574
2026-09-14 15:08:04,SPX,7630.61,7658.12,7465.0,0,409,0.2156,0.005574
2026-09-14 15:08:04,SPX,7630.61,7658.12,7800.0,3052,36,0.1206,0.005574
2026-09-14 15:08:04,SPX,7630.61,7658.12,7460.0,25,380,0.2178,0.005574
2026-09-14 15:08:04,SPX,7630.61,7658.12,7805.0,1690,1,0.1216,0.005574
2026-09-14 15:08:04,SPX,7630.61,7658.12,7455.0,0,208,0.22,0.005574
2026-09-14 15:08:04,SPX,7630.61,7658.12,7810.0,538,32,0.1228,0.005574
2026-09-14 15:08:04,SPX,7630.61,7658.12,7450.0,3,873,0.2223,0.005574
2026-09-14 15:08:04,SPX,7630.61,7658.12,7815.0,433,4,0.1242,0.005574
2026-09-14 15:08:04,SPX,7630.61,7658.12,7445.0,0,160,0.2245,0.005574
2026-09-14 15:08:04,SPX,7630.61,7658.12,7820.0,1311,62,0.1258,0.005574
2026-09-14 15:08:04,SPX,7630.61,7658.12,7440.0,0,250,0.2267,0.005574
2026-09-14 15:08:04,SPX,7630.61,7658.12,7825.0,1157,42,0.1275,0.005574
2026-09-14 15:08:04,SPX,7630.61,7658.12,7435.0,0,111,0.229,0.005574
2026-09-14 15:08:04,SPX,7630.61,7658.12,7830.0,439,126,0.1294,0.005574
2026-09-14 15:08:04,SPX,7630.61,7658.12,7430.0,0,160,0.2313,0.005574
2026-09-14 15:08:04,SPX,7630.61,7658.12,7835.0,380,30,0.1314,0.005574
2026-09-14 15:08:04,SPX,7630.61,7658.12,7425.0,6,354,0.2337,0.005574
2026-09-14 15:08:04,SPX,7630.61,7658.12,7840.0,487,1,0.1336,0.005574
2026-09-14 15:08:04,SPX,7630.61,7658.12,7420.0,1,667,0.2361,0.005574
2026-09-14 15:08:04,SPX,7630.61,7658.12,7845.0,248,1,0.1359,0.005574
2026-09-14 15:08:04,SPX,7630.61,7658.12,7415.0,0,236,0.2385,0.005574
2026-09-14 15:08:04,SPX,7630.61,7658.12,7850.0,1424,123,0.1383,0.005574
2026-09-14 15:08:04,SPX,7630.61,7658.12,7410.0,0,210,0.241,0.005574
2026-09-14 15:08:04,SPX,7630.61,7658.12,7855.0,210,0,0.1408,0.005574
2026-09-14 15:08:04,SPX,7630.61,7658.12,7405.0,0,233,0.2435,0.005574
2026-09-14 15:08:04,SPX,7630.61,7658.12,7860.0,585,3,0.1434,0.005574
2026-09-14 15:08:04,SPX,7630.61,7658.12,7400.0,31,2257,0.246,0.005574
2026-09-14 15:08:04,SPX,7630.61,7658.12,7865.0,389,6,0.1461,0.005574
2026-09-14 15:08:04,SPX,7630.61,7658.12,7395.0,0,1437,0.2486,0.005574
2026-09-14 15:08:04,SPX,7630.61,7658.12,7870.0,377,0,0.1489,0.005574
2026-09-14 15:08:04,SPX,7630.61,7658.12,7390.0,30,406,0.2512,0.005574
2026-09-14 15:08:04,SPX,7630.61,7658.12,7875.0,1075,19,0.1517,0.005574
2026-09-14 15:08:04,SPX,7630.61,7658.12,7385.0,1,191,0.2538,0.005574
2026-09-14 15:08:04,SPX,7630.61,7658.12,7880.0,313,0,0.1547,0.005574
2026-09-14 15:38:30,SPX,7628.48,7660.83,7630.0,269,1151,0.1422,4.1e-05
2026-09-14 15:38:30,SPX,7628.48,7660.83,7625.0,492,1894,0.151,4.1e-05
2026-09-14 15:38:30,SPX,7628.48,7660.83,7635.0,261,755,0.1447,4.1e-05
2026-09-14 15:38:30,SPX,7628.48,7660.83,7620.0,146,1404,0.1674,4.1e-05
2026-09-14 15:38:30,SPX,7628.48,7660.83,7640.0,407,890,0.1526,4.1e-05
2026-09-14 15:38:30,SPX,7628.48,7660.83,7615.0,205,2588,0.1904,4.1e-05
2026-09-14 15:38:30,SPX,7628.48,7660.83,7645.0,338,1275,0.1664,4.1e-05
2026-09-14 15:38:30,SPX,7628.48,7660.83,7610.0,276,1598,0.2169,4.1e-05
2026-09-14 15:38:30,SPX,7628.48,7660.83,7650.0,2328,2140,0.1877,4.1e-05
2026-09-14 15:38:30,SPX,7628.48,7660.83,7605.0,582,3198,0.2416,4.1e-05
2026-09-14 15:38:30,SPX,7628.48,7660.83,7655.0,1374,904,0.2143,4.1e-05
2026-09-14 15:38:30,SPX,7628.48,7660.83,7600.0,1069,4496,0.2792,4.1e-05
2026-09-14 15:38:30,SPX,7628.48,7660.83,7660.0,1081,1336,0.2472,4.1e-05
2026-09-14 15:38:30,SPX,7628.48,7660.83,7595.0,255,978,0.3182,4.1e-05
2026-09-14 15:38:30,SPX,7628.48,7660.83,7665.0,1125,984,0.2817,4.1e-05
2026-09-14 15:38:30,SPX,7628.48,7660.83,7590.0,97,1818,0.3537,4.1e-05
2026-09-14 15:38:30,SPX,7628.48,7660.83,7670.0,1245,716,0.292,4.1e-05
2026-09-14 15:38:30,SPX,7628.48,7660.83,7585.0,189,1180,0.3862,4.1e-05
2026-09-14 15:38:30,SPX,7628.48,7660.83,7675.0,3444,1867,0.306,4.1e-05
2026-09-14 15:38:30,SPX,7628.48,7660.83,7580.0,96,2170,0.4169,4.1e-05
2026-09-14 15:38:30,SPX,7628.48,7660.83,7680.0,2948,1779,0.3209,4.1e-05
2026-09-14 15:38:30,SPX,7628.48,7660.83,7575.0,238,3088,0.4457,4.1e-05
2026-09-14 15:38:30,SPX,7628.48,7660.83,7685.0,796,272,0.3334,4.1e-05
2026-09-14 15:38:30,SPX,7628.48,7660.83,7570.0,61,1484,0.4717,4.1e-05
2026-09-14 15:38:30,SPX,7628.48,7660.83,7690.0,1113,270,0.3459,4.1e-05
2026-09-14 15:38:30,SPX,7628.48,7660.83,7565.0,73,1290,0.4948,4.1e-05
2026-09-14 15:38:30,SPX,7628.48,7660.83,7695.0,1805,157,0.3598,4.1e-05
2026-09-14 15:38:30,SPX,7628.48,7660.83,7560.0,66,2432,0.5152,4.1e-05
2026-09-14 15:38:30,SPX,7628.48,7660.83,7700.0,3735,1374,0.3726,4.1e-05
2026-09-14 15:38:30,SPX,7628.48,7660.83,7555.0,41,2475,0.5319,4.1e-05
2026-09-14 15:38:30,SPX,7628.48,7660.83,7705.0,3576,952,0.3847,4.1e-05
2026-09-14 15:38:30,SPX,7628.48,7660.83,7550.0,61,5411,0.546,4.1e-05
2026-09-14 15:38:30,SPX,7628.48,7660.83,7710.0,1629,230,0.3953,4.1e-05
2026-09-14 15:38:30,SPX,7628.48,7660.83,7545.0,27,4407,0.5578,4.1e-05
2026-09-14 15:38:30,SPX,7628.48,7660.83,7715.0,3168,78,0.4039,4.1e-05
2026-09-14 15:38:30,SPX,7628.48,7660.83,7540.0,25,1517,0.5673,4.1e-05
2026-09-14 15:38:30,SPX,7628.48,7660.83,7720.0,6710,256,0.4105,4.1e-05
2026-09-14 15:38:30,SPX,7628.48,7660.83,7535.0,13,2818,0.5753,4.1e-05
2026-09-14 15:38:30,SPX,7628.48,7660.83,7725.0,3627,371,0.4152,4.1e-05
2026-09-14 15:38:30,SPX,7628.48,7660.83,7530.0,51,3495,0.5821,4.1e-05
2026-09-14 15:38:30,SPX,7628.48,7660.83,7730.0,3683,1017,0.4184,4.1e-05
2026-09-14 15:38:30,SPX,7628.48,7660.83,7525.0,64,5429,0.5882,4.1e-05
2026-09-14 15:38:30,SPX,7628.48,7660.83,7735.0,2667,96,0.4202,4.1e-05
2026-09-14 15:38:30,SPX,7628.48,7660.83,7520.0,38,2095,0.5939,4.1e-05
2026-09-14 15:38:30,SPX,7628.48,7660.83,7740.0,1858,89,0.421,4.1e-05
2026-09-14 15:38:30,SPX,7628.48,7660.83,7515.0,30,892,0.5994,4.1e-05
2026-09-14 15:38:30,SPX,7628.48,7660.83,7745.0,1727,54,0.4206,4.1e-05
2026-09-14 15:38:30,SPX,7628.48,7660.83,7510.0,78,801,0.6048,4.1e-05
2026-09-14 15:38:30,SPX,7628.48,7660.83,7750.0,3036,396,0.4196,4.1e-05
2026-09-14 15:38:30,SPX,7628.48,7660.83,7505.0,6,1667,0.6101,4.1e-05
2026-09-14 15:38:30,SPX,7628.48,7660.83,7755.0,1674,33,0.4182,4.1e-05
2026-09-14 15:38:30,SPX,7628.48,7660.83,7500.0,134,9425,0.6155,4.1e-05
2026-09-14 15:38:30,SPX,7628.48,7660.83,7760.0,4448,105,0.4166,4.1e-05
2026-09-14 15:38:30,SPX,7628.48,7660.83,7495.0,4,488,0.6211,4.1e-05
2026-09-14 15:38:30,SPX,7628.48,7660.83,7765.0,1301,46,0.4148,4.1e-05
2026-09-14 15:38:30,SPX,7628.48,7660.83,7490.0,21,806,0.6268,4.1e-05
2026-09-14 15:38:30,SPX,7628.48,7660.83,7770.0,1587,111,0.4127,4.1e-05
2026-09-14 15:38:30,SPX,7628.48,7660.83,7485.0,4,1294,0.6327,4.1e-05
2026-09-14 15:38:30,SPX,7628.48,7660.83,7775.0,6475,70,0.4106,4.1e-05
2026-09-14 15:38:30,SPX,7628.48,7660.83,7480.0,44,954,0.6387,4.1e-05
2026-09-14 15:38:30,SPX,7628.48,7660.83,7780.0,8118,89,0.4083,4.1e-05
2026-09-14 15:38:30,SPX,7628.48,7660.83,7475.0,44,2221,0.6446,4.1e-05
2026-09-14 15:38:30,SPX,7628.48,7660.83,7785.0,8660,32,0.406,4.1e-05
2026-09-14 15:38:30,SPX,7628.48,7660.83,7470.0,7,2414,0.6504,4.1e-05
2026-09-14 15:38:30,SPX,7628.48,7660.83,7790.0,3394,73,0.4037,4.1e-05
2026-09-14 15:38:30,SPX,7628.48,7660.83,7465.0,1,1379,0.6565,4.1e-05
2026-09-14 15:38:30,SPX,7628.48,7660.83,7795.0,599,3,0.4013,4.1e-05
2026-09-14 15:38:30,SPX,7628.48,7660.83,7460.0,6,2276,0.6622,4.1e-05
2026-09-14 15:38:30,SPX,7628.48,7660.83,7800.0,4155,299,0.3989,4.1e-05
2026-09-14 15:38:30,SPX,7628.48,7660.83,7455.0,2,958,0.6672,4.1e-05
2026-09-14 15:38:30,SPX,7628.48,7660.83,7805.0,3131,8,0.3966,4.1e-05
2026-09-14 15:38:30,SPX,7628.48,7660.83,7450.0,22,3029,0.6714,4.1e-05
2026-09-14 15:38:30,SPX,7628.48,7660.83,7810.0,1254,27,0.3941,4.1e-05
2026-09-14 15:38:30,SPX,7628.48,7660.83,7445.0,0,297,0.6761,4.1e-05
2026-09-14 15:38:30,SPX,7628.48,7660.83,7815.0,483,4,0.3917,4.1e-05
2026-09-14 15:38:30,SPX,7628.48,7660.83,7440.0,0,6015,0.6803,4.1e-05
2026-09-14 15:38:30,SPX,7628.48,7660.83,7820.0,1135,83,0.3892,4.1e-05
2026-09-14 15:38:30,SPX,7628.48,7660.83,7435.0,0,1279,0.684,4.1e-05
2026-09-14 15:38:30,SPX,7628.48,7660.83,7825.0,3742,49,0.3867,4.1e-05
2026-09-14 15:38:30,SPX,7628.48,7660.83,7430.0,9,475,0.6884,4.1e-05
2026-09-14 15:38:30,SPX,7628.48,7660.83,7830.0,452,12,0.3842,4.1e-05
2026-09-14 15:38:30,SPX,7628.48,7660.83,7425.0,34,7642,0.6931,4.1e-05
2026-09-14 15:38:30,SPX,7628.48,7660.83,7835.0,413,0,0.3817,4.1e-05
2026-09-14 15:38:30,SPX,7628.48,7660.83,7420.0,7,844,0.6975,4.1e-05
2026-09-14 15:38:30,SPX,7628.48,7660.83,7840.0,670,13,0.3791,4.1e-05
2026-09-14 15:38:30,SPX,7628.48,7660.83,7415.0,0,320,0.7014,4.1e-05
2026-09-14 15:38:30,SPX,7628.48,7660.83,7845.0,1762,1,0.3765,4.1e-05
2026-09-14 15:38:30,SPX,7628.48,7660.83,7410.0,30,1280,0.7047,4.1e-05
2026-09-14 15:38:30,SPX,7628.48,7660.83,7850.0,18075,37,0.3739,4.1e-05
2026-09-14 15:38:30,SPX,7628.48,7660.83,7405.0,5,1222,0.7073,4.1e-05
2026-09-14 15:38:30,SPX,7628.48,7660.83,7855.0,285,0,0.3713,4.1e-05
2026-09-14 15:38:30,SPX,7628.48,7660.83,7400.0,38,5111,0.709,4.1e-05
2026-09-14 15:38:30,SPX,7628.48,7660.83,7860.0,1526,3,0.3686,4.1e-05
2026-09-14 15:38:30,SPX,7628.48,7660.83,7395.0,14,340,0.7095,4.1e-05
2026-09-14 15:38:30,SPX,7628.48,7660.83,7865.0,3507,1,0.3659,4.1e-05
2026-09-14 15:38:30,SPX,7628.48,7660.83,7390.0,4,790,0.7105,4.1e-05
2026-09-14 15:38:30,SPX,7628.48,7660.83,7870.0,1472,7,0.3631,4.1e-05
2026-09-14 15:38:30,SPX,7628.48,7660.83,7385.0,0,3318,0.7117,4.1e-05
2026-09-14 15:38:30,SPX,7628.48,7660.83,7875.0,1671,7,0.3604,4.1e-05
2026-09-14 15:38:30,SPX,7628.48,7660.83,7630.0,159,521,0.1188,0.002779
2026-09-14 15:38:30,SPX,7628.48,7660.83,7625.0,148,1093,0.1207,0.002779
2026-09-14 15:38:30,SPX,7628.48,7660.83,7635.0,88,410,0.1171,0.002779
2026-09-14 15:38:30,SPX,7628.48,7660.83,7620.0,86,3068,0.1231,0.002779
2026-09-14 15:38:30,SPX,7628.48,7660.83,7640.0,190,538,0.1149,0.002779
2026-09-14 15:38:30,SPX,7628.48,7660.83,7615.0,123,2373,0.1251,0.002779
2026-09-14 15:38:30,SPX,7628.48,7660.83,7645.0,108,293,0.1128,0.002779
2026-09-14 15:38:30,SPX,7628.48,7660.83,7610.0,68,764,0.1271,0.002779
2026-09-14 15:38:30,SPX,7628.48,7660.83,7650.0,1180,2458,0.1109,0.002779
2026-09-14 15:38:30,SPX,7628.48,7660.83,7605.0,115,216,0.1293,0.002779
2026-09-14 15:38:30,SPX,7628.48,7660.83,7655.0,256,257,0.1092,0.002779
2026-09-14 15:38:30,SPX,7628.48,7660.83,7600.0,181,1536,0.1319,0.002779
2026-09-14 15:38:30,SPX,7628.48,7660.83,7660.0,332,304,0.108,0.002779
2026-09-14 15:38:30,SPX,7628.48,7660.83,7595.0,102,3426,0.1342,0.002779
2026-09-14 15:38:30,SPX,7628.48,7660.83,7665.0,309,449,0.1072,0.002779
2026-09-14 15:38:30,SPX,7628.48,7660.83,7590.0,41,432,0.1365,0.002779
2026-09-14 15:38:30,SPX,7628.48,7660.83,7670.0,301,552,0.1064,0.002779
2026-09-14 15:38:30,SPX,7628.48,7660.83,7585.0,34,188,0.1401,0.002779
2026-09-14 15:38:30,SPX,7628.48,7660.83,7675.0,1667,1631,0.1057,0.002779
2026-09-14 15:38:30,SPX,7628.48,7660.83,7580.0,88,696,0.1413,0.002779
2026-09-14 15:38:30,SPX,7628.48,7660.83,7680.0,383,560,0.105,0.002779
2026-09-14 15:38:30,SPX,7628.48,7660.83,7575.0,53,902,0.1434,0.002779
2026-09-14 15:38:30,SPX,7628.48,7660.83,7685.0,276,695,0.1045,0.002779
2026-09-14 15:38:30,SPX,7628.48,7660.83,7570.0,50,531,0.1472,0.002779
2026-09-14 15:38:30,SPX,7628.48,7660.83,7690.0,413,299,0.1041,0.002779
2026-09-14 15:38:30,SPX,7628.48,7660.83,7565.0,31,346,0.1506,0.002779
2026-09-14 15:38:30,SPX,7628.48,7660.83,7695.0,266,183,0.1041,0.002779
2026-09-14 15:38:30,SPX,7628.48,7660.83,7560.0,38,506,0.1528,0.002779
2026-09-14 15:38:30,SPX,7628.48,7660.83,7700.0,2732,729,0.1044,0.002779
2026-09-14 15:38:30,SPX,7628.48,7660.83,7555.0,25,342,0.1543,0.002779
2026-09-14 15:38:30,SPX,7628.48,7660.83,7705.0,374,438,0.105,0.002779
2026-09-14 15:38:30,SPX,7628.48,7660.83,7550.0,47,2766,0.1577,0.002779
2026-09-14 15:38:30,SPX,7628.48,7660.83,7710.0,1141,759,0.1061,0.002779
2026-09-14 15:38:30,SPX,7628.48,7660.83,7545.0,17,380,0.161,0.002779
2026-09-14 15:38:30,SPX,7628.48,7660.83,7715.0,505,159,0.1074,0.002779
2026-09-14 15:38:30,SPX,7628.48,7660.83,7540.0,28,437,0.1639,0.002779
2026-09-14 15:38:30,SPX,7628.48,7660.83,7720.0,790,206,0.1091,0.002779
2026-09-14 15:38:30,SPX,7628.48,7660.83,7535.0,22,561,0.1667,0.002779
2026-09-14 15:38:30,SPX,7628.48,7660.83,7725.0,1258,289,0.111,0.002779
2026-09-14 15:38:30,SPX,7628.48,7660.83,7530.0,30,319,0.1703,0.002779
2026-09-14 15:38:30,SPX,7628.48,7660.83,7730.0,552,205,0.1131,0.002779
2026-09-14 15:38:30,SPX,7628.48,7660.83,7525.0,87,1191,0.1738,0.002779
2026-09-14 15:38:30,SPX,7628.48,7660.83,7735.0,1185,48,0.1154,0.002779
2026-09-14 15:38:30,SPX,7628.48,7660.83,7520.0,99,292,0.1771,0.002779
2026-09-14 15:38:30,SPX,7628.48,7660.83,7740.0,577,90,0.1179,0.002779
2026-09-14 15:38:30,SPX,7628.48,7660.83,7515.0,24,229,0.1804,0.002779
2026-09-14 15:38:30,SPX,7628.48,7660.83,7745.0,773,75,0.1207,0.002779
2026-09-14 15:38:30,SPX,7628.48,7660.83,7510.0,7,407,0.1835,0.002779
2026-09-14 15:38:30,SPX,7628.48,7660.83,7750.0,1883,803,0.1238,0.002779
2026-09-14 15:38:30,SPX,7628.48,7660.83,7505.0,7,253,0.1864,0.002779
2026-09-14 15:38:30,SPX,7628.48,7660.83,7755.0,322,37,0.127,0.002779
2026-09-14 15:38:30,SPX,7628.48,7660.83,7500.0,50,3136,0.1897,0.002779
2026-09-14 15:38:30,SPX,7628.48,7660.83,7760.0,630,60,0.1303,0.002779
2026-09-14 15:38:30,SPX,7628.48,7660.83,7495.0,0,1326,0.1935,0.002779
2026-09-14 15:38:30,SPX,7628.48,7660.83,7765.0,566,22,0.1333,0.002779
2026-09-14 15:38:30,SPX,7628.48,7660.83,7490.0,7,439,0.1975,0.002779
2026-09-14 15:38:30,SPX,7628.48,7660.83,7770.0,591,33,0.1362,0.002779
2026-09-14 15:38:30,SPX,7628.48,7660.83,7485.0,1,211,0.2016,0.002779
2026-09-14 15:38:30,SPX,7628.48,7660.83,7775.0,1185,26,0.1388,0.002779
2026-09-14 15:38:30,SPX,7628.48,7660.83,7480.0,4,257,0.2057,0.002779
2026-09-14 15:38:30,SPX,7628.48,7660.83,7780.0,898,122,0.1411,0.002779
2026-09-14 15:38:30,SPX,7628.48,7660.83,7475.0,8,396,0.2098,0.002779
2026-09-14 15:38:30,SPX,7628.48,7660.83,7785.0,427,24,0.1431,0.002779
2026-09-14 15:38:30,SPX,7628.48,7660.83,7470.0,0,229,0.2139,0.002779
2026-09-14 15:38:30,SPX,7628.48,7660.83,7790.0,422,69,0.1446,0.002779
2026-09-14 15:38:30,SPX,7628.48,7660.83,7465.0,0,172,0.218,0.002779
2026-09-14 15:38:30,SPX,7628.48,7660.83,7795.0,336,0,0.1457,0.002779
2026-09-14 15:38:30,SPX,7628.48,7660.83,7460.0,5,563,0.222,0.002779
2026-09-14 15:38:30,SPX,7628.48,7660.83,7800.0,3029,51,0.1463,0.002779
2026-09-14 15:38:30,SPX,7628.48,7660.83,7455.0,14,91,0.226,0.002779
2026-09-14 15:38:30,SPX,7628.48,7660.83,7805.0,420,6,0.1464,0.002779
2026-09-14 15:38:30,SPX,7628.48,7660.83,7450.0,11,1696,0.23,0.002779
2026-09-14 15:38:30,SPX,7628.48,7660.83,7810.0,711,7,0.1461,0.002779
2026-09-14 15:38:30,SPX,7628.48,7660.83,7445.0,1,343,0.234,0.002779
2026-09-14 15:38:30,SPX,7628.48,7660.83,7815.0,478,1,0.1456,0.002779
2026-09-14 15:38:30,SPX,7628.48,7660.83,7440.0,81,473,0.238,0.002779
2026-09-14 15:38:30,SPX,7628.48,7660.83,7820.0,719,19,0.1449,0.002779
2026-09-14 15:38:30,SPX,7628.48,7660.83,7435.0,0,209,0.2421,0.002779
2026-09-14 15:38:30,SPX,7628.48,7660.83,7825.0,2219,41,0.144,0.002779
2026-09-14 15:38:30,SPX,7628.48,7660.83,7430.0,0,335,0.2462,0.002779
2026-09-14 15:38:30,SPX,7628.48,7660.83,7830.0,1772,3,0.143,0.002779
2026-09-14 15:38:30,SPX,7628.48,7660.83,7425.0,10,1228,0.2504,0.002779
2026-09-14 15:38:30,SPX,7628.48,7660.83,7835.0,638,0,0.1419,0.002779
2026-09-14 15:38:30,SPX,7628.48,7660.83,7420.0,2,274,0.2546,0.002779
2026-09-14 15:38:30,SPX,7628.48,7660.83,7840.0,486,4,0.1408,0.002779
2026-09-14 15:38:30,SPX,7628.48,7660.83,7415.0,0,269,0.2589,0.002779
2026-09-14 15:38:30,SPX,7628.48,7660.83,7845.0,439,1,0.1396,0.002779
2026-09-14 15:38:30,SPX,7628.48,7660.83,7410.0,32,301,0.2633,0.002779
2026-09-14 15:38:30,SPX,7628.48,7660.83,7850.0,758,32,0.1384,0.002779
2026-09-14 15:38:30,SPX,7628.48,7660.83,7405.0,0,163,0.2677,0.002779
2026-09-14 15:38:30,SPX,7628.48,7660.83,7855.0,257,0,0.1371,0.002779
2026-09-14 15:38:30,SPX,7628.48,7660.83,7400.0,11,3737,0.2721,0.002779
2026-09-14 15:38:30,SPX,7628.48,7660.83,7860.0,321,0,0.1358,0.002779
2026-09-14 15:38:30,SPX,7628.48,7660.83,7395.0,0,92,0.2766,0.002779
2026-09-14 15:38:30,SPX,7628.48,7660.83,7865.0,337,0,0.1345,0.002779
2026-09-14 15:38:30,SPX,7628.48,7660.83,7390.0,0,270,0.2811,0.002779
2026-09-14 15:38:30,SPX,7628.48,7660.83,7870.0,382,0,0.1332,0.002779
2026-09-14 15:38:30,SPX,7628.48,7660.83,7385.0,0,99,0.2857,0.002779
2026-09-14 15:38:30,SPX,7628.48,7660.83,7875.0,1031,1,0.1318,0.002779
2026-09-14 15:38:30,SPX,7628.48,7660.83,7380.0,0,246,0.2903,0.002779
2026-09-14 15:38:30,SPX,7628.48,7660.83,7630.0,190,311,0.1502,0.005517
2026-09-14 15:38:30,SPX,7628.48,7660.83,7625.0,76,3525,0.1518,0.005517
2026-09-14 15:38:30,SPX,7628.48,7660.83,7635.0,100,393,0.1486,0.005517
2026-09-14 15:38:30,SPX,7628.48,7660.83,7620.0,92,165,0.1534,0.005517
2026-09-14 15:38:30,SPX,7628.48,7660.83,7640.0,173,260,0.1468,0.005517
2026-09-14 15:38:30,SPX,7628.48,7660.83,7615.0,30,136,0.1552,0.005517
2026-09-14 15:38:30,SPX,7628.48,7660.83,7645.0,125,436,0.1453,0.005517
2026-09-14 15:38:30,SPX,7628.48,7660.83,7610.0,86,444,0.1572,0.005517
2026-09-14 15:38:30,SPX,7628.48,7660.83,7650.0,3942,4297,0.1437,0.005517
2026-09-14 15:38:30,SPX,7628.48,7660.83,7605.0,46,171,0.1581,0.005517
2026-09-14 15:38:30,SPX,7628.48,7660.83,7655.0,88,769,0.1425,0.005517
2026-09-14 15:38:30,SPX,7628.48,7660.83,7600.0,299,2447,0.1601,0.005517
2026-09-14 15:38:30,SPX,7628.48,7660.83,7660.0,149,214,0.1413,0.005517
2026-09-14 15:38:30,SPX,7628.48,7660.83,7595.0,81,353,0.162,0.005517
2026-09-14 15:38:30,SPX,7628.48,7660.83,7665.0,153,256,0.1401,0.005517
2026-09-14 15:38:30,SPX,7628.48,7660.83,7590.0,83,381,0.1636,0.005517
2026-09-14 15:38:30,SPX,7628.48,7660.83,7670.0,252,521,0.1389,0.005517
2026-09-14 15:38:30,SPX,7628.48,7660.83,7585.0,83,325,0.1658,0.005517
2026-09-14 15:38:30,SPX,7628.48,7660.83,7675.0,3101,555,0.138,0.005517
2026-09-14 15:38:30,SPX,7628.48,7660.83,7580.0,31,654,0.1669,0.005517
2026-09-14 15:38:30,SPX,7628.48,7660.83,7680.0,431,792,0.1368,0.005517
2026-09-14 15:38:30,SPX,7628.48,7660.83,7575.0,46,586,0.1688,0.005517
2026-09-14 15:38:30,SPX,7628.48,7660.83,7685.0,799,212,0.1353,0.005517
2026-09-14 15:38:30,SPX,7628.48,7660.83,7570.0,20,769,0.1708,0.005517
2026-09-14 15:38:30,SPX,7628.48,7660.83,7690.0,254,121,0.1338,0.005517
2026-09-14 15:38:30,SPX,7628.48,7660.83,7565.0,10,210,0.1725,0.005517
2026-09-14 15:38:30,SPX,7628.48,7660.83,7695.0,197,111,0.1325,0.005517
2026-09-14 15:38:30,SPX,7628.48,7660.83,7560.0,37,297,0.1742,0.005517
2026-09-14 15:38:30,SPX,7628.48,7660.83,7700.0,1164,639,0.1314,0.005517
2026-09-14 15:38:30,SPX,7628.48,7660.83,7555.0,30,245,0.176,0.005517
2026-09-14 15:38:30,SPX,7628.48,7660.83,7705.0,125,2044,0.1304,0.005517
2026-09-14 15:38:30,SPX,7628.48,7660.83,7550.0,66,971,0.1783,0.005517
2026-09-14 15:38:30,SPX,7628.48,7660.83,7710.0,827,106,0.1296,0.005517
2026-09-14 15:38:30,SPX,7628.48,7660.83,7545.0,4,234,0.1806,0.005517
2026-09-14 15:38:30,SPX,7628.48,7660.83,7715.0,226,1313,0.1289,0.005517
2026-09-14 15:38:30,SPX,7628.48,7660.83,7540.0,26,558,0.1826,0.005517
2026-09-14 15:38:30,SPX,7628.48,7660.83,7720.0,333,74,0.1281,0.005517
2026-09-14 15:38:30,SPX,7628.48,7660.83,7535.0,5,247,0.1846,0.005517
2026-09-14 15:38:30,SPX,7628.48,7660.83,7725.0,894,102,0.1273,0.005517
2026-09-14 15:38:30,SPX,7628.48,7660.83,7530.0,36,367,0.1866,0.005517
2026-09-14 15:38:30,SPX,7628.48,7660.83,7730.0,2632,2029,0.1265,0.005517
2026-09-14 15:38:30,SPX,7628.48,7660.83,7525.0,35,2414,0.1884,0.005517
2026-09-14 15:38:30,SPX,7628.48,7660.83,7735.0,623,10,0.1257,0.005517
2026-09-14 15:38:30,SPX,7628.48,7660.83,7520.0,26,946,0.1902,0.005517
2026-09-14 15:38:30,SPX,7628.48,7660.83,7740.0,1778,1337,0.1249,0.005517
2026-09-14 15:38:30,SPX,7628.48,7660.83,7515.0,43,171,0.1919,0.005517
2026-09-14 15:38:30,SPX,7628.48,7660.83,7745.0,497,122,0.1241,0.005517
2026-09-14 15:38:30,SPX,7628.48,7660.83,7510.0,40,185,0.1937,0.005517
2026-09-14 15:38:30,SPX,7628.48,7660.83,7750.0,1137,298,0.1233,0.005517
2026-09-14 15:38:30,SPX,7628.48,7660.83,7505.0,26,246,0.1957,0.005517
2026-09-14 15:38:30,SPX,7628.48,7660.83,7755.0,2504,30,0.1226,0.005517
2026-09-14 15:38:30,SPX,7628.48,7660.83,7500.0,43,2563,0.1978,0.005517
2026-09-14 15:38:30,SPX,7628.48,7660.83,7760.0,444,61,0.1221,0.005517
2026-09-14 15:38:30,SPX,7628.48,7660.83,7495.0,0,148,0.2,0.005517
2026-09-14 15:38:30,SPX,7628.48,7660.83,7765.0,1907,14,0.1217,0.005517
2026-09-14 15:38:30,SPX,7628.48,7660.83,7490.0,0,302,0.2023,0.005517
2026-09-14 15:38:30,SPX,7628.48,7660.83,7770.0,966,30,0.1215,0.005517
2026-09-14 15:38:30,SPX,7628.48,7660.83,7485.0,3,172,0.2046,0.005517
2026-09-14 15:38:30,SPX,7628.48,7660.83,7775.0,1163,62,0.1214,0.005517
2026-09-14 15:38:30,SPX,7628.48,7660.83,7480.0,7,320,0.207,0.005517
2026-09-14 15:38:30,SPX,7628.48,7660.83,7780.0,887,32,0.1216,0.005517
2026-09-14 15:38:30,SPX,7628.48,7660.83,7475.0,24,984,0.2094,0.005517
2026-09-14 15:38:30,SPX,7628.48,7660.83,7785.0,339,279,0.122,0.005517
2026-09-14 15:38:30,SPX,7628.48,7660.83,7470.0,25,842,0.2117,0.005517
2026-09-14 15:38:30,SPX,7628.48,7660.83,7790.0,595,24,0.1226,0.005517
2026-09-14 15:38:30,SPX,7628.48,7660.83,7465.0,0,409,0.214,0.005517
2026-09-14 15:38:30,SPX,7628.48,7660.83,7795.0,356,13,0.1234,0.005517
2026-09-14 15:38:30,SPX,7628.48,7660.83,7460.0,25,380,0.2163,0.005517
2026-09-14 15:38:30,SPX,7628.48,7660.83,7800.0,3052,36,0.1244,0.005517
2026-09-14 15:38:30,SPX,7628.48,7660.83,7455.0,0,208,0.2186,0.005517
2026-09-14 15:38:30,SPX,7628.48,7660.83,7805.0,1690,1,0.1256,0.005517
2026-09-14 15:38:30,SPX,7628.48,7660.83,7450.0,3,873,0.2209,0.005517
2026-09-14 15:38:30,SPX,7628.48,7660.83,7810.0,538,32,0.1269,0.005517
2026-09-14 15:38:30,SPX,7628.48,7660.83,7445.0,0,160,0.2231,0.005517
2026-09-14 15:38:30,SPX,7628.48,7660.83,7815.0,433,4,0.1285,0.005517
2026-09-14 15:38:30,SPX,7628.48,7660.83,7440.0,0,250,0.2254,0.005517
2026-09-14 15:38:30,SPX,7628.48,7660.83,7820.0,1311,62,0.1301,0.005517
2026-09-14 15:38:30,SPX,7628.48,7660.83,7435.0,0,111,0.2277,0.005517
2026-09-14 15:38:30,SPX,7628.48,7660.83,7825.0,1157,42,0.1319,0.005517
2026-09-14 15:38:30,SPX,7628.48,7660.83,7430.0,0,160,0.23,0.005517
2026-09-14 15:38:30,SPX,7628.48,7660.83,7830.0,439,126,0.1338,0.005517
2026-09-14 15:38:30,SPX,7628.48,7660.83,7425.0,6,354,0.2323,0.005517
2026-09-14 15:38:30,SPX,7628.48,7660.83,7835.0,380,30,0.1358,0.005517
2026-09-14 15:38:30,SPX,7628.48,7660.83,7420.0,1,667,0.2347,0.005517
2026-09-14 15:38:30,SPX,7628.48,7660.83,7840.0,487,1,0.138,0.005517
2026-09-14 15:38:30,SPX,7628.48,7660.83,7415.0,0,236,0.2371,0.005517
2026-09-14 15:38:30,SPX,7628.48,7660.83,7845.0,248,1,0.1402,0.005517
2026-09-14 15:38:30,SPX,7628.48,7660.83,7410.0,0,210,0.2395,0.005517
2026-09-14 15:38:30,SPX,7628.48,7660.83,7850.0,1424,123,0.1426,0.005517
2026-09-14 15:38:30,SPX,7628.48,7660.83,7405.0,0,233,0.242,0.005517
2026-09-14 15:38:30,SPX,7628.48,7660.83,7855.0,210,0,0.145,0.005517
2026-09-14 15:38:30,SPX,7628.48,7660.83,7400.0,31,2257,0.2445,0.005517
2026-09-14 15:38:30,SPX,7628.48,7660.83,7860.0,585,3,0.1476,0.005517
2026-09-14 15:38:30,SPX,7628.48,7660.83,7395.0,0,1437,0.2471,0.005517
2026-09-14 15:38:30,SPX,7628.48,7660.83,7865.0,389,6,0.1502,0.005517
2026-09-14 15:38:30,SPX,7628.48,7660.83,7390.0,30,406,0.2497,0.005517
2026-09-14 15:38:30,SPX,7628.48,7660.83,7870.0,377,0,0.1529,0.005517
2026-09-14 15:38:30,SPX,7628.48,7660.83,7385.0,1,191,0.2523,0.005517
2026-09-14 15:38:30,SPX,7628.48,7660.83,7875.0,1075,19,0.1557,0.005517
2026-09-14 15:38:30,SPX,7628.48,7660.83,7380.0,1,456,0.2549,0.005517
