timestamp,symbol,spot,gflip,strike,oi_call,oi_put,iv,T
2026-08-20 09:33:21,SPX,7685.03,7728.56,7685.0,165,1479,0.1691,0.000735
2026-08-20 09:33:21,SPX,7685.03,7728.56,7690.0,241,1524,0.1668,0.000735
2026-08-20 09:33:21,SPX,7685.03,7728.56,7680.0,151,1657,0.1721,0.000735
2026-08-20 09:33:21,SPX,7685.03,7728.56,7695.0,413,1964,0.1641,0.000735
2026-08-20 09:33:21,SPX,7685.03,7728.56,7675.0,248,2900,0.1753,0.000735
2026-08-20 09:33:21,SPX,7685.03,7728.56,7700.0,1410,3332,0.1621,0.000735
2026-08-20 09:33:21,SPX,7685.03,7728.56,7670.0,145,1635,0.1788,0.000735
2026-08-20 09:33:21,SPX,7685.03,7728.56,7705.0,562,1314,0.1601,0.000735
2026-08-20 09:33:21,SPX,7685.03,7728.56,7665.0,145,1673,0.1828,0.000735
2026-08-20 09:33:21,SPX,7685.03,7728.56,7710.0,921,1295,0.1583,0.000735
2026-08-20 09:33:21,SPX,7685.03,7728.56,7660.0,314,2452,0.1866,0.000735
2026-08-20 09:33:21,SPX,7685.03,7728.56,7715.0,917,1178,0.1575,0.000735
2026-08-20 09:33:21,SPX,7685.03,7728.56,7655.0,40,1205,0.1898,0.000735
2026-08-20 09:33:21,SPX,7685.03,7728.56,7720.0,725,828,0.1575,0.000735
2026-08-20 09:33:21,SPX,7685.03,7728.56,7650.0,601,4749,0.1938,0.000735
2026-08-20 09:33:21,SPX,7685.03,7728.56,7725.0,1460,956,0.1583,0.000735
2026-08-20 09:33:21,SPX,7685.03,7728.56,7645.0,34,4293,0.1988,0.000735
2026-08-20 09:33:21,SPX,7685.03,7728.56,7730.0,1104,705,0.1599,0.000735
2026-08-20 09:33:21,SPX,7685.03,7728.56,7640.0,118,1914,0.2014,0.000735
2026-08-20 09:33:21,SPX,7685.03,7728.56,7735.0,1039,602,0.1618,0.000735
2026-08-20 09:33:21,SPX,7685.03,7728.56,7635.0,64,2360,0.2066,0.000735
2026-08-20 09:33:21,SPX,7685.03,7728.56,7740.0,2438,735,0.1637,0.000735
2026-08-20 09:33:21,SPX,7685.03,7728.56,7630.0,152,1671,0.2107,0.000735
2026-08-20 09:33:21,SPX,7685.03,7728.56,7745.0,2092,356,0.1659,0.000735
2026-08-20 09:33:21,SPX,7685.03,7728.56,7625.0,187,2860,0.2151,0.000735
2026-08-20 09:33:21,SPX,7685.03,7728.56,7750.0,2597,2057,0.1685,0.000735
2026-08-20 09:33:21,SPX,7685.03,7728.56,7620.0,71,3498,0.2204,0.000735
2026-08-20 09:33:21,SPX,7685.03,7728.56,7755.0,4019,546,0.1716,0.000735
2026-08-20 09:33:21,SPX,7685.03,7728.56,7615.0,96,1008,0.2251,0.000735
2026-08-20 09:33:21,SPX,7685.03,7728.56,7760.0,5014,260,0.1752,0.000735
2026-08-20 09:33:21,SPX,7685.03,7728.56,7610.0,40,1696,0.2302,0.000735
2026-08-20 09:33:21,SPX,7685.03,7728.56,7765.0,1600,250,0.1791,0.000735
2026-08-20 09:33:21,SPX,7685.03,7728.56,7605.0,154,1517,0.2348,0.000735
2026-08-20 09:33:21,SPX,7685.03,7728.56,7770.0,3038,300,0.1837,0.000735
2026-08-20 09:33:21,SPX,7685.03,7728.56,7600.0,295,3191,0.2385,0.000735
2026-08-20 09:33:21,SPX,7685.03,7728.56,7775.0,3527,298,0.1885,0.000735
2026-08-20 09:33:21,SPX,7685.03,7728.56,7595.0,34,1449,0.243,0.000735
2026-08-20 09:33:21,SPX,7685.03,7728.56,7780.0,2197,360,0.1934,0.000735
2026-08-20 09:33:21,SPX,7685.03,7728.56,7590.0,53,1389,0.2487,0.000735
2026-08-20 09:33:21,SPX,7685.03,7728.56,7785.0,2111,194,0.1985,0.000735
2026-08-20 09:33:21,SPX,7685.03,7728.56,7585.0,1,10667,0.2555,0.000735
2026-08-20 09:33:21,SPX,7685.03,7728.56,7790.0,1298,222,0.2039,0.000735
2026-08-20 09:33:21,SPX,7685.03,7728.56,7580.0,129,797,0.2626,0.000735
2026-08-20 09:33:21,SPX,7685.03,7728.56,7795.0,829,205,0.2095,0.000735
2026-08-20 09:33:21,SPX,7685.03,7728.56,7575.0,238,1146,0.2696,0.000735
2026-08-20 09:33:21,SPX,7685.03,7728.56,7800.0,3340,289,0.2154,0.000735
2026-08-20 09:33:21,SPX,7685.03,7728.56,7570.0,39,4298,0.2762,0.000735
2026-08-20 09:33:21,SPX,7685.03,7728.56,7805.0,3923,241,0.2215,0.000735
2026-08-20 09:33:21,SPX,7685.03,7728.56,7565.0,54,4039,0.2825,0.000735
2026-08-20 09:33:21,SPX,7685.03,7728.56,7810.0,1727,87,0.2276,0.000735
2026-08-20 09:33:21,SPX,7685.03,7728.56,7685.0,468,3622,0.15,0.003473
2026-08-20 09:33:21,SPX,7685.03,7728.56,7690.0,380,1216,0.1305,0.003473
2026-08-20 09:33:21,SPX,7685.03,7728.56,7680.0,494,1252,0.1337,0.003473
2026-08-20 09:33:21,SPX,7685.03,7728.56,7695.0,487,2005,0.15,0.003473
2026-08-20 09:33:21,SPX,7685.03,7728.56,7675.0,494,1199,0.1358,0.003473
2026-08-20 09:33:21,SPX,7685.03,7728.56,7700.0,2603,3382,0.127,0.003473
2026-08-20 09:33:21,SPX,7685.03,7728.56,7670.0,363,1520,0.1377,0.003473
2026-08-20 09:33:21,SPX,7685.03,7728.56,7705.0,613,1194,0.1253,0.003473
2026-08-20 09:33:21,SPX,7685.03,7728.56,7665.0,124,2717,0.1399,0.003473
2026-08-20 09:33:21,SPX,7685.03,7728.56,7710.0,628,1147,0.1236,0.003473
2026-08-20 09:33:21,SPX,7685.03,7728.56,7660.0,1056,0,0.1421,0.003473
2026-08-20 09:33:21,SPX,7685.03,7728.56,7725.0,1140,1483,0.1202,0.003473
2026-08-20 09:33:21,SPX,7685.03,7728.56,7640.0,503,0,0.1507,0.003473
2026-08-20 09:33:21,SPX,7685.03,7728.56,7735.0,0,553,0.1187,0.003473
2026-08-20 09:33:21,SPX,7685.03,7728.56,7635.0,415,1245,0.1535,0.003473
2026-08-20 09:33:21,SPX,7685.03,7728.56,7740.0,864,551,0.1186,0.003473
2026-08-20 09:33:21,SPX,7685.03,7728.56,7630.0,243,2000,0.1554,0.003473
2026-08-20 09:33:21,SPX,7685.03,7728.56,7745.0,915,950,0.1172,0.003473
2026-08-20 09:33:21,SPX,7685.03,7728.56,7625.0,677,2793,0.1584,0.003473
2026-08-20 09:33:21,SPX,7685.03,7728.56,7750.0,4440,2804,0.1173,0.003473
2026-08-20 09:33:21,SPX,7685.03,7728.56,7620.0,442,3110,0.1599,0.003473
2026-08-20 09:33:21,SPX,7685.03,7728.56,7755.0,1264,635,0.1164,0.003473
2026-08-20 09:33:21,SPX,7685.03,7728.56,7615.0,192,870,0.1617,0.003473
2026-08-20 09:33:21,SPX,7685.03,7728.56,7760.0,1294,753,0.1162,0.003473
2026-08-20 09:33:21,SPX,7685.03,7728.56,7610.0,441,944,0.1653,0.003473
2026-08-20 09:33:21,SPX,7685.03,7728.56,7765.0,1301,406,0.116,0.003473
2026-08-20 09:33:21,SPX,7685.03,7728.56,7605.0,239,833,0.1655,0.003473
2026-08-20 09:33:21,SPX,7685.03,7728.56,7770.0,1714,625,0.1156,0.003473
2026-08-20 09:33:21,SPX,7685.03,7728.56,7600.0,1767,6121,0.1682,0.003473
2026-08-20 09:33:21,SPX,7685.03,7728.56,7775.0,2578,953,0.1153,0.003473
2026-08-20 09:33:21,SPX,7685.03,7728.56,7595.0,162,677,0.1693,0.003473
2026-08-20 09:33:21,SPX,7685.03,7728.56,7780.0,1599,1119,0.1154,0.003473
2026-08-20 09:33:21,SPX,7685.03,7728.56,7590.0,316,4457,0.1734,0.003473
2026-08-20 09:33:21,SPX,7685.03,7728.56,7785.0,2313,676,0.1158,0.003473
2026-08-20 09:33:21,SPX,7685.03,7728.56,7585.0,298,620,0.1737,0.003473
2026-08-20 09:33:21,SPX,7685.03,7728.56,7790.0,1501,525,0.1166,0.003473
2026-08-20 09:33:21,SPX,7685.03,7728.56,7580.0,1351,1215,0.177,0.003473
2026-08-20 09:33:21,SPX,7685.03,7728.56,7795.0,789,263,0.1177,0.003473
2026-08-20 09:33:21,SPX,7685.03,7728.56,7575.0,1645,871,0.1787,0.003473
2026-08-20 09:33:21,SPX,7685.03,7728.56,7800.0,5359,2039,0.119,0.003473
2026-08-20 09:33:21,SPX,7685.03,7728.56,7570.0,238,662,0.1814,0.003473
2026-08-20 09:33:21,SPX,7685.03,7728.56,7805.0,1043,323,0.1205,0.003473
2026-08-20 09:33:21,SPX,7685.03,7728.56,7565.0,147,965,0.1823,0.003473
2026-08-20 09:33:21,SPX,7685.03,7728.56,7810.0,1541,266,0.1221,0.003473
2026-08-20 09:33:21,SPX,7685.03,7728.56,7685.0,54,167,0.095,0.011687
2026-08-20 09:33:21,SPX,7685.03,7728.56,7690.0,95,1077,0.0938,0.011687
2026-08-20 09:33:21,SPX,7685.03,7728.56,7680.0,169,498,0.0961,0.011687
2026-08-20 09:33:21,SPX,7685.03,7728.56,7695.0,102,171,0.0928,0.011687
2026-08-20 09:33:21,SPX,7685.03,7728.56,7675.0,163,443,0.098,0.011687
2026-08-20 09:33:21,SPX,7685.03,7728.56,7700.0,542,4254,0.0917,0.011687
2026-08-20 09:33:21,SPX,7685.03,7728.56,7670.0,59,846,0.15,0.011687
2026-08-20 09:33:21,SPX,7685.03,7728.56,7705.0,133,272,0.0909,0.011687
2026-08-20 09:33:21,SPX,7685.03,7728.56,7665.0,68,534,0.15,0.011687
2026-08-20 09:33:21,SPX,7685.03,7728.56,7710.0,151,369,0.15,0.011687
2026-08-20 09:33:21,SPX,7685.03,7728.56,7660.0,93,390,0.15,0.011687
2026-08-20 09:33:21,SPX,7685.03,7728.56,7715.0,127,311,0.0891,0.011687
2026-08-20 09:33:21,SPX,7685.03,7728.56,7655.0,18,189,0.1026,0.011687
2026-08-20 09:33:21,SPX,7685.03,7728.56,7720.0,443,374,0.0883,0.011687
2026-08-20 09:33:21,SPX,7685.03,7728.56,7650.0,222,1213,0.1037,0.011687
2026-08-20 09:33:21,SPX,7685.03,7728.56,7725.0,549,715,0.0876,0.011687
2026-08-20 09:33:21,SPX,7685.03,7728.56,7645.0,21,187,0.1054,0.011687
2026-08-20 09:33:21,SPX,7685.03,7728.56,7730.0,262,189,0.0867,0.011687
2026-08-20 09:33:21,SPX,7685.03,7728.56,7640.0,128,621,0.1069,0.011687
2026-08-20 09:33:21,SPX,7685.03,7728.56,7735.0,160,224,0.0857,0.011687
2026-08-20 09:33:21,SPX,7685.03,7728.56,7635.0,11,307,0.1076,0.011687
2026-08-20 09:33:21,SPX,7685.03,7728.56,7740.0,872,998,0.0848,0.011687
2026-08-20 09:33:21,SPX,7685.03,7728.56,7630.0,138,1777,0.1086,0.011687
2026-08-20 09:33:21,SPX,7685.03,7728.56,7745.0,160,183,0.0841,0.011687
2026-08-20 09:33:21,SPX,7685.03,7728.56,7625.0,599,751,0.1101,0.011687
2026-08-20 09:33:21,SPX,7685.03,7728.56,7750.0,927,1777,0.0836,0.011687
2026-08-20 09:33:21,SPX,7685.03,7728.56,7620.0,54,1490,0.1119,0.011687
2026-08-20 09:33:21,SPX,7685.03,7728.56,7755.0,277,221,0.0833,0.011687
2026-08-20 09:33:21,SPX,7685.03,7728.56,7615.0,21,1444,0.1126,0.011687
2026-08-20 09:33:21,SPX,7685.03,7728.56,7760.0,381,335,0.0831,0.011687
2026-08-20 09:33:21,SPX,7685.03,7728.56,7610.0,68,425,0.15,0.011687
2026-08-20 09:33:21,SPX,7685.03,7728.56,7765.0,309,143,0.15,0.011687
2026-08-20 09:33:21,SPX,7685.03,7728.56,7605.0,42,454,0.15,0.011687
2026-08-20 09:33:21,SPX,7685.03,7728.56,7770.0,487,253,0.15,0.011687
2026-08-20 09:33:21,SPX,7685.03,7728.56,7600.0,410,4182,0.15,0.011687
2026-08-20 09:33:21,SPX,7685.03,7728.56,7775.0,770,202,0.15,0.011687
2026-08-20 09:33:21,SPX,7685.03,7728.56,7595.0,2,412,0.15,0.011687
2026-08-20 09:33:21,SPX,7685.03,7728.56,7780.0,361,217,0.082,0.011687
2026-08-20 09:33:21,SPX,7685.03,7728.56,7590.0,0,620,0.1194,0.011687
2026-08-20 09:33:21,SPX,7685.03,7728.56,7785.0,243,133,0.0817,0.011687
2026-08-20 09:33:21,SPX,7685.03,7728.56,7585.0,4,6196,0.121,0.011687
2026-08-20 09:33:21,SPX,7685.03,7728.56,7790.0,503,134,0.15,0.011687
2026-08-20 09:33:21,SPX,7685.03,7728.56,7580.0,108,332,0.15,0.011687
2026-08-20 09:33:21,SPX,7685.03,7728.56,7795.0,224,186,0.15,0.011687
2026-08-20 09:33:21,SPX,7685.03,7728.56,7575.0,331,6826,0.1236,0.011687
2026-08-20 09:33:21,SPX,7685.03,7728.56,7800.0,1319,637,0.0811,0.011687
2026-08-20 09:33:21,SPX,7685.03,7728.56,7570.0,96,221,0.1249,0.011687
2026-08-20 09:33:21,SPX,7685.03,7728.56,7805.0,715,108,0.081,0.011687
2026-08-20 09:33:21,SPX,7685.03,7728.56,7565.0,6,205,0.1261,0.011687
2026-08-20 09:33:21,SPX,7685.03,7728.56,7810.0,366,114,0.0811,0.011687
2026-08-20 10:03:47,SPX,7685.1,7728.5,7685.0,165,1479,0.162,0.000677
2026-08-20 10:03:47,SPX,7685.1,7728.5,7690.0,241,1524,0.1586,0.000677
2026-08-20 10:03:47,SPX,7685.1,7728.5,7680.0,151,1657,0.1663,0.000677
2026-08-20 10:03:47,SPX,7685.1,7728.5,7695.0,413,1964,0.1559,0.000677
2026-08-20 10:03:47,SPX,7685.1,7728.5,7675.0,248,2900,0.1699,0.000677
2026-08-20 10:03:47,SPX,7685.1,7728.5,7700.0,1410,3332,0.1535,0.000677
2026-08-20 10:03:47,SPX,7685.1,7728.5,7670.0,145,1635,0.174,0.000677
2026-08-20 10:03:47,SPX,7685.1,7728.5,7705.0,562,1314,0.1516,0.000677
2026-08-20 10:03:47,SPX,7685.1,7728.5,7665.0,145,1673,0.1786,0.000677
2026-08-20 10:03:47,SPX,7685.1,7728.5,7710.0,921,1295,0.1498,0.000677
2026-08-20 10:03:47,SPX,7685.1,7728.5,7660.0,314,2452,0.1828,0.000677
2026-08-20 10:03:47,SPX,7685.1,7728.5,7715.0,917,1178,0.1485,0.000677
2026-08-20 10:03:47,SPX,7685.1,7728.5,7655.0,40,1205,0.1872,0.000677
2026-08-20 10:03:47,SPX,7685.1,7728.5,7720.0,725,828,0.1483,0.000677
2026-08-20 10:03:47,SPX,7685.1,7728.5,7650.0,601,4749,0.1922,0.000677
2026-08-20 10:03:47,SPX,7685.1,7728.5,7725.0,1460,956,0.1489,0.000677
2026-08-20 10:03:47,SPX,7685.1,7728.5,7645.0,34,4293,0.197,0.000677
2026-08-20 10:03:47,SPX,7685.1,7728.5,7730.0,1104,705,0.15,0.000677
2026-08-20 10:03:47,SPX,7685.1,7728.5,7640.0,118,1914,0.202,0.000677
2026-08-20 10:03:47,SPX,7685.1,7728.5,7735.0,1039,602,0.1518,0.000677
2026-08-20 10:03:47,SPX,7685.1,7728.5,7635.0,64,2360,0.2073,0.000677
2026-08-20 10:03:47,SPX,7685.1,7728.5,7740.0,2438,735,0.1543,0.000677
2026-08-20 10:03:47,SPX,7685.1,7728.5,7630.0,152,1671,0.2123,0.000677
2026-08-20 10:03:47,SPX,7685.1,7728.5,7745.0,2092,356,0.1577,0.000677
2026-08-20 10:03:47,SPX,7685.1,7728.5,7625.0,187,2860,0.2176,0.000677
2026-08-20 10:03:47,SPX,7685.1,7728.5,7750.0,2597,2057,0.162,0.000677
2026-08-20 10:03:47,SPX,7685.1,7728.5,7620.0,71,3498,0.2228,0.000677
2026-08-20 10:03:47,SPX,7685.1,7728.5,7755.0,4019,546,0.1671,0.000677
2026-08-20 10:03:47,SPX,7685.1,7728.5,7615.0,96,1008,0.2286,0.000677
2026-08-20 10:03:47,SPX,7685.1,7728.5,7760.0,5014,260,0.1729,0.000677
2026-08-20 10:03:47,SPX,7685.1,7728.5,7610.0,40,1696,0.2349,0.000677
2026-08-20 10:03:47,SPX,7685.1,7728.5,7765.0,1600,250,0.1793,0.000677
2026-08-20 10:03:47,SPX,7685.1,7728.5,7605.0,154,1517,0.2404,0.000677
2026-08-20 10:03:47,SPX,7685.1,7728.5,7770.0,3038,300,0.1861,0.000677
2026-08-20 10:03:47,SPX,7685.1,7728.5,7600.0,295,3191,0.2457,0.000677
2026-08-20 10:03:47,SPX,7685.1,7728.5,7775.0,3527,298,0.1928,0.000677
2026-08-20 10:03:47,SPX,7685.1,7728.5,7595.0,34,1449,0.2501,0.000677
2026-08-20 10:03:47,SPX,7685.1,7728.5,7780.0,2197,360,0.1996,0.000677
2026-08-20 10:03:47,SPX,7685.1,7728.5,7590.0,53,1389,0.2551,0.000677
2026-08-20 10:03:47,SPX,7685.1,7728.5,7785.0,2111,194,0.2065,0.000677
2026-08-20 10:03:47,SPX,7685.1,7728.5,7585.0,1,10667,0.2616,0.000677
2026-08-20 10:03:47,SPX,7685.1,7728.5,7790.0,1298,222,0.2137,0.000677
2026-08-20 10:03:47,SPX,7685.1,7728.5,7580.0,129,797,0.2691,0.000677
2026-08-20 10:03:47,SPX,7685.1,7728.5,7795.0,829,205,0.2214,0.000677
2026-08-20 10:03:47,SPX,7685.1,7728.5,7575.0,238,1146,0.2766,0.000677
2026-08-20 10:03:47,SPX,7685.1,7728.5,7800.0,3340,289,0.2295,0.000677
2026-08-20 10:03:47,SPX,7685.1,7728.5,7570.0,39,4298,0.2837,0.000677
2026-08-20 10:03:47,SPX,7685.1,7728.5,7805.0,3923,241,0.2381,0.000677
2026-08-20 10:03:47,SPX,7685.1,7728.5,7565.0,54,4039,0.2905,0.000677
2026-08-20 10:03:47,SPX,7685.1,7728.5,7810.0,1727,87,0.2466,0.000677
2026-08-20 10:03:47,SPX,7685.1,7728.5,7685.0,468,3622,0.1287,0.003415
2026-08-20 10:03:47,SPX,7685.1,7728.5,7690.0,380,1216,0.1271,0.003415
2026-08-20 10:03:47,SPX,7685.1,7728.5,7680.0,494,1252,0.1303,0.003415
2026-08-20 10:03:47,SPX,7685.1,7728.5,7695.0,487,2005,0.1252,0.003415
2026-08-20 10:03:47,SPX,7685.1,7728.5,7675.0,494,1199,0.132,0.003415
2026-08-20 10:03:47,SPX,7685.1,7728.5,7700.0,2603,3382,0.1234,0.003415
2026-08-20 10:03:47,SPX,7685.1,7728.5,7670.0,363,1520,0.1343,0.003415
2026-08-20 10:03:47,SPX,7685.1,7728.5,7705.0,613,1194,0.1216,0.003415
2026-08-20 10:03:47,SPX,7685.1,7728.5,7665.0,124,2717,0.136,0.003415
2026-08-20 10:03:47,SPX,7685.1,7728.5,7710.0,628,1147,0.1206,0.003415
2026-08-20 10:03:47,SPX,7685.1,7728.5,7660.0,1056,1244,0.1381,0.003415
2026-08-20 10:03:47,SPX,7685.1,7728.5,7715.0,1054,1154,0.1197,0.003415
2026-08-20 10:03:47,SPX,7685.1,7728.5,7655.0,137,1120,0.1406,0.003415
2026-08-20 10:03:47,SPX,7685.1,7728.5,7720.0,1599,1023,0.1186,0.003415
2026-08-20 10:03:47,SPX,7685.1,7728.5,7650.0,1004,4016,0.1431,0.003415
2026-08-20 10:03:47,SPX,7685.1,7728.5,7725.0,1140,1483,0.1176,0.003415
2026-08-20 10:03:47,SPX,7685.1,7728.5,7645.0,167,1204,0.145,0.003415
2026-08-20 10:03:47,SPX,7685.1,7728.5,7730.0,1069,1009,0.1162,0.003415
2026-08-20 10:03:47,SPX,7685.1,7728.5,7640.0,503,6505,0.1475,0.003415
2026-08-20 10:03:47,SPX,7685.1,7728.5,7735.0,510,553,0.1151,0.003415
2026-08-20 10:03:47,SPX,7685.1,7728.5,7635.0,415,1245,0.1498,0.003415
2026-08-20 10:03:47,SPX,7685.1,7728.5,7740.0,864,551,0.1145,0.003415
2026-08-20 10:03:47,SPX,7685.1,7728.5,7630.0,243,2000,0.152,0.003415
2026-08-20 10:03:47,SPX,7685.1,7728.5,7745.0,915,950,0.1137,0.003415
2026-08-20 10:03:47,SPX,7685.1,7728.5,7625.0,677,2793,0.1549,0.003415
2026-08-20 10:03:47,SPX,7685.1,7728.5,7750.0,4440,2804,0.1129,0.003415
2026-08-20 10:03:47,SPX,7685.1,7728.5,7620.0,442,3110,0.1559,0.003415
2026-08-20 10:03:47,SPX,7685.1,7728.5,7755.0,1264,635,0.1125,0.003415
2026-08-20 10:03:47,SPX,7685.1,7728.5,7615.0,192,870,0.1579,0.003415
2026-08-20 10:03:47,SPX,7685.1,7728.5,7760.0,1294,753,0.1124,0.003415
2026-08-20 10:03:47,SPX,7685.1,7728.5,7610.0,441,944,0.1602,0.003415
2026-08-20 10:03:47,SPX,7685.1,7728.5,7765.0,1301,406,0.1127,0.003415
2026-08-20 10:03:47,SPX,7685.1,7728.5,7605.0,239,833,0.1621,0.003415
2026-08-20 10:03:47,SPX,7685.1,7728.5,7770.0,1714,625,0.1133,0.003415
2026-08-20 10:03:47,SPX,7685.1,7728.5,7600.0,1767,6121,0.1646,0.003415
2026-08-20 10:03:47,SPX,7685.1,7728.5,7775.0,2578,953,0.1141,0.003415
2026-08-20 10:03:47,SPX,7685.1,7728.5,7595.0,162,677,0.1671,0.003415
2026-08-20 10:03:47,SPX,7685.1,7728.5,7780.0,1599,1119,0.1148,0.003415
2026-08-20 10:03:47,SPX,7685.1,7728.5,7590.0,316,4457,0.1704,0.003415
2026-08-20 10:03:47,SPX,7685.1,7728.5,7785.0,2313,676,0.1156,0.003415
2026-08-20 10:03:47,SPX,7685.1,7728.5,7585.0,298,620,0.1711,0.003415
2026-08-20 10:03:47,SPX,7685.1,7728.5,7790.0,1501,525,0.1165,0.003415
2026-08-20 10:03:47,SPX,7685.1,7728.5,7580.0,1351,1215,0.1724,0.003415
2026-08-20 10:03:47,SPX,7685.1,7728.5,7795.0,789,263,0.1174,0.003415
2026-08-20 10:03:47,SPX,7685.1,7728.5,7575.0,1645,871,0.176,0.003415
2026-08-20 10:03:47,SPX,7685.1,7728.5,7800.0,5359,2039,0.1185,0.003415
2026-08-20 10:03:47,SPX,7685.1,7728.5,7570.0,238,662,0.1766,0.003415
2026-08-20 10:03:47,SPX,7685.1,7728.5,7805.0,1043,323,0.1197,0.003415
2026-08-20 10:03:47,SPX,7685.1,7728.5,7565.0,147,965,0.1801,0.003415
2026-08-20 10:03:47,SPX,7685.1,7728.5,7810.0,1541,266,0.1211,0.003415
2026-08-20 10:03:47,SPX,7685.1,7728.5,7685.0,54,167,0.15,0.011629
2026-08-20 10:03:47,SPX,7685.1,7728.5,7690.0,95,1077,0.15,0.011629
2026-08-20 10:03:47,SPX,7685.1,7728.5,7680.0,169,498,0.15,0.011629
2026-08-20 10:03:47,SPX,7685.1,7728.5,7695.0,102,171,0.15,0.011629
2026-08-20 10:03:47,SPX,7685.1,7728.5,7675.0,163,443,0.15,0.011629
2026-08-20 10:03:47,SPX,7685.1,7728.5,7700.0,542,4254,0.15,0.011629
2026-08-20 10:03:47,SPX,7685.1,7728.5,7670.0,59,846,0.15,0.011629
2026-08-20 10:03:47,SPX,7685.1,7728.5,7705.0,133,272,0.15,0.011629
2026-08-20 10:03:47,SPX,7685.1,7728.5,7665.0,68,534,0.15,0.011629
2026-08-20 10:03:47,SPX,7685.1,7728.5,7710.0,151,369,0.15,0.011629
2026-08-20 10:03:47,SPX,7685.1,7728.5,7660.0,93,0,0.1007,0.011629
2026-08-20 10:03:47,SPX,7685.1,7728.5,7655.0,18,0,0.1021,0.011629
2026-08-20 10:03:47,SPX,7685.1,7728.5,7720.0,443,374,0.0882,0.011629
2026-08-20 10:03:47,SPX,7685.1,7728.5,7650.0,0,1213,0.1035,0.011629
2026-08-20 10:03:47,SPX,7685.1,7728.5,7725.0,549,0,0.0872,0.011629
2026-08-20 10:03:47,SPX,7685.1,7728.5,7730.0,0,189,0.0863,0.011629
2026-08-20 10:03:47,SPX,7685.1,7728.5,7640.0,0,621,0.106,0.011629
2026-08-20 10:03:47,SPX,7685.1,7728.5,7735.0,0,224,0.0855,0.011629
2026-08-20 10:03:47,SPX,7685.1,7728.5,7635.0,11,307,0.1072,0.011629
2026-08-20 10:03:47,SPX,7685.1,7728.5,7740.0,872,998,0.0849,0.011629
2026-08-20 10:03:47,SPX,7685.1,7728.5,7630.0,138,1777,0.1083,0.011629
2026-08-20 10:03:47,SPX,7685.1,7728.5,7745.0,160,183,0.0843,0.011629
2026-08-20 10:03:47,SPX,7685.1,7728.5,7625.0,599,751,0.1098,0.011629
2026-08-20 10:03:47,SPX,7685.1,7728.5,7750.0,927,1777,0.0839,0.011629
2026-08-20 10:03:47,SPX,7685.1,7728.5,7620.0,54,1490,0.1111,0.011629
2026-08-20 10:03:47,SPX,7685.1,7728.5,7755.0,277,221,0.0835,0.011629
2026-08-20 10:03:47,SPX,7685.1,7728.5,7615.0,21,1444,0.1127,0.011629
2026-08-20 10:03:47,SPX,7685.1,7728.5,7760.0,381,335,0.083,0.011629
2026-08-20 10:03:47,SPX,7685.1,7728.5,7610.0,68,425,0.1134,0.011629
2026-08-20 10:03:47,SPX,7685.1,7728.5,7765.0,309,143,0.0826,0.011629
2026-08-20 10:03:47,SPX,7685.1,7728.5,7605.0,42,454,0.1147,0.011629
2026-08-20 10:03:47,SPX,7685.1,7728.5,7770.0,487,253,0.0822,0.011629
2026-08-20 10:03:47,SPX,7685.1,7728.5,7600.0,410,4182,0.1162,0.011629
2026-08-20 10:03:47,SPX,7685.1,7728.5,7775.0,770,202,0.0817,0.011629
2026-08-20 10:03:47,SPX,7685.1,7728.5,7595.0,2,412,0.1175,0.011629
2026-08-20 10:03:47,SPX,7685.1,7728.5,7780.0,361,217,0.0813,0.011629
2026-08-20 10:03:47,SPX,7685.1,7728.5,7590.0,41,620,0.1188,0.011629
2026-08-20 10:03:47,SPX,7685.1,7728.5,7785.0,243,133,0.081,0.011629
2026-08-20 10:03:47,SPX,7685.1,7728.5,7585.0,4,6196,0.1203,0.011629
2026-08-20 10:03:47,SPX,7685.1,7728.5,7790.0,503,134,0.0807,0.011629
2026-08-20 10:03:47,SPX,7685.1,7728.5,7580.0,108,332,0.1218,0.011629
2026-08-20 10:03:47,SPX,7685.1,7728.5,7795.0,224,186,0.0806,0.011629
2026-08-20 10:03:47,SPX,7685.1,7728.5,7575.0,331,6826,0.1232,0.011629
2026-08-20 10:03:47,SPX,7685.1,7728.5,7800.0,1319,637,0.0806,0.011629
2026-08-20 10:03:47,SPX,7685.1,7728.5,7570.0,96,221,0.1244,0.011629
2026-08-20 10:03:47,SPX,7685.1,7728.5,7805.0,715,108,0.0808,0.011629
2026-08-20 10:03:47,SPX,7685.1,7728.5,7565.0,6,205,0.1256,0.011629
2026-08-20 10:03:47,SPX,7685.1,7728.5,7810.0,366,114,0.0811,0.011629
2026-08-20 10:33:50,SPX,7681.81,7728.57,7680.0,151,1657,0.1563,0.00062
2026-08-20 10:33:50,SPX,7681.81,7728.57,7685.0,165,1479,0.1531,0.00062
2026-08-20 10:33:50,SPX,7681.81,7728.57,7675.0,248,2900,0.1594,0.00062
2026-08-20 10:33:50,SPX,7681.81,7728.57,7690.0,241,1524,0.1499,0.00062
2026-08-20 10:33:50,SPX,7681.81,7728.57,7670.0,145,1635,0.163,0.00062
2026-08-20 10:33:50,SPX,7681.81,7728.57,7695.0,413,1964,0.147,0.00062
2026-08-20 10:33:50,SPX,7681.81,7728.57,7665.0,145,1673,0.1667,0.00062
2026-08-20 10:33:50,SPX,7681.81,7728.57,7700.0,1410,3332,0.1443,0.00062
2026-08-20 10:33:50,SPX,7681.81,7728.57,7660.0,314,2452,0.171,0.00062
2026-08-20 10:33:50,SPX,7681.81,7728.57,7705.0,562,1314,0.1429,0.00062
2026-08-20 10:33:50,SPX,7681.81,7728.57,7655.0,40,1205,0.1741,0.00062
2026-08-20 10:33:50,SPX,7681.81,7728.57,7710.0,921,1295,0.1425,0.00062
2026-08-20 10:33:50,SPX,7681.81,7728.57,7650.0,601,4749,0.1777,0.00062
2026-08-20 10:33:50,SPX,7681.81,7728.57,7715.0,917,1178,0.1426,0.00062
2026-08-20 10:33:50,SPX,7681.81,7728.57,7645.0,34,4293,0.1819,0.00062
2026-08-20 10:33:50,SPX,7681.81,7728.57,7720.0,725,828,0.1431,0.00062
2026-08-20 10:33:50,SPX,7681.81,7728.57,7640.0,118,1914,0.187,0.00062
2026-08-20 10:33:50,SPX,7681.81,7728.57,7725.0,1460,956,0.144,0.00062
2026-08-20 10:33:50,SPX,7681.81,7728.57,7635.0,64,2360,0.1909,0.00062
2026-08-20 10:33:50,SPX,7681.81,7728.57,7730.0,1104,705,0.1458,0.00062
2026-08-20 10:33:50,SPX,7681.81,7728.57,7630.0,152,1671,0.1956,0.00062
2026-08-20 10:33:50,SPX,7681.81,7728.57,7735.0,1039,602,0.1488,0.00062
2026-08-20 10:33:50,SPX,7681.81,7728.57,7625.0,187,2860,0.2011,0.00062
2026-08-20 10:33:50,SPX,7681.81,7728.57,7740.0,2438,735,0.1531,0.00062
2026-08-20 10:33:50,SPX,7681.81,7728.57,7620.0,71,3498,0.2075,0.00062
2026-08-20 10:33:50,SPX,7681.81,7728.57,7745.0,2092,356,0.1585,0.00062
2026-08-20 10:33:50,SPX,7681.81,7728.57,7615.0,96,1008,0.2134,0.00062
2026-08-20 10:33:50,SPX,7681.81,7728.57,7750.0,2597,2057,0.1648,0.00062
2026-08-20 10:33:50,SPX,7681.81,7728.57,7610.0,40,1696,0.219,0.00062
2026-08-20 10:33:50,SPX,7681.81,7728.57,7755.0,4019,546,0.1718,0.00062
2026-08-20 10:33:50,SPX,7681.81,7728.57,7605.0,154,1517,0.2252,0.00062
2026-08-20 10:33:50,SPX,7681.81,7728.57,7760.0,5014,260,0.1791,0.00062
2026-08-20 10:33:50,SPX,7681.81,7728.57,7600.0,295,3191,0.23,0.00062
2026-08-20 10:33:50,SPX,7681.81,7728.57,7765.0,1600,250,0.1867,0.00062
2026-08-20 10:33:50,SPX,7681.81,7728.57,7595.0,34,1449,0.2353,0.00062
2026-08-20 10:33:50,SPX,7681.81,7728.57,7770.0,3038,300,0.1944,0.00062
2026-08-20 10:33:50,SPX,7681.81,7728.57,7590.0,53,1389,0.2409,0.00062
2026-08-20 10:33:50,SPX,7681.81,7728.57,7775.0,3527,298,0.2022,0.00062
2026-08-20 10:33:50,SPX,7681.81,7728.57,7585.0,1,10667,0.2479,0.00062
2026-08-20 10:33:50,SPX,7681.81,7728.57,7780.0,2197,360,0.2103,0.00062
2026-08-20 10:33:50,SPX,7681.81,7728.57,7580.0,129,797,0.2562,0.00062
2026-08-20 10:33:50,SPX,7681.81,7728.57,7785.0,2111,194,0.2186,0.00062
2026-08-20 10:33:50,SPX,7681.81,7728.57,7575.0,238,1146,0.2646,0.00062
2026-08-20 10:33:50,SPX,7681.81,7728.57,7790.0,1298,222,0.2273,0.00062
2026-08-20 10:33:50,SPX,7681.81,7728.57,7570.0,39,4298,0.2725,0.00062
2026-08-20 10:33:50,SPX,7681.81,7728.57,7795.0,829,205,0.2361,0.00062
2026-08-20 10:33:50,SPX,7681.81,7728.57,7565.0,54,4039,0.2799,0.00062
2026-08-20 10:33:50,SPX,7681.81,7728.57,7800.0,3340,289,0.2449,0.00062
2026-08-20 10:33:50,SPX,7681.81,7728.57,7560.0,44,1642,0.2871,0.00062
2026-08-20 10:33:50,SPX,7681.81,7728.57,7805.0,3923,241,0.2533,0.00062
2026-08-20 10:33:50,SPX,7681.81,7728.57,7680.0,494,1252,0.1283,0.003358
2026-08-20 10:33:50,SPX,7681.81,7728.57,7685.0,468,3622,0.1266,0.003358
2026-08-20 10:33:50,SPX,7681.81,7728.57,7675.0,494,1199,0.1301,0.003358
2026-08-20 10:33:50,SPX,7681.81,7728.57,7690.0,380,1216,0.1253,0.003358
2026-08-20 10:33:50,SPX,7681.81,7728.57,7670.0,363,1520,0.1319,0.003358
2026-08-20 10:33:50,SPX,7681.81,7728.57,7695.0,487,2005,0.123,0.003358
2026-08-20 10:33:50,SPX,7681.81,7728.57,7665.0,124,2717,0.1338,0.003358
2026-08-20 10:33:50,SPX,7681.81,7728.57,7700.0,2603,3382,0.1218,0.003358
2026-08-20 10:33:50,SPX,7681.81,7728.57,7660.0,1056,1244,0.1357,0.003358
2026-08-20 10:33:50,SPX,7681.81,7728.57,7705.0,613,1194,0.1203,0.003358
2026-08-20 10:33:50,SPX,7681.81,7728.57,7655.0,137,1120,0.1381,0.003358
2026-08-20 10:33:50,SPX,7681.81,7728.57,7710.0,628,1147,0.1192,0.003358
2026-08-20 10:33:50,SPX,7681.81,7728.57,7650.0,1004,4016,0.1404,0.003358
2026-08-20 10:33:50,SPX,7681.81,7728.57,7715.0,1054,1154,0.1182,0.003358
2026-08-20 10:33:50,SPX,7681.81,7728.57,7645.0,167,1204,0.1426,0.003358
2026-08-20 10:33:50,SPX,7681.81,7728.57,7720.0,1599,1023,0.1168,0.003358
2026-08-20 10:33:50,SPX,7681.81,7728.57,7640.0,503,6505,0.1451,0.003358
2026-08-20 10:33:50,SPX,7681.81,7728.57,7725.0,1140,1483,0.1152,0.003358
2026-08-20 10:33:50,SPX,7681.81,7728.57,7635.0,415,1245,0.1469,0.003358
2026-08-20 10:33:50,SPX,7681.81,7728.57,7730.0,1069,1009,0.114,0.003358
2026-08-20 10:33:50,SPX,7681.81,7728.57,7630.0,243,2000,0.1492,0.003358
2026-08-20 10:33:50,SPX,7681.81,7728.57,7735.0,510,553,0.1133,0.003358
2026-08-20 10:33:50,SPX,7681.81,7728.57,7625.0,677,2793,0.1525,0.003358
2026-08-20 10:33:50,SPX,7681.81,7728.57,7740.0,864,551,0.1128,0.003358
2026-08-20 10:33:50,SPX,7681.81,7728.57,7620.0,442,3110,0.1544,0.003358
2026-08-20 10:33:50,SPX,7681.81,7728.57,7745.0,915,950,0.1125,0.003358
2026-08-20 10:33:50,SPX,7681.81,7728.57,7615.0,192,870,0.155,0.003358
2026-08-20 10:33:50,SPX,7681.81,7728.57,7750.0,4440,2804,0.1125,0.003358
2026-08-20 10:33:50,SPX,7681.81,7728.57,7610.0,441,944,0.1567,0.003358
2026-08-20 10:33:50,SPX,7681.81,7728.57,7755.0,1264,635,0.1127,0.003358
2026-08-20 10:33:50,SPX,7681.81,7728.57,7605.0,239,833,0.1591,0.003358
2026-08-20 10:33:50,SPX,7681.81,7728.57,7760.0,1294,753,0.1129,0.003358
2026-08-20 10:33:50,SPX,7681.81,7728.57,7600.0,1767,6121,0.1624,0.003358
2026-08-20 10:33:50,SPX,7681.81,7728.57,7765.0,1301,406,0.1133,0.003358
2026-08-20 10:33:50,SPX,7681.81,7728.57,7595.0,162,677,0.1635,0.003358
2026-08-20 10:33:50,SPX,7681.81,7728.57,7770.0,1714,625,0.1136,0.003358
2026-08-20 10:33:50,SPX,7681.81,7728.57,7590.0,316,4457,0.1658,0.003358
2026-08-20 10:33:50,SPX,7681.81,7728.57,7775.0,2578,953,0.114,0.003358
2026-08-20 10:33:50,SPX,7681.81,7728.57,7585.0,298,620,0.1689,0.003358
2026-08-20 10:33:50,SPX,7681.81,7728.57,7780.0,1599,1119,0.1146,0.003358
2026-08-20 10:33:50,SPX,7681.81,7728.57,7580.0,1351,1215,0.1696,0.003358
2026-08-20 10:33:50,SPX,7681.81,7728.57,7785.0,2313,676,0.1154,0.003358
2026-08-20 10:33:50,SPX,7681.81,7728.57,7575.0,1645,871,0.1723,0.003358
2026-08-20 10:33:50,SPX,7681.81,7728.57,7790.0,1501,525,0.1164,0.003358
2026-08-20 10:33:50,SPX,7681.81,7728.57,7570.0,238,662,0.1741,0.003358
2026-08-20 10:33:50,SPX,7681.81,7728.57,7795.0,789,263,0.1176,0.003358
2026-08-20 10:33:50,SPX,7681.81,7728.57,7565.0,147,965,0.1773,0.003358
2026-08-20 10:33:50,SPX,7681.81,7728.57,7800.0,5359,2039,0.1191,0.003358
2026-08-20 10:33:50,SPX,7681.81,7728.57,7560.0,619,1030,0.1791,0.003358
2026-08-20 10:33:50,SPX,7681.81,7728.57,7805.0,1043,323,0.1209,0.003358
2026-08-20 10:33:50,SPX,7681.81,7728.57,7680.0,169,498,0.0942,0.011572
2026-08-20 10:33:50,SPX,7681.81,7728.57,7685.0,54,167,0.0932,0.011572
2026-08-20 10:33:50,SPX,7681.81,7728.57,7675.0,163,443,0.0957,0.011572
2026-08-20 10:33:50,SPX,7681.81,7728.57,7690.0,95,1077,0.0923,0.011572
2026-08-20 10:33:50,SPX,7681.81,7728.57,7670.0,59,846,0.0971,0.011572
2026-08-20 10:33:50,SPX,7681.81,7728.57,7695.0,102,171,0.0913,0.011572
2026-08-20 10:33:50,SPX,7681.81,7728.57,7665.0,68,534,0.098,0.011572
2026-08-20 10:33:50,SPX,7681.81,7728.57,7700.0,542,4254,0.0904,0.011572
2026-08-20 10:33:50,SPX,7681.81,7728.57,7660.0,93,390,0.099,0.011572
2026-08-20 10:33:50,SPX,7681.81,7728.57,7705.0,133,272,0.0895,0.011572
2026-08-20 10:33:50,SPX,7681.81,7728.57,7655.0,18,189,0.1005,0.011572
2026-08-20 10:33:50,SPX,7681.81,7728.57,7710.0,151,369,0.0886,0.011572
2026-08-20 10:33:50,SPX,7681.81,7728.57,7650.0,222,1213,0.1021,0.011572
2026-08-20 10:33:50,SPX,7681.81,7728.57,7715.0,127,311,0.0878,0.011572
2026-08-20 10:33:50,SPX,7681.81,7728.57,7645.0,21,187,0.1032,0.011572
2026-08-20 10:33:50,SPX,7681.81,7728.57,7720.0,443,374,0.0868,0.011572
2026-08-20 10:33:50,SPX,7681.81,7728.57,7640.0,128,621,0.1041,0.011572
2026-08-20 10:33:50,SPX,7681.81,7728.57,7725.0,549,715,0.0857,0.011572
2026-08-20 10:33:50,SPX,7681.81,7728.57,7635.0,11,307,0.105,0.011572
2026-08-20 10:33:50,SPX,7681.81,7728.57,7730.0,262,189,0.0848,0.011572
2026-08-20 10:33:50,SPX,7681.81,7728.57,7630.0,138,1777,0.1064,0.011572
2026-08-20 10:33:50,SPX,7681.81,7728.57,7735.0,160,224,0.084,0.011572
2026-08-20 10:33:50,SPX,7681.81,7728.57,7625.0,599,751,0.1076,0.011572
2026-08-20 10:33:50,SPX,7681.81,7728.57,7740.0,872,998,0.0835,0.011572
2026-08-20 10:33:50,SPX,7681.81,7728.57,7620.0,54,1490,0.1089,0.011572
2026-08-20 10:33:50,SPX,7681.81,7728.57,7745.0,160,183,0.083,0.011572
2026-08-20 10:33:50,SPX,7681.81,7728.57,7615.0,21,1444,0.1104,0.011572
2026-08-20 10:33:50,SPX,7681.81,7728.57,7750.0,927,1777,0.0826,0.011572
2026-08-20 10:33:50,SPX,7681.81,7728.57,7610.0,68,425,0.1119,0.011572
2026-08-20 10:33:50,SPX,7681.81,7728.57,7755.0,277,221,0.0822,0.011572
2026-08-20 10:33:50,SPX,7681.81,7728.57,7605.0,42,454,0.1126,0.011572
2026-08-20 10:33:50,SPX,7681.81,7728.57,7760.0,381,335,0.0818,0.011572
2026-08-20 10:33:50,SPX,7681.81,7728.57,7600.0,410,4182,0.1141,0.011572
2026-08-20 10:33:50,SPX,7681.81,7728.57,7765.0,309,143,0.0814,0.011572
2026-08-20 10:33:50,SPX,7681.81,7728.57,7595.0,2,412,0.115,0.011572
2026-08-20 10:33:50,SPX,7681.81,7728.57,7770.0,487,253,0.0811,0.011572
2026-08-20 10:33:50,SPX,7681.81,7728.57,7590.0,41,620,0.1165,0.011572
2026-08-20 10:33:50,SPX,7681.81,7728.57,7775.0,770,202,0.0807,0.011572
2026-08-20 10:33:50,SPX,7681.81,7728.57,7585.0,4,6196,0.1182,0.011572
2026-08-20 10:33:50,SPX,7681.81,7728.57,7780.0,361,217,0.0804,0.011572
2026-08-20 10:33:50,SPX,7681.81,7728.57,7580.0,108,332,0.1197,0.011572
2026-08-20 10:33:50,SPX,7681.81,7728.57,7785.0,243,133,0.0801,0.011572
2026-08-20 10:33:50,SPX,7681.81,7728.57,7575.0,331,6826,0.121,0.011572
2026-08-20 10:33:50,SPX,7681.81,7728.57,7790.0,503,134,0.08,0.011572
2026-08-20 10:33:50,SPX,7681.81,7728.57,7570.0,96,221,0.1222,0.011572
2026-08-20 10:33:50,SPX,7681.81,7728.57,7795.0,224,186,0.08,0.011572
2026-08-20 10:33:50,SPX,7681.81,7728.57,7565.0,6,205,0.1235,0.011572
2026-08-20 10:33:50,SPX,7681.81,7728.57,7800.0,1319,637,0.0801,0.011572
2026-08-20 10:33:50,SPX,7681.81,7728.57,7560.0,111,263,0.1246,0.011572
2026-08-20 10:33:50,SPX,7681.81,7728.57,7805.0,715,108,0.0804,0.011572
2026-08-20 11:04:10,SPX,7696.2,7726.54,7695.0,413,1964,0.1495,0.000562
2026-08-20 11:04:10,SPX,7696.2,7726.54,7700.0,1410,3332,0.1465,0.000562
2026-08-20 11:04:10,SPX,7696.2,7726.54,7690.0,241,1524,0.152,0.000562
2026-08-20 11:04:10,SPX,7696.2,7726.54,7705.0,562,1314,0.1445,0.000562
2026-08-20 11:04:10,SPX,7696.2,7726.54,7685.0,165,1479,0.1562,0.000562
2026-08-20 11:04:10,SPX,7696.2,7726.54,7710.0,921,1295,0.142,0.000562
2026-08-20 11:04:10,SPX,7696.2,7726.54,7680.0,151,1657,0.1595,0.000562
2026-08-20 11:04:10,SPX,7696.2,7726.54,7715.0,917,1178,0.1407,0.000562
2026-08-20 11:04:10,SPX,7696.2,7726.54,7675.0,248,2900,0.1634,0.000562
2026-08-20 11:04:10,SPX,7696.2,7726.54,7720.0,725,828,0.1401,0.000562
2026-08-20 11:04:10,SPX,7696.2,7726.54,7670.0,145,1635,0.1669,0.000562
2026-08-20 11:04:10,SPX,7696.2,7726.54,7725.0,1460,956,0.1406,0.000562
2026-08-20 11:04:10,SPX,7696.2,7726.54,7665.0,145,1673,0.1705,0.000562
2026-08-20 11:04:10,SPX,7696.2,7726.54,7730.0,1104,705,0.1424,0.000562
2026-08-20 11:04:10,SPX,7696.2,7726.54,7660.0,314,2452,0.1744,0.000562
2026-08-20 11:04:10,SPX,7696.2,7726.54,7735.0,1039,602,0.1452,0.000562
2026-08-20 11:04:10,SPX,7696.2,7726.54,7655.0,40,1205,0.1778,0.000562
2026-08-20 11:04:10,SPX,7696.2,7726.54,7740.0,2438,735,0.1485,0.000562
2026-08-20 11:04:10,SPX,7696.2,7726.54,7650.0,601,4749,0.1845,0.000562
2026-08-20 11:04:10,SPX,7696.2,7726.54,7745.0,2092,356,0.1528,0.000562
2026-08-20 11:04:10,SPX,7696.2,7726.54,7645.0,34,4293,0.1884,0.000562
2026-08-20 11:04:10,SPX,7696.2,7726.54,7750.0,2597,2057,0.1579,0.000562
2026-08-20 11:04:10,SPX,7696.2,7726.54,7640.0,118,1914,0.195,0.000562
2026-08-20 11:04:10,SPX,7696.2,7726.54,7755.0,4019,546,0.1637,0.000562
2026-08-20 11:04:10,SPX,7696.2,7726.54,7635.0,64,2360,0.2007,0.000562
2026-08-20 11:04:10,SPX,7696.2,7726.54,7760.0,5014,260,0.1701,0.000562
2026-08-20 11:04:10,SPX,7696.2,7726.54,7630.0,152,1671,0.2056,0.000562
2026-08-20 11:04:10,SPX,7696.2,7726.54,7765.0,1600,250,0.1769,0.000562
2026-08-20 11:04:10,SPX,7696.2,7726.54,7625.0,187,2860,0.2118,0.000562
2026-08-20 11:04:10,SPX,7696.2,7726.54,7770.0,3038,300,0.1841,0.000562
2026-08-20 11:04:10,SPX,7696.2,7726.54,7620.0,71,3498,0.2187,0.000562
2026-08-20 11:04:10,SPX,7696.2,7726.54,7775.0,3527,298,0.1916,0.000562
2026-08-20 11:04:10,SPX,7696.2,7726.54,7615.0,96,1008,0.2243,0.000562
2026-08-20 11:04:10,SPX,7696.2,7726.54,7780.0,2197,360,0.1992,0.000562
2026-08-20 11:04:10,SPX,7696.2,7726.54,7610.0,40,1696,0.2297,0.000562
2026-08-20 11:04:10,SPX,7696.2,7726.54,7785.0,2111,194,0.2069,0.000562
2026-08-20 11:04:10,SPX,7696.2,7726.54,7605.0,154,1517,0.2364,0.000562
2026-08-20 11:04:10,SPX,7696.2,7726.54,7790.0,1298,222,0.2147,0.000562
2026-08-20 11:04:10,SPX,7696.2,7726.54,7600.0,295,3191,0.2454,0.000562
2026-08-20 11:04:10,SPX,7696.2,7726.54,7795.0,829,205,0.2226,0.000562
2026-08-20 11:04:10,SPX,7696.2,7726.54,7595.0,34,1449,0.2549,0.000562
2026-08-20 11:04:10,SPX,7696.2,7726.54,7800.0,3340,289,0.2309,0.000562
2026-08-20 11:04:10,SPX,7696.2,7726.54,7590.0,53,1389,0.2639,0.000562
2026-08-20 11:04:10,SPX,7696.2,7726.54,7805.0,3923,241,0.2394,0.000562
2026-08-20 11:04:10,SPX,7696.2,7726.54,7585.0,1,10667,0.2724,0.000562
2026-08-20 11:04:10,SPX,7696.2,7726.54,7810.0,1727,87,0.248,0.000562
2026-08-20 11:04:10,SPX,7696.2,7726.54,7580.0,129,797,0.2804,0.000562
2026-08-20 11:04:10,SPX,7696.2,7726.54,7815.0,645,51,0.2564,0.000562
2026-08-20 11:04:10,SPX,7696.2,7726.54,7575.0,238,1146,0.2884,0.000562
2026-08-20 11:04:10,SPX,7696.2,7726.54,7820.0,977,62,0.2645,0.000562
2026-08-20 11:04:10,SPX,7696.2,7726.54,7695.0,487,2005,0.1237,0.0033
2026-08-20 11:04:10,SPX,7696.2,7726.54,7700.0,2603,3382,0.1225,0.0033
2026-08-20 11:04:10,SPX,7696.2,7726.54,7690.0,380,1216,0.1267,0.0033
2026-08-20 11:04:10,SPX,7696.2,7726.54,7705.0,613,1194,0.1211,0.0033
2026-08-20 11:04:10,SPX,7696.2,7726.54,7685.0,468,3622,0.1282,0.0033
2026-08-20 11:04:10,SPX,7696.2,7726.54,7710.0,628,1147,0.1186,0.0033
2026-08-20 11:04:10,SPX,7696.2,7726.54,7680.0,494,1252,0.1309,0.0033
2026-08-20 11:04:10,SPX,7696.2,7726.54,7715.0,1054,1154,0.1172,0.0033
2026-08-20 11:04:10,SPX,7696.2,7726.54,7675.0,494,1199,0.1326,0.0033
2026-08-20 11:04:10,SPX,7696.2,7726.54,7720.0,1599,1023,0.1157,0.0033
2026-08-20 11:04:10,SPX,7696.2,7726.54,7670.0,363,1520,0.1345,0.0033
2026-08-20 11:04:10,SPX,7696.2,7726.54,7725.0,1140,1483,0.1144,0.0033
2026-08-20 11:04:10,SPX,7696.2,7726.54,7665.0,124,2717,0.1366,0.0033
2026-08-20 11:04:10,SPX,7696.2,7726.54,7730.0,1069,1009,0.1134,0.0033
2026-08-20 11:04:10,SPX,7696.2,7726.54,7660.0,1056,1244,0.1385,0.0033
2026-08-20 11:04:10,SPX,7696.2,7726.54,7735.0,510,553,0.1119,0.0033
2026-08-20 11:04:10,SPX,7696.2,7726.54,7655.0,0,1120,0.1405,0.0033
2026-08-20 11:04:10,SPX,7696.2,7726.54,7740.0,864,551,0.1105,0.0033
2026-08-20 11:04:10,SPX,7696.2,7726.54,7650.0,1004,0,0.1425,0.0033
2026-08-20 11:04:10,SPX,7696.2,7726.54,7745.0,915,950,0.1095,0.0033
2026-08-20 11:04:10,SPX,7696.2,7726.54,7645.0,167,1204,0.1455,0.0033
2026-08-20 11:04:10,SPX,7696.2,7726.54,7750.0,4440,2804,0.1089,0.0033
2026-08-20 11:04:10,SPX,7696.2,7726.54,7640.0,503,6505,0.1471,0.0033
2026-08-20 11:04:10,SPX,7696.2,7726.54,7755.0,1264,635,0.1084,0.0033
2026-08-20 11:04:10,SPX,7696.2,7726.54,7635.0,415,1245,0.1496,0.0033
2026-08-20 11:04:10,SPX,7696.2,7726.54,7760.0,1294,753,0.108,0.0033
2026-08-20 11:04:10,SPX,7696.2,7726.54,7630.0,243,2000,0.1519,0.0033
2026-08-20 11:04:10,SPX,7696.2,7726.54,7765.0,1301,406,0.1079,0.0033
2026-08-20 11:04:10,SPX,7696.2,7726.54,7625.0,677,2793,0.1558,0.0033
2026-08-20 11:04:10,SPX,7696.2,7726.54,7770.0,1714,625,0.1081,0.0033
2026-08-20 11:04:10,SPX,7696.2,7726.54,7620.0,442,3110,0.1562,0.0033
2026-08-20 11:04:10,SPX,7696.2,7726.54,7775.0,2578,953,0.1087,0.0033
2026-08-20 11:04:10,SPX,7696.2,7726.54,7615.0,192,870,0.1583,0.0033
2026-08-20 11:04:10,SPX,7696.2,7726.54,7780.0,1599,1119,0.1094,0.0033
2026-08-20 11:04:10,SPX,7696.2,7726.54,7610.0,441,944,0.1627,0.0033
2026-08-20 11:04:10,SPX,7696.2,7726.54,7785.0,2313,676,0.1105,0.0033
2026-08-20 11:04:10,SPX,7696.2,7726.54,7605.0,239,833,0.1641,0.0033
2026-08-20 11:04:10,SPX,7696.2,7726.54,7790.0,1501,525,0.1117,0.0033
2026-08-20 11:04:10,SPX,7696.2,7726.54,7600.0,1767,6121,0.1648,0.0033
2026-08-20 11:04:10,SPX,7696.2,7726.54,7795.0,789,263,0.1133,0.0033
2026-08-20 11:04:10,SPX,7696.2,7726.54,7595.0,162,677,0.1665,0.0033
2026-08-20 11:04:10,SPX,7696.2,7726.54,7800.0,5359,2039,0.1152,0.0033
2026-08-20 11:04:10,SPX,7696.2,7726.54,7590.0,316,4457,0.1701,0.0033
2026-08-20 11:04:10,SPX,7696.2,7726.54,7805.0,1043,323,0.1174,0.0033
2026-08-20 11:04:10,SPX,7696.2,7726.54,7585.0,298,620,0.1713,0.0033
2026-08-20 11:04:10,SPX,7696.2,7726.54,7810.0,1541,266,0.1197,0.0033
2026-08-20 11:04:10,SPX,7696.2,7726.54,7580.0,1351,1215,0.1736,0.0033
2026-08-20 11:04:10,SPX,7696.2,7726.54,7815.0,985,118,0.1223,0.0033
2026-08-20 11:04:10,SPX,7696.2,7726.54,7575.0,1645,871,0.1762,0.0033
2026-08-20 11:04:10,SPX,7696.2,7726.54,7820.0,2225,237,0.125,0.0033
2026-08-20 11:04:10,SPX,7696.2,7726.54,7695.0,102,171,0.0901,0.011514
2026-08-20 11:04:10,SPX,7696.2,7726.54,7700.0,542,4254,0.0891,0.011514
2026-08-20 11:04:10,SPX,7696.2,7726.54,7690.0,95,1077,0.0913,0.011514
2026-08-20 11:04:10,SPX,7696.2,7726.54,7705.0,133,272,0.0882,0.011514
2026-08-20 11:04:10,SPX,7696.2,7726.54,7685.0,54,167,0.0923,0.011514
2026-08-20 11:04:10,SPX,7696.2,7726.54,7710.0,151,369,0.0873,0.011514
2026-08-20 11:04:10,SPX,7696.2,7726.54,7680.0,169,498,0.0935,0.011514
2026-08-20 11:04:10,SPX,7696.2,7726.54,7715.0,127,311,0.0865,0.011514
2026-08-20 11:04:10,SPX,7696.2,7726.54,7675.0,163,443,0.0951,0.011514
2026-08-20 11:04:10,SPX,7696.2,7726.54,7720.0,443,374,0.0856,0.011514
2026-08-20 11:04:10,SPX,7696.2,7726.54,7670.0,59,846,0.0965,0.011514
2026-08-20 11:04:10,SPX,7696.2,7726.54,7725.0,549,715,0.0847,0.011514
2026-08-20 11:04:10,SPX,7696.2,7726.54,7665.0,68,534,0.0979,0.011514
2026-08-20 11:04:10,SPX,7696.2,7726.54,7730.0,262,189,0.0836,0.011514
2026-08-20 11:04:10,SPX,7696.2,7726.54,7660.0,93,390,0.099,0.011514
2026-08-20 11:04:10,SPX,7696.2,7726.54,7735.0,160,224,0.0825,0.011514
2026-08-20 11:04:10,SPX,7696.2,7726.54,7655.0,18,189,0.0997,0.011514
2026-08-20 11:04:10,SPX,7696.2,7726.54,7740.0,872,998,0.0814,0.011514
2026-08-20 11:04:10,SPX,7696.2,7726.54,7650.0,222,1213,0.101,0.011514
2026-08-20 11:04:10,SPX,7696.2,7726.54,7745.0,160,183,0.0806,0.011514
2026-08-20 11:04:10,SPX,7696.2,7726.54,7645.0,21,187,0.1028,0.011514
2026-08-20 11:04:10,SPX,7696.2,7726.54,7750.0,927,1777,0.0799,0.011514
2026-08-20 11:04:10,SPX,7696.2,7726.54,7640.0,128,621,0.1045,0.011514
2026-08-20 11:04:10,SPX,7696.2,7726.54,7755.0,277,221,0.0793,0.011514
2026-08-20 11:04:10,SPX,7696.2,7726.54,7635.0,11,307,0.1055,0.011514
2026-08-20 11:04:10,SPX,7696.2,7726.54,7760.0,381,335,0.0788,0.011514
2026-08-20 11:04:10,SPX,7696.2,7726.54,7630.0,138,1777,0.1062,0.011514
2026-08-20 11:04:10,SPX,7696.2,7726.54,7765.0,309,143,0.0785,0.011514
2026-08-20 11:04:10,SPX,7696.2,7726.54,7625.0,599,751,0.1075,0.011514
2026-08-20 11:04:10,SPX,7696.2,7726.54,7770.0,487,253,0.0782,0.011514
2026-08-20 11:04:10,SPX,7696.2,7726.54,7620.0,54,1490,0.1087,0.011514
2026-08-20 11:04:10,SPX,7696.2,7726.54,7775.0,770,202,0.0779,0.011514
2026-08-20 11:04:10,SPX,7696.2,7726.54,7615.0,21,1444,0.1101,0.011514
2026-08-20 11:04:10,SPX,7696.2,7726.54,7780.0,361,217,0.0775,0.011514
2026-08-20 11:04:10,SPX,7696.2,7726.54,7610.0,68,425,0.1114,0.011514
2026-08-20 11:04:10,SPX,7696.2,7726.54,7785.0,243,133,0.0772,0.011514
2026-08-20 11:04:10,SPX,7696.2,7726.54,7605.0,42,454,0.1129,0.011514
2026-08-20 11:04:10,SPX,7696.2,7726.54,7790.0,503,134,0.0769,0.011514
2026-08-20 11:04:10,SPX,7696.2,7726.54,7600.0,410,4182,0.1144,0.011514
2026-08-20 11:04:10,SPX,7696.2,7726.54,7795.0,224,186,0.0767,0.011514
2026-08-20 11:04:10,SPX,7696.2,7726.54,7595.0,2,412,0.116,0.011514
2026-08-20 11:04:10,SPX,7696.2,7726.54,7800.0,1319,637,0.0766,0.011514
2026-08-20 11:04:10,SPX,7696.2,7726.54,7590.0,41,620,0.1174,0.011514
2026-08-20 11:04:10,SPX,7696.2,7726.54,7805.0,715,108,0.0766,0.011514
2026-08-20 11:04:10,SPX,7696.2,7726.54,7585.0,4,6196,0.1188,0.011514
2026-08-20 11:04:10,SPX,7696.2,7726.54,7810.0,366,114,0.0768,0.011514
2026-08-20 11:04:10,SPX,7696.2,7726.54,7580.0,108,332,0.1202,0.011514
2026-08-20 11:04:10,SPX,7696.2,7726.54,7815.0,496,18,0.0772,0.011514
2026-08-20 11:04:10,SPX,7696.2,7726.54,7575.0,331,6826,0.1214,0.011514
2026-08-20 11:04:10,SPX,7696.2,7726.54,7820.0,597,28,0.0777,0.011514
2026-08-20 11:34:30,SPX,7681.24,7728.44,7680.0,151,1657,0.1428,0.000505
2026-08-20 11:34:30,SPX,7681.24,7728.44,7685.0,165,1479,0.1399,0.000505
2026-08-20 11:34:30,SPX,7681.24,7728.44,7675.0,248,2900,0.1457,0.000505
2026-08-20 11:34:30,SPX,7681.24,7728.44,7690.0,241,1524,0.1375,0.000505
2026-08-20 11:34:30,SPX,7681.24,7728.44,7670.0,145,1635,0.1495,0.000505
2026-08-20 11:34:30,SPX,7681.24,7728.44,7695.0,413,1964,0.1355,0.000505
2026-08-20 11:34:30,SPX,7681.24,7728.44,7665.0,145,1673,0.1527,0.000505
2026-08-20 11:34:30,SPX,7681.24,7728.44,7700.0,1410,3332,0.1342,0.000505
2026-08-20 11:34:30,SPX,7681.24,7728.44,7660.0,314,2452,0.1566,0.000505
2026-08-20 11:34:30,SPX,7681.24,7728.44,7705.0,562,1314,0.134,0.000505
2026-08-20 11:34:30,SPX,7681.24,7728.44,7655.0,40,1205,0.1605,0.000505
2026-08-20 11:34:30,SPX,7681.24,7728.44,7710.0,921,1295,0.1344,0.000505
2026-08-20 11:34:30,SPX,7681.24,7728.44,7650.0,601,4749,0.1645,0.000505
2026-08-20 11:34:30,SPX,7681.24,7728.44,7715.0,917,1178,0.1356,0.000505
2026-08-20 11:34:30,SPX,7681.24,7728.44,7645.0,34,4293,0.1703,0.000505
2026-08-20 11:34:30,SPX,7681.24,7728.44,7720.0,725,828,0.1381,0.000505
2026-08-20 11:34:30,SPX,7681.24,7728.44,7640.0,118,1914,0.1717,0.000505
2026-08-20 11:34:30,SPX,7681.24,7728.44,7725.0,1460,956,0.142,0.000505
2026-08-20 11:34:30,SPX,7681.24,7728.44,7635.0,64,2360,0.1781,0.000505
2026-08-20 11:34:30,SPX,7681.24,7728.44,7730.0,1104,705,0.1469,0.000505
2026-08-20 11:34:30,SPX,7681.24,7728.44,7630.0,152,1671,0.185,0.000505
2026-08-20 11:34:30,SPX,7681.24,7728.44,7735.0,1039,602,0.153,0.000505
2026-08-20 11:34:30,SPX,7681.24,7728.44,7625.0,187,2860,0.1903,0.000505
2026-08-20 11:34:30,SPX,7681.24,7728.44,7740.0,2438,735,0.1602,0.000505
2026-08-20 11:34:30,SPX,7681.24,7728.44,7620.0,71,3498,0.1944,0.000505
2026-08-20 11:34:30,SPX,7681.24,7728.44,7745.0,2092,356,0.1681,0.000505
2026-08-20 11:34:30,SPX,7681.24,7728.44,7615.0,96,1008,0.2,0.000505
2026-08-20 11:34:30,SPX,7681.24,7728.44,7750.0,2597,2057,0.1766,0.000505
2026-08-20 11:34:30,SPX,7681.24,7728.44,7610.0,40,1696,0.2051,0.000505
2026-08-20 11:34:30,SPX,7681.24,7728.44,7755.0,4019,546,0.1855,0.000505
2026-08-20 11:34:30,SPX,7681.24,7728.44,7605.0,154,1517,0.213,0.000505
2026-08-20 11:34:30,SPX,7681.24,7728.44,7760.0,5014,260,0.1945,0.000505
2026-08-20 11:34:30,SPX,7681.24,7728.44,7600.0,295,3191,0.2206,0.000505
2026-08-20 11:34:30,SPX,7681.24,7728.44,7765.0,1600,250,0.2036,0.000505
2026-08-20 11:34:30,SPX,7681.24,7728.44,7595.0,34,1449,0.229,0.000505
2026-08-20 11:34:30,SPX,7681.24,7728.44,7770.0,3038,300,0.2126,0.000505
2026-08-20 11:34:30,SPX,7681.24,7728.44,7590.0,0,1389,0.15,0.000505
2026-08-20 11:34:30,SPX,7681.24,7728.44,7585.0,1,10667,0.246,0.000505
2026-08-20 11:34:30,SPX,7681.24,7728.44,7780.0,2197,0,0.2303,0.000505
2026-08-20 11:34:30,SPX,7681.24,7728.44,7580.0,0,797,0.2536,0.000505
2026-08-20 11:34:30,SPX,7681.24,7728.44,7575.0,0,1146,0.2614,0.000505
2026-08-20 11:34:30,SPX,7681.24,7728.44,7570.0,39,0,0.2697,0.000505
2026-08-20 11:34:30,SPX,7681.24,7728.44,7795.0,829,205,0.2548,0.000505
2026-08-20 11:34:30,SPX,7681.24,7728.44,7565.0,54,4039,0.2783,0.000505
2026-08-20 11:34:30,SPX,7681.24,7728.44,7800.0,3340,289,0.2618,0.000505
2026-08-20 11:34:30,SPX,7681.24,7728.44,7560.0,44,1642,0.2871,0.000505
2026-08-20 11:34:30,SPX,7681.24,7728.44,7805.0,3923,241,0.2682,0.000505
2026-08-20 11:34:30,SPX,7681.24,7728.44,7680.0,494,1252,0.1266,0.003243
2026-08-20 11:34:30,SPX,7681.24,7728.44,7685.0,468,3622,0.1247,0.003243
2026-08-20 11:34:30,SPX,7681.24,7728.44,7675.0,494,1199,0.1285,0.003243
2026-08-20 11:34:30,SPX,7681.24,7728.44,7690.0,380,1216,0.1227,0.003243
2026-08-20 11:34:30,SPX,7681.24,7728.44,7670.0,363,1520,0.1305,0.003243
2026-08-20 11:34:30,SPX,7681.24,7728.44,7695.0,487,2005,0.1209,0.003243
2026-08-20 11:34:30,SPX,7681.24,7728.44,7665.0,124,2717,0.1325,0.003243
2026-08-20 11:34:30,SPX,7681.24,7728.44,7700.0,2603,3382,0.1192,0.003243
2026-08-20 11:34:30,SPX,7681.24,7728.44,7660.0,1056,1244,0.1345,0.003243
2026-08-20 11:34:30,SPX,7681.24,7728.44,7705.0,613,1194,0.1173,0.003243
2026-08-20 11:34:30,SPX,7681.24,7728.44,7655.0,137,1120,0.1365,0.003243
2026-08-20 11:34:30,SPX,7681.24,7728.44,7710.0,628,1147,0.1155,0.003243
2026-08-20 11:34:30,SPX,7681.24,7728.44,7650.0,1004,4016,0.1387,0.003243
2026-08-20 11:34:30,SPX,7681.24,7728.44,7715.0,1054,1154,0.114,0.003243
2026-08-20 11:34:30,SPX,7681.24,7728.44,7645.0,167,1204,0.1405,0.003243
2026-08-20 11:34:30,SPX,7681.24,7728.44,7720.0,1599,1023,0.1129,0.003243
2026-08-20 11:34:30,SPX,7681.24,7728.44,7640.0,503,6505,0.1426,0.003243
2026-08-20 11:34:30,SPX,7681.24,7728.44,7725.0,1140,1483,0.1122,0.003243
2026-08-20 11:34:30,SPX,7681.24,7728.44,7635.0,415,1245,0.1453,0.003243
2026-08-20 11:34:30,SPX,7681.24,7728.44,7730.0,1069,1009,0.1117,0.003243
2026-08-20 11:34:30,SPX,7681.24,7728.44,7630.0,243,2000,0.1469,0.003243
2026-08-20 11:34:30,SPX,7681.24,7728.44,7735.0,510,553,0.1113,0.003243
2026-08-20 11:34:30,SPX,7681.24,7728.44,7625.0,677,2793,0.149,0.003243
2026-08-20 11:34:30,SPX,7681.24,7728.44,7740.0,864,551,0.111,0.003243
2026-08-20 11:34:30,SPX,7681.24,7728.44,7620.0,442,3110,0.1524,0.003243
2026-08-20 11:34:30,SPX,7681.24,7728.44,7745.0,915,950,0.1107,0.003243
2026-08-20 11:34:30,SPX,7681.24,7728.44,7615.0,192,870,0.154,0.003243
2026-08-20 11:34:30,SPX,7681.24,7728.44,7750.0,4440,2804,0.1107,0.003243
2026-08-20 11:34:30,SPX,7681.24,7728.44,7610.0,441,944,0.155,0.003243
2026-08-20 11:34:30,SPX,7681.24,7728.44,7755.0,1264,635,0.1108,0.003243
2026-08-20 11:34:30,SPX,7681.24,7728.44,7605.0,239,833,0.1579,0.003243
2026-08-20 11:34:30,SPX,7681.24,7728.44,7760.0,1294,753,0.1111,0.003243
2026-08-20 11:34:30,SPX,7681.24,7728.44,7600.0,1767,6121,0.1596,0.003243
2026-08-20 11:34:30,SPX,7681.24,7728.44,7765.0,1301,406,0.1117,0.003243
2026-08-20 11:34:30,SPX,7681.24,7728.44,7595.0,162,677,0.1634,0.003243
2026-08-20 11:34:30,SPX,7681.24,7728.44,7770.0,1714,625,0.1125,0.003243
2026-08-20 11:34:30,SPX,7681.24,7728.44,7590.0,316,4457,0.1641,0.003243
2026-08-20 11:34:30,SPX,7681.24,7728.44,7775.0,2578,953,0.1137,0.003243
2026-08-20 11:34:30,SPX,7681.24,7728.44,7585.0,298,620,0.1661,0.003243
2026-08-20 11:34:30,SPX,7681.24,7728.44,7780.0,1599,1119,0.1151,0.003243
2026-08-20 11:34:30,SPX,7681.24,7728.44,7580.0,1351,1215,0.17,0.003243
2026-08-20 11:34:30,SPX,7681.24,7728.44,7785.0,2313,676,0.1168,0.003243
2026-08-20 11:34:30,SPX,7681.24,7728.44,7575.0,1645,871,0.1707,0.003243
2026-08-20 11:34:30,SPX,7681.24,7728.44,7790.0,1501,525,0.1188,0.003243
2026-08-20 11:34:30,SPX,7681.24,7728.44,7570.0,238,662,0.1742,0.003243
2026-08-20 11:34:30,SPX,7681.24,7728.44,7795.0,789,263,0.1211,0.003243
2026-08-20 11:34:30,SPX,7681.24,7728.44,7565.0,147,965,0.1756,0.003243
2026-08-20 11:34:30,SPX,7681.24,7728.44,7800.0,5359,2039,0.1236,0.003243
2026-08-20 11:34:30,SPX,7681.24,7728.44,7560.0,619,1030,0.1794,0.003243
2026-08-20 11:34:30,SPX,7681.24,7728.44,7805.0,1043,323,0.1263,0.003243
2026-08-20 11:34:30,SPX,7681.24,7728.44,7680.0,169,498,0.0928,0.011456
2026-08-20 11:34:30,SPX,7681.24,7728.44,7685.0,54,167,0.0917,0.011456
2026-08-20 11:34:30,SPX,7681.24,7728.44,7675.0,163,443,0.094,0.011456
2026-08-20 11:34:30,SPX,7681.24,7728.44,7690.0,95,1077,0.0906,0.011456
2026-08-20 11:34:30,SPX,7681.24,7728.44,7670.0,59,846,0.0953,0.011456
2026-08-20 11:34:30,SPX,7681.24,7728.44,7695.0,102,171,0.0896,0.011456
2026-08-20 11:34:30,SPX,7681.24,7728.44,7665.0,68,534,0.0964,0.011456
2026-08-20 11:34:30,SPX,7681.24,7728.44,7700.0,542,4254,0.0887,0.011456
2026-08-20 11:34:30,SPX,7681.24,7728.44,7660.0,93,390,0.098,0.011456
2026-08-20 11:34:30,SPX,7681.24,7728.44,7705.0,133,272,0.0878,0.011456
2026-08-20 11:34:30,SPX,7681.24,7728.44,7655.0,18,189,0.0993,0.011456
2026-08-20 11:34:30,SPX,7681.24,7728.44,7710.0,151,369,0.087,0.011456
2026-08-20 11:34:30,SPX,7681.24,7728.44,7650.0,222,1213,0.1002,0.011456
2026-08-20 11:34:30,SPX,7681.24,7728.44,7715.0,127,311,0.0861,0.011456
2026-08-20 11:34:30,SPX,7681.24,7728.44,7645.0,21,187,0.1012,0.011456
2026-08-20 11:34:30,SPX,7681.24,7728.44,7720.0,443,374,0.085,0.011456
2026-08-20 11:34:30,SPX,7681.24,7728.44,7640.0,128,621,0.1027,0.011456
2026-08-20 11:34:30,SPX,7681.24,7728.44,7725.0,549,715,0.084,0.011456
2026-08-20 11:34:30,SPX,7681.24,7728.44,7635.0,11,307,0.1044,0.011456
2026-08-20 11:34:30,SPX,7681.24,7728.44,7730.0,262,189,0.083,0.011456
2026-08-20 11:34:30,SPX,7681.24,7728.44,7630.0,138,1777,0.1059,0.011456
2026-08-20 11:34:30,SPX,7681.24,7728.44,7735.0,160,224,0.0823,0.011456
2026-08-20 11:34:30,SPX,7681.24,7728.44,7625.0,599,751,0.107,0.011456
2026-08-20 11:34:30,SPX,7681.24,7728.44,7740.0,872,998,0.0817,0.011456
2026-08-20 11:34:30,SPX,7681.24,7728.44,7620.0,54,1490,0.108,0.011456
2026-08-20 11:34:30,SPX,7681.24,7728.44,7745.0,160,183,0.0813,0.011456
2026-08-20 11:34:30,SPX,7681.24,7728.44,7615.0,21,1444,0.1092,0.011456
2026-08-20 11:34:30,SPX,7681.24,7728.44,7750.0,927,1777,0.081,0.011456
2026-08-20 11:34:30,SPX,7681.24,7728.44,7610.0,68,425,0.1102,0.011456
2026-08-20 11:34:30,SPX,7681.24,7728.44,7755.0,277,221,0.0807,0.011456
2026-08-20 11:34:30,SPX,7681.24,7728.44,7605.0,42,454,0.1116,0.011456
2026-08-20 11:34:30,SPX,7681.24,7728.44,7760.0,381,335,0.0803,0.011456
2026-08-20 11:34:30,SPX,7681.24,7728.44,7600.0,410,4182,0.1126,0.011456
2026-08-20 11:34:30,SPX,7681.24,7728.44,7765.0,309,143,0.08,0.011456
2026-08-20 11:34:30,SPX,7681.24,7728.44,7595.0,2,412,0.1141,0.011456
2026-08-20 11:34:30,SPX,7681.24,7728.44,7770.0,487,253,0.0796,0.011456
2026-08-20 11:34:30,SPX,7681.24,7728.44,7590.0,41,620,0.1157,0.011456
2026-08-20 11:34:30,SPX,7681.24,7728.44,7775.0,770,202,0.0793,0.011456
2026-08-20 11:34:30,SPX,7681.24,7728.44,7585.0,4,6196,0.1172,0.011456
2026-08-20 11:34:30,SPX,7681.24,7728.44,7780.0,361,217,0.079,0.011456
2026-08-20 11:34:30,SPX,7681.24,7728.44,7580.0,108,332,0.1187,0.011456
2026-08-20 11:34:30,SPX,7681.24,7728.44,7785.0,243,133,0.0789,0.011456
2026-08-20 11:34:30,SPX,7681.24,7728.44,7575.0,331,6826,0.12,0.011456
2026-08-20 11:34:30,SPX,7681.24,7728.44,7790.0,503,134,0.0788,0.011456
2026-08-20 11:34:30,SPX,7681.24,7728.44,7570.0,96,221,0.1212,0.011456
2026-08-20 11:34:30,SPX,7681.24,7728.44,7795.0,224,186,0.0789,0.011456
2026-08-20 11:34:30,SPX,7681.24,7728.44,7565.0,6,205,0.1224,0.011456
2026-08-20 11:34:30,SPX,7681.24,7728.44,7800.0,1319,637,0.0791,0.011456
2026-08-20 11:34:30,SPX,7681.24,7728.44,7560.0,111,263,0.1235,0.011456
2026-08-20 11:34:30,SPX,7681.24,7728.44,7805.0,715,108,0.0795,0.011456
2026-08-20 12:04:49,SPX,7678.46,7726.43,7680.0,151,1657,0.1336,0.000447
2026-08-20 12:04:49,SPX,7678.46,7726.43,7675.0,248,2900,0.1358,0.000447
2026-08-20 12:04:49,SPX,7678.46,7726.43,7685.0,165,1479,0.1311,0.000447
2026-08-20 12:04:49,SPX,7678.46,7726.43,7670.0,145,1635,0.1397,0.000447
2026-08-20 12:04:49,SPX,7678.46,7726.43,7690.0,241,1524,0.1293,0.000447
2026-08-20 12:04:49,SPX,7678.46,7726.43,7665.0,145,1673,0.1432,0.000447
2026-08-20 12:04:49,SPX,7678.46,7726.43,7695.0,413,1964,0.1287,0.000447
2026-08-20 12:04:49,SPX,7678.46,7726.43,7660.0,314,2452,0.147,0.000447
2026-08-20 12:04:49,SPX,7678.46,7726.43,7700.0,1410,3332,0.1293,0.000447
2026-08-20 12:04:49,SPX,7678.46,7726.43,7655.0,40,1205,0.1509,0.000447
2026-08-20 12:04:49,SPX,7678.46,7726.43,7705.0,562,1314,0.1314,0.000447
2026-08-20 12:04:49,SPX,7678.46,7726.43,7650.0,601,4749,0.1557,0.000447
2026-08-20 12:04:49,SPX,7678.46,7726.43,7710.0,921,1295,0.1352,0.000447
2026-08-20 12:04:49,SPX,7678.46,7726.43,7645.0,34,4293,0.1598,0.000447
2026-08-20 12:04:49,SPX,7678.46,7726.43,7715.0,917,1178,0.1405,0.000447
2026-08-20 12:04:49,SPX,7678.46,7726.43,7640.0,118,1914,0.163,0.000447
2026-08-20 12:04:49,SPX,7678.46,7726.43,7720.0,725,828,0.147,0.000447
2026-08-20 12:04:49,SPX,7678.46,7726.43,7635.0,64,2360,0.1703,0.000447
2026-08-20 12:04:49,SPX,7678.46,7726.43,7725.0,1460,956,0.154,0.000447
2026-08-20 12:04:49,SPX,7678.46,7726.43,7630.0,152,1671,0.1745,0.000447
2026-08-20 12:04:49,SPX,7678.46,7726.43,7730.0,1104,705,0.1611,0.000447
2026-08-20 12:04:49,SPX,7678.46,7726.43,7625.0,187,2860,0.1843,0.000447
2026-08-20 12:04:49,SPX,7678.46,7726.43,7735.0,1039,602,0.1685,0.000447
2026-08-20 12:04:49,SPX,7678.46,7726.43,7620.0,71,3498,0.1902,0.000447
2026-08-20 12:04:49,SPX,7678.46,7726.43,7740.0,2438,735,0.1765,0.000447
2026-08-20 12:04:49,SPX,7678.46,7726.43,7615.0,96,1008,0.1965,0.000447
2026-08-20 12:04:49,SPX,7678.46,7726.43,7745.0,2092,356,0.1849,0.000447
2026-08-20 12:04:49,SPX,7678.46,7726.43,7610.0,40,1696,0.2008,0.000447
2026-08-20 12:04:49,SPX,7678.46,7726.43,7750.0,2597,2057,0.1938,0.000447
2026-08-20 12:04:49,SPX,7678.46,7726.43,7605.0,154,1517,0.2086,0.000447
2026-08-20 12:04:49,SPX,7678.46,7726.43,7755.0,4019,546,0.2029,0.000447
2026-08-20 12:04:49,SPX,7678.46,7726.43,7600.0,295,3191,0.2204,0.000447
2026-08-20 12:04:49,SPX,7678.46,7726.43,7760.0,5014,260,0.2121,0.000447
2026-08-20 12:04:49,SPX,7678.46,7726.43,7595.0,34,1449,0.2317,0.000447
2026-08-20 12:04:49,SPX,7678.46,7726.43,7765.0,1600,250,0.2216,0.000447
2026-08-20 12:04:49,SPX,7678.46,7726.43,7590.0,53,1389,0.242,0.000447
2026-08-20 12:04:49,SPX,7678.46,7726.43,7770.0,3038,300,0.2314,0.000447
2026-08-20 12:04:49,SPX,7678.46,7726.43,7585.0,1,10667,0.2516,0.000447
2026-08-20 12:04:49,SPX,7678.46,7726.43,7775.0,3527,298,0.2414,0.000447
2026-08-20 12:04:49,SPX,7678.46,7726.43,7580.0,129,797,0.2607,0.000447
2026-08-20 12:04:49,SPX,7678.46,7726.43,7780.0,2197,360,0.2513,0.000447
2026-08-20 12:04:49,SPX,7678.46,7726.43,7575.0,238,1146,0.27,0.000447
2026-08-20 12:04:49,SPX,7678.46,7726.43,7785.0,2111,194,0.2607,0.000447
2026-08-20 12:04:49,SPX,7678.46,7726.43,7570.0,39,4298,0.2795,0.000447
2026-08-20 12:04:49,SPX,7678.46,7726.43,7790.0,1298,222,0.2695,0.000447
2026-08-20 12:04:49,SPX,7678.46,7726.43,7565.0,54,4039,0.2892,0.000447
2026-08-20 12:04:49,SPX,7678.46,7726.43,7795.0,829,205,0.2774,0.000447
2026-08-20 12:04:49,SPX,7678.46,7726.43,7560.0,44,1642,0.2989,0.000447
2026-08-20 12:04:49,SPX,7678.46,7726.43,7800.0,3340,289,0.2843,0.000447
2026-08-20 12:04:49,SPX,7678.46,7726.43,7555.0,24,2378,0.3087,0.000447
2026-08-20 12:04:49,SPX,7678.46,7726.43,7680.0,494,1252,0.1237,0.003185
2026-08-20 12:04:49,SPX,7678.46,7726.43,7675.0,494,1199,0.1256,0.003185
2026-08-20 12:04:49,SPX,7678.46,7726.43,7685.0,468,3622,0.122,0.003185
2026-08-20 12:04:49,SPX,7678.46,7726.43,7670.0,363,1520,0.1285,0.003185
2026-08-20 12:04:49,SPX,7678.46,7726.43,7690.0,380,1216,0.1202,0.003185
2026-08-20 12:04:49,SPX,7678.46,7726.43,7665.0,124,2717,0.1303,0.003185
2026-08-20 12:04:49,SPX,7678.46,7726.43,7695.0,487,2005,0.1185,0.003185
2026-08-20 12:04:49,SPX,7678.46,7726.43,7660.0,1056,1244,0.1317,0.003185
2026-08-20 12:04:49,SPX,7678.46,7726.43,7700.0,2603,3382,0.117,0.003185
2026-08-20 12:04:49,SPX,7678.46,7726.43,7655.0,137,1120,0.1337,0.003185
2026-08-20 12:04:49,SPX,7678.46,7726.43,7705.0,613,1194,0.1154,0.003185
2026-08-20 12:04:49,SPX,7678.46,7726.43,7650.0,1004,4016,0.1356,0.003185
2026-08-20 12:04:49,SPX,7678.46,7726.43,7710.0,628,1147,0.1139,0.003185
2026-08-20 12:04:49,SPX,7678.46,7726.43,7645.0,167,1204,0.1379,0.003185
2026-08-20 12:04:49,SPX,7678.46,7726.43,7715.0,1054,1154,0.1125,0.003185
2026-08-20 12:04:49,SPX,7678.46,7726.43,7640.0,503,6505,0.1402,0.003185
2026-08-20 12:04:49,SPX,7678.46,7726.43,7720.0,1599,1023,0.1114,0.003185
2026-08-20 12:04:49,SPX,7678.46,7726.43,7635.0,415,1245,0.1418,0.003185
2026-08-20 12:04:49,SPX,7678.46,7726.43,7725.0,1140,1483,0.1106,0.003185
2026-08-20 12:04:49,SPX,7678.46,7726.43,7630.0,243,2000,0.1441,0.003185
2026-08-20 12:04:49,SPX,7678.46,7726.43,7730.0,1069,1009,0.11,0.003185
2026-08-20 12:04:49,SPX,7678.46,7726.43,7625.0,677,2793,0.1468,0.003185
2026-08-20 12:04:49,SPX,7678.46,7726.43,7735.0,510,553,0.1096,0.003185
2026-08-20 12:04:49,SPX,7678.46,7726.43,7620.0,442,3110,0.1483,0.003185
2026-08-20 12:04:49,SPX,7678.46,7726.43,7740.0,864,551,0.1095,0.003185
2026-08-20 12:04:49,SPX,7678.46,7726.43,7615.0,192,870,0.1504,0.003185
2026-08-20 12:04:49,SPX,7678.46,7726.43,7745.0,915,950,0.1096,0.003185
2026-08-20 12:04:49,SPX,7678.46,7726.43,7610.0,441,944,0.1537,0.003185
2026-08-20 12:04:49,SPX,7678.46,7726.43,7750.0,4440,2804,0.11,0.003185
2026-08-20 12:04:49,SPX,7678.46,7726.43,7605.0,239,833,0.1558,0.003185
2026-08-20 12:04:49,SPX,7678.46,7726.43,7755.0,1264,635,0.1106,0.003185
2026-08-20 12:04:49,SPX,7678.46,7726.43,7600.0,1767,6121,0.1561,0.003185
2026-08-20 12:04:49,SPX,7678.46,7726.43,7760.0,1294,753,0.1117,0.003185
2026-08-20 12:04:49,SPX,7678.46,7726.43,7595.0,162,677,0.1583,0.003185
2026-08-20 12:04:49,SPX,7678.46,7726.43,7765.0,1301,406,0.1131,0.003185
2026-08-20 12:04:49,SPX,7678.46,7726.43,7590.0,316,4457,0.1621,0.003185
2026-08-20 12:04:49,SPX,7678.46,7726.43,7770.0,1714,625,0.1148,0.003185
2026-08-20 12:04:49,SPX,7678.46,7726.43,7585.0,298,620,0.1632,0.003185
2026-08-20 12:04:49,SPX,7678.46,7726.43,7775.0,2578,953,0.1166,0.003185
2026-08-20 12:04:49,SPX,7678.46,7726.43,7580.0,1351,1215,0.1648,0.003185
2026-08-20 12:04:49,SPX,7678.46,7726.43,7780.0,1599,1119,0.1186,0.003185
2026-08-20 12:04:49,SPX,7678.46,7726.43,7575.0,1645,871,0.1684,0.003185
2026-08-20 12:04:49,SPX,7678.46,7726.43,7785.0,2313,676,0.1208,0.003185
2026-08-20 12:04:49,SPX,7678.46,7726.43,7570.0,238,662,0.1695,0.003185
2026-08-20 12:04:49,SPX,7678.46,7726.43,7790.0,1501,525,0.1232,0.003185
2026-08-20 12:04:49,SPX,7678.46,7726.43,7565.0,147,965,0.1723,0.003185
2026-08-20 12:04:49,SPX,7678.46,7726.43,7795.0,789,263,0.1256,0.003185
2026-08-20 12:04:49,SPX,7678.46,7726.43,7560.0,619,1030,0.1745,0.003185
2026-08-20 12:04:49,SPX,7678.46,7726.43,7800.0,5359,2039,0.1281,0.003185
2026-08-20 12:04:49,SPX,7678.46,7726.43,7555.0,550,508,0.1767,0.003185
2026-08-20 12:04:49,SPX,7678.46,7726.43,7680.0,169,498,0.091,0.011399
2026-08-20 12:04:49,SPX,7678.46,7726.43,7675.0,163,443,0.0924,0.011399
2026-08-20 12:04:49,SPX,7678.46,7726.43,7685.0,54,167,0.09,0.011399
2026-08-20 12:04:49,SPX,7678.46,7726.43,7670.0,59,846,0.0938,0.011399
2026-08-20 12:04:49,SPX,7678.46,7726.43,7690.0,95,1077,0.0888,0.011399
2026-08-20 12:04:49,SPX,7678.46,7726.43,7665.0,68,534,0.095,0.011399
2026-08-20 12:04:49,SPX,7678.46,7726.43,7695.0,102,171,0.0879,0.011399
2026-08-20 12:04:49,SPX,7678.46,7726.43,7660.0,93,390,0.0959,0.011399
2026-08-20 12:04:49,SPX,7678.46,7726.43,7700.0,542,4254,0.087,0.011399
2026-08-20 12:04:49,SPX,7678.46,7726.43,7655.0,18,189,0.0969,0.011399
2026-08-20 12:04:49,SPX,7678.46,7726.43,7705.0,133,272,0.0862,0.011399
2026-08-20 12:04:49,SPX,7678.46,7726.43,7650.0,222,1213,0.0982,0.011399
2026-08-20 12:04:49,SPX,7678.46,7726.43,7710.0,151,369,0.0855,0.011399
2026-08-20 12:04:49,SPX,7678.46,7726.43,7645.0,21,187,0.0998,0.011399
2026-08-20 12:04:49,SPX,7678.46,7726.43,7715.0,127,311,0.0846,0.011399
2026-08-20 12:04:49,SPX,7678.46,7726.43,7640.0,128,621,0.1012,0.011399
2026-08-20 12:04:49,SPX,7678.46,7726.43,7720.0,443,374,0.0836,0.011399
2026-08-20 12:04:49,SPX,7678.46,7726.43,7635.0,11,307,0.1023,0.011399
2026-08-20 12:04:49,SPX,7678.46,7726.43,7725.0,549,715,0.0826,0.011399
2026-08-20 12:04:49,SPX,7678.46,7726.43,7630.0,138,1777,0.1032,0.011399
2026-08-20 12:04:49,SPX,7678.46,7726.43,7730.0,262,189,0.0817,0.011399
2026-08-20 12:04:49,SPX,7678.46,7726.43,7625.0,599,751,0.1042,0.011399
2026-08-20 12:04:49,SPX,7678.46,7726.43,7735.0,160,224,0.081,0.011399
2026-08-20 12:04:49,SPX,7678.46,7726.43,7620.0,54,1490,0.1056,0.011399
2026-08-20 12:04:49,SPX,7678.46,7726.43,7740.0,872,998,0.0804,0.011399
2026-08-20 12:04:49,SPX,7678.46,7726.43,7615.0,21,1444,0.1071,0.011399
2026-08-20 12:04:49,SPX,7678.46,7726.43,7745.0,160,183,0.0801,0.011399
2026-08-20 12:04:49,SPX,7678.46,7726.43,7610.0,68,425,0.1084,0.011399
2026-08-20 12:04:49,SPX,7678.46,7726.43,7750.0,927,1777,0.0799,0.011399
2026-08-20 12:04:49,SPX,7678.46,7726.43,7605.0,42,454,0.1093,0.011399
2026-08-20 12:04:49,SPX,7678.46,7726.43,7755.0,277,221,0.0796,0.011399
2026-08-20 12:04:49,SPX,7678.46,7726.43,7600.0,410,4182,0.1111,0.011399
2026-08-20 12:04:49,SPX,7678.46,7726.43,7760.0,381,335,0.0794,0.011399
2026-08-20 12:04:49,SPX,7678.46,7726.43,7595.0,2,412,0.1118,0.011399
2026-08-20 12:04:49,SPX,7678.46,7726.43,7765.0,309,143,0.0792,0.011399
2026-08-20 12:04:49,SPX,7678.46,7726.43,7590.0,41,620,0.1134,0.011399
2026-08-20 12:04:49,SPX,7678.46,7726.43,7770.0,487,253,0.079,0.011399
2026-08-20 12:04:49,SPX,7678.46,7726.43,7585.0,4,6196,0.1148,0.011399
2026-08-20 12:04:49,SPX,7678.46,7726.43,7775.0,770,202,0.0788,0.011399
2026-08-20 12:04:49,SPX,7678.46,7726.43,7580.0,108,332,0.1163,0.011399
2026-08-20 12:04:49,SPX,7678.46,7726.43,7780.0,361,217,0.0787,0.011399
2026-08-20 12:04:49,SPX,7678.46,7726.43,7575.0,331,6826,0.1179,0.011399
2026-08-20 12:04:49,SPX,7678.46,7726.43,7785.0,243,133,0.0786,0.011399
2026-08-20 12:04:49,SPX,7678.46,7726.43,7570.0,96,221,0.1193,0.011399
2026-08-20 12:04:49,SPX,7678.46,7726.43,7790.0,503,134,0.0787,0.011399
2026-08-20 12:04:49,SPX,7678.46,7726.43,7565.0,6,205,0.1206,0.011399
2026-08-20 12:04:49,SPX,7678.46,7726.43,7795.0,224,186,0.0788,0.011399
2026-08-20 12:04:49,SPX,7678.46,7726.43,7560.0,111,263,0.1217,0.011399
2026-08-20 12:04:49,SPX,7678.46,7726.43,7800.0,1319,637,0.0791,0.011399
2026-08-20 12:04:49,SPX,7678.46,7726.43,7555.0,4,184,0.1227,0.011399
2026-08-20 12:35:09,SPX,7676.08,7725.61,7675.0,248,2900,0.1297,0.000389
2026-08-20 12:35:09,SPX,7676.08,7725.61,7680.0,151,1657,0.1269,0.000389
2026-08-20 12:35:09,SPX,7676.08,7725.61,7670.0,145,1635,0.1329,0.000389
2026-08-20 12:35:09,SPX,7676.08,7725.61,7685.0,165,1479,0.1256,0.000389
2026-08-20 12:35:09,SPX,7676.08,7725.61,7665.0,145,1673,0.1367,0.000389
2026-08-20 12:35:09,SPX,7676.08,7725.61,7690.0,241,1524,0.1255,0.000389
2026-08-20 12:35:09,SPX,7676.08,7725.61,7660.0,314,2452,0.1407,0.000389
2026-08-20 12:35:09,SPX,7676.08,7725.61,7695.0,413,1964,0.1263,0.000389
2026-08-20 12:35:09,SPX,7676.08,7725.61,7655.0,40,1205,0.1454,0.000389
2026-08-20 12:35:09,SPX,7676.08,7725.61,7700.0,1410,3332,0.1294,0.000389
2026-08-20 12:35:09,SPX,7676.08,7725.61,7650.0,601,4749,0.1497,0.000389
2026-08-20 12:35:09,SPX,7676.08,7725.61,7705.0,562,1314,0.1337,0.000389
2026-08-20 12:35:09,SPX,7676.08,7725.61,7645.0,34,4293,0.1539,0.000389
2026-08-20 12:35:09,SPX,7676.08,7725.61,7710.0,921,1295,0.1399,0.000389
2026-08-20 12:35:09,SPX,7676.08,7725.61,7640.0,118,1914,0.1598,0.000389
2026-08-20 12:35:09,SPX,7676.08,7725.61,7715.0,917,1178,0.1473,0.000389
2026-08-20 12:35:09,SPX,7676.08,7725.61,7635.0,64,2360,0.1641,0.000389
2026-08-20 12:35:09,SPX,7676.08,7725.61,7720.0,725,828,0.1555,0.000389
2026-08-20 12:35:09,SPX,7676.08,7725.61,7630.0,152,1671,0.1747,0.000389
2026-08-20 12:35:09,SPX,7676.08,7725.61,7725.0,1460,956,0.1644,0.000389
2026-08-20 12:35:09,SPX,7676.08,7725.61,7625.0,187,2860,0.1817,0.000389
2026-08-20 12:35:09,SPX,7676.08,7725.61,7730.0,1104,705,0.1738,0.000389
2026-08-20 12:35:09,SPX,7676.08,7725.61,7620.0,71,3498,0.1904,0.000389
2026-08-20 12:35:09,SPX,7676.08,7725.61,7735.0,1039,602,0.1836,0.000389
2026-08-20 12:35:09,SPX,7676.08,7725.61,7615.0,96,1008,0.1974,0.000389
2026-08-20 12:35:09,SPX,7676.08,7725.61,7740.0,2438,735,0.1939,0.000389
2026-08-20 12:35:09,SPX,7676.08,7725.61,7610.0,40,1696,0.2066,0.000389
2026-08-20 12:35:09,SPX,7676.08,7725.61,7745.0,2092,356,0.2045,0.000389
2026-08-20 12:35:09,SPX,7676.08,7725.61,7605.0,154,1517,0.2174,0.000389
2026-08-20 12:35:09,SPX,7676.08,7725.61,7750.0,2597,2057,0.2152,0.000389
2026-08-20 12:35:09,SPX,7676.08,7725.61,7600.0,295,3191,0.2309,0.000389
2026-08-20 12:35:09,SPX,7676.08,7725.61,7755.0,4019,546,0.2258,0.000389
2026-08-20 12:35:09,SPX,7676.08,7725.61,7595.0,34,1449,0.2449,0.000389
2026-08-20 12:35:09,SPX,7676.08,7725.61,7760.0,5014,260,0.236,0.000389
2026-08-20 12:35:09,SPX,7676.08,7725.61,7590.0,53,1389,0.2567,0.000389
2026-08-20 12:35:09,SPX,7676.08,7725.61,7765.0,1600,250,0.2459,0.000389
2026-08-20 12:35:09,SPX,7676.08,7725.61,7585.0,1,10667,0.2663,0.000389
2026-08-20 12:35:09,SPX,7676.08,7725.61,7770.0,3038,300,0.2558,0.000389
2026-08-20 12:35:09,SPX,7676.08,7725.61,7580.0,129,797,0.2746,0.000389
2026-08-20 12:35:09,SPX,7676.08,7725.61,7775.0,3527,298,0.266,0.000389
2026-08-20 12:35:09,SPX,7676.08,7725.61,7575.0,238,1146,0.283,0.000389
2026-08-20 12:35:09,SPX,7676.08,7725.61,7780.0,2197,360,0.2765,0.000389
2026-08-20 12:35:09,SPX,7676.08,7725.61,7570.0,39,4298,0.2921,0.000389
2026-08-20 12:35:09,SPX,7676.08,7725.61,7785.0,2111,194,0.2868,0.000389
2026-08-20 12:35:09,SPX,7676.08,7725.61,7565.0,54,4039,0.3019,0.000389
2026-08-20 12:35:09,SPX,7676.08,7725.61,7790.0,1298,222,0.2964,0.000389
2026-08-20 12:35:09,SPX,7676.08,7725.61,7560.0,44,1642,0.3122,0.000389
2026-08-20 12:35:09,SPX,7676.08,7725.61,7795.0,829,205,0.305,0.000389
2026-08-20 12:35:09,SPX,7676.08,7725.61,7555.0,24,2378,0.3229,0.000389
2026-08-20 12:35:09,SPX,7676.08,7725.61,7800.0,3340,289,0.3125,0.000389
2026-08-20 12:35:09,SPX,7676.08,7725.61,7675.0,494,1199,0.1246,0.003127
2026-08-20 12:35:09,SPX,7676.08,7725.61,7680.0,494,1252,0.1225,0.003127
2026-08-20 12:35:09,SPX,7676.08,7725.61,7670.0,363,1520,0.127,0.003127
2026-08-20 12:35:09,SPX,7676.08,7725.61,7685.0,468,3622,0.1203,0.003127
2026-08-20 12:35:09,SPX,7676.08,7725.61,7665.0,124,2717,0.1288,0.003127
2026-08-20 12:35:09,SPX,7676.08,7725.61,7690.0,380,1216,0.1189,0.003127
2026-08-20 12:35:09,SPX,7676.08,7725.61,7660.0,1056,1244,0.1302,0.003127
2026-08-20 12:35:09,SPX,7676.08,7725.61,7695.0,487,2005,0.1174,0.003127
2026-08-20 12:35:09,SPX,7676.08,7725.61,7655.0,137,1120,0.1322,0.003127
2026-08-20 12:35:09,SPX,7676.08,7725.61,7700.0,2603,3382,0.1159,0.003127
2026-08-20 12:35:09,SPX,7676.08,7725.61,7650.0,1004,4016,0.1344,0.003127
2026-08-20 12:35:09,SPX,7676.08,7725.61,7705.0,613,1194,0.1149,0.003127
2026-08-20 12:35:09,SPX,7676.08,7725.61,7645.0,167,1204,0.1365,0.003127
2026-08-20 12:35:09,SPX,7676.08,7725.61,7710.0,628,1147,0.1141,0.003127
2026-08-20 12:35:09,SPX,7676.08,7725.61,7640.0,503,6505,0.1385,0.003127
2026-08-20 12:35:09,SPX,7676.08,7725.61,7715.0,1054,1154,0.1133,0.003127
2026-08-20 12:35:09,SPX,7676.08,7725.61,7635.0,415,1245,0.141,0.003127
2026-08-20 12:35:09,SPX,7676.08,7725.61,7720.0,1599,1023,0.1119,0.003127
2026-08-20 12:35:09,SPX,7676.08,7725.61,7630.0,243,2000,0.143,0.003127
2026-08-20 12:35:09,SPX,7676.08,7725.61,7725.0,1140,1483,0.1111,0.003127
2026-08-20 12:35:09,SPX,7676.08,7725.61,7625.0,677,2793,0.145,0.003127
2026-08-20 12:35:09,SPX,7676.08,7725.61,7730.0,1069,1009,0.1113,0.003127
2026-08-20 12:35:09,SPX,7676.08,7725.61,7620.0,442,3110,0.1471,0.003127
2026-08-20 12:35:09,SPX,7676.08,7725.61,7735.0,510,553,0.1111,0.003127
2026-08-20 12:35:09,SPX,7676.08,7725.61,7615.0,192,870,0.1496,0.003127
2026-08-20 12:35:09,SPX,7676.08,7725.61,7740.0,864,551,0.1109,0.003127
2026-08-20 12:35:09,SPX,7676.08,7725.61,7610.0,441,944,0.1514,0.003127
2026-08-20 12:35:09,SPX,7676.08,7725.61,7745.0,915,950,0.1111,0.003127
2026-08-20 12:35:09,SPX,7676.08,7725.61,7605.0,239,833,0.1536,0.003127
2026-08-20 12:35:09,SPX,7676.08,7725.61,7750.0,4440,2804,0.1115,0.003127
2026-08-20 12:35:09,SPX,7676.08,7725.61,7600.0,1767,6121,0.1553,0.003127
2026-08-20 12:35:09,SPX,7676.08,7725.61,7755.0,1264,635,0.1123,0.003127
2026-08-20 12:35:09,SPX,7676.08,7725.61,7595.0,162,677,0.1574,0.003127
2026-08-20 12:35:09,SPX,7676.08,7725.61,7760.0,1294,753,0.1133,0.003127
2026-08-20 12:35:09,SPX,7676.08,7725.61,7590.0,316,4457,0.1599,0.003127
2026-08-20 12:35:09,SPX,7676.08,7725.61,7765.0,1301,406,0.1147,0.003127
2026-08-20 12:35:09,SPX,7676.08,7725.61,7585.0,298,620,0.1622,0.003127
2026-08-20 12:35:09,SPX,7676.08,7725.61,7770.0,1714,625,0.1165,0.003127
2026-08-20 12:35:09,SPX,7676.08,7725.61,7580.0,1351,1215,0.1646,0.003127
2026-08-20 12:35:09,SPX,7676.08,7725.61,7775.0,2578,953,0.1186,0.003127
2026-08-20 12:35:09,SPX,7676.08,7725.61,7575.0,1645,871,0.1657,0.003127
2026-08-20 12:35:09,SPX,7676.08,7725.61,7780.0,1599,1119,0.1208,0.003127
2026-08-20 12:35:09,SPX,7676.08,7725.61,7570.0,238,662,0.1693,0.003127
2026-08-20 12:35:09,SPX,7676.08,7725.61,7785.0,2313,676,0.1232,0.003127
2026-08-20 12:35:09,SPX,7676.08,7725.61,7565.0,147,965,0.1706,0.003127
2026-08-20 12:35:09,SPX,7676.08,7725.61,7790.0,1501,525,0.1257,0.003127
2026-08-20 12:35:09,SPX,7676.08,7725.61,7560.0,619,1030,0.1734,0.003127
2026-08-20 12:35:09,SPX,7676.08,7725.61,7795.0,789,263,0.1283,0.003127
2026-08-20 12:35:09,SPX,7676.08,7725.61,7555.0,550,508,0.1752,0.003127
2026-08-20 12:35:09,SPX,7676.08,7725.61,7800.0,5359,2039,0.1309,0.003127
2026-08-20 12:35:09,SPX,7676.08,7725.61,7675.0,163,443,0.0909,0.011341
2026-08-20 12:35:09,SPX,7676.08,7725.61,7680.0,169,498,0.0899,0.011341
2026-08-20 12:35:09,SPX,7676.08,7725.61,7670.0,59,846,0.0923,0.011341
2026-08-20 12:35:09,SPX,7676.08,7725.61,7685.0,54,167,0.0888,0.011341
2026-08-20 12:35:09,SPX,7676.08,7725.61,7665.0,68,534,0.0932,0.011341
2026-08-20 12:35:09,SPX,7676.08,7725.61,7690.0,95,1077,0.0878,0.011341
2026-08-20 12:35:09,SPX,7676.08,7725.61,7660.0,93,390,0.0944,0.011341
2026-08-20 12:35:09,SPX,7676.08,7725.61,7695.0,102,171,0.0867,0.011341
2026-08-20 12:35:09,SPX,7676.08,7725.61,7655.0,18,189,0.0956,0.011341
2026-08-20 12:35:09,SPX,7676.08,7725.61,7700.0,542,4254,0.086,0.011341
2026-08-20 12:35:09,SPX,7676.08,7725.61,7650.0,222,1213,0.0967,0.011341
2026-08-20 12:35:09,SPX,7676.08,7725.61,7705.0,133,272,0.0852,0.011341
2026-08-20 12:35:09,SPX,7676.08,7725.61,7645.0,21,187,0.0983,0.011341
2026-08-20 12:35:09,SPX,7676.08,7725.61,7710.0,151,369,0.0846,0.011341
2026-08-20 12:35:09,SPX,7676.08,7725.61,7640.0,128,621,0.0997,0.011341
2026-08-20 12:35:09,SPX,7676.08,7725.61,7715.0,127,311,0.0841,0.011341
2026-08-20 12:35:09,SPX,7676.08,7725.61,7635.0,11,307,0.1006,0.011341
2026-08-20 12:35:09,SPX,7676.08,7725.61,7720.0,443,374,0.0833,0.011341
2026-08-20 12:35:09,SPX,7676.08,7725.61,7630.0,138,1777,0.1016,0.011341
2026-08-20 12:35:09,SPX,7676.08,7725.61,7725.0,549,715,0.0824,0.011341
2026-08-20 12:35:09,SPX,7676.08,7725.61,7625.0,599,751,0.1029,0.011341
2026-08-20 12:35:09,SPX,7676.08,7725.61,7730.0,262,189,0.0815,0.011341
2026-08-20 12:35:09,SPX,7676.08,7725.61,7620.0,54,1490,0.1047,0.011341
2026-08-20 12:35:09,SPX,7676.08,7725.61,7735.0,160,224,0.0808,0.011341
2026-08-20 12:35:09,SPX,7676.08,7725.61,7615.0,21,1444,0.1063,0.011341
2026-08-20 12:35:09,SPX,7676.08,7725.61,7740.0,872,998,0.0802,0.011341
2026-08-20 12:35:09,SPX,7676.08,7725.61,7610.0,68,425,0.1074,0.011341
2026-08-20 12:35:09,SPX,7676.08,7725.61,7745.0,160,183,0.0798,0.011341
2026-08-20 12:35:09,SPX,7676.08,7725.61,7605.0,42,454,0.1082,0.011341
2026-08-20 12:35:09,SPX,7676.08,7725.61,7750.0,927,1777,0.0796,0.011341
2026-08-20 12:35:09,SPX,7676.08,7725.61,7600.0,410,4182,0.1092,0.011341
2026-08-20 12:35:09,SPX,7676.08,7725.61,7755.0,277,221,0.0795,0.011341
2026-08-20 12:35:09,SPX,7676.08,7725.61,7595.0,2,412,0.1107,0.011341
2026-08-20 12:35:09,SPX,7676.08,7725.61,7760.0,381,335,0.0795,0.011341
2026-08-20 12:35:09,SPX,7676.08,7725.61,7590.0,41,620,0.1122,0.011341
2026-08-20 12:35:09,SPX,7676.08,7725.61,7765.0,309,143,0.0795,0.011341
2026-08-20 12:35:09,SPX,7676.08,7725.61,7585.0,4,6196,0.113,0.011341
2026-08-20 12:35:09,SPX,7676.08,7725.61,7770.0,487,253,0.0795,0.011341
2026-08-20 12:35:09,SPX,7676.08,7725.61,7580.0,108,332,0.1144,0.011341
2026-08-20 12:35:09,SPX,7676.08,7725.61,7775.0,770,202,0.0795,0.011341
2026-08-20 12:35:09,SPX,7676.08,7725.61,7575.0,331,6826,0.1158,0.011341
2026-08-20 12:35:09,SPX,7676.08,7725.61,7780.0,361,217,0.0795,0.011341
2026-08-20 12:35:09,SPX,7676.08,7725.61,7570.0,96,221,0.1173,0.011341
2026-08-20 12:35:09,SPX,7676.08,7725.61,7785.0,243,133,0.0796,0.011341
2026-08-20 12:35:09,SPX,7676.08,7725.61,7565.0,6,205,0.1188,0.011341
2026-08-20 12:35:09,SPX,7676.08,7725.61,7790.0,503,134,0.0797,0.011341
2026-08-20 12:35:09,SPX,7676.08,7725.61,7560.0,111,263,0.1203,0.011341
2026-08-20 12:35:09,SPX,7676.08,7725.61,7795.0,224,186,0.0799,0.011341
2026-08-20 12:35:09,SPX,7676.08,7725.61,7555.0,4,184,0.1217,0.011341
2026-08-20 12:35:09,SPX,7676.08,7725.61,7800.0,1319,637,0.0803,0.011341
2026-08-20 13:05:31,SPX,7679.35,7724.64,7680.0,151,1657,0.1189,0.000332
2026-08-20 13:05:31,SPX,7679.35,7724.64,7675.0,248,2900,0.1217,0.000332
2026-08-20 13:05:31,SPX,7679.35,7724.64,7685.0,165,1479,0.1166,0.000332
2026-08-20 13:05:31,SPX,7679.35,7724.64,7670.0,145,1635,0.1264,0.000332
2026-08-20 13:05:31,SPX,7679.35,7724.64,7690.0,241,1524,0.1161,0.000332
2026-08-20 13:05:31,SPX,7679.35,7724.64,7665.0,145,1673,0.1307,0.000332
2026-08-20 13:05:31,SPX,7679.35,7724.64,7695.0,413,1964,0.117,0.000332
2026-08-20 13:05:31,SPX,7679.35,7724.64,7660.0,314,2452,0.1358,0.000332
2026-08-20 13:05:31,SPX,7679.35,7724.64,7700.0,1410,3332,0.1201,0.000332
2026-08-20 13:05:31,SPX,7679.35,7724.64,7655.0,40,1205,0.1414,0.000332
2026-08-20 13:05:31,SPX,7679.35,7724.64,7705.0,562,1314,0.1261,0.000332
2026-08-20 13:05:31,SPX,7679.35,7724.64,7650.0,601,4749,0.1468,0.000332
2026-08-20 13:05:31,SPX,7679.35,7724.64,7710.0,921,1295,0.1342,0.000332
2026-08-20 13:05:31,SPX,7679.35,7724.64,7645.0,34,4293,0.1525,0.000332
2026-08-20 13:05:31,SPX,7679.35,7724.64,7715.0,917,1178,0.1438,0.000332
2026-08-20 13:05:31,SPX,7679.35,7724.64,7640.0,118,1914,0.1602,0.000332
2026-08-20 13:05:31,SPX,7679.35,7724.64,7720.0,725,828,0.1542,0.000332
2026-08-20 13:05:31,SPX,7679.35,7724.64,7635.0,64,2360,0.1659,0.000332
2026-08-20 13:05:31,SPX,7679.35,7724.64,7725.0,1460,956,0.165,0.000332
2026-08-20 13:05:31,SPX,7679.35,7724.64,7630.0,152,1671,0.1731,0.000332
2026-08-20 13:05:31,SPX,7679.35,7724.64,7730.0,1104,705,0.1759,0.000332
2026-08-20 13:05:31,SPX,7679.35,7724.64,7625.0,187,2860,0.1825,0.000332
2026-08-20 13:05:31,SPX,7679.35,7724.64,7735.0,1039,602,0.1869,0.000332
2026-08-20 13:05:31,SPX,7679.35,7724.64,7620.0,71,3498,0.1953,0.000332
2026-08-20 13:05:31,SPX,7679.35,7724.64,7740.0,2438,735,0.1981,0.000332
2026-08-20 13:05:31,SPX,7679.35,7724.64,7615.0,96,1008,0.208,0.000332
2026-08-20 13:05:31,SPX,7679.35,7724.64,7745.0,2092,356,0.2096,0.000332
2026-08-20 13:05:31,SPX,7679.35,7724.64,7610.0,40,1696,0.2204,0.000332
2026-08-20 13:05:31,SPX,7679.35,7724.64,7750.0,2597,2057,0.2212,0.000332
2026-08-20 13:05:31,SPX,7679.35,7724.64,7605.0,154,1517,0.2323,0.000332
2026-08-20 13:05:31,SPX,7679.35,7724.64,7755.0,4019,546,0.2328,0.000332
2026-08-20 13:05:31,SPX,7679.35,7724.64,7600.0,295,3191,0.2432,0.000332
2026-08-20 13:05:31,SPX,7679.35,7724.64,7760.0,5014,260,0.2444,0.000332
2026-08-20 13:05:31,SPX,7679.35,7724.64,7595.0,34,1449,0.2539,0.000332
2026-08-20 13:05:31,SPX,7679.35,7724.64,7765.0,1600,250,0.256,0.000332
2026-08-20 13:05:31,SPX,7679.35,7724.64,7590.0,53,1389,0.2652,0.000332
2026-08-20 13:05:31,SPX,7679.35,7724.64,7770.0,3038,300,0.2676,0.000332
2026-08-20 13:05:31,SPX,7679.35,7724.64,7585.0,1,10667,0.2773,0.000332
2026-08-20 13:05:31,SPX,7679.35,7724.64,7775.0,3527,298,0.2788,0.000332
2026-08-20 13:05:31,SPX,7679.35,7724.64,7580.0,129,797,0.2901,0.000332
2026-08-20 13:05:31,SPX,7679.35,7724.64,7780.0,2197,360,0.2896,0.000332
2026-08-20 13:05:31,SPX,7679.35,7724.64,7575.0,238,1146,0.3031,0.000332
2026-08-20 13:05:31,SPX,7679.35,7724.64,7785.0,2111,194,0.2996,0.000332
2026-08-20 13:05:31,SPX,7679.35,7724.64,7570.0,39,4298,0.3161,0.000332
2026-08-20 13:05:31,SPX,7679.35,7724.64,7790.0,1298,222,0.3087,0.000332
2026-08-20 13:05:31,SPX,7679.35,7724.64,7565.0,54,4039,0.3289,0.000332
2026-08-20 13:05:31,SPX,7679.35,7724.64,7795.0,829,205,0.3169,0.000332
2026-08-20 13:05:31,SPX,7679.35,7724.64,7560.0,44,1642,0.3414,0.000332
2026-08-20 13:05:31,SPX,7679.35,7724.64,7800.0,3340,289,0.324,0.000332
2026-08-20 13:05:31,SPX,7679.35,7724.64,7555.0,24,2378,0.3538,0.000332
2026-08-20 13:05:31,SPX,7679.35,7724.64,7680.0,494,1252,0.1211,0.00307
2026-08-20 13:05:31,SPX,7679.35,7724.64,7675.0,494,1199,0.1236,0.00307
2026-08-20 13:05:31,SPX,7679.35,7724.64,7685.0,468,3622,0.1196,0.00307
2026-08-20 13:05:31,SPX,7679.35,7724.64,7670.0,363,1520,0.1252,0.00307
2026-08-20 13:05:31,SPX,7679.35,7724.64,7690.0,380,1216,0.1179,0.00307
2026-08-20 13:05:31,SPX,7679.35,7724.64,7665.0,124,2717,0.128,0.00307
2026-08-20 13:05:31,SPX,7679.35,7724.64,7695.0,487,2005,0.1164,0.00307
2026-08-20 13:05:31,SPX,7679.35,7724.64,7660.0,1056,1244,0.1295,0.00307
2026-08-20 13:05:31,SPX,7679.35,7724.64,7700.0,2603,3382,0.115,0.00307
2026-08-20 13:05:31,SPX,7679.35,7724.64,7655.0,137,1120,0.1316,0.00307
2026-08-20 13:05:31,SPX,7679.35,7724.64,7705.0,613,1194,0.1136,0.00307
2026-08-20 13:05:31,SPX,7679.35,7724.64,7650.0,1004,4016,0.1338,0.00307
2026-08-20 13:05:31,SPX,7679.35,7724.64,7710.0,628,1147,0.112,0.00307
2026-08-20 13:05:31,SPX,7679.35,7724.64,7645.0,167,1204,0.1361,0.00307
2026-08-20 13:05:31,SPX,7679.35,7724.64,7715.0,1054,1154,0.111,0.00307
2026-08-20 13:05:31,SPX,7679.35,7724.64,7640.0,503,6505,0.1383,0.00307
2026-08-20 13:05:31,SPX,7679.35,7724.64,7720.0,1599,1023,0.1106,0.00307
2026-08-20 13:05:31,SPX,7679.35,7724.64,7635.0,415,1245,0.1404,0.00307
2026-08-20 13:05:31,SPX,7679.35,7724.64,7725.0,1140,1483,0.11,0.00307
2026-08-20 13:05:31,SPX,7679.35,7724.64,7630.0,243,2000,0.1425,0.00307
2026-08-20 13:05:31,SPX,7679.35,7724.64,7730.0,1069,1009,0.1097,0.00307
2026-08-20 13:05:31,SPX,7679.35,7724.64,7625.0,677,2793,0.1449,0.00307
2026-08-20 13:05:31,SPX,7679.35,7724.64,7735.0,510,553,0.1097,0.00307
2026-08-20 13:05:31,SPX,7679.35,7724.64,7620.0,442,3110,0.1473,0.00307
2026-08-20 13:05:31,SPX,7679.35,7724.64,7740.0,864,551,0.1099,0.00307
2026-08-20 13:05:31,SPX,7679.35,7724.64,7615.0,192,870,0.1511,0.00307
2026-08-20 13:05:31,SPX,7679.35,7724.64,7745.0,915,950,0.1106,0.00307
2026-08-20 13:05:31,SPX,7679.35,7724.64,7610.0,441,944,0.1515,0.00307
2026-08-20 13:05:31,SPX,7679.35,7724.64,7750.0,4440,2804,0.1116,0.00307
2026-08-20 13:05:31,SPX,7679.35,7724.64,7605.0,239,833,0.1542,0.00307
2026-08-20 13:05:31,SPX,7679.35,7724.64,7755.0,1264,635,0.1129,0.00307
2026-08-20 13:05:31,SPX,7679.35,7724.64,7600.0,1767,6121,0.1568,0.00307
2026-08-20 13:05:31,SPX,7679.35,7724.64,7760.0,1294,753,0.1145,0.00307
2026-08-20 13:05:31,SPX,7679.35,7724.64,7595.0,162,677,0.1583,0.00307
2026-08-20 13:05:31,SPX,7679.35,7724.64,7765.0,1301,406,0.1162,0.00307
2026-08-20 13:05:31,SPX,7679.35,7724.64,7590.0,316,4457,0.1622,0.00307
2026-08-20 13:05:31,SPX,7679.35,7724.64,7770.0,1714,625,0.1181,0.00307
2026-08-20 13:05:31,SPX,7679.35,7724.64,7585.0,298,620,0.1629,0.00307
2026-08-20 13:05:31,SPX,7679.35,7724.64,7775.0,2578,953,0.1202,0.00307
2026-08-20 13:05:31,SPX,7679.35,7724.64,7580.0,1351,1215,0.1654,0.00307
2026-08-20 13:05:31,SPX,7679.35,7724.64,7780.0,1599,1119,0.1224,0.00307
2026-08-20 13:05:31,SPX,7679.35,7724.64,7575.0,1645,871,0.1673,0.00307
2026-08-20 13:05:31,SPX,7679.35,7724.64,7785.0,2313,676,0.1247,0.00307
2026-08-20 13:05:31,SPX,7679.35,7724.64,7570.0,238,662,0.1713,0.00307
2026-08-20 13:05:31,SPX,7679.35,7724.64,7790.0,1501,525,0.1271,0.00307
2026-08-20 13:05:31,SPX,7679.35,7724.64,7565.0,147,965,0.1725,0.00307
2026-08-20 13:05:31,SPX,7679.35,7724.64,7795.0,789,263,0.1297,0.00307
2026-08-20 13:05:31,SPX,7679.35,7724.64,7560.0,619,1030,0.1741,0.00307
2026-08-20 13:05:31,SPX,7679.35,7724.64,7800.0,5359,2039,0.1325,0.00307
2026-08-20 13:05:31,SPX,7679.35,7724.64,7555.0,550,508,0.1784,0.00307
2026-08-20 13:05:31,SPX,7679.35,7724.64,7680.0,169,498,0.0883,0.011283
2026-08-20 13:05:31,SPX,7679.35,7724.64,7675.0,163,443,0.0894,0.011283
2026-08-20 13:05:31,SPX,7679.35,7724.64,7685.0,54,167,0.0875,0.011283
2026-08-20 13:05:31,SPX,7679.35,7724.64,7670.0,59,846,0.0904,0.011283
2026-08-20 13:05:31,SPX,7679.35,7724.64,7690.0,95,1077,0.0867,0.011283
2026-08-20 13:05:31,SPX,7679.35,7724.64,7665.0,68,534,0.0918,0.011283
2026-08-20 13:05:31,SPX,7679.35,7724.64,7695.0,102,171,0.0858,0.011283
2026-08-20 13:05:31,SPX,7679.35,7724.64,7660.0,93,390,0.0929,0.011283
2026-08-20 13:05:31,SPX,7679.35,7724.64,7700.0,542,4254,0.085,0.011283
2026-08-20 13:05:31,SPX,7679.35,7724.64,7655.0,18,189,0.0945,0.011283
2026-08-20 13:05:31,SPX,7679.35,7724.64,7705.0,133,272,0.0841,0.011283
2026-08-20 13:05:31,SPX,7679.35,7724.64,7650.0,222,1213,0.0959,0.011283
2026-08-20 13:05:31,SPX,7679.35,7724.64,7710.0,151,369,0.0833,0.011283
2026-08-20 13:05:31,SPX,7679.35,7724.64,7645.0,21,187,0.0972,0.011283
2026-08-20 13:05:31,SPX,7679.35,7724.64,7715.0,127,311,0.0824,0.011283
2026-08-20 13:05:31,SPX,7679.35,7724.64,7640.0,128,621,0.0982,0.011283
2026-08-20 13:05:31,SPX,7679.35,7724.64,7720.0,443,374,0.0815,0.011283
2026-08-20 13:05:31,SPX,7679.35,7724.64,7635.0,11,307,0.0992,0.011283
2026-08-20 13:05:31,SPX,7679.35,7724.64,7725.0,549,715,0.0807,0.011283
2026-08-20 13:05:31,SPX,7679.35,7724.64,7630.0,138,1777,0.1005,0.011283
2026-08-20 13:05:31,SPX,7679.35,7724.64,7730.0,262,189,0.0801,0.011283
2026-08-20 13:05:31,SPX,7679.35,7724.64,7625.0,599,751,0.1021,0.011283
2026-08-20 13:05:31,SPX,7679.35,7724.64,7735.0,160,224,0.0796,0.011283
2026-08-20 13:05:31,SPX,7679.35,7724.64,7620.0,54,1490,0.1037,0.011283
2026-08-20 13:05:31,SPX,7679.35,7724.64,7740.0,872,998,0.0792,0.011283
2026-08-20 13:05:31,SPX,7679.35,7724.64,7615.0,21,1444,0.104,0.011283
2026-08-20 13:05:31,SPX,7679.35,7724.64,7745.0,160,183,0.0785,0.011283
2026-08-20 13:05:31,SPX,7679.35,7724.64,7610.0,68,425,0.1052,0.011283
2026-08-20 13:05:31,SPX,7679.35,7724.64,7750.0,927,1777,0.0784,0.011283
2026-08-20 13:05:31,SPX,7679.35,7724.64,7605.0,42,454,0.1066,0.011283
2026-08-20 13:05:31,SPX,7679.35,7724.64,7755.0,277,221,0.0784,0.011283
2026-08-20 13:05:31,SPX,7679.35,7724.64,7600.0,410,4182,0.1076,0.011283
2026-08-20 13:05:31,SPX,7679.35,7724.64,7760.0,381,335,0.0784,0.011283
2026-08-20 13:05:31,SPX,7679.35,7724.64,7595.0,2,412,0.1089,0.011283
2026-08-20 13:05:31,SPX,7679.35,7724.64,7765.0,309,143,0.0783,0.011283
2026-08-20 13:05:31,SPX,7679.35,7724.64,7590.0,41,620,0.1107,0.011283
2026-08-20 13:05:31,SPX,7679.35,7724.64,7770.0,487,253,0.0783,0.011283
2026-08-20 13:05:31,SPX,7679.35,7724.64,7585.0,4,6196,0.1118,0.011283
2026-08-20 13:05:31,SPX,7679.35,7724.64,7775.0,770,202,0.0782,0.011283
2026-08-20 13:05:31,SPX,7679.35,7724.64,7580.0,108,332,0.1131,0.011283
2026-08-20 13:05:31,SPX,7679.35,7724.64,7780.0,361,217,0.0783,0.011283
2026-08-20 13:05:31,SPX,7679.35,7724.64,7575.0,331,6826,0.1145,0.011283
2026-08-20 13:05:31,SPX,7679.35,7724.64,7785.0,243,133,0.0784,0.011283
2026-08-20 13:05:31,SPX,7679.35,7724.64,7570.0,96,221,0.116,0.011283
2026-08-20 13:05:31,SPX,7679.35,7724.64,7790.0,503,134,0.0786,0.011283
2026-08-20 13:05:31,SPX,7679.35,7724.64,7565.0,6,205,0.1176,0.011283
2026-08-20 13:05:31,SPX,7679.35,7724.64,7795.0,224,186,0.079,0.011283
2026-08-20 13:05:31,SPX,7679.35,7724.64,7560.0,111,263,0.1192,0.011283
2026-08-20 13:05:31,SPX,7679.35,7724.64,7800.0,1319,637,0.0795,0.011283
2026-08-20 13:05:31,SPX,7679.35,7724.64,7555.0,4,184,0.1205,0.011283
2026-08-20 13:35:53,SPX,7664.55,7727.64,7665.0,145,1673,0.1315,0.000274
2026-08-20 13:35:53,SPX,7664.55,7727.64,7660.0,314,2452,0.1355,0.000274
2026-08-20 13:35:53,SPX,7664.55,7727.64,7670.0,145,1635,0.128,0.000274
2026-08-20 13:35:53,SPX,7664.55,7727.64,7655.0,40,1205,0.141,0.000274
2026-08-20 13:35:53,SPX,7664.55,7727.64,7675.0,248,2900,0.1253,0.000274
2026-08-20 13:35:53,SPX,7664.55,7727.64,7650.0,601,4749,0.1467,0.000274
2026-08-20 13:35:53,SPX,7664.55,7727.64,7680.0,151,1657,0.1243,0.000274
2026-08-20 13:35:53,SPX,7664.55,7727.64,7645.0,34,4293,0.1525,0.000274
2026-08-20 13:35:53,SPX,7664.55,7727.64,7685.0,165,1479,0.1257,0.000274
2026-08-20 13:35:53,SPX,7664.55,7727.64,7640.0,118,1914,0.1583,0.000274
2026-08-20 13:35:53,SPX,7664.55,7727.64,7690.0,241,1524,0.129,0.000274
2026-08-20 13:35:53,SPX,7664.55,7727.64,7635.0,64,2360,0.1661,0.000274
2026-08-20 13:35:53,SPX,7664.55,7727.64,7695.0,413,1964,0.1342,0.000274
2026-08-20 13:35:53,SPX,7664.55,7727.64,7630.0,152,1671,0.1731,0.000274
2026-08-20 13:35:53,SPX,7664.55,7727.64,7700.0,1410,3332,0.1419,0.000274
2026-08-20 13:35:53,SPX,7664.55,7727.64,7625.0,187,2860,0.1789,0.000274
2026-08-20 13:35:53,SPX,7664.55,7727.64,7705.0,562,1314,0.1518,0.000274
2026-08-20 13:35:53,SPX,7664.55,7727.64,7620.0,71,3498,0.1861,0.000274
2026-08-20 13:35:53,SPX,7664.55,7727.64,7710.0,921,1295,0.1631,0.000274
2026-08-20 13:35:53,SPX,7664.55,7727.64,7615.0,96,1008,0.1979,0.000274
2026-08-20 13:35:53,SPX,7664.55,7727.64,7715.0,917,1178,0.1753,0.000274
2026-08-20 13:35:53,SPX,7664.55,7727.64,7610.0,40,1696,0.2104,0.000274
2026-08-20 13:35:53,SPX,7664.55,7727.64,7720.0,725,828,0.1881,0.000274
2026-08-20 13:35:53,SPX,7664.55,7727.64,7605.0,154,1517,0.2225,0.000274
2026-08-20 13:35:53,SPX,7664.55,7727.64,7725.0,1460,956,0.2009,0.000274
2026-08-20 13:35:53,SPX,7664.55,7727.64,7600.0,295,3191,0.234,0.000274
2026-08-20 13:35:53,SPX,7664.55,7727.64,7730.0,1104,705,0.2134,0.000274
2026-08-20 13:35:53,SPX,7664.55,7727.64,7595.0,34,1449,0.2452,0.000274
2026-08-20 13:35:53,SPX,7664.55,7727.64,7735.0,1039,602,0.2257,0.000274
2026-08-20 13:35:53,SPX,7664.55,7727.64,7590.0,53,1389,0.2568,0.000274
2026-08-20 13:35:53,SPX,7664.55,7727.64,7740.0,2438,735,0.2377,0.000274
2026-08-20 13:35:53,SPX,7664.55,7727.64,7585.0,1,10667,0.269,0.000274
2026-08-20 13:35:53,SPX,7664.55,7727.64,7745.0,2092,356,0.2497,0.000274
2026-08-20 13:35:53,SPX,7664.55,7727.64,7580.0,129,797,0.2821,0.000274
2026-08-20 13:35:53,SPX,7664.55,7727.64,7750.0,2597,2057,0.2614,0.000274
2026-08-20 13:35:53,SPX,7664.55,7727.64,7575.0,238,1146,0.2959,0.000274
2026-08-20 13:35:53,SPX,7664.55,7727.64,7755.0,4019,546,0.2725,0.000274
2026-08-20 13:35:53,SPX,7664.55,7727.64,7570.0,39,4298,0.3102,0.000274
2026-08-20 13:35:53,SPX,7664.55,7727.64,7760.0,5014,260,0.2829,0.000274
2026-08-20 13:35:53,SPX,7664.55,7727.64,7565.0,54,4039,0.3248,0.000274
2026-08-20 13:35:53,SPX,7664.55,7727.64,7765.0,1600,250,0.2927,0.000274
2026-08-20 13:35:53,SPX,7664.55,7727.64,7560.0,44,1642,0.3393,0.000274
2026-08-20 13:35:53,SPX,7664.55,7727.64,7770.0,3038,300,0.3025,0.000274
2026-08-20 13:35:53,SPX,7664.55,7727.64,7555.0,24,2378,0.3535,0.000274
2026-08-20 13:35:53,SPX,7664.55,7727.64,7775.0,3527,298,0.3143,0.000274
2026-08-20 13:35:53,SPX,7664.55,7727.64,7550.0,143,3781,0.3675,0.000274
2026-08-20 13:35:53,SPX,7664.55,7727.64,7780.0,2197,360,0.3249,0.000274
2026-08-20 13:35:53,SPX,7664.55,7727.64,7545.0,9,1540,0.3816,0.000274
2026-08-20 13:35:53,SPX,7664.55,7727.64,7785.0,2111,194,0.3318,0.000274
2026-08-20 13:35:53,SPX,7664.55,7727.64,7540.0,7,2080,0.3956,0.000274
2026-08-20 13:35:53,SPX,7664.55,7727.64,7665.0,124,2717,0.1275,0.003012
2026-08-20 13:35:53,SPX,7664.55,7727.64,7660.0,1056,1244,0.1292,0.003012
2026-08-20 13:35:53,SPX,7664.55,7727.64,7670.0,363,1520,0.1258,0.003012
2026-08-20 13:35:53,SPX,7664.55,7727.64,7655.0,137,1120,0.1312,0.003012
2026-08-20 13:35:53,SPX,7664.55,7727.64,7675.0,494,1199,0.1237,0.003012
2026-08-20 13:35:53,SPX,7664.55,7727.64,7650.0,1004,4016,0.1334,0.003012
2026-08-20 13:35:53,SPX,7664.55,7727.64,7680.0,494,1252,0.1218,0.003012
2026-08-20 13:35:53,SPX,7664.55,7727.64,7645.0,167,1204,0.1356,0.003012
2026-08-20 13:35:53,SPX,7664.55,7727.64,7685.0,468,3622,0.1204,0.003012
2026-08-20 13:35:53,SPX,7664.55,7727.64,7640.0,503,6505,0.1378,0.003012
2026-08-20 13:35:53,SPX,7664.55,7727.64,7690.0,380,1216,0.1185,0.003012
2026-08-20 13:35:53,SPX,7664.55,7727.64,7635.0,415,1245,0.1402,0.003012
2026-08-20 13:35:53,SPX,7664.55,7727.64,7695.0,487,2005,0.1171,0.003012
2026-08-20 13:35:53,SPX,7664.55,7727.64,7630.0,243,2000,0.142,0.003012
2026-08-20 13:35:53,SPX,7664.55,7727.64,7700.0,2603,3382,0.1166,0.003012
2026-08-20 13:35:53,SPX,7664.55,7727.64,7625.0,677,2793,0.1448,0.003012
2026-08-20 13:35:53,SPX,7664.55,7727.64,7705.0,613,1194,0.1156,0.003012
2026-08-20 13:35:53,SPX,7664.55,7727.64,7620.0,442,3110,0.147,0.003012
2026-08-20 13:35:53,SPX,7664.55,7727.64,7710.0,628,1147,0.1146,0.003012
2026-08-20 13:35:53,SPX,7664.55,7727.64,7615.0,192,870,0.1491,0.003012
2026-08-20 13:35:53,SPX,7664.55,7727.64,7715.0,1054,1154,0.1138,0.003012
2026-08-20 13:35:53,SPX,7664.55,7727.64,7610.0,441,944,0.1523,0.003012
2026-08-20 13:35:53,SPX,7664.55,7727.64,7720.0,1599,1023,0.1135,0.003012
2026-08-20 13:35:53,SPX,7664.55,7727.64,7605.0,239,833,0.1532,0.003012
2026-08-20 13:35:53,SPX,7664.55,7727.64,7725.0,1140,1483,0.1136,0.003012
2026-08-20 13:35:53,SPX,7664.55,7727.64,7600.0,1767,6121,0.1551,0.003012
2026-08-20 13:35:53,SPX,7664.55,7727.64,7730.0,1069,1009,0.1139,0.003012
2026-08-20 13:35:53,SPX,7664.55,7727.64,7595.0,162,677,0.1576,0.003012
2026-08-20 13:35:53,SPX,7664.55,7727.64,7735.0,510,553,0.1143,0.003012
2026-08-20 13:35:53,SPX,7664.55,7727.64,7590.0,316,4457,0.1592,0.003012
2026-08-20 13:35:53,SPX,7664.55,7727.64,7740.0,864,551,0.1151,0.003012
2026-08-20 13:35:53,SPX,7664.55,7727.64,7585.0,298,620,0.1617,0.003012
2026-08-20 13:35:53,SPX,7664.55,7727.64,7745.0,915,950,0.1163,0.003012
2026-08-20 13:35:53,SPX,7664.55,7727.64,7580.0,1351,1215,0.1655,0.003012
2026-08-20 13:35:53,SPX,7664.55,7727.64,7750.0,4440,2804,0.1178,0.003012
2026-08-20 13:35:53,SPX,7664.55,7727.64,7575.0,1645,871,0.1674,0.003012
2026-08-20 13:35:53,SPX,7664.55,7727.64,7755.0,1264,635,0.1196,0.003012
2026-08-20 13:35:53,SPX,7664.55,7727.64,7570.0,238,662,0.1682,0.003012
2026-08-20 13:35:53,SPX,7664.55,7727.64,7760.0,1294,753,0.1215,0.003012
2026-08-20 13:35:53,SPX,7664.55,7727.64,7565.0,147,965,0.1721,0.003012
2026-08-20 13:35:53,SPX,7664.55,7727.64,7765.0,1301,406,0.1235,0.003012
2026-08-20 13:35:53,SPX,7664.55,7727.64,7560.0,619,1030,0.1728,0.003012
2026-08-20 13:35:53,SPX,7664.55,7727.64,7770.0,1714,625,0.1256,0.003012
2026-08-20 13:35:53,SPX,7664.55,7727.64,7555.0,550,508,0.176,0.003012
2026-08-20 13:35:53,SPX,7664.55,7727.64,7775.0,2578,953,0.1279,0.003012
2026-08-20 13:35:53,SPX,7664.55,7727.64,7550.0,2088,3669,0.1773,0.003012
2026-08-20 13:35:53,SPX,7664.55,7727.64,7780.0,1599,1119,0.1302,0.003012
2026-08-20 13:35:53,SPX,7664.55,7727.64,7545.0,1012,1497,0.1809,0.003012
2026-08-20 13:35:53,SPX,7664.55,7727.64,7785.0,2313,676,0.1326,0.003012
2026-08-20 13:35:53,SPX,7664.55,7727.64,7540.0,245,1012,0.1833,0.003012
2026-08-20 13:35:53,SPX,7664.55,7727.64,7665.0,68,534,0.0922,0.011225
2026-08-20 13:35:53,SPX,7664.55,7727.64,7660.0,93,390,0.0932,0.011225
2026-08-20 13:35:53,SPX,7664.55,7727.64,7670.0,59,846,0.0909,0.011225
2026-08-20 13:35:53,SPX,7664.55,7727.64,7655.0,18,189,0.0945,0.011225
2026-08-20 13:35:53,SPX,7664.55,7727.64,7675.0,163,443,0.0898,0.011225
2026-08-20 13:35:53,SPX,7664.55,7727.64,7650.0,222,1213,0.0956,0.011225
2026-08-20 13:35:53,SPX,7664.55,7727.64,7680.0,169,498,0.089,0.011225
2026-08-20 13:35:53,SPX,7664.55,7727.64,7645.0,21,187,0.0968,0.011225
2026-08-20 13:35:53,SPX,7664.55,7727.64,7685.0,54,167,0.0881,0.011225
2026-08-20 13:35:53,SPX,7664.55,7727.64,7640.0,128,621,0.0982,0.011225
2026-08-20 13:35:53,SPX,7664.55,7727.64,7690.0,95,1077,0.0873,0.011225
2026-08-20 13:35:53,SPX,7664.55,7727.64,7635.0,11,307,0.0998,0.011225
2026-08-20 13:35:53,SPX,7664.55,7727.64,7695.0,102,171,0.0865,0.011225
2026-08-20 13:35:53,SPX,7664.55,7727.64,7630.0,138,1777,0.1011,0.011225
2026-08-20 13:35:53,SPX,7664.55,7727.64,7700.0,542,4254,0.0857,0.011225
2026-08-20 13:35:53,SPX,7664.55,7727.64,7625.0,599,751,0.102,0.011225
2026-08-20 13:35:53,SPX,7664.55,7727.64,7705.0,133,272,0.0849,0.011225
2026-08-20 13:35:53,SPX,7664.55,7727.64,7620.0,54,1490,0.1029,0.011225
2026-08-20 13:35:53,SPX,7664.55,7727.64,7710.0,151,369,0.0839,0.011225
2026-08-20 13:35:53,SPX,7664.55,7727.64,7615.0,21,1444,0.1043,0.011225
2026-08-20 13:35:53,SPX,7664.55,7727.64,7715.0,127,311,0.083,0.011225
2026-08-20 13:35:53,SPX,7664.55,7727.64,7610.0,68,425,0.1059,0.011225
2026-08-20 13:35:53,SPX,7664.55,7727.64,7720.0,443,374,0.0823,0.011225
2026-08-20 13:35:53,SPX,7664.55,7727.64,7605.0,42,454,0.1075,0.011225
2026-08-20 13:35:53,SPX,7664.55,7727.64,7725.0,549,715,0.0818,0.011225
2026-08-20 13:35:53,SPX,7664.55,7727.64,7600.0,410,4182,0.1087,0.011225
2026-08-20 13:35:53,SPX,7664.55,7727.64,7730.0,262,189,0.0814,0.011225
2026-08-20 13:35:53,SPX,7664.55,7727.64,7595.0,2,412,0.1097,0.011225
2026-08-20 13:35:53,SPX,7664.55,7727.64,7735.0,160,224,0.081,0.011225
2026-08-20 13:35:53,SPX,7664.55,7727.64,7590.0,41,620,0.1107,0.011225
2026-08-20 13:35:53,SPX,7664.55,7727.64,7740.0,872,998,0.0808,0.011225
2026-08-20 13:35:53,SPX,7664.55,7727.64,7585.0,4,6196,0.1121,0.011225
2026-08-20 13:35:53,SPX,7664.55,7727.64,7745.0,160,183,0.0806,0.011225
2026-08-20 13:35:53,SPX,7664.55,7727.64,7580.0,108,332,0.1131,0.011225
2026-08-20 13:35:53,SPX,7664.55,7727.64,7750.0,927,1777,0.0804,0.011225
2026-08-20 13:35:53,SPX,7664.55,7727.64,7575.0,331,6826,0.1147,0.011225
2026-08-20 13:35:53,SPX,7664.55,7727.64,7755.0,277,221,0.0802,0.011225
2026-08-20 13:35:53,SPX,7664.55,7727.64,7570.0,96,221,0.1156,0.011225
2026-08-20 13:35:53,SPX,7664.55,7727.64,7760.0,381,335,0.0801,0.011225
2026-08-20 13:35:53,SPX,7664.55,7727.64,7565.0,6,205,0.1175,0.011225
2026-08-20 13:35:53,SPX,7664.55,7727.64,7765.0,309,143,0.0799,0.011225
2026-08-20 13:35:53,SPX,7664.55,7727.64,7560.0,111,263,0.119,0.011225
2026-08-20 13:35:53,SPX,7664.55,7727.64,7770.0,487,253,0.0799,0.011225
2026-08-20 13:35:53,SPX,7664.55,7727.64,7555.0,4,184,0.1203,0.011225
2026-08-20 13:35:53,SPX,7664.55,7727.64,7775.0,770,202,0.0799,0.011225
2026-08-20 13:35:53,SPX,7664.55,7727.64,7550.0,131,585,0.1217,0.011225
2026-08-20 13:35:53,SPX,7664.55,7727.64,7780.0,361,217,0.08,0.011225
2026-08-20 13:35:53,SPX,7664.55,7727.64,7545.0,2,253,0.123,0.011225
2026-08-20 13:35:53,SPX,7664.55,7727.64,7785.0,243,133,0.0803,0.011225
2026-08-20 13:35:53,SPX,7664.55,7727.64,7540.0,622,92,0.1241,0.011225
2026-08-20 14:06:14,SPX,7659.35,7739.72,7660.0,314,2452,0.1445,0.000216
2026-08-20 14:06:14,SPX,7659.35,7739.72,7655.0,40,1205,0.1484,0.000216
2026-08-20 14:06:14,SPX,7659.35,7739.72,7665.0,145,1673,0.1396,0.000216
2026-08-20 14:06:14,SPX,7659.35,7739.72,7650.0,601,4749,0.1525,0.000216
2026-08-20 14:06:14,SPX,7659.35,7739.72,7670.0,145,1635,0.1373,0.000216
2026-08-20 14:06:14,SPX,7659.35,7739.72,7645.0,34,4293,0.1588,0.000216
2026-08-20 14:06:14,SPX,7659.35,7739.72,7675.0,248,2900,0.1364,0.000216
2026-08-20 14:06:14,SPX,7659.35,7739.72,7640.0,118,1914,0.1658,0.000216
2026-08-20 14:06:14,SPX,7659.35,7739.72,7680.0,151,1657,0.1361,0.000216
2026-08-20 14:06:14,SPX,7659.35,7739.72,7635.0,64,2360,0.1744,0.000216
2026-08-20 14:06:14,SPX,7659.35,7739.72,7685.0,165,1479,0.1398,0.000216
2026-08-20 14:06:14,SPX,7659.35,7739.72,7630.0,152,1671,0.18,0.000216
2026-08-20 14:06:14,SPX,7659.35,7739.72,7690.0,241,1524,0.1464,0.000216
2026-08-20 14:06:14,SPX,7659.35,7739.72,7625.0,187,2860,0.1893,0.000216
2026-08-20 14:06:14,SPX,7659.35,7739.72,7695.0,413,1964,0.1555,0.000216
2026-08-20 14:06:14,SPX,7659.35,7739.72,7620.0,71,3498,0.2,0.000216
2026-08-20 14:06:14,SPX,7659.35,7739.72,7700.0,1410,3332,0.1674,0.000216
2026-08-20 14:06:14,SPX,7659.35,7739.72,7615.0,96,1008,0.2093,0.000216
2026-08-20 14:06:14,SPX,7659.35,7739.72,7705.0,562,1314,0.1816,0.000216
2026-08-20 14:06:14,SPX,7659.35,7739.72,7610.0,40,1696,0.2191,0.000216
2026-08-20 14:06:14,SPX,7659.35,7739.72,7710.0,921,1295,0.1968,0.000216
2026-08-20 14:06:14,SPX,7659.35,7739.72,7605.0,154,1517,0.2291,0.000216
2026-08-20 14:06:14,SPX,7659.35,7739.72,7715.0,917,1178,0.212,0.000216
2026-08-20 14:06:14,SPX,7659.35,7739.72,7600.0,295,3191,0.2393,0.000216
2026-08-20 14:06:14,SPX,7659.35,7739.72,7720.0,725,828,0.2287,0.000216
2026-08-20 14:06:14,SPX,7659.35,7739.72,7595.0,34,1449,0.2509,0.000216
2026-08-20 14:06:14,SPX,7659.35,7739.72,7725.0,1460,956,0.15,0.000216
2026-08-20 14:06:14,SPX,7659.35,7739.72,7590.0,53,1389,0.2641,0.000216
2026-08-20 14:06:14,SPX,7659.35,7739.72,7730.0,1104,705,0.257,0.000216
2026-08-20 14:06:14,SPX,7659.35,7739.72,7585.0,1,10667,0.2784,0.000216
2026-08-20 14:06:14,SPX,7659.35,7739.72,7735.0,1039,602,0.2703,0.000216
2026-08-20 14:06:14,SPX,7659.35,7739.72,7580.0,129,797,0.2932,0.000216
2026-08-20 14:06:14,SPX,7659.35,7739.72,7740.0,2438,735,0.2825,0.000216
2026-08-20 14:06:14,SPX,7659.35,7739.72,7575.0,238,1146,0.308,0.000216
2026-08-20 14:06:14,SPX,7659.35,7739.72,7745.0,2092,356,0.2934,0.000216
2026-08-20 14:06:14,SPX,7659.35,7739.72,7570.0,39,4298,0.3226,0.000216
2026-08-20 14:06:14,SPX,7659.35,7739.72,7760.0,0,260,0.3275,0.000216
2026-08-20 14:06:14,SPX,7659.35,7739.72,7555.0,24,2378,0.3601,0.000216
2026-08-20 14:06:14,SPX,7659.35,7739.72,7765.0,1600,250,0.3452,0.000216
2026-08-20 14:06:14,SPX,7659.35,7739.72,7550.0,143,3781,0.3705,0.000216
2026-08-20 14:06:14,SPX,7659.35,7739.72,7770.0,3038,300,0.3588,0.000216
2026-08-20 14:06:14,SPX,7659.35,7739.72,7545.0,9,1540,0.3804,0.000216
2026-08-20 14:06:14,SPX,7659.35,7739.72,7775.0,3527,298,0.3679,0.000216
2026-08-20 14:06:14,SPX,7659.35,7739.72,7540.0,7,2080,0.3898,0.000216
2026-08-20 14:06:14,SPX,7659.35,7739.72,7780.0,2197,360,0.3735,0.000216
2026-08-20 14:06:14,SPX,7659.35,7739.72,7535.0,36,728,0.3988,0.000216
2026-08-20 14:06:14,SPX,7659.35,7739.72,7660.0,1056,1244,0.1311,0.002954
2026-08-20 14:06:14,SPX,7659.35,7739.72,7655.0,137,1120,0.1333,0.002954
2026-08-20 14:06:14,SPX,7659.35,7739.72,7665.0,124,2717,0.1291,0.002954
2026-08-20 14:06:14,SPX,7659.35,7739.72,7650.0,1004,4016,0.1354,0.002954
2026-08-20 14:06:14,SPX,7659.35,7739.72,7670.0,363,1520,0.1271,0.002954
2026-08-20 14:06:14,SPX,7659.35,7739.72,7645.0,167,1204,0.1374,0.002954
2026-08-20 14:06:14,SPX,7659.35,7739.72,7675.0,494,1199,0.1252,0.002954
2026-08-20 14:06:14,SPX,7659.35,7739.72,7640.0,503,6505,0.1397,0.002954
2026-08-20 14:06:14,SPX,7659.35,7739.72,7680.0,494,1252,0.1234,0.002954
2026-08-20 14:06:14,SPX,7659.35,7739.72,7635.0,415,1245,0.1416,0.002954
2026-08-20 14:06:14,SPX,7659.35,7739.72,7685.0,468,3622,0.1215,0.002954
2026-08-20 14:06:14,SPX,7659.35,7739.72,7630.0,243,2000,0.1436,0.002954
2026-08-20 14:06:14,SPX,7659.35,7739.72,7690.0,380,1216,0.1198,0.002954
2026-08-20 14:06:14,SPX,7659.35,7739.72,7625.0,677,2793,0.1458,0.002954
2026-08-20 14:06:14,SPX,7659.35,7739.72,7695.0,487,2005,0.1183,0.002954
2026-08-20 14:06:14,SPX,7659.35,7739.72,7620.0,442,3110,0.1481,0.002954
2026-08-20 14:06:14,SPX,7659.35,7739.72,7700.0,2603,3382,0.1171,0.002954
2026-08-20 14:06:14,SPX,7659.35,7739.72,7615.0,192,870,0.1502,0.002954
2026-08-20 14:06:14,SPX,7659.35,7739.72,7705.0,613,1194,0.1161,0.002954
2026-08-20 14:06:14,SPX,7659.35,7739.72,7610.0,441,944,0.1525,0.002954
2026-08-20 14:06:14,SPX,7659.35,7739.72,7710.0,628,1147,0.1151,0.002954
2026-08-20 14:06:14,SPX,7659.35,7739.72,7605.0,239,833,0.1549,0.002954
2026-08-20 14:06:14,SPX,7659.35,7739.72,7715.0,1054,1154,0.1147,0.002954
2026-08-20 14:06:14,SPX,7659.35,7739.72,7600.0,1767,6121,0.1565,0.002954
2026-08-20 14:06:14,SPX,7659.35,7739.72,7720.0,1599,1023,0.1146,0.002954
2026-08-20 14:06:14,SPX,7659.35,7739.72,7595.0,162,677,0.1604,0.002954
2026-08-20 14:06:14,SPX,7659.35,7739.72,7725.0,1140,1483,0.1148,0.002954
2026-08-20 14:06:14,SPX,7659.35,7739.72,7590.0,316,4457,0.1609,0.002954
2026-08-20 14:06:14,SPX,7659.35,7739.72,7730.0,1069,1009,0.1153,0.002954
2026-08-20 14:06:14,SPX,7659.35,7739.72,7585.0,298,620,0.1628,0.002954
2026-08-20 14:06:14,SPX,7659.35,7739.72,7735.0,510,553,0.1161,0.002954
2026-08-20 14:06:14,SPX,7659.35,7739.72,7580.0,1351,1215,0.1664,0.002954
2026-08-20 14:06:14,SPX,7659.35,7739.72,7740.0,864,551,0.1172,0.002954
2026-08-20 14:06:14,SPX,7659.35,7739.72,7575.0,1645,871,0.1684,0.002954
2026-08-20 14:06:14,SPX,7659.35,7739.72,7745.0,915,950,0.1185,0.002954
2026-08-20 14:06:14,SPX,7659.35,7739.72,7570.0,238,662,0.1684,0.002954
2026-08-20 14:06:14,SPX,7659.35,7739.72,7750.0,4440,2804,0.1201,0.002954
2026-08-20 14:06:14,SPX,7659.35,7739.72,7565.0,147,965,0.1727,0.002954
2026-08-20 14:06:14,SPX,7659.35,7739.72,7755.0,1264,635,0.1219,0.002954
2026-08-20 14:06:14,SPX,7659.35,7739.72,7560.0,619,1030,0.1741,0.002954
2026-08-20 14:06:14,SPX,7659.35,7739.72,7760.0,1294,753,0.1238,0.002954
2026-08-20 14:06:14,SPX,7659.35,7739.72,7555.0,550,508,0.176,0.002954
2026-08-20 14:06:14,SPX,7659.35,7739.72,7765.0,1301,406,0.1258,0.002954
2026-08-20 14:06:14,SPX,7659.35,7739.72,7550.0,2088,3669,0.1781,0.002954
2026-08-20 14:06:14,SPX,7659.35,7739.72,7770.0,1714,625,0.1279,0.002954
2026-08-20 14:06:14,SPX,7659.35,7739.72,7545.0,1012,1497,0.1815,0.002954
2026-08-20 14:06:14,SPX,7659.35,7739.72,7775.0,2578,953,0.1302,0.002954
2026-08-20 14:06:14,SPX,7659.35,7739.72,7540.0,245,1012,0.1834,0.002954
2026-08-20 14:06:14,SPX,7659.35,7739.72,7780.0,1599,1119,0.1325,0.002954
2026-08-20 14:06:14,SPX,7659.35,7739.72,7535.0,609,1324,0.1848,0.002954
2026-08-20 14:06:14,SPX,7659.35,7739.72,7660.0,93,390,0.0937,0.011168
2026-08-20 14:06:14,SPX,7659.35,7739.72,7655.0,18,189,0.0952,0.011168
2026-08-20 14:06:14,SPX,7659.35,7739.72,7665.0,68,534,0.0927,0.011168
2026-08-20 14:06:14,SPX,7659.35,7739.72,7650.0,222,1213,0.0963,0.011168
2026-08-20 14:06:14,SPX,7659.35,7739.72,7670.0,59,846,0.0914,0.011168
2026-08-20 14:06:14,SPX,7659.35,7739.72,7645.0,21,187,0.0974,0.011168
2026-08-20 14:06:14,SPX,7659.35,7739.72,7675.0,163,443,0.0902,0.011168
2026-08-20 14:06:14,SPX,7659.35,7739.72,7640.0,128,621,0.0985,0.011168
2026-08-20 14:06:14,SPX,7659.35,7739.72,7680.0,169,498,0.0893,0.011168
2026-08-20 14:06:14,SPX,7659.35,7739.72,7635.0,11,307,0.0997,0.011168
2026-08-20 14:06:14,SPX,7659.35,7739.72,7685.0,54,167,0.0883,0.011168
2026-08-20 14:06:14,SPX,7659.35,7739.72,7630.0,138,1777,0.1009,0.011168
2026-08-20 14:06:14,SPX,7659.35,7739.72,7690.0,95,1077,0.0874,0.011168
2026-08-20 14:06:14,SPX,7659.35,7739.72,7625.0,599,751,0.1026,0.011168
2026-08-20 14:06:14,SPX,7659.35,7739.72,7695.0,102,171,0.0866,0.011168
2026-08-20 14:06:14,SPX,7659.35,7739.72,7620.0,54,1490,0.104,0.011168
2026-08-20 14:06:14,SPX,7659.35,7739.72,7700.0,542,4254,0.086,0.011168
2026-08-20 14:06:14,SPX,7659.35,7739.72,7615.0,21,1444,0.1051,0.011168
2026-08-20 14:06:14,SPX,7659.35,7739.72,7705.0,133,272,0.0853,0.011168
2026-08-20 14:06:14,SPX,7659.35,7739.72,7610.0,68,425,0.1061,0.011168
2026-08-20 14:06:14,SPX,7659.35,7739.72,7710.0,151,369,0.0845,0.011168
2026-08-20 14:06:14,SPX,7659.35,7739.72,7605.0,42,454,0.1074,0.011168
2026-08-20 14:06:14,SPX,7659.35,7739.72,7715.0,127,311,0.0836,0.011168
2026-08-20 14:06:14,SPX,7659.35,7739.72,7600.0,410,4182,0.109,0.011168
2026-08-20 14:06:14,SPX,7659.35,7739.72,7720.0,443,374,0.0826,0.011168
2026-08-20 14:06:14,SPX,7659.35,7739.72,7595.0,2,412,0.1104,0.011168
2026-08-20 14:06:14,SPX,7659.35,7739.72,7725.0,549,715,0.0819,0.011168
2026-08-20 14:06:14,SPX,7659.35,7739.72,7590.0,41,620,0.1116,0.011168
2026-08-20 14:06:14,SPX,7659.35,7739.72,7730.0,262,189,0.0814,0.011168
2026-08-20 14:06:14,SPX,7659.35,7739.72,7585.0,4,6196,0.1124,0.011168
2026-08-20 14:06:14,SPX,7659.35,7739.72,7735.0,160,224,0.081,0.011168
2026-08-20 14:06:14,SPX,7659.35,7739.72,7580.0,108,332,0.1138,0.011168
2026-08-20 14:06:14,SPX,7659.35,7739.72,7740.0,872,998,0.0808,0.011168
2026-08-20 14:06:14,SPX,7659.35,7739.72,7575.0,331,6826,0.1147,0.011168
2026-08-20 14:06:14,SPX,7659.35,7739.72,7745.0,160,183,0.0807,0.011168
2026-08-20 14:06:14,SPX,7659.35,7739.72,7570.0,96,221,0.1161,0.011168
2026-08-20 14:06:14,SPX,7659.35,7739.72,7750.0,927,1777,0.0805,0.011168
2026-08-20 14:06:14,SPX,7659.35,7739.72,7565.0,6,205,0.1177,0.011168
2026-08-20 14:06:14,SPX,7659.35,7739.72,7755.0,277,221,0.0804,0.011168
2026-08-20 14:06:14,SPX,7659.35,7739.72,7560.0,111,263,0.1193,0.011168
2026-08-20 14:06:14,SPX,7659.35,7739.72,7760.0,381,335,0.0803,0.011168
2026-08-20 14:06:14,SPX,7659.35,7739.72,7555.0,4,184,0.1207,0.011168
2026-08-20 14:06:14,SPX,7659.35,7739.72,7765.0,309,143,0.0801,0.011168
2026-08-20 14:06:14,SPX,7659.35,7739.72,7550.0,131,585,0.1222,0.011168
2026-08-20 14:06:14,SPX,7659.35,7739.72,7770.0,487,253,0.08,0.011168
2026-08-20 14:06:14,SPX,7659.35,7739.72,7545.0,2,253,0.1234,0.011168
2026-08-20 14:06:14,SPX,7659.35,7739.72,7775.0,770,202,0.08,0.011168
2026-08-20 14:06:14,SPX,7659.35,7739.72,7540.0,622,92,0.1244,0.011168
2026-08-20 14:06:14,SPX,7659.35,7739.72,7780.0,361,217,0.08,0.011168
2026-08-20 14:06:14,SPX,7659.35,7739.72,7535.0,0,189,0.1253,0.011168
2026-08-20 14:36:34,SPX,7652.21,7732.8,7650.0,601,4749,0.1543,0.000159
2026-08-20 14:36:34,SPX,7652.21,7732.8,7655.0,40,1205,0.1492,0.000159
2026-08-20 14:36:34,SPX,7652.21,7732.8,7645.0,34,4293,0.1597,0.000159
2026-08-20 14:36:34,SPX,7652.21,7732.8,7660.0,314,2452,0.1458,0.000159
2026-08-20 14:36:34,SPX,7652.21,7732.8,7640.0,118,1914,0.1661,0.000159
2026-08-20 14:36:34,SPX,7652.21,7732.8,7665.0,145,1673,0.151,0.000159
2026-08-20 14:36:34,SPX,7652.21,7732.8,7635.0,64,2360,0.1657,0.000159
2026-08-20 14:36:34,SPX,7652.21,7732.8,7670.0,145,1635,0.1496,0.000159
2026-08-20 14:36:34,SPX,7652.21,7732.8,7630.0,152,1671,0.1741,0.000159
2026-08-20 14:36:34,SPX,7652.21,7732.8,7675.0,248,2900,0.151,0.000159
2026-08-20 14:36:34,SPX,7652.21,7732.8,7625.0,187,2860,0.1891,0.000159
2026-08-20 14:36:34,SPX,7652.21,7732.8,7680.0,151,1657,0.1634,0.000159
2026-08-20 14:36:34,SPX,7652.21,7732.8,7620.0,71,3498,0.15,0.000159
2026-08-20 14:36:34,SPX,7652.21,7732.8,7685.0,165,1479,0.1692,0.000159
2026-08-20 14:36:34,SPX,7652.21,7732.8,7690.0,241,0,0.1823,0.000159
2026-08-20 14:36:34,SPX,7652.21,7732.8,7610.0,0,1696,0.2307,0.000159
2026-08-20 14:36:34,SPX,7652.21,7732.8,7700.0,0,3332,0.2196,0.000159
2026-08-20 14:36:34,SPX,7652.21,7732.8,7705.0,0,1314,0.2352,0.000159
2026-08-20 14:36:34,SPX,7652.21,7732.8,7595.0,0,1449,0.2683,0.000159
2026-08-20 14:36:34,SPX,7652.21,7732.8,7710.0,921,1295,0.2503,0.000159
2026-08-20 14:36:34,SPX,7652.21,7732.8,7590.0,53,1389,0.283,0.000159
2026-08-20 14:36:34,SPX,7652.21,7732.8,7715.0,917,1178,0.266,0.000159
2026-08-20 14:36:34,SPX,7652.21,7732.8,7585.0,1,10667,0.299,0.000159
2026-08-20 14:36:34,SPX,7652.21,7732.8,7720.0,725,828,0.2825,0.000159
2026-08-20 14:36:34,SPX,7652.21,7732.8,7580.0,129,797,0.3156,0.000159
2026-08-20 14:36:34,SPX,7652.21,7732.8,7725.0,1460,956,0.2991,0.000159
2026-08-20 14:36:34,SPX,7652.21,7732.8,7575.0,238,1146,0.3325,0.000159
2026-08-20 14:36:34,SPX,7652.21,7732.8,7730.0,1104,705,0.3157,0.000159
2026-08-20 14:36:34,SPX,7652.21,7732.8,7570.0,39,4298,0.3487,0.000159
2026-08-20 14:36:34,SPX,7652.21,7732.8,7735.0,1039,602,0.3321,0.000159
2026-08-20 14:36:34,SPX,7652.21,7732.8,7565.0,54,4039,0.364,0.000159
2026-08-20 14:36:34,SPX,7652.21,7732.8,7740.0,2438,735,0.348,0.000159
2026-08-20 14:36:34,SPX,7652.21,7732.8,7560.0,44,1642,0.3775,0.000159
2026-08-20 14:36:34,SPX,7652.21,7732.8,7745.0,2092,356,0.3628,0.000159
2026-08-20 14:36:34,SPX,7652.21,7732.8,7555.0,24,2378,0.3899,0.000159
2026-08-20 14:36:34,SPX,7652.21,7732.8,7750.0,2597,2057,0.3762,0.000159
2026-08-20 14:36:34,SPX,7652.21,7732.8,7550.0,143,3781,0.4014,0.000159
2026-08-20 14:36:34,SPX,7652.21,7732.8,7755.0,4019,546,0.3883,0.000159
2026-08-20 14:36:34,SPX,7652.21,7732.8,7545.0,9,1540,0.4121,0.000159
2026-08-20 14:36:34,SPX,7652.21,7732.8,7760.0,5014,260,0.3994,0.000159
2026-08-20 14:36:34,SPX,7652.21,7732.8,7540.0,7,2080,0.422,0.000159
2026-08-20 14:36:34,SPX,7652.21,7732.8,7765.0,1600,250,0.4099,0.000159
2026-08-20 14:36:34,SPX,7652.21,7732.8,7535.0,36,728,0.4312,0.000159
2026-08-20 14:36:34,SPX,7652.21,7732.8,7770.0,3038,300,0.4177,0.000159
2026-08-20 14:36:34,SPX,7652.21,7732.8,7530.0,155,616,0.4396,0.000159
2026-08-20 14:36:34,SPX,7652.21,7732.8,7775.0,3527,298,0.4226,0.000159
2026-08-20 14:36:34,SPX,7652.21,7732.8,7650.0,1004,4016,0.1391,0.002896
2026-08-20 14:36:34,SPX,7652.21,7732.8,7655.0,137,1120,0.137,0.002896
2026-08-20 14:36:34,SPX,7652.21,7732.8,7645.0,167,1204,0.1414,0.002896
2026-08-20 14:36:34,SPX,7652.21,7732.8,7660.0,1056,1244,0.1348,0.002896
2026-08-20 14:36:34,SPX,7652.21,7732.8,7640.0,503,6505,0.1437,0.002896
2026-08-20 14:36:34,SPX,7652.21,7732.8,7665.0,124,2717,0.1329,0.002896
2026-08-20 14:36:34,SPX,7652.21,7732.8,7635.0,415,1245,0.146,0.002896
2026-08-20 14:36:34,SPX,7652.21,7732.8,7670.0,363,1520,0.131,0.002896
2026-08-20 14:36:34,SPX,7652.21,7732.8,7630.0,243,2000,0.1483,0.002896
2026-08-20 14:36:34,SPX,7652.21,7732.8,7675.0,494,1199,0.1293,0.002896
2026-08-20 14:36:34,SPX,7652.21,7732.8,7625.0,677,2793,0.1502,0.002896
2026-08-20 14:36:34,SPX,7652.21,7732.8,7680.0,494,1252,0.1277,0.002896
2026-08-20 14:36:34,SPX,7652.21,7732.8,7620.0,442,3110,0.1525,0.002896
2026-08-20 14:36:34,SPX,7652.21,7732.8,7685.0,468,3622,0.1262,0.002896
2026-08-20 14:36:34,SPX,7652.21,7732.8,7615.0,192,870,0.1548,0.002896
2026-08-20 14:36:34,SPX,7652.21,7732.8,7690.0,380,1216,0.1246,0.002896
2026-08-20 14:36:34,SPX,7652.21,7732.8,7610.0,441,944,0.1563,0.002896
2026-08-20 14:36:34,SPX,7652.21,7732.8,7695.0,487,2005,0.1233,0.002896
2026-08-20 14:36:34,SPX,7652.21,7732.8,7605.0,239,833,0.1586,0.002896
2026-08-20 14:36:34,SPX,7652.21,7732.8,7700.0,2603,3382,0.1227,0.002896
2026-08-20 14:36:34,SPX,7652.21,7732.8,7600.0,1767,6121,0.1602,0.002896
2026-08-20 14:36:34,SPX,7652.21,7732.8,7705.0,613,1194,0.122,0.002896
2026-08-20 14:36:34,SPX,7652.21,7732.8,7595.0,162,677,0.1628,0.002896
2026-08-20 14:36:34,SPX,7652.21,7732.8,7710.0,628,1147,0.1214,0.002896
2026-08-20 14:36:34,SPX,7652.21,7732.8,7590.0,316,4457,0.1648,0.002896
2026-08-20 14:36:34,SPX,7652.21,7732.8,7715.0,1054,1154,0.1208,0.002896
2026-08-20 14:36:34,SPX,7652.21,7732.8,7585.0,298,620,0.1662,0.002896
2026-08-20 14:36:34,SPX,7652.21,7732.8,7720.0,1599,1023,0.1205,0.002896
2026-08-20 14:36:34,SPX,7652.21,7732.8,7580.0,1351,1215,0.1683,0.002896
2026-08-20 14:36:34,SPX,7652.21,7732.8,7725.0,1140,1483,0.1207,0.002896
2026-08-20 14:36:34,SPX,7652.21,7732.8,7575.0,1645,871,0.1692,0.002896
2026-08-20 14:36:34,SPX,7652.21,7732.8,7730.0,1069,1009,0.1215,0.002896
2026-08-20 14:36:34,SPX,7652.21,7732.8,7570.0,238,662,0.1718,0.002896
2026-08-20 14:36:34,SPX,7652.21,7732.8,7735.0,510,553,0.1228,0.002896
2026-08-20 14:36:34,SPX,7652.21,7732.8,7565.0,147,965,0.1742,0.002896
2026-08-20 14:36:34,SPX,7652.21,7732.8,7740.0,864,551,0.1242,0.002896
2026-08-20 14:36:34,SPX,7652.21,7732.8,7560.0,619,1030,0.1753,0.002896
2026-08-20 14:36:34,SPX,7652.21,7732.8,7745.0,915,950,0.1259,0.002896
2026-08-20 14:36:34,SPX,7652.21,7732.8,7555.0,550,508,0.1783,0.002896
2026-08-20 14:36:34,SPX,7652.21,7732.8,7750.0,4440,2804,0.1277,0.002896
2026-08-20 14:36:34,SPX,7652.21,7732.8,7550.0,2088,3669,0.1795,0.002896
2026-08-20 14:36:34,SPX,7652.21,7732.8,7755.0,1264,635,0.1295,0.002896
2026-08-20 14:36:34,SPX,7652.21,7732.8,7545.0,1012,1497,0.1821,0.002896
2026-08-20 14:36:34,SPX,7652.21,7732.8,7760.0,1294,753,0.1314,0.002896
2026-08-20 14:36:34,SPX,7652.21,7732.8,7540.0,245,1012,0.184,0.002896
2026-08-20 14:36:34,SPX,7652.21,7732.8,7765.0,1301,406,0.1334,0.002896
2026-08-20 14:36:34,SPX,7652.21,7732.8,7535.0,609,1324,0.1863,0.002896
2026-08-20 14:36:34,SPX,7652.21,7732.8,7770.0,1714,625,0.1355,0.002896
2026-08-20 14:36:34,SPX,7652.21,7732.8,7530.0,631,1070,0.1874,0.002896
2026-08-20 14:36:34,SPX,7652.21,7732.8,7775.0,2578,953,0.1377,0.002896
2026-08-20 14:36:34,SPX,7652.21,7732.8,7650.0,222,1213,0.0984,0.01111
2026-08-20 14:36:34,SPX,7652.21,7732.8,7655.0,18,189,0.0971,0.01111
2026-08-20 14:36:34,SPX,7652.21,7732.8,7645.0,21,187,0.1,0.01111
2026-08-20 14:36:34,SPX,7652.21,7732.8,7660.0,93,390,0.0956,0.01111
2026-08-20 14:36:34,SPX,7652.21,7732.8,7640.0,128,621,0.101,0.01111
2026-08-20 14:36:34,SPX,7652.21,7732.8,7665.0,68,534,0.0944,0.01111
2026-08-20 14:36:34,SPX,7652.21,7732.8,7635.0,11,307,0.1024,0.01111
2026-08-20 14:36:34,SPX,7652.21,7732.8,7670.0,59,846,0.0935,0.01111
2026-08-20 14:36:34,SPX,7652.21,7732.8,7630.0,138,1777,0.1037,0.01111
2026-08-20 14:36:34,SPX,7652.21,7732.8,7675.0,163,443,0.0923,0.01111
2026-08-20 14:36:34,SPX,7652.21,7732.8,7625.0,599,751,0.105,0.01111
2026-08-20 14:36:34,SPX,7652.21,7732.8,7680.0,169,498,0.091,0.01111
2026-08-20 14:36:34,SPX,7652.21,7732.8,7620.0,54,1490,0.1062,0.01111
2026-08-20 14:36:34,SPX,7652.21,7732.8,7685.0,54,167,0.0899,0.01111
2026-08-20 14:36:34,SPX,7652.21,7732.8,7615.0,21,1444,0.1075,0.01111
2026-08-20 14:36:34,SPX,7652.21,7732.8,7690.0,95,1077,0.089,0.01111
2026-08-20 14:36:34,SPX,7652.21,7732.8,7610.0,68,425,0.1088,0.01111
2026-08-20 14:36:34,SPX,7652.21,7732.8,7695.0,102,171,0.0883,0.01111
2026-08-20 14:36:34,SPX,7652.21,7732.8,7605.0,42,454,0.1103,0.01111
2026-08-20 14:36:34,SPX,7652.21,7732.8,7700.0,542,4254,0.0876,0.01111
2026-08-20 14:36:34,SPX,7652.21,7732.8,7600.0,410,4182,0.1119,0.01111
2026-08-20 14:36:34,SPX,7652.21,7732.8,7705.0,133,272,0.0869,0.01111
2026-08-20 14:36:34,SPX,7652.21,7732.8,7595.0,2,412,0.1127,0.01111
2026-08-20 14:36:34,SPX,7652.21,7732.8,7710.0,151,369,0.086,0.01111
2026-08-20 14:36:34,SPX,7652.21,7732.8,7590.0,41,620,0.1142,0.01111
2026-08-20 14:36:34,SPX,7652.21,7732.8,7715.0,127,311,0.0852,0.01111
2026-08-20 14:36:34,SPX,7652.21,7732.8,7585.0,4,6196,0.1151,0.01111
2026-08-20 14:36:34,SPX,7652.21,7732.8,7720.0,443,374,0.0844,0.01111
2026-08-20 14:36:34,SPX,7652.21,7732.8,7580.0,108,332,0.1164,0.01111
2026-08-20 14:36:34,SPX,7652.21,7732.8,7725.0,549,715,0.0836,0.01111
2026-08-20 14:36:34,SPX,7652.21,7732.8,7575.0,331,6826,0.1177,0.01111
2026-08-20 14:36:34,SPX,7652.21,7732.8,7730.0,262,189,0.0831,0.01111
2026-08-20 14:36:34,SPX,7652.21,7732.8,7570.0,96,221,0.1189,0.01111
2026-08-20 14:36:34,SPX,7652.21,7732.8,7735.0,160,224,0.0826,0.01111
2026-08-20 14:36:34,SPX,7652.21,7732.8,7565.0,6,205,0.1203,0.01111
2026-08-20 14:36:34,SPX,7652.21,7732.8,7740.0,872,998,0.0823,0.01111
2026-08-20 14:36:34,SPX,7652.21,7732.8,7560.0,111,263,0.1217,0.01111
2026-08-20 14:36:34,SPX,7652.21,7732.8,7745.0,160,183,0.0821,0.01111
2026-08-20 14:36:34,SPX,7652.21,7732.8,7555.0,4,184,0.1231,0.01111
2026-08-20 14:36:34,SPX,7652.21,7732.8,7750.0,927,1777,0.0821,0.01111
2026-08-20 14:36:34,SPX,7652.21,7732.8,7550.0,131,585,0.1245,0.01111
2026-08-20 14:36:34,SPX,7652.21,7732.8,7755.0,277,221,0.082,0.01111
2026-08-20 14:36:34,SPX,7652.21,7732.8,7545.0,2,253,0.1258,0.01111
2026-08-20 14:36:34,SPX,7652.21,7732.8,7760.0,381,335,0.082,0.01111
2026-08-20 14:36:34,SPX,7652.21,7732.8,7540.0,622,92,0.1271,0.01111
2026-08-20 14:36:34,SPX,7652.21,7732.8,7765.0,309,143,0.082,0.01111
2026-08-20 14:36:34,SPX,7652.21,7732.8,7535.0,0,189,0.1282,0.01111
2026-08-20 14:36:34,SPX,7652.21,7732.8,7770.0,487,253,0.082,0.01111
2026-08-20 14:36:34,SPX,7652.21,7732.8,7530.0,74,442,0.1293,0.01111
2026-08-20 14:36:34,SPX,7652.21,7732.8,7775.0,770,202,0.0821,0.01111
2026-08-20 15:07:05,SPX,7654.34,7731.06,7655.0,40,1205,0.1527,0.000101
2026-08-20 15:07:05,SPX,7654.34,7731.06,7650.0,601,4749,0.1565,0.000101
2026-08-20 15:07:05,SPX,7654.34,7731.06,7660.0,314,2452,0.1518,0.000101
2026-08-20 15:07:05,SPX,7654.34,7731.06,7645.0,34,4293,0.1613,0.000101
2026-08-20 15:07:05,SPX,7654.34,7731.06,7665.0,145,1673,0.1527,0.000101
2026-08-20 15:07:05,SPX,7654.34,7731.06,7640.0,118,1914,0.1688,0.000101
2026-08-20 15:07:05,SPX,7654.34,7731.06,7670.0,145,1635,0.1564,0.000101
2026-08-20 15:07:05,SPX,7654.34,7731.06,7635.0,64,2360,0.1779,0.000101
2026-08-20 15:07:05,SPX,7654.34,7731.06,7675.0,248,2900,0.1646,0.000101
2026-08-20 15:07:05,SPX,7654.34,7731.06,7630.0,152,1671,0.1903,0.000101
2026-08-20 15:07:05,SPX,7654.34,7731.06,7680.0,151,1657,0.1775,0.000101
2026-08-20 15:07:05,SPX,7654.34,7731.06,7625.0,187,2860,0.2051,0.000101
2026-08-20 15:07:05,SPX,7654.34,7731.06,7685.0,165,1479,0.1949,0.000101
2026-08-20 15:07:05,SPX,7654.34,7731.06,7620.0,71,3498,0.2214,0.000101
2026-08-20 15:07:05,SPX,7654.34,7731.06,7690.0,241,1524,0.216,0.000101
2026-08-20 15:07:05,SPX,7654.34,7731.06,7615.0,96,1008,0.2398,0.000101
2026-08-20 15:07:05,SPX,7654.34,7731.06,7695.0,413,1964,0.24,0.000101
2026-08-20 15:07:05,SPX,7654.34,7731.06,7610.0,40,1696,0.2597,0.000101
2026-08-20 15:07:05,SPX,7654.34,7731.06,7700.0,1410,3332,0.2641,0.000101
2026-08-20 15:07:05,SPX,7654.34,7731.06,7605.0,154,1517,0.2803,0.000101
2026-08-20 15:07:05,SPX,7654.34,7731.06,7705.0,562,1314,0.2873,0.000101
2026-08-20 15:07:05,SPX,7654.34,7731.06,7600.0,295,3191,0.3012,0.000101
2026-08-20 15:07:05,SPX,7654.34,7731.06,7710.0,921,1295,0.3098,0.000101
2026-08-20 15:07:05,SPX,7654.34,7731.06,7595.0,34,1449,0.3219,0.000101
2026-08-20 15:07:05,SPX,7654.34,7731.06,7715.0,917,1178,0.3314,0.000101
2026-08-20 15:07:05,SPX,7654.34,7731.06,7590.0,53,1389,0.342,0.000101
2026-08-20 15:07:05,SPX,7654.34,7731.06,7720.0,725,828,0.3518,0.000101
2026-08-20 15:07:05,SPX,7654.34,7731.06,7585.0,1,10667,0.3605,0.000101
2026-08-20 15:07:05,SPX,7654.34,7731.06,7725.0,1460,956,0.3706,0.000101
2026-08-20 15:07:05,SPX,7654.34,7731.06,7580.0,129,797,0.3771,0.000101
2026-08-20 15:07:05,SPX,7654.34,7731.06,7730.0,1104,705,0.3874,0.000101
2026-08-20 15:07:05,SPX,7654.34,7731.06,7575.0,238,1146,0.3914,0.000101
2026-08-20 15:07:05,SPX,7654.34,7731.06,7735.0,1039,602,0.4022,0.000101
2026-08-20 15:07:05,SPX,7654.34,7731.06,7570.0,39,4298,0.4034,0.000101
2026-08-20 15:07:05,SPX,7654.34,7731.06,7740.0,2438,735,0.4146,0.000101
2026-08-20 15:07:05,SPX,7654.34,7731.06,7565.0,54,4039,0.4131,0.000101
2026-08-20 15:07:05,SPX,7654.34,7731.06,7745.0,2092,356,0.4245,0.000101
2026-08-20 15:07:05,SPX,7654.34,7731.06,7560.0,44,1642,0.4206,0.000101
2026-08-20 15:07:05,SPX,7654.34,7731.06,7750.0,2597,2057,0.4321,0.000101
2026-08-20 15:07:05,SPX,7654.34,7731.06,7555.0,24,2378,0.4265,0.000101
2026-08-20 15:07:05,SPX,7654.34,7731.06,7755.0,4019,546,0.4375,0.000101
2026-08-20 15:07:05,SPX,7654.34,7731.06,7550.0,143,3781,0.4314,0.000101
2026-08-20 15:07:05,SPX,7654.34,7731.06,7760.0,5014,260,0.4412,0.000101
2026-08-20 15:07:05,SPX,7654.34,7731.06,7545.0,9,1540,0.4355,0.000101
2026-08-20 15:07:05,SPX,7654.34,7731.06,7765.0,1600,250,0.4436,0.000101
2026-08-20 15:07:05,SPX,7654.34,7731.06,7540.0,7,2080,0.439,0.000101
2026-08-20 15:07:05,SPX,7654.34,7731.06,7770.0,3038,300,0.4442,0.000101
2026-08-20 15:07:05,SPX,7654.34,7731.06,7535.0,36,728,0.4422,0.000101
2026-08-20 15:07:05,SPX,7654.34,7731.06,7775.0,3527,298,0.4432,0.000101
2026-08-20 15:07:05,SPX,7654.34,7731.06,7530.0,155,616,0.445,0.000101
2026-08-20 15:07:05,SPX,7654.34,7731.06,7655.0,137,1120,0.1365,0.002838
2026-08-20 15:07:05,SPX,7654.34,7731.06,7650.0,1004,4016,0.1387,0.002838
2026-08-20 15:07:05,SPX,7654.34,7731.06,7660.0,1056,1244,0.1344,0.002838
2026-08-20 15:07:05,SPX,7654.34,7731.06,7645.0,167,1204,0.141,0.002838
2026-08-20 15:07:05,SPX,7654.34,7731.06,7665.0,124,2717,0.1324,0.002838
2026-08-20 15:07:05,SPX,7654.34,7731.06,7640.0,503,6505,0.1435,0.002838
2026-08-20 15:07:05,SPX,7654.34,7731.06,7670.0,363,1520,0.1305,0.002838
2026-08-20 15:07:05,SPX,7654.34,7731.06,7635.0,415,1245,0.1453,0.002838
2026-08-20 15:07:05,SPX,7654.34,7731.06,7675.0,494,1199,0.1287,0.002838
2026-08-20 15:07:05,SPX,7654.34,7731.06,7630.0,243,2000,0.1482,0.002838
2026-08-20 15:07:05,SPX,7654.34,7731.06,7680.0,494,1252,0.1269,0.002838
2026-08-20 15:07:05,SPX,7654.34,7731.06,7625.0,677,2793,0.1502,0.002838
2026-08-20 15:07:05,SPX,7654.34,7731.06,7685.0,468,3622,0.1252,0.002838
2026-08-20 15:07:05,SPX,7654.34,7731.06,7620.0,442,3110,0.1521,0.002838
2026-08-20 15:07:05,SPX,7654.34,7731.06,7690.0,380,1216,0.1235,0.002838
2026-08-20 15:07:05,SPX,7654.34,7731.06,7615.0,192,870,0.1546,0.002838
2026-08-20 15:07:05,SPX,7654.34,7731.06,7695.0,487,2005,0.1221,0.002838
2026-08-20 15:07:05,SPX,7654.34,7731.06,7610.0,441,944,0.1572,0.002838
2026-08-20 15:07:05,SPX,7654.34,7731.06,7700.0,2603,3382,0.1208,0.002838
2026-08-20 15:07:05,SPX,7654.34,7731.06,7605.0,239,833,0.1592,0.002838
2026-08-20 15:07:05,SPX,7654.34,7731.06,7705.0,613,1194,0.1195,0.002838
2026-08-20 15:07:05,SPX,7654.34,7731.06,7600.0,1767,6121,0.1611,0.002838
2026-08-20 15:07:05,SPX,7654.34,7731.06,7710.0,628,1147,0.1189,0.002838
2026-08-20 15:07:05,SPX,7654.34,7731.06,7595.0,162,677,0.1637,0.002838
2026-08-20 15:07:05,SPX,7654.34,7731.06,7715.0,1054,1154,0.1189,0.002838
2026-08-20 15:07:05,SPX,7654.34,7731.06,7590.0,316,4457,0.1654,0.002838
2026-08-20 15:07:05,SPX,7654.34,7731.06,7720.0,1599,1023,0.1188,0.002838
2026-08-20 15:07:05,SPX,7654.34,7731.06,7585.0,298,620,0.1692,0.002838
2026-08-20 15:07:05,SPX,7654.34,7731.06,7725.0,1140,1483,0.1186,0.002838
2026-08-20 15:07:05,SPX,7654.34,7731.06,7580.0,1351,1215,0.1694,0.002838
2026-08-20 15:07:05,SPX,7654.34,7731.06,7730.0,1069,1009,0.1189,0.002838
2026-08-20 15:07:05,SPX,7654.34,7731.06,7575.0,1645,871,0.1723,0.002838
2026-08-20 15:07:05,SPX,7654.34,7731.06,7735.0,510,553,0.1198,0.002838
2026-08-20 15:07:05,SPX,7654.34,7731.06,7570.0,238,662,0.1737,0.002838
2026-08-20 15:07:05,SPX,7654.34,7731.06,7740.0,864,551,0.1211,0.002838
2026-08-20 15:07:05,SPX,7654.34,7731.06,7565.0,147,965,0.1777,0.002838
2026-08-20 15:07:05,SPX,7654.34,7731.06,7745.0,915,950,0.1226,0.002838
2026-08-20 15:07:05,SPX,7654.34,7731.06,7560.0,619,1030,0.1775,0.002838
2026-08-20 15:07:05,SPX,7654.34,7731.06,7750.0,4440,2804,0.1243,0.002838
2026-08-20 15:07:05,SPX,7654.34,7731.06,7555.0,550,508,0.1812,0.002838
2026-08-20 15:07:05,SPX,7654.34,7731.06,7755.0,1264,635,0.1262,0.002838
2026-08-20 15:07:05,SPX,7654.34,7731.06,7550.0,2088,3669,0.183,0.002838
2026-08-20 15:07:05,SPX,7654.34,7731.06,7760.0,1294,753,0.1281,0.002838
2026-08-20 15:07:05,SPX,7654.34,7731.06,7545.0,1012,1497,0.1867,0.002838
2026-08-20 15:07:05,SPX,7654.34,7731.06,7765.0,1301,406,0.1301,0.002838
2026-08-20 15:07:05,SPX,7654.34,7731.06,7540.0,245,1012,0.1885,0.002838
2026-08-20 15:07:05,SPX,7654.34,7731.06,7770.0,1714,625,0.1321,0.002838
2026-08-20 15:07:05,SPX,7654.34,7731.06,7535.0,0,1324,0.1905,0.002838
2026-08-20 15:07:05,SPX,7654.34,7731.06,7775.0,2578,953,0.1342,0.002838
2026-08-20 15:07:05,SPX,7654.34,7731.06,7530.0,631,1070,0.193,0.002838
2026-08-20 15:07:05,SPX,7654.34,7731.06,7655.0,18,189,0.0979,0.011052
2026-08-20 15:07:05,SPX,7654.34,7731.06,7650.0,222,1213,0.0993,0.011052
2026-08-20 15:07:05,SPX,7654.34,7731.06,7660.0,93,390,0.0964,0.011052
2026-08-20 15:07:05,SPX,7654.34,7731.06,7645.0,21,187,0.1007,0.011052
2026-08-20 15:07:05,SPX,7654.34,7731.06,7665.0,68,534,0.0953,0.011052
2026-08-20 15:07:05,SPX,7654.34,7731.06,7640.0,128,621,0.102,0.011052
2026-08-20 15:07:05,SPX,7654.34,7731.06,7670.0,59,846,0.0938,0.011052
2026-08-20 15:07:05,SPX,7654.34,7731.06,7635.0,11,307,0.1032,0.011052
2026-08-20 15:07:05,SPX,7654.34,7731.06,7675.0,163,443,0.0928,0.011052
2026-08-20 15:07:05,SPX,7654.34,7731.06,7630.0,138,1777,0.1042,0.011052
2026-08-20 15:07:05,SPX,7654.34,7731.06,7680.0,169,498,0.0916,0.011052
2026-08-20 15:07:05,SPX,7654.34,7731.06,7625.0,599,751,0.1054,0.011052
2026-08-20 15:07:05,SPX,7654.34,7731.06,7685.0,54,167,0.0904,0.011052
2026-08-20 15:07:05,SPX,7654.34,7731.06,7620.0,54,1490,0.107,0.011052
2026-08-20 15:07:05,SPX,7654.34,7731.06,7690.0,95,1077,0.0896,0.011052
2026-08-20 15:07:05,SPX,7654.34,7731.06,7615.0,21,1444,0.1083,0.011052
2026-08-20 15:07:05,SPX,7654.34,7731.06,7695.0,102,171,0.0886,0.011052
2026-08-20 15:07:05,SPX,7654.34,7731.06,7610.0,68,425,0.1095,0.011052
2026-08-20 15:07:05,SPX,7654.34,7731.06,7700.0,542,4254,0.0878,0.011052
2026-08-20 15:07:05,SPX,7654.34,7731.06,7605.0,42,454,0.1115,0.011052
2026-08-20 15:07:05,SPX,7654.34,7731.06,7705.0,133,272,0.087,0.011052
2026-08-20 15:07:05,SPX,7654.34,7731.06,7600.0,410,4182,0.1124,0.011052
2026-08-20 15:07:05,SPX,7654.34,7731.06,7710.0,151,369,0.0863,0.011052
2026-08-20 15:07:05,SPX,7654.34,7731.06,7595.0,2,412,0.1135,0.011052
2026-08-20 15:07:05,SPX,7654.34,7731.06,7715.0,127,311,0.0855,0.011052
2026-08-20 15:07:05,SPX,7654.34,7731.06,7590.0,41,620,0.1152,0.011052
2026-08-20 15:07:05,SPX,7654.34,7731.06,7720.0,443,374,0.0846,0.011052
2026-08-20 15:07:05,SPX,7654.34,7731.06,7585.0,4,6196,0.1163,0.011052
2026-08-20 15:07:05,SPX,7654.34,7731.06,7725.0,549,715,0.0838,0.011052
2026-08-20 15:07:05,SPX,7654.34,7731.06,7580.0,108,332,0.1179,0.011052
2026-08-20 15:07:05,SPX,7654.34,7731.06,7730.0,262,189,0.0831,0.011052
2026-08-20 15:07:05,SPX,7654.34,7731.06,7575.0,331,6826,0.1195,0.011052
2026-08-20 15:07:05,SPX,7654.34,7731.06,7735.0,160,224,0.0827,0.011052
2026-08-20 15:07:05,SPX,7654.34,7731.06,7570.0,96,221,0.1211,0.011052
2026-08-20 15:07:05,SPX,7654.34,7731.06,7740.0,872,998,0.0824,0.011052
2026-08-20 15:07:05,SPX,7654.34,7731.06,7565.0,6,205,0.1225,0.011052
2026-08-20 15:07:05,SPX,7654.34,7731.06,7745.0,160,183,0.0822,0.011052
2026-08-20 15:07:05,SPX,7654.34,7731.06,7560.0,111,263,0.1238,0.011052
2026-08-20 15:07:05,SPX,7654.34,7731.06,7750.0,927,1777,0.082,0.011052
2026-08-20 15:07:05,SPX,7654.34,7731.06,7555.0,4,184,0.125,0.011052
2026-08-20 15:07:05,SPX,7654.34,7731.06,7755.0,277,221,0.0817,0.011052
2026-08-20 15:07:05,SPX,7654.34,7731.06,7550.0,131,585,0.1262,0.011052
2026-08-20 15:07:05,SPX,7654.34,7731.06,7760.0,381,335,0.0814,0.011052
2026-08-20 15:07:05,SPX,7654.34,7731.06,7545.0,2,253,0.1274,0.011052
2026-08-20 15:07:05,SPX,7654.34,7731.06,7765.0,309,143,0.0811,0.011052
2026-08-20 15:07:05,SPX,7654.34,7731.06,7540.0,622,92,0.1286,0.011052
2026-08-20 15:07:05,SPX,7654.34,7731.06,7770.0,487,253,0.0808,0.011052
2026-08-20 15:07:05,SPX,7654.34,7731.06,7535.0,0,189,0.1298,0.011052
2026-08-20 15:07:05,SPX,7654.34,7731.06,7775.0,770,202,0.0806,0.011052
2026-08-20 15:07:05,SPX,7654.34,7731.06,7530.0,74,442,0.1311,0.011052
2026-08-20 15:37:35,SPX,7652.5,7729.79,7650.0,601,4749,0.1773,4.3e-05
2026-08-20 15:37:35,SPX,7652.5,7729.79,7655.0,40,1205,0.1753,4.3e-05
2026-08-20 15:37:35,SPX,7652.5,7729.79,7645.0,34,4293,0.1804,4.3e-05
2026-08-20 15:37:35,SPX,7652.5,7729.79,7660.0,314,2452,0.1759,4.3e-05
2026-08-20 15:37:35,SPX,7652.5,7729.79,7640.0,118,1914,0.1881,4.3e-05
2026-08-20 15:37:35,SPX,7652.5,7729.79,7665.0,145,1673,0.1798,4.3e-05
2026-08-20 15:37:35,SPX,7652.5,7729.79,7635.0,64,2360,0.1992,4.3e-05
2026-08-20 15:37:35,SPX,7652.5,7729.79,7670.0,145,1635,0.1919,4.3e-05
2026-08-20 15:37:35,SPX,7652.5,7729.79,7630.0,152,1671,0.2181,4.3e-05
2026-08-20 15:37:35,SPX,7652.5,7729.79,7675.0,248,2900,0.2125,4.3e-05
2026-08-20 15:37:35,SPX,7652.5,7729.79,7625.0,187,2860,0.244,4.3e-05
2026-08-20 15:37:35,SPX,7652.5,7729.79,7680.0,151,1657,0.2373,4.3e-05
2026-08-20 15:37:35,SPX,7652.5,7729.79,7620.0,71,3498,0.2746,4.3e-05
2026-08-20 15:37:35,SPX,7652.5,7729.79,7685.0,165,1479,0.263,4.3e-05
2026-08-20 15:37:35,SPX,7652.5,7729.79,7615.0,96,1008,0.3072,4.3e-05
2026-08-20 15:37:35,SPX,7652.5,7729.79,7690.0,241,1524,0.2864,4.3e-05
2026-08-20 15:37:35,SPX,7652.5,7729.79,7610.0,40,1696,0.3377,4.3e-05
2026-08-20 15:37:35,SPX,7652.5,7729.79,7695.0,413,1964,0.3067,4.3e-05
2026-08-20 15:37:35,SPX,7652.5,7729.79,7605.0,154,1517,0.3636,4.3e-05
2026-08-20 15:37:35,SPX,7652.5,7729.79,7700.0,1410,3332,0.3239,4.3e-05
2026-08-20 15:37:35,SPX,7652.5,7729.79,7600.0,295,3191,0.3841,4.3e-05
2026-08-20 15:37:35,SPX,7652.5,7729.79,7705.0,562,1314,0.3397,4.3e-05
2026-08-20 15:37:35,SPX,7652.5,7729.79,7595.0,34,1449,0.3994,4.3e-05
2026-08-20 15:37:35,SPX,7652.5,7729.79,7710.0,921,1295,0.3549,4.3e-05
2026-08-20 15:37:35,SPX,7652.5,7729.79,7590.0,53,1389,0.4105,4.3e-05
2026-08-20 15:37:35,SPX,7652.5,7729.79,7715.0,917,1178,0.369,4.3e-05
2026-08-20 15:37:35,SPX,7652.5,7729.79,7585.0,1,10667,0.4182,4.3e-05
2026-08-20 15:37:35,SPX,7652.5,7729.79,7720.0,725,828,0.3815,4.3e-05
2026-08-20 15:37:35,SPX,7652.5,7729.79,7580.0,129,797,0.4238,4.3e-05
2026-08-20 15:37:35,SPX,7652.5,7729.79,7725.0,1460,956,0.3932,4.3e-05
2026-08-20 15:37:35,SPX,7652.5,7729.79,7575.0,238,1146,0.4279,4.3e-05
2026-08-20 15:37:35,SPX,7652.5,7729.79,7730.0,1104,705,0.406,4.3e-05
2026-08-20 15:37:35,SPX,7652.5,7729.79,7570.0,39,4298,0.4311,4.3e-05
2026-08-20 15:37:35,SPX,7652.5,7729.79,7735.0,1039,602,0.4177,4.3e-05
2026-08-20 15:37:35,SPX,7652.5,7729.79,7565.0,54,4039,0.4336,4.3e-05
2026-08-20 15:37:35,SPX,7652.5,7729.79,7740.0,2438,735,0.4235,4.3e-05
2026-08-20 15:37:35,SPX,7652.5,7729.79,7560.0,44,1642,0.4357,4.3e-05
2026-08-20 15:37:35,SPX,7652.5,7729.79,7745.0,2092,356,0.4266,4.3e-05
2026-08-20 15:37:35,SPX,7652.5,7729.79,7555.0,24,2378,0.4374,4.3e-05
2026-08-20 15:37:35,SPX,7652.5,7729.79,7750.0,2597,2057,0.4285,4.3e-05
2026-08-20 15:37:35,SPX,7652.5,7729.79,7550.0,143,3781,0.4388,4.3e-05
2026-08-20 15:37:35,SPX,7652.5,7729.79,7755.0,4019,546,0.4293,4.3e-05
2026-08-20 15:37:35,SPX,7652.5,7729.79,7545.0,9,1540,0.44,4.3e-05
2026-08-20 15:37:35,SPX,7652.5,7729.79,7760.0,5014,260,0.4297,4.3e-05
2026-08-20 15:37:35,SPX,7652.5,7729.79,7540.0,7,2080,0.4409,4.3e-05
2026-08-20 15:37:35,SPX,7652.5,7729.79,7765.0,1600,250,0.4298,4.3e-05
2026-08-20 15:37:35,SPX,7652.5,7729.79,7535.0,36,728,0.4418,4.3e-05
2026-08-20 15:37:35,SPX,7652.5,7729.79,7770.0,3038,300,0.4293,4.3e-05
2026-08-20 15:37:35,SPX,7652.5,7729.79,7530.0,155,616,0.4426,4.3e-05
2026-08-20 15:37:35,SPX,7652.5,7729.79,7775.0,3527,298,0.4283,4.3e-05
2026-08-20 15:37:35,SPX,7652.5,7729.79,7650.0,1004,4016,0.1357,0.00278
2026-08-20 15:37:35,SPX,7652.5,7729.79,7655.0,137,1120,0.1334,0.00278
2026-08-20 15:37:35,SPX,7652.5,7729.79,7645.0,167,1204,0.1379,0.00278
2026-08-20 15:37:35,SPX,7652.5,7729.79,7660.0,1056,1244,0.1312,0.00278
2026-08-20 15:37:35,SPX,7652.5,7729.79,7640.0,503,6505,0.1404,0.00278
2026-08-20 15:37:35,SPX,7652.5,7729.79,7665.0,124,2717,0.129,0.00278
2026-08-20 15:37:35,SPX,7652.5,7729.79,7635.0,415,1245,0.1425,0.00278
2026-08-20 15:37:35,SPX,7652.5,7729.79,7670.0,363,1520,0.1269,0.00278
2026-08-20 15:37:35,SPX,7652.5,7729.79,7630.0,243,2000,0.1448,0.00278
2026-08-20 15:37:35,SPX,7652.5,7729.79,7675.0,494,1199,0.1251,0.00278
2026-08-20 15:37:35,SPX,7652.5,7729.79,7625.0,677,2793,0.1473,0.00278
2026-08-20 15:37:35,SPX,7652.5,7729.79,7680.0,494,1252,0.1231,0.00278
2026-08-20 15:37:35,SPX,7652.5,7729.79,7620.0,442,3110,0.1497,0.00278
2026-08-20 15:37:35,SPX,7652.5,7729.79,7685.0,468,3622,0.1213,0.00278
2026-08-20 15:37:35,SPX,7652.5,7729.79,7615.0,192,870,0.1519,0.00278
2026-08-20 15:37:35,SPX,7652.5,7729.79,7690.0,380,1216,0.1199,0.00278
2026-08-20 15:37:35,SPX,7652.5,7729.79,7610.0,441,944,0.1541,0.00278
2026-08-20 15:37:35,SPX,7652.5,7729.79,7695.0,487,2005,0.1183,0.00278
2026-08-20 15:37:35,SPX,7652.5,7729.79,7605.0,239,833,0.1569,0.00278
2026-08-20 15:37:35,SPX,7652.5,7729.79,7700.0,2603,3382,0.1173,0.00278
2026-08-20 15:37:35,SPX,7652.5,7729.79,7600.0,1767,6121,0.159,0.00278
2026-08-20 15:37:35,SPX,7652.5,7729.79,7705.0,613,1194,0.1168,0.00278
2026-08-20 15:37:35,SPX,7652.5,7729.79,7595.0,162,677,0.16,0.00278
2026-08-20 15:37:35,SPX,7652.5,7729.79,7710.0,628,1147,0.116,0.00278
2026-08-20 15:37:35,SPX,7652.5,7729.79,7590.0,316,4457,0.1626,0.00278
2026-08-20 15:37:35,SPX,7652.5,7729.79,7715.0,1054,1154,0.1156,0.00278
2026-08-20 15:37:35,SPX,7652.5,7729.79,7585.0,298,620,0.1649,0.00278
2026-08-20 15:37:35,SPX,7652.5,7729.79,7720.0,1599,1023,0.1156,0.00278
2026-08-20 15:37:35,SPX,7652.5,7729.79,7580.0,1351,1215,0.1682,0.00278
2026-08-20 15:37:35,SPX,7652.5,7729.79,7725.0,1140,1483,0.116,0.00278
2026-08-20 15:37:35,SPX,7652.5,7729.79,7575.0,1645,871,0.1679,0.00278
2026-08-20 15:37:35,SPX,7652.5,7729.79,7730.0,1069,1009,0.1167,0.00278
2026-08-20 15:37:35,SPX,7652.5,7729.79,7570.0,238,662,0.1703,0.00278
2026-08-20 15:37:35,SPX,7652.5,7729.79,7735.0,510,553,0.1181,0.00278
2026-08-20 15:37:35,SPX,7652.5,7729.79,7565.0,147,965,0.1736,0.00278
2026-08-20 15:37:35,SPX,7652.5,7729.79,7740.0,864,551,0.1201,0.00278
2026-08-20 15:37:35,SPX,7652.5,7729.79,7560.0,619,1030,0.1761,0.00278
2026-08-20 15:37:35,SPX,7652.5,7729.79,7745.0,915,950,0.1226,0.00278
2026-08-20 15:37:35,SPX,7652.5,7729.79,7555.0,550,508,0.177,0.00278
2026-08-20 15:37:35,SPX,7652.5,7729.79,7750.0,4440,2804,0.1253,0.00278
2026-08-20 15:37:35,SPX,7652.5,7729.79,7550.0,2088,3669,0.1792,0.00278
2026-08-20 15:37:35,SPX,7652.5,7729.79,7755.0,1264,635,0.1279,0.00278
2026-08-20 15:37:35,SPX,7652.5,7729.79,7545.0,1012,1497,0.1825,0.00278
2026-08-20 15:37:35,SPX,7652.5,7729.79,7760.0,1294,753,0.1305,0.00278
2026-08-20 15:37:35,SPX,7652.5,7729.79,7540.0,245,1012,0.1832,0.00278
2026-08-20 15:37:35,SPX,7652.5,7729.79,7765.0,1301,406,0.1331,0.00278
2026-08-20 15:37:35,SPX,7652.5,7729.79,7535.0,609,1324,0.1871,0.00278
2026-08-20 15:37:35,SPX,7652.5,7729.79,7770.0,1714,625,0.1356,0.00278
2026-08-20 15:37:35,SPX,7652.5,7729.79,7530.0,631,1070,0.1882,0.00278
2026-08-20 15:37:35,SPX,7652.5,7729.79,7775.0,2578,953,0.1382,0.00278
2026-08-20 15:37:35,SPX,7652.5,7729.79,7650.0,222,1213,0.0977,0.010994
2026-08-20 15:37:35,SPX,7652.5,7729.79,7655.0,18,189,0.0963,0.010994
2026-08-20 15:37:35,SPX,7652.5,7729.79,7645.0,21,187,0.0987,0.010994
2026-08-20 15:37:35,SPX,7652.5,7729.79,7660.0,93,390,0.095,0.010994
2026-08-20 15:37:35,SPX,7652.5,7729.79,7640.0,128,621,0.1005,0.010994
2026-08-20 15:37:35,SPX,7652.5,7729.79,7665.0,68,534,0.0938,0.010994
2026-08-20 15:37:35,SPX,7652.5,7729.79,7635.0,11,307,0.1016,0.010994
2026-08-20 15:37:35,SPX,7652.5,7729.79,7670.0,59,846,0.0926,0.010994
2026-08-20 15:37:35,SPX,7652.5,7729.79,7630.0,138,1777,0.1027,0.010994
2026-08-20 15:37:35,SPX,7652.5,7729.79,7675.0,163,443,0.0914,0.010994
2026-08-20 15:37:35,SPX,7652.5,7729.79,7625.0,599,751,0.1039,0.010994
2026-08-20 15:37:35,SPX,7652.5,7729.79,7680.0,169,498,0.0904,0.010994
2026-08-20 15:37:35,SPX,7652.5,7729.79,7620.0,54,1490,0.1055,0.010994
2026-08-20 15:37:35,SPX,7652.5,7729.79,7685.0,54,167,0.0895,0.010994
2026-08-20 15:37:35,SPX,7652.5,7729.79,7615.0,21,1444,0.1072,0.010994
2026-08-20 15:37:35,SPX,7652.5,7729.79,7690.0,95,1077,0.0885,0.010994
2026-08-20 15:37:35,SPX,7652.5,7729.79,7610.0,68,425,0.1085,0.010994
2026-08-20 15:37:35,SPX,7652.5,7729.79,7695.0,102,171,0.0876,0.010994
2026-08-20 15:37:35,SPX,7652.5,7729.79,7605.0,42,454,0.1095,0.010994
2026-08-20 15:37:35,SPX,7652.5,7729.79,7700.0,542,4254,0.0869,0.010994
2026-08-20 15:37:35,SPX,7652.5,7729.79,7600.0,410,4182,0.1108,0.010994
2026-08-20 15:37:35,SPX,7652.5,7729.79,7705.0,133,272,0.086,0.010994
2026-08-20 15:37:35,SPX,7652.5,7729.79,7595.0,2,412,0.1121,0.010994
2026-08-20 15:37:35,SPX,7652.5,7729.79,7710.0,151,369,0.085,0.010994
2026-08-20 15:37:35,SPX,7652.5,7729.79,7590.0,41,620,0.1138,0.010994
2026-08-20 15:37:35,SPX,7652.5,7729.79,7715.0,127,311,0.0828,0.010994
2026-08-20 15:37:35,SPX,7652.5,7729.79,7585.0,4,6196,0.1136,0.010994
2026-08-20 15:37:35,SPX,7652.5,7729.79,7720.0,443,374,0.0821,0.010994
2026-08-20 15:37:35,SPX,7652.5,7729.79,7580.0,108,332,0.1152,0.010994
2026-08-20 15:37:35,SPX,7652.5,7729.79,7725.0,549,715,0.0816,0.010994
2026-08-20 15:37:35,SPX,7652.5,7729.79,7575.0,331,6826,0.1164,0.010994
2026-08-20 15:37:35,SPX,7652.5,7729.79,7730.0,262,189,0.0812,0.010994
2026-08-20 15:37:35,SPX,7652.5,7729.79,7570.0,96,221,0.1177,0.010994
2026-08-20 15:37:35,SPX,7652.5,7729.79,7735.0,160,224,0.0809,0.010994
2026-08-20 15:37:35,SPX,7652.5,7729.79,7565.0,6,205,0.1192,0.010994
2026-08-20 15:37:35,SPX,7652.5,7729.79,7740.0,872,998,0.0805,0.010994
2026-08-20 15:37:35,SPX,7652.5,7729.79,7560.0,111,263,0.1207,0.010994
2026-08-20 15:37:35,SPX,7652.5,7729.79,7745.0,160,183,0.0802,0.010994
2026-08-20 15:37:35,SPX,7652.5,7729.79,7555.0,4,184,0.1222,0.010994
2026-08-20 15:37:35,SPX,7652.5,7729.79,7750.0,927,1777,0.08,0.010994
2026-08-20 15:37:35,SPX,7652.5,7729.79,7550.0,131,585,0.1236,0.010994
2026-08-20 15:37:35,SPX,7652.5,7729.79,7755.0,277,221,0.0798,0.010994
2026-08-20 15:37:35,SPX,7652.5,7729.79,7545.0,2,253,0.1248,0.010994
2026-08-20 15:37:35,SPX,7652.5,7729.79,7760.0,381,335,0.0796,0.010994
2026-08-20 15:37:35,SPX,7652.5,7729.79,7540.0,622,92,0.1259,0.010994
2026-08-20 15:37:35,SPX,7652.5,7729.79,7765.0,309,143,0.0796,0.010994
2026-08-20 15:37:35,SPX,7652.5,7729.79,7535.0,0,189,0.127,0.010994
2026-08-20 15:37:35,SPX,7652.5,7729.79,7770.0,487,253,0.0797,0.010994
2026-08-20 15:37:35,SPX,7652.5,7729.79,7530.0,74,442,0.1282,0.010994
2026-08-20 15:37:35,SPX,7652.5,7729.79,7775.0,770,202,0.08,0.010994
